<?xml version="1.0" encoding="UTF-8"?>
<gpx creator="StravaGPX" version="1.1" xmlns="http://www.topografix.com/GPX/1/1" xmlns:xsi="http://www.w3.org/2001/XMLSchema-instance" xsi:schemaLocation="http://www.topografix.com/GPX/1/1 http://www.topografix.com/GPX/1/1/gpx.xsd">
 <metadata>
  <time>2020-04-04T12:07:37Z</time>
 </metadata>
 <trk>
  <name>Finally have a helmet!</name>
  <type>cycling</type>
  <trkseg>
   <trkpt lat="51.1184680" lon="-0.5736460">
    <ele>48.9</ele>
    <time>2020-04-04T12:07:37Z</time>
   </trkpt>
   <trkpt lat="51.1184630" lon="-0.5737300">
    <ele>48.8</ele>
    <time>2020-04-04T12:07:39Z</time>
   </trkpt>
   <trkpt lat="51.1184690" lon="-0.5736690">
    <ele>48.8</ele>
    <time>2020-04-04T12:07:40Z</time>
   </trkpt>
   <trkpt lat="51.1184680" lon="-0.5736650">
    <ele>48.8</ele>
    <time>2020-04-04T12:07:41Z</time>
   </trkpt>
   <trkpt lat="51.1184700" lon="-0.5736560">
    <ele>48.8</ele>
    <time>2020-04-04T12:07:42Z</time>
   </trkpt>
   <trkpt lat="51.1184710" lon="-0.5736570">
    <ele>48.8</ele>
    <time>2020-04-04T12:07:44Z</time>
   </trkpt>
   <trkpt lat="51.1184720" lon="-0.5736580">
    <ele>48.8</ele>
    <time>2020-04-04T12:07:45Z</time>
   </trkpt>
   <trkpt lat="51.1184720" lon="-0.5736590">
    <ele>48.8</ele>
    <time>2020-04-04T12:07:46Z</time>
   </trkpt>
   <trkpt lat="51.1184740" lon="-0.5736600">
    <ele>48.8</ele>
    <time>2020-04-04T12:07:48Z</time>
   </trkpt>
   <trkpt lat="51.1184750" lon="-0.5736610">
    <ele>48.8</ele>
    <time>2020-04-04T12:07:49Z</time>
   </trkpt>
   <trkpt lat="51.1184790" lon="-0.5737050">
    <ele>48.7</ele>
    <time>2020-04-04T12:07:50Z</time>
   </trkpt>
   <trkpt lat="51.1184720" lon="-0.5737160">
    <ele>48.7</ele>
    <time>2020-04-04T12:07:52Z</time>
   </trkpt>
   <trkpt lat="51.1184680" lon="-0.5737110">
    <ele>48.7</ele>
    <time>2020-04-04T12:07:53Z</time>
   </trkpt>
   <trkpt lat="51.1184560" lon="-0.5737070">
    <ele>48.7</ele>
    <time>2020-04-04T12:07:55Z</time>
   </trkpt>
   <trkpt lat="51.1184830" lon="-0.5736670">
    <ele>48.6</ele>
    <time>2020-04-04T12:07:56Z</time>
   </trkpt>
   <trkpt lat="51.1185110" lon="-0.5736350">
    <ele>48.6</ele>
    <time>2020-04-04T12:07:57Z</time>
   </trkpt>
   <trkpt lat="51.1185380" lon="-0.5736100">
    <ele>48.5</ele>
    <time>2020-04-04T12:07:58Z</time>
   </trkpt>
   <trkpt lat="51.1185620" lon="-0.5735800">
    <ele>48.5</ele>
    <time>2020-04-04T12:08:00Z</time>
   </trkpt>
   <trkpt lat="51.1185680" lon="-0.5735710">
    <ele>48.5</ele>
    <time>2020-04-04T12:08:01Z</time>
   </trkpt>
   <trkpt lat="51.1185940" lon="-0.5735160">
    <ele>48.4</ele>
    <time>2020-04-04T12:08:02Z</time>
   </trkpt>
   <trkpt lat="51.1186260" lon="-0.5734660">
    <ele>48.4</ele>
    <time>2020-04-04T12:08:03Z</time>
   </trkpt>
   <trkpt lat="51.1186890" lon="-0.5733640">
    <ele>48.3</ele>
    <time>2020-04-04T12:08:05Z</time>
   </trkpt>
   <trkpt lat="51.1187260" lon="-0.5732940">
    <ele>48.2</ele>
    <time>2020-04-04T12:08:06Z</time>
   </trkpt>
   <trkpt lat="51.1187500" lon="-0.5732730">
    <ele>48.2</ele>
    <time>2020-04-04T12:08:07Z</time>
   </trkpt>
   <trkpt lat="51.1187630" lon="-0.5732600">
    <ele>48.2</ele>
    <time>2020-04-04T12:08:08Z</time>
   </trkpt>
   <trkpt lat="51.1186680" lon="-0.5734070">
    <ele>48.3</ele>
    <time>2020-04-04T12:08:09Z</time>
   </trkpt>
   <trkpt lat="51.1190190" lon="-0.5729280">
    <ele>49.0</ele>
    <time>2020-04-04T12:08:11Z</time>
   </trkpt>
   <trkpt lat="51.1190800" lon="-0.5728540">
    <ele>49.1</ele>
    <time>2020-04-04T12:08:13Z</time>
   </trkpt>
   <trkpt lat="51.1191220" lon="-0.5727640">
    <ele>49.2</ele>
    <time>2020-04-04T12:08:14Z</time>
   </trkpt>
   <trkpt lat="51.1192000" lon="-0.5725830">
    <ele>49.3</ele>
    <time>2020-04-04T12:08:16Z</time>
   </trkpt>
   <trkpt lat="51.1191940" lon="-0.5724600">
    <ele>49.4</ele>
    <time>2020-04-04T12:08:17Z</time>
   </trkpt>
   <trkpt lat="51.1191990" lon="-0.5723280">
    <ele>49.4</ele>
    <time>2020-04-04T12:08:19Z</time>
   </trkpt>
   <trkpt lat="51.1191930" lon="-0.5721940">
    <ele>49.5</ele>
    <time>2020-04-04T12:08:20Z</time>
   </trkpt>
   <trkpt lat="51.1191870" lon="-0.5719920">
    <ele>49.6</ele>
    <time>2020-04-04T12:08:22Z</time>
   </trkpt>
   <trkpt lat="51.1191790" lon="-0.5718180">
    <ele>49.6</ele>
    <time>2020-04-04T12:08:24Z</time>
   </trkpt>
   <trkpt lat="51.1191870" lon="-0.5716470">
    <ele>49.8</ele>
    <time>2020-04-04T12:08:26Z</time>
   </trkpt>
   <trkpt lat="51.1192030" lon="-0.5715720">
    <ele>49.9</ele>
    <time>2020-04-04T12:08:27Z</time>
   </trkpt>
   <trkpt lat="51.1192350" lon="-0.5714980">
    <ele>50.1</ele>
    <time>2020-04-04T12:08:29Z</time>
   </trkpt>
   <trkpt lat="51.1192840" lon="-0.5714600">
    <ele>50.2</ele>
    <time>2020-04-04T12:08:30Z</time>
   </trkpt>
   <trkpt lat="51.1194180" lon="-0.5714060">
    <ele>51.4</ele>
    <time>2020-04-04T12:08:32Z</time>
   </trkpt>
   <trkpt lat="51.1195520" lon="-0.5714110">
    <ele>52.0</ele>
    <time>2020-04-04T12:08:34Z</time>
   </trkpt>
   <trkpt lat="51.1196300" lon="-0.5714160">
    <ele>52.3</ele>
    <time>2020-04-04T12:08:35Z</time>
   </trkpt>
   <trkpt lat="51.1197720" lon="-0.5714170">
    <ele>52.8</ele>
    <time>2020-04-04T12:08:37Z</time>
   </trkpt>
   <trkpt lat="51.1198410" lon="-0.5714150">
    <ele>53.0</ele>
    <time>2020-04-04T12:08:38Z</time>
   </trkpt>
   <trkpt lat="51.1199780" lon="-0.5714450">
    <ele>53.6</ele>
    <time>2020-04-04T12:08:40Z</time>
   </trkpt>
   <trkpt lat="51.1200450" lon="-0.5714700">
    <ele>53.9</ele>
    <time>2020-04-04T12:08:41Z</time>
   </trkpt>
   <trkpt lat="51.1201770" lon="-0.5714960">
    <ele>54.5</ele>
    <time>2020-04-04T12:08:43Z</time>
   </trkpt>
   <trkpt lat="51.1202890" lon="-0.5715420">
    <ele>55.1</ele>
    <time>2020-04-04T12:08:45Z</time>
   </trkpt>
   <trkpt lat="51.1203490" lon="-0.5715800">
    <ele>55.4</ele>
    <time>2020-04-04T12:08:46Z</time>
   </trkpt>
   <trkpt lat="51.1204600" lon="-0.5716360">
    <ele>55.9</ele>
    <time>2020-04-04T12:08:48Z</time>
   </trkpt>
   <trkpt lat="51.1205490" lon="-0.5717010">
    <ele>56.2</ele>
    <time>2020-04-04T12:08:50Z</time>
   </trkpt>
   <trkpt lat="51.1205990" lon="-0.5717410">
    <ele>56.4</ele>
    <time>2020-04-04T12:08:51Z</time>
   </trkpt>
   <trkpt lat="51.1206950" lon="-0.5717910">
    <ele>56.6</ele>
    <time>2020-04-04T12:08:53Z</time>
   </trkpt>
   <trkpt lat="51.1207470" lon="-0.5718030">
    <ele>56.7</ele>
    <time>2020-04-04T12:08:54Z</time>
   </trkpt>
   <trkpt lat="51.1208670" lon="-0.5718720">
    <ele>56.8</ele>
    <time>2020-04-04T12:08:56Z</time>
   </trkpt>
   <trkpt lat="51.1209250" lon="-0.5719100">
    <ele>56.7</ele>
    <time>2020-04-04T12:08:57Z</time>
   </trkpt>
   <trkpt lat="51.1210470" lon="-0.5719920">
    <ele>56.4</ele>
    <time>2020-04-04T12:08:59Z</time>
   </trkpt>
   <trkpt lat="51.1211680" lon="-0.5720710">
    <ele>56.1</ele>
    <time>2020-04-04T12:09:01Z</time>
   </trkpt>
   <trkpt lat="51.1212410" lon="-0.5721200">
    <ele>55.9</ele>
    <time>2020-04-04T12:09:02Z</time>
   </trkpt>
   <trkpt lat="51.1213120" lon="-0.5721660">
    <ele>55.8</ele>
    <time>2020-04-04T12:09:03Z</time>
   </trkpt>
   <trkpt lat="51.1213760" lon="-0.5722120">
    <ele>55.7</ele>
    <time>2020-04-04T12:09:04Z</time>
   </trkpt>
   <trkpt lat="51.1214920" lon="-0.5722610">
    <ele>55.6</ele>
    <time>2020-04-04T12:09:06Z</time>
   </trkpt>
   <trkpt lat="51.1215580" lon="-0.5723220">
    <ele>55.6</ele>
    <time>2020-04-04T12:09:07Z</time>
   </trkpt>
   <trkpt lat="51.1216950" lon="-0.5724140">
    <ele>55.7</ele>
    <time>2020-04-04T12:09:09Z</time>
   </trkpt>
   <trkpt lat="51.1217620" lon="-0.5724610">
    <ele>55.8</ele>
    <time>2020-04-04T12:09:10Z</time>
   </trkpt>
   <trkpt lat="51.1218880" lon="-0.5725540">
    <ele>56.0</ele>
    <time>2020-04-04T12:09:12Z</time>
   </trkpt>
   <trkpt lat="51.1220170" lon="-0.5726250">
    <ele>56.3</ele>
    <time>2020-04-04T12:09:14Z</time>
   </trkpt>
   <trkpt lat="51.1220800" lon="-0.5726570">
    <ele>56.4</ele>
    <time>2020-04-04T12:09:15Z</time>
   </trkpt>
   <trkpt lat="51.1222180" lon="-0.5727050">
    <ele>56.6</ele>
    <time>2020-04-04T12:09:17Z</time>
   </trkpt>
   <trkpt lat="51.1222870" lon="-0.5727250">
    <ele>56.7</ele>
    <time>2020-04-04T12:09:18Z</time>
   </trkpt>
   <trkpt lat="51.1223530" lon="-0.5727390">
    <ele>56.7</ele>
    <time>2020-04-04T12:09:19Z</time>
   </trkpt>
   <trkpt lat="51.1224200" lon="-0.5727530">
    <ele>56.7</ele>
    <time>2020-04-04T12:09:20Z</time>
   </trkpt>
   <trkpt lat="51.1225480" lon="-0.5727850">
    <ele>56.8</ele>
    <time>2020-04-04T12:09:22Z</time>
   </trkpt>
   <trkpt lat="51.1226130" lon="-0.5728110">
    <ele>56.8</ele>
    <time>2020-04-04T12:09:23Z</time>
   </trkpt>
   <trkpt lat="51.1227460" lon="-0.5728290">
    <ele>56.8</ele>
    <time>2020-04-04T12:09:25Z</time>
   </trkpt>
   <trkpt lat="51.1228820" lon="-0.5728240">
    <ele>56.8</ele>
    <time>2020-04-04T12:09:27Z</time>
   </trkpt>
   <trkpt lat="51.1230190" lon="-0.5728050">
    <ele>56.8</ele>
    <time>2020-04-04T12:09:29Z</time>
   </trkpt>
   <trkpt lat="51.1231460" lon="-0.5727600">
    <ele>56.7</ele>
    <time>2020-04-04T12:09:31Z</time>
   </trkpt>
   <trkpt lat="51.1232690" lon="-0.5727040">
    <ele>56.7</ele>
    <time>2020-04-04T12:09:33Z</time>
   </trkpt>
   <trkpt lat="51.1233320" lon="-0.5726750">
    <ele>56.7</ele>
    <time>2020-04-04T12:09:34Z</time>
   </trkpt>
   <trkpt lat="51.1233980" lon="-0.5726450">
    <ele>56.6</ele>
    <time>2020-04-04T12:09:35Z</time>
   </trkpt>
   <trkpt lat="51.1234650" lon="-0.5726200">
    <ele>56.6</ele>
    <time>2020-04-04T12:09:36Z</time>
   </trkpt>
   <trkpt lat="51.1236190" lon="-0.5725760">
    <ele>56.1</ele>
    <time>2020-04-04T12:09:38Z</time>
   </trkpt>
   <trkpt lat="51.1237840" lon="-0.5725310">
    <ele>55.4</ele>
    <time>2020-04-04T12:09:40Z</time>
   </trkpt>
   <trkpt lat="51.1238700" lon="-0.5725160">
    <ele>55.0</ele>
    <time>2020-04-04T12:09:41Z</time>
   </trkpt>
   <trkpt lat="51.1239520" lon="-0.5725050">
    <ele>54.6</ele>
    <time>2020-04-04T12:09:42Z</time>
   </trkpt>
   <trkpt lat="51.1240450" lon="-0.5724950">
    <ele>54.1</ele>
    <time>2020-04-04T12:09:43Z</time>
   </trkpt>
   <trkpt lat="51.1242270" lon="-0.5725090">
    <ele>53.1</ele>
    <time>2020-04-04T12:09:45Z</time>
   </trkpt>
   <trkpt lat="51.1243160" lon="-0.5725050">
    <ele>52.9</ele>
    <time>2020-04-04T12:09:46Z</time>
   </trkpt>
   <trkpt lat="51.1243990" lon="-0.5724820">
    <ele>52.8</ele>
    <time>2020-04-04T12:09:47Z</time>
   </trkpt>
   <trkpt lat="51.1245710" lon="-0.5724090">
    <ele>52.8</ele>
    <time>2020-04-04T12:09:49Z</time>
   </trkpt>
   <trkpt lat="51.1246550" lon="-0.5723750">
    <ele>53.0</ele>
    <time>2020-04-04T12:09:50Z</time>
   </trkpt>
   <trkpt lat="51.1248220" lon="-0.5723000">
    <ele>53.3</ele>
    <time>2020-04-04T12:09:52Z</time>
   </trkpt>
   <trkpt lat="51.1249820" lon="-0.5722430">
    <ele>53.7</ele>
    <time>2020-04-04T12:09:54Z</time>
   </trkpt>
   <trkpt lat="51.1250540" lon="-0.5722190">
    <ele>53.9</ele>
    <time>2020-04-04T12:09:55Z</time>
   </trkpt>
   <trkpt lat="51.1251290" lon="-0.5721970">
    <ele>54.2</ele>
    <time>2020-04-04T12:09:56Z</time>
   </trkpt>
   <trkpt lat="51.1252040" lon="-0.5721780">
    <ele>54.6</ele>
    <time>2020-04-04T12:09:57Z</time>
   </trkpt>
   <trkpt lat="51.1252810" lon="-0.5721690">
    <ele>54.9</ele>
    <time>2020-04-04T12:09:58Z</time>
   </trkpt>
   <trkpt lat="51.1253560" lon="-0.5721600">
    <ele>55.5</ele>
    <time>2020-04-04T12:09:59Z</time>
   </trkpt>
   <trkpt lat="51.1254990" lon="-0.5721480">
    <ele>56.5</ele>
    <time>2020-04-04T12:10:01Z</time>
   </trkpt>
   <trkpt lat="51.1255680" lon="-0.5721510">
    <ele>57.0</ele>
    <time>2020-04-04T12:10:02Z</time>
   </trkpt>
   <trkpt lat="51.1256380" lon="-0.5721570">
    <ele>57.5</ele>
    <time>2020-04-04T12:10:03Z</time>
   </trkpt>
   <trkpt lat="51.1257050" lon="-0.5721630">
    <ele>58.1</ele>
    <time>2020-04-04T12:10:04Z</time>
   </trkpt>
   <trkpt lat="51.1258270" lon="-0.5721720">
    <ele>59.1</ele>
    <time>2020-04-04T12:10:06Z</time>
   </trkpt>
   <trkpt lat="51.1258770" lon="-0.5721760">
    <ele>59.3</ele>
    <time>2020-04-04T12:10:07Z</time>
   </trkpt>
   <trkpt lat="51.1259760" lon="-0.5722060">
    <ele>59.6</ele>
    <time>2020-04-04T12:10:09Z</time>
   </trkpt>
   <trkpt lat="51.1260450" lon="-0.5722110">
    <ele>59.8</ele>
    <time>2020-04-04T12:10:11Z</time>
   </trkpt>
   <trkpt lat="51.1261200" lon="-0.5722150">
    <ele>60.1</ele>
    <time>2020-04-04T12:10:13Z</time>
   </trkpt>
   <trkpt lat="51.1262190" lon="-0.5722150">
    <ele>60.4</ele>
    <time>2020-04-04T12:10:15Z</time>
   </trkpt>
   <trkpt lat="51.1263170" lon="-0.5722100">
    <ele>60.6</ele>
    <time>2020-04-04T12:10:17Z</time>
   </trkpt>
   <trkpt lat="51.1263750" lon="-0.5722050">
    <ele>60.7</ele>
    <time>2020-04-04T12:10:18Z</time>
   </trkpt>
   <trkpt lat="51.1264190" lon="-0.5721870">
    <ele>60.8</ele>
    <time>2020-04-04T12:10:19Z</time>
   </trkpt>
   <trkpt lat="51.1265190" lon="-0.5722060">
    <ele>60.9</ele>
    <time>2020-04-04T12:10:21Z</time>
   </trkpt>
   <trkpt lat="51.1265790" lon="-0.5722090">
    <ele>61.0</ele>
    <time>2020-04-04T12:10:22Z</time>
   </trkpt>
   <trkpt lat="51.1266350" lon="-0.5722120">
    <ele>61.1</ele>
    <time>2020-04-04T12:10:23Z</time>
   </trkpt>
   <trkpt lat="51.1266880" lon="-0.5722220">
    <ele>61.2</ele>
    <time>2020-04-04T12:10:24Z</time>
   </trkpt>
   <trkpt lat="51.1267420" lon="-0.5722230">
    <ele>61.2</ele>
    <time>2020-04-04T12:10:25Z</time>
   </trkpt>
   <trkpt lat="51.1268460" lon="-0.5722670">
    <ele>61.2</ele>
    <time>2020-04-04T12:10:27Z</time>
   </trkpt>
   <trkpt lat="51.1268860" lon="-0.5723270">
    <ele>61.1</ele>
    <time>2020-04-04T12:10:28Z</time>
   </trkpt>
   <trkpt lat="51.1269160" lon="-0.5723930">
    <ele>61.1</ele>
    <time>2020-04-04T12:10:29Z</time>
   </trkpt>
   <trkpt lat="51.1269350" lon="-0.5724840">
    <ele>61.0</ele>
    <time>2020-04-04T12:10:30Z</time>
   </trkpt>
   <trkpt lat="51.1269750" lon="-0.5726690">
    <ele>61.2</ele>
    <time>2020-04-04T12:10:32Z</time>
   </trkpt>
   <trkpt lat="51.1270040" lon="-0.5728370">
    <ele>61.3</ele>
    <time>2020-04-04T12:10:34Z</time>
   </trkpt>
   <trkpt lat="51.1270450" lon="-0.5730100">
    <ele>61.5</ele>
    <time>2020-04-04T12:10:36Z</time>
   </trkpt>
   <trkpt lat="51.1270900" lon="-0.5730820">
    <ele>61.7</ele>
    <time>2020-04-04T12:10:37Z</time>
   </trkpt>
   <trkpt lat="51.1271410" lon="-0.5731390">
    <ele>61.8</ele>
    <time>2020-04-04T12:10:38Z</time>
   </trkpt>
   <trkpt lat="51.1272460" lon="-0.5732110">
    <ele>62.1</ele>
    <time>2020-04-04T12:10:40Z</time>
   </trkpt>
   <trkpt lat="51.1273030" lon="-0.5732330">
    <ele>62.4</ele>
    <time>2020-04-04T12:10:41Z</time>
   </trkpt>
   <trkpt lat="51.1274220" lon="-0.5732560">
    <ele>62.4</ele>
    <time>2020-04-04T12:10:43Z</time>
   </trkpt>
   <trkpt lat="51.1274840" lon="-0.5732660">
    <ele>62.5</ele>
    <time>2020-04-04T12:10:44Z</time>
   </trkpt>
   <trkpt lat="51.1275460" lon="-0.5732770">
    <ele>62.5</ele>
    <time>2020-04-04T12:10:45Z</time>
   </trkpt>
   <trkpt lat="51.1276670" lon="-0.5732980">
    <ele>62.7</ele>
    <time>2020-04-04T12:10:47Z</time>
   </trkpt>
   <trkpt lat="51.1277290" lon="-0.5732960">
    <ele>62.9</ele>
    <time>2020-04-04T12:10:48Z</time>
   </trkpt>
   <trkpt lat="51.1278460" lon="-0.5732810">
    <ele>63.2</ele>
    <time>2020-04-04T12:10:50Z</time>
   </trkpt>
   <trkpt lat="51.1279090" lon="-0.5732740">
    <ele>63.3</ele>
    <time>2020-04-04T12:10:51Z</time>
   </trkpt>
   <trkpt lat="51.1280290" lon="-0.5732400">
    <ele>63.4</ele>
    <time>2020-04-04T12:10:53Z</time>
   </trkpt>
   <trkpt lat="51.1280860" lon="-0.5732160">
    <ele>63.5</ele>
    <time>2020-04-04T12:10:54Z</time>
   </trkpt>
   <trkpt lat="51.1281420" lon="-0.5731920">
    <ele>63.6</ele>
    <time>2020-04-04T12:10:55Z</time>
   </trkpt>
   <trkpt lat="51.1281950" lon="-0.5731700">
    <ele>63.7</ele>
    <time>2020-04-04T12:10:56Z</time>
   </trkpt>
   <trkpt lat="51.1282950" lon="-0.5731180">
    <ele>63.9</ele>
    <time>2020-04-04T12:10:58Z</time>
   </trkpt>
   <trkpt lat="51.1283470" lon="-0.5731010">
    <ele>64.0</ele>
    <time>2020-04-04T12:10:59Z</time>
   </trkpt>
   <trkpt lat="51.1284440" lon="-0.5730600">
    <ele>64.3</ele>
    <time>2020-04-04T12:11:01Z</time>
   </trkpt>
   <trkpt lat="51.1284930" lon="-0.5730370">
    <ele>64.4</ele>
    <time>2020-04-04T12:11:02Z</time>
   </trkpt>
   <trkpt lat="51.1285460" lon="-0.5730080">
    <ele>64.5</ele>
    <time>2020-04-04T12:11:03Z</time>
   </trkpt>
   <trkpt lat="51.1286490" lon="-0.5729560">
    <ele>64.8</ele>
    <time>2020-04-04T12:11:05Z</time>
   </trkpt>
   <trkpt lat="51.1286950" lon="-0.5729230">
    <ele>65.0</ele>
    <time>2020-04-04T12:11:06Z</time>
   </trkpt>
   <trkpt lat="51.1287370" lon="-0.5728790">
    <ele>65.2</ele>
    <time>2020-04-04T12:11:07Z</time>
   </trkpt>
   <trkpt lat="51.1287770" lon="-0.5728420">
    <ele>65.4</ele>
    <time>2020-04-04T12:11:08Z</time>
   </trkpt>
   <trkpt lat="51.1288170" lon="-0.5728030">
    <ele>65.6</ele>
    <time>2020-04-04T12:11:09Z</time>
   </trkpt>
   <trkpt lat="51.1288400" lon="-0.5727750">
    <ele>65.7</ele>
    <time>2020-04-04T12:11:10Z</time>
   </trkpt>
   <trkpt lat="51.1289010" lon="-0.5727070">
    <ele>66.1</ele>
    <time>2020-04-04T12:11:12Z</time>
   </trkpt>
   <trkpt lat="51.1289400" lon="-0.5726600">
    <ele>66.3</ele>
    <time>2020-04-04T12:11:13Z</time>
   </trkpt>
   <trkpt lat="51.1289860" lon="-0.5726030">
    <ele>66.5</ele>
    <time>2020-04-04T12:11:14Z</time>
   </trkpt>
   <trkpt lat="51.1290740" lon="-0.5725260">
    <ele>66.8</ele>
    <time>2020-04-04T12:11:16Z</time>
   </trkpt>
   <trkpt lat="51.1291350" lon="-0.5725280">
    <ele>67.0</ele>
    <time>2020-04-04T12:11:17Z</time>
   </trkpt>
   <trkpt lat="51.1292170" lon="-0.5724530">
    <ele>67.2</ele>
    <time>2020-04-04T12:11:19Z</time>
   </trkpt>
   <trkpt lat="51.1293220" lon="-0.5723920">
    <ele>67.3</ele>
    <time>2020-04-04T12:11:21Z</time>
   </trkpt>
   <trkpt lat="51.1293720" lon="-0.5723640">
    <ele>67.4</ele>
    <time>2020-04-04T12:11:22Z</time>
   </trkpt>
   <trkpt lat="51.1294670" lon="-0.5723170">
    <ele>67.4</ele>
    <time>2020-04-04T12:11:24Z</time>
   </trkpt>
   <trkpt lat="51.1295800" lon="-0.5722530">
    <ele>67.6</ele>
    <time>2020-04-04T12:11:26Z</time>
   </trkpt>
   <trkpt lat="51.1296670" lon="-0.5722270">
    <ele>68.0</ele>
    <time>2020-04-04T12:11:28Z</time>
   </trkpt>
   <trkpt lat="51.1297510" lon="-0.5721880">
    <ele>68.3</ele>
    <time>2020-04-04T12:11:30Z</time>
   </trkpt>
   <trkpt lat="51.1297830" lon="-0.5722070">
    <ele>68.5</ele>
    <time>2020-04-04T12:11:31Z</time>
   </trkpt>
   <trkpt lat="51.1298440" lon="-0.5721570">
    <ele>68.8</ele>
    <time>2020-04-04T12:11:33Z</time>
   </trkpt>
   <trkpt lat="51.1299120" lon="-0.5721200">
    <ele>69.1</ele>
    <time>2020-04-04T12:11:34Z</time>
   </trkpt>
   <trkpt lat="51.1300030" lon="-0.5720680">
    <ele>69.5</ele>
    <time>2020-04-04T12:11:36Z</time>
   </trkpt>
   <trkpt lat="51.1300540" lon="-0.5720460">
    <ele>69.6</ele>
    <time>2020-04-04T12:11:37Z</time>
   </trkpt>
   <trkpt lat="51.1301010" lon="-0.5720210">
    <ele>69.8</ele>
    <time>2020-04-04T12:11:38Z</time>
   </trkpt>
   <trkpt lat="51.1301440" lon="-0.5719910">
    <ele>69.9</ele>
    <time>2020-04-04T12:11:39Z</time>
   </trkpt>
   <trkpt lat="51.1301900" lon="-0.5719580">
    <ele>70.0</ele>
    <time>2020-04-04T12:11:40Z</time>
   </trkpt>
   <trkpt lat="51.1302380" lon="-0.5719210">
    <ele>70.2</ele>
    <time>2020-04-04T12:11:41Z</time>
   </trkpt>
   <trkpt lat="51.1303240" lon="-0.5718190">
    <ele>70.4</ele>
    <time>2020-04-04T12:11:43Z</time>
   </trkpt>
   <trkpt lat="51.1303650" lon="-0.5717640">
    <ele>70.5</ele>
    <time>2020-04-04T12:11:44Z</time>
   </trkpt>
   <trkpt lat="51.1304380" lon="-0.5716430">
    <ele>70.7</ele>
    <time>2020-04-04T12:11:46Z</time>
   </trkpt>
   <trkpt lat="51.1304680" lon="-0.5715770">
    <ele>70.9</ele>
    <time>2020-04-04T12:11:47Z</time>
   </trkpt>
   <trkpt lat="51.1304980" lon="-0.5715110">
    <ele>71.1</ele>
    <time>2020-04-04T12:11:48Z</time>
   </trkpt>
   <trkpt lat="51.1305540" lon="-0.5713900">
    <ele>71.4</ele>
    <time>2020-04-04T12:11:50Z</time>
   </trkpt>
   <trkpt lat="51.1305830" lon="-0.5713320">
    <ele>71.6</ele>
    <time>2020-04-04T12:11:51Z</time>
   </trkpt>
   <trkpt lat="51.1306470" lon="-0.5712200">
    <ele>72.1</ele>
    <time>2020-04-04T12:11:53Z</time>
   </trkpt>
   <trkpt lat="51.1306780" lon="-0.5711690">
    <ele>72.3</ele>
    <time>2020-04-04T12:11:54Z</time>
   </trkpt>
   <trkpt lat="51.1307510" lon="-0.5710780">
    <ele>72.7</ele>
    <time>2020-04-04T12:11:56Z</time>
   </trkpt>
   <trkpt lat="51.1308170" lon="-0.5710060">
    <ele>73.2</ele>
    <time>2020-04-04T12:11:58Z</time>
   </trkpt>
   <trkpt lat="51.1308610" lon="-0.5709680">
    <ele>73.5</ele>
    <time>2020-04-04T12:11:59Z</time>
   </trkpt>
   <trkpt lat="51.1308960" lon="-0.5709410">
    <ele>73.7</ele>
    <time>2020-04-04T12:12:00Z</time>
   </trkpt>
   <trkpt lat="51.1309670" lon="-0.5708850">
    <ele>74.1</ele>
    <time>2020-04-04T12:12:02Z</time>
   </trkpt>
   <trkpt lat="51.1310200" lon="-0.5708570">
    <ele>74.3</ele>
    <time>2020-04-04T12:12:03Z</time>
   </trkpt>
   <trkpt lat="51.1310340" lon="-0.5707850">
    <ele>74.5</ele>
    <time>2020-04-04T12:12:04Z</time>
   </trkpt>
   <trkpt lat="51.1311220" lon="-0.5707810">
    <ele>75.0</ele>
    <time>2020-04-04T12:12:06Z</time>
   </trkpt>
   <trkpt lat="51.1311510" lon="-0.5707740">
    <ele>75.1</ele>
    <time>2020-04-04T12:12:07Z</time>
   </trkpt>
   <trkpt lat="51.1312080" lon="-0.5707630">
    <ele>75.4</ele>
    <time>2020-04-04T12:12:08Z</time>
   </trkpt>
   <trkpt lat="51.1312630" lon="-0.5707300">
    <ele>75.6</ele>
    <time>2020-04-04T12:12:09Z</time>
   </trkpt>
   <trkpt lat="51.1313070" lon="-0.5707020">
    <ele>75.9</ele>
    <time>2020-04-04T12:12:10Z</time>
   </trkpt>
   <trkpt lat="51.1313920" lon="-0.5706680">
    <ele>76.2</ele>
    <time>2020-04-04T12:12:12Z</time>
   </trkpt>
   <trkpt lat="51.1314240" lon="-0.5706520">
    <ele>76.4</ele>
    <time>2020-04-04T12:12:13Z</time>
   </trkpt>
   <trkpt lat="51.1314740" lon="-0.5706430">
    <ele>76.5</ele>
    <time>2020-04-04T12:12:14Z</time>
   </trkpt>
   <trkpt lat="51.1315560" lon="-0.5706100">
    <ele>76.8</ele>
    <time>2020-04-04T12:12:16Z</time>
   </trkpt>
   <trkpt lat="51.1316010" lon="-0.5706000">
    <ele>76.9</ele>
    <time>2020-04-04T12:12:17Z</time>
   </trkpt>
   <trkpt lat="51.1316970" lon="-0.5705970">
    <ele>77.1</ele>
    <time>2020-04-04T12:12:19Z</time>
   </trkpt>
   <trkpt lat="51.1317910" lon="-0.5705860">
    <ele>77.2</ele>
    <time>2020-04-04T12:12:21Z</time>
   </trkpt>
   <trkpt lat="51.1318280" lon="-0.5705670">
    <ele>77.3</ele>
    <time>2020-04-04T12:12:22Z</time>
   </trkpt>
   <trkpt lat="51.1319260" lon="-0.5705510">
    <ele>77.4</ele>
    <time>2020-04-04T12:12:24Z</time>
   </trkpt>
   <trkpt lat="51.1320240" lon="-0.5705550">
    <ele>77.6</ele>
    <time>2020-04-04T12:12:26Z</time>
   </trkpt>
   <trkpt lat="51.1320700" lon="-0.5705670">
    <ele>77.7</ele>
    <time>2020-04-04T12:12:27Z</time>
   </trkpt>
   <trkpt lat="51.1321630" lon="-0.5705760">
    <ele>77.9</ele>
    <time>2020-04-04T12:12:29Z</time>
   </trkpt>
   <trkpt lat="51.1322090" lon="-0.5705840">
    <ele>78.1</ele>
    <time>2020-04-04T12:12:30Z</time>
   </trkpt>
   <trkpt lat="51.1322820" lon="-0.5705980">
    <ele>78.3</ele>
    <time>2020-04-04T12:12:32Z</time>
   </trkpt>
   <trkpt lat="51.1323300" lon="-0.5706150">
    <ele>78.5</ele>
    <time>2020-04-04T12:12:33Z</time>
   </trkpt>
   <trkpt lat="51.1323850" lon="-0.5706050">
    <ele>78.7</ele>
    <time>2020-04-04T12:12:34Z</time>
   </trkpt>
   <trkpt lat="51.1324570" lon="-0.5705970">
    <ele>79.0</ele>
    <time>2020-04-04T12:12:36Z</time>
   </trkpt>
   <trkpt lat="51.1325340" lon="-0.5706090">
    <ele>79.4</ele>
    <time>2020-04-04T12:12:37Z</time>
   </trkpt>
   <trkpt lat="51.1326120" lon="-0.5705950">
    <ele>79.8</ele>
    <time>2020-04-04T12:12:39Z</time>
   </trkpt>
   <trkpt lat="51.1327110" lon="-0.5705930">
    <ele>80.4</ele>
    <time>2020-04-04T12:12:41Z</time>
   </trkpt>
   <trkpt lat="51.1327510" lon="-0.5705490">
    <ele>80.6</ele>
    <time>2020-04-04T12:12:42Z</time>
   </trkpt>
   <trkpt lat="51.1327980" lon="-0.5705350">
    <ele>80.7</ele>
    <time>2020-04-04T12:12:43Z</time>
   </trkpt>
   <trkpt lat="51.1328580" lon="-0.5705170">
    <ele>80.9</ele>
    <time>2020-04-04T12:12:44Z</time>
   </trkpt>
   <trkpt lat="51.1329020" lon="-0.5704910">
    <ele>81.1</ele>
    <time>2020-04-04T12:12:46Z</time>
   </trkpt>
   <trkpt lat="51.1329800" lon="-0.5704600">
    <ele>81.4</ele>
    <time>2020-04-04T12:12:48Z</time>
   </trkpt>
   <trkpt lat="51.1330140" lon="-0.5704380">
    <ele>81.8</ele>
    <time>2020-04-04T12:12:49Z</time>
   </trkpt>
   <trkpt lat="51.1330710" lon="-0.5703930">
    <ele>82.4</ele>
    <time>2020-04-04T12:12:50Z</time>
   </trkpt>
   <trkpt lat="51.1331130" lon="-0.5703610">
    <ele>82.9</ele>
    <time>2020-04-04T12:12:51Z</time>
   </trkpt>
   <trkpt lat="51.1331770" lon="-0.5702770">
    <ele>83.8</ele>
    <time>2020-04-04T12:12:53Z</time>
   </trkpt>
   <trkpt lat="51.1332500" lon="-0.5701670">
    <ele>84.9</ele>
    <time>2020-04-04T12:12:55Z</time>
   </trkpt>
   <trkpt lat="51.1332900" lon="-0.5701170">
    <ele>85.5</ele>
    <time>2020-04-04T12:12:56Z</time>
   </trkpt>
   <trkpt lat="51.1333200" lon="-0.5700560">
    <ele>86.0</ele>
    <time>2020-04-04T12:12:57Z</time>
   </trkpt>
   <trkpt lat="51.1333390" lon="-0.5700280">
    <ele>86.3</ele>
    <time>2020-04-04T12:12:58Z</time>
   </trkpt>
   <trkpt lat="51.1333840" lon="-0.5699610">
    <ele>87.0</ele>
    <time>2020-04-04T12:13:00Z</time>
   </trkpt>
   <trkpt lat="51.1334090" lon="-0.5698800">
    <ele>87.7</ele>
    <time>2020-04-04T12:13:01Z</time>
   </trkpt>
   <trkpt lat="51.1333990" lon="-0.5697050">
    <ele>88.3</ele>
    <time>2020-04-04T12:13:03Z</time>
   </trkpt>
   <trkpt lat="51.1333620" lon="-0.5696110">
    <ele>88.3</ele>
    <time>2020-04-04T12:13:04Z</time>
   </trkpt>
   <trkpt lat="51.1333190" lon="-0.5695070">
    <ele>88.3</ele>
    <time>2020-04-04T12:13:05Z</time>
   </trkpt>
   <trkpt lat="51.1332650" lon="-0.5693930">
    <ele>88.3</ele>
    <time>2020-04-04T12:13:06Z</time>
   </trkpt>
   <trkpt lat="51.1332200" lon="-0.5691220">
    <ele>88.3</ele>
    <time>2020-04-04T12:13:08Z</time>
   </trkpt>
   <trkpt lat="51.1332090" lon="-0.5689830">
    <ele>88.3</ele>
    <time>2020-04-04T12:13:09Z</time>
   </trkpt>
   <trkpt lat="51.1332030" lon="-0.5688420">
    <ele>88.3</ele>
    <time>2020-04-04T12:13:10Z</time>
   </trkpt>
   <trkpt lat="51.1332060" lon="-0.5687000">
    <ele>88.3</ele>
    <time>2020-04-04T12:13:11Z</time>
   </trkpt>
   <trkpt lat="51.1332150" lon="-0.5685590">
    <ele>88.3</ele>
    <time>2020-04-04T12:13:12Z</time>
   </trkpt>
   <trkpt lat="51.1332230" lon="-0.5682760">
    <ele>88.3</ele>
    <time>2020-04-04T12:13:14Z</time>
   </trkpt>
   <trkpt lat="51.1332260" lon="-0.5681350">
    <ele>88.3</ele>
    <time>2020-04-04T12:13:15Z</time>
   </trkpt>
   <trkpt lat="51.1332290" lon="-0.5680030">
    <ele>88.3</ele>
    <time>2020-04-04T12:13:16Z</time>
   </trkpt>
   <trkpt lat="51.1332310" lon="-0.5677490">
    <ele>88.3</ele>
    <time>2020-04-04T12:13:18Z</time>
   </trkpt>
   <trkpt lat="51.1332350" lon="-0.5675170">
    <ele>88.3</ele>
    <time>2020-04-04T12:13:20Z</time>
   </trkpt>
   <trkpt lat="51.1332390" lon="-0.5673040">
    <ele>88.3</ele>
    <time>2020-04-04T12:13:22Z</time>
   </trkpt>
   <trkpt lat="51.1332380" lon="-0.5672080">
    <ele>88.3</ele>
    <time>2020-04-04T12:13:23Z</time>
   </trkpt>
   <trkpt lat="51.1332370" lon="-0.5671180">
    <ele>88.3</ele>
    <time>2020-04-04T12:13:24Z</time>
   </trkpt>
   <trkpt lat="51.1332390" lon="-0.5670290">
    <ele>88.3</ele>
    <time>2020-04-04T12:13:25Z</time>
   </trkpt>
   <trkpt lat="51.1332410" lon="-0.5668640">
    <ele>88.2</ele>
    <time>2020-04-04T12:13:27Z</time>
   </trkpt>
   <trkpt lat="51.1332410" lon="-0.5667100">
    <ele>88.0</ele>
    <time>2020-04-04T12:13:29Z</time>
   </trkpt>
   <trkpt lat="51.1332410" lon="-0.5666330">
    <ele>87.9</ele>
    <time>2020-04-04T12:13:30Z</time>
   </trkpt>
   <trkpt lat="51.1332430" lon="-0.5664820">
    <ele>87.7</ele>
    <time>2020-04-04T12:13:32Z</time>
   </trkpt>
   <trkpt lat="51.1332430" lon="-0.5664070">
    <ele>87.5</ele>
    <time>2020-04-04T12:13:33Z</time>
   </trkpt>
   <trkpt lat="51.1332430" lon="-0.5663300">
    <ele>87.4</ele>
    <time>2020-04-04T12:13:34Z</time>
   </trkpt>
   <trkpt lat="51.1332440" lon="-0.5662510">
    <ele>87.4</ele>
    <time>2020-04-04T12:13:35Z</time>
   </trkpt>
   <trkpt lat="51.1332450" lon="-0.5661730">
    <ele>87.3</ele>
    <time>2020-04-04T12:13:36Z</time>
   </trkpt>
   <trkpt lat="51.1332430" lon="-0.5660910">
    <ele>87.3</ele>
    <time>2020-04-04T12:13:37Z</time>
   </trkpt>
   <trkpt lat="51.1332410" lon="-0.5660110">
    <ele>87.2</ele>
    <time>2020-04-04T12:13:38Z</time>
   </trkpt>
   <trkpt lat="51.1332380" lon="-0.5658520">
    <ele>87.1</ele>
    <time>2020-04-04T12:13:40Z</time>
   </trkpt>
   <trkpt lat="51.1332380" lon="-0.5657750">
    <ele>87.0</ele>
    <time>2020-04-04T12:13:41Z</time>
   </trkpt>
   <trkpt lat="51.1332340" lon="-0.5656150">
    <ele>86.8</ele>
    <time>2020-04-04T12:13:43Z</time>
   </trkpt>
   <trkpt lat="51.1332320" lon="-0.5655360">
    <ele>86.7</ele>
    <time>2020-04-04T12:13:44Z</time>
   </trkpt>
   <trkpt lat="51.1332170" lon="-0.5653790">
    <ele>86.4</ele>
    <time>2020-04-04T12:13:46Z</time>
   </trkpt>
   <trkpt lat="51.1331980" lon="-0.5652140">
    <ele>86.3</ele>
    <time>2020-04-04T12:13:48Z</time>
   </trkpt>
   <trkpt lat="51.1331620" lon="-0.5650620">
    <ele>86.2</ele>
    <time>2020-04-04T12:13:50Z</time>
   </trkpt>
   <trkpt lat="51.1331410" lon="-0.5649850">
    <ele>86.1</ele>
    <time>2020-04-04T12:13:51Z</time>
   </trkpt>
   <trkpt lat="51.1330950" lon="-0.5648280">
    <ele>85.8</ele>
    <time>2020-04-04T12:13:53Z</time>
   </trkpt>
   <trkpt lat="51.1330650" lon="-0.5647460">
    <ele>85.7</ele>
    <time>2020-04-04T12:13:54Z</time>
   </trkpt>
   <trkpt lat="51.1330030" lon="-0.5645660">
    <ele>85.3</ele>
    <time>2020-04-04T12:13:56Z</time>
   </trkpt>
   <trkpt lat="51.1329690" lon="-0.5644850">
    <ele>85.1</ele>
    <time>2020-04-04T12:13:57Z</time>
   </trkpt>
   <trkpt lat="51.1329310" lon="-0.5643960">
    <ele>84.9</ele>
    <time>2020-04-04T12:13:58Z</time>
   </trkpt>
   <trkpt lat="51.1328590" lon="-0.5641840">
    <ele>84.5</ele>
    <time>2020-04-04T12:14:00Z</time>
   </trkpt>
   <trkpt lat="51.1328160" lon="-0.5640810">
    <ele>84.3</ele>
    <time>2020-04-04T12:14:01Z</time>
   </trkpt>
   <trkpt lat="51.1327720" lon="-0.5639710">
    <ele>84.1</ele>
    <time>2020-04-04T12:14:02Z</time>
   </trkpt>
   <trkpt lat="51.1327360" lon="-0.5638590">
    <ele>83.8</ele>
    <time>2020-04-04T12:14:03Z</time>
   </trkpt>
   <trkpt lat="51.1326470" lon="-0.5636320">
    <ele>83.2</ele>
    <time>2020-04-04T12:14:05Z</time>
   </trkpt>
   <trkpt lat="51.1326060" lon="-0.5635170">
    <ele>83.2</ele>
    <time>2020-04-04T12:14:06Z</time>
   </trkpt>
   <trkpt lat="51.1325630" lon="-0.5634000">
    <ele>83.2</ele>
    <time>2020-04-04T12:14:07Z</time>
   </trkpt>
   <trkpt lat="51.1325170" lon="-0.5632870">
    <ele>83.2</ele>
    <time>2020-04-04T12:14:08Z</time>
   </trkpt>
   <trkpt lat="51.1324420" lon="-0.5630490">
    <ele>83.1</ele>
    <time>2020-04-04T12:14:10Z</time>
   </trkpt>
   <trkpt lat="51.1323400" lon="-0.5628310">
    <ele>82.7</ele>
    <time>2020-04-04T12:14:12Z</time>
   </trkpt>
   <trkpt lat="51.1323020" lon="-0.5627160">
    <ele>82.6</ele>
    <time>2020-04-04T12:14:13Z</time>
   </trkpt>
   <trkpt lat="51.1322620" lon="-0.5626030">
    <ele>82.4</ele>
    <time>2020-04-04T12:14:14Z</time>
   </trkpt>
   <trkpt lat="51.1321600" lon="-0.5623780">
    <ele>82.1</ele>
    <time>2020-04-04T12:14:16Z</time>
   </trkpt>
   <trkpt lat="51.1321140" lon="-0.5622600">
    <ele>81.9</ele>
    <time>2020-04-04T12:14:17Z</time>
   </trkpt>
   <trkpt lat="51.1320190" lon="-0.5620140">
    <ele>81.6</ele>
    <time>2020-04-04T12:14:19Z</time>
   </trkpt>
   <trkpt lat="51.1319710" lon="-0.5618930">
    <ele>81.5</ele>
    <time>2020-04-04T12:14:20Z</time>
   </trkpt>
   <trkpt lat="51.1318800" lon="-0.5616570">
    <ele>81.2</ele>
    <time>2020-04-04T12:14:22Z</time>
   </trkpt>
   <trkpt lat="51.1318410" lon="-0.5615380">
    <ele>81.1</ele>
    <time>2020-04-04T12:14:23Z</time>
   </trkpt>
   <trkpt lat="51.1317940" lon="-0.5614190">
    <ele>80.9</ele>
    <time>2020-04-04T12:14:24Z</time>
   </trkpt>
   <trkpt lat="51.1317480" lon="-0.5613090">
    <ele>80.8</ele>
    <time>2020-04-04T12:14:25Z</time>
   </trkpt>
   <trkpt lat="51.1317020" lon="-0.5612000">
    <ele>80.6</ele>
    <time>2020-04-04T12:14:26Z</time>
   </trkpt>
   <trkpt lat="51.1316010" lon="-0.5609720">
    <ele>80.5</ele>
    <time>2020-04-04T12:14:28Z</time>
   </trkpt>
   <trkpt lat="51.1315500" lon="-0.5608580">
    <ele>80.5</ele>
    <time>2020-04-04T12:14:29Z</time>
   </trkpt>
   <trkpt lat="51.1315000" lon="-0.5607330">
    <ele>79.9</ele>
    <time>2020-04-04T12:14:30Z</time>
   </trkpt>
   <trkpt lat="51.1314540" lon="-0.5606040">
    <ele>79.8</ele>
    <time>2020-04-04T12:14:31Z</time>
   </trkpt>
   <trkpt lat="51.1314120" lon="-0.5604860">
    <ele>79.7</ele>
    <time>2020-04-04T12:14:32Z</time>
   </trkpt>
   <trkpt lat="51.1313200" lon="-0.5602540">
    <ele>79.5</ele>
    <time>2020-04-04T12:14:34Z</time>
   </trkpt>
   <trkpt lat="51.1312750" lon="-0.5601380">
    <ele>79.3</ele>
    <time>2020-04-04T12:14:35Z</time>
   </trkpt>
   <trkpt lat="51.1312310" lon="-0.5600230">
    <ele>79.1</ele>
    <time>2020-04-04T12:14:36Z</time>
   </trkpt>
   <trkpt lat="51.1311490" lon="-0.5598030">
    <ele>78.8</ele>
    <time>2020-04-04T12:14:38Z</time>
   </trkpt>
   <trkpt lat="51.1311090" lon="-0.5596970">
    <ele>78.7</ele>
    <time>2020-04-04T12:14:39Z</time>
   </trkpt>
   <trkpt lat="51.1310320" lon="-0.5594940">
    <ele>78.2</ele>
    <time>2020-04-04T12:14:41Z</time>
   </trkpt>
   <trkpt lat="51.1309880" lon="-0.5593840">
    <ele>77.9</ele>
    <time>2020-04-04T12:14:42Z</time>
   </trkpt>
   <trkpt lat="51.1309010" lon="-0.5591750">
    <ele>77.4</ele>
    <time>2020-04-04T12:14:44Z</time>
   </trkpt>
   <trkpt lat="51.1308190" lon="-0.5589700">
    <ele>77.0</ele>
    <time>2020-04-04T12:14:46Z</time>
   </trkpt>
   <trkpt lat="51.1307760" lon="-0.5588730">
    <ele>76.6</ele>
    <time>2020-04-04T12:14:47Z</time>
   </trkpt>
   <trkpt lat="51.1307320" lon="-0.5587720">
    <ele>76.1</ele>
    <time>2020-04-04T12:14:48Z</time>
   </trkpt>
   <trkpt lat="51.1306960" lon="-0.5586680">
    <ele>75.6</ele>
    <time>2020-04-04T12:14:49Z</time>
   </trkpt>
   <trkpt lat="51.1306500" lon="-0.5585730">
    <ele>75.2</ele>
    <time>2020-04-04T12:14:50Z</time>
   </trkpt>
   <trkpt lat="51.1306100" lon="-0.5584720">
    <ele>74.8</ele>
    <time>2020-04-04T12:14:51Z</time>
   </trkpt>
   <trkpt lat="51.1305320" lon="-0.5582520">
    <ele>74.1</ele>
    <time>2020-04-04T12:14:53Z</time>
   </trkpt>
   <trkpt lat="51.1304980" lon="-0.5581430">
    <ele>73.7</ele>
    <time>2020-04-04T12:14:54Z</time>
   </trkpt>
   <trkpt lat="51.1304660" lon="-0.5580520">
    <ele>73.5</ele>
    <time>2020-04-04T12:14:55Z</time>
   </trkpt>
   <trkpt lat="51.1304310" lon="-0.5579530">
    <ele>73.3</ele>
    <time>2020-04-04T12:14:56Z</time>
   </trkpt>
   <trkpt lat="51.1303920" lon="-0.5578510">
    <ele>73.1</ele>
    <time>2020-04-04T12:14:57Z</time>
   </trkpt>
   <trkpt lat="51.1303540" lon="-0.5577470">
    <ele>72.8</ele>
    <time>2020-04-04T12:14:58Z</time>
   </trkpt>
   <trkpt lat="51.1303100" lon="-0.5576360">
    <ele>72.5</ele>
    <time>2020-04-04T12:14:59Z</time>
   </trkpt>
   <trkpt lat="51.1302640" lon="-0.5575290">
    <ele>72.2</ele>
    <time>2020-04-04T12:15:00Z</time>
   </trkpt>
   <trkpt lat="51.1302190" lon="-0.5574200">
    <ele>72.0</ele>
    <time>2020-04-04T12:15:01Z</time>
   </trkpt>
   <trkpt lat="51.1301380" lon="-0.5572100">
    <ele>71.6</ele>
    <time>2020-04-04T12:15:03Z</time>
   </trkpt>
   <trkpt lat="51.1300950" lon="-0.5571010">
    <ele>71.4</ele>
    <time>2020-04-04T12:15:04Z</time>
   </trkpt>
   <trkpt lat="51.1300510" lon="-0.5569940">
    <ele>71.4</ele>
    <time>2020-04-04T12:15:05Z</time>
   </trkpt>
   <trkpt lat="51.1300070" lon="-0.5568830">
    <ele>71.3</ele>
    <time>2020-04-04T12:15:06Z</time>
   </trkpt>
   <trkpt lat="51.1299630" lon="-0.5567740">
    <ele>71.2</ele>
    <time>2020-04-04T12:15:07Z</time>
   </trkpt>
   <trkpt lat="51.1298790" lon="-0.5565560">
    <ele>70.8</ele>
    <time>2020-04-04T12:15:09Z</time>
   </trkpt>
   <trkpt lat="51.1298370" lon="-0.5564590">
    <ele>70.6</ele>
    <time>2020-04-04T12:15:10Z</time>
   </trkpt>
   <trkpt lat="51.1297900" lon="-0.5563620">
    <ele>70.5</ele>
    <time>2020-04-04T12:15:11Z</time>
   </trkpt>
   <trkpt lat="51.1297460" lon="-0.5562530">
    <ele>70.4</ele>
    <time>2020-04-04T12:15:12Z</time>
   </trkpt>
   <trkpt lat="51.1296990" lon="-0.5561410">
    <ele>70.3</ele>
    <time>2020-04-04T12:15:13Z</time>
   </trkpt>
   <trkpt lat="51.1296580" lon="-0.5560350">
    <ele>70.1</ele>
    <time>2020-04-04T12:15:14Z</time>
   </trkpt>
   <trkpt lat="51.1296140" lon="-0.5559200">
    <ele>69.9</ele>
    <time>2020-04-04T12:15:15Z</time>
   </trkpt>
   <trkpt lat="51.1295640" lon="-0.5558070">
    <ele>69.6</ele>
    <time>2020-04-04T12:15:16Z</time>
   </trkpt>
   <trkpt lat="51.1294730" lon="-0.5555810">
    <ele>69.4</ele>
    <time>2020-04-04T12:15:18Z</time>
   </trkpt>
   <trkpt lat="51.1294270" lon="-0.5554730">
    <ele>69.3</ele>
    <time>2020-04-04T12:15:19Z</time>
   </trkpt>
   <trkpt lat="51.1293810" lon="-0.5553610">
    <ele>69.3</ele>
    <time>2020-04-04T12:15:20Z</time>
   </trkpt>
   <trkpt lat="51.1293330" lon="-0.5552520">
    <ele>69.3</ele>
    <time>2020-04-04T12:15:21Z</time>
   </trkpt>
   <trkpt lat="51.1292430" lon="-0.5550430">
    <ele>69.3</ele>
    <time>2020-04-04T12:15:23Z</time>
   </trkpt>
   <trkpt lat="51.1292010" lon="-0.5549400">
    <ele>69.3</ele>
    <time>2020-04-04T12:15:24Z</time>
   </trkpt>
   <trkpt lat="51.1291580" lon="-0.5548390">
    <ele>69.3</ele>
    <time>2020-04-04T12:15:25Z</time>
   </trkpt>
   <trkpt lat="51.1291120" lon="-0.5547370">
    <ele>69.3</ele>
    <time>2020-04-04T12:15:26Z</time>
   </trkpt>
   <trkpt lat="51.1290730" lon="-0.5546320">
    <ele>69.3</ele>
    <time>2020-04-04T12:15:27Z</time>
   </trkpt>
   <trkpt lat="51.1289940" lon="-0.5544110">
    <ele>69.2</ele>
    <time>2020-04-04T12:15:29Z</time>
   </trkpt>
   <trkpt lat="51.1289730" lon="-0.5542840">
    <ele>69.3</ele>
    <time>2020-04-04T12:15:30Z</time>
   </trkpt>
   <trkpt lat="51.1289700" lon="-0.5541510">
    <ele>69.4</ele>
    <time>2020-04-04T12:15:31Z</time>
   </trkpt>
   <trkpt lat="51.1289750" lon="-0.5540180">
    <ele>69.5</ele>
    <time>2020-04-04T12:15:32Z</time>
   </trkpt>
   <trkpt lat="51.1290070" lon="-0.5537800">
    <ele>69.8</ele>
    <time>2020-04-04T12:15:34Z</time>
   </trkpt>
   <trkpt lat="51.1290280" lon="-0.5536680">
    <ele>70.2</ele>
    <time>2020-04-04T12:15:35Z</time>
   </trkpt>
   <trkpt lat="51.1290520" lon="-0.5535620">
    <ele>70.2</ele>
    <time>2020-04-04T12:15:36Z</time>
   </trkpt>
   <trkpt lat="51.1290770" lon="-0.5534520">
    <ele>70.3</ele>
    <time>2020-04-04T12:15:37Z</time>
   </trkpt>
   <trkpt lat="51.1291400" lon="-0.5532370">
    <ele>70.3</ele>
    <time>2020-04-04T12:15:39Z</time>
   </trkpt>
   <trkpt lat="51.1291680" lon="-0.5531310">
    <ele>70.4</ele>
    <time>2020-04-04T12:15:40Z</time>
   </trkpt>
   <trkpt lat="51.1291930" lon="-0.5530330">
    <ele>70.3</ele>
    <time>2020-04-04T12:15:41Z</time>
   </trkpt>
   <trkpt lat="51.1292140" lon="-0.5529300">
    <ele>70.3</ele>
    <time>2020-04-04T12:15:42Z</time>
   </trkpt>
   <trkpt lat="51.1292580" lon="-0.5527270">
    <ele>70.2</ele>
    <time>2020-04-04T12:15:44Z</time>
   </trkpt>
   <trkpt lat="51.1292860" lon="-0.5526340">
    <ele>70.2</ele>
    <time>2020-04-04T12:15:45Z</time>
   </trkpt>
   <trkpt lat="51.1293150" lon="-0.5525380">
    <ele>70.2</ele>
    <time>2020-04-04T12:15:46Z</time>
   </trkpt>
   <trkpt lat="51.1293450" lon="-0.5524430">
    <ele>70.1</ele>
    <time>2020-04-04T12:15:47Z</time>
   </trkpt>
   <trkpt lat="51.1294060" lon="-0.5522420">
    <ele>69.9</ele>
    <time>2020-04-04T12:15:49Z</time>
   </trkpt>
   <trkpt lat="51.1294430" lon="-0.5521400">
    <ele>69.8</ele>
    <time>2020-04-04T12:15:50Z</time>
   </trkpt>
   <trkpt lat="51.1295160" lon="-0.5519520">
    <ele>69.7</ele>
    <time>2020-04-04T12:15:52Z</time>
   </trkpt>
   <trkpt lat="51.1295690" lon="-0.5517680">
    <ele>69.4</ele>
    <time>2020-04-04T12:15:54Z</time>
   </trkpt>
   <trkpt lat="51.1296210" lon="-0.5515850">
    <ele>69.4</ele>
    <time>2020-04-04T12:15:56Z</time>
   </trkpt>
   <trkpt lat="51.1296450" lon="-0.5514900">
    <ele>69.4</ele>
    <time>2020-04-04T12:15:57Z</time>
   </trkpt>
   <trkpt lat="51.1297000" lon="-0.5512970">
    <ele>69.5</ele>
    <time>2020-04-04T12:15:59Z</time>
   </trkpt>
   <trkpt lat="51.1297490" lon="-0.5510850">
    <ele>69.6</ele>
    <time>2020-04-04T12:16:01Z</time>
   </trkpt>
   <trkpt lat="51.1297710" lon="-0.5509780">
    <ele>69.9</ele>
    <time>2020-04-04T12:16:02Z</time>
   </trkpt>
   <trkpt lat="51.1298010" lon="-0.5507510">
    <ele>70.9</ele>
    <time>2020-04-04T12:16:04Z</time>
   </trkpt>
   <trkpt lat="51.1298540" lon="-0.5505250">
    <ele>70.5</ele>
    <time>2020-04-04T12:16:06Z</time>
   </trkpt>
   <trkpt lat="51.1298780" lon="-0.5504080">
    <ele>70.4</ele>
    <time>2020-04-04T12:16:07Z</time>
   </trkpt>
   <trkpt lat="51.1299020" lon="-0.5502950">
    <ele>70.2</ele>
    <time>2020-04-04T12:16:08Z</time>
   </trkpt>
   <trkpt lat="51.1299790" lon="-0.5500710">
    <ele>70.0</ele>
    <time>2020-04-04T12:16:10Z</time>
   </trkpt>
   <trkpt lat="51.1300030" lon="-0.5499550">
    <ele>69.9</ele>
    <time>2020-04-04T12:16:11Z</time>
   </trkpt>
   <trkpt lat="51.1300200" lon="-0.5498420">
    <ele>69.8</ele>
    <time>2020-04-04T12:16:12Z</time>
   </trkpt>
   <trkpt lat="51.1300430" lon="-0.5497320">
    <ele>69.8</ele>
    <time>2020-04-04T12:16:13Z</time>
   </trkpt>
   <trkpt lat="51.1300680" lon="-0.5496190">
    <ele>69.7</ele>
    <time>2020-04-04T12:16:14Z</time>
   </trkpt>
   <trkpt lat="51.1300960" lon="-0.5495110">
    <ele>69.7</ele>
    <time>2020-04-04T12:16:15Z</time>
   </trkpt>
   <trkpt lat="51.1301250" lon="-0.5494030">
    <ele>69.7</ele>
    <time>2020-04-04T12:16:16Z</time>
   </trkpt>
   <trkpt lat="51.1301500" lon="-0.5492940">
    <ele>69.7</ele>
    <time>2020-04-04T12:16:17Z</time>
   </trkpt>
   <trkpt lat="51.1301750" lon="-0.5491890">
    <ele>69.6</ele>
    <time>2020-04-04T12:16:18Z</time>
   </trkpt>
   <trkpt lat="51.1302010" lon="-0.5490880">
    <ele>69.6</ele>
    <time>2020-04-04T12:16:19Z</time>
   </trkpt>
   <trkpt lat="51.1302240" lon="-0.5489820">
    <ele>69.6</ele>
    <time>2020-04-04T12:16:20Z</time>
   </trkpt>
   <trkpt lat="51.1302500" lon="-0.5488720">
    <ele>69.6</ele>
    <time>2020-04-04T12:16:21Z</time>
   </trkpt>
   <trkpt lat="51.1302830" lon="-0.5487720">
    <ele>69.6</ele>
    <time>2020-04-04T12:16:22Z</time>
   </trkpt>
   <trkpt lat="51.1303300" lon="-0.5485610">
    <ele>69.5</ele>
    <time>2020-04-04T12:16:24Z</time>
   </trkpt>
   <trkpt lat="51.1303580" lon="-0.5484550">
    <ele>69.5</ele>
    <time>2020-04-04T12:16:25Z</time>
   </trkpt>
   <trkpt lat="51.1303930" lon="-0.5483560">
    <ele>69.5</ele>
    <time>2020-04-04T12:16:26Z</time>
   </trkpt>
   <trkpt lat="51.1304320" lon="-0.5482590">
    <ele>69.4</ele>
    <time>2020-04-04T12:16:27Z</time>
   </trkpt>
   <trkpt lat="51.1304750" lon="-0.5481650">
    <ele>69.5</ele>
    <time>2020-04-04T12:16:28Z</time>
   </trkpt>
   <trkpt lat="51.1305110" lon="-0.5480760">
    <ele>69.6</ele>
    <time>2020-04-04T12:16:29Z</time>
   </trkpt>
   <trkpt lat="51.1305440" lon="-0.5479900">
    <ele>69.7</ele>
    <time>2020-04-04T12:16:30Z</time>
   </trkpt>
   <trkpt lat="51.1305700" lon="-0.5479070">
    <ele>69.8</ele>
    <time>2020-04-04T12:16:31Z</time>
   </trkpt>
   <trkpt lat="51.1305980" lon="-0.5478180">
    <ele>69.9</ele>
    <time>2020-04-04T12:16:32Z</time>
   </trkpt>
   <trkpt lat="51.1306360" lon="-0.5477220">
    <ele>70.1</ele>
    <time>2020-04-04T12:16:33Z</time>
   </trkpt>
   <trkpt lat="51.1306720" lon="-0.5476270">
    <ele>70.2</ele>
    <time>2020-04-04T12:16:34Z</time>
   </trkpt>
   <trkpt lat="51.1307050" lon="-0.5475280">
    <ele>70.4</ele>
    <time>2020-04-04T12:16:35Z</time>
   </trkpt>
   <trkpt lat="51.1307360" lon="-0.5474270">
    <ele>70.5</ele>
    <time>2020-04-04T12:16:36Z</time>
   </trkpt>
   <trkpt lat="51.1307670" lon="-0.5473390">
    <ele>70.7</ele>
    <time>2020-04-04T12:16:37Z</time>
   </trkpt>
   <trkpt lat="51.1308040" lon="-0.5472520">
    <ele>70.8</ele>
    <time>2020-04-04T12:16:38Z</time>
   </trkpt>
   <trkpt lat="51.1308340" lon="-0.5471570">
    <ele>71.0</ele>
    <time>2020-04-04T12:16:39Z</time>
   </trkpt>
   <trkpt lat="51.1308630" lon="-0.5470610">
    <ele>71.1</ele>
    <time>2020-04-04T12:16:40Z</time>
   </trkpt>
   <trkpt lat="51.1308970" lon="-0.5469620">
    <ele>71.1</ele>
    <time>2020-04-04T12:16:41Z</time>
   </trkpt>
   <trkpt lat="51.1309290" lon="-0.5468650">
    <ele>71.2</ele>
    <time>2020-04-04T12:16:42Z</time>
   </trkpt>
   <trkpt lat="51.1309630" lon="-0.5467720">
    <ele>71.2</ele>
    <time>2020-04-04T12:16:43Z</time>
   </trkpt>
   <trkpt lat="51.1310310" lon="-0.5465880">
    <ele>71.2</ele>
    <time>2020-04-04T12:16:45Z</time>
   </trkpt>
   <trkpt lat="51.1310820" lon="-0.5465010">
    <ele>71.2</ele>
    <time>2020-04-04T12:16:46Z</time>
   </trkpt>
   <trkpt lat="51.1311320" lon="-0.5464140">
    <ele>71.1</ele>
    <time>2020-04-04T12:16:47Z</time>
   </trkpt>
   <trkpt lat="51.1311700" lon="-0.5463250">
    <ele>71.1</ele>
    <time>2020-04-04T12:16:48Z</time>
   </trkpt>
   <trkpt lat="51.1312070" lon="-0.5462380">
    <ele>71.1</ele>
    <time>2020-04-04T12:16:49Z</time>
   </trkpt>
   <trkpt lat="51.1312470" lon="-0.5461480">
    <ele>71.1</ele>
    <time>2020-04-04T12:16:50Z</time>
   </trkpt>
   <trkpt lat="51.1312860" lon="-0.5460530">
    <ele>71.0</ele>
    <time>2020-04-04T12:16:51Z</time>
   </trkpt>
   <trkpt lat="51.1313300" lon="-0.5459650">
    <ele>70.9</ele>
    <time>2020-04-04T12:16:52Z</time>
   </trkpt>
   <trkpt lat="51.1314110" lon="-0.5457830">
    <ele>70.6</ele>
    <time>2020-04-04T12:16:54Z</time>
   </trkpt>
   <trkpt lat="51.1314950" lon="-0.5455890">
    <ele>70.3</ele>
    <time>2020-04-04T12:16:56Z</time>
   </trkpt>
   <trkpt lat="51.1316020" lon="-0.5454000">
    <ele>70.0</ele>
    <time>2020-04-04T12:16:58Z</time>
   </trkpt>
   <trkpt lat="51.1316380" lon="-0.5452990">
    <ele>70.0</ele>
    <time>2020-04-04T12:16:59Z</time>
   </trkpt>
   <trkpt lat="51.1316790" lon="-0.5452040">
    <ele>70.0</ele>
    <time>2020-04-04T12:17:00Z</time>
   </trkpt>
   <trkpt lat="51.1317650" lon="-0.5450150">
    <ele>69.9</ele>
    <time>2020-04-04T12:17:02Z</time>
   </trkpt>
   <trkpt lat="51.1318130" lon="-0.5449270">
    <ele>69.9</ele>
    <time>2020-04-04T12:17:03Z</time>
   </trkpt>
   <trkpt lat="51.1319040" lon="-0.5447470">
    <ele>69.6</ele>
    <time>2020-04-04T12:17:05Z</time>
   </trkpt>
   <trkpt lat="51.1319520" lon="-0.5446440">
    <ele>69.4</ele>
    <time>2020-04-04T12:17:06Z</time>
   </trkpt>
   <trkpt lat="51.1320010" lon="-0.5445440">
    <ele>69.2</ele>
    <time>2020-04-04T12:17:07Z</time>
   </trkpt>
   <trkpt lat="51.1320520" lon="-0.5444400">
    <ele>69.0</ele>
    <time>2020-04-04T12:17:08Z</time>
   </trkpt>
   <trkpt lat="51.1321620" lon="-0.5442360">
    <ele>68.7</ele>
    <time>2020-04-04T12:17:10Z</time>
   </trkpt>
   <trkpt lat="51.1322220" lon="-0.5441290">
    <ele>68.5</ele>
    <time>2020-04-04T12:17:11Z</time>
   </trkpt>
   <trkpt lat="51.1322700" lon="-0.5440130">
    <ele>68.1</ele>
    <time>2020-04-04T12:17:12Z</time>
   </trkpt>
   <trkpt lat="51.1323160" lon="-0.5438970">
    <ele>67.7</ele>
    <time>2020-04-04T12:17:13Z</time>
   </trkpt>
   <trkpt lat="51.1323690" lon="-0.5437930">
    <ele>67.3</ele>
    <time>2020-04-04T12:17:14Z</time>
   </trkpt>
   <trkpt lat="51.1324300" lon="-0.5436980">
    <ele>66.9</ele>
    <time>2020-04-04T12:17:15Z</time>
   </trkpt>
   <trkpt lat="51.1325390" lon="-0.5434750">
    <ele>66.2</ele>
    <time>2020-04-04T12:17:17Z</time>
   </trkpt>
   <trkpt lat="51.1325880" lon="-0.5433600">
    <ele>65.9</ele>
    <time>2020-04-04T12:17:18Z</time>
   </trkpt>
   <trkpt lat="51.1326420" lon="-0.5432600">
    <ele>65.6</ele>
    <time>2020-04-04T12:17:19Z</time>
   </trkpt>
   <trkpt lat="51.1327010" lon="-0.5431610">
    <ele>65.3</ele>
    <time>2020-04-04T12:17:20Z</time>
   </trkpt>
   <trkpt lat="51.1327560" lon="-0.5430510">
    <ele>65.1</ele>
    <time>2020-04-04T12:17:21Z</time>
   </trkpt>
   <trkpt lat="51.1328060" lon="-0.5429410">
    <ele>64.9</ele>
    <time>2020-04-04T12:17:22Z</time>
   </trkpt>
   <trkpt lat="51.1329230" lon="-0.5427460">
    <ele>64.7</ele>
    <time>2020-04-04T12:17:24Z</time>
   </trkpt>
   <trkpt lat="51.1329770" lon="-0.5426450">
    <ele>64.6</ele>
    <time>2020-04-04T12:17:25Z</time>
   </trkpt>
   <trkpt lat="51.1330320" lon="-0.5425520">
    <ele>64.4</ele>
    <time>2020-04-04T12:17:26Z</time>
   </trkpt>
   <trkpt lat="51.1330900" lon="-0.5424570">
    <ele>64.2</ele>
    <time>2020-04-04T12:17:27Z</time>
   </trkpt>
   <trkpt lat="51.1331510" lon="-0.5423630">
    <ele>64.0</ele>
    <time>2020-04-04T12:17:28Z</time>
   </trkpt>
   <trkpt lat="51.1332570" lon="-0.5421680">
    <ele>63.8</ele>
    <time>2020-04-04T12:17:30Z</time>
   </trkpt>
   <trkpt lat="51.1333120" lon="-0.5420620">
    <ele>63.8</ele>
    <time>2020-04-04T12:17:31Z</time>
   </trkpt>
   <trkpt lat="51.1333670" lon="-0.5419720">
    <ele>63.8</ele>
    <time>2020-04-04T12:17:32Z</time>
   </trkpt>
   <trkpt lat="51.1334220" lon="-0.5418870">
    <ele>63.8</ele>
    <time>2020-04-04T12:17:33Z</time>
   </trkpt>
   <trkpt lat="51.1334780" lon="-0.5417870">
    <ele>63.8</ele>
    <time>2020-04-04T12:17:34Z</time>
   </trkpt>
   <trkpt lat="51.1335300" lon="-0.5416840">
    <ele>63.7</ele>
    <time>2020-04-04T12:17:35Z</time>
   </trkpt>
   <trkpt lat="51.1335760" lon="-0.5415900">
    <ele>63.7</ele>
    <time>2020-04-04T12:17:36Z</time>
   </trkpt>
   <trkpt lat="51.1336200" lon="-0.5414840">
    <ele>63.7</ele>
    <time>2020-04-04T12:17:37Z</time>
   </trkpt>
   <trkpt lat="51.1337160" lon="-0.5412840">
    <ele>63.4</ele>
    <time>2020-04-04T12:17:39Z</time>
   </trkpt>
   <trkpt lat="51.1337690" lon="-0.5411890">
    <ele>63.3</ele>
    <time>2020-04-04T12:17:40Z</time>
   </trkpt>
   <trkpt lat="51.1338220" lon="-0.5411100">
    <ele>63.1</ele>
    <time>2020-04-04T12:17:41Z</time>
   </trkpt>
   <trkpt lat="51.1338660" lon="-0.5410210">
    <ele>62.9</ele>
    <time>2020-04-04T12:17:42Z</time>
   </trkpt>
   <trkpt lat="51.1339060" lon="-0.5409230">
    <ele>62.8</ele>
    <time>2020-04-04T12:17:43Z</time>
   </trkpt>
   <trkpt lat="51.1339430" lon="-0.5408250">
    <ele>62.8</ele>
    <time>2020-04-04T12:17:44Z</time>
   </trkpt>
   <trkpt lat="51.1339830" lon="-0.5407400">
    <ele>62.7</ele>
    <time>2020-04-04T12:17:45Z</time>
   </trkpt>
   <trkpt lat="51.1340720" lon="-0.5405720">
    <ele>62.7</ele>
    <time>2020-04-04T12:17:47Z</time>
   </trkpt>
   <trkpt lat="51.1341130" lon="-0.5404890">
    <ele>62.7</ele>
    <time>2020-04-04T12:17:48Z</time>
   </trkpt>
   <trkpt lat="51.1341530" lon="-0.5404050">
    <ele>62.7</ele>
    <time>2020-04-04T12:17:49Z</time>
   </trkpt>
   <trkpt lat="51.1341930" lon="-0.5403250">
    <ele>62.7</ele>
    <time>2020-04-04T12:17:50Z</time>
   </trkpt>
   <trkpt lat="51.1342320" lon="-0.5402470">
    <ele>62.7</ele>
    <time>2020-04-04T12:17:51Z</time>
   </trkpt>
   <trkpt lat="51.1342750" lon="-0.5401730">
    <ele>62.7</ele>
    <time>2020-04-04T12:17:52Z</time>
   </trkpt>
   <trkpt lat="51.1343140" lon="-0.5400970">
    <ele>62.7</ele>
    <time>2020-04-04T12:17:53Z</time>
   </trkpt>
   <trkpt lat="51.1343470" lon="-0.5400170">
    <ele>62.7</ele>
    <time>2020-04-04T12:17:54Z</time>
   </trkpt>
   <trkpt lat="51.1343820" lon="-0.5399480">
    <ele>62.7</ele>
    <time>2020-04-04T12:17:55Z</time>
   </trkpt>
   <trkpt lat="51.1344470" lon="-0.5398160">
    <ele>62.8</ele>
    <time>2020-04-04T12:17:57Z</time>
   </trkpt>
   <trkpt lat="51.1344790" lon="-0.5397510">
    <ele>62.9</ele>
    <time>2020-04-04T12:17:58Z</time>
   </trkpt>
   <trkpt lat="51.1345120" lon="-0.5396960">
    <ele>63.1</ele>
    <time>2020-04-04T12:17:59Z</time>
   </trkpt>
   <trkpt lat="51.1345210" lon="-0.5396210">
    <ele>63.3</ele>
    <time>2020-04-04T12:18:00Z</time>
   </trkpt>
   <trkpt lat="51.1345180" lon="-0.5395310">
    <ele>63.6</ele>
    <time>2020-04-04T12:18:01Z</time>
   </trkpt>
   <trkpt lat="51.1345090" lon="-0.5393580">
    <ele>63.0</ele>
    <time>2020-04-04T12:18:03Z</time>
   </trkpt>
   <trkpt lat="51.1344550" lon="-0.5391810">
    <ele>62.1</ele>
    <time>2020-04-04T12:18:05Z</time>
   </trkpt>
   <trkpt lat="51.1344110" lon="-0.5391050">
    <ele>61.6</ele>
    <time>2020-04-04T12:18:06Z</time>
   </trkpt>
   <trkpt lat="51.1343580" lon="-0.5390400">
    <ele>61.2</ele>
    <time>2020-04-04T12:18:07Z</time>
   </trkpt>
   <trkpt lat="51.1342980" lon="-0.5389860">
    <ele>60.7</ele>
    <time>2020-04-04T12:18:08Z</time>
   </trkpt>
   <trkpt lat="51.1342310" lon="-0.5389340">
    <ele>60.2</ele>
    <time>2020-04-04T12:18:09Z</time>
   </trkpt>
   <trkpt lat="51.1341620" lon="-0.5388790">
    <ele>59.8</ele>
    <time>2020-04-04T12:18:10Z</time>
   </trkpt>
   <trkpt lat="51.1340130" lon="-0.5387460">
    <ele>58.9</ele>
    <time>2020-04-04T12:18:12Z</time>
   </trkpt>
   <trkpt lat="51.1339350" lon="-0.5386790">
    <ele>58.5</ele>
    <time>2020-04-04T12:18:13Z</time>
   </trkpt>
   <trkpt lat="51.1338570" lon="-0.5386090">
    <ele>58.2</ele>
    <time>2020-04-04T12:18:14Z</time>
   </trkpt>
   <trkpt lat="51.1336940" lon="-0.5384690">
    <ele>57.5</ele>
    <time>2020-04-04T12:18:16Z</time>
   </trkpt>
   <trkpt lat="51.1336130" lon="-0.5384010">
    <ele>57.3</ele>
    <time>2020-04-04T12:18:17Z</time>
   </trkpt>
   <trkpt lat="51.1335310" lon="-0.5383290">
    <ele>57.1</ele>
    <time>2020-04-04T12:18:18Z</time>
   </trkpt>
   <trkpt lat="51.1334510" lon="-0.5382560">
    <ele>57.0</ele>
    <time>2020-04-04T12:18:19Z</time>
   </trkpt>
   <trkpt lat="51.1332940" lon="-0.5381220">
    <ele>56.9</ele>
    <time>2020-04-04T12:18:21Z</time>
   </trkpt>
   <trkpt lat="51.1332230" lon="-0.5380620">
    <ele>56.9</ele>
    <time>2020-04-04T12:18:22Z</time>
   </trkpt>
   <trkpt lat="51.1331580" lon="-0.5380090">
    <ele>56.9</ele>
    <time>2020-04-04T12:18:23Z</time>
   </trkpt>
   <trkpt lat="51.1330380" lon="-0.5379100">
    <ele>57.1</ele>
    <time>2020-04-04T12:18:25Z</time>
   </trkpt>
   <trkpt lat="51.1329960" lon="-0.5378370">
    <ele>57.2</ele>
    <time>2020-04-04T12:18:26Z</time>
   </trkpt>
   <trkpt lat="51.1329760" lon="-0.5377370">
    <ele>57.3</ele>
    <time>2020-04-04T12:18:27Z</time>
   </trkpt>
   <trkpt lat="51.1329790" lon="-0.5376220">
    <ele>57.4</ele>
    <time>2020-04-04T12:18:28Z</time>
   </trkpt>
   <trkpt lat="51.1330130" lon="-0.5375160">
    <ele>57.2</ele>
    <time>2020-04-04T12:18:29Z</time>
   </trkpt>
   <trkpt lat="51.1331400" lon="-0.5373630">
    <ele>56.8</ele>
    <time>2020-04-04T12:18:31Z</time>
   </trkpt>
   <trkpt lat="51.1332150" lon="-0.5373230">
    <ele>56.7</ele>
    <time>2020-04-04T12:18:32Z</time>
   </trkpt>
   <trkpt lat="51.1332910" lon="-0.5372780">
    <ele>56.6</ele>
    <time>2020-04-04T12:18:33Z</time>
   </trkpt>
   <trkpt lat="51.1333540" lon="-0.5372140">
    <ele>56.5</ele>
    <time>2020-04-04T12:18:34Z</time>
   </trkpt>
   <trkpt lat="51.1334100" lon="-0.5371440">
    <ele>56.5</ele>
    <time>2020-04-04T12:18:35Z</time>
   </trkpt>
   <trkpt lat="51.1334690" lon="-0.5370830">
    <ele>56.5</ele>
    <time>2020-04-04T12:18:36Z</time>
   </trkpt>
   <trkpt lat="51.1335270" lon="-0.5370190">
    <ele>56.5</ele>
    <time>2020-04-04T12:18:37Z</time>
   </trkpt>
   <trkpt lat="51.1335860" lon="-0.5369610">
    <ele>56.5</ele>
    <time>2020-04-04T12:18:38Z</time>
   </trkpt>
   <trkpt lat="51.1336460" lon="-0.5368960">
    <ele>56.5</ele>
    <time>2020-04-04T12:18:39Z</time>
   </trkpt>
   <trkpt lat="51.1337070" lon="-0.5368340">
    <ele>56.5</ele>
    <time>2020-04-04T12:18:40Z</time>
   </trkpt>
   <trkpt lat="51.1337600" lon="-0.5367680">
    <ele>56.6</ele>
    <time>2020-04-04T12:18:41Z</time>
   </trkpt>
   <trkpt lat="51.1338150" lon="-0.5366940">
    <ele>56.6</ele>
    <time>2020-04-04T12:18:42Z</time>
   </trkpt>
   <trkpt lat="51.1338720" lon="-0.5366240">
    <ele>56.7</ele>
    <time>2020-04-04T12:18:43Z</time>
   </trkpt>
   <trkpt lat="51.1339370" lon="-0.5365620">
    <ele>56.9</ele>
    <time>2020-04-04T12:18:44Z</time>
   </trkpt>
   <trkpt lat="51.1339970" lon="-0.5364900">
    <ele>57.1</ele>
    <time>2020-04-04T12:18:45Z</time>
   </trkpt>
   <trkpt lat="51.1340480" lon="-0.5364010">
    <ele>57.2</ele>
    <time>2020-04-04T12:18:46Z</time>
   </trkpt>
   <trkpt lat="51.1341020" lon="-0.5363160">
    <ele>57.3</ele>
    <time>2020-04-04T12:18:47Z</time>
   </trkpt>
   <trkpt lat="51.1341550" lon="-0.5362270">
    <ele>57.4</ele>
    <time>2020-04-04T12:18:48Z</time>
   </trkpt>
   <trkpt lat="51.1342110" lon="-0.5361350">
    <ele>57.5</ele>
    <time>2020-04-04T12:18:49Z</time>
   </trkpt>
   <trkpt lat="51.1342630" lon="-0.5360360">
    <ele>57.5</ele>
    <time>2020-04-04T12:18:50Z</time>
   </trkpt>
   <trkpt lat="51.1343190" lon="-0.5359320">
    <ele>57.4</ele>
    <time>2020-04-04T12:18:51Z</time>
   </trkpt>
   <trkpt lat="51.1344140" lon="-0.5357140">
    <ele>57.2</ele>
    <time>2020-04-04T12:18:53Z</time>
   </trkpt>
   <trkpt lat="51.1344620" lon="-0.5356080">
    <ele>57.0</ele>
    <time>2020-04-04T12:18:54Z</time>
   </trkpt>
   <trkpt lat="51.1345060" lon="-0.5355030">
    <ele>56.8</ele>
    <time>2020-04-04T12:18:55Z</time>
   </trkpt>
   <trkpt lat="51.1345900" lon="-0.5352910">
    <ele>56.4</ele>
    <time>2020-04-04T12:18:57Z</time>
   </trkpt>
   <trkpt lat="51.1346350" lon="-0.5351870">
    <ele>56.2</ele>
    <time>2020-04-04T12:18:58Z</time>
   </trkpt>
   <trkpt lat="51.1347230" lon="-0.5349820">
    <ele>55.8</ele>
    <time>2020-04-04T12:19:00Z</time>
   </trkpt>
   <trkpt lat="51.1347660" lon="-0.5348850">
    <ele>55.7</ele>
    <time>2020-04-04T12:19:01Z</time>
   </trkpt>
   <trkpt lat="51.1348100" lon="-0.5347870">
    <ele>55.7</ele>
    <time>2020-04-04T12:19:02Z</time>
   </trkpt>
   <trkpt lat="51.1348520" lon="-0.5346970">
    <ele>55.6</ele>
    <time>2020-04-04T12:19:03Z</time>
   </trkpt>
   <trkpt lat="51.1348930" lon="-0.5346110">
    <ele>55.6</ele>
    <time>2020-04-04T12:19:04Z</time>
   </trkpt>
   <trkpt lat="51.1349350" lon="-0.5345210">
    <ele>55.6</ele>
    <time>2020-04-04T12:19:05Z</time>
   </trkpt>
   <trkpt lat="51.1349760" lon="-0.5344330">
    <ele>55.6</ele>
    <time>2020-04-04T12:19:06Z</time>
   </trkpt>
   <trkpt lat="51.1350200" lon="-0.5343470">
    <ele>55.6</ele>
    <time>2020-04-04T12:19:07Z</time>
   </trkpt>
   <trkpt lat="51.1350690" lon="-0.5342600">
    <ele>55.6</ele>
    <time>2020-04-04T12:19:08Z</time>
   </trkpt>
   <trkpt lat="51.1351560" lon="-0.5341010">
    <ele>55.7</ele>
    <time>2020-04-04T12:19:10Z</time>
   </trkpt>
   <trkpt lat="51.1352070" lon="-0.5340360">
    <ele>55.8</ele>
    <time>2020-04-04T12:19:11Z</time>
   </trkpt>
   <trkpt lat="51.1352670" lon="-0.5339730">
    <ele>55.9</ele>
    <time>2020-04-04T12:19:12Z</time>
   </trkpt>
   <trkpt lat="51.1353250" lon="-0.5338960">
    <ele>56.1</ele>
    <time>2020-04-04T12:19:13Z</time>
   </trkpt>
   <trkpt lat="51.1354410" lon="-0.5337550">
    <ele>56.4</ele>
    <time>2020-04-04T12:19:15Z</time>
   </trkpt>
   <trkpt lat="51.1355560" lon="-0.5336390">
    <ele>56.6</ele>
    <time>2020-04-04T12:19:17Z</time>
   </trkpt>
   <trkpt lat="51.1356150" lon="-0.5335780">
    <ele>56.6</ele>
    <time>2020-04-04T12:19:18Z</time>
   </trkpt>
   <trkpt lat="51.1356780" lon="-0.5335230">
    <ele>56.7</ele>
    <time>2020-04-04T12:19:19Z</time>
   </trkpt>
   <trkpt lat="51.1357420" lon="-0.5334840">
    <ele>56.8</ele>
    <time>2020-04-04T12:19:20Z</time>
   </trkpt>
   <trkpt lat="51.1358030" lon="-0.5334260">
    <ele>56.9</ele>
    <time>2020-04-04T12:19:21Z</time>
   </trkpt>
   <trkpt lat="51.1358600" lon="-0.5333650">
    <ele>57.0</ele>
    <time>2020-04-04T12:19:22Z</time>
   </trkpt>
   <trkpt lat="51.1359230" lon="-0.5333110">
    <ele>57.1</ele>
    <time>2020-04-04T12:19:23Z</time>
   </trkpt>
   <trkpt lat="51.1360420" lon="-0.5331990">
    <ele>57.3</ele>
    <time>2020-04-04T12:19:25Z</time>
   </trkpt>
   <trkpt lat="51.1361060" lon="-0.5331550">
    <ele>57.4</ele>
    <time>2020-04-04T12:19:26Z</time>
   </trkpt>
   <trkpt lat="51.1361700" lon="-0.5331080">
    <ele>57.5</ele>
    <time>2020-04-04T12:19:27Z</time>
   </trkpt>
   <trkpt lat="51.1362910" lon="-0.5330160">
    <ele>57.6</ele>
    <time>2020-04-04T12:19:29Z</time>
   </trkpt>
   <trkpt lat="51.1363560" lon="-0.5329770">
    <ele>57.6</ele>
    <time>2020-04-04T12:19:30Z</time>
   </trkpt>
   <trkpt lat="51.1364180" lon="-0.5329480">
    <ele>57.7</ele>
    <time>2020-04-04T12:19:31Z</time>
   </trkpt>
   <trkpt lat="51.1364870" lon="-0.5329280">
    <ele>57.7</ele>
    <time>2020-04-04T12:19:32Z</time>
   </trkpt>
   <trkpt lat="51.1366230" lon="-0.5329050">
    <ele>57.7</ele>
    <time>2020-04-04T12:19:34Z</time>
   </trkpt>
   <trkpt lat="51.1366980" lon="-0.5329040">
    <ele>57.7</ele>
    <time>2020-04-04T12:19:35Z</time>
   </trkpt>
   <trkpt lat="51.1367750" lon="-0.5329090">
    <ele>57.7</ele>
    <time>2020-04-04T12:19:36Z</time>
   </trkpt>
   <trkpt lat="51.1368480" lon="-0.5329200">
    <ele>57.7</ele>
    <time>2020-04-04T12:19:37Z</time>
   </trkpt>
   <trkpt lat="51.1369230" lon="-0.5329210">
    <ele>57.7</ele>
    <time>2020-04-04T12:19:38Z</time>
   </trkpt>
   <trkpt lat="51.1370780" lon="-0.5329350">
    <ele>57.7</ele>
    <time>2020-04-04T12:19:40Z</time>
   </trkpt>
   <trkpt lat="51.1371470" lon="-0.5329490">
    <ele>57.5</ele>
    <time>2020-04-04T12:19:41Z</time>
   </trkpt>
   <trkpt lat="51.1372230" lon="-0.5329680">
    <ele>57.4</ele>
    <time>2020-04-04T12:19:42Z</time>
   </trkpt>
   <trkpt lat="51.1373010" lon="-0.5329890">
    <ele>57.4</ele>
    <time>2020-04-04T12:19:43Z</time>
   </trkpt>
   <trkpt lat="51.1373860" lon="-0.5330150">
    <ele>57.4</ele>
    <time>2020-04-04T12:19:44Z</time>
   </trkpt>
   <trkpt lat="51.1375340" lon="-0.5330800">
    <ele>57.5</ele>
    <time>2020-04-04T12:19:46Z</time>
   </trkpt>
   <trkpt lat="51.1376080" lon="-0.5331080">
    <ele>57.5</ele>
    <time>2020-04-04T12:19:47Z</time>
   </trkpt>
   <trkpt lat="51.1376800" lon="-0.5331390">
    <ele>57.5</ele>
    <time>2020-04-04T12:19:48Z</time>
   </trkpt>
   <trkpt lat="51.1378220" lon="-0.5331930">
    <ele>57.6</ele>
    <time>2020-04-04T12:19:50Z</time>
   </trkpt>
   <trkpt lat="51.1378960" lon="-0.5332190">
    <ele>57.6</ele>
    <time>2020-04-04T12:19:51Z</time>
   </trkpt>
   <trkpt lat="51.1379680" lon="-0.5332460">
    <ele>57.7</ele>
    <time>2020-04-04T12:19:52Z</time>
   </trkpt>
   <trkpt lat="51.1380400" lon="-0.5332700">
    <ele>57.7</ele>
    <time>2020-04-04T12:19:53Z</time>
   </trkpt>
   <trkpt lat="51.1381110" lon="-0.5332970">
    <ele>57.7</ele>
    <time>2020-04-04T12:19:54Z</time>
   </trkpt>
   <trkpt lat="51.1382470" lon="-0.5333440">
    <ele>57.8</ele>
    <time>2020-04-04T12:19:56Z</time>
   </trkpt>
   <trkpt lat="51.1383180" lon="-0.5333710">
    <ele>57.8</ele>
    <time>2020-04-04T12:19:57Z</time>
   </trkpt>
   <trkpt lat="51.1384580" lon="-0.5334330">
    <ele>57.8</ele>
    <time>2020-04-04T12:19:59Z</time>
   </trkpt>
   <trkpt lat="51.1385320" lon="-0.5334600">
    <ele>57.9</ele>
    <time>2020-04-04T12:20:00Z</time>
   </trkpt>
   <trkpt lat="51.1386020" lon="-0.5334890">
    <ele>57.9</ele>
    <time>2020-04-04T12:20:01Z</time>
   </trkpt>
   <trkpt lat="51.1386720" lon="-0.5335230">
    <ele>57.9</ele>
    <time>2020-04-04T12:20:02Z</time>
   </trkpt>
   <trkpt lat="51.1388100" lon="-0.5335610">
    <ele>58.1</ele>
    <time>2020-04-04T12:20:04Z</time>
   </trkpt>
   <trkpt lat="51.1389440" lon="-0.5336140">
    <ele>58.4</ele>
    <time>2020-04-04T12:20:06Z</time>
   </trkpt>
   <trkpt lat="51.1390070" lon="-0.5336440">
    <ele>58.5</ele>
    <time>2020-04-04T12:20:07Z</time>
   </trkpt>
   <trkpt lat="51.1391390" lon="-0.5336990">
    <ele>58.9</ele>
    <time>2020-04-04T12:20:09Z</time>
   </trkpt>
   <trkpt lat="51.1392690" lon="-0.5337560">
    <ele>59.1</ele>
    <time>2020-04-04T12:20:11Z</time>
   </trkpt>
   <trkpt lat="51.1393980" lon="-0.5338090">
    <ele>59.2</ele>
    <time>2020-04-04T12:20:13Z</time>
   </trkpt>
   <trkpt lat="51.1394610" lon="-0.5338380">
    <ele>59.3</ele>
    <time>2020-04-04T12:20:14Z</time>
   </trkpt>
   <trkpt lat="51.1395230" lon="-0.5338700">
    <ele>59.4</ele>
    <time>2020-04-04T12:20:15Z</time>
   </trkpt>
   <trkpt lat="51.1396400" lon="-0.5339290">
    <ele>59.6</ele>
    <time>2020-04-04T12:20:17Z</time>
   </trkpt>
   <trkpt lat="51.1397000" lon="-0.5339490">
    <ele>59.8</ele>
    <time>2020-04-04T12:20:18Z</time>
   </trkpt>
   <trkpt lat="51.1397570" lon="-0.5339690">
    <ele>60.0</ele>
    <time>2020-04-04T12:20:19Z</time>
   </trkpt>
   <trkpt lat="51.1398100" lon="-0.5339900">
    <ele>60.2</ele>
    <time>2020-04-04T12:20:20Z</time>
   </trkpt>
   <trkpt lat="51.1399220" lon="-0.5340330">
    <ele>60.6</ele>
    <time>2020-04-04T12:20:22Z</time>
   </trkpt>
   <trkpt lat="51.1399790" lon="-0.5340530">
    <ele>60.9</ele>
    <time>2020-04-04T12:20:23Z</time>
   </trkpt>
   <trkpt lat="51.1400350" lon="-0.5340750">
    <ele>61.1</ele>
    <time>2020-04-04T12:20:24Z</time>
   </trkpt>
   <trkpt lat="51.1401420" lon="-0.5341160">
    <ele>61.4</ele>
    <time>2020-04-04T12:20:26Z</time>
   </trkpt>
   <trkpt lat="51.1401990" lon="-0.5341320">
    <ele>61.5</ele>
    <time>2020-04-04T12:20:27Z</time>
   </trkpt>
   <trkpt lat="51.1402550" lon="-0.5341450">
    <ele>61.7</ele>
    <time>2020-04-04T12:20:28Z</time>
   </trkpt>
   <trkpt lat="51.1403070" lon="-0.5341680">
    <ele>61.8</ele>
    <time>2020-04-04T12:20:29Z</time>
   </trkpt>
   <trkpt lat="51.1404080" lon="-0.5342070">
    <ele>62.1</ele>
    <time>2020-04-04T12:20:31Z</time>
   </trkpt>
   <trkpt lat="51.1404550" lon="-0.5342200">
    <ele>62.3</ele>
    <time>2020-04-04T12:20:32Z</time>
   </trkpt>
   <trkpt lat="51.1405030" lon="-0.5342350">
    <ele>62.5</ele>
    <time>2020-04-04T12:20:33Z</time>
   </trkpt>
   <trkpt lat="51.1405380" lon="-0.5342460">
    <ele>62.7</ele>
    <time>2020-04-04T12:20:34Z</time>
   </trkpt>
   <trkpt lat="51.1405950" lon="-0.5342680">
    <ele>62.9</ele>
    <time>2020-04-04T12:20:35Z</time>
   </trkpt>
   <trkpt lat="51.1406510" lon="-0.5342800">
    <ele>63.2</ele>
    <time>2020-04-04T12:20:36Z</time>
   </trkpt>
   <trkpt lat="51.1407020" lon="-0.5342870">
    <ele>63.5</ele>
    <time>2020-04-04T12:20:37Z</time>
   </trkpt>
   <trkpt lat="51.1407510" lon="-0.5342890">
    <ele>63.8</ele>
    <time>2020-04-04T12:20:38Z</time>
   </trkpt>
   <trkpt lat="51.1408280" lon="-0.5342580">
    <ele>64.4</ele>
    <time>2020-04-04T12:20:40Z</time>
   </trkpt>
   <trkpt lat="51.1408730" lon="-0.5342140">
    <ele>65.0</ele>
    <time>2020-04-04T12:20:41Z</time>
   </trkpt>
   <trkpt lat="51.1408980" lon="-0.5341700">
    <ele>65.4</ele>
    <time>2020-04-04T12:20:42Z</time>
   </trkpt>
   <trkpt lat="51.1409120" lon="-0.5341110">
    <ele>65.8</ele>
    <time>2020-04-04T12:20:43Z</time>
   </trkpt>
   <trkpt lat="51.1408950" lon="-0.5339500">
    <ele>65.8</ele>
    <time>2020-04-04T12:20:45Z</time>
   </trkpt>
   <trkpt lat="51.1408620" lon="-0.5338720">
    <ele>65.8</ele>
    <time>2020-04-04T12:20:46Z</time>
   </trkpt>
   <trkpt lat="51.1408290" lon="-0.5337980">
    <ele>65.8</ele>
    <time>2020-04-04T12:20:47Z</time>
   </trkpt>
   <trkpt lat="51.1407880" lon="-0.5337250">
    <ele>65.8</ele>
    <time>2020-04-04T12:20:48Z</time>
   </trkpt>
   <trkpt lat="51.1407460" lon="-0.5336540">
    <ele>65.8</ele>
    <time>2020-04-04T12:20:49Z</time>
   </trkpt>
   <trkpt lat="51.1406780" lon="-0.5334970">
    <ele>65.8</ele>
    <time>2020-04-04T12:20:51Z</time>
   </trkpt>
   <trkpt lat="51.1406230" lon="-0.5333290">
    <ele>65.8</ele>
    <time>2020-04-04T12:20:53Z</time>
   </trkpt>
   <trkpt lat="51.1405930" lon="-0.5332410">
    <ele>65.8</ele>
    <time>2020-04-04T12:20:54Z</time>
   </trkpt>
   <trkpt lat="51.1405570" lon="-0.5331570">
    <ele>65.9</ele>
    <time>2020-04-04T12:20:55Z</time>
   </trkpt>
   <trkpt lat="51.1404780" lon="-0.5330060">
    <ele>65.9</ele>
    <time>2020-04-04T12:20:57Z</time>
   </trkpt>
   <trkpt lat="51.1404380" lon="-0.5329380">
    <ele>65.9</ele>
    <time>2020-04-04T12:20:58Z</time>
   </trkpt>
   <trkpt lat="51.1403950" lon="-0.5328670">
    <ele>65.9</ele>
    <time>2020-04-04T12:20:59Z</time>
   </trkpt>
   <trkpt lat="51.1403130" lon="-0.5327280">
    <ele>65.9</ele>
    <time>2020-04-04T12:21:01Z</time>
   </trkpt>
   <trkpt lat="51.1402690" lon="-0.5326550">
    <ele>65.9</ele>
    <time>2020-04-04T12:21:02Z</time>
   </trkpt>
   <trkpt lat="51.1401790" lon="-0.5325100">
    <ele>65.9</ele>
    <time>2020-04-04T12:21:04Z</time>
   </trkpt>
   <trkpt lat="51.1401360" lon="-0.5324370">
    <ele>65.9</ele>
    <time>2020-04-04T12:21:05Z</time>
   </trkpt>
   <trkpt lat="51.1400940" lon="-0.5323610">
    <ele>65.9</ele>
    <time>2020-04-04T12:21:06Z</time>
   </trkpt>
   <trkpt lat="51.1400510" lon="-0.5322880">
    <ele>65.9</ele>
    <time>2020-04-04T12:21:07Z</time>
   </trkpt>
   <trkpt lat="51.1400090" lon="-0.5322080">
    <ele>65.9</ele>
    <time>2020-04-04T12:21:08Z</time>
   </trkpt>
   <trkpt lat="51.1399340" lon="-0.5320530">
    <ele>65.9</ele>
    <time>2020-04-04T12:21:10Z</time>
   </trkpt>
   <trkpt lat="51.1398980" lon="-0.5319730">
    <ele>65.9</ele>
    <time>2020-04-04T12:21:11Z</time>
   </trkpt>
   <trkpt lat="51.1398640" lon="-0.5318930">
    <ele>65.9</ele>
    <time>2020-04-04T12:21:12Z</time>
   </trkpt>
   <trkpt lat="51.1398420" lon="-0.5318140">
    <ele>65.9</ele>
    <time>2020-04-04T12:21:13Z</time>
   </trkpt>
   <trkpt lat="51.1398170" lon="-0.5317350">
    <ele>65.9</ele>
    <time>2020-04-04T12:21:14Z</time>
   </trkpt>
   <trkpt lat="51.1397880" lon="-0.5316470">
    <ele>65.9</ele>
    <time>2020-04-04T12:21:15Z</time>
   </trkpt>
   <trkpt lat="51.1397620" lon="-0.5315520">
    <ele>65.9</ele>
    <time>2020-04-04T12:21:16Z</time>
   </trkpt>
   <trkpt lat="51.1397410" lon="-0.5314590">
    <ele>65.9</ele>
    <time>2020-04-04T12:21:17Z</time>
   </trkpt>
   <trkpt lat="51.1397200" lon="-0.5313710">
    <ele>65.9</ele>
    <time>2020-04-04T12:21:18Z</time>
   </trkpt>
   <trkpt lat="51.1396990" lon="-0.5312860">
    <ele>65.9</ele>
    <time>2020-04-04T12:21:19Z</time>
   </trkpt>
   <trkpt lat="51.1396840" lon="-0.5311950">
    <ele>65.9</ele>
    <time>2020-04-04T12:21:20Z</time>
   </trkpt>
   <trkpt lat="51.1396560" lon="-0.5310090">
    <ele>65.9</ele>
    <time>2020-04-04T12:21:22Z</time>
   </trkpt>
   <trkpt lat="51.1396470" lon="-0.5309210">
    <ele>65.9</ele>
    <time>2020-04-04T12:21:23Z</time>
   </trkpt>
   <trkpt lat="51.1396240" lon="-0.5307540">
    <ele>65.9</ele>
    <time>2020-04-04T12:21:25Z</time>
   </trkpt>
   <trkpt lat="51.1396150" lon="-0.5306790">
    <ele>65.9</ele>
    <time>2020-04-04T12:21:26Z</time>
   </trkpt>
   <trkpt lat="51.1395990" lon="-0.5306000">
    <ele>66.0</ele>
    <time>2020-04-04T12:21:27Z</time>
   </trkpt>
   <trkpt lat="51.1395810" lon="-0.5305170">
    <ele>66.0</ele>
    <time>2020-04-04T12:21:28Z</time>
   </trkpt>
   <trkpt lat="51.1395540" lon="-0.5303470">
    <ele>66.0</ele>
    <time>2020-04-04T12:21:30Z</time>
   </trkpt>
   <trkpt lat="51.1395430" lon="-0.5302690">
    <ele>66.0</ele>
    <time>2020-04-04T12:21:31Z</time>
   </trkpt>
   <trkpt lat="51.1395280" lon="-0.5301880">
    <ele>66.1</ele>
    <time>2020-04-04T12:21:32Z</time>
   </trkpt>
   <trkpt lat="51.1395170" lon="-0.5301050">
    <ele>66.2</ele>
    <time>2020-04-04T12:21:33Z</time>
   </trkpt>
   <trkpt lat="51.1395040" lon="-0.5300200">
    <ele>66.3</ele>
    <time>2020-04-04T12:21:34Z</time>
   </trkpt>
   <trkpt lat="51.1394760" lon="-0.5298530">
    <ele>66.6</ele>
    <time>2020-04-04T12:21:36Z</time>
   </trkpt>
   <trkpt lat="51.1394590" lon="-0.5297720">
    <ele>66.8</ele>
    <time>2020-04-04T12:21:37Z</time>
   </trkpt>
   <trkpt lat="51.1394490" lon="-0.5296860">
    <ele>66.9</ele>
    <time>2020-04-04T12:21:38Z</time>
   </trkpt>
   <trkpt lat="51.1394370" lon="-0.5295910">
    <ele>66.9</ele>
    <time>2020-04-04T12:21:39Z</time>
   </trkpt>
   <trkpt lat="51.1394220" lon="-0.5294960">
    <ele>67.0</ele>
    <time>2020-04-04T12:21:40Z</time>
   </trkpt>
   <trkpt lat="51.1394050" lon="-0.5294060">
    <ele>67.0</ele>
    <time>2020-04-04T12:21:41Z</time>
   </trkpt>
   <trkpt lat="51.1393480" lon="-0.5292270">
    <ele>67.0</ele>
    <time>2020-04-04T12:21:43Z</time>
   </trkpt>
   <trkpt lat="51.1393010" lon="-0.5290310">
    <ele>66.7</ele>
    <time>2020-04-04T12:21:45Z</time>
   </trkpt>
   <trkpt lat="51.1392790" lon="-0.5289300">
    <ele>66.6</ele>
    <time>2020-04-04T12:21:46Z</time>
   </trkpt>
   <trkpt lat="51.1392170" lon="-0.5287480">
    <ele>66.3</ele>
    <time>2020-04-04T12:21:48Z</time>
   </trkpt>
   <trkpt lat="51.1391530" lon="-0.5285730">
    <ele>66.0</ele>
    <time>2020-04-04T12:21:50Z</time>
   </trkpt>
   <trkpt lat="51.1390760" lon="-0.5284140">
    <ele>65.7</ele>
    <time>2020-04-04T12:21:52Z</time>
   </trkpt>
   <trkpt lat="51.1390360" lon="-0.5283530">
    <ele>65.6</ele>
    <time>2020-04-04T12:21:53Z</time>
   </trkpt>
   <trkpt lat="51.1389420" lon="-0.5282820">
    <ele>65.2</ele>
    <time>2020-04-04T12:21:55Z</time>
   </trkpt>
   <trkpt lat="51.1388510" lon="-0.5283430">
    <ele>65.2</ele>
    <time>2020-04-04T12:21:57Z</time>
   </trkpt>
   <trkpt lat="51.1388220" lon="-0.5284260">
    <ele>65.2</ele>
    <time>2020-04-04T12:21:58Z</time>
   </trkpt>
   <trkpt lat="51.1387770" lon="-0.5286120">
    <ele>65.1</ele>
    <time>2020-04-04T12:22:00Z</time>
   </trkpt>
   <trkpt lat="51.1387390" lon="-0.5286990">
    <ele>65.0</ele>
    <time>2020-04-04T12:22:01Z</time>
   </trkpt>
   <trkpt lat="51.1387050" lon="-0.5288000">
    <ele>65.0</ele>
    <time>2020-04-04T12:22:02Z</time>
   </trkpt>
   <trkpt lat="51.1386610" lon="-0.5289060">
    <ele>64.9</ele>
    <time>2020-04-04T12:22:03Z</time>
   </trkpt>
   <trkpt lat="51.1386100" lon="-0.5290220">
    <ele>64.7</ele>
    <time>2020-04-04T12:22:04Z</time>
   </trkpt>
   <trkpt lat="51.1385590" lon="-0.5291410">
    <ele>64.6</ele>
    <time>2020-04-04T12:22:05Z</time>
   </trkpt>
   <trkpt lat="51.1385020" lon="-0.5292560">
    <ele>64.3</ele>
    <time>2020-04-04T12:22:06Z</time>
   </trkpt>
   <trkpt lat="51.1383750" lon="-0.5294860">
    <ele>63.7</ele>
    <time>2020-04-04T12:22:08Z</time>
   </trkpt>
   <trkpt lat="51.1383100" lon="-0.5296070">
    <ele>63.2</ele>
    <time>2020-04-04T12:22:09Z</time>
   </trkpt>
   <trkpt lat="51.1382450" lon="-0.5297320">
    <ele>62.7</ele>
    <time>2020-04-04T12:22:10Z</time>
   </trkpt>
   <trkpt lat="51.1381850" lon="-0.5298650">
    <ele>62.2</ele>
    <time>2020-04-04T12:22:11Z</time>
   </trkpt>
   <trkpt lat="51.1381260" lon="-0.5299980">
    <ele>61.8</ele>
    <time>2020-04-04T12:22:12Z</time>
   </trkpt>
   <trkpt lat="51.1380730" lon="-0.5301400">
    <ele>61.4</ele>
    <time>2020-04-04T12:22:13Z</time>
   </trkpt>
   <trkpt lat="51.1380260" lon="-0.5302880">
    <ele>60.7</ele>
    <time>2020-04-04T12:22:14Z</time>
   </trkpt>
   <trkpt lat="51.1379820" lon="-0.5304410">
    <ele>60.3</ele>
    <time>2020-04-04T12:22:15Z</time>
   </trkpt>
   <trkpt lat="51.1379340" lon="-0.5307580">
    <ele>59.3</ele>
    <time>2020-04-04T12:22:17Z</time>
   </trkpt>
   <trkpt lat="51.1379280" lon="-0.5309200">
    <ele>59.0</ele>
    <time>2020-04-04T12:22:18Z</time>
   </trkpt>
   <trkpt lat="51.1378900" lon="-0.5312260">
    <ele>58.3</ele>
    <time>2020-04-04T12:22:20Z</time>
   </trkpt>
   <trkpt lat="51.1378290" lon="-0.5315170">
    <ele>57.8</ele>
    <time>2020-04-04T12:22:22Z</time>
   </trkpt>
   <trkpt lat="51.1377440" lon="-0.5317930">
    <ele>57.5</ele>
    <time>2020-04-04T12:22:24Z</time>
   </trkpt>
   <trkpt lat="51.1376900" lon="-0.5319150">
    <ele>57.4</ele>
    <time>2020-04-04T12:22:25Z</time>
   </trkpt>
   <trkpt lat="51.1375770" lon="-0.5321260">
    <ele>57.3</ele>
    <time>2020-04-04T12:22:27Z</time>
   </trkpt>
   <trkpt lat="51.1375280" lon="-0.5322390">
    <ele>57.3</ele>
    <time>2020-04-04T12:22:28Z</time>
   </trkpt>
   <trkpt lat="51.1374800" lon="-0.5323470">
    <ele>57.3</ele>
    <time>2020-04-04T12:22:29Z</time>
   </trkpt>
   <trkpt lat="51.1374310" lon="-0.5324550">
    <ele>57.3</ele>
    <time>2020-04-04T12:22:30Z</time>
   </trkpt>
   <trkpt lat="51.1373790" lon="-0.5325530">
    <ele>57.3</ele>
    <time>2020-04-04T12:22:31Z</time>
   </trkpt>
   <trkpt lat="51.1372600" lon="-0.5327150">
    <ele>57.3</ele>
    <time>2020-04-04T12:22:33Z</time>
   </trkpt>
   <trkpt lat="51.1371870" lon="-0.5327690">
    <ele>57.3</ele>
    <time>2020-04-04T12:22:34Z</time>
   </trkpt>
   <trkpt lat="51.1370360" lon="-0.5328080">
    <ele>57.7</ele>
    <time>2020-04-04T12:22:36Z</time>
   </trkpt>
   <trkpt lat="51.1368730" lon="-0.5327630">
    <ele>57.7</ele>
    <time>2020-04-04T12:22:38Z</time>
   </trkpt>
   <trkpt lat="51.1367980" lon="-0.5327440">
    <ele>57.7</ele>
    <time>2020-04-04T12:22:39Z</time>
   </trkpt>
   <trkpt lat="51.1367240" lon="-0.5327390">
    <ele>57.7</ele>
    <time>2020-04-04T12:22:40Z</time>
   </trkpt>
   <trkpt lat="51.1366510" lon="-0.5327420">
    <ele>57.7</ele>
    <time>2020-04-04T12:22:41Z</time>
   </trkpt>
   <trkpt lat="51.1365090" lon="-0.5327650">
    <ele>57.7</ele>
    <time>2020-04-04T12:22:43Z</time>
   </trkpt>
   <trkpt lat="51.1363720" lon="-0.5328140">
    <ele>57.7</ele>
    <time>2020-04-04T12:22:45Z</time>
   </trkpt>
   <trkpt lat="51.1363100" lon="-0.5328390">
    <ele>57.6</ele>
    <time>2020-04-04T12:22:46Z</time>
   </trkpt>
   <trkpt lat="51.1362490" lon="-0.5328790">
    <ele>57.6</ele>
    <time>2020-04-04T12:22:47Z</time>
   </trkpt>
   <trkpt lat="51.1361240" lon="-0.5329750">
    <ele>57.5</ele>
    <time>2020-04-04T12:22:49Z</time>
   </trkpt>
   <trkpt lat="51.1360640" lon="-0.5330210">
    <ele>57.4</ele>
    <time>2020-04-04T12:22:50Z</time>
   </trkpt>
   <trkpt lat="51.1359500" lon="-0.5331340">
    <ele>57.2</ele>
    <time>2020-04-04T12:22:52Z</time>
   </trkpt>
   <trkpt lat="51.1358880" lon="-0.5331880">
    <ele>57.1</ele>
    <time>2020-04-04T12:22:53Z</time>
   </trkpt>
   <trkpt lat="51.1358270" lon="-0.5332500">
    <ele>57.0</ele>
    <time>2020-04-04T12:22:54Z</time>
   </trkpt>
   <trkpt lat="51.1357680" lon="-0.5333060">
    <ele>56.9</ele>
    <time>2020-04-04T12:22:55Z</time>
   </trkpt>
   <trkpt lat="51.1356480" lon="-0.5334270">
    <ele>56.7</ele>
    <time>2020-04-04T12:22:57Z</time>
   </trkpt>
   <trkpt lat="51.1355940" lon="-0.5334880">
    <ele>56.6</ele>
    <time>2020-04-04T12:22:58Z</time>
   </trkpt>
   <trkpt lat="51.1355440" lon="-0.5335540">
    <ele>56.6</ele>
    <time>2020-04-04T12:22:59Z</time>
   </trkpt>
   <trkpt lat="51.1355010" lon="-0.5336090">
    <ele>56.5</ele>
    <time>2020-04-04T12:23:00Z</time>
   </trkpt>
   <trkpt lat="51.1354480" lon="-0.5336550">
    <ele>56.5</ele>
    <time>2020-04-04T12:23:01Z</time>
   </trkpt>
   <trkpt lat="51.1353950" lon="-0.5337000">
    <ele>56.3</ele>
    <time>2020-04-04T12:23:02Z</time>
   </trkpt>
   <trkpt lat="51.1353440" lon="-0.5337640">
    <ele>56.2</ele>
    <time>2020-04-04T12:23:03Z</time>
   </trkpt>
   <trkpt lat="51.1352900" lon="-0.5338340">
    <ele>56.1</ele>
    <time>2020-04-04T12:23:04Z</time>
   </trkpt>
   <trkpt lat="51.1352400" lon="-0.5339060">
    <ele>55.9</ele>
    <time>2020-04-04T12:23:05Z</time>
   </trkpt>
   <trkpt lat="51.1351900" lon="-0.5339730">
    <ele>55.8</ele>
    <time>2020-04-04T12:23:06Z</time>
   </trkpt>
   <trkpt lat="51.1351310" lon="-0.5340380">
    <ele>55.7</ele>
    <time>2020-04-04T12:23:07Z</time>
   </trkpt>
   <trkpt lat="51.1350780" lon="-0.5341170">
    <ele>55.6</ele>
    <time>2020-04-04T12:23:08Z</time>
   </trkpt>
   <trkpt lat="51.1350290" lon="-0.5342020">
    <ele>55.6</ele>
    <time>2020-04-04T12:23:09Z</time>
   </trkpt>
   <trkpt lat="51.1349780" lon="-0.5342840">
    <ele>55.6</ele>
    <time>2020-04-04T12:23:10Z</time>
   </trkpt>
   <trkpt lat="51.1349310" lon="-0.5343750">
    <ele>55.6</ele>
    <time>2020-04-04T12:23:11Z</time>
   </trkpt>
   <trkpt lat="51.1348890" lon="-0.5344730">
    <ele>55.6</ele>
    <time>2020-04-04T12:23:12Z</time>
   </trkpt>
   <trkpt lat="51.1348420" lon="-0.5345700">
    <ele>55.6</ele>
    <time>2020-04-04T12:23:13Z</time>
   </trkpt>
   <trkpt lat="51.1347940" lon="-0.5346690">
    <ele>55.6</ele>
    <time>2020-04-04T12:23:14Z</time>
   </trkpt>
   <trkpt lat="51.1347500" lon="-0.5347680">
    <ele>55.7</ele>
    <time>2020-04-04T12:23:15Z</time>
   </trkpt>
   <trkpt lat="51.1347090" lon="-0.5348640">
    <ele>55.8</ele>
    <time>2020-04-04T12:23:16Z</time>
   </trkpt>
   <trkpt lat="51.1346220" lon="-0.5350650">
    <ele>56.1</ele>
    <time>2020-04-04T12:23:18Z</time>
   </trkpt>
   <trkpt lat="51.1345760" lon="-0.5351710">
    <ele>56.3</ele>
    <time>2020-04-04T12:23:19Z</time>
   </trkpt>
   <trkpt lat="51.1345300" lon="-0.5352760">
    <ele>56.4</ele>
    <time>2020-04-04T12:23:20Z</time>
   </trkpt>
   <trkpt lat="51.1344850" lon="-0.5353770">
    <ele>56.6</ele>
    <time>2020-04-04T12:23:21Z</time>
   </trkpt>
   <trkpt lat="51.1344430" lon="-0.5354800">
    <ele>56.8</ele>
    <time>2020-04-04T12:23:22Z</time>
   </trkpt>
   <trkpt lat="51.1344030" lon="-0.5355810">
    <ele>57.0</ele>
    <time>2020-04-04T12:23:23Z</time>
   </trkpt>
   <trkpt lat="51.1343600" lon="-0.5356740">
    <ele>57.2</ele>
    <time>2020-04-04T12:23:24Z</time>
   </trkpt>
   <trkpt lat="51.1343180" lon="-0.5357710">
    <ele>57.3</ele>
    <time>2020-04-04T12:23:25Z</time>
   </trkpt>
   <trkpt lat="51.1342720" lon="-0.5358640">
    <ele>57.4</ele>
    <time>2020-04-04T12:23:26Z</time>
   </trkpt>
   <trkpt lat="51.1342270" lon="-0.5359570">
    <ele>57.4</ele>
    <time>2020-04-04T12:23:27Z</time>
   </trkpt>
   <trkpt lat="51.1341840" lon="-0.5360470">
    <ele>57.5</ele>
    <time>2020-04-04T12:23:28Z</time>
   </trkpt>
   <trkpt lat="51.1341340" lon="-0.5361270">
    <ele>57.5</ele>
    <time>2020-04-04T12:23:29Z</time>
   </trkpt>
   <trkpt lat="51.1340840" lon="-0.5362040">
    <ele>57.4</ele>
    <time>2020-04-04T12:23:30Z</time>
   </trkpt>
   <trkpt lat="51.1340380" lon="-0.5362790">
    <ele>57.4</ele>
    <time>2020-04-04T12:23:31Z</time>
   </trkpt>
   <trkpt lat="51.1339910" lon="-0.5363490">
    <ele>57.3</ele>
    <time>2020-04-04T12:23:32Z</time>
   </trkpt>
   <trkpt lat="51.1338990" lon="-0.5364840">
    <ele>57.0</ele>
    <time>2020-04-04T12:23:34Z</time>
   </trkpt>
   <trkpt lat="51.1338050" lon="-0.5366090">
    <ele>56.8</ele>
    <time>2020-04-04T12:23:36Z</time>
   </trkpt>
   <trkpt lat="51.1337540" lon="-0.5366690">
    <ele>56.7</ele>
    <time>2020-04-04T12:23:37Z</time>
   </trkpt>
   <trkpt lat="51.1337000" lon="-0.5367300">
    <ele>56.6</ele>
    <time>2020-04-04T12:23:38Z</time>
   </trkpt>
   <trkpt lat="51.1336440" lon="-0.5367850">
    <ele>56.5</ele>
    <time>2020-04-04T12:23:39Z</time>
   </trkpt>
   <trkpt lat="51.1335910" lon="-0.5368430">
    <ele>56.5</ele>
    <time>2020-04-04T12:23:40Z</time>
   </trkpt>
   <trkpt lat="51.1335350" lon="-0.5369050">
    <ele>56.5</ele>
    <time>2020-04-04T12:23:41Z</time>
   </trkpt>
   <trkpt lat="51.1334780" lon="-0.5369610">
    <ele>56.5</ele>
    <time>2020-04-04T12:23:42Z</time>
   </trkpt>
   <trkpt lat="51.1334210" lon="-0.5370030">
    <ele>56.5</ele>
    <time>2020-04-04T12:23:43Z</time>
   </trkpt>
   <trkpt lat="51.1333630" lon="-0.5370610">
    <ele>56.5</ele>
    <time>2020-04-04T12:23:44Z</time>
   </trkpt>
   <trkpt lat="51.1333020" lon="-0.5371220">
    <ele>56.5</ele>
    <time>2020-04-04T12:23:45Z</time>
   </trkpt>
   <trkpt lat="51.1332460" lon="-0.5371830">
    <ele>56.5</ele>
    <time>2020-04-04T12:23:46Z</time>
   </trkpt>
   <trkpt lat="51.1331240" lon="-0.5372840">
    <ele>56.6</ele>
    <time>2020-04-04T12:23:48Z</time>
   </trkpt>
   <trkpt lat="51.1330550" lon="-0.5373330">
    <ele>56.8</ele>
    <time>2020-04-04T12:23:49Z</time>
   </trkpt>
   <trkpt lat="51.1329900" lon="-0.5374020">
    <ele>56.9</ele>
    <time>2020-04-04T12:23:50Z</time>
   </trkpt>
   <trkpt lat="51.1329390" lon="-0.5374800">
    <ele>57.1</ele>
    <time>2020-04-04T12:23:51Z</time>
   </trkpt>
   <trkpt lat="51.1329090" lon="-0.5375830">
    <ele>57.3</ele>
    <time>2020-04-04T12:23:52Z</time>
   </trkpt>
   <trkpt lat="51.1329110" lon="-0.5377110">
    <ele>57.4</ele>
    <time>2020-04-04T12:23:53Z</time>
   </trkpt>
   <trkpt lat="51.1329420" lon="-0.5378330">
    <ele>57.3</ele>
    <time>2020-04-04T12:23:54Z</time>
   </trkpt>
   <trkpt lat="51.1329980" lon="-0.5379290">
    <ele>57.2</ele>
    <time>2020-04-04T12:23:55Z</time>
   </trkpt>
   <trkpt lat="51.1330610" lon="-0.5380070">
    <ele>57.0</ele>
    <time>2020-04-04T12:23:56Z</time>
   </trkpt>
   <trkpt lat="51.1331300" lon="-0.5380670">
    <ele>56.9</ele>
    <time>2020-04-04T12:23:57Z</time>
   </trkpt>
   <trkpt lat="51.1331960" lon="-0.5381220">
    <ele>56.9</ele>
    <time>2020-04-04T12:23:58Z</time>
   </trkpt>
   <trkpt lat="51.1333300" lon="-0.5382460">
    <ele>56.9</ele>
    <time>2020-04-04T12:24:00Z</time>
   </trkpt>
   <trkpt lat="51.1334610" lon="-0.5383690">
    <ele>57.1</ele>
    <time>2020-04-04T12:24:02Z</time>
   </trkpt>
   <trkpt lat="51.1335200" lon="-0.5384250">
    <ele>57.2</ele>
    <time>2020-04-04T12:24:03Z</time>
   </trkpt>
   <trkpt lat="51.1336250" lon="-0.5385170">
    <ele>57.5</ele>
    <time>2020-04-04T12:24:05Z</time>
   </trkpt>
   <trkpt lat="51.1337220" lon="-0.5386090">
    <ele>57.8</ele>
    <time>2020-04-04T12:24:07Z</time>
   </trkpt>
   <trkpt lat="51.1337730" lon="-0.5386480">
    <ele>58.0</ele>
    <time>2020-04-04T12:24:08Z</time>
   </trkpt>
   <trkpt lat="51.1338190" lon="-0.5386880">
    <ele>58.2</ele>
    <time>2020-04-04T12:24:09Z</time>
   </trkpt>
   <trkpt lat="51.1339150" lon="-0.5387590">
    <ele>58.6</ele>
    <time>2020-04-04T12:24:11Z</time>
   </trkpt>
   <trkpt lat="51.1339620" lon="-0.5387970">
    <ele>58.9</ele>
    <time>2020-04-04T12:24:12Z</time>
   </trkpt>
   <trkpt lat="51.1340070" lon="-0.5388330">
    <ele>59.2</ele>
    <time>2020-04-04T12:24:13Z</time>
   </trkpt>
   <trkpt lat="51.1340480" lon="-0.5388690">
    <ele>59.4</ele>
    <time>2020-04-04T12:24:14Z</time>
   </trkpt>
   <trkpt lat="51.1341340" lon="-0.5389500">
    <ele>60.0</ele>
    <time>2020-04-04T12:24:16Z</time>
   </trkpt>
   <trkpt lat="51.1341760" lon="-0.5389890">
    <ele>60.3</ele>
    <time>2020-04-04T12:24:17Z</time>
   </trkpt>
   <trkpt lat="51.1342160" lon="-0.5390260">
    <ele>60.6</ele>
    <time>2020-04-04T12:24:18Z</time>
   </trkpt>
   <trkpt lat="51.1342570" lon="-0.5390600">
    <ele>60.9</ele>
    <time>2020-04-04T12:24:19Z</time>
   </trkpt>
   <trkpt lat="51.1342870" lon="-0.5390910">
    <ele>61.1</ele>
    <time>2020-04-04T12:24:20Z</time>
   </trkpt>
   <trkpt lat="51.1343200" lon="-0.5391230">
    <ele>61.4</ele>
    <time>2020-04-04T12:24:21Z</time>
   </trkpt>
   <trkpt lat="51.1343460" lon="-0.5391530">
    <ele>61.6</ele>
    <time>2020-04-04T12:24:22Z</time>
   </trkpt>
   <trkpt lat="51.1343760" lon="-0.5391960">
    <ele>62.0</ele>
    <time>2020-04-04T12:24:23Z</time>
   </trkpt>
   <trkpt lat="51.1344290" lon="-0.5393030">
    <ele>62.6</ele>
    <time>2020-04-04T12:24:25Z</time>
   </trkpt>
   <trkpt lat="51.1344510" lon="-0.5393800">
    <ele>63.0</ele>
    <time>2020-04-04T12:24:26Z</time>
   </trkpt>
   <trkpt lat="51.1344510" lon="-0.5393730">
    <ele>63.0</ele>
    <time>2020-04-04T12:24:27Z</time>
   </trkpt>
   <trkpt lat="51.1344560" lon="-0.5394990">
    <ele>63.6</ele>
    <time>2020-04-04T12:24:29Z</time>
   </trkpt>
   <trkpt lat="51.1344400" lon="-0.5396130">
    <ele>63.3</ele>
    <time>2020-04-04T12:24:30Z</time>
   </trkpt>
   <trkpt lat="51.1344120" lon="-0.5397050">
    <ele>63.0</ele>
    <time>2020-04-04T12:24:31Z</time>
   </trkpt>
   <trkpt lat="51.1343850" lon="-0.5397890">
    <ele>62.8</ele>
    <time>2020-04-04T12:24:32Z</time>
   </trkpt>
   <trkpt lat="51.1343550" lon="-0.5398720">
    <ele>62.7</ele>
    <time>2020-04-04T12:24:33Z</time>
   </trkpt>
   <trkpt lat="51.1343100" lon="-0.5399690">
    <ele>62.7</ele>
    <time>2020-04-04T12:24:34Z</time>
   </trkpt>
   <trkpt lat="51.1342700" lon="-0.5400620">
    <ele>62.7</ele>
    <time>2020-04-04T12:24:35Z</time>
   </trkpt>
   <trkpt lat="51.1342270" lon="-0.5401490">
    <ele>62.7</ele>
    <time>2020-04-04T12:24:36Z</time>
   </trkpt>
   <trkpt lat="51.1341820" lon="-0.5402410">
    <ele>62.7</ele>
    <time>2020-04-04T12:24:37Z</time>
   </trkpt>
   <trkpt lat="51.1341350" lon="-0.5403380">
    <ele>62.7</ele>
    <time>2020-04-04T12:24:38Z</time>
   </trkpt>
   <trkpt lat="51.1340880" lon="-0.5404300">
    <ele>62.7</ele>
    <time>2020-04-04T12:24:39Z</time>
   </trkpt>
   <trkpt lat="51.1340390" lon="-0.5405230">
    <ele>62.7</ele>
    <time>2020-04-04T12:24:40Z</time>
   </trkpt>
   <trkpt lat="51.1339900" lon="-0.5406170">
    <ele>62.7</ele>
    <time>2020-04-04T12:24:41Z</time>
   </trkpt>
   <trkpt lat="51.1339430" lon="-0.5407110">
    <ele>62.7</ele>
    <time>2020-04-04T12:24:42Z</time>
   </trkpt>
   <trkpt lat="51.1338570" lon="-0.5409050">
    <ele>62.8</ele>
    <time>2020-04-04T12:24:44Z</time>
   </trkpt>
   <trkpt lat="51.1338090" lon="-0.5410000">
    <ele>62.9</ele>
    <time>2020-04-04T12:24:45Z</time>
   </trkpt>
   <trkpt lat="51.1337640" lon="-0.5410940">
    <ele>63.1</ele>
    <time>2020-04-04T12:24:46Z</time>
   </trkpt>
   <trkpt lat="51.1337130" lon="-0.5411810">
    <ele>63.3</ele>
    <time>2020-04-04T12:24:47Z</time>
   </trkpt>
   <trkpt lat="51.1336620" lon="-0.5412640">
    <ele>63.4</ele>
    <time>2020-04-04T12:24:48Z</time>
   </trkpt>
   <trkpt lat="51.1336170" lon="-0.5413530">
    <ele>63.6</ele>
    <time>2020-04-04T12:24:49Z</time>
   </trkpt>
   <trkpt lat="51.1335190" lon="-0.5415220">
    <ele>63.7</ele>
    <time>2020-04-04T12:24:51Z</time>
   </trkpt>
   <trkpt lat="51.1334620" lon="-0.5416030">
    <ele>63.7</ele>
    <time>2020-04-04T12:24:52Z</time>
   </trkpt>
   <trkpt lat="51.1334100" lon="-0.5416860">
    <ele>63.8</ele>
    <time>2020-04-04T12:24:53Z</time>
   </trkpt>
   <trkpt lat="51.1333590" lon="-0.5417680">
    <ele>63.8</ele>
    <time>2020-04-04T12:24:54Z</time>
   </trkpt>
   <trkpt lat="51.1333060" lon="-0.5418530">
    <ele>63.8</ele>
    <time>2020-04-04T12:24:55Z</time>
   </trkpt>
   <trkpt lat="51.1332480" lon="-0.5419400">
    <ele>63.8</ele>
    <time>2020-04-04T12:24:56Z</time>
   </trkpt>
   <trkpt lat="51.1331960" lon="-0.5420230">
    <ele>63.8</ele>
    <time>2020-04-04T12:24:57Z</time>
   </trkpt>
   <trkpt lat="51.1331500" lon="-0.5421050">
    <ele>63.8</ele>
    <time>2020-04-04T12:24:58Z</time>
   </trkpt>
   <trkpt lat="51.1331050" lon="-0.5421890">
    <ele>63.9</ele>
    <time>2020-04-04T12:24:59Z</time>
   </trkpt>
   <trkpt lat="51.1330620" lon="-0.5422780">
    <ele>64.0</ele>
    <time>2020-04-04T12:25:00Z</time>
   </trkpt>
   <trkpt lat="51.1330210" lon="-0.5423690">
    <ele>64.1</ele>
    <time>2020-04-04T12:25:01Z</time>
   </trkpt>
   <trkpt lat="51.1329810" lon="-0.5424530">
    <ele>64.3</ele>
    <time>2020-04-04T12:25:02Z</time>
   </trkpt>
   <trkpt lat="51.1329450" lon="-0.5425380">
    <ele>64.5</ele>
    <time>2020-04-04T12:25:03Z</time>
   </trkpt>
   <trkpt lat="51.1329050" lon="-0.5426270">
    <ele>64.6</ele>
    <time>2020-04-04T12:25:04Z</time>
   </trkpt>
   <trkpt lat="51.1328150" lon="-0.5427890">
    <ele>64.8</ele>
    <time>2020-04-04T12:25:06Z</time>
   </trkpt>
   <trkpt lat="51.1327700" lon="-0.5428670">
    <ele>64.9</ele>
    <time>2020-04-04T12:25:07Z</time>
   </trkpt>
   <trkpt lat="51.1327250" lon="-0.5429260">
    <ele>65.0</ele>
    <time>2020-04-04T12:25:08Z</time>
   </trkpt>
   <trkpt lat="51.1326490" lon="-0.5430840">
    <ele>65.3</ele>
    <time>2020-04-04T12:25:10Z</time>
   </trkpt>
   <trkpt lat="51.1325640" lon="-0.5432370">
    <ele>65.7</ele>
    <time>2020-04-04T12:25:12Z</time>
   </trkpt>
   <trkpt lat="51.1325260" lon="-0.5433160">
    <ele>65.9</ele>
    <time>2020-04-04T12:25:13Z</time>
   </trkpt>
   <trkpt lat="51.1324870" lon="-0.5433930">
    <ele>66.1</ele>
    <time>2020-04-04T12:25:14Z</time>
   </trkpt>
   <trkpt lat="51.1324090" lon="-0.5435480">
    <ele>66.6</ele>
    <time>2020-04-04T12:25:16Z</time>
   </trkpt>
   <trkpt lat="51.1323670" lon="-0.5436220">
    <ele>66.9</ele>
    <time>2020-04-04T12:25:17Z</time>
   </trkpt>
   <trkpt lat="51.1323290" lon="-0.5436950">
    <ele>67.2</ele>
    <time>2020-04-04T12:25:18Z</time>
   </trkpt>
   <trkpt lat="51.1322880" lon="-0.5437720">
    <ele>67.5</ele>
    <time>2020-04-04T12:25:19Z</time>
   </trkpt>
   <trkpt lat="51.1322110" lon="-0.5439210">
    <ele>68.0</ele>
    <time>2020-04-04T12:25:21Z</time>
   </trkpt>
   <trkpt lat="51.1321720" lon="-0.5439940">
    <ele>68.3</ele>
    <time>2020-04-04T12:25:22Z</time>
   </trkpt>
   <trkpt lat="51.1321360" lon="-0.5440670">
    <ele>68.5</ele>
    <time>2020-04-04T12:25:23Z</time>
   </trkpt>
   <trkpt lat="51.1320670" lon="-0.5442070">
    <ele>68.8</ele>
    <time>2020-04-04T12:25:25Z</time>
   </trkpt>
   <trkpt lat="51.1320320" lon="-0.5442780">
    <ele>68.9</ele>
    <time>2020-04-04T12:25:26Z</time>
   </trkpt>
   <trkpt lat="51.1319680" lon="-0.5444160">
    <ele>69.1</ele>
    <time>2020-04-04T12:25:28Z</time>
   </trkpt>
   <trkpt lat="51.1319330" lon="-0.5444800">
    <ele>69.2</ele>
    <time>2020-04-04T12:25:29Z</time>
   </trkpt>
   <trkpt lat="51.1318980" lon="-0.5445450">
    <ele>69.3</ele>
    <time>2020-04-04T12:25:30Z</time>
   </trkpt>
   <trkpt lat="51.1318350" lon="-0.5446760">
    <ele>69.6</ele>
    <time>2020-04-04T12:25:32Z</time>
   </trkpt>
   <trkpt lat="51.1318070" lon="-0.5447400">
    <ele>69.8</ele>
    <time>2020-04-04T12:25:33Z</time>
   </trkpt>
   <trkpt lat="51.1317440" lon="-0.5448620">
    <ele>69.9</ele>
    <time>2020-04-04T12:25:35Z</time>
   </trkpt>
   <trkpt lat="51.1316750" lon="-0.5449870">
    <ele>69.9</ele>
    <time>2020-04-04T12:25:37Z</time>
   </trkpt>
   <trkpt lat="51.1316420" lon="-0.5450480">
    <ele>70.0</ele>
    <time>2020-04-04T12:25:38Z</time>
   </trkpt>
   <trkpt lat="51.1316100" lon="-0.5451060">
    <ele>70.0</ele>
    <time>2020-04-04T12:25:39Z</time>
   </trkpt>
   <trkpt lat="51.1315780" lon="-0.5451670">
    <ele>70.0</ele>
    <time>2020-04-04T12:25:40Z</time>
   </trkpt>
   <trkpt lat="51.1315470" lon="-0.5452310">
    <ele>70.0</ele>
    <time>2020-04-04T12:25:41Z</time>
   </trkpt>
   <trkpt lat="51.1315190" lon="-0.5452980">
    <ele>70.0</ele>
    <time>2020-04-04T12:25:42Z</time>
   </trkpt>
   <trkpt lat="51.1314920" lon="-0.5453650">
    <ele>70.1</ele>
    <time>2020-04-04T12:25:43Z</time>
   </trkpt>
   <trkpt lat="51.1314630" lon="-0.5454290">
    <ele>70.2</ele>
    <time>2020-04-04T12:25:44Z</time>
   </trkpt>
   <trkpt lat="51.1314300" lon="-0.5454890">
    <ele>70.3</ele>
    <time>2020-04-04T12:25:45Z</time>
   </trkpt>
   <trkpt lat="51.1314040" lon="-0.5455480">
    <ele>70.4</ele>
    <time>2020-04-04T12:25:46Z</time>
   </trkpt>
   <trkpt lat="51.1313870" lon="-0.5455830">
    <ele>70.5</ele>
    <time>2020-04-04T12:25:47Z</time>
   </trkpt>
   <trkpt lat="51.1313570" lon="-0.5456540">
    <ele>70.6</ele>
    <time>2020-04-04T12:25:48Z</time>
   </trkpt>
   <trkpt lat="51.1312990" lon="-0.5457880">
    <ele>70.8</ele>
    <time>2020-04-04T12:25:50Z</time>
   </trkpt>
   <trkpt lat="51.1312600" lon="-0.5458580">
    <ele>70.9</ele>
    <time>2020-04-04T12:25:51Z</time>
   </trkpt>
   <trkpt lat="51.1311830" lon="-0.5459890">
    <ele>71.1</ele>
    <time>2020-04-04T12:25:53Z</time>
   </trkpt>
   <trkpt lat="51.1311470" lon="-0.5460450">
    <ele>71.1</ele>
    <time>2020-04-04T12:25:54Z</time>
   </trkpt>
   <trkpt lat="51.1311160" lon="-0.5460940">
    <ele>71.1</ele>
    <time>2020-04-04T12:25:55Z</time>
   </trkpt>
   <trkpt lat="51.1310970" lon="-0.5461240">
    <ele>71.1</ele>
    <time>2020-04-04T12:25:56Z</time>
   </trkpt>
   <trkpt lat="51.1310660" lon="-0.5462180">
    <ele>71.1</ele>
    <time>2020-04-04T12:25:57Z</time>
   </trkpt>
   <trkpt lat="51.1310400" lon="-0.5463040">
    <ele>71.1</ele>
    <time>2020-04-04T12:25:58Z</time>
   </trkpt>
   <trkpt lat="51.1310070" lon="-0.5463720">
    <ele>71.2</ele>
    <time>2020-04-04T12:25:59Z</time>
   </trkpt>
   <trkpt lat="51.1309700" lon="-0.5465430">
    <ele>71.2</ele>
    <time>2020-04-04T12:26:01Z</time>
   </trkpt>
   <trkpt lat="51.1309490" lon="-0.5466290">
    <ele>71.2</ele>
    <time>2020-04-04T12:26:02Z</time>
   </trkpt>
   <trkpt lat="51.1309300" lon="-0.5467020">
    <ele>71.2</ele>
    <time>2020-04-04T12:26:03Z</time>
   </trkpt>
   <trkpt lat="51.1309040" lon="-0.5467780">
    <ele>71.2</ele>
    <time>2020-04-04T12:26:04Z</time>
   </trkpt>
   <trkpt lat="51.1308640" lon="-0.5468550">
    <ele>71.2</ele>
    <time>2020-04-04T12:26:05Z</time>
   </trkpt>
   <trkpt lat="51.1307950" lon="-0.5470080">
    <ele>71.1</ele>
    <time>2020-04-04T12:26:07Z</time>
   </trkpt>
   <trkpt lat="51.1307680" lon="-0.5470910">
    <ele>70.9</ele>
    <time>2020-04-04T12:26:08Z</time>
   </trkpt>
   <trkpt lat="51.1307340" lon="-0.5471690">
    <ele>70.8</ele>
    <time>2020-04-04T12:26:09Z</time>
   </trkpt>
   <trkpt lat="51.1307010" lon="-0.5472510">
    <ele>70.7</ele>
    <time>2020-04-04T12:26:10Z</time>
   </trkpt>
   <trkpt lat="51.1306810" lon="-0.5473410">
    <ele>70.5</ele>
    <time>2020-04-04T12:26:11Z</time>
   </trkpt>
   <trkpt lat="51.1306580" lon="-0.5474360">
    <ele>70.4</ele>
    <time>2020-04-04T12:26:12Z</time>
   </trkpt>
   <trkpt lat="51.1306320" lon="-0.5475250">
    <ele>70.3</ele>
    <time>2020-04-04T12:26:13Z</time>
   </trkpt>
   <trkpt lat="51.1306090" lon="-0.5476190">
    <ele>70.2</ele>
    <time>2020-04-04T12:26:14Z</time>
   </trkpt>
   <trkpt lat="51.1305690" lon="-0.5476960">
    <ele>70.0</ele>
    <time>2020-04-04T12:26:15Z</time>
   </trkpt>
   <trkpt lat="51.1305000" lon="-0.5478780">
    <ele>69.7</ele>
    <time>2020-04-04T12:26:17Z</time>
   </trkpt>
   <trkpt lat="51.1304620" lon="-0.5479610">
    <ele>69.6</ele>
    <time>2020-04-04T12:26:18Z</time>
   </trkpt>
   <trkpt lat="51.1304260" lon="-0.5480560">
    <ele>69.5</ele>
    <time>2020-04-04T12:26:19Z</time>
   </trkpt>
   <trkpt lat="51.1303900" lon="-0.5481570">
    <ele>69.4</ele>
    <time>2020-04-04T12:26:20Z</time>
   </trkpt>
   <trkpt lat="51.1303520" lon="-0.5482560">
    <ele>69.5</ele>
    <time>2020-04-04T12:26:21Z</time>
   </trkpt>
   <trkpt lat="51.1303210" lon="-0.5483440">
    <ele>69.5</ele>
    <time>2020-04-04T12:26:22Z</time>
   </trkpt>
   <trkpt lat="51.1302910" lon="-0.5484440">
    <ele>69.5</ele>
    <time>2020-04-04T12:26:23Z</time>
   </trkpt>
   <trkpt lat="51.1302680" lon="-0.5485520">
    <ele>69.5</ele>
    <time>2020-04-04T12:26:24Z</time>
   </trkpt>
   <trkpt lat="51.1302030" lon="-0.5487440">
    <ele>69.6</ele>
    <time>2020-04-04T12:26:26Z</time>
   </trkpt>
   <trkpt lat="51.1301720" lon="-0.5488420">
    <ele>69.6</ele>
    <time>2020-04-04T12:26:27Z</time>
   </trkpt>
   <trkpt lat="51.1301470" lon="-0.5489420">
    <ele>69.6</ele>
    <time>2020-04-04T12:26:28Z</time>
   </trkpt>
   <trkpt lat="51.1300900" lon="-0.5491310">
    <ele>69.6</ele>
    <time>2020-04-04T12:26:30Z</time>
   </trkpt>
   <trkpt lat="51.1300530" lon="-0.5493230">
    <ele>69.7</ele>
    <time>2020-04-04T12:26:32Z</time>
   </trkpt>
   <trkpt lat="51.1300220" lon="-0.5495390">
    <ele>69.7</ele>
    <time>2020-04-04T12:26:34Z</time>
   </trkpt>
   <trkpt lat="51.1299970" lon="-0.5496440">
    <ele>69.8</ele>
    <time>2020-04-04T12:26:35Z</time>
   </trkpt>
   <trkpt lat="51.1299740" lon="-0.5497450">
    <ele>69.8</ele>
    <time>2020-04-04T12:26:36Z</time>
   </trkpt>
   <trkpt lat="51.1299250" lon="-0.5499390">
    <ele>69.9</ele>
    <time>2020-04-04T12:26:38Z</time>
   </trkpt>
   <trkpt lat="51.1298750" lon="-0.5501400">
    <ele>70.1</ele>
    <time>2020-04-04T12:26:40Z</time>
   </trkpt>
   <trkpt lat="51.1298560" lon="-0.5502450">
    <ele>70.2</ele>
    <time>2020-04-04T12:26:41Z</time>
   </trkpt>
   <trkpt lat="51.1298390" lon="-0.5503540">
    <ele>70.3</ele>
    <time>2020-04-04T12:26:42Z</time>
   </trkpt>
   <trkpt lat="51.1298210" lon="-0.5504600">
    <ele>70.5</ele>
    <time>2020-04-04T12:26:43Z</time>
   </trkpt>
   <trkpt lat="51.1297810" lon="-0.5506710">
    <ele>70.8</ele>
    <time>2020-04-04T12:26:45Z</time>
   </trkpt>
   <trkpt lat="51.1297530" lon="-0.5507620">
    <ele>70.9</ele>
    <time>2020-04-04T12:26:46Z</time>
   </trkpt>
   <trkpt lat="51.1297330" lon="-0.5508620">
    <ele>70.3</ele>
    <time>2020-04-04T12:26:47Z</time>
   </trkpt>
   <trkpt lat="51.1297160" lon="-0.5509690">
    <ele>69.8</ele>
    <time>2020-04-04T12:26:48Z</time>
   </trkpt>
   <trkpt lat="51.1297030" lon="-0.5510730">
    <ele>69.6</ele>
    <time>2020-04-04T12:26:49Z</time>
   </trkpt>
   <trkpt lat="51.1296830" lon="-0.5511700">
    <ele>69.5</ele>
    <time>2020-04-04T12:26:50Z</time>
   </trkpt>
   <trkpt lat="51.1296630" lon="-0.5512660">
    <ele>69.5</ele>
    <time>2020-04-04T12:26:51Z</time>
   </trkpt>
   <trkpt lat="51.1296360" lon="-0.5513550">
    <ele>69.4</ele>
    <time>2020-04-04T12:26:52Z</time>
   </trkpt>
   <trkpt lat="51.1296080" lon="-0.5514450">
    <ele>69.4</ele>
    <time>2020-04-04T12:26:53Z</time>
   </trkpt>
   <trkpt lat="51.1295810" lon="-0.5515390">
    <ele>69.4</ele>
    <time>2020-04-04T12:26:54Z</time>
   </trkpt>
   <trkpt lat="51.1295540" lon="-0.5516340">
    <ele>69.4</ele>
    <time>2020-04-04T12:26:55Z</time>
   </trkpt>
   <trkpt lat="51.1295330" lon="-0.5517290">
    <ele>69.4</ele>
    <time>2020-04-04T12:26:56Z</time>
   </trkpt>
   <trkpt lat="51.1295050" lon="-0.5518240">
    <ele>69.6</ele>
    <time>2020-04-04T12:26:57Z</time>
   </trkpt>
   <trkpt lat="51.1294350" lon="-0.5520050">
    <ele>69.8</ele>
    <time>2020-04-04T12:26:59Z</time>
   </trkpt>
   <trkpt lat="51.1294070" lon="-0.5520930">
    <ele>69.8</ele>
    <time>2020-04-04T12:27:00Z</time>
   </trkpt>
   <trkpt lat="51.1293820" lon="-0.5521830">
    <ele>69.9</ele>
    <time>2020-04-04T12:27:01Z</time>
   </trkpt>
   <trkpt lat="51.1293140" lon="-0.5523580">
    <ele>70.1</ele>
    <time>2020-04-04T12:27:03Z</time>
   </trkpt>
   <trkpt lat="51.1292810" lon="-0.5524430">
    <ele>70.1</ele>
    <time>2020-04-04T12:27:04Z</time>
   </trkpt>
   <trkpt lat="51.1292580" lon="-0.5525280">
    <ele>70.2</ele>
    <time>2020-04-04T12:27:05Z</time>
   </trkpt>
   <trkpt lat="51.1292320" lon="-0.5526110">
    <ele>70.2</ele>
    <time>2020-04-04T12:27:06Z</time>
   </trkpt>
   <trkpt lat="51.1292040" lon="-0.5526940">
    <ele>70.3</ele>
    <time>2020-04-04T12:27:07Z</time>
   </trkpt>
   <trkpt lat="51.1291790" lon="-0.5527850">
    <ele>70.3</ele>
    <time>2020-04-04T12:27:08Z</time>
   </trkpt>
   <trkpt lat="51.1291580" lon="-0.5528750">
    <ele>70.3</ele>
    <time>2020-04-04T12:27:09Z</time>
   </trkpt>
   <trkpt lat="51.1291320" lon="-0.5529690">
    <ele>70.3</ele>
    <time>2020-04-04T12:27:10Z</time>
   </trkpt>
   <trkpt lat="51.1291080" lon="-0.5530620">
    <ele>70.4</ele>
    <time>2020-04-04T12:27:11Z</time>
   </trkpt>
   <trkpt lat="51.1290890" lon="-0.5531530">
    <ele>70.3</ele>
    <time>2020-04-04T12:27:12Z</time>
   </trkpt>
   <trkpt lat="51.1290600" lon="-0.5532430">
    <ele>70.3</ele>
    <time>2020-04-04T12:27:13Z</time>
   </trkpt>
   <trkpt lat="51.1290190" lon="-0.5533280">
    <ele>70.3</ele>
    <time>2020-04-04T12:27:14Z</time>
   </trkpt>
   <trkpt lat="51.1289870" lon="-0.5534160">
    <ele>70.2</ele>
    <time>2020-04-04T12:27:15Z</time>
   </trkpt>
   <trkpt lat="51.1289660" lon="-0.5535090">
    <ele>70.2</ele>
    <time>2020-04-04T12:27:16Z</time>
   </trkpt>
   <trkpt lat="51.1289450" lon="-0.5536130">
    <ele>70.1</ele>
    <time>2020-04-04T12:27:17Z</time>
   </trkpt>
   <trkpt lat="51.1289160" lon="-0.5537190">
    <ele>69.9</ele>
    <time>2020-04-04T12:27:18Z</time>
   </trkpt>
   <trkpt lat="51.1288970" lon="-0.5538220">
    <ele>69.7</ele>
    <time>2020-04-04T12:27:19Z</time>
   </trkpt>
   <trkpt lat="51.1289020" lon="-0.5539310">
    <ele>69.6</ele>
    <time>2020-04-04T12:27:20Z</time>
   </trkpt>
   <trkpt lat="51.1288990" lon="-0.5540420">
    <ele>69.5</ele>
    <time>2020-04-04T12:27:21Z</time>
   </trkpt>
   <trkpt lat="51.1288880" lon="-0.5541560">
    <ele>69.3</ele>
    <time>2020-04-04T12:27:22Z</time>
   </trkpt>
   <trkpt lat="51.1288770" lon="-0.5542660">
    <ele>69.3</ele>
    <time>2020-04-04T12:27:23Z</time>
   </trkpt>
   <trkpt lat="51.1288530" lon="-0.5543620">
    <ele>69.2</ele>
    <time>2020-04-04T12:27:24Z</time>
   </trkpt>
   <trkpt lat="51.1287450" lon="-0.5545020">
    <ele>67.5</ele>
    <time>2020-04-04T12:27:26Z</time>
   </trkpt>
   <trkpt lat="51.1286800" lon="-0.5545610">
    <ele>67.2</ele>
    <time>2020-04-04T12:27:27Z</time>
   </trkpt>
   <trkpt lat="51.1286210" lon="-0.5546370">
    <ele>66.8</ele>
    <time>2020-04-04T12:27:28Z</time>
   </trkpt>
   <trkpt lat="51.1285690" lon="-0.5547200">
    <ele>66.5</ele>
    <time>2020-04-04T12:27:29Z</time>
   </trkpt>
   <trkpt lat="51.1284640" lon="-0.5548880">
    <ele>66.0</ele>
    <time>2020-04-04T12:27:31Z</time>
   </trkpt>
   <trkpt lat="51.1284190" lon="-0.5549820">
    <ele>65.8</ele>
    <time>2020-04-04T12:27:32Z</time>
   </trkpt>
   <trkpt lat="51.1283730" lon="-0.5550750">
    <ele>65.6</ele>
    <time>2020-04-04T12:27:33Z</time>
   </trkpt>
   <trkpt lat="51.1283300" lon="-0.5551720">
    <ele>65.4</ele>
    <time>2020-04-04T12:27:34Z</time>
   </trkpt>
   <trkpt lat="51.1282830" lon="-0.5552670">
    <ele>65.1</ele>
    <time>2020-04-04T12:27:35Z</time>
   </trkpt>
   <trkpt lat="51.1282000" lon="-0.5554590">
    <ele>64.6</ele>
    <time>2020-04-04T12:27:37Z</time>
   </trkpt>
   <trkpt lat="51.1281500" lon="-0.5555490">
    <ele>64.4</ele>
    <time>2020-04-04T12:27:38Z</time>
   </trkpt>
   <trkpt lat="51.1280430" lon="-0.5557200">
    <ele>64.0</ele>
    <time>2020-04-04T12:27:40Z</time>
   </trkpt>
   <trkpt lat="51.1279890" lon="-0.5558140">
    <ele>63.7</ele>
    <time>2020-04-04T12:27:41Z</time>
   </trkpt>
   <trkpt lat="51.1279380" lon="-0.5559060">
    <ele>63.5</ele>
    <time>2020-04-04T12:27:42Z</time>
   </trkpt>
   <trkpt lat="51.1278820" lon="-0.5559950">
    <ele>63.3</ele>
    <time>2020-04-04T12:27:43Z</time>
   </trkpt>
   <trkpt lat="51.1277650" lon="-0.5561730">
    <ele>63.1</ele>
    <time>2020-04-04T12:27:45Z</time>
   </trkpt>
   <trkpt lat="51.1277090" lon="-0.5562600">
    <ele>63.0</ele>
    <time>2020-04-04T12:27:46Z</time>
   </trkpt>
   <trkpt lat="51.1276510" lon="-0.5563420">
    <ele>62.9</ele>
    <time>2020-04-04T12:27:47Z</time>
   </trkpt>
   <trkpt lat="51.1275980" lon="-0.5564240">
    <ele>62.9</ele>
    <time>2020-04-04T12:27:48Z</time>
   </trkpt>
   <trkpt lat="51.1274810" lon="-0.5565890">
    <ele>62.7</ele>
    <time>2020-04-04T12:27:50Z</time>
   </trkpt>
   <trkpt lat="51.1274260" lon="-0.5566680">
    <ele>62.6</ele>
    <time>2020-04-04T12:27:51Z</time>
   </trkpt>
   <trkpt lat="51.1273670" lon="-0.5567560">
    <ele>62.5</ele>
    <time>2020-04-04T12:27:52Z</time>
   </trkpt>
   <trkpt lat="51.1273070" lon="-0.5568410">
    <ele>62.4</ele>
    <time>2020-04-04T12:27:53Z</time>
   </trkpt>
   <trkpt lat="51.1272510" lon="-0.5569120">
    <ele>62.2</ele>
    <time>2020-04-04T12:27:54Z</time>
   </trkpt>
   <trkpt lat="51.1271230" lon="-0.5570840">
    <ele>62.0</ele>
    <time>2020-04-04T12:27:56Z</time>
   </trkpt>
   <trkpt lat="51.1270610" lon="-0.5571590">
    <ele>62.0</ele>
    <time>2020-04-04T12:27:57Z</time>
   </trkpt>
   <trkpt lat="51.1269960" lon="-0.5572400">
    <ele>61.9</ele>
    <time>2020-04-04T12:27:58Z</time>
   </trkpt>
   <trkpt lat="51.1269270" lon="-0.5573160">
    <ele>61.9</ele>
    <time>2020-04-04T12:27:59Z</time>
   </trkpt>
   <trkpt lat="51.1268640" lon="-0.5574020">
    <ele>61.9</ele>
    <time>2020-04-04T12:28:00Z</time>
   </trkpt>
   <trkpt lat="51.1268070" lon="-0.5574930">
    <ele>61.9</ele>
    <time>2020-04-04T12:28:01Z</time>
   </trkpt>
   <trkpt lat="51.1266900" lon="-0.5576500">
    <ele>62.0</ele>
    <time>2020-04-04T12:28:03Z</time>
   </trkpt>
   <trkpt lat="51.1266300" lon="-0.5577160">
    <ele>62.1</ele>
    <time>2020-04-04T12:28:04Z</time>
   </trkpt>
   <trkpt lat="51.1265660" lon="-0.5577830">
    <ele>62.2</ele>
    <time>2020-04-04T12:28:05Z</time>
   </trkpt>
   <trkpt lat="51.1265060" lon="-0.5578570">
    <ele>62.3</ele>
    <time>2020-04-04T12:28:06Z</time>
   </trkpt>
   <trkpt lat="51.1264500" lon="-0.5579300">
    <ele>62.4</ele>
    <time>2020-04-04T12:28:07Z</time>
   </trkpt>
   <trkpt lat="51.1263910" lon="-0.5580040">
    <ele>62.6</ele>
    <time>2020-04-04T12:28:08Z</time>
   </trkpt>
   <trkpt lat="51.1263300" lon="-0.5580800">
    <ele>62.7</ele>
    <time>2020-04-04T12:28:09Z</time>
   </trkpt>
   <trkpt lat="51.1262630" lon="-0.5581530">
    <ele>62.7</ele>
    <time>2020-04-04T12:28:10Z</time>
   </trkpt>
   <trkpt lat="51.1261980" lon="-0.5582290">
    <ele>62.7</ele>
    <time>2020-04-04T12:28:11Z</time>
   </trkpt>
   <trkpt lat="51.1260810" lon="-0.5583740">
    <ele>62.8</ele>
    <time>2020-04-04T12:28:13Z</time>
   </trkpt>
   <trkpt lat="51.1260150" lon="-0.5584460">
    <ele>62.8</ele>
    <time>2020-04-04T12:28:14Z</time>
   </trkpt>
   <trkpt lat="51.1259500" lon="-0.5585340">
    <ele>62.7</ele>
    <time>2020-04-04T12:28:15Z</time>
   </trkpt>
   <trkpt lat="51.1258870" lon="-0.5586200">
    <ele>62.7</ele>
    <time>2020-04-04T12:28:16Z</time>
   </trkpt>
   <trkpt lat="51.1258270" lon="-0.5587060">
    <ele>62.5</ele>
    <time>2020-04-04T12:28:17Z</time>
   </trkpt>
   <trkpt lat="51.1257670" lon="-0.5587910">
    <ele>62.3</ele>
    <time>2020-04-04T12:28:18Z</time>
   </trkpt>
   <trkpt lat="51.1257070" lon="-0.5588810">
    <ele>62.1</ele>
    <time>2020-04-04T12:28:19Z</time>
   </trkpt>
   <trkpt lat="51.1256530" lon="-0.5589700">
    <ele>62.0</ele>
    <time>2020-04-04T12:28:20Z</time>
   </trkpt>
   <trkpt lat="51.1256000" lon="-0.5590540">
    <ele>62.0</ele>
    <time>2020-04-04T12:28:21Z</time>
   </trkpt>
   <trkpt lat="51.1255440" lon="-0.5591460">
    <ele>61.9</ele>
    <time>2020-04-04T12:28:22Z</time>
   </trkpt>
   <trkpt lat="51.1254840" lon="-0.5592310">
    <ele>61.9</ele>
    <time>2020-04-04T12:28:23Z</time>
   </trkpt>
   <trkpt lat="51.1254300" lon="-0.5593240">
    <ele>61.8</ele>
    <time>2020-04-04T12:28:24Z</time>
   </trkpt>
   <trkpt lat="51.1253750" lon="-0.5594210">
    <ele>61.6</ele>
    <time>2020-04-04T12:28:25Z</time>
   </trkpt>
   <trkpt lat="51.1253150" lon="-0.5595110">
    <ele>61.4</ele>
    <time>2020-04-04T12:28:26Z</time>
   </trkpt>
   <trkpt lat="51.1252520" lon="-0.5596010">
    <ele>61.2</ele>
    <time>2020-04-04T12:28:27Z</time>
   </trkpt>
   <trkpt lat="51.1251910" lon="-0.5596920">
    <ele>61.1</ele>
    <time>2020-04-04T12:28:28Z</time>
   </trkpt>
   <trkpt lat="51.1251300" lon="-0.5597870">
    <ele>61.1</ele>
    <time>2020-04-04T12:28:29Z</time>
   </trkpt>
   <trkpt lat="51.1250670" lon="-0.5598850">
    <ele>61.1</ele>
    <time>2020-04-04T12:28:30Z</time>
   </trkpt>
   <trkpt lat="51.1249550" lon="-0.5600600">
    <ele>60.5</ele>
    <time>2020-04-04T12:28:32Z</time>
   </trkpt>
   <trkpt lat="51.1249000" lon="-0.5601500">
    <ele>60.3</ele>
    <time>2020-04-04T12:28:33Z</time>
   </trkpt>
   <trkpt lat="51.1248370" lon="-0.5602420">
    <ele>60.3</ele>
    <time>2020-04-04T12:28:34Z</time>
   </trkpt>
   <trkpt lat="51.1247700" lon="-0.5603300">
    <ele>60.2</ele>
    <time>2020-04-04T12:28:35Z</time>
   </trkpt>
   <trkpt lat="51.1247040" lon="-0.5604270">
    <ele>60.0</ele>
    <time>2020-04-04T12:28:36Z</time>
   </trkpt>
   <trkpt lat="51.1246370" lon="-0.5605230">
    <ele>59.8</ele>
    <time>2020-04-04T12:28:37Z</time>
   </trkpt>
   <trkpt lat="51.1245700" lon="-0.5606140">
    <ele>59.7</ele>
    <time>2020-04-04T12:28:38Z</time>
   </trkpt>
   <trkpt lat="51.1245030" lon="-0.5607100">
    <ele>59.6</ele>
    <time>2020-04-04T12:28:39Z</time>
   </trkpt>
   <trkpt lat="51.1244380" lon="-0.5608030">
    <ele>59.6</ele>
    <time>2020-04-04T12:28:40Z</time>
   </trkpt>
   <trkpt lat="51.1243710" lon="-0.5608980">
    <ele>59.6</ele>
    <time>2020-04-04T12:28:41Z</time>
   </trkpt>
   <trkpt lat="51.1243010" lon="-0.5609910">
    <ele>59.5</ele>
    <time>2020-04-04T12:28:42Z</time>
   </trkpt>
   <trkpt lat="51.1242320" lon="-0.5610870">
    <ele>59.5</ele>
    <time>2020-04-04T12:28:43Z</time>
   </trkpt>
   <trkpt lat="51.1241640" lon="-0.5611870">
    <ele>59.4</ele>
    <time>2020-04-04T12:28:44Z</time>
   </trkpt>
   <trkpt lat="51.1241020" lon="-0.5612880">
    <ele>59.2</ele>
    <time>2020-04-04T12:28:45Z</time>
   </trkpt>
   <trkpt lat="51.1240430" lon="-0.5613810">
    <ele>58.9</ele>
    <time>2020-04-04T12:28:46Z</time>
   </trkpt>
   <trkpt lat="51.1239790" lon="-0.5614680">
    <ele>58.7</ele>
    <time>2020-04-04T12:28:47Z</time>
   </trkpt>
   <trkpt lat="51.1239160" lon="-0.5615580">
    <ele>58.4</ele>
    <time>2020-04-04T12:28:48Z</time>
   </trkpt>
   <trkpt lat="51.1237880" lon="-0.5617510">
    <ele>57.9</ele>
    <time>2020-04-04T12:28:50Z</time>
   </trkpt>
   <trkpt lat="51.1237220" lon="-0.5618530">
    <ele>57.6</ele>
    <time>2020-04-04T12:28:51Z</time>
   </trkpt>
   <trkpt lat="51.1236610" lon="-0.5619580">
    <ele>57.3</ele>
    <time>2020-04-04T12:28:52Z</time>
   </trkpt>
   <trkpt lat="51.1236040" lon="-0.5620630">
    <ele>57.1</ele>
    <time>2020-04-04T12:28:53Z</time>
   </trkpt>
   <trkpt lat="51.1235470" lon="-0.5621640">
    <ele>56.9</ele>
    <time>2020-04-04T12:28:54Z</time>
   </trkpt>
   <trkpt lat="51.1234850" lon="-0.5622640">
    <ele>56.7</ele>
    <time>2020-04-04T12:28:55Z</time>
   </trkpt>
   <trkpt lat="51.1234220" lon="-0.5623690">
    <ele>56.6</ele>
    <time>2020-04-04T12:28:56Z</time>
   </trkpt>
   <trkpt lat="51.1233620" lon="-0.5624730">
    <ele>56.4</ele>
    <time>2020-04-04T12:28:57Z</time>
   </trkpt>
   <trkpt lat="51.1232370" lon="-0.5626770">
    <ele>56.1</ele>
    <time>2020-04-04T12:28:59Z</time>
   </trkpt>
   <trkpt lat="51.1231160" lon="-0.5628680">
    <ele>56.0</ele>
    <time>2020-04-04T12:29:01Z</time>
   </trkpt>
   <trkpt lat="51.1229800" lon="-0.5630340">
    <ele>56.1</ele>
    <time>2020-04-04T12:29:03Z</time>
   </trkpt>
   <trkpt lat="51.1228970" lon="-0.5630870">
    <ele>56.2</ele>
    <time>2020-04-04T12:29:04Z</time>
   </trkpt>
   <trkpt lat="51.1228160" lon="-0.5631240">
    <ele>56.3</ele>
    <time>2020-04-04T12:29:05Z</time>
   </trkpt>
   <trkpt lat="51.1226570" lon="-0.5631790">
    <ele>56.4</ele>
    <time>2020-04-04T12:29:07Z</time>
   </trkpt>
   <trkpt lat="51.1224910" lon="-0.5631880">
    <ele>56.4</ele>
    <time>2020-04-04T12:29:09Z</time>
   </trkpt>
   <trkpt lat="51.1224110" lon="-0.5631990">
    <ele>56.4</ele>
    <time>2020-04-04T12:29:10Z</time>
   </trkpt>
   <trkpt lat="51.1222410" lon="-0.5632270">
    <ele>56.4</ele>
    <time>2020-04-04T12:29:12Z</time>
   </trkpt>
   <trkpt lat="51.1220700" lon="-0.5632600">
    <ele>56.4</ele>
    <time>2020-04-04T12:29:14Z</time>
   </trkpt>
   <trkpt lat="51.1219880" lon="-0.5632710">
    <ele>56.4</ele>
    <time>2020-04-04T12:29:15Z</time>
   </trkpt>
   <trkpt lat="51.1219080" lon="-0.5632870">
    <ele>56.4</ele>
    <time>2020-04-04T12:29:16Z</time>
   </trkpt>
   <trkpt lat="51.1218270" lon="-0.5633030">
    <ele>56.4</ele>
    <time>2020-04-04T12:29:17Z</time>
   </trkpt>
   <trkpt lat="51.1216610" lon="-0.5633390">
    <ele>56.1</ele>
    <time>2020-04-04T12:29:19Z</time>
   </trkpt>
   <trkpt lat="51.1215770" lon="-0.5633540">
    <ele>55.9</ele>
    <time>2020-04-04T12:29:20Z</time>
   </trkpt>
   <trkpt lat="51.1214110" lon="-0.5633900">
    <ele>55.6</ele>
    <time>2020-04-04T12:29:22Z</time>
   </trkpt>
   <trkpt lat="51.1212460" lon="-0.5634080">
    <ele>55.5</ele>
    <time>2020-04-04T12:29:24Z</time>
   </trkpt>
   <trkpt lat="51.1211620" lon="-0.5634280">
    <ele>55.5</ele>
    <time>2020-04-04T12:29:25Z</time>
   </trkpt>
   <trkpt lat="51.1210810" lon="-0.5634410">
    <ele>55.5</ele>
    <time>2020-04-04T12:29:26Z</time>
   </trkpt>
   <trkpt lat="51.1209990" lon="-0.5634480">
    <ele>55.5</ele>
    <time>2020-04-04T12:29:27Z</time>
   </trkpt>
   <trkpt lat="51.1208310" lon="-0.5634660">
    <ele>55.4</ele>
    <time>2020-04-04T12:29:29Z</time>
   </trkpt>
   <trkpt lat="51.1207440" lon="-0.5634820">
    <ele>55.2</ele>
    <time>2020-04-04T12:29:30Z</time>
   </trkpt>
   <trkpt lat="51.1206630" lon="-0.5634890">
    <ele>55.1</ele>
    <time>2020-04-04T12:29:31Z</time>
   </trkpt>
   <trkpt lat="51.1204930" lon="-0.5635110">
    <ele>54.8</ele>
    <time>2020-04-04T12:29:33Z</time>
   </trkpt>
   <trkpt lat="51.1203180" lon="-0.5635300">
    <ele>54.6</ele>
    <time>2020-04-04T12:29:35Z</time>
   </trkpt>
   <trkpt lat="51.1202350" lon="-0.5635370">
    <ele>54.4</ele>
    <time>2020-04-04T12:29:36Z</time>
   </trkpt>
   <trkpt lat="51.1201530" lon="-0.5635520">
    <ele>54.3</ele>
    <time>2020-04-04T12:29:37Z</time>
   </trkpt>
   <trkpt lat="51.1200720" lon="-0.5635730">
    <ele>54.1</ele>
    <time>2020-04-04T12:29:38Z</time>
   </trkpt>
   <trkpt lat="51.1199900" lon="-0.5635710">
    <ele>54.0</ele>
    <time>2020-04-04T12:29:39Z</time>
   </trkpt>
   <trkpt lat="51.1198280" lon="-0.5635400">
    <ele>53.9</ele>
    <time>2020-04-04T12:29:41Z</time>
   </trkpt>
   <trkpt lat="51.1197440" lon="-0.5635240">
    <ele>53.9</ele>
    <time>2020-04-04T12:29:42Z</time>
   </trkpt>
   <trkpt lat="51.1196610" lon="-0.5635130">
    <ele>53.9</ele>
    <time>2020-04-04T12:29:43Z</time>
   </trkpt>
   <trkpt lat="51.1195800" lon="-0.5635050">
    <ele>53.9</ele>
    <time>2020-04-04T12:29:44Z</time>
   </trkpt>
   <trkpt lat="51.1194170" lon="-0.5634900">
    <ele>53.8</ele>
    <time>2020-04-04T12:29:46Z</time>
   </trkpt>
   <trkpt lat="51.1193340" lon="-0.5634900">
    <ele>53.7</ele>
    <time>2020-04-04T12:29:47Z</time>
   </trkpt>
   <trkpt lat="51.1192570" lon="-0.5634790">
    <ele>53.4</ele>
    <time>2020-04-04T12:29:48Z</time>
   </trkpt>
   <trkpt lat="51.1191800" lon="-0.5634700">
    <ele>53.3</ele>
    <time>2020-04-04T12:29:49Z</time>
   </trkpt>
   <trkpt lat="51.1190270" lon="-0.5634440">
    <ele>53.1</ele>
    <time>2020-04-04T12:29:51Z</time>
   </trkpt>
   <trkpt lat="51.1189490" lon="-0.5634370">
    <ele>53.1</ele>
    <time>2020-04-04T12:29:52Z</time>
   </trkpt>
   <trkpt lat="51.1188760" lon="-0.5634240">
    <ele>53.1</ele>
    <time>2020-04-04T12:29:53Z</time>
   </trkpt>
   <trkpt lat="51.1187990" lon="-0.5634110">
    <ele>53.1</ele>
    <time>2020-04-04T12:29:54Z</time>
   </trkpt>
   <trkpt lat="51.1187150" lon="-0.5634050">
    <ele>53.1</ele>
    <time>2020-04-04T12:29:55Z</time>
   </trkpt>
   <trkpt lat="51.1185620" lon="-0.5633780">
    <ele>53.1</ele>
    <time>2020-04-04T12:29:57Z</time>
   </trkpt>
   <trkpt lat="51.1184850" lon="-0.5633640">
    <ele>53.1</ele>
    <time>2020-04-04T12:29:58Z</time>
   </trkpt>
   <trkpt lat="51.1184120" lon="-0.5633570">
    <ele>53.1</ele>
    <time>2020-04-04T12:29:59Z</time>
   </trkpt>
   <trkpt lat="51.1182580" lon="-0.5633350">
    <ele>53.1</ele>
    <time>2020-04-04T12:30:01Z</time>
   </trkpt>
   <trkpt lat="51.1181810" lon="-0.5633270">
    <ele>53.1</ele>
    <time>2020-04-04T12:30:02Z</time>
   </trkpt>
   <trkpt lat="51.1180240" lon="-0.5633050">
    <ele>53.0</ele>
    <time>2020-04-04T12:30:04Z</time>
   </trkpt>
   <trkpt lat="51.1179470" lon="-0.5632930">
    <ele>53.0</ele>
    <time>2020-04-04T12:30:05Z</time>
   </trkpt>
   <trkpt lat="51.1177990" lon="-0.5632680">
    <ele>52.9</ele>
    <time>2020-04-04T12:30:07Z</time>
   </trkpt>
   <trkpt lat="51.1176500" lon="-0.5632140">
    <ele>52.8</ele>
    <time>2020-04-04T12:30:09Z</time>
   </trkpt>
   <trkpt lat="51.1175770" lon="-0.5631780">
    <ele>52.8</ele>
    <time>2020-04-04T12:30:10Z</time>
   </trkpt>
   <trkpt lat="51.1175060" lon="-0.5631420">
    <ele>52.8</ele>
    <time>2020-04-04T12:30:11Z</time>
   </trkpt>
   <trkpt lat="51.1174360" lon="-0.5631050">
    <ele>52.7</ele>
    <time>2020-04-04T12:30:12Z</time>
   </trkpt>
   <trkpt lat="51.1173640" lon="-0.5630660">
    <ele>52.7</ele>
    <time>2020-04-04T12:30:13Z</time>
   </trkpt>
   <trkpt lat="51.1172930" lon="-0.5630260">
    <ele>52.8</ele>
    <time>2020-04-04T12:30:14Z</time>
   </trkpt>
   <trkpt lat="51.1172220" lon="-0.5629830">
    <ele>52.6</ele>
    <time>2020-04-04T12:30:15Z</time>
   </trkpt>
   <trkpt lat="51.1170770" lon="-0.5629060">
    <ele>52.6</ele>
    <time>2020-04-04T12:30:17Z</time>
   </trkpt>
   <trkpt lat="51.1169300" lon="-0.5628220">
    <ele>52.5</ele>
    <time>2020-04-04T12:30:19Z</time>
   </trkpt>
   <trkpt lat="51.1167890" lon="-0.5627390">
    <ele>52.4</ele>
    <time>2020-04-04T12:30:21Z</time>
   </trkpt>
   <trkpt lat="51.1166420" lon="-0.5626560">
    <ele>52.4</ele>
    <time>2020-04-04T12:30:23Z</time>
   </trkpt>
   <trkpt lat="51.1164920" lon="-0.5625790">
    <ele>52.4</ele>
    <time>2020-04-04T12:30:25Z</time>
   </trkpt>
   <trkpt lat="51.1163480" lon="-0.5625020">
    <ele>52.3</ele>
    <time>2020-04-04T12:30:27Z</time>
   </trkpt>
   <trkpt lat="51.1162790" lon="-0.5624540">
    <ele>52.2</ele>
    <time>2020-04-04T12:30:28Z</time>
   </trkpt>
   <trkpt lat="51.1161320" lon="-0.5623920">
    <ele>52.2</ele>
    <time>2020-04-04T12:30:30Z</time>
   </trkpt>
   <trkpt lat="51.1160560" lon="-0.5623710">
    <ele>52.2</ele>
    <time>2020-04-04T12:30:31Z</time>
   </trkpt>
   <trkpt lat="51.1159800" lon="-0.5623480">
    <ele>52.2</ele>
    <time>2020-04-04T12:30:32Z</time>
   </trkpt>
   <trkpt lat="51.1158290" lon="-0.5623070">
    <ele>52.2</ele>
    <time>2020-04-04T12:30:34Z</time>
   </trkpt>
   <trkpt lat="51.1157550" lon="-0.5622960">
    <ele>52.2</ele>
    <time>2020-04-04T12:30:35Z</time>
   </trkpt>
   <trkpt lat="51.1156050" lon="-0.5622930">
    <ele>52.2</ele>
    <time>2020-04-04T12:30:37Z</time>
   </trkpt>
   <trkpt lat="51.1155330" lon="-0.5623030">
    <ele>52.2</ele>
    <time>2020-04-04T12:30:38Z</time>
   </trkpt>
   <trkpt lat="51.1153960" lon="-0.5623210">
    <ele>52.1</ele>
    <time>2020-04-04T12:30:40Z</time>
   </trkpt>
   <trkpt lat="51.1153290" lon="-0.5623420">
    <ele>52.1</ele>
    <time>2020-04-04T12:30:41Z</time>
   </trkpt>
   <trkpt lat="51.1151940" lon="-0.5623800">
    <ele>52.1</ele>
    <time>2020-04-04T12:30:43Z</time>
   </trkpt>
   <trkpt lat="51.1151290" lon="-0.5623990">
    <ele>52.1</ele>
    <time>2020-04-04T12:30:44Z</time>
   </trkpt>
   <trkpt lat="51.1150010" lon="-0.5624520">
    <ele>52.1</ele>
    <time>2020-04-04T12:30:46Z</time>
   </trkpt>
   <trkpt lat="51.1149370" lon="-0.5624890">
    <ele>52.0</ele>
    <time>2020-04-04T12:30:47Z</time>
   </trkpt>
   <trkpt lat="51.1148070" lon="-0.5625690">
    <ele>52.0</ele>
    <time>2020-04-04T12:30:49Z</time>
   </trkpt>
   <trkpt lat="51.1147440" lon="-0.5626090">
    <ele>52.0</ele>
    <time>2020-04-04T12:30:50Z</time>
   </trkpt>
   <trkpt lat="51.1146260" lon="-0.5626860">
    <ele>52.2</ele>
    <time>2020-04-04T12:30:52Z</time>
   </trkpt>
   <trkpt lat="51.1145690" lon="-0.5627240">
    <ele>52.3</ele>
    <time>2020-04-04T12:30:53Z</time>
   </trkpt>
   <trkpt lat="51.1145070" lon="-0.5627670">
    <ele>52.3</ele>
    <time>2020-04-04T12:30:54Z</time>
   </trkpt>
   <trkpt lat="51.1143990" lon="-0.5628610">
    <ele>52.4</ele>
    <time>2020-04-04T12:30:56Z</time>
   </trkpt>
   <trkpt lat="51.1143410" lon="-0.5629070">
    <ele>52.5</ele>
    <time>2020-04-04T12:30:57Z</time>
   </trkpt>
   <trkpt lat="51.1142320" lon="-0.5629890">
    <ele>52.5</ele>
    <time>2020-04-04T12:30:59Z</time>
   </trkpt>
   <trkpt lat="51.1141220" lon="-0.5630750">
    <ele>52.5</ele>
    <time>2020-04-04T12:31:01Z</time>
   </trkpt>
   <trkpt lat="51.1140130" lon="-0.5631490">
    <ele>52.6</ele>
    <time>2020-04-04T12:31:03Z</time>
   </trkpt>
   <trkpt lat="51.1139580" lon="-0.5631890">
    <ele>52.6</ele>
    <time>2020-04-04T12:31:04Z</time>
   </trkpt>
   <trkpt lat="51.1138570" lon="-0.5632590">
    <ele>52.6</ele>
    <time>2020-04-04T12:31:06Z</time>
   </trkpt>
   <trkpt lat="51.1138030" lon="-0.5632860">
    <ele>52.6</ele>
    <time>2020-04-04T12:31:07Z</time>
   </trkpt>
   <trkpt lat="51.1137500" lon="-0.5633210">
    <ele>52.6</ele>
    <time>2020-04-04T12:31:08Z</time>
   </trkpt>
   <trkpt lat="51.1136480" lon="-0.5633950">
    <ele>52.6</ele>
    <time>2020-04-04T12:31:10Z</time>
   </trkpt>
   <trkpt lat="51.1135970" lon="-0.5634360">
    <ele>52.6</ele>
    <time>2020-04-04T12:31:11Z</time>
   </trkpt>
   <trkpt lat="51.1135460" lon="-0.5634820">
    <ele>52.6</ele>
    <time>2020-04-04T12:31:12Z</time>
   </trkpt>
   <trkpt lat="51.1134430" lon="-0.5635700">
    <ele>52.6</ele>
    <time>2020-04-04T12:31:14Z</time>
   </trkpt>
   <trkpt lat="51.1133930" lon="-0.5636100">
    <ele>52.5</ele>
    <time>2020-04-04T12:31:15Z</time>
   </trkpt>
   <trkpt lat="51.1132920" lon="-0.5636830">
    <ele>52.6</ele>
    <time>2020-04-04T12:31:17Z</time>
   </trkpt>
   <trkpt lat="51.1132430" lon="-0.5637170">
    <ele>52.6</ele>
    <time>2020-04-04T12:31:18Z</time>
   </trkpt>
   <trkpt lat="51.1131540" lon="-0.5637820">
    <ele>52.5</ele>
    <time>2020-04-04T12:31:20Z</time>
   </trkpt>
   <trkpt lat="51.1131070" lon="-0.5638030">
    <ele>52.5</ele>
    <time>2020-04-04T12:31:21Z</time>
   </trkpt>
   <trkpt lat="51.1130140" lon="-0.5638540">
    <ele>52.6</ele>
    <time>2020-04-04T12:31:23Z</time>
   </trkpt>
   <trkpt lat="51.1129310" lon="-0.5639260">
    <ele>52.6</ele>
    <time>2020-04-04T12:31:25Z</time>
   </trkpt>
   <trkpt lat="51.1128430" lon="-0.5639990">
    <ele>52.6</ele>
    <time>2020-04-04T12:31:27Z</time>
   </trkpt>
   <trkpt lat="51.1127270" lon="-0.5640640">
    <ele>52.6</ele>
    <time>2020-04-04T12:31:29Z</time>
   </trkpt>
   <trkpt lat="51.1126750" lon="-0.5641030">
    <ele>52.5</ele>
    <time>2020-04-04T12:31:30Z</time>
   </trkpt>
   <trkpt lat="51.1125680" lon="-0.5641810">
    <ele>52.4</ele>
    <time>2020-04-04T12:31:32Z</time>
   </trkpt>
   <trkpt lat="51.1125140" lon="-0.5642140">
    <ele>52.4</ele>
    <time>2020-04-04T12:31:33Z</time>
   </trkpt>
   <trkpt lat="51.1124040" lon="-0.5642980">
    <ele>52.5</ele>
    <time>2020-04-04T12:31:35Z</time>
   </trkpt>
   <trkpt lat="51.1123490" lon="-0.5643360">
    <ele>52.5</ele>
    <time>2020-04-04T12:31:36Z</time>
   </trkpt>
   <trkpt lat="51.1122980" lon="-0.5643800">
    <ele>52.5</ele>
    <time>2020-04-04T12:31:37Z</time>
   </trkpt>
   <trkpt lat="51.1121830" lon="-0.5644710">
    <ele>52.5</ele>
    <time>2020-04-04T12:31:39Z</time>
   </trkpt>
   <trkpt lat="51.1121260" lon="-0.5645110">
    <ele>52.5</ele>
    <time>2020-04-04T12:31:40Z</time>
   </trkpt>
   <trkpt lat="51.1120170" lon="-0.5645990">
    <ele>52.5</ele>
    <time>2020-04-04T12:31:42Z</time>
   </trkpt>
   <trkpt lat="51.1119610" lon="-0.5646270">
    <ele>52.5</ele>
    <time>2020-04-04T12:31:43Z</time>
   </trkpt>
   <trkpt lat="51.1118590" lon="-0.5647040">
    <ele>52.6</ele>
    <time>2020-04-04T12:31:45Z</time>
   </trkpt>
   <trkpt lat="51.1118010" lon="-0.5647430">
    <ele>52.6</ele>
    <time>2020-04-04T12:31:46Z</time>
   </trkpt>
   <trkpt lat="51.1116920" lon="-0.5647970">
    <ele>52.6</ele>
    <time>2020-04-04T12:31:48Z</time>
   </trkpt>
   <trkpt lat="51.1116370" lon="-0.5648350">
    <ele>52.6</ele>
    <time>2020-04-04T12:31:49Z</time>
   </trkpt>
   <trkpt lat="51.1115940" lon="-0.5648860">
    <ele>52.6</ele>
    <time>2020-04-04T12:31:50Z</time>
   </trkpt>
   <trkpt lat="51.1115450" lon="-0.5649290">
    <ele>52.6</ele>
    <time>2020-04-04T12:31:51Z</time>
   </trkpt>
   <trkpt lat="51.1114450" lon="-0.5649960">
    <ele>52.6</ele>
    <time>2020-04-04T12:31:53Z</time>
   </trkpt>
   <trkpt lat="51.1113860" lon="-0.5650390">
    <ele>52.6</ele>
    <time>2020-04-04T12:31:54Z</time>
   </trkpt>
   <trkpt lat="51.1112820" lon="-0.5651230">
    <ele>52.7</ele>
    <time>2020-04-04T12:31:56Z</time>
   </trkpt>
   <trkpt lat="51.1112310" lon="-0.5651590">
    <ele>52.7</ele>
    <time>2020-04-04T12:31:57Z</time>
   </trkpt>
   <trkpt lat="51.1111780" lon="-0.5651970">
    <ele>52.7</ele>
    <time>2020-04-04T12:31:58Z</time>
   </trkpt>
   <trkpt lat="51.1111340" lon="-0.5652360">
    <ele>52.7</ele>
    <time>2020-04-04T12:31:59Z</time>
   </trkpt>
   <trkpt lat="51.1110910" lon="-0.5652700">
    <ele>52.7</ele>
    <time>2020-04-04T12:32:00Z</time>
   </trkpt>
   <trkpt lat="51.1110650" lon="-0.5652970">
    <ele>52.7</ele>
    <time>2020-04-04T12:32:01Z</time>
   </trkpt>
   <trkpt lat="51.1109610" lon="-0.5653670">
    <ele>52.7</ele>
    <time>2020-04-04T12:32:03Z</time>
   </trkpt>
   <trkpt lat="51.1109100" lon="-0.5654020">
    <ele>52.6</ele>
    <time>2020-04-04T12:32:04Z</time>
   </trkpt>
   <trkpt lat="51.1108650" lon="-0.5654400">
    <ele>52.6</ele>
    <time>2020-04-04T12:32:05Z</time>
   </trkpt>
   <trkpt lat="51.1107760" lon="-0.5655220">
    <ele>52.5</ele>
    <time>2020-04-04T12:32:07Z</time>
   </trkpt>
   <trkpt lat="51.1107360" lon="-0.5655590">
    <ele>52.4</ele>
    <time>2020-04-04T12:32:08Z</time>
   </trkpt>
   <trkpt lat="51.1107000" lon="-0.5655950">
    <ele>52.4</ele>
    <time>2020-04-04T12:32:09Z</time>
   </trkpt>
   <trkpt lat="51.1106090" lon="-0.5656590">
    <ele>52.2</ele>
    <time>2020-04-04T12:32:11Z</time>
   </trkpt>
   <trkpt lat="51.1105250" lon="-0.5657170">
    <ele>52.0</ele>
    <time>2020-04-04T12:32:13Z</time>
   </trkpt>
   <trkpt lat="51.1104860" lon="-0.5657450">
    <ele>52.0</ele>
    <time>2020-04-04T12:32:14Z</time>
   </trkpt>
   <trkpt lat="51.1104340" lon="-0.5657630">
    <ele>51.9</ele>
    <time>2020-04-04T12:32:15Z</time>
   </trkpt>
   <trkpt lat="51.1104230" lon="-0.5657690">
    <ele>51.9</ele>
    <time>2020-04-04T12:32:16Z</time>
   </trkpt>
   <trkpt lat="51.1104250" lon="-0.5658050">
    <ele>51.9</ele>
    <time>2020-04-04T12:32:18Z</time>
   </trkpt>
   <trkpt lat="51.1104570" lon="-0.5658520">
    <ele>51.9</ele>
    <time>2020-04-04T12:32:19Z</time>
   </trkpt>
   <trkpt lat="51.1104960" lon="-0.5658450">
    <ele>51.8</ele>
    <time>2020-04-04T12:32:20Z</time>
   </trkpt>
   <trkpt lat="51.1105350" lon="-0.5657990">
    <ele>51.9</ele>
    <time>2020-04-04T12:32:22Z</time>
   </trkpt>
   <trkpt lat="51.1105750" lon="-0.5657380">
    <ele>51.9</ele>
    <time>2020-04-04T12:32:23Z</time>
   </trkpt>
   <trkpt lat="51.1106030" lon="-0.5657100">
    <ele>52.0</ele>
    <time>2020-04-04T12:32:24Z</time>
   </trkpt>
   <trkpt lat="51.1106470" lon="-0.5656800">
    <ele>52.0</ele>
    <time>2020-04-04T12:32:26Z</time>
   </trkpt>
   <trkpt lat="51.1106970" lon="-0.5656610">
    <ele>52.1</ele>
    <time>2020-04-04T12:32:27Z</time>
   </trkpt>
   <trkpt lat="51.1107920" lon="-0.5655640">
    <ele>52.3</ele>
    <time>2020-04-04T12:32:29Z</time>
   </trkpt>
   <trkpt lat="51.1108870" lon="-0.5655020">
    <ele>52.5</ele>
    <time>2020-04-04T12:32:31Z</time>
   </trkpt>
   <trkpt lat="51.1109350" lon="-0.5654780">
    <ele>52.6</ele>
    <time>2020-04-04T12:32:32Z</time>
   </trkpt>
   <trkpt lat="51.1110330" lon="-0.5653920">
    <ele>52.6</ele>
    <time>2020-04-04T12:32:34Z</time>
   </trkpt>
   <trkpt lat="51.1110850" lon="-0.5653540">
    <ele>52.7</ele>
    <time>2020-04-04T12:32:35Z</time>
   </trkpt>
   <trkpt lat="51.1111910" lon="-0.5652760">
    <ele>52.7</ele>
    <time>2020-04-04T12:32:37Z</time>
   </trkpt>
   <trkpt lat="51.1113020" lon="-0.5651910">
    <ele>52.7</ele>
    <time>2020-04-04T12:32:39Z</time>
   </trkpt>
   <trkpt lat="51.1114000" lon="-0.5651210">
    <ele>52.6</ele>
    <time>2020-04-04T12:32:41Z</time>
   </trkpt>
   <trkpt lat="51.1114610" lon="-0.5650750">
    <ele>52.6</ele>
    <time>2020-04-04T12:32:42Z</time>
   </trkpt>
   <trkpt lat="51.1115250" lon="-0.5650240">
    <ele>52.6</ele>
    <time>2020-04-04T12:32:43Z</time>
   </trkpt>
   <trkpt lat="51.1116160" lon="-0.5649630">
    <ele>52.6</ele>
    <time>2020-04-04T12:32:45Z</time>
   </trkpt>
   <trkpt lat="51.1116700" lon="-0.5649190">
    <ele>52.6</ele>
    <time>2020-04-04T12:32:46Z</time>
   </trkpt>
   <trkpt lat="51.1117320" lon="-0.5648710">
    <ele>52.6</ele>
    <time>2020-04-04T12:32:47Z</time>
   </trkpt>
   <trkpt lat="51.1118630" lon="-0.5647730">
    <ele>52.6</ele>
    <time>2020-04-04T12:32:49Z</time>
   </trkpt>
   <trkpt lat="51.1119880" lon="-0.5646750">
    <ele>52.5</ele>
    <time>2020-04-04T12:32:51Z</time>
   </trkpt>
   <trkpt lat="51.1121290" lon="-0.5645790">
    <ele>52.5</ele>
    <time>2020-04-04T12:32:53Z</time>
   </trkpt>
   <trkpt lat="51.1122010" lon="-0.5645290">
    <ele>52.5</ele>
    <time>2020-04-04T12:32:54Z</time>
   </trkpt>
   <trkpt lat="51.1122700" lon="-0.5644700">
    <ele>52.5</ele>
    <time>2020-04-04T12:32:55Z</time>
   </trkpt>
   <trkpt lat="51.1123340" lon="-0.5643980">
    <ele>52.5</ele>
    <time>2020-04-04T12:32:56Z</time>
   </trkpt>
   <trkpt lat="51.1124610" lon="-0.5643060">
    <ele>52.5</ele>
    <time>2020-04-04T12:32:58Z</time>
   </trkpt>
   <trkpt lat="51.1125290" lon="-0.5642600">
    <ele>52.4</ele>
    <time>2020-04-04T12:32:59Z</time>
   </trkpt>
   <trkpt lat="51.1125980" lon="-0.5642160">
    <ele>52.4</ele>
    <time>2020-04-04T12:33:00Z</time>
   </trkpt>
   <trkpt lat="51.1126650" lon="-0.5641720">
    <ele>52.4</ele>
    <time>2020-04-04T12:33:01Z</time>
   </trkpt>
   <trkpt lat="51.1127330" lon="-0.5641300">
    <ele>52.5</ele>
    <time>2020-04-04T12:33:02Z</time>
   </trkpt>
   <trkpt lat="51.1128690" lon="-0.5640360">
    <ele>52.6</ele>
    <time>2020-04-04T12:33:04Z</time>
   </trkpt>
   <trkpt lat="51.1129880" lon="-0.5639300">
    <ele>52.6</ele>
    <time>2020-04-04T12:33:06Z</time>
   </trkpt>
   <trkpt lat="51.1130410" lon="-0.5638840">
    <ele>52.6</ele>
    <time>2020-04-04T12:33:07Z</time>
   </trkpt>
   <trkpt lat="51.1131010" lon="-0.5638410">
    <ele>52.6</ele>
    <time>2020-04-04T12:33:08Z</time>
   </trkpt>
   <trkpt lat="51.1131760" lon="-0.5638070">
    <ele>52.5</ele>
    <time>2020-04-04T12:33:09Z</time>
   </trkpt>
   <trkpt lat="51.1132520" lon="-0.5637820">
    <ele>52.6</ele>
    <time>2020-04-04T12:33:10Z</time>
   </trkpt>
   <trkpt lat="51.1133260" lon="-0.5637410">
    <ele>52.6</ele>
    <time>2020-04-04T12:33:11Z</time>
   </trkpt>
   <trkpt lat="51.1134670" lon="-0.5636330">
    <ele>52.5</ele>
    <time>2020-04-04T12:33:13Z</time>
   </trkpt>
   <trkpt lat="51.1135370" lon="-0.5635740">
    <ele>52.6</ele>
    <time>2020-04-04T12:33:14Z</time>
   </trkpt>
   <trkpt lat="51.1136040" lon="-0.5635180">
    <ele>52.6</ele>
    <time>2020-04-04T12:33:15Z</time>
   </trkpt>
   <trkpt lat="51.1136720" lon="-0.5634670">
    <ele>52.6</ele>
    <time>2020-04-04T12:33:16Z</time>
   </trkpt>
   <trkpt lat="51.1137460" lon="-0.5634190">
    <ele>52.6</ele>
    <time>2020-04-04T12:33:17Z</time>
   </trkpt>
   <trkpt lat="51.1138170" lon="-0.5633680">
    <ele>52.6</ele>
    <time>2020-04-04T12:33:18Z</time>
   </trkpt>
   <trkpt lat="51.1139620" lon="-0.5632800">
    <ele>52.6</ele>
    <time>2020-04-04T12:33:20Z</time>
   </trkpt>
   <trkpt lat="51.1140330" lon="-0.5632300">
    <ele>52.6</ele>
    <time>2020-04-04T12:33:21Z</time>
   </trkpt>
   <trkpt lat="51.1141060" lon="-0.5631730">
    <ele>52.5</ele>
    <time>2020-04-04T12:33:22Z</time>
   </trkpt>
   <trkpt lat="51.1142530" lon="-0.5630520">
    <ele>52.5</ele>
    <time>2020-04-04T12:33:24Z</time>
   </trkpt>
   <trkpt lat="51.1143270" lon="-0.5629930">
    <ele>52.5</ele>
    <time>2020-04-04T12:33:25Z</time>
   </trkpt>
   <trkpt lat="51.1143980" lon="-0.5629300">
    <ele>52.4</ele>
    <time>2020-04-04T12:33:26Z</time>
   </trkpt>
   <trkpt lat="51.1145410" lon="-0.5628090">
    <ele>52.3</ele>
    <time>2020-04-04T12:33:28Z</time>
   </trkpt>
   <trkpt lat="51.1146170" lon="-0.5627560">
    <ele>52.3</ele>
    <time>2020-04-04T12:33:29Z</time>
   </trkpt>
   <trkpt lat="51.1146950" lon="-0.5627040">
    <ele>52.1</ele>
    <time>2020-04-04T12:33:30Z</time>
   </trkpt>
   <trkpt lat="51.1148650" lon="-0.5626160">
    <ele>52.1</ele>
    <time>2020-04-04T12:33:32Z</time>
   </trkpt>
   <trkpt lat="51.1149530" lon="-0.5625790">
    <ele>52.0</ele>
    <time>2020-04-04T12:33:33Z</time>
   </trkpt>
   <trkpt lat="51.1150390" lon="-0.5625370">
    <ele>52.1</ele>
    <time>2020-04-04T12:33:34Z</time>
   </trkpt>
   <trkpt lat="51.1152050" lon="-0.5624610">
    <ele>52.1</ele>
    <time>2020-04-04T12:33:36Z</time>
   </trkpt>
   <trkpt lat="51.1152940" lon="-0.5624330">
    <ele>52.1</ele>
    <time>2020-04-04T12:33:37Z</time>
   </trkpt>
   <trkpt lat="51.1153770" lon="-0.5624080">
    <ele>52.1</ele>
    <time>2020-04-04T12:33:38Z</time>
   </trkpt>
   <trkpt lat="51.1155470" lon="-0.5623690">
    <ele>52.2</ele>
    <time>2020-04-04T12:33:40Z</time>
   </trkpt>
   <trkpt lat="51.1156300" lon="-0.5623610">
    <ele>52.2</ele>
    <time>2020-04-04T12:33:41Z</time>
   </trkpt>
   <trkpt lat="51.1157170" lon="-0.5623610">
    <ele>52.2</ele>
    <time>2020-04-04T12:33:42Z</time>
   </trkpt>
   <trkpt lat="51.1158860" lon="-0.5623820">
    <ele>52.2</ele>
    <time>2020-04-04T12:33:44Z</time>
   </trkpt>
   <trkpt lat="51.1159710" lon="-0.5624050">
    <ele>52.2</ele>
    <time>2020-04-04T12:33:45Z</time>
   </trkpt>
   <trkpt lat="51.1160560" lon="-0.5624300">
    <ele>52.2</ele>
    <time>2020-04-04T12:33:46Z</time>
   </trkpt>
   <trkpt lat="51.1161400" lon="-0.5624610">
    <ele>52.2</ele>
    <time>2020-04-04T12:33:47Z</time>
   </trkpt>
   <trkpt lat="51.1162180" lon="-0.5625050">
    <ele>52.2</ele>
    <time>2020-04-04T12:33:48Z</time>
   </trkpt>
   <trkpt lat="51.1163820" lon="-0.5625850">
    <ele>52.3</ele>
    <time>2020-04-04T12:33:50Z</time>
   </trkpt>
   <trkpt lat="51.1165360" lon="-0.5626690">
    <ele>52.4</ele>
    <time>2020-04-04T12:33:52Z</time>
   </trkpt>
   <trkpt lat="51.1166970" lon="-0.5627520">
    <ele>52.4</ele>
    <time>2020-04-04T12:33:54Z</time>
   </trkpt>
   <trkpt lat="51.1168570" lon="-0.5628370">
    <ele>52.4</ele>
    <time>2020-04-04T12:33:56Z</time>
   </trkpt>
   <trkpt lat="51.1169390" lon="-0.5628830">
    <ele>52.6</ele>
    <time>2020-04-04T12:33:57Z</time>
   </trkpt>
   <trkpt lat="51.1170170" lon="-0.5629250">
    <ele>52.6</ele>
    <time>2020-04-04T12:33:58Z</time>
   </trkpt>
   <trkpt lat="51.1171640" lon="-0.5630150">
    <ele>52.6</ele>
    <time>2020-04-04T12:34:00Z</time>
   </trkpt>
   <trkpt lat="51.1172400" lon="-0.5630650">
    <ele>52.6</ele>
    <time>2020-04-04T12:34:01Z</time>
   </trkpt>
   <trkpt lat="51.1173180" lon="-0.5631120">
    <ele>52.8</ele>
    <time>2020-04-04T12:34:02Z</time>
   </trkpt>
   <trkpt lat="51.1174780" lon="-0.5631940">
    <ele>52.7</ele>
    <time>2020-04-04T12:34:04Z</time>
   </trkpt>
   <trkpt lat="51.1175580" lon="-0.5632370">
    <ele>52.8</ele>
    <time>2020-04-04T12:34:05Z</time>
   </trkpt>
   <trkpt lat="51.1176370" lon="-0.5632730">
    <ele>52.8</ele>
    <time>2020-04-04T12:34:06Z</time>
   </trkpt>
   <trkpt lat="51.1177160" lon="-0.5633080">
    <ele>52.9</ele>
    <time>2020-04-04T12:34:07Z</time>
   </trkpt>
   <trkpt lat="51.1177950" lon="-0.5633320">
    <ele>52.9</ele>
    <time>2020-04-04T12:34:08Z</time>
   </trkpt>
   <trkpt lat="51.1178720" lon="-0.5633520">
    <ele>53.0</ele>
    <time>2020-04-04T12:34:09Z</time>
   </trkpt>
   <trkpt lat="51.1179520" lon="-0.5633720">
    <ele>53.0</ele>
    <time>2020-04-04T12:34:10Z</time>
   </trkpt>
   <trkpt lat="51.1181150" lon="-0.5633910">
    <ele>53.1</ele>
    <time>2020-04-04T12:34:12Z</time>
   </trkpt>
   <trkpt lat="51.1182760" lon="-0.5634130">
    <ele>53.2</ele>
    <time>2020-04-04T12:34:14Z</time>
   </trkpt>
   <trkpt lat="51.1183560" lon="-0.5634200">
    <ele>53.2</ele>
    <time>2020-04-04T12:34:15Z</time>
   </trkpt>
   <trkpt lat="51.1184340" lon="-0.5634280">
    <ele>53.1</ele>
    <time>2020-04-04T12:34:16Z</time>
   </trkpt>
   <trkpt lat="51.1185070" lon="-0.5634400">
    <ele>53.1</ele>
    <time>2020-04-04T12:34:17Z</time>
   </trkpt>
   <trkpt lat="51.1186570" lon="-0.5634630">
    <ele>53.1</ele>
    <time>2020-04-04T12:34:19Z</time>
   </trkpt>
   <trkpt lat="51.1187300" lon="-0.5634630">
    <ele>53.1</ele>
    <time>2020-04-04T12:34:20Z</time>
   </trkpt>
   <trkpt lat="51.1188010" lon="-0.5634630">
    <ele>53.1</ele>
    <time>2020-04-04T12:34:21Z</time>
   </trkpt>
   <trkpt lat="51.1188680" lon="-0.5634740">
    <ele>53.1</ele>
    <time>2020-04-04T12:34:22Z</time>
   </trkpt>
   <trkpt lat="51.1189360" lon="-0.5634830">
    <ele>53.1</ele>
    <time>2020-04-04T12:34:23Z</time>
   </trkpt>
   <trkpt lat="51.1190070" lon="-0.5634970">
    <ele>53.1</ele>
    <time>2020-04-04T12:34:24Z</time>
   </trkpt>
   <trkpt lat="51.1190750" lon="-0.5635090">
    <ele>53.1</ele>
    <time>2020-04-04T12:34:25Z</time>
   </trkpt>
   <trkpt lat="51.1191380" lon="-0.5635180">
    <ele>53.2</ele>
    <time>2020-04-04T12:34:26Z</time>
   </trkpt>
   <trkpt lat="51.1191940" lon="-0.5635190">
    <ele>53.3</ele>
    <time>2020-04-04T12:34:27Z</time>
   </trkpt>
   <trkpt lat="51.1192380" lon="-0.5635330">
    <ele>53.4</ele>
    <time>2020-04-04T12:34:28Z</time>
   </trkpt>
   <trkpt lat="51.1192570" lon="-0.5635800">
    <ele>53.5</ele>
    <time>2020-04-04T12:34:29Z</time>
   </trkpt>
   <trkpt lat="51.1192800" lon="-0.5637720">
    <ele>53.9</ele>
    <time>2020-04-04T12:34:31Z</time>
   </trkpt>
   <trkpt lat="51.1192650" lon="-0.5638700">
    <ele>54.0</ele>
    <time>2020-04-04T12:34:32Z</time>
   </trkpt>
   <trkpt lat="51.1192390" lon="-0.5639660">
    <ele>53.9</ele>
    <time>2020-04-04T12:34:33Z</time>
   </trkpt>
   <trkpt lat="51.1191990" lon="-0.5641630">
    <ele>53.8</ele>
    <time>2020-04-04T12:34:35Z</time>
   </trkpt>
   <trkpt lat="51.1191860" lon="-0.5642700">
    <ele>53.7</ele>
    <time>2020-04-04T12:34:36Z</time>
   </trkpt>
   <trkpt lat="51.1191780" lon="-0.5643750">
    <ele>53.7</ele>
    <time>2020-04-04T12:34:37Z</time>
   </trkpt>
   <trkpt lat="51.1191700" lon="-0.5644800">
    <ele>53.7</ele>
    <time>2020-04-04T12:34:38Z</time>
   </trkpt>
   <trkpt lat="51.1191530" lon="-0.5645850">
    <ele>53.7</ele>
    <time>2020-04-04T12:34:39Z</time>
   </trkpt>
   <trkpt lat="51.1191370" lon="-0.5646870">
    <ele>53.8</ele>
    <time>2020-04-04T12:34:40Z</time>
   </trkpt>
   <trkpt lat="51.1191210" lon="-0.5647860">
    <ele>53.8</ele>
    <time>2020-04-04T12:34:41Z</time>
   </trkpt>
   <trkpt lat="51.1191040" lon="-0.5648870">
    <ele>53.8</ele>
    <time>2020-04-04T12:34:42Z</time>
   </trkpt>
   <trkpt lat="51.1190680" lon="-0.5650970">
    <ele>53.9</ele>
    <time>2020-04-04T12:34:44Z</time>
   </trkpt>
   <trkpt lat="51.1190470" lon="-0.5651990">
    <ele>54.0</ele>
    <time>2020-04-04T12:34:45Z</time>
   </trkpt>
   <trkpt lat="51.1190260" lon="-0.5653040">
    <ele>54.1</ele>
    <time>2020-04-04T12:34:46Z</time>
   </trkpt>
   <trkpt lat="51.1190100" lon="-0.5654120">
    <ele>54.1</ele>
    <time>2020-04-04T12:34:47Z</time>
   </trkpt>
   <trkpt lat="51.1189910" lon="-0.5655190">
    <ele>54.2</ele>
    <time>2020-04-04T12:34:48Z</time>
   </trkpt>
   <trkpt lat="51.1189320" lon="-0.5657270">
    <ele>54.3</ele>
    <time>2020-04-04T12:34:50Z</time>
   </trkpt>
   <trkpt lat="51.1189000" lon="-0.5658240">
    <ele>54.4</ele>
    <time>2020-04-04T12:34:51Z</time>
   </trkpt>
   <trkpt lat="51.1188350" lon="-0.5660170">
    <ele>54.6</ele>
    <time>2020-04-04T12:34:53Z</time>
   </trkpt>
   <trkpt lat="51.1188010" lon="-0.5661120">
    <ele>54.6</ele>
    <time>2020-04-04T12:34:54Z</time>
   </trkpt>
   <trkpt lat="51.1187650" lon="-0.5662030">
    <ele>54.7</ele>
    <time>2020-04-04T12:34:55Z</time>
   </trkpt>
   <trkpt lat="51.1187310" lon="-0.5662940">
    <ele>54.7</ele>
    <time>2020-04-04T12:34:56Z</time>
   </trkpt>
   <trkpt lat="51.1186970" lon="-0.5663810">
    <ele>54.8</ele>
    <time>2020-04-04T12:34:57Z</time>
   </trkpt>
   <trkpt lat="51.1186600" lon="-0.5664660">
    <ele>54.8</ele>
    <time>2020-04-04T12:34:58Z</time>
   </trkpt>
   <trkpt lat="51.1186290" lon="-0.5665470">
    <ele>54.8</ele>
    <time>2020-04-04T12:34:59Z</time>
   </trkpt>
   <trkpt lat="51.1186000" lon="-0.5666380">
    <ele>54.8</ele>
    <time>2020-04-04T12:35:00Z</time>
   </trkpt>
   <trkpt lat="51.1185300" lon="-0.5668240">
    <ele>53.6</ele>
    <time>2020-04-04T12:35:02Z</time>
   </trkpt>
   <trkpt lat="51.1184960" lon="-0.5669200">
    <ele>53.2</ele>
    <time>2020-04-04T12:35:03Z</time>
   </trkpt>
   <trkpt lat="51.1184620" lon="-0.5670230">
    <ele>52.8</ele>
    <time>2020-04-04T12:35:04Z</time>
   </trkpt>
   <trkpt lat="51.1184330" lon="-0.5671260">
    <ele>52.4</ele>
    <time>2020-04-04T12:35:05Z</time>
   </trkpt>
   <trkpt lat="51.1183990" lon="-0.5672300">
    <ele>51.1</ele>
    <time>2020-04-04T12:35:06Z</time>
   </trkpt>
   <trkpt lat="51.1183620" lon="-0.5673360">
    <ele>50.3</ele>
    <time>2020-04-04T12:35:07Z</time>
   </trkpt>
   <trkpt lat="51.1182930" lon="-0.5675630">
    <ele>48.7</ele>
    <time>2020-04-04T12:35:09Z</time>
   </trkpt>
   <trkpt lat="51.1182590" lon="-0.5676820">
    <ele>47.9</ele>
    <time>2020-04-04T12:35:10Z</time>
   </trkpt>
   <trkpt lat="51.1182210" lon="-0.5678020">
    <ele>47.1</ele>
    <time>2020-04-04T12:35:11Z</time>
   </trkpt>
   <trkpt lat="51.1181550" lon="-0.5680530">
    <ele>45.5</ele>
    <time>2020-04-04T12:35:13Z</time>
   </trkpt>
   <trkpt lat="51.1181160" lon="-0.5681670">
    <ele>44.7</ele>
    <time>2020-04-04T12:35:14Z</time>
   </trkpt>
   <trkpt lat="51.1180450" lon="-0.5684120">
    <ele>43.1</ele>
    <time>2020-04-04T12:35:16Z</time>
   </trkpt>
   <trkpt lat="51.1180110" lon="-0.5685500">
    <ele>42.1</ele>
    <time>2020-04-04T12:35:17Z</time>
   </trkpt>
   <trkpt lat="51.1179860" lon="-0.5686920">
    <ele>41.1</ele>
    <time>2020-04-04T12:35:18Z</time>
   </trkpt>
   <trkpt lat="51.1179660" lon="-0.5689700">
    <ele>39.2</ele>
    <time>2020-04-04T12:35:20Z</time>
   </trkpt>
   <trkpt lat="51.1179450" lon="-0.5691020">
    <ele>38.2</ele>
    <time>2020-04-04T12:35:21Z</time>
   </trkpt>
   <trkpt lat="51.1179280" lon="-0.5693710">
    <ele>36.7</ele>
    <time>2020-04-04T12:35:23Z</time>
   </trkpt>
   <trkpt lat="51.1179440" lon="-0.5695030">
    <ele>36.4</ele>
    <time>2020-04-04T12:35:24Z</time>
   </trkpt>
   <trkpt lat="51.1179770" lon="-0.5696240">
    <ele>36.2</ele>
    <time>2020-04-04T12:35:25Z</time>
   </trkpt>
   <trkpt lat="51.1180550" lon="-0.5698270">
    <ele>35.8</ele>
    <time>2020-04-04T12:35:27Z</time>
   </trkpt>
   <trkpt lat="51.1181030" lon="-0.5699980">
    <ele>35.5</ele>
    <time>2020-04-04T12:35:29Z</time>
   </trkpt>
   <trkpt lat="51.1181010" lon="-0.5700780">
    <ele>35.2</ele>
    <time>2020-04-04T12:35:30Z</time>
   </trkpt>
   <trkpt lat="51.1180740" lon="-0.5701430">
    <ele>35.0</ele>
    <time>2020-04-04T12:35:31Z</time>
   </trkpt>
   <trkpt lat="51.1180450" lon="-0.5702080">
    <ele>34.9</ele>
    <time>2020-04-04T12:35:32Z</time>
   </trkpt>
   <trkpt lat="51.1180070" lon="-0.5702770">
    <ele>34.8</ele>
    <time>2020-04-04T12:35:33Z</time>
   </trkpt>
   <trkpt lat="51.1179320" lon="-0.5704260">
    <ele>34.5</ele>
    <time>2020-04-04T12:35:35Z</time>
   </trkpt>
   <trkpt lat="51.1178690" lon="-0.5705690">
    <ele>34.4</ele>
    <time>2020-04-04T12:35:37Z</time>
   </trkpt>
   <trkpt lat="51.1178270" lon="-0.5707270">
    <ele>34.5</ele>
    <time>2020-04-04T12:35:39Z</time>
   </trkpt>
   <trkpt lat="51.1177920" lon="-0.5707860">
    <ele>34.6</ele>
    <time>2020-04-04T12:35:40Z</time>
   </trkpt>
   <trkpt lat="51.1177520" lon="-0.5708410">
    <ele>34.6</ele>
    <time>2020-04-04T12:35:41Z</time>
   </trkpt>
   <trkpt lat="51.1177160" lon="-0.5709150">
    <ele>34.7</ele>
    <time>2020-04-04T12:35:42Z</time>
   </trkpt>
   <trkpt lat="51.1176470" lon="-0.5710840">
    <ele>34.6</ele>
    <time>2020-04-04T12:35:44Z</time>
   </trkpt>
   <trkpt lat="51.1176100" lon="-0.5711700">
    <ele>34.5</ele>
    <time>2020-04-04T12:35:45Z</time>
   </trkpt>
   <trkpt lat="51.1175750" lon="-0.5712560">
    <ele>34.4</ele>
    <time>2020-04-04T12:35:46Z</time>
   </trkpt>
   <trkpt lat="51.1175260" lon="-0.5713310">
    <ele>34.4</ele>
    <time>2020-04-04T12:35:47Z</time>
   </trkpt>
   <trkpt lat="51.1174240" lon="-0.5714840">
    <ele>34.8</ele>
    <time>2020-04-04T12:35:49Z</time>
   </trkpt>
   <trkpt lat="51.1173940" lon="-0.5715810">
    <ele>35.3</ele>
    <time>2020-04-04T12:35:50Z</time>
   </trkpt>
   <trkpt lat="51.1173850" lon="-0.5716750">
    <ele>35.7</ele>
    <time>2020-04-04T12:35:51Z</time>
   </trkpt>
   <trkpt lat="51.1173780" lon="-0.5718510">
    <ele>36.7</ele>
    <time>2020-04-04T12:35:53Z</time>
   </trkpt>
   <trkpt lat="51.1173870" lon="-0.5720340">
    <ele>37.9</ele>
    <time>2020-04-04T12:35:55Z</time>
   </trkpt>
   <trkpt lat="51.1173920" lon="-0.5721090">
    <ele>38.4</ele>
    <time>2020-04-04T12:35:56Z</time>
   </trkpt>
   <trkpt lat="51.1174040" lon="-0.5722310">
    <ele>39.2</ele>
    <time>2020-04-04T12:35:58Z</time>
   </trkpt>
   <trkpt lat="51.1174490" lon="-0.5723640">
    <ele>40.3</ele>
    <time>2020-04-04T12:36:00Z</time>
   </trkpt>
   <trkpt lat="51.1174850" lon="-0.5724710">
    <ele>41.1</ele>
    <time>2020-04-04T12:36:02Z</time>
   </trkpt>
   <trkpt lat="51.1175260" lon="-0.5725730">
    <ele>41.9</ele>
    <time>2020-04-04T12:36:04Z</time>
   </trkpt>
   <trkpt lat="51.1175500" lon="-0.5725990">
    <ele>42.3</ele>
    <time>2020-04-04T12:36:05Z</time>
   </trkpt>
   <trkpt lat="51.1175600" lon="-0.5726260">
    <ele>42.5</ele>
    <time>2020-04-04T12:36:06Z</time>
   </trkpt>
   <trkpt lat="51.1175760" lon="-0.5726800">
    <ele>42.9</ele>
    <time>2020-04-04T12:36:07Z</time>
   </trkpt>
   <trkpt lat="51.1175990" lon="-0.5727450">
    <ele>43.3</ele>
    <time>2020-04-04T12:36:09Z</time>
   </trkpt>
   <trkpt lat="51.1176270" lon="-0.5728120">
    <ele>43.6</ele>
    <time>2020-04-04T12:36:10Z</time>
   </trkpt>
   <trkpt lat="51.1176450" lon="-0.5728480">
    <ele>43.8</ele>
    <time>2020-04-04T12:36:11Z</time>
   </trkpt>
   <trkpt lat="51.1176680" lon="-0.5729220">
    <ele>44.1</ele>
    <time>2020-04-04T12:36:13Z</time>
   </trkpt>
   <trkpt lat="51.1176890" lon="-0.5729800">
    <ele>44.2</ele>
    <time>2020-04-04T12:36:14Z</time>
   </trkpt>
   <trkpt lat="51.1177160" lon="-0.5730310">
    <ele>44.3</ele>
    <time>2020-04-04T12:36:16Z</time>
   </trkpt>
   <trkpt lat="51.1177480" lon="-0.5731010">
    <ele>44.4</ele>
    <time>2020-04-04T12:36:17Z</time>
   </trkpt>
   <trkpt lat="51.1177760" lon="-0.5731670">
    <ele>44.5</ele>
    <time>2020-04-04T12:36:18Z</time>
   </trkpt>
   <trkpt lat="51.1178000" lon="-0.5732150">
    <ele>44.6</ele>
    <time>2020-04-04T12:36:20Z</time>
   </trkpt>
   <trkpt lat="51.1178200" lon="-0.5733000">
    <ele>44.8</ele>
    <time>2020-04-04T12:36:21Z</time>
   </trkpt>
   <trkpt lat="51.1178270" lon="-0.5733580">
    <ele>44.9</ele>
    <time>2020-04-04T12:36:23Z</time>
   </trkpt>
   <trkpt lat="51.1178290" lon="-0.5734010">
    <ele>45.0</ele>
    <time>2020-04-04T12:36:24Z</time>
   </trkpt>
   <trkpt lat="51.1178520" lon="-0.5735130">
    <ele>45.4</ele>
    <time>2020-04-04T12:36:26Z</time>
   </trkpt>
   <trkpt lat="51.1178680" lon="-0.5735800">
    <ele>45.7</ele>
    <time>2020-04-04T12:36:27Z</time>
   </trkpt>
   <trkpt lat="51.1178850" lon="-0.5736460">
    <ele>45.9</ele>
    <time>2020-04-04T12:36:28Z</time>
   </trkpt>
   <trkpt lat="51.1179140" lon="-0.5737520">
    <ele>46.4</ele>
    <time>2020-04-04T12:36:29Z</time>
   </trkpt>
   <trkpt lat="51.1179410" lon="-0.5738490">
    <ele>47.0</ele>
    <time>2020-04-04T12:36:31Z</time>
   </trkpt>
   <trkpt lat="51.1179620" lon="-0.5739050">
    <ele>47.3</ele>
    <time>2020-04-04T12:36:32Z</time>
   </trkpt>
   <trkpt lat="51.1180120" lon="-0.5740060">
    <ele>48.0</ele>
    <time>2020-04-04T12:36:33Z</time>
   </trkpt>
   <trkpt lat="51.1180580" lon="-0.5740540">
    <ele>48.5</ele>
    <time>2020-04-04T12:36:35Z</time>
   </trkpt>
   <trkpt lat="51.1180820" lon="-0.5740860">
    <ele>48.8</ele>
    <time>2020-04-04T12:36:36Z</time>
   </trkpt>
   <trkpt lat="51.1181100" lon="-0.5741150">
    <ele>49.4</ele>
    <time>2020-04-04T12:36:38Z</time>
   </trkpt>
   <trkpt lat="51.1181630" lon="-0.5741210">
    <ele>49.4</ele>
    <time>2020-04-04T12:36:39Z</time>
   </trkpt>
   <trkpt lat="51.1181910" lon="-0.5740950">
    <ele>49.4</ele>
    <time>2020-04-04T12:36:41Z</time>
   </trkpt>
   <trkpt lat="51.1182220" lon="-0.5740470">
    <ele>49.4</ele>
    <time>2020-04-04T12:36:42Z</time>
   </trkpt>
   <trkpt lat="51.1182590" lon="-0.5739890">
    <ele>49.3</ele>
    <time>2020-04-04T12:36:43Z</time>
   </trkpt>
   <trkpt lat="51.1182840" lon="-0.5739380">
    <ele>49.3</ele>
    <time>2020-04-04T12:36:44Z</time>
   </trkpt>
   <trkpt lat="51.1183090" lon="-0.5738800">
    <ele>49.2</ele>
    <time>2020-04-04T12:36:46Z</time>
   </trkpt>
   <trkpt lat="51.1183400" lon="-0.5738170">
    <ele>49.2</ele>
    <time>2020-04-04T12:36:47Z</time>
   </trkpt>
   <trkpt lat="51.1183540" lon="-0.5737840">
    <ele>49.1</ele>
    <time>2020-04-04T12:36:48Z</time>
   </trkpt>
   <trkpt lat="51.1183670" lon="-0.5737470">
    <ele>49.1</ele>
    <time>2020-04-04T12:36:50Z</time>
   </trkpt>
   <trkpt lat="51.1183870" lon="-0.5737540">
    <ele>49.1</ele>
    <time>2020-04-04T12:36:51Z</time>
   </trkpt>
   <trkpt lat="51.1183920" lon="-0.5737470">
    <ele>49.1</ele>
    <time>2020-04-04T12:36:52Z</time>
   </trkpt>
   <trkpt lat="51.1184000" lon="-0.5737500">
    <ele>49.1</ele>
    <time>2020-04-04T12:36:53Z</time>
   </trkpt>
   <trkpt lat="51.1184030" lon="-0.5737470">
    <ele>49.1</ele>
    <time>2020-04-04T12:36:54Z</time>
   </trkpt>
   <trkpt lat="51.1184130" lon="-0.5737420">
    <ele>49.0</ele>
    <time>2020-04-04T12:36:56Z</time>
   </trkpt>
   <trkpt lat="51.1184130" lon="-0.5737400">
    <ele>49.0</ele>
    <time>2020-04-04T12:36:57Z</time>
   </trkpt>
   <trkpt lat="51.1184160" lon="-0.5737370">
    <ele>49.0</ele>
    <time>2020-04-04T12:36:59Z</time>
   </trkpt>
  </trkseg>
 </trk>
</gpx>
