<?xml version="1.0" encoding="UTF-8"?>
<gpx creator="StravaGPX" version="1.1" xmlns="http://www.topografix.com/GPX/1/1" xmlns:xsi="http://www.w3.org/2001/XMLSchema-instance" xsi:schemaLocation="http://www.topografix.com/GPX/1/1 http://www.topografix.com/GPX/1/1/gpx.xsd">
 <metadata>
  <time>2020-04-10T10:00:13Z</time>
 </metadata>
 <trk>
  <name>Easter Friday morning ride</name>
  <type>cycling</type>
  <trkseg>
   <trkpt lat="51.1185080" lon="-0.5739960">
    <ele>50.6</ele>
    <time>2020-04-10T10:00:13Z</time>
   </trkpt>
   <trkpt lat="51.1184720" lon="-0.5738150">
    <ele>50.9</ele>
    <time>2020-04-10T10:00:14Z</time>
   </trkpt>
   <trkpt lat="51.1184370" lon="-0.5736480">
    <ele>51.1</ele>
    <time>2020-04-10T10:00:16Z</time>
   </trkpt>
   <trkpt lat="51.1184380" lon="-0.5736560">
    <ele>51.1</ele>
    <time>2020-04-10T10:00:17Z</time>
   </trkpt>
   <trkpt lat="51.1184390" lon="-0.5736810">
    <ele>51.1</ele>
    <time>2020-04-10T10:00:18Z</time>
   </trkpt>
   <trkpt lat="51.1184370" lon="-0.5736890">
    <ele>51.1</ele>
    <time>2020-04-10T10:00:20Z</time>
   </trkpt>
   <trkpt lat="51.1184400" lon="-0.5736970">
    <ele>51.1</ele>
    <time>2020-04-10T10:00:21Z</time>
   </trkpt>
   <trkpt lat="51.1184500" lon="-0.5736880">
    <ele>51.1</ele>
    <time>2020-04-10T10:00:23Z</time>
   </trkpt>
   <trkpt lat="51.1184570" lon="-0.5736800">
    <ele>51.1</ele>
    <time>2020-04-10T10:00:24Z</time>
   </trkpt>
   <trkpt lat="51.1184630" lon="-0.5736730">
    <ele>51.1</ele>
    <time>2020-04-10T10:00:25Z</time>
   </trkpt>
   <trkpt lat="51.1184690" lon="-0.5736650">
    <ele>51.1</ele>
    <time>2020-04-10T10:00:26Z</time>
   </trkpt>
   <trkpt lat="51.1184760" lon="-0.5736570">
    <ele>51.1</ele>
    <time>2020-04-10T10:00:28Z</time>
   </trkpt>
   <trkpt lat="51.1184820" lon="-0.5736490">
    <ele>51.1</ele>
    <time>2020-04-10T10:00:29Z</time>
   </trkpt>
   <trkpt lat="51.1185080" lon="-0.5736170">
    <ele>51.1</ele>
    <time>2020-04-10T10:00:30Z</time>
   </trkpt>
   <trkpt lat="51.1185530" lon="-0.5735790">
    <ele>51.1</ele>
    <time>2020-04-10T10:00:32Z</time>
   </trkpt>
   <trkpt lat="51.1185740" lon="-0.5735510">
    <ele>51.1</ele>
    <time>2020-04-10T10:00:33Z</time>
   </trkpt>
   <trkpt lat="51.1186140" lon="-0.5735030">
    <ele>51.0</ele>
    <time>2020-04-10T10:00:35Z</time>
   </trkpt>
   <trkpt lat="51.1186470" lon="-0.5734470">
    <ele>50.9</ele>
    <time>2020-04-10T10:00:37Z</time>
   </trkpt>
   <trkpt lat="51.1186750" lon="-0.5734100">
    <ele>50.9</ele>
    <time>2020-04-10T10:00:38Z</time>
   </trkpt>
   <trkpt lat="51.1186850" lon="-0.5734000">
    <ele>50.9</ele>
    <time>2020-04-10T10:00:39Z</time>
   </trkpt>
   <trkpt lat="51.1187050" lon="-0.5733740">
    <ele>50.8</ele>
    <time>2020-04-10T10:00:40Z</time>
   </trkpt>
   <trkpt lat="51.1187190" lon="-0.5733500">
    <ele>50.8</ele>
    <time>2020-04-10T10:00:42Z</time>
   </trkpt>
   <trkpt lat="51.1187420" lon="-0.5733220">
    <ele>50.7</ele>
    <time>2020-04-10T10:00:43Z</time>
   </trkpt>
   <trkpt lat="51.1187680" lon="-0.5732880">
    <ele>50.7</ele>
    <time>2020-04-10T10:00:44Z</time>
   </trkpt>
   <trkpt lat="51.1187890" lon="-0.5732460">
    <ele>50.6</ele>
    <time>2020-04-10T10:00:45Z</time>
   </trkpt>
   <trkpt lat="51.1188100" lon="-0.5732000">
    <ele>50.6</ele>
    <time>2020-04-10T10:00:46Z</time>
   </trkpt>
   <trkpt lat="51.1188340" lon="-0.5731470">
    <ele>50.5</ele>
    <time>2020-04-10T10:00:48Z</time>
   </trkpt>
   <trkpt lat="51.1188540" lon="-0.5731010">
    <ele>50.4</ele>
    <time>2020-04-10T10:00:49Z</time>
   </trkpt>
   <trkpt lat="51.1190830" lon="-0.5727030">
    <ele>50.1</ele>
    <time>2020-04-10T10:00:50Z</time>
   </trkpt>
   <trkpt lat="51.1191810" lon="-0.5725010">
    <ele>50.1</ele>
    <time>2020-04-10T10:00:52Z</time>
   </trkpt>
   <trkpt lat="51.1192140" lon="-0.5723520">
    <ele>50.2</ele>
    <time>2020-04-10T10:00:53Z</time>
   </trkpt>
   <trkpt lat="51.1192110" lon="-0.5721380">
    <ele>50.3</ele>
    <time>2020-04-10T10:00:55Z</time>
   </trkpt>
   <trkpt lat="51.1192100" lon="-0.5719800">
    <ele>50.4</ele>
    <time>2020-04-10T10:00:57Z</time>
   </trkpt>
   <trkpt lat="51.1191940" lon="-0.5719340">
    <ele>50.4</ele>
    <time>2020-04-10T10:00:59Z</time>
   </trkpt>
   <trkpt lat="51.1192040" lon="-0.5717340">
    <ele>50.4</ele>
    <time>2020-04-10T10:01:01Z</time>
   </trkpt>
   <trkpt lat="51.1192410" lon="-0.5716070">
    <ele>50.4</ele>
    <time>2020-04-10T10:01:03Z</time>
   </trkpt>
   <trkpt lat="51.1192910" lon="-0.5715740">
    <ele>50.4</ele>
    <time>2020-04-10T10:01:05Z</time>
   </trkpt>
   <trkpt lat="51.1193870" lon="-0.5714490">
    <ele>51.1</ele>
    <time>2020-04-10T10:01:06Z</time>
   </trkpt>
   <trkpt lat="51.1194450" lon="-0.5714270">
    <ele>51.3</ele>
    <time>2020-04-10T10:01:07Z</time>
   </trkpt>
   <trkpt lat="51.1194900" lon="-0.5714240">
    <ele>51.5</ele>
    <time>2020-04-10T10:01:08Z</time>
   </trkpt>
   <trkpt lat="51.1195380" lon="-0.5714560">
    <ele>51.8</ele>
    <time>2020-04-10T10:01:09Z</time>
   </trkpt>
   <trkpt lat="51.1196460" lon="-0.5714680">
    <ele>52.2</ele>
    <time>2020-04-10T10:01:11Z</time>
   </trkpt>
   <trkpt lat="51.1196930" lon="-0.5714820">
    <ele>52.4</ele>
    <time>2020-04-10T10:01:12Z</time>
   </trkpt>
   <trkpt lat="51.1197840" lon="-0.5714960">
    <ele>52.7</ele>
    <time>2020-04-10T10:01:14Z</time>
   </trkpt>
   <trkpt lat="51.1197860" lon="-0.5714840">
    <ele>52.8</ele>
    <time>2020-04-10T10:01:15Z</time>
   </trkpt>
   <trkpt lat="51.1198120" lon="-0.5714950">
    <ele>52.9</ele>
    <time>2020-04-10T10:01:17Z</time>
   </trkpt>
   <trkpt lat="51.1198570" lon="-0.5715120">
    <ele>53.1</ele>
    <time>2020-04-10T10:01:18Z</time>
   </trkpt>
   <trkpt lat="51.1199880" lon="-0.5715370">
    <ele>53.6</ele>
    <time>2020-04-10T10:01:19Z</time>
   </trkpt>
   <trkpt lat="51.1200740" lon="-0.5715370">
    <ele>54.0</ele>
    <time>2020-04-10T10:01:21Z</time>
   </trkpt>
   <trkpt lat="51.1201700" lon="-0.5715240">
    <ele>54.4</ele>
    <time>2020-04-10T10:01:22Z</time>
   </trkpt>
   <trkpt lat="51.1202150" lon="-0.5715370">
    <ele>54.6</ele>
    <time>2020-04-10T10:01:23Z</time>
   </trkpt>
   <trkpt lat="51.1202380" lon="-0.5715240">
    <ele>54.7</ele>
    <time>2020-04-10T10:01:24Z</time>
   </trkpt>
   <trkpt lat="51.1203020" lon="-0.5715500">
    <ele>55.0</ele>
    <time>2020-04-10T10:01:26Z</time>
   </trkpt>
   <trkpt lat="51.1203200" lon="-0.5715710">
    <ele>55.1</ele>
    <time>2020-04-10T10:01:27Z</time>
   </trkpt>
   <trkpt lat="51.1204040" lon="-0.5716440">
    <ele>55.5</ele>
    <time>2020-04-10T10:01:29Z</time>
   </trkpt>
   <trkpt lat="51.1205620" lon="-0.5717090">
    <ele>56.1</ele>
    <time>2020-04-10T10:01:31Z</time>
   </trkpt>
   <trkpt lat="51.1206030" lon="-0.5717350">
    <ele>56.2</ele>
    <time>2020-04-10T10:01:32Z</time>
   </trkpt>
   <trkpt lat="51.1206380" lon="-0.5717540">
    <ele>56.3</ele>
    <time>2020-04-10T10:01:33Z</time>
   </trkpt>
   <trkpt lat="51.1206900" lon="-0.5717900">
    <ele>56.5</ele>
    <time>2020-04-10T10:01:35Z</time>
   </trkpt>
   <trkpt lat="51.1207250" lon="-0.5718200">
    <ele>56.5</ele>
    <time>2020-04-10T10:01:36Z</time>
   </trkpt>
   <trkpt lat="51.1207640" lon="-0.5718410">
    <ele>56.6</ele>
    <time>2020-04-10T10:01:37Z</time>
   </trkpt>
   <trkpt lat="51.1208040" lon="-0.5718560">
    <ele>56.6</ele>
    <time>2020-04-10T10:01:38Z</time>
   </trkpt>
   <trkpt lat="51.1208610" lon="-0.5718910">
    <ele>56.6</ele>
    <time>2020-04-10T10:01:39Z</time>
   </trkpt>
   <trkpt lat="51.1209300" lon="-0.5719300">
    <ele>56.5</ele>
    <time>2020-04-10T10:01:41Z</time>
   </trkpt>
   <trkpt lat="51.1209490" lon="-0.5719440">
    <ele>56.5</ele>
    <time>2020-04-10T10:01:42Z</time>
   </trkpt>
   <trkpt lat="51.1209770" lon="-0.5719650">
    <ele>56.5</ele>
    <time>2020-04-10T10:01:43Z</time>
   </trkpt>
   <trkpt lat="51.1210050" lon="-0.5719850">
    <ele>56.4</ele>
    <time>2020-04-10T10:01:44Z</time>
   </trkpt>
   <trkpt lat="51.1211090" lon="-0.5720470">
    <ele>56.3</ele>
    <time>2020-04-10T10:01:45Z</time>
   </trkpt>
   <trkpt lat="51.1213280" lon="-0.5721860">
    <ele>56.2</ele>
    <time>2020-04-10T10:01:47Z</time>
   </trkpt>
   <trkpt lat="51.1214230" lon="-0.5722450">
    <ele>56.3</ele>
    <time>2020-04-10T10:01:48Z</time>
   </trkpt>
   <trkpt lat="51.1215510" lon="-0.5723550">
    <ele>56.3</ele>
    <time>2020-04-10T10:01:50Z</time>
   </trkpt>
   <trkpt lat="51.1216060" lon="-0.5724020">
    <ele>56.3</ele>
    <time>2020-04-10T10:01:51Z</time>
   </trkpt>
   <trkpt lat="51.1216980" lon="-0.5724660">
    <ele>56.4</ele>
    <time>2020-04-10T10:01:53Z</time>
   </trkpt>
   <trkpt lat="51.1218010" lon="-0.5725330">
    <ele>56.4</ele>
    <time>2020-04-10T10:01:55Z</time>
   </trkpt>
   <trkpt lat="51.1218590" lon="-0.5725660">
    <ele>56.4</ele>
    <time>2020-04-10T10:01:56Z</time>
   </trkpt>
   <trkpt lat="51.1219600" lon="-0.5726300">
    <ele>56.6</ele>
    <time>2020-04-10T10:01:58Z</time>
   </trkpt>
   <trkpt lat="51.1220140" lon="-0.5726570">
    <ele>56.7</ele>
    <time>2020-04-10T10:01:59Z</time>
   </trkpt>
   <trkpt lat="51.1220690" lon="-0.5726750">
    <ele>56.8</ele>
    <time>2020-04-10T10:02:00Z</time>
   </trkpt>
   <trkpt lat="51.1221900" lon="-0.5727070">
    <ele>57.0</ele>
    <time>2020-04-10T10:02:02Z</time>
   </trkpt>
   <trkpt lat="51.1223070" lon="-0.5727370">
    <ele>57.1</ele>
    <time>2020-04-10T10:02:04Z</time>
   </trkpt>
   <trkpt lat="51.1223590" lon="-0.5727530">
    <ele>57.1</ele>
    <time>2020-04-10T10:02:05Z</time>
   </trkpt>
   <trkpt lat="51.1224730" lon="-0.5727830">
    <ele>57.2</ele>
    <time>2020-04-10T10:02:07Z</time>
   </trkpt>
   <trkpt lat="51.1225940" lon="-0.5728090">
    <ele>57.2</ele>
    <time>2020-04-10T10:02:09Z</time>
   </trkpt>
   <trkpt lat="51.1227190" lon="-0.5728170">
    <ele>57.3</ele>
    <time>2020-04-10T10:02:11Z</time>
   </trkpt>
   <trkpt lat="51.1227790" lon="-0.5728120">
    <ele>57.3</ele>
    <time>2020-04-10T10:02:12Z</time>
   </trkpt>
   <trkpt lat="51.1228390" lon="-0.5728160">
    <ele>57.3</ele>
    <time>2020-04-10T10:02:13Z</time>
   </trkpt>
   <trkpt lat="51.1229550" lon="-0.5728090">
    <ele>57.4</ele>
    <time>2020-04-10T10:02:15Z</time>
   </trkpt>
   <trkpt lat="51.1230820" lon="-0.5727770">
    <ele>57.4</ele>
    <time>2020-04-10T10:02:17Z</time>
   </trkpt>
   <trkpt lat="51.1231440" lon="-0.5727600">
    <ele>57.5</ele>
    <time>2020-04-10T10:02:18Z</time>
   </trkpt>
   <trkpt lat="51.1232050" lon="-0.5727400">
    <ele>57.4</ele>
    <time>2020-04-10T10:02:19Z</time>
   </trkpt>
   <trkpt lat="51.1233150" lon="-0.5726990">
    <ele>57.4</ele>
    <time>2020-04-10T10:02:21Z</time>
   </trkpt>
   <trkpt lat="51.1234340" lon="-0.5726480">
    <ele>57.1</ele>
    <time>2020-04-10T10:02:23Z</time>
   </trkpt>
   <trkpt lat="51.1234990" lon="-0.5726200">
    <ele>56.8</ele>
    <time>2020-04-10T10:02:24Z</time>
   </trkpt>
   <trkpt lat="51.1236400" lon="-0.5725800">
    <ele>56.2</ele>
    <time>2020-04-10T10:02:26Z</time>
   </trkpt>
   <trkpt lat="51.1237160" lon="-0.5725680">
    <ele>55.9</ele>
    <time>2020-04-10T10:02:27Z</time>
   </trkpt>
   <trkpt lat="51.1237940" lon="-0.5725590">
    <ele>55.5</ele>
    <time>2020-04-10T10:02:28Z</time>
   </trkpt>
   <trkpt lat="51.1239560" lon="-0.5725540">
    <ele>54.8</ele>
    <time>2020-04-10T10:02:30Z</time>
   </trkpt>
   <trkpt lat="51.1241080" lon="-0.5725780">
    <ele>54.3</ele>
    <time>2020-04-10T10:02:32Z</time>
   </trkpt>
   <trkpt lat="51.1242760" lon="-0.5725580">
    <ele>54.0</ele>
    <time>2020-04-10T10:02:34Z</time>
   </trkpt>
   <trkpt lat="51.1244350" lon="-0.5725040">
    <ele>53.9</ele>
    <time>2020-04-10T10:02:36Z</time>
   </trkpt>
   <trkpt lat="51.1245060" lon="-0.5724660">
    <ele>53.9</ele>
    <time>2020-04-10T10:02:37Z</time>
   </trkpt>
   <trkpt lat="51.1246500" lon="-0.5724000">
    <ele>53.5</ele>
    <time>2020-04-10T10:02:39Z</time>
   </trkpt>
   <trkpt lat="51.1248020" lon="-0.5723460">
    <ele>53.4</ele>
    <time>2020-04-10T10:02:41Z</time>
   </trkpt>
   <trkpt lat="51.1248740" lon="-0.5723150">
    <ele>53.4</ele>
    <time>2020-04-10T10:02:42Z</time>
   </trkpt>
   <trkpt lat="51.1250150" lon="-0.5722590">
    <ele>53.5</ele>
    <time>2020-04-10T10:02:44Z</time>
   </trkpt>
   <trkpt lat="51.1250810" lon="-0.5722370">
    <ele>53.5</ele>
    <time>2020-04-10T10:02:45Z</time>
   </trkpt>
   <trkpt lat="51.1251480" lon="-0.5722220">
    <ele>53.7</ele>
    <time>2020-04-10T10:02:46Z</time>
   </trkpt>
   <trkpt lat="51.1252170" lon="-0.5721920">
    <ele>53.9</ele>
    <time>2020-04-10T10:02:47Z</time>
   </trkpt>
   <trkpt lat="51.1252840" lon="-0.5721740">
    <ele>54.1</ele>
    <time>2020-04-10T10:02:48Z</time>
   </trkpt>
   <trkpt lat="51.1254090" lon="-0.5721430">
    <ele>54.5</ele>
    <time>2020-04-10T10:02:50Z</time>
   </trkpt>
   <trkpt lat="51.1255300" lon="-0.5721520">
    <ele>55.0</ele>
    <time>2020-04-10T10:02:52Z</time>
   </trkpt>
   <trkpt lat="51.1256480" lon="-0.5721650">
    <ele>55.7</ele>
    <time>2020-04-10T10:02:54Z</time>
   </trkpt>
   <trkpt lat="51.1257490" lon="-0.5721760">
    <ele>56.4</ele>
    <time>2020-04-10T10:02:56Z</time>
   </trkpt>
   <trkpt lat="51.1257930" lon="-0.5721820">
    <ele>56.7</ele>
    <time>2020-04-10T10:02:57Z</time>
   </trkpt>
   <trkpt lat="51.1258820" lon="-0.5722070">
    <ele>57.4</ele>
    <time>2020-04-10T10:02:59Z</time>
   </trkpt>
   <trkpt lat="51.1259750" lon="-0.5722270">
    <ele>58.1</ele>
    <time>2020-04-10T10:03:01Z</time>
   </trkpt>
   <trkpt lat="51.1260130" lon="-0.5722310">
    <ele>58.4</ele>
    <time>2020-04-10T10:03:02Z</time>
   </trkpt>
   <trkpt lat="51.1261170" lon="-0.5722340">
    <ele>59.1</ele>
    <time>2020-04-10T10:03:04Z</time>
   </trkpt>
   <trkpt lat="51.1261670" lon="-0.5722350">
    <ele>59.4</ele>
    <time>2020-04-10T10:03:05Z</time>
   </trkpt>
   <trkpt lat="51.1262250" lon="-0.5722360">
    <ele>59.8</ele>
    <time>2020-04-10T10:03:06Z</time>
   </trkpt>
   <trkpt lat="51.1263180" lon="-0.5722210">
    <ele>60.3</ele>
    <time>2020-04-10T10:03:08Z</time>
   </trkpt>
   <trkpt lat="51.1263400" lon="-0.5722150">
    <ele>60.4</ele>
    <time>2020-04-10T10:03:09Z</time>
   </trkpt>
   <trkpt lat="51.1264530" lon="-0.5722180">
    <ele>60.8</ele>
    <time>2020-04-10T10:03:11Z</time>
   </trkpt>
   <trkpt lat="51.1265590" lon="-0.5722280">
    <ele>61.0</ele>
    <time>2020-04-10T10:03:13Z</time>
   </trkpt>
   <trkpt lat="51.1266650" lon="-0.5722370">
    <ele>61.2</ele>
    <time>2020-04-10T10:03:15Z</time>
   </trkpt>
   <trkpt lat="51.1267370" lon="-0.5722440">
    <ele>61.2</ele>
    <time>2020-04-10T10:03:17Z</time>
   </trkpt>
   <trkpt lat="51.1267970" lon="-0.5722680">
    <ele>61.3</ele>
    <time>2020-04-10T10:03:18Z</time>
   </trkpt>
   <trkpt lat="51.1268450" lon="-0.5722930">
    <ele>61.3</ele>
    <time>2020-04-10T10:03:19Z</time>
   </trkpt>
   <trkpt lat="51.1269120" lon="-0.5724260">
    <ele>61.3</ele>
    <time>2020-04-10T10:03:21Z</time>
   </trkpt>
   <trkpt lat="51.1269550" lon="-0.5725840">
    <ele>61.4</ele>
    <time>2020-04-10T10:03:23Z</time>
   </trkpt>
   <trkpt lat="51.1269960" lon="-0.5727460">
    <ele>61.6</ele>
    <time>2020-04-10T10:03:25Z</time>
   </trkpt>
   <trkpt lat="51.1270130" lon="-0.5728900">
    <ele>61.8</ele>
    <time>2020-04-10T10:03:27Z</time>
   </trkpt>
   <trkpt lat="51.1270620" lon="-0.5730450">
    <ele>62.0</ele>
    <time>2020-04-10T10:03:29Z</time>
   </trkpt>
   <trkpt lat="51.1270950" lon="-0.5731100">
    <ele>62.1</ele>
    <time>2020-04-10T10:03:30Z</time>
   </trkpt>
   <trkpt lat="51.1271910" lon="-0.5732010">
    <ele>62.1</ele>
    <time>2020-04-10T10:03:32Z</time>
   </trkpt>
   <trkpt lat="51.1272950" lon="-0.5732580">
    <ele>62.2</ele>
    <time>2020-04-10T10:03:34Z</time>
   </trkpt>
   <trkpt lat="51.1273520" lon="-0.5732720">
    <ele>62.3</ele>
    <time>2020-04-10T10:03:35Z</time>
   </trkpt>
   <trkpt lat="51.1274080" lon="-0.5732780">
    <ele>62.4</ele>
    <time>2020-04-10T10:03:36Z</time>
   </trkpt>
   <trkpt lat="51.1274590" lon="-0.5732900">
    <ele>62.4</ele>
    <time>2020-04-10T10:03:37Z</time>
   </trkpt>
   <trkpt lat="51.1275580" lon="-0.5733110">
    <ele>62.6</ele>
    <time>2020-04-10T10:03:39Z</time>
   </trkpt>
   <trkpt lat="51.1276100" lon="-0.5733150">
    <ele>62.7</ele>
    <time>2020-04-10T10:03:40Z</time>
   </trkpt>
   <trkpt lat="51.1277110" lon="-0.5733250">
    <ele>62.8</ele>
    <time>2020-04-10T10:03:42Z</time>
   </trkpt>
   <trkpt lat="51.1277620" lon="-0.5733220">
    <ele>62.9</ele>
    <time>2020-04-10T10:03:43Z</time>
   </trkpt>
   <trkpt lat="51.1278730" lon="-0.5733010">
    <ele>63.2</ele>
    <time>2020-04-10T10:03:45Z</time>
   </trkpt>
   <trkpt lat="51.1279770" lon="-0.5732740">
    <ele>63.4</ele>
    <time>2020-04-10T10:03:47Z</time>
   </trkpt>
   <trkpt lat="51.1280320" lon="-0.5732550">
    <ele>63.6</ele>
    <time>2020-04-10T10:03:48Z</time>
   </trkpt>
   <trkpt lat="51.1280880" lon="-0.5732300">
    <ele>63.7</ele>
    <time>2020-04-10T10:03:49Z</time>
   </trkpt>
   <trkpt lat="51.1282010" lon="-0.5731920">
    <ele>64.0</ele>
    <time>2020-04-10T10:03:51Z</time>
   </trkpt>
   <trkpt lat="51.1282530" lon="-0.5731610">
    <ele>64.2</ele>
    <time>2020-04-10T10:03:52Z</time>
   </trkpt>
   <trkpt lat="51.1283570" lon="-0.5731210">
    <ele>64.6</ele>
    <time>2020-04-10T10:03:54Z</time>
   </trkpt>
   <trkpt lat="51.1284060" lon="-0.5731010">
    <ele>64.8</ele>
    <time>2020-04-10T10:03:55Z</time>
   </trkpt>
   <trkpt lat="51.1285040" lon="-0.5730570">
    <ele>65.1</ele>
    <time>2020-04-10T10:03:57Z</time>
   </trkpt>
   <trkpt lat="51.1285560" lon="-0.5730320">
    <ele>65.2</ele>
    <time>2020-04-10T10:03:58Z</time>
   </trkpt>
   <trkpt lat="51.1286510" lon="-0.5729740">
    <ele>65.6</ele>
    <time>2020-04-10T10:04:00Z</time>
   </trkpt>
   <trkpt lat="51.1286960" lon="-0.5729430">
    <ele>65.7</ele>
    <time>2020-04-10T10:04:01Z</time>
   </trkpt>
   <trkpt lat="51.1287770" lon="-0.5728730">
    <ele>66.1</ele>
    <time>2020-04-10T10:04:03Z</time>
   </trkpt>
   <trkpt lat="51.1288370" lon="-0.5728070">
    <ele>66.4</ele>
    <time>2020-04-10T10:04:05Z</time>
   </trkpt>
   <trkpt lat="51.1289100" lon="-0.5727200">
    <ele>66.9</ele>
    <time>2020-04-10T10:04:07Z</time>
   </trkpt>
   <trkpt lat="51.1289760" lon="-0.5726560">
    <ele>67.2</ele>
    <time>2020-04-10T10:04:09Z</time>
   </trkpt>
   <trkpt lat="51.1290040" lon="-0.5726140">
    <ele>67.3</ele>
    <time>2020-04-10T10:04:10Z</time>
   </trkpt>
   <trkpt lat="51.1290450" lon="-0.5726070">
    <ele>67.4</ele>
    <time>2020-04-10T10:04:11Z</time>
   </trkpt>
   <trkpt lat="51.1290840" lon="-0.5725770">
    <ele>67.5</ele>
    <time>2020-04-10T10:04:12Z</time>
   </trkpt>
   <trkpt lat="51.1291810" lon="-0.5724880">
    <ele>67.8</ele>
    <time>2020-04-10T10:04:14Z</time>
   </trkpt>
   <trkpt lat="51.1292270" lon="-0.5724560">
    <ele>67.9</ele>
    <time>2020-04-10T10:04:15Z</time>
   </trkpt>
   <trkpt lat="51.1293220" lon="-0.5724080">
    <ele>68.2</ele>
    <time>2020-04-10T10:04:17Z</time>
   </trkpt>
   <trkpt lat="51.1293680" lon="-0.5723810">
    <ele>68.3</ele>
    <time>2020-04-10T10:04:18Z</time>
   </trkpt>
   <trkpt lat="51.1294660" lon="-0.5723570">
    <ele>68.6</ele>
    <time>2020-04-10T10:04:20Z</time>
   </trkpt>
   <trkpt lat="51.1295130" lon="-0.5723430">
    <ele>68.7</ele>
    <time>2020-04-10T10:04:21Z</time>
   </trkpt>
   <trkpt lat="51.1296000" lon="-0.5723000">
    <ele>69.0</ele>
    <time>2020-04-10T10:04:23Z</time>
   </trkpt>
   <trkpt lat="51.1296470" lon="-0.5722810">
    <ele>69.2</ele>
    <time>2020-04-10T10:04:24Z</time>
   </trkpt>
   <trkpt lat="51.1296420" lon="-0.5722790">
    <ele>69.2</ele>
    <time>2020-04-10T10:04:26Z</time>
   </trkpt>
   <trkpt lat="51.1297620" lon="-0.5722160">
    <ele>69.7</ele>
    <time>2020-04-10T10:04:28Z</time>
   </trkpt>
   <trkpt lat="51.1298190" lon="-0.5721860">
    <ele>69.9</ele>
    <time>2020-04-10T10:04:29Z</time>
   </trkpt>
   <trkpt lat="51.1299490" lon="-0.5721280">
    <ele>70.4</ele>
    <time>2020-04-10T10:04:31Z</time>
   </trkpt>
   <trkpt lat="51.1299920" lon="-0.5720980">
    <ele>70.6</ele>
    <time>2020-04-10T10:04:32Z</time>
   </trkpt>
   <trkpt lat="51.1300870" lon="-0.5720650">
    <ele>70.9</ele>
    <time>2020-04-10T10:04:34Z</time>
   </trkpt>
   <trkpt lat="51.1301810" lon="-0.5720030">
    <ele>71.3</ele>
    <time>2020-04-10T10:04:36Z</time>
   </trkpt>
   <trkpt lat="51.1302750" lon="-0.5719340">
    <ele>71.6</ele>
    <time>2020-04-10T10:04:38Z</time>
   </trkpt>
   <trkpt lat="51.1303180" lon="-0.5718930">
    <ele>71.8</ele>
    <time>2020-04-10T10:04:39Z</time>
   </trkpt>
   <trkpt lat="51.1303570" lon="-0.5718460">
    <ele>71.9</ele>
    <time>2020-04-10T10:04:40Z</time>
   </trkpt>
   <trkpt lat="51.1304280" lon="-0.5717430">
    <ele>72.2</ele>
    <time>2020-04-10T10:04:42Z</time>
   </trkpt>
   <trkpt lat="51.1304610" lon="-0.5716830">
    <ele>72.4</ele>
    <time>2020-04-10T10:04:43Z</time>
   </trkpt>
   <trkpt lat="51.1304900" lon="-0.5716220">
    <ele>72.5</ele>
    <time>2020-04-10T10:04:44Z</time>
   </trkpt>
   <trkpt lat="51.1305440" lon="-0.5715000">
    <ele>72.9</ele>
    <time>2020-04-10T10:04:46Z</time>
   </trkpt>
   <trkpt lat="51.1306000" lon="-0.5713810">
    <ele>73.2</ele>
    <time>2020-04-10T10:04:48Z</time>
   </trkpt>
   <trkpt lat="51.1306260" lon="-0.5713180">
    <ele>73.4</ele>
    <time>2020-04-10T10:04:49Z</time>
   </trkpt>
   <trkpt lat="51.1306870" lon="-0.5712050">
    <ele>73.7</ele>
    <time>2020-04-10T10:04:51Z</time>
   </trkpt>
   <trkpt lat="51.1307250" lon="-0.5711520">
    <ele>73.9</ele>
    <time>2020-04-10T10:04:52Z</time>
   </trkpt>
   <trkpt lat="51.1307660" lon="-0.5711090">
    <ele>74.1</ele>
    <time>2020-04-10T10:04:53Z</time>
   </trkpt>
   <trkpt lat="51.1308320" lon="-0.5710340">
    <ele>74.4</ele>
    <time>2020-04-10T10:04:55Z</time>
   </trkpt>
   <trkpt lat="51.1309110" lon="-0.5709660">
    <ele>74.9</ele>
    <time>2020-04-10T10:04:57Z</time>
   </trkpt>
   <trkpt lat="51.1309490" lon="-0.5709430">
    <ele>75.0</ele>
    <time>2020-04-10T10:04:58Z</time>
   </trkpt>
   <trkpt lat="51.1310010" lon="-0.5709180">
    <ele>75.3</ele>
    <time>2020-04-10T10:05:00Z</time>
   </trkpt>
   <trkpt lat="51.1310330" lon="-0.5710060">
    <ele>75.6</ele>
    <time>2020-04-10T10:05:01Z</time>
   </trkpt>
   <trkpt lat="51.1310700" lon="-0.5709200">
    <ele>76.0</ele>
    <time>2020-04-10T10:05:02Z</time>
   </trkpt>
   <trkpt lat="51.1311190" lon="-0.5708580">
    <ele>76.3</ele>
    <time>2020-04-10T10:05:03Z</time>
   </trkpt>
   <trkpt lat="51.1311550" lon="-0.5708370">
    <ele>76.5</ele>
    <time>2020-04-10T10:05:04Z</time>
   </trkpt>
   <trkpt lat="51.1311990" lon="-0.5708110">
    <ele>76.7</ele>
    <time>2020-04-10T10:05:05Z</time>
   </trkpt>
   <trkpt lat="51.1312560" lon="-0.5707790">
    <ele>77.0</ele>
    <time>2020-04-10T10:05:06Z</time>
   </trkpt>
   <trkpt lat="51.1313010" lon="-0.5707520">
    <ele>77.2</ele>
    <time>2020-04-10T10:05:08Z</time>
   </trkpt>
   <trkpt lat="51.1313530" lon="-0.5707220">
    <ele>77.4</ele>
    <time>2020-04-10T10:05:09Z</time>
   </trkpt>
   <trkpt lat="51.1313950" lon="-0.5706990">
    <ele>77.5</ele>
    <time>2020-04-10T10:05:10Z</time>
   </trkpt>
   <trkpt lat="51.1314360" lon="-0.5706770">
    <ele>77.7</ele>
    <time>2020-04-10T10:05:11Z</time>
   </trkpt>
   <trkpt lat="51.1314730" lon="-0.5706600">
    <ele>77.8</ele>
    <time>2020-04-10T10:05:12Z</time>
   </trkpt>
   <trkpt lat="51.1315280" lon="-0.5706320">
    <ele>77.9</ele>
    <time>2020-04-10T10:05:14Z</time>
   </trkpt>
   <trkpt lat="51.1315830" lon="-0.5706170">
    <ele>78.1</ele>
    <time>2020-04-10T10:05:15Z</time>
   </trkpt>
   <trkpt lat="51.1316460" lon="-0.5706090">
    <ele>78.3</ele>
    <time>2020-04-10T10:05:16Z</time>
   </trkpt>
   <trkpt lat="51.1316950" lon="-0.5706070">
    <ele>78.5</ele>
    <time>2020-04-10T10:05:17Z</time>
   </trkpt>
   <trkpt lat="51.1317290" lon="-0.5706060">
    <ele>78.6</ele>
    <time>2020-04-10T10:05:18Z</time>
   </trkpt>
   <trkpt lat="51.1317690" lon="-0.5706020">
    <ele>78.7</ele>
    <time>2020-04-10T10:05:19Z</time>
   </trkpt>
   <trkpt lat="51.1318220" lon="-0.5705900">
    <ele>78.9</ele>
    <time>2020-04-10T10:05:21Z</time>
   </trkpt>
   <trkpt lat="51.1318760" lon="-0.5705740">
    <ele>79.1</ele>
    <time>2020-04-10T10:05:22Z</time>
   </trkpt>
   <trkpt lat="51.1319280" lon="-0.5705680">
    <ele>79.2</ele>
    <time>2020-04-10T10:05:23Z</time>
   </trkpt>
   <trkpt lat="51.1320010" lon="-0.5705760">
    <ele>79.4</ele>
    <time>2020-04-10T10:05:25Z</time>
   </trkpt>
   <trkpt lat="51.1320440" lon="-0.5705840">
    <ele>79.6</ele>
    <time>2020-04-10T10:05:26Z</time>
   </trkpt>
   <trkpt lat="51.1320890" lon="-0.5705900">
    <ele>79.7</ele>
    <time>2020-04-10T10:05:27Z</time>
   </trkpt>
   <trkpt lat="51.1321540" lon="-0.5705970">
    <ele>79.8</ele>
    <time>2020-04-10T10:05:28Z</time>
   </trkpt>
   <trkpt lat="51.1321880" lon="-0.5706400">
    <ele>80.0</ele>
    <time>2020-04-10T10:05:30Z</time>
   </trkpt>
   <trkpt lat="51.1322780" lon="-0.5706490">
    <ele>80.2</ele>
    <time>2020-04-10T10:05:31Z</time>
   </trkpt>
   <trkpt lat="51.1323280" lon="-0.5706460">
    <ele>80.4</ele>
    <time>2020-04-10T10:05:33Z</time>
   </trkpt>
   <trkpt lat="51.1323610" lon="-0.5706490">
    <ele>80.5</ele>
    <time>2020-04-10T10:05:34Z</time>
   </trkpt>
   <trkpt lat="51.1324180" lon="-0.5706530">
    <ele>80.7</ele>
    <time>2020-04-10T10:05:35Z</time>
   </trkpt>
   <trkpt lat="51.1324890" lon="-0.5706640">
    <ele>80.9</ele>
    <time>2020-04-10T10:05:37Z</time>
   </trkpt>
   <trkpt lat="51.1325790" lon="-0.5706670">
    <ele>81.1</ele>
    <time>2020-04-10T10:05:38Z</time>
   </trkpt>
   <trkpt lat="51.1326140" lon="-0.5706610">
    <ele>81.2</ele>
    <time>2020-04-10T10:05:39Z</time>
   </trkpt>
   <trkpt lat="51.1326710" lon="-0.5706530">
    <ele>81.3</ele>
    <time>2020-04-10T10:05:41Z</time>
   </trkpt>
   <trkpt lat="51.1327230" lon="-0.5706340">
    <ele>81.5</ele>
    <time>2020-04-10T10:05:42Z</time>
   </trkpt>
   <trkpt lat="51.1327770" lon="-0.5706120">
    <ele>81.7</ele>
    <time>2020-04-10T10:05:43Z</time>
   </trkpt>
   <trkpt lat="51.1328390" lon="-0.5705820">
    <ele>81.9</ele>
    <time>2020-04-10T10:05:45Z</time>
   </trkpt>
   <trkpt lat="51.1328850" lon="-0.5705530">
    <ele>82.0</ele>
    <time>2020-04-10T10:05:46Z</time>
   </trkpt>
   <trkpt lat="51.1329310" lon="-0.5705300">
    <ele>82.2</ele>
    <time>2020-04-10T10:05:47Z</time>
   </trkpt>
   <trkpt lat="51.1329640" lon="-0.5705140">
    <ele>82.2</ele>
    <time>2020-04-10T10:05:48Z</time>
   </trkpt>
   <trkpt lat="51.1330020" lon="-0.5704900">
    <ele>82.3</ele>
    <time>2020-04-10T10:05:49Z</time>
   </trkpt>
   <trkpt lat="51.1330450" lon="-0.5704610">
    <ele>82.4</ele>
    <time>2020-04-10T10:05:50Z</time>
   </trkpt>
   <trkpt lat="51.1330790" lon="-0.5704340">
    <ele>82.7</ele>
    <time>2020-04-10T10:05:51Z</time>
   </trkpt>
   <trkpt lat="51.1331340" lon="-0.5703960">
    <ele>82.9</ele>
    <time>2020-04-10T10:05:53Z</time>
   </trkpt>
   <trkpt lat="51.1331690" lon="-0.5703630">
    <ele>83.1</ele>
    <time>2020-04-10T10:05:54Z</time>
   </trkpt>
   <trkpt lat="51.1332010" lon="-0.5703180">
    <ele>83.2</ele>
    <time>2020-04-10T10:05:55Z</time>
   </trkpt>
   <trkpt lat="51.1332320" lon="-0.5702720">
    <ele>83.4</ele>
    <time>2020-04-10T10:05:56Z</time>
   </trkpt>
   <trkpt lat="51.1332620" lon="-0.5702240">
    <ele>83.6</ele>
    <time>2020-04-10T10:05:57Z</time>
   </trkpt>
   <trkpt lat="51.1332900" lon="-0.5701780">
    <ele>83.8</ele>
    <time>2020-04-10T10:05:58Z</time>
   </trkpt>
   <trkpt lat="51.1333270" lon="-0.5701220">
    <ele>84.0</ele>
    <time>2020-04-10T10:05:59Z</time>
   </trkpt>
   <trkpt lat="51.1333660" lon="-0.5700500">
    <ele>84.3</ele>
    <time>2020-04-10T10:06:01Z</time>
   </trkpt>
   <trkpt lat="51.1333980" lon="-0.5699790">
    <ele>84.6</ele>
    <time>2020-04-10T10:06:02Z</time>
   </trkpt>
   <trkpt lat="51.1334370" lon="-0.5698960">
    <ele>85.2</ele>
    <time>2020-04-10T10:06:04Z</time>
   </trkpt>
   <trkpt lat="51.1334560" lon="-0.5698340">
    <ele>85.1</ele>
    <time>2020-04-10T10:06:05Z</time>
   </trkpt>
   <trkpt lat="51.1334340" lon="-0.5697350">
    <ele>84.9</ele>
    <time>2020-04-10T10:06:06Z</time>
   </trkpt>
   <trkpt lat="51.1333910" lon="-0.5696460">
    <ele>84.6</ele>
    <time>2020-04-10T10:06:07Z</time>
   </trkpt>
   <trkpt lat="51.1333200" lon="-0.5694620">
    <ele>83.9</ele>
    <time>2020-04-10T10:06:09Z</time>
   </trkpt>
   <trkpt lat="51.1332870" lon="-0.5693540">
    <ele>83.6</ele>
    <time>2020-04-10T10:06:10Z</time>
   </trkpt>
   <trkpt lat="51.1332460" lon="-0.5691240">
    <ele>83.1</ele>
    <time>2020-04-10T10:06:12Z</time>
   </trkpt>
   <trkpt lat="51.1332390" lon="-0.5690060">
    <ele>82.9</ele>
    <time>2020-04-10T10:06:13Z</time>
   </trkpt>
   <trkpt lat="51.1332330" lon="-0.5688840">
    <ele>82.7</ele>
    <time>2020-04-10T10:06:14Z</time>
   </trkpt>
   <trkpt lat="51.1332350" lon="-0.5686450">
    <ele>82.5</ele>
    <time>2020-04-10T10:06:16Z</time>
   </trkpt>
   <trkpt lat="51.1332330" lon="-0.5684180">
    <ele>82.5</ele>
    <time>2020-04-10T10:06:18Z</time>
   </trkpt>
   <trkpt lat="51.1332310" lon="-0.5683120">
    <ele>82.5</ele>
    <time>2020-04-10T10:06:19Z</time>
   </trkpt>
   <trkpt lat="51.1332380" lon="-0.5681120">
    <ele>82.7</ele>
    <time>2020-04-10T10:06:21Z</time>
   </trkpt>
   <trkpt lat="51.1332370" lon="-0.5680110">
    <ele>82.8</ele>
    <time>2020-04-10T10:06:22Z</time>
   </trkpt>
   <trkpt lat="51.1332350" lon="-0.5679080">
    <ele>83.0</ele>
    <time>2020-04-10T10:06:23Z</time>
   </trkpt>
   <trkpt lat="51.1332260" lon="-0.5677040">
    <ele>83.5</ele>
    <time>2020-04-10T10:06:25Z</time>
   </trkpt>
   <trkpt lat="51.1332190" lon="-0.5676030">
    <ele>83.7</ele>
    <time>2020-04-10T10:06:26Z</time>
   </trkpt>
   <trkpt lat="51.1332240" lon="-0.5674230">
    <ele>84.1</ele>
    <time>2020-04-10T10:06:28Z</time>
   </trkpt>
   <trkpt lat="51.1332240" lon="-0.5673290">
    <ele>84.3</ele>
    <time>2020-04-10T10:06:29Z</time>
   </trkpt>
   <trkpt lat="51.1332280" lon="-0.5671490">
    <ele>84.7</ele>
    <time>2020-04-10T10:06:31Z</time>
   </trkpt>
   <trkpt lat="51.1332320" lon="-0.5670630">
    <ele>84.9</ele>
    <time>2020-04-10T10:06:32Z</time>
   </trkpt>
   <trkpt lat="51.1332340" lon="-0.5668990">
    <ele>85.2</ele>
    <time>2020-04-10T10:06:34Z</time>
   </trkpt>
   <trkpt lat="51.1332360" lon="-0.5667400">
    <ele>85.5</ele>
    <time>2020-04-10T10:06:36Z</time>
   </trkpt>
   <trkpt lat="51.1332370" lon="-0.5665830">
    <ele>85.8</ele>
    <time>2020-04-10T10:06:38Z</time>
   </trkpt>
   <trkpt lat="51.1332370" lon="-0.5665040">
    <ele>85.9</ele>
    <time>2020-04-10T10:06:39Z</time>
   </trkpt>
   <trkpt lat="51.1332370" lon="-0.5664250">
    <ele>86.0</ele>
    <time>2020-04-10T10:06:40Z</time>
   </trkpt>
   <trkpt lat="51.1332400" lon="-0.5663490">
    <ele>86.1</ele>
    <time>2020-04-10T10:06:41Z</time>
   </trkpt>
   <trkpt lat="51.1332450" lon="-0.5661920">
    <ele>86.3</ele>
    <time>2020-04-10T10:06:43Z</time>
   </trkpt>
   <trkpt lat="51.1332450" lon="-0.5660360">
    <ele>86.4</ele>
    <time>2020-04-10T10:06:45Z</time>
   </trkpt>
   <trkpt lat="51.1332450" lon="-0.5659540">
    <ele>86.4</ele>
    <time>2020-04-10T10:06:46Z</time>
   </trkpt>
   <trkpt lat="51.1332410" lon="-0.5657850">
    <ele>86.4</ele>
    <time>2020-04-10T10:06:48Z</time>
   </trkpt>
   <trkpt lat="51.1332330" lon="-0.5656150">
    <ele>86.4</ele>
    <time>2020-04-10T10:06:50Z</time>
   </trkpt>
   <trkpt lat="51.1332330" lon="-0.5655280">
    <ele>86.4</ele>
    <time>2020-04-10T10:06:51Z</time>
   </trkpt>
   <trkpt lat="51.1332230" lon="-0.5653610">
    <ele>86.4</ele>
    <time>2020-04-10T10:06:53Z</time>
   </trkpt>
   <trkpt lat="51.1332060" lon="-0.5652020">
    <ele>86.4</ele>
    <time>2020-04-10T10:06:55Z</time>
   </trkpt>
   <trkpt lat="51.1331840" lon="-0.5650530">
    <ele>86.4</ele>
    <time>2020-04-10T10:06:57Z</time>
   </trkpt>
   <trkpt lat="51.1331440" lon="-0.5648910">
    <ele>86.2</ele>
    <time>2020-04-10T10:06:59Z</time>
   </trkpt>
   <trkpt lat="51.1331280" lon="-0.5648220">
    <ele>86.1</ele>
    <time>2020-04-10T10:07:00Z</time>
   </trkpt>
   <trkpt lat="51.1330840" lon="-0.5646720">
    <ele>85.8</ele>
    <time>2020-04-10T10:07:02Z</time>
   </trkpt>
   <trkpt lat="51.1330510" lon="-0.5645700">
    <ele>85.5</ele>
    <time>2020-04-10T10:07:03Z</time>
   </trkpt>
   <trkpt lat="51.1329750" lon="-0.5643540">
    <ele>85.0</ele>
    <time>2020-04-10T10:07:05Z</time>
   </trkpt>
   <trkpt lat="51.1328760" lon="-0.5641420">
    <ele>84.3</ele>
    <time>2020-04-10T10:07:07Z</time>
   </trkpt>
   <trkpt lat="51.1328020" lon="-0.5639160">
    <ele>83.8</ele>
    <time>2020-04-10T10:07:09Z</time>
   </trkpt>
   <trkpt lat="51.1327590" lon="-0.5638000">
    <ele>83.5</ele>
    <time>2020-04-10T10:07:10Z</time>
   </trkpt>
   <trkpt lat="51.1327150" lon="-0.5636890">
    <ele>83.3</ele>
    <time>2020-04-10T10:07:11Z</time>
   </trkpt>
   <trkpt lat="51.1326320" lon="-0.5634590">
    <ele>82.9</ele>
    <time>2020-04-10T10:07:13Z</time>
   </trkpt>
   <trkpt lat="51.1325870" lon="-0.5633390">
    <ele>82.6</ele>
    <time>2020-04-10T10:07:14Z</time>
   </trkpt>
   <trkpt lat="51.1324890" lon="-0.5631080">
    <ele>82.1</ele>
    <time>2020-04-10T10:07:16Z</time>
   </trkpt>
   <trkpt lat="51.1323850" lon="-0.5628740">
    <ele>81.6</ele>
    <time>2020-04-10T10:07:18Z</time>
   </trkpt>
   <trkpt lat="51.1322830" lon="-0.5626210">
    <ele>81.0</ele>
    <time>2020-04-10T10:07:20Z</time>
   </trkpt>
   <trkpt lat="51.1321780" lon="-0.5623910">
    <ele>80.5</ele>
    <time>2020-04-10T10:07:22Z</time>
   </trkpt>
   <trkpt lat="51.1320850" lon="-0.5621370">
    <ele>80.1</ele>
    <time>2020-04-10T10:07:24Z</time>
   </trkpt>
   <trkpt lat="51.1320350" lon="-0.5620050">
    <ele>79.9</ele>
    <time>2020-04-10T10:07:25Z</time>
   </trkpt>
   <trkpt lat="51.1319410" lon="-0.5617370">
    <ele>79.5</ele>
    <time>2020-04-10T10:07:27Z</time>
   </trkpt>
   <trkpt lat="51.1318420" lon="-0.5614680">
    <ele>79.1</ele>
    <time>2020-04-10T10:07:29Z</time>
   </trkpt>
   <trkpt lat="51.1317930" lon="-0.5613350">
    <ele>78.9</ele>
    <time>2020-04-10T10:07:30Z</time>
   </trkpt>
   <trkpt lat="51.1316980" lon="-0.5610680">
    <ele>78.4</ele>
    <time>2020-04-10T10:07:32Z</time>
   </trkpt>
   <trkpt lat="51.1316470" lon="-0.5609400">
    <ele>78.2</ele>
    <time>2020-04-10T10:07:33Z</time>
   </trkpt>
   <trkpt lat="51.1315430" lon="-0.5606570">
    <ele>77.9</ele>
    <time>2020-04-10T10:07:35Z</time>
   </trkpt>
   <trkpt lat="51.1314400" lon="-0.5604030">
    <ele>77.3</ele>
    <time>2020-04-10T10:07:37Z</time>
   </trkpt>
   <trkpt lat="51.1313820" lon="-0.5602680">
    <ele>77.2</ele>
    <time>2020-04-10T10:07:38Z</time>
   </trkpt>
   <trkpt lat="51.1312810" lon="-0.5600240">
    <ele>76.8</ele>
    <time>2020-04-10T10:07:40Z</time>
   </trkpt>
   <trkpt lat="51.1311730" lon="-0.5597600">
    <ele>76.4</ele>
    <time>2020-04-10T10:07:42Z</time>
   </trkpt>
   <trkpt lat="51.1310720" lon="-0.5595020">
    <ele>76.1</ele>
    <time>2020-04-10T10:07:44Z</time>
   </trkpt>
   <trkpt lat="51.1310220" lon="-0.5593700">
    <ele>76.0</ele>
    <time>2020-04-10T10:07:45Z</time>
   </trkpt>
   <trkpt lat="51.1309260" lon="-0.5591250">
    <ele>75.6</ele>
    <time>2020-04-10T10:07:47Z</time>
   </trkpt>
   <trkpt lat="51.1308210" lon="-0.5588710">
    <ele>75.1</ele>
    <time>2020-04-10T10:07:49Z</time>
   </trkpt>
   <trkpt lat="51.1307140" lon="-0.5586130">
    <ele>74.6</ele>
    <time>2020-04-10T10:07:51Z</time>
   </trkpt>
   <trkpt lat="51.1306590" lon="-0.5584830">
    <ele>74.3</ele>
    <time>2020-04-10T10:07:52Z</time>
   </trkpt>
   <trkpt lat="51.1306090" lon="-0.5583550">
    <ele>74.0</ele>
    <time>2020-04-10T10:07:53Z</time>
   </trkpt>
   <trkpt lat="51.1305020" lon="-0.5580970">
    <ele>73.4</ele>
    <time>2020-04-10T10:07:55Z</time>
   </trkpt>
   <trkpt lat="51.1304010" lon="-0.5578290">
    <ele>72.7</ele>
    <time>2020-04-10T10:07:57Z</time>
   </trkpt>
   <trkpt lat="51.1303500" lon="-0.5577010">
    <ele>72.4</ele>
    <time>2020-04-10T10:07:58Z</time>
   </trkpt>
   <trkpt lat="51.1302550" lon="-0.5574530">
    <ele>71.8</ele>
    <time>2020-04-10T10:08:00Z</time>
   </trkpt>
   <trkpt lat="51.1301450" lon="-0.5571940">
    <ele>71.5</ele>
    <time>2020-04-10T10:08:02Z</time>
   </trkpt>
   <trkpt lat="51.1300400" lon="-0.5569380">
    <ele>71.0</ele>
    <time>2020-04-10T10:08:04Z</time>
   </trkpt>
   <trkpt lat="51.1299910" lon="-0.5568000">
    <ele>70.7</ele>
    <time>2020-04-10T10:08:05Z</time>
   </trkpt>
   <trkpt lat="51.1298800" lon="-0.5565350">
    <ele>70.2</ele>
    <time>2020-04-10T10:08:07Z</time>
   </trkpt>
   <trkpt lat="51.1298250" lon="-0.5563870">
    <ele>69.8</ele>
    <time>2020-04-10T10:08:08Z</time>
   </trkpt>
   <trkpt lat="51.1297220" lon="-0.5561160">
    <ele>69.2</ele>
    <time>2020-04-10T10:08:10Z</time>
   </trkpt>
   <trkpt lat="51.1296670" lon="-0.5559780">
    <ele>68.9</ele>
    <time>2020-04-10T10:08:11Z</time>
   </trkpt>
   <trkpt lat="51.1296120" lon="-0.5558450">
    <ele>68.6</ele>
    <time>2020-04-10T10:08:12Z</time>
   </trkpt>
   <trkpt lat="51.1294990" lon="-0.5555800">
    <ele>68.2</ele>
    <time>2020-04-10T10:08:14Z</time>
   </trkpt>
   <trkpt lat="51.1293920" lon="-0.5553350">
    <ele>67.7</ele>
    <time>2020-04-10T10:08:16Z</time>
   </trkpt>
   <trkpt lat="51.1292900" lon="-0.5550780">
    <ele>67.3</ele>
    <time>2020-04-10T10:08:18Z</time>
   </trkpt>
   <trkpt lat="51.1292340" lon="-0.5549590">
    <ele>67.2</ele>
    <time>2020-04-10T10:08:19Z</time>
   </trkpt>
   <trkpt lat="51.1291800" lon="-0.5548360">
    <ele>67.0</ele>
    <time>2020-04-10T10:08:20Z</time>
   </trkpt>
   <trkpt lat="51.1291330" lon="-0.5547200">
    <ele>66.9</ele>
    <time>2020-04-10T10:08:21Z</time>
   </trkpt>
   <trkpt lat="51.1290890" lon="-0.5546060">
    <ele>66.8</ele>
    <time>2020-04-10T10:08:22Z</time>
   </trkpt>
   <trkpt lat="51.1290140" lon="-0.5543480">
    <ele>66.7</ele>
    <time>2020-04-10T10:08:24Z</time>
   </trkpt>
   <trkpt lat="51.1290000" lon="-0.5540550">
    <ele>66.7</ele>
    <time>2020-04-10T10:08:26Z</time>
   </trkpt>
   <trkpt lat="51.1290140" lon="-0.5539110">
    <ele>66.7</ele>
    <time>2020-04-10T10:08:27Z</time>
   </trkpt>
   <trkpt lat="51.1290380" lon="-0.5537760">
    <ele>66.7</ele>
    <time>2020-04-10T10:08:28Z</time>
   </trkpt>
   <trkpt lat="51.1290930" lon="-0.5535060">
    <ele>66.7</ele>
    <time>2020-04-10T10:08:30Z</time>
   </trkpt>
   <trkpt lat="51.1291480" lon="-0.5532450">
    <ele>66.6</ele>
    <time>2020-04-10T10:08:32Z</time>
   </trkpt>
   <trkpt lat="51.1291880" lon="-0.5531220">
    <ele>66.6</ele>
    <time>2020-04-10T10:08:33Z</time>
   </trkpt>
   <trkpt lat="51.1292830" lon="-0.5528810">
    <ele>66.6</ele>
    <time>2020-04-10T10:08:35Z</time>
   </trkpt>
   <trkpt lat="51.1293080" lon="-0.5527300">
    <ele>66.6</ele>
    <time>2020-04-10T10:08:36Z</time>
   </trkpt>
   <trkpt lat="51.1293560" lon="-0.5524510">
    <ele>66.5</ele>
    <time>2020-04-10T10:08:38Z</time>
   </trkpt>
   <trkpt lat="51.1293950" lon="-0.5523330">
    <ele>66.5</ele>
    <time>2020-04-10T10:08:39Z</time>
   </trkpt>
   <trkpt lat="51.1294710" lon="-0.5521280">
    <ele>66.3</ele>
    <time>2020-04-10T10:08:41Z</time>
   </trkpt>
   <trkpt lat="51.1295110" lon="-0.5520150">
    <ele>66.2</ele>
    <time>2020-04-10T10:08:42Z</time>
   </trkpt>
   <trkpt lat="51.1295890" lon="-0.5517670">
    <ele>66.0</ele>
    <time>2020-04-10T10:08:44Z</time>
   </trkpt>
   <trkpt lat="51.1296660" lon="-0.5515250">
    <ele>65.8</ele>
    <time>2020-04-10T10:08:46Z</time>
   </trkpt>
   <trkpt lat="51.1297050" lon="-0.5514040">
    <ele>65.8</ele>
    <time>2020-04-10T10:08:47Z</time>
   </trkpt>
   <trkpt lat="51.1297370" lon="-0.5512790">
    <ele>65.8</ele>
    <time>2020-04-10T10:08:48Z</time>
   </trkpt>
   <trkpt lat="51.1297630" lon="-0.5511450">
    <ele>65.8</ele>
    <time>2020-04-10T10:08:49Z</time>
   </trkpt>
   <trkpt lat="51.1297950" lon="-0.5510180">
    <ele>65.8</ele>
    <time>2020-04-10T10:08:50Z</time>
   </trkpt>
   <trkpt lat="51.1298530" lon="-0.5507560">
    <ele>65.7</ele>
    <time>2020-04-10T10:08:52Z</time>
   </trkpt>
   <trkpt lat="51.1299080" lon="-0.5504920">
    <ele>65.8</ele>
    <time>2020-04-10T10:08:54Z</time>
   </trkpt>
   <trkpt lat="51.1299670" lon="-0.5502270">
    <ele>65.8</ele>
    <time>2020-04-10T10:08:56Z</time>
   </trkpt>
   <trkpt lat="51.1300190" lon="-0.5499560">
    <ele>65.8</ele>
    <time>2020-04-10T10:08:58Z</time>
   </trkpt>
   <trkpt lat="51.1300730" lon="-0.5496910">
    <ele>65.8</ele>
    <time>2020-04-10T10:09:00Z</time>
   </trkpt>
   <trkpt lat="51.1301230" lon="-0.5494290">
    <ele>65.8</ele>
    <time>2020-04-10T10:09:02Z</time>
   </trkpt>
   <trkpt lat="51.1301530" lon="-0.5492980">
    <ele>65.8</ele>
    <time>2020-04-10T10:09:03Z</time>
   </trkpt>
   <trkpt lat="51.1302220" lon="-0.5490540">
    <ele>65.8</ele>
    <time>2020-04-10T10:09:05Z</time>
   </trkpt>
   <trkpt lat="51.1302560" lon="-0.5489380">
    <ele>65.8</ele>
    <time>2020-04-10T10:09:06Z</time>
   </trkpt>
   <trkpt lat="51.1302930" lon="-0.5488240">
    <ele>65.8</ele>
    <time>2020-04-10T10:09:07Z</time>
   </trkpt>
   <trkpt lat="51.1303300" lon="-0.5487070">
    <ele>65.8</ele>
    <time>2020-04-10T10:09:08Z</time>
   </trkpt>
   <trkpt lat="51.1304050" lon="-0.5484780">
    <ele>65.9</ele>
    <time>2020-04-10T10:09:10Z</time>
   </trkpt>
   <trkpt lat="51.1304700" lon="-0.5482440">
    <ele>65.9</ele>
    <time>2020-04-10T10:09:12Z</time>
   </trkpt>
   <trkpt lat="51.1305520" lon="-0.5480260">
    <ele>65.8</ele>
    <time>2020-04-10T10:09:14Z</time>
   </trkpt>
   <trkpt lat="51.1305920" lon="-0.5479140">
    <ele>65.9</ele>
    <time>2020-04-10T10:09:15Z</time>
   </trkpt>
   <trkpt lat="51.1306670" lon="-0.5477090">
    <ele>66.2</ele>
    <time>2020-04-10T10:09:17Z</time>
   </trkpt>
   <trkpt lat="51.1307020" lon="-0.5476070">
    <ele>66.4</ele>
    <time>2020-04-10T10:09:18Z</time>
   </trkpt>
   <trkpt lat="51.1307380" lon="-0.5475000">
    <ele>66.5</ele>
    <time>2020-04-10T10:09:19Z</time>
   </trkpt>
   <trkpt lat="51.1308220" lon="-0.5472910">
    <ele>66.6</ele>
    <time>2020-04-10T10:09:21Z</time>
   </trkpt>
   <trkpt lat="51.1308620" lon="-0.5471890">
    <ele>66.6</ele>
    <time>2020-04-10T10:09:22Z</time>
   </trkpt>
   <trkpt lat="51.1309410" lon="-0.5469940">
    <ele>66.6</ele>
    <time>2020-04-10T10:09:24Z</time>
   </trkpt>
   <trkpt lat="51.1310210" lon="-0.5467910">
    <ele>66.6</ele>
    <time>2020-04-10T10:09:26Z</time>
   </trkpt>
   <trkpt lat="51.1310600" lon="-0.5466850">
    <ele>66.6</ele>
    <time>2020-04-10T10:09:27Z</time>
   </trkpt>
   <trkpt lat="51.1311450" lon="-0.5464860">
    <ele>66.5</ele>
    <time>2020-04-10T10:09:29Z</time>
   </trkpt>
   <trkpt lat="51.1312230" lon="-0.5462870">
    <ele>66.4</ele>
    <time>2020-04-10T10:09:31Z</time>
   </trkpt>
   <trkpt lat="51.1312700" lon="-0.5461890">
    <ele>66.2</ele>
    <time>2020-04-10T10:09:32Z</time>
   </trkpt>
   <trkpt lat="51.1313570" lon="-0.5459960">
    <ele>65.9</ele>
    <time>2020-04-10T10:09:34Z</time>
   </trkpt>
   <trkpt lat="51.1314070" lon="-0.5458840">
    <ele>65.8</ele>
    <time>2020-04-10T10:09:35Z</time>
   </trkpt>
   <trkpt lat="51.1315060" lon="-0.5456500">
    <ele>65.5</ele>
    <time>2020-04-10T10:09:37Z</time>
   </trkpt>
   <trkpt lat="51.1315550" lon="-0.5455330">
    <ele>65.4</ele>
    <time>2020-04-10T10:09:38Z</time>
   </trkpt>
   <trkpt lat="51.1316120" lon="-0.5454140">
    <ele>65.3</ele>
    <time>2020-04-10T10:09:39Z</time>
   </trkpt>
   <trkpt lat="51.1317190" lon="-0.5451940">
    <ele>64.9</ele>
    <time>2020-04-10T10:09:41Z</time>
   </trkpt>
   <trkpt lat="51.1317680" lon="-0.5450680">
    <ele>64.7</ele>
    <time>2020-04-10T10:09:42Z</time>
   </trkpt>
   <trkpt lat="51.1318700" lon="-0.5448380">
    <ele>64.3</ele>
    <time>2020-04-10T10:09:44Z</time>
   </trkpt>
   <trkpt lat="51.1319250" lon="-0.5447270">
    <ele>64.1</ele>
    <time>2020-04-10T10:09:45Z</time>
   </trkpt>
   <trkpt lat="51.1320410" lon="-0.5445150">
    <ele>63.7</ele>
    <time>2020-04-10T10:09:47Z</time>
   </trkpt>
   <trkpt lat="51.1320990" lon="-0.5444000">
    <ele>63.4</ele>
    <time>2020-04-10T10:09:48Z</time>
   </trkpt>
   <trkpt lat="51.1322120" lon="-0.5441770">
    <ele>62.8</ele>
    <time>2020-04-10T10:09:50Z</time>
   </trkpt>
   <trkpt lat="51.1323250" lon="-0.5439310">
    <ele>62.2</ele>
    <time>2020-04-10T10:09:52Z</time>
   </trkpt>
   <trkpt lat="51.1324430" lon="-0.5436760">
    <ele>61.7</ele>
    <time>2020-04-10T10:09:54Z</time>
   </trkpt>
   <trkpt lat="51.1325730" lon="-0.5434350">
    <ele>61.3</ele>
    <time>2020-04-10T10:09:56Z</time>
   </trkpt>
   <trkpt lat="51.1326480" lon="-0.5433140">
    <ele>61.0</ele>
    <time>2020-04-10T10:09:57Z</time>
   </trkpt>
   <trkpt lat="51.1327810" lon="-0.5430760">
    <ele>60.6</ele>
    <time>2020-04-10T10:09:59Z</time>
   </trkpt>
   <trkpt lat="51.1328430" lon="-0.5429560">
    <ele>60.4</ele>
    <time>2020-04-10T10:10:00Z</time>
   </trkpt>
   <trkpt lat="51.1329670" lon="-0.5427190">
    <ele>60.1</ele>
    <time>2020-04-10T10:10:02Z</time>
   </trkpt>
   <trkpt lat="51.1330320" lon="-0.5426070">
    <ele>60.1</ele>
    <time>2020-04-10T10:10:03Z</time>
   </trkpt>
   <trkpt lat="51.1331590" lon="-0.5423950">
    <ele>60.0</ele>
    <time>2020-04-10T10:10:05Z</time>
   </trkpt>
   <trkpt lat="51.1332620" lon="-0.5421870">
    <ele>59.9</ele>
    <time>2020-04-10T10:10:07Z</time>
   </trkpt>
   <trkpt lat="51.1333250" lon="-0.5420820">
    <ele>59.9</ele>
    <time>2020-04-10T10:10:08Z</time>
   </trkpt>
   <trkpt lat="51.1333820" lon="-0.5419770">
    <ele>59.8</ele>
    <time>2020-04-10T10:10:09Z</time>
   </trkpt>
   <trkpt lat="51.1334380" lon="-0.5418720">
    <ele>59.8</ele>
    <time>2020-04-10T10:10:10Z</time>
   </trkpt>
   <trkpt lat="51.1334930" lon="-0.5417710">
    <ele>59.8</ele>
    <time>2020-04-10T10:10:11Z</time>
   </trkpt>
   <trkpt lat="51.1336040" lon="-0.5415680">
    <ele>59.9</ele>
    <time>2020-04-10T10:10:13Z</time>
   </trkpt>
   <trkpt lat="51.1337080" lon="-0.5413660">
    <ele>60.1</ele>
    <time>2020-04-10T10:10:15Z</time>
   </trkpt>
   <trkpt lat="51.1337620" lon="-0.5412640">
    <ele>60.2</ele>
    <time>2020-04-10T10:10:16Z</time>
   </trkpt>
   <trkpt lat="51.1338730" lon="-0.5410690">
    <ele>60.5</ele>
    <time>2020-04-10T10:10:18Z</time>
   </trkpt>
   <trkpt lat="51.1339200" lon="-0.5409610">
    <ele>60.6</ele>
    <time>2020-04-10T10:10:19Z</time>
   </trkpt>
   <trkpt lat="51.1340150" lon="-0.5407560">
    <ele>60.9</ele>
    <time>2020-04-10T10:10:21Z</time>
   </trkpt>
   <trkpt lat="51.1340600" lon="-0.5406530">
    <ele>61.1</ele>
    <time>2020-04-10T10:10:22Z</time>
   </trkpt>
   <trkpt lat="51.1341610" lon="-0.5404540">
    <ele>61.5</ele>
    <time>2020-04-10T10:10:24Z</time>
   </trkpt>
   <trkpt lat="51.1342090" lon="-0.5403530">
    <ele>61.7</ele>
    <time>2020-04-10T10:10:25Z</time>
   </trkpt>
   <trkpt lat="51.1343140" lon="-0.5401690">
    <ele>62.2</ele>
    <time>2020-04-10T10:10:27Z</time>
   </trkpt>
   <trkpt lat="51.1343570" lon="-0.5400750">
    <ele>62.5</ele>
    <time>2020-04-10T10:10:28Z</time>
   </trkpt>
   <trkpt lat="51.1344420" lon="-0.5398890">
    <ele>63.1</ele>
    <time>2020-04-10T10:10:30Z</time>
   </trkpt>
   <trkpt lat="51.1345090" lon="-0.5397140">
    <ele>63.5</ele>
    <time>2020-04-10T10:10:32Z</time>
   </trkpt>
   <trkpt lat="51.1345300" lon="-0.5396270">
    <ele>63.7</ele>
    <time>2020-04-10T10:10:33Z</time>
   </trkpt>
   <trkpt lat="51.1345450" lon="-0.5394440">
    <ele>63.9</ele>
    <time>2020-04-10T10:10:35Z</time>
   </trkpt>
   <trkpt lat="51.1345050" lon="-0.5392660">
    <ele>63.8</ele>
    <time>2020-04-10T10:10:37Z</time>
   </trkpt>
   <trkpt lat="51.1344650" lon="-0.5391870">
    <ele>63.6</ele>
    <time>2020-04-10T10:10:38Z</time>
   </trkpt>
   <trkpt lat="51.1343540" lon="-0.5390390">
    <ele>63.0</ele>
    <time>2020-04-10T10:10:40Z</time>
   </trkpt>
   <trkpt lat="51.1342870" lon="-0.5389740">
    <ele>62.6</ele>
    <time>2020-04-10T10:10:41Z</time>
   </trkpt>
   <trkpt lat="51.1341370" lon="-0.5388490">
    <ele>61.7</ele>
    <time>2020-04-10T10:10:43Z</time>
   </trkpt>
   <trkpt lat="51.1340560" lon="-0.5387780">
    <ele>61.2</ele>
    <time>2020-04-10T10:10:44Z</time>
   </trkpt>
   <trkpt lat="51.1339730" lon="-0.5387060">
    <ele>60.8</ele>
    <time>2020-04-10T10:10:45Z</time>
   </trkpt>
   <trkpt lat="51.1338180" lon="-0.5385520">
    <ele>60.0</ele>
    <time>2020-04-10T10:10:47Z</time>
   </trkpt>
   <trkpt lat="51.1336530" lon="-0.5383970">
    <ele>59.3</ele>
    <time>2020-04-10T10:10:49Z</time>
   </trkpt>
   <trkpt lat="51.1334860" lon="-0.5382450">
    <ele>58.7</ele>
    <time>2020-04-10T10:10:51Z</time>
   </trkpt>
   <trkpt lat="51.1333230" lon="-0.5380980">
    <ele>58.3</ele>
    <time>2020-04-10T10:10:53Z</time>
   </trkpt>
   <trkpt lat="51.1331730" lon="-0.5379860">
    <ele>57.9</ele>
    <time>2020-04-10T10:10:55Z</time>
   </trkpt>
   <trkpt lat="51.1330560" lon="-0.5378600">
    <ele>57.6</ele>
    <time>2020-04-10T10:10:57Z</time>
   </trkpt>
   <trkpt lat="51.1330110" lon="-0.5376590">
    <ele>57.4</ele>
    <time>2020-04-10T10:10:59Z</time>
   </trkpt>
   <trkpt lat="51.1330260" lon="-0.5375540">
    <ele>57.4</ele>
    <time>2020-04-10T10:11:00Z</time>
   </trkpt>
   <trkpt lat="51.1331140" lon="-0.5373950">
    <ele>57.4</ele>
    <time>2020-04-10T10:11:02Z</time>
   </trkpt>
   <trkpt lat="51.1332490" lon="-0.5373280">
    <ele>57.5</ele>
    <time>2020-04-10T10:11:04Z</time>
   </trkpt>
   <trkpt lat="51.1333740" lon="-0.5372440">
    <ele>57.6</ele>
    <time>2020-04-10T10:11:06Z</time>
   </trkpt>
   <trkpt lat="51.1334920" lon="-0.5371260">
    <ele>57.9</ele>
    <time>2020-04-10T10:11:08Z</time>
   </trkpt>
   <trkpt lat="51.1335540" lon="-0.5370670">
    <ele>58.1</ele>
    <time>2020-04-10T10:11:09Z</time>
   </trkpt>
   <trkpt lat="51.1336700" lon="-0.5369420">
    <ele>58.4</ele>
    <time>2020-04-10T10:11:11Z</time>
   </trkpt>
   <trkpt lat="51.1337810" lon="-0.5368150">
    <ele>58.4</ele>
    <time>2020-04-10T10:11:13Z</time>
   </trkpt>
   <trkpt lat="51.1338910" lon="-0.5366810">
    <ele>58.5</ele>
    <time>2020-04-10T10:11:15Z</time>
   </trkpt>
   <trkpt lat="51.1340130" lon="-0.5365490">
    <ele>58.4</ele>
    <time>2020-04-10T10:11:17Z</time>
   </trkpt>
   <trkpt lat="51.1341260" lon="-0.5363870">
    <ele>58.4</ele>
    <time>2020-04-10T10:11:19Z</time>
   </trkpt>
   <trkpt lat="51.1341820" lon="-0.5363000">
    <ele>58.3</ele>
    <time>2020-04-10T10:11:20Z</time>
   </trkpt>
   <trkpt lat="51.1342280" lon="-0.5362040">
    <ele>58.3</ele>
    <time>2020-04-10T10:11:21Z</time>
   </trkpt>
   <trkpt lat="51.1343290" lon="-0.5360010">
    <ele>58.1</ele>
    <time>2020-04-10T10:11:23Z</time>
   </trkpt>
   <trkpt lat="51.1343760" lon="-0.5358850">
    <ele>58.0</ele>
    <time>2020-04-10T10:11:24Z</time>
   </trkpt>
   <trkpt lat="51.1344210" lon="-0.5357640">
    <ele>57.9</ele>
    <time>2020-04-10T10:11:25Z</time>
   </trkpt>
   <trkpt lat="51.1345200" lon="-0.5355280">
    <ele>57.6</ele>
    <time>2020-04-10T10:11:27Z</time>
   </trkpt>
   <trkpt lat="51.1345690" lon="-0.5354070">
    <ele>57.5</ele>
    <time>2020-04-10T10:11:28Z</time>
   </trkpt>
   <trkpt lat="51.1346180" lon="-0.5352900">
    <ele>57.4</ele>
    <time>2020-04-10T10:11:29Z</time>
   </trkpt>
   <trkpt lat="51.1347170" lon="-0.5350600">
    <ele>57.4</ele>
    <time>2020-04-10T10:11:31Z</time>
   </trkpt>
   <trkpt lat="51.1348140" lon="-0.5348290">
    <ele>57.5</ele>
    <time>2020-04-10T10:11:33Z</time>
   </trkpt>
   <trkpt lat="51.1349090" lon="-0.5346140">
    <ele>57.6</ele>
    <time>2020-04-10T10:11:35Z</time>
   </trkpt>
   <trkpt lat="51.1349560" lon="-0.5345040">
    <ele>57.6</ele>
    <time>2020-04-10T10:11:36Z</time>
   </trkpt>
   <trkpt lat="51.1350540" lon="-0.5343080">
    <ele>57.6</ele>
    <time>2020-04-10T10:11:38Z</time>
   </trkpt>
   <trkpt lat="51.1351080" lon="-0.5342110">
    <ele>57.5</ele>
    <time>2020-04-10T10:11:39Z</time>
   </trkpt>
   <trkpt lat="51.1352270" lon="-0.5340470">
    <ele>57.5</ele>
    <time>2020-04-10T10:11:41Z</time>
   </trkpt>
   <trkpt lat="51.1352860" lon="-0.5339630">
    <ele>57.6</ele>
    <time>2020-04-10T10:11:42Z</time>
   </trkpt>
   <trkpt lat="51.1354130" lon="-0.5338220">
    <ele>57.8</ele>
    <time>2020-04-10T10:11:44Z</time>
   </trkpt>
   <trkpt lat="51.1355310" lon="-0.5336790">
    <ele>58.0</ele>
    <time>2020-04-10T10:11:46Z</time>
   </trkpt>
   <trkpt lat="51.1355970" lon="-0.5336220">
    <ele>58.1</ele>
    <time>2020-04-10T10:11:47Z</time>
   </trkpt>
   <trkpt lat="51.1356550" lon="-0.5335510">
    <ele>58.2</ele>
    <time>2020-04-10T10:11:48Z</time>
   </trkpt>
   <trkpt lat="51.1357760" lon="-0.5334260">
    <ele>58.2</ele>
    <time>2020-04-10T10:11:50Z</time>
   </trkpt>
   <trkpt lat="51.1359060" lon="-0.5333060">
    <ele>58.3</ele>
    <time>2020-04-10T10:11:52Z</time>
   </trkpt>
   <trkpt lat="51.1359700" lon="-0.5332470">
    <ele>58.2</ele>
    <time>2020-04-10T10:11:53Z</time>
   </trkpt>
   <trkpt lat="51.1360380" lon="-0.5331900">
    <ele>58.2</ele>
    <time>2020-04-10T10:11:54Z</time>
   </trkpt>
   <trkpt lat="51.1361760" lon="-0.5330820">
    <ele>58.1</ele>
    <time>2020-04-10T10:11:56Z</time>
   </trkpt>
   <trkpt lat="51.1362420" lon="-0.5330300">
    <ele>58.0</ele>
    <time>2020-04-10T10:11:57Z</time>
   </trkpt>
   <trkpt lat="51.1363870" lon="-0.5329540">
    <ele>57.9</ele>
    <time>2020-04-10T10:11:59Z</time>
   </trkpt>
   <trkpt lat="51.1364620" lon="-0.5329260">
    <ele>57.8</ele>
    <time>2020-04-10T10:12:00Z</time>
   </trkpt>
   <trkpt lat="51.1366180" lon="-0.5329130">
    <ele>57.7</ele>
    <time>2020-04-10T10:12:02Z</time>
   </trkpt>
   <trkpt lat="51.1366910" lon="-0.5329080">
    <ele>57.7</ele>
    <time>2020-04-10T10:12:03Z</time>
   </trkpt>
   <trkpt lat="51.1368400" lon="-0.5329110">
    <ele>57.6</ele>
    <time>2020-04-10T10:12:05Z</time>
   </trkpt>
   <trkpt lat="51.1369130" lon="-0.5329250">
    <ele>57.6</ele>
    <time>2020-04-10T10:12:06Z</time>
   </trkpt>
   <trkpt lat="51.1369920" lon="-0.5329390">
    <ele>57.5</ele>
    <time>2020-04-10T10:12:07Z</time>
   </trkpt>
   <trkpt lat="51.1370680" lon="-0.5329540">
    <ele>57.5</ele>
    <time>2020-04-10T10:12:08Z</time>
   </trkpt>
   <trkpt lat="51.1371460" lon="-0.5329710">
    <ele>57.5</ele>
    <time>2020-04-10T10:12:09Z</time>
   </trkpt>
   <trkpt lat="51.1373050" lon="-0.5330290">
    <ele>57.2</ele>
    <time>2020-04-10T10:12:11Z</time>
   </trkpt>
   <trkpt lat="51.1373930" lon="-0.5330580">
    <ele>57.2</ele>
    <time>2020-04-10T10:12:12Z</time>
   </trkpt>
   <trkpt lat="51.1374810" lon="-0.5330870">
    <ele>57.1</ele>
    <time>2020-04-10T10:12:13Z</time>
   </trkpt>
   <trkpt lat="51.1376480" lon="-0.5331440">
    <ele>57.0</ele>
    <time>2020-04-10T10:12:15Z</time>
   </trkpt>
   <trkpt lat="51.1378060" lon="-0.5332010">
    <ele>56.9</ele>
    <time>2020-04-10T10:12:17Z</time>
   </trkpt>
   <trkpt lat="51.1379590" lon="-0.5332570">
    <ele>57.0</ele>
    <time>2020-04-10T10:12:19Z</time>
   </trkpt>
   <trkpt lat="51.1380300" lon="-0.5332900">
    <ele>57.0</ele>
    <time>2020-04-10T10:12:20Z</time>
   </trkpt>
   <trkpt lat="51.1381050" lon="-0.5333230">
    <ele>57.1</ele>
    <time>2020-04-10T10:12:21Z</time>
   </trkpt>
   <trkpt lat="51.1382450" lon="-0.5333760">
    <ele>57.2</ele>
    <time>2020-04-10T10:12:23Z</time>
   </trkpt>
   <trkpt lat="51.1383730" lon="-0.5334480">
    <ele>57.4</ele>
    <time>2020-04-10T10:12:25Z</time>
   </trkpt>
   <trkpt lat="51.1385050" lon="-0.5335090">
    <ele>57.6</ele>
    <time>2020-04-10T10:12:27Z</time>
   </trkpt>
   <trkpt lat="51.1385720" lon="-0.5335340">
    <ele>57.7</ele>
    <time>2020-04-10T10:12:28Z</time>
   </trkpt>
   <trkpt lat="51.1387050" lon="-0.5335840">
    <ele>57.9</ele>
    <time>2020-04-10T10:12:30Z</time>
   </trkpt>
   <trkpt lat="51.1388370" lon="-0.5336330">
    <ele>58.1</ele>
    <time>2020-04-10T10:12:32Z</time>
   </trkpt>
   <trkpt lat="51.1389090" lon="-0.5336560">
    <ele>58.2</ele>
    <time>2020-04-10T10:12:33Z</time>
   </trkpt>
   <trkpt lat="51.1390440" lon="-0.5336920">
    <ele>58.3</ele>
    <time>2020-04-10T10:12:35Z</time>
   </trkpt>
   <trkpt lat="51.1391100" lon="-0.5337160">
    <ele>58.3</ele>
    <time>2020-04-10T10:12:36Z</time>
   </trkpt>
   <trkpt lat="51.1392400" lon="-0.5337750">
    <ele>58.5</ele>
    <time>2020-04-10T10:12:38Z</time>
   </trkpt>
   <trkpt lat="51.1393080" lon="-0.5338020">
    <ele>58.6</ele>
    <time>2020-04-10T10:12:39Z</time>
   </trkpt>
   <trkpt lat="51.1394310" lon="-0.5338500">
    <ele>58.8</ele>
    <time>2020-04-10T10:12:41Z</time>
   </trkpt>
   <trkpt lat="51.1394950" lon="-0.5338750">
    <ele>58.9</ele>
    <time>2020-04-10T10:12:42Z</time>
   </trkpt>
   <trkpt lat="51.1396200" lon="-0.5339270">
    <ele>59.1</ele>
    <time>2020-04-10T10:12:44Z</time>
   </trkpt>
   <trkpt lat="51.1397420" lon="-0.5339720">
    <ele>59.4</ele>
    <time>2020-04-10T10:12:46Z</time>
   </trkpt>
   <trkpt lat="51.1398000" lon="-0.5339950">
    <ele>59.5</ele>
    <time>2020-04-10T10:12:47Z</time>
   </trkpt>
   <trkpt lat="51.1399230" lon="-0.5340350">
    <ele>59.9</ele>
    <time>2020-04-10T10:12:49Z</time>
   </trkpt>
   <trkpt lat="51.1399840" lon="-0.5340600">
    <ele>60.0</ele>
    <time>2020-04-10T10:12:50Z</time>
   </trkpt>
   <trkpt lat="51.1400440" lon="-0.5340780">
    <ele>60.2</ele>
    <time>2020-04-10T10:12:51Z</time>
   </trkpt>
   <trkpt lat="51.1400950" lon="-0.5341010">
    <ele>60.3</ele>
    <time>2020-04-10T10:12:52Z</time>
   </trkpt>
   <trkpt lat="51.1401390" lon="-0.5341300">
    <ele>60.5</ele>
    <time>2020-04-10T10:12:53Z</time>
   </trkpt>
   <trkpt lat="51.1402460" lon="-0.5341710">
    <ele>60.8</ele>
    <time>2020-04-10T10:12:55Z</time>
   </trkpt>
   <trkpt lat="51.1403000" lon="-0.5342030">
    <ele>60.9</ele>
    <time>2020-04-10T10:12:56Z</time>
   </trkpt>
   <trkpt lat="51.1404120" lon="-0.5342400">
    <ele>61.3</ele>
    <time>2020-04-10T10:12:58Z</time>
   </trkpt>
   <trkpt lat="51.1404640" lon="-0.5342610">
    <ele>61.5</ele>
    <time>2020-04-10T10:12:59Z</time>
   </trkpt>
   <trkpt lat="51.1405650" lon="-0.5342800">
    <ele>61.9</ele>
    <time>2020-04-10T10:13:01Z</time>
   </trkpt>
   <trkpt lat="51.1406640" lon="-0.5343070">
    <ele>62.2</ele>
    <time>2020-04-10T10:13:03Z</time>
   </trkpt>
   <trkpt lat="51.1407520" lon="-0.5343250">
    <ele>62.5</ele>
    <time>2020-04-10T10:13:05Z</time>
   </trkpt>
   <trkpt lat="51.1408390" lon="-0.5343090">
    <ele>62.8</ele>
    <time>2020-04-10T10:13:07Z</time>
   </trkpt>
   <trkpt lat="51.1408910" lon="-0.5342720">
    <ele>62.9</ele>
    <time>2020-04-10T10:13:08Z</time>
   </trkpt>
   <trkpt lat="51.1409250" lon="-0.5342390">
    <ele>63.1</ele>
    <time>2020-04-10T10:13:09Z</time>
   </trkpt>
   <trkpt lat="51.1409380" lon="-0.5342270">
    <ele>63.1</ele>
    <time>2020-04-10T10:13:10Z</time>
   </trkpt>
   <trkpt lat="51.1409370" lon="-0.5341230">
    <ele>63.0</ele>
    <time>2020-04-10T10:13:12Z</time>
   </trkpt>
   <trkpt lat="51.1408900" lon="-0.5339780">
    <ele>62.9</ele>
    <time>2020-04-10T10:13:13Z</time>
   </trkpt>
   <trkpt lat="51.1408470" lon="-0.5339090">
    <ele>62.9</ele>
    <time>2020-04-10T10:13:14Z</time>
   </trkpt>
   <trkpt lat="51.1407720" lon="-0.5337660">
    <ele>62.8</ele>
    <time>2020-04-10T10:13:16Z</time>
   </trkpt>
   <trkpt lat="51.1406940" lon="-0.5336100">
    <ele>62.7</ele>
    <time>2020-04-10T10:13:18Z</time>
   </trkpt>
   <trkpt lat="51.1406230" lon="-0.5334300">
    <ele>62.7</ele>
    <time>2020-04-10T10:13:20Z</time>
   </trkpt>
   <trkpt lat="51.1405560" lon="-0.5332480">
    <ele>62.8</ele>
    <time>2020-04-10T10:13:22Z</time>
   </trkpt>
   <trkpt lat="51.1405170" lon="-0.5331560">
    <ele>62.8</ele>
    <time>2020-04-10T10:13:23Z</time>
   </trkpt>
   <trkpt lat="51.1404320" lon="-0.5329980">
    <ele>62.8</ele>
    <time>2020-04-10T10:13:25Z</time>
   </trkpt>
   <trkpt lat="51.1403920" lon="-0.5329140">
    <ele>62.8</ele>
    <time>2020-04-10T10:13:26Z</time>
   </trkpt>
   <trkpt lat="51.1403050" lon="-0.5327560">
    <ele>62.9</ele>
    <time>2020-04-10T10:13:28Z</time>
   </trkpt>
   <trkpt lat="51.1402620" lon="-0.5326790">
    <ele>62.9</ele>
    <time>2020-04-10T10:13:29Z</time>
   </trkpt>
   <trkpt lat="51.1401740" lon="-0.5325210">
    <ele>63.0</ele>
    <time>2020-04-10T10:13:31Z</time>
   </trkpt>
   <trkpt lat="51.1400710" lon="-0.5323640">
    <ele>63.1</ele>
    <time>2020-04-10T10:13:33Z</time>
   </trkpt>
   <trkpt lat="51.1400190" lon="-0.5322850">
    <ele>63.1</ele>
    <time>2020-04-10T10:13:34Z</time>
   </trkpt>
   <trkpt lat="51.1399780" lon="-0.5322020">
    <ele>63.2</ele>
    <time>2020-04-10T10:13:35Z</time>
   </trkpt>
   <trkpt lat="51.1399020" lon="-0.5320270">
    <ele>63.4</ele>
    <time>2020-04-10T10:13:37Z</time>
   </trkpt>
   <trkpt lat="51.1398330" lon="-0.5318400">
    <ele>63.5</ele>
    <time>2020-04-10T10:13:39Z</time>
   </trkpt>
   <trkpt lat="51.1397720" lon="-0.5316530">
    <ele>63.8</ele>
    <time>2020-04-10T10:13:41Z</time>
   </trkpt>
   <trkpt lat="51.1397290" lon="-0.5314580">
    <ele>64.1</ele>
    <time>2020-04-10T10:13:43Z</time>
   </trkpt>
   <trkpt lat="51.1397150" lon="-0.5312730">
    <ele>64.4</ele>
    <time>2020-04-10T10:13:45Z</time>
   </trkpt>
   <trkpt lat="51.1396990" lon="-0.5311090">
    <ele>64.7</ele>
    <time>2020-04-10T10:13:47Z</time>
   </trkpt>
   <trkpt lat="51.1396760" lon="-0.5310120">
    <ele>64.9</ele>
    <time>2020-04-10T10:13:48Z</time>
   </trkpt>
   <trkpt lat="51.1396530" lon="-0.5309180">
    <ele>65.1</ele>
    <time>2020-04-10T10:13:49Z</time>
   </trkpt>
   <trkpt lat="51.1396290" lon="-0.5308370">
    <ele>65.2</ele>
    <time>2020-04-10T10:13:50Z</time>
   </trkpt>
   <trkpt lat="51.1396030" lon="-0.5306640">
    <ele>65.6</ele>
    <time>2020-04-10T10:13:52Z</time>
   </trkpt>
   <trkpt lat="51.1395850" lon="-0.5304990">
    <ele>65.8</ele>
    <time>2020-04-10T10:13:54Z</time>
   </trkpt>
   <trkpt lat="51.1395760" lon="-0.5304170">
    <ele>65.8</ele>
    <time>2020-04-10T10:13:55Z</time>
   </trkpt>
   <trkpt lat="51.1395500" lon="-0.5302590">
    <ele>65.9</ele>
    <time>2020-04-10T10:13:57Z</time>
   </trkpt>
   <trkpt lat="51.1395340" lon="-0.5301820">
    <ele>65.9</ele>
    <time>2020-04-10T10:13:58Z</time>
   </trkpt>
   <trkpt lat="51.1395240" lon="-0.5300190">
    <ele>65.9</ele>
    <time>2020-04-10T10:14:00Z</time>
   </trkpt>
   <trkpt lat="51.1395170" lon="-0.5299390">
    <ele>65.9</ele>
    <time>2020-04-10T10:14:01Z</time>
   </trkpt>
   <trkpt lat="51.1395000" lon="-0.5297850">
    <ele>65.9</ele>
    <time>2020-04-10T10:14:03Z</time>
   </trkpt>
   <trkpt lat="51.1394830" lon="-0.5297050">
    <ele>65.8</ele>
    <time>2020-04-10T10:14:04Z</time>
   </trkpt>
   <trkpt lat="51.1394640" lon="-0.5296230">
    <ele>65.8</ele>
    <time>2020-04-10T10:14:05Z</time>
   </trkpt>
   <trkpt lat="51.1394500" lon="-0.5294730">
    <ele>65.8</ele>
    <time>2020-04-10T10:14:07Z</time>
   </trkpt>
   <trkpt lat="51.1394400" lon="-0.5293970">
    <ele>65.7</ele>
    <time>2020-04-10T10:14:08Z</time>
   </trkpt>
   <trkpt lat="51.1394130" lon="-0.5292470">
    <ele>65.7</ele>
    <time>2020-04-10T10:14:10Z</time>
   </trkpt>
   <trkpt lat="51.1393790" lon="-0.5290960">
    <ele>65.6</ele>
    <time>2020-04-10T10:14:12Z</time>
   </trkpt>
   <trkpt lat="51.1393470" lon="-0.5289660">
    <ele>65.6</ele>
    <time>2020-04-10T10:14:14Z</time>
   </trkpt>
   <trkpt lat="51.1393490" lon="-0.5289480">
    <ele>65.6</ele>
    <time>2020-04-10T10:14:16Z</time>
   </trkpt>
   <trkpt lat="51.1393500" lon="-0.5289440">
    <ele>65.5</ele>
    <time>2020-04-10T10:14:17Z</time>
   </trkpt>
   <trkpt lat="51.1393400" lon="-0.5289350">
    <ele>65.5</ele>
    <time>2020-04-10T10:14:18Z</time>
   </trkpt>
   <trkpt lat="51.1393100" lon="-0.5289020">
    <ele>65.5</ele>
    <time>2020-04-10T10:14:20Z</time>
   </trkpt>
   <trkpt lat="51.1392680" lon="-0.5288510">
    <ele>65.5</ele>
    <time>2020-04-10T10:14:22Z</time>
   </trkpt>
   <trkpt lat="51.1392860" lon="-0.5288600">
    <ele>65.4</ele>
    <time>2020-04-10T10:14:23Z</time>
   </trkpt>
   <trkpt lat="51.1392720" lon="-0.5288250">
    <ele>65.4</ele>
    <time>2020-04-10T10:14:24Z</time>
   </trkpt>
   <trkpt lat="51.1392540" lon="-0.5287640">
    <ele>65.4</ele>
    <time>2020-04-10T10:14:26Z</time>
   </trkpt>
   <trkpt lat="51.1392410" lon="-0.5287420">
    <ele>65.4</ele>
    <time>2020-04-10T10:14:28Z</time>
   </trkpt>
   <trkpt lat="51.1392310" lon="-0.5287220">
    <ele>65.4</ele>
    <time>2020-04-10T10:14:29Z</time>
   </trkpt>
   <trkpt lat="51.1392240" lon="-0.5287140">
    <ele>65.4</ele>
    <time>2020-04-10T10:14:30Z</time>
   </trkpt>
   <trkpt lat="51.1391950" lon="-0.5287020">
    <ele>65.3</ele>
    <time>2020-04-10T10:14:32Z</time>
   </trkpt>
   <trkpt lat="51.1391740" lon="-0.5286790">
    <ele>65.3</ele>
    <time>2020-04-10T10:14:33Z</time>
   </trkpt>
   <trkpt lat="51.1391650" lon="-0.5286690">
    <ele>65.3</ele>
    <time>2020-04-10T10:14:34Z</time>
   </trkpt>
   <trkpt lat="51.1391390" lon="-0.5286510">
    <ele>65.3</ele>
    <time>2020-04-10T10:14:36Z</time>
   </trkpt>
   <trkpt lat="51.1391450" lon="-0.5286310">
    <ele>65.3</ele>
    <time>2020-04-10T10:14:37Z</time>
   </trkpt>
   <trkpt lat="51.1391390" lon="-0.5285880">
    <ele>65.2</ele>
    <time>2020-04-10T10:14:39Z</time>
   </trkpt>
   <trkpt lat="51.1391380" lon="-0.5285500">
    <ele>65.2</ele>
    <time>2020-04-10T10:14:40Z</time>
   </trkpt>
   <trkpt lat="51.1391210" lon="-0.5284860">
    <ele>65.2</ele>
    <time>2020-04-10T10:14:42Z</time>
   </trkpt>
   <trkpt lat="51.1390740" lon="-0.5284260">
    <ele>65.2</ele>
    <time>2020-04-10T10:14:43Z</time>
   </trkpt>
   <trkpt lat="51.1390530" lon="-0.5283570">
    <ele>65.2</ele>
    <time>2020-04-10T10:14:45Z</time>
   </trkpt>
   <trkpt lat="51.1389600" lon="-0.5283420">
    <ele>65.1</ele>
    <time>2020-04-10T10:14:46Z</time>
   </trkpt>
   <trkpt lat="51.1389110" lon="-0.5283950">
    <ele>65.1</ele>
    <time>2020-04-10T10:14:47Z</time>
   </trkpt>
   <trkpt lat="51.1388810" lon="-0.5284640">
    <ele>64.9</ele>
    <time>2020-04-10T10:14:48Z</time>
   </trkpt>
   <trkpt lat="51.1388560" lon="-0.5285490">
    <ele>64.6</ele>
    <time>2020-04-10T10:14:49Z</time>
   </trkpt>
   <trkpt lat="51.1387950" lon="-0.5287240">
    <ele>63.7</ele>
    <time>2020-04-10T10:14:51Z</time>
   </trkpt>
   <trkpt lat="51.1387140" lon="-0.5289220">
    <ele>62.6</ele>
    <time>2020-04-10T10:14:53Z</time>
   </trkpt>
   <trkpt lat="51.1386680" lon="-0.5290330">
    <ele>62.0</ele>
    <time>2020-04-10T10:14:54Z</time>
   </trkpt>
   <trkpt lat="51.1386160" lon="-0.5291430">
    <ele>61.4</ele>
    <time>2020-04-10T10:14:55Z</time>
   </trkpt>
   <trkpt lat="51.1385600" lon="-0.5292590">
    <ele>60.8</ele>
    <time>2020-04-10T10:14:56Z</time>
   </trkpt>
   <trkpt lat="51.1384380" lon="-0.5294860">
    <ele>59.8</ele>
    <time>2020-04-10T10:14:58Z</time>
   </trkpt>
   <trkpt lat="51.1383700" lon="-0.5296020">
    <ele>59.3</ele>
    <time>2020-04-10T10:14:59Z</time>
   </trkpt>
   <trkpt lat="51.1382370" lon="-0.5298410">
    <ele>58.6</ele>
    <time>2020-04-10T10:15:01Z</time>
   </trkpt>
   <trkpt lat="51.1381770" lon="-0.5299620">
    <ele>58.3</ele>
    <time>2020-04-10T10:15:02Z</time>
   </trkpt>
   <trkpt lat="51.1380720" lon="-0.5302210">
    <ele>57.8</ele>
    <time>2020-04-10T10:15:04Z</time>
   </trkpt>
   <trkpt lat="51.1380310" lon="-0.5303640">
    <ele>57.5</ele>
    <time>2020-04-10T10:15:05Z</time>
   </trkpt>
   <trkpt lat="51.1379680" lon="-0.5306510">
    <ele>57.2</ele>
    <time>2020-04-10T10:15:07Z</time>
   </trkpt>
   <trkpt lat="51.1379530" lon="-0.5308020">
    <ele>57.0</ele>
    <time>2020-04-10T10:15:08Z</time>
   </trkpt>
   <trkpt lat="51.1379480" lon="-0.5309540">
    <ele>56.8</ele>
    <time>2020-04-10T10:15:09Z</time>
   </trkpt>
   <trkpt lat="51.1379220" lon="-0.5312570">
    <ele>56.7</ele>
    <time>2020-04-10T10:15:11Z</time>
   </trkpt>
   <trkpt lat="51.1378770" lon="-0.5315330">
    <ele>56.7</ele>
    <time>2020-04-10T10:15:13Z</time>
   </trkpt>
   <trkpt lat="51.1377880" lon="-0.5317900">
    <ele>56.7</ele>
    <time>2020-04-10T10:15:15Z</time>
   </trkpt>
   <trkpt lat="51.1376760" lon="-0.5320250">
    <ele>56.7</ele>
    <time>2020-04-10T10:15:17Z</time>
   </trkpt>
   <trkpt lat="51.1375600" lon="-0.5322370">
    <ele>56.7</ele>
    <time>2020-04-10T10:15:19Z</time>
   </trkpt>
   <trkpt lat="51.1374990" lon="-0.5323380">
    <ele>56.8</ele>
    <time>2020-04-10T10:15:20Z</time>
   </trkpt>
   <trkpt lat="51.1374370" lon="-0.5324410">
    <ele>56.9</ele>
    <time>2020-04-10T10:15:21Z</time>
   </trkpt>
   <trkpt lat="51.1373210" lon="-0.5326290">
    <ele>57.3</ele>
    <time>2020-04-10T10:15:23Z</time>
   </trkpt>
   <trkpt lat="51.1371930" lon="-0.5327830">
    <ele>57.4</ele>
    <time>2020-04-10T10:15:25Z</time>
   </trkpt>
   <trkpt lat="51.1370480" lon="-0.5328440">
    <ele>57.5</ele>
    <time>2020-04-10T10:15:27Z</time>
   </trkpt>
   <trkpt lat="51.1368980" lon="-0.5328260">
    <ele>57.6</ele>
    <time>2020-04-10T10:15:29Z</time>
   </trkpt>
   <trkpt lat="51.1368140" lon="-0.5328070">
    <ele>57.6</ele>
    <time>2020-04-10T10:15:30Z</time>
   </trkpt>
   <trkpt lat="51.1367360" lon="-0.5328010">
    <ele>57.7</ele>
    <time>2020-04-10T10:15:31Z</time>
   </trkpt>
   <trkpt lat="51.1365910" lon="-0.5327980">
    <ele>57.7</ele>
    <time>2020-04-10T10:15:33Z</time>
   </trkpt>
   <trkpt lat="51.1364570" lon="-0.5328330">
    <ele>57.8</ele>
    <time>2020-04-10T10:15:35Z</time>
   </trkpt>
   <trkpt lat="51.1363970" lon="-0.5328540">
    <ele>57.9</ele>
    <time>2020-04-10T10:15:36Z</time>
   </trkpt>
   <trkpt lat="51.1362680" lon="-0.5329280">
    <ele>58.0</ele>
    <time>2020-04-10T10:15:38Z</time>
   </trkpt>
   <trkpt lat="51.1361360" lon="-0.5330280">
    <ele>58.1</ele>
    <time>2020-04-10T10:15:40Z</time>
   </trkpt>
   <trkpt lat="51.1360690" lon="-0.5330780">
    <ele>58.2</ele>
    <time>2020-04-10T10:15:41Z</time>
   </trkpt>
   <trkpt lat="51.1359310" lon="-0.5331890">
    <ele>58.3</ele>
    <time>2020-04-10T10:15:43Z</time>
   </trkpt>
   <trkpt lat="51.1358650" lon="-0.5332460">
    <ele>58.3</ele>
    <time>2020-04-10T10:15:44Z</time>
   </trkpt>
   <trkpt lat="51.1357430" lon="-0.5333650">
    <ele>58.2</ele>
    <time>2020-04-10T10:15:46Z</time>
   </trkpt>
   <trkpt lat="51.1356840" lon="-0.5334290">
    <ele>58.2</ele>
    <time>2020-04-10T10:15:47Z</time>
   </trkpt>
   <trkpt lat="51.1356230" lon="-0.5334900">
    <ele>58.2</ele>
    <time>2020-04-10T10:15:48Z</time>
   </trkpt>
   <trkpt lat="51.1354870" lon="-0.5336040">
    <ele>58.0</ele>
    <time>2020-04-10T10:15:50Z</time>
   </trkpt>
   <trkpt lat="51.1354160" lon="-0.5336630">
    <ele>57.9</ele>
    <time>2020-04-10T10:15:51Z</time>
   </trkpt>
   <trkpt lat="51.1353040" lon="-0.5338030">
    <ele>57.7</ele>
    <time>2020-04-10T10:15:53Z</time>
   </trkpt>
   <trkpt lat="51.1352440" lon="-0.5338780">
    <ele>57.6</ele>
    <time>2020-04-10T10:15:54Z</time>
   </trkpt>
   <trkpt lat="51.1351920" lon="-0.5339670">
    <ele>57.5</ele>
    <time>2020-04-10T10:15:55Z</time>
   </trkpt>
   <trkpt lat="51.1350920" lon="-0.5341420">
    <ele>57.5</ele>
    <time>2020-04-10T10:15:57Z</time>
   </trkpt>
   <trkpt lat="51.1350430" lon="-0.5342360">
    <ele>57.5</ele>
    <time>2020-04-10T10:15:58Z</time>
   </trkpt>
   <trkpt lat="51.1349950" lon="-0.5343300">
    <ele>57.6</ele>
    <time>2020-04-10T10:15:59Z</time>
   </trkpt>
   <trkpt lat="51.1349040" lon="-0.5345220">
    <ele>57.6</ele>
    <time>2020-04-10T10:16:01Z</time>
   </trkpt>
   <trkpt lat="51.1348580" lon="-0.5346280">
    <ele>57.6</ele>
    <time>2020-04-10T10:16:02Z</time>
   </trkpt>
   <trkpt lat="51.1347720" lon="-0.5348350">
    <ele>57.5</ele>
    <time>2020-04-10T10:16:04Z</time>
   </trkpt>
   <trkpt lat="51.1346770" lon="-0.5350350">
    <ele>57.4</ele>
    <time>2020-04-10T10:16:06Z</time>
   </trkpt>
   <trkpt lat="51.1346320" lon="-0.5351330">
    <ele>57.4</ele>
    <time>2020-04-10T10:16:07Z</time>
   </trkpt>
   <trkpt lat="51.1345890" lon="-0.5352310">
    <ele>57.4</ele>
    <time>2020-04-10T10:16:08Z</time>
   </trkpt>
   <trkpt lat="51.1345440" lon="-0.5353300">
    <ele>57.4</ele>
    <time>2020-04-10T10:16:09Z</time>
   </trkpt>
   <trkpt lat="51.1344650" lon="-0.5355260">
    <ele>57.7</ele>
    <time>2020-04-10T10:16:11Z</time>
   </trkpt>
   <trkpt lat="51.1344210" lon="-0.5356160">
    <ele>57.8</ele>
    <time>2020-04-10T10:16:12Z</time>
   </trkpt>
   <trkpt lat="51.1343360" lon="-0.5357900">
    <ele>58.0</ele>
    <time>2020-04-10T10:16:14Z</time>
   </trkpt>
   <trkpt lat="51.1342520" lon="-0.5359670">
    <ele>58.1</ele>
    <time>2020-04-10T10:16:16Z</time>
   </trkpt>
   <trkpt lat="51.1341650" lon="-0.5361270">
    <ele>58.3</ele>
    <time>2020-04-10T10:16:18Z</time>
   </trkpt>
   <trkpt lat="51.1340660" lon="-0.5362690">
    <ele>58.3</ele>
    <time>2020-04-10T10:16:20Z</time>
   </trkpt>
   <trkpt lat="51.1339750" lon="-0.5364080">
    <ele>58.4</ele>
    <time>2020-04-10T10:16:22Z</time>
   </trkpt>
   <trkpt lat="51.1339270" lon="-0.5364730">
    <ele>58.4</ele>
    <time>2020-04-10T10:16:23Z</time>
   </trkpt>
   <trkpt lat="51.1338780" lon="-0.5365320">
    <ele>58.4</ele>
    <time>2020-04-10T10:16:24Z</time>
   </trkpt>
   <trkpt lat="51.1337780" lon="-0.5366550">
    <ele>58.5</ele>
    <time>2020-04-10T10:16:26Z</time>
   </trkpt>
   <trkpt lat="51.1336790" lon="-0.5367650">
    <ele>58.4</ele>
    <time>2020-04-10T10:16:28Z</time>
   </trkpt>
   <trkpt lat="51.1335760" lon="-0.5368820">
    <ele>58.3</ele>
    <time>2020-04-10T10:16:30Z</time>
   </trkpt>
   <trkpt lat="51.1334690" lon="-0.5369910">
    <ele>58.1</ele>
    <time>2020-04-10T10:16:32Z</time>
   </trkpt>
   <trkpt lat="51.1333660" lon="-0.5370930">
    <ele>57.8</ele>
    <time>2020-04-10T10:16:34Z</time>
   </trkpt>
   <trkpt lat="51.1333090" lon="-0.5371480">
    <ele>57.7</ele>
    <time>2020-04-10T10:16:35Z</time>
   </trkpt>
   <trkpt lat="51.1331950" lon="-0.5372580">
    <ele>57.5</ele>
    <time>2020-04-10T10:16:37Z</time>
   </trkpt>
   <trkpt lat="51.1330750" lon="-0.5373730">
    <ele>57.4</ele>
    <time>2020-04-10T10:16:39Z</time>
   </trkpt>
   <trkpt lat="51.1329530" lon="-0.5375340">
    <ele>57.4</ele>
    <time>2020-04-10T10:16:41Z</time>
   </trkpt>
   <trkpt lat="51.1329290" lon="-0.5376530">
    <ele>57.4</ele>
    <time>2020-04-10T10:16:42Z</time>
   </trkpt>
   <trkpt lat="51.1329750" lon="-0.5378910">
    <ele>57.5</ele>
    <time>2020-04-10T10:16:44Z</time>
   </trkpt>
   <trkpt lat="51.1331040" lon="-0.5380500">
    <ele>57.9</ele>
    <time>2020-04-10T10:16:46Z</time>
   </trkpt>
   <trkpt lat="51.1331760" lon="-0.5381100">
    <ele>58.1</ele>
    <time>2020-04-10T10:16:47Z</time>
   </trkpt>
   <trkpt lat="51.1333100" lon="-0.5382390">
    <ele>58.4</ele>
    <time>2020-04-10T10:16:49Z</time>
   </trkpt>
   <trkpt lat="51.1333800" lon="-0.5383010">
    <ele>58.6</ele>
    <time>2020-04-10T10:16:50Z</time>
   </trkpt>
   <trkpt lat="51.1335160" lon="-0.5384160">
    <ele>59.1</ele>
    <time>2020-04-10T10:16:52Z</time>
   </trkpt>
   <trkpt lat="51.1335830" lon="-0.5384740">
    <ele>59.3</ele>
    <time>2020-04-10T10:16:53Z</time>
   </trkpt>
   <trkpt lat="51.1337100" lon="-0.5385940">
    <ele>59.8</ele>
    <time>2020-04-10T10:16:55Z</time>
   </trkpt>
   <trkpt lat="51.1337810" lon="-0.5386570">
    <ele>60.2</ele>
    <time>2020-04-10T10:16:56Z</time>
   </trkpt>
   <trkpt lat="51.1339070" lon="-0.5387770">
    <ele>60.8</ele>
    <time>2020-04-10T10:16:58Z</time>
   </trkpt>
   <trkpt lat="51.1340320" lon="-0.5388860">
    <ele>61.4</ele>
    <time>2020-04-10T10:17:00Z</time>
   </trkpt>
   <trkpt lat="51.1341550" lon="-0.5389890">
    <ele>62.2</ele>
    <time>2020-04-10T10:17:02Z</time>
   </trkpt>
   <trkpt lat="51.1342160" lon="-0.5390300">
    <ele>62.5</ele>
    <time>2020-04-10T10:17:03Z</time>
   </trkpt>
   <trkpt lat="51.1343030" lon="-0.5391060">
    <ele>63.0</ele>
    <time>2020-04-10T10:17:05Z</time>
   </trkpt>
   <trkpt lat="51.1343850" lon="-0.5392020">
    <ele>63.5</ele>
    <time>2020-04-10T10:17:07Z</time>
   </trkpt>
   <trkpt lat="51.1344250" lon="-0.5392610">
    <ele>63.7</ele>
    <time>2020-04-10T10:17:08Z</time>
   </trkpt>
   <trkpt lat="51.1344750" lon="-0.5393850">
    <ele>63.9</ele>
    <time>2020-04-10T10:17:10Z</time>
   </trkpt>
   <trkpt lat="51.1344840" lon="-0.5394520">
    <ele>63.9</ele>
    <time>2020-04-10T10:17:11Z</time>
   </trkpt>
   <trkpt lat="51.1344830" lon="-0.5396140">
    <ele>63.8</ele>
    <time>2020-04-10T10:17:13Z</time>
   </trkpt>
   <trkpt lat="51.1344380" lon="-0.5397760">
    <ele>63.5</ele>
    <time>2020-04-10T10:17:15Z</time>
   </trkpt>
   <trkpt lat="51.1343690" lon="-0.5399400">
    <ele>63.0</ele>
    <time>2020-04-10T10:17:17Z</time>
   </trkpt>
   <trkpt lat="51.1343320" lon="-0.5400180">
    <ele>62.8</ele>
    <time>2020-04-10T10:17:18Z</time>
   </trkpt>
   <trkpt lat="51.1342930" lon="-0.5400950">
    <ele>62.5</ele>
    <time>2020-04-10T10:17:19Z</time>
   </trkpt>
   <trkpt lat="51.1342420" lon="-0.5401850">
    <ele>62.2</ele>
    <time>2020-04-10T10:17:20Z</time>
   </trkpt>
   <trkpt lat="51.1341470" lon="-0.5403610">
    <ele>61.7</ele>
    <time>2020-04-10T10:17:22Z</time>
   </trkpt>
   <trkpt lat="51.1340380" lon="-0.5405660">
    <ele>61.3</ele>
    <time>2020-04-10T10:17:24Z</time>
   </trkpt>
   <trkpt lat="51.1339860" lon="-0.5406710">
    <ele>61.1</ele>
    <time>2020-04-10T10:17:25Z</time>
   </trkpt>
   <trkpt lat="51.1339310" lon="-0.5407810">
    <ele>60.9</ele>
    <time>2020-04-10T10:17:26Z</time>
   </trkpt>
   <trkpt lat="51.1338240" lon="-0.5409860">
    <ele>60.6</ele>
    <time>2020-04-10T10:17:28Z</time>
   </trkpt>
   <trkpt lat="51.1337150" lon="-0.5411920">
    <ele>60.3</ele>
    <time>2020-04-10T10:17:30Z</time>
   </trkpt>
   <trkpt lat="51.1336600" lon="-0.5412990">
    <ele>60.2</ele>
    <time>2020-04-10T10:17:31Z</time>
   </trkpt>
   <trkpt lat="51.1336040" lon="-0.5414050">
    <ele>60.1</ele>
    <time>2020-04-10T10:17:32Z</time>
   </trkpt>
   <trkpt lat="51.1335050" lon="-0.5416150">
    <ele>59.9</ele>
    <time>2020-04-10T10:17:34Z</time>
   </trkpt>
   <trkpt lat="51.1334000" lon="-0.5418090">
    <ele>59.8</ele>
    <time>2020-04-10T10:17:36Z</time>
   </trkpt>
   <trkpt lat="51.1333020" lon="-0.5420180">
    <ele>59.9</ele>
    <time>2020-04-10T10:17:38Z</time>
   </trkpt>
   <trkpt lat="51.1331910" lon="-0.5421940">
    <ele>59.9</ele>
    <time>2020-04-10T10:17:40Z</time>
   </trkpt>
   <trkpt lat="51.1331420" lon="-0.5422920">
    <ele>60.0</ele>
    <time>2020-04-10T10:17:41Z</time>
   </trkpt>
   <trkpt lat="51.1330350" lon="-0.5424660">
    <ele>60.0</ele>
    <time>2020-04-10T10:17:43Z</time>
   </trkpt>
   <trkpt lat="51.1329830" lon="-0.5425550">
    <ele>60.1</ele>
    <time>2020-04-10T10:17:44Z</time>
   </trkpt>
   <trkpt lat="51.1328700" lon="-0.5427320">
    <ele>60.2</ele>
    <time>2020-04-10T10:17:46Z</time>
   </trkpt>
   <trkpt lat="51.1328170" lon="-0.5428250">
    <ele>60.3</ele>
    <time>2020-04-10T10:17:47Z</time>
   </trkpt>
   <trkpt lat="51.1327700" lon="-0.5429300">
    <ele>60.4</ele>
    <time>2020-04-10T10:17:48Z</time>
   </trkpt>
   <trkpt lat="51.1326670" lon="-0.5431120">
    <ele>60.7</ele>
    <time>2020-04-10T10:17:50Z</time>
   </trkpt>
   <trkpt lat="51.1325670" lon="-0.5432760">
    <ele>61.1</ele>
    <time>2020-04-10T10:17:52Z</time>
   </trkpt>
   <trkpt lat="51.1324690" lon="-0.5434610">
    <ele>61.4</ele>
    <time>2020-04-10T10:17:54Z</time>
   </trkpt>
   <trkpt lat="51.1324210" lon="-0.5435470">
    <ele>61.6</ele>
    <time>2020-04-10T10:17:55Z</time>
   </trkpt>
   <trkpt lat="51.1323340" lon="-0.5437210">
    <ele>61.9</ele>
    <time>2020-04-10T10:17:57Z</time>
   </trkpt>
   <trkpt lat="51.1322900" lon="-0.5438030">
    <ele>62.1</ele>
    <time>2020-04-10T10:17:58Z</time>
   </trkpt>
   <trkpt lat="51.1322130" lon="-0.5439720">
    <ele>62.4</ele>
    <time>2020-04-10T10:18:00Z</time>
   </trkpt>
   <trkpt lat="51.1321720" lon="-0.5440590">
    <ele>62.6</ele>
    <time>2020-04-10T10:18:01Z</time>
   </trkpt>
   <trkpt lat="51.1320930" lon="-0.5442140">
    <ele>63.0</ele>
    <time>2020-04-10T10:18:03Z</time>
   </trkpt>
   <trkpt lat="51.1320160" lon="-0.5443650">
    <ele>63.4</ele>
    <time>2020-04-10T10:18:05Z</time>
   </trkpt>
   <trkpt lat="51.1319410" lon="-0.5445110">
    <ele>63.8</ele>
    <time>2020-04-10T10:18:07Z</time>
   </trkpt>
   <trkpt lat="51.1319050" lon="-0.5445920">
    <ele>64.0</ele>
    <time>2020-04-10T10:18:08Z</time>
   </trkpt>
   <trkpt lat="51.1318780" lon="-0.5446750">
    <ele>64.1</ele>
    <time>2020-04-10T10:18:09Z</time>
   </trkpt>
   <trkpt lat="51.1318500" lon="-0.5447570">
    <ele>64.2</ele>
    <time>2020-04-10T10:18:10Z</time>
   </trkpt>
   <trkpt lat="51.1317770" lon="-0.5449080">
    <ele>64.4</ele>
    <time>2020-04-10T10:18:12Z</time>
   </trkpt>
   <trkpt lat="51.1317110" lon="-0.5450570">
    <ele>64.7</ele>
    <time>2020-04-10T10:18:14Z</time>
   </trkpt>
   <trkpt lat="51.1316810" lon="-0.5451280">
    <ele>64.9</ele>
    <time>2020-04-10T10:18:15Z</time>
   </trkpt>
   <trkpt lat="51.1316200" lon="-0.5452760">
    <ele>65.2</ele>
    <time>2020-04-10T10:18:17Z</time>
   </trkpt>
   <trkpt lat="51.1315840" lon="-0.5453500">
    <ele>65.2</ele>
    <time>2020-04-10T10:18:18Z</time>
   </trkpt>
   <trkpt lat="51.1315150" lon="-0.5454880">
    <ele>65.4</ele>
    <time>2020-04-10T10:18:20Z</time>
   </trkpt>
   <trkpt lat="51.1314760" lon="-0.5455500">
    <ele>65.4</ele>
    <time>2020-04-10T10:18:21Z</time>
   </trkpt>
   <trkpt lat="51.1314100" lon="-0.5456850">
    <ele>65.6</ele>
    <time>2020-04-10T10:18:23Z</time>
   </trkpt>
   <trkpt lat="51.1313310" lon="-0.5457850">
    <ele>65.8</ele>
    <time>2020-04-10T10:18:25Z</time>
   </trkpt>
   <trkpt lat="51.1312930" lon="-0.5458470">
    <ele>65.9</ele>
    <time>2020-04-10T10:18:26Z</time>
   </trkpt>
   <trkpt lat="51.1312230" lon="-0.5459830">
    <ele>66.1</ele>
    <time>2020-04-10T10:18:28Z</time>
   </trkpt>
   <trkpt lat="51.1311880" lon="-0.5460440">
    <ele>66.2</ele>
    <time>2020-04-10T10:18:29Z</time>
   </trkpt>
   <trkpt lat="51.1311420" lon="-0.5461050">
    <ele>66.3</ele>
    <time>2020-04-10T10:18:30Z</time>
   </trkpt>
   <trkpt lat="51.1310800" lon="-0.5462430">
    <ele>66.4</ele>
    <time>2020-04-10T10:18:32Z</time>
   </trkpt>
   <trkpt lat="51.1310470" lon="-0.5463140">
    <ele>66.5</ele>
    <time>2020-04-10T10:18:33Z</time>
   </trkpt>
   <trkpt lat="51.1309860" lon="-0.5464700">
    <ele>66.6</ele>
    <time>2020-04-10T10:18:35Z</time>
   </trkpt>
   <trkpt lat="51.1309410" lon="-0.5466400">
    <ele>66.6</ele>
    <time>2020-04-10T10:18:37Z</time>
   </trkpt>
   <trkpt lat="51.1309160" lon="-0.5467150">
    <ele>66.6</ele>
    <time>2020-04-10T10:18:38Z</time>
   </trkpt>
   <trkpt lat="51.1308600" lon="-0.5468890">
    <ele>66.6</ele>
    <time>2020-04-10T10:18:40Z</time>
   </trkpt>
   <trkpt lat="51.1308330" lon="-0.5469800">
    <ele>66.6</ele>
    <time>2020-04-10T10:18:41Z</time>
   </trkpt>
   <trkpt lat="51.1307770" lon="-0.5471640">
    <ele>66.6</ele>
    <time>2020-04-10T10:18:43Z</time>
   </trkpt>
   <trkpt lat="51.1307430" lon="-0.5472530">
    <ele>66.6</ele>
    <time>2020-04-10T10:18:44Z</time>
   </trkpt>
   <trkpt lat="51.1307090" lon="-0.5473420">
    <ele>66.6</ele>
    <time>2020-04-10T10:18:45Z</time>
   </trkpt>
   <trkpt lat="51.1306480" lon="-0.5475110">
    <ele>66.4</ele>
    <time>2020-04-10T10:18:47Z</time>
   </trkpt>
   <trkpt lat="51.1306200" lon="-0.5476070">
    <ele>66.3</ele>
    <time>2020-04-10T10:18:48Z</time>
   </trkpt>
   <trkpt lat="51.1305890" lon="-0.5477060">
    <ele>66.1</ele>
    <time>2020-04-10T10:18:49Z</time>
   </trkpt>
   <trkpt lat="51.1305280" lon="-0.5479030">
    <ele>65.9</ele>
    <time>2020-04-10T10:18:51Z</time>
   </trkpt>
   <trkpt lat="51.1304580" lon="-0.5481030">
    <ele>65.8</ele>
    <time>2020-04-10T10:18:53Z</time>
   </trkpt>
   <trkpt lat="51.1303880" lon="-0.5482840">
    <ele>65.9</ele>
    <time>2020-04-10T10:18:55Z</time>
   </trkpt>
   <trkpt lat="51.1303570" lon="-0.5483890">
    <ele>65.9</ele>
    <time>2020-04-10T10:18:56Z</time>
   </trkpt>
   <trkpt lat="51.1302960" lon="-0.5485730">
    <ele>65.8</ele>
    <time>2020-04-10T10:18:58Z</time>
   </trkpt>
   <trkpt lat="51.1302370" lon="-0.5487720">
    <ele>65.8</ele>
    <time>2020-04-10T10:19:00Z</time>
   </trkpt>
   <trkpt lat="51.1301830" lon="-0.5489800">
    <ele>65.8</ele>
    <time>2020-04-10T10:19:02Z</time>
   </trkpt>
   <trkpt lat="51.1301340" lon="-0.5491830">
    <ele>65.8</ele>
    <time>2020-04-10T10:19:04Z</time>
   </trkpt>
   <trkpt lat="51.1300820" lon="-0.5493840">
    <ele>65.8</ele>
    <time>2020-04-10T10:19:06Z</time>
   </trkpt>
   <trkpt lat="51.1300560" lon="-0.5494810">
    <ele>65.8</ele>
    <time>2020-04-10T10:19:07Z</time>
   </trkpt>
   <trkpt lat="51.1300290" lon="-0.5495760">
    <ele>65.8</ele>
    <time>2020-04-10T10:19:08Z</time>
   </trkpt>
   <trkpt lat="51.1300070" lon="-0.5496760">
    <ele>65.8</ele>
    <time>2020-04-10T10:19:09Z</time>
   </trkpt>
   <trkpt lat="51.1299810" lon="-0.5498890">
    <ele>65.8</ele>
    <time>2020-04-10T10:19:11Z</time>
   </trkpt>
   <trkpt lat="51.1299480" lon="-0.5501010">
    <ele>65.8</ele>
    <time>2020-04-10T10:19:13Z</time>
   </trkpt>
   <trkpt lat="51.1299290" lon="-0.5501970">
    <ele>65.8</ele>
    <time>2020-04-10T10:19:14Z</time>
   </trkpt>
   <trkpt lat="51.1298970" lon="-0.5504100">
    <ele>65.8</ele>
    <time>2020-04-10T10:19:16Z</time>
   </trkpt>
   <trkpt lat="51.1298760" lon="-0.5505090">
    <ele>65.8</ele>
    <time>2020-04-10T10:19:17Z</time>
   </trkpt>
   <trkpt lat="51.1298430" lon="-0.5507190">
    <ele>65.7</ele>
    <time>2020-04-10T10:19:19Z</time>
   </trkpt>
   <trkpt lat="51.1298240" lon="-0.5508250">
    <ele>65.7</ele>
    <time>2020-04-10T10:19:20Z</time>
   </trkpt>
   <trkpt lat="51.1297740" lon="-0.5510180">
    <ele>65.8</ele>
    <time>2020-04-10T10:19:22Z</time>
   </trkpt>
   <trkpt lat="51.1297490" lon="-0.5511120">
    <ele>65.8</ele>
    <time>2020-04-10T10:19:23Z</time>
   </trkpt>
   <trkpt lat="51.1297280" lon="-0.5512110">
    <ele>65.8</ele>
    <time>2020-04-10T10:19:24Z</time>
   </trkpt>
   <trkpt lat="51.1297040" lon="-0.5513140">
    <ele>65.8</ele>
    <time>2020-04-10T10:19:25Z</time>
   </trkpt>
   <trkpt lat="51.1296520" lon="-0.5515080">
    <ele>65.8</ele>
    <time>2020-04-10T10:19:27Z</time>
   </trkpt>
   <trkpt lat="51.1295910" lon="-0.5516870">
    <ele>65.9</ele>
    <time>2020-04-10T10:19:29Z</time>
   </trkpt>
   <trkpt lat="51.1295550" lon="-0.5517770">
    <ele>66.0</ele>
    <time>2020-04-10T10:19:30Z</time>
   </trkpt>
   <trkpt lat="51.1294860" lon="-0.5519590">
    <ele>66.2</ele>
    <time>2020-04-10T10:19:32Z</time>
   </trkpt>
   <trkpt lat="51.1294060" lon="-0.5521360">
    <ele>66.3</ele>
    <time>2020-04-10T10:19:34Z</time>
   </trkpt>
   <trkpt lat="51.1293400" lon="-0.5523070">
    <ele>66.5</ele>
    <time>2020-04-10T10:19:36Z</time>
   </trkpt>
   <trkpt lat="51.1293050" lon="-0.5523960">
    <ele>66.5</ele>
    <time>2020-04-10T10:19:37Z</time>
   </trkpt>
   <trkpt lat="51.1292500" lon="-0.5525770">
    <ele>66.6</ele>
    <time>2020-04-10T10:19:39Z</time>
   </trkpt>
   <trkpt lat="51.1292290" lon="-0.5526730">
    <ele>66.6</ele>
    <time>2020-04-10T10:19:40Z</time>
   </trkpt>
   <trkpt lat="51.1292080" lon="-0.5527690">
    <ele>66.6</ele>
    <time>2020-04-10T10:19:41Z</time>
   </trkpt>
   <trkpt lat="51.1291620" lon="-0.5529440">
    <ele>66.6</ele>
    <time>2020-04-10T10:19:43Z</time>
   </trkpt>
   <trkpt lat="51.1291400" lon="-0.5530320">
    <ele>66.6</ele>
    <time>2020-04-10T10:19:44Z</time>
   </trkpt>
   <trkpt lat="51.1291030" lon="-0.5532190">
    <ele>66.6</ele>
    <time>2020-04-10T10:19:46Z</time>
   </trkpt>
   <trkpt lat="51.1290590" lon="-0.5534210">
    <ele>66.6</ele>
    <time>2020-04-10T10:19:48Z</time>
   </trkpt>
   <trkpt lat="51.1290370" lon="-0.5535160">
    <ele>66.7</ele>
    <time>2020-04-10T10:19:49Z</time>
   </trkpt>
   <trkpt lat="51.1289880" lon="-0.5536920">
    <ele>66.7</ele>
    <time>2020-04-10T10:19:51Z</time>
   </trkpt>
   <trkpt lat="51.1289690" lon="-0.5537900">
    <ele>66.7</ele>
    <time>2020-04-10T10:19:52Z</time>
   </trkpt>
   <trkpt lat="51.1289380" lon="-0.5539850">
    <ele>66.7</ele>
    <time>2020-04-10T10:19:54Z</time>
   </trkpt>
   <trkpt lat="51.1289360" lon="-0.5540930">
    <ele>66.7</ele>
    <time>2020-04-10T10:19:55Z</time>
   </trkpt>
   <trkpt lat="51.1289110" lon="-0.5542980">
    <ele>66.7</ele>
    <time>2020-04-10T10:19:57Z</time>
   </trkpt>
   <trkpt lat="51.1288320" lon="-0.5544610">
    <ele>66.5</ele>
    <time>2020-04-10T10:19:59Z</time>
   </trkpt>
   <trkpt lat="51.1287090" lon="-0.5545670">
    <ele>66.2</ele>
    <time>2020-04-10T10:20:01Z</time>
   </trkpt>
   <trkpt lat="51.1286530" lon="-0.5546370">
    <ele>66.0</ele>
    <time>2020-04-10T10:20:02Z</time>
   </trkpt>
   <trkpt lat="51.1285500" lon="-0.5548040">
    <ele>65.7</ele>
    <time>2020-04-10T10:20:04Z</time>
   </trkpt>
   <trkpt lat="51.1285060" lon="-0.5548980">
    <ele>65.7</ele>
    <time>2020-04-10T10:20:05Z</time>
   </trkpt>
   <trkpt lat="51.1284220" lon="-0.5550970">
    <ele>65.6</ele>
    <time>2020-04-10T10:20:07Z</time>
   </trkpt>
   <trkpt lat="51.1283300" lon="-0.5552810">
    <ele>65.4</ele>
    <time>2020-04-10T10:20:09Z</time>
   </trkpt>
   <trkpt lat="51.1282830" lon="-0.5553750">
    <ele>65.3</ele>
    <time>2020-04-10T10:20:10Z</time>
   </trkpt>
   <trkpt lat="51.1281800" lon="-0.5555540">
    <ele>65.0</ele>
    <time>2020-04-10T10:20:12Z</time>
   </trkpt>
   <trkpt lat="51.1281300" lon="-0.5556350">
    <ele>64.8</ele>
    <time>2020-04-10T10:20:13Z</time>
   </trkpt>
   <trkpt lat="51.1280280" lon="-0.5558240">
    <ele>64.6</ele>
    <time>2020-04-10T10:20:15Z</time>
   </trkpt>
   <trkpt lat="51.1279730" lon="-0.5559200">
    <ele>64.5</ele>
    <time>2020-04-10T10:20:16Z</time>
   </trkpt>
   <trkpt lat="51.1279190" lon="-0.5560120">
    <ele>64.4</ele>
    <time>2020-04-10T10:20:17Z</time>
   </trkpt>
   <trkpt lat="51.1278680" lon="-0.5560940">
    <ele>64.4</ele>
    <time>2020-04-10T10:20:18Z</time>
   </trkpt>
   <trkpt lat="51.1277650" lon="-0.5562660">
    <ele>64.2</ele>
    <time>2020-04-10T10:20:20Z</time>
   </trkpt>
   <trkpt lat="51.1276340" lon="-0.5564250">
    <ele>63.9</ele>
    <time>2020-04-10T10:20:22Z</time>
   </trkpt>
   <trkpt lat="51.1275680" lon="-0.5565120">
    <ele>63.8</ele>
    <time>2020-04-10T10:20:23Z</time>
   </trkpt>
   <trkpt lat="51.1274460" lon="-0.5566770">
    <ele>63.5</ele>
    <time>2020-04-10T10:20:25Z</time>
   </trkpt>
   <trkpt lat="51.1273820" lon="-0.5567750">
    <ele>63.3</ele>
    <time>2020-04-10T10:20:26Z</time>
   </trkpt>
   <trkpt lat="51.1272610" lon="-0.5569600">
    <ele>63.2</ele>
    <time>2020-04-10T10:20:28Z</time>
   </trkpt>
   <trkpt lat="51.1271330" lon="-0.5571320">
    <ele>63.1</ele>
    <time>2020-04-10T10:20:30Z</time>
   </trkpt>
   <trkpt lat="51.1270700" lon="-0.5572180">
    <ele>63.1</ele>
    <time>2020-04-10T10:20:31Z</time>
   </trkpt>
   <trkpt lat="51.1270090" lon="-0.5573070">
    <ele>63.0</ele>
    <time>2020-04-10T10:20:32Z</time>
   </trkpt>
   <trkpt lat="51.1269450" lon="-0.5573930">
    <ele>63.0</ele>
    <time>2020-04-10T10:20:33Z</time>
   </trkpt>
   <trkpt lat="51.1268180" lon="-0.5575350">
    <ele>62.9</ele>
    <time>2020-04-10T10:20:35Z</time>
   </trkpt>
   <trkpt lat="51.1266700" lon="-0.5576860">
    <ele>62.7</ele>
    <time>2020-04-10T10:20:37Z</time>
   </trkpt>
   <trkpt lat="51.1265370" lon="-0.5578490">
    <ele>62.7</ele>
    <time>2020-04-10T10:20:39Z</time>
   </trkpt>
   <trkpt lat="51.1264730" lon="-0.5579360">
    <ele>62.7</ele>
    <time>2020-04-10T10:20:40Z</time>
   </trkpt>
   <trkpt lat="51.1264130" lon="-0.5580230">
    <ele>62.6</ele>
    <time>2020-04-10T10:20:41Z</time>
   </trkpt>
   <trkpt lat="51.1263540" lon="-0.5581080">
    <ele>62.6</ele>
    <time>2020-04-10T10:20:42Z</time>
   </trkpt>
   <trkpt lat="51.1262280" lon="-0.5582850">
    <ele>62.6</ele>
    <time>2020-04-10T10:20:44Z</time>
   </trkpt>
   <trkpt lat="51.1261660" lon="-0.5583710">
    <ele>62.6</ele>
    <time>2020-04-10T10:20:45Z</time>
   </trkpt>
   <trkpt lat="51.1260490" lon="-0.5585520">
    <ele>62.6</ele>
    <time>2020-04-10T10:20:47Z</time>
   </trkpt>
   <trkpt lat="51.1259820" lon="-0.5586330">
    <ele>62.5</ele>
    <time>2020-04-10T10:20:48Z</time>
   </trkpt>
   <trkpt lat="51.1259250" lon="-0.5587170">
    <ele>62.4</ele>
    <time>2020-04-10T10:20:49Z</time>
   </trkpt>
   <trkpt lat="51.1258060" lon="-0.5588990">
    <ele>62.0</ele>
    <time>2020-04-10T10:20:51Z</time>
   </trkpt>
   <trkpt lat="51.1256740" lon="-0.5590750">
    <ele>61.8</ele>
    <time>2020-04-10T10:20:53Z</time>
   </trkpt>
   <trkpt lat="51.1256100" lon="-0.5591670">
    <ele>61.8</ele>
    <time>2020-04-10T10:20:54Z</time>
   </trkpt>
   <trkpt lat="51.1255520" lon="-0.5592620">
    <ele>61.8</ele>
    <time>2020-04-10T10:20:55Z</time>
   </trkpt>
   <trkpt lat="51.1254330" lon="-0.5594460">
    <ele>61.6</ele>
    <time>2020-04-10T10:20:57Z</time>
   </trkpt>
   <trkpt lat="51.1253710" lon="-0.5595360">
    <ele>61.5</ele>
    <time>2020-04-10T10:20:58Z</time>
   </trkpt>
   <trkpt lat="51.1252420" lon="-0.5597180">
    <ele>61.2</ele>
    <time>2020-04-10T10:21:00Z</time>
   </trkpt>
   <trkpt lat="51.1251760" lon="-0.5598110">
    <ele>61.0</ele>
    <time>2020-04-10T10:21:01Z</time>
   </trkpt>
   <trkpt lat="51.1251150" lon="-0.5599070">
    <ele>61.0</ele>
    <time>2020-04-10T10:21:02Z</time>
   </trkpt>
   <trkpt lat="51.1249840" lon="-0.5600890">
    <ele>60.8</ele>
    <time>2020-04-10T10:21:04Z</time>
   </trkpt>
   <trkpt lat="51.1248540" lon="-0.5602760">
    <ele>60.4</ele>
    <time>2020-04-10T10:21:06Z</time>
   </trkpt>
   <trkpt lat="51.1247200" lon="-0.5604650">
    <ele>60.0</ele>
    <time>2020-04-10T10:21:08Z</time>
   </trkpt>
   <trkpt lat="51.1245910" lon="-0.5606550">
    <ele>59.8</ele>
    <time>2020-04-10T10:21:10Z</time>
   </trkpt>
   <trkpt lat="51.1245240" lon="-0.5607570">
    <ele>59.6</ele>
    <time>2020-04-10T10:21:11Z</time>
   </trkpt>
   <trkpt lat="51.1244580" lon="-0.5608580">
    <ele>59.5</ele>
    <time>2020-04-10T10:21:12Z</time>
   </trkpt>
   <trkpt lat="51.1243160" lon="-0.5610420">
    <ele>59.3</ele>
    <time>2020-04-10T10:21:14Z</time>
   </trkpt>
   <trkpt lat="51.1242400" lon="-0.5611330">
    <ele>59.1</ele>
    <time>2020-04-10T10:21:15Z</time>
   </trkpt>
   <trkpt lat="51.1241700" lon="-0.5612370">
    <ele>58.8</ele>
    <time>2020-04-10T10:21:16Z</time>
   </trkpt>
   <trkpt lat="51.1241060" lon="-0.5613450">
    <ele>58.7</ele>
    <time>2020-04-10T10:21:17Z</time>
   </trkpt>
   <trkpt lat="51.1240400" lon="-0.5614500">
    <ele>58.5</ele>
    <time>2020-04-10T10:21:18Z</time>
   </trkpt>
   <trkpt lat="51.1239000" lon="-0.5616520">
    <ele>58.3</ele>
    <time>2020-04-10T10:21:20Z</time>
   </trkpt>
   <trkpt lat="51.1237610" lon="-0.5618650">
    <ele>57.8</ele>
    <time>2020-04-10T10:21:22Z</time>
   </trkpt>
   <trkpt lat="51.1236860" lon="-0.5619680">
    <ele>57.5</ele>
    <time>2020-04-10T10:21:23Z</time>
   </trkpt>
   <trkpt lat="51.1236190" lon="-0.5620780">
    <ele>57.3</ele>
    <time>2020-04-10T10:21:24Z</time>
   </trkpt>
   <trkpt lat="51.1235530" lon="-0.5621880">
    <ele>57.0</ele>
    <time>2020-04-10T10:21:25Z</time>
   </trkpt>
   <trkpt lat="51.1234140" lon="-0.5624180">
    <ele>56.6</ele>
    <time>2020-04-10T10:21:27Z</time>
   </trkpt>
   <trkpt lat="51.1233460" lon="-0.5625300">
    <ele>56.5</ele>
    <time>2020-04-10T10:21:28Z</time>
   </trkpt>
   <trkpt lat="51.1232790" lon="-0.5626380">
    <ele>56.5</ele>
    <time>2020-04-10T10:21:29Z</time>
   </trkpt>
   <trkpt lat="51.1231430" lon="-0.5628540">
    <ele>56.5</ele>
    <time>2020-04-10T10:21:31Z</time>
   </trkpt>
   <trkpt lat="51.1229950" lon="-0.5630400">
    <ele>56.5</ele>
    <time>2020-04-10T10:21:33Z</time>
   </trkpt>
   <trkpt lat="51.1229100" lon="-0.5631030">
    <ele>56.5</ele>
    <time>2020-04-10T10:21:34Z</time>
   </trkpt>
   <trkpt lat="51.1228210" lon="-0.5631500">
    <ele>56.4</ele>
    <time>2020-04-10T10:21:35Z</time>
   </trkpt>
   <trkpt lat="51.1227350" lon="-0.5631730">
    <ele>56.4</ele>
    <time>2020-04-10T10:21:36Z</time>
   </trkpt>
   <trkpt lat="51.1225620" lon="-0.5631970">
    <ele>56.3</ele>
    <time>2020-04-10T10:21:38Z</time>
   </trkpt>
   <trkpt lat="51.1223860" lon="-0.5632280">
    <ele>56.3</ele>
    <time>2020-04-10T10:21:40Z</time>
   </trkpt>
   <trkpt lat="51.1222970" lon="-0.5632440">
    <ele>56.2</ele>
    <time>2020-04-10T10:21:41Z</time>
   </trkpt>
   <trkpt lat="51.1221230" lon="-0.5632760">
    <ele>56.2</ele>
    <time>2020-04-10T10:21:43Z</time>
   </trkpt>
   <trkpt lat="51.1220320" lon="-0.5632880">
    <ele>56.1</ele>
    <time>2020-04-10T10:21:44Z</time>
   </trkpt>
   <trkpt lat="51.1218600" lon="-0.5633290">
    <ele>56.0</ele>
    <time>2020-04-10T10:21:46Z</time>
   </trkpt>
   <trkpt lat="51.1216830" lon="-0.5633570">
    <ele>55.9</ele>
    <time>2020-04-10T10:21:48Z</time>
   </trkpt>
   <trkpt lat="51.1215950" lon="-0.5633670">
    <ele>55.8</ele>
    <time>2020-04-10T10:21:49Z</time>
   </trkpt>
   <trkpt lat="51.1214210" lon="-0.5633950">
    <ele>55.7</ele>
    <time>2020-04-10T10:21:51Z</time>
   </trkpt>
   <trkpt lat="51.1212480" lon="-0.5634050">
    <ele>55.5</ele>
    <time>2020-04-10T10:21:53Z</time>
   </trkpt>
   <trkpt lat="51.1210850" lon="-0.5634530">
    <ele>55.4</ele>
    <time>2020-04-10T10:21:55Z</time>
   </trkpt>
   <trkpt lat="51.1210000" lon="-0.5634740">
    <ele>55.4</ele>
    <time>2020-04-10T10:21:56Z</time>
   </trkpt>
   <trkpt lat="51.1208150" lon="-0.5634780">
    <ele>54.9</ele>
    <time>2020-04-10T10:21:58Z</time>
   </trkpt>
   <trkpt lat="51.1207220" lon="-0.5634840">
    <ele>54.7</ele>
    <time>2020-04-10T10:21:59Z</time>
   </trkpt>
   <trkpt lat="51.1205430" lon="-0.5634970">
    <ele>54.4</ele>
    <time>2020-04-10T10:22:01Z</time>
   </trkpt>
   <trkpt lat="51.1203660" lon="-0.5635130">
    <ele>54.4</ele>
    <time>2020-04-10T10:22:03Z</time>
   </trkpt>
   <trkpt lat="51.1202750" lon="-0.5635250">
    <ele>54.3</ele>
    <time>2020-04-10T10:22:04Z</time>
   </trkpt>
   <trkpt lat="51.1201860" lon="-0.5635330">
    <ele>54.3</ele>
    <time>2020-04-10T10:22:05Z</time>
   </trkpt>
   <trkpt lat="51.1200120" lon="-0.5635400">
    <ele>54.2</ele>
    <time>2020-04-10T10:22:07Z</time>
   </trkpt>
   <trkpt lat="51.1199230" lon="-0.5635400">
    <ele>54.2</ele>
    <time>2020-04-10T10:22:08Z</time>
   </trkpt>
   <trkpt lat="51.1197440" lon="-0.5635410">
    <ele>54.0</ele>
    <time>2020-04-10T10:22:10Z</time>
   </trkpt>
   <trkpt lat="51.1196550" lon="-0.5635350">
    <ele>53.9</ele>
    <time>2020-04-10T10:22:11Z</time>
   </trkpt>
   <trkpt lat="51.1195680" lon="-0.5635330">
    <ele>53.9</ele>
    <time>2020-04-10T10:22:12Z</time>
   </trkpt>
   <trkpt lat="51.1194840" lon="-0.5635250">
    <ele>53.8</ele>
    <time>2020-04-10T10:22:13Z</time>
   </trkpt>
   <trkpt lat="51.1193960" lon="-0.5635160">
    <ele>53.8</ele>
    <time>2020-04-10T10:22:14Z</time>
   </trkpt>
   <trkpt lat="51.1192220" lon="-0.5634940">
    <ele>53.7</ele>
    <time>2020-04-10T10:22:16Z</time>
   </trkpt>
   <trkpt lat="51.1191340" lon="-0.5634830">
    <ele>53.7</ele>
    <time>2020-04-10T10:22:17Z</time>
   </trkpt>
   <trkpt lat="51.1190510" lon="-0.5634680">
    <ele>53.7</ele>
    <time>2020-04-10T10:22:18Z</time>
   </trkpt>
   <trkpt lat="51.1189720" lon="-0.5634570">
    <ele>53.7</ele>
    <time>2020-04-10T10:22:19Z</time>
   </trkpt>
   <trkpt lat="51.1188070" lon="-0.5634450">
    <ele>53.5</ele>
    <time>2020-04-10T10:22:21Z</time>
   </trkpt>
   <trkpt lat="51.1186350" lon="-0.5634170">
    <ele>53.4</ele>
    <time>2020-04-10T10:22:23Z</time>
   </trkpt>
   <trkpt lat="51.1185480" lon="-0.5634070">
    <ele>53.3</ele>
    <time>2020-04-10T10:22:24Z</time>
   </trkpt>
   <trkpt lat="51.1184670" lon="-0.5633890">
    <ele>53.2</ele>
    <time>2020-04-10T10:22:25Z</time>
   </trkpt>
   <trkpt lat="51.1183840" lon="-0.5633820">
    <ele>53.2</ele>
    <time>2020-04-10T10:22:26Z</time>
   </trkpt>
   <trkpt lat="51.1182140" lon="-0.5633520">
    <ele>53.1</ele>
    <time>2020-04-10T10:22:28Z</time>
   </trkpt>
   <trkpt lat="51.1181280" lon="-0.5633370">
    <ele>53.1</ele>
    <time>2020-04-10T10:22:29Z</time>
   </trkpt>
   <trkpt lat="51.1179590" lon="-0.5633100">
    <ele>53.0</ele>
    <time>2020-04-10T10:22:31Z</time>
   </trkpt>
   <trkpt lat="51.1177920" lon="-0.5632770">
    <ele>52.9</ele>
    <time>2020-04-10T10:22:33Z</time>
   </trkpt>
   <trkpt lat="51.1177110" lon="-0.5632490">
    <ele>52.9</ele>
    <time>2020-04-10T10:22:34Z</time>
   </trkpt>
   <trkpt lat="51.1175540" lon="-0.5631680">
    <ele>52.8</ele>
    <time>2020-04-10T10:22:36Z</time>
   </trkpt>
   <trkpt lat="51.1174720" lon="-0.5631180">
    <ele>52.8</ele>
    <time>2020-04-10T10:22:37Z</time>
   </trkpt>
   <trkpt lat="51.1173910" lon="-0.5630750">
    <ele>52.7</ele>
    <time>2020-04-10T10:22:38Z</time>
   </trkpt>
   <trkpt lat="51.1172390" lon="-0.5629990">
    <ele>52.7</ele>
    <time>2020-04-10T10:22:40Z</time>
   </trkpt>
   <trkpt lat="51.1170950" lon="-0.5629140">
    <ele>52.6</ele>
    <time>2020-04-10T10:22:42Z</time>
   </trkpt>
   <trkpt lat="51.1169360" lon="-0.5628270">
    <ele>52.5</ele>
    <time>2020-04-10T10:22:44Z</time>
   </trkpt>
   <trkpt lat="51.1167850" lon="-0.5627460">
    <ele>52.4</ele>
    <time>2020-04-10T10:22:46Z</time>
   </trkpt>
   <trkpt lat="51.1166340" lon="-0.5626500">
    <ele>52.4</ele>
    <time>2020-04-10T10:22:48Z</time>
   </trkpt>
   <trkpt lat="51.1165550" lon="-0.5626010">
    <ele>52.4</ele>
    <time>2020-04-10T10:22:49Z</time>
   </trkpt>
   <trkpt lat="51.1164030" lon="-0.5625230">
    <ele>52.3</ele>
    <time>2020-04-10T10:22:51Z</time>
   </trkpt>
   <trkpt lat="51.1163260" lon="-0.5624860">
    <ele>52.3</ele>
    <time>2020-04-10T10:22:52Z</time>
   </trkpt>
   <trkpt lat="51.1161710" lon="-0.5624160">
    <ele>52.3</ele>
    <time>2020-04-10T10:22:54Z</time>
   </trkpt>
   <trkpt lat="51.1160950" lon="-0.5623910">
    <ele>52.3</ele>
    <time>2020-04-10T10:22:55Z</time>
   </trkpt>
   <trkpt lat="51.1160160" lon="-0.5623680">
    <ele>52.3</ele>
    <time>2020-04-10T10:22:56Z</time>
   </trkpt>
   <trkpt lat="51.1158610" lon="-0.5623310">
    <ele>52.2</ele>
    <time>2020-04-10T10:22:58Z</time>
   </trkpt>
   <trkpt lat="51.1157830" lon="-0.5623200">
    <ele>52.2</ele>
    <time>2020-04-10T10:22:59Z</time>
   </trkpt>
   <trkpt lat="51.1156250" lon="-0.5623210">
    <ele>52.2</ele>
    <time>2020-04-10T10:23:01Z</time>
   </trkpt>
   <trkpt lat="51.1155430" lon="-0.5623320">
    <ele>52.2</ele>
    <time>2020-04-10T10:23:02Z</time>
   </trkpt>
   <trkpt lat="51.1153850" lon="-0.5623650">
    <ele>52.2</ele>
    <time>2020-04-10T10:23:04Z</time>
   </trkpt>
   <trkpt lat="51.1153040" lon="-0.5623820">
    <ele>52.3</ele>
    <time>2020-04-10T10:23:05Z</time>
   </trkpt>
   <trkpt lat="51.1152240" lon="-0.5624000">
    <ele>52.3</ele>
    <time>2020-04-10T10:23:06Z</time>
   </trkpt>
   <trkpt lat="51.1150820" lon="-0.5624620">
    <ele>52.3</ele>
    <time>2020-04-10T10:23:08Z</time>
   </trkpt>
   <trkpt lat="51.1150090" lon="-0.5624960">
    <ele>52.3</ele>
    <time>2020-04-10T10:23:09Z</time>
   </trkpt>
   <trkpt lat="51.1149380" lon="-0.5625250">
    <ele>52.3</ele>
    <time>2020-04-10T10:23:10Z</time>
   </trkpt>
   <trkpt lat="51.1148030" lon="-0.5626040">
    <ele>52.3</ele>
    <time>2020-04-10T10:23:12Z</time>
   </trkpt>
   <trkpt lat="51.1147300" lon="-0.5626530">
    <ele>52.3</ele>
    <time>2020-04-10T10:23:13Z</time>
   </trkpt>
   <trkpt lat="51.1145860" lon="-0.5627510">
    <ele>52.3</ele>
    <time>2020-04-10T10:23:15Z</time>
   </trkpt>
   <trkpt lat="51.1145130" lon="-0.5628000">
    <ele>52.3</ele>
    <time>2020-04-10T10:23:16Z</time>
   </trkpt>
   <trkpt lat="51.1143790" lon="-0.5629100">
    <ele>52.3</ele>
    <time>2020-04-10T10:23:18Z</time>
   </trkpt>
   <trkpt lat="51.1143140" lon="-0.5629620">
    <ele>52.3</ele>
    <time>2020-04-10T10:23:19Z</time>
   </trkpt>
   <trkpt lat="51.1142480" lon="-0.5630170">
    <ele>52.3</ele>
    <time>2020-04-10T10:23:20Z</time>
   </trkpt>
   <trkpt lat="51.1141240" lon="-0.5631170">
    <ele>52.4</ele>
    <time>2020-04-10T10:23:22Z</time>
   </trkpt>
   <trkpt lat="51.1140570" lon="-0.5631670">
    <ele>52.4</ele>
    <time>2020-04-10T10:23:23Z</time>
   </trkpt>
   <trkpt lat="51.1139270" lon="-0.5632640">
    <ele>52.5</ele>
    <time>2020-04-10T10:23:25Z</time>
   </trkpt>
   <trkpt lat="51.1138630" lon="-0.5633160">
    <ele>52.5</ele>
    <time>2020-04-10T10:23:26Z</time>
   </trkpt>
   <trkpt lat="51.1137360" lon="-0.5634040">
    <ele>52.5</ele>
    <time>2020-04-10T10:23:28Z</time>
   </trkpt>
   <trkpt lat="51.1136770" lon="-0.5634530">
    <ele>52.5</ele>
    <time>2020-04-10T10:23:29Z</time>
   </trkpt>
   <trkpt lat="51.1135500" lon="-0.5635480">
    <ele>52.5</ele>
    <time>2020-04-10T10:23:31Z</time>
   </trkpt>
   <trkpt lat="51.1134830" lon="-0.5635970">
    <ele>52.5</ele>
    <time>2020-04-10T10:23:32Z</time>
   </trkpt>
   <trkpt lat="51.1133590" lon="-0.5636930">
    <ele>52.5</ele>
    <time>2020-04-10T10:23:34Z</time>
   </trkpt>
   <trkpt lat="51.1132940" lon="-0.5637380">
    <ele>52.5</ele>
    <time>2020-04-10T10:23:35Z</time>
   </trkpt>
   <trkpt lat="51.1131660" lon="-0.5638300">
    <ele>52.5</ele>
    <time>2020-04-10T10:23:37Z</time>
   </trkpt>
   <trkpt lat="51.1130350" lon="-0.5639220">
    <ele>52.6</ele>
    <time>2020-04-10T10:23:39Z</time>
   </trkpt>
   <trkpt lat="51.1129140" lon="-0.5640090">
    <ele>52.6</ele>
    <time>2020-04-10T10:23:41Z</time>
   </trkpt>
   <trkpt lat="51.1127910" lon="-0.5640750">
    <ele>52.5</ele>
    <time>2020-04-10T10:23:43Z</time>
   </trkpt>
   <trkpt lat="51.1127250" lon="-0.5641190">
    <ele>52.5</ele>
    <time>2020-04-10T10:23:44Z</time>
   </trkpt>
   <trkpt lat="51.1126070" lon="-0.5641900">
    <ele>52.4</ele>
    <time>2020-04-10T10:23:46Z</time>
   </trkpt>
   <trkpt lat="51.1124820" lon="-0.5642630">
    <ele>52.4</ele>
    <time>2020-04-10T10:23:48Z</time>
   </trkpt>
   <trkpt lat="51.1123760" lon="-0.5643420">
    <ele>52.4</ele>
    <time>2020-04-10T10:23:50Z</time>
   </trkpt>
   <trkpt lat="51.1122610" lon="-0.5644200">
    <ele>52.3</ele>
    <time>2020-04-10T10:23:52Z</time>
   </trkpt>
   <trkpt lat="51.1122000" lon="-0.5644570">
    <ele>52.3</ele>
    <time>2020-04-10T10:23:53Z</time>
   </trkpt>
   <trkpt lat="51.1121380" lon="-0.5645000">
    <ele>52.3</ele>
    <time>2020-04-10T10:23:54Z</time>
   </trkpt>
   <trkpt lat="51.1120800" lon="-0.5645460">
    <ele>52.3</ele>
    <time>2020-04-10T10:23:55Z</time>
   </trkpt>
   <trkpt lat="51.1119640" lon="-0.5646350">
    <ele>52.3</ele>
    <time>2020-04-10T10:23:57Z</time>
   </trkpt>
   <trkpt lat="51.1118460" lon="-0.5647120">
    <ele>52.2</ele>
    <time>2020-04-10T10:23:59Z</time>
   </trkpt>
   <trkpt lat="51.1117560" lon="-0.5648110">
    <ele>52.2</ele>
    <time>2020-04-10T10:24:01Z</time>
   </trkpt>
   <trkpt lat="51.1117030" lon="-0.5648570">
    <ele>52.2</ele>
    <time>2020-04-10T10:24:02Z</time>
   </trkpt>
   <trkpt lat="51.1116470" lon="-0.5648960">
    <ele>52.2</ele>
    <time>2020-04-10T10:24:03Z</time>
   </trkpt>
   <trkpt lat="51.1115860" lon="-0.5649380">
    <ele>52.2</ele>
    <time>2020-04-10T10:24:04Z</time>
   </trkpt>
   <trkpt lat="51.1115340" lon="-0.5649770">
    <ele>52.2</ele>
    <time>2020-04-10T10:24:05Z</time>
   </trkpt>
   <trkpt lat="51.1114250" lon="-0.5650790">
    <ele>52.1</ele>
    <time>2020-04-10T10:24:07Z</time>
   </trkpt>
   <trkpt lat="51.1113100" lon="-0.5651640">
    <ele>52.1</ele>
    <time>2020-04-10T10:24:09Z</time>
   </trkpt>
   <trkpt lat="51.1112530" lon="-0.5652120">
    <ele>52.1</ele>
    <time>2020-04-10T10:24:10Z</time>
   </trkpt>
   <trkpt lat="51.1111470" lon="-0.5653010">
    <ele>52.1</ele>
    <time>2020-04-10T10:24:12Z</time>
   </trkpt>
   <trkpt lat="51.1110890" lon="-0.5653460">
    <ele>52.1</ele>
    <time>2020-04-10T10:24:13Z</time>
   </trkpt>
   <trkpt lat="51.1109710" lon="-0.5654170">
    <ele>52.0</ele>
    <time>2020-04-10T10:24:15Z</time>
   </trkpt>
   <trkpt lat="51.1108580" lon="-0.5655010">
    <ele>52.0</ele>
    <time>2020-04-10T10:24:17Z</time>
   </trkpt>
   <trkpt lat="51.1108020" lon="-0.5655460">
    <ele>52.0</ele>
    <time>2020-04-10T10:24:18Z</time>
   </trkpt>
   <trkpt lat="51.1107490" lon="-0.5655950">
    <ele>51.9</ele>
    <time>2020-04-10T10:24:19Z</time>
   </trkpt>
   <trkpt lat="51.1106470" lon="-0.5656840">
    <ele>51.8</ele>
    <time>2020-04-10T10:24:21Z</time>
   </trkpt>
   <trkpt lat="51.1105910" lon="-0.5657290">
    <ele>51.7</ele>
    <time>2020-04-10T10:24:22Z</time>
   </trkpt>
   <trkpt lat="51.1105390" lon="-0.5657700">
    <ele>51.6</ele>
    <time>2020-04-10T10:24:23Z</time>
   </trkpt>
   <trkpt lat="51.1104290" lon="-0.5657820">
    <ele>51.5</ele>
    <time>2020-04-10T10:24:25Z</time>
   </trkpt>
   <trkpt lat="51.1103470" lon="-0.5656820">
    <ele>51.6</ele>
    <time>2020-04-10T10:24:27Z</time>
   </trkpt>
   <trkpt lat="51.1103260" lon="-0.5656740">
    <ele>51.6</ele>
    <time>2020-04-10T10:24:29Z</time>
   </trkpt>
   <trkpt lat="51.1103290" lon="-0.5657360">
    <ele>51.6</ele>
    <time>2020-04-10T10:24:31Z</time>
   </trkpt>
   <trkpt lat="51.1103490" lon="-0.5657480">
    <ele>51.6</ele>
    <time>2020-04-10T10:24:32Z</time>
   </trkpt>
   <trkpt lat="51.1103750" lon="-0.5657700">
    <ele>51.6</ele>
    <time>2020-04-10T10:24:34Z</time>
   </trkpt>
   <trkpt lat="51.1103900" lon="-0.5657940">
    <ele>51.5</ele>
    <time>2020-04-10T10:24:35Z</time>
   </trkpt>
   <trkpt lat="51.1104140" lon="-0.5658150">
    <ele>51.5</ele>
    <time>2020-04-10T10:24:37Z</time>
   </trkpt>
   <trkpt lat="51.1104250" lon="-0.5658610">
    <ele>51.5</ele>
    <time>2020-04-10T10:24:39Z</time>
   </trkpt>
   <trkpt lat="51.1104240" lon="-0.5658770">
    <ele>51.5</ele>
    <time>2020-04-10T10:24:40Z</time>
   </trkpt>
   <trkpt lat="51.1104340" lon="-0.5659200">
    <ele>51.5</ele>
    <time>2020-04-10T10:24:41Z</time>
   </trkpt>
   <trkpt lat="51.1104750" lon="-0.5659310">
    <ele>51.6</ele>
    <time>2020-04-10T10:24:42Z</time>
   </trkpt>
   <trkpt lat="51.1104900" lon="-0.5659290">
    <ele>51.6</ele>
    <time>2020-04-10T10:24:43Z</time>
   </trkpt>
   <trkpt lat="51.1105560" lon="-0.5658590">
    <ele>51.7</ele>
    <time>2020-04-10T10:24:45Z</time>
   </trkpt>
   <trkpt lat="51.1106150" lon="-0.5657830">
    <ele>51.8</ele>
    <time>2020-04-10T10:24:46Z</time>
   </trkpt>
   <trkpt lat="51.1106560" lon="-0.5657300">
    <ele>51.9</ele>
    <time>2020-04-10T10:24:47Z</time>
   </trkpt>
   <trkpt lat="51.1107640" lon="-0.5656280">
    <ele>52.0</ele>
    <time>2020-04-10T10:24:49Z</time>
   </trkpt>
   <trkpt lat="51.1108230" lon="-0.5655780">
    <ele>52.0</ele>
    <time>2020-04-10T10:24:50Z</time>
   </trkpt>
   <trkpt lat="51.1109510" lon="-0.5654800">
    <ele>52.0</ele>
    <time>2020-04-10T10:24:52Z</time>
   </trkpt>
   <trkpt lat="51.1110110" lon="-0.5654300">
    <ele>52.1</ele>
    <time>2020-04-10T10:24:53Z</time>
   </trkpt>
   <trkpt lat="51.1111440" lon="-0.5653340">
    <ele>52.1</ele>
    <time>2020-04-10T10:24:55Z</time>
   </trkpt>
   <trkpt lat="51.1112790" lon="-0.5652380">
    <ele>52.1</ele>
    <time>2020-04-10T10:24:57Z</time>
   </trkpt>
   <trkpt lat="51.1113490" lon="-0.5651920">
    <ele>52.1</ele>
    <time>2020-04-10T10:24:58Z</time>
   </trkpt>
   <trkpt lat="51.1114840" lon="-0.5651030">
    <ele>52.2</ele>
    <time>2020-04-10T10:25:00Z</time>
   </trkpt>
   <trkpt lat="51.1115570" lon="-0.5650650">
    <ele>52.2</ele>
    <time>2020-04-10T10:25:01Z</time>
   </trkpt>
   <trkpt lat="51.1116350" lon="-0.5650270">
    <ele>52.2</ele>
    <time>2020-04-10T10:25:02Z</time>
   </trkpt>
   <trkpt lat="51.1117660" lon="-0.5649280">
    <ele>52.2</ele>
    <time>2020-04-10T10:25:04Z</time>
   </trkpt>
   <trkpt lat="51.1118320" lon="-0.5648750">
    <ele>52.2</ele>
    <time>2020-04-10T10:25:05Z</time>
   </trkpt>
   <trkpt lat="51.1119680" lon="-0.5647790">
    <ele>52.3</ele>
    <time>2020-04-10T10:25:07Z</time>
   </trkpt>
   <trkpt lat="51.1120930" lon="-0.5646820">
    <ele>52.3</ele>
    <time>2020-04-10T10:25:09Z</time>
   </trkpt>
   <trkpt lat="51.1121530" lon="-0.5646420">
    <ele>52.3</ele>
    <time>2020-04-10T10:25:10Z</time>
   </trkpt>
   <trkpt lat="51.1122160" lon="-0.5646020">
    <ele>52.3</ele>
    <time>2020-04-10T10:25:11Z</time>
   </trkpt>
   <trkpt lat="51.1122850" lon="-0.5645510">
    <ele>52.3</ele>
    <time>2020-04-10T10:25:12Z</time>
   </trkpt>
   <trkpt lat="51.1123530" lon="-0.5644980">
    <ele>52.4</ele>
    <time>2020-04-10T10:25:13Z</time>
   </trkpt>
   <trkpt lat="51.1124870" lon="-0.5644210">
    <ele>52.4</ele>
    <time>2020-04-10T10:25:15Z</time>
   </trkpt>
   <trkpt lat="51.1125580" lon="-0.5643790">
    <ele>52.4</ele>
    <time>2020-04-10T10:25:16Z</time>
   </trkpt>
   <trkpt lat="51.1126290" lon="-0.5643300">
    <ele>52.4</ele>
    <time>2020-04-10T10:25:17Z</time>
   </trkpt>
   <trkpt lat="51.1126960" lon="-0.5642790">
    <ele>52.4</ele>
    <time>2020-04-10T10:25:18Z</time>
   </trkpt>
   <trkpt lat="51.1127590" lon="-0.5642260">
    <ele>52.5</ele>
    <time>2020-04-10T10:25:19Z</time>
   </trkpt>
   <trkpt lat="51.1128860" lon="-0.5641580">
    <ele>52.6</ele>
    <time>2020-04-10T10:25:21Z</time>
   </trkpt>
   <trkpt lat="51.1130200" lon="-0.5640530">
    <ele>52.6</ele>
    <time>2020-04-10T10:25:23Z</time>
   </trkpt>
   <trkpt lat="51.1131350" lon="-0.5639410">
    <ele>52.5</ele>
    <time>2020-04-10T10:25:25Z</time>
   </trkpt>
   <trkpt lat="51.1132490" lon="-0.5638530">
    <ele>52.5</ele>
    <time>2020-04-10T10:25:27Z</time>
   </trkpt>
   <trkpt lat="51.1133090" lon="-0.5638060">
    <ele>52.5</ele>
    <time>2020-04-10T10:25:28Z</time>
   </trkpt>
   <trkpt lat="51.1134230" lon="-0.5637150">
    <ele>52.5</ele>
    <time>2020-04-10T10:25:30Z</time>
   </trkpt>
   <trkpt lat="51.1134850" lon="-0.5636810">
    <ele>52.5</ele>
    <time>2020-04-10T10:25:31Z</time>
   </trkpt>
   <trkpt lat="51.1135980" lon="-0.5635950">
    <ele>52.5</ele>
    <time>2020-04-10T10:25:33Z</time>
   </trkpt>
   <trkpt lat="51.1137270" lon="-0.5635050">
    <ele>52.5</ele>
    <time>2020-04-10T10:25:35Z</time>
   </trkpt>
   <trkpt lat="51.1137870" lon="-0.5634610">
    <ele>52.5</ele>
    <time>2020-04-10T10:25:36Z</time>
   </trkpt>
   <trkpt lat="51.1139040" lon="-0.5633730">
    <ele>52.5</ele>
    <time>2020-04-10T10:25:38Z</time>
   </trkpt>
   <trkpt lat="51.1139590" lon="-0.5633210">
    <ele>52.5</ele>
    <time>2020-04-10T10:25:39Z</time>
   </trkpt>
   <trkpt lat="51.1140150" lon="-0.5632690">
    <ele>52.5</ele>
    <time>2020-04-10T10:25:40Z</time>
   </trkpt>
   <trkpt lat="51.1140800" lon="-0.5632270">
    <ele>52.4</ele>
    <time>2020-04-10T10:25:41Z</time>
   </trkpt>
   <trkpt lat="51.1142030" lon="-0.5631400">
    <ele>52.4</ele>
    <time>2020-04-10T10:25:43Z</time>
   </trkpt>
   <trkpt lat="51.1143260" lon="-0.5630380">
    <ele>52.3</ele>
    <time>2020-04-10T10:25:45Z</time>
   </trkpt>
   <trkpt lat="51.1143920" lon="-0.5629860">
    <ele>52.3</ele>
    <time>2020-04-10T10:25:46Z</time>
   </trkpt>
   <trkpt lat="51.1145210" lon="-0.5628890">
    <ele>52.3</ele>
    <time>2020-04-10T10:25:48Z</time>
   </trkpt>
   <trkpt lat="51.1145890" lon="-0.5628440">
    <ele>52.3</ele>
    <time>2020-04-10T10:25:49Z</time>
   </trkpt>
   <trkpt lat="51.1147180" lon="-0.5627490">
    <ele>52.3</ele>
    <time>2020-04-10T10:25:51Z</time>
   </trkpt>
   <trkpt lat="51.1148540" lon="-0.5626670">
    <ele>52.3</ele>
    <time>2020-04-10T10:25:53Z</time>
   </trkpt>
   <trkpt lat="51.1149880" lon="-0.5625880">
    <ele>52.3</ele>
    <time>2020-04-10T10:25:55Z</time>
   </trkpt>
   <trkpt lat="51.1150590" lon="-0.5625480">
    <ele>52.3</ele>
    <time>2020-04-10T10:25:56Z</time>
   </trkpt>
   <trkpt lat="51.1151260" lon="-0.5625130">
    <ele>52.3</ele>
    <time>2020-04-10T10:25:57Z</time>
   </trkpt>
   <trkpt lat="51.1152640" lon="-0.5624590">
    <ele>52.3</ele>
    <time>2020-04-10T10:25:59Z</time>
   </trkpt>
   <trkpt lat="51.1153330" lon="-0.5624390">
    <ele>52.3</ele>
    <time>2020-04-10T10:26:00Z</time>
   </trkpt>
   <trkpt lat="51.1154750" lon="-0.5624070">
    <ele>52.2</ele>
    <time>2020-04-10T10:26:02Z</time>
   </trkpt>
   <trkpt lat="51.1155440" lon="-0.5624030">
    <ele>52.2</ele>
    <time>2020-04-10T10:26:03Z</time>
   </trkpt>
   <trkpt lat="51.1156110" lon="-0.5624010">
    <ele>52.2</ele>
    <time>2020-04-10T10:26:04Z</time>
   </trkpt>
   <trkpt lat="51.1156790" lon="-0.5623950">
    <ele>52.2</ele>
    <time>2020-04-10T10:26:05Z</time>
   </trkpt>
   <trkpt lat="51.1157540" lon="-0.5623910">
    <ele>52.2</ele>
    <time>2020-04-10T10:26:06Z</time>
   </trkpt>
   <trkpt lat="51.1158310" lon="-0.5623960">
    <ele>52.2</ele>
    <time>2020-04-10T10:26:07Z</time>
   </trkpt>
   <trkpt lat="51.1159660" lon="-0.5624090">
    <ele>52.2</ele>
    <time>2020-04-10T10:26:09Z</time>
   </trkpt>
   <trkpt lat="51.1160930" lon="-0.5624460">
    <ele>52.3</ele>
    <time>2020-04-10T10:26:11Z</time>
   </trkpt>
   <trkpt lat="51.1162280" lon="-0.5624980">
    <ele>52.3</ele>
    <time>2020-04-10T10:26:13Z</time>
   </trkpt>
   <trkpt lat="51.1163490" lon="-0.5625570">
    <ele>52.3</ele>
    <time>2020-04-10T10:26:15Z</time>
   </trkpt>
   <trkpt lat="51.1164800" lon="-0.5626230">
    <ele>52.4</ele>
    <time>2020-04-10T10:26:17Z</time>
   </trkpt>
   <trkpt lat="51.1165450" lon="-0.5626570">
    <ele>52.4</ele>
    <time>2020-04-10T10:26:18Z</time>
   </trkpt>
   <trkpt lat="51.1166060" lon="-0.5626940">
    <ele>52.4</ele>
    <time>2020-04-10T10:26:19Z</time>
   </trkpt>
   <trkpt lat="51.1166640" lon="-0.5627300">
    <ele>52.4</ele>
    <time>2020-04-10T10:26:20Z</time>
   </trkpt>
   <trkpt lat="51.1167900" lon="-0.5627980">
    <ele>52.4</ele>
    <time>2020-04-10T10:26:22Z</time>
   </trkpt>
   <trkpt lat="51.1168500" lon="-0.5628330">
    <ele>52.4</ele>
    <time>2020-04-10T10:26:23Z</time>
   </trkpt>
   <trkpt lat="51.1169090" lon="-0.5628740">
    <ele>52.5</ele>
    <time>2020-04-10T10:26:24Z</time>
   </trkpt>
   <trkpt lat="51.1170200" lon="-0.5629530">
    <ele>52.6</ele>
    <time>2020-04-10T10:26:26Z</time>
   </trkpt>
   <trkpt lat="51.1170740" lon="-0.5629880">
    <ele>52.6</ele>
    <time>2020-04-10T10:26:27Z</time>
   </trkpt>
   <trkpt lat="51.1171930" lon="-0.5630590">
    <ele>52.6</ele>
    <time>2020-04-10T10:26:29Z</time>
   </trkpt>
   <trkpt lat="51.1173130" lon="-0.5631300">
    <ele>52.7</ele>
    <time>2020-04-10T10:26:31Z</time>
   </trkpt>
   <trkpt lat="51.1173710" lon="-0.5631670">
    <ele>52.7</ele>
    <time>2020-04-10T10:26:32Z</time>
   </trkpt>
   <trkpt lat="51.1174280" lon="-0.5632020">
    <ele>52.8</ele>
    <time>2020-04-10T10:26:33Z</time>
   </trkpt>
   <trkpt lat="51.1175480" lon="-0.5632670">
    <ele>52.8</ele>
    <time>2020-04-10T10:26:35Z</time>
   </trkpt>
   <trkpt lat="51.1176100" lon="-0.5632970">
    <ele>52.9</ele>
    <time>2020-04-10T10:26:36Z</time>
   </trkpt>
   <trkpt lat="51.1177370" lon="-0.5633470">
    <ele>52.9</ele>
    <time>2020-04-10T10:26:38Z</time>
   </trkpt>
   <trkpt lat="51.1178010" lon="-0.5633670">
    <ele>53.0</ele>
    <time>2020-04-10T10:26:39Z</time>
   </trkpt>
   <trkpt lat="51.1179250" lon="-0.5634040">
    <ele>53.0</ele>
    <time>2020-04-10T10:26:41Z</time>
   </trkpt>
   <trkpt lat="51.1180500" lon="-0.5634210">
    <ele>53.1</ele>
    <time>2020-04-10T10:26:43Z</time>
   </trkpt>
   <trkpt lat="51.1181680" lon="-0.5634400">
    <ele>53.1</ele>
    <time>2020-04-10T10:26:45Z</time>
   </trkpt>
   <trkpt lat="51.1182290" lon="-0.5634450">
    <ele>53.1</ele>
    <time>2020-04-10T10:26:46Z</time>
   </trkpt>
   <trkpt lat="51.1183500" lon="-0.5634540">
    <ele>53.2</ele>
    <time>2020-04-10T10:26:48Z</time>
   </trkpt>
   <trkpt lat="51.1184110" lon="-0.5634580">
    <ele>53.2</ele>
    <time>2020-04-10T10:26:49Z</time>
   </trkpt>
   <trkpt lat="51.1185200" lon="-0.5634700">
    <ele>53.3</ele>
    <time>2020-04-10T10:26:51Z</time>
   </trkpt>
   <trkpt lat="51.1186440" lon="-0.5634830">
    <ele>53.4</ele>
    <time>2020-04-10T10:26:53Z</time>
   </trkpt>
   <trkpt lat="51.1187670" lon="-0.5634980">
    <ele>53.5</ele>
    <time>2020-04-10T10:26:55Z</time>
   </trkpt>
   <trkpt lat="51.1188860" lon="-0.5635050">
    <ele>53.6</ele>
    <time>2020-04-10T10:26:57Z</time>
   </trkpt>
   <trkpt lat="51.1190000" lon="-0.5635210">
    <ele>53.7</ele>
    <time>2020-04-10T10:26:59Z</time>
   </trkpt>
   <trkpt lat="51.1190950" lon="-0.5635490">
    <ele>53.7</ele>
    <time>2020-04-10T10:27:01Z</time>
   </trkpt>
   <trkpt lat="51.1192080" lon="-0.5635570">
    <ele>53.7</ele>
    <time>2020-04-10T10:27:03Z</time>
   </trkpt>
   <trkpt lat="51.1192590" lon="-0.5635650">
    <ele>53.7</ele>
    <time>2020-04-10T10:27:04Z</time>
   </trkpt>
   <trkpt lat="51.1193270" lon="-0.5636750">
    <ele>53.7</ele>
    <time>2020-04-10T10:27:06Z</time>
   </trkpt>
   <trkpt lat="51.1193260" lon="-0.5637640">
    <ele>53.7</ele>
    <time>2020-04-10T10:27:07Z</time>
   </trkpt>
   <trkpt lat="51.1192920" lon="-0.5639440">
    <ele>53.7</ele>
    <time>2020-04-10T10:27:09Z</time>
   </trkpt>
   <trkpt lat="51.1192590" lon="-0.5641270">
    <ele>53.7</ele>
    <time>2020-04-10T10:27:11Z</time>
   </trkpt>
   <trkpt lat="51.1192450" lon="-0.5642160">
    <ele>53.7</ele>
    <time>2020-04-10T10:27:12Z</time>
   </trkpt>
   <trkpt lat="51.1192150" lon="-0.5643960">
    <ele>53.7</ele>
    <time>2020-04-10T10:27:14Z</time>
   </trkpt>
   <trkpt lat="51.1192020" lon="-0.5644870">
    <ele>53.8</ele>
    <time>2020-04-10T10:27:15Z</time>
   </trkpt>
   <trkpt lat="51.1192010" lon="-0.5645880">
    <ele>53.8</ele>
    <time>2020-04-10T10:27:16Z</time>
   </trkpt>
   <trkpt lat="51.1191760" lon="-0.5647760">
    <ele>53.8</ele>
    <time>2020-04-10T10:27:18Z</time>
   </trkpt>
   <trkpt lat="51.1191390" lon="-0.5649620">
    <ele>53.9</ele>
    <time>2020-04-10T10:27:20Z</time>
   </trkpt>
   <trkpt lat="51.1191030" lon="-0.5651460">
    <ele>54.0</ele>
    <time>2020-04-10T10:27:22Z</time>
   </trkpt>
   <trkpt lat="51.1190830" lon="-0.5652430">
    <ele>54.0</ele>
    <time>2020-04-10T10:27:23Z</time>
   </trkpt>
   <trkpt lat="51.1190450" lon="-0.5654370">
    <ele>54.1</ele>
    <time>2020-04-10T10:27:25Z</time>
   </trkpt>
   <trkpt lat="51.1190320" lon="-0.5655390">
    <ele>54.1</ele>
    <time>2020-04-10T10:27:26Z</time>
   </trkpt>
   <trkpt lat="51.1189730" lon="-0.5657090">
    <ele>54.2</ele>
    <time>2020-04-10T10:27:28Z</time>
   </trkpt>
   <trkpt lat="51.1189170" lon="-0.5658840">
    <ele>54.3</ele>
    <time>2020-04-10T10:27:30Z</time>
   </trkpt>
   <trkpt lat="51.1188590" lon="-0.5660520">
    <ele>54.3</ele>
    <time>2020-04-10T10:27:32Z</time>
   </trkpt>
   <trkpt lat="51.1188030" lon="-0.5662180">
    <ele>54.4</ele>
    <time>2020-04-10T10:27:34Z</time>
   </trkpt>
   <trkpt lat="51.1187700" lon="-0.5662990">
    <ele>54.4</ele>
    <time>2020-04-10T10:27:35Z</time>
   </trkpt>
   <trkpt lat="51.1187360" lon="-0.5663780">
    <ele>54.4</ele>
    <time>2020-04-10T10:27:36Z</time>
   </trkpt>
   <trkpt lat="51.1186760" lon="-0.5665360">
    <ele>54.3</ele>
    <time>2020-04-10T10:27:38Z</time>
   </trkpt>
   <trkpt lat="51.1186120" lon="-0.5666980">
    <ele>54.1</ele>
    <time>2020-04-10T10:27:40Z</time>
   </trkpt>
   <trkpt lat="51.1185390" lon="-0.5668710">
    <ele>53.4</ele>
    <time>2020-04-10T10:27:42Z</time>
   </trkpt>
   <trkpt lat="51.1184770" lon="-0.5670640">
    <ele>52.8</ele>
    <time>2020-04-10T10:27:44Z</time>
   </trkpt>
   <trkpt lat="51.1184070" lon="-0.5672740">
    <ele>51.7</ele>
    <time>2020-04-10T10:27:46Z</time>
   </trkpt>
   <trkpt lat="51.1183720" lon="-0.5673810">
    <ele>51.0</ele>
    <time>2020-04-10T10:27:47Z</time>
   </trkpt>
   <trkpt lat="51.1183310" lon="-0.5674930">
    <ele>50.2</ele>
    <time>2020-04-10T10:27:48Z</time>
   </trkpt>
   <trkpt lat="51.1182590" lon="-0.5677160">
    <ele>48.7</ele>
    <time>2020-04-10T10:27:50Z</time>
   </trkpt>
   <trkpt lat="51.1181870" lon="-0.5679620">
    <ele>46.9</ele>
    <time>2020-04-10T10:27:52Z</time>
   </trkpt>
   <trkpt lat="51.1181230" lon="-0.5682140">
    <ele>45.2</ele>
    <time>2020-04-10T10:27:54Z</time>
   </trkpt>
   <trkpt lat="51.1180940" lon="-0.5683440">
    <ele>44.3</ele>
    <time>2020-04-10T10:27:55Z</time>
   </trkpt>
   <trkpt lat="51.1180420" lon="-0.5685920">
    <ele>42.5</ele>
    <time>2020-04-10T10:27:57Z</time>
   </trkpt>
   <trkpt lat="51.1180190" lon="-0.5687210">
    <ele>41.6</ele>
    <time>2020-04-10T10:27:58Z</time>
   </trkpt>
   <trkpt lat="51.1179960" lon="-0.5688420">
    <ele>40.8</ele>
    <time>2020-04-10T10:27:59Z</time>
   </trkpt>
   <trkpt lat="51.1179690" lon="-0.5690900">
    <ele>39.5</ele>
    <time>2020-04-10T10:28:01Z</time>
   </trkpt>
   <trkpt lat="51.1179550" lon="-0.5692250">
    <ele>39.1</ele>
    <time>2020-04-10T10:28:02Z</time>
   </trkpt>
   <trkpt lat="51.1179400" lon="-0.5693520">
    <ele>39.0</ele>
    <time>2020-04-10T10:28:03Z</time>
   </trkpt>
   <trkpt lat="51.1179740" lon="-0.5696040">
    <ele>38.7</ele>
    <time>2020-04-10T10:28:05Z</time>
   </trkpt>
   <trkpt lat="51.1180440" lon="-0.5698230">
    <ele>38.4</ele>
    <time>2020-04-10T10:28:07Z</time>
   </trkpt>
   <trkpt lat="51.1181590" lon="-0.5700500">
    <ele>38.4</ele>
    <time>2020-04-10T10:28:09Z</time>
   </trkpt>
   <trkpt lat="51.1182900" lon="-0.5702730">
    <ele>39.0</ele>
    <time>2020-04-10T10:28:11Z</time>
   </trkpt>
   <trkpt lat="51.1183480" lon="-0.5703710">
    <ele>39.6</ele>
    <time>2020-04-10T10:28:12Z</time>
   </trkpt>
   <trkpt lat="51.1184660" lon="-0.5705200">
    <ele>41.0</ele>
    <time>2020-04-10T10:28:14Z</time>
   </trkpt>
   <trkpt lat="51.1185150" lon="-0.5706020">
    <ele>41.9</ele>
    <time>2020-04-10T10:28:15Z</time>
   </trkpt>
   <trkpt lat="51.1185660" lon="-0.5706820">
    <ele>42.8</ele>
    <time>2020-04-10T10:28:16Z</time>
   </trkpt>
   <trkpt lat="51.1186590" lon="-0.5708180">
    <ele>44.6</ele>
    <time>2020-04-10T10:28:18Z</time>
   </trkpt>
   <trkpt lat="51.1187230" lon="-0.5709120">
    <ele>45.8</ele>
    <time>2020-04-10T10:28:20Z</time>
   </trkpt>
   <trkpt lat="51.1187600" lon="-0.5709730">
    <ele>46.4</ele>
    <time>2020-04-10T10:28:21Z</time>
   </trkpt>
   <trkpt lat="51.1187920" lon="-0.5710240">
    <ele>46.9</ele>
    <time>2020-04-10T10:28:22Z</time>
   </trkpt>
   <trkpt lat="51.1188400" lon="-0.5711000">
    <ele>47.7</ele>
    <time>2020-04-10T10:28:24Z</time>
   </trkpt>
   <trkpt lat="51.1189320" lon="-0.5711950">
    <ele>48.6</ele>
    <time>2020-04-10T10:28:26Z</time>
   </trkpt>
   <trkpt lat="51.1189940" lon="-0.5712620">
    <ele>49.2</ele>
    <time>2020-04-10T10:28:28Z</time>
   </trkpt>
   <trkpt lat="51.1190210" lon="-0.5713020">
    <ele>49.4</ele>
    <time>2020-04-10T10:28:30Z</time>
   </trkpt>
   <trkpt lat="51.1190470" lon="-0.5713310">
    <ele>49.6</ele>
    <time>2020-04-10T10:28:31Z</time>
   </trkpt>
   <trkpt lat="51.1192040" lon="-0.5715370">
    <ele>50.3</ele>
    <time>2020-04-10T10:28:33Z</time>
   </trkpt>
   <trkpt lat="51.1192680" lon="-0.5717420">
    <ele>50.4</ele>
    <time>2020-04-10T10:28:35Z</time>
   </trkpt>
   <trkpt lat="51.1192710" lon="-0.5718610">
    <ele>50.4</ele>
    <time>2020-04-10T10:28:36Z</time>
   </trkpt>
   <trkpt lat="51.1192530" lon="-0.5720430">
    <ele>50.4</ele>
    <time>2020-04-10T10:28:38Z</time>
   </trkpt>
   <trkpt lat="51.1192140" lon="-0.5721930">
    <ele>50.3</ele>
    <time>2020-04-10T10:28:40Z</time>
   </trkpt>
   <trkpt lat="51.1191860" lon="-0.5722960">
    <ele>50.2</ele>
    <time>2020-04-10T10:28:42Z</time>
   </trkpt>
   <trkpt lat="51.1191710" lon="-0.5722720">
    <ele>50.2</ele>
    <time>2020-04-10T10:28:44Z</time>
   </trkpt>
   <trkpt lat="51.1191580" lon="-0.5723080">
    <ele>50.2</ele>
    <time>2020-04-10T10:28:46Z</time>
   </trkpt>
   <trkpt lat="51.1191590" lon="-0.5723330">
    <ele>50.1</ele>
    <time>2020-04-10T10:28:47Z</time>
   </trkpt>
   <trkpt lat="51.1191650" lon="-0.5724360">
    <ele>50.1</ele>
    <time>2020-04-10T10:28:49Z</time>
   </trkpt>
   <trkpt lat="51.1191600" lon="-0.5725250">
    <ele>50.1</ele>
    <time>2020-04-10T10:28:50Z</time>
   </trkpt>
   <trkpt lat="51.1191670" lon="-0.5725730">
    <ele>50.1</ele>
    <time>2020-04-10T10:28:51Z</time>
   </trkpt>
   <trkpt lat="51.1191440" lon="-0.5727220">
    <ele>50.1</ele>
    <time>2020-04-10T10:28:53Z</time>
   </trkpt>
   <trkpt lat="51.1190770" lon="-0.5728900">
    <ele>50.2</ele>
    <time>2020-04-10T10:28:55Z</time>
   </trkpt>
   <trkpt lat="51.1190640" lon="-0.5729920">
    <ele>50.3</ele>
    <time>2020-04-10T10:28:56Z</time>
   </trkpt>
   <trkpt lat="51.1189730" lon="-0.5731290">
    <ele>50.5</ele>
    <time>2020-04-10T10:28:58Z</time>
   </trkpt>
   <trkpt lat="51.1188870" lon="-0.5732150">
    <ele>50.7</ele>
    <time>2020-04-10T10:29:00Z</time>
   </trkpt>
   <trkpt lat="51.1188630" lon="-0.5732580">
    <ele>50.7</ele>
    <time>2020-04-10T10:29:01Z</time>
   </trkpt>
   <trkpt lat="51.1188330" lon="-0.5733020">
    <ele>50.8</ele>
    <time>2020-04-10T10:29:02Z</time>
   </trkpt>
   <trkpt lat="51.1187790" lon="-0.5733450">
    <ele>50.9</ele>
    <time>2020-04-10T10:29:04Z</time>
   </trkpt>
   <trkpt lat="51.1187570" lon="-0.5733720">
    <ele>50.9</ele>
    <time>2020-04-10T10:29:05Z</time>
   </trkpt>
   <trkpt lat="51.1187160" lon="-0.5734270">
    <ele>51.0</ele>
    <time>2020-04-10T10:29:07Z</time>
   </trkpt>
   <trkpt lat="51.1186950" lon="-0.5734900">
    <ele>51.1</ele>
    <time>2020-04-10T10:29:08Z</time>
   </trkpt>
   <trkpt lat="51.1186360" lon="-0.5735280">
    <ele>51.1</ele>
    <time>2020-04-10T10:29:09Z</time>
   </trkpt>
   <trkpt lat="51.1185640" lon="-0.5735750">
    <ele>51.1</ele>
    <time>2020-04-10T10:29:11Z</time>
   </trkpt>
   <trkpt lat="51.1185030" lon="-0.5736130">
    <ele>51.0</ele>
    <time>2020-04-10T10:29:12Z</time>
   </trkpt>
   <trkpt lat="51.1184610" lon="-0.5737130">
    <ele>50.9</ele>
    <time>2020-04-10T10:29:14Z</time>
   </trkpt>
   <trkpt lat="51.1184640" lon="-0.5737750">
    <ele>50.8</ele>
    <time>2020-04-10T10:29:15Z</time>
   </trkpt>
   <trkpt lat="51.1184620" lon="-0.5738100">
    <ele>50.8</ele>
    <time>2020-04-10T10:29:17Z</time>
   </trkpt>
   <trkpt lat="51.1184540" lon="-0.5738110">
    <ele>50.8</ele>
    <time>2020-04-10T10:29:18Z</time>
   </trkpt>
   <trkpt lat="51.1184420" lon="-0.5738290">
    <ele>50.7</ele>
    <time>2020-04-10T10:29:20Z</time>
   </trkpt>
   <trkpt lat="51.1184340" lon="-0.5738330">
    <ele>50.7</ele>
    <time>2020-04-10T10:29:21Z</time>
   </trkpt>
   <trkpt lat="51.1184310" lon="-0.5738280">
    <ele>50.7</ele>
    <time>2020-04-10T10:29:22Z</time>
   </trkpt>
  </trkseg>
 </trk>
</gpx>
