<?xml version="1.0" encoding="UTF-8"?>
<gpx creator="StravaGPX" version="1.1" xmlns="http://www.topografix.com/GPX/1/1" xmlns:xsi="http://www.w3.org/2001/XMLSchema-instance" xsi:schemaLocation="http://www.topografix.com/GPX/1/1 http://www.topografix.com/GPX/1/1/gpx.xsd">
 <metadata>
  <time>2020-04-19T08:30:31Z</time>
 </metadata>
 <trk>
  <name>Walk with the mother, found some rich persons fake stonehenge</name>
  <type>walking</type>
  <trkseg>
   <trkpt lat="51.1186080" lon="-0.5739210">
    <ele>50.9</ele>
    <time>2020-04-19T08:30:31Z</time>
   </trkpt>
   <trkpt lat="51.1186070" lon="-0.5739170">
    <ele>50.9</ele>
    <time>2020-04-19T08:30:32Z</time>
   </trkpt>
   <trkpt lat="51.1186000" lon="-0.5739160">
    <ele>50.9</ele>
    <time>2020-04-19T08:30:34Z</time>
   </trkpt>
   <trkpt lat="51.1185860" lon="-0.5738860">
    <ele>50.9</ele>
    <time>2020-04-19T08:30:36Z</time>
   </trkpt>
   <trkpt lat="51.1185740" lon="-0.5738730">
    <ele>51.0</ele>
    <time>2020-04-19T08:30:37Z</time>
   </trkpt>
   <trkpt lat="51.1185440" lon="-0.5738430">
    <ele>51.0</ele>
    <time>2020-04-19T08:30:39Z</time>
   </trkpt>
   <trkpt lat="51.1185260" lon="-0.5738090">
    <ele>51.1</ele>
    <time>2020-04-19T08:30:40Z</time>
   </trkpt>
   <trkpt lat="51.1185180" lon="-0.5737890">
    <ele>51.1</ele>
    <time>2020-04-19T08:30:42Z</time>
   </trkpt>
   <trkpt lat="51.1185090" lon="-0.5737700">
    <ele>51.1</ele>
    <time>2020-04-19T08:30:44Z</time>
   </trkpt>
   <trkpt lat="51.1185000" lon="-0.5737500">
    <ele>51.1</ele>
    <time>2020-04-19T08:30:45Z</time>
   </trkpt>
   <trkpt lat="51.1184910" lon="-0.5737170">
    <ele>51.1</ele>
    <time>2020-04-19T08:30:47Z</time>
   </trkpt>
   <trkpt lat="51.1184900" lon="-0.5737010">
    <ele>51.1</ele>
    <time>2020-04-19T08:30:48Z</time>
   </trkpt>
   <trkpt lat="51.1184900" lon="-0.5736860">
    <ele>51.1</ele>
    <time>2020-04-19T08:30:49Z</time>
   </trkpt>
   <trkpt lat="51.1184930" lon="-0.5736510">
    <ele>51.1</ele>
    <time>2020-04-19T08:30:51Z</time>
   </trkpt>
   <trkpt lat="51.1184960" lon="-0.5736430">
    <ele>51.1</ele>
    <time>2020-04-19T08:30:52Z</time>
   </trkpt>
   <trkpt lat="51.1185120" lon="-0.5736170">
    <ele>51.1</ele>
    <time>2020-04-19T08:30:54Z</time>
   </trkpt>
   <trkpt lat="51.1185210" lon="-0.5736080">
    <ele>51.1</ele>
    <time>2020-04-19T08:30:55Z</time>
   </trkpt>
   <trkpt lat="51.1185500" lon="-0.5735890">
    <ele>51.1</ele>
    <time>2020-04-19T08:30:57Z</time>
   </trkpt>
   <trkpt lat="51.1185620" lon="-0.5735680">
    <ele>51.1</ele>
    <time>2020-04-19T08:30:59Z</time>
   </trkpt>
   <trkpt lat="51.1185680" lon="-0.5735600">
    <ele>51.0</ele>
    <time>2020-04-19T08:31:00Z</time>
   </trkpt>
   <trkpt lat="51.1185840" lon="-0.5735370">
    <ele>51.0</ele>
    <time>2020-04-19T08:31:02Z</time>
   </trkpt>
   <trkpt lat="51.1185940" lon="-0.5735250">
    <ele>51.0</ele>
    <time>2020-04-19T08:31:03Z</time>
   </trkpt>
   <trkpt lat="51.1186060" lon="-0.5735120">
    <ele>51.0</ele>
    <time>2020-04-19T08:31:04Z</time>
   </trkpt>
   <trkpt lat="51.1186320" lon="-0.5734870">
    <ele>51.0</ele>
    <time>2020-04-19T08:31:06Z</time>
   </trkpt>
   <trkpt lat="51.1186380" lon="-0.5734810">
    <ele>51.0</ele>
    <time>2020-04-19T08:31:07Z</time>
   </trkpt>
   <trkpt lat="51.1186470" lon="-0.5734650">
    <ele>50.9</ele>
    <time>2020-04-19T08:31:08Z</time>
   </trkpt>
   <trkpt lat="51.1186610" lon="-0.5734480">
    <ele>50.9</ele>
    <time>2020-04-19T08:31:09Z</time>
   </trkpt>
   <trkpt lat="51.1186680" lon="-0.5734380">
    <ele>50.9</ele>
    <time>2020-04-19T08:31:10Z</time>
   </trkpt>
   <trkpt lat="51.1186860" lon="-0.5734190">
    <ele>50.9</ele>
    <time>2020-04-19T08:31:12Z</time>
   </trkpt>
   <trkpt lat="51.1187120" lon="-0.5734020">
    <ele>50.8</ele>
    <time>2020-04-19T08:31:14Z</time>
   </trkpt>
   <trkpt lat="51.1187280" lon="-0.5733870">
    <ele>50.8</ele>
    <time>2020-04-19T08:31:16Z</time>
   </trkpt>
   <trkpt lat="51.1187470" lon="-0.5733660">
    <ele>50.7</ele>
    <time>2020-04-19T08:31:18Z</time>
   </trkpt>
   <trkpt lat="51.1187560" lon="-0.5733470">
    <ele>50.7</ele>
    <time>2020-04-19T08:31:19Z</time>
   </trkpt>
   <trkpt lat="51.1187730" lon="-0.5733230">
    <ele>50.7</ele>
    <time>2020-04-19T08:31:21Z</time>
   </trkpt>
   <trkpt lat="51.1188000" lon="-0.5732980">
    <ele>50.6</ele>
    <time>2020-04-19T08:31:23Z</time>
   </trkpt>
   <trkpt lat="51.1188050" lon="-0.5732940">
    <ele>50.6</ele>
    <time>2020-04-19T08:31:24Z</time>
   </trkpt>
   <trkpt lat="51.1188150" lon="-0.5732890">
    <ele>50.6</ele>
    <time>2020-04-19T08:31:25Z</time>
   </trkpt>
   <trkpt lat="51.1188230" lon="-0.5732820">
    <ele>50.6</ele>
    <time>2020-04-19T08:31:26Z</time>
   </trkpt>
   <trkpt lat="51.1188430" lon="-0.5732610">
    <ele>50.6</ele>
    <time>2020-04-19T08:31:28Z</time>
   </trkpt>
   <trkpt lat="51.1188550" lon="-0.5732440">
    <ele>50.5</ele>
    <time>2020-04-19T08:31:29Z</time>
   </trkpt>
   <trkpt lat="51.1188750" lon="-0.5732190">
    <ele>50.5</ele>
    <time>2020-04-19T08:31:31Z</time>
   </trkpt>
   <trkpt lat="51.1188860" lon="-0.5732040">
    <ele>50.5</ele>
    <time>2020-04-19T08:31:32Z</time>
   </trkpt>
   <trkpt lat="51.1189080" lon="-0.5731800">
    <ele>50.4</ele>
    <time>2020-04-19T08:31:34Z</time>
   </trkpt>
   <trkpt lat="51.1189150" lon="-0.5731730">
    <ele>50.4</ele>
    <time>2020-04-19T08:31:35Z</time>
   </trkpt>
   <trkpt lat="51.1189340" lon="-0.5731490">
    <ele>50.4</ele>
    <time>2020-04-19T08:31:37Z</time>
   </trkpt>
   <trkpt lat="51.1189440" lon="-0.5731300">
    <ele>50.4</ele>
    <time>2020-04-19T08:31:38Z</time>
   </trkpt>
   <trkpt lat="51.1189660" lon="-0.5730850">
    <ele>50.3</ele>
    <time>2020-04-19T08:31:40Z</time>
   </trkpt>
   <trkpt lat="51.1189870" lon="-0.5730510">
    <ele>50.3</ele>
    <time>2020-04-19T08:31:42Z</time>
   </trkpt>
   <trkpt lat="51.1189980" lon="-0.5730340">
    <ele>50.2</ele>
    <time>2020-04-19T08:31:43Z</time>
   </trkpt>
   <trkpt lat="51.1190090" lon="-0.5730170">
    <ele>50.2</ele>
    <time>2020-04-19T08:31:44Z</time>
   </trkpt>
   <trkpt lat="51.1190180" lon="-0.5730010">
    <ele>50.2</ele>
    <time>2020-04-19T08:31:45Z</time>
   </trkpt>
   <trkpt lat="51.1190350" lon="-0.5729660">
    <ele>50.2</ele>
    <time>2020-04-19T08:31:47Z</time>
   </trkpt>
   <trkpt lat="51.1190610" lon="-0.5729260">
    <ele>50.2</ele>
    <time>2020-04-19T08:31:49Z</time>
   </trkpt>
   <trkpt lat="51.1190840" lon="-0.5728900">
    <ele>50.1</ele>
    <time>2020-04-19T08:31:51Z</time>
   </trkpt>
   <trkpt lat="51.1190880" lon="-0.5728820">
    <ele>50.1</ele>
    <time>2020-04-19T08:31:52Z</time>
   </trkpt>
   <trkpt lat="51.1190970" lon="-0.5728630">
    <ele>50.1</ele>
    <time>2020-04-19T08:31:53Z</time>
   </trkpt>
   <trkpt lat="51.1191170" lon="-0.5728200">
    <ele>50.1</ele>
    <time>2020-04-19T08:31:55Z</time>
   </trkpt>
   <trkpt lat="51.1191360" lon="-0.5727720">
    <ele>50.1</ele>
    <time>2020-04-19T08:31:57Z</time>
   </trkpt>
   <trkpt lat="51.1191410" lon="-0.5727560">
    <ele>50.1</ele>
    <time>2020-04-19T08:31:58Z</time>
   </trkpt>
   <trkpt lat="51.1191440" lon="-0.5727380">
    <ele>50.1</ele>
    <time>2020-04-19T08:31:59Z</time>
   </trkpt>
   <trkpt lat="51.1191530" lon="-0.5726910">
    <ele>50.1</ele>
    <time>2020-04-19T08:32:01Z</time>
   </trkpt>
   <trkpt lat="51.1191640" lon="-0.5726310">
    <ele>50.1</ele>
    <time>2020-04-19T08:32:03Z</time>
   </trkpt>
   <trkpt lat="51.1191670" lon="-0.5726060">
    <ele>50.1</ele>
    <time>2020-04-19T08:32:04Z</time>
   </trkpt>
   <trkpt lat="51.1191740" lon="-0.5725510">
    <ele>50.1</ele>
    <time>2020-04-19T08:32:06Z</time>
   </trkpt>
   <trkpt lat="51.1191820" lon="-0.5724950">
    <ele>50.1</ele>
    <time>2020-04-19T08:32:08Z</time>
   </trkpt>
   <trkpt lat="51.1191840" lon="-0.5724460">
    <ele>50.1</ele>
    <time>2020-04-19T08:32:09Z</time>
   </trkpt>
   <trkpt lat="51.1191860" lon="-0.5724350">
    <ele>50.1</ele>
    <time>2020-04-19T08:32:10Z</time>
   </trkpt>
   <trkpt lat="51.1191970" lon="-0.5723640">
    <ele>50.2</ele>
    <time>2020-04-19T08:32:12Z</time>
   </trkpt>
   <trkpt lat="51.1191990" lon="-0.5723430">
    <ele>50.2</ele>
    <time>2020-04-19T08:32:13Z</time>
   </trkpt>
   <trkpt lat="51.1192010" lon="-0.5723230">
    <ele>50.2</ele>
    <time>2020-04-19T08:32:14Z</time>
   </trkpt>
   <trkpt lat="51.1192050" lon="-0.5723000">
    <ele>50.2</ele>
    <time>2020-04-19T08:32:15Z</time>
   </trkpt>
   <trkpt lat="51.1192080" lon="-0.5722760">
    <ele>50.3</ele>
    <time>2020-04-19T08:32:16Z</time>
   </trkpt>
   <trkpt lat="51.1192140" lon="-0.5722320">
    <ele>50.3</ele>
    <time>2020-04-19T08:32:18Z</time>
   </trkpt>
   <trkpt lat="51.1192170" lon="-0.5722010">
    <ele>50.3</ele>
    <time>2020-04-19T08:32:19Z</time>
   </trkpt>
   <trkpt lat="51.1192190" lon="-0.5721660">
    <ele>50.3</ele>
    <time>2020-04-19T08:32:21Z</time>
   </trkpt>
   <trkpt lat="51.1192290" lon="-0.5721180">
    <ele>50.4</ele>
    <time>2020-04-19T08:32:23Z</time>
   </trkpt>
   <trkpt lat="51.1192380" lon="-0.5720830">
    <ele>50.4</ele>
    <time>2020-04-19T08:32:24Z</time>
   </trkpt>
   <trkpt lat="51.1192380" lon="-0.5720490">
    <ele>50.4</ele>
    <time>2020-04-19T08:32:26Z</time>
   </trkpt>
   <trkpt lat="51.1192400" lon="-0.5720060">
    <ele>50.4</ele>
    <time>2020-04-19T08:32:28Z</time>
   </trkpt>
   <trkpt lat="51.1192420" lon="-0.5719740">
    <ele>50.4</ele>
    <time>2020-04-19T08:32:29Z</time>
   </trkpt>
   <trkpt lat="51.1192410" lon="-0.5719600">
    <ele>50.4</ele>
    <time>2020-04-19T08:32:30Z</time>
   </trkpt>
   <trkpt lat="51.1192400" lon="-0.5719280">
    <ele>50.4</ele>
    <time>2020-04-19T08:32:32Z</time>
   </trkpt>
   <trkpt lat="51.1192300" lon="-0.5718850">
    <ele>50.4</ele>
    <time>2020-04-19T08:32:34Z</time>
   </trkpt>
   <trkpt lat="51.1192270" lon="-0.5718710">
    <ele>50.4</ele>
    <time>2020-04-19T08:32:35Z</time>
   </trkpt>
   <trkpt lat="51.1192240" lon="-0.5718330">
    <ele>50.4</ele>
    <time>2020-04-19T08:32:37Z</time>
   </trkpt>
   <trkpt lat="51.1192230" lon="-0.5718130">
    <ele>50.4</ele>
    <time>2020-04-19T08:32:38Z</time>
   </trkpt>
   <trkpt lat="51.1192240" lon="-0.5717800">
    <ele>50.4</ele>
    <time>2020-04-19T08:32:39Z</time>
   </trkpt>
   <trkpt lat="51.1192210" lon="-0.5717500">
    <ele>50.4</ele>
    <time>2020-04-19T08:32:41Z</time>
   </trkpt>
   <trkpt lat="51.1192200" lon="-0.5717060">
    <ele>50.4</ele>
    <time>2020-04-19T08:32:43Z</time>
   </trkpt>
   <trkpt lat="51.1192190" lon="-0.5716580">
    <ele>50.4</ele>
    <time>2020-04-19T08:32:45Z</time>
   </trkpt>
   <trkpt lat="51.1192170" lon="-0.5716390">
    <ele>50.4</ele>
    <time>2020-04-19T08:32:46Z</time>
   </trkpt>
   <trkpt lat="51.1192100" lon="-0.5715950">
    <ele>50.4</ele>
    <time>2020-04-19T08:32:48Z</time>
   </trkpt>
   <trkpt lat="51.1192010" lon="-0.5715640">
    <ele>50.4</ele>
    <time>2020-04-19T08:32:49Z</time>
   </trkpt>
   <trkpt lat="51.1191970" lon="-0.5715440">
    <ele>50.4</ele>
    <time>2020-04-19T08:32:50Z</time>
   </trkpt>
   <trkpt lat="51.1191910" lon="-0.5714910">
    <ele>50.3</ele>
    <time>2020-04-19T08:32:52Z</time>
   </trkpt>
   <trkpt lat="51.1191880" lon="-0.5714800">
    <ele>50.3</ele>
    <time>2020-04-19T08:32:53Z</time>
   </trkpt>
   <trkpt lat="51.1191800" lon="-0.5714470">
    <ele>50.3</ele>
    <time>2020-04-19T08:32:54Z</time>
   </trkpt>
   <trkpt lat="51.1191720" lon="-0.5714310">
    <ele>50.3</ele>
    <time>2020-04-19T08:32:55Z</time>
   </trkpt>
   <trkpt lat="51.1191490" lon="-0.5713780">
    <ele>50.2</ele>
    <time>2020-04-19T08:32:57Z</time>
   </trkpt>
   <trkpt lat="51.1191420" lon="-0.5713600">
    <ele>50.2</ele>
    <time>2020-04-19T08:32:58Z</time>
   </trkpt>
   <trkpt lat="51.1191360" lon="-0.5713430">
    <ele>50.1</ele>
    <time>2020-04-19T08:32:59Z</time>
   </trkpt>
   <trkpt lat="51.1191290" lon="-0.5713330">
    <ele>50.1</ele>
    <time>2020-04-19T08:33:00Z</time>
   </trkpt>
   <trkpt lat="51.1191180" lon="-0.5713220">
    <ele>50.0</ele>
    <time>2020-04-19T08:33:01Z</time>
   </trkpt>
   <trkpt lat="51.1191010" lon="-0.5712870">
    <ele>49.9</ele>
    <time>2020-04-19T08:33:03Z</time>
   </trkpt>
   <trkpt lat="51.1190940" lon="-0.5712610">
    <ele>49.9</ele>
    <time>2020-04-19T08:33:04Z</time>
   </trkpt>
   <trkpt lat="51.1190910" lon="-0.5712500">
    <ele>49.8</ele>
    <time>2020-04-19T08:33:05Z</time>
   </trkpt>
   <trkpt lat="51.1190830" lon="-0.5712230">
    <ele>49.7</ele>
    <time>2020-04-19T08:33:07Z</time>
   </trkpt>
   <trkpt lat="51.1190600" lon="-0.5711950">
    <ele>49.6</ele>
    <time>2020-04-19T08:33:09Z</time>
   </trkpt>
   <trkpt lat="51.1190530" lon="-0.5711800">
    <ele>49.5</ele>
    <time>2020-04-19T08:33:10Z</time>
   </trkpt>
   <trkpt lat="51.1190370" lon="-0.5711530">
    <ele>49.4</ele>
    <time>2020-04-19T08:33:12Z</time>
   </trkpt>
   <trkpt lat="51.1190160" lon="-0.5711200">
    <ele>49.2</ele>
    <time>2020-04-19T08:33:14Z</time>
   </trkpt>
   <trkpt lat="51.1190070" lon="-0.5711180">
    <ele>49.1</ele>
    <time>2020-04-19T08:33:15Z</time>
   </trkpt>
   <trkpt lat="51.1189810" lon="-0.5711040">
    <ele>48.9</ele>
    <time>2020-04-19T08:33:17Z</time>
   </trkpt>
   <trkpt lat="51.1189570" lon="-0.5710770">
    <ele>48.7</ele>
    <time>2020-04-19T08:33:19Z</time>
   </trkpt>
   <trkpt lat="51.1189490" lon="-0.5710710">
    <ele>48.6</ele>
    <time>2020-04-19T08:33:20Z</time>
   </trkpt>
   <trkpt lat="51.1189260" lon="-0.5710630">
    <ele>48.4</ele>
    <time>2020-04-19T08:33:22Z</time>
   </trkpt>
   <trkpt lat="51.1188940" lon="-0.5710390">
    <ele>48.1</ele>
    <time>2020-04-19T08:33:24Z</time>
   </trkpt>
   <trkpt lat="51.1188840" lon="-0.5710330">
    <ele>48.0</ele>
    <time>2020-04-19T08:33:25Z</time>
   </trkpt>
   <trkpt lat="51.1188730" lon="-0.5710240">
    <ele>47.9</ele>
    <time>2020-04-19T08:33:26Z</time>
   </trkpt>
   <trkpt lat="51.1188520" lon="-0.5710040">
    <ele>47.7</ele>
    <time>2020-04-19T08:33:28Z</time>
   </trkpt>
   <trkpt lat="51.1188310" lon="-0.5709940">
    <ele>47.4</ele>
    <time>2020-04-19T08:33:29Z</time>
   </trkpt>
   <trkpt lat="51.1188090" lon="-0.5709770">
    <ele>47.2</ele>
    <time>2020-04-19T08:33:31Z</time>
   </trkpt>
   <trkpt lat="51.1187960" lon="-0.5709620">
    <ele>47.0</ele>
    <time>2020-04-19T08:33:32Z</time>
   </trkpt>
   <trkpt lat="51.1187680" lon="-0.5709250">
    <ele>46.6</ele>
    <time>2020-04-19T08:33:34Z</time>
   </trkpt>
   <trkpt lat="51.1187610" lon="-0.5709130">
    <ele>46.5</ele>
    <time>2020-04-19T08:33:35Z</time>
   </trkpt>
   <trkpt lat="51.1187500" lon="-0.5709030">
    <ele>46.3</ele>
    <time>2020-04-19T08:33:36Z</time>
   </trkpt>
   <trkpt lat="51.1187210" lon="-0.5708700">
    <ele>45.9</ele>
    <time>2020-04-19T08:33:38Z</time>
   </trkpt>
   <trkpt lat="51.1186930" lon="-0.5708360">
    <ele>45.4</ele>
    <time>2020-04-19T08:33:40Z</time>
   </trkpt>
   <trkpt lat="51.1186810" lon="-0.5708240">
    <ele>45.3</ele>
    <time>2020-04-19T08:33:41Z</time>
   </trkpt>
   <trkpt lat="51.1186670" lon="-0.5708160">
    <ele>45.1</ele>
    <time>2020-04-19T08:33:42Z</time>
   </trkpt>
   <trkpt lat="51.1186310" lon="-0.5707810">
    <ele>44.5</ele>
    <time>2020-04-19T08:33:44Z</time>
   </trkpt>
   <trkpt lat="51.1186270" lon="-0.5707710">
    <ele>44.4</ele>
    <time>2020-04-19T08:33:45Z</time>
   </trkpt>
   <trkpt lat="51.1186210" lon="-0.5707390">
    <ele>44.1</ele>
    <time>2020-04-19T08:33:47Z</time>
   </trkpt>
   <trkpt lat="51.1186020" lon="-0.5707140">
    <ele>43.8</ele>
    <time>2020-04-19T08:33:49Z</time>
   </trkpt>
   <trkpt lat="51.1185920" lon="-0.5706780">
    <ele>43.4</ele>
    <time>2020-04-19T08:33:51Z</time>
   </trkpt>
   <trkpt lat="51.1185880" lon="-0.5706550">
    <ele>43.2</ele>
    <time>2020-04-19T08:33:52Z</time>
   </trkpt>
   <trkpt lat="51.1185790" lon="-0.5705980">
    <ele>42.7</ele>
    <time>2020-04-19T08:33:54Z</time>
   </trkpt>
   <trkpt lat="51.1185690" lon="-0.5705650">
    <ele>42.4</ele>
    <time>2020-04-19T08:33:56Z</time>
   </trkpt>
   <trkpt lat="51.1185660" lon="-0.5705490">
    <ele>42.3</ele>
    <time>2020-04-19T08:33:57Z</time>
   </trkpt>
   <trkpt lat="51.1185660" lon="-0.5705160">
    <ele>42.0</ele>
    <time>2020-04-19T08:33:59Z</time>
   </trkpt>
   <trkpt lat="51.1185640" lon="-0.5705010">
    <ele>41.9</ele>
    <time>2020-04-19T08:34:00Z</time>
   </trkpt>
   <trkpt lat="51.1185590" lon="-0.5704840">
    <ele>41.7</ele>
    <time>2020-04-19T08:34:01Z</time>
   </trkpt>
   <trkpt lat="51.1185420" lon="-0.5704500">
    <ele>41.3</ele>
    <time>2020-04-19T08:34:03Z</time>
   </trkpt>
   <trkpt lat="51.1185170" lon="-0.5704190">
    <ele>41.0</ele>
    <time>2020-04-19T08:34:04Z</time>
   </trkpt>
   <trkpt lat="51.1185120" lon="-0.5704160">
    <ele>40.9</ele>
    <time>2020-04-19T08:34:05Z</time>
   </trkpt>
   <trkpt lat="51.1184910" lon="-0.5703910">
    <ele>40.6</ele>
    <time>2020-04-19T08:34:07Z</time>
   </trkpt>
   <trkpt lat="51.1184590" lon="-0.5703600">
    <ele>40.2</ele>
    <time>2020-04-19T08:34:09Z</time>
   </trkpt>
   <trkpt lat="51.1184280" lon="-0.5703170">
    <ele>39.9</ele>
    <time>2020-04-19T08:34:11Z</time>
   </trkpt>
   <trkpt lat="51.1184210" lon="-0.5703020">
    <ele>39.8</ele>
    <time>2020-04-19T08:34:13Z</time>
   </trkpt>
   <trkpt lat="51.1184130" lon="-0.5702860">
    <ele>39.7</ele>
    <time>2020-04-19T08:34:14Z</time>
   </trkpt>
   <trkpt lat="51.1184040" lon="-0.5702730">
    <ele>39.6</ele>
    <time>2020-04-19T08:34:15Z</time>
   </trkpt>
   <trkpt lat="51.1183800" lon="-0.5702390">
    <ele>39.4</ele>
    <time>2020-04-19T08:34:17Z</time>
   </trkpt>
   <trkpt lat="51.1183350" lon="-0.5702020">
    <ele>39.1</ele>
    <time>2020-04-19T08:34:19Z</time>
   </trkpt>
   <trkpt lat="51.1183060" lon="-0.5701750">
    <ele>38.9</ele>
    <time>2020-04-19T08:34:21Z</time>
   </trkpt>
   <trkpt lat="51.1183000" lon="-0.5701680">
    <ele>38.9</ele>
    <time>2020-04-19T08:34:22Z</time>
   </trkpt>
   <trkpt lat="51.1182700" lon="-0.5701490">
    <ele>38.7</ele>
    <time>2020-04-19T08:34:24Z</time>
   </trkpt>
   <trkpt lat="51.1182480" lon="-0.5701280">
    <ele>38.6</ele>
    <time>2020-04-19T08:34:26Z</time>
   </trkpt>
   <trkpt lat="51.1182250" lon="-0.5700940">
    <ele>38.5</ele>
    <time>2020-04-19T08:34:28Z</time>
   </trkpt>
   <trkpt lat="51.1182080" lon="-0.5700620">
    <ele>38.5</ele>
    <time>2020-04-19T08:34:29Z</time>
   </trkpt>
   <trkpt lat="51.1182050" lon="-0.5700540">
    <ele>38.4</ele>
    <time>2020-04-19T08:34:30Z</time>
   </trkpt>
   <trkpt lat="51.1181910" lon="-0.5700230">
    <ele>38.3</ele>
    <time>2020-04-19T08:34:32Z</time>
   </trkpt>
   <trkpt lat="51.1181760" lon="-0.5699740">
    <ele>38.3</ele>
    <time>2020-04-19T08:34:34Z</time>
   </trkpt>
   <trkpt lat="51.1181690" lon="-0.5699540">
    <ele>38.3</ele>
    <time>2020-04-19T08:34:35Z</time>
   </trkpt>
   <trkpt lat="51.1181500" lon="-0.5699120">
    <ele>38.3</ele>
    <time>2020-04-19T08:34:37Z</time>
   </trkpt>
   <trkpt lat="51.1181170" lon="-0.5698640">
    <ele>38.4</ele>
    <time>2020-04-19T08:34:39Z</time>
   </trkpt>
   <trkpt lat="51.1181070" lon="-0.5698570">
    <ele>38.4</ele>
    <time>2020-04-19T08:34:40Z</time>
   </trkpt>
   <trkpt lat="51.1180860" lon="-0.5698270">
    <ele>38.4</ele>
    <time>2020-04-19T08:34:42Z</time>
   </trkpt>
   <trkpt lat="51.1180580" lon="-0.5697760">
    <ele>38.5</ele>
    <time>2020-04-19T08:34:44Z</time>
   </trkpt>
   <trkpt lat="51.1180380" lon="-0.5697380">
    <ele>38.5</ele>
    <time>2020-04-19T08:34:46Z</time>
   </trkpt>
   <trkpt lat="51.1180280" lon="-0.5697150">
    <ele>38.5</ele>
    <time>2020-04-19T08:34:47Z</time>
   </trkpt>
   <trkpt lat="51.1180040" lon="-0.5696540">
    <ele>38.6</ele>
    <time>2020-04-19T08:34:49Z</time>
   </trkpt>
   <trkpt lat="51.1179980" lon="-0.5696370">
    <ele>38.7</ele>
    <time>2020-04-19T08:34:50Z</time>
   </trkpt>
   <trkpt lat="51.1179900" lon="-0.5695920">
    <ele>38.7</ele>
    <time>2020-04-19T08:34:52Z</time>
   </trkpt>
   <trkpt lat="51.1179850" lon="-0.5695260">
    <ele>38.8</ele>
    <time>2020-04-19T08:34:54Z</time>
   </trkpt>
   <trkpt lat="51.1179860" lon="-0.5695180">
    <ele>38.8</ele>
    <time>2020-04-19T08:34:55Z</time>
   </trkpt>
   <trkpt lat="51.1179860" lon="-0.5695030">
    <ele>38.9</ele>
    <time>2020-04-19T08:34:56Z</time>
   </trkpt>
   <trkpt lat="51.1179860" lon="-0.5694790">
    <ele>38.9</ele>
    <time>2020-04-19T08:34:57Z</time>
   </trkpt>
   <trkpt lat="51.1179790" lon="-0.5694100">
    <ele>39.0</ele>
    <time>2020-04-19T08:34:59Z</time>
   </trkpt>
   <trkpt lat="51.1179760" lon="-0.5693950">
    <ele>39.0</ele>
    <time>2020-04-19T08:35:00Z</time>
   </trkpt>
   <trkpt lat="51.1179640" lon="-0.5693500">
    <ele>39.1</ele>
    <time>2020-04-19T08:35:02Z</time>
   </trkpt>
   <trkpt lat="51.1179580" lon="-0.5693260">
    <ele>39.1</ele>
    <time>2020-04-19T08:35:03Z</time>
   </trkpt>
   <trkpt lat="51.1179500" lon="-0.5692790">
    <ele>39.2</ele>
    <time>2020-04-19T08:35:05Z</time>
   </trkpt>
   <trkpt lat="51.1179500" lon="-0.5692430">
    <ele>39.2</ele>
    <time>2020-04-19T08:35:07Z</time>
   </trkpt>
   <trkpt lat="51.1179550" lon="-0.5691800">
    <ele>39.3</ele>
    <time>2020-04-19T08:35:09Z</time>
   </trkpt>
   <trkpt lat="51.1179560" lon="-0.5691700">
    <ele>39.4</ele>
    <time>2020-04-19T08:35:10Z</time>
   </trkpt>
   <trkpt lat="51.1179570" lon="-0.5691540">
    <ele>39.4</ele>
    <time>2020-04-19T08:35:11Z</time>
   </trkpt>
   <trkpt lat="51.1179600" lon="-0.5691090">
    <ele>39.6</ele>
    <time>2020-04-19T08:35:13Z</time>
   </trkpt>
   <trkpt lat="51.1179640" lon="-0.5690750">
    <ele>39.7</ele>
    <time>2020-04-19T08:35:14Z</time>
   </trkpt>
   <trkpt lat="51.1179750" lon="-0.5690500">
    <ele>39.9</ele>
    <time>2020-04-19T08:35:16Z</time>
   </trkpt>
   <trkpt lat="51.1179910" lon="-0.5689940">
    <ele>40.2</ele>
    <time>2020-04-19T08:35:18Z</time>
   </trkpt>
   <trkpt lat="51.1179970" lon="-0.5689780">
    <ele>40.3</ele>
    <time>2020-04-19T08:35:19Z</time>
   </trkpt>
   <trkpt lat="51.1180070" lon="-0.5689570">
    <ele>40.5</ele>
    <time>2020-04-19T08:35:21Z</time>
   </trkpt>
   <trkpt lat="51.1180170" lon="-0.5689290">
    <ele>40.7</ele>
    <time>2020-04-19T08:35:23Z</time>
   </trkpt>
   <trkpt lat="51.1180210" lon="-0.5689150">
    <ele>40.8</ele>
    <time>2020-04-19T08:35:24Z</time>
   </trkpt>
   <trkpt lat="51.1180280" lon="-0.5688830">
    <ele>41.0</ele>
    <time>2020-04-19T08:35:25Z</time>
   </trkpt>
   <trkpt lat="51.1180340" lon="-0.5688550">
    <ele>41.1</ele>
    <time>2020-04-19T08:35:26Z</time>
   </trkpt>
   <trkpt lat="51.1180370" lon="-0.5688380">
    <ele>41.3</ele>
    <time>2020-04-19T08:35:28Z</time>
   </trkpt>
   <trkpt lat="51.1180410" lon="-0.5688200">
    <ele>41.4</ele>
    <time>2020-04-19T08:35:29Z</time>
   </trkpt>
   <trkpt lat="51.1180440" lon="-0.5688030">
    <ele>41.5</ele>
    <time>2020-04-19T08:35:30Z</time>
   </trkpt>
   <trkpt lat="51.1180470" lon="-0.5687850">
    <ele>41.6</ele>
    <time>2020-04-19T08:35:31Z</time>
   </trkpt>
   <trkpt lat="51.1180520" lon="-0.5687550">
    <ele>41.8</ele>
    <time>2020-04-19T08:35:33Z</time>
   </trkpt>
   <trkpt lat="51.1180540" lon="-0.5687380">
    <ele>41.9</ele>
    <time>2020-04-19T08:35:34Z</time>
   </trkpt>
   <trkpt lat="51.1180580" lon="-0.5686900">
    <ele>42.2</ele>
    <time>2020-04-19T08:35:35Z</time>
   </trkpt>
   <trkpt lat="51.1180600" lon="-0.5686660">
    <ele>42.4</ele>
    <time>2020-04-19T08:35:37Z</time>
   </trkpt>
   <trkpt lat="51.1180630" lon="-0.5686430">
    <ele>42.5</ele>
    <time>2020-04-19T08:35:39Z</time>
   </trkpt>
   <trkpt lat="51.1180650" lon="-0.5686190">
    <ele>42.7</ele>
    <time>2020-04-19T08:35:40Z</time>
   </trkpt>
   <trkpt lat="51.1180710" lon="-0.5685780">
    <ele>43.0</ele>
    <time>2020-04-19T08:35:42Z</time>
   </trkpt>
   <trkpt lat="51.1180780" lon="-0.5685310">
    <ele>43.3</ele>
    <time>2020-04-19T08:35:44Z</time>
   </trkpt>
   <trkpt lat="51.1180840" lon="-0.5684970">
    <ele>43.5</ele>
    <time>2020-04-19T08:35:45Z</time>
   </trkpt>
   <trkpt lat="51.1180900" lon="-0.5684520">
    <ele>43.8</ele>
    <time>2020-04-19T08:35:47Z</time>
   </trkpt>
   <trkpt lat="51.1181000" lon="-0.5684050">
    <ele>44.1</ele>
    <time>2020-04-19T08:35:49Z</time>
   </trkpt>
   <trkpt lat="51.1181110" lon="-0.5683490">
    <ele>44.5</ele>
    <time>2020-04-19T08:35:51Z</time>
   </trkpt>
   <trkpt lat="51.1181210" lon="-0.5683090">
    <ele>44.8</ele>
    <time>2020-04-19T08:35:53Z</time>
   </trkpt>
   <trkpt lat="51.1181360" lon="-0.5682500">
    <ele>45.2</ele>
    <time>2020-04-19T08:35:55Z</time>
   </trkpt>
   <trkpt lat="51.1181410" lon="-0.5682310">
    <ele>45.4</ele>
    <time>2020-04-19T08:35:56Z</time>
   </trkpt>
   <trkpt lat="51.1181450" lon="-0.5682100">
    <ele>45.5</ele>
    <time>2020-04-19T08:35:57Z</time>
   </trkpt>
   <trkpt lat="51.1181580" lon="-0.5681710">
    <ele>45.8</ele>
    <time>2020-04-19T08:35:59Z</time>
   </trkpt>
   <trkpt lat="51.1181650" lon="-0.5681440">
    <ele>46.0</ele>
    <time>2020-04-19T08:36:00Z</time>
   </trkpt>
   <trkpt lat="51.1181750" lon="-0.5681090">
    <ele>46.2</ele>
    <time>2020-04-19T08:36:02Z</time>
   </trkpt>
   <trkpt lat="51.1181890" lon="-0.5680590">
    <ele>46.5</ele>
    <time>2020-04-19T08:36:04Z</time>
   </trkpt>
   <trkpt lat="51.1181920" lon="-0.5680460">
    <ele>46.6</ele>
    <time>2020-04-19T08:36:05Z</time>
   </trkpt>
   <trkpt lat="51.1181980" lon="-0.5680290">
    <ele>46.7</ele>
    <time>2020-04-19T08:36:06Z</time>
   </trkpt>
   <trkpt lat="51.1182100" lon="-0.5679990">
    <ele>47.0</ele>
    <time>2020-04-19T08:36:08Z</time>
   </trkpt>
   <trkpt lat="51.1182160" lon="-0.5679810">
    <ele>47.1</ele>
    <time>2020-04-19T08:36:09Z</time>
   </trkpt>
   <trkpt lat="51.1182280" lon="-0.5679560">
    <ele>47.3</ele>
    <time>2020-04-19T08:36:10Z</time>
   </trkpt>
   <trkpt lat="51.1182430" lon="-0.5679390">
    <ele>47.5</ele>
    <time>2020-04-19T08:36:12Z</time>
   </trkpt>
   <trkpt lat="51.1182560" lon="-0.5679120">
    <ele>47.7</ele>
    <time>2020-04-19T08:36:14Z</time>
   </trkpt>
   <trkpt lat="51.1182640" lon="-0.5678870">
    <ele>47.9</ele>
    <time>2020-04-19T08:36:15Z</time>
   </trkpt>
   <trkpt lat="51.1182680" lon="-0.5678780">
    <ele>47.9</ele>
    <time>2020-04-19T08:36:16Z</time>
   </trkpt>
   <trkpt lat="51.1182770" lon="-0.5678510">
    <ele>48.1</ele>
    <time>2020-04-19T08:36:18Z</time>
   </trkpt>
   <trkpt lat="51.1182940" lon="-0.5678040">
    <ele>48.5</ele>
    <time>2020-04-19T08:36:20Z</time>
   </trkpt>
   <trkpt lat="51.1182980" lon="-0.5677940">
    <ele>48.5</ele>
    <time>2020-04-19T08:36:21Z</time>
   </trkpt>
   <trkpt lat="51.1183020" lon="-0.5677790">
    <ele>48.6</ele>
    <time>2020-04-19T08:36:22Z</time>
   </trkpt>
   <trkpt lat="51.1183140" lon="-0.5677400">
    <ele>48.9</ele>
    <time>2020-04-19T08:36:24Z</time>
   </trkpt>
   <trkpt lat="51.1183220" lon="-0.5677100">
    <ele>49.1</ele>
    <time>2020-04-19T08:36:25Z</time>
   </trkpt>
   <trkpt lat="51.1183300" lon="-0.5676780">
    <ele>49.3</ele>
    <time>2020-04-19T08:36:27Z</time>
   </trkpt>
   <trkpt lat="51.1183410" lon="-0.5676400">
    <ele>49.6</ele>
    <time>2020-04-19T08:36:29Z</time>
   </trkpt>
   <trkpt lat="51.1183550" lon="-0.5675940">
    <ele>49.9</ele>
    <time>2020-04-19T08:36:31Z</time>
   </trkpt>
   <trkpt lat="51.1183700" lon="-0.5675460">
    <ele>50.2</ele>
    <time>2020-04-19T08:36:33Z</time>
   </trkpt>
   <trkpt lat="51.1183730" lon="-0.5675360">
    <ele>50.2</ele>
    <time>2020-04-19T08:36:34Z</time>
   </trkpt>
   <trkpt lat="51.1183930" lon="-0.5674800">
    <ele>50.6</ele>
    <time>2020-04-19T08:36:36Z</time>
   </trkpt>
   <trkpt lat="51.1183990" lon="-0.5674630">
    <ele>50.7</ele>
    <time>2020-04-19T08:36:38Z</time>
   </trkpt>
   <trkpt lat="51.1184060" lon="-0.5674460">
    <ele>50.9</ele>
    <time>2020-04-19T08:36:39Z</time>
   </trkpt>
   <trkpt lat="51.1184160" lon="-0.5674180">
    <ele>51.0</ele>
    <time>2020-04-19T08:36:40Z</time>
   </trkpt>
   <trkpt lat="51.1184220" lon="-0.5674070">
    <ele>51.1</ele>
    <time>2020-04-19T08:36:41Z</time>
   </trkpt>
   <trkpt lat="51.1184330" lon="-0.5673790">
    <ele>51.3</ele>
    <time>2020-04-19T08:36:43Z</time>
   </trkpt>
   <trkpt lat="51.1184400" lon="-0.5673610">
    <ele>51.4</ele>
    <time>2020-04-19T08:36:44Z</time>
   </trkpt>
   <trkpt lat="51.1184510" lon="-0.5673340">
    <ele>51.6</ele>
    <time>2020-04-19T08:36:45Z</time>
   </trkpt>
   <trkpt lat="51.1184610" lon="-0.5673030">
    <ele>51.8</ele>
    <time>2020-04-19T08:36:47Z</time>
   </trkpt>
   <trkpt lat="51.1184720" lon="-0.5672620">
    <ele>52.0</ele>
    <time>2020-04-19T08:36:49Z</time>
   </trkpt>
   <trkpt lat="51.1184780" lon="-0.5672300">
    <ele>52.2</ele>
    <time>2020-04-19T08:36:50Z</time>
   </trkpt>
   <trkpt lat="51.1184860" lon="-0.5671950">
    <ele>52.4</ele>
    <time>2020-04-19T08:36:52Z</time>
   </trkpt>
   <trkpt lat="51.1184920" lon="-0.5671720">
    <ele>52.5</ele>
    <time>2020-04-19T08:36:53Z</time>
   </trkpt>
   <trkpt lat="51.1185090" lon="-0.5671190">
    <ele>52.8</ele>
    <time>2020-04-19T08:36:55Z</time>
   </trkpt>
   <trkpt lat="51.1185210" lon="-0.5670710">
    <ele>52.9</ele>
    <time>2020-04-19T08:36:57Z</time>
   </trkpt>
   <trkpt lat="51.1185240" lon="-0.5670600">
    <ele>53.0</ele>
    <time>2020-04-19T08:36:58Z</time>
   </trkpt>
   <trkpt lat="51.1185380" lon="-0.5670030">
    <ele>53.1</ele>
    <time>2020-04-19T08:37:00Z</time>
   </trkpt>
   <trkpt lat="51.1185430" lon="-0.5669840">
    <ele>53.2</ele>
    <time>2020-04-19T08:37:01Z</time>
   </trkpt>
   <trkpt lat="51.1185550" lon="-0.5669420">
    <ele>53.3</ele>
    <time>2020-04-19T08:37:03Z</time>
   </trkpt>
   <trkpt lat="51.1185660" lon="-0.5669010">
    <ele>53.4</ele>
    <time>2020-04-19T08:37:04Z</time>
   </trkpt>
   <trkpt lat="51.1185700" lon="-0.5668830">
    <ele>53.5</ele>
    <time>2020-04-19T08:37:05Z</time>
   </trkpt>
   <trkpt lat="51.1185790" lon="-0.5668360">
    <ele>53.6</ele>
    <time>2020-04-19T08:37:07Z</time>
   </trkpt>
   <trkpt lat="51.1185850" lon="-0.5668080">
    <ele>53.7</ele>
    <time>2020-04-19T08:37:08Z</time>
   </trkpt>
   <trkpt lat="51.1186030" lon="-0.5667410">
    <ele>53.9</ele>
    <time>2020-04-19T08:37:10Z</time>
   </trkpt>
   <trkpt lat="51.1186050" lon="-0.5667310">
    <ele>54.0</ele>
    <time>2020-04-19T08:37:11Z</time>
   </trkpt>
   <trkpt lat="51.1186090" lon="-0.5667140">
    <ele>54.0</ele>
    <time>2020-04-19T08:37:12Z</time>
   </trkpt>
   <trkpt lat="51.1186200" lon="-0.5666730">
    <ele>54.2</ele>
    <time>2020-04-19T08:37:14Z</time>
   </trkpt>
   <trkpt lat="51.1186300" lon="-0.5666450">
    <ele>54.3</ele>
    <time>2020-04-19T08:37:15Z</time>
   </trkpt>
   <trkpt lat="51.1186340" lon="-0.5666330">
    <ele>54.3</ele>
    <time>2020-04-19T08:37:16Z</time>
   </trkpt>
   <trkpt lat="51.1186470" lon="-0.5665870">
    <ele>54.3</ele>
    <time>2020-04-19T08:37:18Z</time>
   </trkpt>
   <trkpt lat="51.1186490" lon="-0.5665770">
    <ele>54.3</ele>
    <time>2020-04-19T08:37:19Z</time>
   </trkpt>
   <trkpt lat="51.1186720" lon="-0.5665500">
    <ele>54.3</ele>
    <time>2020-04-19T08:37:20Z</time>
   </trkpt>
   <trkpt lat="51.1186870" lon="-0.5665490">
    <ele>54.3</ele>
    <time>2020-04-19T08:37:22Z</time>
   </trkpt>
   <trkpt lat="51.1187010" lon="-0.5665480">
    <ele>54.3</ele>
    <time>2020-04-19T08:37:24Z</time>
   </trkpt>
   <trkpt lat="51.1187150" lon="-0.5665470">
    <ele>54.3</ele>
    <time>2020-04-19T08:37:25Z</time>
   </trkpt>
   <trkpt lat="51.1187130" lon="-0.5665450">
    <ele>54.3</ele>
    <time>2020-04-19T08:37:26Z</time>
   </trkpt>
   <trkpt lat="51.1187140" lon="-0.5665180">
    <ele>54.4</ele>
    <time>2020-04-19T08:37:28Z</time>
   </trkpt>
   <trkpt lat="51.1187230" lon="-0.5664880">
    <ele>54.4</ele>
    <time>2020-04-19T08:37:30Z</time>
   </trkpt>
   <trkpt lat="51.1187210" lon="-0.5664830">
    <ele>54.4</ele>
    <time>2020-04-19T08:37:32Z</time>
   </trkpt>
   <trkpt lat="51.1187210" lon="-0.5664610">
    <ele>54.4</ele>
    <time>2020-04-19T08:37:34Z</time>
   </trkpt>
   <trkpt lat="51.1187220" lon="-0.5664430">
    <ele>54.4</ele>
    <time>2020-04-19T08:37:35Z</time>
   </trkpt>
   <trkpt lat="51.1187280" lon="-0.5664160">
    <ele>54.4</ele>
    <time>2020-04-19T08:37:37Z</time>
   </trkpt>
   <trkpt lat="51.1187320" lon="-0.5664010">
    <ele>54.4</ele>
    <time>2020-04-19T08:37:38Z</time>
   </trkpt>
   <trkpt lat="51.1187480" lon="-0.5663660">
    <ele>54.4</ele>
    <time>2020-04-19T08:37:40Z</time>
   </trkpt>
   <trkpt lat="51.1187540" lon="-0.5663550">
    <ele>54.4</ele>
    <time>2020-04-19T08:37:41Z</time>
   </trkpt>
   <trkpt lat="51.1187690" lon="-0.5663290">
    <ele>54.4</ele>
    <time>2020-04-19T08:37:43Z</time>
   </trkpt>
   <trkpt lat="51.1187850" lon="-0.5662870">
    <ele>54.4</ele>
    <time>2020-04-19T08:37:45Z</time>
   </trkpt>
   <trkpt lat="51.1187870" lon="-0.5662800">
    <ele>54.4</ele>
    <time>2020-04-19T08:37:46Z</time>
   </trkpt>
   <trkpt lat="51.1187920" lon="-0.5662650">
    <ele>54.4</ele>
    <time>2020-04-19T08:37:47Z</time>
   </trkpt>
   <trkpt lat="51.1188020" lon="-0.5662370">
    <ele>54.3</ele>
    <time>2020-04-19T08:37:49Z</time>
   </trkpt>
   <trkpt lat="51.1188130" lon="-0.5662080">
    <ele>54.3</ele>
    <time>2020-04-19T08:37:51Z</time>
   </trkpt>
   <trkpt lat="51.1188200" lon="-0.5661910">
    <ele>54.3</ele>
    <time>2020-04-19T08:37:52Z</time>
   </trkpt>
   <trkpt lat="51.1188380" lon="-0.5661430">
    <ele>54.3</ele>
    <time>2020-04-19T08:37:54Z</time>
   </trkpt>
   <trkpt lat="51.1188420" lon="-0.5661290">
    <ele>54.3</ele>
    <time>2020-04-19T08:37:55Z</time>
   </trkpt>
   <trkpt lat="51.1188600" lon="-0.5660870">
    <ele>54.3</ele>
    <time>2020-04-19T08:37:57Z</time>
   </trkpt>
   <trkpt lat="51.1188640" lon="-0.5660770">
    <ele>54.3</ele>
    <time>2020-04-19T08:37:58Z</time>
   </trkpt>
   <trkpt lat="51.1188790" lon="-0.5660330">
    <ele>54.3</ele>
    <time>2020-04-19T08:38:00Z</time>
   </trkpt>
   <trkpt lat="51.1188890" lon="-0.5660000">
    <ele>54.3</ele>
    <time>2020-04-19T08:38:02Z</time>
   </trkpt>
   <trkpt lat="51.1189000" lon="-0.5659610">
    <ele>54.3</ele>
    <time>2020-04-19T08:38:04Z</time>
   </trkpt>
   <trkpt lat="51.1189020" lon="-0.5659450">
    <ele>54.3</ele>
    <time>2020-04-19T08:38:05Z</time>
   </trkpt>
   <trkpt lat="51.1189040" lon="-0.5659260">
    <ele>54.3</ele>
    <time>2020-04-19T08:38:07Z</time>
   </trkpt>
   <trkpt lat="51.1189070" lon="-0.5659110">
    <ele>54.3</ele>
    <time>2020-04-19T08:38:08Z</time>
   </trkpt>
   <trkpt lat="51.1189270" lon="-0.5658660">
    <ele>54.3</ele>
    <time>2020-04-19T08:38:10Z</time>
   </trkpt>
   <trkpt lat="51.1189410" lon="-0.5658450">
    <ele>54.3</ele>
    <time>2020-04-19T08:38:12Z</time>
   </trkpt>
   <trkpt lat="51.1189540" lon="-0.5658140">
    <ele>54.3</ele>
    <time>2020-04-19T08:38:14Z</time>
   </trkpt>
   <trkpt lat="51.1189640" lon="-0.5657810">
    <ele>54.3</ele>
    <time>2020-04-19T08:38:15Z</time>
   </trkpt>
   <trkpt lat="51.1189690" lon="-0.5657700">
    <ele>54.3</ele>
    <time>2020-04-19T08:38:16Z</time>
   </trkpt>
   <trkpt lat="51.1189810" lon="-0.5657390">
    <ele>54.2</ele>
    <time>2020-04-19T08:38:18Z</time>
   </trkpt>
   <trkpt lat="51.1189950" lon="-0.5656940">
    <ele>54.2</ele>
    <time>2020-04-19T08:38:20Z</time>
   </trkpt>
   <trkpt lat="51.1190040" lon="-0.5656570">
    <ele>54.2</ele>
    <time>2020-04-19T08:38:22Z</time>
   </trkpt>
   <trkpt lat="51.1190140" lon="-0.5656230">
    <ele>54.2</ele>
    <time>2020-04-19T08:38:24Z</time>
   </trkpt>
   <trkpt lat="51.1190220" lon="-0.5655900">
    <ele>54.2</ele>
    <time>2020-04-19T08:38:25Z</time>
   </trkpt>
   <trkpt lat="51.1190250" lon="-0.5655700">
    <ele>54.2</ele>
    <time>2020-04-19T08:38:27Z</time>
   </trkpt>
   <trkpt lat="51.1190300" lon="-0.5655520">
    <ele>54.2</ele>
    <time>2020-04-19T08:38:28Z</time>
   </trkpt>
   <trkpt lat="51.1190440" lon="-0.5655060">
    <ele>54.2</ele>
    <time>2020-04-19T08:38:30Z</time>
   </trkpt>
   <trkpt lat="51.1190430" lon="-0.5654990">
    <ele>54.2</ele>
    <time>2020-04-19T08:38:31Z</time>
   </trkpt>
   <trkpt lat="51.1190500" lon="-0.5654640">
    <ele>54.1</ele>
    <time>2020-04-19T08:38:33Z</time>
   </trkpt>
   <trkpt lat="51.1190580" lon="-0.5654170">
    <ele>54.1</ele>
    <time>2020-04-19T08:38:35Z</time>
   </trkpt>
   <trkpt lat="51.1190590" lon="-0.5654080">
    <ele>54.1</ele>
    <time>2020-04-19T08:38:36Z</time>
   </trkpt>
   <trkpt lat="51.1190600" lon="-0.5653750">
    <ele>54.1</ele>
    <time>2020-04-19T08:38:38Z</time>
   </trkpt>
   <trkpt lat="51.1190700" lon="-0.5653210">
    <ele>54.1</ele>
    <time>2020-04-19T08:38:40Z</time>
   </trkpt>
   <trkpt lat="51.1190720" lon="-0.5653100">
    <ele>54.1</ele>
    <time>2020-04-19T08:38:41Z</time>
   </trkpt>
   <trkpt lat="51.1190760" lon="-0.5652920">
    <ele>54.1</ele>
    <time>2020-04-19T08:38:42Z</time>
   </trkpt>
   <trkpt lat="51.1190790" lon="-0.5652720">
    <ele>54.1</ele>
    <time>2020-04-19T08:38:43Z</time>
   </trkpt>
   <trkpt lat="51.1190890" lon="-0.5652090">
    <ele>54.0</ele>
    <time>2020-04-19T08:38:45Z</time>
   </trkpt>
   <trkpt lat="51.1190900" lon="-0.5651950">
    <ele>54.0</ele>
    <time>2020-04-19T08:38:46Z</time>
   </trkpt>
   <trkpt lat="51.1190940" lon="-0.5651550">
    <ele>54.0</ele>
    <time>2020-04-19T08:38:48Z</time>
   </trkpt>
   <trkpt lat="51.1190990" lon="-0.5651090">
    <ele>54.0</ele>
    <time>2020-04-19T08:38:50Z</time>
   </trkpt>
   <trkpt lat="51.1191080" lon="-0.5650780">
    <ele>53.9</ele>
    <time>2020-04-19T08:38:51Z</time>
   </trkpt>
   <trkpt lat="51.1191190" lon="-0.5650460">
    <ele>53.9</ele>
    <time>2020-04-19T08:38:53Z</time>
   </trkpt>
   <trkpt lat="51.1191330" lon="-0.5650040">
    <ele>53.9</ele>
    <time>2020-04-19T08:38:55Z</time>
   </trkpt>
   <trkpt lat="51.1191410" lon="-0.5649720">
    <ele>53.9</ele>
    <time>2020-04-19T08:38:56Z</time>
   </trkpt>
   <trkpt lat="51.1191450" lon="-0.5649550">
    <ele>53.9</ele>
    <time>2020-04-19T08:38:57Z</time>
   </trkpt>
   <trkpt lat="51.1191490" lon="-0.5649360">
    <ele>53.9</ele>
    <time>2020-04-19T08:38:58Z</time>
   </trkpt>
   <trkpt lat="51.1191580" lon="-0.5648910">
    <ele>53.9</ele>
    <time>2020-04-19T08:39:00Z</time>
   </trkpt>
   <trkpt lat="51.1191740" lon="-0.5648220">
    <ele>53.9</ele>
    <time>2020-04-19T08:39:02Z</time>
   </trkpt>
   <trkpt lat="51.1191780" lon="-0.5648020">
    <ele>53.9</ele>
    <time>2020-04-19T08:39:04Z</time>
   </trkpt>
   <trkpt lat="51.1191810" lon="-0.5647810">
    <ele>53.9</ele>
    <time>2020-04-19T08:39:05Z</time>
   </trkpt>
   <trkpt lat="51.1191850" lon="-0.5647520">
    <ele>53.8</ele>
    <time>2020-04-19T08:39:06Z</time>
   </trkpt>
   <trkpt lat="51.1191880" lon="-0.5647210">
    <ele>53.8</ele>
    <time>2020-04-19T08:39:08Z</time>
   </trkpt>
   <trkpt lat="51.1191930" lon="-0.5646690">
    <ele>53.8</ele>
    <time>2020-04-19T08:39:10Z</time>
   </trkpt>
   <trkpt lat="51.1191950" lon="-0.5646550">
    <ele>53.8</ele>
    <time>2020-04-19T08:39:11Z</time>
   </trkpt>
   <trkpt lat="51.1192020" lon="-0.5646160">
    <ele>53.8</ele>
    <time>2020-04-19T08:39:12Z</time>
   </trkpt>
   <trkpt lat="51.1192060" lon="-0.5645930">
    <ele>53.8</ele>
    <time>2020-04-19T08:39:14Z</time>
   </trkpt>
   <trkpt lat="51.1192090" lon="-0.5645690">
    <ele>53.8</ele>
    <time>2020-04-19T08:39:15Z</time>
   </trkpt>
   <trkpt lat="51.1192120" lon="-0.5645460">
    <ele>53.8</ele>
    <time>2020-04-19T08:39:16Z</time>
   </trkpt>
   <trkpt lat="51.1192170" lon="-0.5645130">
    <ele>53.8</ele>
    <time>2020-04-19T08:39:18Z</time>
   </trkpt>
   <trkpt lat="51.1192220" lon="-0.5644790">
    <ele>53.8</ele>
    <time>2020-04-19T08:39:20Z</time>
   </trkpt>
   <trkpt lat="51.1192240" lon="-0.5644510">
    <ele>53.8</ele>
    <time>2020-04-19T08:39:21Z</time>
   </trkpt>
   <trkpt lat="51.1192260" lon="-0.5644190">
    <ele>53.8</ele>
    <time>2020-04-19T08:39:23Z</time>
   </trkpt>
   <trkpt lat="51.1192370" lon="-0.5643590">
    <ele>53.7</ele>
    <time>2020-04-19T08:39:25Z</time>
   </trkpt>
   <trkpt lat="51.1192410" lon="-0.5643410">
    <ele>53.7</ele>
    <time>2020-04-19T08:39:26Z</time>
   </trkpt>
   <trkpt lat="51.1192440" lon="-0.5643270">
    <ele>53.7</ele>
    <time>2020-04-19T08:39:27Z</time>
   </trkpt>
   <trkpt lat="51.1192530" lon="-0.5642820">
    <ele>53.7</ele>
    <time>2020-04-19T08:39:29Z</time>
   </trkpt>
   <trkpt lat="51.1192600" lon="-0.5642580">
    <ele>53.7</ele>
    <time>2020-04-19T08:39:30Z</time>
   </trkpt>
   <trkpt lat="51.1192790" lon="-0.5642100">
    <ele>53.7</ele>
    <time>2020-04-19T08:39:32Z</time>
   </trkpt>
   <trkpt lat="51.1192870" lon="-0.5641940">
    <ele>53.7</ele>
    <time>2020-04-19T08:39:33Z</time>
   </trkpt>
   <trkpt lat="51.1192940" lon="-0.5641780">
    <ele>53.7</ele>
    <time>2020-04-19T08:39:34Z</time>
   </trkpt>
   <trkpt lat="51.1193180" lon="-0.5641330">
    <ele>53.7</ele>
    <time>2020-04-19T08:39:36Z</time>
   </trkpt>
   <trkpt lat="51.1193220" lon="-0.5641250">
    <ele>53.7</ele>
    <time>2020-04-19T08:39:37Z</time>
   </trkpt>
   <trkpt lat="51.1193290" lon="-0.5641090">
    <ele>53.7</ele>
    <time>2020-04-19T08:39:38Z</time>
   </trkpt>
   <trkpt lat="51.1193410" lon="-0.5640840">
    <ele>53.7</ele>
    <time>2020-04-19T08:39:40Z</time>
   </trkpt>
   <trkpt lat="51.1193530" lon="-0.5640570">
    <ele>53.7</ele>
    <time>2020-04-19T08:39:41Z</time>
   </trkpt>
   <trkpt lat="51.1193610" lon="-0.5640460">
    <ele>53.7</ele>
    <time>2020-04-19T08:39:43Z</time>
   </trkpt>
   <trkpt lat="51.1193730" lon="-0.5640220">
    <ele>53.7</ele>
    <time>2020-04-19T08:39:45Z</time>
   </trkpt>
   <trkpt lat="51.1193890" lon="-0.5639930">
    <ele>53.7</ele>
    <time>2020-04-19T08:39:47Z</time>
   </trkpt>
   <trkpt lat="51.1193950" lon="-0.5639850">
    <ele>53.7</ele>
    <time>2020-04-19T08:39:48Z</time>
   </trkpt>
   <trkpt lat="51.1194130" lon="-0.5639610">
    <ele>53.8</ele>
    <time>2020-04-19T08:39:50Z</time>
   </trkpt>
   <trkpt lat="51.1194280" lon="-0.5639440">
    <ele>53.8</ele>
    <time>2020-04-19T08:39:51Z</time>
   </trkpt>
   <trkpt lat="51.1194360" lon="-0.5639370">
    <ele>53.8</ele>
    <time>2020-04-19T08:39:52Z</time>
   </trkpt>
   <trkpt lat="51.1194450" lon="-0.5639300">
    <ele>53.8</ele>
    <time>2020-04-19T08:39:53Z</time>
   </trkpt>
   <trkpt lat="51.1194660" lon="-0.5639140">
    <ele>53.8</ele>
    <time>2020-04-19T08:39:55Z</time>
   </trkpt>
   <trkpt lat="51.1194820" lon="-0.5639000">
    <ele>53.8</ele>
    <time>2020-04-19T08:39:56Z</time>
   </trkpt>
   <trkpt lat="51.1195020" lon="-0.5638910">
    <ele>53.9</ele>
    <time>2020-04-19T08:39:58Z</time>
   </trkpt>
   <trkpt lat="51.1195340" lon="-0.5638710">
    <ele>53.9</ele>
    <time>2020-04-19T08:40:00Z</time>
   </trkpt>
   <trkpt lat="51.1195430" lon="-0.5638650">
    <ele>53.9</ele>
    <time>2020-04-19T08:40:01Z</time>
   </trkpt>
   <trkpt lat="51.1195610" lon="-0.5638530">
    <ele>53.9</ele>
    <time>2020-04-19T08:40:03Z</time>
   </trkpt>
   <trkpt lat="51.1195850" lon="-0.5638350">
    <ele>53.9</ele>
    <time>2020-04-19T08:40:05Z</time>
   </trkpt>
   <trkpt lat="51.1196060" lon="-0.5638140">
    <ele>53.9</ele>
    <time>2020-04-19T08:40:06Z</time>
   </trkpt>
   <trkpt lat="51.1196220" lon="-0.5637990">
    <ele>54.0</ele>
    <time>2020-04-19T08:40:08Z</time>
   </trkpt>
   <trkpt lat="51.1196450" lon="-0.5637760">
    <ele>54.0</ele>
    <time>2020-04-19T08:40:10Z</time>
   </trkpt>
   <trkpt lat="51.1196620" lon="-0.5637620">
    <ele>54.0</ele>
    <time>2020-04-19T08:40:11Z</time>
   </trkpt>
   <trkpt lat="51.1196870" lon="-0.5637480">
    <ele>54.0</ele>
    <time>2020-04-19T08:40:13Z</time>
   </trkpt>
   <trkpt lat="51.1197020" lon="-0.5637390">
    <ele>54.0</ele>
    <time>2020-04-19T08:40:14Z</time>
   </trkpt>
   <trkpt lat="51.1197350" lon="-0.5637210">
    <ele>54.0</ele>
    <time>2020-04-19T08:40:16Z</time>
   </trkpt>
   <trkpt lat="51.1197540" lon="-0.5637150">
    <ele>54.1</ele>
    <time>2020-04-19T08:40:18Z</time>
   </trkpt>
   <trkpt lat="51.1197800" lon="-0.5637080">
    <ele>54.1</ele>
    <time>2020-04-19T08:40:20Z</time>
   </trkpt>
   <trkpt lat="51.1198090" lon="-0.5637010">
    <ele>54.1</ele>
    <time>2020-04-19T08:40:22Z</time>
   </trkpt>
   <trkpt lat="51.1198310" lon="-0.5636940">
    <ele>54.1</ele>
    <time>2020-04-19T08:40:24Z</time>
   </trkpt>
   <trkpt lat="51.1198630" lon="-0.5636880">
    <ele>54.1</ele>
    <time>2020-04-19T08:40:26Z</time>
   </trkpt>
   <trkpt lat="51.1198830" lon="-0.5636880">
    <ele>54.2</ele>
    <time>2020-04-19T08:40:28Z</time>
   </trkpt>
   <trkpt lat="51.1198960" lon="-0.5636860">
    <ele>54.2</ele>
    <time>2020-04-19T08:40:29Z</time>
   </trkpt>
   <trkpt lat="51.1199290" lon="-0.5636810">
    <ele>54.2</ele>
    <time>2020-04-19T08:40:31Z</time>
   </trkpt>
   <trkpt lat="51.1199500" lon="-0.5636820">
    <ele>54.2</ele>
    <time>2020-04-19T08:40:33Z</time>
   </trkpt>
   <trkpt lat="51.1199630" lon="-0.5636820">
    <ele>54.2</ele>
    <time>2020-04-19T08:40:34Z</time>
   </trkpt>
   <trkpt lat="51.1199940" lon="-0.5636840">
    <ele>54.2</ele>
    <time>2020-04-19T08:40:36Z</time>
   </trkpt>
   <trkpt lat="51.1200040" lon="-0.5636850">
    <ele>54.2</ele>
    <time>2020-04-19T08:40:37Z</time>
   </trkpt>
   <trkpt lat="51.1200270" lon="-0.5636880">
    <ele>54.3</ele>
    <time>2020-04-19T08:40:39Z</time>
   </trkpt>
   <trkpt lat="51.1200590" lon="-0.5637020">
    <ele>54.3</ele>
    <time>2020-04-19T08:40:41Z</time>
   </trkpt>
   <trkpt lat="51.1200840" lon="-0.5637120">
    <ele>54.3</ele>
    <time>2020-04-19T08:40:43Z</time>
   </trkpt>
   <trkpt lat="51.1201110" lon="-0.5637190">
    <ele>54.3</ele>
    <time>2020-04-19T08:40:45Z</time>
   </trkpt>
   <trkpt lat="51.1201300" lon="-0.5637200">
    <ele>54.3</ele>
    <time>2020-04-19T08:40:46Z</time>
   </trkpt>
   <trkpt lat="51.1201390" lon="-0.5637210">
    <ele>54.3</ele>
    <time>2020-04-19T08:40:47Z</time>
   </trkpt>
   <trkpt lat="51.1201490" lon="-0.5637220">
    <ele>54.3</ele>
    <time>2020-04-19T08:40:48Z</time>
   </trkpt>
   <trkpt lat="51.1201630" lon="-0.5637220">
    <ele>54.3</ele>
    <time>2020-04-19T08:40:49Z</time>
   </trkpt>
   <trkpt lat="51.1201940" lon="-0.5637210">
    <ele>54.3</ele>
    <time>2020-04-19T08:40:51Z</time>
   </trkpt>
   <trkpt lat="51.1202130" lon="-0.5637150">
    <ele>54.3</ele>
    <time>2020-04-19T08:40:53Z</time>
   </trkpt>
   <trkpt lat="51.1202370" lon="-0.5637060">
    <ele>54.3</ele>
    <time>2020-04-19T08:40:55Z</time>
   </trkpt>
   <trkpt lat="51.1202630" lon="-0.5637040">
    <ele>54.3</ele>
    <time>2020-04-19T08:40:56Z</time>
   </trkpt>
   <trkpt lat="51.1202850" lon="-0.5637010">
    <ele>54.3</ele>
    <time>2020-04-19T08:40:58Z</time>
   </trkpt>
   <trkpt lat="51.1202960" lon="-0.5636990">
    <ele>54.3</ele>
    <time>2020-04-19T08:40:59Z</time>
   </trkpt>
   <trkpt lat="51.1203230" lon="-0.5636990">
    <ele>54.3</ele>
    <time>2020-04-19T08:41:01Z</time>
   </trkpt>
   <trkpt lat="51.1203320" lon="-0.5636990">
    <ele>54.3</ele>
    <time>2020-04-19T08:41:02Z</time>
   </trkpt>
   <trkpt lat="51.1203410" lon="-0.5637000">
    <ele>54.3</ele>
    <time>2020-04-19T08:41:03Z</time>
   </trkpt>
   <trkpt lat="51.1203620" lon="-0.5637020">
    <ele>54.4</ele>
    <time>2020-04-19T08:41:05Z</time>
   </trkpt>
   <trkpt lat="51.1203770" lon="-0.5637050">
    <ele>54.4</ele>
    <time>2020-04-19T08:41:06Z</time>
   </trkpt>
   <trkpt lat="51.1203940" lon="-0.5637100">
    <ele>54.4</ele>
    <time>2020-04-19T08:41:08Z</time>
   </trkpt>
   <trkpt lat="51.1204050" lon="-0.5637130">
    <ele>54.4</ele>
    <time>2020-04-19T08:41:09Z</time>
   </trkpt>
   <trkpt lat="51.1204310" lon="-0.5637180">
    <ele>54.4</ele>
    <time>2020-04-19T08:41:11Z</time>
   </trkpt>
   <trkpt lat="51.1204370" lon="-0.5637210">
    <ele>54.4</ele>
    <time>2020-04-19T08:41:12Z</time>
   </trkpt>
   <trkpt lat="51.1204480" lon="-0.5637250">
    <ele>54.4</ele>
    <time>2020-04-19T08:41:13Z</time>
   </trkpt>
   <trkpt lat="51.1204700" lon="-0.5637340">
    <ele>54.4</ele>
    <time>2020-04-19T08:41:15Z</time>
   </trkpt>
   <trkpt lat="51.1204940" lon="-0.5637450">
    <ele>54.4</ele>
    <time>2020-04-19T08:41:17Z</time>
   </trkpt>
   <trkpt lat="51.1205100" lon="-0.5637520">
    <ele>54.4</ele>
    <time>2020-04-19T08:41:19Z</time>
   </trkpt>
   <trkpt lat="51.1205200" lon="-0.5637570">
    <ele>54.4</ele>
    <time>2020-04-19T08:41:20Z</time>
   </trkpt>
   <trkpt lat="51.1205400" lon="-0.5637630">
    <ele>54.4</ele>
    <time>2020-04-19T08:41:21Z</time>
   </trkpt>
   <trkpt lat="51.1205540" lon="-0.5637730">
    <ele>54.4</ele>
    <time>2020-04-19T08:41:23Z</time>
   </trkpt>
   <trkpt lat="51.1205740" lon="-0.5637870">
    <ele>54.4</ele>
    <time>2020-04-19T08:41:25Z</time>
   </trkpt>
   <trkpt lat="51.1206030" lon="-0.5638060">
    <ele>54.4</ele>
    <time>2020-04-19T08:41:26Z</time>
   </trkpt>
   <trkpt lat="51.1206160" lon="-0.5638150">
    <ele>54.4</ele>
    <time>2020-04-19T08:41:28Z</time>
   </trkpt>
   <trkpt lat="51.1206300" lon="-0.5638240">
    <ele>54.4</ele>
    <time>2020-04-19T08:41:30Z</time>
   </trkpt>
   <trkpt lat="51.1206430" lon="-0.5638330">
    <ele>54.4</ele>
    <time>2020-04-19T08:41:31Z</time>
   </trkpt>
   <trkpt lat="51.1206550" lon="-0.5638420">
    <ele>54.5</ele>
    <time>2020-04-19T08:41:33Z</time>
   </trkpt>
   <trkpt lat="51.1206780" lon="-0.5638550">
    <ele>54.5</ele>
    <time>2020-04-19T08:41:35Z</time>
   </trkpt>
   <trkpt lat="51.1206940" lon="-0.5638640">
    <ele>54.5</ele>
    <time>2020-04-19T08:41:36Z</time>
   </trkpt>
   <trkpt lat="51.1207140" lon="-0.5638760">
    <ele>54.6</ele>
    <time>2020-04-19T08:41:38Z</time>
   </trkpt>
   <trkpt lat="51.1207260" lon="-0.5638840">
    <ele>54.6</ele>
    <time>2020-04-19T08:41:39Z</time>
   </trkpt>
   <trkpt lat="51.1207540" lon="-0.5639000">
    <ele>54.6</ele>
    <time>2020-04-19T08:41:41Z</time>
   </trkpt>
   <trkpt lat="51.1207630" lon="-0.5639050">
    <ele>54.7</ele>
    <time>2020-04-19T08:41:42Z</time>
   </trkpt>
   <trkpt lat="51.1207860" lon="-0.5639210">
    <ele>54.7</ele>
    <time>2020-04-19T08:41:44Z</time>
   </trkpt>
   <trkpt lat="51.1208230" lon="-0.5639380">
    <ele>54.8</ele>
    <time>2020-04-19T08:41:46Z</time>
   </trkpt>
   <trkpt lat="51.1208380" lon="-0.5639470">
    <ele>54.9</ele>
    <time>2020-04-19T08:41:48Z</time>
   </trkpt>
   <trkpt lat="51.1208620" lon="-0.5639600">
    <ele>54.9</ele>
    <time>2020-04-19T08:41:50Z</time>
   </trkpt>
   <trkpt lat="51.1208830" lon="-0.5639710">
    <ele>55.0</ele>
    <time>2020-04-19T08:41:51Z</time>
   </trkpt>
   <trkpt lat="51.1209050" lon="-0.5639780">
    <ele>55.1</ele>
    <time>2020-04-19T08:41:53Z</time>
   </trkpt>
   <trkpt lat="51.1209170" lon="-0.5639840">
    <ele>55.1</ele>
    <time>2020-04-19T08:41:54Z</time>
   </trkpt>
   <trkpt lat="51.1209460" lon="-0.5639990">
    <ele>55.2</ele>
    <time>2020-04-19T08:41:56Z</time>
   </trkpt>
   <trkpt lat="51.1209560" lon="-0.5640040">
    <ele>55.2</ele>
    <time>2020-04-19T08:41:57Z</time>
   </trkpt>
   <trkpt lat="51.1209850" lon="-0.5640160">
    <ele>55.3</ele>
    <time>2020-04-19T08:41:59Z</time>
   </trkpt>
   <trkpt lat="51.1210190" lon="-0.5640300">
    <ele>55.3</ele>
    <time>2020-04-19T08:42:01Z</time>
   </trkpt>
   <trkpt lat="51.1210300" lon="-0.5640350">
    <ele>55.4</ele>
    <time>2020-04-19T08:42:02Z</time>
   </trkpt>
   <trkpt lat="51.1210570" lon="-0.5640480">
    <ele>55.4</ele>
    <time>2020-04-19T08:42:04Z</time>
   </trkpt>
   <trkpt lat="51.1210920" lon="-0.5640670">
    <ele>55.4</ele>
    <time>2020-04-19T08:42:06Z</time>
   </trkpt>
   <trkpt lat="51.1210970" lon="-0.5640680">
    <ele>55.4</ele>
    <time>2020-04-19T08:42:07Z</time>
   </trkpt>
   <trkpt lat="51.1211170" lon="-0.5640760">
    <ele>55.4</ele>
    <time>2020-04-19T08:42:09Z</time>
   </trkpt>
   <trkpt lat="51.1211440" lon="-0.5640910">
    <ele>55.4</ele>
    <time>2020-04-19T08:42:11Z</time>
   </trkpt>
   <trkpt lat="51.1211490" lon="-0.5640950">
    <ele>55.4</ele>
    <time>2020-04-19T08:42:12Z</time>
   </trkpt>
   <trkpt lat="51.1211660" lon="-0.5641070">
    <ele>55.4</ele>
    <time>2020-04-19T08:42:14Z</time>
   </trkpt>
   <trkpt lat="51.1211960" lon="-0.5641260">
    <ele>55.4</ele>
    <time>2020-04-19T08:42:16Z</time>
   </trkpt>
   <trkpt lat="51.1212190" lon="-0.5641510">
    <ele>55.5</ele>
    <time>2020-04-19T08:42:18Z</time>
   </trkpt>
   <trkpt lat="51.1212310" lon="-0.5641610">
    <ele>55.5</ele>
    <time>2020-04-19T08:42:19Z</time>
   </trkpt>
   <trkpt lat="51.1212420" lon="-0.5641720">
    <ele>55.5</ele>
    <time>2020-04-19T08:42:20Z</time>
   </trkpt>
   <trkpt lat="51.1212450" lon="-0.5641780">
    <ele>55.5</ele>
    <time>2020-04-19T08:42:22Z</time>
   </trkpt>
   <trkpt lat="51.1212540" lon="-0.5641880">
    <ele>55.5</ele>
    <time>2020-04-19T08:42:23Z</time>
   </trkpt>
   <trkpt lat="51.1212700" lon="-0.5642070">
    <ele>55.5</ele>
    <time>2020-04-19T08:42:25Z</time>
   </trkpt>
   <trkpt lat="51.1212940" lon="-0.5642180">
    <ele>55.5</ele>
    <time>2020-04-19T08:42:27Z</time>
   </trkpt>
   <trkpt lat="51.1213020" lon="-0.5642200">
    <ele>55.5</ele>
    <time>2020-04-19T08:42:28Z</time>
   </trkpt>
   <trkpt lat="51.1213160" lon="-0.5642230">
    <ele>55.5</ele>
    <time>2020-04-19T08:42:29Z</time>
   </trkpt>
   <trkpt lat="51.1213400" lon="-0.5642240">
    <ele>55.5</ele>
    <time>2020-04-19T08:42:31Z</time>
   </trkpt>
   <trkpt lat="51.1213610" lon="-0.5642270">
    <ele>55.5</ele>
    <time>2020-04-19T08:42:32Z</time>
   </trkpt>
   <trkpt lat="51.1213770" lon="-0.5642280">
    <ele>55.6</ele>
    <time>2020-04-19T08:42:34Z</time>
   </trkpt>
   <trkpt lat="51.1214110" lon="-0.5642370">
    <ele>55.6</ele>
    <time>2020-04-19T08:42:36Z</time>
   </trkpt>
   <trkpt lat="51.1214210" lon="-0.5642410">
    <ele>55.6</ele>
    <time>2020-04-19T08:42:37Z</time>
   </trkpt>
   <trkpt lat="51.1214290" lon="-0.5642410">
    <ele>55.6</ele>
    <time>2020-04-19T08:42:38Z</time>
   </trkpt>
   <trkpt lat="51.1214520" lon="-0.5642400">
    <ele>55.6</ele>
    <time>2020-04-19T08:42:40Z</time>
   </trkpt>
   <trkpt lat="51.1214670" lon="-0.5642410">
    <ele>55.6</ele>
    <time>2020-04-19T08:42:41Z</time>
   </trkpt>
   <trkpt lat="51.1214980" lon="-0.5642410">
    <ele>55.7</ele>
    <time>2020-04-19T08:42:43Z</time>
   </trkpt>
   <trkpt lat="51.1215100" lon="-0.5642380">
    <ele>55.7</ele>
    <time>2020-04-19T08:42:44Z</time>
   </trkpt>
   <trkpt lat="51.1215410" lon="-0.5642320">
    <ele>55.7</ele>
    <time>2020-04-19T08:42:46Z</time>
   </trkpt>
   <trkpt lat="51.1215590" lon="-0.5642240">
    <ele>55.7</ele>
    <time>2020-04-19T08:42:47Z</time>
   </trkpt>
   <trkpt lat="51.1215710" lon="-0.5642200">
    <ele>55.7</ele>
    <time>2020-04-19T08:42:48Z</time>
   </trkpt>
   <trkpt lat="51.1216030" lon="-0.5642130">
    <ele>55.7</ele>
    <time>2020-04-19T08:42:50Z</time>
   </trkpt>
   <trkpt lat="51.1216100" lon="-0.5642110">
    <ele>55.7</ele>
    <time>2020-04-19T08:42:51Z</time>
   </trkpt>
   <trkpt lat="51.1216390" lon="-0.5642040">
    <ele>55.7</ele>
    <time>2020-04-19T08:42:53Z</time>
   </trkpt>
   <trkpt lat="51.1216510" lon="-0.5642010">
    <ele>55.7</ele>
    <time>2020-04-19T08:42:54Z</time>
   </trkpt>
   <trkpt lat="51.1216810" lon="-0.5641990">
    <ele>55.8</ele>
    <time>2020-04-19T08:42:56Z</time>
   </trkpt>
   <trkpt lat="51.1217070" lon="-0.5641980">
    <ele>55.8</ele>
    <time>2020-04-19T08:42:58Z</time>
   </trkpt>
   <trkpt lat="51.1217310" lon="-0.5641990">
    <ele>55.8</ele>
    <time>2020-04-19T08:43:00Z</time>
   </trkpt>
   <trkpt lat="51.1217600" lon="-0.5642020">
    <ele>55.8</ele>
    <time>2020-04-19T08:43:02Z</time>
   </trkpt>
   <trkpt lat="51.1217680" lon="-0.5642030">
    <ele>55.8</ele>
    <time>2020-04-19T08:43:03Z</time>
   </trkpt>
   <trkpt lat="51.1217800" lon="-0.5642050">
    <ele>55.8</ele>
    <time>2020-04-19T08:43:04Z</time>
   </trkpt>
   <trkpt lat="51.1218030" lon="-0.5642110">
    <ele>55.9</ele>
    <time>2020-04-19T08:43:06Z</time>
   </trkpt>
   <trkpt lat="51.1218430" lon="-0.5642290">
    <ele>55.9</ele>
    <time>2020-04-19T08:43:08Z</time>
   </trkpt>
   <trkpt lat="51.1218560" lon="-0.5642350">
    <ele>55.9</ele>
    <time>2020-04-19T08:43:10Z</time>
   </trkpt>
   <trkpt lat="51.1218680" lon="-0.5642420">
    <ele>55.9</ele>
    <time>2020-04-19T08:43:11Z</time>
   </trkpt>
   <trkpt lat="51.1218880" lon="-0.5642560">
    <ele>55.9</ele>
    <time>2020-04-19T08:43:12Z</time>
   </trkpt>
   <trkpt lat="51.1219040" lon="-0.5642710">
    <ele>55.9</ele>
    <time>2020-04-19T08:43:14Z</time>
   </trkpt>
   <trkpt lat="51.1219340" lon="-0.5642950">
    <ele>55.9</ele>
    <time>2020-04-19T08:43:16Z</time>
   </trkpt>
   <trkpt lat="51.1219420" lon="-0.5643020">
    <ele>56.0</ele>
    <time>2020-04-19T08:43:17Z</time>
   </trkpt>
   <trkpt lat="51.1219470" lon="-0.5643080">
    <ele>56.0</ele>
    <time>2020-04-19T08:43:18Z</time>
   </trkpt>
   <trkpt lat="51.1219660" lon="-0.5643250">
    <ele>56.0</ele>
    <time>2020-04-19T08:43:20Z</time>
   </trkpt>
   <trkpt lat="51.1219760" lon="-0.5643350">
    <ele>56.0</ele>
    <time>2020-04-19T08:43:21Z</time>
   </trkpt>
   <trkpt lat="51.1219910" lon="-0.5643460">
    <ele>56.0</ele>
    <time>2020-04-19T08:43:22Z</time>
   </trkpt>
   <trkpt lat="51.1220010" lon="-0.5643530">
    <ele>56.0</ele>
    <time>2020-04-19T08:43:23Z</time>
   </trkpt>
   <trkpt lat="51.1220230" lon="-0.5643690">
    <ele>56.0</ele>
    <time>2020-04-19T08:43:25Z</time>
   </trkpt>
   <trkpt lat="51.1220550" lon="-0.5643940">
    <ele>56.0</ele>
    <time>2020-04-19T08:43:27Z</time>
   </trkpt>
   <trkpt lat="51.1220630" lon="-0.5644040">
    <ele>56.0</ele>
    <time>2020-04-19T08:43:28Z</time>
   </trkpt>
   <trkpt lat="51.1220820" lon="-0.5644280">
    <ele>56.1</ele>
    <time>2020-04-19T08:43:30Z</time>
   </trkpt>
   <trkpt lat="51.1221120" lon="-0.5644600">
    <ele>56.1</ele>
    <time>2020-04-19T08:43:32Z</time>
   </trkpt>
   <trkpt lat="51.1221180" lon="-0.5644680">
    <ele>56.1</ele>
    <time>2020-04-19T08:43:33Z</time>
   </trkpt>
   <trkpt lat="51.1221300" lon="-0.5644800">
    <ele>56.1</ele>
    <time>2020-04-19T08:43:34Z</time>
   </trkpt>
   <trkpt lat="51.1221530" lon="-0.5645050">
    <ele>56.1</ele>
    <time>2020-04-19T08:43:36Z</time>
   </trkpt>
   <trkpt lat="51.1221680" lon="-0.5645210">
    <ele>56.1</ele>
    <time>2020-04-19T08:43:37Z</time>
   </trkpt>
   <trkpt lat="51.1221890" lon="-0.5645410">
    <ele>56.1</ele>
    <time>2020-04-19T08:43:39Z</time>
   </trkpt>
   <trkpt lat="51.1222000" lon="-0.5645490">
    <ele>56.1</ele>
    <time>2020-04-19T08:43:40Z</time>
   </trkpt>
   <trkpt lat="51.1222140" lon="-0.5645580">
    <ele>56.1</ele>
    <time>2020-04-19T08:43:41Z</time>
   </trkpt>
   <trkpt lat="51.1222430" lon="-0.5645730">
    <ele>56.1</ele>
    <time>2020-04-19T08:43:43Z</time>
   </trkpt>
   <trkpt lat="51.1222670" lon="-0.5645840">
    <ele>56.1</ele>
    <time>2020-04-19T08:43:45Z</time>
   </trkpt>
   <trkpt lat="51.1223020" lon="-0.5646050">
    <ele>56.2</ele>
    <time>2020-04-19T08:43:47Z</time>
   </trkpt>
   <trkpt lat="51.1223160" lon="-0.5646130">
    <ele>56.2</ele>
    <time>2020-04-19T08:43:49Z</time>
   </trkpt>
   <trkpt lat="51.1223390" lon="-0.5646160">
    <ele>56.2</ele>
    <time>2020-04-19T08:43:51Z</time>
   </trkpt>
   <trkpt lat="51.1223570" lon="-0.5646110">
    <ele>56.2</ele>
    <time>2020-04-19T08:43:52Z</time>
   </trkpt>
   <trkpt lat="51.1223680" lon="-0.5646120">
    <ele>56.2</ele>
    <time>2020-04-19T08:43:53Z</time>
   </trkpt>
   <trkpt lat="51.1223910" lon="-0.5646090">
    <ele>56.2</ele>
    <time>2020-04-19T08:43:55Z</time>
   </trkpt>
   <trkpt lat="51.1224230" lon="-0.5645990">
    <ele>56.2</ele>
    <time>2020-04-19T08:43:57Z</time>
   </trkpt>
   <trkpt lat="51.1224310" lon="-0.5645960">
    <ele>56.2</ele>
    <time>2020-04-19T08:43:58Z</time>
   </trkpt>
   <trkpt lat="51.1224390" lon="-0.5645910">
    <ele>56.2</ele>
    <time>2020-04-19T08:43:59Z</time>
   </trkpt>
   <trkpt lat="51.1224560" lon="-0.5645710">
    <ele>56.2</ele>
    <time>2020-04-19T08:44:01Z</time>
   </trkpt>
   <trkpt lat="51.1224760" lon="-0.5645420">
    <ele>56.2</ele>
    <time>2020-04-19T08:44:03Z</time>
   </trkpt>
   <trkpt lat="51.1224820" lon="-0.5645270">
    <ele>56.2</ele>
    <time>2020-04-19T08:44:04Z</time>
   </trkpt>
   <trkpt lat="51.1224950" lon="-0.5644880">
    <ele>56.2</ele>
    <time>2020-04-19T08:44:06Z</time>
   </trkpt>
   <trkpt lat="51.1225150" lon="-0.5644400">
    <ele>56.3</ele>
    <time>2020-04-19T08:44:08Z</time>
   </trkpt>
   <trkpt lat="51.1225240" lon="-0.5644050">
    <ele>56.3</ele>
    <time>2020-04-19T08:44:09Z</time>
   </trkpt>
   <trkpt lat="51.1225330" lon="-0.5643620">
    <ele>56.3</ele>
    <time>2020-04-19T08:44:12Z</time>
   </trkpt>
   <trkpt lat="51.1225380" lon="-0.5643040">
    <ele>56.3</ele>
    <time>2020-04-19T08:44:14Z</time>
   </trkpt>
   <trkpt lat="51.1225550" lon="-0.5642370">
    <ele>56.3</ele>
    <time>2020-04-19T08:44:16Z</time>
   </trkpt>
   <trkpt lat="51.1225600" lon="-0.5642180">
    <ele>56.3</ele>
    <time>2020-04-19T08:44:17Z</time>
   </trkpt>
   <trkpt lat="51.1225640" lon="-0.5641990">
    <ele>56.3</ele>
    <time>2020-04-19T08:44:18Z</time>
   </trkpt>
   <trkpt lat="51.1225800" lon="-0.5641440">
    <ele>56.3</ele>
    <time>2020-04-19T08:44:20Z</time>
   </trkpt>
   <trkpt lat="51.1226030" lon="-0.5640840">
    <ele>56.3</ele>
    <time>2020-04-19T08:44:22Z</time>
   </trkpt>
   <trkpt lat="51.1226090" lon="-0.5640640">
    <ele>56.3</ele>
    <time>2020-04-19T08:44:23Z</time>
   </trkpt>
   <trkpt lat="51.1226250" lon="-0.5640150">
    <ele>56.3</ele>
    <time>2020-04-19T08:44:25Z</time>
   </trkpt>
   <trkpt lat="51.1226470" lon="-0.5639500">
    <ele>56.4</ele>
    <time>2020-04-19T08:44:27Z</time>
   </trkpt>
   <trkpt lat="51.1226610" lon="-0.5639120">
    <ele>56.4</ele>
    <time>2020-04-19T08:44:29Z</time>
   </trkpt>
   <trkpt lat="51.1226770" lon="-0.5638710">
    <ele>56.4</ele>
    <time>2020-04-19T08:44:31Z</time>
   </trkpt>
   <trkpt lat="51.1226880" lon="-0.5638430">
    <ele>56.4</ele>
    <time>2020-04-19T08:44:32Z</time>
   </trkpt>
   <trkpt lat="51.1227040" lon="-0.5638170">
    <ele>56.4</ele>
    <time>2020-04-19T08:44:34Z</time>
   </trkpt>
   <trkpt lat="51.1227320" lon="-0.5637740">
    <ele>56.4</ele>
    <time>2020-04-19T08:44:36Z</time>
   </trkpt>
   <trkpt lat="51.1227410" lon="-0.5637580">
    <ele>56.4</ele>
    <time>2020-04-19T08:44:37Z</time>
   </trkpt>
   <trkpt lat="51.1227520" lon="-0.5637400">
    <ele>56.4</ele>
    <time>2020-04-19T08:44:39Z</time>
   </trkpt>
   <trkpt lat="51.1227590" lon="-0.5637250">
    <ele>56.4</ele>
    <time>2020-04-19T08:44:40Z</time>
   </trkpt>
   <trkpt lat="51.1227770" lon="-0.5636890">
    <ele>56.4</ele>
    <time>2020-04-19T08:44:42Z</time>
   </trkpt>
   <trkpt lat="51.1227880" lon="-0.5636660">
    <ele>56.4</ele>
    <time>2020-04-19T08:44:44Z</time>
   </trkpt>
   <trkpt lat="51.1228010" lon="-0.5636400">
    <ele>56.4</ele>
    <time>2020-04-19T08:44:46Z</time>
   </trkpt>
   <trkpt lat="51.1228120" lon="-0.5636160">
    <ele>56.4</ele>
    <time>2020-04-19T08:44:47Z</time>
   </trkpt>
   <trkpt lat="51.1228260" lon="-0.5635940">
    <ele>56.4</ele>
    <time>2020-04-19T08:44:49Z</time>
   </trkpt>
   <trkpt lat="51.1228400" lon="-0.5635710">
    <ele>56.4</ele>
    <time>2020-04-19T08:44:50Z</time>
   </trkpt>
   <trkpt lat="51.1228520" lon="-0.5635480">
    <ele>56.4</ele>
    <time>2020-04-19T08:44:52Z</time>
   </trkpt>
   <trkpt lat="51.1228660" lon="-0.5635210">
    <ele>56.4</ele>
    <time>2020-04-19T08:44:54Z</time>
   </trkpt>
   <trkpt lat="51.1228820" lon="-0.5634940">
    <ele>56.4</ele>
    <time>2020-04-19T08:44:56Z</time>
   </trkpt>
   <trkpt lat="51.1228970" lon="-0.5634730">
    <ele>56.4</ele>
    <time>2020-04-19T08:44:57Z</time>
   </trkpt>
   <trkpt lat="51.1229090" lon="-0.5634460">
    <ele>56.5</ele>
    <time>2020-04-19T08:44:59Z</time>
   </trkpt>
   <trkpt lat="51.1229180" lon="-0.5634290">
    <ele>56.5</ele>
    <time>2020-04-19T08:45:00Z</time>
   </trkpt>
   <trkpt lat="51.1229410" lon="-0.5633770">
    <ele>56.5</ele>
    <time>2020-04-19T08:45:02Z</time>
   </trkpt>
   <trkpt lat="51.1229530" lon="-0.5633520">
    <ele>56.5</ele>
    <time>2020-04-19T08:45:04Z</time>
   </trkpt>
   <trkpt lat="51.1229620" lon="-0.5633370">
    <ele>56.5</ele>
    <time>2020-04-19T08:45:05Z</time>
   </trkpt>
   <trkpt lat="51.1229840" lon="-0.5632850">
    <ele>56.5</ele>
    <time>2020-04-19T08:45:07Z</time>
   </trkpt>
   <trkpt lat="51.1229870" lon="-0.5632720">
    <ele>56.5</ele>
    <time>2020-04-19T08:45:08Z</time>
   </trkpt>
   <trkpt lat="51.1229930" lon="-0.5632550">
    <ele>56.5</ele>
    <time>2020-04-19T08:45:09Z</time>
   </trkpt>
   <trkpt lat="51.1230000" lon="-0.5632390">
    <ele>56.5</ele>
    <time>2020-04-19T08:45:10Z</time>
   </trkpt>
   <trkpt lat="51.1230190" lon="-0.5631960">
    <ele>56.5</ele>
    <time>2020-04-19T08:45:12Z</time>
   </trkpt>
   <trkpt lat="51.1230280" lon="-0.5631670">
    <ele>56.5</ele>
    <time>2020-04-19T08:45:14Z</time>
   </trkpt>
   <trkpt lat="51.1230360" lon="-0.5631550">
    <ele>56.5</ele>
    <time>2020-04-19T08:45:15Z</time>
   </trkpt>
   <trkpt lat="51.1230590" lon="-0.5631180">
    <ele>56.5</ele>
    <time>2020-04-19T08:45:17Z</time>
   </trkpt>
   <trkpt lat="51.1230620" lon="-0.5631150">
    <ele>56.5</ele>
    <time>2020-04-19T08:45:18Z</time>
   </trkpt>
   <trkpt lat="51.1230750" lon="-0.5630940">
    <ele>56.5</ele>
    <time>2020-04-19T08:45:20Z</time>
   </trkpt>
   <trkpt lat="51.1230820" lon="-0.5630820">
    <ele>56.5</ele>
    <time>2020-04-19T08:45:21Z</time>
   </trkpt>
   <trkpt lat="51.1230960" lon="-0.5630590">
    <ele>56.5</ele>
    <time>2020-04-19T08:45:22Z</time>
   </trkpt>
   <trkpt lat="51.1230990" lon="-0.5630550">
    <ele>56.5</ele>
    <time>2020-04-19T08:45:23Z</time>
   </trkpt>
   <trkpt lat="51.1231100" lon="-0.5630390">
    <ele>56.5</ele>
    <time>2020-04-19T08:45:25Z</time>
   </trkpt>
   <trkpt lat="51.1231310" lon="-0.5630050">
    <ele>56.5</ele>
    <time>2020-04-19T08:45:27Z</time>
   </trkpt>
   <trkpt lat="51.1231360" lon="-0.5629970">
    <ele>56.5</ele>
    <time>2020-04-19T08:45:28Z</time>
   </trkpt>
   <trkpt lat="51.1231490" lon="-0.5629750">
    <ele>56.5</ele>
    <time>2020-04-19T08:45:30Z</time>
   </trkpt>
   <trkpt lat="51.1231710" lon="-0.5629460">
    <ele>56.5</ele>
    <time>2020-04-19T08:45:32Z</time>
   </trkpt>
   <trkpt lat="51.1231880" lon="-0.5629270">
    <ele>56.5</ele>
    <time>2020-04-19T08:45:34Z</time>
   </trkpt>
   <trkpt lat="51.1231980" lon="-0.5629170">
    <ele>56.5</ele>
    <time>2020-04-19T08:45:35Z</time>
   </trkpt>
   <trkpt lat="51.1232280" lon="-0.5628820">
    <ele>56.5</ele>
    <time>2020-04-19T08:45:37Z</time>
   </trkpt>
   <trkpt lat="51.1232350" lon="-0.5628750">
    <ele>56.5</ele>
    <time>2020-04-19T08:45:38Z</time>
   </trkpt>
   <trkpt lat="51.1232440" lon="-0.5628640">
    <ele>56.5</ele>
    <time>2020-04-19T08:45:39Z</time>
   </trkpt>
   <trkpt lat="51.1232560" lon="-0.5628480">
    <ele>56.5</ele>
    <time>2020-04-19T08:45:40Z</time>
   </trkpt>
   <trkpt lat="51.1232870" lon="-0.5628100">
    <ele>56.5</ele>
    <time>2020-04-19T08:45:42Z</time>
   </trkpt>
   <trkpt lat="51.1233060" lon="-0.5627880">
    <ele>56.5</ele>
    <time>2020-04-19T08:45:44Z</time>
   </trkpt>
   <trkpt lat="51.1233270" lon="-0.5627580">
    <ele>56.5</ele>
    <time>2020-04-19T08:45:46Z</time>
   </trkpt>
   <trkpt lat="51.1233370" lon="-0.5627360">
    <ele>56.5</ele>
    <time>2020-04-19T08:45:47Z</time>
   </trkpt>
   <trkpt lat="51.1233520" lon="-0.5627000">
    <ele>56.5</ele>
    <time>2020-04-19T08:45:49Z</time>
   </trkpt>
   <trkpt lat="51.1233700" lon="-0.5626710">
    <ele>56.5</ele>
    <time>2020-04-19T08:45:51Z</time>
   </trkpt>
   <trkpt lat="51.1233900" lon="-0.5626390">
    <ele>56.5</ele>
    <time>2020-04-19T08:45:53Z</time>
   </trkpt>
   <trkpt lat="51.1234050" lon="-0.5626150">
    <ele>56.5</ele>
    <time>2020-04-19T08:45:55Z</time>
   </trkpt>
   <trkpt lat="51.1234250" lon="-0.5625800">
    <ele>56.5</ele>
    <time>2020-04-19T08:45:57Z</time>
   </trkpt>
   <trkpt lat="51.1234300" lon="-0.5625710">
    <ele>56.5</ele>
    <time>2020-04-19T08:45:58Z</time>
   </trkpt>
   <trkpt lat="51.1234420" lon="-0.5625480">
    <ele>56.5</ele>
    <time>2020-04-19T08:46:00Z</time>
   </trkpt>
   <trkpt lat="51.1234630" lon="-0.5625140">
    <ele>56.6</ele>
    <time>2020-04-19T08:46:02Z</time>
   </trkpt>
   <trkpt lat="51.1234670" lon="-0.5625080">
    <ele>56.6</ele>
    <time>2020-04-19T08:46:03Z</time>
   </trkpt>
   <trkpt lat="51.1234800" lon="-0.5624830">
    <ele>56.6</ele>
    <time>2020-04-19T08:46:05Z</time>
   </trkpt>
   <trkpt lat="51.1234990" lon="-0.5624500">
    <ele>56.7</ele>
    <time>2020-04-19T08:46:07Z</time>
   </trkpt>
   <trkpt lat="51.1235070" lon="-0.5624360">
    <ele>56.7</ele>
    <time>2020-04-19T08:46:08Z</time>
   </trkpt>
   <trkpt lat="51.1235250" lon="-0.5624110">
    <ele>56.8</ele>
    <time>2020-04-19T08:46:10Z</time>
   </trkpt>
   <trkpt lat="51.1235490" lon="-0.5623650">
    <ele>56.8</ele>
    <time>2020-04-19T08:46:12Z</time>
   </trkpt>
   <trkpt lat="51.1235550" lon="-0.5623540">
    <ele>56.9</ele>
    <time>2020-04-19T08:46:13Z</time>
   </trkpt>
   <trkpt lat="51.1235620" lon="-0.5623390">
    <ele>56.9</ele>
    <time>2020-04-19T08:46:14Z</time>
   </trkpt>
   <trkpt lat="51.1235820" lon="-0.5623030">
    <ele>57.0</ele>
    <time>2020-04-19T08:46:16Z</time>
   </trkpt>
   <trkpt lat="51.1236030" lon="-0.5622700">
    <ele>57.0</ele>
    <time>2020-04-19T08:46:17Z</time>
   </trkpt>
   <trkpt lat="51.1236120" lon="-0.5622560">
    <ele>57.1</ele>
    <time>2020-04-19T08:46:18Z</time>
   </trkpt>
   <trkpt lat="51.1236180" lon="-0.5622460">
    <ele>57.1</ele>
    <time>2020-04-19T08:46:19Z</time>
   </trkpt>
   <trkpt lat="51.1236390" lon="-0.5622150">
    <ele>57.2</ele>
    <time>2020-04-19T08:46:21Z</time>
   </trkpt>
   <trkpt lat="51.1236590" lon="-0.5621870">
    <ele>57.2</ele>
    <time>2020-04-19T08:46:22Z</time>
   </trkpt>
   <trkpt lat="51.1236660" lon="-0.5621750">
    <ele>57.2</ele>
    <time>2020-04-19T08:46:23Z</time>
   </trkpt>
   <trkpt lat="51.1236860" lon="-0.5621490">
    <ele>57.3</ele>
    <time>2020-04-19T08:46:25Z</time>
   </trkpt>
   <trkpt lat="51.1237050" lon="-0.5621250">
    <ele>57.4</ele>
    <time>2020-04-19T08:46:27Z</time>
   </trkpt>
   <trkpt lat="51.1237190" lon="-0.5621050">
    <ele>57.4</ele>
    <time>2020-04-19T08:46:28Z</time>
   </trkpt>
   <trkpt lat="51.1237380" lon="-0.5620760">
    <ele>57.5</ele>
    <time>2020-04-19T08:46:30Z</time>
   </trkpt>
   <trkpt lat="51.1237560" lon="-0.5620400">
    <ele>57.5</ele>
    <time>2020-04-19T08:46:32Z</time>
   </trkpt>
   <trkpt lat="51.1237670" lon="-0.5620110">
    <ele>57.6</ele>
    <time>2020-04-19T08:46:33Z</time>
   </trkpt>
   <trkpt lat="51.1237740" lon="-0.5619980">
    <ele>57.6</ele>
    <time>2020-04-19T08:46:34Z</time>
   </trkpt>
   <trkpt lat="51.1237920" lon="-0.5619700">
    <ele>57.7</ele>
    <time>2020-04-19T08:46:36Z</time>
   </trkpt>
   <trkpt lat="51.1238150" lon="-0.5619250">
    <ele>57.8</ele>
    <time>2020-04-19T08:46:38Z</time>
   </trkpt>
   <trkpt lat="51.1238280" lon="-0.5618990">
    <ele>57.9</ele>
    <time>2020-04-19T08:46:40Z</time>
   </trkpt>
   <trkpt lat="51.1238460" lon="-0.5618650">
    <ele>58.0</ele>
    <time>2020-04-19T08:46:42Z</time>
   </trkpt>
   <trkpt lat="51.1238600" lon="-0.5618430">
    <ele>58.0</ele>
    <time>2020-04-19T08:46:43Z</time>
   </trkpt>
   <trkpt lat="51.1238740" lon="-0.5618180">
    <ele>58.1</ele>
    <time>2020-04-19T08:46:45Z</time>
   </trkpt>
   <trkpt lat="51.1238940" lon="-0.5617850">
    <ele>58.1</ele>
    <time>2020-04-19T08:46:47Z</time>
   </trkpt>
   <trkpt lat="51.1239160" lon="-0.5617480">
    <ele>58.2</ele>
    <time>2020-04-19T08:46:49Z</time>
   </trkpt>
   <trkpt lat="51.1239330" lon="-0.5617200">
    <ele>58.2</ele>
    <time>2020-04-19T08:46:51Z</time>
   </trkpt>
   <trkpt lat="51.1239400" lon="-0.5617060">
    <ele>58.3</ele>
    <time>2020-04-19T08:46:52Z</time>
   </trkpt>
   <trkpt lat="51.1239520" lon="-0.5616850">
    <ele>58.3</ele>
    <time>2020-04-19T08:46:53Z</time>
   </trkpt>
   <trkpt lat="51.1239670" lon="-0.5616590">
    <ele>58.3</ele>
    <time>2020-04-19T08:46:55Z</time>
   </trkpt>
   <trkpt lat="51.1239850" lon="-0.5616270">
    <ele>58.4</ele>
    <time>2020-04-19T08:46:57Z</time>
   </trkpt>
   <trkpt lat="51.1239990" lon="-0.5616040">
    <ele>58.4</ele>
    <time>2020-04-19T08:46:58Z</time>
   </trkpt>
   <trkpt lat="51.1240120" lon="-0.5615900">
    <ele>58.4</ele>
    <time>2020-04-19T08:47:00Z</time>
   </trkpt>
   <trkpt lat="51.1240370" lon="-0.5615600">
    <ele>58.5</ele>
    <time>2020-04-19T08:47:02Z</time>
   </trkpt>
   <trkpt lat="51.1240440" lon="-0.5615510">
    <ele>58.5</ele>
    <time>2020-04-19T08:47:03Z</time>
   </trkpt>
   <trkpt lat="51.1240580" lon="-0.5615370">
    <ele>58.5</ele>
    <time>2020-04-19T08:47:04Z</time>
   </trkpt>
   <trkpt lat="51.1240670" lon="-0.5615270">
    <ele>58.5</ele>
    <time>2020-04-19T08:47:06Z</time>
   </trkpt>
   <trkpt lat="51.1240760" lon="-0.5615170">
    <ele>58.5</ele>
    <time>2020-04-19T08:47:07Z</time>
   </trkpt>
   <trkpt lat="51.1240880" lon="-0.5615050">
    <ele>58.6</ele>
    <time>2020-04-19T08:47:08Z</time>
   </trkpt>
   <trkpt lat="51.1241070" lon="-0.5614850">
    <ele>58.6</ele>
    <time>2020-04-19T08:47:10Z</time>
   </trkpt>
   <trkpt lat="51.1241370" lon="-0.5614490">
    <ele>58.6</ele>
    <time>2020-04-19T08:47:12Z</time>
   </trkpt>
   <trkpt lat="51.1241450" lon="-0.5614380">
    <ele>58.6</ele>
    <time>2020-04-19T08:47:13Z</time>
   </trkpt>
   <trkpt lat="51.1241620" lon="-0.5614150">
    <ele>58.7</ele>
    <time>2020-04-19T08:47:15Z</time>
   </trkpt>
   <trkpt lat="51.1241810" lon="-0.5613910">
    <ele>58.7</ele>
    <time>2020-04-19T08:47:17Z</time>
   </trkpt>
   <trkpt lat="51.1241940" lon="-0.5613720">
    <ele>58.8</ele>
    <time>2020-04-19T08:47:18Z</time>
   </trkpt>
   <trkpt lat="51.1242100" lon="-0.5613480">
    <ele>58.8</ele>
    <time>2020-04-19T08:47:20Z</time>
   </trkpt>
   <trkpt lat="51.1242380" lon="-0.5613120">
    <ele>58.9</ele>
    <time>2020-04-19T08:47:22Z</time>
   </trkpt>
   <trkpt lat="51.1242450" lon="-0.5613020">
    <ele>58.9</ele>
    <time>2020-04-19T08:47:23Z</time>
   </trkpt>
   <trkpt lat="51.1242620" lon="-0.5612850">
    <ele>59.0</ele>
    <time>2020-04-19T08:47:25Z</time>
   </trkpt>
   <trkpt lat="51.1242800" lon="-0.5612640">
    <ele>59.0</ele>
    <time>2020-04-19T08:47:27Z</time>
   </trkpt>
   <trkpt lat="51.1242990" lon="-0.5612420">
    <ele>59.1</ele>
    <time>2020-04-19T08:47:28Z</time>
   </trkpt>
   <trkpt lat="51.1243090" lon="-0.5612280">
    <ele>59.1</ele>
    <time>2020-04-19T08:47:29Z</time>
   </trkpt>
   <trkpt lat="51.1243300" lon="-0.5611970">
    <ele>59.2</ele>
    <time>2020-04-19T08:47:31Z</time>
   </trkpt>
   <trkpt lat="51.1243400" lon="-0.5611820">
    <ele>59.2</ele>
    <time>2020-04-19T08:47:32Z</time>
   </trkpt>
   <trkpt lat="51.1243540" lon="-0.5611620">
    <ele>59.3</ele>
    <time>2020-04-19T08:47:33Z</time>
   </trkpt>
   <trkpt lat="51.1243620" lon="-0.5611480">
    <ele>59.3</ele>
    <time>2020-04-19T08:47:34Z</time>
   </trkpt>
   <trkpt lat="51.1243720" lon="-0.5611320">
    <ele>59.3</ele>
    <time>2020-04-19T08:47:35Z</time>
   </trkpt>
   <trkpt lat="51.1243920" lon="-0.5610990">
    <ele>59.4</ele>
    <time>2020-04-19T08:47:37Z</time>
   </trkpt>
   <trkpt lat="51.1244050" lon="-0.5610770">
    <ele>59.4</ele>
    <time>2020-04-19T08:47:38Z</time>
   </trkpt>
   <trkpt lat="51.1244100" lon="-0.5610680">
    <ele>59.4</ele>
    <time>2020-04-19T08:47:39Z</time>
   </trkpt>
   <trkpt lat="51.1244250" lon="-0.5610460">
    <ele>59.4</ele>
    <time>2020-04-19T08:47:41Z</time>
   </trkpt>
   <trkpt lat="51.1244330" lon="-0.5610330">
    <ele>59.4</ele>
    <time>2020-04-19T08:47:42Z</time>
   </trkpt>
   <trkpt lat="51.1244440" lon="-0.5610140">
    <ele>59.5</ele>
    <time>2020-04-19T08:47:43Z</time>
   </trkpt>
   <trkpt lat="51.1244470" lon="-0.5610060">
    <ele>59.5</ele>
    <time>2020-04-19T08:47:44Z</time>
   </trkpt>
   <trkpt lat="51.1244610" lon="-0.5609780">
    <ele>59.5</ele>
    <time>2020-04-19T08:47:46Z</time>
   </trkpt>
   <trkpt lat="51.1244690" lon="-0.5609650">
    <ele>59.5</ele>
    <time>2020-04-19T08:47:47Z</time>
   </trkpt>
   <trkpt lat="51.1244810" lon="-0.5609460">
    <ele>59.5</ele>
    <time>2020-04-19T08:47:48Z</time>
   </trkpt>
   <trkpt lat="51.1244850" lon="-0.5609380">
    <ele>59.5</ele>
    <time>2020-04-19T08:47:49Z</time>
   </trkpt>
   <trkpt lat="51.1245000" lon="-0.5609090">
    <ele>59.5</ele>
    <time>2020-04-19T08:47:51Z</time>
   </trkpt>
   <trkpt lat="51.1245260" lon="-0.5608630">
    <ele>59.6</ele>
    <time>2020-04-19T08:47:53Z</time>
   </trkpt>
   <trkpt lat="51.1245300" lon="-0.5608530">
    <ele>59.6</ele>
    <time>2020-04-19T08:47:54Z</time>
   </trkpt>
   <trkpt lat="51.1245370" lon="-0.5608410">
    <ele>59.6</ele>
    <time>2020-04-19T08:47:55Z</time>
   </trkpt>
   <trkpt lat="51.1245530" lon="-0.5608140">
    <ele>59.6</ele>
    <time>2020-04-19T08:47:57Z</time>
   </trkpt>
   <trkpt lat="51.1245660" lon="-0.5607920">
    <ele>59.7</ele>
    <time>2020-04-19T08:47:58Z</time>
   </trkpt>
   <trkpt lat="51.1245710" lon="-0.5607810">
    <ele>59.7</ele>
    <time>2020-04-19T08:47:59Z</time>
   </trkpt>
   <trkpt lat="51.1245870" lon="-0.5607510">
    <ele>59.7</ele>
    <time>2020-04-19T08:48:01Z</time>
   </trkpt>
   <trkpt lat="51.1246080" lon="-0.5607120">
    <ele>59.8</ele>
    <time>2020-04-19T08:48:03Z</time>
   </trkpt>
   <trkpt lat="51.1246220" lon="-0.5606900">
    <ele>59.8</ele>
    <time>2020-04-19T08:48:05Z</time>
   </trkpt>
   <trkpt lat="51.1246310" lon="-0.5606760">
    <ele>59.8</ele>
    <time>2020-04-19T08:48:06Z</time>
   </trkpt>
   <trkpt lat="51.1246580" lon="-0.5606360">
    <ele>59.9</ele>
    <time>2020-04-19T08:48:08Z</time>
   </trkpt>
   <trkpt lat="51.1246680" lon="-0.5606240">
    <ele>59.9</ele>
    <time>2020-04-19T08:48:09Z</time>
   </trkpt>
   <trkpt lat="51.1246890" lon="-0.5605990">
    <ele>59.9</ele>
    <time>2020-04-19T08:48:11Z</time>
   </trkpt>
   <trkpt lat="51.1247180" lon="-0.5605610">
    <ele>60.0</ele>
    <time>2020-04-19T08:48:13Z</time>
   </trkpt>
   <trkpt lat="51.1247280" lon="-0.5605480">
    <ele>60.0</ele>
    <time>2020-04-19T08:48:14Z</time>
   </trkpt>
   <trkpt lat="51.1247490" lon="-0.5605230">
    <ele>60.1</ele>
    <time>2020-04-19T08:48:16Z</time>
   </trkpt>
   <trkpt lat="51.1247780" lon="-0.5604900">
    <ele>60.1</ele>
    <time>2020-04-19T08:48:18Z</time>
   </trkpt>
   <trkpt lat="51.1247860" lon="-0.5604780">
    <ele>60.1</ele>
    <time>2020-04-19T08:48:19Z</time>
   </trkpt>
   <trkpt lat="51.1248040" lon="-0.5604510">
    <ele>60.2</ele>
    <time>2020-04-19T08:48:21Z</time>
   </trkpt>
   <trkpt lat="51.1248270" lon="-0.5604090">
    <ele>60.3</ele>
    <time>2020-04-19T08:48:23Z</time>
   </trkpt>
   <trkpt lat="51.1248460" lon="-0.5603900">
    <ele>60.3</ele>
    <time>2020-04-19T08:48:25Z</time>
   </trkpt>
   <trkpt lat="51.1248560" lon="-0.5603800">
    <ele>60.3</ele>
    <time>2020-04-19T08:48:26Z</time>
   </trkpt>
   <trkpt lat="51.1248810" lon="-0.5603510">
    <ele>60.4</ele>
    <time>2020-04-19T08:48:28Z</time>
   </trkpt>
   <trkpt lat="51.1248970" lon="-0.5603310">
    <ele>60.5</ele>
    <time>2020-04-19T08:48:30Z</time>
   </trkpt>
   <trkpt lat="51.1249060" lon="-0.5603210">
    <ele>60.5</ele>
    <time>2020-04-19T08:48:31Z</time>
   </trkpt>
   <trkpt lat="51.1249290" lon="-0.5602970">
    <ele>60.6</ele>
    <time>2020-04-19T08:48:33Z</time>
   </trkpt>
   <trkpt lat="51.1249410" lon="-0.5602760">
    <ele>60.6</ele>
    <time>2020-04-19T08:48:35Z</time>
   </trkpt>
   <trkpt lat="51.1249470" lon="-0.5602640">
    <ele>60.6</ele>
    <time>2020-04-19T08:48:36Z</time>
   </trkpt>
   <trkpt lat="51.1249680" lon="-0.5602270">
    <ele>60.7</ele>
    <time>2020-04-19T08:48:38Z</time>
   </trkpt>
   <trkpt lat="51.1249740" lon="-0.5602160">
    <ele>60.7</ele>
    <time>2020-04-19T08:48:39Z</time>
   </trkpt>
   <trkpt lat="51.1249890" lon="-0.5601920">
    <ele>60.8</ele>
    <time>2020-04-19T08:48:41Z</time>
   </trkpt>
   <trkpt lat="51.1250150" lon="-0.5601540">
    <ele>60.8</ele>
    <time>2020-04-19T08:48:43Z</time>
   </trkpt>
   <trkpt lat="51.1250240" lon="-0.5601400">
    <ele>60.9</ele>
    <time>2020-04-19T08:48:44Z</time>
   </trkpt>
   <trkpt lat="51.1250430" lon="-0.5601120">
    <ele>60.9</ele>
    <time>2020-04-19T08:48:46Z</time>
   </trkpt>
   <trkpt lat="51.1250760" lon="-0.5600620">
    <ele>61.0</ele>
    <time>2020-04-19T08:48:48Z</time>
   </trkpt>
   <trkpt lat="51.1250880" lon="-0.5600450">
    <ele>61.0</ele>
    <time>2020-04-19T08:48:49Z</time>
   </trkpt>
   <trkpt lat="51.1250990" lon="-0.5600270">
    <ele>61.0</ele>
    <time>2020-04-19T08:48:51Z</time>
   </trkpt>
   <trkpt lat="51.1251110" lon="-0.5600100">
    <ele>61.0</ele>
    <time>2020-04-19T08:48:53Z</time>
   </trkpt>
   <trkpt lat="51.1251220" lon="-0.5599930">
    <ele>61.0</ele>
    <time>2020-04-19T08:48:54Z</time>
   </trkpt>
   <trkpt lat="51.1251380" lon="-0.5599730">
    <ele>61.0</ele>
    <time>2020-04-19T08:48:56Z</time>
   </trkpt>
   <trkpt lat="51.1251550" lon="-0.5599470">
    <ele>61.0</ele>
    <time>2020-04-19T08:48:58Z</time>
   </trkpt>
   <trkpt lat="51.1251680" lon="-0.5599290">
    <ele>61.0</ele>
    <time>2020-04-19T08:48:59Z</time>
   </trkpt>
   <trkpt lat="51.1251760" lon="-0.5599190">
    <ele>61.0</ele>
    <time>2020-04-19T08:49:00Z</time>
   </trkpt>
   <trkpt lat="51.1251970" lon="-0.5598960">
    <ele>61.3</ele>
    <time>2020-04-19T08:49:02Z</time>
   </trkpt>
   <trkpt lat="51.1252240" lon="-0.5598600">
    <ele>61.4</ele>
    <time>2020-04-19T08:49:04Z</time>
   </trkpt>
   <trkpt lat="51.1252320" lon="-0.5598500">
    <ele>61.5</ele>
    <time>2020-04-19T08:49:05Z</time>
   </trkpt>
   <trkpt lat="51.1252490" lon="-0.5598250">
    <ele>61.6</ele>
    <time>2020-04-19T08:49:07Z</time>
   </trkpt>
   <trkpt lat="51.1252600" lon="-0.5598110">
    <ele>61.6</ele>
    <time>2020-04-19T08:49:08Z</time>
   </trkpt>
   <trkpt lat="51.1252750" lon="-0.5597920">
    <ele>61.7</ele>
    <time>2020-04-19T08:49:09Z</time>
   </trkpt>
   <trkpt lat="51.1252930" lon="-0.5597790">
    <ele>61.8</ele>
    <time>2020-04-19T08:49:11Z</time>
   </trkpt>
   <trkpt lat="51.1253180" lon="-0.5597710">
    <ele>61.9</ele>
    <time>2020-04-19T08:49:13Z</time>
   </trkpt>
   <trkpt lat="51.1253400" lon="-0.5597740">
    <ele>61.9</ele>
    <time>2020-04-19T08:49:14Z</time>
   </trkpt>
   <trkpt lat="51.1253590" lon="-0.5597710">
    <ele>62.0</ele>
    <time>2020-04-19T08:49:16Z</time>
   </trkpt>
   <trkpt lat="51.1253680" lon="-0.5597710">
    <ele>62.0</ele>
    <time>2020-04-19T08:49:17Z</time>
   </trkpt>
   <trkpt lat="51.1253970" lon="-0.5597800">
    <ele>62.1</ele>
    <time>2020-04-19T08:49:19Z</time>
   </trkpt>
   <trkpt lat="51.1253970" lon="-0.5597820">
    <ele>62.2</ele>
    <time>2020-04-19T08:49:20Z</time>
   </trkpt>
   <trkpt lat="51.1254030" lon="-0.5597880">
    <ele>62.2</ele>
    <time>2020-04-19T08:49:22Z</time>
   </trkpt>
   <trkpt lat="51.1254090" lon="-0.5597900">
    <ele>62.2</ele>
    <time>2020-04-19T08:49:23Z</time>
   </trkpt>
   <trkpt lat="51.1254200" lon="-0.5598040">
    <ele>62.2</ele>
    <time>2020-04-19T08:49:25Z</time>
   </trkpt>
   <trkpt lat="51.1254210" lon="-0.5598180">
    <ele>62.3</ele>
    <time>2020-04-19T08:49:26Z</time>
   </trkpt>
   <trkpt lat="51.1254150" lon="-0.5598340">
    <ele>62.3</ele>
    <time>2020-04-19T08:49:28Z</time>
   </trkpt>
   <trkpt lat="51.1254120" lon="-0.5598400">
    <ele>62.3</ele>
    <time>2020-04-19T08:49:29Z</time>
   </trkpt>
   <trkpt lat="51.1254100" lon="-0.5598410">
    <ele>62.3</ele>
    <time>2020-04-19T08:49:30Z</time>
   </trkpt>
   <trkpt lat="51.1254070" lon="-0.5598410">
    <ele>62.3</ele>
    <time>2020-04-19T08:49:32Z</time>
   </trkpt>
   <trkpt lat="51.1254050" lon="-0.5598440">
    <ele>62.4</ele>
    <time>2020-04-19T08:49:34Z</time>
   </trkpt>
   <trkpt lat="51.1253970" lon="-0.5598390">
    <ele>62.4</ele>
    <time>2020-04-19T08:49:36Z</time>
   </trkpt>
   <trkpt lat="51.1253930" lon="-0.5598380">
    <ele>62.4</ele>
    <time>2020-04-19T08:49:37Z</time>
   </trkpt>
   <trkpt lat="51.1253870" lon="-0.5598330">
    <ele>62.4</ele>
    <time>2020-04-19T08:49:39Z</time>
   </trkpt>
   <trkpt lat="51.1253850" lon="-0.5598290">
    <ele>62.4</ele>
    <time>2020-04-19T08:49:40Z</time>
   </trkpt>
   <trkpt lat="51.1253890" lon="-0.5598210">
    <ele>62.5</ele>
    <time>2020-04-19T08:49:42Z</time>
   </trkpt>
   <trkpt lat="51.1253920" lon="-0.5598090">
    <ele>62.5</ele>
    <time>2020-04-19T08:49:44Z</time>
   </trkpt>
   <trkpt lat="51.1253910" lon="-0.5598050">
    <ele>62.5</ele>
    <time>2020-04-19T08:49:45Z</time>
   </trkpt>
   <trkpt lat="51.1253900" lon="-0.5597980">
    <ele>62.5</ele>
    <time>2020-04-19T08:49:47Z</time>
   </trkpt>
   <trkpt lat="51.1253910" lon="-0.5597900">
    <ele>62.5</ele>
    <time>2020-04-19T08:49:49Z</time>
   </trkpt>
   <trkpt lat="51.1253990" lon="-0.5597890">
    <ele>62.5</ele>
    <time>2020-04-19T08:49:51Z</time>
   </trkpt>
   <trkpt lat="51.1254020" lon="-0.5597900">
    <ele>62.5</ele>
    <time>2020-04-19T08:49:52Z</time>
   </trkpt>
   <trkpt lat="51.1254060" lon="-0.5597920">
    <ele>62.6</ele>
    <time>2020-04-19T08:49:54Z</time>
   </trkpt>
   <trkpt lat="51.1254060" lon="-0.5597930">
    <ele>62.6</ele>
    <time>2020-04-19T08:49:55Z</time>
   </trkpt>
   <trkpt lat="51.1254060" lon="-0.5597940">
    <ele>62.6</ele>
    <time>2020-04-19T08:49:56Z</time>
   </trkpt>
   <trkpt lat="51.1254080" lon="-0.5597970">
    <ele>62.6</ele>
    <time>2020-04-19T08:49:58Z</time>
   </trkpt>
   <trkpt lat="51.1254100" lon="-0.5598000">
    <ele>62.6</ele>
    <time>2020-04-19T08:49:59Z</time>
   </trkpt>
   <trkpt lat="51.1254130" lon="-0.5598020">
    <ele>62.6</ele>
    <time>2020-04-19T08:50:00Z</time>
   </trkpt>
   <trkpt lat="51.1254220" lon="-0.5598010">
    <ele>62.6</ele>
    <time>2020-04-19T08:50:01Z</time>
   </trkpt>
   <trkpt lat="51.1254520" lon="-0.5597980">
    <ele>62.7</ele>
    <time>2020-04-19T08:50:03Z</time>
   </trkpt>
   <trkpt lat="51.1254770" lon="-0.5597930">
    <ele>62.7</ele>
    <time>2020-04-19T08:50:04Z</time>
   </trkpt>
   <trkpt lat="51.1254840" lon="-0.5597930">
    <ele>62.8</ele>
    <time>2020-04-19T08:50:05Z</time>
   </trkpt>
   <trkpt lat="51.1255140" lon="-0.5597920">
    <ele>62.8</ele>
    <time>2020-04-19T08:50:07Z</time>
   </trkpt>
   <trkpt lat="51.1255210" lon="-0.5597930">
    <ele>62.8</ele>
    <time>2020-04-19T08:50:08Z</time>
   </trkpt>
   <trkpt lat="51.1255460" lon="-0.5597950">
    <ele>62.9</ele>
    <time>2020-04-19T08:50:09Z</time>
   </trkpt>
   <trkpt lat="51.1255630" lon="-0.5597920">
    <ele>62.9</ele>
    <time>2020-04-19T08:50:11Z</time>
   </trkpt>
   <trkpt lat="51.1255950" lon="-0.5597930">
    <ele>63.0</ele>
    <time>2020-04-19T08:50:13Z</time>
   </trkpt>
   <trkpt lat="51.1256050" lon="-0.5597940">
    <ele>63.0</ele>
    <time>2020-04-19T08:50:14Z</time>
   </trkpt>
   <trkpt lat="51.1256090" lon="-0.5597950">
    <ele>63.0</ele>
    <time>2020-04-19T08:50:15Z</time>
   </trkpt>
   <trkpt lat="51.1256180" lon="-0.5597940">
    <ele>63.0</ele>
    <time>2020-04-19T08:50:16Z</time>
   </trkpt>
   <trkpt lat="51.1256430" lon="-0.5597910">
    <ele>63.1</ele>
    <time>2020-04-19T08:50:18Z</time>
   </trkpt>
   <trkpt lat="51.1256650" lon="-0.5597850">
    <ele>63.1</ele>
    <time>2020-04-19T08:50:19Z</time>
   </trkpt>
   <trkpt lat="51.1256790" lon="-0.5597870">
    <ele>63.1</ele>
    <time>2020-04-19T08:50:21Z</time>
   </trkpt>
   <trkpt lat="51.1257050" lon="-0.5597840">
    <ele>63.2</ele>
    <time>2020-04-19T08:50:23Z</time>
   </trkpt>
   <trkpt lat="51.1257360" lon="-0.5597820">
    <ele>63.2</ele>
    <time>2020-04-19T08:50:25Z</time>
   </trkpt>
   <trkpt lat="51.1257480" lon="-0.5597810">
    <ele>63.3</ele>
    <time>2020-04-19T08:50:26Z</time>
   </trkpt>
   <trkpt lat="51.1257620" lon="-0.5597800">
    <ele>63.3</ele>
    <time>2020-04-19T08:50:27Z</time>
   </trkpt>
   <trkpt lat="51.1257990" lon="-0.5597770">
    <ele>63.4</ele>
    <time>2020-04-19T08:50:29Z</time>
   </trkpt>
   <trkpt lat="51.1258050" lon="-0.5597750">
    <ele>63.4</ele>
    <time>2020-04-19T08:50:30Z</time>
   </trkpt>
   <trkpt lat="51.1258330" lon="-0.5597680">
    <ele>63.5</ele>
    <time>2020-04-19T08:50:32Z</time>
   </trkpt>
   <trkpt lat="51.1258590" lon="-0.5597630">
    <ele>63.5</ele>
    <time>2020-04-19T08:50:34Z</time>
   </trkpt>
   <trkpt lat="51.1258800" lon="-0.5597590">
    <ele>63.6</ele>
    <time>2020-04-19T08:50:36Z</time>
   </trkpt>
   <trkpt lat="51.1259130" lon="-0.5597520">
    <ele>63.6</ele>
    <time>2020-04-19T08:50:38Z</time>
   </trkpt>
   <trkpt lat="51.1259230" lon="-0.5597500">
    <ele>63.7</ele>
    <time>2020-04-19T08:50:39Z</time>
   </trkpt>
   <trkpt lat="51.1259300" lon="-0.5597490">
    <ele>63.7</ele>
    <time>2020-04-19T08:50:40Z</time>
   </trkpt>
   <trkpt lat="51.1259430" lon="-0.5597470">
    <ele>63.7</ele>
    <time>2020-04-19T08:50:41Z</time>
   </trkpt>
   <trkpt lat="51.1259680" lon="-0.5597430">
    <ele>63.8</ele>
    <time>2020-04-19T08:50:43Z</time>
   </trkpt>
   <trkpt lat="51.1259890" lon="-0.5597410">
    <ele>63.8</ele>
    <time>2020-04-19T08:50:44Z</time>
   </trkpt>
   <trkpt lat="51.1260090" lon="-0.5597380">
    <ele>63.9</ele>
    <time>2020-04-19T08:50:46Z</time>
   </trkpt>
   <trkpt lat="51.1260190" lon="-0.5597360">
    <ele>63.9</ele>
    <time>2020-04-19T08:50:47Z</time>
   </trkpt>
   <trkpt lat="51.1260540" lon="-0.5597280">
    <ele>64.0</ele>
    <time>2020-04-19T08:50:49Z</time>
   </trkpt>
   <trkpt lat="51.1260630" lon="-0.5597250">
    <ele>64.1</ele>
    <time>2020-04-19T08:50:50Z</time>
   </trkpt>
   <trkpt lat="51.1260730" lon="-0.5597220">
    <ele>64.1</ele>
    <time>2020-04-19T08:50:51Z</time>
   </trkpt>
   <trkpt lat="51.1260950" lon="-0.5597160">
    <ele>64.2</ele>
    <time>2020-04-19T08:50:53Z</time>
   </trkpt>
   <trkpt lat="51.1261230" lon="-0.5597090">
    <ele>64.3</ele>
    <time>2020-04-19T08:50:55Z</time>
   </trkpt>
   <trkpt lat="51.1261330" lon="-0.5597050">
    <ele>64.3</ele>
    <time>2020-04-19T08:50:56Z</time>
   </trkpt>
   <trkpt lat="51.1261580" lon="-0.5597000">
    <ele>64.4</ele>
    <time>2020-04-19T08:50:58Z</time>
   </trkpt>
   <trkpt lat="51.1261910" lon="-0.5596950">
    <ele>64.5</ele>
    <time>2020-04-19T08:51:00Z</time>
   </trkpt>
   <trkpt lat="51.1261980" lon="-0.5596940">
    <ele>64.6</ele>
    <time>2020-04-19T08:51:01Z</time>
   </trkpt>
   <trkpt lat="51.1262220" lon="-0.5596880">
    <ele>64.7</ele>
    <time>2020-04-19T08:51:03Z</time>
   </trkpt>
   <trkpt lat="51.1262470" lon="-0.5596840">
    <ele>64.7</ele>
    <time>2020-04-19T08:51:05Z</time>
   </trkpt>
   <trkpt lat="51.1262670" lon="-0.5596830">
    <ele>64.8</ele>
    <time>2020-04-19T08:51:07Z</time>
   </trkpt>
   <trkpt lat="51.1263010" lon="-0.5596780">
    <ele>64.9</ele>
    <time>2020-04-19T08:51:09Z</time>
   </trkpt>
   <trkpt lat="51.1263090" lon="-0.5596770">
    <ele>65.0</ele>
    <time>2020-04-19T08:51:10Z</time>
   </trkpt>
   <trkpt lat="51.1263170" lon="-0.5596750">
    <ele>65.0</ele>
    <time>2020-04-19T08:51:11Z</time>
   </trkpt>
   <trkpt lat="51.1263300" lon="-0.5596720">
    <ele>65.0</ele>
    <time>2020-04-19T08:51:12Z</time>
   </trkpt>
   <trkpt lat="51.1263550" lon="-0.5596670">
    <ele>65.1</ele>
    <time>2020-04-19T08:51:14Z</time>
   </trkpt>
   <trkpt lat="51.1263880" lon="-0.5596630">
    <ele>65.2</ele>
    <time>2020-04-19T08:51:15Z</time>
   </trkpt>
   <trkpt lat="51.1264010" lon="-0.5596590">
    <ele>65.2</ele>
    <time>2020-04-19T08:51:17Z</time>
   </trkpt>
   <trkpt lat="51.1264150" lon="-0.5596560">
    <ele>65.3</ele>
    <time>2020-04-19T08:51:19Z</time>
   </trkpt>
   <trkpt lat="51.1264280" lon="-0.5596520">
    <ele>65.3</ele>
    <time>2020-04-19T08:51:20Z</time>
   </trkpt>
   <trkpt lat="51.1264440" lon="-0.5596460">
    <ele>65.4</ele>
    <time>2020-04-19T08:51:22Z</time>
   </trkpt>
   <trkpt lat="51.1264660" lon="-0.5596360">
    <ele>65.4</ele>
    <time>2020-04-19T08:51:24Z</time>
   </trkpt>
   <trkpt lat="51.1264900" lon="-0.5596330">
    <ele>65.5</ele>
    <time>2020-04-19T08:51:25Z</time>
   </trkpt>
   <trkpt lat="51.1264970" lon="-0.5596360">
    <ele>65.5</ele>
    <time>2020-04-19T08:51:26Z</time>
   </trkpt>
   <trkpt lat="51.1265040" lon="-0.5596380">
    <ele>65.5</ele>
    <time>2020-04-19T08:51:27Z</time>
   </trkpt>
   <trkpt lat="51.1265220" lon="-0.5596520">
    <ele>65.5</ele>
    <time>2020-04-19T08:51:29Z</time>
   </trkpt>
   <trkpt lat="51.1265350" lon="-0.5596580">
    <ele>65.6</ele>
    <time>2020-04-19T08:51:30Z</time>
   </trkpt>
   <trkpt lat="51.1265430" lon="-0.5596510">
    <ele>65.6</ele>
    <time>2020-04-19T08:51:31Z</time>
   </trkpt>
   <trkpt lat="51.1265510" lon="-0.5596230">
    <ele>65.6</ele>
    <time>2020-04-19T08:51:33Z</time>
   </trkpt>
   <trkpt lat="51.1265590" lon="-0.5596030">
    <ele>65.7</ele>
    <time>2020-04-19T08:51:35Z</time>
   </trkpt>
   <trkpt lat="51.1265570" lon="-0.5595990">
    <ele>65.6</ele>
    <time>2020-04-19T08:51:36Z</time>
   </trkpt>
   <trkpt lat="51.1265630" lon="-0.5595920">
    <ele>65.7</ele>
    <time>2020-04-19T08:51:38Z</time>
   </trkpt>
   <trkpt lat="51.1265700" lon="-0.5595850">
    <ele>65.7</ele>
    <time>2020-04-19T08:51:39Z</time>
   </trkpt>
   <trkpt lat="51.1265820" lon="-0.5595730">
    <ele>65.7</ele>
    <time>2020-04-19T08:51:40Z</time>
   </trkpt>
   <trkpt lat="51.1265960" lon="-0.5595580">
    <ele>65.7</ele>
    <time>2020-04-19T08:51:42Z</time>
   </trkpt>
   <trkpt lat="51.1266110" lon="-0.5595420">
    <ele>65.6</ele>
    <time>2020-04-19T08:51:44Z</time>
   </trkpt>
   <trkpt lat="51.1266240" lon="-0.5595340">
    <ele>65.6</ele>
    <time>2020-04-19T08:51:45Z</time>
   </trkpt>
   <trkpt lat="51.1266280" lon="-0.5595320">
    <ele>65.6</ele>
    <time>2020-04-19T08:51:46Z</time>
   </trkpt>
   <trkpt lat="51.1266450" lon="-0.5595300">
    <ele>65.6</ele>
    <time>2020-04-19T08:51:48Z</time>
   </trkpt>
   <trkpt lat="51.1266580" lon="-0.5595330">
    <ele>65.6</ele>
    <time>2020-04-19T08:51:50Z</time>
   </trkpt>
   <trkpt lat="51.1266620" lon="-0.5595330">
    <ele>65.6</ele>
    <time>2020-04-19T08:51:51Z</time>
   </trkpt>
   <trkpt lat="51.1266650" lon="-0.5595320">
    <ele>65.6</ele>
    <time>2020-04-19T08:51:52Z</time>
   </trkpt>
   <trkpt lat="51.1266670" lon="-0.5595300">
    <ele>65.6</ele>
    <time>2020-04-19T08:51:54Z</time>
   </trkpt>
   <trkpt lat="51.1266670" lon="-0.5595330">
    <ele>65.6</ele>
    <time>2020-04-19T08:51:55Z</time>
   </trkpt>
   <trkpt lat="51.1266750" lon="-0.5595450">
    <ele>65.6</ele>
    <time>2020-04-19T08:51:57Z</time>
   </trkpt>
   <trkpt lat="51.1266790" lon="-0.5595530">
    <ele>65.6</ele>
    <time>2020-04-19T08:51:58Z</time>
   </trkpt>
   <trkpt lat="51.1266920" lon="-0.5595780">
    <ele>65.6</ele>
    <time>2020-04-19T08:52:00Z</time>
   </trkpt>
   <trkpt lat="51.1267000" lon="-0.5595840">
    <ele>65.6</ele>
    <time>2020-04-19T08:52:01Z</time>
   </trkpt>
   <trkpt lat="51.1267080" lon="-0.5595870">
    <ele>65.6</ele>
    <time>2020-04-19T08:52:02Z</time>
   </trkpt>
   <trkpt lat="51.1267190" lon="-0.5595860">
    <ele>65.6</ele>
    <time>2020-04-19T08:52:03Z</time>
   </trkpt>
   <trkpt lat="51.1267430" lon="-0.5595760">
    <ele>65.6</ele>
    <time>2020-04-19T08:52:05Z</time>
   </trkpt>
   <trkpt lat="51.1267510" lon="-0.5595720">
    <ele>65.6</ele>
    <time>2020-04-19T08:52:06Z</time>
   </trkpt>
   <trkpt lat="51.1267670" lon="-0.5595700">
    <ele>65.6</ele>
    <time>2020-04-19T08:52:08Z</time>
   </trkpt>
   <trkpt lat="51.1267860" lon="-0.5595720">
    <ele>65.6</ele>
    <time>2020-04-19T08:52:10Z</time>
   </trkpt>
   <trkpt lat="51.1267940" lon="-0.5595730">
    <ele>65.7</ele>
    <time>2020-04-19T08:52:11Z</time>
   </trkpt>
   <trkpt lat="51.1268140" lon="-0.5595720">
    <ele>65.7</ele>
    <time>2020-04-19T08:52:13Z</time>
   </trkpt>
   <trkpt lat="51.1268410" lon="-0.5595710">
    <ele>65.7</ele>
    <time>2020-04-19T08:52:15Z</time>
   </trkpt>
   <trkpt lat="51.1268500" lon="-0.5595720">
    <ele>65.7</ele>
    <time>2020-04-19T08:52:16Z</time>
   </trkpt>
   <trkpt lat="51.1268590" lon="-0.5595730">
    <ele>65.7</ele>
    <time>2020-04-19T08:52:17Z</time>
   </trkpt>
   <trkpt lat="51.1268690" lon="-0.5595740">
    <ele>65.7</ele>
    <time>2020-04-19T08:52:18Z</time>
   </trkpt>
   <trkpt lat="51.1268960" lon="-0.5595710">
    <ele>65.7</ele>
    <time>2020-04-19T08:52:20Z</time>
   </trkpt>
   <trkpt lat="51.1269150" lon="-0.5595670">
    <ele>65.7</ele>
    <time>2020-04-19T08:52:22Z</time>
   </trkpt>
   <trkpt lat="51.1269420" lon="-0.5595650">
    <ele>65.8</ele>
    <time>2020-04-19T08:52:24Z</time>
   </trkpt>
   <trkpt lat="51.1269660" lon="-0.5595670">
    <ele>65.8</ele>
    <time>2020-04-19T08:52:25Z</time>
   </trkpt>
   <trkpt lat="51.1269750" lon="-0.5595660">
    <ele>65.8</ele>
    <time>2020-04-19T08:52:26Z</time>
   </trkpt>
   <trkpt lat="51.1269960" lon="-0.5595660">
    <ele>65.8</ele>
    <time>2020-04-19T08:52:28Z</time>
   </trkpt>
   <trkpt lat="51.1270290" lon="-0.5595700">
    <ele>65.8</ele>
    <time>2020-04-19T08:52:30Z</time>
   </trkpt>
   <trkpt lat="51.1270520" lon="-0.5595680">
    <ele>65.8</ele>
    <time>2020-04-19T08:52:32Z</time>
   </trkpt>
   <trkpt lat="51.1270780" lon="-0.5595660">
    <ele>65.8</ele>
    <time>2020-04-19T08:52:34Z</time>
   </trkpt>
   <trkpt lat="51.1270960" lon="-0.5595660">
    <ele>65.8</ele>
    <time>2020-04-19T08:52:35Z</time>
   </trkpt>
   <trkpt lat="51.1271180" lon="-0.5595670">
    <ele>65.8</ele>
    <time>2020-04-19T08:52:37Z</time>
   </trkpt>
   <trkpt lat="51.1271320" lon="-0.5595680">
    <ele>65.8</ele>
    <time>2020-04-19T08:52:38Z</time>
   </trkpt>
   <trkpt lat="51.1271630" lon="-0.5595690">
    <ele>65.8</ele>
    <time>2020-04-19T08:52:40Z</time>
   </trkpt>
   <trkpt lat="51.1271940" lon="-0.5595680">
    <ele>65.8</ele>
    <time>2020-04-19T08:52:42Z</time>
   </trkpt>
   <trkpt lat="51.1272000" lon="-0.5595670">
    <ele>65.8</ele>
    <time>2020-04-19T08:52:43Z</time>
   </trkpt>
   <trkpt lat="51.1272390" lon="-0.5595680">
    <ele>65.8</ele>
    <time>2020-04-19T08:52:45Z</time>
   </trkpt>
   <trkpt lat="51.1272460" lon="-0.5595680">
    <ele>65.8</ele>
    <time>2020-04-19T08:52:46Z</time>
   </trkpt>
   <trkpt lat="51.1272670" lon="-0.5595690">
    <ele>65.8</ele>
    <time>2020-04-19T08:52:48Z</time>
   </trkpt>
   <trkpt lat="51.1272970" lon="-0.5595690">
    <ele>65.8</ele>
    <time>2020-04-19T08:52:50Z</time>
   </trkpt>
   <trkpt lat="51.1273190" lon="-0.5595680">
    <ele>65.8</ele>
    <time>2020-04-19T08:52:52Z</time>
   </trkpt>
   <trkpt lat="51.1273310" lon="-0.5595680">
    <ele>65.8</ele>
    <time>2020-04-19T08:52:53Z</time>
   </trkpt>
   <trkpt lat="51.1273600" lon="-0.5595710">
    <ele>65.8</ele>
    <time>2020-04-19T08:52:55Z</time>
   </trkpt>
   <trkpt lat="51.1273710" lon="-0.5595710">
    <ele>65.8</ele>
    <time>2020-04-19T08:52:56Z</time>
   </trkpt>
   <trkpt lat="51.1273910" lon="-0.5595690">
    <ele>65.8</ele>
    <time>2020-04-19T08:52:58Z</time>
   </trkpt>
   <trkpt lat="51.1274020" lon="-0.5595670">
    <ele>65.8</ele>
    <time>2020-04-19T08:52:59Z</time>
   </trkpt>
   <trkpt lat="51.1274250" lon="-0.5595690">
    <ele>65.8</ele>
    <time>2020-04-19T08:53:00Z</time>
   </trkpt>
   <trkpt lat="51.1274320" lon="-0.5595680">
    <ele>65.8</ele>
    <time>2020-04-19T08:53:01Z</time>
   </trkpt>
   <trkpt lat="51.1274410" lon="-0.5595680">
    <ele>65.8</ele>
    <time>2020-04-19T08:53:02Z</time>
   </trkpt>
   <trkpt lat="51.1274530" lon="-0.5595690">
    <ele>65.9</ele>
    <time>2020-04-19T08:53:03Z</time>
   </trkpt>
   <trkpt lat="51.1274900" lon="-0.5595640">
    <ele>65.9</ele>
    <time>2020-04-19T08:53:05Z</time>
   </trkpt>
   <trkpt lat="51.1274950" lon="-0.5595640">
    <ele>65.9</ele>
    <time>2020-04-19T08:53:06Z</time>
   </trkpt>
   <trkpt lat="51.1275080" lon="-0.5595630">
    <ele>65.9</ele>
    <time>2020-04-19T08:53:07Z</time>
   </trkpt>
   <trkpt lat="51.1275300" lon="-0.5595660">
    <ele>65.9</ele>
    <time>2020-04-19T08:53:09Z</time>
   </trkpt>
   <trkpt lat="51.1275440" lon="-0.5595670">
    <ele>65.9</ele>
    <time>2020-04-19T08:53:10Z</time>
   </trkpt>
   <trkpt lat="51.1275700" lon="-0.5595680">
    <ele>65.9</ele>
    <time>2020-04-19T08:53:12Z</time>
   </trkpt>
   <trkpt lat="51.1276060" lon="-0.5595670">
    <ele>65.9</ele>
    <time>2020-04-19T08:53:14Z</time>
   </trkpt>
   <trkpt lat="51.1276180" lon="-0.5595680">
    <ele>65.9</ele>
    <time>2020-04-19T08:53:15Z</time>
   </trkpt>
   <trkpt lat="51.1276250" lon="-0.5595680">
    <ele>66.0</ele>
    <time>2020-04-19T08:53:16Z</time>
   </trkpt>
   <trkpt lat="51.1276340" lon="-0.5595690">
    <ele>66.0</ele>
    <time>2020-04-19T08:53:17Z</time>
   </trkpt>
   <trkpt lat="51.1276600" lon="-0.5595640">
    <ele>66.0</ele>
    <time>2020-04-19T08:53:19Z</time>
   </trkpt>
   <trkpt lat="51.1276800" lon="-0.5595590">
    <ele>66.0</ele>
    <time>2020-04-19T08:53:20Z</time>
   </trkpt>
   <trkpt lat="51.1277060" lon="-0.5595590">
    <ele>66.0</ele>
    <time>2020-04-19T08:53:22Z</time>
   </trkpt>
   <trkpt lat="51.1277200" lon="-0.5595580">
    <ele>66.1</ele>
    <time>2020-04-19T08:53:23Z</time>
   </trkpt>
   <trkpt lat="51.1277540" lon="-0.5595540">
    <ele>66.1</ele>
    <time>2020-04-19T08:53:25Z</time>
   </trkpt>
   <trkpt lat="51.1277650" lon="-0.5595520">
    <ele>66.1</ele>
    <time>2020-04-19T08:53:26Z</time>
   </trkpt>
   <trkpt lat="51.1277920" lon="-0.5595490">
    <ele>66.1</ele>
    <time>2020-04-19T08:53:28Z</time>
   </trkpt>
   <trkpt lat="51.1278300" lon="-0.5595510">
    <ele>66.2</ele>
    <time>2020-04-19T08:53:30Z</time>
   </trkpt>
   <trkpt lat="51.1278450" lon="-0.5595490">
    <ele>66.2</ele>
    <time>2020-04-19T08:53:32Z</time>
   </trkpt>
   <trkpt lat="51.1278680" lon="-0.5595480">
    <ele>66.2</ele>
    <time>2020-04-19T08:53:34Z</time>
   </trkpt>
   <trkpt lat="51.1278880" lon="-0.5595520">
    <ele>66.3</ele>
    <time>2020-04-19T08:53:35Z</time>
   </trkpt>
   <trkpt lat="51.1278950" lon="-0.5595520">
    <ele>66.3</ele>
    <time>2020-04-19T08:53:36Z</time>
   </trkpt>
   <trkpt lat="51.1279040" lon="-0.5595520">
    <ele>66.3</ele>
    <time>2020-04-19T08:53:37Z</time>
   </trkpt>
   <trkpt lat="51.1279260" lon="-0.5595510">
    <ele>66.3</ele>
    <time>2020-04-19T08:53:39Z</time>
   </trkpt>
   <trkpt lat="51.1279520" lon="-0.5595510">
    <ele>66.3</ele>
    <time>2020-04-19T08:53:41Z</time>
   </trkpt>
   <trkpt lat="51.1279630" lon="-0.5595530">
    <ele>66.3</ele>
    <time>2020-04-19T08:53:42Z</time>
   </trkpt>
   <trkpt lat="51.1279850" lon="-0.5595590">
    <ele>66.4</ele>
    <time>2020-04-19T08:53:44Z</time>
   </trkpt>
   <trkpt lat="51.1280060" lon="-0.5595600">
    <ele>66.4</ele>
    <time>2020-04-19T08:53:45Z</time>
   </trkpt>
   <trkpt lat="51.1280270" lon="-0.5595620">
    <ele>66.4</ele>
    <time>2020-04-19T08:53:47Z</time>
   </trkpt>
   <trkpt lat="51.1280390" lon="-0.5595650">
    <ele>66.4</ele>
    <time>2020-04-19T08:53:48Z</time>
   </trkpt>
   <trkpt lat="51.1280660" lon="-0.5595720">
    <ele>66.5</ele>
    <time>2020-04-19T08:53:50Z</time>
   </trkpt>
   <trkpt lat="51.1280750" lon="-0.5595730">
    <ele>66.5</ele>
    <time>2020-04-19T08:53:51Z</time>
   </trkpt>
   <trkpt lat="51.1280850" lon="-0.5595740">
    <ele>66.5</ele>
    <time>2020-04-19T08:53:52Z</time>
   </trkpt>
   <trkpt lat="51.1281110" lon="-0.5595740">
    <ele>66.5</ele>
    <time>2020-04-19T08:53:54Z</time>
   </trkpt>
   <trkpt lat="51.1281370" lon="-0.5595760">
    <ele>66.5</ele>
    <time>2020-04-19T08:53:56Z</time>
   </trkpt>
   <trkpt lat="51.1281590" lon="-0.5595740">
    <ele>66.5</ele>
    <time>2020-04-19T08:53:58Z</time>
   </trkpt>
   <trkpt lat="51.1281730" lon="-0.5595740">
    <ele>66.6</ele>
    <time>2020-04-19T08:53:59Z</time>
   </trkpt>
   <trkpt lat="51.1282040" lon="-0.5595770">
    <ele>66.6</ele>
    <time>2020-04-19T08:54:01Z</time>
   </trkpt>
   <trkpt lat="51.1282120" lon="-0.5595760">
    <ele>66.6</ele>
    <time>2020-04-19T08:54:02Z</time>
   </trkpt>
   <trkpt lat="51.1282360" lon="-0.5595700">
    <ele>66.6</ele>
    <time>2020-04-19T08:54:04Z</time>
   </trkpt>
   <trkpt lat="51.1282500" lon="-0.5595680">
    <ele>66.7</ele>
    <time>2020-04-19T08:54:05Z</time>
   </trkpt>
   <trkpt lat="51.1282670" lon="-0.5595660">
    <ele>66.7</ele>
    <time>2020-04-19T08:54:06Z</time>
   </trkpt>
   <trkpt lat="51.1282860" lon="-0.5595650">
    <ele>66.7</ele>
    <time>2020-04-19T08:54:08Z</time>
   </trkpt>
   <trkpt lat="51.1283120" lon="-0.5595600">
    <ele>66.8</ele>
    <time>2020-04-19T08:54:10Z</time>
   </trkpt>
   <trkpt lat="51.1283350" lon="-0.5595570">
    <ele>66.8</ele>
    <time>2020-04-19T08:54:11Z</time>
   </trkpt>
   <trkpt lat="51.1283450" lon="-0.5595580">
    <ele>66.8</ele>
    <time>2020-04-19T08:54:12Z</time>
   </trkpt>
   <trkpt lat="51.1283760" lon="-0.5595560">
    <ele>66.9</ele>
    <time>2020-04-19T08:54:14Z</time>
   </trkpt>
   <trkpt lat="51.1283830" lon="-0.5595540">
    <ele>66.9</ele>
    <time>2020-04-19T08:54:15Z</time>
   </trkpt>
   <trkpt lat="51.1284000" lon="-0.5595510">
    <ele>66.9</ele>
    <time>2020-04-19T08:54:16Z</time>
   </trkpt>
   <trkpt lat="51.1284130" lon="-0.5595490">
    <ele>66.9</ele>
    <time>2020-04-19T08:54:17Z</time>
   </trkpt>
   <trkpt lat="51.1284260" lon="-0.5595480">
    <ele>67.0</ele>
    <time>2020-04-19T08:54:18Z</time>
   </trkpt>
   <trkpt lat="51.1284510" lon="-0.5595480">
    <ele>67.0</ele>
    <time>2020-04-19T08:54:20Z</time>
   </trkpt>
   <trkpt lat="51.1284710" lon="-0.5595450">
    <ele>67.1</ele>
    <time>2020-04-19T08:54:21Z</time>
   </trkpt>
   <trkpt lat="51.1284950" lon="-0.5595410">
    <ele>67.1</ele>
    <time>2020-04-19T08:54:23Z</time>
   </trkpt>
   <trkpt lat="51.1285280" lon="-0.5595430">
    <ele>67.1</ele>
    <time>2020-04-19T08:54:25Z</time>
   </trkpt>
   <trkpt lat="51.1285370" lon="-0.5595440">
    <ele>67.2</ele>
    <time>2020-04-19T08:54:26Z</time>
   </trkpt>
   <trkpt lat="51.1285460" lon="-0.5595440">
    <ele>67.2</ele>
    <time>2020-04-19T08:54:27Z</time>
   </trkpt>
   <trkpt lat="51.1285570" lon="-0.5595440">
    <ele>67.2</ele>
    <time>2020-04-19T08:54:28Z</time>
   </trkpt>
   <trkpt lat="51.1285700" lon="-0.5595450">
    <ele>67.2</ele>
    <time>2020-04-19T08:54:29Z</time>
   </trkpt>
   <trkpt lat="51.1286010" lon="-0.5595500">
    <ele>67.3</ele>
    <time>2020-04-19T08:54:31Z</time>
   </trkpt>
   <trkpt lat="51.1286190" lon="-0.5595500">
    <ele>67.3</ele>
    <time>2020-04-19T08:54:33Z</time>
   </trkpt>
   <trkpt lat="51.1286400" lon="-0.5595510">
    <ele>67.3</ele>
    <time>2020-04-19T08:54:35Z</time>
   </trkpt>
   <trkpt lat="51.1286700" lon="-0.5595520">
    <ele>67.4</ele>
    <time>2020-04-19T08:54:36Z</time>
   </trkpt>
   <trkpt lat="51.1286840" lon="-0.5595530">
    <ele>67.4</ele>
    <time>2020-04-19T08:54:38Z</time>
   </trkpt>
   <trkpt lat="51.1286980" lon="-0.5595540">
    <ele>67.4</ele>
    <time>2020-04-19T08:54:40Z</time>
   </trkpt>
   <trkpt lat="51.1287120" lon="-0.5595550">
    <ele>67.5</ele>
    <time>2020-04-19T08:54:41Z</time>
   </trkpt>
   <trkpt lat="51.1287290" lon="-0.5595550">
    <ele>67.5</ele>
    <time>2020-04-19T08:54:43Z</time>
   </trkpt>
   <trkpt lat="51.1287500" lon="-0.5595550">
    <ele>67.6</ele>
    <time>2020-04-19T08:54:45Z</time>
   </trkpt>
   <trkpt lat="51.1287680" lon="-0.5595560">
    <ele>67.6</ele>
    <time>2020-04-19T08:54:46Z</time>
   </trkpt>
   <trkpt lat="51.1287870" lon="-0.5595560">
    <ele>67.7</ele>
    <time>2020-04-19T08:54:48Z</time>
   </trkpt>
   <trkpt lat="51.1288220" lon="-0.5595550">
    <ele>67.8</ele>
    <time>2020-04-19T08:54:50Z</time>
   </trkpt>
   <trkpt lat="51.1288310" lon="-0.5595560">
    <ele>67.8</ele>
    <time>2020-04-19T08:54:51Z</time>
   </trkpt>
   <trkpt lat="51.1288430" lon="-0.5595560">
    <ele>67.9</ele>
    <time>2020-04-19T08:54:52Z</time>
   </trkpt>
   <trkpt lat="51.1288680" lon="-0.5595520">
    <ele>67.9</ele>
    <time>2020-04-19T08:54:54Z</time>
   </trkpt>
   <trkpt lat="51.1288800" lon="-0.5595510">
    <ele>68.0</ele>
    <time>2020-04-19T08:54:55Z</time>
   </trkpt>
   <trkpt lat="51.1289000" lon="-0.5595470">
    <ele>68.1</ele>
    <time>2020-04-19T08:54:56Z</time>
   </trkpt>
   <trkpt lat="51.1289220" lon="-0.5595380">
    <ele>68.1</ele>
    <time>2020-04-19T08:54:58Z</time>
   </trkpt>
   <trkpt lat="51.1289350" lon="-0.5595290">
    <ele>68.2</ele>
    <time>2020-04-19T08:55:00Z</time>
   </trkpt>
   <trkpt lat="51.1289450" lon="-0.5595250">
    <ele>68.2</ele>
    <time>2020-04-19T08:55:01Z</time>
   </trkpt>
   <trkpt lat="51.1289550" lon="-0.5595100">
    <ele>68.3</ele>
    <time>2020-04-19T08:55:02Z</time>
   </trkpt>
   <trkpt lat="51.1289700" lon="-0.5594890">
    <ele>68.3</ele>
    <time>2020-04-19T08:55:04Z</time>
   </trkpt>
   <trkpt lat="51.1289790" lon="-0.5594860">
    <ele>68.4</ele>
    <time>2020-04-19T08:55:05Z</time>
   </trkpt>
   <trkpt lat="51.1289950" lon="-0.5594870">
    <ele>68.4</ele>
    <time>2020-04-19T08:55:06Z</time>
   </trkpt>
   <trkpt lat="51.1290190" lon="-0.5594910">
    <ele>68.5</ele>
    <time>2020-04-19T08:55:08Z</time>
   </trkpt>
   <trkpt lat="51.1290530" lon="-0.5595020">
    <ele>68.6</ele>
    <time>2020-04-19T08:55:10Z</time>
   </trkpt>
   <trkpt lat="51.1290810" lon="-0.5595100">
    <ele>68.7</ele>
    <time>2020-04-19T08:55:11Z</time>
   </trkpt>
   <trkpt lat="51.1291160" lon="-0.5595260">
    <ele>68.8</ele>
    <time>2020-04-19T08:55:13Z</time>
   </trkpt>
   <trkpt lat="51.1291430" lon="-0.5595340">
    <ele>68.9</ele>
    <time>2020-04-19T08:55:15Z</time>
   </trkpt>
   <trkpt lat="51.1291610" lon="-0.5595300">
    <ele>69.0</ele>
    <time>2020-04-19T08:55:16Z</time>
   </trkpt>
   <trkpt lat="51.1291670" lon="-0.5595290">
    <ele>69.0</ele>
    <time>2020-04-19T08:55:17Z</time>
   </trkpt>
   <trkpt lat="51.1291860" lon="-0.5595270">
    <ele>69.1</ele>
    <time>2020-04-19T08:55:19Z</time>
   </trkpt>
   <trkpt lat="51.1291950" lon="-0.5595270">
    <ele>69.1</ele>
    <time>2020-04-19T08:55:20Z</time>
   </trkpt>
   <trkpt lat="51.1292140" lon="-0.5595300">
    <ele>69.1</ele>
    <time>2020-04-19T08:55:21Z</time>
   </trkpt>
   <trkpt lat="51.1292310" lon="-0.5595280">
    <ele>69.2</ele>
    <time>2020-04-19T08:55:23Z</time>
   </trkpt>
   <trkpt lat="51.1292410" lon="-0.5595270">
    <ele>69.2</ele>
    <time>2020-04-19T08:55:24Z</time>
   </trkpt>
   <trkpt lat="51.1292720" lon="-0.5595270">
    <ele>69.3</ele>
    <time>2020-04-19T08:55:25Z</time>
   </trkpt>
   <trkpt lat="51.1292840" lon="-0.5595280">
    <ele>69.4</ele>
    <time>2020-04-19T08:55:27Z</time>
   </trkpt>
   <trkpt lat="51.1292970" lon="-0.5595280">
    <ele>69.4</ele>
    <time>2020-04-19T08:55:28Z</time>
   </trkpt>
   <trkpt lat="51.1293100" lon="-0.5595290">
    <ele>69.4</ele>
    <time>2020-04-19T08:55:30Z</time>
   </trkpt>
   <trkpt lat="51.1293230" lon="-0.5595290">
    <ele>69.5</ele>
    <time>2020-04-19T08:55:31Z</time>
   </trkpt>
   <trkpt lat="51.1293350" lon="-0.5595300">
    <ele>69.5</ele>
    <time>2020-04-19T08:55:32Z</time>
   </trkpt>
   <trkpt lat="51.1293480" lon="-0.5595300">
    <ele>69.5</ele>
    <time>2020-04-19T08:55:33Z</time>
   </trkpt>
   <trkpt lat="51.1293600" lon="-0.5595310">
    <ele>69.6</ele>
    <time>2020-04-19T08:55:34Z</time>
   </trkpt>
   <trkpt lat="51.1293900" lon="-0.5595330">
    <ele>69.7</ele>
    <time>2020-04-19T08:55:36Z</time>
   </trkpt>
   <trkpt lat="51.1293960" lon="-0.5595330">
    <ele>69.7</ele>
    <time>2020-04-19T08:55:37Z</time>
   </trkpt>
   <trkpt lat="51.1294080" lon="-0.5595330">
    <ele>69.7</ele>
    <time>2020-04-19T08:55:38Z</time>
   </trkpt>
   <trkpt lat="51.1294340" lon="-0.5595340">
    <ele>69.8</ele>
    <time>2020-04-19T08:55:40Z</time>
   </trkpt>
   <trkpt lat="51.1294500" lon="-0.5595330">
    <ele>69.9</ele>
    <time>2020-04-19T08:55:41Z</time>
   </trkpt>
   <trkpt lat="51.1294600" lon="-0.5595330">
    <ele>69.9</ele>
    <time>2020-04-19T08:55:42Z</time>
   </trkpt>
   <trkpt lat="51.1294850" lon="-0.5595350">
    <ele>70.0</ele>
    <time>2020-04-19T08:55:44Z</time>
   </trkpt>
   <trkpt lat="51.1295120" lon="-0.5595380">
    <ele>70.0</ele>
    <time>2020-04-19T08:55:46Z</time>
   </trkpt>
   <trkpt lat="51.1295290" lon="-0.5595390">
    <ele>70.1</ele>
    <time>2020-04-19T08:55:47Z</time>
   </trkpt>
   <trkpt lat="51.1295380" lon="-0.5595410">
    <ele>70.1</ele>
    <time>2020-04-19T08:55:48Z</time>
   </trkpt>
   <trkpt lat="51.1295610" lon="-0.5595430">
    <ele>70.2</ele>
    <time>2020-04-19T08:55:50Z</time>
   </trkpt>
   <trkpt lat="51.1295750" lon="-0.5595440">
    <ele>70.2</ele>
    <time>2020-04-19T08:55:51Z</time>
   </trkpt>
   <trkpt lat="51.1295910" lon="-0.5595470">
    <ele>70.3</ele>
    <time>2020-04-19T08:55:52Z</time>
   </trkpt>
   <trkpt lat="51.1296100" lon="-0.5595440">
    <ele>70.3</ele>
    <time>2020-04-19T08:55:54Z</time>
   </trkpt>
   <trkpt lat="51.1296380" lon="-0.5595400">
    <ele>70.4</ele>
    <time>2020-04-19T08:55:56Z</time>
   </trkpt>
   <trkpt lat="51.1296570" lon="-0.5595400">
    <ele>70.5</ele>
    <time>2020-04-19T08:55:57Z</time>
   </trkpt>
   <trkpt lat="51.1296800" lon="-0.5595380">
    <ele>70.6</ele>
    <time>2020-04-19T08:55:59Z</time>
   </trkpt>
   <trkpt lat="51.1297120" lon="-0.5595410">
    <ele>70.6</ele>
    <time>2020-04-19T08:56:01Z</time>
   </trkpt>
   <trkpt lat="51.1297200" lon="-0.5595440">
    <ele>70.7</ele>
    <time>2020-04-19T08:56:02Z</time>
   </trkpt>
   <trkpt lat="51.1297320" lon="-0.5595450">
    <ele>70.7</ele>
    <time>2020-04-19T08:56:03Z</time>
   </trkpt>
   <trkpt lat="51.1297430" lon="-0.5595450">
    <ele>70.8</ele>
    <time>2020-04-19T08:56:04Z</time>
   </trkpt>
   <trkpt lat="51.1297670" lon="-0.5595430">
    <ele>70.8</ele>
    <time>2020-04-19T08:56:06Z</time>
   </trkpt>
   <trkpt lat="51.1297880" lon="-0.5595390">
    <ele>70.9</ele>
    <time>2020-04-19T08:56:07Z</time>
   </trkpt>
   <trkpt lat="51.1298090" lon="-0.5595370">
    <ele>71.0</ele>
    <time>2020-04-19T08:56:09Z</time>
   </trkpt>
   <trkpt lat="51.1298400" lon="-0.5595330">
    <ele>71.1</ele>
    <time>2020-04-19T08:56:11Z</time>
   </trkpt>
   <trkpt lat="51.1298480" lon="-0.5595310">
    <ele>71.2</ele>
    <time>2020-04-19T08:56:12Z</time>
   </trkpt>
   <trkpt lat="51.1298590" lon="-0.5595300">
    <ele>71.2</ele>
    <time>2020-04-19T08:56:13Z</time>
   </trkpt>
   <trkpt lat="51.1298820" lon="-0.5595300">
    <ele>71.3</ele>
    <time>2020-04-19T08:56:15Z</time>
   </trkpt>
   <trkpt lat="51.1298960" lon="-0.5595280">
    <ele>71.4</ele>
    <time>2020-04-19T08:56:16Z</time>
   </trkpt>
   <trkpt lat="51.1299150" lon="-0.5595290">
    <ele>71.4</ele>
    <time>2020-04-19T08:56:17Z</time>
   </trkpt>
   <trkpt lat="51.1299270" lon="-0.5595300">
    <ele>71.5</ele>
    <time>2020-04-19T08:56:18Z</time>
   </trkpt>
   <trkpt lat="51.1299520" lon="-0.5595280">
    <ele>71.6</ele>
    <time>2020-04-19T08:56:20Z</time>
   </trkpt>
   <trkpt lat="51.1299640" lon="-0.5595280">
    <ele>71.7</ele>
    <time>2020-04-19T08:56:21Z</time>
   </trkpt>
   <trkpt lat="51.1299850" lon="-0.5595290">
    <ele>71.8</ele>
    <time>2020-04-19T08:56:22Z</time>
   </trkpt>
   <trkpt lat="51.1300050" lon="-0.5595260">
    <ele>71.9</ele>
    <time>2020-04-19T08:56:24Z</time>
   </trkpt>
   <trkpt lat="51.1300270" lon="-0.5595240">
    <ele>72.0</ele>
    <time>2020-04-19T08:56:26Z</time>
   </trkpt>
   <trkpt lat="51.1300470" lon="-0.5595210">
    <ele>72.1</ele>
    <time>2020-04-19T08:56:27Z</time>
   </trkpt>
   <trkpt lat="51.1300550" lon="-0.5595210">
    <ele>72.1</ele>
    <time>2020-04-19T08:56:28Z</time>
   </trkpt>
   <trkpt lat="51.1300760" lon="-0.5595220">
    <ele>72.2</ele>
    <time>2020-04-19T08:56:30Z</time>
   </trkpt>
   <trkpt lat="51.1301020" lon="-0.5595270">
    <ele>72.3</ele>
    <time>2020-04-19T08:56:32Z</time>
   </trkpt>
   <trkpt lat="51.1301240" lon="-0.5595250">
    <ele>72.4</ele>
    <time>2020-04-19T08:56:34Z</time>
   </trkpt>
   <trkpt lat="51.1301490" lon="-0.5595260">
    <ele>72.5</ele>
    <time>2020-04-19T08:56:36Z</time>
   </trkpt>
   <trkpt lat="51.1301690" lon="-0.5595270">
    <ele>72.6</ele>
    <time>2020-04-19T08:56:37Z</time>
   </trkpt>
   <trkpt lat="51.1301770" lon="-0.5595270">
    <ele>72.7</ele>
    <time>2020-04-19T08:56:38Z</time>
   </trkpt>
   <trkpt lat="51.1302090" lon="-0.5595260">
    <ele>72.8</ele>
    <time>2020-04-19T08:56:40Z</time>
   </trkpt>
   <trkpt lat="51.1302140" lon="-0.5595260">
    <ele>72.8</ele>
    <time>2020-04-19T08:56:41Z</time>
   </trkpt>
   <trkpt lat="51.1302350" lon="-0.5595250">
    <ele>72.9</ele>
    <time>2020-04-19T08:56:42Z</time>
   </trkpt>
   <trkpt lat="51.1302560" lon="-0.5595260">
    <ele>73.0</ele>
    <time>2020-04-19T08:56:44Z</time>
   </trkpt>
   <trkpt lat="51.1302680" lon="-0.5595270">
    <ele>73.1</ele>
    <time>2020-04-19T08:56:45Z</time>
   </trkpt>
   <trkpt lat="51.1302930" lon="-0.5595280">
    <ele>73.2</ele>
    <time>2020-04-19T08:56:47Z</time>
   </trkpt>
   <trkpt lat="51.1303150" lon="-0.5595280">
    <ele>73.3</ele>
    <time>2020-04-19T08:56:49Z</time>
   </trkpt>
   <trkpt lat="51.1303410" lon="-0.5595290">
    <ele>73.4</ele>
    <time>2020-04-19T08:56:51Z</time>
   </trkpt>
   <trkpt lat="51.1303660" lon="-0.5595270">
    <ele>73.5</ele>
    <time>2020-04-19T08:56:53Z</time>
   </trkpt>
   <trkpt lat="51.1303880" lon="-0.5595300">
    <ele>73.6</ele>
    <time>2020-04-19T08:56:55Z</time>
   </trkpt>
   <trkpt lat="51.1304020" lon="-0.5595300">
    <ele>73.7</ele>
    <time>2020-04-19T08:56:56Z</time>
   </trkpt>
   <trkpt lat="51.1304210" lon="-0.5595330">
    <ele>73.7</ele>
    <time>2020-04-19T08:56:57Z</time>
   </trkpt>
   <trkpt lat="51.1304390" lon="-0.5595350">
    <ele>73.8</ele>
    <time>2020-04-19T08:56:59Z</time>
   </trkpt>
   <trkpt lat="51.1304640" lon="-0.5595350">
    <ele>73.9</ele>
    <time>2020-04-19T08:57:01Z</time>
   </trkpt>
   <trkpt lat="51.1304830" lon="-0.5595350">
    <ele>74.0</ele>
    <time>2020-04-19T08:57:02Z</time>
   </trkpt>
   <trkpt lat="51.1305020" lon="-0.5595350">
    <ele>74.1</ele>
    <time>2020-04-19T08:57:04Z</time>
   </trkpt>
   <trkpt lat="51.1305360" lon="-0.5595320">
    <ele>74.3</ele>
    <time>2020-04-19T08:57:06Z</time>
   </trkpt>
   <trkpt lat="51.1305440" lon="-0.5595290">
    <ele>74.3</ele>
    <time>2020-04-19T08:57:07Z</time>
   </trkpt>
   <trkpt lat="51.1305530" lon="-0.5595290">
    <ele>74.3</ele>
    <time>2020-04-19T08:57:08Z</time>
   </trkpt>
   <trkpt lat="51.1305740" lon="-0.5595260">
    <ele>74.4</ele>
    <time>2020-04-19T08:57:10Z</time>
   </trkpt>
   <trkpt lat="51.1306080" lon="-0.5595290">
    <ele>74.6</ele>
    <time>2020-04-19T08:57:12Z</time>
   </trkpt>
   <trkpt lat="51.1306160" lon="-0.5595300">
    <ele>74.6</ele>
    <time>2020-04-19T08:57:13Z</time>
   </trkpt>
   <trkpt lat="51.1306400" lon="-0.5595290">
    <ele>74.7</ele>
    <time>2020-04-19T08:57:15Z</time>
   </trkpt>
   <trkpt lat="51.1306520" lon="-0.5595270">
    <ele>74.7</ele>
    <time>2020-04-19T08:57:16Z</time>
   </trkpt>
   <trkpt lat="51.1306670" lon="-0.5595250">
    <ele>74.8</ele>
    <time>2020-04-19T08:57:17Z</time>
   </trkpt>
   <trkpt lat="51.1306900" lon="-0.5595230">
    <ele>74.9</ele>
    <time>2020-04-19T08:57:19Z</time>
   </trkpt>
   <trkpt lat="51.1307020" lon="-0.5595200">
    <ele>74.9</ele>
    <time>2020-04-19T08:57:20Z</time>
   </trkpt>
   <trkpt lat="51.1307300" lon="-0.5595150">
    <ele>75.0</ele>
    <time>2020-04-19T08:57:22Z</time>
   </trkpt>
   <trkpt lat="51.1307490" lon="-0.5595150">
    <ele>75.1</ele>
    <time>2020-04-19T08:57:24Z</time>
   </trkpt>
   <trkpt lat="51.1307580" lon="-0.5595150">
    <ele>75.2</ele>
    <time>2020-04-19T08:57:25Z</time>
   </trkpt>
   <trkpt lat="51.1307910" lon="-0.5595120">
    <ele>75.3</ele>
    <time>2020-04-19T08:57:27Z</time>
   </trkpt>
   <trkpt lat="51.1307970" lon="-0.5595120">
    <ele>75.3</ele>
    <time>2020-04-19T08:57:28Z</time>
   </trkpt>
   <trkpt lat="51.1308140" lon="-0.5595110">
    <ele>75.4</ele>
    <time>2020-04-19T08:57:30Z</time>
   </trkpt>
   <trkpt lat="51.1308440" lon="-0.5595130">
    <ele>75.5</ele>
    <time>2020-04-19T08:57:32Z</time>
   </trkpt>
   <trkpt lat="51.1308490" lon="-0.5595150">
    <ele>75.6</ele>
    <time>2020-04-19T08:57:33Z</time>
   </trkpt>
   <trkpt lat="51.1308660" lon="-0.5595190">
    <ele>75.6</ele>
    <time>2020-04-19T08:57:35Z</time>
   </trkpt>
   <trkpt lat="51.1308920" lon="-0.5595200">
    <ele>75.7</ele>
    <time>2020-04-19T08:57:37Z</time>
   </trkpt>
   <trkpt lat="51.1308950" lon="-0.5595210">
    <ele>75.7</ele>
    <time>2020-04-19T08:57:38Z</time>
   </trkpt>
   <trkpt lat="51.1309040" lon="-0.5595210">
    <ele>75.8</ele>
    <time>2020-04-19T08:57:39Z</time>
   </trkpt>
   <trkpt lat="51.1309250" lon="-0.5595250">
    <ele>75.8</ele>
    <time>2020-04-19T08:57:41Z</time>
   </trkpt>
   <trkpt lat="51.1309490" lon="-0.5595300">
    <ele>75.9</ele>
    <time>2020-04-19T08:57:43Z</time>
   </trkpt>
   <trkpt lat="51.1309680" lon="-0.5595210">
    <ele>76.0</ele>
    <time>2020-04-19T08:57:45Z</time>
   </trkpt>
   <trkpt lat="51.1309900" lon="-0.5595190">
    <ele>76.1</ele>
    <time>2020-04-19T08:57:47Z</time>
   </trkpt>
   <trkpt lat="51.1309930" lon="-0.5595170">
    <ele>76.1</ele>
    <time>2020-04-19T08:57:48Z</time>
   </trkpt>
   <trkpt lat="51.1309940" lon="-0.5595140">
    <ele>76.1</ele>
    <time>2020-04-19T08:57:49Z</time>
   </trkpt>
   <trkpt lat="51.1309950" lon="-0.5595110">
    <ele>76.1</ele>
    <time>2020-04-19T08:57:51Z</time>
   </trkpt>
   <trkpt lat="51.1309960" lon="-0.5595110">
    <ele>76.1</ele>
    <time>2020-04-19T08:57:52Z</time>
   </trkpt>
   <trkpt lat="51.1309960" lon="-0.5595100">
    <ele>76.1</ele>
    <time>2020-04-19T08:57:53Z</time>
   </trkpt>
   <trkpt lat="51.1309940" lon="-0.5595080">
    <ele>76.1</ele>
    <time>2020-04-19T08:57:54Z</time>
   </trkpt>
   <trkpt lat="51.1309820" lon="-0.5595070">
    <ele>76.1</ele>
    <time>2020-04-19T08:57:55Z</time>
   </trkpt>
   <trkpt lat="51.1309810" lon="-0.5595040">
    <ele>76.1</ele>
    <time>2020-04-19T08:57:57Z</time>
   </trkpt>
   <trkpt lat="51.1309810" lon="-0.5595000">
    <ele>76.1</ele>
    <time>2020-04-19T08:57:58Z</time>
   </trkpt>
   <trkpt lat="51.1309880" lon="-0.5594980">
    <ele>76.1</ele>
    <time>2020-04-19T08:58:00Z</time>
   </trkpt>
   <trkpt lat="51.1309990" lon="-0.5594920">
    <ele>76.1</ele>
    <time>2020-04-19T08:58:02Z</time>
   </trkpt>
   <trkpt lat="51.1310120" lon="-0.5594840">
    <ele>76.1</ele>
    <time>2020-04-19T08:58:03Z</time>
   </trkpt>
   <trkpt lat="51.1310270" lon="-0.5594710">
    <ele>76.2</ele>
    <time>2020-04-19T08:58:05Z</time>
   </trkpt>
   <trkpt lat="51.1310330" lon="-0.5594530">
    <ele>76.2</ele>
    <time>2020-04-19T08:58:07Z</time>
   </trkpt>
   <trkpt lat="51.1310250" lon="-0.5594600">
    <ele>76.1</ele>
    <time>2020-04-19T08:58:09Z</time>
   </trkpt>
   <trkpt lat="51.1310200" lon="-0.5594660">
    <ele>76.1</ele>
    <time>2020-04-19T08:58:11Z</time>
   </trkpt>
   <trkpt lat="51.1310170" lon="-0.5594730">
    <ele>76.1</ele>
    <time>2020-04-19T08:58:13Z</time>
   </trkpt>
   <trkpt lat="51.1310240" lon="-0.5594730">
    <ele>76.1</ele>
    <time>2020-04-19T08:58:15Z</time>
   </trkpt>
   <trkpt lat="51.1310350" lon="-0.5594740">
    <ele>76.2</ele>
    <time>2020-04-19T08:58:17Z</time>
   </trkpt>
   <trkpt lat="51.1310420" lon="-0.5594770">
    <ele>76.1</ele>
    <time>2020-04-19T08:58:18Z</time>
   </trkpt>
   <trkpt lat="51.1310570" lon="-0.5594760">
    <ele>76.2</ele>
    <time>2020-04-19T08:58:20Z</time>
   </trkpt>
   <trkpt lat="51.1310650" lon="-0.5594700">
    <ele>76.2</ele>
    <time>2020-04-19T08:58:22Z</time>
   </trkpt>
   <trkpt lat="51.1310670" lon="-0.5594700">
    <ele>76.2</ele>
    <time>2020-04-19T08:58:23Z</time>
   </trkpt>
   <trkpt lat="51.1310820" lon="-0.5594840">
    <ele>76.3</ele>
    <time>2020-04-19T08:58:25Z</time>
   </trkpt>
   <trkpt lat="51.1310880" lon="-0.5594880">
    <ele>76.4</ele>
    <time>2020-04-19T08:58:26Z</time>
   </trkpt>
   <trkpt lat="51.1311060" lon="-0.5594700">
    <ele>76.3</ele>
    <time>2020-04-19T08:58:28Z</time>
   </trkpt>
   <trkpt lat="51.1311120" lon="-0.5594680">
    <ele>76.5</ele>
    <time>2020-04-19T08:58:29Z</time>
   </trkpt>
   <trkpt lat="51.1311140" lon="-0.5594630">
    <ele>76.4</ele>
    <time>2020-04-19T08:58:30Z</time>
   </trkpt>
   <trkpt lat="51.1311130" lon="-0.5594530">
    <ele>76.4</ele>
    <time>2020-04-19T08:58:32Z</time>
   </trkpt>
   <trkpt lat="51.1311140" lon="-0.5594470">
    <ele>76.4</ele>
    <time>2020-04-19T08:58:33Z</time>
   </trkpt>
   <trkpt lat="51.1311120" lon="-0.5594420">
    <ele>76.4</ele>
    <time>2020-04-19T08:58:35Z</time>
   </trkpt>
   <trkpt lat="51.1311110" lon="-0.5594390">
    <ele>76.4</ele>
    <time>2020-04-19T08:58:37Z</time>
   </trkpt>
   <trkpt lat="51.1311120" lon="-0.5594380">
    <ele>76.4</ele>
    <time>2020-04-19T08:58:38Z</time>
   </trkpt>
   <trkpt lat="51.1311120" lon="-0.5594410">
    <ele>76.4</ele>
    <time>2020-04-19T08:58:40Z</time>
   </trkpt>
   <trkpt lat="51.1311080" lon="-0.5594510">
    <ele>76.4</ele>
    <time>2020-04-19T08:58:42Z</time>
   </trkpt>
   <trkpt lat="51.1311000" lon="-0.5594500">
    <ele>76.2</ele>
    <time>2020-04-19T08:58:43Z</time>
   </trkpt>
   <trkpt lat="51.1310970" lon="-0.5594510">
    <ele>76.2</ele>
    <time>2020-04-19T08:58:45Z</time>
   </trkpt>
   <trkpt lat="51.1310960" lon="-0.5594520">
    <ele>76.2</ele>
    <time>2020-04-19T08:58:47Z</time>
   </trkpt>
   <trkpt lat="51.1310960" lon="-0.5594510">
    <ele>76.2</ele>
    <time>2020-04-19T08:58:48Z</time>
   </trkpt>
   <trkpt lat="51.1310960" lon="-0.5594520">
    <ele>76.2</ele>
    <time>2020-04-19T08:58:50Z</time>
   </trkpt>
   <trkpt lat="51.1310970" lon="-0.5594530">
    <ele>76.2</ele>
    <time>2020-04-19T08:58:52Z</time>
   </trkpt>
   <trkpt lat="51.1310980" lon="-0.5594550">
    <ele>76.2</ele>
    <time>2020-04-19T08:58:53Z</time>
   </trkpt>
   <trkpt lat="51.1310980" lon="-0.5594550">
    <ele>76.2</ele>
    <time>2020-04-19T08:58:54Z</time>
   </trkpt>
   <trkpt lat="51.1310980" lon="-0.5594550">
    <ele>76.2</ele>
    <time>2020-04-19T08:58:56Z</time>
   </trkpt>
   <trkpt lat="51.1310800" lon="-0.5594500">
    <ele>76.1</ele>
    <time>2020-04-19T08:58:58Z</time>
   </trkpt>
   <trkpt lat="51.1310710" lon="-0.5594440">
    <ele>76.0</ele>
    <time>2020-04-19T08:59:00Z</time>
   </trkpt>
   <trkpt lat="51.1310710" lon="-0.5594410">
    <ele>76.0</ele>
    <time>2020-04-19T08:59:02Z</time>
   </trkpt>
   <trkpt lat="51.1310740" lon="-0.5594350">
    <ele>76.0</ele>
    <time>2020-04-19T08:59:03Z</time>
   </trkpt>
   <trkpt lat="51.1310810" lon="-0.5594320">
    <ele>76.1</ele>
    <time>2020-04-19T08:59:05Z</time>
   </trkpt>
   <trkpt lat="51.1310920" lon="-0.5594400">
    <ele>76.1</ele>
    <time>2020-04-19T08:59:07Z</time>
   </trkpt>
   <trkpt lat="51.1311010" lon="-0.5594490">
    <ele>76.2</ele>
    <time>2020-04-19T08:59:08Z</time>
   </trkpt>
   <trkpt lat="51.1311110" lon="-0.5594550">
    <ele>76.3</ele>
    <time>2020-04-19T08:59:09Z</time>
   </trkpt>
   <trkpt lat="51.1311290" lon="-0.5594730">
    <ele>76.3</ele>
    <time>2020-04-19T08:59:11Z</time>
   </trkpt>
   <trkpt lat="51.1311560" lon="-0.5594930">
    <ele>76.4</ele>
    <time>2020-04-19T08:59:13Z</time>
   </trkpt>
   <trkpt lat="51.1311640" lon="-0.5594940">
    <ele>76.5</ele>
    <time>2020-04-19T08:59:14Z</time>
   </trkpt>
   <trkpt lat="51.1311730" lon="-0.5594950">
    <ele>76.5</ele>
    <time>2020-04-19T08:59:15Z</time>
   </trkpt>
   <trkpt lat="51.1311930" lon="-0.5595020">
    <ele>76.6</ele>
    <time>2020-04-19T08:59:17Z</time>
   </trkpt>
   <trkpt lat="51.1312210" lon="-0.5595160">
    <ele>76.6</ele>
    <time>2020-04-19T08:59:18Z</time>
   </trkpt>
   <trkpt lat="51.1312340" lon="-0.5595220">
    <ele>76.6</ele>
    <time>2020-04-19T08:59:20Z</time>
   </trkpt>
   <trkpt lat="51.1312480" lon="-0.5595290">
    <ele>76.7</ele>
    <time>2020-04-19T08:59:22Z</time>
   </trkpt>
   <trkpt lat="51.1312610" lon="-0.5595360">
    <ele>76.8</ele>
    <time>2020-04-19T08:59:23Z</time>
   </trkpt>
   <trkpt lat="51.1312790" lon="-0.5595430">
    <ele>76.8</ele>
    <time>2020-04-19T08:59:25Z</time>
   </trkpt>
   <trkpt lat="51.1312990" lon="-0.5595530">
    <ele>76.9</ele>
    <time>2020-04-19T08:59:27Z</time>
   </trkpt>
   <trkpt lat="51.1313220" lon="-0.5595680">
    <ele>76.9</ele>
    <time>2020-04-19T08:59:29Z</time>
   </trkpt>
   <trkpt lat="51.1313310" lon="-0.5595750">
    <ele>77.0</ele>
    <time>2020-04-19T08:59:30Z</time>
   </trkpt>
   <trkpt lat="51.1313470" lon="-0.5595880">
    <ele>77.0</ele>
    <time>2020-04-19T08:59:32Z</time>
   </trkpt>
   <trkpt lat="51.1313620" lon="-0.5595960">
    <ele>77.1</ele>
    <time>2020-04-19T08:59:33Z</time>
   </trkpt>
   <trkpt lat="51.1313710" lon="-0.5596020">
    <ele>77.1</ele>
    <time>2020-04-19T08:59:34Z</time>
   </trkpt>
   <trkpt lat="51.1313920" lon="-0.5596180">
    <ele>77.2</ele>
    <time>2020-04-19T08:59:36Z</time>
   </trkpt>
   <trkpt lat="51.1314190" lon="-0.5596360">
    <ele>77.2</ele>
    <time>2020-04-19T08:59:38Z</time>
   </trkpt>
   <trkpt lat="51.1314280" lon="-0.5596410">
    <ele>77.2</ele>
    <time>2020-04-19T08:59:39Z</time>
   </trkpt>
   <trkpt lat="51.1314410" lon="-0.5596460">
    <ele>77.3</ele>
    <time>2020-04-19T08:59:40Z</time>
   </trkpt>
   <trkpt lat="51.1314530" lon="-0.5596500">
    <ele>77.3</ele>
    <time>2020-04-19T08:59:41Z</time>
   </trkpt>
   <trkpt lat="51.1314850" lon="-0.5596580">
    <ele>77.4</ele>
    <time>2020-04-19T08:59:43Z</time>
   </trkpt>
   <trkpt lat="51.1315070" lon="-0.5596650">
    <ele>77.4</ele>
    <time>2020-04-19T08:59:45Z</time>
   </trkpt>
   <trkpt lat="51.1315330" lon="-0.5596720">
    <ele>77.5</ele>
    <time>2020-04-19T08:59:47Z</time>
   </trkpt>
   <trkpt lat="51.1315520" lon="-0.5596720">
    <ele>77.5</ele>
    <time>2020-04-19T08:59:48Z</time>
   </trkpt>
   <trkpt lat="51.1315610" lon="-0.5596730">
    <ele>77.5</ele>
    <time>2020-04-19T08:59:49Z</time>
   </trkpt>
   <trkpt lat="51.1315740" lon="-0.5596760">
    <ele>77.6</ele>
    <time>2020-04-19T08:59:50Z</time>
   </trkpt>
   <trkpt lat="51.1315960" lon="-0.5596830">
    <ele>77.6</ele>
    <time>2020-04-19T08:59:52Z</time>
   </trkpt>
   <trkpt lat="51.1316130" lon="-0.5596900">
    <ele>77.6</ele>
    <time>2020-04-19T08:59:53Z</time>
   </trkpt>
   <trkpt lat="51.1316310" lon="-0.5597000">
    <ele>77.6</ele>
    <time>2020-04-19T08:59:55Z</time>
   </trkpt>
   <trkpt lat="51.1316430" lon="-0.5597060">
    <ele>77.6</ele>
    <time>2020-04-19T08:59:56Z</time>
   </trkpt>
   <trkpt lat="51.1316770" lon="-0.5597190">
    <ele>77.7</ele>
    <time>2020-04-19T08:59:58Z</time>
   </trkpt>
   <trkpt lat="51.1316820" lon="-0.5597220">
    <ele>77.7</ele>
    <time>2020-04-19T08:59:59Z</time>
   </trkpt>
   <trkpt lat="51.1316990" lon="-0.5597360">
    <ele>77.7</ele>
    <time>2020-04-19T09:00:01Z</time>
   </trkpt>
   <trkpt lat="51.1317220" lon="-0.5597550">
    <ele>77.7</ele>
    <time>2020-04-19T09:00:03Z</time>
   </trkpt>
   <trkpt lat="51.1317300" lon="-0.5597590">
    <ele>77.8</ele>
    <time>2020-04-19T09:00:04Z</time>
   </trkpt>
   <trkpt lat="51.1317420" lon="-0.5597650">
    <ele>77.7</ele>
    <time>2020-04-19T09:00:05Z</time>
   </trkpt>
   <trkpt lat="51.1317640" lon="-0.5597740">
    <ele>77.8</ele>
    <time>2020-04-19T09:00:07Z</time>
   </trkpt>
   <trkpt lat="51.1317850" lon="-0.5597860">
    <ele>77.8</ele>
    <time>2020-04-19T09:00:08Z</time>
   </trkpt>
   <trkpt lat="51.1318010" lon="-0.5597900">
    <ele>77.8</ele>
    <time>2020-04-19T09:00:10Z</time>
   </trkpt>
   <trkpt lat="51.1318230" lon="-0.5597950">
    <ele>77.8</ele>
    <time>2020-04-19T09:00:12Z</time>
   </trkpt>
   <trkpt lat="51.1318490" lon="-0.5598040">
    <ele>77.8</ele>
    <time>2020-04-19T09:00:14Z</time>
   </trkpt>
   <trkpt lat="51.1318680" lon="-0.5598130">
    <ele>77.8</ele>
    <time>2020-04-19T09:00:16Z</time>
   </trkpt>
   <trkpt lat="51.1318990" lon="-0.5598280">
    <ele>77.8</ele>
    <time>2020-04-19T09:00:18Z</time>
   </trkpt>
   <trkpt lat="51.1319050" lon="-0.5598300">
    <ele>77.8</ele>
    <time>2020-04-19T09:00:19Z</time>
   </trkpt>
   <trkpt lat="51.1319130" lon="-0.5598320">
    <ele>77.8</ele>
    <time>2020-04-19T09:00:20Z</time>
   </trkpt>
   <trkpt lat="51.1319260" lon="-0.5598360">
    <ele>77.8</ele>
    <time>2020-04-19T09:00:21Z</time>
   </trkpt>
   <trkpt lat="51.1319580" lon="-0.5598510">
    <ele>77.8</ele>
    <time>2020-04-19T09:00:23Z</time>
   </trkpt>
   <trkpt lat="51.1319710" lon="-0.5598580">
    <ele>77.7</ele>
    <time>2020-04-19T09:00:25Z</time>
   </trkpt>
   <trkpt lat="51.1319840" lon="-0.5598630">
    <ele>77.7</ele>
    <time>2020-04-19T09:00:26Z</time>
   </trkpt>
   <trkpt lat="51.1320140" lon="-0.5598780">
    <ele>77.8</ele>
    <time>2020-04-19T09:00:28Z</time>
   </trkpt>
   <trkpt lat="51.1320340" lon="-0.5598860">
    <ele>77.7</ele>
    <time>2020-04-19T09:00:30Z</time>
   </trkpt>
   <trkpt lat="51.1320590" lon="-0.5598900">
    <ele>77.7</ele>
    <time>2020-04-19T09:00:32Z</time>
   </trkpt>
   <trkpt lat="51.1320770" lon="-0.5598930">
    <ele>77.7</ele>
    <time>2020-04-19T09:00:33Z</time>
   </trkpt>
   <trkpt lat="51.1320870" lon="-0.5598960">
    <ele>77.7</ele>
    <time>2020-04-19T09:00:34Z</time>
   </trkpt>
   <trkpt lat="51.1320980" lon="-0.5598980">
    <ele>77.7</ele>
    <time>2020-04-19T09:00:35Z</time>
   </trkpt>
   <trkpt lat="51.1321100" lon="-0.5598990">
    <ele>77.7</ele>
    <time>2020-04-19T09:00:36Z</time>
   </trkpt>
   <trkpt lat="51.1321460" lon="-0.5599030">
    <ele>77.6</ele>
    <time>2020-04-19T09:00:38Z</time>
   </trkpt>
   <trkpt lat="51.1321590" lon="-0.5599080">
    <ele>77.6</ele>
    <time>2020-04-19T09:00:40Z</time>
   </trkpt>
   <trkpt lat="51.1321710" lon="-0.5599110">
    <ele>77.6</ele>
    <time>2020-04-19T09:00:41Z</time>
   </trkpt>
   <trkpt lat="51.1322060" lon="-0.5599090">
    <ele>77.6</ele>
    <time>2020-04-19T09:00:43Z</time>
   </trkpt>
   <trkpt lat="51.1322120" lon="-0.5599090">
    <ele>77.6</ele>
    <time>2020-04-19T09:00:44Z</time>
   </trkpt>
   <trkpt lat="51.1322220" lon="-0.5599100">
    <ele>77.6</ele>
    <time>2020-04-19T09:00:45Z</time>
   </trkpt>
   <trkpt lat="51.1322430" lon="-0.5599150">
    <ele>77.6</ele>
    <time>2020-04-19T09:00:47Z</time>
   </trkpt>
   <trkpt lat="51.1322630" lon="-0.5599190">
    <ele>77.7</ele>
    <time>2020-04-19T09:00:48Z</time>
   </trkpt>
   <trkpt lat="51.1322800" lon="-0.5599220">
    <ele>77.7</ele>
    <time>2020-04-19T09:00:50Z</time>
   </trkpt>
   <trkpt lat="51.1323020" lon="-0.5599210">
    <ele>77.7</ele>
    <time>2020-04-19T09:00:52Z</time>
   </trkpt>
   <trkpt lat="51.1323150" lon="-0.5599200">
    <ele>77.7</ele>
    <time>2020-04-19T09:00:53Z</time>
   </trkpt>
   <trkpt lat="51.1323370" lon="-0.5599200">
    <ele>77.7</ele>
    <time>2020-04-19T09:00:55Z</time>
   </trkpt>
   <trkpt lat="51.1323630" lon="-0.5599200">
    <ele>77.8</ele>
    <time>2020-04-19T09:00:57Z</time>
   </trkpt>
   <trkpt lat="51.1323790" lon="-0.5599220">
    <ele>77.8</ele>
    <time>2020-04-19T09:00:58Z</time>
   </trkpt>
   <trkpt lat="51.1323870" lon="-0.5599230">
    <ele>77.8</ele>
    <time>2020-04-19T09:00:59Z</time>
   </trkpt>
   <trkpt lat="51.1323970" lon="-0.5599230">
    <ele>77.8</ele>
    <time>2020-04-19T09:01:00Z</time>
   </trkpt>
   <trkpt lat="51.1324070" lon="-0.5599220">
    <ele>77.9</ele>
    <time>2020-04-19T09:01:01Z</time>
   </trkpt>
   <trkpt lat="51.1324330" lon="-0.5599230">
    <ele>78.0</ele>
    <time>2020-04-19T09:01:03Z</time>
   </trkpt>
   <trkpt lat="51.1324430" lon="-0.5599250">
    <ele>78.0</ele>
    <time>2020-04-19T09:01:04Z</time>
   </trkpt>
   <trkpt lat="51.1324520" lon="-0.5599290">
    <ele>78.0</ele>
    <time>2020-04-19T09:01:05Z</time>
   </trkpt>
   <trkpt lat="51.1324630" lon="-0.5599320">
    <ele>78.1</ele>
    <time>2020-04-19T09:01:06Z</time>
   </trkpt>
   <trkpt lat="51.1324880" lon="-0.5599380">
    <ele>78.2</ele>
    <time>2020-04-19T09:01:08Z</time>
   </trkpt>
   <trkpt lat="51.1324940" lon="-0.5599380">
    <ele>78.2</ele>
    <time>2020-04-19T09:01:09Z</time>
   </trkpt>
   <trkpt lat="51.1325040" lon="-0.5599380">
    <ele>78.2</ele>
    <time>2020-04-19T09:01:10Z</time>
   </trkpt>
   <trkpt lat="51.1325140" lon="-0.5599370">
    <ele>78.3</ele>
    <time>2020-04-19T09:01:11Z</time>
   </trkpt>
   <trkpt lat="51.1325450" lon="-0.5599360">
    <ele>78.5</ele>
    <time>2020-04-19T09:01:13Z</time>
   </trkpt>
   <trkpt lat="51.1325490" lon="-0.5599360">
    <ele>78.5</ele>
    <time>2020-04-19T09:01:14Z</time>
   </trkpt>
   <trkpt lat="51.1325600" lon="-0.5599380">
    <ele>78.5</ele>
    <time>2020-04-19T09:01:15Z</time>
   </trkpt>
   <trkpt lat="51.1325790" lon="-0.5599420">
    <ele>78.7</ele>
    <time>2020-04-19T09:01:17Z</time>
   </trkpt>
   <trkpt lat="51.1325910" lon="-0.5599430">
    <ele>78.9</ele>
    <time>2020-04-19T09:01:18Z</time>
   </trkpt>
   <trkpt lat="51.1326010" lon="-0.5599420">
    <ele>78.9</ele>
    <time>2020-04-19T09:01:19Z</time>
   </trkpt>
   <trkpt lat="51.1326140" lon="-0.5599410">
    <ele>78.8</ele>
    <time>2020-04-19T09:01:20Z</time>
   </trkpt>
   <trkpt lat="51.1326390" lon="-0.5599390">
    <ele>79.1</ele>
    <time>2020-04-19T09:01:22Z</time>
   </trkpt>
   <trkpt lat="51.1326510" lon="-0.5599390">
    <ele>79.3</ele>
    <time>2020-04-19T09:01:23Z</time>
   </trkpt>
   <trkpt lat="51.1326800" lon="-0.5599390">
    <ele>79.6</ele>
    <time>2020-04-19T09:01:25Z</time>
   </trkpt>
   <trkpt lat="51.1327010" lon="-0.5599390">
    <ele>79.9</ele>
    <time>2020-04-19T09:01:27Z</time>
   </trkpt>
   <trkpt lat="51.1327280" lon="-0.5599390">
    <ele>80.2</ele>
    <time>2020-04-19T09:01:29Z</time>
   </trkpt>
   <trkpt lat="51.1327410" lon="-0.5599390">
    <ele>80.2</ele>
    <time>2020-04-19T09:01:30Z</time>
   </trkpt>
   <trkpt lat="51.1327650" lon="-0.5599370">
    <ele>80.5</ele>
    <time>2020-04-19T09:01:32Z</time>
   </trkpt>
   <trkpt lat="51.1327880" lon="-0.5599380">
    <ele>80.9</ele>
    <time>2020-04-19T09:01:33Z</time>
   </trkpt>
   <trkpt lat="51.1327940" lon="-0.5599360">
    <ele>80.9</ele>
    <time>2020-04-19T09:01:34Z</time>
   </trkpt>
   <trkpt lat="51.1328170" lon="-0.5599360">
    <ele>81.3</ele>
    <time>2020-04-19T09:01:36Z</time>
   </trkpt>
   <trkpt lat="51.1328410" lon="-0.5599350">
    <ele>81.6</ele>
    <time>2020-04-19T09:01:38Z</time>
   </trkpt>
   <trkpt lat="51.1328580" lon="-0.5599310">
    <ele>81.6</ele>
    <time>2020-04-19T09:01:39Z</time>
   </trkpt>
   <trkpt lat="51.1328660" lon="-0.5599260">
    <ele>82.0</ele>
    <time>2020-04-19T09:01:40Z</time>
   </trkpt>
   <trkpt lat="51.1328910" lon="-0.5599140">
    <ele>82.2</ele>
    <time>2020-04-19T09:01:42Z</time>
   </trkpt>
   <trkpt lat="51.1329030" lon="-0.5599110">
    <ele>82.1</ele>
    <time>2020-04-19T09:01:43Z</time>
   </trkpt>
   <trkpt lat="51.1329210" lon="-0.5599120">
    <ele>82.6</ele>
    <time>2020-04-19T09:01:44Z</time>
   </trkpt>
   <trkpt lat="51.1329300" lon="-0.5599110">
    <ele>82.6</ele>
    <time>2020-04-19T09:01:45Z</time>
   </trkpt>
   <trkpt lat="51.1329420" lon="-0.5599100">
    <ele>83.0</ele>
    <time>2020-04-19T09:01:46Z</time>
   </trkpt>
   <trkpt lat="51.1329630" lon="-0.5599050">
    <ele>83.0</ele>
    <time>2020-04-19T09:01:48Z</time>
   </trkpt>
   <trkpt lat="51.1329780" lon="-0.5599040">
    <ele>83.4</ele>
    <time>2020-04-19T09:01:49Z</time>
   </trkpt>
   <trkpt lat="51.1329880" lon="-0.5599050">
    <ele>83.4</ele>
    <time>2020-04-19T09:01:50Z</time>
   </trkpt>
   <trkpt lat="51.1330110" lon="-0.5599080">
    <ele>83.9</ele>
    <time>2020-04-19T09:01:52Z</time>
   </trkpt>
   <trkpt lat="51.1330240" lon="-0.5599080">
    <ele>84.3</ele>
    <time>2020-04-19T09:01:53Z</time>
   </trkpt>
   <trkpt lat="51.1330410" lon="-0.5599080">
    <ele>84.3</ele>
    <time>2020-04-19T09:01:54Z</time>
   </trkpt>
   <trkpt lat="51.1330640" lon="-0.5599070">
    <ele>84.8</ele>
    <time>2020-04-19T09:01:56Z</time>
   </trkpt>
   <trkpt lat="51.1330910" lon="-0.5599050">
    <ele>85.2</ele>
    <time>2020-04-19T09:01:58Z</time>
   </trkpt>
   <trkpt lat="51.1331100" lon="-0.5599020">
    <ele>85.7</ele>
    <time>2020-04-19T09:01:59Z</time>
   </trkpt>
   <trkpt lat="51.1331350" lon="-0.5599000">
    <ele>86.2</ele>
    <time>2020-04-19T09:02:01Z</time>
   </trkpt>
   <trkpt lat="51.1331640" lon="-0.5599000">
    <ele>86.7</ele>
    <time>2020-04-19T09:02:03Z</time>
   </trkpt>
   <trkpt lat="51.1331810" lon="-0.5598990">
    <ele>86.7</ele>
    <time>2020-04-19T09:02:04Z</time>
   </trkpt>
   <trkpt lat="51.1332050" lon="-0.5598970">
    <ele>87.1</ele>
    <time>2020-04-19T09:02:06Z</time>
   </trkpt>
   <trkpt lat="51.1332400" lon="-0.5598960">
    <ele>88.1</ele>
    <time>2020-04-19T09:02:08Z</time>
   </trkpt>
   <trkpt lat="51.1332480" lon="-0.5598950">
    <ele>88.1</ele>
    <time>2020-04-19T09:02:09Z</time>
   </trkpt>
   <trkpt lat="51.1332660" lon="-0.5598940">
    <ele>88.5</ele>
    <time>2020-04-19T09:02:11Z</time>
   </trkpt>
   <trkpt lat="51.1332880" lon="-0.5598930">
    <ele>88.5</ele>
    <time>2020-04-19T09:02:13Z</time>
   </trkpt>
   <trkpt lat="51.1333060" lon="-0.5598910">
    <ele>89.0</ele>
    <time>2020-04-19T09:02:14Z</time>
   </trkpt>
   <trkpt lat="51.1333130" lon="-0.5598900">
    <ele>89.0</ele>
    <time>2020-04-19T09:02:15Z</time>
   </trkpt>
   <trkpt lat="51.1333300" lon="-0.5598900">
    <ele>89.5</ele>
    <time>2020-04-19T09:02:17Z</time>
   </trkpt>
   <trkpt lat="51.1333400" lon="-0.5598900">
    <ele>89.5</ele>
    <time>2020-04-19T09:02:18Z</time>
   </trkpt>
   <trkpt lat="51.1333590" lon="-0.5598870">
    <ele>89.9</ele>
    <time>2020-04-19T09:02:19Z</time>
   </trkpt>
   <trkpt lat="51.1333770" lon="-0.5598810">
    <ele>90.4</ele>
    <time>2020-04-19T09:02:21Z</time>
   </trkpt>
   <trkpt lat="51.1334000" lon="-0.5598740">
    <ele>90.8</ele>
    <time>2020-04-19T09:02:23Z</time>
   </trkpt>
   <trkpt lat="51.1334160" lon="-0.5598720">
    <ele>90.6</ele>
    <time>2020-04-19T09:02:24Z</time>
   </trkpt>
   <trkpt lat="51.1334260" lon="-0.5598710">
    <ele>91.0</ele>
    <time>2020-04-19T09:02:25Z</time>
   </trkpt>
   <trkpt lat="51.1334460" lon="-0.5598690">
    <ele>91.0</ele>
    <time>2020-04-19T09:02:27Z</time>
   </trkpt>
   <trkpt lat="51.1334690" lon="-0.5598670">
    <ele>91.5</ele>
    <time>2020-04-19T09:02:29Z</time>
   </trkpt>
   <trkpt lat="51.1334900" lon="-0.5598680">
    <ele>91.9</ele>
    <time>2020-04-19T09:02:31Z</time>
   </trkpt>
   <trkpt lat="51.1335180" lon="-0.5598700">
    <ele>92.3</ele>
    <time>2020-04-19T09:02:33Z</time>
   </trkpt>
   <trkpt lat="51.1335350" lon="-0.5598690">
    <ele>92.6</ele>
    <time>2020-04-19T09:02:34Z</time>
   </trkpt>
   <trkpt lat="51.1335560" lon="-0.5598680">
    <ele>92.6</ele>
    <time>2020-04-19T09:02:36Z</time>
   </trkpt>
   <trkpt lat="51.1335780" lon="-0.5598600">
    <ele>93.0</ele>
    <time>2020-04-19T09:02:38Z</time>
   </trkpt>
   <trkpt lat="51.1336050" lon="-0.5598490">
    <ele>93.3</ele>
    <time>2020-04-19T09:02:40Z</time>
   </trkpt>
   <trkpt lat="51.1336350" lon="-0.5598490">
    <ele>93.7</ele>
    <time>2020-04-19T09:02:42Z</time>
   </trkpt>
   <trkpt lat="51.1336410" lon="-0.5598500">
    <ele>93.9</ele>
    <time>2020-04-19T09:02:43Z</time>
   </trkpt>
   <trkpt lat="51.1336590" lon="-0.5598490">
    <ele>93.9</ele>
    <time>2020-04-19T09:02:44Z</time>
   </trkpt>
   <trkpt lat="51.1336820" lon="-0.5598510">
    <ele>94.2</ele>
    <time>2020-04-19T09:02:46Z</time>
   </trkpt>
   <trkpt lat="51.1337080" lon="-0.5598520">
    <ele>94.5</ele>
    <time>2020-04-19T09:02:48Z</time>
   </trkpt>
   <trkpt lat="51.1337370" lon="-0.5598560">
    <ele>94.7</ele>
    <time>2020-04-19T09:02:50Z</time>
   </trkpt>
   <trkpt lat="51.1337490" lon="-0.5598520">
    <ele>94.8</ele>
    <time>2020-04-19T09:02:51Z</time>
   </trkpt>
   <trkpt lat="51.1337740" lon="-0.5598400">
    <ele>95.0</ele>
    <time>2020-04-19T09:02:53Z</time>
   </trkpt>
   <trkpt lat="51.1337900" lon="-0.5598330">
    <ele>95.0</ele>
    <time>2020-04-19T09:02:54Z</time>
   </trkpt>
   <trkpt lat="51.1338070" lon="-0.5598360">
    <ele>95.0</ele>
    <time>2020-04-19T09:02:56Z</time>
   </trkpt>
   <trkpt lat="51.1338080" lon="-0.5598390">
    <ele>95.0</ele>
    <time>2020-04-19T09:02:58Z</time>
   </trkpt>
   <trkpt lat="51.1338130" lon="-0.5598410">
    <ele>95.0</ele>
    <time>2020-04-19T09:02:59Z</time>
   </trkpt>
   <trkpt lat="51.1338280" lon="-0.5598510">
    <ele>95.0</ele>
    <time>2020-04-19T09:03:01Z</time>
   </trkpt>
   <trkpt lat="51.1338420" lon="-0.5598650">
    <ele>95.0</ele>
    <time>2020-04-19T09:03:03Z</time>
   </trkpt>
   <trkpt lat="51.1338590" lon="-0.5598740">
    <ele>95.0</ele>
    <time>2020-04-19T09:03:05Z</time>
   </trkpt>
   <trkpt lat="51.1338600" lon="-0.5598750">
    <ele>95.0</ele>
    <time>2020-04-19T09:03:06Z</time>
   </trkpt>
   <trkpt lat="51.1338580" lon="-0.5598790">
    <ele>95.0</ele>
    <time>2020-04-19T09:03:08Z</time>
   </trkpt>
   <trkpt lat="51.1338530" lon="-0.5598790">
    <ele>95.0</ele>
    <time>2020-04-19T09:03:09Z</time>
   </trkpt>
   <trkpt lat="51.1338500" lon="-0.5598780">
    <ele>95.0</ele>
    <time>2020-04-19T09:03:10Z</time>
   </trkpt>
   <trkpt lat="51.1338430" lon="-0.5598700">
    <ele>95.0</ele>
    <time>2020-04-19T09:03:12Z</time>
   </trkpt>
   <trkpt lat="51.1338420" lon="-0.5598650">
    <ele>95.0</ele>
    <time>2020-04-19T09:03:13Z</time>
   </trkpt>
   <trkpt lat="51.1338450" lon="-0.5598580">
    <ele>95.0</ele>
    <time>2020-04-19T09:03:14Z</time>
   </trkpt>
   <trkpt lat="51.1338620" lon="-0.5598410">
    <ele>95.0</ele>
    <time>2020-04-19T09:03:16Z</time>
   </trkpt>
   <trkpt lat="51.1338800" lon="-0.5598110">
    <ele>95.0</ele>
    <time>2020-04-19T09:03:18Z</time>
   </trkpt>
   <trkpt lat="51.1338920" lon="-0.5597840">
    <ele>95.0</ele>
    <time>2020-04-19T09:03:19Z</time>
   </trkpt>
   <trkpt lat="51.1338970" lon="-0.5597710">
    <ele>95.0</ele>
    <time>2020-04-19T09:03:20Z</time>
   </trkpt>
   <trkpt lat="51.1339040" lon="-0.5597580">
    <ele>95.0</ele>
    <time>2020-04-19T09:03:21Z</time>
   </trkpt>
   <trkpt lat="51.1339250" lon="-0.5597330">
    <ele>95.0</ele>
    <time>2020-04-19T09:03:23Z</time>
   </trkpt>
   <trkpt lat="51.1339400" lon="-0.5597160">
    <ele>95.1</ele>
    <time>2020-04-19T09:03:24Z</time>
   </trkpt>
   <trkpt lat="51.1339460" lon="-0.5597070">
    <ele>95.1</ele>
    <time>2020-04-19T09:03:25Z</time>
   </trkpt>
   <trkpt lat="51.1339540" lon="-0.5596910">
    <ele>95.1</ele>
    <time>2020-04-19T09:03:26Z</time>
   </trkpt>
   <trkpt lat="51.1339670" lon="-0.5596590">
    <ele>95.1</ele>
    <time>2020-04-19T09:03:28Z</time>
   </trkpt>
   <trkpt lat="51.1339770" lon="-0.5596370">
    <ele>95.1</ele>
    <time>2020-04-19T09:03:29Z</time>
   </trkpt>
   <trkpt lat="51.1339910" lon="-0.5596090">
    <ele>95.1</ele>
    <time>2020-04-19T09:03:31Z</time>
   </trkpt>
   <trkpt lat="51.1340090" lon="-0.5595760">
    <ele>95.2</ele>
    <time>2020-04-19T09:03:33Z</time>
   </trkpt>
   <trkpt lat="51.1340210" lon="-0.5595530">
    <ele>95.2</ele>
    <time>2020-04-19T09:03:34Z</time>
   </trkpt>
   <trkpt lat="51.1340320" lon="-0.5595340">
    <ele>95.2</ele>
    <time>2020-04-19T09:03:36Z</time>
   </trkpt>
   <trkpt lat="51.1340480" lon="-0.5595110">
    <ele>95.2</ele>
    <time>2020-04-19T09:03:38Z</time>
   </trkpt>
   <trkpt lat="51.1340690" lon="-0.5594840">
    <ele>95.2</ele>
    <time>2020-04-19T09:03:40Z</time>
   </trkpt>
   <trkpt lat="51.1340860" lon="-0.5594730">
    <ele>95.3</ele>
    <time>2020-04-19T09:03:41Z</time>
   </trkpt>
   <trkpt lat="51.1340960" lon="-0.5594680">
    <ele>95.3</ele>
    <time>2020-04-19T09:03:43Z</time>
   </trkpt>
   <trkpt lat="51.1341070" lon="-0.5594630">
    <ele>95.3</ele>
    <time>2020-04-19T09:03:44Z</time>
   </trkpt>
   <trkpt lat="51.1341150" lon="-0.5594600">
    <ele>95.4</ele>
    <time>2020-04-19T09:03:45Z</time>
   </trkpt>
   <trkpt lat="51.1341230" lon="-0.5594580">
    <ele>95.4</ele>
    <time>2020-04-19T09:03:46Z</time>
   </trkpt>
   <trkpt lat="51.1341440" lon="-0.5594570">
    <ele>95.4</ele>
    <time>2020-04-19T09:03:48Z</time>
   </trkpt>
   <trkpt lat="51.1341610" lon="-0.5594620">
    <ele>95.5</ele>
    <time>2020-04-19T09:03:49Z</time>
   </trkpt>
   <trkpt lat="51.1341800" lon="-0.5594650">
    <ele>95.5</ele>
    <time>2020-04-19T09:03:51Z</time>
   </trkpt>
   <trkpt lat="51.1342130" lon="-0.5594660">
    <ele>95.7</ele>
    <time>2020-04-19T09:03:53Z</time>
   </trkpt>
   <trkpt lat="51.1342230" lon="-0.5594670">
    <ele>95.7</ele>
    <time>2020-04-19T09:03:54Z</time>
   </trkpt>
   <trkpt lat="51.1342340" lon="-0.5594660">
    <ele>95.8</ele>
    <time>2020-04-19T09:03:55Z</time>
   </trkpt>
   <trkpt lat="51.1342610" lon="-0.5594640">
    <ele>95.9</ele>
    <time>2020-04-19T09:03:57Z</time>
   </trkpt>
   <trkpt lat="51.1342920" lon="-0.5594650">
    <ele>96.0</ele>
    <time>2020-04-19T09:03:59Z</time>
   </trkpt>
   <trkpt lat="51.1342990" lon="-0.5594640">
    <ele>96.1</ele>
    <time>2020-04-19T09:04:00Z</time>
   </trkpt>
   <trkpt lat="51.1343170" lon="-0.5594610">
    <ele>96.1</ele>
    <time>2020-04-19T09:04:02Z</time>
   </trkpt>
   <trkpt lat="51.1343450" lon="-0.5594560">
    <ele>96.3</ele>
    <time>2020-04-19T09:04:04Z</time>
   </trkpt>
   <trkpt lat="51.1343640" lon="-0.5594540">
    <ele>96.4</ele>
    <time>2020-04-19T09:04:06Z</time>
   </trkpt>
   <trkpt lat="51.1343900" lon="-0.5594500">
    <ele>96.5</ele>
    <time>2020-04-19T09:04:08Z</time>
   </trkpt>
   <trkpt lat="51.1344140" lon="-0.5594450">
    <ele>96.6</ele>
    <time>2020-04-19T09:04:09Z</time>
   </trkpt>
   <trkpt lat="51.1344210" lon="-0.5594440">
    <ele>96.6</ele>
    <time>2020-04-19T09:04:10Z</time>
   </trkpt>
   <trkpt lat="51.1344410" lon="-0.5594400">
    <ele>96.7</ele>
    <time>2020-04-19T09:04:12Z</time>
   </trkpt>
   <trkpt lat="51.1344760" lon="-0.5594270">
    <ele>96.9</ele>
    <time>2020-04-19T09:04:14Z</time>
   </trkpt>
   <trkpt lat="51.1344920" lon="-0.5594210">
    <ele>97.0</ele>
    <time>2020-04-19T09:04:15Z</time>
   </trkpt>
   <trkpt lat="51.1345010" lon="-0.5594180">
    <ele>97.0</ele>
    <time>2020-04-19T09:04:17Z</time>
   </trkpt>
   <trkpt lat="51.1345260" lon="-0.5594070">
    <ele>97.1</ele>
    <time>2020-04-19T09:04:19Z</time>
   </trkpt>
   <trkpt lat="51.1345430" lon="-0.5593930">
    <ele>97.2</ele>
    <time>2020-04-19T09:04:21Z</time>
   </trkpt>
   <trkpt lat="51.1345520" lon="-0.5593860">
    <ele>97.3</ele>
    <time>2020-04-19T09:04:22Z</time>
   </trkpt>
   <trkpt lat="51.1345770" lon="-0.5593710">
    <ele>97.4</ele>
    <time>2020-04-19T09:04:24Z</time>
   </trkpt>
   <trkpt lat="51.1345800" lon="-0.5593700">
    <ele>97.5</ele>
    <time>2020-04-19T09:04:25Z</time>
   </trkpt>
   <trkpt lat="51.1346040" lon="-0.5593620">
    <ele>97.6</ele>
    <time>2020-04-19T09:04:27Z</time>
   </trkpt>
   <trkpt lat="51.1346390" lon="-0.5593570">
    <ele>97.8</ele>
    <time>2020-04-19T09:04:29Z</time>
   </trkpt>
   <trkpt lat="51.1346460" lon="-0.5593550">
    <ele>97.8</ele>
    <time>2020-04-19T09:04:30Z</time>
   </trkpt>
   <trkpt lat="51.1346670" lon="-0.5593510">
    <ele>98.0</ele>
    <time>2020-04-19T09:04:32Z</time>
   </trkpt>
   <trkpt lat="51.1346940" lon="-0.5593490">
    <ele>98.1</ele>
    <time>2020-04-19T09:04:34Z</time>
   </trkpt>
   <trkpt lat="51.1347030" lon="-0.5593480">
    <ele>98.2</ele>
    <time>2020-04-19T09:04:35Z</time>
   </trkpt>
   <trkpt lat="51.1347300" lon="-0.5593480">
    <ele>98.3</ele>
    <time>2020-04-19T09:04:37Z</time>
   </trkpt>
   <trkpt lat="51.1347640" lon="-0.5593560">
    <ele>98.5</ele>
    <time>2020-04-19T09:04:39Z</time>
   </trkpt>
   <trkpt lat="51.1347780" lon="-0.5593600">
    <ele>98.6</ele>
    <time>2020-04-19T09:04:41Z</time>
   </trkpt>
   <trkpt lat="51.1348020" lon="-0.5593640">
    <ele>98.8</ele>
    <time>2020-04-19T09:04:43Z</time>
   </trkpt>
   <trkpt lat="51.1348250" lon="-0.5593710">
    <ele>98.9</ele>
    <time>2020-04-19T09:04:44Z</time>
   </trkpt>
   <trkpt lat="51.1348330" lon="-0.5593740">
    <ele>99.0</ele>
    <time>2020-04-19T09:04:45Z</time>
   </trkpt>
   <trkpt lat="51.1348570" lon="-0.5593810">
    <ele>99.1</ele>
    <time>2020-04-19T09:04:47Z</time>
   </trkpt>
   <trkpt lat="51.1348930" lon="-0.5594000">
    <ele>99.4</ele>
    <time>2020-04-19T09:04:49Z</time>
   </trkpt>
   <trkpt lat="51.1349020" lon="-0.5594030">
    <ele>99.4</ele>
    <time>2020-04-19T09:04:50Z</time>
   </trkpt>
   <trkpt lat="51.1349260" lon="-0.5594110">
    <ele>99.6</ele>
    <time>2020-04-19T09:04:52Z</time>
   </trkpt>
   <trkpt lat="51.1349590" lon="-0.5594240">
    <ele>99.9</ele>
    <time>2020-04-19T09:04:54Z</time>
   </trkpt>
   <trkpt lat="51.1349780" lon="-0.5594310">
    <ele>100.0</ele>
    <time>2020-04-19T09:04:56Z</time>
   </trkpt>
   <trkpt lat="51.1350010" lon="-0.5594390">
    <ele>100.2</ele>
    <time>2020-04-19T09:04:58Z</time>
   </trkpt>
   <trkpt lat="51.1350230" lon="-0.5594480">
    <ele>100.4</ele>
    <time>2020-04-19T09:04:59Z</time>
   </trkpt>
   <trkpt lat="51.1350390" lon="-0.5594560">
    <ele>100.5</ele>
    <time>2020-04-19T09:05:01Z</time>
   </trkpt>
   <trkpt lat="51.1350480" lon="-0.5594600">
    <ele>100.6</ele>
    <time>2020-04-19T09:05:02Z</time>
   </trkpt>
   <trkpt lat="51.1350600" lon="-0.5594650">
    <ele>100.7</ele>
    <time>2020-04-19T09:05:03Z</time>
   </trkpt>
   <trkpt lat="51.1350820" lon="-0.5594790">
    <ele>100.9</ele>
    <time>2020-04-19T09:05:05Z</time>
   </trkpt>
   <trkpt lat="51.1351030" lon="-0.5594950">
    <ele>101.1</ele>
    <time>2020-04-19T09:05:07Z</time>
   </trkpt>
   <trkpt lat="51.1351320" lon="-0.5595110">
    <ele>101.3</ele>
    <time>2020-04-19T09:05:09Z</time>
   </trkpt>
   <trkpt lat="51.1351370" lon="-0.5595150">
    <ele>101.4</ele>
    <time>2020-04-19T09:05:10Z</time>
   </trkpt>
   <trkpt lat="51.1351440" lon="-0.5595200">
    <ele>101.4</ele>
    <time>2020-04-19T09:05:11Z</time>
   </trkpt>
   <trkpt lat="51.1351630" lon="-0.5595320">
    <ele>101.6</ele>
    <time>2020-04-19T09:05:13Z</time>
   </trkpt>
   <trkpt lat="51.1351720" lon="-0.5595380">
    <ele>101.7</ele>
    <time>2020-04-19T09:05:14Z</time>
   </trkpt>
   <trkpt lat="51.1351890" lon="-0.5595470">
    <ele>101.8</ele>
    <time>2020-04-19T09:05:15Z</time>
   </trkpt>
   <trkpt lat="51.1351930" lon="-0.5595510">
    <ele>101.8</ele>
    <time>2020-04-19T09:05:16Z</time>
   </trkpt>
   <trkpt lat="51.1352110" lon="-0.5595660">
    <ele>102.0</ele>
    <time>2020-04-19T09:05:18Z</time>
   </trkpt>
   <trkpt lat="51.1352190" lon="-0.5595740">
    <ele>102.1</ele>
    <time>2020-04-19T09:05:19Z</time>
   </trkpt>
   <trkpt lat="51.1352360" lon="-0.5595880">
    <ele>102.2</ele>
    <time>2020-04-19T09:05:20Z</time>
   </trkpt>
   <trkpt lat="51.1352420" lon="-0.5595940">
    <ele>102.3</ele>
    <time>2020-04-19T09:05:21Z</time>
   </trkpt>
   <trkpt lat="51.1352620" lon="-0.5596110">
    <ele>102.4</ele>
    <time>2020-04-19T09:05:23Z</time>
   </trkpt>
   <trkpt lat="51.1352910" lon="-0.5596270">
    <ele>102.6</ele>
    <time>2020-04-19T09:05:25Z</time>
   </trkpt>
   <trkpt lat="51.1353090" lon="-0.5596350">
    <ele>102.8</ele>
    <time>2020-04-19T09:05:27Z</time>
   </trkpt>
   <trkpt lat="51.1353310" lon="-0.5596400">
    <ele>102.9</ele>
    <time>2020-04-19T09:05:29Z</time>
   </trkpt>
   <trkpt lat="51.1353540" lon="-0.5596470">
    <ele>103.1</ele>
    <time>2020-04-19T09:05:30Z</time>
   </trkpt>
   <trkpt lat="51.1353680" lon="-0.5596520">
    <ele>103.1</ele>
    <time>2020-04-19T09:05:32Z</time>
   </trkpt>
   <trkpt lat="51.1353910" lon="-0.5596650">
    <ele>103.3</ele>
    <time>2020-04-19T09:05:34Z</time>
   </trkpt>
   <trkpt lat="51.1354160" lon="-0.5596760">
    <ele>103.5</ele>
    <time>2020-04-19T09:05:36Z</time>
   </trkpt>
   <trkpt lat="51.1354270" lon="-0.5596790">
    <ele>103.5</ele>
    <time>2020-04-19T09:05:37Z</time>
   </trkpt>
   <trkpt lat="51.1354490" lon="-0.5596890">
    <ele>103.7</ele>
    <time>2020-04-19T09:05:39Z</time>
   </trkpt>
   <trkpt lat="51.1354680" lon="-0.5597000">
    <ele>103.8</ele>
    <time>2020-04-19T09:05:40Z</time>
   </trkpt>
   <trkpt lat="51.1354840" lon="-0.5597070">
    <ele>103.9</ele>
    <time>2020-04-19T09:05:42Z</time>
   </trkpt>
   <trkpt lat="51.1355050" lon="-0.5597130">
    <ele>104.1</ele>
    <time>2020-04-19T09:05:44Z</time>
   </trkpt>
   <trkpt lat="51.1355290" lon="-0.5597200">
    <ele>104.2</ele>
    <time>2020-04-19T09:05:46Z</time>
   </trkpt>
   <trkpt lat="51.1355390" lon="-0.5597220">
    <ele>104.3</ele>
    <time>2020-04-19T09:05:47Z</time>
   </trkpt>
   <trkpt lat="51.1355610" lon="-0.5597250">
    <ele>104.4</ele>
    <time>2020-04-19T09:05:49Z</time>
   </trkpt>
   <trkpt lat="51.1355800" lon="-0.5597250">
    <ele>104.6</ele>
    <time>2020-04-19T09:05:50Z</time>
   </trkpt>
   <trkpt lat="51.1355990" lon="-0.5597270">
    <ele>104.7</ele>
    <time>2020-04-19T09:05:52Z</time>
   </trkpt>
   <trkpt lat="51.1356290" lon="-0.5597280">
    <ele>104.9</ele>
    <time>2020-04-19T09:05:54Z</time>
   </trkpt>
   <trkpt lat="51.1356380" lon="-0.5597290">
    <ele>105.0</ele>
    <time>2020-04-19T09:05:55Z</time>
   </trkpt>
   <trkpt lat="51.1356540" lon="-0.5597280">
    <ele>105.1</ele>
    <time>2020-04-19T09:05:57Z</time>
   </trkpt>
   <trkpt lat="51.1356730" lon="-0.5597270">
    <ele>105.2</ele>
    <time>2020-04-19T09:05:59Z</time>
   </trkpt>
   <trkpt lat="51.1356920" lon="-0.5597250">
    <ele>105.3</ele>
    <time>2020-04-19T09:06:00Z</time>
   </trkpt>
   <trkpt lat="51.1357000" lon="-0.5597270">
    <ele>105.4</ele>
    <time>2020-04-19T09:06:01Z</time>
   </trkpt>
   <trkpt lat="51.1357220" lon="-0.5597270">
    <ele>105.5</ele>
    <time>2020-04-19T09:06:03Z</time>
   </trkpt>
   <trkpt lat="51.1357320" lon="-0.5597240">
    <ele>105.6</ele>
    <time>2020-04-19T09:06:04Z</time>
   </trkpt>
   <trkpt lat="51.1357480" lon="-0.5597210">
    <ele>105.7</ele>
    <time>2020-04-19T09:06:05Z</time>
   </trkpt>
   <trkpt lat="51.1357570" lon="-0.5597180">
    <ele>105.7</ele>
    <time>2020-04-19T09:06:06Z</time>
   </trkpt>
   <trkpt lat="51.1357750" lon="-0.5597110">
    <ele>105.9</ele>
    <time>2020-04-19T09:06:08Z</time>
   </trkpt>
   <trkpt lat="51.1357860" lon="-0.5597060">
    <ele>105.9</ele>
    <time>2020-04-19T09:06:09Z</time>
   </trkpt>
   <trkpt lat="51.1358040" lon="-0.5596980">
    <ele>106.0</ele>
    <time>2020-04-19T09:06:10Z</time>
   </trkpt>
   <trkpt lat="51.1358130" lon="-0.5596940">
    <ele>106.1</ele>
    <time>2020-04-19T09:06:11Z</time>
   </trkpt>
   <trkpt lat="51.1358310" lon="-0.5596860">
    <ele>106.2</ele>
    <time>2020-04-19T09:06:13Z</time>
   </trkpt>
   <trkpt lat="51.1358430" lon="-0.5596810">
    <ele>106.2</ele>
    <time>2020-04-19T09:06:14Z</time>
   </trkpt>
   <trkpt lat="51.1358590" lon="-0.5596760">
    <ele>106.3</ele>
    <time>2020-04-19T09:06:15Z</time>
   </trkpt>
   <trkpt lat="51.1358640" lon="-0.5596730">
    <ele>106.3</ele>
    <time>2020-04-19T09:06:16Z</time>
   </trkpt>
   <trkpt lat="51.1358830" lon="-0.5596660">
    <ele>106.3</ele>
    <time>2020-04-19T09:06:18Z</time>
   </trkpt>
   <trkpt lat="51.1358940" lon="-0.5596650">
    <ele>106.4</ele>
    <time>2020-04-19T09:06:19Z</time>
   </trkpt>
   <trkpt lat="51.1359090" lon="-0.5596670">
    <ele>106.4</ele>
    <time>2020-04-19T09:06:20Z</time>
   </trkpt>
   <trkpt lat="51.1359230" lon="-0.5596660">
    <ele>106.4</ele>
    <time>2020-04-19T09:06:22Z</time>
   </trkpt>
   <trkpt lat="51.1359420" lon="-0.5596690">
    <ele>107.2</ele>
    <time>2020-04-19T09:06:24Z</time>
   </trkpt>
   <trkpt lat="51.1359620" lon="-0.5596740">
    <ele>107.6</ele>
    <time>2020-04-19T09:06:26Z</time>
   </trkpt>
   <trkpt lat="51.1359720" lon="-0.5596720">
    <ele>107.8</ele>
    <time>2020-04-19T09:06:27Z</time>
   </trkpt>
   <trkpt lat="51.1359800" lon="-0.5596700">
    <ele>107.9</ele>
    <time>2020-04-19T09:06:28Z</time>
   </trkpt>
   <trkpt lat="51.1359900" lon="-0.5596680">
    <ele>108.1</ele>
    <time>2020-04-19T09:06:30Z</time>
   </trkpt>
   <trkpt lat="51.1359900" lon="-0.5596670">
    <ele>108.1</ele>
    <time>2020-04-19T09:06:31Z</time>
   </trkpt>
   <trkpt lat="51.1359900" lon="-0.5596670">
    <ele>108.1</ele>
    <time>2020-04-19T09:06:32Z</time>
   </trkpt>
   <trkpt lat="51.1359890" lon="-0.5596660">
    <ele>108.2</ele>
    <time>2020-04-19T09:06:34Z</time>
   </trkpt>
   <trkpt lat="51.1359930" lon="-0.5596680">
    <ele>108.2</ele>
    <time>2020-04-19T09:06:35Z</time>
   </trkpt>
   <trkpt lat="51.1359910" lon="-0.5596670">
    <ele>108.3</ele>
    <time>2020-04-19T09:06:36Z</time>
   </trkpt>
   <trkpt lat="51.1359890" lon="-0.5596660">
    <ele>108.3</ele>
    <time>2020-04-19T09:06:38Z</time>
   </trkpt>
   <trkpt lat="51.1359890" lon="-0.5596660">
    <ele>108.3</ele>
    <time>2020-04-19T09:06:40Z</time>
   </trkpt>
   <trkpt lat="51.1359880" lon="-0.5596660">
    <ele>108.3</ele>
    <time>2020-04-19T09:06:42Z</time>
   </trkpt>
   <trkpt lat="51.1359870" lon="-0.5596660">
    <ele>108.4</ele>
    <time>2020-04-19T09:06:44Z</time>
   </trkpt>
   <trkpt lat="51.1359880" lon="-0.5596660">
    <ele>108.4</ele>
    <time>2020-04-19T09:06:45Z</time>
   </trkpt>
   <trkpt lat="51.1359880" lon="-0.5596660">
    <ele>108.4</ele>
    <time>2020-04-19T09:06:46Z</time>
   </trkpt>
   <trkpt lat="51.1359880" lon="-0.5596660">
    <ele>108.4</ele>
    <time>2020-04-19T09:06:48Z</time>
   </trkpt>
   <trkpt lat="51.1359880" lon="-0.5596660">
    <ele>108.4</ele>
    <time>2020-04-19T09:06:50Z</time>
   </trkpt>
   <trkpt lat="51.1359880" lon="-0.5596660">
    <ele>108.4</ele>
    <time>2020-04-19T09:06:51Z</time>
   </trkpt>
   <trkpt lat="51.1359870" lon="-0.5596650">
    <ele>108.4</ele>
    <time>2020-04-19T09:06:53Z</time>
   </trkpt>
   <trkpt lat="51.1359830" lon="-0.5596640">
    <ele>108.5</ele>
    <time>2020-04-19T09:06:55Z</time>
   </trkpt>
   <trkpt lat="51.1359800" lon="-0.5596630">
    <ele>108.5</ele>
    <time>2020-04-19T09:06:57Z</time>
   </trkpt>
   <trkpt lat="51.1359800" lon="-0.5596620">
    <ele>108.5</ele>
    <time>2020-04-19T09:06:59Z</time>
   </trkpt>
   <trkpt lat="51.1359800" lon="-0.5596630">
    <ele>108.6</ele>
    <time>2020-04-19T09:07:00Z</time>
   </trkpt>
   <trkpt lat="51.1359800" lon="-0.5596630">
    <ele>108.6</ele>
    <time>2020-04-19T09:07:02Z</time>
   </trkpt>
   <trkpt lat="51.1359850" lon="-0.5596620">
    <ele>108.7</ele>
    <time>2020-04-19T09:07:03Z</time>
   </trkpt>
   <trkpt lat="51.1359940" lon="-0.5596620">
    <ele>108.8</ele>
    <time>2020-04-19T09:07:04Z</time>
   </trkpt>
   <trkpt lat="51.1360010" lon="-0.5596600">
    <ele>109.0</ele>
    <time>2020-04-19T09:07:06Z</time>
   </trkpt>
   <trkpt lat="51.1360000" lon="-0.5596590">
    <ele>109.0</ele>
    <time>2020-04-19T09:07:07Z</time>
   </trkpt>
   <trkpt lat="51.1359970" lon="-0.5596580">
    <ele>109.1</ele>
    <time>2020-04-19T09:07:09Z</time>
   </trkpt>
   <trkpt lat="51.1359960" lon="-0.5596580">
    <ele>109.1</ele>
    <time>2020-04-19T09:07:10Z</time>
   </trkpt>
   <trkpt lat="51.1359970" lon="-0.5596580">
    <ele>109.1</ele>
    <time>2020-04-19T09:07:12Z</time>
   </trkpt>
   <trkpt lat="51.1359970" lon="-0.5596580">
    <ele>109.1</ele>
    <time>2020-04-19T09:07:13Z</time>
   </trkpt>
   <trkpt lat="51.1359950" lon="-0.5596420">
    <ele>109.3</ele>
    <time>2020-04-19T09:07:15Z</time>
   </trkpt>
   <trkpt lat="51.1359950" lon="-0.5596320">
    <ele>109.5</ele>
    <time>2020-04-19T09:07:17Z</time>
   </trkpt>
   <trkpt lat="51.1359970" lon="-0.5596290">
    <ele>109.5</ele>
    <time>2020-04-19T09:07:18Z</time>
   </trkpt>
   <trkpt lat="51.1360040" lon="-0.5596260">
    <ele>109.7</ele>
    <time>2020-04-19T09:07:20Z</time>
   </trkpt>
   <trkpt lat="51.1360080" lon="-0.5596300">
    <ele>109.8</ele>
    <time>2020-04-19T09:07:21Z</time>
   </trkpt>
   <trkpt lat="51.1360120" lon="-0.5596420">
    <ele>109.9</ele>
    <time>2020-04-19T09:07:23Z</time>
   </trkpt>
   <trkpt lat="51.1360290" lon="-0.5596550">
    <ele>110.4</ele>
    <time>2020-04-19T09:07:25Z</time>
   </trkpt>
   <trkpt lat="51.1360370" lon="-0.5596570">
    <ele>110.5</ele>
    <time>2020-04-19T09:07:26Z</time>
   </trkpt>
   <trkpt lat="51.1360470" lon="-0.5596580">
    <ele>110.7</ele>
    <time>2020-04-19T09:07:27Z</time>
   </trkpt>
   <trkpt lat="51.1360610" lon="-0.5596480">
    <ele>111.1</ele>
    <time>2020-04-19T09:07:29Z</time>
   </trkpt>
   <trkpt lat="51.1360760" lon="-0.5596300">
    <ele>111.5</ele>
    <time>2020-04-19T09:07:30Z</time>
   </trkpt>
   <trkpt lat="51.1360920" lon="-0.5596210">
    <ele>111.9</ele>
    <time>2020-04-19T09:07:32Z</time>
   </trkpt>
   <trkpt lat="51.1361060" lon="-0.5596240">
    <ele>112.2</ele>
    <time>2020-04-19T09:07:34Z</time>
   </trkpt>
   <trkpt lat="51.1361160" lon="-0.5596320">
    <ele>112.4</ele>
    <time>2020-04-19T09:07:36Z</time>
   </trkpt>
   <trkpt lat="51.1361300" lon="-0.5596390">
    <ele>112.7</ele>
    <time>2020-04-19T09:07:38Z</time>
   </trkpt>
   <trkpt lat="51.1361440" lon="-0.5596470">
    <ele>113.0</ele>
    <time>2020-04-19T09:07:40Z</time>
   </trkpt>
   <trkpt lat="51.1361590" lon="-0.5596500">
    <ele>113.4</ele>
    <time>2020-04-19T09:07:41Z</time>
   </trkpt>
   <trkpt lat="51.1361660" lon="-0.5596480">
    <ele>113.5</ele>
    <time>2020-04-19T09:07:42Z</time>
   </trkpt>
   <trkpt lat="51.1361730" lon="-0.5596470">
    <ele>113.7</ele>
    <time>2020-04-19T09:07:43Z</time>
   </trkpt>
   <trkpt lat="51.1361760" lon="-0.5596490">
    <ele>113.7</ele>
    <time>2020-04-19T09:07:45Z</time>
   </trkpt>
   <trkpt lat="51.1361780" lon="-0.5596490">
    <ele>113.8</ele>
    <time>2020-04-19T09:07:46Z</time>
   </trkpt>
   <trkpt lat="51.1361950" lon="-0.5596590">
    <ele>114.2</ele>
    <time>2020-04-19T09:07:48Z</time>
   </trkpt>
   <trkpt lat="51.1362190" lon="-0.5596580">
    <ele>114.7</ele>
    <time>2020-04-19T09:07:50Z</time>
   </trkpt>
   <trkpt lat="51.1362340" lon="-0.5596590">
    <ele>115.0</ele>
    <time>2020-04-19T09:07:52Z</time>
   </trkpt>
   <trkpt lat="51.1362440" lon="-0.5596610">
    <ele>115.2</ele>
    <time>2020-04-19T09:07:54Z</time>
   </trkpt>
   <trkpt lat="51.1362570" lon="-0.5596640">
    <ele>115.4</ele>
    <time>2020-04-19T09:07:55Z</time>
   </trkpt>
   <trkpt lat="51.1362610" lon="-0.5596640">
    <ele>115.5</ele>
    <time>2020-04-19T09:07:56Z</time>
   </trkpt>
   <trkpt lat="51.1362650" lon="-0.5596640">
    <ele>115.6</ele>
    <time>2020-04-19T09:07:57Z</time>
   </trkpt>
   <trkpt lat="51.1362720" lon="-0.5596650">
    <ele>115.7</ele>
    <time>2020-04-19T09:07:58Z</time>
   </trkpt>
   <trkpt lat="51.1362920" lon="-0.5596710">
    <ele>116.1</ele>
    <time>2020-04-19T09:08:00Z</time>
   </trkpt>
   <trkpt lat="51.1363000" lon="-0.5596700">
    <ele>116.3</ele>
    <time>2020-04-19T09:08:02Z</time>
   </trkpt>
   <trkpt lat="51.1363160" lon="-0.5596670">
    <ele>116.6</ele>
    <time>2020-04-19T09:08:04Z</time>
   </trkpt>
   <trkpt lat="51.1363300" lon="-0.5596600">
    <ele>116.8</ele>
    <time>2020-04-19T09:08:05Z</time>
   </trkpt>
   <trkpt lat="51.1363500" lon="-0.5596620">
    <ele>117.2</ele>
    <time>2020-04-19T09:08:07Z</time>
   </trkpt>
   <trkpt lat="51.1363750" lon="-0.5596600">
    <ele>117.7</ele>
    <time>2020-04-19T09:08:09Z</time>
   </trkpt>
   <trkpt lat="51.1363840" lon="-0.5596570">
    <ele>118.6</ele>
    <time>2020-04-19T09:08:10Z</time>
   </trkpt>
   <trkpt lat="51.1363930" lon="-0.5596550">
    <ele>118.7</ele>
    <time>2020-04-19T09:08:11Z</time>
   </trkpt>
   <trkpt lat="51.1363900" lon="-0.5596510">
    <ele>118.8</ele>
    <time>2020-04-19T09:08:13Z</time>
   </trkpt>
   <trkpt lat="51.1364250" lon="-0.5596310">
    <ele>119.3</ele>
    <time>2020-04-19T09:08:15Z</time>
   </trkpt>
   <trkpt lat="51.1364310" lon="-0.5596240">
    <ele>119.4</ele>
    <time>2020-04-19T09:08:17Z</time>
   </trkpt>
   <trkpt lat="51.1364350" lon="-0.5596180">
    <ele>119.5</ele>
    <time>2020-04-19T09:08:18Z</time>
   </trkpt>
   <trkpt lat="51.1364410" lon="-0.5596040">
    <ele>119.7</ele>
    <time>2020-04-19T09:08:20Z</time>
   </trkpt>
   <trkpt lat="51.1364420" lon="-0.5596000">
    <ele>119.7</ele>
    <time>2020-04-19T09:08:21Z</time>
   </trkpt>
   <trkpt lat="51.1364430" lon="-0.5595930">
    <ele>119.8</ele>
    <time>2020-04-19T09:08:22Z</time>
   </trkpt>
   <trkpt lat="51.1364480" lon="-0.5595740">
    <ele>120.0</ele>
    <time>2020-04-19T09:08:24Z</time>
   </trkpt>
   <trkpt lat="51.1364550" lon="-0.5595560">
    <ele>120.2</ele>
    <time>2020-04-19T09:08:25Z</time>
   </trkpt>
   <trkpt lat="51.1364610" lon="-0.5595420">
    <ele>120.4</ele>
    <time>2020-04-19T09:08:27Z</time>
   </trkpt>
   <trkpt lat="51.1364650" lon="-0.5595340">
    <ele>120.5</ele>
    <time>2020-04-19T09:08:28Z</time>
   </trkpt>
   <trkpt lat="51.1364780" lon="-0.5595070">
    <ele>120.8</ele>
    <time>2020-04-19T09:08:30Z</time>
   </trkpt>
   <trkpt lat="51.1364810" lon="-0.5595010">
    <ele>120.9</ele>
    <time>2020-04-19T09:08:31Z</time>
   </trkpt>
   <trkpt lat="51.1364920" lon="-0.5594770">
    <ele>121.2</ele>
    <time>2020-04-19T09:08:33Z</time>
   </trkpt>
   <trkpt lat="51.1365070" lon="-0.5594400">
    <ele>121.6</ele>
    <time>2020-04-19T09:08:35Z</time>
   </trkpt>
   <trkpt lat="51.1365100" lon="-0.5594320">
    <ele>121.7</ele>
    <time>2020-04-19T09:08:36Z</time>
   </trkpt>
   <trkpt lat="51.1365160" lon="-0.5594210">
    <ele>121.8</ele>
    <time>2020-04-19T09:08:37Z</time>
   </trkpt>
   <trkpt lat="51.1365270" lon="-0.5594030">
    <ele>122.1</ele>
    <time>2020-04-19T09:08:39Z</time>
   </trkpt>
   <trkpt lat="51.1365420" lon="-0.5593800">
    <ele>122.4</ele>
    <time>2020-04-19T09:08:41Z</time>
   </trkpt>
   <trkpt lat="51.1365540" lon="-0.5593600">
    <ele>122.7</ele>
    <time>2020-04-19T09:08:43Z</time>
   </trkpt>
   <trkpt lat="51.1365760" lon="-0.5593220">
    <ele>123.2</ele>
    <time>2020-04-19T09:08:45Z</time>
   </trkpt>
   <trkpt lat="51.1365850" lon="-0.5593060">
    <ele>123.4</ele>
    <time>2020-04-19T09:08:46Z</time>
   </trkpt>
   <trkpt lat="51.1366020" lon="-0.5592710">
    <ele>123.8</ele>
    <time>2020-04-19T09:08:48Z</time>
   </trkpt>
   <trkpt lat="51.1366180" lon="-0.5592210">
    <ele>124.4</ele>
    <time>2020-04-19T09:08:50Z</time>
   </trkpt>
   <trkpt lat="51.1366210" lon="-0.5592060">
    <ele>124.6</ele>
    <time>2020-04-19T09:08:51Z</time>
   </trkpt>
   <trkpt lat="51.1366280" lon="-0.5591890">
    <ele>124.8</ele>
    <time>2020-04-19T09:08:52Z</time>
   </trkpt>
   <trkpt lat="51.1366350" lon="-0.5591710">
    <ele>125.0</ele>
    <time>2020-04-19T09:08:53Z</time>
   </trkpt>
   <trkpt lat="51.1366430" lon="-0.5591570">
    <ele>125.2</ele>
    <time>2020-04-19T09:08:54Z</time>
   </trkpt>
   <trkpt lat="51.1366610" lon="-0.5591340">
    <ele>125.5</ele>
    <time>2020-04-19T09:08:56Z</time>
   </trkpt>
   <trkpt lat="51.1366730" lon="-0.5591210">
    <ele>125.8</ele>
    <time>2020-04-19T09:08:58Z</time>
   </trkpt>
   <trkpt lat="51.1366800" lon="-0.5591100">
    <ele>125.9</ele>
    <time>2020-04-19T09:09:00Z</time>
   </trkpt>
   <trkpt lat="51.1366820" lon="-0.5591010">
    <ele>126.0</ele>
    <time>2020-04-19T09:09:02Z</time>
   </trkpt>
   <trkpt lat="51.1366760" lon="-0.5591020">
    <ele>126.1</ele>
    <time>2020-04-19T09:09:04Z</time>
   </trkpt>
   <trkpt lat="51.1366780" lon="-0.5590940">
    <ele>126.2</ele>
    <time>2020-04-19T09:09:06Z</time>
   </trkpt>
   <trkpt lat="51.1366760" lon="-0.5590970">
    <ele>126.3</ele>
    <time>2020-04-19T09:09:07Z</time>
   </trkpt>
   <trkpt lat="51.1366750" lon="-0.5591000">
    <ele>126.3</ele>
    <time>2020-04-19T09:09:08Z</time>
   </trkpt>
   <trkpt lat="51.1366730" lon="-0.5591040">
    <ele>126.4</ele>
    <time>2020-04-19T09:09:10Z</time>
   </trkpt>
   <trkpt lat="51.1366750" lon="-0.5591010">
    <ele>126.4</ele>
    <time>2020-04-19T09:09:11Z</time>
   </trkpt>
   <trkpt lat="51.1366740" lon="-0.5591020">
    <ele>126.4</ele>
    <time>2020-04-19T09:09:12Z</time>
   </trkpt>
   <trkpt lat="51.1366760" lon="-0.5591020">
    <ele>126.5</ele>
    <time>2020-04-19T09:09:14Z</time>
   </trkpt>
   <trkpt lat="51.1366930" lon="-0.5590780">
    <ele>126.8</ele>
    <time>2020-04-19T09:09:16Z</time>
   </trkpt>
   <trkpt lat="51.1367040" lon="-0.5590570">
    <ele>127.1</ele>
    <time>2020-04-19T09:09:18Z</time>
   </trkpt>
   <trkpt lat="51.1367160" lon="-0.5590410">
    <ele>127.4</ele>
    <time>2020-04-19T09:09:20Z</time>
   </trkpt>
   <trkpt lat="51.1367240" lon="-0.5590250">
    <ele>127.6</ele>
    <time>2020-04-19T09:09:21Z</time>
   </trkpt>
   <trkpt lat="51.1367320" lon="-0.5590140">
    <ele>127.8</ele>
    <time>2020-04-19T09:09:23Z</time>
   </trkpt>
   <trkpt lat="51.1367380" lon="-0.5590100">
    <ele>127.9</ele>
    <time>2020-04-19T09:09:24Z</time>
   </trkpt>
   <trkpt lat="51.1367410" lon="-0.5590050">
    <ele>127.9</ele>
    <time>2020-04-19T09:09:26Z</time>
   </trkpt>
   <trkpt lat="51.1367450" lon="-0.5589970">
    <ele>128.0</ele>
    <time>2020-04-19T09:09:27Z</time>
   </trkpt>
   <trkpt lat="51.1367600" lon="-0.5589700">
    <ele>128.4</ele>
    <time>2020-04-19T09:09:29Z</time>
   </trkpt>
   <trkpt lat="51.1367660" lon="-0.5589590">
    <ele>128.6</ele>
    <time>2020-04-19T09:09:30Z</time>
   </trkpt>
   <trkpt lat="51.1367770" lon="-0.5589410">
    <ele>128.8</ele>
    <time>2020-04-19T09:09:31Z</time>
   </trkpt>
   <trkpt lat="51.1367900" lon="-0.5589210">
    <ele>129.1</ele>
    <time>2020-04-19T09:09:33Z</time>
   </trkpt>
   <trkpt lat="51.1368020" lon="-0.5589020">
    <ele>129.4</ele>
    <time>2020-04-19T09:09:35Z</time>
   </trkpt>
   <trkpt lat="51.1368100" lon="-0.5588910">
    <ele>129.6</ele>
    <time>2020-04-19T09:09:36Z</time>
   </trkpt>
   <trkpt lat="51.1368200" lon="-0.5588740">
    <ele>129.8</ele>
    <time>2020-04-19T09:09:38Z</time>
   </trkpt>
   <trkpt lat="51.1368330" lon="-0.5588510">
    <ele>130.1</ele>
    <time>2020-04-19T09:09:40Z</time>
   </trkpt>
   <trkpt lat="51.1368470" lon="-0.5588210">
    <ele>130.5</ele>
    <time>2020-04-19T09:09:42Z</time>
   </trkpt>
   <trkpt lat="51.1368590" lon="-0.5587960">
    <ele>130.8</ele>
    <time>2020-04-19T09:09:44Z</time>
   </trkpt>
   <trkpt lat="51.1368690" lon="-0.5587820">
    <ele>131.1</ele>
    <time>2020-04-19T09:09:45Z</time>
   </trkpt>
   <trkpt lat="51.1368810" lon="-0.5587620">
    <ele>131.4</ele>
    <time>2020-04-19T09:09:46Z</time>
   </trkpt>
   <trkpt lat="51.1368950" lon="-0.5587380">
    <ele>131.7</ele>
    <time>2020-04-19T09:09:48Z</time>
   </trkpt>
   <trkpt lat="51.1369110" lon="-0.5587090">
    <ele>132.1</ele>
    <time>2020-04-19T09:09:50Z</time>
   </trkpt>
   <trkpt lat="51.1369320" lon="-0.5586760">
    <ele>132.5</ele>
    <time>2020-04-19T09:09:51Z</time>
   </trkpt>
   <trkpt lat="51.1369430" lon="-0.5586570">
    <ele>132.8</ele>
    <time>2020-04-19T09:09:53Z</time>
   </trkpt>
   <trkpt lat="51.1369540" lon="-0.5586380">
    <ele>133.0</ele>
    <time>2020-04-19T09:09:55Z</time>
   </trkpt>
   <trkpt lat="51.1369650" lon="-0.5586190">
    <ele>133.3</ele>
    <time>2020-04-19T09:09:56Z</time>
   </trkpt>
   <trkpt lat="51.1369800" lon="-0.5585900">
    <ele>133.7</ele>
    <time>2020-04-19T09:09:57Z</time>
   </trkpt>
   <trkpt lat="51.1369880" lon="-0.5585740">
    <ele>133.9</ele>
    <time>2020-04-19T09:09:58Z</time>
   </trkpt>
   <trkpt lat="51.1369960" lon="-0.5585570">
    <ele>134.1</ele>
    <time>2020-04-19T09:10:00Z</time>
   </trkpt>
   <trkpt lat="51.1370020" lon="-0.5585340">
    <ele>134.3</ele>
    <time>2020-04-19T09:10:01Z</time>
   </trkpt>
   <trkpt lat="51.1370150" lon="-0.5585030">
    <ele>134.6</ele>
    <time>2020-04-19T09:10:03Z</time>
   </trkpt>
   <trkpt lat="51.1370310" lon="-0.5584730">
    <ele>135.0</ele>
    <time>2020-04-19T09:10:05Z</time>
   </trkpt>
   <trkpt lat="51.1370530" lon="-0.5584410">
    <ele>135.5</ele>
    <time>2020-04-19T09:10:07Z</time>
   </trkpt>
   <trkpt lat="51.1370680" lon="-0.5584150">
    <ele>135.8</ele>
    <time>2020-04-19T09:10:09Z</time>
   </trkpt>
   <trkpt lat="51.1370770" lon="-0.5584000">
    <ele>136.0</ele>
    <time>2020-04-19T09:10:10Z</time>
   </trkpt>
   <trkpt lat="51.1370960" lon="-0.5583590">
    <ele>136.4</ele>
    <time>2020-04-19T09:10:12Z</time>
   </trkpt>
   <trkpt lat="51.1370990" lon="-0.5583520">
    <ele>136.5</ele>
    <time>2020-04-19T09:10:13Z</time>
   </trkpt>
   <trkpt lat="51.1371120" lon="-0.5583290">
    <ele>136.7</ele>
    <time>2020-04-19T09:10:15Z</time>
   </trkpt>
   <trkpt lat="51.1371210" lon="-0.5583100">
    <ele>137.0</ele>
    <time>2020-04-19T09:10:16Z</time>
   </trkpt>
   <trkpt lat="51.1371290" lon="-0.5582870">
    <ele>137.2</ele>
    <time>2020-04-19T09:10:18Z</time>
   </trkpt>
   <trkpt lat="51.1371330" lon="-0.5582760">
    <ele>137.3</ele>
    <time>2020-04-19T09:10:20Z</time>
   </trkpt>
   <trkpt lat="51.1371350" lon="-0.5582700">
    <ele>137.4</ele>
    <time>2020-04-19T09:10:21Z</time>
   </trkpt>
   <trkpt lat="51.1371380" lon="-0.5582640">
    <ele>137.4</ele>
    <time>2020-04-19T09:10:22Z</time>
   </trkpt>
   <trkpt lat="51.1371420" lon="-0.5582570">
    <ele>137.5</ele>
    <time>2020-04-19T09:10:23Z</time>
   </trkpt>
   <trkpt lat="51.1371450" lon="-0.5582500">
    <ele>137.5</ele>
    <time>2020-04-19T09:10:25Z</time>
   </trkpt>
   <trkpt lat="51.1371480" lon="-0.5582430">
    <ele>137.5</ele>
    <time>2020-04-19T09:10:27Z</time>
   </trkpt>
   <trkpt lat="51.1371510" lon="-0.5582360">
    <ele>137.5</ele>
    <time>2020-04-19T09:10:28Z</time>
   </trkpt>
   <trkpt lat="51.1371550" lon="-0.5582290">
    <ele>137.5</ele>
    <time>2020-04-19T09:10:30Z</time>
   </trkpt>
   <trkpt lat="51.1371580" lon="-0.5582220">
    <ele>137.5</ele>
    <time>2020-04-19T09:10:31Z</time>
   </trkpt>
   <trkpt lat="51.1371690" lon="-0.5582010">
    <ele>137.5</ele>
    <time>2020-04-19T09:10:33Z</time>
   </trkpt>
   <trkpt lat="51.1371830" lon="-0.5581750">
    <ele>137.4</ele>
    <time>2020-04-19T09:10:35Z</time>
   </trkpt>
   <trkpt lat="51.1372020" lon="-0.5581380">
    <ele>137.4</ele>
    <time>2020-04-19T09:10:36Z</time>
   </trkpt>
   <trkpt lat="51.1372120" lon="-0.5581220">
    <ele>137.4</ele>
    <time>2020-04-19T09:10:38Z</time>
   </trkpt>
   <trkpt lat="51.1372210" lon="-0.5581070">
    <ele>137.4</ele>
    <time>2020-04-19T09:10:40Z</time>
   </trkpt>
   <trkpt lat="51.1372300" lon="-0.5580910">
    <ele>137.4</ele>
    <time>2020-04-19T09:10:41Z</time>
   </trkpt>
   <trkpt lat="51.1372430" lon="-0.5580700">
    <ele>137.4</ele>
    <time>2020-04-19T09:10:43Z</time>
   </trkpt>
   <trkpt lat="51.1372540" lon="-0.5580470">
    <ele>137.4</ele>
    <time>2020-04-19T09:10:45Z</time>
   </trkpt>
   <trkpt lat="51.1372530" lon="-0.5580210">
    <ele>137.5</ele>
    <time>2020-04-19T09:10:46Z</time>
   </trkpt>
   <trkpt lat="51.1372550" lon="-0.5580060">
    <ele>137.5</ele>
    <time>2020-04-19T09:10:47Z</time>
   </trkpt>
   <trkpt lat="51.1372610" lon="-0.5579720">
    <ele>137.5</ele>
    <time>2020-04-19T09:10:49Z</time>
   </trkpt>
   <trkpt lat="51.1372760" lon="-0.5579260">
    <ele>137.6</ele>
    <time>2020-04-19T09:10:51Z</time>
   </trkpt>
   <trkpt lat="51.1372890" lon="-0.5578960">
    <ele>137.6</ele>
    <time>2020-04-19T09:10:53Z</time>
   </trkpt>
   <trkpt lat="51.1373110" lon="-0.5578650">
    <ele>137.7</ele>
    <time>2020-04-19T09:10:55Z</time>
   </trkpt>
   <trkpt lat="51.1373320" lon="-0.5578390">
    <ele>137.8</ele>
    <time>2020-04-19T09:10:56Z</time>
   </trkpt>
   <trkpt lat="51.1373570" lon="-0.5578190">
    <ele>137.9</ele>
    <time>2020-04-19T09:10:58Z</time>
   </trkpt>
   <trkpt lat="51.1373700" lon="-0.5578130">
    <ele>137.9</ele>
    <time>2020-04-19T09:10:59Z</time>
   </trkpt>
   <trkpt lat="51.1374070" lon="-0.5577950">
    <ele>138.0</ele>
    <time>2020-04-19T09:11:01Z</time>
   </trkpt>
   <trkpt lat="51.1374270" lon="-0.5577780">
    <ele>138.1</ele>
    <time>2020-04-19T09:11:03Z</time>
   </trkpt>
   <trkpt lat="51.1374430" lon="-0.5577520">
    <ele>138.2</ele>
    <time>2020-04-19T09:11:05Z</time>
   </trkpt>
   <trkpt lat="51.1374570" lon="-0.5577220">
    <ele>138.2</ele>
    <time>2020-04-19T09:11:06Z</time>
   </trkpt>
   <trkpt lat="51.1374610" lon="-0.5577140">
    <ele>138.3</ele>
    <time>2020-04-19T09:11:07Z</time>
   </trkpt>
   <trkpt lat="51.1374640" lon="-0.5577050">
    <ele>138.3</ele>
    <time>2020-04-19T09:11:08Z</time>
   </trkpt>
   <trkpt lat="51.1374750" lon="-0.5576770">
    <ele>138.3</ele>
    <time>2020-04-19T09:11:10Z</time>
   </trkpt>
   <trkpt lat="51.1374840" lon="-0.5576550">
    <ele>138.4</ele>
    <time>2020-04-19T09:11:11Z</time>
   </trkpt>
   <trkpt lat="51.1374880" lon="-0.5576450">
    <ele>138.4</ele>
    <time>2020-04-19T09:11:12Z</time>
   </trkpt>
   <trkpt lat="51.1375020" lon="-0.5576210">
    <ele>138.5</ele>
    <time>2020-04-19T09:11:14Z</time>
   </trkpt>
   <trkpt lat="51.1375220" lon="-0.5575940">
    <ele>138.6</ele>
    <time>2020-04-19T09:11:16Z</time>
   </trkpt>
   <trkpt lat="51.1375340" lon="-0.5575760">
    <ele>138.6</ele>
    <time>2020-04-19T09:11:18Z</time>
   </trkpt>
   <trkpt lat="51.1375560" lon="-0.5575390">
    <ele>138.8</ele>
    <time>2020-04-19T09:11:20Z</time>
   </trkpt>
   <trkpt lat="51.1375620" lon="-0.5575270">
    <ele>138.8</ele>
    <time>2020-04-19T09:11:21Z</time>
   </trkpt>
   <trkpt lat="51.1375660" lon="-0.5575230">
    <ele>138.8</ele>
    <time>2020-04-19T09:11:22Z</time>
   </trkpt>
   <trkpt lat="51.1375790" lon="-0.5575020">
    <ele>138.9</ele>
    <time>2020-04-19T09:11:24Z</time>
   </trkpt>
   <trkpt lat="51.1375940" lon="-0.5574710">
    <ele>139.0</ele>
    <time>2020-04-19T09:11:26Z</time>
   </trkpt>
   <trkpt lat="51.1375980" lon="-0.5574600">
    <ele>139.0</ele>
    <time>2020-04-19T09:11:27Z</time>
   </trkpt>
   <trkpt lat="51.1376110" lon="-0.5574290">
    <ele>139.1</ele>
    <time>2020-04-19T09:11:29Z</time>
   </trkpt>
   <trkpt lat="51.1376180" lon="-0.5574160">
    <ele>139.1</ele>
    <time>2020-04-19T09:11:30Z</time>
   </trkpt>
   <trkpt lat="51.1376330" lon="-0.5573870">
    <ele>139.2</ele>
    <time>2020-04-19T09:11:31Z</time>
   </trkpt>
   <trkpt lat="51.1376410" lon="-0.5573690">
    <ele>139.3</ele>
    <time>2020-04-19T09:11:33Z</time>
   </trkpt>
   <trkpt lat="51.1376470" lon="-0.5573550">
    <ele>139.3</ele>
    <time>2020-04-19T09:11:34Z</time>
   </trkpt>
   <trkpt lat="51.1376620" lon="-0.5573200">
    <ele>139.4</ele>
    <time>2020-04-19T09:11:36Z</time>
   </trkpt>
   <trkpt lat="51.1376670" lon="-0.5573110">
    <ele>139.5</ele>
    <time>2020-04-19T09:11:37Z</time>
   </trkpt>
   <trkpt lat="51.1376740" lon="-0.5572980">
    <ele>139.5</ele>
    <time>2020-04-19T09:11:38Z</time>
   </trkpt>
   <trkpt lat="51.1376810" lon="-0.5572850">
    <ele>139.6</ele>
    <time>2020-04-19T09:11:39Z</time>
   </trkpt>
   <trkpt lat="51.1376980" lon="-0.5572440">
    <ele>139.7</ele>
    <time>2020-04-19T09:11:41Z</time>
   </trkpt>
   <trkpt lat="51.1377000" lon="-0.5572380">
    <ele>139.7</ele>
    <time>2020-04-19T09:11:42Z</time>
   </trkpt>
   <trkpt lat="51.1377040" lon="-0.5572250">
    <ele>139.8</ele>
    <time>2020-04-19T09:11:43Z</time>
   </trkpt>
   <trkpt lat="51.1377120" lon="-0.5572060">
    <ele>139.8</ele>
    <time>2020-04-19T09:11:44Z</time>
   </trkpt>
   <trkpt lat="51.1377310" lon="-0.5571580">
    <ele>140.0</ele>
    <time>2020-04-19T09:11:46Z</time>
   </trkpt>
   <trkpt lat="51.1377420" lon="-0.5571370">
    <ele>140.1</ele>
    <time>2020-04-19T09:11:48Z</time>
   </trkpt>
   <trkpt lat="51.1377580" lon="-0.5571120">
    <ele>140.2</ele>
    <time>2020-04-19T09:11:50Z</time>
   </trkpt>
   <trkpt lat="51.1377780" lon="-0.5570750">
    <ele>140.3</ele>
    <time>2020-04-19T09:11:52Z</time>
   </trkpt>
   <trkpt lat="51.1377860" lon="-0.5570590">
    <ele>140.4</ele>
    <time>2020-04-19T09:11:53Z</time>
   </trkpt>
   <trkpt lat="51.1377940" lon="-0.5570420">
    <ele>140.4</ele>
    <time>2020-04-19T09:11:54Z</time>
   </trkpt>
   <trkpt lat="51.1378090" lon="-0.5570060">
    <ele>140.6</ele>
    <time>2020-04-19T09:11:56Z</time>
   </trkpt>
   <trkpt lat="51.1378200" lon="-0.5569770">
    <ele>140.7</ele>
    <time>2020-04-19T09:11:58Z</time>
   </trkpt>
   <trkpt lat="51.1378270" lon="-0.5569620">
    <ele>140.7</ele>
    <time>2020-04-19T09:11:59Z</time>
   </trkpt>
   <trkpt lat="51.1378450" lon="-0.5569170">
    <ele>140.9</ele>
    <time>2020-04-19T09:12:01Z</time>
   </trkpt>
   <trkpt lat="51.1378530" lon="-0.5568940">
    <ele>140.9</ele>
    <time>2020-04-19T09:12:03Z</time>
   </trkpt>
   <trkpt lat="51.1378580" lon="-0.5568780">
    <ele>141.0</ele>
    <time>2020-04-19T09:12:04Z</time>
   </trkpt>
   <trkpt lat="51.1378740" lon="-0.5568380">
    <ele>141.1</ele>
    <time>2020-04-19T09:12:06Z</time>
   </trkpt>
   <trkpt lat="51.1378830" lon="-0.5568130">
    <ele>141.2</ele>
    <time>2020-04-19T09:12:08Z</time>
   </trkpt>
   <trkpt lat="51.1378940" lon="-0.5567830">
    <ele>141.2</ele>
    <time>2020-04-19T09:12:10Z</time>
   </trkpt>
   <trkpt lat="51.1379050" lon="-0.5567560">
    <ele>141.3</ele>
    <time>2020-04-19T09:12:11Z</time>
   </trkpt>
   <trkpt lat="51.1379050" lon="-0.5567530">
    <ele>141.3</ele>
    <time>2020-04-19T09:12:12Z</time>
   </trkpt>
   <trkpt lat="51.1379100" lon="-0.5567250">
    <ele>141.3</ele>
    <time>2020-04-19T09:12:14Z</time>
   </trkpt>
   <trkpt lat="51.1379180" lon="-0.5566930">
    <ele>141.4</ele>
    <time>2020-04-19T09:12:16Z</time>
   </trkpt>
   <trkpt lat="51.1379270" lon="-0.5566720">
    <ele>141.4</ele>
    <time>2020-04-19T09:12:18Z</time>
   </trkpt>
   <trkpt lat="51.1379330" lon="-0.5566600">
    <ele>141.5</ele>
    <time>2020-04-19T09:12:19Z</time>
   </trkpt>
   <trkpt lat="51.1379490" lon="-0.5566230">
    <ele>141.5</ele>
    <time>2020-04-19T09:12:21Z</time>
   </trkpt>
   <trkpt lat="51.1379510" lon="-0.5566170">
    <ele>141.5</ele>
    <time>2020-04-19T09:12:22Z</time>
   </trkpt>
   <trkpt lat="51.1379550" lon="-0.5566070">
    <ele>141.5</ele>
    <time>2020-04-19T09:12:23Z</time>
   </trkpt>
   <trkpt lat="51.1379620" lon="-0.5565810">
    <ele>141.6</ele>
    <time>2020-04-19T09:12:25Z</time>
   </trkpt>
   <trkpt lat="51.1379580" lon="-0.5565710">
    <ele>141.6</ele>
    <time>2020-04-19T09:12:27Z</time>
   </trkpt>
   <trkpt lat="51.1379570" lon="-0.5565700">
    <ele>141.6</ele>
    <time>2020-04-19T09:12:28Z</time>
   </trkpt>
   <trkpt lat="51.1379540" lon="-0.5565760">
    <ele>141.6</ele>
    <time>2020-04-19T09:12:29Z</time>
   </trkpt>
   <trkpt lat="51.1379500" lon="-0.5565750">
    <ele>141.6</ele>
    <time>2020-04-19T09:12:31Z</time>
   </trkpt>
   <trkpt lat="51.1379490" lon="-0.5565760">
    <ele>141.6</ele>
    <time>2020-04-19T09:12:32Z</time>
   </trkpt>
   <trkpt lat="51.1379480" lon="-0.5565780">
    <ele>141.6</ele>
    <time>2020-04-19T09:12:33Z</time>
   </trkpt>
   <trkpt lat="51.1379470" lon="-0.5565800">
    <ele>141.6</ele>
    <time>2020-04-19T09:12:35Z</time>
   </trkpt>
   <trkpt lat="51.1379460" lon="-0.5565820">
    <ele>141.6</ele>
    <time>2020-04-19T09:12:37Z</time>
   </trkpt>
   <trkpt lat="51.1379440" lon="-0.5565860">
    <ele>141.6</ele>
    <time>2020-04-19T09:12:38Z</time>
   </trkpt>
   <trkpt lat="51.1379430" lon="-0.5565900">
    <ele>141.6</ele>
    <time>2020-04-19T09:12:40Z</time>
   </trkpt>
   <trkpt lat="51.1379420" lon="-0.5565900">
    <ele>141.6</ele>
    <time>2020-04-19T09:12:41Z</time>
   </trkpt>
   <trkpt lat="51.1379410" lon="-0.5565920">
    <ele>141.6</ele>
    <time>2020-04-19T09:12:42Z</time>
   </trkpt>
   <trkpt lat="51.1379400" lon="-0.5565960">
    <ele>141.6</ele>
    <time>2020-04-19T09:12:43Z</time>
   </trkpt>
   <trkpt lat="51.1379400" lon="-0.5565980">
    <ele>141.6</ele>
    <time>2020-04-19T09:12:44Z</time>
   </trkpt>
   <trkpt lat="51.1379390" lon="-0.5565990">
    <ele>141.6</ele>
    <time>2020-04-19T09:12:45Z</time>
   </trkpt>
   <trkpt lat="51.1379390" lon="-0.5566020">
    <ele>141.6</ele>
    <time>2020-04-19T09:12:47Z</time>
   </trkpt>
   <trkpt lat="51.1379380" lon="-0.5566060">
    <ele>141.6</ele>
    <time>2020-04-19T09:12:49Z</time>
   </trkpt>
   <trkpt lat="51.1379370" lon="-0.5566070">
    <ele>141.6</ele>
    <time>2020-04-19T09:12:50Z</time>
   </trkpt>
   <trkpt lat="51.1379370" lon="-0.5566080">
    <ele>141.6</ele>
    <time>2020-04-19T09:12:52Z</time>
   </trkpt>
   <trkpt lat="51.1379360" lon="-0.5566100">
    <ele>141.6</ele>
    <time>2020-04-19T09:12:54Z</time>
   </trkpt>
   <trkpt lat="51.1379350" lon="-0.5566150">
    <ele>141.6</ele>
    <time>2020-04-19T09:12:56Z</time>
   </trkpt>
   <trkpt lat="51.1379350" lon="-0.5566180">
    <ele>141.6</ele>
    <time>2020-04-19T09:12:57Z</time>
   </trkpt>
   <trkpt lat="51.1379350" lon="-0.5566210">
    <ele>141.6</ele>
    <time>2020-04-19T09:12:59Z</time>
   </trkpt>
   <trkpt lat="51.1379350" lon="-0.5566220">
    <ele>141.6</ele>
    <time>2020-04-19T09:13:01Z</time>
   </trkpt>
   <trkpt lat="51.1379350" lon="-0.5566240">
    <ele>141.6</ele>
    <time>2020-04-19T09:13:02Z</time>
   </trkpt>
   <trkpt lat="51.1379350" lon="-0.5566260">
    <ele>141.6</ele>
    <time>2020-04-19T09:13:03Z</time>
   </trkpt>
   <trkpt lat="51.1379350" lon="-0.5566270">
    <ele>141.6</ele>
    <time>2020-04-19T09:13:05Z</time>
   </trkpt>
   <trkpt lat="51.1379350" lon="-0.5566270">
    <ele>141.6</ele>
    <time>2020-04-19T09:13:06Z</time>
   </trkpt>
   <trkpt lat="51.1379340" lon="-0.5566250">
    <ele>141.6</ele>
    <time>2020-04-19T09:13:08Z</time>
   </trkpt>
   <trkpt lat="51.1379370" lon="-0.5566240">
    <ele>141.6</ele>
    <time>2020-04-19T09:13:10Z</time>
   </trkpt>
   <trkpt lat="51.1379370" lon="-0.5566220">
    <ele>141.6</ele>
    <time>2020-04-19T09:13:12Z</time>
   </trkpt>
   <trkpt lat="51.1379420" lon="-0.5566220">
    <ele>141.6</ele>
    <time>2020-04-19T09:13:14Z</time>
   </trkpt>
   <trkpt lat="51.1379490" lon="-0.5566140">
    <ele>141.6</ele>
    <time>2020-04-19T09:13:16Z</time>
   </trkpt>
   <trkpt lat="51.1379560" lon="-0.5565990">
    <ele>141.6</ele>
    <time>2020-04-19T09:13:17Z</time>
   </trkpt>
   <trkpt lat="51.1379600" lon="-0.5565990">
    <ele>141.6</ele>
    <time>2020-04-19T09:13:18Z</time>
   </trkpt>
   <trkpt lat="51.1379680" lon="-0.5565800">
    <ele>141.6</ele>
    <time>2020-04-19T09:13:20Z</time>
   </trkpt>
   <trkpt lat="51.1379740" lon="-0.5565800">
    <ele>141.6</ele>
    <time>2020-04-19T09:13:21Z</time>
   </trkpt>
   <trkpt lat="51.1379820" lon="-0.5565730">
    <ele>141.6</ele>
    <time>2020-04-19T09:13:22Z</time>
   </trkpt>
   <trkpt lat="51.1379820" lon="-0.5565620">
    <ele>141.6</ele>
    <time>2020-04-19T09:13:23Z</time>
   </trkpt>
   <trkpt lat="51.1379810" lon="-0.5565560">
    <ele>141.6</ele>
    <time>2020-04-19T09:13:25Z</time>
   </trkpt>
   <trkpt lat="51.1379800" lon="-0.5565570">
    <ele>141.6</ele>
    <time>2020-04-19T09:13:26Z</time>
   </trkpt>
   <trkpt lat="51.1379800" lon="-0.5565630">
    <ele>141.6</ele>
    <time>2020-04-19T09:13:28Z</time>
   </trkpt>
   <trkpt lat="51.1379810" lon="-0.5565640">
    <ele>141.6</ele>
    <time>2020-04-19T09:13:29Z</time>
   </trkpt>
   <trkpt lat="51.1379830" lon="-0.5565650">
    <ele>141.6</ele>
    <time>2020-04-19T09:13:31Z</time>
   </trkpt>
   <trkpt lat="51.1379850" lon="-0.5565650">
    <ele>141.6</ele>
    <time>2020-04-19T09:13:32Z</time>
   </trkpt>
   <trkpt lat="51.1379820" lon="-0.5565620">
    <ele>141.6</ele>
    <time>2020-04-19T09:13:33Z</time>
   </trkpt>
   <trkpt lat="51.1379700" lon="-0.5565660">
    <ele>141.6</ele>
    <time>2020-04-19T09:13:35Z</time>
   </trkpt>
   <trkpt lat="51.1379690" lon="-0.5565680">
    <ele>141.6</ele>
    <time>2020-04-19T09:13:36Z</time>
   </trkpt>
   <trkpt lat="51.1379620" lon="-0.5565710">
    <ele>141.6</ele>
    <time>2020-04-19T09:13:37Z</time>
   </trkpt>
   <trkpt lat="51.1379640" lon="-0.5565710">
    <ele>141.6</ele>
    <time>2020-04-19T09:13:39Z</time>
   </trkpt>
   <trkpt lat="51.1379610" lon="-0.5565720">
    <ele>141.6</ele>
    <time>2020-04-19T09:13:41Z</time>
   </trkpt>
   <trkpt lat="51.1379550" lon="-0.5565790">
    <ele>141.5</ele>
    <time>2020-04-19T09:13:42Z</time>
   </trkpt>
   <trkpt lat="51.1379490" lon="-0.5565760">
    <ele>141.5</ele>
    <time>2020-04-19T09:13:44Z</time>
   </trkpt>
   <trkpt lat="51.1379490" lon="-0.5565720">
    <ele>141.5</ele>
    <time>2020-04-19T09:13:46Z</time>
   </trkpt>
   <trkpt lat="51.1379490" lon="-0.5565740">
    <ele>141.5</ele>
    <time>2020-04-19T09:13:47Z</time>
   </trkpt>
   <trkpt lat="51.1379480" lon="-0.5565700">
    <ele>141.5</ele>
    <time>2020-04-19T09:13:49Z</time>
   </trkpt>
   <trkpt lat="51.1379430" lon="-0.5565480">
    <ele>141.5</ele>
    <time>2020-04-19T09:13:51Z</time>
   </trkpt>
   <trkpt lat="51.1379370" lon="-0.5565250">
    <ele>141.5</ele>
    <time>2020-04-19T09:13:52Z</time>
   </trkpt>
   <trkpt lat="51.1379450" lon="-0.5565250">
    <ele>141.5</ele>
    <time>2020-04-19T09:13:54Z</time>
   </trkpt>
   <trkpt lat="51.1379640" lon="-0.5565400">
    <ele>141.4</ele>
    <time>2020-04-19T09:13:56Z</time>
   </trkpt>
   <trkpt lat="51.1379700" lon="-0.5565470">
    <ele>141.4</ele>
    <time>2020-04-19T09:13:57Z</time>
   </trkpt>
   <trkpt lat="51.1379720" lon="-0.5565480">
    <ele>141.4</ele>
    <time>2020-04-19T09:13:59Z</time>
   </trkpt>
   <trkpt lat="51.1379730" lon="-0.5565480">
    <ele>141.4</ele>
    <time>2020-04-19T09:14:01Z</time>
   </trkpt>
   <trkpt lat="51.1379740" lon="-0.5565480">
    <ele>141.4</ele>
    <time>2020-04-19T09:14:02Z</time>
   </trkpt>
   <trkpt lat="51.1379740" lon="-0.5565490">
    <ele>141.4</ele>
    <time>2020-04-19T09:14:03Z</time>
   </trkpt>
   <trkpt lat="51.1379750" lon="-0.5565480">
    <ele>141.4</ele>
    <time>2020-04-19T09:14:04Z</time>
   </trkpt>
   <trkpt lat="51.1379780" lon="-0.5565300">
    <ele>141.3</ele>
    <time>2020-04-19T09:14:06Z</time>
   </trkpt>
   <trkpt lat="51.1379930" lon="-0.5564990">
    <ele>141.3</ele>
    <time>2020-04-19T09:14:08Z</time>
   </trkpt>
   <trkpt lat="51.1380190" lon="-0.5564650">
    <ele>141.2</ele>
    <time>2020-04-19T09:14:10Z</time>
   </trkpt>
   <trkpt lat="51.1380240" lon="-0.5564570">
    <ele>141.2</ele>
    <time>2020-04-19T09:14:11Z</time>
   </trkpt>
   <trkpt lat="51.1380430" lon="-0.5564290">
    <ele>141.1</ele>
    <time>2020-04-19T09:14:12Z</time>
   </trkpt>
   <trkpt lat="51.1380470" lon="-0.5564220">
    <ele>141.1</ele>
    <time>2020-04-19T09:14:13Z</time>
   </trkpt>
   <trkpt lat="51.1380510" lon="-0.5564150">
    <ele>141.1</ele>
    <time>2020-04-19T09:14:14Z</time>
   </trkpt>
   <trkpt lat="51.1380620" lon="-0.5563930">
    <ele>141.0</ele>
    <time>2020-04-19T09:14:16Z</time>
   </trkpt>
   <trkpt lat="51.1380730" lon="-0.5563750">
    <ele>140.9</ele>
    <time>2020-04-19T09:14:17Z</time>
   </trkpt>
   <trkpt lat="51.1380880" lon="-0.5563470">
    <ele>140.8</ele>
    <time>2020-04-19T09:14:19Z</time>
   </trkpt>
   <trkpt lat="51.1380940" lon="-0.5563330">
    <ele>140.8</ele>
    <time>2020-04-19T09:14:21Z</time>
   </trkpt>
   <trkpt lat="51.1381010" lon="-0.5563180">
    <ele>140.7</ele>
    <time>2020-04-19T09:14:22Z</time>
   </trkpt>
   <trkpt lat="51.1381070" lon="-0.5563040">
    <ele>140.7</ele>
    <time>2020-04-19T09:14:23Z</time>
   </trkpt>
   <trkpt lat="51.1381140" lon="-0.5562900">
    <ele>140.6</ele>
    <time>2020-04-19T09:14:24Z</time>
   </trkpt>
   <trkpt lat="51.1381200" lon="-0.5562740">
    <ele>140.5</ele>
    <time>2020-04-19T09:14:26Z</time>
   </trkpt>
   <trkpt lat="51.1381280" lon="-0.5562500">
    <ele>140.5</ele>
    <time>2020-04-19T09:14:27Z</time>
   </trkpt>
   <trkpt lat="51.1381320" lon="-0.5562420">
    <ele>140.4</ele>
    <time>2020-04-19T09:14:28Z</time>
   </trkpt>
   <trkpt lat="51.1381390" lon="-0.5562270">
    <ele>140.4</ele>
    <time>2020-04-19T09:14:29Z</time>
   </trkpt>
   <trkpt lat="51.1381540" lon="-0.5561990">
    <ele>140.2</ele>
    <time>2020-04-19T09:14:31Z</time>
   </trkpt>
   <trkpt lat="51.1381680" lon="-0.5561820">
    <ele>140.1</ele>
    <time>2020-04-19T09:14:32Z</time>
   </trkpt>
   <trkpt lat="51.1381730" lon="-0.5561740">
    <ele>140.1</ele>
    <time>2020-04-19T09:14:33Z</time>
   </trkpt>
   <trkpt lat="51.1381910" lon="-0.5561490">
    <ele>139.9</ele>
    <time>2020-04-19T09:14:35Z</time>
   </trkpt>
   <trkpt lat="51.1382020" lon="-0.5561370">
    <ele>139.8</ele>
    <time>2020-04-19T09:14:36Z</time>
   </trkpt>
   <trkpt lat="51.1382180" lon="-0.5561200">
    <ele>139.7</ele>
    <time>2020-04-19T09:14:37Z</time>
   </trkpt>
   <trkpt lat="51.1382360" lon="-0.5560970">
    <ele>139.6</ele>
    <time>2020-04-19T09:14:39Z</time>
   </trkpt>
   <trkpt lat="51.1382450" lon="-0.5560880">
    <ele>139.5</ele>
    <time>2020-04-19T09:14:40Z</time>
   </trkpt>
   <trkpt lat="51.1382670" lon="-0.5560540">
    <ele>139.3</ele>
    <time>2020-04-19T09:14:42Z</time>
   </trkpt>
   <trkpt lat="51.1382700" lon="-0.5560410">
    <ele>139.2</ele>
    <time>2020-04-19T09:14:43Z</time>
   </trkpt>
   <trkpt lat="51.1382780" lon="-0.5560240">
    <ele>139.2</ele>
    <time>2020-04-19T09:14:44Z</time>
   </trkpt>
   <trkpt lat="51.1382840" lon="-0.5560080">
    <ele>139.1</ele>
    <time>2020-04-19T09:14:45Z</time>
   </trkpt>
   <trkpt lat="51.1383100" lon="-0.5559610">
    <ele>138.8</ele>
    <time>2020-04-19T09:14:47Z</time>
   </trkpt>
   <trkpt lat="51.1383180" lon="-0.5559520">
    <ele>138.8</ele>
    <time>2020-04-19T09:14:49Z</time>
   </trkpt>
   <trkpt lat="51.1383250" lon="-0.5559420">
    <ele>138.7</ele>
    <time>2020-04-19T09:14:50Z</time>
   </trkpt>
   <trkpt lat="51.1383330" lon="-0.5559330">
    <ele>138.7</ele>
    <time>2020-04-19T09:14:51Z</time>
   </trkpt>
   <trkpt lat="51.1383480" lon="-0.5559050">
    <ele>138.5</ele>
    <time>2020-04-19T09:14:53Z</time>
   </trkpt>
   <trkpt lat="51.1383600" lon="-0.5558820">
    <ele>138.4</ele>
    <time>2020-04-19T09:14:55Z</time>
   </trkpt>
   <trkpt lat="51.1383820" lon="-0.5558640">
    <ele>138.3</ele>
    <time>2020-04-19T09:14:57Z</time>
   </trkpt>
   <trkpt lat="51.1383870" lon="-0.5558560">
    <ele>138.2</ele>
    <time>2020-04-19T09:14:58Z</time>
   </trkpt>
   <trkpt lat="51.1384060" lon="-0.5558250">
    <ele>138.0</ele>
    <time>2020-04-19T09:15:00Z</time>
   </trkpt>
   <trkpt lat="51.1384270" lon="-0.5557870">
    <ele>137.9</ele>
    <time>2020-04-19T09:15:02Z</time>
   </trkpt>
   <trkpt lat="51.1384340" lon="-0.5557770">
    <ele>137.8</ele>
    <time>2020-04-19T09:15:03Z</time>
   </trkpt>
   <trkpt lat="51.1384500" lon="-0.5557550">
    <ele>137.7</ele>
    <time>2020-04-19T09:15:05Z</time>
   </trkpt>
   <trkpt lat="51.1384770" lon="-0.5557160">
    <ele>137.5</ele>
    <time>2020-04-19T09:15:07Z</time>
   </trkpt>
   <trkpt lat="51.1384830" lon="-0.5557080">
    <ele>137.4</ele>
    <time>2020-04-19T09:15:08Z</time>
   </trkpt>
   <trkpt lat="51.1385010" lon="-0.5556810">
    <ele>137.3</ele>
    <time>2020-04-19T09:15:10Z</time>
   </trkpt>
   <trkpt lat="51.1385300" lon="-0.5556530">
    <ele>137.1</ele>
    <time>2020-04-19T09:15:12Z</time>
   </trkpt>
   <trkpt lat="51.1385400" lon="-0.5556460">
    <ele>137.0</ele>
    <time>2020-04-19T09:15:13Z</time>
   </trkpt>
   <trkpt lat="51.1385600" lon="-0.5556230">
    <ele>136.9</ele>
    <time>2020-04-19T09:15:15Z</time>
   </trkpt>
   <trkpt lat="51.1385820" lon="-0.5555830">
    <ele>136.7</ele>
    <time>2020-04-19T09:15:17Z</time>
   </trkpt>
   <trkpt lat="51.1385890" lon="-0.5555590">
    <ele>136.7</ele>
    <time>2020-04-19T09:15:19Z</time>
   </trkpt>
   <trkpt lat="51.1386020" lon="-0.5555320">
    <ele>136.6</ele>
    <time>2020-04-19T09:15:21Z</time>
   </trkpt>
   <trkpt lat="51.1386190" lon="-0.5555110">
    <ele>136.5</ele>
    <time>2020-04-19T09:15:22Z</time>
   </trkpt>
   <trkpt lat="51.1386280" lon="-0.5555020">
    <ele>136.5</ele>
    <time>2020-04-19T09:15:24Z</time>
   </trkpt>
   <trkpt lat="51.1386360" lon="-0.5554930">
    <ele>136.4</ele>
    <time>2020-04-19T09:15:25Z</time>
   </trkpt>
   <trkpt lat="51.1386610" lon="-0.5554600">
    <ele>136.3</ele>
    <time>2020-04-19T09:15:27Z</time>
   </trkpt>
   <trkpt lat="51.1386690" lon="-0.5554370">
    <ele>136.3</ele>
    <time>2020-04-19T09:15:29Z</time>
   </trkpt>
   <trkpt lat="51.1386740" lon="-0.5554220">
    <ele>136.3</ele>
    <time>2020-04-19T09:15:30Z</time>
   </trkpt>
   <trkpt lat="51.1386900" lon="-0.5553840">
    <ele>136.2</ele>
    <time>2020-04-19T09:15:32Z</time>
   </trkpt>
   <trkpt lat="51.1387020" lon="-0.5553590">
    <ele>136.2</ele>
    <time>2020-04-19T09:15:34Z</time>
   </trkpt>
   <trkpt lat="51.1387180" lon="-0.5553260">
    <ele>136.1</ele>
    <time>2020-04-19T09:15:36Z</time>
   </trkpt>
   <trkpt lat="51.1387330" lon="-0.5552980">
    <ele>136.1</ele>
    <time>2020-04-19T09:15:37Z</time>
   </trkpt>
   <trkpt lat="51.1387440" lon="-0.5552760">
    <ele>136.0</ele>
    <time>2020-04-19T09:15:39Z</time>
   </trkpt>
   <trkpt lat="51.1387520" lon="-0.5552610">
    <ele>136.0</ele>
    <time>2020-04-19T09:15:40Z</time>
   </trkpt>
   <trkpt lat="51.1387760" lon="-0.5552170">
    <ele>136.0</ele>
    <time>2020-04-19T09:15:42Z</time>
   </trkpt>
   <trkpt lat="51.1387870" lon="-0.5551930">
    <ele>136.0</ele>
    <time>2020-04-19T09:15:44Z</time>
   </trkpt>
   <trkpt lat="51.1387990" lon="-0.5551670">
    <ele>135.9</ele>
    <time>2020-04-19T09:15:46Z</time>
   </trkpt>
   <trkpt lat="51.1388100" lon="-0.5551460">
    <ele>135.9</ele>
    <time>2020-04-19T09:15:47Z</time>
   </trkpt>
   <trkpt lat="51.1388180" lon="-0.5551340">
    <ele>135.9</ele>
    <time>2020-04-19T09:15:48Z</time>
   </trkpt>
   <trkpt lat="51.1388270" lon="-0.5551190">
    <ele>135.9</ele>
    <time>2020-04-19T09:15:49Z</time>
   </trkpt>
   <trkpt lat="51.1388460" lon="-0.5550890">
    <ele>135.9</ele>
    <time>2020-04-19T09:15:51Z</time>
   </trkpt>
   <trkpt lat="51.1388610" lon="-0.5550690">
    <ele>135.9</ele>
    <time>2020-04-19T09:15:52Z</time>
   </trkpt>
   <trkpt lat="51.1388810" lon="-0.5550510">
    <ele>135.9</ele>
    <time>2020-04-19T09:15:54Z</time>
   </trkpt>
   <trkpt lat="51.1388910" lon="-0.5550390">
    <ele>135.9</ele>
    <time>2020-04-19T09:15:55Z</time>
   </trkpt>
   <trkpt lat="51.1389140" lon="-0.5550050">
    <ele>136.0</ele>
    <time>2020-04-19T09:15:57Z</time>
   </trkpt>
   <trkpt lat="51.1389170" lon="-0.5549990">
    <ele>136.0</ele>
    <time>2020-04-19T09:15:58Z</time>
   </trkpt>
   <trkpt lat="51.1389320" lon="-0.5549700">
    <ele>136.0</ele>
    <time>2020-04-19T09:16:00Z</time>
   </trkpt>
   <trkpt lat="51.1389530" lon="-0.5549300">
    <ele>136.0</ele>
    <time>2020-04-19T09:16:02Z</time>
   </trkpt>
   <trkpt lat="51.1389610" lon="-0.5549160">
    <ele>136.0</ele>
    <time>2020-04-19T09:16:03Z</time>
   </trkpt>
   <trkpt lat="51.1389780" lon="-0.5548910">
    <ele>136.0</ele>
    <time>2020-04-19T09:16:05Z</time>
   </trkpt>
   <trkpt lat="51.1390030" lon="-0.5548570">
    <ele>136.0</ele>
    <time>2020-04-19T09:16:07Z</time>
   </trkpt>
   <trkpt lat="51.1390080" lon="-0.5548460">
    <ele>136.0</ele>
    <time>2020-04-19T09:16:08Z</time>
   </trkpt>
   <trkpt lat="51.1390160" lon="-0.5548330">
    <ele>136.1</ele>
    <time>2020-04-19T09:16:09Z</time>
   </trkpt>
   <trkpt lat="51.1390280" lon="-0.5548070">
    <ele>136.1</ele>
    <time>2020-04-19T09:16:11Z</time>
   </trkpt>
   <trkpt lat="51.1390410" lon="-0.5547770">
    <ele>136.1</ele>
    <time>2020-04-19T09:16:12Z</time>
   </trkpt>
   <trkpt lat="51.1390430" lon="-0.5547680">
    <ele>136.1</ele>
    <time>2020-04-19T09:16:13Z</time>
   </trkpt>
   <trkpt lat="51.1390470" lon="-0.5547550">
    <ele>136.1</ele>
    <time>2020-04-19T09:16:14Z</time>
   </trkpt>
   <trkpt lat="51.1390630" lon="-0.5547260">
    <ele>136.1</ele>
    <time>2020-04-19T09:16:16Z</time>
   </trkpt>
   <trkpt lat="51.1390770" lon="-0.5547060">
    <ele>136.1</ele>
    <time>2020-04-19T09:16:17Z</time>
   </trkpt>
   <trkpt lat="51.1390870" lon="-0.5546950">
    <ele>136.1</ele>
    <time>2020-04-19T09:16:18Z</time>
   </trkpt>
   <trkpt lat="51.1391090" lon="-0.5546660">
    <ele>136.1</ele>
    <time>2020-04-19T09:16:20Z</time>
   </trkpt>
   <trkpt lat="51.1391360" lon="-0.5546180">
    <ele>136.2</ele>
    <time>2020-04-19T09:16:22Z</time>
   </trkpt>
   <trkpt lat="51.1391380" lon="-0.5546100">
    <ele>136.2</ele>
    <time>2020-04-19T09:16:23Z</time>
   </trkpt>
   <trkpt lat="51.1391450" lon="-0.5545950">
    <ele>136.2</ele>
    <time>2020-04-19T09:16:24Z</time>
   </trkpt>
   <trkpt lat="51.1391630" lon="-0.5545640">
    <ele>136.2</ele>
    <time>2020-04-19T09:16:26Z</time>
   </trkpt>
   <trkpt lat="51.1391810" lon="-0.5545390">
    <ele>136.2</ele>
    <time>2020-04-19T09:16:27Z</time>
   </trkpt>
   <trkpt lat="51.1391870" lon="-0.5545320">
    <ele>136.2</ele>
    <time>2020-04-19T09:16:28Z</time>
   </trkpt>
   <trkpt lat="51.1391950" lon="-0.5545220">
    <ele>136.2</ele>
    <time>2020-04-19T09:16:29Z</time>
   </trkpt>
   <trkpt lat="51.1392050" lon="-0.5545040">
    <ele>136.2</ele>
    <time>2020-04-19T09:16:30Z</time>
   </trkpt>
   <trkpt lat="51.1392290" lon="-0.5544610">
    <ele>136.2</ele>
    <time>2020-04-19T09:16:32Z</time>
   </trkpt>
   <trkpt lat="51.1392430" lon="-0.5544410">
    <ele>136.3</ele>
    <time>2020-04-19T09:16:34Z</time>
   </trkpt>
   <trkpt lat="51.1392520" lon="-0.5544330">
    <ele>136.3</ele>
    <time>2020-04-19T09:16:35Z</time>
   </trkpt>
   <trkpt lat="51.1392800" lon="-0.5544010">
    <ele>136.3</ele>
    <time>2020-04-19T09:16:37Z</time>
   </trkpt>
   <trkpt lat="51.1392890" lon="-0.5543950">
    <ele>136.3</ele>
    <time>2020-04-19T09:16:38Z</time>
   </trkpt>
   <trkpt lat="51.1393080" lon="-0.5543780">
    <ele>136.3</ele>
    <time>2020-04-19T09:16:40Z</time>
   </trkpt>
   <trkpt lat="51.1393300" lon="-0.5543600">
    <ele>136.3</ele>
    <time>2020-04-19T09:16:42Z</time>
   </trkpt>
   <trkpt lat="51.1393430" lon="-0.5543520">
    <ele>136.4</ele>
    <time>2020-04-19T09:16:44Z</time>
   </trkpt>
   <trkpt lat="51.1393430" lon="-0.5543560">
    <ele>136.4</ele>
    <time>2020-04-19T09:16:45Z</time>
   </trkpt>
   <trkpt lat="51.1393430" lon="-0.5543600">
    <ele>136.4</ele>
    <time>2020-04-19T09:16:47Z</time>
   </trkpt>
   <trkpt lat="51.1393410" lon="-0.5543620">
    <ele>136.4</ele>
    <time>2020-04-19T09:16:48Z</time>
   </trkpt>
   <trkpt lat="51.1393430" lon="-0.5543600">
    <ele>136.4</ele>
    <time>2020-04-19T09:16:49Z</time>
   </trkpt>
   <trkpt lat="51.1393440" lon="-0.5543570">
    <ele>136.4</ele>
    <time>2020-04-19T09:16:50Z</time>
   </trkpt>
   <trkpt lat="51.1393490" lon="-0.5543430">
    <ele>136.4</ele>
    <time>2020-04-19T09:16:52Z</time>
   </trkpt>
   <trkpt lat="51.1393480" lon="-0.5543370">
    <ele>136.4</ele>
    <time>2020-04-19T09:16:53Z</time>
   </trkpt>
   <trkpt lat="51.1393410" lon="-0.5543250">
    <ele>136.4</ele>
    <time>2020-04-19T09:16:55Z</time>
   </trkpt>
   <trkpt lat="51.1393360" lon="-0.5543190">
    <ele>136.4</ele>
    <time>2020-04-19T09:16:57Z</time>
   </trkpt>
   <trkpt lat="51.1393330" lon="-0.5543120">
    <ele>136.4</ele>
    <time>2020-04-19T09:16:58Z</time>
   </trkpt>
   <trkpt lat="51.1393310" lon="-0.5543120">
    <ele>136.4</ele>
    <time>2020-04-19T09:16:59Z</time>
   </trkpt>
   <trkpt lat="51.1393300" lon="-0.5543110">
    <ele>136.4</ele>
    <time>2020-04-19T09:17:00Z</time>
   </trkpt>
   <trkpt lat="51.1393280" lon="-0.5543150">
    <ele>136.4</ele>
    <time>2020-04-19T09:17:02Z</time>
   </trkpt>
   <trkpt lat="51.1393270" lon="-0.5543120">
    <ele>136.4</ele>
    <time>2020-04-19T09:17:03Z</time>
   </trkpt>
   <trkpt lat="51.1393280" lon="-0.5543140">
    <ele>136.4</ele>
    <time>2020-04-19T09:17:05Z</time>
   </trkpt>
   <trkpt lat="51.1393270" lon="-0.5543160">
    <ele>136.4</ele>
    <time>2020-04-19T09:17:07Z</time>
   </trkpt>
   <trkpt lat="51.1393270" lon="-0.5543170">
    <ele>136.4</ele>
    <time>2020-04-19T09:17:08Z</time>
   </trkpt>
   <trkpt lat="51.1393320" lon="-0.5543180">
    <ele>136.4</ele>
    <time>2020-04-19T09:17:10Z</time>
   </trkpt>
   <trkpt lat="51.1393460" lon="-0.5543050">
    <ele>136.4</ele>
    <time>2020-04-19T09:17:12Z</time>
   </trkpt>
   <trkpt lat="51.1393580" lon="-0.5542850">
    <ele>136.4</ele>
    <time>2020-04-19T09:17:13Z</time>
   </trkpt>
   <trkpt lat="51.1393720" lon="-0.5542580">
    <ele>136.5</ele>
    <time>2020-04-19T09:17:15Z</time>
   </trkpt>
   <trkpt lat="51.1393770" lon="-0.5542430">
    <ele>136.5</ele>
    <time>2020-04-19T09:17:16Z</time>
   </trkpt>
   <trkpt lat="51.1393830" lon="-0.5542260">
    <ele>136.5</ele>
    <time>2020-04-19T09:17:17Z</time>
   </trkpt>
   <trkpt lat="51.1393900" lon="-0.5541900">
    <ele>136.5</ele>
    <time>2020-04-19T09:17:19Z</time>
   </trkpt>
   <trkpt lat="51.1393950" lon="-0.5541740">
    <ele>136.5</ele>
    <time>2020-04-19T09:17:20Z</time>
   </trkpt>
   <trkpt lat="51.1394000" lon="-0.5541600">
    <ele>136.5</ele>
    <time>2020-04-19T09:17:21Z</time>
   </trkpt>
   <trkpt lat="51.1394060" lon="-0.5541470">
    <ele>136.5</ele>
    <time>2020-04-19T09:17:22Z</time>
   </trkpt>
   <trkpt lat="51.1394230" lon="-0.5541280">
    <ele>136.5</ele>
    <time>2020-04-19T09:17:24Z</time>
   </trkpt>
   <trkpt lat="51.1394290" lon="-0.5541240">
    <ele>136.5</ele>
    <time>2020-04-19T09:17:25Z</time>
   </trkpt>
   <trkpt lat="51.1394500" lon="-0.5540930">
    <ele>136.5</ele>
    <time>2020-04-19T09:17:27Z</time>
   </trkpt>
   <trkpt lat="51.1394550" lon="-0.5540840">
    <ele>136.5</ele>
    <time>2020-04-19T09:17:28Z</time>
   </trkpt>
   <trkpt lat="51.1394680" lon="-0.5540720">
    <ele>136.5</ele>
    <time>2020-04-19T09:17:30Z</time>
   </trkpt>
   <trkpt lat="51.1394810" lon="-0.5540520">
    <ele>136.5</ele>
    <time>2020-04-19T09:17:32Z</time>
   </trkpt>
   <trkpt lat="51.1394940" lon="-0.5540280">
    <ele>136.5</ele>
    <time>2020-04-19T09:17:34Z</time>
   </trkpt>
   <trkpt lat="51.1395090" lon="-0.5540100">
    <ele>136.5</ele>
    <time>2020-04-19T09:17:36Z</time>
   </trkpt>
   <trkpt lat="51.1395290" lon="-0.5539880">
    <ele>136.5</ele>
    <time>2020-04-19T09:17:38Z</time>
   </trkpt>
   <trkpt lat="51.1395400" lon="-0.5539740">
    <ele>136.5</ele>
    <time>2020-04-19T09:17:40Z</time>
   </trkpt>
   <trkpt lat="51.1395570" lon="-0.5539500">
    <ele>136.4</ele>
    <time>2020-04-19T09:17:42Z</time>
   </trkpt>
   <trkpt lat="51.1395750" lon="-0.5539230">
    <ele>136.4</ele>
    <time>2020-04-19T09:17:44Z</time>
   </trkpt>
   <trkpt lat="51.1395830" lon="-0.5539130">
    <ele>136.4</ele>
    <time>2020-04-19T09:17:45Z</time>
   </trkpt>
   <trkpt lat="51.1396040" lon="-0.5538970">
    <ele>136.4</ele>
    <time>2020-04-19T09:17:47Z</time>
   </trkpt>
   <trkpt lat="51.1396280" lon="-0.5538810">
    <ele>136.3</ele>
    <time>2020-04-19T09:17:49Z</time>
   </trkpt>
   <trkpt lat="51.1396350" lon="-0.5538780">
    <ele>136.3</ele>
    <time>2020-04-19T09:17:50Z</time>
   </trkpt>
   <trkpt lat="51.1396420" lon="-0.5538740">
    <ele>136.3</ele>
    <time>2020-04-19T09:17:52Z</time>
   </trkpt>
   <trkpt lat="51.1396440" lon="-0.5538710">
    <ele>136.2</ele>
    <time>2020-04-19T09:17:53Z</time>
   </trkpt>
   <trkpt lat="51.1396350" lon="-0.5538740">
    <ele>136.2</ele>
    <time>2020-04-19T09:17:54Z</time>
   </trkpt>
   <trkpt lat="51.1396390" lon="-0.5538670">
    <ele>136.2</ele>
    <time>2020-04-19T09:17:56Z</time>
   </trkpt>
   <trkpt lat="51.1396460" lon="-0.5538600">
    <ele>136.2</ele>
    <time>2020-04-19T09:17:57Z</time>
   </trkpt>
   <trkpt lat="51.1396580" lon="-0.5538480">
    <ele>136.1</ele>
    <time>2020-04-19T09:17:58Z</time>
   </trkpt>
   <trkpt lat="51.1396650" lon="-0.5538380">
    <ele>136.1</ele>
    <time>2020-04-19T09:17:59Z</time>
   </trkpt>
   <trkpt lat="51.1396810" lon="-0.5538120">
    <ele>136.0</ele>
    <time>2020-04-19T09:18:01Z</time>
   </trkpt>
   <trkpt lat="51.1396900" lon="-0.5538000">
    <ele>136.0</ele>
    <time>2020-04-19T09:18:02Z</time>
   </trkpt>
   <trkpt lat="51.1397130" lon="-0.5537790">
    <ele>135.9</ele>
    <time>2020-04-19T09:18:04Z</time>
   </trkpt>
   <trkpt lat="51.1397340" lon="-0.5537580">
    <ele>135.8</ele>
    <time>2020-04-19T09:18:05Z</time>
   </trkpt>
   <trkpt lat="51.1397470" lon="-0.5537430">
    <ele>135.7</ele>
    <time>2020-04-19T09:18:07Z</time>
   </trkpt>
   <trkpt lat="51.1397600" lon="-0.5537290">
    <ele>135.6</ele>
    <time>2020-04-19T09:18:08Z</time>
   </trkpt>
   <trkpt lat="51.1397720" lon="-0.5537150">
    <ele>135.6</ele>
    <time>2020-04-19T09:18:10Z</time>
   </trkpt>
   <trkpt lat="51.1397850" lon="-0.5537000">
    <ele>135.5</ele>
    <time>2020-04-19T09:18:12Z</time>
   </trkpt>
   <trkpt lat="51.1397980" lon="-0.5536860">
    <ele>135.4</ele>
    <time>2020-04-19T09:18:13Z</time>
   </trkpt>
   <trkpt lat="51.1398140" lon="-0.5536760">
    <ele>135.3</ele>
    <time>2020-04-19T09:18:15Z</time>
   </trkpt>
   <trkpt lat="51.1398250" lon="-0.5536670">
    <ele>135.3</ele>
    <time>2020-04-19T09:18:16Z</time>
   </trkpt>
   <trkpt lat="51.1398350" lon="-0.5536570">
    <ele>135.2</ele>
    <time>2020-04-19T09:18:17Z</time>
   </trkpt>
   <trkpt lat="51.1398490" lon="-0.5536360">
    <ele>135.1</ele>
    <time>2020-04-19T09:18:18Z</time>
   </trkpt>
   <trkpt lat="51.1398540" lon="-0.5536240">
    <ele>135.0</ele>
    <time>2020-04-19T09:18:19Z</time>
   </trkpt>
   <trkpt lat="51.1398590" lon="-0.5536110">
    <ele>135.0</ele>
    <time>2020-04-19T09:18:20Z</time>
   </trkpt>
   <trkpt lat="51.1398730" lon="-0.5535810">
    <ele>134.9</ele>
    <time>2020-04-19T09:18:22Z</time>
   </trkpt>
   <trkpt lat="51.1398830" lon="-0.5535570">
    <ele>134.8</ele>
    <time>2020-04-19T09:18:23Z</time>
   </trkpt>
   <trkpt lat="51.1398880" lon="-0.5535470">
    <ele>134.7</ele>
    <time>2020-04-19T09:18:24Z</time>
   </trkpt>
   <trkpt lat="51.1399010" lon="-0.5535150">
    <ele>134.6</ele>
    <time>2020-04-19T09:18:26Z</time>
   </trkpt>
   <trkpt lat="51.1399220" lon="-0.5534800">
    <ele>134.5</ele>
    <time>2020-04-19T09:18:28Z</time>
   </trkpt>
   <trkpt lat="51.1399400" lon="-0.5534650">
    <ele>134.4</ele>
    <time>2020-04-19T09:18:30Z</time>
   </trkpt>
   <trkpt lat="51.1399510" lon="-0.5534540">
    <ele>134.3</ele>
    <time>2020-04-19T09:18:31Z</time>
   </trkpt>
   <trkpt lat="51.1399750" lon="-0.5534230">
    <ele>134.2</ele>
    <time>2020-04-19T09:18:33Z</time>
   </trkpt>
   <trkpt lat="51.1399810" lon="-0.5534190">
    <ele>134.1</ele>
    <time>2020-04-19T09:18:34Z</time>
   </trkpt>
   <trkpt lat="51.1399900" lon="-0.5534090">
    <ele>134.1</ele>
    <time>2020-04-19T09:18:35Z</time>
   </trkpt>
   <trkpt lat="51.1400050" lon="-0.5533890">
    <ele>134.0</ele>
    <time>2020-04-19T09:18:37Z</time>
   </trkpt>
   <trkpt lat="51.1400170" lon="-0.5533680">
    <ele>133.9</ele>
    <time>2020-04-19T09:18:38Z</time>
   </trkpt>
   <trkpt lat="51.1400250" lon="-0.5533520">
    <ele>133.9</ele>
    <time>2020-04-19T09:18:40Z</time>
   </trkpt>
   <trkpt lat="51.1400400" lon="-0.5533260">
    <ele>133.8</ele>
    <time>2020-04-19T09:18:42Z</time>
   </trkpt>
   <trkpt lat="51.1400590" lon="-0.5532910">
    <ele>133.7</ele>
    <time>2020-04-19T09:18:44Z</time>
   </trkpt>
   <trkpt lat="51.1400760" lon="-0.5532580">
    <ele>133.6</ele>
    <time>2020-04-19T09:18:46Z</time>
   </trkpt>
   <trkpt lat="51.1400970" lon="-0.5532150">
    <ele>133.4</ele>
    <time>2020-04-19T09:18:48Z</time>
   </trkpt>
   <trkpt lat="51.1401090" lon="-0.5531870">
    <ele>133.4</ele>
    <time>2020-04-19T09:18:50Z</time>
   </trkpt>
   <trkpt lat="51.1401230" lon="-0.5531600">
    <ele>133.3</ele>
    <time>2020-04-19T09:18:52Z</time>
   </trkpt>
   <trkpt lat="51.1401340" lon="-0.5531610">
    <ele>133.2</ele>
    <time>2020-04-19T09:18:54Z</time>
   </trkpt>
   <trkpt lat="51.1401290" lon="-0.5531650">
    <ele>133.2</ele>
    <time>2020-04-19T09:18:55Z</time>
   </trkpt>
   <trkpt lat="51.1401220" lon="-0.5531580">
    <ele>133.2</ele>
    <time>2020-04-19T09:18:57Z</time>
   </trkpt>
   <trkpt lat="51.1401130" lon="-0.5531520">
    <ele>133.2</ele>
    <time>2020-04-19T09:18:58Z</time>
   </trkpt>
   <trkpt lat="51.1401100" lon="-0.5531520">
    <ele>133.1</ele>
    <time>2020-04-19T09:18:59Z</time>
   </trkpt>
   <trkpt lat="51.1401080" lon="-0.5531460">
    <ele>133.1</ele>
    <time>2020-04-19T09:19:00Z</time>
   </trkpt>
   <trkpt lat="51.1401060" lon="-0.5531440">
    <ele>133.1</ele>
    <time>2020-04-19T09:19:01Z</time>
   </trkpt>
   <trkpt lat="51.1401040" lon="-0.5531540">
    <ele>133.1</ele>
    <time>2020-04-19T09:19:03Z</time>
   </trkpt>
   <trkpt lat="51.1401100" lon="-0.5531400">
    <ele>133.1</ele>
    <time>2020-04-19T09:19:05Z</time>
   </trkpt>
   <trkpt lat="51.1401190" lon="-0.5530950">
    <ele>133.0</ele>
    <time>2020-04-19T09:19:07Z</time>
   </trkpt>
   <trkpt lat="51.1401220" lon="-0.5530640">
    <ele>132.9</ele>
    <time>2020-04-19T09:19:08Z</time>
   </trkpt>
   <trkpt lat="51.1401210" lon="-0.5530330">
    <ele>132.8</ele>
    <time>2020-04-19T09:19:10Z</time>
   </trkpt>
   <trkpt lat="51.1401210" lon="-0.5529770">
    <ele>132.7</ele>
    <time>2020-04-19T09:19:12Z</time>
   </trkpt>
   <trkpt lat="51.1401230" lon="-0.5529400">
    <ele>132.6</ele>
    <time>2020-04-19T09:19:13Z</time>
   </trkpt>
   <trkpt lat="51.1401220" lon="-0.5529190">
    <ele>132.6</ele>
    <time>2020-04-19T09:19:14Z</time>
   </trkpt>
   <trkpt lat="51.1401190" lon="-0.5528830">
    <ele>132.5</ele>
    <time>2020-04-19T09:19:16Z</time>
   </trkpt>
   <trkpt lat="51.1401120" lon="-0.5528790">
    <ele>132.5</ele>
    <time>2020-04-19T09:19:18Z</time>
   </trkpt>
   <trkpt lat="51.1401120" lon="-0.5528810">
    <ele>132.5</ele>
    <time>2020-04-19T09:19:19Z</time>
   </trkpt>
   <trkpt lat="51.1401200" lon="-0.5528790">
    <ele>132.4</ele>
    <time>2020-04-19T09:19:21Z</time>
   </trkpt>
   <trkpt lat="51.1401320" lon="-0.5528610">
    <ele>132.4</ele>
    <time>2020-04-19T09:19:23Z</time>
   </trkpt>
   <trkpt lat="51.1401440" lon="-0.5528270">
    <ele>132.3</ele>
    <time>2020-04-19T09:19:25Z</time>
   </trkpt>
   <trkpt lat="51.1401490" lon="-0.5528080">
    <ele>132.3</ele>
    <time>2020-04-19T09:19:26Z</time>
   </trkpt>
   <trkpt lat="51.1401540" lon="-0.5527720">
    <ele>132.2</ele>
    <time>2020-04-19T09:19:28Z</time>
   </trkpt>
   <trkpt lat="51.1401560" lon="-0.5527680">
    <ele>132.2</ele>
    <time>2020-04-19T09:19:29Z</time>
   </trkpt>
   <trkpt lat="51.1401610" lon="-0.5527610">
    <ele>132.2</ele>
    <time>2020-04-19T09:19:30Z</time>
   </trkpt>
   <trkpt lat="51.1401780" lon="-0.5527460">
    <ele>132.1</ele>
    <time>2020-04-19T09:19:32Z</time>
   </trkpt>
   <trkpt lat="51.1401930" lon="-0.5527250">
    <ele>132.1</ele>
    <time>2020-04-19T09:19:33Z</time>
   </trkpt>
   <trkpt lat="51.1402100" lon="-0.5527080">
    <ele>132.1</ele>
    <time>2020-04-19T09:19:35Z</time>
   </trkpt>
   <trkpt lat="51.1402380" lon="-0.5526830">
    <ele>132.0</ele>
    <time>2020-04-19T09:19:37Z</time>
   </trkpt>
   <trkpt lat="51.1402460" lon="-0.5526750">
    <ele>132.0</ele>
    <time>2020-04-19T09:19:38Z</time>
   </trkpt>
   <trkpt lat="51.1402640" lon="-0.5526660">
    <ele>132.0</ele>
    <time>2020-04-19T09:19:40Z</time>
   </trkpt>
   <trkpt lat="51.1402730" lon="-0.5526610">
    <ele>132.0</ele>
    <time>2020-04-19T09:19:41Z</time>
   </trkpt>
   <trkpt lat="51.1402980" lon="-0.5526350">
    <ele>132.0</ele>
    <time>2020-04-19T09:19:43Z</time>
   </trkpt>
   <trkpt lat="51.1402960" lon="-0.5526220">
    <ele>132.0</ele>
    <time>2020-04-19T09:19:45Z</time>
   </trkpt>
   <trkpt lat="51.1402970" lon="-0.5526040">
    <ele>132.0</ele>
    <time>2020-04-19T09:19:47Z</time>
   </trkpt>
   <trkpt lat="51.1403040" lon="-0.5525800">
    <ele>132.0</ele>
    <time>2020-04-19T09:19:48Z</time>
   </trkpt>
   <trkpt lat="51.1403160" lon="-0.5525400">
    <ele>132.1</ele>
    <time>2020-04-19T09:19:49Z</time>
   </trkpt>
   <trkpt lat="51.1403230" lon="-0.5525180">
    <ele>132.1</ele>
    <time>2020-04-19T09:19:51Z</time>
   </trkpt>
   <trkpt lat="51.1403290" lon="-0.5524970">
    <ele>132.1</ele>
    <time>2020-04-19T09:19:52Z</time>
   </trkpt>
   <trkpt lat="51.1403350" lon="-0.5524750">
    <ele>132.2</ele>
    <time>2020-04-19T09:19:53Z</time>
   </trkpt>
   <trkpt lat="51.1403420" lon="-0.5524590">
    <ele>132.2</ele>
    <time>2020-04-19T09:19:54Z</time>
   </trkpt>
   <trkpt lat="51.1403530" lon="-0.5524420">
    <ele>132.2</ele>
    <time>2020-04-19T09:19:55Z</time>
   </trkpt>
   <trkpt lat="51.1403790" lon="-0.5524080">
    <ele>132.3</ele>
    <time>2020-04-19T09:19:57Z</time>
   </trkpt>
   <trkpt lat="51.1403850" lon="-0.5524010">
    <ele>132.4</ele>
    <time>2020-04-19T09:19:58Z</time>
   </trkpt>
   <trkpt lat="51.1403890" lon="-0.5524030">
    <ele>132.4</ele>
    <time>2020-04-19T09:19:59Z</time>
   </trkpt>
   <trkpt lat="51.1404060" lon="-0.5523920">
    <ele>132.4</ele>
    <time>2020-04-19T09:20:01Z</time>
   </trkpt>
   <trkpt lat="51.1404430" lon="-0.5523500">
    <ele>132.6</ele>
    <time>2020-04-19T09:20:03Z</time>
   </trkpt>
   <trkpt lat="51.1404540" lon="-0.5523360">
    <ele>132.7</ele>
    <time>2020-04-19T09:20:04Z</time>
   </trkpt>
   <trkpt lat="51.1404640" lon="-0.5523190">
    <ele>132.7</ele>
    <time>2020-04-19T09:20:05Z</time>
   </trkpt>
   <trkpt lat="51.1404800" lon="-0.5522820">
    <ele>132.8</ele>
    <time>2020-04-19T09:20:07Z</time>
   </trkpt>
   <trkpt lat="51.1404970" lon="-0.5522550">
    <ele>132.9</ele>
    <time>2020-04-19T09:20:08Z</time>
   </trkpt>
   <trkpt lat="51.1405050" lon="-0.5522480">
    <ele>132.9</ele>
    <time>2020-04-19T09:20:09Z</time>
   </trkpt>
   <trkpt lat="51.1405230" lon="-0.5522300">
    <ele>133.0</ele>
    <time>2020-04-19T09:20:11Z</time>
   </trkpt>
   <trkpt lat="51.1405320" lon="-0.5522160">
    <ele>133.0</ele>
    <time>2020-04-19T09:20:12Z</time>
   </trkpt>
   <trkpt lat="51.1405540" lon="-0.5521800">
    <ele>133.1</ele>
    <time>2020-04-19T09:20:14Z</time>
   </trkpt>
   <trkpt lat="51.1405580" lon="-0.5521730">
    <ele>133.1</ele>
    <time>2020-04-19T09:20:15Z</time>
   </trkpt>
   <trkpt lat="51.1405670" lon="-0.5521620">
    <ele>133.1</ele>
    <time>2020-04-19T09:20:16Z</time>
   </trkpt>
   <trkpt lat="51.1405930" lon="-0.5521260">
    <ele>133.1</ele>
    <time>2020-04-19T09:20:18Z</time>
   </trkpt>
   <trkpt lat="51.1406050" lon="-0.5520990">
    <ele>133.1</ele>
    <time>2020-04-19T09:20:20Z</time>
   </trkpt>
   <trkpt lat="51.1406090" lon="-0.5520580">
    <ele>133.1</ele>
    <time>2020-04-19T09:20:22Z</time>
   </trkpt>
   <trkpt lat="51.1406090" lon="-0.5520480">
    <ele>133.1</ele>
    <time>2020-04-19T09:20:23Z</time>
   </trkpt>
   <trkpt lat="51.1406090" lon="-0.5520360">
    <ele>133.1</ele>
    <time>2020-04-19T09:20:25Z</time>
   </trkpt>
   <trkpt lat="51.1406100" lon="-0.5520310">
    <ele>133.1</ele>
    <time>2020-04-19T09:20:26Z</time>
   </trkpt>
   <trkpt lat="51.1406110" lon="-0.5520270">
    <ele>133.0</ele>
    <time>2020-04-19T09:20:27Z</time>
   </trkpt>
   <trkpt lat="51.1406270" lon="-0.5520300">
    <ele>133.0</ele>
    <time>2020-04-19T09:20:29Z</time>
   </trkpt>
   <trkpt lat="51.1406400" lon="-0.5520220">
    <ele>133.0</ele>
    <time>2020-04-19T09:20:31Z</time>
   </trkpt>
   <trkpt lat="51.1406610" lon="-0.5519700">
    <ele>132.8</ele>
    <time>2020-04-19T09:20:33Z</time>
   </trkpt>
   <trkpt lat="51.1406660" lon="-0.5519500">
    <ele>132.8</ele>
    <time>2020-04-19T09:20:34Z</time>
   </trkpt>
   <trkpt lat="51.1406800" lon="-0.5519030">
    <ele>132.6</ele>
    <time>2020-04-19T09:20:36Z</time>
   </trkpt>
   <trkpt lat="51.1406920" lon="-0.5518560">
    <ele>132.4</ele>
    <time>2020-04-19T09:20:38Z</time>
   </trkpt>
   <trkpt lat="51.1407030" lon="-0.5518300">
    <ele>132.3</ele>
    <time>2020-04-19T09:20:39Z</time>
   </trkpt>
   <trkpt lat="51.1407240" lon="-0.5518020">
    <ele>132.1</ele>
    <time>2020-04-19T09:20:41Z</time>
   </trkpt>
   <trkpt lat="51.1407350" lon="-0.5517820">
    <ele>131.9</ele>
    <time>2020-04-19T09:20:42Z</time>
   </trkpt>
   <trkpt lat="51.1407450" lon="-0.5517620">
    <ele>131.8</ele>
    <time>2020-04-19T09:20:43Z</time>
   </trkpt>
   <trkpt lat="51.1407580" lon="-0.5517370">
    <ele>131.6</ele>
    <time>2020-04-19T09:20:44Z</time>
   </trkpt>
   <trkpt lat="51.1407710" lon="-0.5517050">
    <ele>131.4</ele>
    <time>2020-04-19T09:20:46Z</time>
   </trkpt>
   <trkpt lat="51.1407880" lon="-0.5516690">
    <ele>131.1</ele>
    <time>2020-04-19T09:20:48Z</time>
   </trkpt>
   <trkpt lat="51.1408020" lon="-0.5516420">
    <ele>130.9</ele>
    <time>2020-04-19T09:20:49Z</time>
   </trkpt>
   <trkpt lat="51.1408100" lon="-0.5516170">
    <ele>130.8</ele>
    <time>2020-04-19T09:20:51Z</time>
   </trkpt>
   <trkpt lat="51.1408320" lon="-0.5515880">
    <ele>130.5</ele>
    <time>2020-04-19T09:20:53Z</time>
   </trkpt>
   <trkpt lat="51.1408380" lon="-0.5515770">
    <ele>130.4</ele>
    <time>2020-04-19T09:20:54Z</time>
   </trkpt>
   <trkpt lat="51.1408400" lon="-0.5515710">
    <ele>130.4</ele>
    <time>2020-04-19T09:20:55Z</time>
   </trkpt>
   <trkpt lat="51.1408440" lon="-0.5515610">
    <ele>130.3</ele>
    <time>2020-04-19T09:20:56Z</time>
   </trkpt>
   <trkpt lat="51.1408590" lon="-0.5515410">
    <ele>130.1</ele>
    <time>2020-04-19T09:20:58Z</time>
   </trkpt>
   <trkpt lat="51.1408710" lon="-0.5515050">
    <ele>129.9</ele>
    <time>2020-04-19T09:21:00Z</time>
   </trkpt>
   <trkpt lat="51.1408800" lon="-0.5514820">
    <ele>129.7</ele>
    <time>2020-04-19T09:21:02Z</time>
   </trkpt>
   <trkpt lat="51.1408880" lon="-0.5514730">
    <ele>129.6</ele>
    <time>2020-04-19T09:21:03Z</time>
   </trkpt>
   <trkpt lat="51.1409070" lon="-0.5514850">
    <ele>129.5</ele>
    <time>2020-04-19T09:21:04Z</time>
   </trkpt>
   <trkpt lat="51.1409130" lon="-0.5514820">
    <ele>129.4</ele>
    <time>2020-04-19T09:21:05Z</time>
   </trkpt>
   <trkpt lat="51.1409280" lon="-0.5514770">
    <ele>129.3</ele>
    <time>2020-04-19T09:21:07Z</time>
   </trkpt>
   <trkpt lat="51.1409350" lon="-0.5514760">
    <ele>129.3</ele>
    <time>2020-04-19T09:21:08Z</time>
   </trkpt>
   <trkpt lat="51.1409530" lon="-0.5514800">
    <ele>129.1</ele>
    <time>2020-04-19T09:21:10Z</time>
   </trkpt>
   <trkpt lat="51.1409690" lon="-0.5514810">
    <ele>129.0</ele>
    <time>2020-04-19T09:21:12Z</time>
   </trkpt>
   <trkpt lat="51.1409780" lon="-0.5514760">
    <ele>129.0</ele>
    <time>2020-04-19T09:21:13Z</time>
   </trkpt>
   <trkpt lat="51.1409880" lon="-0.5514710">
    <ele>128.9</ele>
    <time>2020-04-19T09:21:14Z</time>
   </trkpt>
   <trkpt lat="51.1409970" lon="-0.5514660">
    <ele>128.8</ele>
    <time>2020-04-19T09:21:15Z</time>
   </trkpt>
   <trkpt lat="51.1410060" lon="-0.5514610">
    <ele>128.8</ele>
    <time>2020-04-19T09:21:16Z</time>
   </trkpt>
   <trkpt lat="51.1410150" lon="-0.5514550">
    <ele>128.7</ele>
    <time>2020-04-19T09:21:18Z</time>
   </trkpt>
   <trkpt lat="51.1410240" lon="-0.5514500">
    <ele>128.7</ele>
    <time>2020-04-19T09:21:19Z</time>
   </trkpt>
   <trkpt lat="51.1410340" lon="-0.5514450">
    <ele>128.6</ele>
    <time>2020-04-19T09:21:21Z</time>
   </trkpt>
   <trkpt lat="51.1410430" lon="-0.5514400">
    <ele>128.5</ele>
    <time>2020-04-19T09:21:23Z</time>
   </trkpt>
   <trkpt lat="51.1410520" lon="-0.5514350">
    <ele>128.5</ele>
    <time>2020-04-19T09:21:24Z</time>
   </trkpt>
   <trkpt lat="51.1410800" lon="-0.5514250">
    <ele>128.3</ele>
    <time>2020-04-19T09:21:26Z</time>
   </trkpt>
   <trkpt lat="51.1411090" lon="-0.5514190">
    <ele>128.2</ele>
    <time>2020-04-19T09:21:28Z</time>
   </trkpt>
   <trkpt lat="51.1411340" lon="-0.5514160">
    <ele>128.0</ele>
    <time>2020-04-19T09:21:29Z</time>
   </trkpt>
   <trkpt lat="51.1411410" lon="-0.5514110">
    <ele>128.0</ele>
    <time>2020-04-19T09:21:30Z</time>
   </trkpt>
   <trkpt lat="51.1411590" lon="-0.5514020">
    <ele>127.9</ele>
    <time>2020-04-19T09:21:32Z</time>
   </trkpt>
   <trkpt lat="51.1411670" lon="-0.5513980">
    <ele>127.8</ele>
    <time>2020-04-19T09:21:33Z</time>
   </trkpt>
   <trkpt lat="51.1411810" lon="-0.5513880">
    <ele>127.7</ele>
    <time>2020-04-19T09:21:34Z</time>
   </trkpt>
   <trkpt lat="51.1411850" lon="-0.5513790">
    <ele>127.7</ele>
    <time>2020-04-19T09:21:35Z</time>
   </trkpt>
   <trkpt lat="51.1411870" lon="-0.5513630">
    <ele>127.6</ele>
    <time>2020-04-19T09:21:36Z</time>
   </trkpt>
   <trkpt lat="51.1411940" lon="-0.5513350">
    <ele>127.5</ele>
    <time>2020-04-19T09:21:38Z</time>
   </trkpt>
   <trkpt lat="51.1412050" lon="-0.5513210">
    <ele>127.5</ele>
    <time>2020-04-19T09:21:39Z</time>
   </trkpt>
   <trkpt lat="51.1412110" lon="-0.5513100">
    <ele>127.4</ele>
    <time>2020-04-19T09:21:40Z</time>
   </trkpt>
   <trkpt lat="51.1412190" lon="-0.5512850">
    <ele>127.3</ele>
    <time>2020-04-19T09:21:42Z</time>
   </trkpt>
   <trkpt lat="51.1412270" lon="-0.5512500">
    <ele>127.2</ele>
    <time>2020-04-19T09:21:44Z</time>
   </trkpt>
   <trkpt lat="51.1412480" lon="-0.5512360">
    <ele>127.0</ele>
    <time>2020-04-19T09:21:46Z</time>
   </trkpt>
   <trkpt lat="51.1412740" lon="-0.5512290">
    <ele>126.9</ele>
    <time>2020-04-19T09:21:48Z</time>
   </trkpt>
   <trkpt lat="51.1412900" lon="-0.5512260">
    <ele>126.8</ele>
    <time>2020-04-19T09:21:49Z</time>
   </trkpt>
   <trkpt lat="51.1413060" lon="-0.5512070">
    <ele>126.6</ele>
    <time>2020-04-19T09:21:51Z</time>
   </trkpt>
   <trkpt lat="51.1413210" lon="-0.5511740">
    <ele>126.4</ele>
    <time>2020-04-19T09:21:53Z</time>
   </trkpt>
   <trkpt lat="51.1413310" lon="-0.5511270">
    <ele>126.2</ele>
    <time>2020-04-19T09:21:55Z</time>
   </trkpt>
   <trkpt lat="51.1413460" lon="-0.5510910">
    <ele>126.1</ele>
    <time>2020-04-19T09:21:57Z</time>
   </trkpt>
   <trkpt lat="51.1413640" lon="-0.5510460">
    <ele>125.8</ele>
    <time>2020-04-19T09:21:59Z</time>
   </trkpt>
   <trkpt lat="51.1413760" lon="-0.5510150">
    <ele>125.6</ele>
    <time>2020-04-19T09:22:01Z</time>
   </trkpt>
   <trkpt lat="51.1413850" lon="-0.5510030">
    <ele>125.6</ele>
    <time>2020-04-19T09:22:02Z</time>
   </trkpt>
   <trkpt lat="51.1413960" lon="-0.5509910">
    <ele>125.5</ele>
    <time>2020-04-19T09:22:03Z</time>
   </trkpt>
   <trkpt lat="51.1414150" lon="-0.5509710">
    <ele>125.3</ele>
    <time>2020-04-19T09:22:04Z</time>
   </trkpt>
   <trkpt lat="51.1414360" lon="-0.5509440">
    <ele>125.1</ele>
    <time>2020-04-19T09:22:06Z</time>
   </trkpt>
   <trkpt lat="51.1414460" lon="-0.5509300">
    <ele>125.0</ele>
    <time>2020-04-19T09:22:07Z</time>
   </trkpt>
   <trkpt lat="51.1414580" lon="-0.5509050">
    <ele>124.9</ele>
    <time>2020-04-19T09:22:09Z</time>
   </trkpt>
   <trkpt lat="51.1414620" lon="-0.5508970">
    <ele>124.8</ele>
    <time>2020-04-19T09:22:10Z</time>
   </trkpt>
   <trkpt lat="51.1414760" lon="-0.5508820">
    <ele>124.7</ele>
    <time>2020-04-19T09:22:12Z</time>
   </trkpt>
   <trkpt lat="51.1415060" lon="-0.5508560">
    <ele>124.5</ele>
    <time>2020-04-19T09:22:14Z</time>
   </trkpt>
   <trkpt lat="51.1415160" lon="-0.5508430">
    <ele>124.4</ele>
    <time>2020-04-19T09:22:15Z</time>
   </trkpt>
   <trkpt lat="51.1415380" lon="-0.5508200">
    <ele>124.2</ele>
    <time>2020-04-19T09:22:17Z</time>
   </trkpt>
   <trkpt lat="51.1415670" lon="-0.5508230">
    <ele>124.0</ele>
    <time>2020-04-19T09:22:19Z</time>
   </trkpt>
   <trkpt lat="51.1415780" lon="-0.5508200">
    <ele>123.9</ele>
    <time>2020-04-19T09:22:20Z</time>
   </trkpt>
   <trkpt lat="51.1415930" lon="-0.5508020">
    <ele>123.8</ele>
    <time>2020-04-19T09:22:22Z</time>
   </trkpt>
   <trkpt lat="51.1415900" lon="-0.5507770">
    <ele>123.7</ele>
    <time>2020-04-19T09:22:24Z</time>
   </trkpt>
   <trkpt lat="51.1415870" lon="-0.5507660">
    <ele>123.6</ele>
    <time>2020-04-19T09:22:25Z</time>
   </trkpt>
   <trkpt lat="51.1415830" lon="-0.5507500">
    <ele>123.5</ele>
    <time>2020-04-19T09:22:26Z</time>
   </trkpt>
   <trkpt lat="51.1415770" lon="-0.5507270">
    <ele>123.4</ele>
    <time>2020-04-19T09:22:27Z</time>
   </trkpt>
   <trkpt lat="51.1415600" lon="-0.5506910">
    <ele>123.2</ele>
    <time>2020-04-19T09:22:29Z</time>
   </trkpt>
   <trkpt lat="51.1415580" lon="-0.5506710">
    <ele>123.2</ele>
    <time>2020-04-19T09:22:31Z</time>
   </trkpt>
   <trkpt lat="51.1415640" lon="-0.5506540">
    <ele>123.1</ele>
    <time>2020-04-19T09:22:32Z</time>
   </trkpt>
   <trkpt lat="51.1415900" lon="-0.5506140">
    <ele>122.8</ele>
    <time>2020-04-19T09:22:34Z</time>
   </trkpt>
   <trkpt lat="51.1416180" lon="-0.5505840">
    <ele>122.6</ele>
    <time>2020-04-19T09:22:36Z</time>
   </trkpt>
   <trkpt lat="51.1416240" lon="-0.5505770">
    <ele>122.6</ele>
    <time>2020-04-19T09:22:37Z</time>
   </trkpt>
   <trkpt lat="51.1416520" lon="-0.5505440">
    <ele>122.3</ele>
    <time>2020-04-19T09:22:39Z</time>
   </trkpt>
   <trkpt lat="51.1416730" lon="-0.5505130">
    <ele>122.1</ele>
    <time>2020-04-19T09:22:41Z</time>
   </trkpt>
   <trkpt lat="51.1416840" lon="-0.5504980">
    <ele>122.0</ele>
    <time>2020-04-19T09:22:42Z</time>
   </trkpt>
   <trkpt lat="51.1417090" lon="-0.5504620">
    <ele>121.8</ele>
    <time>2020-04-19T09:22:44Z</time>
   </trkpt>
   <trkpt lat="51.1417170" lon="-0.5504480">
    <ele>121.7</ele>
    <time>2020-04-19T09:22:45Z</time>
   </trkpt>
   <trkpt lat="51.1417330" lon="-0.5504180">
    <ele>121.6</ele>
    <time>2020-04-19T09:22:47Z</time>
   </trkpt>
   <trkpt lat="51.1417590" lon="-0.5503810">
    <ele>121.3</ele>
    <time>2020-04-19T09:22:49Z</time>
   </trkpt>
   <trkpt lat="51.1417630" lon="-0.5503730">
    <ele>121.3</ele>
    <time>2020-04-19T09:22:50Z</time>
   </trkpt>
   <trkpt lat="51.1417660" lon="-0.5503640">
    <ele>121.2</ele>
    <time>2020-04-19T09:22:51Z</time>
   </trkpt>
   <trkpt lat="51.1417690" lon="-0.5503560">
    <ele>121.2</ele>
    <time>2020-04-19T09:22:53Z</time>
   </trkpt>
   <trkpt lat="51.1417730" lon="-0.5503480">
    <ele>121.1</ele>
    <time>2020-04-19T09:22:55Z</time>
   </trkpt>
   <trkpt lat="51.1417760" lon="-0.5503400">
    <ele>121.1</ele>
    <time>2020-04-19T09:22:56Z</time>
   </trkpt>
   <trkpt lat="51.1417790" lon="-0.5503310">
    <ele>121.1</ele>
    <time>2020-04-19T09:22:58Z</time>
   </trkpt>
   <trkpt lat="51.1417820" lon="-0.5503230">
    <ele>121.0</ele>
    <time>2020-04-19T09:23:00Z</time>
   </trkpt>
   <trkpt lat="51.1417860" lon="-0.5503150">
    <ele>121.0</ele>
    <time>2020-04-19T09:23:01Z</time>
   </trkpt>
   <trkpt lat="51.1417890" lon="-0.5503070">
    <ele>121.0</ele>
    <time>2020-04-19T09:23:02Z</time>
   </trkpt>
   <trkpt lat="51.1417920" lon="-0.5502980">
    <ele>120.9</ele>
    <time>2020-04-19T09:23:04Z</time>
   </trkpt>
   <trkpt lat="51.1417960" lon="-0.5502900">
    <ele>120.9</ele>
    <time>2020-04-19T09:23:06Z</time>
   </trkpt>
   <trkpt lat="51.1417990" lon="-0.5502820">
    <ele>120.8</ele>
    <time>2020-04-19T09:23:07Z</time>
   </trkpt>
   <trkpt lat="51.1418020" lon="-0.5502740">
    <ele>120.8</ele>
    <time>2020-04-19T09:23:09Z</time>
   </trkpt>
   <trkpt lat="51.1418060" lon="-0.5502650">
    <ele>120.8</ele>
    <time>2020-04-19T09:23:10Z</time>
   </trkpt>
   <trkpt lat="51.1418090" lon="-0.5502570">
    <ele>120.7</ele>
    <time>2020-04-19T09:23:12Z</time>
   </trkpt>
   <trkpt lat="51.1418120" lon="-0.5502490">
    <ele>120.7</ele>
    <time>2020-04-19T09:23:14Z</time>
   </trkpt>
   <trkpt lat="51.1418150" lon="-0.5502410">
    <ele>120.7</ele>
    <time>2020-04-19T09:23:16Z</time>
   </trkpt>
   <trkpt lat="51.1418190" lon="-0.5502320">
    <ele>120.6</ele>
    <time>2020-04-19T09:23:18Z</time>
   </trkpt>
   <trkpt lat="51.1418220" lon="-0.5502240">
    <ele>120.6</ele>
    <time>2020-04-19T09:23:19Z</time>
   </trkpt>
   <trkpt lat="51.1418190" lon="-0.5502160">
    <ele>120.5</ele>
    <time>2020-04-19T09:23:20Z</time>
   </trkpt>
   <trkpt lat="51.1418200" lon="-0.5501940">
    <ele>120.5</ele>
    <time>2020-04-19T09:23:22Z</time>
   </trkpt>
   <trkpt lat="51.1418300" lon="-0.5501670">
    <ele>120.3</ele>
    <time>2020-04-19T09:23:24Z</time>
   </trkpt>
   <trkpt lat="51.1418390" lon="-0.5501460">
    <ele>119.7</ele>
    <time>2020-04-19T09:23:26Z</time>
   </trkpt>
   <trkpt lat="51.1418440" lon="-0.5501340">
    <ele>119.6</ele>
    <time>2020-04-19T09:23:27Z</time>
   </trkpt>
   <trkpt lat="51.1418560" lon="-0.5500940">
    <ele>119.3</ele>
    <time>2020-04-19T09:23:29Z</time>
   </trkpt>
   <trkpt lat="51.1418590" lon="-0.5500800">
    <ele>119.2</ele>
    <time>2020-04-19T09:23:30Z</time>
   </trkpt>
   <trkpt lat="51.1418650" lon="-0.5500410">
    <ele>119.0</ele>
    <time>2020-04-19T09:23:32Z</time>
   </trkpt>
   <trkpt lat="51.1418740" lon="-0.5499950">
    <ele>118.7</ele>
    <time>2020-04-19T09:23:34Z</time>
   </trkpt>
   <trkpt lat="51.1418770" lon="-0.5499810">
    <ele>118.6</ele>
    <time>2020-04-19T09:23:35Z</time>
   </trkpt>
   <trkpt lat="51.1418790" lon="-0.5499610">
    <ele>118.5</ele>
    <time>2020-04-19T09:23:36Z</time>
   </trkpt>
   <trkpt lat="51.1418870" lon="-0.5499220">
    <ele>118.2</ele>
    <time>2020-04-19T09:23:38Z</time>
   </trkpt>
   <trkpt lat="51.1418980" lon="-0.5498950">
    <ele>118.1</ele>
    <time>2020-04-19T09:23:39Z</time>
   </trkpt>
   <trkpt lat="51.1419150" lon="-0.5498720">
    <ele>117.6</ele>
    <time>2020-04-19T09:23:41Z</time>
   </trkpt>
   <trkpt lat="51.1419240" lon="-0.5498530">
    <ele>117.6</ele>
    <time>2020-04-19T09:23:43Z</time>
   </trkpt>
   <trkpt lat="51.1419250" lon="-0.5498460">
    <ele>117.6</ele>
    <time>2020-04-19T09:23:44Z</time>
   </trkpt>
   <trkpt lat="51.1419240" lon="-0.5498360">
    <ele>117.6</ele>
    <time>2020-04-19T09:23:46Z</time>
   </trkpt>
   <trkpt lat="51.1419230" lon="-0.5498340">
    <ele>117.6</ele>
    <time>2020-04-19T09:23:47Z</time>
   </trkpt>
   <trkpt lat="51.1419180" lon="-0.5498350">
    <ele>117.6</ele>
    <time>2020-04-19T09:23:48Z</time>
   </trkpt>
   <trkpt lat="51.1419150" lon="-0.5498340">
    <ele>117.6</ele>
    <time>2020-04-19T09:23:50Z</time>
   </trkpt>
   <trkpt lat="51.1419140" lon="-0.5498340">
    <ele>117.6</ele>
    <time>2020-04-19T09:23:51Z</time>
   </trkpt>
   <trkpt lat="51.1419110" lon="-0.5498340">
    <ele>117.7</ele>
    <time>2020-04-19T09:23:53Z</time>
   </trkpt>
   <trkpt lat="51.1419090" lon="-0.5498340">
    <ele>117.7</ele>
    <time>2020-04-19T09:23:54Z</time>
   </trkpt>
   <trkpt lat="51.1419080" lon="-0.5498310">
    <ele>117.7</ele>
    <time>2020-04-19T09:23:56Z</time>
   </trkpt>
   <trkpt lat="51.1419080" lon="-0.5498290">
    <ele>117.7</ele>
    <time>2020-04-19T09:23:57Z</time>
   </trkpt>
   <trkpt lat="51.1419070" lon="-0.5498310">
    <ele>117.7</ele>
    <time>2020-04-19T09:23:58Z</time>
   </trkpt>
   <trkpt lat="51.1419080" lon="-0.5498300">
    <ele>117.7</ele>
    <time>2020-04-19T09:24:00Z</time>
   </trkpt>
   <trkpt lat="51.1419080" lon="-0.5498290">
    <ele>117.7</ele>
    <time>2020-04-19T09:24:02Z</time>
   </trkpt>
   <trkpt lat="51.1419080" lon="-0.5498380">
    <ele>117.7</ele>
    <time>2020-04-19T09:24:03Z</time>
   </trkpt>
   <trkpt lat="51.1419060" lon="-0.5498430">
    <ele>117.7</ele>
    <time>2020-04-19T09:24:05Z</time>
   </trkpt>
   <trkpt lat="51.1419090" lon="-0.5498440">
    <ele>117.7</ele>
    <time>2020-04-19T09:24:06Z</time>
   </trkpt>
   <trkpt lat="51.1419270" lon="-0.5498310">
    <ele>117.7</ele>
    <time>2020-04-19T09:24:08Z</time>
   </trkpt>
   <trkpt lat="51.1419490" lon="-0.5498180">
    <ele>117.8</ele>
    <time>2020-04-19T09:24:10Z</time>
   </trkpt>
   <trkpt lat="51.1419600" lon="-0.5498150">
    <ele>117.8</ele>
    <time>2020-04-19T09:24:11Z</time>
   </trkpt>
   <trkpt lat="51.1419720" lon="-0.5498140">
    <ele>117.8</ele>
    <time>2020-04-19T09:24:12Z</time>
   </trkpt>
   <trkpt lat="51.1419930" lon="-0.5498280">
    <ele>117.8</ele>
    <time>2020-04-19T09:24:14Z</time>
   </trkpt>
   <trkpt lat="51.1420060" lon="-0.5498460">
    <ele>117.8</ele>
    <time>2020-04-19T09:24:16Z</time>
   </trkpt>
   <trkpt lat="51.1420160" lon="-0.5498500">
    <ele>117.9</ele>
    <time>2020-04-19T09:24:17Z</time>
   </trkpt>
   <trkpt lat="51.1420300" lon="-0.5498650">
    <ele>117.9</ele>
    <time>2020-04-19T09:24:19Z</time>
   </trkpt>
   <trkpt lat="51.1420410" lon="-0.5498840">
    <ele>117.9</ele>
    <time>2020-04-19T09:24:20Z</time>
   </trkpt>
   <trkpt lat="51.1420440" lon="-0.5498820">
    <ele>117.9</ele>
    <time>2020-04-19T09:24:21Z</time>
   </trkpt>
   <trkpt lat="51.1420490" lon="-0.5498780">
    <ele>117.9</ele>
    <time>2020-04-19T09:24:22Z</time>
   </trkpt>
   <trkpt lat="51.1420530" lon="-0.5498740">
    <ele>117.9</ele>
    <time>2020-04-19T09:24:23Z</time>
   </trkpt>
   <trkpt lat="51.1420580" lon="-0.5498700">
    <ele>117.9</ele>
    <time>2020-04-19T09:24:25Z</time>
   </trkpt>
   <trkpt lat="51.1420620" lon="-0.5498660">
    <ele>117.9</ele>
    <time>2020-04-19T09:24:27Z</time>
   </trkpt>
   <trkpt lat="51.1420660" lon="-0.5498620">
    <ele>117.9</ele>
    <time>2020-04-19T09:24:29Z</time>
   </trkpt>
   <trkpt lat="51.1420710" lon="-0.5498580">
    <ele>117.9</ele>
    <time>2020-04-19T09:24:31Z</time>
   </trkpt>
   <trkpt lat="51.1420750" lon="-0.5498540">
    <ele>117.9</ele>
    <time>2020-04-19T09:24:32Z</time>
   </trkpt>
   <trkpt lat="51.1420910" lon="-0.5498580">
    <ele>117.9</ele>
    <time>2020-04-19T09:24:34Z</time>
   </trkpt>
   <trkpt lat="51.1421280" lon="-0.5498670">
    <ele>117.9</ele>
    <time>2020-04-19T09:24:36Z</time>
   </trkpt>
   <trkpt lat="51.1421520" lon="-0.5498690">
    <ele>117.9</ele>
    <time>2020-04-19T09:24:37Z</time>
   </trkpt>
   <trkpt lat="51.1421620" lon="-0.5498650">
    <ele>117.9</ele>
    <time>2020-04-19T09:24:39Z</time>
   </trkpt>
   <trkpt lat="51.1421720" lon="-0.5498610">
    <ele>117.9</ele>
    <time>2020-04-19T09:24:40Z</time>
   </trkpt>
   <trkpt lat="51.1421820" lon="-0.5498570">
    <ele>117.9</ele>
    <time>2020-04-19T09:24:41Z</time>
   </trkpt>
   <trkpt lat="51.1421920" lon="-0.5498540">
    <ele>117.9</ele>
    <time>2020-04-19T09:24:42Z</time>
   </trkpt>
   <trkpt lat="51.1422010" lon="-0.5498500">
    <ele>117.8</ele>
    <time>2020-04-19T09:24:44Z</time>
   </trkpt>
   <trkpt lat="51.1422110" lon="-0.5498460">
    <ele>117.8</ele>
    <time>2020-04-19T09:24:45Z</time>
   </trkpt>
   <trkpt lat="51.1422210" lon="-0.5498420">
    <ele>117.8</ele>
    <time>2020-04-19T09:24:47Z</time>
   </trkpt>
   <trkpt lat="51.1422310" lon="-0.5498380">
    <ele>117.8</ele>
    <time>2020-04-19T09:24:49Z</time>
   </trkpt>
   <trkpt lat="51.1422410" lon="-0.5498340">
    <ele>117.8</ele>
    <time>2020-04-19T09:24:50Z</time>
   </trkpt>
   <trkpt lat="51.1422630" lon="-0.5498340">
    <ele>117.7</ele>
    <time>2020-04-19T09:24:52Z</time>
   </trkpt>
   <trkpt lat="51.1422750" lon="-0.5498320">
    <ele>117.7</ele>
    <time>2020-04-19T09:24:53Z</time>
   </trkpt>
   <trkpt lat="51.1423010" lon="-0.5498330">
    <ele>117.6</ele>
    <time>2020-04-19T09:24:55Z</time>
   </trkpt>
   <trkpt lat="51.1423130" lon="-0.5498320">
    <ele>117.6</ele>
    <time>2020-04-19T09:24:57Z</time>
   </trkpt>
   <trkpt lat="51.1423490" lon="-0.5498410">
    <ele>117.4</ele>
    <time>2020-04-19T09:24:59Z</time>
   </trkpt>
   <trkpt lat="51.1423610" lon="-0.5498470">
    <ele>117.4</ele>
    <time>2020-04-19T09:25:00Z</time>
   </trkpt>
   <trkpt lat="51.1423830" lon="-0.5498550">
    <ele>117.3</ele>
    <time>2020-04-19T09:25:02Z</time>
   </trkpt>
   <trkpt lat="51.1423960" lon="-0.5498610">
    <ele>117.2</ele>
    <time>2020-04-19T09:25:03Z</time>
   </trkpt>
   <trkpt lat="51.1424240" lon="-0.5498680">
    <ele>117.3</ele>
    <time>2020-04-19T09:25:05Z</time>
   </trkpt>
   <trkpt lat="51.1424320" lon="-0.5498720">
    <ele>117.3</ele>
    <time>2020-04-19T09:25:06Z</time>
   </trkpt>
   <trkpt lat="51.1424350" lon="-0.5498690">
    <ele>117.4</ele>
    <time>2020-04-19T09:25:08Z</time>
   </trkpt>
   <trkpt lat="51.1424360" lon="-0.5498680">
    <ele>117.4</ele>
    <time>2020-04-19T09:25:09Z</time>
   </trkpt>
   <trkpt lat="51.1424430" lon="-0.5498670">
    <ele>117.4</ele>
    <time>2020-04-19T09:25:11Z</time>
   </trkpt>
   <trkpt lat="51.1424490" lon="-0.5498710">
    <ele>117.4</ele>
    <time>2020-04-19T09:25:13Z</time>
   </trkpt>
   <trkpt lat="51.1424450" lon="-0.5498700">
    <ele>117.4</ele>
    <time>2020-04-19T09:25:15Z</time>
   </trkpt>
   <trkpt lat="51.1424380" lon="-0.5498600">
    <ele>117.5</ele>
    <time>2020-04-19T09:25:17Z</time>
   </trkpt>
   <trkpt lat="51.1424240" lon="-0.5498470">
    <ele>117.5</ele>
    <time>2020-04-19T09:25:19Z</time>
   </trkpt>
   <trkpt lat="51.1424120" lon="-0.5498470">
    <ele>117.5</ele>
    <time>2020-04-19T09:25:20Z</time>
   </trkpt>
   <trkpt lat="51.1424090" lon="-0.5498410">
    <ele>117.6</ele>
    <time>2020-04-19T09:25:21Z</time>
   </trkpt>
   <trkpt lat="51.1423990" lon="-0.5498330">
    <ele>117.6</ele>
    <time>2020-04-19T09:25:23Z</time>
   </trkpt>
   <trkpt lat="51.1423790" lon="-0.5498220">
    <ele>117.7</ele>
    <time>2020-04-19T09:25:25Z</time>
   </trkpt>
   <trkpt lat="51.1423620" lon="-0.5498180">
    <ele>117.7</ele>
    <time>2020-04-19T09:25:27Z</time>
   </trkpt>
   <trkpt lat="51.1423440" lon="-0.5498150">
    <ele>117.7</ele>
    <time>2020-04-19T09:25:29Z</time>
   </trkpt>
   <trkpt lat="51.1423310" lon="-0.5498110">
    <ele>117.8</ele>
    <time>2020-04-19T09:25:30Z</time>
   </trkpt>
   <trkpt lat="51.1423220" lon="-0.5498120">
    <ele>117.8</ele>
    <time>2020-04-19T09:25:31Z</time>
   </trkpt>
   <trkpt lat="51.1422980" lon="-0.5498160">
    <ele>117.8</ele>
    <time>2020-04-19T09:25:33Z</time>
   </trkpt>
   <trkpt lat="51.1422580" lon="-0.5498140">
    <ele>117.9</ele>
    <time>2020-04-19T09:25:35Z</time>
   </trkpt>
   <trkpt lat="51.1422450" lon="-0.5498140">
    <ele>117.9</ele>
    <time>2020-04-19T09:25:36Z</time>
   </trkpt>
   <trkpt lat="51.1422310" lon="-0.5498160">
    <ele>117.9</ele>
    <time>2020-04-19T09:25:37Z</time>
   </trkpt>
   <trkpt lat="51.1422160" lon="-0.5498190">
    <ele>117.9</ele>
    <time>2020-04-19T09:25:38Z</time>
   </trkpt>
   <trkpt lat="51.1421830" lon="-0.5498390">
    <ele>117.9</ele>
    <time>2020-04-19T09:25:40Z</time>
   </trkpt>
   <trkpt lat="51.1421660" lon="-0.5498540">
    <ele>117.9</ele>
    <time>2020-04-19T09:25:42Z</time>
   </trkpt>
   <trkpt lat="51.1421560" lon="-0.5498590">
    <ele>117.9</ele>
    <time>2020-04-19T09:25:43Z</time>
   </trkpt>
   <trkpt lat="51.1421310" lon="-0.5498590">
    <ele>117.9</ele>
    <time>2020-04-19T09:25:45Z</time>
   </trkpt>
   <trkpt lat="51.1421100" lon="-0.5498520">
    <ele>117.9</ele>
    <time>2020-04-19T09:25:47Z</time>
   </trkpt>
   <trkpt lat="51.1420850" lon="-0.5498420">
    <ele>117.9</ele>
    <time>2020-04-19T09:25:49Z</time>
   </trkpt>
   <trkpt lat="51.1420440" lon="-0.5498410">
    <ele>117.8</ele>
    <time>2020-04-19T09:25:51Z</time>
   </trkpt>
   <trkpt lat="51.1420030" lon="-0.5498500">
    <ele>117.8</ele>
    <time>2020-04-19T09:25:53Z</time>
   </trkpt>
   <trkpt lat="51.1419790" lon="-0.5498630">
    <ele>117.7</ele>
    <time>2020-04-19T09:25:54Z</time>
   </trkpt>
   <trkpt lat="51.1419480" lon="-0.5498980">
    <ele>117.7</ele>
    <time>2020-04-19T09:25:56Z</time>
   </trkpt>
   <trkpt lat="51.1419280" lon="-0.5499280">
    <ele>117.6</ele>
    <time>2020-04-19T09:25:57Z</time>
   </trkpt>
   <trkpt lat="51.1419220" lon="-0.5499380">
    <ele>117.6</ele>
    <time>2020-04-19T09:25:58Z</time>
   </trkpt>
   <trkpt lat="51.1419110" lon="-0.5499730">
    <ele>118.6</ele>
    <time>2020-04-19T09:25:59Z</time>
   </trkpt>
   <trkpt lat="51.1418950" lon="-0.5500110">
    <ele>118.8</ele>
    <time>2020-04-19T09:26:01Z</time>
   </trkpt>
   <trkpt lat="51.1418750" lon="-0.5500520">
    <ele>119.0</ele>
    <time>2020-04-19T09:26:03Z</time>
   </trkpt>
   <trkpt lat="51.1418620" lon="-0.5500760">
    <ele>119.1</ele>
    <time>2020-04-19T09:26:04Z</time>
   </trkpt>
   <trkpt lat="51.1418480" lon="-0.5501050">
    <ele>119.3</ele>
    <time>2020-04-19T09:26:06Z</time>
   </trkpt>
   <trkpt lat="51.1418400" lon="-0.5501170">
    <ele>119.3</ele>
    <time>2020-04-19T09:26:07Z</time>
   </trkpt>
   <trkpt lat="51.1418220" lon="-0.5501360">
    <ele>119.5</ele>
    <time>2020-04-19T09:26:09Z</time>
   </trkpt>
   <trkpt lat="51.1418080" lon="-0.5501450">
    <ele>119.6</ele>
    <time>2020-04-19T09:26:10Z</time>
   </trkpt>
   <trkpt lat="51.1418010" lon="-0.5501510">
    <ele>119.6</ele>
    <time>2020-04-19T09:26:11Z</time>
   </trkpt>
   <trkpt lat="51.1417860" lon="-0.5501620">
    <ele>119.7</ele>
    <time>2020-04-19T09:26:13Z</time>
   </trkpt>
   <trkpt lat="51.1417630" lon="-0.5501860">
    <ele>119.9</ele>
    <time>2020-04-19T09:26:15Z</time>
   </trkpt>
   <trkpt lat="51.1417540" lon="-0.5502030">
    <ele>120.2</ele>
    <time>2020-04-19T09:26:17Z</time>
   </trkpt>
   <trkpt lat="51.1417500" lon="-0.5502260">
    <ele>120.3</ele>
    <time>2020-04-19T09:26:19Z</time>
   </trkpt>
   <trkpt lat="51.1417500" lon="-0.5502370">
    <ele>120.3</ele>
    <time>2020-04-19T09:26:21Z</time>
   </trkpt>
   <trkpt lat="51.1417520" lon="-0.5502360">
    <ele>120.3</ele>
    <time>2020-04-19T09:26:22Z</time>
   </trkpt>
   <trkpt lat="51.1417630" lon="-0.5502370">
    <ele>120.4</ele>
    <time>2020-04-19T09:26:24Z</time>
   </trkpt>
   <trkpt lat="51.1417660" lon="-0.5502480">
    <ele>120.4</ele>
    <time>2020-04-19T09:26:25Z</time>
   </trkpt>
   <trkpt lat="51.1417790" lon="-0.5502740">
    <ele>120.5</ele>
    <time>2020-04-19T09:26:27Z</time>
   </trkpt>
   <trkpt lat="51.1417870" lon="-0.5502790">
    <ele>120.6</ele>
    <time>2020-04-19T09:26:28Z</time>
   </trkpt>
   <trkpt lat="51.1418020" lon="-0.5503000">
    <ele>120.7</ele>
    <time>2020-04-19T09:26:30Z</time>
   </trkpt>
   <trkpt lat="51.1418060" lon="-0.5503070">
    <ele>120.7</ele>
    <time>2020-04-19T09:26:31Z</time>
   </trkpt>
   <trkpt lat="51.1418120" lon="-0.5503180">
    <ele>120.8</ele>
    <time>2020-04-19T09:26:32Z</time>
   </trkpt>
   <trkpt lat="51.1418280" lon="-0.5503450">
    <ele>120.9</ele>
    <time>2020-04-19T09:26:34Z</time>
   </trkpt>
   <trkpt lat="51.1418440" lon="-0.5503740">
    <ele>121.0</ele>
    <time>2020-04-19T09:26:36Z</time>
   </trkpt>
   <trkpt lat="51.1418500" lon="-0.5504000">
    <ele>121.1</ele>
    <time>2020-04-19T09:26:38Z</time>
   </trkpt>
   <trkpt lat="51.1418550" lon="-0.5504370">
    <ele>121.3</ele>
    <time>2020-04-19T09:26:39Z</time>
   </trkpt>
   <trkpt lat="51.1418550" lon="-0.5504430">
    <ele>121.3</ele>
    <time>2020-04-19T09:26:41Z</time>
   </trkpt>
   <trkpt lat="51.1418600" lon="-0.5504700">
    <ele>121.4</ele>
    <time>2020-04-19T09:26:43Z</time>
   </trkpt>
   <trkpt lat="51.1418670" lon="-0.5504960">
    <ele>121.6</ele>
    <time>2020-04-19T09:26:45Z</time>
   </trkpt>
   <trkpt lat="51.1418660" lon="-0.5505260">
    <ele>121.7</ele>
    <time>2020-04-19T09:26:47Z</time>
   </trkpt>
   <trkpt lat="51.1418670" lon="-0.5505370">
    <ele>121.7</ele>
    <time>2020-04-19T09:26:49Z</time>
   </trkpt>
   <trkpt lat="51.1418700" lon="-0.5505460">
    <ele>121.8</ele>
    <time>2020-04-19T09:26:50Z</time>
   </trkpt>
   <trkpt lat="51.1418770" lon="-0.5505550">
    <ele>121.8</ele>
    <time>2020-04-19T09:26:51Z</time>
   </trkpt>
   <trkpt lat="51.1418860" lon="-0.5505640">
    <ele>121.9</ele>
    <time>2020-04-19T09:26:53Z</time>
   </trkpt>
   <trkpt lat="51.1418940" lon="-0.5505740">
    <ele>122.0</ele>
    <time>2020-04-19T09:26:55Z</time>
   </trkpt>
   <trkpt lat="51.1419010" lon="-0.5505860">
    <ele>122.1</ele>
    <time>2020-04-19T09:26:56Z</time>
   </trkpt>
   <trkpt lat="51.1419070" lon="-0.5505850">
    <ele>122.1</ele>
    <time>2020-04-19T09:26:57Z</time>
   </trkpt>
   <trkpt lat="51.1419190" lon="-0.5505850">
    <ele>122.2</ele>
    <time>2020-04-19T09:26:59Z</time>
   </trkpt>
   <trkpt lat="51.1419330" lon="-0.5505950">
    <ele>122.3</ele>
    <time>2020-04-19T09:27:01Z</time>
   </trkpt>
   <trkpt lat="51.1419390" lon="-0.5506010">
    <ele>122.4</ele>
    <time>2020-04-19T09:27:02Z</time>
   </trkpt>
   <trkpt lat="51.1419530" lon="-0.5506120">
    <ele>122.5</ele>
    <time>2020-04-19T09:27:04Z</time>
   </trkpt>
   <trkpt lat="51.1419600" lon="-0.5506240">
    <ele>122.6</ele>
    <time>2020-04-19T09:27:06Z</time>
   </trkpt>
   <trkpt lat="51.1419600" lon="-0.5506300">
    <ele>122.6</ele>
    <time>2020-04-19T09:27:08Z</time>
   </trkpt>
   <trkpt lat="51.1419600" lon="-0.5506370">
    <ele>122.7</ele>
    <time>2020-04-19T09:27:10Z</time>
   </trkpt>
   <trkpt lat="51.1419600" lon="-0.5506500">
    <ele>122.7</ele>
    <time>2020-04-19T09:27:11Z</time>
   </trkpt>
   <trkpt lat="51.1419610" lon="-0.5506600">
    <ele>122.8</ele>
    <time>2020-04-19T09:27:12Z</time>
   </trkpt>
   <trkpt lat="51.1419620" lon="-0.5506700">
    <ele>122.9</ele>
    <time>2020-04-19T09:27:13Z</time>
   </trkpt>
   <trkpt lat="51.1419790" lon="-0.5506920">
    <ele>123.0</ele>
    <time>2020-04-19T09:27:14Z</time>
   </trkpt>
   <trkpt lat="51.1419920" lon="-0.5507040">
    <ele>123.2</ele>
    <time>2020-04-19T09:27:16Z</time>
   </trkpt>
   <trkpt lat="51.1420060" lon="-0.5507170">
    <ele>123.3</ele>
    <time>2020-04-19T09:27:18Z</time>
   </trkpt>
   <trkpt lat="51.1420190" lon="-0.5507300">
    <ele>123.4</ele>
    <time>2020-04-19T09:27:20Z</time>
   </trkpt>
   <trkpt lat="51.1420330" lon="-0.5507430">
    <ele>123.6</ele>
    <time>2020-04-19T09:27:21Z</time>
   </trkpt>
   <trkpt lat="51.1420460" lon="-0.5507550">
    <ele>123.7</ele>
    <time>2020-04-19T09:27:23Z</time>
   </trkpt>
   <trkpt lat="51.1420600" lon="-0.5507680">
    <ele>123.9</ele>
    <time>2020-04-19T09:27:25Z</time>
   </trkpt>
   <trkpt lat="51.1420730" lon="-0.5507810">
    <ele>124.0</ele>
    <time>2020-04-19T09:27:26Z</time>
   </trkpt>
   <trkpt lat="51.1420800" lon="-0.5507900">
    <ele>124.1</ele>
    <time>2020-04-19T09:27:27Z</time>
   </trkpt>
   <trkpt lat="51.1420880" lon="-0.5508020">
    <ele>124.2</ele>
    <time>2020-04-19T09:27:28Z</time>
   </trkpt>
   <trkpt lat="51.1421010" lon="-0.5508280">
    <ele>124.3</ele>
    <time>2020-04-19T09:27:30Z</time>
   </trkpt>
   <trkpt lat="51.1421110" lon="-0.5508480">
    <ele>124.5</ele>
    <time>2020-04-19T09:27:31Z</time>
   </trkpt>
   <trkpt lat="51.1421240" lon="-0.5508510">
    <ele>124.6</ele>
    <time>2020-04-19T09:27:33Z</time>
   </trkpt>
   <trkpt lat="51.1421420" lon="-0.5508470">
    <ele>124.8</ele>
    <time>2020-04-19T09:27:35Z</time>
   </trkpt>
   <trkpt lat="51.1421500" lon="-0.5508500">
    <ele>124.9</ele>
    <time>2020-04-19T09:27:36Z</time>
   </trkpt>
   <trkpt lat="51.1421530" lon="-0.5508720">
    <ele>125.0</ele>
    <time>2020-04-19T09:27:38Z</time>
   </trkpt>
   <trkpt lat="51.1421490" lon="-0.5508920">
    <ele>125.1</ele>
    <time>2020-04-19T09:27:40Z</time>
   </trkpt>
   <trkpt lat="51.1421410" lon="-0.5509020">
    <ele>125.2</ele>
    <time>2020-04-19T09:27:41Z</time>
   </trkpt>
   <trkpt lat="51.1421270" lon="-0.5509300">
    <ele>125.4</ele>
    <time>2020-04-19T09:27:43Z</time>
   </trkpt>
   <trkpt lat="51.1421210" lon="-0.5509550">
    <ele>125.5</ele>
    <time>2020-04-19T09:27:45Z</time>
   </trkpt>
   <trkpt lat="51.1421210" lon="-0.5509730">
    <ele>125.7</ele>
    <time>2020-04-19T09:27:46Z</time>
   </trkpt>
   <trkpt lat="51.1421260" lon="-0.5509990">
    <ele>125.8</ele>
    <time>2020-04-19T09:27:48Z</time>
   </trkpt>
   <trkpt lat="51.1421270" lon="-0.5510140">
    <ele>125.9</ele>
    <time>2020-04-19T09:27:50Z</time>
   </trkpt>
   <trkpt lat="51.1421270" lon="-0.5510200">
    <ele>125.9</ele>
    <time>2020-04-19T09:27:51Z</time>
   </trkpt>
   <trkpt lat="51.1421260" lon="-0.5510210">
    <ele>125.9</ele>
    <time>2020-04-19T09:27:52Z</time>
   </trkpt>
   <trkpt lat="51.1421230" lon="-0.5510260">
    <ele>126.0</ele>
    <time>2020-04-19T09:27:53Z</time>
   </trkpt>
   <trkpt lat="51.1421190" lon="-0.5510430">
    <ele>126.1</ele>
    <time>2020-04-19T09:27:55Z</time>
   </trkpt>
   <trkpt lat="51.1421160" lon="-0.5510560">
    <ele>126.2</ele>
    <time>2020-04-19T09:27:56Z</time>
   </trkpt>
   <trkpt lat="51.1421180" lon="-0.5510770">
    <ele>126.3</ele>
    <time>2020-04-19T09:27:58Z</time>
   </trkpt>
   <trkpt lat="51.1421240" lon="-0.5511250">
    <ele>126.6</ele>
    <time>2020-04-19T09:28:00Z</time>
   </trkpt>
   <trkpt lat="51.1421240" lon="-0.5511380">
    <ele>126.6</ele>
    <time>2020-04-19T09:28:01Z</time>
   </trkpt>
   <trkpt lat="51.1421240" lon="-0.5511530">
    <ele>126.7</ele>
    <time>2020-04-19T09:28:02Z</time>
   </trkpt>
   <trkpt lat="51.1421210" lon="-0.5511790">
    <ele>126.9</ele>
    <time>2020-04-19T09:28:04Z</time>
   </trkpt>
   <trkpt lat="51.1421220" lon="-0.5512090">
    <ele>127.0</ele>
    <time>2020-04-19T09:28:06Z</time>
   </trkpt>
   <trkpt lat="51.1421230" lon="-0.5512140">
    <ele>127.1</ele>
    <time>2020-04-19T09:28:07Z</time>
   </trkpt>
   <trkpt lat="51.1421260" lon="-0.5512240">
    <ele>127.1</ele>
    <time>2020-04-19T09:28:08Z</time>
   </trkpt>
   <trkpt lat="51.1421320" lon="-0.5512490">
    <ele>127.3</ele>
    <time>2020-04-19T09:28:10Z</time>
   </trkpt>
   <trkpt lat="51.1421350" lon="-0.5512590">
    <ele>127.4</ele>
    <time>2020-04-19T09:28:11Z</time>
   </trkpt>
   <trkpt lat="51.1421390" lon="-0.5512700">
    <ele>127.4</ele>
    <time>2020-04-19T09:28:12Z</time>
   </trkpt>
   <trkpt lat="51.1421400" lon="-0.5512840">
    <ele>127.5</ele>
    <time>2020-04-19T09:28:14Z</time>
   </trkpt>
   <trkpt lat="51.1421410" lon="-0.5512910">
    <ele>127.6</ele>
    <time>2020-04-19T09:28:15Z</time>
   </trkpt>
   <trkpt lat="51.1421450" lon="-0.5513190">
    <ele>127.7</ele>
    <time>2020-04-19T09:28:17Z</time>
   </trkpt>
   <trkpt lat="51.1421490" lon="-0.5513320">
    <ele>127.8</ele>
    <time>2020-04-19T09:28:18Z</time>
   </trkpt>
   <trkpt lat="51.1421530" lon="-0.5513440">
    <ele>127.9</ele>
    <time>2020-04-19T09:28:20Z</time>
   </trkpt>
   <trkpt lat="51.1421570" lon="-0.5513570">
    <ele>128.0</ele>
    <time>2020-04-19T09:28:21Z</time>
   </trkpt>
   <trkpt lat="51.1421750" lon="-0.5513760">
    <ele>128.2</ele>
    <time>2020-04-19T09:28:23Z</time>
   </trkpt>
   <trkpt lat="51.1421860" lon="-0.5513870">
    <ele>128.3</ele>
    <time>2020-04-19T09:28:24Z</time>
   </trkpt>
   <trkpt lat="51.1422040" lon="-0.5514160">
    <ele>128.6</ele>
    <time>2020-04-19T09:28:26Z</time>
   </trkpt>
   <trkpt lat="51.1422130" lon="-0.5514390">
    <ele>128.7</ele>
    <time>2020-04-19T09:28:28Z</time>
   </trkpt>
   <trkpt lat="51.1422240" lon="-0.5514530">
    <ele>128.9</ele>
    <time>2020-04-19T09:28:30Z</time>
   </trkpt>
   <trkpt lat="51.1422330" lon="-0.5514600">
    <ele>129.0</ele>
    <time>2020-04-19T09:28:31Z</time>
   </trkpt>
   <trkpt lat="51.1422390" lon="-0.5514650">
    <ele>129.0</ele>
    <time>2020-04-19T09:28:32Z</time>
   </trkpt>
   <trkpt lat="51.1422440" lon="-0.5514740">
    <ele>129.1</ele>
    <time>2020-04-19T09:28:33Z</time>
   </trkpt>
   <trkpt lat="51.1422520" lon="-0.5514920">
    <ele>129.2</ele>
    <time>2020-04-19T09:28:35Z</time>
   </trkpt>
   <trkpt lat="51.1422520" lon="-0.5514930">
    <ele>129.2</ele>
    <time>2020-04-19T09:28:36Z</time>
   </trkpt>
   <trkpt lat="51.1422560" lon="-0.5514950">
    <ele>129.3</ele>
    <time>2020-04-19T09:28:38Z</time>
   </trkpt>
   <trkpt lat="51.1422630" lon="-0.5515020">
    <ele>129.4</ele>
    <time>2020-04-19T09:28:39Z</time>
   </trkpt>
   <trkpt lat="51.1422840" lon="-0.5515240">
    <ele>129.6</ele>
    <time>2020-04-19T09:28:41Z</time>
   </trkpt>
   <trkpt lat="51.1422880" lon="-0.5515270">
    <ele>129.6</ele>
    <time>2020-04-19T09:28:42Z</time>
   </trkpt>
   <trkpt lat="51.1422960" lon="-0.5515350">
    <ele>129.7</ele>
    <time>2020-04-19T09:28:44Z</time>
   </trkpt>
   <trkpt lat="51.1423050" lon="-0.5515430">
    <ele>129.8</ele>
    <time>2020-04-19T09:28:46Z</time>
   </trkpt>
   <trkpt lat="51.1423120" lon="-0.5515390">
    <ele>129.9</ele>
    <time>2020-04-19T09:28:48Z</time>
   </trkpt>
   <trkpt lat="51.1423170" lon="-0.5515340">
    <ele>130.0</ele>
    <time>2020-04-19T09:28:50Z</time>
   </trkpt>
   <trkpt lat="51.1423170" lon="-0.5515360">
    <ele>130.0</ele>
    <time>2020-04-19T09:28:51Z</time>
   </trkpt>
   <trkpt lat="51.1423180" lon="-0.5515400">
    <ele>130.0</ele>
    <time>2020-04-19T09:28:52Z</time>
   </trkpt>
   <trkpt lat="51.1423200" lon="-0.5515420">
    <ele>130.0</ele>
    <time>2020-04-19T09:28:53Z</time>
   </trkpt>
   <trkpt lat="51.1423230" lon="-0.5515310">
    <ele>130.1</ele>
    <time>2020-04-19T09:28:55Z</time>
   </trkpt>
   <trkpt lat="51.1423230" lon="-0.5515230">
    <ele>130.1</ele>
    <time>2020-04-19T09:28:56Z</time>
   </trkpt>
   <trkpt lat="51.1423240" lon="-0.5515170">
    <ele>130.2</ele>
    <time>2020-04-19T09:28:57Z</time>
   </trkpt>
   <trkpt lat="51.1423290" lon="-0.5515150">
    <ele>130.2</ele>
    <time>2020-04-19T09:28:59Z</time>
   </trkpt>
   <trkpt lat="51.1423320" lon="-0.5515160">
    <ele>130.3</ele>
    <time>2020-04-19T09:29:00Z</time>
   </trkpt>
   <trkpt lat="51.1423350" lon="-0.5515190">
    <ele>130.3</ele>
    <time>2020-04-19T09:29:01Z</time>
   </trkpt>
   <trkpt lat="51.1423420" lon="-0.5515280">
    <ele>130.4</ele>
    <time>2020-04-19T09:29:02Z</time>
   </trkpt>
   <trkpt lat="51.1423460" lon="-0.5515320">
    <ele>130.4</ele>
    <time>2020-04-19T09:29:04Z</time>
   </trkpt>
   <trkpt lat="51.1423500" lon="-0.5515360">
    <ele>130.5</ele>
    <time>2020-04-19T09:29:05Z</time>
   </trkpt>
   <trkpt lat="51.1423570" lon="-0.5515390">
    <ele>130.6</ele>
    <time>2020-04-19T09:29:07Z</time>
   </trkpt>
   <trkpt lat="51.1423650" lon="-0.5515440">
    <ele>130.6</ele>
    <time>2020-04-19T09:29:09Z</time>
   </trkpt>
   <trkpt lat="51.1423740" lon="-0.5515500">
    <ele>130.7</ele>
    <time>2020-04-19T09:29:11Z</time>
   </trkpt>
   <trkpt lat="51.1423800" lon="-0.5515530">
    <ele>130.8</ele>
    <time>2020-04-19T09:29:13Z</time>
   </trkpt>
   <trkpt lat="51.1423810" lon="-0.5515500">
    <ele>130.8</ele>
    <time>2020-04-19T09:29:15Z</time>
   </trkpt>
   <trkpt lat="51.1423820" lon="-0.5515490">
    <ele>130.8</ele>
    <time>2020-04-19T09:29:16Z</time>
   </trkpt>
   <trkpt lat="51.1423810" lon="-0.5515500">
    <ele>130.8</ele>
    <time>2020-04-19T09:29:17Z</time>
   </trkpt>
   <trkpt lat="51.1423780" lon="-0.5515530">
    <ele>130.9</ele>
    <time>2020-04-19T09:29:18Z</time>
   </trkpt>
   <trkpt lat="51.1423740" lon="-0.5515570">
    <ele>130.9</ele>
    <time>2020-04-19T09:29:20Z</time>
   </trkpt>
   <trkpt lat="51.1423740" lon="-0.5515580">
    <ele>130.9</ele>
    <time>2020-04-19T09:29:21Z</time>
   </trkpt>
   <trkpt lat="51.1423740" lon="-0.5515580">
    <ele>130.9</ele>
    <time>2020-04-19T09:29:22Z</time>
   </trkpt>
   <trkpt lat="51.1423760" lon="-0.5515580">
    <ele>131.0</ele>
    <time>2020-04-19T09:29:24Z</time>
   </trkpt>
   <trkpt lat="51.1423770" lon="-0.5515560">
    <ele>131.0</ele>
    <time>2020-04-19T09:29:26Z</time>
   </trkpt>
   <trkpt lat="51.1423750" lon="-0.5515510">
    <ele>131.0</ele>
    <time>2020-04-19T09:29:28Z</time>
   </trkpt>
   <trkpt lat="51.1423700" lon="-0.5515410">
    <ele>131.1</ele>
    <time>2020-04-19T09:29:30Z</time>
   </trkpt>
   <trkpt lat="51.1423670" lon="-0.5515340">
    <ele>131.1</ele>
    <time>2020-04-19T09:29:31Z</time>
   </trkpt>
   <trkpt lat="51.1423630" lon="-0.5515260">
    <ele>131.2</ele>
    <time>2020-04-19T09:29:33Z</time>
   </trkpt>
   <trkpt lat="51.1423610" lon="-0.5515240">
    <ele>131.2</ele>
    <time>2020-04-19T09:29:34Z</time>
   </trkpt>
   <trkpt lat="51.1423610" lon="-0.5515240">
    <ele>131.2</ele>
    <time>2020-04-19T09:29:36Z</time>
   </trkpt>
   <trkpt lat="51.1423600" lon="-0.5515240">
    <ele>131.2</ele>
    <time>2020-04-19T09:29:37Z</time>
   </trkpt>
   <trkpt lat="51.1423600" lon="-0.5515230">
    <ele>131.2</ele>
    <time>2020-04-19T09:29:39Z</time>
   </trkpt>
   <trkpt lat="51.1423600" lon="-0.5515240">
    <ele>131.2</ele>
    <time>2020-04-19T09:29:41Z</time>
   </trkpt>
   <trkpt lat="51.1423610" lon="-0.5515230">
    <ele>131.3</ele>
    <time>2020-04-19T09:29:42Z</time>
   </trkpt>
   <trkpt lat="51.1423640" lon="-0.5515230">
    <ele>131.3</ele>
    <time>2020-04-19T09:29:43Z</time>
   </trkpt>
   <trkpt lat="51.1423620" lon="-0.5515170">
    <ele>131.3</ele>
    <time>2020-04-19T09:29:45Z</time>
   </trkpt>
   <trkpt lat="51.1423590" lon="-0.5515150">
    <ele>131.4</ele>
    <time>2020-04-19T09:29:47Z</time>
   </trkpt>
   <trkpt lat="51.1423590" lon="-0.5515140">
    <ele>131.4</ele>
    <time>2020-04-19T09:29:48Z</time>
   </trkpt>
   <trkpt lat="51.1423620" lon="-0.5515150">
    <ele>131.4</ele>
    <time>2020-04-19T09:29:50Z</time>
   </trkpt>
   <trkpt lat="51.1423620" lon="-0.5515150">
    <ele>131.4</ele>
    <time>2020-04-19T09:29:51Z</time>
   </trkpt>
   <trkpt lat="51.1423630" lon="-0.5515150">
    <ele>131.4</ele>
    <time>2020-04-19T09:29:52Z</time>
   </trkpt>
   <trkpt lat="51.1423620" lon="-0.5515140">
    <ele>131.4</ele>
    <time>2020-04-19T09:29:53Z</time>
   </trkpt>
   <trkpt lat="51.1423590" lon="-0.5515170">
    <ele>131.5</ele>
    <time>2020-04-19T09:29:55Z</time>
   </trkpt>
   <trkpt lat="51.1423540" lon="-0.5515210">
    <ele>131.5</ele>
    <time>2020-04-19T09:29:57Z</time>
   </trkpt>
   <trkpt lat="51.1423490" lon="-0.5515130">
    <ele>131.6</ele>
    <time>2020-04-19T09:29:59Z</time>
   </trkpt>
   <trkpt lat="51.1423580" lon="-0.5515240">
    <ele>131.7</ele>
    <time>2020-04-19T09:30:01Z</time>
   </trkpt>
   <trkpt lat="51.1423680" lon="-0.5515290">
    <ele>131.8</ele>
    <time>2020-04-19T09:30:03Z</time>
   </trkpt>
   <trkpt lat="51.1423820" lon="-0.5515240">
    <ele>132.0</ele>
    <time>2020-04-19T09:30:05Z</time>
   </trkpt>
   <trkpt lat="51.1423910" lon="-0.5515210">
    <ele>132.1</ele>
    <time>2020-04-19T09:30:06Z</time>
   </trkpt>
   <trkpt lat="51.1424020" lon="-0.5515220">
    <ele>132.2</ele>
    <time>2020-04-19T09:30:08Z</time>
   </trkpt>
   <trkpt lat="51.1424060" lon="-0.5515170">
    <ele>132.2</ele>
    <time>2020-04-19T09:30:09Z</time>
   </trkpt>
   <trkpt lat="51.1424150" lon="-0.5515130">
    <ele>132.3</ele>
    <time>2020-04-19T09:30:11Z</time>
   </trkpt>
   <trkpt lat="51.1424160" lon="-0.5515220">
    <ele>132.4</ele>
    <time>2020-04-19T09:30:12Z</time>
   </trkpt>
   <trkpt lat="51.1424110" lon="-0.5515390">
    <ele>132.5</ele>
    <time>2020-04-19T09:30:14Z</time>
   </trkpt>
   <trkpt lat="51.1424090" lon="-0.5515430">
    <ele>132.6</ele>
    <time>2020-04-19T09:30:15Z</time>
   </trkpt>
   <trkpt lat="51.1424180" lon="-0.5515390">
    <ele>132.7</ele>
    <time>2020-04-19T09:30:17Z</time>
   </trkpt>
   <trkpt lat="51.1424220" lon="-0.5515390">
    <ele>132.7</ele>
    <time>2020-04-19T09:30:18Z</time>
   </trkpt>
   <trkpt lat="51.1424250" lon="-0.5515450">
    <ele>132.7</ele>
    <time>2020-04-19T09:30:19Z</time>
   </trkpt>
   <trkpt lat="51.1424310" lon="-0.5515360">
    <ele>132.8</ele>
    <time>2020-04-19T09:30:21Z</time>
   </trkpt>
   <trkpt lat="51.1424540" lon="-0.5515150">
    <ele>133.1</ele>
    <time>2020-04-19T09:30:23Z</time>
   </trkpt>
   <trkpt lat="51.1424660" lon="-0.5515080">
    <ele>133.3</ele>
    <time>2020-04-19T09:30:24Z</time>
   </trkpt>
   <trkpt lat="51.1424760" lon="-0.5514990">
    <ele>133.4</ele>
    <time>2020-04-19T09:30:25Z</time>
   </trkpt>
   <trkpt lat="51.1424860" lon="-0.5514900">
    <ele>133.5</ele>
    <time>2020-04-19T09:30:27Z</time>
   </trkpt>
   <trkpt lat="51.1424960" lon="-0.5514810">
    <ele>133.6</ele>
    <time>2020-04-19T09:30:28Z</time>
   </trkpt>
   <trkpt lat="51.1425000" lon="-0.5514720">
    <ele>133.7</ele>
    <time>2020-04-19T09:30:29Z</time>
   </trkpt>
   <trkpt lat="51.1425070" lon="-0.5514430">
    <ele>133.9</ele>
    <time>2020-04-19T09:30:31Z</time>
   </trkpt>
   <trkpt lat="51.1425280" lon="-0.5514050">
    <ele>134.3</ele>
    <time>2020-04-19T09:30:33Z</time>
   </trkpt>
   <trkpt lat="51.1425360" lon="-0.5514000">
    <ele>134.4</ele>
    <time>2020-04-19T09:30:34Z</time>
   </trkpt>
   <trkpt lat="51.1425520" lon="-0.5513880">
    <ele>134.6</ele>
    <time>2020-04-19T09:30:36Z</time>
   </trkpt>
   <trkpt lat="51.1425890" lon="-0.5513740">
    <ele>135.0</ele>
    <time>2020-04-19T09:30:38Z</time>
   </trkpt>
   <trkpt lat="51.1425950" lon="-0.5513800">
    <ele>135.1</ele>
    <time>2020-04-19T09:30:39Z</time>
   </trkpt>
   <trkpt lat="51.1426020" lon="-0.5513870">
    <ele>135.2</ele>
    <time>2020-04-19T09:30:40Z</time>
   </trkpt>
   <trkpt lat="51.1426110" lon="-0.5513980">
    <ele>135.3</ele>
    <time>2020-04-19T09:30:42Z</time>
   </trkpt>
   <trkpt lat="51.1426100" lon="-0.5514010">
    <ele>135.3</ele>
    <time>2020-04-19T09:30:43Z</time>
   </trkpt>
   <trkpt lat="51.1426050" lon="-0.5513970">
    <ele>135.4</ele>
    <time>2020-04-19T09:30:45Z</time>
   </trkpt>
   <trkpt lat="51.1426000" lon="-0.5513910">
    <ele>135.5</ele>
    <time>2020-04-19T09:30:47Z</time>
   </trkpt>
   <trkpt lat="51.1426010" lon="-0.5513890">
    <ele>135.5</ele>
    <time>2020-04-19T09:30:48Z</time>
   </trkpt>
   <trkpt lat="51.1426060" lon="-0.5513890">
    <ele>135.5</ele>
    <time>2020-04-19T09:30:49Z</time>
   </trkpt>
   <trkpt lat="51.1426110" lon="-0.5513900">
    <ele>135.6</ele>
    <time>2020-04-19T09:30:51Z</time>
   </trkpt>
   <trkpt lat="51.1426080" lon="-0.5513890">
    <ele>135.6</ele>
    <time>2020-04-19T09:30:53Z</time>
   </trkpt>
   <trkpt lat="51.1426080" lon="-0.5513820">
    <ele>135.7</ele>
    <time>2020-04-19T09:30:55Z</time>
   </trkpt>
   <trkpt lat="51.1426110" lon="-0.5513870">
    <ele>135.7</ele>
    <time>2020-04-19T09:30:57Z</time>
   </trkpt>
   <trkpt lat="51.1426110" lon="-0.5513880">
    <ele>135.7</ele>
    <time>2020-04-19T09:30:58Z</time>
   </trkpt>
   <trkpt lat="51.1426100" lon="-0.5513900">
    <ele>135.8</ele>
    <time>2020-04-19T09:30:59Z</time>
   </trkpt>
   <trkpt lat="51.1426110" lon="-0.5513920">
    <ele>135.8</ele>
    <time>2020-04-19T09:31:01Z</time>
   </trkpt>
   <trkpt lat="51.1426110" lon="-0.5513930">
    <ele>135.8</ele>
    <time>2020-04-19T09:31:03Z</time>
   </trkpt>
   <trkpt lat="51.1426110" lon="-0.5513930">
    <ele>135.8</ele>
    <time>2020-04-19T09:31:04Z</time>
   </trkpt>
   <trkpt lat="51.1426120" lon="-0.5513930">
    <ele>135.8</ele>
    <time>2020-04-19T09:31:05Z</time>
   </trkpt>
   <trkpt lat="51.1426140" lon="-0.5513930">
    <ele>135.8</ele>
    <time>2020-04-19T09:31:07Z</time>
   </trkpt>
   <trkpt lat="51.1426210" lon="-0.5513970">
    <ele>135.9</ele>
    <time>2020-04-19T09:31:09Z</time>
   </trkpt>
   <trkpt lat="51.1426220" lon="-0.5513960">
    <ele>135.9</ele>
    <time>2020-04-19T09:31:11Z</time>
   </trkpt>
   <trkpt lat="51.1426280" lon="-0.5514000">
    <ele>136.0</ele>
    <time>2020-04-19T09:31:13Z</time>
   </trkpt>
   <trkpt lat="51.1426350" lon="-0.5514030">
    <ele>136.1</ele>
    <time>2020-04-19T09:31:14Z</time>
   </trkpt>
   <trkpt lat="51.1426390" lon="-0.5514020">
    <ele>136.1</ele>
    <time>2020-04-19T09:31:15Z</time>
   </trkpt>
   <trkpt lat="51.1426420" lon="-0.5513970">
    <ele>136.2</ele>
    <time>2020-04-19T09:31:16Z</time>
   </trkpt>
   <trkpt lat="51.1426380" lon="-0.5513870">
    <ele>136.3</ele>
    <time>2020-04-19T09:31:18Z</time>
   </trkpt>
   <trkpt lat="51.1426310" lon="-0.5513780">
    <ele>136.4</ele>
    <time>2020-04-19T09:31:19Z</time>
   </trkpt>
   <trkpt lat="51.1426290" lon="-0.5513780">
    <ele>136.4</ele>
    <time>2020-04-19T09:31:20Z</time>
   </trkpt>
   <trkpt lat="51.1426320" lon="-0.5513790">
    <ele>136.4</ele>
    <time>2020-04-19T09:31:22Z</time>
   </trkpt>
   <trkpt lat="51.1426330" lon="-0.5513780">
    <ele>136.4</ele>
    <time>2020-04-19T09:31:23Z</time>
   </trkpt>
   <trkpt lat="51.1426330" lon="-0.5513760">
    <ele>136.4</ele>
    <time>2020-04-19T09:31:25Z</time>
   </trkpt>
   <trkpt lat="51.1426300" lon="-0.5513650">
    <ele>136.5</ele>
    <time>2020-04-19T09:31:27Z</time>
   </trkpt>
   <trkpt lat="51.1426110" lon="-0.5513430">
    <ele>136.8</ele>
    <time>2020-04-19T09:31:29Z</time>
   </trkpt>
   <trkpt lat="51.1426050" lon="-0.5513380">
    <ele>136.9</ele>
    <time>2020-04-19T09:31:30Z</time>
   </trkpt>
   <trkpt lat="51.1426000" lon="-0.5513320">
    <ele>136.9</ele>
    <time>2020-04-19T09:31:31Z</time>
   </trkpt>
   <trkpt lat="51.1425820" lon="-0.5513220">
    <ele>137.2</ele>
    <time>2020-04-19T09:31:33Z</time>
   </trkpt>
   <trkpt lat="51.1425770" lon="-0.5513150">
    <ele>137.2</ele>
    <time>2020-04-19T09:31:34Z</time>
   </trkpt>
   <trkpt lat="51.1425630" lon="-0.5513220">
    <ele>137.4</ele>
    <time>2020-04-19T09:31:36Z</time>
   </trkpt>
   <trkpt lat="51.1425490" lon="-0.5513320">
    <ele>137.6</ele>
    <time>2020-04-19T09:31:38Z</time>
   </trkpt>
   <trkpt lat="51.1425330" lon="-0.5513360">
    <ele>137.8</ele>
    <time>2020-04-19T09:31:39Z</time>
   </trkpt>
   <trkpt lat="51.1425110" lon="-0.5513260">
    <ele>136.8</ele>
    <time>2020-04-19T09:31:41Z</time>
   </trkpt>
   <trkpt lat="51.1424930" lon="-0.5513170">
    <ele>136.5</ele>
    <time>2020-04-19T09:31:43Z</time>
   </trkpt>
   <trkpt lat="51.1424840" lon="-0.5513100">
    <ele>136.6</ele>
    <time>2020-04-19T09:31:44Z</time>
   </trkpt>
   <trkpt lat="51.1424850" lon="-0.5513160">
    <ele>136.6</ele>
    <time>2020-04-19T09:31:46Z</time>
   </trkpt>
   <trkpt lat="51.1424890" lon="-0.5513370">
    <ele>137.3</ele>
    <time>2020-04-19T09:31:48Z</time>
   </trkpt>
   <trkpt lat="51.1424890" lon="-0.5513650">
    <ele>137.4</ele>
    <time>2020-04-19T09:31:49Z</time>
   </trkpt>
   <trkpt lat="51.1424810" lon="-0.5513900">
    <ele>138.1</ele>
    <time>2020-04-19T09:31:51Z</time>
   </trkpt>
   <trkpt lat="51.1424760" lon="-0.5513890">
    <ele>138.2</ele>
    <time>2020-04-19T09:31:53Z</time>
   </trkpt>
   <trkpt lat="51.1424750" lon="-0.5513840">
    <ele>138.2</ele>
    <time>2020-04-19T09:31:54Z</time>
   </trkpt>
   <trkpt lat="51.1424740" lon="-0.5513860">
    <ele>138.2</ele>
    <time>2020-04-19T09:31:56Z</time>
   </trkpt>
   <trkpt lat="51.1424740" lon="-0.5513880">
    <ele>138.2</ele>
    <time>2020-04-19T09:31:57Z</time>
   </trkpt>
   <trkpt lat="51.1424710" lon="-0.5514010">
    <ele>138.0</ele>
    <time>2020-04-19T09:31:59Z</time>
   </trkpt>
   <trkpt lat="51.1424700" lon="-0.5514220">
    <ele>138.8</ele>
    <time>2020-04-19T09:32:01Z</time>
   </trkpt>
   <trkpt lat="51.1424680" lon="-0.5514330">
    <ele>138.8</ele>
    <time>2020-04-19T09:32:03Z</time>
   </trkpt>
   <trkpt lat="51.1424700" lon="-0.5514330">
    <ele>138.8</ele>
    <time>2020-04-19T09:32:04Z</time>
   </trkpt>
   <trkpt lat="51.1424740" lon="-0.5514340">
    <ele>139.1</ele>
    <time>2020-04-19T09:32:06Z</time>
   </trkpt>
   <trkpt lat="51.1424780" lon="-0.5514400">
    <ele>139.2</ele>
    <time>2020-04-19T09:32:08Z</time>
   </trkpt>
   <trkpt lat="51.1424790" lon="-0.5514540">
    <ele>139.2</ele>
    <time>2020-04-19T09:32:09Z</time>
   </trkpt>
   <trkpt lat="51.1424790" lon="-0.5514650">
    <ele>140.0</ele>
    <time>2020-04-19T09:32:10Z</time>
   </trkpt>
   <trkpt lat="51.1424740" lon="-0.5514750">
    <ele>140.0</ele>
    <time>2020-04-19T09:32:12Z</time>
   </trkpt>
   <trkpt lat="51.1424760" lon="-0.5514490">
    <ele>139.3</ele>
    <time>2020-04-19T09:32:14Z</time>
   </trkpt>
   <trkpt lat="51.1424680" lon="-0.5514460">
    <ele>139.1</ele>
    <time>2020-04-19T09:32:16Z</time>
   </trkpt>
   <trkpt lat="51.1424630" lon="-0.5514550">
    <ele>139.1</ele>
    <time>2020-04-19T09:32:17Z</time>
   </trkpt>
   <trkpt lat="51.1424550" lon="-0.5514750">
    <ele>139.9</ele>
    <time>2020-04-19T09:32:19Z</time>
   </trkpt>
   <trkpt lat="51.1424520" lon="-0.5514730">
    <ele>140.0</ele>
    <time>2020-04-19T09:32:20Z</time>
   </trkpt>
   <trkpt lat="51.1424370" lon="-0.5514850">
    <ele>139.7</ele>
    <time>2020-04-19T09:32:22Z</time>
   </trkpt>
   <trkpt lat="51.1424130" lon="-0.5515240">
    <ele>140.3</ele>
    <time>2020-04-19T09:32:24Z</time>
   </trkpt>
   <trkpt lat="51.1424010" lon="-0.5515500">
    <ele>141.1</ele>
    <time>2020-04-19T09:32:26Z</time>
   </trkpt>
   <trkpt lat="51.1423840" lon="-0.5515720">
    <ele>140.9</ele>
    <time>2020-04-19T09:32:28Z</time>
   </trkpt>
   <trkpt lat="51.1423690" lon="-0.5515920">
    <ele>141.7</ele>
    <time>2020-04-19T09:32:29Z</time>
   </trkpt>
   <trkpt lat="51.1423670" lon="-0.5515970">
    <ele>141.8</ele>
    <time>2020-04-19T09:32:30Z</time>
   </trkpt>
   <trkpt lat="51.1423630" lon="-0.5516050">
    <ele>141.5</ele>
    <time>2020-04-19T09:32:31Z</time>
   </trkpt>
   <trkpt lat="51.1423580" lon="-0.5516100">
    <ele>141.6</ele>
    <time>2020-04-19T09:32:32Z</time>
   </trkpt>
   <trkpt lat="51.1423370" lon="-0.5516200">
    <ele>141.6</ele>
    <time>2020-04-19T09:32:34Z</time>
   </trkpt>
   <trkpt lat="51.1423270" lon="-0.5516230">
    <ele>141.4</ele>
    <time>2020-04-19T09:32:35Z</time>
   </trkpt>
   <trkpt lat="51.1423070" lon="-0.5516380">
    <ele>142.0</ele>
    <time>2020-04-19T09:32:37Z</time>
   </trkpt>
   <trkpt lat="51.1422870" lon="-0.5516750">
    <ele>142.0</ele>
    <time>2020-04-19T09:32:39Z</time>
   </trkpt>
   <trkpt lat="51.1422790" lon="-0.5516940">
    <ele>142.6</ele>
    <time>2020-04-19T09:32:41Z</time>
   </trkpt>
   <trkpt lat="51.1422590" lon="-0.5517070">
    <ele>142.6</ele>
    <time>2020-04-19T09:32:43Z</time>
   </trkpt>
   <trkpt lat="51.1422390" lon="-0.5517170">
    <ele>142.4</ele>
    <time>2020-04-19T09:32:44Z</time>
   </trkpt>
   <trkpt lat="51.1422290" lon="-0.5517200">
    <ele>143.2</ele>
    <time>2020-04-19T09:32:45Z</time>
   </trkpt>
   <trkpt lat="51.1422180" lon="-0.5517200">
    <ele>142.9</ele>
    <time>2020-04-19T09:32:46Z</time>
   </trkpt>
   <trkpt lat="51.1422030" lon="-0.5517280">
    <ele>143.0</ele>
    <time>2020-04-19T09:32:48Z</time>
   </trkpt>
   <trkpt lat="51.1422070" lon="-0.5517490">
    <ele>143.1</ele>
    <time>2020-04-19T09:32:49Z</time>
   </trkpt>
   <trkpt lat="51.1422040" lon="-0.5517780">
    <ele>144.0</ele>
    <time>2020-04-19T09:32:51Z</time>
   </trkpt>
   <trkpt lat="51.1422000" lon="-0.5518000">
    <ele>143.7</ele>
    <time>2020-04-19T09:32:52Z</time>
   </trkpt>
   <trkpt lat="51.1421790" lon="-0.5518550">
    <ele>145.3</ele>
    <time>2020-04-19T09:32:54Z</time>
   </trkpt>
   <trkpt lat="51.1421690" lon="-0.5518750">
    <ele>145.0</ele>
    <time>2020-04-19T09:32:55Z</time>
   </trkpt>
   <trkpt lat="51.1421470" lon="-0.5519070">
    <ele>145.6</ele>
    <time>2020-04-19T09:32:57Z</time>
   </trkpt>
   <trkpt lat="51.1421130" lon="-0.5519530">
    <ele>146.1</ele>
    <time>2020-04-19T09:32:59Z</time>
   </trkpt>
   <trkpt lat="51.1420880" lon="-0.5520040">
    <ele>146.6</ele>
    <time>2020-04-19T09:33:01Z</time>
   </trkpt>
   <trkpt lat="51.1420820" lon="-0.5520250">
    <ele>147.4</ele>
    <time>2020-04-19T09:33:03Z</time>
   </trkpt>
   <trkpt lat="51.1420770" lon="-0.5520460">
    <ele>147.5</ele>
    <time>2020-04-19T09:33:04Z</time>
   </trkpt>
   <trkpt lat="51.1420690" lon="-0.5520770">
    <ele>148.4</ele>
    <time>2020-04-19T09:33:06Z</time>
   </trkpt>
   <trkpt lat="51.1420650" lon="-0.5520950">
    <ele>148.1</ele>
    <time>2020-04-19T09:33:07Z</time>
   </trkpt>
   <trkpt lat="51.1420510" lon="-0.5521340">
    <ele>148.9</ele>
    <time>2020-04-19T09:33:09Z</time>
   </trkpt>
   <trkpt lat="51.1420440" lon="-0.5521420">
    <ele>149.0</ele>
    <time>2020-04-19T09:33:10Z</time>
   </trkpt>
   <trkpt lat="51.1420350" lon="-0.5521550">
    <ele>149.5</ele>
    <time>2020-04-19T09:33:11Z</time>
   </trkpt>
   <trkpt lat="51.1420250" lon="-0.5521680">
    <ele>149.6</ele>
    <time>2020-04-19T09:33:12Z</time>
   </trkpt>
   <trkpt lat="51.1420010" lon="-0.5521980">
    <ele>150.0</ele>
    <time>2020-04-19T09:33:14Z</time>
   </trkpt>
   <trkpt lat="51.1419800" lon="-0.5522160">
    <ele>149.6</ele>
    <time>2020-04-19T09:33:16Z</time>
   </trkpt>
   <trkpt lat="51.1419730" lon="-0.5522230">
    <ele>149.7</ele>
    <time>2020-04-19T09:33:17Z</time>
   </trkpt>
   <trkpt lat="51.1419530" lon="-0.5522540">
    <ele>150.1</ele>
    <time>2020-04-19T09:33:19Z</time>
   </trkpt>
   <trkpt lat="51.1419400" lon="-0.5522710">
    <ele>150.2</ele>
    <time>2020-04-19T09:33:21Z</time>
   </trkpt>
   <trkpt lat="51.1419310" lon="-0.5522730">
    <ele>149.8</ele>
    <time>2020-04-19T09:33:22Z</time>
   </trkpt>
   <trkpt lat="51.1419160" lon="-0.5522680">
    <ele>149.9</ele>
    <time>2020-04-19T09:33:24Z</time>
   </trkpt>
   <trkpt lat="51.1419120" lon="-0.5522690">
    <ele>149.9</ele>
    <time>2020-04-19T09:33:26Z</time>
   </trkpt>
   <trkpt lat="51.1419110" lon="-0.5522690">
    <ele>150.0</ele>
    <time>2020-04-19T09:33:27Z</time>
   </trkpt>
   <trkpt lat="51.1419090" lon="-0.5522690">
    <ele>150.0</ele>
    <time>2020-04-19T09:33:29Z</time>
   </trkpt>
   <trkpt lat="51.1419100" lon="-0.5522690">
    <ele>150.1</ele>
    <time>2020-04-19T09:33:31Z</time>
   </trkpt>
   <trkpt lat="51.1419110" lon="-0.5522690">
    <ele>150.1</ele>
    <time>2020-04-19T09:33:33Z</time>
   </trkpt>
   <trkpt lat="51.1419140" lon="-0.5522690">
    <ele>150.2</ele>
    <time>2020-04-19T09:33:34Z</time>
   </trkpt>
   <trkpt lat="51.1419160" lon="-0.5522690">
    <ele>150.2</ele>
    <time>2020-04-19T09:33:35Z</time>
   </trkpt>
   <trkpt lat="51.1419160" lon="-0.5522690">
    <ele>150.3</ele>
    <time>2020-04-19T09:33:37Z</time>
   </trkpt>
   <trkpt lat="51.1419160" lon="-0.5522690">
    <ele>150.3</ele>
    <time>2020-04-19T09:33:39Z</time>
   </trkpt>
   <trkpt lat="51.1419160" lon="-0.5522790">
    <ele>151.2</ele>
    <time>2020-04-19T09:33:40Z</time>
   </trkpt>
   <trkpt lat="51.1419140" lon="-0.5522810">
    <ele>151.2</ele>
    <time>2020-04-19T09:33:42Z</time>
   </trkpt>
   <trkpt lat="51.1419110" lon="-0.5522790">
    <ele>151.3</ele>
    <time>2020-04-19T09:33:44Z</time>
   </trkpt>
   <trkpt lat="51.1419100" lon="-0.5522790">
    <ele>151.3</ele>
    <time>2020-04-19T09:33:46Z</time>
   </trkpt>
   <trkpt lat="51.1419120" lon="-0.5522760">
    <ele>150.6</ele>
    <time>2020-04-19T09:33:48Z</time>
   </trkpt>
   <trkpt lat="51.1419130" lon="-0.5522750">
    <ele>150.7</ele>
    <time>2020-04-19T09:33:49Z</time>
   </trkpt>
   <trkpt lat="51.1419120" lon="-0.5522750">
    <ele>150.7</ele>
    <time>2020-04-19T09:33:51Z</time>
   </trkpt>
   <trkpt lat="51.1419120" lon="-0.5522750">
    <ele>150.8</ele>
    <time>2020-04-19T09:33:52Z</time>
   </trkpt>
   <trkpt lat="51.1419120" lon="-0.5522750">
    <ele>150.8</ele>
    <time>2020-04-19T09:33:53Z</time>
   </trkpt>
   <trkpt lat="51.1419120" lon="-0.5522750">
    <ele>150.9</ele>
    <time>2020-04-19T09:33:54Z</time>
   </trkpt>
   <trkpt lat="51.1419120" lon="-0.5522750">
    <ele>150.9</ele>
    <time>2020-04-19T09:33:56Z</time>
   </trkpt>
   <trkpt lat="51.1419120" lon="-0.5522750">
    <ele>151.0</ele>
    <time>2020-04-19T09:33:57Z</time>
   </trkpt>
   <trkpt lat="51.1419120" lon="-0.5522750">
    <ele>151.0</ele>
    <time>2020-04-19T09:33:59Z</time>
   </trkpt>
   <trkpt lat="51.1419120" lon="-0.5522750">
    <ele>151.1</ele>
    <time>2020-04-19T09:34:00Z</time>
   </trkpt>
   <trkpt lat="51.1419120" lon="-0.5522750">
    <ele>151.1</ele>
    <time>2020-04-19T09:34:02Z</time>
   </trkpt>
   <trkpt lat="51.1419120" lon="-0.5522750">
    <ele>151.2</ele>
    <time>2020-04-19T09:34:03Z</time>
   </trkpt>
   <trkpt lat="51.1419120" lon="-0.5522750">
    <ele>151.2</ele>
    <time>2020-04-19T09:34:05Z</time>
   </trkpt>
   <trkpt lat="51.1419120" lon="-0.5522750">
    <ele>151.3</ele>
    <time>2020-04-19T09:34:07Z</time>
   </trkpt>
   <trkpt lat="51.1419120" lon="-0.5522750">
    <ele>151.3</ele>
    <time>2020-04-19T09:34:09Z</time>
   </trkpt>
   <trkpt lat="51.1419120" lon="-0.5522750">
    <ele>151.4</ele>
    <time>2020-04-19T09:34:10Z</time>
   </trkpt>
   <trkpt lat="51.1419120" lon="-0.5522750">
    <ele>151.4</ele>
    <time>2020-04-19T09:34:11Z</time>
   </trkpt>
   <trkpt lat="51.1419110" lon="-0.5522820">
    <ele>152.3</ele>
    <time>2020-04-19T09:34:13Z</time>
   </trkpt>
   <trkpt lat="51.1419090" lon="-0.5522840">
    <ele>152.3</ele>
    <time>2020-04-19T09:34:14Z</time>
   </trkpt>
   <trkpt lat="51.1419080" lon="-0.5522830">
    <ele>152.4</ele>
    <time>2020-04-19T09:34:15Z</time>
   </trkpt>
   <trkpt lat="51.1419000" lon="-0.5522890">
    <ele>152.0</ele>
    <time>2020-04-19T09:34:17Z</time>
   </trkpt>
   <trkpt lat="51.1418890" lon="-0.5522990">
    <ele>152.1</ele>
    <time>2020-04-19T09:34:19Z</time>
   </trkpt>
   <trkpt lat="51.1418910" lon="-0.5522890">
    <ele>152.1</ele>
    <time>2020-04-19T09:34:20Z</time>
   </trkpt>
   <trkpt lat="51.1418850" lon="-0.5522580">
    <ele>151.4</ele>
    <time>2020-04-19T09:34:22Z</time>
   </trkpt>
   <trkpt lat="51.1418600" lon="-0.5522600">
    <ele>151.0</ele>
    <time>2020-04-19T09:34:24Z</time>
   </trkpt>
   <trkpt lat="51.1418510" lon="-0.5522680">
    <ele>150.7</ele>
    <time>2020-04-19T09:34:25Z</time>
   </trkpt>
   <trkpt lat="51.1418420" lon="-0.5522710">
    <ele>150.7</ele>
    <time>2020-04-19T09:34:26Z</time>
   </trkpt>
   <trkpt lat="51.1418210" lon="-0.5522920">
    <ele>151.1</ele>
    <time>2020-04-19T09:34:28Z</time>
   </trkpt>
   <trkpt lat="51.1418240" lon="-0.5523470">
    <ele>152.0</ele>
    <time>2020-04-19T09:34:30Z</time>
   </trkpt>
   <trkpt lat="51.1418240" lon="-0.5523600">
    <ele>152.0</ele>
    <time>2020-04-19T09:34:31Z</time>
   </trkpt>
   <trkpt lat="51.1418200" lon="-0.5523740">
    <ele>152.9</ele>
    <time>2020-04-19T09:34:32Z</time>
   </trkpt>
   <trkpt lat="51.1418080" lon="-0.5523890">
    <ele>152.9</ele>
    <time>2020-04-19T09:34:33Z</time>
   </trkpt>
   <trkpt lat="51.1417830" lon="-0.5523910">
    <ele>152.6</ele>
    <time>2020-04-19T09:34:35Z</time>
   </trkpt>
   <trkpt lat="51.1417810" lon="-0.5523940">
    <ele>152.6</ele>
    <time>2020-04-19T09:34:36Z</time>
   </trkpt>
   <trkpt lat="51.1417650" lon="-0.5523950">
    <ele>152.3</ele>
    <time>2020-04-19T09:34:37Z</time>
   </trkpt>
   <trkpt lat="51.1417530" lon="-0.5523940">
    <ele>152.4</ele>
    <time>2020-04-19T09:34:39Z</time>
   </trkpt>
   <trkpt lat="51.1417420" lon="-0.5523940">
    <ele>152.0</ele>
    <time>2020-04-19T09:34:40Z</time>
   </trkpt>
   <trkpt lat="51.1417360" lon="-0.5523950">
    <ele>152.1</ele>
    <time>2020-04-19T09:34:41Z</time>
   </trkpt>
   <trkpt lat="51.1417290" lon="-0.5524020">
    <ele>152.1</ele>
    <time>2020-04-19T09:34:43Z</time>
   </trkpt>
   <trkpt lat="51.1417150" lon="-0.5524100">
    <ele>152.6</ele>
    <time>2020-04-19T09:34:45Z</time>
   </trkpt>
   <trkpt lat="51.1417000" lon="-0.5524170">
    <ele>152.6</ele>
    <time>2020-04-19T09:34:47Z</time>
   </trkpt>
   <trkpt lat="51.1416890" lon="-0.5524280">
    <ele>152.3</ele>
    <time>2020-04-19T09:34:49Z</time>
   </trkpt>
   <trkpt lat="51.1416840" lon="-0.5524350">
    <ele>152.4</ele>
    <time>2020-04-19T09:34:50Z</time>
   </trkpt>
   <trkpt lat="51.1416810" lon="-0.5524420">
    <ele>152.4</ele>
    <time>2020-04-19T09:34:51Z</time>
   </trkpt>
   <trkpt lat="51.1416720" lon="-0.5524630">
    <ele>153.2</ele>
    <time>2020-04-19T09:34:53Z</time>
   </trkpt>
   <trkpt lat="51.1416640" lon="-0.5524780">
    <ele>153.3</ele>
    <time>2020-04-19T09:34:54Z</time>
   </trkpt>
   <trkpt lat="51.1416440" lon="-0.5525060">
    <ele>153.7</ele>
    <time>2020-04-19T09:34:56Z</time>
   </trkpt>
   <trkpt lat="51.1416360" lon="-0.5525140">
    <ele>153.4</ele>
    <time>2020-04-19T09:34:57Z</time>
   </trkpt>
   <trkpt lat="51.1416260" lon="-0.5525190">
    <ele>153.4</ele>
    <time>2020-04-19T09:34:58Z</time>
   </trkpt>
   <trkpt lat="51.1415940" lon="-0.5525250">
    <ele>153.1</ele>
    <time>2020-04-19T09:35:00Z</time>
   </trkpt>
   <trkpt lat="51.1415860" lon="-0.5525250">
    <ele>153.1</ele>
    <time>2020-04-19T09:35:01Z</time>
   </trkpt>
   <trkpt lat="51.1415770" lon="-0.5525270">
    <ele>152.8</ele>
    <time>2020-04-19T09:35:02Z</time>
   </trkpt>
   <trkpt lat="51.1415670" lon="-0.5525360">
    <ele>153.5</ele>
    <time>2020-04-19T09:35:03Z</time>
   </trkpt>
   <trkpt lat="51.1415410" lon="-0.5525770">
    <ele>153.2</ele>
    <time>2020-04-19T09:35:05Z</time>
   </trkpt>
   <trkpt lat="51.1415340" lon="-0.5525860">
    <ele>153.9</ele>
    <time>2020-04-19T09:35:06Z</time>
   </trkpt>
   <trkpt lat="51.1415190" lon="-0.5526140">
    <ele>153.5</ele>
    <time>2020-04-19T09:35:08Z</time>
   </trkpt>
   <trkpt lat="51.1415100" lon="-0.5526260">
    <ele>154.2</ele>
    <time>2020-04-19T09:35:09Z</time>
   </trkpt>
   <trkpt lat="51.1414940" lon="-0.5526410">
    <ele>153.8</ele>
    <time>2020-04-19T09:35:10Z</time>
   </trkpt>
   <trkpt lat="51.1414850" lon="-0.5526460">
    <ele>153.8</ele>
    <time>2020-04-19T09:35:11Z</time>
   </trkpt>
   <trkpt lat="51.1414720" lon="-0.5526520">
    <ele>153.4</ele>
    <time>2020-04-19T09:35:12Z</time>
   </trkpt>
   <trkpt lat="51.1414510" lon="-0.5526700">
    <ele>154.1</ele>
    <time>2020-04-19T09:35:14Z</time>
   </trkpt>
   <trkpt lat="51.1414320" lon="-0.5527000">
    <ele>153.6</ele>
    <time>2020-04-19T09:35:16Z</time>
   </trkpt>
   <trkpt lat="51.1414160" lon="-0.5527340">
    <ele>153.8</ele>
    <time>2020-04-19T09:35:18Z</time>
   </trkpt>
   <trkpt lat="51.1413950" lon="-0.5527720">
    <ele>154.5</ele>
    <time>2020-04-19T09:35:20Z</time>
   </trkpt>
   <trkpt lat="51.1413890" lon="-0.5527870">
    <ele>154.0</ele>
    <time>2020-04-19T09:35:21Z</time>
   </trkpt>
   <trkpt lat="51.1413820" lon="-0.5527990">
    <ele>154.7</ele>
    <time>2020-04-19T09:35:22Z</time>
   </trkpt>
   <trkpt lat="51.1413760" lon="-0.5528140">
    <ele>154.7</ele>
    <time>2020-04-19T09:35:23Z</time>
   </trkpt>
   <trkpt lat="51.1413620" lon="-0.5528520">
    <ele>154.8</ele>
    <time>2020-04-19T09:35:25Z</time>
   </trkpt>
   <trkpt lat="51.1413570" lon="-0.5528610">
    <ele>154.9</ele>
    <time>2020-04-19T09:35:26Z</time>
   </trkpt>
   <trkpt lat="51.1413450" lon="-0.5528780">
    <ele>154.9</ele>
    <time>2020-04-19T09:35:28Z</time>
   </trkpt>
   <trkpt lat="51.1413310" lon="-0.5529040">
    <ele>155.1</ele>
    <time>2020-04-19T09:35:30Z</time>
   </trkpt>
   <trkpt lat="51.1413150" lon="-0.5529220">
    <ele>155.7</ele>
    <time>2020-04-19T09:35:31Z</time>
   </trkpt>
   <trkpt lat="51.1413040" lon="-0.5529560">
    <ele>155.2</ele>
    <time>2020-04-19T09:35:33Z</time>
   </trkpt>
   <trkpt lat="51.1412980" lon="-0.5529720">
    <ele>155.9</ele>
    <time>2020-04-19T09:35:34Z</time>
   </trkpt>
   <trkpt lat="51.1412860" lon="-0.5530120">
    <ele>156.0</ele>
    <time>2020-04-19T09:35:36Z</time>
   </trkpt>
   <trkpt lat="51.1412850" lon="-0.5530410">
    <ele>156.1</ele>
    <time>2020-04-19T09:35:38Z</time>
   </trkpt>
   <trkpt lat="51.1412790" lon="-0.5530730">
    <ele>156.7</ele>
    <time>2020-04-19T09:35:40Z</time>
   </trkpt>
   <trkpt lat="51.1412690" lon="-0.5531130">
    <ele>157.4</ele>
    <time>2020-04-19T09:35:42Z</time>
   </trkpt>
   <trkpt lat="51.1412620" lon="-0.5531420">
    <ele>158.1</ele>
    <time>2020-04-19T09:35:44Z</time>
   </trkpt>
   <trkpt lat="51.1412560" lon="-0.5531540">
    <ele>157.6</ele>
    <time>2020-04-19T09:35:45Z</time>
   </trkpt>
   <trkpt lat="51.1412390" lon="-0.5531750">
    <ele>157.6</ele>
    <time>2020-04-19T09:35:46Z</time>
   </trkpt>
   <trkpt lat="51.1412360" lon="-0.5531970">
    <ele>158.4</ele>
    <time>2020-04-19T09:35:48Z</time>
   </trkpt>
   <trkpt lat="51.1412350" lon="-0.5532200">
    <ele>158.4</ele>
    <time>2020-04-19T09:35:50Z</time>
   </trkpt>
   <trkpt lat="51.1412300" lon="-0.5532360">
    <ele>158.6</ele>
    <time>2020-04-19T09:35:51Z</time>
   </trkpt>
   <trkpt lat="51.1412360" lon="-0.5532240">
    <ele>159.2</ele>
    <time>2020-04-19T09:35:53Z</time>
   </trkpt>
   <trkpt lat="51.1412330" lon="-0.5532160">
    <ele>158.6</ele>
    <time>2020-04-19T09:35:54Z</time>
   </trkpt>
   <trkpt lat="51.1412270" lon="-0.5532050">
    <ele>158.0</ele>
    <time>2020-04-19T09:35:56Z</time>
   </trkpt>
   <trkpt lat="51.1412270" lon="-0.5532070">
    <ele>158.1</ele>
    <time>2020-04-19T09:35:57Z</time>
   </trkpt>
   <trkpt lat="51.1412260" lon="-0.5532100">
    <ele>158.1</ele>
    <time>2020-04-19T09:35:58Z</time>
   </trkpt>
   <trkpt lat="51.1412280" lon="-0.5532160">
    <ele>158.2</ele>
    <time>2020-04-19T09:36:00Z</time>
   </trkpt>
   <trkpt lat="51.1412260" lon="-0.5532210">
    <ele>158.2</ele>
    <time>2020-04-19T09:36:01Z</time>
   </trkpt>
   <trkpt lat="51.1412220" lon="-0.5532240">
    <ele>159.0</ele>
    <time>2020-04-19T09:36:03Z</time>
   </trkpt>
   <trkpt lat="51.1412110" lon="-0.5532260">
    <ele>159.0</ele>
    <time>2020-04-19T09:36:05Z</time>
   </trkpt>
   <trkpt lat="51.1412020" lon="-0.5532330">
    <ele>158.4</ele>
    <time>2020-04-19T09:36:06Z</time>
   </trkpt>
   <trkpt lat="51.1411990" lon="-0.5532450">
    <ele>158.5</ele>
    <time>2020-04-19T09:36:08Z</time>
   </trkpt>
   <trkpt lat="51.1411980" lon="-0.5532520">
    <ele>158.5</ele>
    <time>2020-04-19T09:36:09Z</time>
   </trkpt>
   <trkpt lat="51.1412070" lon="-0.5532780">
    <ele>159.9</ele>
    <time>2020-04-19T09:36:11Z</time>
   </trkpt>
   <trkpt lat="51.1412110" lon="-0.5532810">
    <ele>160.0</ele>
    <time>2020-04-19T09:36:13Z</time>
   </trkpt>
   <trkpt lat="51.1412090" lon="-0.5532840">
    <ele>160.0</ele>
    <time>2020-04-19T09:36:15Z</time>
   </trkpt>
   <trkpt lat="51.1412110" lon="-0.5532860">
    <ele>160.1</ele>
    <time>2020-04-19T09:36:16Z</time>
   </trkpt>
   <trkpt lat="51.1412120" lon="-0.5532880">
    <ele>160.1</ele>
    <time>2020-04-19T09:36:17Z</time>
   </trkpt>
   <trkpt lat="51.1412160" lon="-0.5533000">
    <ele>160.2</ele>
    <time>2020-04-19T09:36:19Z</time>
   </trkpt>
   <trkpt lat="51.1412210" lon="-0.5533110">
    <ele>161.0</ele>
    <time>2020-04-19T09:36:20Z</time>
   </trkpt>
   <trkpt lat="51.1412290" lon="-0.5533240">
    <ele>161.0</ele>
    <time>2020-04-19T09:36:21Z</time>
   </trkpt>
   <trkpt lat="51.1412320" lon="-0.5533310">
    <ele>161.1</ele>
    <time>2020-04-19T09:36:23Z</time>
   </trkpt>
   <trkpt lat="51.1412290" lon="-0.5533440">
    <ele>161.1</ele>
    <time>2020-04-19T09:36:25Z</time>
   </trkpt>
   <trkpt lat="51.1412240" lon="-0.5533520">
    <ele>161.9</ele>
    <time>2020-04-19T09:36:26Z</time>
   </trkpt>
   <trkpt lat="51.1412320" lon="-0.5533360">
    <ele>161.2</ele>
    <time>2020-04-19T09:36:28Z</time>
   </trkpt>
   <trkpt lat="51.1412300" lon="-0.5533270">
    <ele>161.3</ele>
    <time>2020-04-19T09:36:29Z</time>
   </trkpt>
   <trkpt lat="51.1412220" lon="-0.5533340">
    <ele>161.3</ele>
    <time>2020-04-19T09:36:31Z</time>
   </trkpt>
   <trkpt lat="51.1412170" lon="-0.5533400">
    <ele>161.4</ele>
    <time>2020-04-19T09:36:33Z</time>
   </trkpt>
   <trkpt lat="51.1412090" lon="-0.5533570">
    <ele>162.2</ele>
    <time>2020-04-19T09:36:35Z</time>
   </trkpt>
   <trkpt lat="51.1412050" lon="-0.5533720">
    <ele>161.6</ele>
    <time>2020-04-19T09:36:36Z</time>
   </trkpt>
   <trkpt lat="51.1412050" lon="-0.5533880">
    <ele>161.6</ele>
    <time>2020-04-19T09:36:37Z</time>
   </trkpt>
   <trkpt lat="51.1412040" lon="-0.5534190">
    <ele>162.4</ele>
    <time>2020-04-19T09:36:39Z</time>
   </trkpt>
   <trkpt lat="51.1411930" lon="-0.5534500">
    <ele>163.2</ele>
    <time>2020-04-19T09:36:41Z</time>
   </trkpt>
   <trkpt lat="51.1411890" lon="-0.5534610">
    <ele>163.2</ele>
    <time>2020-04-19T09:36:42Z</time>
   </trkpt>
   <trkpt lat="51.1411840" lon="-0.5534730">
    <ele>163.3</ele>
    <time>2020-04-19T09:36:43Z</time>
   </trkpt>
   <trkpt lat="51.1411730" lon="-0.5534970">
    <ele>163.3</ele>
    <time>2020-04-19T09:36:45Z</time>
   </trkpt>
   <trkpt lat="51.1411640" lon="-0.5535170">
    <ele>163.4</ele>
    <time>2020-04-19T09:36:46Z</time>
   </trkpt>
   <trkpt lat="51.1411600" lon="-0.5535490">
    <ele>164.1</ele>
    <time>2020-04-19T09:36:48Z</time>
   </trkpt>
   <trkpt lat="51.1411630" lon="-0.5535770">
    <ele>164.9</ele>
    <time>2020-04-19T09:36:50Z</time>
   </trkpt>
   <trkpt lat="51.1411650" lon="-0.5535920">
    <ele>165.0</ele>
    <time>2020-04-19T09:36:51Z</time>
   </trkpt>
   <trkpt lat="51.1411630" lon="-0.5536100">
    <ele>165.7</ele>
    <time>2020-04-19T09:36:53Z</time>
   </trkpt>
   <trkpt lat="51.1411700" lon="-0.5536350">
    <ele>165.8</ele>
    <time>2020-04-19T09:36:55Z</time>
   </trkpt>
   <trkpt lat="51.1411810" lon="-0.5536450">
    <ele>166.6</ele>
    <time>2020-04-19T09:36:57Z</time>
   </trkpt>
   <trkpt lat="51.1411830" lon="-0.5536420">
    <ele>166.6</ele>
    <time>2020-04-19T09:36:58Z</time>
   </trkpt>
   <trkpt lat="51.1411790" lon="-0.5536400">
    <ele>166.7</ele>
    <time>2020-04-19T09:37:00Z</time>
   </trkpt>
   <trkpt lat="51.1411750" lon="-0.5536380">
    <ele>166.0</ele>
    <time>2020-04-19T09:37:01Z</time>
   </trkpt>
   <trkpt lat="51.1411700" lon="-0.5536390">
    <ele>166.0</ele>
    <time>2020-04-19T09:37:03Z</time>
   </trkpt>
   <trkpt lat="51.1411690" lon="-0.5536400">
    <ele>166.1</ele>
    <time>2020-04-19T09:37:05Z</time>
   </trkpt>
   <trkpt lat="51.1411690" lon="-0.5536390">
    <ele>166.1</ele>
    <time>2020-04-19T09:37:06Z</time>
   </trkpt>
   <trkpt lat="51.1411690" lon="-0.5536380">
    <ele>166.2</ele>
    <time>2020-04-19T09:37:08Z</time>
   </trkpt>
   <trkpt lat="51.1411690" lon="-0.5536380">
    <ele>166.2</ele>
    <time>2020-04-19T09:37:09Z</time>
   </trkpt>
   <trkpt lat="51.1411680" lon="-0.5536380">
    <ele>166.3</ele>
    <time>2020-04-19T09:37:11Z</time>
   </trkpt>
   <trkpt lat="51.1411680" lon="-0.5536380">
    <ele>166.3</ele>
    <time>2020-04-19T09:37:13Z</time>
   </trkpt>
   <trkpt lat="51.1411670" lon="-0.5536380">
    <ele>166.4</ele>
    <time>2020-04-19T09:37:15Z</time>
   </trkpt>
   <trkpt lat="51.1411630" lon="-0.5536300">
    <ele>166.4</ele>
    <time>2020-04-19T09:37:16Z</time>
   </trkpt>
   <trkpt lat="51.1411600" lon="-0.5536260">
    <ele>166.5</ele>
    <time>2020-04-19T09:37:17Z</time>
   </trkpt>
   <trkpt lat="51.1411560" lon="-0.5536230">
    <ele>166.5</ele>
    <time>2020-04-19T09:37:19Z</time>
   </trkpt>
   <trkpt lat="51.1411560" lon="-0.5536230">
    <ele>166.6</ele>
    <time>2020-04-19T09:37:21Z</time>
   </trkpt>
   <trkpt lat="51.1411560" lon="-0.5536240">
    <ele>166.6</ele>
    <time>2020-04-19T09:37:23Z</time>
   </trkpt>
   <trkpt lat="51.1411560" lon="-0.5536240">
    <ele>166.7</ele>
    <time>2020-04-19T09:37:24Z</time>
   </trkpt>
   <trkpt lat="51.1411560" lon="-0.5536240">
    <ele>166.7</ele>
    <time>2020-04-19T09:37:25Z</time>
   </trkpt>
   <trkpt lat="51.1411560" lon="-0.5536240">
    <ele>166.8</ele>
    <time>2020-04-19T09:37:27Z</time>
   </trkpt>
   <trkpt lat="51.1411560" lon="-0.5536240">
    <ele>166.9</ele>
    <time>2020-04-19T09:37:28Z</time>
   </trkpt>
   <trkpt lat="51.1411570" lon="-0.5536250">
    <ele>166.9</ele>
    <time>2020-04-19T09:37:31Z</time>
   </trkpt>
   <trkpt lat="51.1411570" lon="-0.5536260">
    <ele>167.0</ele>
    <time>2020-04-19T09:37:32Z</time>
   </trkpt>
   <trkpt lat="51.1411570" lon="-0.5536260">
    <ele>167.0</ele>
    <time>2020-04-19T09:37:34Z</time>
   </trkpt>
   <trkpt lat="51.1411570" lon="-0.5536320">
    <ele>167.1</ele>
    <time>2020-04-19T09:37:36Z</time>
   </trkpt>
   <trkpt lat="51.1411580" lon="-0.5536330">
    <ele>167.1</ele>
    <time>2020-04-19T09:37:37Z</time>
   </trkpt>
   <trkpt lat="51.1411580" lon="-0.5536320">
    <ele>167.2</ele>
    <time>2020-04-19T09:37:39Z</time>
   </trkpt>
   <trkpt lat="51.1411560" lon="-0.5536390">
    <ele>167.2</ele>
    <time>2020-04-19T09:37:41Z</time>
   </trkpt>
   <trkpt lat="51.1411550" lon="-0.5536410">
    <ele>167.3</ele>
    <time>2020-04-19T09:37:42Z</time>
   </trkpt>
   <trkpt lat="51.1411560" lon="-0.5536410">
    <ele>167.3</ele>
    <time>2020-04-19T09:37:44Z</time>
   </trkpt>
   <trkpt lat="51.1411570" lon="-0.5536460">
    <ele>167.4</ele>
    <time>2020-04-19T09:37:45Z</time>
   </trkpt>
   <trkpt lat="51.1411580" lon="-0.5536590">
    <ele>168.1</ele>
    <time>2020-04-19T09:37:47Z</time>
   </trkpt>
   <trkpt lat="51.1411560" lon="-0.5536680">
    <ele>168.2</ele>
    <time>2020-04-19T09:37:49Z</time>
   </trkpt>
   <trkpt lat="51.1411550" lon="-0.5536700">
    <ele>168.2</ele>
    <time>2020-04-19T09:37:50Z</time>
   </trkpt>
   <trkpt lat="51.1411540" lon="-0.5536770">
    <ele>168.3</ele>
    <time>2020-04-19T09:37:51Z</time>
   </trkpt>
   <trkpt lat="51.1411520" lon="-0.5537040">
    <ele>169.0</ele>
    <time>2020-04-19T09:37:53Z</time>
   </trkpt>
   <trkpt lat="51.1411540" lon="-0.5537130">
    <ele>169.0</ele>
    <time>2020-04-19T09:37:54Z</time>
   </trkpt>
   <trkpt lat="51.1411580" lon="-0.5537210">
    <ele>169.1</ele>
    <time>2020-04-19T09:37:56Z</time>
   </trkpt>
   <trkpt lat="51.1411600" lon="-0.5537170">
    <ele>169.1</ele>
    <time>2020-04-19T09:37:57Z</time>
   </trkpt>
   <trkpt lat="51.1411600" lon="-0.5537160">
    <ele>169.2</ele>
    <time>2020-04-19T09:37:58Z</time>
   </trkpt>
   <trkpt lat="51.1411630" lon="-0.5537300">
    <ele>169.2</ele>
    <time>2020-04-19T09:38:00Z</time>
   </trkpt>
   <trkpt lat="51.1411590" lon="-0.5537580">
    <ele>169.9</ele>
    <time>2020-04-19T09:38:02Z</time>
   </trkpt>
   <trkpt lat="51.1411610" lon="-0.5537630">
    <ele>170.0</ele>
    <time>2020-04-19T09:38:03Z</time>
   </trkpt>
   <trkpt lat="51.1411630" lon="-0.5537670">
    <ele>170.0</ele>
    <time>2020-04-19T09:38:04Z</time>
   </trkpt>
   <trkpt lat="51.1411620" lon="-0.5537770">
    <ele>170.1</ele>
    <time>2020-04-19T09:38:05Z</time>
   </trkpt>
   <trkpt lat="51.1411490" lon="-0.5537770">
    <ele>169.3</ele>
    <time>2020-04-19T09:38:07Z</time>
   </trkpt>
   <trkpt lat="51.1411480" lon="-0.5537760">
    <ele>169.4</ele>
    <time>2020-04-19T09:38:08Z</time>
   </trkpt>
   <trkpt lat="51.1411490" lon="-0.5537760">
    <ele>169.4</ele>
    <time>2020-04-19T09:38:10Z</time>
   </trkpt>
   <trkpt lat="51.1411510" lon="-0.5537820">
    <ele>170.1</ele>
    <time>2020-04-19T09:38:12Z</time>
   </trkpt>
   <trkpt lat="51.1411500" lon="-0.5537820">
    <ele>170.1</ele>
    <time>2020-04-19T09:38:14Z</time>
   </trkpt>
   <trkpt lat="51.1411470" lon="-0.5537790">
    <ele>169.6</ele>
    <time>2020-04-19T09:38:15Z</time>
   </trkpt>
   <trkpt lat="51.1411440" lon="-0.5537740">
    <ele>169.6</ele>
    <time>2020-04-19T09:38:17Z</time>
   </trkpt>
   <trkpt lat="51.1411290" lon="-0.5537820">
    <ele>170.3</ele>
    <time>2020-04-19T09:38:19Z</time>
   </trkpt>
   <trkpt lat="51.1411240" lon="-0.5537860">
    <ele>169.5</ele>
    <time>2020-04-19T09:38:21Z</time>
   </trkpt>
   <trkpt lat="51.1411320" lon="-0.5537890">
    <ele>170.4</ele>
    <time>2020-04-19T09:38:23Z</time>
   </trkpt>
   <trkpt lat="51.1411320" lon="-0.5537900">
    <ele>170.5</ele>
    <time>2020-04-19T09:38:25Z</time>
   </trkpt>
   <trkpt lat="51.1411330" lon="-0.5537960">
    <ele>170.5</ele>
    <time>2020-04-19T09:38:26Z</time>
   </trkpt>
   <trkpt lat="51.1411350" lon="-0.5538160">
    <ele>170.6</ele>
    <time>2020-04-19T09:38:28Z</time>
   </trkpt>
   <trkpt lat="51.1411400" lon="-0.5538270">
    <ele>171.2</ele>
    <time>2020-04-19T09:38:31Z</time>
   </trkpt>
   <trkpt lat="51.1411430" lon="-0.5538330">
    <ele>171.3</ele>
    <time>2020-04-19T09:38:32Z</time>
   </trkpt>
   <trkpt lat="51.1411440" lon="-0.5538350">
    <ele>171.3</ele>
    <time>2020-04-19T09:38:34Z</time>
   </trkpt>
   <trkpt lat="51.1411440" lon="-0.5538350">
    <ele>171.4</ele>
    <time>2020-04-19T09:38:36Z</time>
   </trkpt>
   <trkpt lat="51.1411400" lon="-0.5538400">
    <ele>171.4</ele>
    <time>2020-04-19T09:38:37Z</time>
   </trkpt>
   <trkpt lat="51.1411370" lon="-0.5538460">
    <ele>171.5</ele>
    <time>2020-04-19T09:38:38Z</time>
   </trkpt>
   <trkpt lat="51.1411200" lon="-0.5538590">
    <ele>170.7</ele>
    <time>2020-04-19T09:38:39Z</time>
   </trkpt>
   <trkpt lat="51.1411190" lon="-0.5538590">
    <ele>170.7</ele>
    <time>2020-04-19T09:38:41Z</time>
   </trkpt>
   <trkpt lat="51.1411240" lon="-0.5538520">
    <ele>170.8</ele>
    <time>2020-04-19T09:38:43Z</time>
   </trkpt>
   <trkpt lat="51.1411300" lon="-0.5538470">
    <ele>171.7</ele>
    <time>2020-04-19T09:38:45Z</time>
   </trkpt>
   <trkpt lat="51.1411340" lon="-0.5538460">
    <ele>171.7</ele>
    <time>2020-04-19T09:38:48Z</time>
   </trkpt>
   <trkpt lat="51.1411370" lon="-0.5538450">
    <ele>171.8</ele>
    <time>2020-04-19T09:38:49Z</time>
   </trkpt>
   <trkpt lat="51.1411400" lon="-0.5538450">
    <ele>171.8</ele>
    <time>2020-04-19T09:38:52Z</time>
   </trkpt>
   <trkpt lat="51.1411410" lon="-0.5538500">
    <ele>171.9</ele>
    <time>2020-04-19T09:38:53Z</time>
   </trkpt>
   <trkpt lat="51.1411430" lon="-0.5538560">
    <ele>171.9</ele>
    <time>2020-04-19T09:38:55Z</time>
   </trkpt>
   <trkpt lat="51.1411470" lon="-0.5538520">
    <ele>172.0</ele>
    <time>2020-04-19T09:38:57Z</time>
   </trkpt>
   <trkpt lat="51.1411480" lon="-0.5538510">
    <ele>172.0</ele>
    <time>2020-04-19T09:38:59Z</time>
   </trkpt>
   <trkpt lat="51.1411460" lon="-0.5538520">
    <ele>172.1</ele>
    <time>2020-04-19T09:39:00Z</time>
   </trkpt>
   <trkpt lat="51.1411410" lon="-0.5538540">
    <ele>172.1</ele>
    <time>2020-04-19T09:39:02Z</time>
   </trkpt>
   <trkpt lat="51.1411390" lon="-0.5538550">
    <ele>172.2</ele>
    <time>2020-04-19T09:39:03Z</time>
   </trkpt>
   <trkpt lat="51.1411380" lon="-0.5538560">
    <ele>172.2</ele>
    <time>2020-04-19T09:39:04Z</time>
   </trkpt>
   <trkpt lat="51.1411380" lon="-0.5538590">
    <ele>172.3</ele>
    <time>2020-04-19T09:39:05Z</time>
   </trkpt>
   <trkpt lat="51.1411380" lon="-0.5538630">
    <ele>172.3</ele>
    <time>2020-04-19T09:39:06Z</time>
   </trkpt>
   <trkpt lat="51.1411390" lon="-0.5538620">
    <ele>172.4</ele>
    <time>2020-04-19T09:39:08Z</time>
   </trkpt>
   <trkpt lat="51.1411390" lon="-0.5538600">
    <ele>172.4</ele>
    <time>2020-04-19T09:39:09Z</time>
   </trkpt>
   <trkpt lat="51.1411390" lon="-0.5538590">
    <ele>172.5</ele>
    <time>2020-04-19T09:39:10Z</time>
   </trkpt>
   <trkpt lat="51.1411390" lon="-0.5538590">
    <ele>172.6</ele>
    <time>2020-04-19T09:39:11Z</time>
   </trkpt>
   <trkpt lat="51.1411400" lon="-0.5538630">
    <ele>172.6</ele>
    <time>2020-04-19T09:39:14Z</time>
   </trkpt>
   <trkpt lat="51.1411410" lon="-0.5538680">
    <ele>173.2</ele>
    <time>2020-04-19T09:39:15Z</time>
   </trkpt>
   <trkpt lat="51.1411390" lon="-0.5538820">
    <ele>173.3</ele>
    <time>2020-04-19T09:39:17Z</time>
   </trkpt>
   <trkpt lat="51.1411360" lon="-0.5538960">
    <ele>173.3</ele>
    <time>2020-04-19T09:39:19Z</time>
   </trkpt>
   <trkpt lat="51.1411320" lon="-0.5538990">
    <ele>173.4</ele>
    <time>2020-04-19T09:39:20Z</time>
   </trkpt>
   <trkpt lat="51.1411310" lon="-0.5539200">
    <ele>174.0</ele>
    <time>2020-04-19T09:39:22Z</time>
   </trkpt>
   <trkpt lat="51.1411310" lon="-0.5539230">
    <ele>174.0</ele>
    <time>2020-04-19T09:39:23Z</time>
   </trkpt>
   <trkpt lat="51.1411320" lon="-0.5539310">
    <ele>174.1</ele>
    <time>2020-04-19T09:39:25Z</time>
   </trkpt>
   <trkpt lat="51.1411360" lon="-0.5539350">
    <ele>174.1</ele>
    <time>2020-04-19T09:39:27Z</time>
   </trkpt>
   <trkpt lat="51.1411320" lon="-0.5539320">
    <ele>174.2</ele>
    <time>2020-04-19T09:39:28Z</time>
   </trkpt>
   <trkpt lat="51.1411290" lon="-0.5539290">
    <ele>174.3</ele>
    <time>2020-04-19T09:39:29Z</time>
   </trkpt>
   <trkpt lat="51.1411250" lon="-0.5539430">
    <ele>174.3</ele>
    <time>2020-04-19T09:39:31Z</time>
   </trkpt>
   <trkpt lat="51.1411320" lon="-0.5539570">
    <ele>174.9</ele>
    <time>2020-04-19T09:39:32Z</time>
   </trkpt>
   <trkpt lat="51.1411610" lon="-0.5539570">
    <ele>175.8</ele>
    <time>2020-04-19T09:39:34Z</time>
   </trkpt>
   <trkpt lat="51.1411590" lon="-0.5539530">
    <ele>175.9</ele>
    <time>2020-04-19T09:39:35Z</time>
   </trkpt>
   <trkpt lat="51.1411570" lon="-0.5539650">
    <ele>175.9</ele>
    <time>2020-04-19T09:39:36Z</time>
   </trkpt>
   <trkpt lat="51.1411610" lon="-0.5539730">
    <ele>176.0</ele>
    <time>2020-04-19T09:39:38Z</time>
   </trkpt>
   <trkpt lat="51.1411610" lon="-0.5539800">
    <ele>176.0</ele>
    <time>2020-04-19T09:39:39Z</time>
   </trkpt>
   <trkpt lat="51.1411620" lon="-0.5539830">
    <ele>176.1</ele>
    <time>2020-04-19T09:39:40Z</time>
   </trkpt>
   <trkpt lat="51.1411590" lon="-0.5539900">
    <ele>176.1</ele>
    <time>2020-04-19T09:39:42Z</time>
   </trkpt>
   <trkpt lat="51.1411570" lon="-0.5540050">
    <ele>176.7</ele>
    <time>2020-04-19T09:39:44Z</time>
   </trkpt>
   <trkpt lat="51.1411540" lon="-0.5540120">
    <ele>176.8</ele>
    <time>2020-04-19T09:39:45Z</time>
   </trkpt>
   <trkpt lat="51.1411520" lon="-0.5540200">
    <ele>176.8</ele>
    <time>2020-04-19T09:39:46Z</time>
   </trkpt>
   <trkpt lat="51.1411520" lon="-0.5540420">
    <ele>177.4</ele>
    <time>2020-04-19T09:39:48Z</time>
   </trkpt>
   <trkpt lat="51.1411570" lon="-0.5540590">
    <ele>177.4</ele>
    <time>2020-04-19T09:39:50Z</time>
   </trkpt>
   <trkpt lat="51.1411670" lon="-0.5540800">
    <ele>177.5</ele>
    <time>2020-04-19T09:39:52Z</time>
   </trkpt>
   <trkpt lat="51.1411740" lon="-0.5541010">
    <ele>178.0</ele>
    <time>2020-04-19T09:39:54Z</time>
   </trkpt>
   <trkpt lat="51.1411810" lon="-0.5541160">
    <ele>178.9</ele>
    <time>2020-04-19T09:39:55Z</time>
   </trkpt>
   <trkpt lat="51.1412020" lon="-0.5541440">
    <ele>179.5</ele>
    <time>2020-04-19T09:39:57Z</time>
   </trkpt>
   <trkpt lat="51.1412080" lon="-0.5541530">
    <ele>180.4</ele>
    <time>2020-04-19T09:39:58Z</time>
   </trkpt>
   <trkpt lat="51.1412140" lon="-0.5541610">
    <ele>180.4</ele>
    <time>2020-04-19T09:39:59Z</time>
   </trkpt>
   <trkpt lat="51.1412240" lon="-0.5541750">
    <ele>181.0</ele>
    <time>2020-04-19T09:40:01Z</time>
   </trkpt>
   <trkpt lat="51.1412330" lon="-0.5541830">
    <ele>181.8</ele>
    <time>2020-04-19T09:40:02Z</time>
   </trkpt>
   <trkpt lat="51.1412370" lon="-0.5541850">
    <ele>181.9</ele>
    <time>2020-04-19T09:40:03Z</time>
   </trkpt>
   <trkpt lat="51.1412450" lon="-0.5541880">
    <ele>181.9</ele>
    <time>2020-04-19T09:40:05Z</time>
   </trkpt>
   <trkpt lat="51.1412500" lon="-0.5542000">
    <ele>182.0</ele>
    <time>2020-04-19T09:40:07Z</time>
   </trkpt>
   <trkpt lat="51.1412540" lon="-0.5542070">
    <ele>182.0</ele>
    <time>2020-04-19T09:40:08Z</time>
   </trkpt>
   <trkpt lat="51.1412600" lon="-0.5542210">
    <ele>183.3</ele>
    <time>2020-04-19T09:40:09Z</time>
   </trkpt>
   <trkpt lat="51.1412660" lon="-0.5542380">
    <ele>183.4</ele>
    <time>2020-04-19T09:40:10Z</time>
   </trkpt>
   <trkpt lat="51.1412780" lon="-0.5542540">
    <ele>183.9</ele>
    <time>2020-04-19T09:40:12Z</time>
   </trkpt>
   <trkpt lat="51.1412850" lon="-0.5542510">
    <ele>183.5</ele>
    <time>2020-04-19T09:40:14Z</time>
   </trkpt>
   <trkpt lat="51.1412920" lon="-0.5542490">
    <ele>184.2</ele>
    <time>2020-04-19T09:40:15Z</time>
   </trkpt>
   <trkpt lat="51.1412990" lon="-0.5542460">
    <ele>184.3</ele>
    <time>2020-04-19T09:40:17Z</time>
   </trkpt>
   <trkpt lat="51.1413050" lon="-0.5542440">
    <ele>184.3</ele>
    <time>2020-04-19T09:40:18Z</time>
   </trkpt>
   <trkpt lat="51.1413120" lon="-0.5542410">
    <ele>184.4</ele>
    <time>2020-04-19T09:40:20Z</time>
   </trkpt>
   <trkpt lat="51.1413190" lon="-0.5542390">
    <ele>185.1</ele>
    <time>2020-04-19T09:40:22Z</time>
   </trkpt>
   <trkpt lat="51.1413260" lon="-0.5542360">
    <ele>185.2</ele>
    <time>2020-04-19T09:40:23Z</time>
   </trkpt>
   <trkpt lat="51.1413330" lon="-0.5542340">
    <ele>185.2</ele>
    <time>2020-04-19T09:40:24Z</time>
   </trkpt>
   <trkpt lat="51.1413460" lon="-0.5542350">
    <ele>185.9</ele>
    <time>2020-04-19T09:40:25Z</time>
   </trkpt>
   <trkpt lat="51.1413690" lon="-0.5542400">
    <ele>186.6</ele>
    <time>2020-04-19T09:40:27Z</time>
   </trkpt>
   <trkpt lat="51.1413750" lon="-0.5542430">
    <ele>186.6</ele>
    <time>2020-04-19T09:40:28Z</time>
   </trkpt>
   <trkpt lat="51.1413840" lon="-0.5542450">
    <ele>186.7</ele>
    <time>2020-04-19T09:40:29Z</time>
   </trkpt>
   <trkpt lat="51.1414000" lon="-0.5542370">
    <ele>187.3</ele>
    <time>2020-04-19T09:40:30Z</time>
   </trkpt>
   <trkpt lat="51.1414270" lon="-0.5542290">
    <ele>187.8</ele>
    <time>2020-04-19T09:40:32Z</time>
   </trkpt>
   <trkpt lat="51.1414460" lon="-0.5542230">
    <ele>187.9</ele>
    <time>2020-04-19T09:40:34Z</time>
   </trkpt>
   <trkpt lat="51.1414600" lon="-0.5542170">
    <ele>188.4</ele>
    <time>2020-04-19T09:40:35Z</time>
   </trkpt>
   <trkpt lat="51.1414880" lon="-0.5542020">
    <ele>188.4</ele>
    <time>2020-04-19T09:40:37Z</time>
   </trkpt>
   <trkpt lat="51.1414910" lon="-0.5541990">
    <ele>188.5</ele>
    <time>2020-04-19T09:40:38Z</time>
   </trkpt>
   <trkpt lat="51.1415080" lon="-0.5542000">
    <ele>188.9</ele>
    <time>2020-04-19T09:40:40Z</time>
   </trkpt>
   <trkpt lat="51.1415370" lon="-0.5541930">
    <ele>189.3</ele>
    <time>2020-04-19T09:40:42Z</time>
   </trkpt>
   <trkpt lat="51.1415470" lon="-0.5541900">
    <ele>189.4</ele>
    <time>2020-04-19T09:40:44Z</time>
   </trkpt>
   <trkpt lat="51.1415540" lon="-0.5542010">
    <ele>189.4</ele>
    <time>2020-04-19T09:40:46Z</time>
   </trkpt>
   <trkpt lat="51.1415560" lon="-0.5542150">
    <ele>190.1</ele>
    <time>2020-04-19T09:40:47Z</time>
   </trkpt>
   <trkpt lat="51.1415590" lon="-0.5542170">
    <ele>190.2</ele>
    <time>2020-04-19T09:40:49Z</time>
   </trkpt>
   <trkpt lat="51.1415660" lon="-0.5542240">
    <ele>190.2</ele>
    <time>2020-04-19T09:40:51Z</time>
   </trkpt>
   <trkpt lat="51.1415600" lon="-0.5542320">
    <ele>190.3</ele>
    <time>2020-04-19T09:40:53Z</time>
   </trkpt>
   <trkpt lat="51.1415520" lon="-0.5542370">
    <ele>190.1</ele>
    <time>2020-04-19T09:40:54Z</time>
   </trkpt>
   <trkpt lat="51.1415360" lon="-0.5542560">
    <ele>190.5</ele>
    <time>2020-04-19T09:40:56Z</time>
   </trkpt>
   <trkpt lat="51.1415230" lon="-0.5542720">
    <ele>190.2</ele>
    <time>2020-04-19T09:40:57Z</time>
   </trkpt>
   <trkpt lat="51.1415160" lon="-0.5542750">
    <ele>190.3</ele>
    <time>2020-04-19T09:40:58Z</time>
   </trkpt>
   <trkpt lat="51.1415080" lon="-0.5542820">
    <ele>190.3</ele>
    <time>2020-04-19T09:40:59Z</time>
   </trkpt>
   <trkpt lat="51.1414870" lon="-0.5543130">
    <ele>190.4</ele>
    <time>2020-04-19T09:41:01Z</time>
   </trkpt>
   <trkpt lat="51.1414810" lon="-0.5543220">
    <ele>190.4</ele>
    <time>2020-04-19T09:41:02Z</time>
   </trkpt>
   <trkpt lat="51.1414760" lon="-0.5543260">
    <ele>190.5</ele>
    <time>2020-04-19T09:41:03Z</time>
   </trkpt>
   <trkpt lat="51.1414550" lon="-0.5543400">
    <ele>190.5</ele>
    <time>2020-04-19T09:41:05Z</time>
   </trkpt>
   <trkpt lat="51.1414240" lon="-0.5543530">
    <ele>190.1</ele>
    <time>2020-04-19T09:41:07Z</time>
   </trkpt>
   <trkpt lat="51.1414160" lon="-0.5543530">
    <ele>189.7</ele>
    <time>2020-04-19T09:41:08Z</time>
   </trkpt>
   <trkpt lat="51.1413930" lon="-0.5543650">
    <ele>189.3</ele>
    <time>2020-04-19T09:41:10Z</time>
   </trkpt>
   <trkpt lat="51.1413700" lon="-0.5543880">
    <ele>189.7</ele>
    <time>2020-04-19T09:41:12Z</time>
   </trkpt>
   <trkpt lat="51.1413570" lon="-0.5544300">
    <ele>189.6</ele>
    <time>2020-04-19T09:41:14Z</time>
   </trkpt>
   <trkpt lat="51.1413600" lon="-0.5544380">
    <ele>189.7</ele>
    <time>2020-04-19T09:41:15Z</time>
   </trkpt>
   <trkpt lat="51.1413670" lon="-0.5544520">
    <ele>189.7</ele>
    <time>2020-04-19T09:41:17Z</time>
   </trkpt>
   <trkpt lat="51.1413640" lon="-0.5544610">
    <ele>189.8</ele>
    <time>2020-04-19T09:41:18Z</time>
   </trkpt>
   <trkpt lat="51.1413490" lon="-0.5544660">
    <ele>189.8</ele>
    <time>2020-04-19T09:41:20Z</time>
   </trkpt>
   <trkpt lat="51.1413370" lon="-0.5544610">
    <ele>189.3</ele>
    <time>2020-04-19T09:41:21Z</time>
   </trkpt>
   <trkpt lat="51.1413070" lon="-0.5544470">
    <ele>188.8</ele>
    <time>2020-04-19T09:41:23Z</time>
   </trkpt>
   <trkpt lat="51.1412870" lon="-0.5544410">
    <ele>188.8</ele>
    <time>2020-04-19T09:41:25Z</time>
   </trkpt>
   <trkpt lat="51.1412640" lon="-0.5544400">
    <ele>188.3</ele>
    <time>2020-04-19T09:41:27Z</time>
   </trkpt>
   <trkpt lat="51.1412480" lon="-0.5544440">
    <ele>187.7</ele>
    <time>2020-04-19T09:41:28Z</time>
   </trkpt>
   <trkpt lat="51.1412290" lon="-0.5544510">
    <ele>187.0</ele>
    <time>2020-04-19T09:41:30Z</time>
   </trkpt>
   <trkpt lat="51.1412070" lon="-0.5544620">
    <ele>187.1</ele>
    <time>2020-04-19T09:41:32Z</time>
   </trkpt>
   <trkpt lat="51.1411830" lon="-0.5544740">
    <ele>186.9</ele>
    <time>2020-04-19T09:41:34Z</time>
   </trkpt>
   <trkpt lat="51.1411680" lon="-0.5544840">
    <ele>186.2</ele>
    <time>2020-04-19T09:41:36Z</time>
   </trkpt>
   <trkpt lat="51.1411580" lon="-0.5544930">
    <ele>186.3</ele>
    <time>2020-04-19T09:41:37Z</time>
   </trkpt>
   <trkpt lat="51.1411360" lon="-0.5545070">
    <ele>185.6</ele>
    <time>2020-04-19T09:41:39Z</time>
   </trkpt>
   <trkpt lat="51.1411200" lon="-0.5545090">
    <ele>184.9</ele>
    <time>2020-04-19T09:41:41Z</time>
   </trkpt>
   <trkpt lat="51.1411140" lon="-0.5545050">
    <ele>185.0</ele>
    <time>2020-04-19T09:41:42Z</time>
   </trkpt>
   <trkpt lat="51.1410970" lon="-0.5544840">
    <ele>184.3</ele>
    <time>2020-04-19T09:41:44Z</time>
   </trkpt>
   <trkpt lat="51.1410900" lon="-0.5544780">
    <ele>184.3</ele>
    <time>2020-04-19T09:41:45Z</time>
   </trkpt>
   <trkpt lat="51.1410790" lon="-0.5544780">
    <ele>184.4</ele>
    <time>2020-04-19T09:41:47Z</time>
   </trkpt>
   <trkpt lat="51.1410690" lon="-0.5544910">
    <ele>183.7</ele>
    <time>2020-04-19T09:41:48Z</time>
   </trkpt>
   <trkpt lat="51.1410680" lon="-0.5545050">
    <ele>183.7</ele>
    <time>2020-04-19T09:41:49Z</time>
   </trkpt>
   <trkpt lat="51.1410650" lon="-0.5545190">
    <ele>184.5</ele>
    <time>2020-04-19T09:41:50Z</time>
   </trkpt>
   <trkpt lat="51.1410560" lon="-0.5545520">
    <ele>184.5</ele>
    <time>2020-04-19T09:41:52Z</time>
   </trkpt>
   <trkpt lat="51.1410400" lon="-0.5545840">
    <ele>184.6</ele>
    <time>2020-04-19T09:41:54Z</time>
   </trkpt>
   <trkpt lat="51.1410270" lon="-0.5546090">
    <ele>185.5</ele>
    <time>2020-04-19T09:41:56Z</time>
   </trkpt>
   <trkpt lat="51.1410060" lon="-0.5546490">
    <ele>185.7</ele>
    <time>2020-04-19T09:41:58Z</time>
   </trkpt>
   <trkpt lat="51.1409960" lon="-0.5546770">
    <ele>185.8</ele>
    <time>2020-04-19T09:42:00Z</time>
   </trkpt>
   <trkpt lat="51.1409820" lon="-0.5547020">
    <ele>186.1</ele>
    <time>2020-04-19T09:42:02Z</time>
   </trkpt>
   <trkpt lat="51.1409620" lon="-0.5547150">
    <ele>185.7</ele>
    <time>2020-04-19T09:42:03Z</time>
   </trkpt>
   <trkpt lat="51.1409430" lon="-0.5547150">
    <ele>185.8</ele>
    <time>2020-04-19T09:42:05Z</time>
   </trkpt>
   <trkpt lat="51.1409340" lon="-0.5547150">
    <ele>185.4</ele>
    <time>2020-04-19T09:42:06Z</time>
   </trkpt>
   <trkpt lat="51.1409090" lon="-0.5547020">
    <ele>185.0</ele>
    <time>2020-04-19T09:42:08Z</time>
   </trkpt>
   <trkpt lat="51.1409010" lon="-0.5547020">
    <ele>185.1</ele>
    <time>2020-04-19T09:42:09Z</time>
   </trkpt>
   <trkpt lat="51.1408840" lon="-0.5547190">
    <ele>185.2</ele>
    <time>2020-04-19T09:42:11Z</time>
   </trkpt>
   <trkpt lat="51.1408580" lon="-0.5547390">
    <ele>185.8</ele>
    <time>2020-04-19T09:42:13Z</time>
   </trkpt>
   <trkpt lat="51.1408420" lon="-0.5547530">
    <ele>185.5</ele>
    <time>2020-04-19T09:42:15Z</time>
   </trkpt>
   <trkpt lat="51.1408190" lon="-0.5547690">
    <ele>186.3</ele>
    <time>2020-04-19T09:42:17Z</time>
   </trkpt>
   <trkpt lat="51.1407840" lon="-0.5548070">
    <ele>186.1</ele>
    <time>2020-04-19T09:42:19Z</time>
   </trkpt>
   <trkpt lat="51.1407720" lon="-0.5548160">
    <ele>187.0</ele>
    <time>2020-04-19T09:42:21Z</time>
   </trkpt>
   <trkpt lat="51.1407610" lon="-0.5548260">
    <ele>187.0</ele>
    <time>2020-04-19T09:42:22Z</time>
   </trkpt>
   <trkpt lat="51.1407390" lon="-0.5548400">
    <ele>186.8</ele>
    <time>2020-04-19T09:42:23Z</time>
   </trkpt>
   <trkpt lat="51.1407290" lon="-0.5548440">
    <ele>186.9</ele>
    <time>2020-04-19T09:42:24Z</time>
   </trkpt>
   <trkpt lat="51.1407180" lon="-0.5548460">
    <ele>186.6</ele>
    <time>2020-04-19T09:42:25Z</time>
   </trkpt>
   <trkpt lat="51.1406970" lon="-0.5548510">
    <ele>186.7</ele>
    <time>2020-04-19T09:42:27Z</time>
   </trkpt>
   <trkpt lat="51.1406780" lon="-0.5548610">
    <ele>187.6</ele>
    <time>2020-04-19T09:42:28Z</time>
   </trkpt>
   <trkpt lat="51.1406710" lon="-0.5548680">
    <ele>187.7</ele>
    <time>2020-04-19T09:42:29Z</time>
   </trkpt>
   <trkpt lat="51.1406540" lon="-0.5549000">
    <ele>188.5</ele>
    <time>2020-04-19T09:42:31Z</time>
   </trkpt>
   <trkpt lat="51.1406540" lon="-0.5549100">
    <ele>188.6</ele>
    <time>2020-04-19T09:42:32Z</time>
   </trkpt>
   <trkpt lat="51.1406640" lon="-0.5549180">
    <ele>188.6</ele>
    <time>2020-04-19T09:42:34Z</time>
   </trkpt>
   <trkpt lat="51.1406590" lon="-0.5549190">
    <ele>188.7</ele>
    <time>2020-04-19T09:42:36Z</time>
   </trkpt>
   <trkpt lat="51.1406460" lon="-0.5549260">
    <ele>188.8</ele>
    <time>2020-04-19T09:42:38Z</time>
   </trkpt>
   <trkpt lat="51.1406270" lon="-0.5549490">
    <ele>189.6</ele>
    <time>2020-04-19T09:42:40Z</time>
   </trkpt>
   <trkpt lat="51.1406030" lon="-0.5549940">
    <ele>190.4</ele>
    <time>2020-04-19T09:42:42Z</time>
   </trkpt>
   <trkpt lat="51.1405970" lon="-0.5550070">
    <ele>190.5</ele>
    <time>2020-04-19T09:42:43Z</time>
   </trkpt>
   <trkpt lat="51.1405830" lon="-0.5550270">
    <ele>191.3</ele>
    <time>2020-04-19T09:42:45Z</time>
   </trkpt>
   <trkpt lat="51.1405630" lon="-0.5550330">
    <ele>191.3</ele>
    <time>2020-04-19T09:42:47Z</time>
   </trkpt>
   <trkpt lat="51.1405540" lon="-0.5550390">
    <ele>191.1</ele>
    <time>2020-04-19T09:42:48Z</time>
   </trkpt>
   <trkpt lat="51.1405440" lon="-0.5550570">
    <ele>191.1</ele>
    <time>2020-04-19T09:42:49Z</time>
   </trkpt>
   <trkpt lat="51.1405360" lon="-0.5550800">
    <ele>192.2</ele>
    <time>2020-04-19T09:42:51Z</time>
   </trkpt>
   <trkpt lat="51.1405080" lon="-0.5550860">
    <ele>191.9</ele>
    <time>2020-04-19T09:42:53Z</time>
   </trkpt>
   <trkpt lat="51.1404980" lon="-0.5550820">
    <ele>191.6</ele>
    <time>2020-04-19T09:42:54Z</time>
   </trkpt>
   <trkpt lat="51.1404900" lon="-0.5550830">
    <ele>191.7</ele>
    <time>2020-04-19T09:42:55Z</time>
   </trkpt>
   <trkpt lat="51.1404830" lon="-0.5550880">
    <ele>191.7</ele>
    <time>2020-04-19T09:42:56Z</time>
   </trkpt>
   <trkpt lat="51.1404680" lon="-0.5550990">
    <ele>191.4</ele>
    <time>2020-04-19T09:42:58Z</time>
   </trkpt>
   <trkpt lat="51.1404530" lon="-0.5551000">
    <ele>191.5</ele>
    <time>2020-04-19T09:42:59Z</time>
   </trkpt>
   <trkpt lat="51.1404420" lon="-0.5550830">
    <ele>191.2</ele>
    <time>2020-04-19T09:43:01Z</time>
   </trkpt>
   <trkpt lat="51.1404270" lon="-0.5550670">
    <ele>190.3</ele>
    <time>2020-04-19T09:43:03Z</time>
   </trkpt>
   <trkpt lat="51.1404080" lon="-0.5550650">
    <ele>190.0</ele>
    <time>2020-04-19T09:43:04Z</time>
   </trkpt>
   <trkpt lat="51.1403880" lon="-0.5550760">
    <ele>190.6</ele>
    <time>2020-04-19T09:43:06Z</time>
   </trkpt>
   <trkpt lat="51.1403760" lon="-0.5550870">
    <ele>190.6</ele>
    <time>2020-04-19T09:43:07Z</time>
   </trkpt>
   <trkpt lat="51.1403510" lon="-0.5551130">
    <ele>191.2</ele>
    <time>2020-04-19T09:43:09Z</time>
   </trkpt>
   <trkpt lat="51.1403460" lon="-0.5551240">
    <ele>191.3</ele>
    <time>2020-04-19T09:43:10Z</time>
   </trkpt>
   <trkpt lat="51.1403370" lon="-0.5551360">
    <ele>190.9</ele>
    <time>2020-04-19T09:43:11Z</time>
   </trkpt>
   <trkpt lat="51.1403170" lon="-0.5551610">
    <ele>191.4</ele>
    <time>2020-04-19T09:43:13Z</time>
   </trkpt>
   <trkpt lat="51.1402990" lon="-0.5551860">
    <ele>191.5</ele>
    <time>2020-04-19T09:43:14Z</time>
   </trkpt>
   <trkpt lat="51.1402930" lon="-0.5551930">
    <ele>191.5</ele>
    <time>2020-04-19T09:43:15Z</time>
   </trkpt>
   <trkpt lat="51.1402880" lon="-0.5552010">
    <ele>192.0</ele>
    <time>2020-04-19T09:43:16Z</time>
   </trkpt>
   <trkpt lat="51.1402620" lon="-0.5552180">
    <ele>191.7</ele>
    <time>2020-04-19T09:43:18Z</time>
   </trkpt>
   <trkpt lat="51.1402420" lon="-0.5552320">
    <ele>191.7</ele>
    <time>2020-04-19T09:43:19Z</time>
   </trkpt>
   <trkpt lat="51.1402290" lon="-0.5552530">
    <ele>192.2</ele>
    <time>2020-04-19T09:43:21Z</time>
   </trkpt>
   <trkpt lat="51.1402020" lon="-0.5552930">
    <ele>192.7</ele>
    <time>2020-04-19T09:43:23Z</time>
   </trkpt>
   <trkpt lat="51.1401940" lon="-0.5553040">
    <ele>192.8</ele>
    <time>2020-04-19T09:43:24Z</time>
   </trkpt>
   <trkpt lat="51.1401790" lon="-0.5553270">
    <ele>193.2</ele>
    <time>2020-04-19T09:43:26Z</time>
   </trkpt>
   <trkpt lat="51.1401610" lon="-0.5553580">
    <ele>193.3</ele>
    <time>2020-04-19T09:43:28Z</time>
   </trkpt>
   <trkpt lat="51.1401450" lon="-0.5553840">
    <ele>193.8</ele>
    <time>2020-04-19T09:43:29Z</time>
   </trkpt>
   <trkpt lat="51.1401290" lon="-0.5554180">
    <ele>194.6</ele>
    <time>2020-04-19T09:43:31Z</time>
   </trkpt>
   <trkpt lat="51.1401100" lon="-0.5554660">
    <ele>195.1</ele>
    <time>2020-04-19T09:43:33Z</time>
   </trkpt>
   <trkpt lat="51.1400930" lon="-0.5555000">
    <ele>195.5</ele>
    <time>2020-04-19T09:43:34Z</time>
   </trkpt>
   <trkpt lat="51.1400780" lon="-0.5555420">
    <ele>196.2</ele>
    <time>2020-04-19T09:43:36Z</time>
   </trkpt>
   <trkpt lat="51.1400620" lon="-0.5556020">
    <ele>196.6</ele>
    <time>2020-04-19T09:43:38Z</time>
   </trkpt>
   <trkpt lat="51.1400420" lon="-0.5556530">
    <ele>196.9</ele>
    <time>2020-04-19T09:43:40Z</time>
   </trkpt>
   <trkpt lat="51.1400340" lon="-0.5556750">
    <ele>197.6</ele>
    <time>2020-04-19T09:43:41Z</time>
   </trkpt>
   <trkpt lat="51.1400130" lon="-0.5557190">
    <ele>197.5</ele>
    <time>2020-04-19T09:43:43Z</time>
   </trkpt>
   <trkpt lat="51.1400000" lon="-0.5557540">
    <ele>197.5</ele>
    <time>2020-04-19T09:43:44Z</time>
   </trkpt>
   <trkpt lat="51.1399970" lon="-0.5557680">
    <ele>197.5</ele>
    <time>2020-04-19T09:43:45Z</time>
   </trkpt>
   <trkpt lat="51.1399790" lon="-0.5558030">
    <ele>197.4</ele>
    <time>2020-04-19T09:43:47Z</time>
   </trkpt>
   <trkpt lat="51.1399580" lon="-0.5558420">
    <ele>197.4</ele>
    <time>2020-04-19T09:43:49Z</time>
   </trkpt>
   <trkpt lat="51.1399490" lon="-0.5558540">
    <ele>197.4</ele>
    <time>2020-04-19T09:43:50Z</time>
   </trkpt>
   <trkpt lat="51.1399340" lon="-0.5558800">
    <ele>197.4</ele>
    <time>2020-04-19T09:43:52Z</time>
   </trkpt>
   <trkpt lat="51.1399130" lon="-0.5559190">
    <ele>197.4</ele>
    <time>2020-04-19T09:43:54Z</time>
   </trkpt>
   <trkpt lat="51.1399070" lon="-0.5559230">
    <ele>197.4</ele>
    <time>2020-04-19T09:43:55Z</time>
   </trkpt>
   <trkpt lat="51.1399000" lon="-0.5559350">
    <ele>197.4</ele>
    <time>2020-04-19T09:43:56Z</time>
   </trkpt>
   <trkpt lat="51.1398880" lon="-0.5559650">
    <ele>196.9</ele>
    <time>2020-04-19T09:43:58Z</time>
   </trkpt>
   <trkpt lat="51.1398760" lon="-0.5559870">
    <ele>196.8</ele>
    <time>2020-04-19T09:43:59Z</time>
   </trkpt>
   <trkpt lat="51.1398730" lon="-0.5560140">
    <ele>196.7</ele>
    <time>2020-04-19T09:44:01Z</time>
   </trkpt>
   <trkpt lat="51.1398640" lon="-0.5560480">
    <ele>196.6</ele>
    <time>2020-04-19T09:44:03Z</time>
   </trkpt>
   <trkpt lat="51.1398570" lon="-0.5560640">
    <ele>196.5</ele>
    <time>2020-04-19T09:44:04Z</time>
   </trkpt>
   <trkpt lat="51.1398650" lon="-0.5560970">
    <ele>196.5</ele>
    <time>2020-04-19T09:44:06Z</time>
   </trkpt>
   <trkpt lat="51.1398620" lon="-0.5561330">
    <ele>196.4</ele>
    <time>2020-04-19T09:44:08Z</time>
   </trkpt>
   <trkpt lat="51.1398610" lon="-0.5561650">
    <ele>196.3</ele>
    <time>2020-04-19T09:44:09Z</time>
   </trkpt>
   <trkpt lat="51.1398690" lon="-0.5562000">
    <ele>196.3</ele>
    <time>2020-04-19T09:44:11Z</time>
   </trkpt>
   <trkpt lat="51.1398690" lon="-0.5562460">
    <ele>196.2</ele>
    <time>2020-04-19T09:44:13Z</time>
   </trkpt>
   <trkpt lat="51.1398680" lon="-0.5562600">
    <ele>196.2</ele>
    <time>2020-04-19T09:44:14Z</time>
   </trkpt>
   <trkpt lat="51.1398660" lon="-0.5562670">
    <ele>196.2</ele>
    <time>2020-04-19T09:44:15Z</time>
   </trkpt>
   <trkpt lat="51.1398590" lon="-0.5562920">
    <ele>196.2</ele>
    <time>2020-04-19T09:44:17Z</time>
   </trkpt>
   <trkpt lat="51.1398580" lon="-0.5563070">
    <ele>196.1</ele>
    <time>2020-04-19T09:44:18Z</time>
   </trkpt>
   <trkpt lat="51.1398570" lon="-0.5563540">
    <ele>196.1</ele>
    <time>2020-04-19T09:44:20Z</time>
   </trkpt>
   <trkpt lat="51.1398470" lon="-0.5563840">
    <ele>196.1</ele>
    <time>2020-04-19T09:44:22Z</time>
   </trkpt>
   <trkpt lat="51.1398410" lon="-0.5564000">
    <ele>196.1</ele>
    <time>2020-04-19T09:44:23Z</time>
   </trkpt>
   <trkpt lat="51.1398310" lon="-0.5564360">
    <ele>196.1</ele>
    <time>2020-04-19T09:44:24Z</time>
   </trkpt>
   <trkpt lat="51.1398200" lon="-0.5564560">
    <ele>196.1</ele>
    <time>2020-04-19T09:44:26Z</time>
   </trkpt>
   <trkpt lat="51.1398150" lon="-0.5564700">
    <ele>196.1</ele>
    <time>2020-04-19T09:44:27Z</time>
   </trkpt>
   <trkpt lat="51.1397970" lon="-0.5565170">
    <ele>196.1</ele>
    <time>2020-04-19T09:44:29Z</time>
   </trkpt>
   <trkpt lat="51.1397810" lon="-0.5565310">
    <ele>196.1</ele>
    <time>2020-04-19T09:44:31Z</time>
   </trkpt>
   <trkpt lat="51.1397660" lon="-0.5565530">
    <ele>196.2</ele>
    <time>2020-04-19T09:44:33Z</time>
   </trkpt>
   <trkpt lat="51.1397510" lon="-0.5565810">
    <ele>196.2</ele>
    <time>2020-04-19T09:44:34Z</time>
   </trkpt>
   <trkpt lat="51.1397350" lon="-0.5565800">
    <ele>196.2</ele>
    <time>2020-04-19T09:44:36Z</time>
   </trkpt>
   <trkpt lat="51.1397250" lon="-0.5565940">
    <ele>196.2</ele>
    <time>2020-04-19T09:44:38Z</time>
   </trkpt>
   <trkpt lat="51.1397170" lon="-0.5566150">
    <ele>196.3</ele>
    <time>2020-04-19T09:44:39Z</time>
   </trkpt>
   <trkpt lat="51.1397080" lon="-0.5566340">
    <ele>196.3</ele>
    <time>2020-04-19T09:44:41Z</time>
   </trkpt>
   <trkpt lat="51.1396980" lon="-0.5566570">
    <ele>196.3</ele>
    <time>2020-04-19T09:44:43Z</time>
   </trkpt>
   <trkpt lat="51.1396940" lon="-0.5566850">
    <ele>196.4</ele>
    <time>2020-04-19T09:44:44Z</time>
   </trkpt>
   <trkpt lat="51.1396970" lon="-0.5567070">
    <ele>196.4</ele>
    <time>2020-04-19T09:44:46Z</time>
   </trkpt>
   <trkpt lat="51.1396980" lon="-0.5567270">
    <ele>196.4</ele>
    <time>2020-04-19T09:44:47Z</time>
   </trkpt>
   <trkpt lat="51.1397050" lon="-0.5567790">
    <ele>196.5</ele>
    <time>2020-04-19T09:44:49Z</time>
   </trkpt>
   <trkpt lat="51.1397080" lon="-0.5568070">
    <ele>196.5</ele>
    <time>2020-04-19T09:44:51Z</time>
   </trkpt>
   <trkpt lat="51.1397100" lon="-0.5568170">
    <ele>196.5</ele>
    <time>2020-04-19T09:44:52Z</time>
   </trkpt>
   <trkpt lat="51.1397110" lon="-0.5568280">
    <ele>196.6</ele>
    <time>2020-04-19T09:44:53Z</time>
   </trkpt>
   <trkpt lat="51.1397140" lon="-0.5568560">
    <ele>196.6</ele>
    <time>2020-04-19T09:44:55Z</time>
   </trkpt>
   <trkpt lat="51.1397140" lon="-0.5568710">
    <ele>196.6</ele>
    <time>2020-04-19T09:44:56Z</time>
   </trkpt>
   <trkpt lat="51.1397250" lon="-0.5569240">
    <ele>196.7</ele>
    <time>2020-04-19T09:44:58Z</time>
   </trkpt>
   <trkpt lat="51.1397300" lon="-0.5569380">
    <ele>196.7</ele>
    <time>2020-04-19T09:44:59Z</time>
   </trkpt>
   <trkpt lat="51.1397380" lon="-0.5569480">
    <ele>196.7</ele>
    <time>2020-04-19T09:45:00Z</time>
   </trkpt>
   <trkpt lat="51.1397450" lon="-0.5569590">
    <ele>196.8</ele>
    <time>2020-04-19T09:45:01Z</time>
   </trkpt>
   <trkpt lat="51.1397540" lon="-0.5569840">
    <ele>196.8</ele>
    <time>2020-04-19T09:45:03Z</time>
   </trkpt>
   <trkpt lat="51.1397510" lon="-0.5570070">
    <ele>196.9</ele>
    <time>2020-04-19T09:45:04Z</time>
   </trkpt>
   <trkpt lat="51.1397370" lon="-0.5570530">
    <ele>197.0</ele>
    <time>2020-04-19T09:45:06Z</time>
   </trkpt>
   <trkpt lat="51.1397230" lon="-0.5571050">
    <ele>197.1</ele>
    <time>2020-04-19T09:45:08Z</time>
   </trkpt>
   <trkpt lat="51.1397170" lon="-0.5571480">
    <ele>197.2</ele>
    <time>2020-04-19T09:45:09Z</time>
   </trkpt>
   <trkpt lat="51.1397150" lon="-0.5571710">
    <ele>197.2</ele>
    <time>2020-04-19T09:45:10Z</time>
   </trkpt>
   <trkpt lat="51.1397080" lon="-0.5572210">
    <ele>197.3</ele>
    <time>2020-04-19T09:45:12Z</time>
   </trkpt>
   <trkpt lat="51.1397060" lon="-0.5572600">
    <ele>197.4</ele>
    <time>2020-04-19T09:45:14Z</time>
   </trkpt>
   <trkpt lat="51.1397090" lon="-0.5572710">
    <ele>197.4</ele>
    <time>2020-04-19T09:45:15Z</time>
   </trkpt>
   <trkpt lat="51.1397200" lon="-0.5572970">
    <ele>197.5</ele>
    <time>2020-04-19T09:45:17Z</time>
   </trkpt>
   <trkpt lat="51.1397270" lon="-0.5573200">
    <ele>197.6</ele>
    <time>2020-04-19T09:45:19Z</time>
   </trkpt>
   <trkpt lat="51.1397170" lon="-0.5573480">
    <ele>197.6</ele>
    <time>2020-04-19T09:45:21Z</time>
   </trkpt>
   <trkpt lat="51.1397130" lon="-0.5573680">
    <ele>197.7</ele>
    <time>2020-04-19T09:45:22Z</time>
   </trkpt>
   <trkpt lat="51.1397070" lon="-0.5574380">
    <ele>197.8</ele>
    <time>2020-04-19T09:45:24Z</time>
   </trkpt>
   <trkpt lat="51.1397040" lon="-0.5574680">
    <ele>197.8</ele>
    <time>2020-04-19T09:45:25Z</time>
   </trkpt>
   <trkpt lat="51.1397040" lon="-0.5575180">
    <ele>197.9</ele>
    <time>2020-04-19T09:45:27Z</time>
   </trkpt>
   <trkpt lat="51.1397190" lon="-0.5575900">
    <ele>198.0</ele>
    <time>2020-04-19T09:45:28Z</time>
   </trkpt>
   <trkpt lat="51.1397230" lon="-0.5576140">
    <ele>198.1</ele>
    <time>2020-04-19T09:45:30Z</time>
   </trkpt>
   <trkpt lat="51.1397320" lon="-0.5576570">
    <ele>198.1</ele>
    <time>2020-04-19T09:45:32Z</time>
   </trkpt>
   <trkpt lat="51.1397370" lon="-0.5576780">
    <ele>198.1</ele>
    <time>2020-04-19T09:45:33Z</time>
   </trkpt>
   <trkpt lat="51.1397480" lon="-0.5577130">
    <ele>198.2</ele>
    <time>2020-04-19T09:45:35Z</time>
   </trkpt>
   <trkpt lat="51.1397530" lon="-0.5577240">
    <ele>198.2</ele>
    <time>2020-04-19T09:45:36Z</time>
   </trkpt>
   <trkpt lat="51.1397640" lon="-0.5577370">
    <ele>198.2</ele>
    <time>2020-04-19T09:45:38Z</time>
   </trkpt>
   <trkpt lat="51.1397710" lon="-0.5577450">
    <ele>198.2</ele>
    <time>2020-04-19T09:45:39Z</time>
   </trkpt>
   <trkpt lat="51.1397740" lon="-0.5577510">
    <ele>198.2</ele>
    <time>2020-04-19T09:45:40Z</time>
   </trkpt>
   <trkpt lat="51.1397860" lon="-0.5577800">
    <ele>198.2</ele>
    <time>2020-04-19T09:45:42Z</time>
   </trkpt>
   <trkpt lat="51.1398010" lon="-0.5577980">
    <ele>198.3</ele>
    <time>2020-04-19T09:45:44Z</time>
   </trkpt>
   <trkpt lat="51.1398110" lon="-0.5577990">
    <ele>198.3</ele>
    <time>2020-04-19T09:45:46Z</time>
   </trkpt>
   <trkpt lat="51.1398180" lon="-0.5577900">
    <ele>198.3</ele>
    <time>2020-04-19T09:45:47Z</time>
   </trkpt>
   <trkpt lat="51.1398300" lon="-0.5577480">
    <ele>198.3</ele>
    <time>2020-04-19T09:45:49Z</time>
   </trkpt>
   <trkpt lat="51.1398280" lon="-0.5577330">
    <ele>198.3</ele>
    <time>2020-04-19T09:45:50Z</time>
   </trkpt>
   <trkpt lat="51.1398240" lon="-0.5577030">
    <ele>198.3</ele>
    <time>2020-04-19T09:45:52Z</time>
   </trkpt>
   <trkpt lat="51.1398260" lon="-0.5576960">
    <ele>198.3</ele>
    <time>2020-04-19T09:45:54Z</time>
   </trkpt>
   <trkpt lat="51.1398260" lon="-0.5577070">
    <ele>198.2</ele>
    <time>2020-04-19T09:45:55Z</time>
   </trkpt>
   <trkpt lat="51.1398170" lon="-0.5577190">
    <ele>198.2</ele>
    <time>2020-04-19T09:45:57Z</time>
   </trkpt>
   <trkpt lat="51.1398040" lon="-0.5576920">
    <ele>198.2</ele>
    <time>2020-04-19T09:45:59Z</time>
   </trkpt>
   <trkpt lat="51.1398090" lon="-0.5576690">
    <ele>198.2</ele>
    <time>2020-04-19T09:46:01Z</time>
   </trkpt>
   <trkpt lat="51.1398130" lon="-0.5576580">
    <ele>197.6</ele>
    <time>2020-04-19T09:46:02Z</time>
   </trkpt>
   <trkpt lat="51.1398230" lon="-0.5576120">
    <ele>197.6</ele>
    <time>2020-04-19T09:46:04Z</time>
   </trkpt>
   <trkpt lat="51.1398260" lon="-0.5575820">
    <ele>197.6</ele>
    <time>2020-04-19T09:46:06Z</time>
   </trkpt>
   <trkpt lat="51.1398260" lon="-0.5575620">
    <ele>197.6</ele>
    <time>2020-04-19T09:46:07Z</time>
   </trkpt>
   <trkpt lat="51.1398260" lon="-0.5575310">
    <ele>197.6</ele>
    <time>2020-04-19T09:46:09Z</time>
   </trkpt>
   <trkpt lat="51.1398290" lon="-0.5575210">
    <ele>197.6</ele>
    <time>2020-04-19T09:46:10Z</time>
   </trkpt>
   <trkpt lat="51.1398420" lon="-0.5574880">
    <ele>197.6</ele>
    <time>2020-04-19T09:46:12Z</time>
   </trkpt>
   <trkpt lat="51.1398510" lon="-0.5574430">
    <ele>197.7</ele>
    <time>2020-04-19T09:46:14Z</time>
   </trkpt>
   <trkpt lat="51.1398550" lon="-0.5574040">
    <ele>197.7</ele>
    <time>2020-04-19T09:46:16Z</time>
   </trkpt>
   <trkpt lat="51.1398600" lon="-0.5573600">
    <ele>197.7</ele>
    <time>2020-04-19T09:46:18Z</time>
   </trkpt>
   <trkpt lat="51.1398660" lon="-0.5573330">
    <ele>197.7</ele>
    <time>2020-04-19T09:46:19Z</time>
   </trkpt>
   <trkpt lat="51.1398710" lon="-0.5573160">
    <ele>197.7</ele>
    <time>2020-04-19T09:46:20Z</time>
   </trkpt>
   <trkpt lat="51.1398840" lon="-0.5572860">
    <ele>197.7</ele>
    <time>2020-04-19T09:46:22Z</time>
   </trkpt>
   <trkpt lat="51.1398980" lon="-0.5572530">
    <ele>197.7</ele>
    <time>2020-04-19T09:46:24Z</time>
   </trkpt>
   <trkpt lat="51.1399050" lon="-0.5572060">
    <ele>197.7</ele>
    <time>2020-04-19T09:46:25Z</time>
   </trkpt>
   <trkpt lat="51.1399040" lon="-0.5571950">
    <ele>197.7</ele>
    <time>2020-04-19T09:46:26Z</time>
   </trkpt>
   <trkpt lat="51.1399010" lon="-0.5571490">
    <ele>197.7</ele>
    <time>2020-04-19T09:46:28Z</time>
   </trkpt>
   <trkpt lat="51.1399010" lon="-0.5571300">
    <ele>197.7</ele>
    <time>2020-04-19T09:46:29Z</time>
   </trkpt>
   <trkpt lat="51.1399060" lon="-0.5571130">
    <ele>197.7</ele>
    <time>2020-04-19T09:46:30Z</time>
   </trkpt>
   <trkpt lat="51.1399240" lon="-0.5570870">
    <ele>197.7</ele>
    <time>2020-04-19T09:46:32Z</time>
   </trkpt>
   <trkpt lat="51.1399470" lon="-0.5570560">
    <ele>197.7</ele>
    <time>2020-04-19T09:46:34Z</time>
   </trkpt>
   <trkpt lat="51.1399630" lon="-0.5570380">
    <ele>197.7</ele>
    <time>2020-04-19T09:46:35Z</time>
   </trkpt>
   <trkpt lat="51.1399820" lon="-0.5570190">
    <ele>197.7</ele>
    <time>2020-04-19T09:46:37Z</time>
   </trkpt>
   <trkpt lat="51.1400090" lon="-0.5569880">
    <ele>197.8</ele>
    <time>2020-04-19T09:46:39Z</time>
   </trkpt>
   <trkpt lat="51.1400170" lon="-0.5569770">
    <ele>197.8</ele>
    <time>2020-04-19T09:46:40Z</time>
   </trkpt>
   <trkpt lat="51.1400310" lon="-0.5569510">
    <ele>197.8</ele>
    <time>2020-04-19T09:46:42Z</time>
   </trkpt>
   <trkpt lat="51.1400410" lon="-0.5569110">
    <ele>197.8</ele>
    <time>2020-04-19T09:46:44Z</time>
   </trkpt>
   <trkpt lat="51.1400450" lon="-0.5568800">
    <ele>197.9</ele>
    <time>2020-04-19T09:46:45Z</time>
   </trkpt>
   <trkpt lat="51.1400460" lon="-0.5568620">
    <ele>197.9</ele>
    <time>2020-04-19T09:46:46Z</time>
   </trkpt>
   <trkpt lat="51.1400530" lon="-0.5568280">
    <ele>197.9</ele>
    <time>2020-04-19T09:46:48Z</time>
   </trkpt>
   <trkpt lat="51.1400590" lon="-0.5568120">
    <ele>198.0</ele>
    <time>2020-04-19T09:46:49Z</time>
   </trkpt>
   <trkpt lat="51.1400690" lon="-0.5567940">
    <ele>198.0</ele>
    <time>2020-04-19T09:46:50Z</time>
   </trkpt>
   <trkpt lat="51.1400760" lon="-0.5567830">
    <ele>198.0</ele>
    <time>2020-04-19T09:46:51Z</time>
   </trkpt>
   <trkpt lat="51.1400810" lon="-0.5567690">
    <ele>198.1</ele>
    <time>2020-04-19T09:46:52Z</time>
   </trkpt>
   <trkpt lat="51.1400880" lon="-0.5567430">
    <ele>198.1</ele>
    <time>2020-04-19T09:46:54Z</time>
   </trkpt>
   <trkpt lat="51.1401020" lon="-0.5567050">
    <ele>198.2</ele>
    <time>2020-04-19T09:46:56Z</time>
   </trkpt>
   <trkpt lat="51.1401130" lon="-0.5566780">
    <ele>198.3</ele>
    <time>2020-04-19T09:46:58Z</time>
   </trkpt>
   <trkpt lat="51.1401170" lon="-0.5566630">
    <ele>198.3</ele>
    <time>2020-04-19T09:46:59Z</time>
   </trkpt>
   <trkpt lat="51.1401210" lon="-0.5566350">
    <ele>198.4</ele>
    <time>2020-04-19T09:47:00Z</time>
   </trkpt>
   <trkpt lat="51.1401220" lon="-0.5566160">
    <ele>198.4</ele>
    <time>2020-04-19T09:47:01Z</time>
   </trkpt>
   <trkpt lat="51.1401240" lon="-0.5565840">
    <ele>198.5</ele>
    <time>2020-04-19T09:47:03Z</time>
   </trkpt>
   <trkpt lat="51.1401250" lon="-0.5565740">
    <ele>198.5</ele>
    <time>2020-04-19T09:47:04Z</time>
   </trkpt>
   <trkpt lat="51.1401300" lon="-0.5565630">
    <ele>198.6</ele>
    <time>2020-04-19T09:47:05Z</time>
   </trkpt>
   <trkpt lat="51.1401410" lon="-0.5565420">
    <ele>198.6</ele>
    <time>2020-04-19T09:47:07Z</time>
   </trkpt>
   <trkpt lat="51.1401480" lon="-0.5565280">
    <ele>198.7</ele>
    <time>2020-04-19T09:47:09Z</time>
   </trkpt>
   <trkpt lat="51.1401550" lon="-0.5565140">
    <ele>198.7</ele>
    <time>2020-04-19T09:47:10Z</time>
   </trkpt>
   <trkpt lat="51.1401620" lon="-0.5565000">
    <ele>198.7</ele>
    <time>2020-04-19T09:47:11Z</time>
   </trkpt>
   <trkpt lat="51.1401700" lon="-0.5564840">
    <ele>198.8</ele>
    <time>2020-04-19T09:47:12Z</time>
   </trkpt>
   <trkpt lat="51.1401910" lon="-0.5564450">
    <ele>198.9</ele>
    <time>2020-04-19T09:47:14Z</time>
   </trkpt>
   <trkpt lat="51.1402030" lon="-0.5564170">
    <ele>198.9</ele>
    <time>2020-04-19T09:47:15Z</time>
   </trkpt>
   <trkpt lat="51.1402100" lon="-0.5564050">
    <ele>198.9</ele>
    <time>2020-04-19T09:47:16Z</time>
   </trkpt>
   <trkpt lat="51.1402200" lon="-0.5563870">
    <ele>199.0</ele>
    <time>2020-04-19T09:47:17Z</time>
   </trkpt>
   <trkpt lat="51.1402350" lon="-0.5563540">
    <ele>199.0</ele>
    <time>2020-04-19T09:47:19Z</time>
   </trkpt>
   <trkpt lat="51.1402470" lon="-0.5563260">
    <ele>199.0</ele>
    <time>2020-04-19T09:47:20Z</time>
   </trkpt>
   <trkpt lat="51.1402630" lon="-0.5562940">
    <ele>199.0</ele>
    <time>2020-04-19T09:47:22Z</time>
   </trkpt>
   <trkpt lat="51.1402880" lon="-0.5562660">
    <ele>199.0</ele>
    <time>2020-04-19T09:47:24Z</time>
   </trkpt>
   <trkpt lat="51.1402940" lon="-0.5562600">
    <ele>199.0</ele>
    <time>2020-04-19T09:47:25Z</time>
   </trkpt>
   <trkpt lat="51.1403020" lon="-0.5562390">
    <ele>199.0</ele>
    <time>2020-04-19T09:47:26Z</time>
   </trkpt>
   <trkpt lat="51.1403050" lon="-0.5562260">
    <ele>198.9</ele>
    <time>2020-04-19T09:47:28Z</time>
   </trkpt>
   <trkpt lat="51.1403070" lon="-0.5562130">
    <ele>198.9</ele>
    <time>2020-04-19T09:47:29Z</time>
   </trkpt>
   <trkpt lat="51.1403090" lon="-0.5562000">
    <ele>198.9</ele>
    <time>2020-04-19T09:47:30Z</time>
   </trkpt>
   <trkpt lat="51.1403130" lon="-0.5561720">
    <ele>198.9</ele>
    <time>2020-04-19T09:47:32Z</time>
   </trkpt>
   <trkpt lat="51.1403210" lon="-0.5561510">
    <ele>198.9</ele>
    <time>2020-04-19T09:47:34Z</time>
   </trkpt>
   <trkpt lat="51.1403290" lon="-0.5561200">
    <ele>198.8</ele>
    <time>2020-04-19T09:47:36Z</time>
   </trkpt>
   <trkpt lat="51.1403360" lon="-0.5561070">
    <ele>198.8</ele>
    <time>2020-04-19T09:47:37Z</time>
   </trkpt>
   <trkpt lat="51.1403490" lon="-0.5561010">
    <ele>198.7</ele>
    <time>2020-04-19T09:47:39Z</time>
   </trkpt>
   <trkpt lat="51.1403550" lon="-0.5560980">
    <ele>198.7</ele>
    <time>2020-04-19T09:47:40Z</time>
   </trkpt>
   <trkpt lat="51.1403670" lon="-0.5560880">
    <ele>198.7</ele>
    <time>2020-04-19T09:47:42Z</time>
   </trkpt>
   <trkpt lat="51.1403750" lon="-0.5560770">
    <ele>198.6</ele>
    <time>2020-04-19T09:47:43Z</time>
   </trkpt>
   <trkpt lat="51.1403970" lon="-0.5560440">
    <ele>198.5</ele>
    <time>2020-04-19T09:47:45Z</time>
   </trkpt>
   <trkpt lat="51.1404060" lon="-0.5560270">
    <ele>198.5</ele>
    <time>2020-04-19T09:47:47Z</time>
   </trkpt>
   <trkpt lat="51.1404120" lon="-0.5560180">
    <ele>198.5</ele>
    <time>2020-04-19T09:47:48Z</time>
   </trkpt>
   <trkpt lat="51.1404310" lon="-0.5559930">
    <ele>198.4</ele>
    <time>2020-04-19T09:47:50Z</time>
   </trkpt>
   <trkpt lat="51.1404360" lon="-0.5559850">
    <ele>198.4</ele>
    <time>2020-04-19T09:47:51Z</time>
   </trkpt>
   <trkpt lat="51.1404420" lon="-0.5559770">
    <ele>198.3</ele>
    <time>2020-04-19T09:47:52Z</time>
   </trkpt>
   <trkpt lat="51.1404520" lon="-0.5559640">
    <ele>198.3</ele>
    <time>2020-04-19T09:47:54Z</time>
   </trkpt>
   <trkpt lat="51.1404590" lon="-0.5559530">
    <ele>198.2</ele>
    <time>2020-04-19T09:47:55Z</time>
   </trkpt>
   <trkpt lat="51.1404650" lon="-0.5559440">
    <ele>198.2</ele>
    <time>2020-04-19T09:47:56Z</time>
   </trkpt>
   <trkpt lat="51.1404720" lon="-0.5559360">
    <ele>198.2</ele>
    <time>2020-04-19T09:47:57Z</time>
   </trkpt>
   <trkpt lat="51.1404770" lon="-0.5559270">
    <ele>198.2</ele>
    <time>2020-04-19T09:47:58Z</time>
   </trkpt>
   <trkpt lat="51.1404870" lon="-0.5559050">
    <ele>198.1</ele>
    <time>2020-04-19T09:48:00Z</time>
   </trkpt>
   <trkpt lat="51.1404900" lon="-0.5558870">
    <ele>198.0</ele>
    <time>2020-04-19T09:48:02Z</time>
   </trkpt>
   <trkpt lat="51.1404910" lon="-0.5558810">
    <ele>198.0</ele>
    <time>2020-04-19T09:48:03Z</time>
   </trkpt>
   <trkpt lat="51.1404920" lon="-0.5558680">
    <ele>198.0</ele>
    <time>2020-04-19T09:48:05Z</time>
   </trkpt>
   <trkpt lat="51.1404900" lon="-0.5558600">
    <ele>198.0</ele>
    <time>2020-04-19T09:48:07Z</time>
   </trkpt>
   <trkpt lat="51.1404860" lon="-0.5558540">
    <ele>198.0</ele>
    <time>2020-04-19T09:48:09Z</time>
   </trkpt>
   <trkpt lat="51.1404800" lon="-0.5558490">
    <ele>198.0</ele>
    <time>2020-04-19T09:48:10Z</time>
   </trkpt>
   <trkpt lat="51.1404730" lon="-0.5558460">
    <ele>197.9</ele>
    <time>2020-04-19T09:48:12Z</time>
   </trkpt>
   <trkpt lat="51.1404730" lon="-0.5558450">
    <ele>197.9</ele>
    <time>2020-04-19T09:48:13Z</time>
   </trkpt>
   <trkpt lat="51.1404730" lon="-0.5558430">
    <ele>197.9</ele>
    <time>2020-04-19T09:48:15Z</time>
   </trkpt>
   <trkpt lat="51.1404720" lon="-0.5558470">
    <ele>197.9</ele>
    <time>2020-04-19T09:48:17Z</time>
   </trkpt>
   <trkpt lat="51.1404720" lon="-0.5558460">
    <ele>197.9</ele>
    <time>2020-04-19T09:48:18Z</time>
   </trkpt>
   <trkpt lat="51.1404710" lon="-0.5558470">
    <ele>197.9</ele>
    <time>2020-04-19T09:48:20Z</time>
   </trkpt>
   <trkpt lat="51.1404750" lon="-0.5558530">
    <ele>197.9</ele>
    <time>2020-04-19T09:48:22Z</time>
   </trkpt>
   <trkpt lat="51.1404780" lon="-0.5558560">
    <ele>197.9</ele>
    <time>2020-04-19T09:48:23Z</time>
   </trkpt>
   <trkpt lat="51.1404830" lon="-0.5558660">
    <ele>197.9</ele>
    <time>2020-04-19T09:48:25Z</time>
   </trkpt>
   <trkpt lat="51.1404840" lon="-0.5558630">
    <ele>197.9</ele>
    <time>2020-04-19T09:48:27Z</time>
   </trkpt>
   <trkpt lat="51.1404830" lon="-0.5558570">
    <ele>197.8</ele>
    <time>2020-04-19T09:48:29Z</time>
   </trkpt>
   <trkpt lat="51.1404820" lon="-0.5558360">
    <ele>197.8</ele>
    <time>2020-04-19T09:48:31Z</time>
   </trkpt>
   <trkpt lat="51.1404840" lon="-0.5558220">
    <ele>197.8</ele>
    <time>2020-04-19T09:48:32Z</time>
   </trkpt>
   <trkpt lat="51.1404880" lon="-0.5558090">
    <ele>197.8</ele>
    <time>2020-04-19T09:48:33Z</time>
   </trkpt>
   <trkpt lat="51.1405040" lon="-0.5557960">
    <ele>197.7</ele>
    <time>2020-04-19T09:48:35Z</time>
   </trkpt>
   <trkpt lat="51.1405120" lon="-0.5557880">
    <ele>197.7</ele>
    <time>2020-04-19T09:48:36Z</time>
   </trkpt>
   <trkpt lat="51.1405190" lon="-0.5557770">
    <ele>197.7</ele>
    <time>2020-04-19T09:48:37Z</time>
   </trkpt>
   <trkpt lat="51.1405250" lon="-0.5557720">
    <ele>197.6</ele>
    <time>2020-04-19T09:48:38Z</time>
   </trkpt>
   <trkpt lat="51.1405360" lon="-0.5557700">
    <ele>197.6</ele>
    <time>2020-04-19T09:48:40Z</time>
   </trkpt>
   <trkpt lat="51.1405350" lon="-0.5557690">
    <ele>197.6</ele>
    <time>2020-04-19T09:48:41Z</time>
   </trkpt>
   <trkpt lat="51.1405350" lon="-0.5557640">
    <ele>197.6</ele>
    <time>2020-04-19T09:48:42Z</time>
   </trkpt>
   <trkpt lat="51.1405430" lon="-0.5557430">
    <ele>197.6</ele>
    <time>2020-04-19T09:48:43Z</time>
   </trkpt>
   <trkpt lat="51.1405510" lon="-0.5557260">
    <ele>197.5</ele>
    <time>2020-04-19T09:48:45Z</time>
   </trkpt>
   <trkpt lat="51.1405590" lon="-0.5557100">
    <ele>197.5</ele>
    <time>2020-04-19T09:48:46Z</time>
   </trkpt>
   <trkpt lat="51.1405780" lon="-0.5556790">
    <ele>197.4</ele>
    <time>2020-04-19T09:48:48Z</time>
   </trkpt>
   <trkpt lat="51.1405940" lon="-0.5556350">
    <ele>197.4</ele>
    <time>2020-04-19T09:48:50Z</time>
   </trkpt>
   <trkpt lat="51.1406060" lon="-0.5556100">
    <ele>197.3</ele>
    <time>2020-04-19T09:48:52Z</time>
   </trkpt>
   <trkpt lat="51.1406300" lon="-0.5555920">
    <ele>197.3</ele>
    <time>2020-04-19T09:48:54Z</time>
   </trkpt>
   <trkpt lat="51.1406500" lon="-0.5555980">
    <ele>197.2</ele>
    <time>2020-04-19T09:48:55Z</time>
   </trkpt>
   <trkpt lat="51.1406700" lon="-0.5555910">
    <ele>197.1</ele>
    <time>2020-04-19T09:48:57Z</time>
   </trkpt>
   <trkpt lat="51.1406800" lon="-0.5555800">
    <ele>197.1</ele>
    <time>2020-04-19T09:48:58Z</time>
   </trkpt>
   <trkpt lat="51.1406900" lon="-0.5555620">
    <ele>197.1</ele>
    <time>2020-04-19T09:49:00Z</time>
   </trkpt>
   <trkpt lat="51.1406940" lon="-0.5555490">
    <ele>197.0</ele>
    <time>2020-04-19T09:49:01Z</time>
   </trkpt>
   <trkpt lat="51.1407120" lon="-0.5555220">
    <ele>197.0</ele>
    <time>2020-04-19T09:49:03Z</time>
   </trkpt>
   <trkpt lat="51.1407170" lon="-0.5555090">
    <ele>196.9</ele>
    <time>2020-04-19T09:49:05Z</time>
   </trkpt>
   <trkpt lat="51.1407120" lon="-0.5554880">
    <ele>196.9</ele>
    <time>2020-04-19T09:49:07Z</time>
   </trkpt>
   <trkpt lat="51.1407160" lon="-0.5554720">
    <ele>196.8</ele>
    <time>2020-04-19T09:49:08Z</time>
   </trkpt>
   <trkpt lat="51.1407460" lon="-0.5554500">
    <ele>196.7</ele>
    <time>2020-04-19T09:49:10Z</time>
   </trkpt>
   <trkpt lat="51.1407540" lon="-0.5554390">
    <ele>196.6</ele>
    <time>2020-04-19T09:49:12Z</time>
   </trkpt>
   <trkpt lat="51.1407650" lon="-0.5554310">
    <ele>196.6</ele>
    <time>2020-04-19T09:49:13Z</time>
   </trkpt>
   <trkpt lat="51.1408060" lon="-0.5554230">
    <ele>196.4</ele>
    <time>2020-04-19T09:49:15Z</time>
   </trkpt>
   <trkpt lat="51.1408210" lon="-0.5554210">
    <ele>196.3</ele>
    <time>2020-04-19T09:49:16Z</time>
   </trkpt>
   <trkpt lat="51.1408380" lon="-0.5554180">
    <ele>196.2</ele>
    <time>2020-04-19T09:49:17Z</time>
   </trkpt>
   <trkpt lat="51.1408520" lon="-0.5554130">
    <ele>196.1</ele>
    <time>2020-04-19T09:49:18Z</time>
   </trkpt>
   <trkpt lat="51.1408830" lon="-0.5553900">
    <ele>195.9</ele>
    <time>2020-04-19T09:49:20Z</time>
   </trkpt>
   <trkpt lat="51.1409100" lon="-0.5553700">
    <ele>195.7</ele>
    <time>2020-04-19T09:49:22Z</time>
   </trkpt>
   <trkpt lat="51.1409170" lon="-0.5553670">
    <ele>195.6</ele>
    <time>2020-04-19T09:49:23Z</time>
   </trkpt>
   <trkpt lat="51.1409550" lon="-0.5553460">
    <ele>195.3</ele>
    <time>2020-04-19T09:49:25Z</time>
   </trkpt>
   <trkpt lat="51.1409610" lon="-0.5553440">
    <ele>195.3</ele>
    <time>2020-04-19T09:49:26Z</time>
   </trkpt>
   <trkpt lat="51.1409840" lon="-0.5553300">
    <ele>195.1</ele>
    <time>2020-04-19T09:49:28Z</time>
   </trkpt>
   <trkpt lat="51.1410140" lon="-0.5553160">
    <ele>194.8</ele>
    <time>2020-04-19T09:49:30Z</time>
   </trkpt>
   <trkpt lat="51.1410360" lon="-0.5553050">
    <ele>194.7</ele>
    <time>2020-04-19T09:49:32Z</time>
   </trkpt>
   <trkpt lat="51.1410470" lon="-0.5552980">
    <ele>194.6</ele>
    <time>2020-04-19T09:49:33Z</time>
   </trkpt>
   <trkpt lat="51.1410760" lon="-0.5552740">
    <ele>194.3</ele>
    <time>2020-04-19T09:49:35Z</time>
   </trkpt>
   <trkpt lat="51.1410850" lon="-0.5552660">
    <ele>194.2</ele>
    <time>2020-04-19T09:49:36Z</time>
   </trkpt>
   <trkpt lat="51.1411060" lon="-0.5552540">
    <ele>194.0</ele>
    <time>2020-04-19T09:49:38Z</time>
   </trkpt>
   <trkpt lat="51.1411320" lon="-0.5552500">
    <ele>193.8</ele>
    <time>2020-04-19T09:49:40Z</time>
   </trkpt>
   <trkpt lat="51.1411420" lon="-0.5552500">
    <ele>193.7</ele>
    <time>2020-04-19T09:49:42Z</time>
   </trkpt>
   <trkpt lat="51.1411500" lon="-0.5552470">
    <ele>193.6</ele>
    <time>2020-04-19T09:49:44Z</time>
   </trkpt>
   <trkpt lat="51.1411600" lon="-0.5552450">
    <ele>193.5</ele>
    <time>2020-04-19T09:49:45Z</time>
   </trkpt>
   <trkpt lat="51.1411730" lon="-0.5552340">
    <ele>193.4</ele>
    <time>2020-04-19T09:49:47Z</time>
   </trkpt>
   <trkpt lat="51.1411800" lon="-0.5552270">
    <ele>193.3</ele>
    <time>2020-04-19T09:49:48Z</time>
   </trkpt>
   <trkpt lat="51.1411950" lon="-0.5552170">
    <ele>193.2</ele>
    <time>2020-04-19T09:49:50Z</time>
   </trkpt>
   <trkpt lat="51.1411990" lon="-0.5552180">
    <ele>193.1</ele>
    <time>2020-04-19T09:49:51Z</time>
   </trkpt>
   <trkpt lat="51.1412050" lon="-0.5552240">
    <ele>193.1</ele>
    <time>2020-04-19T09:49:52Z</time>
   </trkpt>
   <trkpt lat="51.1412120" lon="-0.5552320">
    <ele>193.0</ele>
    <time>2020-04-19T09:49:53Z</time>
   </trkpt>
   <trkpt lat="51.1412360" lon="-0.5552530">
    <ele>191.9</ele>
    <time>2020-04-19T09:49:55Z</time>
   </trkpt>
   <trkpt lat="51.1412420" lon="-0.5552550">
    <ele>191.9</ele>
    <time>2020-04-19T09:49:56Z</time>
   </trkpt>
   <trkpt lat="51.1412520" lon="-0.5552600">
    <ele>192.0</ele>
    <time>2020-04-19T09:49:58Z</time>
   </trkpt>
   <trkpt lat="51.1412640" lon="-0.5552770">
    <ele>192.1</ele>
    <time>2020-04-19T09:50:00Z</time>
   </trkpt>
   <trkpt lat="51.1412740" lon="-0.5552920">
    <ele>192.1</ele>
    <time>2020-04-19T09:50:01Z</time>
   </trkpt>
   <trkpt lat="51.1412800" lon="-0.5552960">
    <ele>192.1</ele>
    <time>2020-04-19T09:50:02Z</time>
   </trkpt>
   <trkpt lat="51.1412900" lon="-0.5553010">
    <ele>192.2</ele>
    <time>2020-04-19T09:50:03Z</time>
   </trkpt>
   <trkpt lat="51.1413100" lon="-0.5553170">
    <ele>192.3</ele>
    <time>2020-04-19T09:50:05Z</time>
   </trkpt>
   <trkpt lat="51.1413180" lon="-0.5553500">
    <ele>192.4</ele>
    <time>2020-04-19T09:50:07Z</time>
   </trkpt>
   <trkpt lat="51.1413190" lon="-0.5553640">
    <ele>192.4</ele>
    <time>2020-04-19T09:50:08Z</time>
   </trkpt>
   <trkpt lat="51.1413280" lon="-0.5553860">
    <ele>192.5</ele>
    <time>2020-04-19T09:50:10Z</time>
   </trkpt>
   <trkpt lat="51.1413410" lon="-0.5553940">
    <ele>192.5</ele>
    <time>2020-04-19T09:50:11Z</time>
   </trkpt>
   <trkpt lat="51.1413470" lon="-0.5553970">
    <ele>192.6</ele>
    <time>2020-04-19T09:50:12Z</time>
   </trkpt>
   <trkpt lat="51.1413560" lon="-0.5554010">
    <ele>192.6</ele>
    <time>2020-04-19T09:50:13Z</time>
   </trkpt>
   <trkpt lat="51.1413690" lon="-0.5554130">
    <ele>192.7</ele>
    <time>2020-04-19T09:50:15Z</time>
   </trkpt>
   <trkpt lat="51.1413790" lon="-0.5554210">
    <ele>192.7</ele>
    <time>2020-04-19T09:50:16Z</time>
   </trkpt>
   <trkpt lat="51.1413930" lon="-0.5554290">
    <ele>192.8</ele>
    <time>2020-04-19T09:50:18Z</time>
   </trkpt>
   <trkpt lat="51.1414190" lon="-0.5554230">
    <ele>192.9</ele>
    <time>2020-04-19T09:50:20Z</time>
   </trkpt>
   <trkpt lat="51.1414340" lon="-0.5554140">
    <ele>193.0</ele>
    <time>2020-04-19T09:50:21Z</time>
   </trkpt>
   <trkpt lat="51.1414420" lon="-0.5554120">
    <ele>193.0</ele>
    <time>2020-04-19T09:50:22Z</time>
   </trkpt>
   <trkpt lat="51.1414490" lon="-0.5554150">
    <ele>193.0</ele>
    <time>2020-04-19T09:50:24Z</time>
   </trkpt>
   <trkpt lat="51.1414520" lon="-0.5554190">
    <ele>193.0</ele>
    <time>2020-04-19T09:50:25Z</time>
   </trkpt>
   <trkpt lat="51.1414530" lon="-0.5554230">
    <ele>193.1</ele>
    <time>2020-04-19T09:50:26Z</time>
   </trkpt>
   <trkpt lat="51.1414560" lon="-0.5554220">
    <ele>193.1</ele>
    <time>2020-04-19T09:50:27Z</time>
   </trkpt>
   <trkpt lat="51.1414550" lon="-0.5554240">
    <ele>193.1</ele>
    <time>2020-04-19T09:50:28Z</time>
   </trkpt>
   <trkpt lat="51.1414530" lon="-0.5554220">
    <ele>193.1</ele>
    <time>2020-04-19T09:50:30Z</time>
   </trkpt>
   <trkpt lat="51.1414530" lon="-0.5554130">
    <ele>193.1</ele>
    <time>2020-04-19T09:50:32Z</time>
   </trkpt>
   <trkpt lat="51.1414480" lon="-0.5554120">
    <ele>193.1</ele>
    <time>2020-04-19T09:50:34Z</time>
   </trkpt>
   <trkpt lat="51.1414430" lon="-0.5554100">
    <ele>193.2</ele>
    <time>2020-04-19T09:50:36Z</time>
   </trkpt>
   <trkpt lat="51.1414420" lon="-0.5554070">
    <ele>193.2</ele>
    <time>2020-04-19T09:50:37Z</time>
   </trkpt>
   <trkpt lat="51.1414280" lon="-0.5554240">
    <ele>193.2</ele>
    <time>2020-04-19T09:50:39Z</time>
   </trkpt>
   <trkpt lat="51.1414260" lon="-0.5554280">
    <ele>193.2</ele>
    <time>2020-04-19T09:50:40Z</time>
   </trkpt>
   <trkpt lat="51.1414180" lon="-0.5554270">
    <ele>193.3</ele>
    <time>2020-04-19T09:50:41Z</time>
   </trkpt>
   <trkpt lat="51.1414110" lon="-0.5554390">
    <ele>193.3</ele>
    <time>2020-04-19T09:50:43Z</time>
   </trkpt>
   <trkpt lat="51.1414100" lon="-0.5554540">
    <ele>193.4</ele>
    <time>2020-04-19T09:50:45Z</time>
   </trkpt>
   <trkpt lat="51.1414090" lon="-0.5554690">
    <ele>193.4</ele>
    <time>2020-04-19T09:50:46Z</time>
   </trkpt>
   <trkpt lat="51.1414080" lon="-0.5554850">
    <ele>193.4</ele>
    <time>2020-04-19T09:50:48Z</time>
   </trkpt>
   <trkpt lat="51.1414070" lon="-0.5555000">
    <ele>193.5</ele>
    <time>2020-04-19T09:50:50Z</time>
   </trkpt>
   <trkpt lat="51.1414060" lon="-0.5555150">
    <ele>193.5</ele>
    <time>2020-04-19T09:50:52Z</time>
   </trkpt>
   <trkpt lat="51.1414050" lon="-0.5555300">
    <ele>193.5</ele>
    <time>2020-04-19T09:50:53Z</time>
   </trkpt>
   <trkpt lat="51.1414220" lon="-0.5555630">
    <ele>193.6</ele>
    <time>2020-04-19T09:50:55Z</time>
   </trkpt>
   <trkpt lat="51.1414290" lon="-0.5555910">
    <ele>193.7</ele>
    <time>2020-04-19T09:50:57Z</time>
   </trkpt>
   <trkpt lat="51.1414310" lon="-0.5556030">
    <ele>193.7</ele>
    <time>2020-04-19T09:50:58Z</time>
   </trkpt>
   <trkpt lat="51.1414300" lon="-0.5556390">
    <ele>193.8</ele>
    <time>2020-04-19T09:51:00Z</time>
   </trkpt>
   <trkpt lat="51.1414330" lon="-0.5556440">
    <ele>193.8</ele>
    <time>2020-04-19T09:51:02Z</time>
   </trkpt>
   <trkpt lat="51.1414490" lon="-0.5556560">
    <ele>193.8</ele>
    <time>2020-04-19T09:51:04Z</time>
   </trkpt>
   <trkpt lat="51.1414450" lon="-0.5556680">
    <ele>193.9</ele>
    <time>2020-04-19T09:51:06Z</time>
   </trkpt>
   <trkpt lat="51.1414470" lon="-0.5556800">
    <ele>193.9</ele>
    <time>2020-04-19T09:51:07Z</time>
   </trkpt>
   <trkpt lat="51.1414550" lon="-0.5557020">
    <ele>194.0</ele>
    <time>2020-04-19T09:51:09Z</time>
   </trkpt>
   <trkpt lat="51.1414550" lon="-0.5557120">
    <ele>194.0</ele>
    <time>2020-04-19T09:51:11Z</time>
   </trkpt>
   <trkpt lat="51.1414570" lon="-0.5557180">
    <ele>194.0</ele>
    <time>2020-04-19T09:51:12Z</time>
   </trkpt>
   <trkpt lat="51.1414610" lon="-0.5557150">
    <ele>194.0</ele>
    <time>2020-04-19T09:51:13Z</time>
   </trkpt>
   <trkpt lat="51.1414650" lon="-0.5557170">
    <ele>194.0</ele>
    <time>2020-04-19T09:51:14Z</time>
   </trkpt>
   <trkpt lat="51.1414670" lon="-0.5557240">
    <ele>194.1</ele>
    <time>2020-04-19T09:51:15Z</time>
   </trkpt>
   <trkpt lat="51.1414830" lon="-0.5557410">
    <ele>194.1</ele>
    <time>2020-04-19T09:51:17Z</time>
   </trkpt>
   <trkpt lat="51.1414860" lon="-0.5557580">
    <ele>194.2</ele>
    <time>2020-04-19T09:51:19Z</time>
   </trkpt>
   <trkpt lat="51.1414850" lon="-0.5557530">
    <ele>194.2</ele>
    <time>2020-04-19T09:51:21Z</time>
   </trkpt>
   <trkpt lat="51.1414870" lon="-0.5557710">
    <ele>194.2</ele>
    <time>2020-04-19T09:51:23Z</time>
   </trkpt>
   <trkpt lat="51.1414950" lon="-0.5557940">
    <ele>194.3</ele>
    <time>2020-04-19T09:51:25Z</time>
   </trkpt>
   <trkpt lat="51.1415010" lon="-0.5558310">
    <ele>194.4</ele>
    <time>2020-04-19T09:51:27Z</time>
   </trkpt>
   <trkpt lat="51.1415040" lon="-0.5558520">
    <ele>194.4</ele>
    <time>2020-04-19T09:51:29Z</time>
   </trkpt>
   <trkpt lat="51.1415050" lon="-0.5558580">
    <ele>194.5</ele>
    <time>2020-04-19T09:51:30Z</time>
   </trkpt>
   <trkpt lat="51.1415030" lon="-0.5558580">
    <ele>194.5</ele>
    <time>2020-04-19T09:51:32Z</time>
   </trkpt>
   <trkpt lat="51.1415010" lon="-0.5558610">
    <ele>194.5</ele>
    <time>2020-04-19T09:51:33Z</time>
   </trkpt>
   <trkpt lat="51.1415050" lon="-0.5558840">
    <ele>194.5</ele>
    <time>2020-04-19T09:51:35Z</time>
   </trkpt>
   <trkpt lat="51.1415140" lon="-0.5559060">
    <ele>194.6</ele>
    <time>2020-04-19T09:51:37Z</time>
   </trkpt>
   <trkpt lat="51.1415200" lon="-0.5559200">
    <ele>194.7</ele>
    <time>2020-04-19T09:51:38Z</time>
   </trkpt>
   <trkpt lat="51.1415170" lon="-0.5559210">
    <ele>194.7</ele>
    <time>2020-04-19T09:51:39Z</time>
   </trkpt>
   <trkpt lat="51.1415110" lon="-0.5559450">
    <ele>194.8</ele>
    <time>2020-04-19T09:51:41Z</time>
   </trkpt>
   <trkpt lat="51.1415080" lon="-0.5559770">
    <ele>194.8</ele>
    <time>2020-04-19T09:51:43Z</time>
   </trkpt>
   <trkpt lat="51.1415090" lon="-0.5559940">
    <ele>194.9</ele>
    <time>2020-04-19T09:51:44Z</time>
   </trkpt>
   <trkpt lat="51.1415170" lon="-0.5560130">
    <ele>195.0</ele>
    <time>2020-04-19T09:51:46Z</time>
   </trkpt>
   <trkpt lat="51.1415200" lon="-0.5560520">
    <ele>195.1</ele>
    <time>2020-04-19T09:51:48Z</time>
   </trkpt>
   <trkpt lat="51.1415180" lon="-0.5560720">
    <ele>195.1</ele>
    <time>2020-04-19T09:51:50Z</time>
   </trkpt>
   <trkpt lat="51.1415120" lon="-0.5560840">
    <ele>195.2</ele>
    <time>2020-04-19T09:51:52Z</time>
   </trkpt>
   <trkpt lat="51.1415060" lon="-0.5560940">
    <ele>195.2</ele>
    <time>2020-04-19T09:51:53Z</time>
   </trkpt>
   <trkpt lat="51.1415040" lon="-0.5561030">
    <ele>195.2</ele>
    <time>2020-04-19T09:51:54Z</time>
   </trkpt>
   <trkpt lat="51.1414950" lon="-0.5561260">
    <ele>195.3</ele>
    <time>2020-04-19T09:51:56Z</time>
   </trkpt>
   <trkpt lat="51.1414760" lon="-0.5561540">
    <ele>195.4</ele>
    <time>2020-04-19T09:51:58Z</time>
   </trkpt>
   <trkpt lat="51.1414670" lon="-0.5561760">
    <ele>195.4</ele>
    <time>2020-04-19T09:52:00Z</time>
   </trkpt>
   <trkpt lat="51.1414570" lon="-0.5561960">
    <ele>195.5</ele>
    <time>2020-04-19T09:52:02Z</time>
   </trkpt>
   <trkpt lat="51.1414480" lon="-0.5562060">
    <ele>195.5</ele>
    <time>2020-04-19T09:52:03Z</time>
   </trkpt>
   <trkpt lat="51.1414390" lon="-0.5562380">
    <ele>195.6</ele>
    <time>2020-04-19T09:52:05Z</time>
   </trkpt>
   <trkpt lat="51.1414370" lon="-0.5562740">
    <ele>195.6</ele>
    <time>2020-04-19T09:52:07Z</time>
   </trkpt>
   <trkpt lat="51.1414350" lon="-0.5563270">
    <ele>195.7</ele>
    <time>2020-04-19T09:52:09Z</time>
   </trkpt>
   <trkpt lat="51.1414360" lon="-0.5563630">
    <ele>195.7</ele>
    <time>2020-04-19T09:52:11Z</time>
   </trkpt>
   <trkpt lat="51.1414370" lon="-0.5563830">
    <ele>195.7</ele>
    <time>2020-04-19T09:52:12Z</time>
   </trkpt>
   <trkpt lat="51.1414400" lon="-0.5564140">
    <ele>195.8</ele>
    <time>2020-04-19T09:52:13Z</time>
   </trkpt>
   <trkpt lat="51.1414460" lon="-0.5564240">
    <ele>195.8</ele>
    <time>2020-04-19T09:52:15Z</time>
   </trkpt>
   <trkpt lat="51.1414510" lon="-0.5564400">
    <ele>195.8</ele>
    <time>2020-04-19T09:52:17Z</time>
   </trkpt>
   <trkpt lat="51.1414520" lon="-0.5564550">
    <ele>195.8</ele>
    <time>2020-04-19T09:52:18Z</time>
   </trkpt>
   <trkpt lat="51.1414570" lon="-0.5564810">
    <ele>195.8</ele>
    <time>2020-04-19T09:52:20Z</time>
   </trkpt>
   <trkpt lat="51.1414720" lon="-0.5565220">
    <ele>195.8</ele>
    <time>2020-04-19T09:52:22Z</time>
   </trkpt>
   <trkpt lat="51.1414840" lon="-0.5565520">
    <ele>195.8</ele>
    <time>2020-04-19T09:52:23Z</time>
   </trkpt>
   <trkpt lat="51.1414970" lon="-0.5565810">
    <ele>195.8</ele>
    <time>2020-04-19T09:52:25Z</time>
   </trkpt>
   <trkpt lat="51.1414980" lon="-0.5566300">
    <ele>195.9</ele>
    <time>2020-04-19T09:52:27Z</time>
   </trkpt>
   <trkpt lat="51.1414950" lon="-0.5566430">
    <ele>195.9</ele>
    <time>2020-04-19T09:52:28Z</time>
   </trkpt>
   <trkpt lat="51.1414920" lon="-0.5566560">
    <ele>195.9</ele>
    <time>2020-04-19T09:52:29Z</time>
   </trkpt>
   <trkpt lat="51.1414850" lon="-0.5566890">
    <ele>195.9</ele>
    <time>2020-04-19T09:52:31Z</time>
   </trkpt>
   <trkpt lat="51.1414820" lon="-0.5567030">
    <ele>195.9</ele>
    <time>2020-04-19T09:52:32Z</time>
   </trkpt>
   <trkpt lat="51.1414770" lon="-0.5567380">
    <ele>195.9</ele>
    <time>2020-04-19T09:52:34Z</time>
   </trkpt>
   <trkpt lat="51.1414780" lon="-0.5567600">
    <ele>195.9</ele>
    <time>2020-04-19T09:52:35Z</time>
   </trkpt>
   <trkpt lat="51.1414800" lon="-0.5568040">
    <ele>195.9</ele>
    <time>2020-04-19T09:52:37Z</time>
   </trkpt>
   <trkpt lat="51.1414800" lon="-0.5568390">
    <ele>195.9</ele>
    <time>2020-04-19T09:52:38Z</time>
   </trkpt>
   <trkpt lat="51.1414790" lon="-0.5568760">
    <ele>195.9</ele>
    <time>2020-04-19T09:52:40Z</time>
   </trkpt>
   <trkpt lat="51.1414770" lon="-0.5568980">
    <ele>195.9</ele>
    <time>2020-04-19T09:52:41Z</time>
   </trkpt>
   <trkpt lat="51.1414600" lon="-0.5569320">
    <ele>195.9</ele>
    <time>2020-04-19T09:52:43Z</time>
   </trkpt>
   <trkpt lat="51.1414520" lon="-0.5569390">
    <ele>195.9</ele>
    <time>2020-04-19T09:52:44Z</time>
   </trkpt>
   <trkpt lat="51.1414440" lon="-0.5569470">
    <ele>195.9</ele>
    <time>2020-04-19T09:52:45Z</time>
   </trkpt>
   <trkpt lat="51.1414300" lon="-0.5569750">
    <ele>196.0</ele>
    <time>2020-04-19T09:52:47Z</time>
   </trkpt>
   <trkpt lat="51.1414270" lon="-0.5570020">
    <ele>196.0</ele>
    <time>2020-04-19T09:52:48Z</time>
   </trkpt>
   <trkpt lat="51.1414310" lon="-0.5570160">
    <ele>196.0</ele>
    <time>2020-04-19T09:52:49Z</time>
   </trkpt>
   <trkpt lat="51.1414350" lon="-0.5570490">
    <ele>196.0</ele>
    <time>2020-04-19T09:52:51Z</time>
   </trkpt>
   <trkpt lat="51.1414190" lon="-0.5570840">
    <ele>196.1</ele>
    <time>2020-04-19T09:52:53Z</time>
   </trkpt>
   <trkpt lat="51.1414030" lon="-0.5571050">
    <ele>196.1</ele>
    <time>2020-04-19T09:52:55Z</time>
   </trkpt>
   <trkpt lat="51.1413970" lon="-0.5571170">
    <ele>196.2</ele>
    <time>2020-04-19T09:52:56Z</time>
   </trkpt>
   <trkpt lat="51.1413820" lon="-0.5571450">
    <ele>196.2</ele>
    <time>2020-04-19T09:52:58Z</time>
   </trkpt>
   <trkpt lat="51.1413740" lon="-0.5571470">
    <ele>196.3</ele>
    <time>2020-04-19T09:52:59Z</time>
   </trkpt>
   <trkpt lat="51.1413550" lon="-0.5571540">
    <ele>196.3</ele>
    <time>2020-04-19T09:53:01Z</time>
   </trkpt>
   <trkpt lat="51.1413390" lon="-0.5571600">
    <ele>196.4</ele>
    <time>2020-04-19T09:53:03Z</time>
   </trkpt>
   <trkpt lat="51.1413160" lon="-0.5571700">
    <ele>196.5</ele>
    <time>2020-04-19T09:53:05Z</time>
   </trkpt>
   <trkpt lat="51.1413040" lon="-0.5571780">
    <ele>196.5</ele>
    <time>2020-04-19T09:53:06Z</time>
   </trkpt>
   <trkpt lat="51.1412880" lon="-0.5571980">
    <ele>196.6</ele>
    <time>2020-04-19T09:53:08Z</time>
   </trkpt>
   <trkpt lat="51.1412810" lon="-0.5572080">
    <ele>196.7</ele>
    <time>2020-04-19T09:53:09Z</time>
   </trkpt>
   <trkpt lat="51.1412670" lon="-0.5572290">
    <ele>196.7</ele>
    <time>2020-04-19T09:53:11Z</time>
   </trkpt>
   <trkpt lat="51.1412470" lon="-0.5572530">
    <ele>196.8</ele>
    <time>2020-04-19T09:53:13Z</time>
   </trkpt>
   <trkpt lat="51.1412430" lon="-0.5572600">
    <ele>196.9</ele>
    <time>2020-04-19T09:53:14Z</time>
   </trkpt>
   <trkpt lat="51.1412370" lon="-0.5572730">
    <ele>196.9</ele>
    <time>2020-04-19T09:53:15Z</time>
   </trkpt>
   <trkpt lat="51.1412340" lon="-0.5573100">
    <ele>197.0</ele>
    <time>2020-04-19T09:53:17Z</time>
   </trkpt>
   <trkpt lat="51.1412350" lon="-0.5573360">
    <ele>197.1</ele>
    <time>2020-04-19T09:53:18Z</time>
   </trkpt>
   <trkpt lat="51.1412330" lon="-0.5573630">
    <ele>197.2</ele>
    <time>2020-04-19T09:53:20Z</time>
   </trkpt>
   <trkpt lat="51.1412280" lon="-0.5573790">
    <ele>197.2</ele>
    <time>2020-04-19T09:53:21Z</time>
   </trkpt>
   <trkpt lat="51.1412070" lon="-0.5574180">
    <ele>197.4</ele>
    <time>2020-04-19T09:53:23Z</time>
   </trkpt>
   <trkpt lat="51.1411800" lon="-0.5574430">
    <ele>197.6</ele>
    <time>2020-04-19T09:53:25Z</time>
   </trkpt>
   <trkpt lat="51.1411740" lon="-0.5574480">
    <ele>197.6</ele>
    <time>2020-04-19T09:53:26Z</time>
   </trkpt>
   <trkpt lat="51.1411540" lon="-0.5574690">
    <ele>197.7</ele>
    <time>2020-04-19T09:53:28Z</time>
   </trkpt>
   <trkpt lat="51.1411480" lon="-0.5574760">
    <ele>197.8</ele>
    <time>2020-04-19T09:53:29Z</time>
   </trkpt>
   <trkpt lat="51.1411380" lon="-0.5575000">
    <ele>197.9</ele>
    <time>2020-04-19T09:53:31Z</time>
   </trkpt>
   <trkpt lat="51.1411260" lon="-0.5575340">
    <ele>198.0</ele>
    <time>2020-04-19T09:53:33Z</time>
   </trkpt>
   <trkpt lat="51.1411170" lon="-0.5575520">
    <ele>198.1</ele>
    <time>2020-04-19T09:53:35Z</time>
   </trkpt>
   <trkpt lat="51.1411060" lon="-0.5575760">
    <ele>198.2</ele>
    <time>2020-04-19T09:53:37Z</time>
   </trkpt>
   <trkpt lat="51.1410980" lon="-0.5575920">
    <ele>198.2</ele>
    <time>2020-04-19T09:53:38Z</time>
   </trkpt>
   <trkpt lat="51.1410940" lon="-0.5575980">
    <ele>198.3</ele>
    <time>2020-04-19T09:53:39Z</time>
   </trkpt>
   <trkpt lat="51.1410810" lon="-0.5576150">
    <ele>198.4</ele>
    <time>2020-04-19T09:53:41Z</time>
   </trkpt>
   <trkpt lat="51.1410590" lon="-0.5576410">
    <ele>198.5</ele>
    <time>2020-04-19T09:53:43Z</time>
   </trkpt>
   <trkpt lat="51.1410540" lon="-0.5576470">
    <ele>198.6</ele>
    <time>2020-04-19T09:53:44Z</time>
   </trkpt>
   <trkpt lat="51.1410390" lon="-0.5576670">
    <ele>198.7</ele>
    <time>2020-04-19T09:53:46Z</time>
   </trkpt>
   <trkpt lat="51.1410210" lon="-0.5576880">
    <ele>198.8</ele>
    <time>2020-04-19T09:53:48Z</time>
   </trkpt>
   <trkpt lat="51.1410130" lon="-0.5576920">
    <ele>198.9</ele>
    <time>2020-04-19T09:53:49Z</time>
   </trkpt>
   <trkpt lat="51.1409930" lon="-0.5577080">
    <ele>199.0</ele>
    <time>2020-04-19T09:53:51Z</time>
   </trkpt>
   <trkpt lat="51.1409690" lon="-0.5577350">
    <ele>199.2</ele>
    <time>2020-04-19T09:53:53Z</time>
   </trkpt>
   <trkpt lat="51.1409590" lon="-0.5577630">
    <ele>199.3</ele>
    <time>2020-04-19T09:53:55Z</time>
   </trkpt>
   <trkpt lat="51.1409490" lon="-0.5577990">
    <ele>199.4</ele>
    <time>2020-04-19T09:53:57Z</time>
   </trkpt>
   <trkpt lat="51.1409460" lon="-0.5578240">
    <ele>199.5</ele>
    <time>2020-04-19T09:53:58Z</time>
   </trkpt>
   <trkpt lat="51.1409420" lon="-0.5578380">
    <ele>199.6</ele>
    <time>2020-04-19T09:53:59Z</time>
   </trkpt>
   <trkpt lat="51.1409360" lon="-0.5578510">
    <ele>199.6</ele>
    <time>2020-04-19T09:54:00Z</time>
   </trkpt>
   <trkpt lat="51.1409100" lon="-0.5578870">
    <ele>199.8</ele>
    <time>2020-04-19T09:54:02Z</time>
   </trkpt>
   <trkpt lat="51.1409010" lon="-0.5578960">
    <ele>199.9</ele>
    <time>2020-04-19T09:54:03Z</time>
   </trkpt>
   <trkpt lat="51.1408930" lon="-0.5578960">
    <ele>199.9</ele>
    <time>2020-04-19T09:54:04Z</time>
   </trkpt>
   <trkpt lat="51.1408690" lon="-0.5579070">
    <ele>200.1</ele>
    <time>2020-04-19T09:54:06Z</time>
   </trkpt>
   <trkpt lat="51.1408370" lon="-0.5579250">
    <ele>200.2</ele>
    <time>2020-04-19T09:54:08Z</time>
   </trkpt>
   <trkpt lat="51.1408170" lon="-0.5579260">
    <ele>200.3</ele>
    <time>2020-04-19T09:54:10Z</time>
   </trkpt>
   <trkpt lat="51.1408060" lon="-0.5579340">
    <ele>200.4</ele>
    <time>2020-04-19T09:54:11Z</time>
   </trkpt>
   <trkpt lat="51.1407770" lon="-0.5579620">
    <ele>200.5</ele>
    <time>2020-04-19T09:54:13Z</time>
   </trkpt>
   <trkpt lat="51.1407580" lon="-0.5579750">
    <ele>200.6</ele>
    <time>2020-04-19T09:54:15Z</time>
   </trkpt>
   <trkpt lat="51.1407470" lon="-0.5579830">
    <ele>200.6</ele>
    <time>2020-04-19T09:54:16Z</time>
   </trkpt>
   <trkpt lat="51.1407180" lon="-0.5580090">
    <ele>200.7</ele>
    <time>2020-04-19T09:54:17Z</time>
   </trkpt>
   <trkpt lat="51.1407120" lon="-0.5580120">
    <ele>200.7</ele>
    <time>2020-04-19T09:54:19Z</time>
   </trkpt>
   <trkpt lat="51.1406950" lon="-0.5580250">
    <ele>200.7</ele>
    <time>2020-04-19T09:54:21Z</time>
   </trkpt>
   <trkpt lat="51.1406710" lon="-0.5580620">
    <ele>200.8</ele>
    <time>2020-04-19T09:54:23Z</time>
   </trkpt>
   <trkpt lat="51.1406680" lon="-0.5580740">
    <ele>200.8</ele>
    <time>2020-04-19T09:54:24Z</time>
   </trkpt>
   <trkpt lat="51.1406490" lon="-0.5580980">
    <ele>200.8</ele>
    <time>2020-04-19T09:54:26Z</time>
   </trkpt>
   <trkpt lat="51.1406400" lon="-0.5581100">
    <ele>200.8</ele>
    <time>2020-04-19T09:54:27Z</time>
   </trkpt>
   <trkpt lat="51.1406150" lon="-0.5581490">
    <ele>200.8</ele>
    <time>2020-04-19T09:54:29Z</time>
   </trkpt>
   <trkpt lat="51.1406010" lon="-0.5581790">
    <ele>200.8</ele>
    <time>2020-04-19T09:54:31Z</time>
   </trkpt>
   <trkpt lat="51.1405810" lon="-0.5582210">
    <ele>200.8</ele>
    <time>2020-04-19T09:54:33Z</time>
   </trkpt>
   <trkpt lat="51.1405770" lon="-0.5582330">
    <ele>200.8</ele>
    <time>2020-04-19T09:54:34Z</time>
   </trkpt>
   <trkpt lat="51.1405720" lon="-0.5582470">
    <ele>200.8</ele>
    <time>2020-04-19T09:54:35Z</time>
   </trkpt>
   <trkpt lat="51.1405610" lon="-0.5582840">
    <ele>200.8</ele>
    <time>2020-04-19T09:54:37Z</time>
   </trkpt>
   <trkpt lat="51.1405570" lon="-0.5583030">
    <ele>200.8</ele>
    <time>2020-04-19T09:54:38Z</time>
   </trkpt>
   <trkpt lat="51.1405440" lon="-0.5583450">
    <ele>200.7</ele>
    <time>2020-04-19T09:54:40Z</time>
   </trkpt>
   <trkpt lat="51.1405280" lon="-0.5583770">
    <ele>200.7</ele>
    <time>2020-04-19T09:54:41Z</time>
   </trkpt>
   <trkpt lat="51.1405170" lon="-0.5583930">
    <ele>200.7</ele>
    <time>2020-04-19T09:54:42Z</time>
   </trkpt>
   <trkpt lat="51.1405130" lon="-0.5584000">
    <ele>200.7</ele>
    <time>2020-04-19T09:54:44Z</time>
   </trkpt>
   <trkpt lat="51.1404970" lon="-0.5584190">
    <ele>200.7</ele>
    <time>2020-04-19T09:54:46Z</time>
   </trkpt>
   <trkpt lat="51.1404800" lon="-0.5584370">
    <ele>200.7</ele>
    <time>2020-04-19T09:54:48Z</time>
   </trkpt>
   <trkpt lat="51.1404530" lon="-0.5584600">
    <ele>200.7</ele>
    <time>2020-04-19T09:54:49Z</time>
   </trkpt>
   <trkpt lat="51.1404410" lon="-0.5584690">
    <ele>200.7</ele>
    <time>2020-04-19T09:54:51Z</time>
   </trkpt>
   <trkpt lat="51.1404280" lon="-0.5584770">
    <ele>200.7</ele>
    <time>2020-04-19T09:54:53Z</time>
   </trkpt>
   <trkpt lat="51.1404160" lon="-0.5584860">
    <ele>200.6</ele>
    <time>2020-04-19T09:54:54Z</time>
   </trkpt>
   <trkpt lat="51.1404000" lon="-0.5585080">
    <ele>200.6</ele>
    <time>2020-04-19T09:54:56Z</time>
   </trkpt>
   <trkpt lat="51.1403800" lon="-0.5585340">
    <ele>200.6</ele>
    <time>2020-04-19T09:54:58Z</time>
   </trkpt>
   <trkpt lat="51.1403660" lon="-0.5585480">
    <ele>200.5</ele>
    <time>2020-04-19T09:54:59Z</time>
   </trkpt>
   <trkpt lat="51.1403490" lon="-0.5585670">
    <ele>200.5</ele>
    <time>2020-04-19T09:55:01Z</time>
   </trkpt>
   <trkpt lat="51.1403290" lon="-0.5585870">
    <ele>200.4</ele>
    <time>2020-04-19T09:55:03Z</time>
   </trkpt>
   <trkpt lat="51.1403020" lon="-0.5586080">
    <ele>200.3</ele>
    <time>2020-04-19T09:55:05Z</time>
   </trkpt>
   <trkpt lat="51.1402800" lon="-0.5586280">
    <ele>200.1</ele>
    <time>2020-04-19T09:55:07Z</time>
   </trkpt>
   <trkpt lat="51.1402720" lon="-0.5586380">
    <ele>200.1</ele>
    <time>2020-04-19T09:55:08Z</time>
   </trkpt>
   <trkpt lat="51.1402560" lon="-0.5586540">
    <ele>200.0</ele>
    <time>2020-04-19T09:55:09Z</time>
   </trkpt>
   <trkpt lat="51.1402500" lon="-0.5586590">
    <ele>200.0</ele>
    <time>2020-04-19T09:55:10Z</time>
   </trkpt>
   <trkpt lat="51.1402430" lon="-0.5586680">
    <ele>199.9</ele>
    <time>2020-04-19T09:55:11Z</time>
   </trkpt>
   <trkpt lat="51.1402260" lon="-0.5586890">
    <ele>199.8</ele>
    <time>2020-04-19T09:55:13Z</time>
   </trkpt>
   <trkpt lat="51.1402180" lon="-0.5587080">
    <ele>199.8</ele>
    <time>2020-04-19T09:55:14Z</time>
   </trkpt>
   <trkpt lat="51.1402040" lon="-0.5587270">
    <ele>199.7</ele>
    <time>2020-04-19T09:55:16Z</time>
   </trkpt>
   <trkpt lat="51.1401840" lon="-0.5587500">
    <ele>199.6</ele>
    <time>2020-04-19T09:55:18Z</time>
   </trkpt>
   <trkpt lat="51.1401720" lon="-0.5587670">
    <ele>199.5</ele>
    <time>2020-04-19T09:55:19Z</time>
   </trkpt>
   <trkpt lat="51.1401550" lon="-0.5587870">
    <ele>199.4</ele>
    <time>2020-04-19T09:55:21Z</time>
   </trkpt>
   <trkpt lat="51.1401450" lon="-0.5587960">
    <ele>199.4</ele>
    <time>2020-04-19T09:55:22Z</time>
   </trkpt>
   <trkpt lat="51.1401170" lon="-0.5588270">
    <ele>199.4</ele>
    <time>2020-04-19T09:55:24Z</time>
   </trkpt>
   <trkpt lat="51.1401010" lon="-0.5588540">
    <ele>199.3</ele>
    <time>2020-04-19T09:55:26Z</time>
   </trkpt>
   <trkpt lat="51.1400780" lon="-0.5588780">
    <ele>199.3</ele>
    <time>2020-04-19T09:55:28Z</time>
   </trkpt>
   <trkpt lat="51.1400600" lon="-0.5588840">
    <ele>199.3</ele>
    <time>2020-04-19T09:55:29Z</time>
   </trkpt>
   <trkpt lat="51.1400520" lon="-0.5588910">
    <ele>199.3</ele>
    <time>2020-04-19T09:55:30Z</time>
   </trkpt>
   <trkpt lat="51.1400430" lon="-0.5589270">
    <ele>199.3</ele>
    <time>2020-04-19T09:55:32Z</time>
   </trkpt>
   <trkpt lat="51.1400370" lon="-0.5589890">
    <ele>199.2</ele>
    <time>2020-04-19T09:55:34Z</time>
   </trkpt>
   <trkpt lat="51.1400400" lon="-0.5590120">
    <ele>199.2</ele>
    <time>2020-04-19T09:55:35Z</time>
   </trkpt>
   <trkpt lat="51.1400390" lon="-0.5590520">
    <ele>199.2</ele>
    <time>2020-04-19T09:55:37Z</time>
   </trkpt>
   <trkpt lat="51.1400380" lon="-0.5590700">
    <ele>199.2</ele>
    <time>2020-04-19T09:55:38Z</time>
   </trkpt>
   <trkpt lat="51.1400330" lon="-0.5590990">
    <ele>199.2</ele>
    <time>2020-04-19T09:55:39Z</time>
   </trkpt>
   <trkpt lat="51.1400400" lon="-0.5591080">
    <ele>199.2</ele>
    <time>2020-04-19T09:55:41Z</time>
   </trkpt>
   <trkpt lat="51.1400450" lon="-0.5591140">
    <ele>199.2</ele>
    <time>2020-04-19T09:55:43Z</time>
   </trkpt>
   <trkpt lat="51.1400490" lon="-0.5591060">
    <ele>199.2</ele>
    <time>2020-04-19T09:55:44Z</time>
   </trkpt>
   <trkpt lat="51.1400550" lon="-0.5591010">
    <ele>199.2</ele>
    <time>2020-04-19T09:55:46Z</time>
   </trkpt>
   <trkpt lat="51.1400580" lon="-0.5591030">
    <ele>199.2</ele>
    <time>2020-04-19T09:55:47Z</time>
   </trkpt>
   <trkpt lat="51.1400590" lon="-0.5591040">
    <ele>199.2</ele>
    <time>2020-04-19T09:55:49Z</time>
   </trkpt>
   <trkpt lat="51.1400590" lon="-0.5591040">
    <ele>199.2</ele>
    <time>2020-04-19T09:55:50Z</time>
   </trkpt>
   <trkpt lat="51.1400580" lon="-0.5591040">
    <ele>199.2</ele>
    <time>2020-04-19T09:55:51Z</time>
   </trkpt>
   <trkpt lat="51.1400570" lon="-0.5591040">
    <ele>199.2</ele>
    <time>2020-04-19T09:55:53Z</time>
   </trkpt>
   <trkpt lat="51.1400660" lon="-0.5591080">
    <ele>199.2</ele>
    <time>2020-04-19T09:55:54Z</time>
   </trkpt>
   <trkpt lat="51.1400680" lon="-0.5591080">
    <ele>199.2</ele>
    <time>2020-04-19T09:55:56Z</time>
   </trkpt>
   <trkpt lat="51.1400670" lon="-0.5591080">
    <ele>199.2</ele>
    <time>2020-04-19T09:55:58Z</time>
   </trkpt>
   <trkpt lat="51.1400670" lon="-0.5591080">
    <ele>199.2</ele>
    <time>2020-04-19T09:55:59Z</time>
   </trkpt>
   <trkpt lat="51.1400670" lon="-0.5591080">
    <ele>199.2</ele>
    <time>2020-04-19T09:56:01Z</time>
   </trkpt>
   <trkpt lat="51.1400670" lon="-0.5591080">
    <ele>199.2</ele>
    <time>2020-04-19T09:56:02Z</time>
   </trkpt>
   <trkpt lat="51.1400530" lon="-0.5591050">
    <ele>199.2</ele>
    <time>2020-04-19T09:56:04Z</time>
   </trkpt>
   <trkpt lat="51.1400530" lon="-0.5591060">
    <ele>199.2</ele>
    <time>2020-04-19T09:56:05Z</time>
   </trkpt>
   <trkpt lat="51.1400520" lon="-0.5591100">
    <ele>199.2</ele>
    <time>2020-04-19T09:56:07Z</time>
   </trkpt>
   <trkpt lat="51.1400520" lon="-0.5591100">
    <ele>199.2</ele>
    <time>2020-04-19T09:56:09Z</time>
   </trkpt>
   <trkpt lat="51.1400520" lon="-0.5591100">
    <ele>199.2</ele>
    <time>2020-04-19T09:56:11Z</time>
   </trkpt>
   <trkpt lat="51.1400520" lon="-0.5591100">
    <ele>199.2</ele>
    <time>2020-04-19T09:56:12Z</time>
   </trkpt>
   <trkpt lat="51.1400520" lon="-0.5591100">
    <ele>199.2</ele>
    <time>2020-04-19T09:56:14Z</time>
   </trkpt>
   <trkpt lat="51.1400520" lon="-0.5591100">
    <ele>199.2</ele>
    <time>2020-04-19T09:56:15Z</time>
   </trkpt>
   <trkpt lat="51.1400520" lon="-0.5591100">
    <ele>199.2</ele>
    <time>2020-04-19T09:56:16Z</time>
   </trkpt>
   <trkpt lat="51.1400520" lon="-0.5591100">
    <ele>199.2</ele>
    <time>2020-04-19T09:56:17Z</time>
   </trkpt>
   <trkpt lat="51.1400410" lon="-0.5591140">
    <ele>199.2</ele>
    <time>2020-04-19T09:56:19Z</time>
   </trkpt>
   <trkpt lat="51.1400380" lon="-0.5591130">
    <ele>199.2</ele>
    <time>2020-04-19T09:56:20Z</time>
   </trkpt>
   <trkpt lat="51.1400340" lon="-0.5591260">
    <ele>199.2</ele>
    <time>2020-04-19T09:56:21Z</time>
   </trkpt>
   <trkpt lat="51.1400310" lon="-0.5591400">
    <ele>199.2</ele>
    <time>2020-04-19T09:56:23Z</time>
   </trkpt>
   <trkpt lat="51.1400270" lon="-0.5591540">
    <ele>199.3</ele>
    <time>2020-04-19T09:56:24Z</time>
   </trkpt>
   <trkpt lat="51.1400230" lon="-0.5591680">
    <ele>199.3</ele>
    <time>2020-04-19T09:56:25Z</time>
   </trkpt>
   <trkpt lat="51.1400130" lon="-0.5591830">
    <ele>199.3</ele>
    <time>2020-04-19T09:56:26Z</time>
   </trkpt>
   <trkpt lat="51.1399940" lon="-0.5591940">
    <ele>199.3</ele>
    <time>2020-04-19T09:56:27Z</time>
   </trkpt>
   <trkpt lat="51.1399750" lon="-0.5591920">
    <ele>199.4</ele>
    <time>2020-04-19T09:56:28Z</time>
   </trkpt>
   <trkpt lat="51.1399550" lon="-0.5592010">
    <ele>199.4</ele>
    <time>2020-04-19T09:56:30Z</time>
   </trkpt>
   <trkpt lat="51.1399570" lon="-0.5592060">
    <ele>199.4</ele>
    <time>2020-04-19T09:56:31Z</time>
   </trkpt>
   <trkpt lat="51.1399500" lon="-0.5592170">
    <ele>199.5</ele>
    <time>2020-04-19T09:56:33Z</time>
   </trkpt>
   <trkpt lat="51.1399430" lon="-0.5592400">
    <ele>199.5</ele>
    <time>2020-04-19T09:56:34Z</time>
   </trkpt>
   <trkpt lat="51.1399400" lon="-0.5592360">
    <ele>199.5</ele>
    <time>2020-04-19T09:56:35Z</time>
   </trkpt>
   <trkpt lat="51.1399380" lon="-0.5592320">
    <ele>199.6</ele>
    <time>2020-04-19T09:56:36Z</time>
   </trkpt>
   <trkpt lat="51.1399300" lon="-0.5592540">
    <ele>199.6</ele>
    <time>2020-04-19T09:56:38Z</time>
   </trkpt>
   <trkpt lat="51.1399270" lon="-0.5592790">
    <ele>199.5</ele>
    <time>2020-04-19T09:56:39Z</time>
   </trkpt>
   <trkpt lat="51.1399260" lon="-0.5593130">
    <ele>199.4</ele>
    <time>2020-04-19T09:56:41Z</time>
   </trkpt>
   <trkpt lat="51.1399230" lon="-0.5593290">
    <ele>199.4</ele>
    <time>2020-04-19T09:56:42Z</time>
   </trkpt>
   <trkpt lat="51.1399150" lon="-0.5593500">
    <ele>199.4</ele>
    <time>2020-04-19T09:56:44Z</time>
   </trkpt>
   <trkpt lat="51.1399060" lon="-0.5593610">
    <ele>199.4</ele>
    <time>2020-04-19T09:56:45Z</time>
   </trkpt>
   <trkpt lat="51.1398870" lon="-0.5593930">
    <ele>199.3</ele>
    <time>2020-04-19T09:56:47Z</time>
   </trkpt>
   <trkpt lat="51.1398780" lon="-0.5594230">
    <ele>199.3</ele>
    <time>2020-04-19T09:56:49Z</time>
   </trkpt>
   <trkpt lat="51.1398640" lon="-0.5594520">
    <ele>199.3</ele>
    <time>2020-04-19T09:56:51Z</time>
   </trkpt>
   <trkpt lat="51.1398590" lon="-0.5594670">
    <ele>199.3</ele>
    <time>2020-04-19T09:56:52Z</time>
   </trkpt>
   <trkpt lat="51.1398550" lon="-0.5594720">
    <ele>199.3</ele>
    <time>2020-04-19T09:56:54Z</time>
   </trkpt>
   <trkpt lat="51.1398480" lon="-0.5594850">
    <ele>199.2</ele>
    <time>2020-04-19T09:56:55Z</time>
   </trkpt>
   <trkpt lat="51.1398360" lon="-0.5595150">
    <ele>199.2</ele>
    <time>2020-04-19T09:56:57Z</time>
   </trkpt>
   <trkpt lat="51.1398140" lon="-0.5595530">
    <ele>199.2</ele>
    <time>2020-04-19T09:56:59Z</time>
   </trkpt>
   <trkpt lat="51.1398100" lon="-0.5595590">
    <ele>199.2</ele>
    <time>2020-04-19T09:57:00Z</time>
   </trkpt>
   <trkpt lat="51.1398030" lon="-0.5595940">
    <ele>199.2</ele>
    <time>2020-04-19T09:57:02Z</time>
   </trkpt>
   <trkpt lat="51.1398000" lon="-0.5596430">
    <ele>199.2</ele>
    <time>2020-04-19T09:57:04Z</time>
   </trkpt>
   <trkpt lat="51.1397980" lon="-0.5596520">
    <ele>199.2</ele>
    <time>2020-04-19T09:57:05Z</time>
   </trkpt>
   <trkpt lat="51.1397940" lon="-0.5596700">
    <ele>199.2</ele>
    <time>2020-04-19T09:57:06Z</time>
   </trkpt>
   <trkpt lat="51.1397920" lon="-0.5596880">
    <ele>199.3</ele>
    <time>2020-04-19T09:57:07Z</time>
   </trkpt>
   <trkpt lat="51.1397860" lon="-0.5597400">
    <ele>199.3</ele>
    <time>2020-04-19T09:57:09Z</time>
   </trkpt>
   <trkpt lat="51.1397860" lon="-0.5597670">
    <ele>199.3</ele>
    <time>2020-04-19T09:57:11Z</time>
   </trkpt>
   <trkpt lat="51.1397850" lon="-0.5597840">
    <ele>199.4</ele>
    <time>2020-04-19T09:57:12Z</time>
   </trkpt>
   <trkpt lat="51.1397750" lon="-0.5598230">
    <ele>199.4</ele>
    <time>2020-04-19T09:57:14Z</time>
   </trkpt>
   <trkpt lat="51.1397730" lon="-0.5598270">
    <ele>199.4</ele>
    <time>2020-04-19T09:57:15Z</time>
   </trkpt>
   <trkpt lat="51.1397690" lon="-0.5598540">
    <ele>199.5</ele>
    <time>2020-04-19T09:57:17Z</time>
   </trkpt>
   <trkpt lat="51.1397620" lon="-0.5599060">
    <ele>199.5</ele>
    <time>2020-04-19T09:57:19Z</time>
   </trkpt>
   <trkpt lat="51.1397570" lon="-0.5599530">
    <ele>199.6</ele>
    <time>2020-04-19T09:57:21Z</time>
   </trkpt>
   <trkpt lat="51.1397540" lon="-0.5599790">
    <ele>199.6</ele>
    <time>2020-04-19T09:57:22Z</time>
   </trkpt>
   <trkpt lat="51.1397480" lon="-0.5600430">
    <ele>199.6</ele>
    <time>2020-04-19T09:57:24Z</time>
   </trkpt>
   <trkpt lat="51.1397460" lon="-0.5600590">
    <ele>199.6</ele>
    <time>2020-04-19T09:57:25Z</time>
   </trkpt>
   <trkpt lat="51.1397370" lon="-0.5601010">
    <ele>199.6</ele>
    <time>2020-04-19T09:57:27Z</time>
   </trkpt>
   <trkpt lat="51.1397220" lon="-0.5601550">
    <ele>199.6</ele>
    <time>2020-04-19T09:57:29Z</time>
   </trkpt>
   <trkpt lat="51.1397170" lon="-0.5601670">
    <ele>199.6</ele>
    <time>2020-04-19T09:57:30Z</time>
   </trkpt>
   <trkpt lat="51.1397110" lon="-0.5601840">
    <ele>199.6</ele>
    <time>2020-04-19T09:57:31Z</time>
   </trkpt>
   <trkpt lat="51.1397010" lon="-0.5602240">
    <ele>199.6</ele>
    <time>2020-04-19T09:57:33Z</time>
   </trkpt>
   <trkpt lat="51.1396940" lon="-0.5602500">
    <ele>199.6</ele>
    <time>2020-04-19T09:57:34Z</time>
   </trkpt>
   <trkpt lat="51.1396860" lon="-0.5602850">
    <ele>199.5</ele>
    <time>2020-04-19T09:57:36Z</time>
   </trkpt>
   <trkpt lat="51.1396810" lon="-0.5603060">
    <ele>199.5</ele>
    <time>2020-04-19T09:57:37Z</time>
   </trkpt>
   <trkpt lat="51.1396710" lon="-0.5603590">
    <ele>199.5</ele>
    <time>2020-04-19T09:57:39Z</time>
   </trkpt>
   <trkpt lat="51.1396680" lon="-0.5603650">
    <ele>199.5</ele>
    <time>2020-04-19T09:57:40Z</time>
   </trkpt>
   <trkpt lat="51.1396590" lon="-0.5603870">
    <ele>199.5</ele>
    <time>2020-04-19T09:57:42Z</time>
   </trkpt>
   <trkpt lat="51.1396460" lon="-0.5604190">
    <ele>199.4</ele>
    <time>2020-04-19T09:57:44Z</time>
   </trkpt>
   <trkpt lat="51.1396420" lon="-0.5604320">
    <ele>199.4</ele>
    <time>2020-04-19T09:57:46Z</time>
   </trkpt>
   <trkpt lat="51.1396380" lon="-0.5604390">
    <ele>199.4</ele>
    <time>2020-04-19T09:57:47Z</time>
   </trkpt>
   <trkpt lat="51.1396210" lon="-0.5604670">
    <ele>199.4</ele>
    <time>2020-04-19T09:57:49Z</time>
   </trkpt>
   <trkpt lat="51.1396190" lon="-0.5604680">
    <ele>199.4</ele>
    <time>2020-04-19T09:57:50Z</time>
   </trkpt>
   <trkpt lat="51.1396090" lon="-0.5604860">
    <ele>199.3</ele>
    <time>2020-04-19T09:57:52Z</time>
   </trkpt>
   <trkpt lat="51.1395870" lon="-0.5605130">
    <ele>199.3</ele>
    <time>2020-04-19T09:57:54Z</time>
   </trkpt>
   <trkpt lat="51.1395840" lon="-0.5605160">
    <ele>199.3</ele>
    <time>2020-04-19T09:57:55Z</time>
   </trkpt>
   <trkpt lat="51.1395710" lon="-0.5605390">
    <ele>199.3</ele>
    <time>2020-04-19T09:57:57Z</time>
   </trkpt>
   <trkpt lat="51.1395520" lon="-0.5605750">
    <ele>199.2</ele>
    <time>2020-04-19T09:57:59Z</time>
   </trkpt>
   <trkpt lat="51.1395430" lon="-0.5606110">
    <ele>199.2</ele>
    <time>2020-04-19T09:58:00Z</time>
   </trkpt>
   <trkpt lat="51.1395370" lon="-0.5606380">
    <ele>199.2</ele>
    <time>2020-04-19T09:58:02Z</time>
   </trkpt>
   <trkpt lat="51.1395310" lon="-0.5606640">
    <ele>199.1</ele>
    <time>2020-04-19T09:58:04Z</time>
   </trkpt>
   <trkpt lat="51.1395250" lon="-0.5606900">
    <ele>199.1</ele>
    <time>2020-04-19T09:58:05Z</time>
   </trkpt>
   <trkpt lat="51.1395210" lon="-0.5607060">
    <ele>199.1</ele>
    <time>2020-04-19T09:58:06Z</time>
   </trkpt>
   <trkpt lat="51.1395120" lon="-0.5607490">
    <ele>199.0</ele>
    <time>2020-04-19T09:58:08Z</time>
   </trkpt>
   <trkpt lat="51.1395080" lon="-0.5607720">
    <ele>199.0</ele>
    <time>2020-04-19T09:58:09Z</time>
   </trkpt>
   <trkpt lat="51.1394990" lon="-0.5608250">
    <ele>198.9</ele>
    <time>2020-04-19T09:58:11Z</time>
   </trkpt>
   <trkpt lat="51.1394960" lon="-0.5608490">
    <ele>198.8</ele>
    <time>2020-04-19T09:58:12Z</time>
   </trkpt>
   <trkpt lat="51.1394890" lon="-0.5608970">
    <ele>198.7</ele>
    <time>2020-04-19T09:58:14Z</time>
   </trkpt>
   <trkpt lat="51.1394880" lon="-0.5609390">
    <ele>198.6</ele>
    <time>2020-04-19T09:58:15Z</time>
   </trkpt>
   <trkpt lat="51.1394860" lon="-0.5609780">
    <ele>198.5</ele>
    <time>2020-04-19T09:58:17Z</time>
   </trkpt>
   <trkpt lat="51.1394850" lon="-0.5610230">
    <ele>198.4</ele>
    <time>2020-04-19T09:58:19Z</time>
   </trkpt>
   <trkpt lat="51.1394860" lon="-0.5610490">
    <ele>198.3</ele>
    <time>2020-04-19T09:58:20Z</time>
   </trkpt>
   <trkpt lat="51.1394860" lon="-0.5610600">
    <ele>198.3</ele>
    <time>2020-04-19T09:58:21Z</time>
   </trkpt>
   <trkpt lat="51.1394880" lon="-0.5610770">
    <ele>198.3</ele>
    <time>2020-04-19T09:58:22Z</time>
   </trkpt>
   <trkpt lat="51.1394930" lon="-0.5611240">
    <ele>198.1</ele>
    <time>2020-04-19T09:58:24Z</time>
   </trkpt>
   <trkpt lat="51.1394940" lon="-0.5611400">
    <ele>198.1</ele>
    <time>2020-04-19T09:58:25Z</time>
   </trkpt>
   <trkpt lat="51.1394950" lon="-0.5611510">
    <ele>198.1</ele>
    <time>2020-04-19T09:58:26Z</time>
   </trkpt>
   <trkpt lat="51.1395000" lon="-0.5611840">
    <ele>198.0</ele>
    <time>2020-04-19T09:58:28Z</time>
   </trkpt>
   <trkpt lat="51.1395040" lon="-0.5612010">
    <ele>197.9</ele>
    <time>2020-04-19T09:58:29Z</time>
   </trkpt>
   <trkpt lat="51.1395090" lon="-0.5612250">
    <ele>197.9</ele>
    <time>2020-04-19T09:58:30Z</time>
   </trkpt>
   <trkpt lat="51.1395170" lon="-0.5612610">
    <ele>197.8</ele>
    <time>2020-04-19T09:58:32Z</time>
   </trkpt>
   <trkpt lat="51.1395250" lon="-0.5613050">
    <ele>197.7</ele>
    <time>2020-04-19T09:58:34Z</time>
   </trkpt>
   <trkpt lat="51.1395350" lon="-0.5613530">
    <ele>197.5</ele>
    <time>2020-04-19T09:58:35Z</time>
   </trkpt>
   <trkpt lat="51.1395370" lon="-0.5613630">
    <ele>197.5</ele>
    <time>2020-04-19T09:58:36Z</time>
   </trkpt>
   <trkpt lat="51.1395420" lon="-0.5613820">
    <ele>197.4</ele>
    <time>2020-04-19T09:58:37Z</time>
   </trkpt>
   <trkpt lat="51.1395500" lon="-0.5614170">
    <ele>197.3</ele>
    <time>2020-04-19T09:58:39Z</time>
   </trkpt>
   <trkpt lat="51.1395530" lon="-0.5614540">
    <ele>197.2</ele>
    <time>2020-04-19T09:58:40Z</time>
   </trkpt>
   <trkpt lat="51.1395520" lon="-0.5614670">
    <ele>197.2</ele>
    <time>2020-04-19T09:58:41Z</time>
   </trkpt>
   <trkpt lat="51.1395520" lon="-0.5614790">
    <ele>197.2</ele>
    <time>2020-04-19T09:58:42Z</time>
   </trkpt>
   <trkpt lat="51.1395470" lon="-0.5615230">
    <ele>197.0</ele>
    <time>2020-04-19T09:58:44Z</time>
   </trkpt>
   <trkpt lat="51.1395370" lon="-0.5615440">
    <ele>197.0</ele>
    <time>2020-04-19T09:58:45Z</time>
   </trkpt>
   <trkpt lat="51.1395300" lon="-0.5615760">
    <ele>196.9</ele>
    <time>2020-04-19T09:58:47Z</time>
   </trkpt>
   <trkpt lat="51.1395330" lon="-0.5616000">
    <ele>196.8</ele>
    <time>2020-04-19T09:58:49Z</time>
   </trkpt>
   <trkpt lat="51.1395390" lon="-0.5616210">
    <ele>196.8</ele>
    <time>2020-04-19T09:58:50Z</time>
   </trkpt>
   <trkpt lat="51.1395430" lon="-0.5616330">
    <ele>196.7</ele>
    <time>2020-04-19T09:58:51Z</time>
   </trkpt>
   <trkpt lat="51.1395470" lon="-0.5616500">
    <ele>196.7</ele>
    <time>2020-04-19T09:58:52Z</time>
   </trkpt>
   <trkpt lat="51.1395510" lon="-0.5616880">
    <ele>196.6</ele>
    <time>2020-04-19T09:58:54Z</time>
   </trkpt>
   <trkpt lat="51.1395470" lon="-0.5617050">
    <ele>196.5</ele>
    <time>2020-04-19T09:58:55Z</time>
   </trkpt>
   <trkpt lat="51.1395410" lon="-0.5617200">
    <ele>196.5</ele>
    <time>2020-04-19T09:58:57Z</time>
   </trkpt>
   <trkpt lat="51.1395490" lon="-0.5617420">
    <ele>196.4</ele>
    <time>2020-04-19T09:58:59Z</time>
   </trkpt>
   <trkpt lat="51.1395600" lon="-0.5617570">
    <ele>196.3</ele>
    <time>2020-04-19T09:59:00Z</time>
   </trkpt>
   <trkpt lat="51.1395650" lon="-0.5617680">
    <ele>196.3</ele>
    <time>2020-04-19T09:59:01Z</time>
   </trkpt>
   <trkpt lat="51.1395780" lon="-0.5618050">
    <ele>196.2</ele>
    <time>2020-04-19T09:59:03Z</time>
   </trkpt>
   <trkpt lat="51.1395850" lon="-0.5618250">
    <ele>196.2</ele>
    <time>2020-04-19T09:59:04Z</time>
   </trkpt>
   <trkpt lat="51.1395960" lon="-0.5618550">
    <ele>196.1</ele>
    <time>2020-04-19T09:59:05Z</time>
   </trkpt>
   <trkpt lat="51.1396030" lon="-0.5618820">
    <ele>196.0</ele>
    <time>2020-04-19T09:59:07Z</time>
   </trkpt>
   <trkpt lat="51.1396010" lon="-0.5619090">
    <ele>195.9</ele>
    <time>2020-04-19T09:59:09Z</time>
   </trkpt>
   <trkpt lat="51.1395920" lon="-0.5619330">
    <ele>195.9</ele>
    <time>2020-04-19T09:59:10Z</time>
   </trkpt>
   <trkpt lat="51.1395870" lon="-0.5619620">
    <ele>195.8</ele>
    <time>2020-04-19T09:59:12Z</time>
   </trkpt>
   <trkpt lat="51.1395950" lon="-0.5619920">
    <ele>195.7</ele>
    <time>2020-04-19T09:59:14Z</time>
   </trkpt>
   <trkpt lat="51.1396070" lon="-0.5620090">
    <ele>195.7</ele>
    <time>2020-04-19T09:59:15Z</time>
   </trkpt>
   <trkpt lat="51.1396100" lon="-0.5620200">
    <ele>195.6</ele>
    <time>2020-04-19T09:59:17Z</time>
   </trkpt>
   <trkpt lat="51.1396050" lon="-0.5620310">
    <ele>195.6</ele>
    <time>2020-04-19T09:59:19Z</time>
   </trkpt>
   <trkpt lat="51.1395920" lon="-0.5620860">
    <ele>195.5</ele>
    <time>2020-04-19T09:59:21Z</time>
   </trkpt>
   <trkpt lat="51.1395920" lon="-0.5621200">
    <ele>195.4</ele>
    <time>2020-04-19T09:59:23Z</time>
   </trkpt>
   <trkpt lat="51.1395990" lon="-0.5621260">
    <ele>195.4</ele>
    <time>2020-04-19T09:59:25Z</time>
   </trkpt>
   <trkpt lat="51.1396090" lon="-0.5621350">
    <ele>195.3</ele>
    <time>2020-04-19T09:59:27Z</time>
   </trkpt>
   <trkpt lat="51.1396130" lon="-0.5621390">
    <ele>195.3</ele>
    <time>2020-04-19T09:59:29Z</time>
   </trkpt>
   <trkpt lat="51.1396120" lon="-0.5621380">
    <ele>195.3</ele>
    <time>2020-04-19T09:59:31Z</time>
   </trkpt>
   <trkpt lat="51.1396110" lon="-0.5621380">
    <ele>195.3</ele>
    <time>2020-04-19T09:59:33Z</time>
   </trkpt>
   <trkpt lat="51.1396150" lon="-0.5621490">
    <ele>195.3</ele>
    <time>2020-04-19T09:59:34Z</time>
   </trkpt>
   <trkpt lat="51.1396180" lon="-0.5621530">
    <ele>195.3</ele>
    <time>2020-04-19T09:59:35Z</time>
   </trkpt>
   <trkpt lat="51.1396190" lon="-0.5621510">
    <ele>195.3</ele>
    <time>2020-04-19T09:59:36Z</time>
   </trkpt>
   <trkpt lat="51.1396010" lon="-0.5621310">
    <ele>195.2</ele>
    <time>2020-04-19T09:59:38Z</time>
   </trkpt>
   <trkpt lat="51.1395900" lon="-0.5621310">
    <ele>195.1</ele>
    <time>2020-04-19T09:59:39Z</time>
   </trkpt>
   <trkpt lat="51.1395840" lon="-0.5621220">
    <ele>195.1</ele>
    <time>2020-04-19T09:59:40Z</time>
   </trkpt>
   <trkpt lat="51.1395820" lon="-0.5621290">
    <ele>195.1</ele>
    <time>2020-04-19T09:59:42Z</time>
   </trkpt>
   <trkpt lat="51.1395830" lon="-0.5621410">
    <ele>195.1</ele>
    <time>2020-04-19T09:59:43Z</time>
   </trkpt>
   <trkpt lat="51.1395850" lon="-0.5621600">
    <ele>195.0</ele>
    <time>2020-04-19T09:59:45Z</time>
   </trkpt>
   <trkpt lat="51.1395850" lon="-0.5621600">
    <ele>195.0</ele>
    <time>2020-04-19T09:59:46Z</time>
   </trkpt>
   <trkpt lat="51.1395850" lon="-0.5621590">
    <ele>195.0</ele>
    <time>2020-04-19T09:59:47Z</time>
   </trkpt>
   <trkpt lat="51.1395850" lon="-0.5621580">
    <ele>195.0</ele>
    <time>2020-04-19T09:59:48Z</time>
   </trkpt>
   <trkpt lat="51.1395820" lon="-0.5621630">
    <ele>195.0</ele>
    <time>2020-04-19T09:59:51Z</time>
   </trkpt>
   <trkpt lat="51.1395810" lon="-0.5621730">
    <ele>195.0</ele>
    <time>2020-04-19T09:59:52Z</time>
   </trkpt>
   <trkpt lat="51.1395810" lon="-0.5621770">
    <ele>195.0</ele>
    <time>2020-04-19T09:59:53Z</time>
   </trkpt>
   <trkpt lat="51.1395810" lon="-0.5621780">
    <ele>195.0</ele>
    <time>2020-04-19T09:59:55Z</time>
   </trkpt>
   <trkpt lat="51.1395790" lon="-0.5621940">
    <ele>194.9</ele>
    <time>2020-04-19T09:59:57Z</time>
   </trkpt>
   <trkpt lat="51.1395790" lon="-0.5621990">
    <ele>194.9</ele>
    <time>2020-04-19T09:59:58Z</time>
   </trkpt>
   <trkpt lat="51.1395820" lon="-0.5622120">
    <ele>194.9</ele>
    <time>2020-04-19T10:00:00Z</time>
   </trkpt>
   <trkpt lat="51.1395810" lon="-0.5622160">
    <ele>194.9</ele>
    <time>2020-04-19T10:00:01Z</time>
   </trkpt>
   <trkpt lat="51.1395820" lon="-0.5622330">
    <ele>194.9</ele>
    <time>2020-04-19T10:00:03Z</time>
   </trkpt>
   <trkpt lat="51.1395850" lon="-0.5622540">
    <ele>194.8</ele>
    <time>2020-04-19T10:00:05Z</time>
   </trkpt>
   <trkpt lat="51.1395810" lon="-0.5622740">
    <ele>194.8</ele>
    <time>2020-04-19T10:00:07Z</time>
   </trkpt>
   <trkpt lat="51.1395740" lon="-0.5622780">
    <ele>194.7</ele>
    <time>2020-04-19T10:00:09Z</time>
   </trkpt>
   <trkpt lat="51.1395680" lon="-0.5622790">
    <ele>194.7</ele>
    <time>2020-04-19T10:00:10Z</time>
   </trkpt>
   <trkpt lat="51.1395640" lon="-0.5622820">
    <ele>194.7</ele>
    <time>2020-04-19T10:00:11Z</time>
   </trkpt>
   <trkpt lat="51.1395640" lon="-0.5622840">
    <ele>194.7</ele>
    <time>2020-04-19T10:00:12Z</time>
   </trkpt>
   <trkpt lat="51.1395670" lon="-0.5622870">
    <ele>194.7</ele>
    <time>2020-04-19T10:00:14Z</time>
   </trkpt>
   <trkpt lat="51.1395840" lon="-0.5622850">
    <ele>194.6</ele>
    <time>2020-04-19T10:00:16Z</time>
   </trkpt>
   <trkpt lat="51.1395940" lon="-0.5622860">
    <ele>194.6</ele>
    <time>2020-04-19T10:00:17Z</time>
   </trkpt>
   <trkpt lat="51.1396170" lon="-0.5622960">
    <ele>194.5</ele>
    <time>2020-04-19T10:00:19Z</time>
   </trkpt>
   <trkpt lat="51.1396330" lon="-0.5623170">
    <ele>194.5</ele>
    <time>2020-04-19T10:00:20Z</time>
   </trkpt>
   <trkpt lat="51.1396340" lon="-0.5623190">
    <ele>194.5</ele>
    <time>2020-04-19T10:00:22Z</time>
   </trkpt>
   <trkpt lat="51.1396320" lon="-0.5623210">
    <ele>194.4</ele>
    <time>2020-04-19T10:00:23Z</time>
   </trkpt>
   <trkpt lat="51.1396450" lon="-0.5623220">
    <ele>194.4</ele>
    <time>2020-04-19T10:00:24Z</time>
   </trkpt>
   <trkpt lat="51.1396460" lon="-0.5623130">
    <ele>194.4</ele>
    <time>2020-04-19T10:00:27Z</time>
   </trkpt>
   <trkpt lat="51.1396470" lon="-0.5623090">
    <ele>194.4</ele>
    <time>2020-04-19T10:00:28Z</time>
   </trkpt>
   <trkpt lat="51.1396490" lon="-0.5623060">
    <ele>194.4</ele>
    <time>2020-04-19T10:00:30Z</time>
   </trkpt>
   <trkpt lat="51.1396480" lon="-0.5623050">
    <ele>194.4</ele>
    <time>2020-04-19T10:00:31Z</time>
   </trkpt>
   <trkpt lat="51.1396490" lon="-0.5623040">
    <ele>194.4</ele>
    <time>2020-04-19T10:00:33Z</time>
   </trkpt>
   <trkpt lat="51.1396430" lon="-0.5622950">
    <ele>194.3</ele>
    <time>2020-04-19T10:00:35Z</time>
   </trkpt>
   <trkpt lat="51.1396420" lon="-0.5622930">
    <ele>194.3</ele>
    <time>2020-04-19T10:00:37Z</time>
   </trkpt>
   <trkpt lat="51.1396520" lon="-0.5622930">
    <ele>194.3</ele>
    <time>2020-04-19T10:00:39Z</time>
   </trkpt>
   <trkpt lat="51.1396520" lon="-0.5622920">
    <ele>194.3</ele>
    <time>2020-04-19T10:00:40Z</time>
   </trkpt>
   <trkpt lat="51.1396540" lon="-0.5622920">
    <ele>194.3</ele>
    <time>2020-04-19T10:00:41Z</time>
   </trkpt>
   <trkpt lat="51.1396550" lon="-0.5622940">
    <ele>194.3</ele>
    <time>2020-04-19T10:00:43Z</time>
   </trkpt>
   <trkpt lat="51.1396540" lon="-0.5622960">
    <ele>194.3</ele>
    <time>2020-04-19T10:00:44Z</time>
   </trkpt>
   <trkpt lat="51.1396530" lon="-0.5622980">
    <ele>194.3</ele>
    <time>2020-04-19T10:00:46Z</time>
   </trkpt>
   <trkpt lat="51.1396610" lon="-0.5623140">
    <ele>194.2</ele>
    <time>2020-04-19T10:00:48Z</time>
   </trkpt>
   <trkpt lat="51.1396640" lon="-0.5623200">
    <ele>194.2</ele>
    <time>2020-04-19T10:00:50Z</time>
   </trkpt>
   <trkpt lat="51.1396650" lon="-0.5623190">
    <ele>194.2</ele>
    <time>2020-04-19T10:00:52Z</time>
   </trkpt>
   <trkpt lat="51.1396610" lon="-0.5623190">
    <ele>194.2</ele>
    <time>2020-04-19T10:00:53Z</time>
   </trkpt>
   <trkpt lat="51.1396540" lon="-0.5623190">
    <ele>194.2</ele>
    <time>2020-04-19T10:00:54Z</time>
   </trkpt>
   <trkpt lat="51.1396540" lon="-0.5623190">
    <ele>194.2</ele>
    <time>2020-04-19T10:00:56Z</time>
   </trkpt>
   <trkpt lat="51.1396530" lon="-0.5623200">
    <ele>194.2</ele>
    <time>2020-04-19T10:00:57Z</time>
   </trkpt>
   <trkpt lat="51.1396530" lon="-0.5623230">
    <ele>194.2</ele>
    <time>2020-04-19T10:00:58Z</time>
   </trkpt>
   <trkpt lat="51.1396530" lon="-0.5623250">
    <ele>194.1</ele>
    <time>2020-04-19T10:00:59Z</time>
   </trkpt>
   <trkpt lat="51.1396530" lon="-0.5623260">
    <ele>194.1</ele>
    <time>2020-04-19T10:01:01Z</time>
   </trkpt>
   <trkpt lat="51.1396550" lon="-0.5623290">
    <ele>194.1</ele>
    <time>2020-04-19T10:01:02Z</time>
   </trkpt>
   <trkpt lat="51.1396560" lon="-0.5623320">
    <ele>194.1</ele>
    <time>2020-04-19T10:01:03Z</time>
   </trkpt>
   <trkpt lat="51.1396560" lon="-0.5623330">
    <ele>194.1</ele>
    <time>2020-04-19T10:01:04Z</time>
   </trkpt>
   <trkpt lat="51.1396560" lon="-0.5623320">
    <ele>194.1</ele>
    <time>2020-04-19T10:01:07Z</time>
   </trkpt>
   <trkpt lat="51.1396560" lon="-0.5623320">
    <ele>194.1</ele>
    <time>2020-04-19T10:01:08Z</time>
   </trkpt>
   <trkpt lat="51.1396700" lon="-0.5623420">
    <ele>194.1</ele>
    <time>2020-04-19T10:01:10Z</time>
   </trkpt>
   <trkpt lat="51.1396750" lon="-0.5623430">
    <ele>194.1</ele>
    <time>2020-04-19T10:01:12Z</time>
   </trkpt>
   <trkpt lat="51.1396720" lon="-0.5623420">
    <ele>194.0</ele>
    <time>2020-04-19T10:01:13Z</time>
   </trkpt>
   <trkpt lat="51.1396700" lon="-0.5623400">
    <ele>194.0</ele>
    <time>2020-04-19T10:01:14Z</time>
   </trkpt>
   <trkpt lat="51.1396700" lon="-0.5623400">
    <ele>194.0</ele>
    <time>2020-04-19T10:01:15Z</time>
   </trkpt>
   <trkpt lat="51.1396700" lon="-0.5623400">
    <ele>194.0</ele>
    <time>2020-04-19T10:01:17Z</time>
   </trkpt>
   <trkpt lat="51.1396700" lon="-0.5623410">
    <ele>194.0</ele>
    <time>2020-04-19T10:01:19Z</time>
   </trkpt>
   <trkpt lat="51.1396700" lon="-0.5623410">
    <ele>194.0</ele>
    <time>2020-04-19T10:01:20Z</time>
   </trkpt>
   <trkpt lat="51.1396680" lon="-0.5623400">
    <ele>194.0</ele>
    <time>2020-04-19T10:01:21Z</time>
   </trkpt>
   <trkpt lat="51.1396710" lon="-0.5623510">
    <ele>194.0</ele>
    <time>2020-04-19T10:01:23Z</time>
   </trkpt>
   <trkpt lat="51.1396640" lon="-0.5623580">
    <ele>194.0</ele>
    <time>2020-04-19T10:01:24Z</time>
   </trkpt>
   <trkpt lat="51.1396610" lon="-0.5623580">
    <ele>194.0</ele>
    <time>2020-04-19T10:01:25Z</time>
   </trkpt>
   <trkpt lat="51.1396570" lon="-0.5623610">
    <ele>194.0</ele>
    <time>2020-04-19T10:01:28Z</time>
   </trkpt>
   <trkpt lat="51.1396530" lon="-0.5623570">
    <ele>193.9</ele>
    <time>2020-04-19T10:01:30Z</time>
   </trkpt>
   <trkpt lat="51.1396510" lon="-0.5623490">
    <ele>193.9</ele>
    <time>2020-04-19T10:01:31Z</time>
   </trkpt>
   <trkpt lat="51.1396470" lon="-0.5623370">
    <ele>193.9</ele>
    <time>2020-04-19T10:01:33Z</time>
   </trkpt>
   <trkpt lat="51.1396440" lon="-0.5623330">
    <ele>193.9</ele>
    <time>2020-04-19T10:01:34Z</time>
   </trkpt>
   <trkpt lat="51.1396390" lon="-0.5623290">
    <ele>193.9</ele>
    <time>2020-04-19T10:01:35Z</time>
   </trkpt>
   <trkpt lat="51.1396400" lon="-0.5623220">
    <ele>193.8</ele>
    <time>2020-04-19T10:01:37Z</time>
   </trkpt>
   <trkpt lat="51.1396430" lon="-0.5623190">
    <ele>193.8</ele>
    <time>2020-04-19T10:01:38Z</time>
   </trkpt>
   <trkpt lat="51.1396460" lon="-0.5623170">
    <ele>193.8</ele>
    <time>2020-04-19T10:01:39Z</time>
   </trkpt>
   <trkpt lat="51.1396430" lon="-0.5623150">
    <ele>193.8</ele>
    <time>2020-04-19T10:01:40Z</time>
   </trkpt>
   <trkpt lat="51.1396410" lon="-0.5623160">
    <ele>193.8</ele>
    <time>2020-04-19T10:01:42Z</time>
   </trkpt>
   <trkpt lat="51.1396370" lon="-0.5623230">
    <ele>193.8</ele>
    <time>2020-04-19T10:01:44Z</time>
   </trkpt>
   <trkpt lat="51.1396360" lon="-0.5623270">
    <ele>193.8</ele>
    <time>2020-04-19T10:01:46Z</time>
   </trkpt>
   <trkpt lat="51.1396300" lon="-0.5623380">
    <ele>193.7</ele>
    <time>2020-04-19T10:01:48Z</time>
   </trkpt>
   <trkpt lat="51.1396270" lon="-0.5623440">
    <ele>193.7</ele>
    <time>2020-04-19T10:01:49Z</time>
   </trkpt>
   <trkpt lat="51.1396270" lon="-0.5623560">
    <ele>193.7</ele>
    <time>2020-04-19T10:01:51Z</time>
   </trkpt>
   <trkpt lat="51.1396240" lon="-0.5623740">
    <ele>193.7</ele>
    <time>2020-04-19T10:01:53Z</time>
   </trkpt>
   <trkpt lat="51.1396290" lon="-0.5623920">
    <ele>193.6</ele>
    <time>2020-04-19T10:01:54Z</time>
   </trkpt>
   <trkpt lat="51.1396290" lon="-0.5623930">
    <ele>193.6</ele>
    <time>2020-04-19T10:01:55Z</time>
   </trkpt>
   <trkpt lat="51.1396290" lon="-0.5624050">
    <ele>193.6</ele>
    <time>2020-04-19T10:01:57Z</time>
   </trkpt>
   <trkpt lat="51.1396280" lon="-0.5624170">
    <ele>193.6</ele>
    <time>2020-04-19T10:01:58Z</time>
   </trkpt>
   <trkpt lat="51.1396230" lon="-0.5624450">
    <ele>193.6</ele>
    <time>2020-04-19T10:01:59Z</time>
   </trkpt>
   <trkpt lat="51.1396180" lon="-0.5624800">
    <ele>193.7</ele>
    <time>2020-04-19T10:02:01Z</time>
   </trkpt>
   <trkpt lat="51.1396160" lon="-0.5625210">
    <ele>193.7</ele>
    <time>2020-04-19T10:02:03Z</time>
   </trkpt>
   <trkpt lat="51.1396200" lon="-0.5625580">
    <ele>193.8</ele>
    <time>2020-04-19T10:02:05Z</time>
   </trkpt>
   <trkpt lat="51.1396200" lon="-0.5625760">
    <ele>193.9</ele>
    <time>2020-04-19T10:02:06Z</time>
   </trkpt>
   <trkpt lat="51.1396170" lon="-0.5626060">
    <ele>193.9</ele>
    <time>2020-04-19T10:02:08Z</time>
   </trkpt>
   <trkpt lat="51.1396130" lon="-0.5626460">
    <ele>194.0</ele>
    <time>2020-04-19T10:02:10Z</time>
   </trkpt>
   <trkpt lat="51.1396100" lon="-0.5626820">
    <ele>194.0</ele>
    <time>2020-04-19T10:02:12Z</time>
   </trkpt>
   <trkpt lat="51.1396010" lon="-0.5627310">
    <ele>194.1</ele>
    <time>2020-04-19T10:02:14Z</time>
   </trkpt>
   <trkpt lat="51.1395980" lon="-0.5627620">
    <ele>194.1</ele>
    <time>2020-04-19T10:02:16Z</time>
   </trkpt>
   <trkpt lat="51.1395960" lon="-0.5627830">
    <ele>194.2</ele>
    <time>2020-04-19T10:02:17Z</time>
   </trkpt>
   <trkpt lat="51.1395970" lon="-0.5628310">
    <ele>194.2</ele>
    <time>2020-04-19T10:02:19Z</time>
   </trkpt>
   <trkpt lat="51.1395990" lon="-0.5628590">
    <ele>194.2</ele>
    <time>2020-04-19T10:02:21Z</time>
   </trkpt>
   <trkpt lat="51.1395980" lon="-0.5628990">
    <ele>194.2</ele>
    <time>2020-04-19T10:02:23Z</time>
   </trkpt>
   <trkpt lat="51.1396000" lon="-0.5629310">
    <ele>194.2</ele>
    <time>2020-04-19T10:02:24Z</time>
   </trkpt>
   <trkpt lat="51.1396030" lon="-0.5629580">
    <ele>194.3</ele>
    <time>2020-04-19T10:02:26Z</time>
   </trkpt>
   <trkpt lat="51.1396000" lon="-0.5629750">
    <ele>194.3</ele>
    <time>2020-04-19T10:02:27Z</time>
   </trkpt>
   <trkpt lat="51.1395880" lon="-0.5630240">
    <ele>194.3</ele>
    <time>2020-04-19T10:02:29Z</time>
   </trkpt>
   <trkpt lat="51.1395870" lon="-0.5630700">
    <ele>194.3</ele>
    <time>2020-04-19T10:02:31Z</time>
   </trkpt>
   <trkpt lat="51.1395850" lon="-0.5630900">
    <ele>194.3</ele>
    <time>2020-04-19T10:02:32Z</time>
   </trkpt>
   <trkpt lat="51.1395740" lon="-0.5631390">
    <ele>194.4</ele>
    <time>2020-04-19T10:02:34Z</time>
   </trkpt>
   <trkpt lat="51.1395700" lon="-0.5631540">
    <ele>194.4</ele>
    <time>2020-04-19T10:02:35Z</time>
   </trkpt>
   <trkpt lat="51.1395680" lon="-0.5631890">
    <ele>194.4</ele>
    <time>2020-04-19T10:02:37Z</time>
   </trkpt>
   <trkpt lat="51.1395670" lon="-0.5632080">
    <ele>194.4</ele>
    <time>2020-04-19T10:02:38Z</time>
   </trkpt>
   <trkpt lat="51.1395630" lon="-0.5632430">
    <ele>194.4</ele>
    <time>2020-04-19T10:02:40Z</time>
   </trkpt>
   <trkpt lat="51.1395580" lon="-0.5632600">
    <ele>194.5</ele>
    <time>2020-04-19T10:02:41Z</time>
   </trkpt>
   <trkpt lat="51.1395480" lon="-0.5632940">
    <ele>194.5</ele>
    <time>2020-04-19T10:02:43Z</time>
   </trkpt>
   <trkpt lat="51.1395330" lon="-0.5633570">
    <ele>194.6</ele>
    <time>2020-04-19T10:02:45Z</time>
   </trkpt>
   <trkpt lat="51.1395250" lon="-0.5633750">
    <ele>194.6</ele>
    <time>2020-04-19T10:02:47Z</time>
   </trkpt>
   <trkpt lat="51.1395180" lon="-0.5633940">
    <ele>194.6</ele>
    <time>2020-04-19T10:02:48Z</time>
   </trkpt>
   <trkpt lat="51.1395060" lon="-0.5634170">
    <ele>194.6</ele>
    <time>2020-04-19T10:02:49Z</time>
   </trkpt>
   <trkpt lat="51.1394940" lon="-0.5634510">
    <ele>194.7</ele>
    <time>2020-04-19T10:02:51Z</time>
   </trkpt>
   <trkpt lat="51.1394810" lon="-0.5635100">
    <ele>194.7</ele>
    <time>2020-04-19T10:02:53Z</time>
   </trkpt>
   <trkpt lat="51.1394790" lon="-0.5635280">
    <ele>194.7</ele>
    <time>2020-04-19T10:02:55Z</time>
   </trkpt>
   <trkpt lat="51.1394760" lon="-0.5635470">
    <ele>194.6</ele>
    <time>2020-04-19T10:02:56Z</time>
   </trkpt>
   <trkpt lat="51.1394800" lon="-0.5635990">
    <ele>194.6</ele>
    <time>2020-04-19T10:02:58Z</time>
   </trkpt>
   <trkpt lat="51.1394810" lon="-0.5636120">
    <ele>194.6</ele>
    <time>2020-04-19T10:02:59Z</time>
   </trkpt>
   <trkpt lat="51.1394800" lon="-0.5636300">
    <ele>194.5</ele>
    <time>2020-04-19T10:03:00Z</time>
   </trkpt>
   <trkpt lat="51.1394730" lon="-0.5636540">
    <ele>194.6</ele>
    <time>2020-04-19T10:03:02Z</time>
   </trkpt>
   <trkpt lat="51.1394680" lon="-0.5636600">
    <ele>194.5</ele>
    <time>2020-04-19T10:03:03Z</time>
   </trkpt>
   <trkpt lat="51.1394660" lon="-0.5636720">
    <ele>194.4</ele>
    <time>2020-04-19T10:03:04Z</time>
   </trkpt>
   <trkpt lat="51.1394590" lon="-0.5636580">
    <ele>194.4</ele>
    <time>2020-04-19T10:03:06Z</time>
   </trkpt>
   <trkpt lat="51.1394550" lon="-0.5636470">
    <ele>194.2</ele>
    <time>2020-04-19T10:03:08Z</time>
   </trkpt>
   <trkpt lat="51.1394520" lon="-0.5636360">
    <ele>194.1</ele>
    <time>2020-04-19T10:03:09Z</time>
   </trkpt>
   <trkpt lat="51.1394520" lon="-0.5636310">
    <ele>194.0</ele>
    <time>2020-04-19T10:03:10Z</time>
   </trkpt>
   <trkpt lat="51.1394480" lon="-0.5636090">
    <ele>194.0</ele>
    <time>2020-04-19T10:03:12Z</time>
   </trkpt>
   <trkpt lat="51.1394470" lon="-0.5636010">
    <ele>193.8</ele>
    <time>2020-04-19T10:03:13Z</time>
   </trkpt>
   <trkpt lat="51.1394460" lon="-0.5635900">
    <ele>193.7</ele>
    <time>2020-04-19T10:03:15Z</time>
   </trkpt>
   <trkpt lat="51.1394540" lon="-0.5635850">
    <ele>193.7</ele>
    <time>2020-04-19T10:03:16Z</time>
   </trkpt>
   <trkpt lat="51.1394570" lon="-0.5635870">
    <ele>193.6</ele>
    <time>2020-04-19T10:03:18Z</time>
   </trkpt>
   <trkpt lat="51.1394560" lon="-0.5635900">
    <ele>193.5</ele>
    <time>2020-04-19T10:03:19Z</time>
   </trkpt>
   <trkpt lat="51.1394580" lon="-0.5635910">
    <ele>193.5</ele>
    <time>2020-04-19T10:03:20Z</time>
   </trkpt>
   <trkpt lat="51.1394600" lon="-0.5635910">
    <ele>193.4</ele>
    <time>2020-04-19T10:03:21Z</time>
   </trkpt>
   <trkpt lat="51.1394580" lon="-0.5635910">
    <ele>193.3</ele>
    <time>2020-04-19T10:03:23Z</time>
   </trkpt>
   <trkpt lat="51.1394580" lon="-0.5635940">
    <ele>193.3</ele>
    <time>2020-04-19T10:03:24Z</time>
   </trkpt>
   <trkpt lat="51.1394570" lon="-0.5636060">
    <ele>193.2</ele>
    <time>2020-04-19T10:03:26Z</time>
   </trkpt>
   <trkpt lat="51.1394580" lon="-0.5636130">
    <ele>193.2</ele>
    <time>2020-04-19T10:03:27Z</time>
   </trkpt>
   <trkpt lat="51.1394660" lon="-0.5636330">
    <ele>193.1</ele>
    <time>2020-04-19T10:03:29Z</time>
   </trkpt>
   <trkpt lat="51.1394720" lon="-0.5636370">
    <ele>193.1</ele>
    <time>2020-04-19T10:03:30Z</time>
   </trkpt>
   <trkpt lat="51.1394800" lon="-0.5636420">
    <ele>193.0</ele>
    <time>2020-04-19T10:03:31Z</time>
   </trkpt>
   <trkpt lat="51.1394850" lon="-0.5636490">
    <ele>192.9</ele>
    <time>2020-04-19T10:03:32Z</time>
   </trkpt>
   <trkpt lat="51.1395000" lon="-0.5636610">
    <ele>193.0</ele>
    <time>2020-04-19T10:03:34Z</time>
   </trkpt>
   <trkpt lat="51.1395040" lon="-0.5636590">
    <ele>192.9</ele>
    <time>2020-04-19T10:03:35Z</time>
   </trkpt>
   <trkpt lat="51.1395090" lon="-0.5636580">
    <ele>192.8</ele>
    <time>2020-04-19T10:03:37Z</time>
   </trkpt>
   <trkpt lat="51.1395170" lon="-0.5636620">
    <ele>192.7</ele>
    <time>2020-04-19T10:03:38Z</time>
   </trkpt>
   <trkpt lat="51.1395360" lon="-0.5636730">
    <ele>192.7</ele>
    <time>2020-04-19T10:03:40Z</time>
   </trkpt>
   <trkpt lat="51.1395440" lon="-0.5636750">
    <ele>192.6</ele>
    <time>2020-04-19T10:03:41Z</time>
   </trkpt>
   <trkpt lat="51.1395540" lon="-0.5636800">
    <ele>192.6</ele>
    <time>2020-04-19T10:03:42Z</time>
   </trkpt>
   <trkpt lat="51.1395720" lon="-0.5636920">
    <ele>192.4</ele>
    <time>2020-04-19T10:03:44Z</time>
   </trkpt>
   <trkpt lat="51.1395730" lon="-0.5636930">
    <ele>192.4</ele>
    <time>2020-04-19T10:03:45Z</time>
   </trkpt>
   <trkpt lat="51.1395820" lon="-0.5637020">
    <ele>192.4</ele>
    <time>2020-04-19T10:03:47Z</time>
   </trkpt>
   <trkpt lat="51.1396070" lon="-0.5637150">
    <ele>192.2</ele>
    <time>2020-04-19T10:03:49Z</time>
   </trkpt>
   <trkpt lat="51.1396240" lon="-0.5637150">
    <ele>192.1</ele>
    <time>2020-04-19T10:03:51Z</time>
   </trkpt>
   <trkpt lat="51.1396310" lon="-0.5637130">
    <ele>192.0</ele>
    <time>2020-04-19T10:03:52Z</time>
   </trkpt>
   <trkpt lat="51.1396510" lon="-0.5637140">
    <ele>191.9</ele>
    <time>2020-04-19T10:03:54Z</time>
   </trkpt>
   <trkpt lat="51.1396820" lon="-0.5637250">
    <ele>191.7</ele>
    <time>2020-04-19T10:03:56Z</time>
   </trkpt>
   <trkpt lat="51.1396990" lon="-0.5637290">
    <ele>191.6</ele>
    <time>2020-04-19T10:03:57Z</time>
   </trkpt>
   <trkpt lat="51.1397310" lon="-0.5637330">
    <ele>191.4</ele>
    <time>2020-04-19T10:03:59Z</time>
   </trkpt>
   <trkpt lat="51.1397440" lon="-0.5637330">
    <ele>191.3</ele>
    <time>2020-04-19T10:04:00Z</time>
   </trkpt>
   <trkpt lat="51.1397570" lon="-0.5637320">
    <ele>191.2</ele>
    <time>2020-04-19T10:04:01Z</time>
   </trkpt>
   <trkpt lat="51.1397770" lon="-0.5637310">
    <ele>191.1</ele>
    <time>2020-04-19T10:04:03Z</time>
   </trkpt>
   <trkpt lat="51.1397960" lon="-0.5637370">
    <ele>191.0</ele>
    <time>2020-04-19T10:04:04Z</time>
   </trkpt>
   <trkpt lat="51.1398180" lon="-0.5637510">
    <ele>190.8</ele>
    <time>2020-04-19T10:04:06Z</time>
   </trkpt>
   <trkpt lat="51.1398270" lon="-0.5637600">
    <ele>190.7</ele>
    <time>2020-04-19T10:04:07Z</time>
   </trkpt>
   <trkpt lat="51.1398580" lon="-0.5637970">
    <ele>190.5</ele>
    <time>2020-04-19T10:04:09Z</time>
   </trkpt>
   <trkpt lat="51.1398670" lon="-0.5638100">
    <ele>190.4</ele>
    <time>2020-04-19T10:04:10Z</time>
   </trkpt>
   <trkpt lat="51.1398920" lon="-0.5638330">
    <ele>190.2</ele>
    <time>2020-04-19T10:04:12Z</time>
   </trkpt>
   <trkpt lat="51.1399340" lon="-0.5638490">
    <ele>189.9</ele>
    <time>2020-04-19T10:04:14Z</time>
   </trkpt>
   <trkpt lat="51.1399550" lon="-0.5638620">
    <ele>189.8</ele>
    <time>2020-04-19T10:04:16Z</time>
   </trkpt>
   <trkpt lat="51.1399660" lon="-0.5638690">
    <ele>189.7</ele>
    <time>2020-04-19T10:04:17Z</time>
   </trkpt>
   <trkpt lat="51.1399910" lon="-0.5638870">
    <ele>189.5</ele>
    <time>2020-04-19T10:04:19Z</time>
   </trkpt>
   <trkpt lat="51.1400100" lon="-0.5638970">
    <ele>189.4</ele>
    <time>2020-04-19T10:04:21Z</time>
   </trkpt>
   <trkpt lat="51.1400380" lon="-0.5639110">
    <ele>189.2</ele>
    <time>2020-04-19T10:04:23Z</time>
   </trkpt>
   <trkpt lat="51.1400590" lon="-0.5639210">
    <ele>189.0</ele>
    <time>2020-04-19T10:04:24Z</time>
   </trkpt>
   <trkpt lat="51.1400820" lon="-0.5639310">
    <ele>188.8</ele>
    <time>2020-04-19T10:04:26Z</time>
   </trkpt>
   <trkpt lat="51.1400950" lon="-0.5639360">
    <ele>188.7</ele>
    <time>2020-04-19T10:04:27Z</time>
   </trkpt>
   <trkpt lat="51.1401260" lon="-0.5639530">
    <ele>188.5</ele>
    <time>2020-04-19T10:04:29Z</time>
   </trkpt>
   <trkpt lat="51.1401370" lon="-0.5639610">
    <ele>188.4</ele>
    <time>2020-04-19T10:04:30Z</time>
   </trkpt>
   <trkpt lat="51.1401480" lon="-0.5639710">
    <ele>188.3</ele>
    <time>2020-04-19T10:04:31Z</time>
   </trkpt>
   <trkpt lat="51.1401710" lon="-0.5639890">
    <ele>188.1</ele>
    <time>2020-04-19T10:04:33Z</time>
   </trkpt>
   <trkpt lat="51.1401900" lon="-0.5640010">
    <ele>188.0</ele>
    <time>2020-04-19T10:04:34Z</time>
   </trkpt>
   <trkpt lat="51.1402110" lon="-0.5640200">
    <ele>187.8</ele>
    <time>2020-04-19T10:04:36Z</time>
   </trkpt>
   <trkpt lat="51.1402350" lon="-0.5640370">
    <ele>187.6</ele>
    <time>2020-04-19T10:04:37Z</time>
   </trkpt>
   <trkpt lat="51.1402560" lon="-0.5640570">
    <ele>187.4</ele>
    <time>2020-04-19T10:04:39Z</time>
   </trkpt>
   <trkpt lat="51.1402640" lon="-0.5640660">
    <ele>187.4</ele>
    <time>2020-04-19T10:04:40Z</time>
   </trkpt>
   <trkpt lat="51.1402900" lon="-0.5640770">
    <ele>187.2</ele>
    <time>2020-04-19T10:04:42Z</time>
   </trkpt>
   <trkpt lat="51.1403270" lon="-0.5640980">
    <ele>186.9</ele>
    <time>2020-04-19T10:04:44Z</time>
   </trkpt>
   <trkpt lat="51.1403360" lon="-0.5641060">
    <ele>186.8</ele>
    <time>2020-04-19T10:04:45Z</time>
   </trkpt>
   <trkpt lat="51.1403470" lon="-0.5641150">
    <ele>186.8</ele>
    <time>2020-04-19T10:04:46Z</time>
   </trkpt>
   <trkpt lat="51.1403570" lon="-0.5641290">
    <ele>186.7</ele>
    <time>2020-04-19T10:04:47Z</time>
   </trkpt>
   <trkpt lat="51.1403910" lon="-0.5641640">
    <ele>186.4</ele>
    <time>2020-04-19T10:04:49Z</time>
   </trkpt>
   <trkpt lat="51.1404100" lon="-0.5641750">
    <ele>186.2</ele>
    <time>2020-04-19T10:04:51Z</time>
   </trkpt>
   <trkpt lat="51.1404220" lon="-0.5641800">
    <ele>186.2</ele>
    <time>2020-04-19T10:04:52Z</time>
   </trkpt>
   <trkpt lat="51.1404420" lon="-0.5641890">
    <ele>186.0</ele>
    <time>2020-04-19T10:04:54Z</time>
   </trkpt>
   <trkpt lat="51.1404570" lon="-0.5641950">
    <ele>185.9</ele>
    <time>2020-04-19T10:04:56Z</time>
   </trkpt>
   <trkpt lat="51.1404730" lon="-0.5642050">
    <ele>185.8</ele>
    <time>2020-04-19T10:04:58Z</time>
   </trkpt>
   <trkpt lat="51.1404900" lon="-0.5642170">
    <ele>185.7</ele>
    <time>2020-04-19T10:04:59Z</time>
   </trkpt>
   <trkpt lat="51.1404970" lon="-0.5642240">
    <ele>185.6</ele>
    <time>2020-04-19T10:05:00Z</time>
   </trkpt>
   <trkpt lat="51.1405090" lon="-0.5642340">
    <ele>185.5</ele>
    <time>2020-04-19T10:05:01Z</time>
   </trkpt>
   <trkpt lat="51.1405340" lon="-0.5642470">
    <ele>185.3</ele>
    <time>2020-04-19T10:05:03Z</time>
   </trkpt>
   <trkpt lat="51.1405560" lon="-0.5642530">
    <ele>185.2</ele>
    <time>2020-04-19T10:05:05Z</time>
   </trkpt>
   <trkpt lat="51.1405670" lon="-0.5642540">
    <ele>185.1</ele>
    <time>2020-04-19T10:05:06Z</time>
   </trkpt>
   <trkpt lat="51.1405950" lon="-0.5642530">
    <ele>184.9</ele>
    <time>2020-04-19T10:05:08Z</time>
   </trkpt>
   <trkpt lat="51.1406160" lon="-0.5642550">
    <ele>184.7</ele>
    <time>2020-04-19T10:05:09Z</time>
   </trkpt>
   <trkpt lat="51.1406230" lon="-0.5642530">
    <ele>184.7</ele>
    <time>2020-04-19T10:05:10Z</time>
   </trkpt>
   <trkpt lat="51.1406410" lon="-0.5642480">
    <ele>184.5</ele>
    <time>2020-04-19T10:05:12Z</time>
   </trkpt>
   <trkpt lat="51.1406460" lon="-0.5642440">
    <ele>184.5</ele>
    <time>2020-04-19T10:05:13Z</time>
   </trkpt>
   <trkpt lat="51.1406520" lon="-0.5642400">
    <ele>184.5</ele>
    <time>2020-04-19T10:05:14Z</time>
   </trkpt>
   <trkpt lat="51.1406730" lon="-0.5642210">
    <ele>184.3</ele>
    <time>2020-04-19T10:05:16Z</time>
   </trkpt>
   <trkpt lat="51.1406970" lon="-0.5642100">
    <ele>184.1</ele>
    <time>2020-04-19T10:05:18Z</time>
   </trkpt>
   <trkpt lat="51.1407330" lon="-0.5642110">
    <ele>183.8</ele>
    <time>2020-04-19T10:05:20Z</time>
   </trkpt>
   <trkpt lat="51.1407450" lon="-0.5642120">
    <ele>183.8</ele>
    <time>2020-04-19T10:05:21Z</time>
   </trkpt>
   <trkpt lat="51.1407730" lon="-0.5642100">
    <ele>183.5</ele>
    <time>2020-04-19T10:05:23Z</time>
   </trkpt>
   <trkpt lat="51.1408130" lon="-0.5641970">
    <ele>183.2</ele>
    <time>2020-04-19T10:05:25Z</time>
   </trkpt>
   <trkpt lat="51.1408370" lon="-0.5641960">
    <ele>183.1</ele>
    <time>2020-04-19T10:05:27Z</time>
   </trkpt>
   <trkpt lat="51.1408590" lon="-0.5641970">
    <ele>182.9</ele>
    <time>2020-04-19T10:05:29Z</time>
   </trkpt>
   <trkpt lat="51.1409060" lon="-0.5641950">
    <ele>182.6</ele>
    <time>2020-04-19T10:05:31Z</time>
   </trkpt>
   <trkpt lat="51.1409200" lon="-0.5641910">
    <ele>182.5</ele>
    <time>2020-04-19T10:05:33Z</time>
   </trkpt>
   <trkpt lat="51.1409340" lon="-0.5641870">
    <ele>182.3</ele>
    <time>2020-04-19T10:05:34Z</time>
   </trkpt>
   <trkpt lat="51.1409570" lon="-0.5641820">
    <ele>182.2</ele>
    <time>2020-04-19T10:05:35Z</time>
   </trkpt>
   <trkpt lat="51.1409810" lon="-0.5641730">
    <ele>182.0</ele>
    <time>2020-04-19T10:05:37Z</time>
   </trkpt>
   <trkpt lat="51.1410270" lon="-0.5641670">
    <ele>181.6</ele>
    <time>2020-04-19T10:05:39Z</time>
   </trkpt>
   <trkpt lat="51.1410390" lon="-0.5641670">
    <ele>181.5</ele>
    <time>2020-04-19T10:05:40Z</time>
   </trkpt>
   <trkpt lat="51.1410520" lon="-0.5641670">
    <ele>181.4</ele>
    <time>2020-04-19T10:05:41Z</time>
   </trkpt>
   <trkpt lat="51.1410960" lon="-0.5641750">
    <ele>181.0</ele>
    <time>2020-04-19T10:05:43Z</time>
   </trkpt>
   <trkpt lat="51.1411090" lon="-0.5641770">
    <ele>180.9</ele>
    <time>2020-04-19T10:05:44Z</time>
   </trkpt>
   <trkpt lat="51.1411230" lon="-0.5641780">
    <ele>180.7</ele>
    <time>2020-04-19T10:05:45Z</time>
   </trkpt>
   <trkpt lat="51.1411460" lon="-0.5641700">
    <ele>180.5</ele>
    <time>2020-04-19T10:05:47Z</time>
   </trkpt>
   <trkpt lat="51.1411770" lon="-0.5641700">
    <ele>180.3</ele>
    <time>2020-04-19T10:05:49Z</time>
   </trkpt>
   <trkpt lat="51.1411990" lon="-0.5641800">
    <ele>180.1</ele>
    <time>2020-04-19T10:05:50Z</time>
   </trkpt>
   <trkpt lat="51.1412080" lon="-0.5641830">
    <ele>180.0</ele>
    <time>2020-04-19T10:05:51Z</time>
   </trkpt>
   <trkpt lat="51.1412370" lon="-0.5642050">
    <ele>179.8</ele>
    <time>2020-04-19T10:05:53Z</time>
   </trkpt>
   <trkpt lat="51.1412420" lon="-0.5642110">
    <ele>179.7</ele>
    <time>2020-04-19T10:05:54Z</time>
   </trkpt>
   <trkpt lat="51.1412610" lon="-0.5642210">
    <ele>179.6</ele>
    <time>2020-04-19T10:05:55Z</time>
   </trkpt>
   <trkpt lat="51.1412770" lon="-0.5642270">
    <ele>179.5</ele>
    <time>2020-04-19T10:05:57Z</time>
   </trkpt>
   <trkpt lat="51.1413060" lon="-0.5642500">
    <ele>179.2</ele>
    <time>2020-04-19T10:05:59Z</time>
   </trkpt>
   <trkpt lat="51.1413140" lon="-0.5642560">
    <ele>179.1</ele>
    <time>2020-04-19T10:06:00Z</time>
   </trkpt>
   <trkpt lat="51.1413180" lon="-0.5642630">
    <ele>179.0</ele>
    <time>2020-04-19T10:06:01Z</time>
   </trkpt>
   <trkpt lat="51.1413310" lon="-0.5642840">
    <ele>178.9</ele>
    <time>2020-04-19T10:06:02Z</time>
   </trkpt>
   <trkpt lat="51.1413400" lon="-0.5642960">
    <ele>178.8</ele>
    <time>2020-04-19T10:06:04Z</time>
   </trkpt>
   <trkpt lat="51.1413530" lon="-0.5643110">
    <ele>178.6</ele>
    <time>2020-04-19T10:06:05Z</time>
   </trkpt>
   <trkpt lat="51.1413650" lon="-0.5643150">
    <ele>178.5</ele>
    <time>2020-04-19T10:06:07Z</time>
   </trkpt>
   <trkpt lat="51.1413830" lon="-0.5643310">
    <ele>178.3</ele>
    <time>2020-04-19T10:06:09Z</time>
   </trkpt>
   <trkpt lat="51.1413920" lon="-0.5643380">
    <ele>178.2</ele>
    <time>2020-04-19T10:06:10Z</time>
   </trkpt>
   <trkpt lat="51.1414100" lon="-0.5643570">
    <ele>177.9</ele>
    <time>2020-04-19T10:06:11Z</time>
   </trkpt>
   <trkpt lat="51.1414210" lon="-0.5643630">
    <ele>177.8</ele>
    <time>2020-04-19T10:06:12Z</time>
   </trkpt>
   <trkpt lat="51.1414330" lon="-0.5643660">
    <ele>177.6</ele>
    <time>2020-04-19T10:06:14Z</time>
   </trkpt>
   <trkpt lat="51.1414510" lon="-0.5643730">
    <ele>177.4</ele>
    <time>2020-04-19T10:06:15Z</time>
   </trkpt>
   <trkpt lat="51.1414560" lon="-0.5643800">
    <ele>177.3</ele>
    <time>2020-04-19T10:06:16Z</time>
   </trkpt>
   <trkpt lat="51.1414770" lon="-0.5644030">
    <ele>176.9</ele>
    <time>2020-04-19T10:06:18Z</time>
   </trkpt>
   <trkpt lat="51.1414880" lon="-0.5644160">
    <ele>176.7</ele>
    <time>2020-04-19T10:06:19Z</time>
   </trkpt>
   <trkpt lat="51.1415040" lon="-0.5644350">
    <ele>176.4</ele>
    <time>2020-04-19T10:06:20Z</time>
   </trkpt>
   <trkpt lat="51.1415130" lon="-0.5644470">
    <ele>176.2</ele>
    <time>2020-04-19T10:06:21Z</time>
   </trkpt>
   <trkpt lat="51.1415340" lon="-0.5644680">
    <ele>175.8</ele>
    <time>2020-04-19T10:06:23Z</time>
   </trkpt>
   <trkpt lat="51.1415590" lon="-0.5644930">
    <ele>175.3</ele>
    <time>2020-04-19T10:06:25Z</time>
   </trkpt>
   <trkpt lat="51.1415710" lon="-0.5645100">
    <ele>175.0</ele>
    <time>2020-04-19T10:06:27Z</time>
   </trkpt>
   <trkpt lat="51.1415770" lon="-0.5645200">
    <ele>174.8</ele>
    <time>2020-04-19T10:06:28Z</time>
   </trkpt>
   <trkpt lat="51.1415930" lon="-0.5645560">
    <ele>174.3</ele>
    <time>2020-04-19T10:06:30Z</time>
   </trkpt>
   <trkpt lat="51.1415950" lon="-0.5645640">
    <ele>174.2</ele>
    <time>2020-04-19T10:06:31Z</time>
   </trkpt>
   <trkpt lat="51.1416050" lon="-0.5645940">
    <ele>173.8</ele>
    <time>2020-04-19T10:06:33Z</time>
   </trkpt>
   <trkpt lat="51.1416260" lon="-0.5646270">
    <ele>173.2</ele>
    <time>2020-04-19T10:06:35Z</time>
   </trkpt>
   <trkpt lat="51.1416320" lon="-0.5646420">
    <ele>173.0</ele>
    <time>2020-04-19T10:06:37Z</time>
   </trkpt>
   <trkpt lat="51.1416460" lon="-0.5646630">
    <ele>172.6</ele>
    <time>2020-04-19T10:06:38Z</time>
   </trkpt>
   <trkpt lat="51.1416580" lon="-0.5646780">
    <ele>172.3</ele>
    <time>2020-04-19T10:06:40Z</time>
   </trkpt>
   <trkpt lat="51.1416630" lon="-0.5646890">
    <ele>172.1</ele>
    <time>2020-04-19T10:06:41Z</time>
   </trkpt>
   <trkpt lat="51.1416680" lon="-0.5647040">
    <ele>171.9</ele>
    <time>2020-04-19T10:06:42Z</time>
   </trkpt>
   <trkpt lat="51.1416820" lon="-0.5647260">
    <ele>171.5</ele>
    <time>2020-04-19T10:06:44Z</time>
   </trkpt>
   <trkpt lat="51.1416910" lon="-0.5647430">
    <ele>171.2</ele>
    <time>2020-04-19T10:06:45Z</time>
   </trkpt>
   <trkpt lat="51.1416980" lon="-0.5647580">
    <ele>170.9</ele>
    <time>2020-04-19T10:06:47Z</time>
   </trkpt>
   <trkpt lat="51.1417070" lon="-0.5647670">
    <ele>170.7</ele>
    <time>2020-04-19T10:06:48Z</time>
   </trkpt>
   <trkpt lat="51.1417320" lon="-0.5647900">
    <ele>170.0</ele>
    <time>2020-04-19T10:06:50Z</time>
   </trkpt>
   <trkpt lat="51.1417370" lon="-0.5647890">
    <ele>169.9</ele>
    <time>2020-04-19T10:06:51Z</time>
   </trkpt>
   <trkpt lat="51.1417460" lon="-0.5647930">
    <ele>169.7</ele>
    <time>2020-04-19T10:06:52Z</time>
   </trkpt>
   <trkpt lat="51.1417680" lon="-0.5648090">
    <ele>169.2</ele>
    <time>2020-04-19T10:06:54Z</time>
   </trkpt>
   <trkpt lat="51.1417790" lon="-0.5648310">
    <ele>168.7</ele>
    <time>2020-04-19T10:06:55Z</time>
   </trkpt>
   <trkpt lat="51.1417920" lon="-0.5648310">
    <ele>168.4</ele>
    <time>2020-04-19T10:06:56Z</time>
   </trkpt>
   <trkpt lat="51.1418210" lon="-0.5648430">
    <ele>167.7</ele>
    <time>2020-04-19T10:06:58Z</time>
   </trkpt>
   <trkpt lat="51.1418360" lon="-0.5648480">
    <ele>167.4</ele>
    <time>2020-04-19T10:06:59Z</time>
   </trkpt>
   <trkpt lat="51.1418530" lon="-0.5648620">
    <ele>166.9</ele>
    <time>2020-04-19T10:07:00Z</time>
   </trkpt>
   <trkpt lat="51.1418630" lon="-0.5648680">
    <ele>166.6</ele>
    <time>2020-04-19T10:07:01Z</time>
   </trkpt>
   <trkpt lat="51.1418830" lon="-0.5648760">
    <ele>166.1</ele>
    <time>2020-04-19T10:07:03Z</time>
   </trkpt>
   <trkpt lat="51.1419050" lon="-0.5648930">
    <ele>165.5</ele>
    <time>2020-04-19T10:07:05Z</time>
   </trkpt>
   <trkpt lat="51.1419220" lon="-0.5648940">
    <ele>165.1</ele>
    <time>2020-04-19T10:07:07Z</time>
   </trkpt>
   <trkpt lat="51.1419490" lon="-0.5649010">
    <ele>164.5</ele>
    <time>2020-04-19T10:07:09Z</time>
   </trkpt>
   <trkpt lat="51.1419670" lon="-0.5649060">
    <ele>164.0</ele>
    <time>2020-04-19T10:07:10Z</time>
   </trkpt>
   <trkpt lat="51.1419850" lon="-0.5649200">
    <ele>163.5</ele>
    <time>2020-04-19T10:07:12Z</time>
   </trkpt>
   <trkpt lat="51.1419950" lon="-0.5649300">
    <ele>163.2</ele>
    <time>2020-04-19T10:07:13Z</time>
   </trkpt>
   <trkpt lat="51.1420080" lon="-0.5649360">
    <ele>162.9</ele>
    <time>2020-04-19T10:07:14Z</time>
   </trkpt>
   <trkpt lat="51.1420320" lon="-0.5649560">
    <ele>162.2</ele>
    <time>2020-04-19T10:07:16Z</time>
   </trkpt>
   <trkpt lat="51.1420380" lon="-0.5649650">
    <ele>162.0</ele>
    <time>2020-04-19T10:07:17Z</time>
   </trkpt>
   <trkpt lat="51.1420540" lon="-0.5649880">
    <ele>161.5</ele>
    <time>2020-04-19T10:07:19Z</time>
   </trkpt>
   <trkpt lat="51.1420720" lon="-0.5650080">
    <ele>161.0</ele>
    <time>2020-04-19T10:07:20Z</time>
   </trkpt>
   <trkpt lat="51.1420810" lon="-0.5650290">
    <ele>160.6</ele>
    <time>2020-04-19T10:07:22Z</time>
   </trkpt>
   <trkpt lat="51.1420870" lon="-0.5650430">
    <ele>160.4</ele>
    <time>2020-04-19T10:07:23Z</time>
   </trkpt>
   <trkpt lat="51.1421070" lon="-0.5650710">
    <ele>159.7</ele>
    <time>2020-04-19T10:07:25Z</time>
   </trkpt>
   <trkpt lat="51.1421070" lon="-0.5650730">
    <ele>159.7</ele>
    <time>2020-04-19T10:07:26Z</time>
   </trkpt>
   <trkpt lat="51.1421130" lon="-0.5650880">
    <ele>159.5</ele>
    <time>2020-04-19T10:07:28Z</time>
   </trkpt>
   <trkpt lat="51.1421150" lon="-0.5650960">
    <ele>159.3</ele>
    <time>2020-04-19T10:07:29Z</time>
   </trkpt>
   <trkpt lat="51.1421270" lon="-0.5651110">
    <ele>159.0</ele>
    <time>2020-04-19T10:07:31Z</time>
   </trkpt>
   <trkpt lat="51.1421280" lon="-0.5651110">
    <ele>159.0</ele>
    <time>2020-04-19T10:07:32Z</time>
   </trkpt>
   <trkpt lat="51.1421330" lon="-0.5651170">
    <ele>158.9</ele>
    <time>2020-04-19T10:07:33Z</time>
   </trkpt>
   <trkpt lat="51.1421530" lon="-0.5651360">
    <ele>158.4</ele>
    <time>2020-04-19T10:07:35Z</time>
   </trkpt>
   <trkpt lat="51.1421580" lon="-0.5651370">
    <ele>158.3</ele>
    <time>2020-04-19T10:07:36Z</time>
   </trkpt>
   <trkpt lat="51.1421760" lon="-0.5651460">
    <ele>157.9</ele>
    <time>2020-04-19T10:07:38Z</time>
   </trkpt>
   <trkpt lat="51.1422050" lon="-0.5651670">
    <ele>157.4</ele>
    <time>2020-04-19T10:07:40Z</time>
   </trkpt>
   <trkpt lat="51.1422200" lon="-0.5651590">
    <ele>157.1</ele>
    <time>2020-04-19T10:07:42Z</time>
   </trkpt>
   <trkpt lat="51.1422470" lon="-0.5651800">
    <ele>156.6</ele>
    <time>2020-04-19T10:07:44Z</time>
   </trkpt>
   <trkpt lat="51.1422680" lon="-0.5652010">
    <ele>156.2</ele>
    <time>2020-04-19T10:07:45Z</time>
   </trkpt>
   <trkpt lat="51.1422830" lon="-0.5652240">
    <ele>156.0</ele>
    <time>2020-04-19T10:07:47Z</time>
   </trkpt>
   <trkpt lat="51.1423060" lon="-0.5652500">
    <ele>155.6</ele>
    <time>2020-04-19T10:07:49Z</time>
   </trkpt>
   <trkpt lat="51.1423180" lon="-0.5652740">
    <ele>155.4</ele>
    <time>2020-04-19T10:07:50Z</time>
   </trkpt>
   <trkpt lat="51.1423300" lon="-0.5653010">
    <ele>155.1</ele>
    <time>2020-04-19T10:07:52Z</time>
   </trkpt>
   <trkpt lat="51.1423370" lon="-0.5653110">
    <ele>155.0</ele>
    <time>2020-04-19T10:07:53Z</time>
   </trkpt>
   <trkpt lat="51.1423630" lon="-0.5653430">
    <ele>154.8</ele>
    <time>2020-04-19T10:07:55Z</time>
   </trkpt>
   <trkpt lat="51.1423680" lon="-0.5653470">
    <ele>154.8</ele>
    <time>2020-04-19T10:07:56Z</time>
   </trkpt>
   <trkpt lat="51.1423830" lon="-0.5653620">
    <ele>154.7</ele>
    <time>2020-04-19T10:07:58Z</time>
   </trkpt>
   <trkpt lat="51.1424020" lon="-0.5653860">
    <ele>154.6</ele>
    <time>2020-04-19T10:08:00Z</time>
   </trkpt>
   <trkpt lat="51.1424060" lon="-0.5653900">
    <ele>154.6</ele>
    <time>2020-04-19T10:08:01Z</time>
   </trkpt>
   <trkpt lat="51.1424190" lon="-0.5654060">
    <ele>154.5</ele>
    <time>2020-04-19T10:08:03Z</time>
   </trkpt>
   <trkpt lat="51.1424390" lon="-0.5654240">
    <ele>154.3</ele>
    <time>2020-04-19T10:08:05Z</time>
   </trkpt>
   <trkpt lat="51.1424520" lon="-0.5654310">
    <ele>154.3</ele>
    <time>2020-04-19T10:08:07Z</time>
   </trkpt>
   <trkpt lat="51.1424550" lon="-0.5654310">
    <ele>154.3</ele>
    <time>2020-04-19T10:08:08Z</time>
   </trkpt>
   <trkpt lat="51.1424700" lon="-0.5654490">
    <ele>154.1</ele>
    <time>2020-04-19T10:08:10Z</time>
   </trkpt>
   <trkpt lat="51.1424820" lon="-0.5654640">
    <ele>154.0</ele>
    <time>2020-04-19T10:08:12Z</time>
   </trkpt>
   <trkpt lat="51.1424910" lon="-0.5654760">
    <ele>154.0</ele>
    <time>2020-04-19T10:08:13Z</time>
   </trkpt>
   <trkpt lat="51.1425100" lon="-0.5655120">
    <ele>153.8</ele>
    <time>2020-04-19T10:08:15Z</time>
   </trkpt>
   <trkpt lat="51.1425160" lon="-0.5655290">
    <ele>153.7</ele>
    <time>2020-04-19T10:08:16Z</time>
   </trkpt>
   <trkpt lat="51.1425220" lon="-0.5655660">
    <ele>153.5</ele>
    <time>2020-04-19T10:08:18Z</time>
   </trkpt>
   <trkpt lat="51.1425440" lon="-0.5656110">
    <ele>153.3</ele>
    <time>2020-04-19T10:08:20Z</time>
   </trkpt>
   <trkpt lat="51.1425590" lon="-0.5656300">
    <ele>153.2</ele>
    <time>2020-04-19T10:08:22Z</time>
   </trkpt>
   <trkpt lat="51.1425680" lon="-0.5656430">
    <ele>153.1</ele>
    <time>2020-04-19T10:08:23Z</time>
   </trkpt>
   <trkpt lat="51.1425760" lon="-0.5656550">
    <ele>153.0</ele>
    <time>2020-04-19T10:08:24Z</time>
   </trkpt>
   <trkpt lat="51.1425950" lon="-0.5656850">
    <ele>152.8</ele>
    <time>2020-04-19T10:08:26Z</time>
   </trkpt>
   <trkpt lat="51.1426120" lon="-0.5657060">
    <ele>152.7</ele>
    <time>2020-04-19T10:08:27Z</time>
   </trkpt>
   <trkpt lat="51.1426210" lon="-0.5657170">
    <ele>152.6</ele>
    <time>2020-04-19T10:08:29Z</time>
   </trkpt>
   <trkpt lat="51.1426290" lon="-0.5657270">
    <ele>152.5</ele>
    <time>2020-04-19T10:08:30Z</time>
   </trkpt>
   <trkpt lat="51.1426380" lon="-0.5657380">
    <ele>152.4</ele>
    <time>2020-04-19T10:08:32Z</time>
   </trkpt>
   <trkpt lat="51.1426470" lon="-0.5657480">
    <ele>152.4</ele>
    <time>2020-04-19T10:08:33Z</time>
   </trkpt>
   <trkpt lat="51.1426760" lon="-0.5657780">
    <ele>152.1</ele>
    <time>2020-04-19T10:08:35Z</time>
   </trkpt>
   <trkpt lat="51.1426790" lon="-0.5657830">
    <ele>152.1</ele>
    <time>2020-04-19T10:08:36Z</time>
   </trkpt>
   <trkpt lat="51.1426860" lon="-0.5657980">
    <ele>152.0</ele>
    <time>2020-04-19T10:08:37Z</time>
   </trkpt>
   <trkpt lat="51.1426940" lon="-0.5658150">
    <ele>151.9</ele>
    <time>2020-04-19T10:08:38Z</time>
   </trkpt>
   <trkpt lat="51.1427100" lon="-0.5658680">
    <ele>151.5</ele>
    <time>2020-04-19T10:08:40Z</time>
   </trkpt>
   <trkpt lat="51.1427140" lon="-0.5658860">
    <ele>151.4</ele>
    <time>2020-04-19T10:08:41Z</time>
   </trkpt>
   <trkpt lat="51.1427200" lon="-0.5659210">
    <ele>151.2</ele>
    <time>2020-04-19T10:08:43Z</time>
   </trkpt>
   <trkpt lat="51.1427330" lon="-0.5659500">
    <ele>151.0</ele>
    <time>2020-04-19T10:08:45Z</time>
   </trkpt>
   <trkpt lat="51.1427430" lon="-0.5659580">
    <ele>150.9</ele>
    <time>2020-04-19T10:08:46Z</time>
   </trkpt>
   <trkpt lat="51.1427500" lon="-0.5659630">
    <ele>150.8</ele>
    <time>2020-04-19T10:08:47Z</time>
   </trkpt>
   <trkpt lat="51.1427590" lon="-0.5659690">
    <ele>150.7</ele>
    <time>2020-04-19T10:08:48Z</time>
   </trkpt>
   <trkpt lat="51.1427660" lon="-0.5659770">
    <ele>150.6</ele>
    <time>2020-04-19T10:08:49Z</time>
   </trkpt>
   <trkpt lat="51.1427800" lon="-0.5660180">
    <ele>150.3</ele>
    <time>2020-04-19T10:08:51Z</time>
   </trkpt>
   <trkpt lat="51.1427920" lon="-0.5660530">
    <ele>150.0</ele>
    <time>2020-04-19T10:08:53Z</time>
   </trkpt>
   <trkpt lat="51.1427970" lon="-0.5660680">
    <ele>149.9</ele>
    <time>2020-04-19T10:08:54Z</time>
   </trkpt>
   <trkpt lat="51.1428190" lon="-0.5661100">
    <ele>149.5</ele>
    <time>2020-04-19T10:08:56Z</time>
   </trkpt>
   <trkpt lat="51.1428280" lon="-0.5661220">
    <ele>149.3</ele>
    <time>2020-04-19T10:08:57Z</time>
   </trkpt>
   <trkpt lat="51.1428520" lon="-0.5661470">
    <ele>148.9</ele>
    <time>2020-04-19T10:08:59Z</time>
   </trkpt>
   <trkpt lat="51.1428630" lon="-0.5661590">
    <ele>148.8</ele>
    <time>2020-04-19T10:09:00Z</time>
   </trkpt>
   <trkpt lat="51.1428780" lon="-0.5661730">
    <ele>148.5</ele>
    <time>2020-04-19T10:09:01Z</time>
   </trkpt>
   <trkpt lat="51.1428870" lon="-0.5661810">
    <ele>148.4</ele>
    <time>2020-04-19T10:09:03Z</time>
   </trkpt>
   <trkpt lat="51.1428900" lon="-0.5661870">
    <ele>148.3</ele>
    <time>2020-04-19T10:09:04Z</time>
   </trkpt>
   <trkpt lat="51.1428960" lon="-0.5662090">
    <ele>148.1</ele>
    <time>2020-04-19T10:09:06Z</time>
   </trkpt>
   <trkpt lat="51.1429100" lon="-0.5662270">
    <ele>147.8</ele>
    <time>2020-04-19T10:09:08Z</time>
   </trkpt>
   <trkpt lat="51.1429290" lon="-0.5662370">
    <ele>147.6</ele>
    <time>2020-04-19T10:09:10Z</time>
   </trkpt>
   <trkpt lat="51.1429380" lon="-0.5662440">
    <ele>147.4</ele>
    <time>2020-04-19T10:09:11Z</time>
   </trkpt>
   <trkpt lat="51.1429400" lon="-0.5662480">
    <ele>147.4</ele>
    <time>2020-04-19T10:09:12Z</time>
   </trkpt>
   <trkpt lat="51.1429440" lon="-0.5662540">
    <ele>147.3</ele>
    <time>2020-04-19T10:09:13Z</time>
   </trkpt>
   <trkpt lat="51.1429530" lon="-0.5662680">
    <ele>147.1</ele>
    <time>2020-04-19T10:09:15Z</time>
   </trkpt>
   <trkpt lat="51.1429590" lon="-0.5662800">
    <ele>147.0</ele>
    <time>2020-04-19T10:09:17Z</time>
   </trkpt>
   <trkpt lat="51.1429730" lon="-0.5662910">
    <ele>146.7</ele>
    <time>2020-04-19T10:09:19Z</time>
   </trkpt>
   <trkpt lat="51.1429750" lon="-0.5662930">
    <ele>146.7</ele>
    <time>2020-04-19T10:09:21Z</time>
   </trkpt>
   <trkpt lat="51.1429860" lon="-0.5662930">
    <ele>146.6</ele>
    <time>2020-04-19T10:09:22Z</time>
   </trkpt>
   <trkpt lat="51.1429980" lon="-0.5662930">
    <ele>146.4</ele>
    <time>2020-04-19T10:09:24Z</time>
   </trkpt>
   <trkpt lat="51.1430100" lon="-0.5662950">
    <ele>146.2</ele>
    <time>2020-04-19T10:09:26Z</time>
   </trkpt>
   <trkpt lat="51.1430110" lon="-0.5663010">
    <ele>146.2</ele>
    <time>2020-04-19T10:09:28Z</time>
   </trkpt>
   <trkpt lat="51.1430160" lon="-0.5663000">
    <ele>146.1</ele>
    <time>2020-04-19T10:09:30Z</time>
   </trkpt>
   <trkpt lat="51.1430160" lon="-0.5663010">
    <ele>146.1</ele>
    <time>2020-04-19T10:09:31Z</time>
   </trkpt>
   <trkpt lat="51.1430160" lon="-0.5663010">
    <ele>146.1</ele>
    <time>2020-04-19T10:09:32Z</time>
   </trkpt>
   <trkpt lat="51.1430160" lon="-0.5663010">
    <ele>146.1</ele>
    <time>2020-04-19T10:09:34Z</time>
   </trkpt>
   <trkpt lat="51.1430160" lon="-0.5663010">
    <ele>146.1</ele>
    <time>2020-04-19T10:09:36Z</time>
   </trkpt>
   <trkpt lat="51.1430170" lon="-0.5663120">
    <ele>146.0</ele>
    <time>2020-04-19T10:09:37Z</time>
   </trkpt>
   <trkpt lat="51.1430170" lon="-0.5663140">
    <ele>146.0</ele>
    <time>2020-04-19T10:09:39Z</time>
   </trkpt>
   <trkpt lat="51.1430190" lon="-0.5663140">
    <ele>145.9</ele>
    <time>2020-04-19T10:09:41Z</time>
   </trkpt>
   <trkpt lat="51.1430190" lon="-0.5663130">
    <ele>145.9</ele>
    <time>2020-04-19T10:09:43Z</time>
   </trkpt>
   <trkpt lat="51.1430220" lon="-0.5663320">
    <ele>145.7</ele>
    <time>2020-04-19T10:09:45Z</time>
   </trkpt>
   <trkpt lat="51.1430220" lon="-0.5663340">
    <ele>145.7</ele>
    <time>2020-04-19T10:09:46Z</time>
   </trkpt>
   <trkpt lat="51.1430210" lon="-0.5663340">
    <ele>145.7</ele>
    <time>2020-04-19T10:09:47Z</time>
   </trkpt>
   <trkpt lat="51.1430200" lon="-0.5663360">
    <ele>145.7</ele>
    <time>2020-04-19T10:09:48Z</time>
   </trkpt>
   <trkpt lat="51.1430190" lon="-0.5663360">
    <ele>145.7</ele>
    <time>2020-04-19T10:09:50Z</time>
   </trkpt>
   <trkpt lat="51.1430190" lon="-0.5663320">
    <ele>145.6</ele>
    <time>2020-04-19T10:09:51Z</time>
   </trkpt>
   <trkpt lat="51.1430180" lon="-0.5663220">
    <ele>145.5</ele>
    <time>2020-04-19T10:09:52Z</time>
   </trkpt>
   <trkpt lat="51.1430170" lon="-0.5663130">
    <ele>145.5</ele>
    <time>2020-04-19T10:09:54Z</time>
   </trkpt>
   <trkpt lat="51.1430130" lon="-0.5663270">
    <ele>145.3</ele>
    <time>2020-04-19T10:09:56Z</time>
   </trkpt>
   <trkpt lat="51.1430180" lon="-0.5663310">
    <ele>145.2</ele>
    <time>2020-04-19T10:09:58Z</time>
   </trkpt>
   <trkpt lat="51.1430230" lon="-0.5663390">
    <ele>145.1</ele>
    <time>2020-04-19T10:09:59Z</time>
   </trkpt>
   <trkpt lat="51.1430240" lon="-0.5663440">
    <ele>145.1</ele>
    <time>2020-04-19T10:10:00Z</time>
   </trkpt>
   <trkpt lat="51.1430290" lon="-0.5663550">
    <ele>145.0</ele>
    <time>2020-04-19T10:10:02Z</time>
   </trkpt>
   <trkpt lat="51.1430370" lon="-0.5663820">
    <ele>144.7</ele>
    <time>2020-04-19T10:10:04Z</time>
   </trkpt>
   <trkpt lat="51.1430310" lon="-0.5664050">
    <ele>144.4</ele>
    <time>2020-04-19T10:10:06Z</time>
   </trkpt>
   <trkpt lat="51.1430240" lon="-0.5664390">
    <ele>144.1</ele>
    <time>2020-04-19T10:10:08Z</time>
   </trkpt>
   <trkpt lat="51.1430400" lon="-0.5664640">
    <ele>143.7</ele>
    <time>2020-04-19T10:10:10Z</time>
   </trkpt>
   <trkpt lat="51.1430570" lon="-0.5665020">
    <ele>143.3</ele>
    <time>2020-04-19T10:10:12Z</time>
   </trkpt>
   <trkpt lat="51.1430600" lon="-0.5665180">
    <ele>143.1</ele>
    <time>2020-04-19T10:10:13Z</time>
   </trkpt>
   <trkpt lat="51.1430670" lon="-0.5665470">
    <ele>142.8</ele>
    <time>2020-04-19T10:10:15Z</time>
   </trkpt>
   <trkpt lat="51.1430950" lon="-0.5665590">
    <ele>142.4</ele>
    <time>2020-04-19T10:10:17Z</time>
   </trkpt>
   <trkpt lat="51.1431040" lon="-0.5665710">
    <ele>142.2</ele>
    <time>2020-04-19T10:10:19Z</time>
   </trkpt>
   <trkpt lat="51.1431060" lon="-0.5665800">
    <ele>142.1</ele>
    <time>2020-04-19T10:10:21Z</time>
   </trkpt>
   <trkpt lat="51.1431070" lon="-0.5665880">
    <ele>142.0</ele>
    <time>2020-04-19T10:10:22Z</time>
   </trkpt>
   <trkpt lat="51.1431070" lon="-0.5665940">
    <ele>141.9</ele>
    <time>2020-04-19T10:10:23Z</time>
   </trkpt>
   <trkpt lat="51.1431100" lon="-0.5666030">
    <ele>141.8</ele>
    <time>2020-04-19T10:10:24Z</time>
   </trkpt>
   <trkpt lat="51.1431180" lon="-0.5666120">
    <ele>141.7</ele>
    <time>2020-04-19T10:10:26Z</time>
   </trkpt>
   <trkpt lat="51.1431250" lon="-0.5666200">
    <ele>141.6</ele>
    <time>2020-04-19T10:10:27Z</time>
   </trkpt>
   <trkpt lat="51.1431270" lon="-0.5666300">
    <ele>141.4</ele>
    <time>2020-04-19T10:10:29Z</time>
   </trkpt>
   <trkpt lat="51.1431400" lon="-0.5666600">
    <ele>141.1</ele>
    <time>2020-04-19T10:10:31Z</time>
   </trkpt>
   <trkpt lat="51.1431440" lon="-0.5666770">
    <ele>140.9</ele>
    <time>2020-04-19T10:10:32Z</time>
   </trkpt>
   <trkpt lat="51.1431610" lon="-0.5667170">
    <ele>140.4</ele>
    <time>2020-04-19T10:10:34Z</time>
   </trkpt>
   <trkpt lat="51.1431870" lon="-0.5667540">
    <ele>139.9</ele>
    <time>2020-04-19T10:10:36Z</time>
   </trkpt>
   <trkpt lat="51.1431940" lon="-0.5667620">
    <ele>139.8</ele>
    <time>2020-04-19T10:10:37Z</time>
   </trkpt>
   <trkpt lat="51.1431980" lon="-0.5667720">
    <ele>139.7</ele>
    <time>2020-04-19T10:10:39Z</time>
   </trkpt>
   <trkpt lat="51.1431880" lon="-0.5668040">
    <ele>139.3</ele>
    <time>2020-04-19T10:10:41Z</time>
   </trkpt>
   <trkpt lat="51.1431790" lon="-0.5668310">
    <ele>139.1</ele>
    <time>2020-04-19T10:10:42Z</time>
   </trkpt>
   <trkpt lat="51.1431780" lon="-0.5668490">
    <ele>138.9</ele>
    <time>2020-04-19T10:10:44Z</time>
   </trkpt>
   <trkpt lat="51.1431980" lon="-0.5668670">
    <ele>138.6</ele>
    <time>2020-04-19T10:10:46Z</time>
   </trkpt>
   <trkpt lat="51.1432320" lon="-0.5668990">
    <ele>138.0</ele>
    <time>2020-04-19T10:10:48Z</time>
   </trkpt>
   <trkpt lat="51.1432610" lon="-0.5669230">
    <ele>137.6</ele>
    <time>2020-04-19T10:10:50Z</time>
   </trkpt>
   <trkpt lat="51.1432720" lon="-0.5669310">
    <ele>137.4</ele>
    <time>2020-04-19T10:10:51Z</time>
   </trkpt>
   <trkpt lat="51.1432950" lon="-0.5669520">
    <ele>137.1</ele>
    <time>2020-04-19T10:10:53Z</time>
   </trkpt>
   <trkpt lat="51.1433240" lon="-0.5669780">
    <ele>136.6</ele>
    <time>2020-04-19T10:10:55Z</time>
   </trkpt>
   <trkpt lat="51.1433370" lon="-0.5669910">
    <ele>136.4</ele>
    <time>2020-04-19T10:10:56Z</time>
   </trkpt>
   <trkpt lat="51.1433520" lon="-0.5670110">
    <ele>136.2</ele>
    <time>2020-04-19T10:10:57Z</time>
   </trkpt>
   <trkpt lat="51.1433670" lon="-0.5670460">
    <ele>135.8</ele>
    <time>2020-04-19T10:10:59Z</time>
   </trkpt>
   <trkpt lat="51.1433880" lon="-0.5670750">
    <ele>135.5</ele>
    <time>2020-04-19T10:11:01Z</time>
   </trkpt>
   <trkpt lat="51.1434180" lon="-0.5670870">
    <ele>135.1</ele>
    <time>2020-04-19T10:11:02Z</time>
   </trkpt>
   <trkpt lat="51.1434240" lon="-0.5670890">
    <ele>135.1</ele>
    <time>2020-04-19T10:11:03Z</time>
   </trkpt>
   <trkpt lat="51.1434380" lon="-0.5670970">
    <ele>134.9</ele>
    <time>2020-04-19T10:11:04Z</time>
   </trkpt>
   <trkpt lat="51.1434580" lon="-0.5671140">
    <ele>134.7</ele>
    <time>2020-04-19T10:11:06Z</time>
   </trkpt>
   <trkpt lat="51.1434650" lon="-0.5671300">
    <ele>134.6</ele>
    <time>2020-04-19T10:11:07Z</time>
   </trkpt>
   <trkpt lat="51.1434730" lon="-0.5671860">
    <ele>134.3</ele>
    <time>2020-04-19T10:11:09Z</time>
   </trkpt>
   <trkpt lat="51.1434860" lon="-0.5672070">
    <ele>134.1</ele>
    <time>2020-04-19T10:11:11Z</time>
   </trkpt>
   <trkpt lat="51.1435000" lon="-0.5672120">
    <ele>134.0</ele>
    <time>2020-04-19T10:11:12Z</time>
   </trkpt>
   <trkpt lat="51.1435070" lon="-0.5672120">
    <ele>134.0</ele>
    <time>2020-04-19T10:11:14Z</time>
   </trkpt>
   <trkpt lat="51.1435110" lon="-0.5672160">
    <ele>133.9</ele>
    <time>2020-04-19T10:11:16Z</time>
   </trkpt>
   <trkpt lat="51.1435130" lon="-0.5672200">
    <ele>133.9</ele>
    <time>2020-04-19T10:11:17Z</time>
   </trkpt>
   <trkpt lat="51.1435120" lon="-0.5672210">
    <ele>133.9</ele>
    <time>2020-04-19T10:11:18Z</time>
   </trkpt>
   <trkpt lat="51.1435110" lon="-0.5672220">
    <ele>133.9</ele>
    <time>2020-04-19T10:11:20Z</time>
   </trkpt>
   <trkpt lat="51.1435080" lon="-0.5672230">
    <ele>133.9</ele>
    <time>2020-04-19T10:11:21Z</time>
   </trkpt>
   <trkpt lat="51.1435060" lon="-0.5672250">
    <ele>133.9</ele>
    <time>2020-04-19T10:11:22Z</time>
   </trkpt>
   <trkpt lat="51.1435040" lon="-0.5672270">
    <ele>133.8</ele>
    <time>2020-04-19T10:11:23Z</time>
   </trkpt>
   <trkpt lat="51.1435020" lon="-0.5672290">
    <ele>133.8</ele>
    <time>2020-04-19T10:11:25Z</time>
   </trkpt>
   <trkpt lat="51.1435000" lon="-0.5672380">
    <ele>133.8</ele>
    <time>2020-04-19T10:11:27Z</time>
   </trkpt>
   <trkpt lat="51.1434980" lon="-0.5672410">
    <ele>133.8</ele>
    <time>2020-04-19T10:11:28Z</time>
   </trkpt>
   <trkpt lat="51.1434960" lon="-0.5672520">
    <ele>133.7</ele>
    <time>2020-04-19T10:11:29Z</time>
   </trkpt>
   <trkpt lat="51.1434940" lon="-0.5672610">
    <ele>133.7</ele>
    <time>2020-04-19T10:11:31Z</time>
   </trkpt>
   <trkpt lat="51.1434950" lon="-0.5672780">
    <ele>133.7</ele>
    <time>2020-04-19T10:11:33Z</time>
   </trkpt>
   <trkpt lat="51.1434950" lon="-0.5673010">
    <ele>133.6</ele>
    <time>2020-04-19T10:11:35Z</time>
   </trkpt>
   <trkpt lat="51.1434920" lon="-0.5673130">
    <ele>133.6</ele>
    <time>2020-04-19T10:11:36Z</time>
   </trkpt>
   <trkpt lat="51.1434880" lon="-0.5673260">
    <ele>133.3</ele>
    <time>2020-04-19T10:11:37Z</time>
   </trkpt>
   <trkpt lat="51.1434900" lon="-0.5673260">
    <ele>133.3</ele>
    <time>2020-04-19T10:11:39Z</time>
   </trkpt>
   <trkpt lat="51.1434960" lon="-0.5673320">
    <ele>133.2</ele>
    <time>2020-04-19T10:11:41Z</time>
   </trkpt>
   <trkpt lat="51.1435030" lon="-0.5673380">
    <ele>133.2</ele>
    <time>2020-04-19T10:11:42Z</time>
   </trkpt>
   <trkpt lat="51.1435140" lon="-0.5673550">
    <ele>133.2</ele>
    <time>2020-04-19T10:11:44Z</time>
   </trkpt>
   <trkpt lat="51.1435210" lon="-0.5673810">
    <ele>133.1</ele>
    <time>2020-04-19T10:11:46Z</time>
   </trkpt>
   <trkpt lat="51.1435160" lon="-0.5674100">
    <ele>133.1</ele>
    <time>2020-04-19T10:11:47Z</time>
   </trkpt>
   <trkpt lat="51.1435090" lon="-0.5674350">
    <ele>133.0</ele>
    <time>2020-04-19T10:11:49Z</time>
   </trkpt>
   <trkpt lat="51.1435000" lon="-0.5674610">
    <ele>133.0</ele>
    <time>2020-04-19T10:11:51Z</time>
   </trkpt>
   <trkpt lat="51.1434910" lon="-0.5674850">
    <ele>132.9</ele>
    <time>2020-04-19T10:11:52Z</time>
   </trkpt>
   <trkpt lat="51.1434910" lon="-0.5675160">
    <ele>132.9</ele>
    <time>2020-04-19T10:11:54Z</time>
   </trkpt>
   <trkpt lat="51.1434940" lon="-0.5675290">
    <ele>132.8</ele>
    <time>2020-04-19T10:11:56Z</time>
   </trkpt>
   <trkpt lat="51.1434950" lon="-0.5675390">
    <ele>132.8</ele>
    <time>2020-04-19T10:11:57Z</time>
   </trkpt>
   <trkpt lat="51.1434950" lon="-0.5675630">
    <ele>132.8</ele>
    <time>2020-04-19T10:11:59Z</time>
   </trkpt>
   <trkpt lat="51.1434830" lon="-0.5675770">
    <ele>132.7</ele>
    <time>2020-04-19T10:12:01Z</time>
   </trkpt>
   <trkpt lat="51.1434770" lon="-0.5675870">
    <ele>132.7</ele>
    <time>2020-04-19T10:12:02Z</time>
   </trkpt>
   <trkpt lat="51.1434770" lon="-0.5676030">
    <ele>132.6</ele>
    <time>2020-04-19T10:12:03Z</time>
   </trkpt>
   <trkpt lat="51.1434750" lon="-0.5676210">
    <ele>132.6</ele>
    <time>2020-04-19T10:12:04Z</time>
   </trkpt>
   <trkpt lat="51.1434600" lon="-0.5676580">
    <ele>132.5</ele>
    <time>2020-04-19T10:12:06Z</time>
   </trkpt>
   <trkpt lat="51.1434440" lon="-0.5676770">
    <ele>132.5</ele>
    <time>2020-04-19T10:12:07Z</time>
   </trkpt>
   <trkpt lat="51.1434400" lon="-0.5676890">
    <ele>132.5</ele>
    <time>2020-04-19T10:12:08Z</time>
   </trkpt>
   <trkpt lat="51.1434360" lon="-0.5677190">
    <ele>132.5</ele>
    <time>2020-04-19T10:12:10Z</time>
   </trkpt>
   <trkpt lat="51.1434290" lon="-0.5677460">
    <ele>132.5</ele>
    <time>2020-04-19T10:12:12Z</time>
   </trkpt>
   <trkpt lat="51.1434070" lon="-0.5677790">
    <ele>132.5</ele>
    <time>2020-04-19T10:12:14Z</time>
   </trkpt>
   <trkpt lat="51.1433960" lon="-0.5677950">
    <ele>132.5</ele>
    <time>2020-04-19T10:12:15Z</time>
   </trkpt>
   <trkpt lat="51.1433870" lon="-0.5678090">
    <ele>132.5</ele>
    <time>2020-04-19T10:12:16Z</time>
   </trkpt>
   <trkpt lat="51.1433680" lon="-0.5678310">
    <ele>132.6</ele>
    <time>2020-04-19T10:12:18Z</time>
   </trkpt>
   <trkpt lat="51.1433570" lon="-0.5678390">
    <ele>132.6</ele>
    <time>2020-04-19T10:12:19Z</time>
   </trkpt>
   <trkpt lat="51.1433430" lon="-0.5678460">
    <ele>132.7</ele>
    <time>2020-04-19T10:12:20Z</time>
   </trkpt>
   <trkpt lat="51.1433120" lon="-0.5678580">
    <ele>132.9</ele>
    <time>2020-04-19T10:12:22Z</time>
   </trkpt>
   <trkpt lat="51.1432970" lon="-0.5678650">
    <ele>133.0</ele>
    <time>2020-04-19T10:12:23Z</time>
   </trkpt>
   <trkpt lat="51.1432720" lon="-0.5678770">
    <ele>133.2</ele>
    <time>2020-04-19T10:12:25Z</time>
   </trkpt>
   <trkpt lat="51.1432410" lon="-0.5678880">
    <ele>133.4</ele>
    <time>2020-04-19T10:12:27Z</time>
   </trkpt>
   <trkpt lat="51.1432350" lon="-0.5678910">
    <ele>133.5</ele>
    <time>2020-04-19T10:12:28Z</time>
   </trkpt>
   <trkpt lat="51.1432080" lon="-0.5679010">
    <ele>133.6</ele>
    <time>2020-04-19T10:12:30Z</time>
   </trkpt>
   <trkpt lat="51.1431860" lon="-0.5679040">
    <ele>133.8</ele>
    <time>2020-04-19T10:12:32Z</time>
   </trkpt>
   <trkpt lat="51.1431650" lon="-0.5679010">
    <ele>133.9</ele>
    <time>2020-04-19T10:12:34Z</time>
   </trkpt>
   <trkpt lat="51.1431460" lon="-0.5678990">
    <ele>134.0</ele>
    <time>2020-04-19T10:12:36Z</time>
   </trkpt>
   <trkpt lat="51.1431350" lon="-0.5678960">
    <ele>134.1</ele>
    <time>2020-04-19T10:12:37Z</time>
   </trkpt>
   <trkpt lat="51.1431220" lon="-0.5678900">
    <ele>134.2</ele>
    <time>2020-04-19T10:12:38Z</time>
   </trkpt>
   <trkpt lat="51.1431010" lon="-0.5678760">
    <ele>134.3</ele>
    <time>2020-04-19T10:12:40Z</time>
   </trkpt>
   <trkpt lat="51.1430780" lon="-0.5678750">
    <ele>134.5</ele>
    <time>2020-04-19T10:12:41Z</time>
   </trkpt>
   <trkpt lat="51.1430620" lon="-0.5678780">
    <ele>134.5</ele>
    <time>2020-04-19T10:12:42Z</time>
   </trkpt>
   <trkpt lat="51.1430470" lon="-0.5678800">
    <ele>134.6</ele>
    <time>2020-04-19T10:12:44Z</time>
   </trkpt>
   <trkpt lat="51.1430310" lon="-0.5678820">
    <ele>134.7</ele>
    <time>2020-04-19T10:12:46Z</time>
   </trkpt>
   <trkpt lat="51.1430160" lon="-0.5678850">
    <ele>134.8</ele>
    <time>2020-04-19T10:12:48Z</time>
   </trkpt>
   <trkpt lat="51.1430000" lon="-0.5678870">
    <ele>134.9</ele>
    <time>2020-04-19T10:12:49Z</time>
   </trkpt>
   <trkpt lat="51.1429890" lon="-0.5678870">
    <ele>135.0</ele>
    <time>2020-04-19T10:12:50Z</time>
   </trkpt>
   <trkpt lat="51.1429720" lon="-0.5678820">
    <ele>135.1</ele>
    <time>2020-04-19T10:12:52Z</time>
   </trkpt>
   <trkpt lat="51.1429470" lon="-0.5678780">
    <ele>135.2</ele>
    <time>2020-04-19T10:12:54Z</time>
   </trkpt>
   <trkpt lat="51.1429200" lon="-0.5678840">
    <ele>135.4</ele>
    <time>2020-04-19T10:12:56Z</time>
   </trkpt>
   <trkpt lat="51.1429040" lon="-0.5678880">
    <ele>135.5</ele>
    <time>2020-04-19T10:12:57Z</time>
   </trkpt>
   <trkpt lat="51.1428890" lon="-0.5678910">
    <ele>135.6</ele>
    <time>2020-04-19T10:12:58Z</time>
   </trkpt>
   <trkpt lat="51.1428600" lon="-0.5678840">
    <ele>135.7</ele>
    <time>2020-04-19T10:13:00Z</time>
   </trkpt>
   <trkpt lat="51.1428430" lon="-0.5678850">
    <ele>135.9</ele>
    <time>2020-04-19T10:13:01Z</time>
   </trkpt>
   <trkpt lat="51.1428250" lon="-0.5678890">
    <ele>136.0</ele>
    <time>2020-04-19T10:13:02Z</time>
   </trkpt>
   <trkpt lat="51.1427930" lon="-0.5678990">
    <ele>136.2</ele>
    <time>2020-04-19T10:13:04Z</time>
   </trkpt>
   <trkpt lat="51.1427600" lon="-0.5679070">
    <ele>136.4</ele>
    <time>2020-04-19T10:13:06Z</time>
   </trkpt>
   <trkpt lat="51.1427450" lon="-0.5679090">
    <ele>136.5</ele>
    <time>2020-04-19T10:13:07Z</time>
   </trkpt>
   <trkpt lat="51.1427310" lon="-0.5679140">
    <ele>136.7</ele>
    <time>2020-04-19T10:13:08Z</time>
   </trkpt>
   <trkpt lat="51.1427080" lon="-0.5679350">
    <ele>136.9</ele>
    <time>2020-04-19T10:13:10Z</time>
   </trkpt>
   <trkpt lat="51.1426970" lon="-0.5679690">
    <ele>137.2</ele>
    <time>2020-04-19T10:13:12Z</time>
   </trkpt>
   <trkpt lat="51.1426940" lon="-0.5679850">
    <ele>137.1</ele>
    <time>2020-04-19T10:13:13Z</time>
   </trkpt>
   <trkpt lat="51.1426890" lon="-0.5680100">
    <ele>136.9</ele>
    <time>2020-04-19T10:13:15Z</time>
   </trkpt>
   <trkpt lat="51.1426840" lon="-0.5680350">
    <ele>136.7</ele>
    <time>2020-04-19T10:13:17Z</time>
   </trkpt>
   <trkpt lat="51.1426810" lon="-0.5680460">
    <ele>136.7</ele>
    <time>2020-04-19T10:13:18Z</time>
   </trkpt>
   <trkpt lat="51.1426760" lon="-0.5680680">
    <ele>136.5</ele>
    <time>2020-04-19T10:13:20Z</time>
   </trkpt>
   <trkpt lat="51.1426690" lon="-0.5680850">
    <ele>136.4</ele>
    <time>2020-04-19T10:13:22Z</time>
   </trkpt>
   <trkpt lat="51.1426570" lon="-0.5680980">
    <ele>136.2</ele>
    <time>2020-04-19T10:13:24Z</time>
   </trkpt>
   <trkpt lat="51.1426510" lon="-0.5681080">
    <ele>136.2</ele>
    <time>2020-04-19T10:13:25Z</time>
   </trkpt>
   <trkpt lat="51.1426460" lon="-0.5681160">
    <ele>136.1</ele>
    <time>2020-04-19T10:13:26Z</time>
   </trkpt>
   <trkpt lat="51.1426300" lon="-0.5681280">
    <ele>135.9</ele>
    <time>2020-04-19T10:13:28Z</time>
   </trkpt>
   <trkpt lat="51.1426240" lon="-0.5681380">
    <ele>135.8</ele>
    <time>2020-04-19T10:13:29Z</time>
   </trkpt>
   <trkpt lat="51.1426080" lon="-0.5681510">
    <ele>135.6</ele>
    <time>2020-04-19T10:13:31Z</time>
   </trkpt>
   <trkpt lat="51.1426010" lon="-0.5681610">
    <ele>135.6</ele>
    <time>2020-04-19T10:13:32Z</time>
   </trkpt>
   <trkpt lat="51.1425850" lon="-0.5681720">
    <ele>135.4</ele>
    <time>2020-04-19T10:13:34Z</time>
   </trkpt>
   <trkpt lat="51.1425700" lon="-0.5681850">
    <ele>135.2</ele>
    <time>2020-04-19T10:13:36Z</time>
   </trkpt>
   <trkpt lat="51.1425640" lon="-0.5681930">
    <ele>135.2</ele>
    <time>2020-04-19T10:13:37Z</time>
   </trkpt>
   <trkpt lat="51.1425620" lon="-0.5682070">
    <ele>135.1</ele>
    <time>2020-04-19T10:13:38Z</time>
   </trkpt>
   <trkpt lat="51.1425580" lon="-0.5682390">
    <ele>134.9</ele>
    <time>2020-04-19T10:13:40Z</time>
   </trkpt>
   <trkpt lat="51.1425570" lon="-0.5682550">
    <ele>134.8</ele>
    <time>2020-04-19T10:13:41Z</time>
   </trkpt>
   <trkpt lat="51.1425580" lon="-0.5682750">
    <ele>134.7</ele>
    <time>2020-04-19T10:13:42Z</time>
   </trkpt>
   <trkpt lat="51.1425630" lon="-0.5683170">
    <ele>134.5</ele>
    <time>2020-04-19T10:13:44Z</time>
   </trkpt>
   <trkpt lat="51.1425730" lon="-0.5683800">
    <ele>134.2</ele>
    <time>2020-04-19T10:13:46Z</time>
   </trkpt>
   <trkpt lat="51.1425760" lon="-0.5683950">
    <ele>134.1</ele>
    <time>2020-04-19T10:13:47Z</time>
   </trkpt>
   <trkpt lat="51.1425780" lon="-0.5684110">
    <ele>134.0</ele>
    <time>2020-04-19T10:13:48Z</time>
   </trkpt>
   <trkpt lat="51.1425800" lon="-0.5684260">
    <ele>134.0</ele>
    <time>2020-04-19T10:13:49Z</time>
   </trkpt>
   <trkpt lat="51.1425990" lon="-0.5684940">
    <ele>133.6</ele>
    <time>2020-04-19T10:13:51Z</time>
   </trkpt>
   <trkpt lat="51.1426010" lon="-0.5685150">
    <ele>133.5</ele>
    <time>2020-04-19T10:13:53Z</time>
   </trkpt>
   <trkpt lat="51.1426030" lon="-0.5685360">
    <ele>133.5</ele>
    <time>2020-04-19T10:13:54Z</time>
   </trkpt>
   <trkpt lat="51.1425920" lon="-0.5685780">
    <ele>133.3</ele>
    <time>2020-04-19T10:13:56Z</time>
   </trkpt>
   <trkpt lat="51.1425890" lon="-0.5686000">
    <ele>133.2</ele>
    <time>2020-04-19T10:13:57Z</time>
   </trkpt>
   <trkpt lat="51.1425870" lon="-0.5686230">
    <ele>133.2</ele>
    <time>2020-04-19T10:13:58Z</time>
   </trkpt>
   <trkpt lat="51.1425850" lon="-0.5686450">
    <ele>133.1</ele>
    <time>2020-04-19T10:13:59Z</time>
   </trkpt>
   <trkpt lat="51.1425800" lon="-0.5686910">
    <ele>133.0</ele>
    <time>2020-04-19T10:14:01Z</time>
   </trkpt>
   <trkpt lat="51.1425780" lon="-0.5687370">
    <ele>132.9</ele>
    <time>2020-04-19T10:14:03Z</time>
   </trkpt>
   <trkpt lat="51.1425750" lon="-0.5687580">
    <ele>132.8</ele>
    <time>2020-04-19T10:14:04Z</time>
   </trkpt>
   <trkpt lat="51.1425690" lon="-0.5688030">
    <ele>132.1</ele>
    <time>2020-04-19T10:14:06Z</time>
   </trkpt>
   <trkpt lat="51.1425630" lon="-0.5688360">
    <ele>131.9</ele>
    <time>2020-04-19T10:14:07Z</time>
   </trkpt>
   <trkpt lat="51.1425600" lon="-0.5688730">
    <ele>131.6</ele>
    <time>2020-04-19T10:14:09Z</time>
   </trkpt>
   <trkpt lat="51.1425570" lon="-0.5689190">
    <ele>131.2</ele>
    <time>2020-04-19T10:14:11Z</time>
   </trkpt>
   <trkpt lat="51.1425530" lon="-0.5689440">
    <ele>131.0</ele>
    <time>2020-04-19T10:14:12Z</time>
   </trkpt>
   <trkpt lat="51.1425520" lon="-0.5689890">
    <ele>130.7</ele>
    <time>2020-04-19T10:14:14Z</time>
   </trkpt>
   <trkpt lat="51.1425450" lon="-0.5690340">
    <ele>130.3</ele>
    <time>2020-04-19T10:14:16Z</time>
   </trkpt>
   <trkpt lat="51.1425420" lon="-0.5690590">
    <ele>130.0</ele>
    <time>2020-04-19T10:14:17Z</time>
   </trkpt>
   <trkpt lat="51.1425330" lon="-0.5691030">
    <ele>129.6</ele>
    <time>2020-04-19T10:14:19Z</time>
   </trkpt>
   <trkpt lat="51.1425290" lon="-0.5691450">
    <ele>129.3</ele>
    <time>2020-04-19T10:14:21Z</time>
   </trkpt>
   <trkpt lat="51.1425200" lon="-0.5691860">
    <ele>128.9</ele>
    <time>2020-04-19T10:14:23Z</time>
   </trkpt>
   <trkpt lat="51.1425170" lon="-0.5692050">
    <ele>128.7</ele>
    <time>2020-04-19T10:14:24Z</time>
   </trkpt>
   <trkpt lat="51.1425090" lon="-0.5692410">
    <ele>128.4</ele>
    <time>2020-04-19T10:14:26Z</time>
   </trkpt>
   <trkpt lat="51.1424980" lon="-0.5692690">
    <ele>128.1</ele>
    <time>2020-04-19T10:14:27Z</time>
   </trkpt>
   <trkpt lat="51.1424940" lon="-0.5692800">
    <ele>128.0</ele>
    <time>2020-04-19T10:14:28Z</time>
   </trkpt>
   <trkpt lat="51.1424890" lon="-0.5692910">
    <ele>127.9</ele>
    <time>2020-04-19T10:14:29Z</time>
   </trkpt>
   <trkpt lat="51.1424850" lon="-0.5693070">
    <ele>127.7</ele>
    <time>2020-04-19T10:14:31Z</time>
   </trkpt>
   <trkpt lat="51.1424760" lon="-0.5693390">
    <ele>127.4</ele>
    <time>2020-04-19T10:14:33Z</time>
   </trkpt>
   <trkpt lat="51.1424680" lon="-0.5693710">
    <ele>127.1</ele>
    <time>2020-04-19T10:14:35Z</time>
   </trkpt>
   <trkpt lat="51.1424640" lon="-0.5693890">
    <ele>127.0</ele>
    <time>2020-04-19T10:14:36Z</time>
   </trkpt>
   <trkpt lat="51.1424580" lon="-0.5694210">
    <ele>126.7</ele>
    <time>2020-04-19T10:14:37Z</time>
   </trkpt>
   <trkpt lat="51.1424500" lon="-0.5694500">
    <ele>126.5</ele>
    <time>2020-04-19T10:14:39Z</time>
   </trkpt>
   <trkpt lat="51.1424430" lon="-0.5694620">
    <ele>126.3</ele>
    <time>2020-04-19T10:14:40Z</time>
   </trkpt>
   <trkpt lat="51.1424360" lon="-0.5694850">
    <ele>126.1</ele>
    <time>2020-04-19T10:14:41Z</time>
   </trkpt>
   <trkpt lat="51.1424160" lon="-0.5695090">
    <ele>125.8</ele>
    <time>2020-04-19T10:14:43Z</time>
   </trkpt>
   <trkpt lat="51.1423990" lon="-0.5695480">
    <ele>125.1</ele>
    <time>2020-04-19T10:14:45Z</time>
   </trkpt>
   <trkpt lat="51.1423850" lon="-0.5695860">
    <ele>124.7</ele>
    <time>2020-04-19T10:14:47Z</time>
   </trkpt>
   <trkpt lat="51.1423840" lon="-0.5696020">
    <ele>124.6</ele>
    <time>2020-04-19T10:14:48Z</time>
   </trkpt>
   <trkpt lat="51.1423790" lon="-0.5696150">
    <ele>124.5</ele>
    <time>2020-04-19T10:14:49Z</time>
   </trkpt>
   <trkpt lat="51.1423710" lon="-0.5696290">
    <ele>124.4</ele>
    <time>2020-04-19T10:14:50Z</time>
   </trkpt>
   <trkpt lat="51.1423550" lon="-0.5696500">
    <ele>124.1</ele>
    <time>2020-04-19T10:14:52Z</time>
   </trkpt>
   <trkpt lat="51.1423470" lon="-0.5696620">
    <ele>124.0</ele>
    <time>2020-04-19T10:14:54Z</time>
   </trkpt>
   <trkpt lat="51.1423430" lon="-0.5696660">
    <ele>115.8</ele>
    <time>2020-04-19T10:14:55Z</time>
   </trkpt>
   <trkpt lat="51.1423340" lon="-0.5696780">
    <ele>116.2</ele>
    <time>2020-04-19T10:14:57Z</time>
   </trkpt>
   <trkpt lat="51.1423320" lon="-0.5696790">
    <ele>116.2</ele>
    <time>2020-04-19T10:14:58Z</time>
   </trkpt>
   <trkpt lat="51.1423200" lon="-0.5696780">
    <ele>116.2</ele>
    <time>2020-04-19T10:15:00Z</time>
   </trkpt>
   <trkpt lat="51.1422950" lon="-0.5696730">
    <ele>116.3</ele>
    <time>2020-04-19T10:15:02Z</time>
   </trkpt>
   <trkpt lat="51.1422800" lon="-0.5696700">
    <ele>116.3</ele>
    <time>2020-04-19T10:15:04Z</time>
   </trkpt>
   <trkpt lat="51.1422510" lon="-0.5696740">
    <ele>116.5</ele>
    <time>2020-04-19T10:15:06Z</time>
   </trkpt>
   <trkpt lat="51.1422430" lon="-0.5696780">
    <ele>116.5</ele>
    <time>2020-04-19T10:15:07Z</time>
   </trkpt>
   <trkpt lat="51.1422360" lon="-0.5696860">
    <ele>116.6</ele>
    <time>2020-04-19T10:15:08Z</time>
   </trkpt>
   <trkpt lat="51.1422160" lon="-0.5696980">
    <ele>116.6</ele>
    <time>2020-04-19T10:15:10Z</time>
   </trkpt>
   <trkpt lat="51.1421870" lon="-0.5696970">
    <ele>116.8</ele>
    <time>2020-04-19T10:15:12Z</time>
   </trkpt>
   <trkpt lat="51.1421670" lon="-0.5696940">
    <ele>116.9</ele>
    <time>2020-04-19T10:15:14Z</time>
   </trkpt>
   <trkpt lat="51.1421550" lon="-0.5696910">
    <ele>116.9</ele>
    <time>2020-04-19T10:15:15Z</time>
   </trkpt>
   <trkpt lat="51.1421260" lon="-0.5696710">
    <ele>117.1</ele>
    <time>2020-04-19T10:15:17Z</time>
   </trkpt>
   <trkpt lat="51.1421180" lon="-0.5696630">
    <ele>117.2</ele>
    <time>2020-04-19T10:15:18Z</time>
   </trkpt>
   <trkpt lat="51.1421060" lon="-0.5696540">
    <ele>117.2</ele>
    <time>2020-04-19T10:15:19Z</time>
   </trkpt>
   <trkpt lat="51.1420840" lon="-0.5696450">
    <ele>117.3</ele>
    <time>2020-04-19T10:15:21Z</time>
   </trkpt>
   <trkpt lat="51.1420670" lon="-0.5696420">
    <ele>117.4</ele>
    <time>2020-04-19T10:15:22Z</time>
   </trkpt>
   <trkpt lat="51.1420470" lon="-0.5696390">
    <ele>117.5</ele>
    <time>2020-04-19T10:15:24Z</time>
   </trkpt>
   <trkpt lat="51.1420350" lon="-0.5696370">
    <ele>117.6</ele>
    <time>2020-04-19T10:15:25Z</time>
   </trkpt>
   <trkpt lat="51.1420240" lon="-0.5696360">
    <ele>117.6</ele>
    <time>2020-04-19T10:15:26Z</time>
   </trkpt>
   <trkpt lat="51.1419980" lon="-0.5696320">
    <ele>117.8</ele>
    <time>2020-04-19T10:15:28Z</time>
   </trkpt>
   <trkpt lat="51.1419730" lon="-0.5696240">
    <ele>117.9</ele>
    <time>2020-04-19T10:15:30Z</time>
   </trkpt>
   <trkpt lat="51.1419440" lon="-0.5696200">
    <ele>118.1</ele>
    <time>2020-04-19T10:15:32Z</time>
   </trkpt>
   <trkpt lat="51.1419320" lon="-0.5696190">
    <ele>118.1</ele>
    <time>2020-04-19T10:15:33Z</time>
   </trkpt>
   <trkpt lat="51.1419070" lon="-0.5696130">
    <ele>118.3</ele>
    <time>2020-04-19T10:15:35Z</time>
   </trkpt>
   <trkpt lat="51.1418770" lon="-0.5695970">
    <ele>118.5</ele>
    <time>2020-04-19T10:15:37Z</time>
   </trkpt>
   <trkpt lat="51.1418540" lon="-0.5695880">
    <ele>118.6</ele>
    <time>2020-04-19T10:15:39Z</time>
   </trkpt>
   <trkpt lat="51.1418300" lon="-0.5695800">
    <ele>118.8</ele>
    <time>2020-04-19T10:15:41Z</time>
   </trkpt>
   <trkpt lat="51.1418160" lon="-0.5695740">
    <ele>118.8</ele>
    <time>2020-04-19T10:15:42Z</time>
   </trkpt>
   <trkpt lat="51.1418080" lon="-0.5695710">
    <ele>118.9</ele>
    <time>2020-04-19T10:15:43Z</time>
   </trkpt>
   <trkpt lat="51.1417860" lon="-0.5695610">
    <ele>119.0</ele>
    <time>2020-04-19T10:15:45Z</time>
   </trkpt>
   <trkpt lat="51.1417790" lon="-0.5695520">
    <ele>119.1</ele>
    <time>2020-04-19T10:15:47Z</time>
   </trkpt>
   <trkpt lat="51.1417700" lon="-0.5695410">
    <ele>119.2</ele>
    <time>2020-04-19T10:15:49Z</time>
   </trkpt>
   <trkpt lat="51.1417540" lon="-0.5695250">
    <ele>119.3</ele>
    <time>2020-04-19T10:15:51Z</time>
   </trkpt>
   <trkpt lat="51.1417470" lon="-0.5695200">
    <ele>119.3</ele>
    <time>2020-04-19T10:15:52Z</time>
   </trkpt>
   <trkpt lat="51.1417360" lon="-0.5695190">
    <ele>119.4</ele>
    <time>2020-04-19T10:15:54Z</time>
   </trkpt>
   <trkpt lat="51.1417300" lon="-0.5695210">
    <ele>119.4</ele>
    <time>2020-04-19T10:15:55Z</time>
   </trkpt>
   <trkpt lat="51.1417170" lon="-0.5695250">
    <ele>119.5</ele>
    <time>2020-04-19T10:15:57Z</time>
   </trkpt>
   <trkpt lat="51.1417120" lon="-0.5695270">
    <ele>119.6</ele>
    <time>2020-04-19T10:15:58Z</time>
   </trkpt>
   <trkpt lat="51.1416910" lon="-0.5695290">
    <ele>119.7</ele>
    <time>2020-04-19T10:16:00Z</time>
   </trkpt>
   <trkpt lat="51.1416510" lon="-0.5695330">
    <ele>119.9</ele>
    <time>2020-04-19T10:16:02Z</time>
   </trkpt>
   <trkpt lat="51.1416160" lon="-0.5695300">
    <ele>120.2</ele>
    <time>2020-04-19T10:16:04Z</time>
   </trkpt>
   <trkpt lat="51.1415780" lon="-0.5695220">
    <ele>120.4</ele>
    <time>2020-04-19T10:16:06Z</time>
   </trkpt>
   <trkpt lat="51.1415400" lon="-0.5695120">
    <ele>120.6</ele>
    <time>2020-04-19T10:16:08Z</time>
   </trkpt>
   <trkpt lat="51.1415040" lon="-0.5695040">
    <ele>120.9</ele>
    <time>2020-04-19T10:16:10Z</time>
   </trkpt>
   <trkpt lat="51.1414570" lon="-0.5695000">
    <ele>121.1</ele>
    <time>2020-04-19T10:16:12Z</time>
   </trkpt>
   <trkpt lat="51.1414460" lon="-0.5694980">
    <ele>121.2</ele>
    <time>2020-04-19T10:16:13Z</time>
   </trkpt>
   <trkpt lat="51.1414130" lon="-0.5694940">
    <ele>121.4</ele>
    <time>2020-04-19T10:16:15Z</time>
   </trkpt>
   <trkpt lat="51.1413740" lon="-0.5694920">
    <ele>121.6</ele>
    <time>2020-04-19T10:16:17Z</time>
   </trkpt>
   <trkpt lat="51.1413520" lon="-0.5694890">
    <ele>121.7</ele>
    <time>2020-04-19T10:16:19Z</time>
   </trkpt>
   <trkpt lat="51.1413390" lon="-0.5694890">
    <ele>121.8</ele>
    <time>2020-04-19T10:16:20Z</time>
   </trkpt>
   <trkpt lat="51.1413080" lon="-0.5694840">
    <ele>121.9</ele>
    <time>2020-04-19T10:16:22Z</time>
   </trkpt>
   <trkpt lat="51.1413010" lon="-0.5694840">
    <ele>122.0</ele>
    <time>2020-04-19T10:16:23Z</time>
   </trkpt>
   <trkpt lat="51.1412760" lon="-0.5694860">
    <ele>122.1</ele>
    <time>2020-04-19T10:16:25Z</time>
   </trkpt>
   <trkpt lat="51.1412630" lon="-0.5694880">
    <ele>122.1</ele>
    <time>2020-04-19T10:16:27Z</time>
   </trkpt>
   <trkpt lat="51.1412590" lon="-0.5694840">
    <ele>122.1</ele>
    <time>2020-04-19T10:16:28Z</time>
   </trkpt>
   <trkpt lat="51.1412450" lon="-0.5694920">
    <ele>122.2</ele>
    <time>2020-04-19T10:16:30Z</time>
   </trkpt>
   <trkpt lat="51.1412380" lon="-0.5694980">
    <ele>122.2</ele>
    <time>2020-04-19T10:16:31Z</time>
   </trkpt>
   <trkpt lat="51.1412080" lon="-0.5695220">
    <ele>122.4</ele>
    <time>2020-04-19T10:16:33Z</time>
   </trkpt>
   <trkpt lat="51.1411990" lon="-0.5695370">
    <ele>122.4</ele>
    <time>2020-04-19T10:16:34Z</time>
   </trkpt>
   <trkpt lat="51.1411880" lon="-0.5695610">
    <ele>122.5</ele>
    <time>2020-04-19T10:16:36Z</time>
   </trkpt>
   <trkpt lat="51.1411830" lon="-0.5695620">
    <ele>122.5</ele>
    <time>2020-04-19T10:16:37Z</time>
   </trkpt>
   <trkpt lat="51.1411670" lon="-0.5695610">
    <ele>122.5</ele>
    <time>2020-04-19T10:16:39Z</time>
   </trkpt>
   <trkpt lat="51.1411630" lon="-0.5695590">
    <ele>122.5</ele>
    <time>2020-04-19T10:16:40Z</time>
   </trkpt>
   <trkpt lat="51.1411610" lon="-0.5695580">
    <ele>122.5</ele>
    <time>2020-04-19T10:16:41Z</time>
   </trkpt>
   <trkpt lat="51.1411600" lon="-0.5695580">
    <ele>122.5</ele>
    <time>2020-04-19T10:16:43Z</time>
   </trkpt>
   <trkpt lat="51.1411590" lon="-0.5695570">
    <ele>122.5</ele>
    <time>2020-04-19T10:16:44Z</time>
   </trkpt>
   <trkpt lat="51.1411540" lon="-0.5695550">
    <ele>122.5</ele>
    <time>2020-04-19T10:16:46Z</time>
   </trkpt>
   <trkpt lat="51.1411530" lon="-0.5695570">
    <ele>122.5</ele>
    <time>2020-04-19T10:16:48Z</time>
   </trkpt>
   <trkpt lat="51.1411560" lon="-0.5695770">
    <ele>122.6</ele>
    <time>2020-04-19T10:16:49Z</time>
   </trkpt>
   <trkpt lat="51.1411540" lon="-0.5695830">
    <ele>122.6</ele>
    <time>2020-04-19T10:16:50Z</time>
   </trkpt>
   <trkpt lat="51.1411520" lon="-0.5695870">
    <ele>122.6</ele>
    <time>2020-04-19T10:16:51Z</time>
   </trkpt>
   <trkpt lat="51.1411510" lon="-0.5695880">
    <ele>122.6</ele>
    <time>2020-04-19T10:16:53Z</time>
   </trkpt>
   <trkpt lat="51.1411520" lon="-0.5695930">
    <ele>122.6</ele>
    <time>2020-04-19T10:16:54Z</time>
   </trkpt>
   <trkpt lat="51.1411520" lon="-0.5695930">
    <ele>122.6</ele>
    <time>2020-04-19T10:16:55Z</time>
   </trkpt>
   <trkpt lat="51.1411480" lon="-0.5695730">
    <ele>122.6</ele>
    <time>2020-04-19T10:16:57Z</time>
   </trkpt>
   <trkpt lat="51.1411480" lon="-0.5695580">
    <ele>122.6</ele>
    <time>2020-04-19T10:16:58Z</time>
   </trkpt>
   <trkpt lat="51.1411500" lon="-0.5695510">
    <ele>122.7</ele>
    <time>2020-04-19T10:16:59Z</time>
   </trkpt>
   <trkpt lat="51.1411550" lon="-0.5695380">
    <ele>122.7</ele>
    <time>2020-04-19T10:17:01Z</time>
   </trkpt>
   <trkpt lat="51.1411580" lon="-0.5695310">
    <ele>122.7</ele>
    <time>2020-04-19T10:17:02Z</time>
   </trkpt>
   <trkpt lat="51.1411620" lon="-0.5695240">
    <ele>122.7</ele>
    <time>2020-04-19T10:17:03Z</time>
   </trkpt>
   <trkpt lat="51.1411650" lon="-0.5695190">
    <ele>122.7</ele>
    <time>2020-04-19T10:17:04Z</time>
   </trkpt>
   <trkpt lat="51.1411660" lon="-0.5695160">
    <ele>122.7</ele>
    <time>2020-04-19T10:17:05Z</time>
   </trkpt>
   <trkpt lat="51.1411660" lon="-0.5695120">
    <ele>122.7</ele>
    <time>2020-04-19T10:17:07Z</time>
   </trkpt>
   <trkpt lat="51.1411660" lon="-0.5695100">
    <ele>122.7</ele>
    <time>2020-04-19T10:17:09Z</time>
   </trkpt>
   <trkpt lat="51.1411660" lon="-0.5695110">
    <ele>122.7</ele>
    <time>2020-04-19T10:17:11Z</time>
   </trkpt>
   <trkpt lat="51.1411620" lon="-0.5695090">
    <ele>122.7</ele>
    <time>2020-04-19T10:17:13Z</time>
   </trkpt>
   <trkpt lat="51.1411550" lon="-0.5695150">
    <ele>122.8</ele>
    <time>2020-04-19T10:17:15Z</time>
   </trkpt>
   <trkpt lat="51.1411520" lon="-0.5695210">
    <ele>122.8</ele>
    <time>2020-04-19T10:17:17Z</time>
   </trkpt>
   <trkpt lat="51.1411500" lon="-0.5695220">
    <ele>122.8</ele>
    <time>2020-04-19T10:17:18Z</time>
   </trkpt>
   <trkpt lat="51.1411470" lon="-0.5695250">
    <ele>122.8</ele>
    <time>2020-04-19T10:17:19Z</time>
   </trkpt>
   <trkpt lat="51.1411450" lon="-0.5695240">
    <ele>122.8</ele>
    <time>2020-04-19T10:17:21Z</time>
   </trkpt>
   <trkpt lat="51.1411440" lon="-0.5695210">
    <ele>122.8</ele>
    <time>2020-04-19T10:17:22Z</time>
   </trkpt>
   <trkpt lat="51.1411440" lon="-0.5695210">
    <ele>122.8</ele>
    <time>2020-04-19T10:17:24Z</time>
   </trkpt>
   <trkpt lat="51.1411440" lon="-0.5695210">
    <ele>122.8</ele>
    <time>2020-04-19T10:17:25Z</time>
   </trkpt>
   <trkpt lat="51.1411450" lon="-0.5695250">
    <ele>122.8</ele>
    <time>2020-04-19T10:17:27Z</time>
   </trkpt>
   <trkpt lat="51.1411450" lon="-0.5695270">
    <ele>122.8</ele>
    <time>2020-04-19T10:17:28Z</time>
   </trkpt>
   <trkpt lat="51.1411360" lon="-0.5695360">
    <ele>122.8</ele>
    <time>2020-04-19T10:17:30Z</time>
   </trkpt>
   <trkpt lat="51.1411290" lon="-0.5695390">
    <ele>122.9</ele>
    <time>2020-04-19T10:17:31Z</time>
   </trkpt>
   <trkpt lat="51.1411270" lon="-0.5695390">
    <ele>122.9</ele>
    <time>2020-04-19T10:17:33Z</time>
   </trkpt>
   <trkpt lat="51.1411310" lon="-0.5695360">
    <ele>122.9</ele>
    <time>2020-04-19T10:17:35Z</time>
   </trkpt>
   <trkpt lat="51.1411310" lon="-0.5695390">
    <ele>122.9</ele>
    <time>2020-04-19T10:17:37Z</time>
   </trkpt>
   <trkpt lat="51.1411320" lon="-0.5695400">
    <ele>122.9</ele>
    <time>2020-04-19T10:17:38Z</time>
   </trkpt>
   <trkpt lat="51.1411290" lon="-0.5695420">
    <ele>122.9</ele>
    <time>2020-04-19T10:17:40Z</time>
   </trkpt>
   <trkpt lat="51.1411270" lon="-0.5695430">
    <ele>122.9</ele>
    <time>2020-04-19T10:17:42Z</time>
   </trkpt>
   <trkpt lat="51.1411260" lon="-0.5695430">
    <ele>122.9</ele>
    <time>2020-04-19T10:17:43Z</time>
   </trkpt>
   <trkpt lat="51.1411270" lon="-0.5695430">
    <ele>122.9</ele>
    <time>2020-04-19T10:17:45Z</time>
   </trkpt>
   <trkpt lat="51.1411260" lon="-0.5695420">
    <ele>122.9</ele>
    <time>2020-04-19T10:17:47Z</time>
   </trkpt>
   <trkpt lat="51.1411240" lon="-0.5695460">
    <ele>122.9</ele>
    <time>2020-04-19T10:17:48Z</time>
   </trkpt>
   <trkpt lat="51.1411230" lon="-0.5695470">
    <ele>122.9</ele>
    <time>2020-04-19T10:17:49Z</time>
   </trkpt>
   <trkpt lat="51.1411220" lon="-0.5695470">
    <ele>122.9</ele>
    <time>2020-04-19T10:17:51Z</time>
   </trkpt>
   <trkpt lat="51.1411240" lon="-0.5695470">
    <ele>122.9</ele>
    <time>2020-04-19T10:17:52Z</time>
   </trkpt>
   <trkpt lat="51.1411250" lon="-0.5695450">
    <ele>122.9</ele>
    <time>2020-04-19T10:17:54Z</time>
   </trkpt>
   <trkpt lat="51.1411240" lon="-0.5695440">
    <ele>122.9</ele>
    <time>2020-04-19T10:17:55Z</time>
   </trkpt>
   <trkpt lat="51.1411220" lon="-0.5695470">
    <ele>122.9</ele>
    <time>2020-04-19T10:17:57Z</time>
   </trkpt>
   <trkpt lat="51.1411200" lon="-0.5695570">
    <ele>123.0</ele>
    <time>2020-04-19T10:17:59Z</time>
   </trkpt>
   <trkpt lat="51.1411210" lon="-0.5695580">
    <ele>123.0</ele>
    <time>2020-04-19T10:18:00Z</time>
   </trkpt>
   <trkpt lat="51.1411230" lon="-0.5695490">
    <ele>123.0</ele>
    <time>2020-04-19T10:18:02Z</time>
   </trkpt>
   <trkpt lat="51.1411260" lon="-0.5695180">
    <ele>123.0</ele>
    <time>2020-04-19T10:18:04Z</time>
   </trkpt>
   <trkpt lat="51.1411290" lon="-0.5695070">
    <ele>123.0</ele>
    <time>2020-04-19T10:18:06Z</time>
   </trkpt>
   <trkpt lat="51.1411290" lon="-0.5695060">
    <ele>123.0</ele>
    <time>2020-04-19T10:18:07Z</time>
   </trkpt>
   <trkpt lat="51.1411290" lon="-0.5695130">
    <ele>123.1</ele>
    <time>2020-04-19T10:18:09Z</time>
   </trkpt>
   <trkpt lat="51.1411320" lon="-0.5695400">
    <ele>123.1</ele>
    <time>2020-04-19T10:18:10Z</time>
   </trkpt>
   <trkpt lat="51.1411350" lon="-0.5695480">
    <ele>123.1</ele>
    <time>2020-04-19T10:18:12Z</time>
   </trkpt>
   <trkpt lat="51.1411400" lon="-0.5695570">
    <ele>123.1</ele>
    <time>2020-04-19T10:18:14Z</time>
   </trkpt>
   <trkpt lat="51.1411350" lon="-0.5695580">
    <ele>123.1</ele>
    <time>2020-04-19T10:18:15Z</time>
   </trkpt>
   <trkpt lat="51.1411290" lon="-0.5695580">
    <ele>123.2</ele>
    <time>2020-04-19T10:18:17Z</time>
   </trkpt>
   <trkpt lat="51.1411260" lon="-0.5695550">
    <ele>123.2</ele>
    <time>2020-04-19T10:18:18Z</time>
   </trkpt>
   <trkpt lat="51.1411300" lon="-0.5695440">
    <ele>123.2</ele>
    <time>2020-04-19T10:18:20Z</time>
   </trkpt>
   <trkpt lat="51.1411320" lon="-0.5695440">
    <ele>123.2</ele>
    <time>2020-04-19T10:18:21Z</time>
   </trkpt>
   <trkpt lat="51.1411350" lon="-0.5695470">
    <ele>123.2</ele>
    <time>2020-04-19T10:18:22Z</time>
   </trkpt>
   <trkpt lat="51.1411360" lon="-0.5695450">
    <ele>123.2</ele>
    <time>2020-04-19T10:18:23Z</time>
   </trkpt>
   <trkpt lat="51.1411350" lon="-0.5695430">
    <ele>123.2</ele>
    <time>2020-04-19T10:18:24Z</time>
   </trkpt>
   <trkpt lat="51.1411340" lon="-0.5695440">
    <ele>123.2</ele>
    <time>2020-04-19T10:18:26Z</time>
   </trkpt>
   <trkpt lat="51.1411320" lon="-0.5695440">
    <ele>123.2</ele>
    <time>2020-04-19T10:18:27Z</time>
   </trkpt>
   <trkpt lat="51.1411250" lon="-0.5695450">
    <ele>123.2</ele>
    <time>2020-04-19T10:18:29Z</time>
   </trkpt>
   <trkpt lat="51.1411230" lon="-0.5695470">
    <ele>123.2</ele>
    <time>2020-04-19T10:18:30Z</time>
   </trkpt>
   <trkpt lat="51.1411220" lon="-0.5695540">
    <ele>123.3</ele>
    <time>2020-04-19T10:18:31Z</time>
   </trkpt>
   <trkpt lat="51.1411360" lon="-0.5695650">
    <ele>123.3</ele>
    <time>2020-04-19T10:18:33Z</time>
   </trkpt>
   <trkpt lat="51.1411490" lon="-0.5695640">
    <ele>123.3</ele>
    <time>2020-04-19T10:18:35Z</time>
   </trkpt>
   <trkpt lat="51.1411710" lon="-0.5695730">
    <ele>123.4</ele>
    <time>2020-04-19T10:18:37Z</time>
   </trkpt>
   <trkpt lat="51.1411700" lon="-0.5695780">
    <ele>123.4</ele>
    <time>2020-04-19T10:18:38Z</time>
   </trkpt>
   <trkpt lat="51.1411670" lon="-0.5695850">
    <ele>123.4</ele>
    <time>2020-04-19T10:18:39Z</time>
   </trkpt>
   <trkpt lat="51.1411600" lon="-0.5695900">
    <ele>123.4</ele>
    <time>2020-04-19T10:18:41Z</time>
   </trkpt>
   <trkpt lat="51.1411480" lon="-0.5695790">
    <ele>123.5</ele>
    <time>2020-04-19T10:18:43Z</time>
   </trkpt>
   <trkpt lat="51.1411460" lon="-0.5695780">
    <ele>123.5</ele>
    <time>2020-04-19T10:18:44Z</time>
   </trkpt>
   <trkpt lat="51.1411530" lon="-0.5695790">
    <ele>123.5</ele>
    <time>2020-04-19T10:18:46Z</time>
   </trkpt>
   <trkpt lat="51.1411550" lon="-0.5695870">
    <ele>123.5</ele>
    <time>2020-04-19T10:18:48Z</time>
   </trkpt>
   <trkpt lat="51.1411560" lon="-0.5695940">
    <ele>123.5</ele>
    <time>2020-04-19T10:18:49Z</time>
   </trkpt>
   <trkpt lat="51.1411580" lon="-0.5696010">
    <ele>123.5</ele>
    <time>2020-04-19T10:18:51Z</time>
   </trkpt>
   <trkpt lat="51.1411730" lon="-0.5696330">
    <ele>123.6</ele>
    <time>2020-04-19T10:18:53Z</time>
   </trkpt>
   <trkpt lat="51.1411790" lon="-0.5696410">
    <ele>123.6</ele>
    <time>2020-04-19T10:18:54Z</time>
   </trkpt>
   <trkpt lat="51.1411870" lon="-0.5696650">
    <ele>123.6</ele>
    <time>2020-04-19T10:18:55Z</time>
   </trkpt>
   <trkpt lat="51.1411870" lon="-0.5696870">
    <ele>123.7</ele>
    <time>2020-04-19T10:18:57Z</time>
   </trkpt>
   <trkpt lat="51.1411840" lon="-0.5696920">
    <ele>123.7</ele>
    <time>2020-04-19T10:18:58Z</time>
   </trkpt>
   <trkpt lat="51.1411800" lon="-0.5697000">
    <ele>123.7</ele>
    <time>2020-04-19T10:19:00Z</time>
   </trkpt>
   <trkpt lat="51.1411740" lon="-0.5697000">
    <ele>123.7</ele>
    <time>2020-04-19T10:19:02Z</time>
   </trkpt>
   <trkpt lat="51.1411690" lon="-0.5696960">
    <ele>123.7</ele>
    <time>2020-04-19T10:19:03Z</time>
   </trkpt>
   <trkpt lat="51.1411630" lon="-0.5696900">
    <ele>123.8</ele>
    <time>2020-04-19T10:19:04Z</time>
   </trkpt>
   <trkpt lat="51.1411350" lon="-0.5696890">
    <ele>123.8</ele>
    <time>2020-04-19T10:19:06Z</time>
   </trkpt>
   <trkpt lat="51.1411100" lon="-0.5696980">
    <ele>123.9</ele>
    <time>2020-04-19T10:19:08Z</time>
   </trkpt>
   <trkpt lat="51.1410920" lon="-0.5697120">
    <ele>123.9</ele>
    <time>2020-04-19T10:19:10Z</time>
   </trkpt>
   <trkpt lat="51.1410840" lon="-0.5697210">
    <ele>123.9</ele>
    <time>2020-04-19T10:19:11Z</time>
   </trkpt>
   <trkpt lat="51.1410630" lon="-0.5697420">
    <ele>124.0</ele>
    <time>2020-04-19T10:19:13Z</time>
   </trkpt>
   <trkpt lat="51.1410550" lon="-0.5697530">
    <ele>124.0</ele>
    <time>2020-04-19T10:19:14Z</time>
   </trkpt>
   <trkpt lat="51.1410410" lon="-0.5697710">
    <ele>124.1</ele>
    <time>2020-04-19T10:19:16Z</time>
   </trkpt>
   <trkpt lat="51.1410190" lon="-0.5697820">
    <ele>124.1</ele>
    <time>2020-04-19T10:19:18Z</time>
   </trkpt>
   <trkpt lat="51.1410090" lon="-0.5697860">
    <ele>124.1</ele>
    <time>2020-04-19T10:19:19Z</time>
   </trkpt>
   <trkpt lat="51.1409820" lon="-0.5697980">
    <ele>124.2</ele>
    <time>2020-04-19T10:19:21Z</time>
   </trkpt>
   <trkpt lat="51.1409480" lon="-0.5698140">
    <ele>124.3</ele>
    <time>2020-04-19T10:19:23Z</time>
   </trkpt>
   <trkpt lat="51.1409350" lon="-0.5698220">
    <ele>124.3</ele>
    <time>2020-04-19T10:19:24Z</time>
   </trkpt>
   <trkpt lat="51.1409190" lon="-0.5698310">
    <ele>124.3</ele>
    <time>2020-04-19T10:19:25Z</time>
   </trkpt>
   <trkpt lat="51.1408910" lon="-0.5698440">
    <ele>124.4</ele>
    <time>2020-04-19T10:19:27Z</time>
   </trkpt>
   <trkpt lat="51.1408650" lon="-0.5698600">
    <ele>124.4</ele>
    <time>2020-04-19T10:19:29Z</time>
   </trkpt>
   <trkpt lat="51.1408500" lon="-0.5698710">
    <ele>124.5</ele>
    <time>2020-04-19T10:19:30Z</time>
   </trkpt>
   <trkpt lat="51.1408210" lon="-0.5698900">
    <ele>124.5</ele>
    <time>2020-04-19T10:19:32Z</time>
   </trkpt>
   <trkpt lat="51.1408060" lon="-0.5699010">
    <ele>124.6</ele>
    <time>2020-04-19T10:19:33Z</time>
   </trkpt>
   <trkpt lat="51.1407810" lon="-0.5699250">
    <ele>124.6</ele>
    <time>2020-04-19T10:19:35Z</time>
   </trkpt>
   <trkpt lat="51.1407680" lon="-0.5699370">
    <ele>124.6</ele>
    <time>2020-04-19T10:19:36Z</time>
   </trkpt>
   <trkpt lat="51.1407440" lon="-0.5699550">
    <ele>124.7</ele>
    <time>2020-04-19T10:19:38Z</time>
   </trkpt>
   <trkpt lat="51.1407160" lon="-0.5699720">
    <ele>124.7</ele>
    <time>2020-04-19T10:19:40Z</time>
   </trkpt>
   <trkpt lat="51.1407000" lon="-0.5699820">
    <ele>124.8</ele>
    <time>2020-04-19T10:19:41Z</time>
   </trkpt>
   <trkpt lat="51.1406600" lon="-0.5700100">
    <ele>124.8</ele>
    <time>2020-04-19T10:19:43Z</time>
   </trkpt>
   <trkpt lat="51.1406320" lon="-0.5700390">
    <ele>124.9</ele>
    <time>2020-04-19T10:19:45Z</time>
   </trkpt>
   <trkpt lat="51.1406260" lon="-0.5700450">
    <ele>124.9</ele>
    <time>2020-04-19T10:19:46Z</time>
   </trkpt>
   <trkpt lat="51.1406020" lon="-0.5700680">
    <ele>124.9</ele>
    <time>2020-04-19T10:19:48Z</time>
   </trkpt>
   <trkpt lat="51.1405810" lon="-0.5700890">
    <ele>125.0</ele>
    <time>2020-04-19T10:19:50Z</time>
   </trkpt>
   <trkpt lat="51.1405600" lon="-0.5701100">
    <ele>125.0</ele>
    <time>2020-04-19T10:19:52Z</time>
   </trkpt>
   <trkpt lat="51.1405470" lon="-0.5701210">
    <ele>125.0</ele>
    <time>2020-04-19T10:19:53Z</time>
   </trkpt>
   <trkpt lat="51.1405200" lon="-0.5701460">
    <ele>125.1</ele>
    <time>2020-04-19T10:19:55Z</time>
   </trkpt>
   <trkpt lat="51.1404780" lon="-0.5701820">
    <ele>125.1</ele>
    <time>2020-04-19T10:19:57Z</time>
   </trkpt>
   <trkpt lat="51.1404640" lon="-0.5701950">
    <ele>125.1</ele>
    <time>2020-04-19T10:19:59Z</time>
   </trkpt>
   <trkpt lat="51.1404500" lon="-0.5702080">
    <ele>125.2</ele>
    <time>2020-04-19T10:20:01Z</time>
   </trkpt>
   <trkpt lat="51.1404360" lon="-0.5702210">
    <ele>125.2</ele>
    <time>2020-04-19T10:20:02Z</time>
   </trkpt>
   <trkpt lat="51.1404140" lon="-0.5702380">
    <ele>125.2</ele>
    <time>2020-04-19T10:20:03Z</time>
   </trkpt>
   <trkpt lat="51.1403960" lon="-0.5702360">
    <ele>125.2</ele>
    <time>2020-04-19T10:20:05Z</time>
   </trkpt>
   <trkpt lat="51.1403690" lon="-0.5702510">
    <ele>125.3</ele>
    <time>2020-04-19T10:20:06Z</time>
   </trkpt>
   <trkpt lat="51.1403550" lon="-0.5702600">
    <ele>125.3</ele>
    <time>2020-04-19T10:20:07Z</time>
   </trkpt>
   <trkpt lat="51.1403490" lon="-0.5702620">
    <ele>125.3</ele>
    <time>2020-04-19T10:20:09Z</time>
   </trkpt>
   <trkpt lat="51.1403360" lon="-0.5702850">
    <ele>125.3</ele>
    <time>2020-04-19T10:20:11Z</time>
   </trkpt>
   <trkpt lat="51.1403090" lon="-0.5703150">
    <ele>125.4</ele>
    <time>2020-04-19T10:20:13Z</time>
   </trkpt>
   <trkpt lat="51.1403020" lon="-0.5703160">
    <ele>125.4</ele>
    <time>2020-04-19T10:20:14Z</time>
   </trkpt>
   <trkpt lat="51.1402920" lon="-0.5703250">
    <ele>125.4</ele>
    <time>2020-04-19T10:20:15Z</time>
   </trkpt>
   <trkpt lat="51.1402660" lon="-0.5703390">
    <ele>125.4</ele>
    <time>2020-04-19T10:20:17Z</time>
   </trkpt>
   <trkpt lat="51.1402560" lon="-0.5703490">
    <ele>125.4</ele>
    <time>2020-04-19T10:20:18Z</time>
   </trkpt>
   <trkpt lat="51.1402390" lon="-0.5703820">
    <ele>125.4</ele>
    <time>2020-04-19T10:20:20Z</time>
   </trkpt>
   <trkpt lat="51.1402260" lon="-0.5704190">
    <ele>125.4</ele>
    <time>2020-04-19T10:20:22Z</time>
   </trkpt>
   <trkpt lat="51.1402100" lon="-0.5704600">
    <ele>125.4</ele>
    <time>2020-04-19T10:20:24Z</time>
   </trkpt>
   <trkpt lat="51.1402100" lon="-0.5704610">
    <ele>125.4</ele>
    <time>2020-04-19T10:20:25Z</time>
   </trkpt>
   <trkpt lat="51.1402140" lon="-0.5704500">
    <ele>125.4</ele>
    <time>2020-04-19T10:20:27Z</time>
   </trkpt>
   <trkpt lat="51.1402140" lon="-0.5704450">
    <ele>125.4</ele>
    <time>2020-04-19T10:20:28Z</time>
   </trkpt>
   <trkpt lat="51.1402090" lon="-0.5704450">
    <ele>125.4</ele>
    <time>2020-04-19T10:20:29Z</time>
   </trkpt>
   <trkpt lat="51.1402130" lon="-0.5704370">
    <ele>125.4</ele>
    <time>2020-04-19T10:20:30Z</time>
   </trkpt>
   <trkpt lat="51.1402160" lon="-0.5704350">
    <ele>125.4</ele>
    <time>2020-04-19T10:20:32Z</time>
   </trkpt>
   <trkpt lat="51.1402220" lon="-0.5704420">
    <ele>125.5</ele>
    <time>2020-04-19T10:20:33Z</time>
   </trkpt>
   <trkpt lat="51.1402230" lon="-0.5704430">
    <ele>125.5</ele>
    <time>2020-04-19T10:20:35Z</time>
   </trkpt>
   <trkpt lat="51.1402240" lon="-0.5704430">
    <ele>125.5</ele>
    <time>2020-04-19T10:20:37Z</time>
   </trkpt>
   <trkpt lat="51.1402260" lon="-0.5704500">
    <ele>125.5</ele>
    <time>2020-04-19T10:20:39Z</time>
   </trkpt>
   <trkpt lat="51.1402270" lon="-0.5704550">
    <ele>125.5</ele>
    <time>2020-04-19T10:20:40Z</time>
   </trkpt>
   <trkpt lat="51.1402260" lon="-0.5704590">
    <ele>125.5</ele>
    <time>2020-04-19T10:20:42Z</time>
   </trkpt>
   <trkpt lat="51.1402230" lon="-0.5704580">
    <ele>125.5</ele>
    <time>2020-04-19T10:20:43Z</time>
   </trkpt>
   <trkpt lat="51.1402180" lon="-0.5704540">
    <ele>125.5</ele>
    <time>2020-04-19T10:20:44Z</time>
   </trkpt>
   <trkpt lat="51.1402080" lon="-0.5704590">
    <ele>125.5</ele>
    <time>2020-04-19T10:20:46Z</time>
   </trkpt>
   <trkpt lat="51.1401860" lon="-0.5704830">
    <ele>125.5</ele>
    <time>2020-04-19T10:20:48Z</time>
   </trkpt>
   <trkpt lat="51.1401700" lon="-0.5705030">
    <ele>125.5</ele>
    <time>2020-04-19T10:20:49Z</time>
   </trkpt>
   <trkpt lat="51.1401680" lon="-0.5705090">
    <ele>125.5</ele>
    <time>2020-04-19T10:20:50Z</time>
   </trkpt>
   <trkpt lat="51.1401580" lon="-0.5705250">
    <ele>125.5</ele>
    <time>2020-04-19T10:20:52Z</time>
   </trkpt>
   <trkpt lat="51.1401480" lon="-0.5705360">
    <ele>125.5</ele>
    <time>2020-04-19T10:20:53Z</time>
   </trkpt>
   <trkpt lat="51.1401310" lon="-0.5705530">
    <ele>125.5</ele>
    <time>2020-04-19T10:20:54Z</time>
   </trkpt>
   <trkpt lat="51.1401230" lon="-0.5705600">
    <ele>125.5</ele>
    <time>2020-04-19T10:20:55Z</time>
   </trkpt>
   <trkpt lat="51.1401010" lon="-0.5705840">
    <ele>125.5</ele>
    <time>2020-04-19T10:20:57Z</time>
   </trkpt>
   <trkpt lat="51.1400810" lon="-0.5706070">
    <ele>125.5</ele>
    <time>2020-04-19T10:20:58Z</time>
   </trkpt>
   <trkpt lat="51.1400710" lon="-0.5706180">
    <ele>125.5</ele>
    <time>2020-04-19T10:20:59Z</time>
   </trkpt>
   <trkpt lat="51.1400480" lon="-0.5706670">
    <ele>125.5</ele>
    <time>2020-04-19T10:21:01Z</time>
   </trkpt>
   <trkpt lat="51.1400390" lon="-0.5706870">
    <ele>125.5</ele>
    <time>2020-04-19T10:21:02Z</time>
   </trkpt>
   <trkpt lat="51.1400280" lon="-0.5707120">
    <ele>125.5</ele>
    <time>2020-04-19T10:21:04Z</time>
   </trkpt>
   <trkpt lat="51.1400100" lon="-0.5707380">
    <ele>125.5</ele>
    <time>2020-04-19T10:21:06Z</time>
   </trkpt>
   <trkpt lat="51.1399930" lon="-0.5707570">
    <ele>125.4</ele>
    <time>2020-04-19T10:21:08Z</time>
   </trkpt>
   <trkpt lat="51.1399840" lon="-0.5707680">
    <ele>125.4</ele>
    <time>2020-04-19T10:21:09Z</time>
   </trkpt>
   <trkpt lat="51.1399730" lon="-0.5707780">
    <ele>125.4</ele>
    <time>2020-04-19T10:21:10Z</time>
   </trkpt>
   <trkpt lat="51.1399610" lon="-0.5707890">
    <ele>125.4</ele>
    <time>2020-04-19T10:21:11Z</time>
   </trkpt>
   <trkpt lat="51.1399370" lon="-0.5708060">
    <ele>125.3</ele>
    <time>2020-04-19T10:21:13Z</time>
   </trkpt>
   <trkpt lat="51.1399210" lon="-0.5708150">
    <ele>125.3</ele>
    <time>2020-04-19T10:21:14Z</time>
   </trkpt>
   <trkpt lat="51.1399170" lon="-0.5708210">
    <ele>125.3</ele>
    <time>2020-04-19T10:21:16Z</time>
   </trkpt>
   <trkpt lat="51.1399140" lon="-0.5708260">
    <ele>125.3</ele>
    <time>2020-04-19T10:21:17Z</time>
   </trkpt>
   <trkpt lat="51.1399100" lon="-0.5708320">
    <ele>125.3</ele>
    <time>2020-04-19T10:21:19Z</time>
   </trkpt>
   <trkpt lat="51.1399060" lon="-0.5708370">
    <ele>125.2</ele>
    <time>2020-04-19T10:21:20Z</time>
   </trkpt>
   <trkpt lat="51.1398740" lon="-0.5708530">
    <ele>125.2</ele>
    <time>2020-04-19T10:21:22Z</time>
   </trkpt>
   <trkpt lat="51.1398670" lon="-0.5708560">
    <ele>125.1</ele>
    <time>2020-04-19T10:21:23Z</time>
   </trkpt>
   <trkpt lat="51.1398380" lon="-0.5708690">
    <ele>125.0</ele>
    <time>2020-04-19T10:21:25Z</time>
   </trkpt>
   <trkpt lat="51.1398270" lon="-0.5708740">
    <ele>125.0</ele>
    <time>2020-04-19T10:21:26Z</time>
   </trkpt>
   <trkpt lat="51.1398020" lon="-0.5708830">
    <ele>124.9</ele>
    <time>2020-04-19T10:21:28Z</time>
   </trkpt>
   <trkpt lat="51.1397850" lon="-0.5708900">
    <ele>124.9</ele>
    <time>2020-04-19T10:21:29Z</time>
   </trkpt>
   <trkpt lat="51.1397670" lon="-0.5708960">
    <ele>124.8</ele>
    <time>2020-04-19T10:21:31Z</time>
   </trkpt>
   <trkpt lat="51.1397610" lon="-0.5708950">
    <ele>124.8</ele>
    <time>2020-04-19T10:21:33Z</time>
   </trkpt>
   <trkpt lat="51.1397630" lon="-0.5708950">
    <ele>124.8</ele>
    <time>2020-04-19T10:21:34Z</time>
   </trkpt>
   <trkpt lat="51.1397640" lon="-0.5709000">
    <ele>124.7</ele>
    <time>2020-04-19T10:21:35Z</time>
   </trkpt>
   <trkpt lat="51.1397580" lon="-0.5709080">
    <ele>124.7</ele>
    <time>2020-04-19T10:21:36Z</time>
   </trkpt>
   <trkpt lat="51.1397340" lon="-0.5709240">
    <ele>124.6</ele>
    <time>2020-04-19T10:21:38Z</time>
   </trkpt>
   <trkpt lat="51.1397140" lon="-0.5709350">
    <ele>124.5</ele>
    <time>2020-04-19T10:21:39Z</time>
   </trkpt>
   <trkpt lat="51.1396990" lon="-0.5709420">
    <ele>124.4</ele>
    <time>2020-04-19T10:21:40Z</time>
   </trkpt>
   <trkpt lat="51.1396570" lon="-0.5709630">
    <ele>124.2</ele>
    <time>2020-04-19T10:21:42Z</time>
   </trkpt>
   <trkpt lat="51.1396440" lon="-0.5709710">
    <ele>124.2</ele>
    <time>2020-04-19T10:21:43Z</time>
   </trkpt>
   <trkpt lat="51.1396320" lon="-0.5709780">
    <ele>124.1</ele>
    <time>2020-04-19T10:21:44Z</time>
   </trkpt>
   <trkpt lat="51.1396010" lon="-0.5709920">
    <ele>123.9</ele>
    <time>2020-04-19T10:21:46Z</time>
   </trkpt>
   <trkpt lat="51.1395680" lon="-0.5710040">
    <ele>123.7</ele>
    <time>2020-04-19T10:21:48Z</time>
   </trkpt>
   <trkpt lat="51.1395400" lon="-0.5710040">
    <ele>123.6</ele>
    <time>2020-04-19T10:21:49Z</time>
   </trkpt>
   <trkpt lat="51.1395150" lon="-0.5710120">
    <ele>123.5</ele>
    <time>2020-04-19T10:21:51Z</time>
   </trkpt>
   <trkpt lat="51.1394860" lon="-0.5710240">
    <ele>123.3</ele>
    <time>2020-04-19T10:21:53Z</time>
   </trkpt>
   <trkpt lat="51.1394630" lon="-0.5710310">
    <ele>123.2</ele>
    <time>2020-04-19T10:21:54Z</time>
   </trkpt>
   <trkpt lat="51.1394530" lon="-0.5710360">
    <ele>123.1</ele>
    <time>2020-04-19T10:21:55Z</time>
   </trkpt>
   <trkpt lat="51.1394230" lon="-0.5710500">
    <ele>122.9</ele>
    <time>2020-04-19T10:21:57Z</time>
   </trkpt>
   <trkpt lat="51.1393880" lon="-0.5710700">
    <ele>122.7</ele>
    <time>2020-04-19T10:21:59Z</time>
   </trkpt>
   <trkpt lat="51.1393790" lon="-0.5710780">
    <ele>122.7</ele>
    <time>2020-04-19T10:22:00Z</time>
   </trkpt>
   <trkpt lat="51.1393660" lon="-0.5710880">
    <ele>122.6</ele>
    <time>2020-04-19T10:22:01Z</time>
   </trkpt>
   <trkpt lat="51.1393390" lon="-0.5711040">
    <ele>122.4</ele>
    <time>2020-04-19T10:22:03Z</time>
   </trkpt>
   <trkpt lat="51.1393130" lon="-0.5711090">
    <ele>122.2</ele>
    <time>2020-04-19T10:22:05Z</time>
   </trkpt>
   <trkpt lat="51.1393040" lon="-0.5711100">
    <ele>122.2</ele>
    <time>2020-04-19T10:22:06Z</time>
   </trkpt>
   <trkpt lat="51.1392790" lon="-0.5711190">
    <ele>122.0</ele>
    <time>2020-04-19T10:22:07Z</time>
   </trkpt>
   <trkpt lat="51.1392590" lon="-0.5711280">
    <ele>121.8</ele>
    <time>2020-04-19T10:22:09Z</time>
   </trkpt>
   <trkpt lat="51.1392400" lon="-0.5711310">
    <ele>121.7</ele>
    <time>2020-04-19T10:22:11Z</time>
   </trkpt>
   <trkpt lat="51.1392270" lon="-0.5711310">
    <ele>121.6</ele>
    <time>2020-04-19T10:22:12Z</time>
   </trkpt>
   <trkpt lat="51.1391940" lon="-0.5711390">
    <ele>121.4</ele>
    <time>2020-04-19T10:22:14Z</time>
   </trkpt>
   <trkpt lat="51.1391740" lon="-0.5711410">
    <ele>121.2</ele>
    <time>2020-04-19T10:22:16Z</time>
   </trkpt>
   <trkpt lat="51.1391490" lon="-0.5711410">
    <ele>121.1</ele>
    <time>2020-04-19T10:22:18Z</time>
   </trkpt>
   <trkpt lat="51.1391310" lon="-0.5711380">
    <ele>120.9</ele>
    <time>2020-04-19T10:22:19Z</time>
   </trkpt>
   <trkpt lat="51.1391260" lon="-0.5711380">
    <ele>120.9</ele>
    <time>2020-04-19T10:22:20Z</time>
   </trkpt>
   <trkpt lat="51.1391110" lon="-0.5711470">
    <ele>120.8</ele>
    <time>2020-04-19T10:22:22Z</time>
   </trkpt>
   <trkpt lat="51.1390810" lon="-0.5711550">
    <ele>120.6</ele>
    <time>2020-04-19T10:22:24Z</time>
   </trkpt>
   <trkpt lat="51.1390710" lon="-0.5711550">
    <ele>120.5</ele>
    <time>2020-04-19T10:22:25Z</time>
   </trkpt>
   <trkpt lat="51.1390460" lon="-0.5711540">
    <ele>120.3</ele>
    <time>2020-04-19T10:22:27Z</time>
   </trkpt>
   <trkpt lat="51.1390120" lon="-0.5711560">
    <ele>120.1</ele>
    <time>2020-04-19T10:22:29Z</time>
   </trkpt>
   <trkpt lat="51.1390020" lon="-0.5711560">
    <ele>120.0</ele>
    <time>2020-04-19T10:22:30Z</time>
   </trkpt>
   <trkpt lat="51.1389780" lon="-0.5711570">
    <ele>119.9</ele>
    <time>2020-04-19T10:22:32Z</time>
   </trkpt>
   <trkpt lat="51.1389670" lon="-0.5711530">
    <ele>119.8</ele>
    <time>2020-04-19T10:22:34Z</time>
   </trkpt>
   <trkpt lat="51.1389640" lon="-0.5711470">
    <ele>119.7</ele>
    <time>2020-04-19T10:22:36Z</time>
   </trkpt>
   <trkpt lat="51.1389630" lon="-0.5711450">
    <ele>119.7</ele>
    <time>2020-04-19T10:22:38Z</time>
   </trkpt>
   <trkpt lat="51.1389620" lon="-0.5711450">
    <ele>119.7</ele>
    <time>2020-04-19T10:22:39Z</time>
   </trkpt>
   <trkpt lat="51.1389640" lon="-0.5711470">
    <ele>119.7</ele>
    <time>2020-04-19T10:22:41Z</time>
   </trkpt>
   <trkpt lat="51.1389660" lon="-0.5711490">
    <ele>119.7</ele>
    <time>2020-04-19T10:22:42Z</time>
   </trkpt>
   <trkpt lat="51.1389680" lon="-0.5711500">
    <ele>119.7</ele>
    <time>2020-04-19T10:22:43Z</time>
   </trkpt>
   <trkpt lat="51.1389690" lon="-0.5711500">
    <ele>119.7</ele>
    <time>2020-04-19T10:22:44Z</time>
   </trkpt>
   <trkpt lat="51.1389680" lon="-0.5711480">
    <ele>119.7</ele>
    <time>2020-04-19T10:22:46Z</time>
   </trkpt>
   <trkpt lat="51.1389660" lon="-0.5711470">
    <ele>119.6</ele>
    <time>2020-04-19T10:22:48Z</time>
   </trkpt>
   <trkpt lat="51.1389660" lon="-0.5711460">
    <ele>119.6</ele>
    <time>2020-04-19T10:22:49Z</time>
   </trkpt>
   <trkpt lat="51.1389670" lon="-0.5711460">
    <ele>119.6</ele>
    <time>2020-04-19T10:22:50Z</time>
   </trkpt>
   <trkpt lat="51.1389690" lon="-0.5711470">
    <ele>119.6</ele>
    <time>2020-04-19T10:22:51Z</time>
   </trkpt>
   <trkpt lat="51.1389730" lon="-0.5711490">
    <ele>119.6</ele>
    <time>2020-04-19T10:22:53Z</time>
   </trkpt>
   <trkpt lat="51.1389760" lon="-0.5711510">
    <ele>119.6</ele>
    <time>2020-04-19T10:22:54Z</time>
   </trkpt>
   <trkpt lat="51.1389800" lon="-0.5711510">
    <ele>119.5</ele>
    <time>2020-04-19T10:22:56Z</time>
   </trkpt>
   <trkpt lat="51.1389830" lon="-0.5711520">
    <ele>119.5</ele>
    <time>2020-04-19T10:22:57Z</time>
   </trkpt>
   <trkpt lat="51.1389840" lon="-0.5711520">
    <ele>119.5</ele>
    <time>2020-04-19T10:22:59Z</time>
   </trkpt>
   <trkpt lat="51.1389820" lon="-0.5711510">
    <ele>119.5</ele>
    <time>2020-04-19T10:23:01Z</time>
   </trkpt>
   <trkpt lat="51.1389800" lon="-0.5711490">
    <ele>119.5</ele>
    <time>2020-04-19T10:23:02Z</time>
   </trkpt>
   <trkpt lat="51.1389810" lon="-0.5711440">
    <ele>119.5</ele>
    <time>2020-04-19T10:23:03Z</time>
   </trkpt>
   <trkpt lat="51.1389830" lon="-0.5711420">
    <ele>119.4</ele>
    <time>2020-04-19T10:23:05Z</time>
   </trkpt>
   <trkpt lat="51.1389830" lon="-0.5711420">
    <ele>119.4</ele>
    <time>2020-04-19T10:23:06Z</time>
   </trkpt>
   <trkpt lat="51.1389680" lon="-0.5711410">
    <ele>119.3</ele>
    <time>2020-04-19T10:23:08Z</time>
   </trkpt>
   <trkpt lat="51.1389480" lon="-0.5711440">
    <ele>119.2</ele>
    <time>2020-04-19T10:23:09Z</time>
   </trkpt>
   <trkpt lat="51.1389290" lon="-0.5711450">
    <ele>119.0</ele>
    <time>2020-04-19T10:23:11Z</time>
   </trkpt>
   <trkpt lat="51.1389160" lon="-0.5711450">
    <ele>119.0</ele>
    <time>2020-04-19T10:23:12Z</time>
   </trkpt>
   <trkpt lat="51.1388830" lon="-0.5711470">
    <ele>118.7</ele>
    <time>2020-04-19T10:23:14Z</time>
   </trkpt>
   <trkpt lat="51.1388750" lon="-0.5711510">
    <ele>118.7</ele>
    <time>2020-04-19T10:23:15Z</time>
   </trkpt>
   <trkpt lat="51.1388530" lon="-0.5711570">
    <ele>118.5</ele>
    <time>2020-04-19T10:23:17Z</time>
   </trkpt>
   <trkpt lat="51.1388280" lon="-0.5711700">
    <ele>118.3</ele>
    <time>2020-04-19T10:23:19Z</time>
   </trkpt>
   <trkpt lat="51.1388200" lon="-0.5711740">
    <ele>118.2</ele>
    <time>2020-04-19T10:23:20Z</time>
   </trkpt>
   <trkpt lat="51.1388050" lon="-0.5711850">
    <ele>118.1</ele>
    <time>2020-04-19T10:23:21Z</time>
   </trkpt>
   <trkpt lat="51.1387940" lon="-0.5711940">
    <ele>118.0</ele>
    <time>2020-04-19T10:23:23Z</time>
   </trkpt>
   <trkpt lat="51.1387820" lon="-0.5712020">
    <ele>117.9</ele>
    <time>2020-04-19T10:23:24Z</time>
   </trkpt>
   <trkpt lat="51.1387770" lon="-0.5712070">
    <ele>117.9</ele>
    <time>2020-04-19T10:23:25Z</time>
   </trkpt>
   <trkpt lat="51.1387580" lon="-0.5712080">
    <ele>117.8</ele>
    <time>2020-04-19T10:23:27Z</time>
   </trkpt>
   <trkpt lat="51.1387280" lon="-0.5712110">
    <ele>117.6</ele>
    <time>2020-04-19T10:23:29Z</time>
   </trkpt>
   <trkpt lat="51.1387090" lon="-0.5712170">
    <ele>117.4</ele>
    <time>2020-04-19T10:23:30Z</time>
   </trkpt>
   <trkpt lat="51.1387000" lon="-0.5712220">
    <ele>117.4</ele>
    <time>2020-04-19T10:23:31Z</time>
   </trkpt>
   <trkpt lat="51.1386910" lon="-0.5712270">
    <ele>117.3</ele>
    <time>2020-04-19T10:23:32Z</time>
   </trkpt>
   <trkpt lat="51.1386620" lon="-0.5712470">
    <ele>117.1</ele>
    <time>2020-04-19T10:23:33Z</time>
   </trkpt>
   <trkpt lat="51.1386400" lon="-0.5712560">
    <ele>116.9</ele>
    <time>2020-04-19T10:23:35Z</time>
   </trkpt>
   <trkpt lat="51.1386260" lon="-0.5712600">
    <ele>116.8</ele>
    <time>2020-04-19T10:23:37Z</time>
   </trkpt>
   <trkpt lat="51.1386110" lon="-0.5712650">
    <ele>116.7</ele>
    <time>2020-04-19T10:23:38Z</time>
   </trkpt>
   <trkpt lat="51.1386060" lon="-0.5712680">
    <ele>117.0</ele>
    <time>2020-04-19T10:23:40Z</time>
   </trkpt>
   <trkpt lat="51.1385900" lon="-0.5712840">
    <ele>117.2</ele>
    <time>2020-04-19T10:23:42Z</time>
   </trkpt>
   <trkpt lat="51.1385830" lon="-0.5712940">
    <ele>118.2</ele>
    <time>2020-04-19T10:23:43Z</time>
   </trkpt>
   <trkpt lat="51.1385620" lon="-0.5713120">
    <ele>118.4</ele>
    <time>2020-04-19T10:23:45Z</time>
   </trkpt>
   <trkpt lat="51.1385420" lon="-0.5713260">
    <ele>118.6</ele>
    <time>2020-04-19T10:23:47Z</time>
   </trkpt>
   <trkpt lat="51.1385230" lon="-0.5713460">
    <ele>119.3</ele>
    <time>2020-04-19T10:23:49Z</time>
   </trkpt>
   <trkpt lat="51.1385010" lon="-0.5713680">
    <ele>119.6</ele>
    <time>2020-04-19T10:23:51Z</time>
   </trkpt>
   <trkpt lat="51.1384800" lon="-0.5713860">
    <ele>120.2</ele>
    <time>2020-04-19T10:23:53Z</time>
   </trkpt>
   <trkpt lat="51.1384700" lon="-0.5713950">
    <ele>120.5</ele>
    <time>2020-04-19T10:23:54Z</time>
   </trkpt>
   <trkpt lat="51.1384470" lon="-0.5714150">
    <ele>120.7</ele>
    <time>2020-04-19T10:23:56Z</time>
   </trkpt>
   <trkpt lat="51.1384290" lon="-0.5714350">
    <ele>121.2</ele>
    <time>2020-04-19T10:23:58Z</time>
   </trkpt>
   <trkpt lat="51.1384200" lon="-0.5714460">
    <ele>121.5</ele>
    <time>2020-04-19T10:23:59Z</time>
   </trkpt>
   <trkpt lat="51.1383960" lon="-0.5714740">
    <ele>122.0</ele>
    <time>2020-04-19T10:24:01Z</time>
   </trkpt>
   <trkpt lat="51.1383880" lon="-0.5714830">
    <ele>122.2</ele>
    <time>2020-04-19T10:24:02Z</time>
   </trkpt>
   <trkpt lat="51.1383660" lon="-0.5715090">
    <ele>122.7</ele>
    <time>2020-04-19T10:24:04Z</time>
   </trkpt>
   <trkpt lat="51.1383490" lon="-0.5715330">
    <ele>122.8</ele>
    <time>2020-04-19T10:24:05Z</time>
   </trkpt>
   <trkpt lat="51.1383430" lon="-0.5715410">
    <ele>123.0</ele>
    <time>2020-04-19T10:24:06Z</time>
   </trkpt>
   <trkpt lat="51.1383370" lon="-0.5715490">
    <ele>123.5</ele>
    <time>2020-04-19T10:24:07Z</time>
   </trkpt>
   <trkpt lat="51.1383110" lon="-0.5715880">
    <ele>123.6</ele>
    <time>2020-04-19T10:24:09Z</time>
   </trkpt>
   <trkpt lat="51.1383020" lon="-0.5716010">
    <ele>124.1</ele>
    <time>2020-04-19T10:24:10Z</time>
   </trkpt>
   <trkpt lat="51.1382910" lon="-0.5716290">
    <ele>124.2</ele>
    <time>2020-04-19T10:24:12Z</time>
   </trkpt>
   <trkpt lat="51.1382860" lon="-0.5716440">
    <ele>124.7</ele>
    <time>2020-04-19T10:24:13Z</time>
   </trkpt>
   <trkpt lat="51.1382660" lon="-0.5716790">
    <ele>125.0</ele>
    <time>2020-04-19T10:24:15Z</time>
   </trkpt>
   <trkpt lat="51.1382580" lon="-0.5716960">
    <ele>125.2</ele>
    <time>2020-04-19T10:24:17Z</time>
   </trkpt>
   <trkpt lat="51.1382530" lon="-0.5717210">
    <ele>125.8</ele>
    <time>2020-04-19T10:24:19Z</time>
   </trkpt>
   <trkpt lat="51.1382570" lon="-0.5717380">
    <ele>126.0</ele>
    <time>2020-04-19T10:24:20Z</time>
   </trkpt>
   <trkpt lat="51.1382610" lon="-0.5717500">
    <ele>126.2</ele>
    <time>2020-04-19T10:24:21Z</time>
   </trkpt>
   <trkpt lat="51.1382690" lon="-0.5717760">
    <ele>126.8</ele>
    <time>2020-04-19T10:24:23Z</time>
   </trkpt>
   <trkpt lat="51.1382720" lon="-0.5717920">
    <ele>127.2</ele>
    <time>2020-04-19T10:24:24Z</time>
   </trkpt>
   <trkpt lat="51.1382810" lon="-0.5718160">
    <ele>127.7</ele>
    <time>2020-04-19T10:24:26Z</time>
   </trkpt>
   <trkpt lat="51.1382820" lon="-0.5718280">
    <ele>127.9</ele>
    <time>2020-04-19T10:24:27Z</time>
   </trkpt>
   <trkpt lat="51.1382820" lon="-0.5718440">
    <ele>128.2</ele>
    <time>2020-04-19T10:24:28Z</time>
   </trkpt>
   <trkpt lat="51.1382790" lon="-0.5718970">
    <ele>129.0</ele>
    <time>2020-04-19T10:24:30Z</time>
   </trkpt>
   <trkpt lat="51.1382810" lon="-0.5719260">
    <ele>129.2</ele>
    <time>2020-04-19T10:24:32Z</time>
   </trkpt>
   <trkpt lat="51.1382770" lon="-0.5719700">
    <ele>129.8</ele>
    <time>2020-04-19T10:24:34Z</time>
   </trkpt>
   <trkpt lat="51.1382660" lon="-0.5720040">
    <ele>130.2</ele>
    <time>2020-04-19T10:24:35Z</time>
   </trkpt>
   <trkpt lat="51.1382600" lon="-0.5720150">
    <ele>130.4</ele>
    <time>2020-04-19T10:24:36Z</time>
   </trkpt>
   <trkpt lat="51.1382560" lon="-0.5720560">
    <ele>131.0</ele>
    <time>2020-04-19T10:24:38Z</time>
   </trkpt>
   <trkpt lat="51.1382560" lon="-0.5720650">
    <ele>131.6</ele>
    <time>2020-04-19T10:24:40Z</time>
   </trkpt>
   <trkpt lat="51.1382570" lon="-0.5720750">
    <ele>131.8</ele>
    <time>2020-04-19T10:24:41Z</time>
   </trkpt>
   <trkpt lat="51.1382580" lon="-0.5720850">
    <ele>132.0</ele>
    <time>2020-04-19T10:24:43Z</time>
   </trkpt>
   <trkpt lat="51.1382580" lon="-0.5720950">
    <ele>132.2</ele>
    <time>2020-04-19T10:24:45Z</time>
   </trkpt>
   <trkpt lat="51.1382590" lon="-0.5721040">
    <ele>132.5</ele>
    <time>2020-04-19T10:24:47Z</time>
   </trkpt>
   <trkpt lat="51.1382590" lon="-0.5721140">
    <ele>133.0</ele>
    <time>2020-04-19T10:24:49Z</time>
   </trkpt>
   <trkpt lat="51.1382600" lon="-0.5721240">
    <ele>133.2</ele>
    <time>2020-04-19T10:24:50Z</time>
   </trkpt>
   <trkpt lat="51.1382570" lon="-0.5721570">
    <ele>133.8</ele>
    <time>2020-04-19T10:24:52Z</time>
   </trkpt>
   <trkpt lat="51.1382560" lon="-0.5721750">
    <ele>134.0</ele>
    <time>2020-04-19T10:24:53Z</time>
   </trkpt>
   <trkpt lat="51.1382540" lon="-0.5722220">
    <ele>134.6</ele>
    <time>2020-04-19T10:24:55Z</time>
   </trkpt>
   <trkpt lat="51.1382550" lon="-0.5722430">
    <ele>135.2</ele>
    <time>2020-04-19T10:24:57Z</time>
   </trkpt>
   <trkpt lat="51.1382500" lon="-0.5722710">
    <ele>135.4</ele>
    <time>2020-04-19T10:24:59Z</time>
   </trkpt>
   <trkpt lat="51.1382420" lon="-0.5723000">
    <ele>135.9</ele>
    <time>2020-04-19T10:25:00Z</time>
   </trkpt>
   <trkpt lat="51.1382380" lon="-0.5723190">
    <ele>136.1</ele>
    <time>2020-04-19T10:25:02Z</time>
   </trkpt>
   <trkpt lat="51.1382380" lon="-0.5723320">
    <ele>136.7</ele>
    <time>2020-04-19T10:25:03Z</time>
   </trkpt>
   <trkpt lat="51.1382410" lon="-0.5723620">
    <ele>137.3</ele>
    <time>2020-04-19T10:25:05Z</time>
   </trkpt>
   <trkpt lat="51.1382420" lon="-0.5723720">
    <ele>137.6</ele>
    <time>2020-04-19T10:25:06Z</time>
   </trkpt>
   <trkpt lat="51.1382390" lon="-0.5723960">
    <ele>137.8</ele>
    <time>2020-04-19T10:25:08Z</time>
   </trkpt>
   <trkpt lat="51.1382360" lon="-0.5724090">
    <ele>138.4</ele>
    <time>2020-04-19T10:25:09Z</time>
   </trkpt>
   <trkpt lat="51.1382320" lon="-0.5724340">
    <ele>138.7</ele>
    <time>2020-04-19T10:25:11Z</time>
   </trkpt>
   <trkpt lat="51.1382320" lon="-0.5724490">
    <ele>139.3</ele>
    <time>2020-04-19T10:25:12Z</time>
   </trkpt>
   <trkpt lat="51.1382340" lon="-0.5724660">
    <ele>139.6</ele>
    <time>2020-04-19T10:25:14Z</time>
   </trkpt>
   <trkpt lat="51.1382330" lon="-0.5724790">
    <ele>139.8</ele>
    <time>2020-04-19T10:25:15Z</time>
   </trkpt>
   <trkpt lat="51.1382320" lon="-0.5724860">
    <ele>140.0</ele>
    <time>2020-04-19T10:25:16Z</time>
   </trkpt>
   <trkpt lat="51.1382310" lon="-0.5724920">
    <ele>140.7</ele>
    <time>2020-04-19T10:25:17Z</time>
   </trkpt>
   <trkpt lat="51.1382300" lon="-0.5724990">
    <ele>140.9</ele>
    <time>2020-04-19T10:25:18Z</time>
   </trkpt>
   <trkpt lat="51.1382300" lon="-0.5725050">
    <ele>141.1</ele>
    <time>2020-04-19T10:25:20Z</time>
   </trkpt>
   <trkpt lat="51.1382290" lon="-0.5725120">
    <ele>141.4</ele>
    <time>2020-04-19T10:25:21Z</time>
   </trkpt>
   <trkpt lat="51.1382280" lon="-0.5725180">
    <ele>141.6</ele>
    <time>2020-04-19T10:25:22Z</time>
   </trkpt>
   <trkpt lat="51.1382270" lon="-0.5725250">
    <ele>141.8</ele>
    <time>2020-04-19T10:25:24Z</time>
   </trkpt>
   <trkpt lat="51.1382260" lon="-0.5725310">
    <ele>142.0</ele>
    <time>2020-04-19T10:25:25Z</time>
   </trkpt>
   <trkpt lat="51.1382220" lon="-0.5725560">
    <ele>142.8</ele>
    <time>2020-04-19T10:25:27Z</time>
   </trkpt>
   <trkpt lat="51.1382230" lon="-0.5725720">
    <ele>143.0</ele>
    <time>2020-04-19T10:25:28Z</time>
   </trkpt>
   <trkpt lat="51.1382240" lon="-0.5726030">
    <ele>143.7</ele>
    <time>2020-04-19T10:25:30Z</time>
   </trkpt>
   <trkpt lat="51.1382220" lon="-0.5726120">
    <ele>143.9</ele>
    <time>2020-04-19T10:25:31Z</time>
   </trkpt>
   <trkpt lat="51.1382200" lon="-0.5726220">
    <ele>144.7</ele>
    <time>2020-04-19T10:25:32Z</time>
   </trkpt>
   <trkpt lat="51.1382180" lon="-0.5726350">
    <ele>144.9</ele>
    <time>2020-04-19T10:25:33Z</time>
   </trkpt>
   <trkpt lat="51.1382170" lon="-0.5726680">
    <ele>145.7</ele>
    <time>2020-04-19T10:25:35Z</time>
   </trkpt>
   <trkpt lat="51.1382160" lon="-0.5726810">
    <ele>145.7</ele>
    <time>2020-04-19T10:25:36Z</time>
   </trkpt>
   <trkpt lat="51.1382130" lon="-0.5727090">
    <ele>146.5</ele>
    <time>2020-04-19T10:25:38Z</time>
   </trkpt>
   <trkpt lat="51.1382130" lon="-0.5727260">
    <ele>146.7</ele>
    <time>2020-04-19T10:25:39Z</time>
   </trkpt>
   <trkpt lat="51.1382170" lon="-0.5727490">
    <ele>147.8</ele>
    <time>2020-04-19T10:25:41Z</time>
   </trkpt>
   <trkpt lat="51.1382190" lon="-0.5727590">
    <ele>148.0</ele>
    <time>2020-04-19T10:25:42Z</time>
   </trkpt>
   <trkpt lat="51.1382180" lon="-0.5727880">
    <ele>148.3</ele>
    <time>2020-04-19T10:25:44Z</time>
   </trkpt>
   <trkpt lat="51.1382190" lon="-0.5728240">
    <ele>149.1</ele>
    <time>2020-04-19T10:25:46Z</time>
   </trkpt>
   <trkpt lat="51.1382200" lon="-0.5728400">
    <ele>150.0</ele>
    <time>2020-04-19T10:25:47Z</time>
   </trkpt>
   <trkpt lat="51.1382220" lon="-0.5728680">
    <ele>150.2</ele>
    <time>2020-04-19T10:25:49Z</time>
   </trkpt>
   <trkpt lat="51.1382240" lon="-0.5728770">
    <ele>151.1</ele>
    <time>2020-04-19T10:25:50Z</time>
   </trkpt>
   <trkpt lat="51.1382290" lon="-0.5728620">
    <ele>150.6</ele>
    <time>2020-04-19T10:25:52Z</time>
   </trkpt>
   <trkpt lat="51.1382310" lon="-0.5728600">
    <ele>150.9</ele>
    <time>2020-04-19T10:25:54Z</time>
   </trkpt>
   <trkpt lat="51.1382280" lon="-0.5728560">
    <ele>151.1</ele>
    <time>2020-04-19T10:25:55Z</time>
   </trkpt>
   <trkpt lat="51.1382310" lon="-0.5728660">
    <ele>151.3</ele>
    <time>2020-04-19T10:25:57Z</time>
   </trkpt>
   <trkpt lat="51.1382360" lon="-0.5728800">
    <ele>152.2</ele>
    <time>2020-04-19T10:25:58Z</time>
   </trkpt>
   <trkpt lat="51.1382390" lon="-0.5729000">
    <ele>152.4</ele>
    <time>2020-04-19T10:26:00Z</time>
   </trkpt>
   <trkpt lat="51.1382400" lon="-0.5729060">
    <ele>152.7</ele>
    <time>2020-04-19T10:26:02Z</time>
   </trkpt>
   <trkpt lat="51.1382390" lon="-0.5729080">
    <ele>152.9</ele>
    <time>2020-04-19T10:26:03Z</time>
   </trkpt>
   <trkpt lat="51.1382430" lon="-0.5729220">
    <ele>153.8</ele>
    <time>2020-04-19T10:26:05Z</time>
   </trkpt>
   <trkpt lat="51.1382480" lon="-0.5729290">
    <ele>154.3</ele>
    <time>2020-04-19T10:26:06Z</time>
   </trkpt>
   <trkpt lat="51.1382520" lon="-0.5729380">
    <ele>154.6</ele>
    <time>2020-04-19T10:26:07Z</time>
   </trkpt>
   <trkpt lat="51.1382550" lon="-0.5729450">
    <ele>154.8</ele>
    <time>2020-04-19T10:26:08Z</time>
   </trkpt>
   <trkpt lat="51.1382550" lon="-0.5729570">
    <ele>155.0</ele>
    <time>2020-04-19T10:26:10Z</time>
   </trkpt>
   <trkpt lat="51.1382500" lon="-0.5729710">
    <ele>155.9</ele>
    <time>2020-04-19T10:26:12Z</time>
   </trkpt>
   <trkpt lat="51.1382470" lon="-0.5729800">
    <ele>156.2</ele>
    <time>2020-04-19T10:26:13Z</time>
   </trkpt>
   <trkpt lat="51.1382410" lon="-0.5730230">
    <ele>156.8</ele>
    <time>2020-04-19T10:26:15Z</time>
   </trkpt>
   <trkpt lat="51.1382170" lon="-0.5730560">
    <ele>156.6</ele>
    <time>2020-04-19T10:26:17Z</time>
   </trkpt>
   <trkpt lat="51.1382080" lon="-0.5730740">
    <ele>156.5</ele>
    <time>2020-04-19T10:26:18Z</time>
   </trkpt>
   <trkpt lat="51.1382050" lon="-0.5730790">
    <ele>156.5</ele>
    <time>2020-04-19T10:26:20Z</time>
   </trkpt>
   <trkpt lat="51.1382050" lon="-0.5730820">
    <ele>156.5</ele>
    <time>2020-04-19T10:26:21Z</time>
   </trkpt>
   <trkpt lat="51.1382030" lon="-0.5730910">
    <ele>156.4</ele>
    <time>2020-04-19T10:26:23Z</time>
   </trkpt>
   <trkpt lat="51.1382020" lon="-0.5730990">
    <ele>156.4</ele>
    <time>2020-04-19T10:26:24Z</time>
   </trkpt>
   <trkpt lat="51.1381980" lon="-0.5731020">
    <ele>156.4</ele>
    <time>2020-04-19T10:26:26Z</time>
   </trkpt>
   <trkpt lat="51.1382000" lon="-0.5731050">
    <ele>156.4</ele>
    <time>2020-04-19T10:26:28Z</time>
   </trkpt>
   <trkpt lat="51.1382000" lon="-0.5730980">
    <ele>156.4</ele>
    <time>2020-04-19T10:26:30Z</time>
   </trkpt>
   <trkpt lat="51.1382040" lon="-0.5730940">
    <ele>156.3</ele>
    <time>2020-04-19T10:26:31Z</time>
   </trkpt>
   <trkpt lat="51.1382040" lon="-0.5730930">
    <ele>156.3</ele>
    <time>2020-04-19T10:26:32Z</time>
   </trkpt>
   <trkpt lat="51.1382040" lon="-0.5730940">
    <ele>156.3</ele>
    <time>2020-04-19T10:26:34Z</time>
   </trkpt>
   <trkpt lat="51.1382040" lon="-0.5730940">
    <ele>156.3</ele>
    <time>2020-04-19T10:26:35Z</time>
   </trkpt>
   <trkpt lat="51.1382040" lon="-0.5730940">
    <ele>156.3</ele>
    <time>2020-04-19T10:26:36Z</time>
   </trkpt>
   <trkpt lat="51.1382040" lon="-0.5730940">
    <ele>156.3</ele>
    <time>2020-04-19T10:26:37Z</time>
   </trkpt>
   <trkpt lat="51.1382040" lon="-0.5730940">
    <ele>156.3</ele>
    <time>2020-04-19T10:26:39Z</time>
   </trkpt>
   <trkpt lat="51.1382040" lon="-0.5730940">
    <ele>156.3</ele>
    <time>2020-04-19T10:26:40Z</time>
   </trkpt>
   <trkpt lat="51.1382040" lon="-0.5730940">
    <ele>156.3</ele>
    <time>2020-04-19T10:26:42Z</time>
   </trkpt>
   <trkpt lat="51.1382040" lon="-0.5730940">
    <ele>156.3</ele>
    <time>2020-04-19T10:26:43Z</time>
   </trkpt>
   <trkpt lat="51.1382130" lon="-0.5730940">
    <ele>156.3</ele>
    <time>2020-04-19T10:26:45Z</time>
   </trkpt>
   <trkpt lat="51.1382230" lon="-0.5730940">
    <ele>156.3</ele>
    <time>2020-04-19T10:26:46Z</time>
   </trkpt>
   <trkpt lat="51.1382260" lon="-0.5730940">
    <ele>156.2</ele>
    <time>2020-04-19T10:26:47Z</time>
   </trkpt>
   <trkpt lat="51.1382360" lon="-0.5730990">
    <ele>156.2</ele>
    <time>2020-04-19T10:26:49Z</time>
   </trkpt>
   <trkpt lat="51.1382380" lon="-0.5731000">
    <ele>156.2</ele>
    <time>2020-04-19T10:26:50Z</time>
   </trkpt>
   <trkpt lat="51.1382430" lon="-0.5730990">
    <ele>156.2</ele>
    <time>2020-04-19T10:26:51Z</time>
   </trkpt>
   <trkpt lat="51.1382410" lon="-0.5730930">
    <ele>156.2</ele>
    <time>2020-04-19T10:26:52Z</time>
   </trkpt>
   <trkpt lat="51.1382400" lon="-0.5730910">
    <ele>156.2</ele>
    <time>2020-04-19T10:26:53Z</time>
   </trkpt>
   <trkpt lat="51.1382300" lon="-0.5730850">
    <ele>156.1</ele>
    <time>2020-04-19T10:26:55Z</time>
   </trkpt>
   <trkpt lat="51.1382190" lon="-0.5730820">
    <ele>156.1</ele>
    <time>2020-04-19T10:26:56Z</time>
   </trkpt>
   <trkpt lat="51.1382010" lon="-0.5730760">
    <ele>156.1</ele>
    <time>2020-04-19T10:26:58Z</time>
   </trkpt>
   <trkpt lat="51.1381700" lon="-0.5730780">
    <ele>156.0</ele>
    <time>2020-04-19T10:27:00Z</time>
   </trkpt>
   <trkpt lat="51.1381490" lon="-0.5730830">
    <ele>155.9</ele>
    <time>2020-04-19T10:27:01Z</time>
   </trkpt>
   <trkpt lat="51.1381370" lon="-0.5730860">
    <ele>155.9</ele>
    <time>2020-04-19T10:27:02Z</time>
   </trkpt>
   <trkpt lat="51.1381130" lon="-0.5730810">
    <ele>155.9</ele>
    <time>2020-04-19T10:27:04Z</time>
   </trkpt>
   <trkpt lat="51.1380950" lon="-0.5730630">
    <ele>155.8</ele>
    <time>2020-04-19T10:27:06Z</time>
   </trkpt>
   <trkpt lat="51.1380840" lon="-0.5730670">
    <ele>155.8</ele>
    <time>2020-04-19T10:27:07Z</time>
   </trkpt>
   <trkpt lat="51.1380630" lon="-0.5730830">
    <ele>155.8</ele>
    <time>2020-04-19T10:27:09Z</time>
   </trkpt>
   <trkpt lat="51.1380280" lon="-0.5731040">
    <ele>155.7</ele>
    <time>2020-04-19T10:27:11Z</time>
   </trkpt>
   <trkpt lat="51.1380150" lon="-0.5730990">
    <ele>155.7</ele>
    <time>2020-04-19T10:27:12Z</time>
   </trkpt>
   <trkpt lat="51.1379860" lon="-0.5730810">
    <ele>155.6</ele>
    <time>2020-04-19T10:27:14Z</time>
   </trkpt>
   <trkpt lat="51.1379730" lon="-0.5730740">
    <ele>155.6</ele>
    <time>2020-04-19T10:27:15Z</time>
   </trkpt>
   <trkpt lat="51.1379560" lon="-0.5730640">
    <ele>155.6</ele>
    <time>2020-04-19T10:27:16Z</time>
   </trkpt>
   <trkpt lat="51.1379450" lon="-0.5730630">
    <ele>155.6</ele>
    <time>2020-04-19T10:27:17Z</time>
   </trkpt>
   <trkpt lat="51.1379220" lon="-0.5730600">
    <ele>155.5</ele>
    <time>2020-04-19T10:27:19Z</time>
   </trkpt>
   <trkpt lat="51.1378890" lon="-0.5730550">
    <ele>155.5</ele>
    <time>2020-04-19T10:27:21Z</time>
   </trkpt>
   <trkpt lat="51.1378680" lon="-0.5730570">
    <ele>155.5</ele>
    <time>2020-04-19T10:27:23Z</time>
   </trkpt>
   <trkpt lat="51.1378450" lon="-0.5730590">
    <ele>155.4</ele>
    <time>2020-04-19T10:27:25Z</time>
   </trkpt>
   <trkpt lat="51.1378340" lon="-0.5730540">
    <ele>155.4</ele>
    <time>2020-04-19T10:27:26Z</time>
   </trkpt>
   <trkpt lat="51.1378090" lon="-0.5730460">
    <ele>155.4</ele>
    <time>2020-04-19T10:27:28Z</time>
   </trkpt>
   <trkpt lat="51.1377800" lon="-0.5730410">
    <ele>155.4</ele>
    <time>2020-04-19T10:27:30Z</time>
   </trkpt>
   <trkpt lat="51.1377700" lon="-0.5730400">
    <ele>155.3</ele>
    <time>2020-04-19T10:27:31Z</time>
   </trkpt>
   <trkpt lat="51.1377610" lon="-0.5730410">
    <ele>155.3</ele>
    <time>2020-04-19T10:27:32Z</time>
   </trkpt>
   <trkpt lat="51.1377360" lon="-0.5730460">
    <ele>155.3</ele>
    <time>2020-04-19T10:27:34Z</time>
   </trkpt>
   <trkpt lat="51.1377230" lon="-0.5730480">
    <ele>155.3</ele>
    <time>2020-04-19T10:27:35Z</time>
   </trkpt>
   <trkpt lat="51.1377040" lon="-0.5730480">
    <ele>155.3</ele>
    <time>2020-04-19T10:27:36Z</time>
   </trkpt>
   <trkpt lat="51.1376920" lon="-0.5730510">
    <ele>155.3</ele>
    <time>2020-04-19T10:27:37Z</time>
   </trkpt>
   <trkpt lat="51.1376830" lon="-0.5730520">
    <ele>155.3</ele>
    <time>2020-04-19T10:27:39Z</time>
   </trkpt>
   <trkpt lat="51.1376750" lon="-0.5730520">
    <ele>155.3</ele>
    <time>2020-04-19T10:27:40Z</time>
   </trkpt>
   <trkpt lat="51.1376670" lon="-0.5730530">
    <ele>155.4</ele>
    <time>2020-04-19T10:27:41Z</time>
   </trkpt>
   <trkpt lat="51.1376570" lon="-0.5730540">
    <ele>155.4</ele>
    <time>2020-04-19T10:27:42Z</time>
   </trkpt>
   <trkpt lat="51.1376430" lon="-0.5730550">
    <ele>155.4</ele>
    <time>2020-04-19T10:27:43Z</time>
   </trkpt>
   <trkpt lat="51.1376190" lon="-0.5730510">
    <ele>155.4</ele>
    <time>2020-04-19T10:27:45Z</time>
   </trkpt>
   <trkpt lat="51.1376040" lon="-0.5730470">
    <ele>155.4</ele>
    <time>2020-04-19T10:27:46Z</time>
   </trkpt>
   <trkpt lat="51.1375950" lon="-0.5730450">
    <ele>155.4</ele>
    <time>2020-04-19T10:27:47Z</time>
   </trkpt>
   <trkpt lat="51.1375630" lon="-0.5730360">
    <ele>155.4</ele>
    <time>2020-04-19T10:27:49Z</time>
   </trkpt>
   <trkpt lat="51.1375490" lon="-0.5730270">
    <ele>155.4</ele>
    <time>2020-04-19T10:27:50Z</time>
   </trkpt>
   <trkpt lat="51.1375300" lon="-0.5730140">
    <ele>155.4</ele>
    <time>2020-04-19T10:27:51Z</time>
   </trkpt>
   <trkpt lat="51.1375110" lon="-0.5730150">
    <ele>155.5</ele>
    <time>2020-04-19T10:27:53Z</time>
   </trkpt>
   <trkpt lat="51.1375050" lon="-0.5730130">
    <ele>155.5</ele>
    <time>2020-04-19T10:27:55Z</time>
   </trkpt>
   <trkpt lat="51.1375020" lon="-0.5730160">
    <ele>155.5</ele>
    <time>2020-04-19T10:27:56Z</time>
   </trkpt>
   <trkpt lat="51.1374770" lon="-0.5730150">
    <ele>155.5</ele>
    <time>2020-04-19T10:27:58Z</time>
   </trkpt>
   <trkpt lat="51.1374670" lon="-0.5730100">
    <ele>155.5</ele>
    <time>2020-04-19T10:28:00Z</time>
   </trkpt>
   <trkpt lat="51.1374560" lon="-0.5730060">
    <ele>155.5</ele>
    <time>2020-04-19T10:28:01Z</time>
   </trkpt>
   <trkpt lat="51.1374460" lon="-0.5730010">
    <ele>155.5</ele>
    <time>2020-04-19T10:28:03Z</time>
   </trkpt>
   <trkpt lat="51.1374360" lon="-0.5729960">
    <ele>155.6</ele>
    <time>2020-04-19T10:28:04Z</time>
   </trkpt>
   <trkpt lat="51.1374040" lon="-0.5729840">
    <ele>155.6</ele>
    <time>2020-04-19T10:28:06Z</time>
   </trkpt>
   <trkpt lat="51.1373990" lon="-0.5729820">
    <ele>155.6</ele>
    <time>2020-04-19T10:28:07Z</time>
   </trkpt>
   <trkpt lat="51.1373860" lon="-0.5729770">
    <ele>155.7</ele>
    <time>2020-04-19T10:28:08Z</time>
   </trkpt>
   <trkpt lat="51.1373560" lon="-0.5729670">
    <ele>155.7</ele>
    <time>2020-04-19T10:28:10Z</time>
   </trkpt>
   <trkpt lat="51.1373350" lon="-0.5729540">
    <ele>155.8</ele>
    <time>2020-04-19T10:28:11Z</time>
   </trkpt>
   <trkpt lat="51.1373170" lon="-0.5729460">
    <ele>155.8</ele>
    <time>2020-04-19T10:28:13Z</time>
   </trkpt>
   <trkpt lat="51.1372950" lon="-0.5729470">
    <ele>155.8</ele>
    <time>2020-04-19T10:28:15Z</time>
   </trkpt>
   <trkpt lat="51.1372780" lon="-0.5729520">
    <ele>155.8</ele>
    <time>2020-04-19T10:28:17Z</time>
   </trkpt>
   <trkpt lat="51.1372550" lon="-0.5729570">
    <ele>155.9</ele>
    <time>2020-04-19T10:28:19Z</time>
   </trkpt>
   <trkpt lat="51.1372190" lon="-0.5729580">
    <ele>155.9</ele>
    <time>2020-04-19T10:28:21Z</time>
   </trkpt>
   <trkpt lat="51.1371910" lon="-0.5729580">
    <ele>155.9</ele>
    <time>2020-04-19T10:28:23Z</time>
   </trkpt>
   <trkpt lat="51.1371770" lon="-0.5729590">
    <ele>155.9</ele>
    <time>2020-04-19T10:28:24Z</time>
   </trkpt>
   <trkpt lat="51.1371470" lon="-0.5729650">
    <ele>155.9</ele>
    <time>2020-04-19T10:28:26Z</time>
   </trkpt>
   <trkpt lat="51.1371390" lon="-0.5729640">
    <ele>155.9</ele>
    <time>2020-04-19T10:28:27Z</time>
   </trkpt>
   <trkpt lat="51.1371280" lon="-0.5729640">
    <ele>155.8</ele>
    <time>2020-04-19T10:28:28Z</time>
   </trkpt>
   <trkpt lat="51.1371160" lon="-0.5729640">
    <ele>155.8</ele>
    <time>2020-04-19T10:28:29Z</time>
   </trkpt>
   <trkpt lat="51.1370880" lon="-0.5729610">
    <ele>155.8</ele>
    <time>2020-04-19T10:28:31Z</time>
   </trkpt>
   <trkpt lat="51.1370780" lon="-0.5729590">
    <ele>155.8</ele>
    <time>2020-04-19T10:28:32Z</time>
   </trkpt>
   <trkpt lat="51.1370640" lon="-0.5729590">
    <ele>155.8</ele>
    <time>2020-04-19T10:28:34Z</time>
   </trkpt>
   <trkpt lat="51.1370380" lon="-0.5729700">
    <ele>155.8</ele>
    <time>2020-04-19T10:28:36Z</time>
   </trkpt>
   <trkpt lat="51.1370120" lon="-0.5729740">
    <ele>155.8</ele>
    <time>2020-04-19T10:28:38Z</time>
   </trkpt>
   <trkpt lat="51.1369830" lon="-0.5729780">
    <ele>155.7</ele>
    <time>2020-04-19T10:28:40Z</time>
   </trkpt>
   <trkpt lat="51.1369660" lon="-0.5729830">
    <ele>155.7</ele>
    <time>2020-04-19T10:28:41Z</time>
   </trkpt>
   <trkpt lat="51.1369610" lon="-0.5729840">
    <ele>155.7</ele>
    <time>2020-04-19T10:28:42Z</time>
   </trkpt>
   <trkpt lat="51.1369460" lon="-0.5729880">
    <ele>155.7</ele>
    <time>2020-04-19T10:28:44Z</time>
   </trkpt>
   <trkpt lat="51.1369100" lon="-0.5729910">
    <ele>155.7</ele>
    <time>2020-04-19T10:28:46Z</time>
   </trkpt>
   <trkpt lat="51.1368990" lon="-0.5729920">
    <ele>155.7</ele>
    <time>2020-04-19T10:28:47Z</time>
   </trkpt>
   <trkpt lat="51.1368770" lon="-0.5730010">
    <ele>155.7</ele>
    <time>2020-04-19T10:28:49Z</time>
   </trkpt>
   <trkpt lat="51.1368490" lon="-0.5730220">
    <ele>155.7</ele>
    <time>2020-04-19T10:28:51Z</time>
   </trkpt>
   <trkpt lat="51.1368400" lon="-0.5730310">
    <ele>155.7</ele>
    <time>2020-04-19T10:28:52Z</time>
   </trkpt>
   <trkpt lat="51.1368150" lon="-0.5730510">
    <ele>155.7</ele>
    <time>2020-04-19T10:28:54Z</time>
   </trkpt>
   <trkpt lat="51.1367730" lon="-0.5730550">
    <ele>155.7</ele>
    <time>2020-04-19T10:28:56Z</time>
   </trkpt>
   <trkpt lat="51.1367620" lon="-0.5730520">
    <ele>155.7</ele>
    <time>2020-04-19T10:28:57Z</time>
   </trkpt>
   <trkpt lat="51.1367350" lon="-0.5730560">
    <ele>155.7</ele>
    <time>2020-04-19T10:28:59Z</time>
   </trkpt>
   <trkpt lat="51.1367200" lon="-0.5730600">
    <ele>155.6</ele>
    <time>2020-04-19T10:29:00Z</time>
   </trkpt>
   <trkpt lat="51.1366910" lon="-0.5730690">
    <ele>155.6</ele>
    <time>2020-04-19T10:29:02Z</time>
   </trkpt>
   <trkpt lat="51.1366610" lon="-0.5730740">
    <ele>155.6</ele>
    <time>2020-04-19T10:29:04Z</time>
   </trkpt>
   <trkpt lat="51.1366360" lon="-0.5730780">
    <ele>155.5</ele>
    <time>2020-04-19T10:29:05Z</time>
   </trkpt>
   <trkpt lat="51.1366300" lon="-0.5730790">
    <ele>155.5</ele>
    <time>2020-04-19T10:29:06Z</time>
   </trkpt>
   <trkpt lat="51.1366090" lon="-0.5730900">
    <ele>155.5</ele>
    <time>2020-04-19T10:29:08Z</time>
   </trkpt>
   <trkpt lat="51.1365860" lon="-0.5731100">
    <ele>155.4</ele>
    <time>2020-04-19T10:29:10Z</time>
   </trkpt>
   <trkpt lat="51.1365730" lon="-0.5731220">
    <ele>155.4</ele>
    <time>2020-04-19T10:29:11Z</time>
   </trkpt>
   <trkpt lat="51.1365600" lon="-0.5731350">
    <ele>155.4</ele>
    <time>2020-04-19T10:29:12Z</time>
   </trkpt>
   <trkpt lat="51.1365320" lon="-0.5731620">
    <ele>155.3</ele>
    <time>2020-04-19T10:29:14Z</time>
   </trkpt>
   <trkpt lat="51.1365180" lon="-0.5731760">
    <ele>155.2</ele>
    <time>2020-04-19T10:29:15Z</time>
   </trkpt>
   <trkpt lat="51.1365050" lon="-0.5731920">
    <ele>155.2</ele>
    <time>2020-04-19T10:29:16Z</time>
   </trkpt>
   <trkpt lat="51.1364800" lon="-0.5732100">
    <ele>155.1</ele>
    <time>2020-04-19T10:29:18Z</time>
   </trkpt>
   <trkpt lat="51.1364630" lon="-0.5732300">
    <ele>155.0</ele>
    <time>2020-04-19T10:29:20Z</time>
   </trkpt>
   <trkpt lat="51.1364650" lon="-0.5732590">
    <ele>155.0</ele>
    <time>2020-04-19T10:29:22Z</time>
   </trkpt>
   <trkpt lat="51.1364670" lon="-0.5732700">
    <ele>154.9</ele>
    <time>2020-04-19T10:29:24Z</time>
   </trkpt>
   <trkpt lat="51.1364690" lon="-0.5732700">
    <ele>154.9</ele>
    <time>2020-04-19T10:29:25Z</time>
   </trkpt>
   <trkpt lat="51.1364720" lon="-0.5732670">
    <ele>154.9</ele>
    <time>2020-04-19T10:29:26Z</time>
   </trkpt>
   <trkpt lat="51.1364750" lon="-0.5732570">
    <ele>154.9</ele>
    <time>2020-04-19T10:29:28Z</time>
   </trkpt>
   <trkpt lat="51.1364770" lon="-0.5732430">
    <ele>154.8</ele>
    <time>2020-04-19T10:29:30Z</time>
   </trkpt>
   <trkpt lat="51.1364750" lon="-0.5732410">
    <ele>154.8</ele>
    <time>2020-04-19T10:29:31Z</time>
   </trkpt>
   <trkpt lat="51.1364710" lon="-0.5732430">
    <ele>154.8</ele>
    <time>2020-04-19T10:29:32Z</time>
   </trkpt>
   <trkpt lat="51.1364660" lon="-0.5732450">
    <ele>154.8</ele>
    <time>2020-04-19T10:29:33Z</time>
   </trkpt>
   <trkpt lat="51.1364530" lon="-0.5732580">
    <ele>154.7</ele>
    <time>2020-04-19T10:29:35Z</time>
   </trkpt>
   <trkpt lat="51.1364330" lon="-0.5732870">
    <ele>154.6</ele>
    <time>2020-04-19T10:29:37Z</time>
   </trkpt>
   <trkpt lat="51.1364130" lon="-0.5733250">
    <ele>154.5</ele>
    <time>2020-04-19T10:29:39Z</time>
   </trkpt>
   <trkpt lat="51.1364010" lon="-0.5733460">
    <ele>154.4</ele>
    <time>2020-04-19T10:29:40Z</time>
   </trkpt>
   <trkpt lat="51.1363920" lon="-0.5733610">
    <ele>154.4</ele>
    <time>2020-04-19T10:29:41Z</time>
   </trkpt>
   <trkpt lat="51.1363770" lon="-0.5733850">
    <ele>154.3</ele>
    <time>2020-04-19T10:29:43Z</time>
   </trkpt>
   <trkpt lat="51.1363730" lon="-0.5733970">
    <ele>154.2</ele>
    <time>2020-04-19T10:29:45Z</time>
   </trkpt>
   <trkpt lat="51.1363680" lon="-0.5734080">
    <ele>154.2</ele>
    <time>2020-04-19T10:29:46Z</time>
   </trkpt>
   <trkpt lat="51.1363520" lon="-0.5734380">
    <ele>154.1</ele>
    <time>2020-04-19T10:29:48Z</time>
   </trkpt>
   <trkpt lat="51.1363340" lon="-0.5734680">
    <ele>153.9</ele>
    <time>2020-04-19T10:29:50Z</time>
   </trkpt>
   <trkpt lat="51.1363250" lon="-0.5734790">
    <ele>153.9</ele>
    <time>2020-04-19T10:29:51Z</time>
   </trkpt>
   <trkpt lat="51.1363070" lon="-0.5735010">
    <ele>153.8</ele>
    <time>2020-04-19T10:29:53Z</time>
   </trkpt>
   <trkpt lat="51.1362890" lon="-0.5735130">
    <ele>153.7</ele>
    <time>2020-04-19T10:29:55Z</time>
   </trkpt>
   <trkpt lat="51.1362730" lon="-0.5735230">
    <ele>153.6</ele>
    <time>2020-04-19T10:29:57Z</time>
   </trkpt>
   <trkpt lat="51.1362510" lon="-0.5735440">
    <ele>153.4</ele>
    <time>2020-04-19T10:29:59Z</time>
   </trkpt>
   <trkpt lat="51.1362400" lon="-0.5735670">
    <ele>153.3</ele>
    <time>2020-04-19T10:30:01Z</time>
   </trkpt>
   <trkpt lat="51.1362350" lon="-0.5735770">
    <ele>153.3</ele>
    <time>2020-04-19T10:30:02Z</time>
   </trkpt>
   <trkpt lat="51.1362290" lon="-0.5735840">
    <ele>153.2</ele>
    <time>2020-04-19T10:30:03Z</time>
   </trkpt>
   <trkpt lat="51.1362070" lon="-0.5736000">
    <ele>153.1</ele>
    <time>2020-04-19T10:30:05Z</time>
   </trkpt>
   <trkpt lat="51.1362000" lon="-0.5736070">
    <ele>153.0</ele>
    <time>2020-04-19T10:30:06Z</time>
   </trkpt>
   <trkpt lat="51.1361940" lon="-0.5736150">
    <ele>153.0</ele>
    <time>2020-04-19T10:30:07Z</time>
   </trkpt>
   <trkpt lat="51.1361900" lon="-0.5736230">
    <ele>152.9</ele>
    <time>2020-04-19T10:30:08Z</time>
   </trkpt>
   <trkpt lat="51.1361810" lon="-0.5736400">
    <ele>152.8</ele>
    <time>2020-04-19T10:30:10Z</time>
   </trkpt>
   <trkpt lat="51.1361620" lon="-0.5736590">
    <ele>152.7</ele>
    <time>2020-04-19T10:30:12Z</time>
   </trkpt>
   <trkpt lat="51.1361390" lon="-0.5736740">
    <ele>152.5</ele>
    <time>2020-04-19T10:30:14Z</time>
   </trkpt>
   <trkpt lat="51.1361220" lon="-0.5736860">
    <ele>152.4</ele>
    <time>2020-04-19T10:30:16Z</time>
   </trkpt>
   <trkpt lat="51.1360990" lon="-0.5737190">
    <ele>152.1</ele>
    <time>2020-04-19T10:30:18Z</time>
   </trkpt>
   <trkpt lat="51.1360890" lon="-0.5737290">
    <ele>152.0</ele>
    <time>2020-04-19T10:30:20Z</time>
   </trkpt>
   <trkpt lat="51.1360890" lon="-0.5737350">
    <ele>152.0</ele>
    <time>2020-04-19T10:30:21Z</time>
   </trkpt>
   <trkpt lat="51.1360760" lon="-0.5737590">
    <ele>151.8</ele>
    <time>2020-04-19T10:30:23Z</time>
   </trkpt>
   <trkpt lat="51.1360550" lon="-0.5737790">
    <ele>151.6</ele>
    <time>2020-04-19T10:30:25Z</time>
   </trkpt>
   <trkpt lat="51.1360310" lon="-0.5737990">
    <ele>151.3</ele>
    <time>2020-04-19T10:30:27Z</time>
   </trkpt>
   <trkpt lat="51.1360160" lon="-0.5738140">
    <ele>151.1</ele>
    <time>2020-04-19T10:30:28Z</time>
   </trkpt>
   <trkpt lat="51.1360000" lon="-0.5738380">
    <ele>150.9</ele>
    <time>2020-04-19T10:30:30Z</time>
   </trkpt>
   <trkpt lat="51.1359830" lon="-0.5738620">
    <ele>150.6</ele>
    <time>2020-04-19T10:30:32Z</time>
   </trkpt>
   <trkpt lat="51.1359750" lon="-0.5738730">
    <ele>150.5</ele>
    <time>2020-04-19T10:30:33Z</time>
   </trkpt>
   <trkpt lat="51.1359710" lon="-0.5738750">
    <ele>150.5</ele>
    <time>2020-04-19T10:30:34Z</time>
   </trkpt>
   <trkpt lat="51.1359630" lon="-0.5738750">
    <ele>150.4</ele>
    <time>2020-04-19T10:30:35Z</time>
   </trkpt>
   <trkpt lat="51.1359410" lon="-0.5738840">
    <ele>150.1</ele>
    <time>2020-04-19T10:30:37Z</time>
   </trkpt>
   <trkpt lat="51.1359290" lon="-0.5738990">
    <ele>149.9</ele>
    <time>2020-04-19T10:30:38Z</time>
   </trkpt>
   <trkpt lat="51.1359200" lon="-0.5739180">
    <ele>149.7</ele>
    <time>2020-04-19T10:30:39Z</time>
   </trkpt>
   <trkpt lat="51.1359030" lon="-0.5739490">
    <ele>149.3</ele>
    <time>2020-04-19T10:30:41Z</time>
   </trkpt>
   <trkpt lat="51.1358800" lon="-0.5739810">
    <ele>148.9</ele>
    <time>2020-04-19T10:30:43Z</time>
   </trkpt>
   <trkpt lat="51.1358640" lon="-0.5740080">
    <ele>148.6</ele>
    <time>2020-04-19T10:30:44Z</time>
   </trkpt>
   <trkpt lat="51.1358560" lon="-0.5740230">
    <ele>148.4</ele>
    <time>2020-04-19T10:30:45Z</time>
   </trkpt>
   <trkpt lat="51.1358380" lon="-0.5740670">
    <ele>147.9</ele>
    <time>2020-04-19T10:30:47Z</time>
   </trkpt>
   <trkpt lat="51.1358330" lon="-0.5740770">
    <ele>147.8</ele>
    <time>2020-04-19T10:30:48Z</time>
   </trkpt>
   <trkpt lat="51.1358150" lon="-0.5741090">
    <ele>147.4</ele>
    <time>2020-04-19T10:30:50Z</time>
   </trkpt>
   <trkpt lat="51.1358110" lon="-0.5741200">
    <ele>147.3</ele>
    <time>2020-04-19T10:30:51Z</time>
   </trkpt>
   <trkpt lat="51.1358010" lon="-0.5741500">
    <ele>147.0</ele>
    <time>2020-04-19T10:30:53Z</time>
   </trkpt>
   <trkpt lat="51.1357900" lon="-0.5741710">
    <ele>146.8</ele>
    <time>2020-04-19T10:30:54Z</time>
   </trkpt>
   <trkpt lat="51.1357750" lon="-0.5741930">
    <ele>146.5</ele>
    <time>2020-04-19T10:30:56Z</time>
   </trkpt>
   <trkpt lat="51.1357590" lon="-0.5742090">
    <ele>146.2</ele>
    <time>2020-04-19T10:30:58Z</time>
   </trkpt>
   <trkpt lat="51.1357510" lon="-0.5742180">
    <ele>146.1</ele>
    <time>2020-04-19T10:30:59Z</time>
   </trkpt>
   <trkpt lat="51.1357480" lon="-0.5742230">
    <ele>146.1</ele>
    <time>2020-04-19T10:31:00Z</time>
   </trkpt>
   <trkpt lat="51.1357410" lon="-0.5742370">
    <ele>145.9</ele>
    <time>2020-04-19T10:31:02Z</time>
   </trkpt>
   <trkpt lat="51.1357350" lon="-0.5742450">
    <ele>145.8</ele>
    <time>2020-04-19T10:31:03Z</time>
   </trkpt>
   <trkpt lat="51.1357280" lon="-0.5742560">
    <ele>145.7</ele>
    <time>2020-04-19T10:31:04Z</time>
   </trkpt>
   <trkpt lat="51.1357240" lon="-0.5742630">
    <ele>145.6</ele>
    <time>2020-04-19T10:31:06Z</time>
   </trkpt>
   <trkpt lat="51.1357230" lon="-0.5742700">
    <ele>145.5</ele>
    <time>2020-04-19T10:31:08Z</time>
   </trkpt>
   <trkpt lat="51.1357220" lon="-0.5742780">
    <ele>145.5</ele>
    <time>2020-04-19T10:31:09Z</time>
   </trkpt>
   <trkpt lat="51.1357260" lon="-0.5742860">
    <ele>145.4</ele>
    <time>2020-04-19T10:31:11Z</time>
   </trkpt>
   <trkpt lat="51.1357280" lon="-0.5742920">
    <ele>145.3</ele>
    <time>2020-04-19T10:31:13Z</time>
   </trkpt>
   <trkpt lat="51.1357280" lon="-0.5742960">
    <ele>145.3</ele>
    <time>2020-04-19T10:31:14Z</time>
   </trkpt>
   <trkpt lat="51.1357290" lon="-0.5742930">
    <ele>145.3</ele>
    <time>2020-04-19T10:31:16Z</time>
   </trkpt>
   <trkpt lat="51.1357290" lon="-0.5742920">
    <ele>145.3</ele>
    <time>2020-04-19T10:31:18Z</time>
   </trkpt>
   <trkpt lat="51.1357290" lon="-0.5742930">
    <ele>145.3</ele>
    <time>2020-04-19T10:31:20Z</time>
   </trkpt>
   <trkpt lat="51.1357290" lon="-0.5742930">
    <ele>145.3</ele>
    <time>2020-04-19T10:31:21Z</time>
   </trkpt>
   <trkpt lat="51.1357300" lon="-0.5742930">
    <ele>145.2</ele>
    <time>2020-04-19T10:31:23Z</time>
   </trkpt>
   <trkpt lat="51.1357290" lon="-0.5742950">
    <ele>145.2</ele>
    <time>2020-04-19T10:31:24Z</time>
   </trkpt>
   <trkpt lat="51.1357310" lon="-0.5742930">
    <ele>145.2</ele>
    <time>2020-04-19T10:31:26Z</time>
   </trkpt>
   <trkpt lat="51.1357310" lon="-0.5743020">
    <ele>145.1</ele>
    <time>2020-04-19T10:31:28Z</time>
   </trkpt>
   <trkpt lat="51.1357240" lon="-0.5743200">
    <ele>145.0</ele>
    <time>2020-04-19T10:31:29Z</time>
   </trkpt>
   <trkpt lat="51.1357200" lon="-0.5743310">
    <ele>144.9</ele>
    <time>2020-04-19T10:31:30Z</time>
   </trkpt>
   <trkpt lat="51.1357120" lon="-0.5743560">
    <ele>144.7</ele>
    <time>2020-04-19T10:31:32Z</time>
   </trkpt>
   <trkpt lat="51.1357050" lon="-0.5743700">
    <ele>144.5</ele>
    <time>2020-04-19T10:31:33Z</time>
   </trkpt>
   <trkpt lat="51.1356730" lon="-0.5744000">
    <ele>144.1</ele>
    <time>2020-04-19T10:31:35Z</time>
   </trkpt>
   <trkpt lat="51.1356550" lon="-0.5744220">
    <ele>143.8</ele>
    <time>2020-04-19T10:31:37Z</time>
   </trkpt>
   <trkpt lat="51.1356510" lon="-0.5744340">
    <ele>143.7</ele>
    <time>2020-04-19T10:31:38Z</time>
   </trkpt>
   <trkpt lat="51.1356390" lon="-0.5744940">
    <ele>143.3</ele>
    <time>2020-04-19T10:31:40Z</time>
   </trkpt>
   <trkpt lat="51.1356360" lon="-0.5745040">
    <ele>143.2</ele>
    <time>2020-04-19T10:31:41Z</time>
   </trkpt>
   <trkpt lat="51.1356320" lon="-0.5745190">
    <ele>143.1</ele>
    <time>2020-04-19T10:31:42Z</time>
   </trkpt>
   <trkpt lat="51.1356180" lon="-0.5745520">
    <ele>142.8</ele>
    <time>2020-04-19T10:31:44Z</time>
   </trkpt>
   <trkpt lat="51.1356030" lon="-0.5745740">
    <ele>142.5</ele>
    <time>2020-04-19T10:31:45Z</time>
   </trkpt>
   <trkpt lat="51.1355970" lon="-0.5745830">
    <ele>142.4</ele>
    <time>2020-04-19T10:31:46Z</time>
   </trkpt>
   <trkpt lat="51.1355700" lon="-0.5746070">
    <ele>142.0</ele>
    <time>2020-04-19T10:31:48Z</time>
   </trkpt>
   <trkpt lat="51.1355360" lon="-0.5746430">
    <ele>141.4</ele>
    <time>2020-04-19T10:31:50Z</time>
   </trkpt>
   <trkpt lat="51.1355270" lon="-0.5746560">
    <ele>141.2</ele>
    <time>2020-04-19T10:31:51Z</time>
   </trkpt>
   <trkpt lat="51.1355130" lon="-0.5746820">
    <ele>140.9</ele>
    <time>2020-04-19T10:31:52Z</time>
   </trkpt>
   <trkpt lat="51.1355020" lon="-0.5747490">
    <ele>140.3</ele>
    <time>2020-04-19T10:31:54Z</time>
   </trkpt>
   <trkpt lat="51.1354990" lon="-0.5747770">
    <ele>140.0</ele>
    <time>2020-04-19T10:31:55Z</time>
   </trkpt>
   <trkpt lat="51.1355060" lon="-0.5748440">
    <ele>139.4</ele>
    <time>2020-04-19T10:31:57Z</time>
   </trkpt>
   <trkpt lat="51.1355100" lon="-0.5748650">
    <ele>139.2</ele>
    <time>2020-04-19T10:31:58Z</time>
   </trkpt>
   <trkpt lat="51.1355090" lon="-0.5748770">
    <ele>139.1</ele>
    <time>2020-04-19T10:32:00Z</time>
   </trkpt>
   <trkpt lat="51.1355050" lon="-0.5748810">
    <ele>139.0</ele>
    <time>2020-04-19T10:32:01Z</time>
   </trkpt>
   <trkpt lat="51.1354940" lon="-0.5748870">
    <ele>138.8</ele>
    <time>2020-04-19T10:32:03Z</time>
   </trkpt>
   <trkpt lat="51.1354540" lon="-0.5749130">
    <ele>138.2</ele>
    <time>2020-04-19T10:32:05Z</time>
   </trkpt>
   <trkpt lat="51.1354320" lon="-0.5749490">
    <ele>137.8</ele>
    <time>2020-04-19T10:32:07Z</time>
   </trkpt>
   <trkpt lat="51.1354220" lon="-0.5749820">
    <ele>137.5</ele>
    <time>2020-04-19T10:32:09Z</time>
   </trkpt>
   <trkpt lat="51.1354190" lon="-0.5749950">
    <ele>137.3</ele>
    <time>2020-04-19T10:32:10Z</time>
   </trkpt>
   <trkpt lat="51.1354160" lon="-0.5750070">
    <ele>137.2</ele>
    <time>2020-04-19T10:32:12Z</time>
   </trkpt>
   <trkpt lat="51.1354150" lon="-0.5750120">
    <ele>137.2</ele>
    <time>2020-04-19T10:32:13Z</time>
   </trkpt>
   <trkpt lat="51.1354210" lon="-0.5750120">
    <ele>137.1</ele>
    <time>2020-04-19T10:32:15Z</time>
   </trkpt>
   <trkpt lat="51.1354140" lon="-0.5750150">
    <ele>137.0</ele>
    <time>2020-04-19T10:32:16Z</time>
   </trkpt>
   <trkpt lat="51.1353800" lon="-0.5750170">
    <ele>136.5</ele>
    <time>2020-04-19T10:32:18Z</time>
   </trkpt>
   <trkpt lat="51.1353410" lon="-0.5750190">
    <ele>135.9</ele>
    <time>2020-04-19T10:32:20Z</time>
   </trkpt>
   <trkpt lat="51.1353170" lon="-0.5750090">
    <ele>135.6</ele>
    <time>2020-04-19T10:32:22Z</time>
   </trkpt>
   <trkpt lat="51.1353040" lon="-0.5750080">
    <ele>135.3</ele>
    <time>2020-04-19T10:32:24Z</time>
   </trkpt>
   <trkpt lat="51.1353010" lon="-0.5750100">
    <ele>135.3</ele>
    <time>2020-04-19T10:32:25Z</time>
   </trkpt>
   <trkpt lat="51.1353050" lon="-0.5750110">
    <ele>135.2</ele>
    <time>2020-04-19T10:32:27Z</time>
   </trkpt>
   <trkpt lat="51.1352970" lon="-0.5750120">
    <ele>135.1</ele>
    <time>2020-04-19T10:32:29Z</time>
   </trkpt>
   <trkpt lat="51.1352760" lon="-0.5750120">
    <ele>134.7</ele>
    <time>2020-04-19T10:32:30Z</time>
   </trkpt>
   <trkpt lat="51.1352590" lon="-0.5750110">
    <ele>134.4</ele>
    <time>2020-04-19T10:32:32Z</time>
   </trkpt>
   <trkpt lat="51.1352550" lon="-0.5750110">
    <ele>134.3</ele>
    <time>2020-04-19T10:32:33Z</time>
   </trkpt>
   <trkpt lat="51.1352470" lon="-0.5750230">
    <ele>134.1</ele>
    <time>2020-04-19T10:32:35Z</time>
   </trkpt>
   <trkpt lat="51.1352470" lon="-0.5750180">
    <ele>134.1</ele>
    <time>2020-04-19T10:32:37Z</time>
   </trkpt>
   <trkpt lat="51.1352490" lon="-0.5750160">
    <ele>134.0</ele>
    <time>2020-04-19T10:32:39Z</time>
   </trkpt>
   <trkpt lat="51.1352530" lon="-0.5750190">
    <ele>134.0</ele>
    <time>2020-04-19T10:32:40Z</time>
   </trkpt>
   <trkpt lat="51.1352560" lon="-0.5750230">
    <ele>133.9</ele>
    <time>2020-04-19T10:32:41Z</time>
   </trkpt>
   <trkpt lat="51.1352690" lon="-0.5750480">
    <ele>133.5</ele>
    <time>2020-04-19T10:32:43Z</time>
   </trkpt>
   <trkpt lat="51.1352780" lon="-0.5750720">
    <ele>133.1</ele>
    <time>2020-04-19T10:32:45Z</time>
   </trkpt>
   <trkpt lat="51.1352650" lon="-0.5750890">
    <ele>132.7</ele>
    <time>2020-04-19T10:32:47Z</time>
   </trkpt>
   <trkpt lat="51.1352480" lon="-0.5751180">
    <ele>132.1</ele>
    <time>2020-04-19T10:32:49Z</time>
   </trkpt>
   <trkpt lat="51.1352440" lon="-0.5751360">
    <ele>131.8</ele>
    <time>2020-04-19T10:32:50Z</time>
   </trkpt>
   <trkpt lat="51.1352400" lon="-0.5751350">
    <ele>131.7</ele>
    <time>2020-04-19T10:32:52Z</time>
   </trkpt>
   <trkpt lat="51.1352340" lon="-0.5751270">
    <ele>131.5</ele>
    <time>2020-04-19T10:32:53Z</time>
   </trkpt>
   <trkpt lat="51.1352330" lon="-0.5751350">
    <ele>131.4</ele>
    <time>2020-04-19T10:32:55Z</time>
   </trkpt>
   <trkpt lat="51.1352390" lon="-0.5751470">
    <ele>131.1</ele>
    <time>2020-04-19T10:32:57Z</time>
   </trkpt>
   <trkpt lat="51.1352440" lon="-0.5751550">
    <ele>131.0</ele>
    <time>2020-04-19T10:32:58Z</time>
   </trkpt>
   <trkpt lat="51.1352470" lon="-0.5751500">
    <ele>130.9</ele>
    <time>2020-04-19T10:33:00Z</time>
   </trkpt>
   <trkpt lat="51.1352380" lon="-0.5751460">
    <ele>130.6</ele>
    <time>2020-04-19T10:33:01Z</time>
   </trkpt>
   <trkpt lat="51.1352070" lon="-0.5751390">
    <ele>129.8</ele>
    <time>2020-04-19T10:33:03Z</time>
   </trkpt>
   <trkpt lat="51.1351710" lon="-0.5751510">
    <ele>128.9</ele>
    <time>2020-04-19T10:33:05Z</time>
   </trkpt>
   <trkpt lat="51.1351670" lon="-0.5751510">
    <ele>128.8</ele>
    <time>2020-04-19T10:33:06Z</time>
   </trkpt>
   <trkpt lat="51.1351460" lon="-0.5751480">
    <ele>128.3</ele>
    <time>2020-04-19T10:33:08Z</time>
   </trkpt>
   <trkpt lat="51.1351190" lon="-0.5751240">
    <ele>127.5</ele>
    <time>2020-04-19T10:33:10Z</time>
   </trkpt>
   <trkpt lat="51.1351030" lon="-0.5751060">
    <ele>127.1</ele>
    <time>2020-04-19T10:33:12Z</time>
   </trkpt>
   <trkpt lat="51.1350920" lon="-0.5750980">
    <ele>126.9</ele>
    <time>2020-04-19T10:33:14Z</time>
   </trkpt>
   <trkpt lat="51.1350800" lon="-0.5750910">
    <ele>126.6</ele>
    <time>2020-04-19T10:33:15Z</time>
   </trkpt>
   <trkpt lat="51.1350700" lon="-0.5750890">
    <ele>126.4</ele>
    <time>2020-04-19T10:33:16Z</time>
   </trkpt>
   <trkpt lat="51.1350580" lon="-0.5750900">
    <ele>126.2</ele>
    <time>2020-04-19T10:33:18Z</time>
   </trkpt>
   <trkpt lat="51.1350570" lon="-0.5750850">
    <ele>126.1</ele>
    <time>2020-04-19T10:33:20Z</time>
   </trkpt>
   <trkpt lat="51.1350540" lon="-0.5750800">
    <ele>126.0</ele>
    <time>2020-04-19T10:33:21Z</time>
   </trkpt>
   <trkpt lat="51.1350490" lon="-0.5750790">
    <ele>125.9</ele>
    <time>2020-04-19T10:33:22Z</time>
   </trkpt>
   <trkpt lat="51.1350470" lon="-0.5750790">
    <ele>125.9</ele>
    <time>2020-04-19T10:33:23Z</time>
   </trkpt>
   <trkpt lat="51.1350440" lon="-0.5750780">
    <ele>125.8</ele>
    <time>2020-04-19T10:33:25Z</time>
   </trkpt>
   <trkpt lat="51.1350360" lon="-0.5750720">
    <ele>125.7</ele>
    <time>2020-04-19T10:33:27Z</time>
   </trkpt>
   <trkpt lat="51.1350290" lon="-0.5750750">
    <ele>125.5</ele>
    <time>2020-04-19T10:33:28Z</time>
   </trkpt>
   <trkpt lat="51.1350300" lon="-0.5750800">
    <ele>125.5</ele>
    <time>2020-04-19T10:33:30Z</time>
   </trkpt>
   <trkpt lat="51.1350320" lon="-0.5750810">
    <ele>125.4</ele>
    <time>2020-04-19T10:33:31Z</time>
   </trkpt>
   <trkpt lat="51.1350340" lon="-0.5750730">
    <ele>125.3</ele>
    <time>2020-04-19T10:33:33Z</time>
   </trkpt>
   <trkpt lat="51.1350330" lon="-0.5750690">
    <ele>125.3</ele>
    <time>2020-04-19T10:33:34Z</time>
   </trkpt>
   <trkpt lat="51.1350270" lon="-0.5750520">
    <ele>125.1</ele>
    <time>2020-04-19T10:33:36Z</time>
   </trkpt>
   <trkpt lat="51.1350240" lon="-0.5750470">
    <ele>125.0</ele>
    <time>2020-04-19T10:33:37Z</time>
   </trkpt>
   <trkpt lat="51.1350240" lon="-0.5750500">
    <ele>125.0</ele>
    <time>2020-04-19T10:33:39Z</time>
   </trkpt>
   <trkpt lat="51.1350200" lon="-0.5750490">
    <ele>124.9</ele>
    <time>2020-04-19T10:33:41Z</time>
   </trkpt>
   <trkpt lat="51.1350180" lon="-0.5750500">
    <ele>124.9</ele>
    <time>2020-04-19T10:33:43Z</time>
   </trkpt>
   <trkpt lat="51.1350140" lon="-0.5750480">
    <ele>124.8</ele>
    <time>2020-04-19T10:33:45Z</time>
   </trkpt>
   <trkpt lat="51.1350130" lon="-0.5750490">
    <ele>124.8</ele>
    <time>2020-04-19T10:33:46Z</time>
   </trkpt>
   <trkpt lat="51.1350050" lon="-0.5750470">
    <ele>124.0</ele>
    <time>2020-04-19T10:33:48Z</time>
   </trkpt>
   <trkpt lat="51.1350000" lon="-0.5750460">
    <ele>124.0</ele>
    <time>2020-04-19T10:33:50Z</time>
   </trkpt>
   <trkpt lat="51.1350030" lon="-0.5750480">
    <ele>123.9</ele>
    <time>2020-04-19T10:33:51Z</time>
   </trkpt>
   <trkpt lat="51.1350060" lon="-0.5750500">
    <ele>123.9</ele>
    <time>2020-04-19T10:33:53Z</time>
   </trkpt>
   <trkpt lat="51.1350070" lon="-0.5750480">
    <ele>123.8</ele>
    <time>2020-04-19T10:33:55Z</time>
   </trkpt>
   <trkpt lat="51.1350080" lon="-0.5750480">
    <ele>123.8</ele>
    <time>2020-04-19T10:33:56Z</time>
   </trkpt>
   <trkpt lat="51.1350090" lon="-0.5750490">
    <ele>123.8</ele>
    <time>2020-04-19T10:33:58Z</time>
   </trkpt>
   <trkpt lat="51.1350000" lon="-0.5750360">
    <ele>123.6</ele>
    <time>2020-04-19T10:34:00Z</time>
   </trkpt>
   <trkpt lat="51.1349880" lon="-0.5750210">
    <ele>123.4</ele>
    <time>2020-04-19T10:34:01Z</time>
   </trkpt>
   <trkpt lat="51.1349870" lon="-0.5750140">
    <ele>123.4</ele>
    <time>2020-04-19T10:34:02Z</time>
   </trkpt>
   <trkpt lat="51.1349770" lon="-0.5749970">
    <ele>123.2</ele>
    <time>2020-04-19T10:34:04Z</time>
   </trkpt>
   <trkpt lat="51.1349640" lon="-0.5749780">
    <ele>122.9</ele>
    <time>2020-04-19T10:34:06Z</time>
   </trkpt>
   <trkpt lat="51.1349690" lon="-0.5749890">
    <ele>122.8</ele>
    <time>2020-04-19T10:34:07Z</time>
   </trkpt>
   <trkpt lat="51.1349700" lon="-0.5750020">
    <ele>122.7</ele>
    <time>2020-04-19T10:34:09Z</time>
   </trkpt>
   <trkpt lat="51.1349660" lon="-0.5750020">
    <ele>122.7</ele>
    <time>2020-04-19T10:34:10Z</time>
   </trkpt>
   <trkpt lat="51.1349560" lon="-0.5749970">
    <ele>122.5</ele>
    <time>2020-04-19T10:34:11Z</time>
   </trkpt>
   <trkpt lat="51.1349540" lon="-0.5749900">
    <ele>122.4</ele>
    <time>2020-04-19T10:34:12Z</time>
   </trkpt>
   <trkpt lat="51.1349540" lon="-0.5749800">
    <ele>122.3</ele>
    <time>2020-04-19T10:34:13Z</time>
   </trkpt>
   <trkpt lat="51.1349570" lon="-0.5749520">
    <ele>122.1</ele>
    <time>2020-04-19T10:34:15Z</time>
   </trkpt>
   <trkpt lat="51.1349590" lon="-0.5749340">
    <ele>121.9</ele>
    <time>2020-04-19T10:34:16Z</time>
   </trkpt>
   <trkpt lat="51.1349600" lon="-0.5749110">
    <ele>121.7</ele>
    <time>2020-04-19T10:34:18Z</time>
   </trkpt>
   <trkpt lat="51.1349490" lon="-0.5748940">
    <ele>121.4</ele>
    <time>2020-04-19T10:34:20Z</time>
   </trkpt>
   <trkpt lat="51.1349360" lon="-0.5748870">
    <ele>121.2</ele>
    <time>2020-04-19T10:34:21Z</time>
   </trkpt>
   <trkpt lat="51.1349320" lon="-0.5748910">
    <ele>121.1</ele>
    <time>2020-04-19T10:34:22Z</time>
   </trkpt>
   <trkpt lat="51.1349170" lon="-0.5748910">
    <ele>120.8</ele>
    <time>2020-04-19T10:34:24Z</time>
   </trkpt>
   <trkpt lat="51.1348950" lon="-0.5748810">
    <ele>120.4</ele>
    <time>2020-04-19T10:34:26Z</time>
   </trkpt>
   <trkpt lat="51.1348840" lon="-0.5748770">
    <ele>120.2</ele>
    <time>2020-04-19T10:34:28Z</time>
   </trkpt>
   <trkpt lat="51.1348670" lon="-0.5748690">
    <ele>119.9</ele>
    <time>2020-04-19T10:34:30Z</time>
   </trkpt>
   <trkpt lat="51.1348540" lon="-0.5748630">
    <ele>119.6</ele>
    <time>2020-04-19T10:34:31Z</time>
   </trkpt>
   <trkpt lat="51.1348410" lon="-0.5748600">
    <ele>119.4</ele>
    <time>2020-04-19T10:34:33Z</time>
   </trkpt>
   <trkpt lat="51.1348330" lon="-0.5748560">
    <ele>119.2</ele>
    <time>2020-04-19T10:34:35Z</time>
   </trkpt>
   <trkpt lat="51.1348250" lon="-0.5748500">
    <ele>119.0</ele>
    <time>2020-04-19T10:34:36Z</time>
   </trkpt>
   <trkpt lat="51.1348030" lon="-0.5748400">
    <ele>118.6</ele>
    <time>2020-04-19T10:34:38Z</time>
   </trkpt>
   <trkpt lat="51.1347970" lon="-0.5748360">
    <ele>118.5</ele>
    <time>2020-04-19T10:34:39Z</time>
   </trkpt>
   <trkpt lat="51.1347900" lon="-0.5748330">
    <ele>118.3</ele>
    <time>2020-04-19T10:34:40Z</time>
   </trkpt>
   <trkpt lat="51.1347740" lon="-0.5748230">
    <ele>118.0</ele>
    <time>2020-04-19T10:34:41Z</time>
   </trkpt>
   <trkpt lat="51.1347670" lon="-0.5748210">
    <ele>117.8</ele>
    <time>2020-04-19T10:34:42Z</time>
   </trkpt>
   <trkpt lat="51.1347470" lon="-0.5748160">
    <ele>117.4</ele>
    <time>2020-04-19T10:34:44Z</time>
   </trkpt>
   <trkpt lat="51.1347380" lon="-0.5748160">
    <ele>117.3</ele>
    <time>2020-04-19T10:34:45Z</time>
   </trkpt>
   <trkpt lat="51.1347240" lon="-0.5748140">
    <ele>117.0</ele>
    <time>2020-04-19T10:34:46Z</time>
   </trkpt>
   <trkpt lat="51.1347140" lon="-0.5748140">
    <ele>116.8</ele>
    <time>2020-04-19T10:34:48Z</time>
   </trkpt>
   <trkpt lat="51.1347050" lon="-0.5748120">
    <ele>116.6</ele>
    <time>2020-04-19T10:34:50Z</time>
   </trkpt>
   <trkpt lat="51.1346970" lon="-0.5748090">
    <ele>116.5</ele>
    <time>2020-04-19T10:34:51Z</time>
   </trkpt>
   <trkpt lat="51.1346950" lon="-0.5748090">
    <ele>116.4</ele>
    <time>2020-04-19T10:34:52Z</time>
   </trkpt>
   <trkpt lat="51.1346930" lon="-0.5748130">
    <ele>116.4</ele>
    <time>2020-04-19T10:34:53Z</time>
   </trkpt>
   <trkpt lat="51.1346900" lon="-0.5748130">
    <ele>116.3</ele>
    <time>2020-04-19T10:34:55Z</time>
   </trkpt>
   <trkpt lat="51.1346790" lon="-0.5748070">
    <ele>116.1</ele>
    <time>2020-04-19T10:34:56Z</time>
   </trkpt>
   <trkpt lat="51.1346700" lon="-0.5748030">
    <ele>115.9</ele>
    <time>2020-04-19T10:34:57Z</time>
   </trkpt>
   <trkpt lat="51.1346610" lon="-0.5747980">
    <ele>115.7</ele>
    <time>2020-04-19T10:34:58Z</time>
   </trkpt>
   <trkpt lat="51.1346410" lon="-0.5747840">
    <ele>115.3</ele>
    <time>2020-04-19T10:35:00Z</time>
   </trkpt>
   <trkpt lat="51.1346260" lon="-0.5747720">
    <ele>115.0</ele>
    <time>2020-04-19T10:35:01Z</time>
   </trkpt>
   <trkpt lat="51.1346180" lon="-0.5747680">
    <ele>114.8</ele>
    <time>2020-04-19T10:35:02Z</time>
   </trkpt>
   <trkpt lat="51.1346100" lon="-0.5747650">
    <ele>114.7</ele>
    <time>2020-04-19T10:35:03Z</time>
   </trkpt>
   <trkpt lat="51.1345880" lon="-0.5747530">
    <ele>114.2</ele>
    <time>2020-04-19T10:35:04Z</time>
   </trkpt>
   <trkpt lat="51.1345760" lon="-0.5747470">
    <ele>114.0</ele>
    <time>2020-04-19T10:35:06Z</time>
   </trkpt>
   <trkpt lat="51.1345620" lon="-0.5747390">
    <ele>113.7</ele>
    <time>2020-04-19T10:35:08Z</time>
   </trkpt>
   <trkpt lat="51.1345530" lon="-0.5747340">
    <ele>113.5</ele>
    <time>2020-04-19T10:35:09Z</time>
   </trkpt>
   <trkpt lat="51.1345300" lon="-0.5747200">
    <ele>113.0</ele>
    <time>2020-04-19T10:35:11Z</time>
   </trkpt>
   <trkpt lat="51.1345160" lon="-0.5747180">
    <ele>112.7</ele>
    <time>2020-04-19T10:35:13Z</time>
   </trkpt>
   <trkpt lat="51.1345060" lon="-0.5747130">
    <ele>112.5</ele>
    <time>2020-04-19T10:35:14Z</time>
   </trkpt>
   <trkpt lat="51.1344850" lon="-0.5747030">
    <ele>112.1</ele>
    <time>2020-04-19T10:35:16Z</time>
   </trkpt>
   <trkpt lat="51.1344800" lon="-0.5747000">
    <ele>112.0</ele>
    <time>2020-04-19T10:35:17Z</time>
   </trkpt>
   <trkpt lat="51.1344640" lon="-0.5746910">
    <ele>111.6</ele>
    <time>2020-04-19T10:35:19Z</time>
   </trkpt>
   <trkpt lat="51.1344400" lon="-0.5746760">
    <ele>111.1</ele>
    <time>2020-04-19T10:35:21Z</time>
   </trkpt>
   <trkpt lat="51.1344250" lon="-0.5746660">
    <ele>110.8</ele>
    <time>2020-04-19T10:35:23Z</time>
   </trkpt>
   <trkpt lat="51.1344160" lon="-0.5746640">
    <ele>110.6</ele>
    <time>2020-04-19T10:35:24Z</time>
   </trkpt>
   <trkpt lat="51.1343980" lon="-0.5746520">
    <ele>110.2</ele>
    <time>2020-04-19T10:35:26Z</time>
   </trkpt>
   <trkpt lat="51.1343800" lon="-0.5746510">
    <ele>109.8</ele>
    <time>2020-04-19T10:35:28Z</time>
   </trkpt>
   <trkpt lat="51.1343690" lon="-0.5746470">
    <ele>109.6</ele>
    <time>2020-04-19T10:35:29Z</time>
   </trkpt>
   <trkpt lat="51.1343480" lon="-0.5746320">
    <ele>109.1</ele>
    <time>2020-04-19T10:35:31Z</time>
   </trkpt>
   <trkpt lat="51.1343310" lon="-0.5746220">
    <ele>108.8</ele>
    <time>2020-04-19T10:35:33Z</time>
   </trkpt>
   <trkpt lat="51.1343230" lon="-0.5746160">
    <ele>108.6</ele>
    <time>2020-04-19T10:35:34Z</time>
   </trkpt>
   <trkpt lat="51.1343000" lon="-0.5746030">
    <ele>108.1</ele>
    <time>2020-04-19T10:35:36Z</time>
   </trkpt>
   <trkpt lat="51.1342810" lon="-0.5745920">
    <ele>107.7</ele>
    <time>2020-04-19T10:35:38Z</time>
   </trkpt>
   <trkpt lat="51.1342750" lon="-0.5745870">
    <ele>107.6</ele>
    <time>2020-04-19T10:35:39Z</time>
   </trkpt>
   <trkpt lat="51.1342600" lon="-0.5745760">
    <ele>107.3</ele>
    <time>2020-04-19T10:35:41Z</time>
   </trkpt>
   <trkpt lat="51.1342490" lon="-0.5745650">
    <ele>107.0</ele>
    <time>2020-04-19T10:35:43Z</time>
   </trkpt>
   <trkpt lat="51.1342380" lon="-0.5745650">
    <ele>106.8</ele>
    <time>2020-04-19T10:35:45Z</time>
   </trkpt>
   <trkpt lat="51.1342350" lon="-0.5745650">
    <ele>106.8</ele>
    <time>2020-04-19T10:35:46Z</time>
   </trkpt>
   <trkpt lat="51.1342350" lon="-0.5745660">
    <ele>106.8</ele>
    <time>2020-04-19T10:35:47Z</time>
   </trkpt>
   <trkpt lat="51.1342330" lon="-0.5745670">
    <ele>106.7</ele>
    <time>2020-04-19T10:35:48Z</time>
   </trkpt>
   <trkpt lat="51.1342270" lon="-0.5745720">
    <ele>106.6</ele>
    <time>2020-04-19T10:35:50Z</time>
   </trkpt>
   <trkpt lat="51.1342230" lon="-0.5745740">
    <ele>106.5</ele>
    <time>2020-04-19T10:35:51Z</time>
   </trkpt>
   <trkpt lat="51.1342180" lon="-0.5745690">
    <ele>106.4</ele>
    <time>2020-04-19T10:35:52Z</time>
   </trkpt>
   <trkpt lat="51.1342110" lon="-0.5745650">
    <ele>106.3</ele>
    <time>2020-04-19T10:35:53Z</time>
   </trkpt>
   <trkpt lat="51.1342020" lon="-0.5745570">
    <ele>106.1</ele>
    <time>2020-04-19T10:35:55Z</time>
   </trkpt>
   <trkpt lat="51.1342000" lon="-0.5745520">
    <ele>106.1</ele>
    <time>2020-04-19T10:35:56Z</time>
   </trkpt>
   <trkpt lat="51.1342010" lon="-0.5745460">
    <ele>106.0</ele>
    <time>2020-04-19T10:35:58Z</time>
   </trkpt>
   <trkpt lat="51.1342030" lon="-0.5745400">
    <ele>105.9</ele>
    <time>2020-04-19T10:35:59Z</time>
   </trkpt>
   <trkpt lat="51.1342040" lon="-0.5745380">
    <ele>105.9</ele>
    <time>2020-04-19T10:36:01Z</time>
   </trkpt>
   <trkpt lat="51.1342020" lon="-0.5745370">
    <ele>105.9</ele>
    <time>2020-04-19T10:36:02Z</time>
   </trkpt>
   <trkpt lat="51.1341960" lon="-0.5745300">
    <ele>105.7</ele>
    <time>2020-04-19T10:36:04Z</time>
   </trkpt>
   <trkpt lat="51.1341930" lon="-0.5745270">
    <ele>105.7</ele>
    <time>2020-04-19T10:36:05Z</time>
   </trkpt>
   <trkpt lat="51.1341900" lon="-0.5745130">
    <ele>105.5</ele>
    <time>2020-04-19T10:36:06Z</time>
   </trkpt>
   <trkpt lat="51.1341890" lon="-0.5745000">
    <ele>105.4</ele>
    <time>2020-04-19T10:36:07Z</time>
   </trkpt>
   <trkpt lat="51.1341730" lon="-0.5744900">
    <ele>105.1</ele>
    <time>2020-04-19T10:36:08Z</time>
   </trkpt>
   <trkpt lat="51.1341610" lon="-0.5744850">
    <ele>104.9</ele>
    <time>2020-04-19T10:36:10Z</time>
   </trkpt>
   <trkpt lat="51.1341490" lon="-0.5744800">
    <ele>104.7</ele>
    <time>2020-04-19T10:36:11Z</time>
   </trkpt>
   <trkpt lat="51.1341210" lon="-0.5744660">
    <ele>104.2</ele>
    <time>2020-04-19T10:36:13Z</time>
   </trkpt>
   <trkpt lat="51.1341140" lon="-0.5744640">
    <ele>104.0</ele>
    <time>2020-04-19T10:36:14Z</time>
   </trkpt>
   <trkpt lat="51.1340990" lon="-0.5744570">
    <ele>103.8</ele>
    <time>2020-04-19T10:36:16Z</time>
   </trkpt>
   <trkpt lat="51.1340890" lon="-0.5744630">
    <ele>103.6</ele>
    <time>2020-04-19T10:36:18Z</time>
   </trkpt>
   <trkpt lat="51.1340820" lon="-0.5744620">
    <ele>103.5</ele>
    <time>2020-04-19T10:36:20Z</time>
   </trkpt>
   <trkpt lat="51.1340810" lon="-0.5744590">
    <ele>103.4</ele>
    <time>2020-04-19T10:36:21Z</time>
   </trkpt>
   <trkpt lat="51.1340770" lon="-0.5744560">
    <ele>103.3</ele>
    <time>2020-04-19T10:36:22Z</time>
   </trkpt>
   <trkpt lat="51.1340540" lon="-0.5744440">
    <ele>102.9</ele>
    <time>2020-04-19T10:36:24Z</time>
   </trkpt>
   <trkpt lat="51.1340310" lon="-0.5744120">
    <ele>102.3</ele>
    <time>2020-04-19T10:36:26Z</time>
   </trkpt>
   <trkpt lat="51.1340250" lon="-0.5744070">
    <ele>102.2</ele>
    <time>2020-04-19T10:36:27Z</time>
   </trkpt>
   <trkpt lat="51.1340020" lon="-0.5743940">
    <ele>101.7</ele>
    <time>2020-04-19T10:36:29Z</time>
   </trkpt>
   <trkpt lat="51.1339730" lon="-0.5743800">
    <ele>101.2</ele>
    <time>2020-04-19T10:36:31Z</time>
   </trkpt>
   <trkpt lat="51.1339630" lon="-0.5743760">
    <ele>101.0</ele>
    <time>2020-04-19T10:36:32Z</time>
   </trkpt>
   <trkpt lat="51.1339410" lon="-0.5743730">
    <ele>100.0</ele>
    <time>2020-04-19T10:36:34Z</time>
   </trkpt>
   <trkpt lat="51.1339130" lon="-0.5743610">
    <ele>99.8</ele>
    <time>2020-04-19T10:36:36Z</time>
   </trkpt>
   <trkpt lat="51.1339030" lon="-0.5743620">
    <ele>99.8</ele>
    <time>2020-04-19T10:36:38Z</time>
   </trkpt>
   <trkpt lat="51.1338990" lon="-0.5743650">
    <ele>99.7</ele>
    <time>2020-04-19T10:36:40Z</time>
   </trkpt>
   <trkpt lat="51.1338950" lon="-0.5743630">
    <ele>99.7</ele>
    <time>2020-04-19T10:36:41Z</time>
   </trkpt>
   <trkpt lat="51.1338920" lon="-0.5743600">
    <ele>99.7</ele>
    <time>2020-04-19T10:36:42Z</time>
   </trkpt>
   <trkpt lat="51.1338850" lon="-0.5743550">
    <ele>99.6</ele>
    <time>2020-04-19T10:36:43Z</time>
   </trkpt>
   <trkpt lat="51.1338700" lon="-0.5743130">
    <ele>99.4</ele>
    <time>2020-04-19T10:36:45Z</time>
   </trkpt>
   <trkpt lat="51.1338680" lon="-0.5743000">
    <ele>99.4</ele>
    <time>2020-04-19T10:36:46Z</time>
   </trkpt>
   <trkpt lat="51.1338700" lon="-0.5742840">
    <ele>98.9</ele>
    <time>2020-04-19T10:36:48Z</time>
   </trkpt>
   <trkpt lat="51.1338680" lon="-0.5742660">
    <ele>98.8</ele>
    <time>2020-04-19T10:36:49Z</time>
   </trkpt>
   <trkpt lat="51.1338730" lon="-0.5742210">
    <ele>98.8</ele>
    <time>2020-04-19T10:36:51Z</time>
   </trkpt>
   <trkpt lat="51.1338740" lon="-0.5742190">
    <ele>98.8</ele>
    <time>2020-04-19T10:36:52Z</time>
   </trkpt>
   <trkpt lat="51.1338760" lon="-0.5742040">
    <ele>98.7</ele>
    <time>2020-04-19T10:36:53Z</time>
   </trkpt>
   <trkpt lat="51.1338630" lon="-0.5741740">
    <ele>98.7</ele>
    <time>2020-04-19T10:36:55Z</time>
   </trkpt>
   <trkpt lat="51.1338510" lon="-0.5741450">
    <ele>98.6</ele>
    <time>2020-04-19T10:36:56Z</time>
   </trkpt>
   <trkpt lat="51.1338400" lon="-0.5741240">
    <ele>98.5</ele>
    <time>2020-04-19T10:36:58Z</time>
   </trkpt>
   <trkpt lat="51.1338390" lon="-0.5741080">
    <ele>98.5</ele>
    <time>2020-04-19T10:36:59Z</time>
   </trkpt>
   <trkpt lat="51.1338450" lon="-0.5740560">
    <ele>98.3</ele>
    <time>2020-04-19T10:37:01Z</time>
   </trkpt>
   <trkpt lat="51.1338450" lon="-0.5740430">
    <ele>98.3</ele>
    <time>2020-04-19T10:37:03Z</time>
   </trkpt>
   <trkpt lat="51.1338470" lon="-0.5740340">
    <ele>98.3</ele>
    <time>2020-04-19T10:37:05Z</time>
   </trkpt>
   <trkpt lat="51.1338500" lon="-0.5740260">
    <ele>98.2</ele>
    <time>2020-04-19T10:37:06Z</time>
   </trkpt>
   <trkpt lat="51.1338510" lon="-0.5740220">
    <ele>98.2</ele>
    <time>2020-04-19T10:37:07Z</time>
   </trkpt>
   <trkpt lat="51.1338500" lon="-0.5739960">
    <ele>98.1</ele>
    <time>2020-04-19T10:37:09Z</time>
   </trkpt>
   <trkpt lat="51.1338470" lon="-0.5739490">
    <ele>98.0</ele>
    <time>2020-04-19T10:37:11Z</time>
   </trkpt>
   <trkpt lat="51.1338470" lon="-0.5739250">
    <ele>97.9</ele>
    <time>2020-04-19T10:37:13Z</time>
   </trkpt>
   <trkpt lat="51.1338450" lon="-0.5739020">
    <ele>97.8</ele>
    <time>2020-04-19T10:37:15Z</time>
   </trkpt>
   <trkpt lat="51.1338410" lon="-0.5738930">
    <ele>97.7</ele>
    <time>2020-04-19T10:37:16Z</time>
   </trkpt>
   <trkpt lat="51.1338300" lon="-0.5738740">
    <ele>97.6</ele>
    <time>2020-04-19T10:37:18Z</time>
   </trkpt>
   <trkpt lat="51.1338170" lon="-0.5738570">
    <ele>97.5</ele>
    <time>2020-04-19T10:37:20Z</time>
   </trkpt>
   <trkpt lat="51.1338000" lon="-0.5738430">
    <ele>97.3</ele>
    <time>2020-04-19T10:37:21Z</time>
   </trkpt>
   <trkpt lat="51.1337930" lon="-0.5738390">
    <ele>97.2</ele>
    <time>2020-04-19T10:37:22Z</time>
   </trkpt>
   <trkpt lat="51.1337810" lon="-0.5738330">
    <ele>97.1</ele>
    <time>2020-04-19T10:37:24Z</time>
   </trkpt>
   <trkpt lat="51.1337700" lon="-0.5738240">
    <ele>97.0</ele>
    <time>2020-04-19T10:37:26Z</time>
   </trkpt>
   <trkpt lat="51.1337600" lon="-0.5738160">
    <ele>96.9</ele>
    <time>2020-04-19T10:37:27Z</time>
   </trkpt>
   <trkpt lat="51.1337500" lon="-0.5738130">
    <ele>96.8</ele>
    <time>2020-04-19T10:37:28Z</time>
   </trkpt>
   <trkpt lat="51.1337300" lon="-0.5738150">
    <ele>96.6</ele>
    <time>2020-04-19T10:37:30Z</time>
   </trkpt>
   <trkpt lat="51.1337250" lon="-0.5738160">
    <ele>96.6</ele>
    <time>2020-04-19T10:37:31Z</time>
   </trkpt>
   <trkpt lat="51.1337230" lon="-0.5738190">
    <ele>96.6</ele>
    <time>2020-04-19T10:37:32Z</time>
   </trkpt>
   <trkpt lat="51.1337220" lon="-0.5738210">
    <ele>96.6</ele>
    <time>2020-04-19T10:37:34Z</time>
   </trkpt>
   <trkpt lat="51.1337140" lon="-0.5738180">
    <ele>96.5</ele>
    <time>2020-04-19T10:37:36Z</time>
   </trkpt>
   <trkpt lat="51.1337020" lon="-0.5738060">
    <ele>96.3</ele>
    <time>2020-04-19T10:37:37Z</time>
   </trkpt>
   <trkpt lat="51.1336970" lon="-0.5738000">
    <ele>96.3</ele>
    <time>2020-04-19T10:37:38Z</time>
   </trkpt>
   <trkpt lat="51.1336910" lon="-0.5737910">
    <ele>96.2</ele>
    <time>2020-04-19T10:37:39Z</time>
   </trkpt>
   <trkpt lat="51.1336820" lon="-0.5737730">
    <ele>96.0</ele>
    <time>2020-04-19T10:37:41Z</time>
   </trkpt>
   <trkpt lat="51.1336790" lon="-0.5737620">
    <ele>95.9</ele>
    <time>2020-04-19T10:37:42Z</time>
   </trkpt>
   <trkpt lat="51.1336860" lon="-0.5737640">
    <ele>95.9</ele>
    <time>2020-04-19T10:37:44Z</time>
   </trkpt>
   <trkpt lat="51.1336890" lon="-0.5737600">
    <ele>95.8</ele>
    <time>2020-04-19T10:37:46Z</time>
   </trkpt>
   <trkpt lat="51.1336870" lon="-0.5737600">
    <ele>95.8</ele>
    <time>2020-04-19T10:37:47Z</time>
   </trkpt>
   <trkpt lat="51.1336870" lon="-0.5737610">
    <ele>95.8</ele>
    <time>2020-04-19T10:37:48Z</time>
   </trkpt>
   <trkpt lat="51.1336790" lon="-0.5737590">
    <ele>95.7</ele>
    <time>2020-04-19T10:37:50Z</time>
   </trkpt>
   <trkpt lat="51.1336730" lon="-0.5737530">
    <ele>95.6</ele>
    <time>2020-04-19T10:37:51Z</time>
   </trkpt>
   <trkpt lat="51.1336620" lon="-0.5737270">
    <ele>95.4</ele>
    <time>2020-04-19T10:37:53Z</time>
   </trkpt>
   <trkpt lat="51.1336570" lon="-0.5737130">
    <ele>95.3</ele>
    <time>2020-04-19T10:37:54Z</time>
   </trkpt>
   <trkpt lat="51.1336450" lon="-0.5736850">
    <ele>95.0</ele>
    <time>2020-04-19T10:37:56Z</time>
   </trkpt>
   <trkpt lat="51.1336340" lon="-0.5736630">
    <ele>94.8</ele>
    <time>2020-04-19T10:37:57Z</time>
   </trkpt>
   <trkpt lat="51.1336290" lon="-0.5736580">
    <ele>94.8</ele>
    <time>2020-04-19T10:37:58Z</time>
   </trkpt>
   <trkpt lat="51.1336090" lon="-0.5736420">
    <ele>94.5</ele>
    <time>2020-04-19T10:38:00Z</time>
   </trkpt>
   <trkpt lat="51.1335980" lon="-0.5736350">
    <ele>94.4</ele>
    <time>2020-04-19T10:38:01Z</time>
   </trkpt>
   <trkpt lat="51.1335800" lon="-0.5736190">
    <ele>94.2</ele>
    <time>2020-04-19T10:38:02Z</time>
   </trkpt>
   <trkpt lat="51.1335710" lon="-0.5736130">
    <ele>94.1</ele>
    <time>2020-04-19T10:38:03Z</time>
   </trkpt>
   <trkpt lat="51.1335610" lon="-0.5736060">
    <ele>93.9</ele>
    <time>2020-04-19T10:38:04Z</time>
   </trkpt>
   <trkpt lat="51.1335410" lon="-0.5735910">
    <ele>93.7</ele>
    <time>2020-04-19T10:38:06Z</time>
   </trkpt>
   <trkpt lat="51.1335260" lon="-0.5735770">
    <ele>93.5</ele>
    <time>2020-04-19T10:38:07Z</time>
   </trkpt>
   <trkpt lat="51.1335080" lon="-0.5735670">
    <ele>93.3</ele>
    <time>2020-04-19T10:38:09Z</time>
   </trkpt>
   <trkpt lat="51.1334770" lon="-0.5735540">
    <ele>93.0</ele>
    <time>2020-04-19T10:38:11Z</time>
   </trkpt>
   <trkpt lat="51.1334690" lon="-0.5735520">
    <ele>92.9</ele>
    <time>2020-04-19T10:38:12Z</time>
   </trkpt>
   <trkpt lat="51.1334430" lon="-0.5735420">
    <ele>92.7</ele>
    <time>2020-04-19T10:38:14Z</time>
   </trkpt>
   <trkpt lat="51.1334150" lon="-0.5735290">
    <ele>92.4</ele>
    <time>2020-04-19T10:38:16Z</time>
   </trkpt>
   <trkpt lat="51.1333950" lon="-0.5735230">
    <ele>92.2</ele>
    <time>2020-04-19T10:38:17Z</time>
   </trkpt>
   <trkpt lat="51.1333730" lon="-0.5735150">
    <ele>92.0</ele>
    <time>2020-04-19T10:38:19Z</time>
   </trkpt>
   <trkpt lat="51.1333500" lon="-0.5735000">
    <ele>91.7</ele>
    <time>2020-04-19T10:38:21Z</time>
   </trkpt>
   <trkpt lat="51.1333270" lon="-0.5734830">
    <ele>91.5</ele>
    <time>2020-04-19T10:38:23Z</time>
   </trkpt>
   <trkpt lat="51.1333150" lon="-0.5734750">
    <ele>91.3</ele>
    <time>2020-04-19T10:38:24Z</time>
   </trkpt>
   <trkpt lat="51.1332890" lon="-0.5734600">
    <ele>91.0</ele>
    <time>2020-04-19T10:38:26Z</time>
   </trkpt>
   <trkpt lat="51.1332690" lon="-0.5734470">
    <ele>90.8</ele>
    <time>2020-04-19T10:38:27Z</time>
   </trkpt>
   <trkpt lat="51.1332490" lon="-0.5734340">
    <ele>90.5</ele>
    <time>2020-04-19T10:38:29Z</time>
   </trkpt>
   <trkpt lat="51.1332220" lon="-0.5734200">
    <ele>90.2</ele>
    <time>2020-04-19T10:38:31Z</time>
   </trkpt>
   <trkpt lat="51.1332000" lon="-0.5734100">
    <ele>90.0</ele>
    <time>2020-04-19T10:38:33Z</time>
   </trkpt>
   <trkpt lat="51.1331760" lon="-0.5733950">
    <ele>89.7</ele>
    <time>2020-04-19T10:38:35Z</time>
   </trkpt>
   <trkpt lat="51.1331650" lon="-0.5733860">
    <ele>89.6</ele>
    <time>2020-04-19T10:38:36Z</time>
   </trkpt>
   <trkpt lat="51.1331510" lon="-0.5733750">
    <ele>89.4</ele>
    <time>2020-04-19T10:38:37Z</time>
   </trkpt>
   <trkpt lat="51.1331400" lon="-0.5733690">
    <ele>89.3</ele>
    <time>2020-04-19T10:38:38Z</time>
   </trkpt>
   <trkpt lat="51.1331190" lon="-0.5733570">
    <ele>89.1</ele>
    <time>2020-04-19T10:38:40Z</time>
   </trkpt>
   <trkpt lat="51.1331080" lon="-0.5733510">
    <ele>89.0</ele>
    <time>2020-04-19T10:38:41Z</time>
   </trkpt>
   <trkpt lat="51.1330940" lon="-0.5733440">
    <ele>88.9</ele>
    <time>2020-04-19T10:38:42Z</time>
   </trkpt>
   <trkpt lat="51.1330740" lon="-0.5733360">
    <ele>88.7</ele>
    <time>2020-04-19T10:38:44Z</time>
   </trkpt>
   <trkpt lat="51.1330540" lon="-0.5733280">
    <ele>88.6</ele>
    <time>2020-04-19T10:38:46Z</time>
   </trkpt>
   <trkpt lat="51.1330400" lon="-0.5733240">
    <ele>88.5</ele>
    <time>2020-04-19T10:38:47Z</time>
   </trkpt>
   <trkpt lat="51.1330310" lon="-0.5733200">
    <ele>88.4</ele>
    <time>2020-04-19T10:38:48Z</time>
   </trkpt>
   <trkpt lat="51.1330230" lon="-0.5733150">
    <ele>88.3</ele>
    <time>2020-04-19T10:38:49Z</time>
   </trkpt>
   <trkpt lat="51.1330030" lon="-0.5733020">
    <ele>88.1</ele>
    <time>2020-04-19T10:38:51Z</time>
   </trkpt>
   <trkpt lat="51.1329870" lon="-0.5732910">
    <ele>88.0</ele>
    <time>2020-04-19T10:38:52Z</time>
   </trkpt>
   <trkpt lat="51.1329720" lon="-0.5732770">
    <ele>87.9</ele>
    <time>2020-04-19T10:38:54Z</time>
   </trkpt>
   <trkpt lat="51.1329530" lon="-0.5732660">
    <ele>87.7</ele>
    <time>2020-04-19T10:38:56Z</time>
   </trkpt>
   <trkpt lat="51.1329380" lon="-0.5732630">
    <ele>87.6</ele>
    <time>2020-04-19T10:38:57Z</time>
   </trkpt>
   <trkpt lat="51.1329190" lon="-0.5732530">
    <ele>87.4</ele>
    <time>2020-04-19T10:38:59Z</time>
   </trkpt>
   <trkpt lat="51.1329070" lon="-0.5732460">
    <ele>87.3</ele>
    <time>2020-04-19T10:39:00Z</time>
   </trkpt>
   <trkpt lat="51.1328820" lon="-0.5732220">
    <ele>87.1</ele>
    <time>2020-04-19T10:39:02Z</time>
   </trkpt>
   <trkpt lat="51.1328740" lon="-0.5732180">
    <ele>87.0</ele>
    <time>2020-04-19T10:39:03Z</time>
   </trkpt>
   <trkpt lat="51.1328590" lon="-0.5732150">
    <ele>86.9</ele>
    <time>2020-04-19T10:39:05Z</time>
   </trkpt>
   <trkpt lat="51.1328550" lon="-0.5732150">
    <ele>86.9</ele>
    <time>2020-04-19T10:39:07Z</time>
   </trkpt>
   <trkpt lat="51.1328480" lon="-0.5732090">
    <ele>86.8</ele>
    <time>2020-04-19T10:39:08Z</time>
   </trkpt>
   <trkpt lat="51.1328290" lon="-0.5731990">
    <ele>86.7</ele>
    <time>2020-04-19T10:39:10Z</time>
   </trkpt>
   <trkpt lat="51.1328220" lon="-0.5731960">
    <ele>86.7</ele>
    <time>2020-04-19T10:39:11Z</time>
   </trkpt>
   <trkpt lat="51.1328150" lon="-0.5731960">
    <ele>86.6</ele>
    <time>2020-04-19T10:39:12Z</time>
   </trkpt>
   <trkpt lat="51.1328110" lon="-0.5731990">
    <ele>86.6</ele>
    <time>2020-04-19T10:39:14Z</time>
   </trkpt>
   <trkpt lat="51.1328090" lon="-0.5731980">
    <ele>86.6</ele>
    <time>2020-04-19T10:39:15Z</time>
   </trkpt>
   <trkpt lat="51.1328050" lon="-0.5731940">
    <ele>86.5</ele>
    <time>2020-04-19T10:39:17Z</time>
   </trkpt>
   <trkpt lat="51.1328050" lon="-0.5731970">
    <ele>86.5</ele>
    <time>2020-04-19T10:39:19Z</time>
   </trkpt>
   <trkpt lat="51.1328060" lon="-0.5732030">
    <ele>86.5</ele>
    <time>2020-04-19T10:39:21Z</time>
   </trkpt>
   <trkpt lat="51.1328060" lon="-0.5732050">
    <ele>86.5</ele>
    <time>2020-04-19T10:39:22Z</time>
   </trkpt>
   <trkpt lat="51.1328050" lon="-0.5732050">
    <ele>86.5</ele>
    <time>2020-04-19T10:39:23Z</time>
   </trkpt>
   <trkpt lat="51.1328040" lon="-0.5732040">
    <ele>86.5</ele>
    <time>2020-04-19T10:39:25Z</time>
   </trkpt>
   <trkpt lat="51.1327980" lon="-0.5731960">
    <ele>86.4</ele>
    <time>2020-04-19T10:39:27Z</time>
   </trkpt>
   <trkpt lat="51.1327970" lon="-0.5731910">
    <ele>86.4</ele>
    <time>2020-04-19T10:39:28Z</time>
   </trkpt>
   <trkpt lat="51.1327920" lon="-0.5731840">
    <ele>86.4</ele>
    <time>2020-04-19T10:39:29Z</time>
   </trkpt>
   <trkpt lat="51.1327720" lon="-0.5731650">
    <ele>86.3</ele>
    <time>2020-04-19T10:39:31Z</time>
   </trkpt>
   <trkpt lat="51.1327550" lon="-0.5731520">
    <ele>86.2</ele>
    <time>2020-04-19T10:39:32Z</time>
   </trkpt>
   <trkpt lat="51.1327350" lon="-0.5731450">
    <ele>86.1</ele>
    <time>2020-04-19T10:39:34Z</time>
   </trkpt>
   <trkpt lat="51.1327240" lon="-0.5731410">
    <ele>86.1</ele>
    <time>2020-04-19T10:39:35Z</time>
   </trkpt>
   <trkpt lat="51.1327010" lon="-0.5731220">
    <ele>86.0</ele>
    <time>2020-04-19T10:39:37Z</time>
   </trkpt>
   <trkpt lat="51.1326970" lon="-0.5731150">
    <ele>85.9</ele>
    <time>2020-04-19T10:39:38Z</time>
   </trkpt>
   <trkpt lat="51.1326970" lon="-0.5730840">
    <ele>85.9</ele>
    <time>2020-04-19T10:39:40Z</time>
   </trkpt>
   <trkpt lat="51.1327030" lon="-0.5730360">
    <ele>85.9</ele>
    <time>2020-04-19T10:39:42Z</time>
   </trkpt>
   <trkpt lat="51.1327060" lon="-0.5730240">
    <ele>85.9</ele>
    <time>2020-04-19T10:39:43Z</time>
   </trkpt>
   <trkpt lat="51.1327130" lon="-0.5729880">
    <ele>85.9</ele>
    <time>2020-04-19T10:39:45Z</time>
   </trkpt>
   <trkpt lat="51.1327160" lon="-0.5729730">
    <ele>85.9</ele>
    <time>2020-04-19T10:39:46Z</time>
   </trkpt>
   <trkpt lat="51.1327160" lon="-0.5729480">
    <ele>85.9</ele>
    <time>2020-04-19T10:39:48Z</time>
   </trkpt>
   <trkpt lat="51.1327210" lon="-0.5729110">
    <ele>85.9</ele>
    <time>2020-04-19T10:39:50Z</time>
   </trkpt>
   <trkpt lat="51.1327270" lon="-0.5728630">
    <ele>85.9</ele>
    <time>2020-04-19T10:39:52Z</time>
   </trkpt>
   <trkpt lat="51.1327310" lon="-0.5728140">
    <ele>85.8</ele>
    <time>2020-04-19T10:39:54Z</time>
   </trkpt>
   <trkpt lat="51.1327380" lon="-0.5727650">
    <ele>85.8</ele>
    <time>2020-04-19T10:39:56Z</time>
   </trkpt>
   <trkpt lat="51.1327440" lon="-0.5727100">
    <ele>85.7</ele>
    <time>2020-04-19T10:39:58Z</time>
   </trkpt>
   <trkpt lat="51.1327540" lon="-0.5726630">
    <ele>85.7</ele>
    <time>2020-04-19T10:40:00Z</time>
   </trkpt>
   <trkpt lat="51.1327620" lon="-0.5726070">
    <ele>85.6</ele>
    <time>2020-04-19T10:40:02Z</time>
   </trkpt>
   <trkpt lat="51.1327650" lon="-0.5725930">
    <ele>85.6</ele>
    <time>2020-04-19T10:40:03Z</time>
   </trkpt>
   <trkpt lat="51.1327720" lon="-0.5725490">
    <ele>85.5</ele>
    <time>2020-04-19T10:40:05Z</time>
   </trkpt>
   <trkpt lat="51.1327850" lon="-0.5724720">
    <ele>85.4</ele>
    <time>2020-04-19T10:40:07Z</time>
   </trkpt>
   <trkpt lat="51.1327890" lon="-0.5724440">
    <ele>85.3</ele>
    <time>2020-04-19T10:40:08Z</time>
   </trkpt>
   <trkpt lat="51.1327940" lon="-0.5724160">
    <ele>85.3</ele>
    <time>2020-04-19T10:40:09Z</time>
   </trkpt>
   <trkpt lat="51.1328000" lon="-0.5723950">
    <ele>85.2</ele>
    <time>2020-04-19T10:40:11Z</time>
   </trkpt>
   <trkpt lat="51.1328060" lon="-0.5723720">
    <ele>85.2</ele>
    <time>2020-04-19T10:40:12Z</time>
   </trkpt>
   <trkpt lat="51.1328210" lon="-0.5723280">
    <ele>85.1</ele>
    <time>2020-04-19T10:40:14Z</time>
   </trkpt>
   <trkpt lat="51.1328250" lon="-0.5723160">
    <ele>85.1</ele>
    <time>2020-04-19T10:40:15Z</time>
   </trkpt>
   <trkpt lat="51.1328380" lon="-0.5722760">
    <ele>85.1</ele>
    <time>2020-04-19T10:40:16Z</time>
   </trkpt>
   <trkpt lat="51.1328420" lon="-0.5722520">
    <ele>85.0</ele>
    <time>2020-04-19T10:40:17Z</time>
   </trkpt>
   <trkpt lat="51.1328460" lon="-0.5722330">
    <ele>85.0</ele>
    <time>2020-04-19T10:40:19Z</time>
   </trkpt>
   <trkpt lat="51.1328490" lon="-0.5721990">
    <ele>85.0</ele>
    <time>2020-04-19T10:40:20Z</time>
   </trkpt>
   <trkpt lat="51.1328520" lon="-0.5721710">
    <ele>85.0</ele>
    <time>2020-04-19T10:40:22Z</time>
   </trkpt>
   <trkpt lat="51.1328540" lon="-0.5721590">
    <ele>84.9</ele>
    <time>2020-04-19T10:40:24Z</time>
   </trkpt>
   <trkpt lat="51.1328580" lon="-0.5721440">
    <ele>84.9</ele>
    <time>2020-04-19T10:40:25Z</time>
   </trkpt>
   <trkpt lat="51.1328640" lon="-0.5721140">
    <ele>84.9</ele>
    <time>2020-04-19T10:40:27Z</time>
   </trkpt>
   <trkpt lat="51.1328660" lon="-0.5720990">
    <ele>84.9</ele>
    <time>2020-04-19T10:40:28Z</time>
   </trkpt>
   <trkpt lat="51.1328690" lon="-0.5720610">
    <ele>84.9</ele>
    <time>2020-04-19T10:40:30Z</time>
   </trkpt>
   <trkpt lat="51.1328710" lon="-0.5720460">
    <ele>84.8</ele>
    <time>2020-04-19T10:40:31Z</time>
   </trkpt>
   <trkpt lat="51.1328740" lon="-0.5720300">
    <ele>84.8</ele>
    <time>2020-04-19T10:40:32Z</time>
   </trkpt>
   <trkpt lat="51.1328790" lon="-0.5719920">
    <ele>84.8</ele>
    <time>2020-04-19T10:40:34Z</time>
   </trkpt>
   <trkpt lat="51.1328850" lon="-0.5719550">
    <ele>84.8</ele>
    <time>2020-04-19T10:40:36Z</time>
   </trkpt>
   <trkpt lat="51.1328890" lon="-0.5719190">
    <ele>84.7</ele>
    <time>2020-04-19T10:40:38Z</time>
   </trkpt>
   <trkpt lat="51.1328900" lon="-0.5718970">
    <ele>84.7</ele>
    <time>2020-04-19T10:40:39Z</time>
   </trkpt>
   <trkpt lat="51.1328920" lon="-0.5718760">
    <ele>84.7</ele>
    <time>2020-04-19T10:40:40Z</time>
   </trkpt>
   <trkpt lat="51.1328960" lon="-0.5718320">
    <ele>84.6</ele>
    <time>2020-04-19T10:40:41Z</time>
   </trkpt>
   <trkpt lat="51.1328980" lon="-0.5718120">
    <ele>84.6</ele>
    <time>2020-04-19T10:40:42Z</time>
   </trkpt>
   <trkpt lat="51.1328990" lon="-0.5717730">
    <ele>84.5</ele>
    <time>2020-04-19T10:40:45Z</time>
   </trkpt>
   <trkpt lat="51.1328990" lon="-0.5717310">
    <ele>84.5</ele>
    <time>2020-04-19T10:40:46Z</time>
   </trkpt>
   <trkpt lat="51.1328990" lon="-0.5717080">
    <ele>84.5</ele>
    <time>2020-04-19T10:40:48Z</time>
   </trkpt>
   <trkpt lat="51.1328990" lon="-0.5716630">
    <ele>84.4</ele>
    <time>2020-04-19T10:40:49Z</time>
   </trkpt>
   <trkpt lat="51.1328980" lon="-0.5716410">
    <ele>84.4</ele>
    <time>2020-04-19T10:40:50Z</time>
   </trkpt>
   <trkpt lat="51.1328980" lon="-0.5716040">
    <ele>84.3</ele>
    <time>2020-04-19T10:40:52Z</time>
   </trkpt>
   <trkpt lat="51.1328980" lon="-0.5715910">
    <ele>84.3</ele>
    <time>2020-04-19T10:40:53Z</time>
   </trkpt>
   <trkpt lat="51.1328990" lon="-0.5715570">
    <ele>84.3</ele>
    <time>2020-04-19T10:40:54Z</time>
   </trkpt>
   <trkpt lat="51.1328990" lon="-0.5715420">
    <ele>84.3</ele>
    <time>2020-04-19T10:40:55Z</time>
   </trkpt>
   <trkpt lat="51.1329000" lon="-0.5715260">
    <ele>84.2</ele>
    <time>2020-04-19T10:40:56Z</time>
   </trkpt>
   <trkpt lat="51.1329050" lon="-0.5714750">
    <ele>84.2</ele>
    <time>2020-04-19T10:40:58Z</time>
   </trkpt>
   <trkpt lat="51.1329080" lon="-0.5714270">
    <ele>84.1</ele>
    <time>2020-04-19T10:40:59Z</time>
   </trkpt>
   <trkpt lat="51.1329120" lon="-0.5713620">
    <ele>84.0</ele>
    <time>2020-04-19T10:41:02Z</time>
   </trkpt>
   <trkpt lat="51.1329040" lon="-0.5713290">
    <ele>84.0</ele>
    <time>2020-04-19T10:41:04Z</time>
   </trkpt>
   <trkpt lat="51.1328970" lon="-0.5712890">
    <ele>83.9</ele>
    <time>2020-04-19T10:41:06Z</time>
   </trkpt>
   <trkpt lat="51.1328970" lon="-0.5712360">
    <ele>83.9</ele>
    <time>2020-04-19T10:41:08Z</time>
   </trkpt>
   <trkpt lat="51.1328990" lon="-0.5711970">
    <ele>83.8</ele>
    <time>2020-04-19T10:41:10Z</time>
   </trkpt>
   <trkpt lat="51.1329050" lon="-0.5711800">
    <ele>83.8</ele>
    <time>2020-04-19T10:41:11Z</time>
   </trkpt>
   <trkpt lat="51.1329100" lon="-0.5711610">
    <ele>83.7</ele>
    <time>2020-04-19T10:41:12Z</time>
   </trkpt>
   <trkpt lat="51.1329210" lon="-0.5711300">
    <ele>83.7</ele>
    <time>2020-04-19T10:41:14Z</time>
   </trkpt>
   <trkpt lat="51.1329320" lon="-0.5710970">
    <ele>83.6</ele>
    <time>2020-04-19T10:41:16Z</time>
   </trkpt>
   <trkpt lat="51.1329530" lon="-0.5710520">
    <ele>83.5</ele>
    <time>2020-04-19T10:41:18Z</time>
   </trkpt>
   <trkpt lat="51.1329730" lon="-0.5710300">
    <ele>83.5</ele>
    <time>2020-04-19T10:41:20Z</time>
   </trkpt>
   <trkpt lat="51.1329870" lon="-0.5710030">
    <ele>83.4</ele>
    <time>2020-04-19T10:41:22Z</time>
   </trkpt>
   <trkpt lat="51.1329860" lon="-0.5709720">
    <ele>83.4</ele>
    <time>2020-04-19T10:41:23Z</time>
   </trkpt>
   <trkpt lat="51.1329810" lon="-0.5709640">
    <ele>83.3</ele>
    <time>2020-04-19T10:41:24Z</time>
   </trkpt>
   <trkpt lat="51.1329750" lon="-0.5709500">
    <ele>83.3</ele>
    <time>2020-04-19T10:41:25Z</time>
   </trkpt>
   <trkpt lat="51.1329620" lon="-0.5708990">
    <ele>83.2</ele>
    <time>2020-04-19T10:41:27Z</time>
   </trkpt>
   <trkpt lat="51.1329580" lon="-0.5708840">
    <ele>83.2</ele>
    <time>2020-04-19T10:41:28Z</time>
   </trkpt>
   <trkpt lat="51.1329560" lon="-0.5708660">
    <ele>83.2</ele>
    <time>2020-04-19T10:41:29Z</time>
   </trkpt>
   <trkpt lat="51.1329590" lon="-0.5708150">
    <ele>83.1</ele>
    <time>2020-04-19T10:41:31Z</time>
   </trkpt>
   <trkpt lat="51.1329620" lon="-0.5707540">
    <ele>83.0</ele>
    <time>2020-04-19T10:41:33Z</time>
   </trkpt>
   <trkpt lat="51.1329740" lon="-0.5707310">
    <ele>82.9</ele>
    <time>2020-04-19T10:41:35Z</time>
   </trkpt>
   <trkpt lat="51.1329840" lon="-0.5707150">
    <ele>82.9</ele>
    <time>2020-04-19T10:41:36Z</time>
   </trkpt>
   <trkpt lat="51.1330010" lon="-0.5706710">
    <ele>82.8</ele>
    <time>2020-04-19T10:41:38Z</time>
   </trkpt>
   <trkpt lat="51.1330080" lon="-0.5706490">
    <ele>82.8</ele>
    <time>2020-04-19T10:41:39Z</time>
   </trkpt>
   <trkpt lat="51.1330170" lon="-0.5705980">
    <ele>82.7</ele>
    <time>2020-04-19T10:41:41Z</time>
   </trkpt>
   <trkpt lat="51.1330150" lon="-0.5705430">
    <ele>82.7</ele>
    <time>2020-04-19T10:41:43Z</time>
   </trkpt>
   <trkpt lat="51.1330130" lon="-0.5705270">
    <ele>82.6</ele>
    <time>2020-04-19T10:41:44Z</time>
   </trkpt>
   <trkpt lat="51.1330090" lon="-0.5705110">
    <ele>82.6</ele>
    <time>2020-04-19T10:41:45Z</time>
   </trkpt>
   <trkpt lat="51.1329930" lon="-0.5704810">
    <ele>82.6</ele>
    <time>2020-04-19T10:41:47Z</time>
   </trkpt>
   <trkpt lat="51.1329750" lon="-0.5704670">
    <ele>82.5</ele>
    <time>2020-04-19T10:41:48Z</time>
   </trkpt>
   <trkpt lat="51.1329630" lon="-0.5704620">
    <ele>82.5</ele>
    <time>2020-04-19T10:41:49Z</time>
   </trkpt>
   <trkpt lat="51.1329360" lon="-0.5704590">
    <ele>82.4</ele>
    <time>2020-04-19T10:41:51Z</time>
   </trkpt>
   <trkpt lat="51.1329050" lon="-0.5704730">
    <ele>82.2</ele>
    <time>2020-04-19T10:41:53Z</time>
   </trkpt>
   <trkpt lat="51.1328830" lon="-0.5704830">
    <ele>82.2</ele>
    <time>2020-04-19T10:41:55Z</time>
   </trkpt>
   <trkpt lat="51.1328570" lon="-0.5704900">
    <ele>82.1</ele>
    <time>2020-04-19T10:41:57Z</time>
   </trkpt>
   <trkpt lat="51.1328410" lon="-0.5704950">
    <ele>82.0</ele>
    <time>2020-04-19T10:41:58Z</time>
   </trkpt>
   <trkpt lat="51.1328290" lon="-0.5704990">
    <ele>82.0</ele>
    <time>2020-04-19T10:41:59Z</time>
   </trkpt>
   <trkpt lat="51.1328060" lon="-0.5705110">
    <ele>81.9</ele>
    <time>2020-04-19T10:42:01Z</time>
   </trkpt>
   <trkpt lat="51.1327950" lon="-0.5705190">
    <ele>81.8</ele>
    <time>2020-04-19T10:42:02Z</time>
   </trkpt>
   <trkpt lat="51.1327690" lon="-0.5705360">
    <ele>81.7</ele>
    <time>2020-04-19T10:42:04Z</time>
   </trkpt>
   <trkpt lat="51.1327570" lon="-0.5705420">
    <ele>81.7</ele>
    <time>2020-04-19T10:42:05Z</time>
   </trkpt>
   <trkpt lat="51.1327420" lon="-0.5705480">
    <ele>81.6</ele>
    <time>2020-04-19T10:42:06Z</time>
   </trkpt>
   <trkpt lat="51.1327050" lon="-0.5705570">
    <ele>81.5</ele>
    <time>2020-04-19T10:42:08Z</time>
   </trkpt>
   <trkpt lat="51.1326890" lon="-0.5705600">
    <ele>81.4</ele>
    <time>2020-04-19T10:42:10Z</time>
   </trkpt>
   <trkpt lat="51.1326780" lon="-0.5705650">
    <ele>81.4</ele>
    <time>2020-04-19T10:42:11Z</time>
   </trkpt>
   <trkpt lat="51.1326390" lon="-0.5705810">
    <ele>81.3</ele>
    <time>2020-04-19T10:42:13Z</time>
   </trkpt>
   <trkpt lat="51.1326320" lon="-0.5705820">
    <ele>81.3</ele>
    <time>2020-04-19T10:42:14Z</time>
   </trkpt>
   <trkpt lat="51.1326020" lon="-0.5705920">
    <ele>81.2</ele>
    <time>2020-04-19T10:42:16Z</time>
   </trkpt>
   <trkpt lat="51.1325630" lon="-0.5705890">
    <ele>81.1</ele>
    <time>2020-04-19T10:42:18Z</time>
   </trkpt>
   <trkpt lat="51.1325540" lon="-0.5705890">
    <ele>81.0</ele>
    <time>2020-04-19T10:42:19Z</time>
   </trkpt>
   <trkpt lat="51.1325420" lon="-0.5705910">
    <ele>80.9</ele>
    <time>2020-04-19T10:42:20Z</time>
   </trkpt>
   <trkpt lat="51.1325280" lon="-0.5705940">
    <ele>80.9</ele>
    <time>2020-04-19T10:42:21Z</time>
   </trkpt>
   <trkpt lat="51.1324910" lon="-0.5706150">
    <ele>80.7</ele>
    <time>2020-04-19T10:42:23Z</time>
   </trkpt>
   <trkpt lat="51.1324780" lon="-0.5706210">
    <ele>80.7</ele>
    <time>2020-04-19T10:42:24Z</time>
   </trkpt>
   <trkpt lat="51.1324620" lon="-0.5706240">
    <ele>80.7</ele>
    <time>2020-04-19T10:42:25Z</time>
   </trkpt>
   <trkpt lat="51.1324270" lon="-0.5706210">
    <ele>80.6</ele>
    <time>2020-04-19T10:42:27Z</time>
   </trkpt>
   <trkpt lat="51.1323950" lon="-0.5706150">
    <ele>80.5</ele>
    <time>2020-04-19T10:42:29Z</time>
   </trkpt>
   <trkpt lat="51.1323750" lon="-0.5706170">
    <ele>80.4</ele>
    <time>2020-04-19T10:42:31Z</time>
   </trkpt>
   <trkpt lat="51.1323520" lon="-0.5706130">
    <ele>80.3</ele>
    <time>2020-04-19T10:42:33Z</time>
   </trkpt>
   <trkpt lat="51.1323330" lon="-0.5705980">
    <ele>80.3</ele>
    <time>2020-04-19T10:42:35Z</time>
   </trkpt>
   <trkpt lat="51.1323090" lon="-0.5705760">
    <ele>80.2</ele>
    <time>2020-04-19T10:42:37Z</time>
   </trkpt>
   <trkpt lat="51.1322970" lon="-0.5705660">
    <ele>80.1</ele>
    <time>2020-04-19T10:42:38Z</time>
   </trkpt>
   <trkpt lat="51.1322790" lon="-0.5705490">
    <ele>80.1</ele>
    <time>2020-04-19T10:42:39Z</time>
   </trkpt>
   <trkpt lat="51.1322610" lon="-0.5705310">
    <ele>80.0</ele>
    <time>2020-04-19T10:42:41Z</time>
   </trkpt>
   <trkpt lat="51.1322330" lon="-0.5705150">
    <ele>79.9</ele>
    <time>2020-04-19T10:42:43Z</time>
   </trkpt>
   <trkpt lat="51.1322090" lon="-0.5705060">
    <ele>79.9</ele>
    <time>2020-04-19T10:42:44Z</time>
   </trkpt>
   <trkpt lat="51.1321990" lon="-0.5705070">
    <ele>79.8</ele>
    <time>2020-04-19T10:42:45Z</time>
   </trkpt>
   <trkpt lat="51.1321580" lon="-0.5705150">
    <ele>79.7</ele>
    <time>2020-04-19T10:42:47Z</time>
   </trkpt>
   <trkpt lat="51.1321440" lon="-0.5705180">
    <ele>79.7</ele>
    <time>2020-04-19T10:42:48Z</time>
   </trkpt>
   <trkpt lat="51.1321300" lon="-0.5705220">
    <ele>79.7</ele>
    <time>2020-04-19T10:42:49Z</time>
   </trkpt>
   <trkpt lat="51.1321050" lon="-0.5705230">
    <ele>79.6</ele>
    <time>2020-04-19T10:42:51Z</time>
   </trkpt>
   <trkpt lat="51.1320790" lon="-0.5705240">
    <ele>79.5</ele>
    <time>2020-04-19T10:42:53Z</time>
   </trkpt>
   <trkpt lat="51.1320600" lon="-0.5705280">
    <ele>79.5</ele>
    <time>2020-04-19T10:42:54Z</time>
   </trkpt>
   <trkpt lat="51.1320530" lon="-0.5705360">
    <ele>79.5</ele>
    <time>2020-04-19T10:42:55Z</time>
   </trkpt>
   <trkpt lat="51.1320460" lon="-0.5705480">
    <ele>79.4</ele>
    <time>2020-04-19T10:42:56Z</time>
   </trkpt>
   <trkpt lat="51.1320250" lon="-0.5705600">
    <ele>79.4</ele>
    <time>2020-04-19T10:42:58Z</time>
   </trkpt>
   <trkpt lat="51.1320080" lon="-0.5705560">
    <ele>79.3</ele>
    <time>2020-04-19T10:42:59Z</time>
   </trkpt>
   <trkpt lat="51.1319950" lon="-0.5705540">
    <ele>79.3</ele>
    <time>2020-04-19T10:43:00Z</time>
   </trkpt>
   <trkpt lat="51.1319620" lon="-0.5705450">
    <ele>79.2</ele>
    <time>2020-04-19T10:43:02Z</time>
   </trkpt>
   <trkpt lat="51.1319550" lon="-0.5705440">
    <ele>79.1</ele>
    <time>2020-04-19T10:43:03Z</time>
   </trkpt>
   <trkpt lat="51.1319340" lon="-0.5705510">
    <ele>79.1</ele>
    <time>2020-04-19T10:43:04Z</time>
   </trkpt>
   <trkpt lat="51.1319120" lon="-0.5705520">
    <ele>79.0</ele>
    <time>2020-04-19T10:43:06Z</time>
   </trkpt>
   <trkpt lat="51.1318840" lon="-0.5705590">
    <ele>78.9</ele>
    <time>2020-04-19T10:43:08Z</time>
   </trkpt>
   <trkpt lat="51.1318620" lon="-0.5705690">
    <ele>78.9</ele>
    <time>2020-04-19T10:43:09Z</time>
   </trkpt>
   <trkpt lat="51.1318550" lon="-0.5705830">
    <ele>78.8</ele>
    <time>2020-04-19T10:43:10Z</time>
   </trkpt>
   <trkpt lat="51.1318300" lon="-0.5705940">
    <ele>78.7</ele>
    <time>2020-04-19T10:43:11Z</time>
   </trkpt>
   <trkpt lat="51.1318140" lon="-0.5705940">
    <ele>78.7</ele>
    <time>2020-04-19T10:43:13Z</time>
   </trkpt>
   <trkpt lat="51.1317930" lon="-0.5705920">
    <ele>78.6</ele>
    <time>2020-04-19T10:43:14Z</time>
   </trkpt>
   <trkpt lat="51.1317740" lon="-0.5705910">
    <ele>78.6</ele>
    <time>2020-04-19T10:43:16Z</time>
   </trkpt>
   <trkpt lat="51.1317440" lon="-0.5705870">
    <ele>78.5</ele>
    <time>2020-04-19T10:43:18Z</time>
   </trkpt>
   <trkpt lat="51.1317360" lon="-0.5705870">
    <ele>78.5</ele>
    <time>2020-04-19T10:43:19Z</time>
   </trkpt>
   <trkpt lat="51.1317290" lon="-0.5705910">
    <ele>78.4</ele>
    <time>2020-04-19T10:43:20Z</time>
   </trkpt>
   <trkpt lat="51.1317010" lon="-0.5705930">
    <ele>78.3</ele>
    <time>2020-04-19T10:43:22Z</time>
   </trkpt>
   <trkpt lat="51.1316640" lon="-0.5705990">
    <ele>78.2</ele>
    <time>2020-04-19T10:43:24Z</time>
   </trkpt>
   <trkpt lat="51.1316560" lon="-0.5705920">
    <ele>78.2</ele>
    <time>2020-04-19T10:43:25Z</time>
   </trkpt>
   <trkpt lat="51.1316250" lon="-0.5705820">
    <ele>78.1</ele>
    <time>2020-04-19T10:43:27Z</time>
   </trkpt>
   <trkpt lat="51.1315840" lon="-0.5705770">
    <ele>78.0</ele>
    <time>2020-04-19T10:43:29Z</time>
   </trkpt>
   <trkpt lat="51.1315590" lon="-0.5705770">
    <ele>77.9</ele>
    <time>2020-04-19T10:43:31Z</time>
   </trkpt>
   <trkpt lat="51.1315310" lon="-0.5705910">
    <ele>77.8</ele>
    <time>2020-04-19T10:43:33Z</time>
   </trkpt>
   <trkpt lat="51.1315020" lon="-0.5706000">
    <ele>77.7</ele>
    <time>2020-04-19T10:43:35Z</time>
   </trkpt>
   <trkpt lat="51.1314870" lon="-0.5705990">
    <ele>77.7</ele>
    <time>2020-04-19T10:43:36Z</time>
   </trkpt>
   <trkpt lat="51.1314600" lon="-0.5706040">
    <ele>77.6</ele>
    <time>2020-04-19T10:43:38Z</time>
   </trkpt>
   <trkpt lat="51.1314190" lon="-0.5706250">
    <ele>77.5</ele>
    <time>2020-04-19T10:43:40Z</time>
   </trkpt>
   <trkpt lat="51.1314080" lon="-0.5706310">
    <ele>77.4</ele>
    <time>2020-04-19T10:43:42Z</time>
   </trkpt>
   <trkpt lat="51.1313960" lon="-0.5706370">
    <ele>77.4</ele>
    <time>2020-04-19T10:43:43Z</time>
   </trkpt>
   <trkpt lat="51.1313710" lon="-0.5706640">
    <ele>77.3</ele>
    <time>2020-04-19T10:43:45Z</time>
   </trkpt>
   <trkpt lat="51.1313630" lon="-0.5706740">
    <ele>77.2</ele>
    <time>2020-04-19T10:43:46Z</time>
   </trkpt>
   <trkpt lat="51.1313390" lon="-0.5706920">
    <ele>77.1</ele>
    <time>2020-04-19T10:43:48Z</time>
   </trkpt>
   <trkpt lat="51.1313180" lon="-0.5706960">
    <ele>77.1</ele>
    <time>2020-04-19T10:43:49Z</time>
   </trkpt>
   <trkpt lat="51.1312990" lon="-0.5707100">
    <ele>77.0</ele>
    <time>2020-04-19T10:43:51Z</time>
   </trkpt>
   <trkpt lat="51.1312640" lon="-0.5707280">
    <ele>76.8</ele>
    <time>2020-04-19T10:43:53Z</time>
   </trkpt>
   <trkpt lat="51.1312540" lon="-0.5707320">
    <ele>76.8</ele>
    <time>2020-04-19T10:43:54Z</time>
   </trkpt>
   <trkpt lat="51.1312460" lon="-0.5707380">
    <ele>76.7</ele>
    <time>2020-04-19T10:43:55Z</time>
   </trkpt>
   <trkpt lat="51.1312360" lon="-0.5707460">
    <ele>76.7</ele>
    <time>2020-04-19T10:43:56Z</time>
   </trkpt>
   <trkpt lat="51.1312120" lon="-0.5707600">
    <ele>76.5</ele>
    <time>2020-04-19T10:43:58Z</time>
   </trkpt>
   <trkpt lat="51.1311930" lon="-0.5707670">
    <ele>76.5</ele>
    <time>2020-04-19T10:43:59Z</time>
   </trkpt>
   <trkpt lat="51.1311690" lon="-0.5707780">
    <ele>76.3</ele>
    <time>2020-04-19T10:44:01Z</time>
   </trkpt>
   <trkpt lat="51.1311460" lon="-0.5707920">
    <ele>76.2</ele>
    <time>2020-04-19T10:44:03Z</time>
   </trkpt>
   <trkpt lat="51.1311130" lon="-0.5708020">
    <ele>76.0</ele>
    <time>2020-04-19T10:44:05Z</time>
   </trkpt>
   <trkpt lat="51.1311020" lon="-0.5707980">
    <ele>76.0</ele>
    <time>2020-04-19T10:44:06Z</time>
   </trkpt>
   <trkpt lat="51.1310770" lon="-0.5708010">
    <ele>75.9</ele>
    <time>2020-04-19T10:44:08Z</time>
   </trkpt>
   <trkpt lat="51.1310580" lon="-0.5708080">
    <ele>75.8</ele>
    <time>2020-04-19T10:44:09Z</time>
   </trkpt>
   <trkpt lat="51.1310480" lon="-0.5708150">
    <ele>75.7</ele>
    <time>2020-04-19T10:44:10Z</time>
   </trkpt>
   <trkpt lat="51.1310190" lon="-0.5708410">
    <ele>75.5</ele>
    <time>2020-04-19T10:44:12Z</time>
   </trkpt>
   <trkpt lat="51.1310120" lon="-0.5708460">
    <ele>75.5</ele>
    <time>2020-04-19T10:44:13Z</time>
   </trkpt>
   <trkpt lat="51.1309720" lon="-0.5708660">
    <ele>75.3</ele>
    <time>2020-04-19T10:44:15Z</time>
   </trkpt>
   <trkpt lat="51.1309510" lon="-0.5708780">
    <ele>75.2</ele>
    <time>2020-04-19T10:44:17Z</time>
   </trkpt>
   <trkpt lat="51.1309170" lon="-0.5708860">
    <ele>75.0</ele>
    <time>2020-04-19T10:44:19Z</time>
   </trkpt>
   <trkpt lat="51.1308940" lon="-0.5708940">
    <ele>74.9</ele>
    <time>2020-04-19T10:44:20Z</time>
   </trkpt>
   <trkpt lat="51.1308810" lon="-0.5709000">
    <ele>74.8</ele>
    <time>2020-04-19T10:44:22Z</time>
   </trkpt>
   <trkpt lat="51.1308510" lon="-0.5709170">
    <ele>74.7</ele>
    <time>2020-04-19T10:44:24Z</time>
   </trkpt>
   <trkpt lat="51.1308260" lon="-0.5709340">
    <ele>74.6</ele>
    <time>2020-04-19T10:44:26Z</time>
   </trkpt>
   <trkpt lat="51.1308120" lon="-0.5709430">
    <ele>74.5</ele>
    <time>2020-04-19T10:44:27Z</time>
   </trkpt>
   <trkpt lat="51.1307890" lon="-0.5709630">
    <ele>74.4</ele>
    <time>2020-04-19T10:44:29Z</time>
   </trkpt>
   <trkpt lat="51.1307620" lon="-0.5709930">
    <ele>74.3</ele>
    <time>2020-04-19T10:44:31Z</time>
   </trkpt>
   <trkpt lat="51.1307570" lon="-0.5709990">
    <ele>74.2</ele>
    <time>2020-04-19T10:44:32Z</time>
   </trkpt>
   <trkpt lat="51.1307360" lon="-0.5710290">
    <ele>74.1</ele>
    <time>2020-04-19T10:44:34Z</time>
   </trkpt>
   <trkpt lat="51.1307150" lon="-0.5710540">
    <ele>74.0</ele>
    <time>2020-04-19T10:44:36Z</time>
   </trkpt>
   <trkpt lat="51.1306920" lon="-0.5710880">
    <ele>73.9</ele>
    <time>2020-04-19T10:44:38Z</time>
   </trkpt>
   <trkpt lat="51.1306710" lon="-0.5711160">
    <ele>73.8</ele>
    <time>2020-04-19T10:44:39Z</time>
   </trkpt>
   <trkpt lat="51.1306680" lon="-0.5711260">
    <ele>73.8</ele>
    <time>2020-04-19T10:44:40Z</time>
   </trkpt>
   <trkpt lat="51.1306550" lon="-0.5711600">
    <ele>73.7</ele>
    <time>2020-04-19T10:44:42Z</time>
   </trkpt>
   <trkpt lat="51.1306370" lon="-0.5711960">
    <ele>73.6</ele>
    <time>2020-04-19T10:44:44Z</time>
   </trkpt>
   <trkpt lat="51.1306310" lon="-0.5712080">
    <ele>73.6</ele>
    <time>2020-04-19T10:44:45Z</time>
   </trkpt>
   <trkpt lat="51.1306160" lon="-0.5712440">
    <ele>73.5</ele>
    <time>2020-04-19T10:44:47Z</time>
   </trkpt>
   <trkpt lat="51.1305990" lon="-0.5712840">
    <ele>73.4</ele>
    <time>2020-04-19T10:44:48Z</time>
   </trkpt>
   <trkpt lat="51.1305890" lon="-0.5713070">
    <ele>73.3</ele>
    <time>2020-04-19T10:44:49Z</time>
   </trkpt>
   <trkpt lat="51.1305840" lon="-0.5713240">
    <ele>73.3</ele>
    <time>2020-04-19T10:44:51Z</time>
   </trkpt>
   <trkpt lat="51.1305780" lon="-0.5713410">
    <ele>73.2</ele>
    <time>2020-04-19T10:44:52Z</time>
   </trkpt>
   <trkpt lat="51.1305600" lon="-0.5713840">
    <ele>73.1</ele>
    <time>2020-04-19T10:44:54Z</time>
   </trkpt>
   <trkpt lat="51.1305560" lon="-0.5713950">
    <ele>73.1</ele>
    <time>2020-04-19T10:44:55Z</time>
   </trkpt>
   <trkpt lat="51.1305380" lon="-0.5714300">
    <ele>73.0</ele>
    <time>2020-04-19T10:44:57Z</time>
   </trkpt>
   <trkpt lat="51.1305170" lon="-0.5714760">
    <ele>72.8</ele>
    <time>2020-04-19T10:44:59Z</time>
   </trkpt>
   <trkpt lat="51.1305120" lon="-0.5714870">
    <ele>72.8</ele>
    <time>2020-04-19T10:45:00Z</time>
   </trkpt>
   <trkpt lat="51.1304900" lon="-0.5715200">
    <ele>72.7</ele>
    <time>2020-04-19T10:45:02Z</time>
   </trkpt>
   <trkpt lat="51.1304800" lon="-0.5715350">
    <ele>72.6</ele>
    <time>2020-04-19T10:45:03Z</time>
   </trkpt>
   <trkpt lat="51.1304680" lon="-0.5715590">
    <ele>72.6</ele>
    <time>2020-04-19T10:45:04Z</time>
   </trkpt>
   <trkpt lat="51.1304540" lon="-0.5715780">
    <ele>72.5</ele>
    <time>2020-04-19T10:45:06Z</time>
   </trkpt>
   <trkpt lat="51.1304390" lon="-0.5716110">
    <ele>72.4</ele>
    <time>2020-04-19T10:45:08Z</time>
   </trkpt>
   <trkpt lat="51.1304270" lon="-0.5716340">
    <ele>72.4</ele>
    <time>2020-04-19T10:45:09Z</time>
   </trkpt>
   <trkpt lat="51.1304090" lon="-0.5716630">
    <ele>72.3</ele>
    <time>2020-04-19T10:45:11Z</time>
   </trkpt>
   <trkpt lat="51.1303890" lon="-0.5716970">
    <ele>72.2</ele>
    <time>2020-04-19T10:45:13Z</time>
   </trkpt>
   <trkpt lat="51.1303700" lon="-0.5717450">
    <ele>72.1</ele>
    <time>2020-04-19T10:45:15Z</time>
   </trkpt>
   <trkpt lat="51.1303630" lon="-0.5717640">
    <ele>72.0</ele>
    <time>2020-04-19T10:45:16Z</time>
   </trkpt>
   <trkpt lat="51.1303440" lon="-0.5717990">
    <ele>71.9</ele>
    <time>2020-04-19T10:45:18Z</time>
   </trkpt>
   <trkpt lat="51.1303340" lon="-0.5718110">
    <ele>71.9</ele>
    <time>2020-04-19T10:45:19Z</time>
   </trkpt>
   <trkpt lat="51.1303210" lon="-0.5718240">
    <ele>71.9</ele>
    <time>2020-04-19T10:45:20Z</time>
   </trkpt>
   <trkpt lat="51.1302930" lon="-0.5718510">
    <ele>71.8</ele>
    <time>2020-04-19T10:45:22Z</time>
   </trkpt>
   <trkpt lat="51.1302810" lon="-0.5718620">
    <ele>71.7</ele>
    <time>2020-04-19T10:45:23Z</time>
   </trkpt>
   <trkpt lat="51.1302570" lon="-0.5718800">
    <ele>71.6</ele>
    <time>2020-04-19T10:45:25Z</time>
   </trkpt>
   <trkpt lat="51.1302290" lon="-0.5719040">
    <ele>71.5</ele>
    <time>2020-04-19T10:45:27Z</time>
   </trkpt>
   <trkpt lat="51.1302070" lon="-0.5718990">
    <ele>71.5</ele>
    <time>2020-04-19T10:45:28Z</time>
   </trkpt>
   <trkpt lat="51.1301870" lon="-0.5719080">
    <ele>71.4</ele>
    <time>2020-04-19T10:45:30Z</time>
   </trkpt>
   <trkpt lat="51.1301750" lon="-0.5719160">
    <ele>71.4</ele>
    <time>2020-04-19T10:45:31Z</time>
   </trkpt>
   <trkpt lat="51.1301400" lon="-0.5719350">
    <ele>71.3</ele>
    <time>2020-04-19T10:45:33Z</time>
   </trkpt>
   <trkpt lat="51.1301210" lon="-0.5719500">
    <ele>71.2</ele>
    <time>2020-04-19T10:45:35Z</time>
   </trkpt>
   <trkpt lat="51.1300950" lon="-0.5719810">
    <ele>71.1</ele>
    <time>2020-04-19T10:45:37Z</time>
   </trkpt>
   <trkpt lat="51.1300660" lon="-0.5720100">
    <ele>71.0</ele>
    <time>2020-04-19T10:45:39Z</time>
   </trkpt>
   <trkpt lat="51.1300570" lon="-0.5720190">
    <ele>70.9</ele>
    <time>2020-04-19T10:45:40Z</time>
   </trkpt>
   <trkpt lat="51.1300310" lon="-0.5720280">
    <ele>70.8</ele>
    <time>2020-04-19T10:45:42Z</time>
   </trkpt>
   <trkpt lat="51.1300070" lon="-0.5720340">
    <ele>70.8</ele>
    <time>2020-04-19T10:45:43Z</time>
   </trkpt>
   <trkpt lat="51.1300000" lon="-0.5720350">
    <ele>70.7</ele>
    <time>2020-04-19T10:45:44Z</time>
   </trkpt>
   <trkpt lat="51.1299920" lon="-0.5720360">
    <ele>70.7</ele>
    <time>2020-04-19T10:45:45Z</time>
   </trkpt>
   <trkpt lat="51.1299650" lon="-0.5720520">
    <ele>70.6</ele>
    <time>2020-04-19T10:45:47Z</time>
   </trkpt>
   <trkpt lat="51.1299310" lon="-0.5720700">
    <ele>70.5</ele>
    <time>2020-04-19T10:45:49Z</time>
   </trkpt>
   <trkpt lat="51.1299040" lon="-0.5720820">
    <ele>70.4</ele>
    <time>2020-04-19T10:45:51Z</time>
   </trkpt>
   <trkpt lat="51.1298920" lon="-0.5720870">
    <ele>70.3</ele>
    <time>2020-04-19T10:45:52Z</time>
   </trkpt>
   <trkpt lat="51.1298710" lon="-0.5720870">
    <ele>70.3</ele>
    <time>2020-04-19T10:45:53Z</time>
   </trkpt>
   <trkpt lat="51.1298540" lon="-0.5721000">
    <ele>70.2</ele>
    <time>2020-04-19T10:45:55Z</time>
   </trkpt>
   <trkpt lat="51.1298430" lon="-0.5721070">
    <ele>70.1</ele>
    <time>2020-04-19T10:45:56Z</time>
   </trkpt>
   <trkpt lat="51.1298080" lon="-0.5721170">
    <ele>70.0</ele>
    <time>2020-04-19T10:45:58Z</time>
   </trkpt>
   <trkpt lat="51.1297680" lon="-0.5721290">
    <ele>69.8</ele>
    <time>2020-04-19T10:46:00Z</time>
   </trkpt>
   <trkpt lat="51.1297550" lon="-0.5721380">
    <ele>69.8</ele>
    <time>2020-04-19T10:46:02Z</time>
   </trkpt>
   <trkpt lat="51.1297430" lon="-0.5721460">
    <ele>69.7</ele>
    <time>2020-04-19T10:46:03Z</time>
   </trkpt>
   <trkpt lat="51.1297270" lon="-0.5721550">
    <ele>69.7</ele>
    <time>2020-04-19T10:46:05Z</time>
   </trkpt>
   <trkpt lat="51.1297060" lon="-0.5721630">
    <ele>69.6</ele>
    <time>2020-04-19T10:46:07Z</time>
   </trkpt>
   <trkpt lat="51.1296890" lon="-0.5721690">
    <ele>69.5</ele>
    <time>2020-04-19T10:46:08Z</time>
   </trkpt>
   <trkpt lat="51.1296710" lon="-0.5721720">
    <ele>69.4</ele>
    <time>2020-04-19T10:46:10Z</time>
   </trkpt>
   <trkpt lat="51.1296640" lon="-0.5721730">
    <ele>69.4</ele>
    <time>2020-04-19T10:46:11Z</time>
   </trkpt>
   <trkpt lat="51.1296270" lon="-0.5721730">
    <ele>69.3</ele>
    <time>2020-04-19T10:46:13Z</time>
   </trkpt>
   <trkpt lat="51.1296120" lon="-0.5721790">
    <ele>69.2</ele>
    <time>2020-04-19T10:46:15Z</time>
   </trkpt>
   <trkpt lat="51.1295890" lon="-0.5721850">
    <ele>69.1</ele>
    <time>2020-04-19T10:46:17Z</time>
   </trkpt>
   <trkpt lat="51.1295730" lon="-0.5721790">
    <ele>69.1</ele>
    <time>2020-04-19T10:46:18Z</time>
   </trkpt>
   <trkpt lat="51.1295610" lon="-0.5721790">
    <ele>69.0</ele>
    <time>2020-04-19T10:46:19Z</time>
   </trkpt>
   <trkpt lat="51.1295320" lon="-0.5721870">
    <ele>68.9</ele>
    <time>2020-04-19T10:46:21Z</time>
   </trkpt>
   <trkpt lat="51.1295250" lon="-0.5721880">
    <ele>68.9</ele>
    <time>2020-04-19T10:46:22Z</time>
   </trkpt>
   <trkpt lat="51.1295070" lon="-0.5721910">
    <ele>68.8</ele>
    <time>2020-04-19T10:46:23Z</time>
   </trkpt>
   <trkpt lat="51.1294860" lon="-0.5722070">
    <ele>68.8</ele>
    <time>2020-04-19T10:46:25Z</time>
   </trkpt>
   <trkpt lat="51.1294530" lon="-0.5722260">
    <ele>68.7</ele>
    <time>2020-04-19T10:46:27Z</time>
   </trkpt>
   <trkpt lat="51.1294440" lon="-0.5722300">
    <ele>68.6</ele>
    <time>2020-04-19T10:46:28Z</time>
   </trkpt>
   <trkpt lat="51.1294140" lon="-0.5722390">
    <ele>68.6</ele>
    <time>2020-04-19T10:46:30Z</time>
   </trkpt>
   <trkpt lat="51.1293970" lon="-0.5722440">
    <ele>68.5</ele>
    <time>2020-04-19T10:46:31Z</time>
   </trkpt>
   <trkpt lat="51.1293640" lon="-0.5722570">
    <ele>68.4</ele>
    <time>2020-04-19T10:46:33Z</time>
   </trkpt>
   <trkpt lat="51.1293300" lon="-0.5722840">
    <ele>68.3</ele>
    <time>2020-04-19T10:46:35Z</time>
   </trkpt>
   <trkpt lat="51.1292950" lon="-0.5723280">
    <ele>68.2</ele>
    <time>2020-04-19T10:46:37Z</time>
   </trkpt>
   <trkpt lat="51.1292840" lon="-0.5723400">
    <ele>68.2</ele>
    <time>2020-04-19T10:46:38Z</time>
   </trkpt>
   <trkpt lat="51.1292740" lon="-0.5723510">
    <ele>68.2</ele>
    <time>2020-04-19T10:46:39Z</time>
   </trkpt>
   <trkpt lat="51.1292590" lon="-0.5723650">
    <ele>68.1</ele>
    <time>2020-04-19T10:46:40Z</time>
   </trkpt>
   <trkpt lat="51.1292290" lon="-0.5723830">
    <ele>68.0</ele>
    <time>2020-04-19T10:46:42Z</time>
   </trkpt>
   <trkpt lat="51.1292130" lon="-0.5723930">
    <ele>68.0</ele>
    <time>2020-04-19T10:46:43Z</time>
   </trkpt>
   <trkpt lat="51.1291850" lon="-0.5724130">
    <ele>67.9</ele>
    <time>2020-04-19T10:46:45Z</time>
   </trkpt>
   <trkpt lat="51.1291550" lon="-0.5724350">
    <ele>67.9</ele>
    <time>2020-04-19T10:46:47Z</time>
   </trkpt>
   <trkpt lat="51.1291330" lon="-0.5724510">
    <ele>67.8</ele>
    <time>2020-04-19T10:46:48Z</time>
   </trkpt>
   <trkpt lat="51.1291140" lon="-0.5724680">
    <ele>67.7</ele>
    <time>2020-04-19T10:46:50Z</time>
   </trkpt>
   <trkpt lat="51.1290840" lon="-0.5724800">
    <ele>67.7</ele>
    <time>2020-04-19T10:46:52Z</time>
   </trkpt>
   <trkpt lat="51.1290530" lon="-0.5724880">
    <ele>67.6</ele>
    <time>2020-04-19T10:46:54Z</time>
   </trkpt>
   <trkpt lat="51.1290430" lon="-0.5724910">
    <ele>67.6</ele>
    <time>2020-04-19T10:46:55Z</time>
   </trkpt>
   <trkpt lat="51.1290310" lon="-0.5724980">
    <ele>67.5</ele>
    <time>2020-04-19T10:46:56Z</time>
   </trkpt>
   <trkpt lat="51.1290090" lon="-0.5725270">
    <ele>67.5</ele>
    <time>2020-04-19T10:46:58Z</time>
   </trkpt>
   <trkpt lat="51.1290030" lon="-0.5725370">
    <ele>67.4</ele>
    <time>2020-04-19T10:46:59Z</time>
   </trkpt>
   <trkpt lat="51.1289870" lon="-0.5725580">
    <ele>67.4</ele>
    <time>2020-04-19T10:47:01Z</time>
   </trkpt>
   <trkpt lat="51.1289640" lon="-0.5725810">
    <ele>67.3</ele>
    <time>2020-04-19T10:47:03Z</time>
   </trkpt>
   <trkpt lat="51.1289500" lon="-0.5725930">
    <ele>67.3</ele>
    <time>2020-04-19T10:47:05Z</time>
   </trkpt>
   <trkpt lat="51.1289380" lon="-0.5726010">
    <ele>67.2</ele>
    <time>2020-04-19T10:47:06Z</time>
   </trkpt>
   <trkpt lat="51.1289120" lon="-0.5726290">
    <ele>67.1</ele>
    <time>2020-04-19T10:47:08Z</time>
   </trkpt>
   <trkpt lat="51.1288950" lon="-0.5726400">
    <ele>67.0</ele>
    <time>2020-04-19T10:47:10Z</time>
   </trkpt>
   <trkpt lat="51.1288840" lon="-0.5726500">
    <ele>67.0</ele>
    <time>2020-04-19T10:47:11Z</time>
   </trkpt>
   <trkpt lat="51.1288550" lon="-0.5726780">
    <ele>66.8</ele>
    <time>2020-04-19T10:47:13Z</time>
   </trkpt>
   <trkpt lat="51.1288370" lon="-0.5726950">
    <ele>66.7</ele>
    <time>2020-04-19T10:47:15Z</time>
   </trkpt>
   <trkpt lat="51.1288260" lon="-0.5727070">
    <ele>66.7</ele>
    <time>2020-04-19T10:47:16Z</time>
   </trkpt>
   <trkpt lat="51.1288090" lon="-0.5727510">
    <ele>66.5</ele>
    <time>2020-04-19T10:47:18Z</time>
   </trkpt>
   <trkpt lat="51.1288040" lon="-0.5727600">
    <ele>66.5</ele>
    <time>2020-04-19T10:47:19Z</time>
   </trkpt>
   <trkpt lat="51.1287940" lon="-0.5727700">
    <ele>66.4</ele>
    <time>2020-04-19T10:47:20Z</time>
   </trkpt>
   <trkpt lat="51.1287720" lon="-0.5727840">
    <ele>66.3</ele>
    <time>2020-04-19T10:47:22Z</time>
   </trkpt>
   <trkpt lat="51.1287380" lon="-0.5727980">
    <ele>66.2</ele>
    <time>2020-04-19T10:47:24Z</time>
   </trkpt>
   <trkpt lat="51.1287110" lon="-0.5728020">
    <ele>66.0</ele>
    <time>2020-04-19T10:47:26Z</time>
   </trkpt>
   <trkpt lat="51.1286720" lon="-0.5728140">
    <ele>65.9</ele>
    <time>2020-04-19T10:47:28Z</time>
   </trkpt>
   <trkpt lat="51.1286600" lon="-0.5728210">
    <ele>65.8</ele>
    <time>2020-04-19T10:47:29Z</time>
   </trkpt>
   <trkpt lat="51.1286460" lon="-0.5728290">
    <ele>65.8</ele>
    <time>2020-04-19T10:47:30Z</time>
   </trkpt>
   <trkpt lat="51.1286180" lon="-0.5728400">
    <ele>65.7</ele>
    <time>2020-04-19T10:47:32Z</time>
   </trkpt>
   <trkpt lat="51.1285860" lon="-0.5728430">
    <ele>65.6</ele>
    <time>2020-04-19T10:47:34Z</time>
   </trkpt>
   <trkpt lat="51.1285740" lon="-0.5728440">
    <ele>65.5</ele>
    <time>2020-04-19T10:47:35Z</time>
   </trkpt>
   <trkpt lat="51.1285500" lon="-0.5728480">
    <ele>65.4</ele>
    <time>2020-04-19T10:47:37Z</time>
   </trkpt>
   <trkpt lat="51.1285310" lon="-0.5728500">
    <ele>65.4</ele>
    <time>2020-04-19T10:47:38Z</time>
   </trkpt>
   <trkpt lat="51.1285110" lon="-0.5728740">
    <ele>65.3</ele>
    <time>2020-04-19T10:47:40Z</time>
   </trkpt>
   <trkpt lat="51.1285010" lon="-0.5728890">
    <ele>65.3</ele>
    <time>2020-04-19T10:47:41Z</time>
   </trkpt>
   <trkpt lat="51.1284700" lon="-0.5729290">
    <ele>65.1</ele>
    <time>2020-04-19T10:47:43Z</time>
   </trkpt>
   <trkpt lat="51.1284640" lon="-0.5729390">
    <ele>65.1</ele>
    <time>2020-04-19T10:47:44Z</time>
   </trkpt>
   <trkpt lat="51.1284410" lon="-0.5729590">
    <ele>65.0</ele>
    <time>2020-04-19T10:47:46Z</time>
   </trkpt>
   <trkpt lat="51.1284260" lon="-0.5729700">
    <ele>65.0</ele>
    <time>2020-04-19T10:47:47Z</time>
   </trkpt>
   <trkpt lat="51.1284120" lon="-0.5729820">
    <ele>64.9</ele>
    <time>2020-04-19T10:47:48Z</time>
   </trkpt>
   <trkpt lat="51.1283920" lon="-0.5729920">
    <ele>64.9</ele>
    <time>2020-04-19T10:47:49Z</time>
   </trkpt>
   <trkpt lat="51.1283680" lon="-0.5730210">
    <ele>64.8</ele>
    <time>2020-04-19T10:47:51Z</time>
   </trkpt>
   <trkpt lat="51.1283420" lon="-0.5730560">
    <ele>64.7</ele>
    <time>2020-04-19T10:47:53Z</time>
   </trkpt>
   <trkpt lat="51.1283330" lon="-0.5730720">
    <ele>64.6</ele>
    <time>2020-04-19T10:47:54Z</time>
   </trkpt>
   <trkpt lat="51.1283230" lon="-0.5730850">
    <ele>64.6</ele>
    <time>2020-04-19T10:47:55Z</time>
   </trkpt>
   <trkpt lat="51.1283030" lon="-0.5731120">
    <ele>64.5</ele>
    <time>2020-04-19T10:47:57Z</time>
   </trkpt>
   <trkpt lat="51.1282740" lon="-0.5731430">
    <ele>64.4</ele>
    <time>2020-04-19T10:47:59Z</time>
   </trkpt>
   <trkpt lat="51.1282630" lon="-0.5731500">
    <ele>64.4</ele>
    <time>2020-04-19T10:48:00Z</time>
   </trkpt>
   <trkpt lat="51.1282410" lon="-0.5731650">
    <ele>64.3</ele>
    <time>2020-04-19T10:48:01Z</time>
   </trkpt>
   <trkpt lat="51.1282280" lon="-0.5731710">
    <ele>64.2</ele>
    <time>2020-04-19T10:48:03Z</time>
   </trkpt>
   <trkpt lat="51.1282140" lon="-0.5731770">
    <ele>64.2</ele>
    <time>2020-04-19T10:48:04Z</time>
   </trkpt>
   <trkpt lat="51.1281890" lon="-0.5731900">
    <ele>64.1</ele>
    <time>2020-04-19T10:48:06Z</time>
   </trkpt>
   <trkpt lat="51.1281650" lon="-0.5732010">
    <ele>64.0</ele>
    <time>2020-04-19T10:48:08Z</time>
   </trkpt>
   <trkpt lat="51.1281350" lon="-0.5732060">
    <ele>63.9</ele>
    <time>2020-04-19T10:48:10Z</time>
   </trkpt>
   <trkpt lat="51.1281030" lon="-0.5732040">
    <ele>63.8</ele>
    <time>2020-04-19T10:48:12Z</time>
   </trkpt>
   <trkpt lat="51.1280710" lon="-0.5731990">
    <ele>63.7</ele>
    <time>2020-04-19T10:48:14Z</time>
   </trkpt>
   <trkpt lat="51.1280440" lon="-0.5732000">
    <ele>63.7</ele>
    <time>2020-04-19T10:48:16Z</time>
   </trkpt>
   <trkpt lat="51.1280300" lon="-0.5732010">
    <ele>63.6</ele>
    <time>2020-04-19T10:48:17Z</time>
   </trkpt>
   <trkpt lat="51.1279980" lon="-0.5732070">
    <ele>63.6</ele>
    <time>2020-04-19T10:48:19Z</time>
   </trkpt>
   <trkpt lat="51.1279880" lon="-0.5732080">
    <ele>63.5</ele>
    <time>2020-04-19T10:48:20Z</time>
   </trkpt>
   <trkpt lat="51.1279760" lon="-0.5732100">
    <ele>63.5</ele>
    <time>2020-04-19T10:48:21Z</time>
   </trkpt>
   <trkpt lat="51.1279460" lon="-0.5732170">
    <ele>63.4</ele>
    <time>2020-04-19T10:48:23Z</time>
   </trkpt>
   <trkpt lat="51.1279230" lon="-0.5732240">
    <ele>63.4</ele>
    <time>2020-04-19T10:48:24Z</time>
   </trkpt>
   <trkpt lat="51.1278980" lon="-0.5732250">
    <ele>63.3</ele>
    <time>2020-04-19T10:48:26Z</time>
   </trkpt>
   <trkpt lat="51.1278810" lon="-0.5732250">
    <ele>63.3</ele>
    <time>2020-04-19T10:48:27Z</time>
   </trkpt>
   <trkpt lat="51.1278420" lon="-0.5732430">
    <ele>63.2</ele>
    <time>2020-04-19T10:48:29Z</time>
   </trkpt>
   <trkpt lat="51.1278210" lon="-0.5732640">
    <ele>63.2</ele>
    <time>2020-04-19T10:48:31Z</time>
   </trkpt>
   <trkpt lat="51.1278010" lon="-0.5732860">
    <ele>63.1</ele>
    <time>2020-04-19T10:48:33Z</time>
   </trkpt>
   <trkpt lat="51.1277690" lon="-0.5732990">
    <ele>63.0</ele>
    <time>2020-04-19T10:48:35Z</time>
   </trkpt>
   <trkpt lat="51.1277620" lon="-0.5733010">
    <ele>63.0</ele>
    <time>2020-04-19T10:48:36Z</time>
   </trkpt>
   <trkpt lat="51.1277500" lon="-0.5733060">
    <ele>63.0</ele>
    <time>2020-04-19T10:48:37Z</time>
   </trkpt>
   <trkpt lat="51.1277370" lon="-0.5733100">
    <ele>63.0</ele>
    <time>2020-04-19T10:48:38Z</time>
   </trkpt>
   <trkpt lat="51.1277110" lon="-0.5733160">
    <ele>62.9</ele>
    <time>2020-04-19T10:48:40Z</time>
   </trkpt>
   <trkpt lat="51.1276810" lon="-0.5733160">
    <ele>62.8</ele>
    <time>2020-04-19T10:48:41Z</time>
   </trkpt>
   <trkpt lat="51.1276670" lon="-0.5733150">
    <ele>62.8</ele>
    <time>2020-04-19T10:48:43Z</time>
   </trkpt>
   <trkpt lat="51.1276330" lon="-0.5733110">
    <ele>62.7</ele>
    <time>2020-04-19T10:48:45Z</time>
   </trkpt>
   <trkpt lat="51.1276010" lon="-0.5733020">
    <ele>62.7</ele>
    <time>2020-04-19T10:48:47Z</time>
   </trkpt>
   <trkpt lat="51.1275930" lon="-0.5733000">
    <ele>62.7</ele>
    <time>2020-04-19T10:48:48Z</time>
   </trkpt>
   <trkpt lat="51.1275780" lon="-0.5732970">
    <ele>62.7</ele>
    <time>2020-04-19T10:48:49Z</time>
   </trkpt>
   <trkpt lat="51.1275450" lon="-0.5732940">
    <ele>62.6</ele>
    <time>2020-04-19T10:48:51Z</time>
   </trkpt>
   <trkpt lat="51.1275310" lon="-0.5732930">
    <ele>62.6</ele>
    <time>2020-04-19T10:48:52Z</time>
   </trkpt>
   <trkpt lat="51.1275160" lon="-0.5732910">
    <ele>62.6</ele>
    <time>2020-04-19T10:48:53Z</time>
   </trkpt>
   <trkpt lat="51.1274740" lon="-0.5732700">
    <ele>62.5</ele>
    <time>2020-04-19T10:48:54Z</time>
   </trkpt>
   <trkpt lat="51.1274540" lon="-0.5732600">
    <ele>62.5</ele>
    <time>2020-04-19T10:48:56Z</time>
   </trkpt>
   <trkpt lat="51.1274450" lon="-0.5732570">
    <ele>62.4</ele>
    <time>2020-04-19T10:48:57Z</time>
   </trkpt>
   <trkpt lat="51.1274360" lon="-0.5732540">
    <ele>62.4</ele>
    <time>2020-04-19T10:48:58Z</time>
   </trkpt>
   <trkpt lat="51.1274210" lon="-0.5732530">
    <ele>62.4</ele>
    <time>2020-04-19T10:48:59Z</time>
   </trkpt>
   <trkpt lat="51.1273890" lon="-0.5732540">
    <ele>62.4</ele>
    <time>2020-04-19T10:49:01Z</time>
   </trkpt>
   <trkpt lat="51.1273610" lon="-0.5732470">
    <ele>62.3</ele>
    <time>2020-04-19T10:49:03Z</time>
   </trkpt>
   <trkpt lat="51.1273230" lon="-0.5732400">
    <ele>62.3</ele>
    <time>2020-04-19T10:49:05Z</time>
   </trkpt>
   <trkpt lat="51.1273040" lon="-0.5732390">
    <ele>62.3</ele>
    <time>2020-04-19T10:49:07Z</time>
   </trkpt>
   <trkpt lat="51.1272900" lon="-0.5732380">
    <ele>62.3</ele>
    <time>2020-04-19T10:49:08Z</time>
   </trkpt>
   <trkpt lat="51.1272760" lon="-0.5732380">
    <ele>62.2</ele>
    <time>2020-04-19T10:49:09Z</time>
   </trkpt>
   <trkpt lat="51.1272480" lon="-0.5732390">
    <ele>62.2</ele>
    <time>2020-04-19T10:49:11Z</time>
   </trkpt>
   <trkpt lat="51.1272330" lon="-0.5732350">
    <ele>62.2</ele>
    <time>2020-04-19T10:49:12Z</time>
   </trkpt>
   <trkpt lat="51.1272040" lon="-0.5732120">
    <ele>62.2</ele>
    <time>2020-04-19T10:49:14Z</time>
   </trkpt>
   <trkpt lat="51.1271800" lon="-0.5731910">
    <ele>62.1</ele>
    <time>2020-04-19T10:49:16Z</time>
   </trkpt>
   <trkpt lat="51.1271700" lon="-0.5731830">
    <ele>62.1</ele>
    <time>2020-04-19T10:49:17Z</time>
   </trkpt>
   <trkpt lat="51.1271610" lon="-0.5731740">
    <ele>62.1</ele>
    <time>2020-04-19T10:49:18Z</time>
   </trkpt>
   <trkpt lat="51.1271340" lon="-0.5731430">
    <ele>62.1</ele>
    <time>2020-04-19T10:49:20Z</time>
   </trkpt>
   <trkpt lat="51.1271220" lon="-0.5731260">
    <ele>62.1</ele>
    <time>2020-04-19T10:49:21Z</time>
   </trkpt>
   <trkpt lat="51.1271140" lon="-0.5731150">
    <ele>62.1</ele>
    <time>2020-04-19T10:49:23Z</time>
   </trkpt>
   <trkpt lat="51.1271050" lon="-0.5731030">
    <ele>62.1</ele>
    <time>2020-04-19T10:49:24Z</time>
   </trkpt>
   <trkpt lat="51.1270870" lon="-0.5730760">
    <ele>62.0</ele>
    <time>2020-04-19T10:49:25Z</time>
   </trkpt>
   <trkpt lat="51.1270780" lon="-0.5730520">
    <ele>62.0</ele>
    <time>2020-04-19T10:49:27Z</time>
   </trkpt>
   <trkpt lat="51.1270630" lon="-0.5730130">
    <ele>62.0</ele>
    <time>2020-04-19T10:49:29Z</time>
   </trkpt>
   <trkpt lat="51.1270680" lon="-0.5729780">
    <ele>62.0</ele>
    <time>2020-04-19T10:49:30Z</time>
   </trkpt>
   <trkpt lat="51.1270680" lon="-0.5729640">
    <ele>61.9</ele>
    <time>2020-04-19T10:49:31Z</time>
   </trkpt>
   <trkpt lat="51.1270550" lon="-0.5729310">
    <ele>61.9</ele>
    <time>2020-04-19T10:49:33Z</time>
   </trkpt>
   <trkpt lat="51.1270390" lon="-0.5728860">
    <ele>61.8</ele>
    <time>2020-04-19T10:49:35Z</time>
   </trkpt>
   <trkpt lat="51.1270350" lon="-0.5728510">
    <ele>61.8</ele>
    <time>2020-04-19T10:49:37Z</time>
   </trkpt>
   <trkpt lat="51.1270290" lon="-0.5728100">
    <ele>61.7</ele>
    <time>2020-04-19T10:49:39Z</time>
   </trkpt>
   <trkpt lat="51.1270240" lon="-0.5727920">
    <ele>61.7</ele>
    <time>2020-04-19T10:49:40Z</time>
   </trkpt>
   <trkpt lat="51.1270150" lon="-0.5727560">
    <ele>61.7</ele>
    <time>2020-04-19T10:49:42Z</time>
   </trkpt>
   <trkpt lat="51.1270100" lon="-0.5727380">
    <ele>61.6</ele>
    <time>2020-04-19T10:49:43Z</time>
   </trkpt>
   <trkpt lat="51.1269930" lon="-0.5726860">
    <ele>61.6</ele>
    <time>2020-04-19T10:49:45Z</time>
   </trkpt>
   <trkpt lat="51.1269910" lon="-0.5726590">
    <ele>61.5</ele>
    <time>2020-04-19T10:49:47Z</time>
   </trkpt>
   <trkpt lat="51.1269880" lon="-0.5726150">
    <ele>61.5</ele>
    <time>2020-04-19T10:49:49Z</time>
   </trkpt>
   <trkpt lat="51.1269800" lon="-0.5725600">
    <ele>61.4</ele>
    <time>2020-04-19T10:49:51Z</time>
   </trkpt>
   <trkpt lat="51.1269760" lon="-0.5725380">
    <ele>61.4</ele>
    <time>2020-04-19T10:49:52Z</time>
   </trkpt>
   <trkpt lat="51.1269700" lon="-0.5725170">
    <ele>61.4</ele>
    <time>2020-04-19T10:49:53Z</time>
   </trkpt>
   <trkpt lat="51.1269530" lon="-0.5724610">
    <ele>61.3</ele>
    <time>2020-04-19T10:49:55Z</time>
   </trkpt>
   <trkpt lat="51.1269500" lon="-0.5724130">
    <ele>61.3</ele>
    <time>2020-04-19T10:49:57Z</time>
   </trkpt>
   <trkpt lat="51.1269490" lon="-0.5724030">
    <ele>61.3</ele>
    <time>2020-04-19T10:49:58Z</time>
   </trkpt>
   <trkpt lat="51.1269410" lon="-0.5723540">
    <ele>61.3</ele>
    <time>2020-04-19T10:50:00Z</time>
   </trkpt>
   <trkpt lat="51.1269350" lon="-0.5723250">
    <ele>61.3</ele>
    <time>2020-04-19T10:50:01Z</time>
   </trkpt>
   <trkpt lat="51.1269300" lon="-0.5723090">
    <ele>61.3</ele>
    <time>2020-04-19T10:50:02Z</time>
   </trkpt>
   <trkpt lat="51.1269120" lon="-0.5722650">
    <ele>61.3</ele>
    <time>2020-04-19T10:50:04Z</time>
   </trkpt>
   <trkpt lat="51.1269080" lon="-0.5722560">
    <ele>61.3</ele>
    <time>2020-04-19T10:50:05Z</time>
   </trkpt>
   <trkpt lat="51.1268940" lon="-0.5722030">
    <ele>61.3</ele>
    <time>2020-04-19T10:50:07Z</time>
   </trkpt>
   <trkpt lat="51.1268740" lon="-0.5721710">
    <ele>61.3</ele>
    <time>2020-04-19T10:50:09Z</time>
   </trkpt>
   <trkpt lat="51.1268560" lon="-0.5721610">
    <ele>61.3</ele>
    <time>2020-04-19T10:50:10Z</time>
   </trkpt>
   <trkpt lat="51.1268230" lon="-0.5721450">
    <ele>61.2</ele>
    <time>2020-04-19T10:50:12Z</time>
   </trkpt>
   <trkpt lat="51.1268060" lon="-0.5721390">
    <ele>61.2</ele>
    <time>2020-04-19T10:50:13Z</time>
   </trkpt>
   <trkpt lat="51.1267730" lon="-0.5721300">
    <ele>61.2</ele>
    <time>2020-04-19T10:50:15Z</time>
   </trkpt>
   <trkpt lat="51.1267410" lon="-0.5721240">
    <ele>61.2</ele>
    <time>2020-04-19T10:50:16Z</time>
   </trkpt>
   <trkpt lat="51.1267340" lon="-0.5721220">
    <ele>61.2</ele>
    <time>2020-04-19T10:50:17Z</time>
   </trkpt>
   <trkpt lat="51.1267190" lon="-0.5721180">
    <ele>61.2</ele>
    <time>2020-04-19T10:50:18Z</time>
   </trkpt>
   <trkpt lat="51.1266990" lon="-0.5721140">
    <ele>61.2</ele>
    <time>2020-04-19T10:50:19Z</time>
   </trkpt>
   <trkpt lat="51.1266530" lon="-0.5721130">
    <ele>61.1</ele>
    <time>2020-04-19T10:50:21Z</time>
   </trkpt>
   <trkpt lat="51.1266230" lon="-0.5721190">
    <ele>61.1</ele>
    <time>2020-04-19T10:50:23Z</time>
   </trkpt>
   <trkpt lat="51.1265900" lon="-0.5721220">
    <ele>61.0</ele>
    <time>2020-04-19T10:50:25Z</time>
   </trkpt>
   <trkpt lat="51.1265520" lon="-0.5721210">
    <ele>60.9</ele>
    <time>2020-04-19T10:50:27Z</time>
   </trkpt>
   <trkpt lat="51.1265350" lon="-0.5721240">
    <ele>60.9</ele>
    <time>2020-04-19T10:50:28Z</time>
   </trkpt>
   <trkpt lat="51.1264990" lon="-0.5721310">
    <ele>60.8</ele>
    <time>2020-04-19T10:50:30Z</time>
   </trkpt>
   <trkpt lat="51.1264690" lon="-0.5721470">
    <ele>60.7</ele>
    <time>2020-04-19T10:50:31Z</time>
   </trkpt>
   <trkpt lat="51.1264590" lon="-0.5721550">
    <ele>60.7</ele>
    <time>2020-04-19T10:50:32Z</time>
   </trkpt>
   <trkpt lat="51.1264290" lon="-0.5721670">
    <ele>60.6</ele>
    <time>2020-04-19T10:50:33Z</time>
   </trkpt>
   <trkpt lat="51.1264140" lon="-0.5721730">
    <ele>60.5</ele>
    <time>2020-04-19T10:50:34Z</time>
   </trkpt>
   <trkpt lat="51.1264000" lon="-0.5721790">
    <ele>60.5</ele>
    <time>2020-04-19T10:50:36Z</time>
   </trkpt>
   <trkpt lat="51.1263790" lon="-0.5721830">
    <ele>60.4</ele>
    <time>2020-04-19T10:50:37Z</time>
   </trkpt>
   <trkpt lat="51.1263550" lon="-0.5721980">
    <ele>60.3</ele>
    <time>2020-04-19T10:50:39Z</time>
   </trkpt>
   <trkpt lat="51.1263220" lon="-0.5722030">
    <ele>60.1</ele>
    <time>2020-04-19T10:50:41Z</time>
   </trkpt>
   <trkpt lat="51.1263060" lon="-0.5722050">
    <ele>60.0</ele>
    <time>2020-04-19T10:50:42Z</time>
   </trkpt>
   <trkpt lat="51.1262900" lon="-0.5721990">
    <ele>60.0</ele>
    <time>2020-04-19T10:50:44Z</time>
   </trkpt>
   <trkpt lat="51.1262800" lon="-0.5721950">
    <ele>59.9</ele>
    <time>2020-04-19T10:50:45Z</time>
   </trkpt>
   <trkpt lat="51.1262510" lon="-0.5721870">
    <ele>59.7</ele>
    <time>2020-04-19T10:50:47Z</time>
   </trkpt>
   <trkpt lat="51.1262480" lon="-0.5721850">
    <ele>59.7</ele>
    <time>2020-04-19T10:50:48Z</time>
   </trkpt>
   <trkpt lat="51.1262300" lon="-0.5721790">
    <ele>59.6</ele>
    <time>2020-04-19T10:50:50Z</time>
   </trkpt>
   <trkpt lat="51.1262010" lon="-0.5721870">
    <ele>59.5</ele>
    <time>2020-04-19T10:50:52Z</time>
   </trkpt>
   <trkpt lat="51.1261890" lon="-0.5721920">
    <ele>59.4</ele>
    <time>2020-04-19T10:50:53Z</time>
   </trkpt>
   <trkpt lat="51.1261660" lon="-0.5722010">
    <ele>59.2</ele>
    <time>2020-04-19T10:50:55Z</time>
   </trkpt>
   <trkpt lat="51.1261370" lon="-0.5722060">
    <ele>59.0</ele>
    <time>2020-04-19T10:50:57Z</time>
   </trkpt>
   <trkpt lat="51.1261300" lon="-0.5722070">
    <ele>59.0</ele>
    <time>2020-04-19T10:50:58Z</time>
   </trkpt>
   <trkpt lat="51.1260990" lon="-0.5722220">
    <ele>58.8</ele>
    <time>2020-04-19T10:51:00Z</time>
   </trkpt>
   <trkpt lat="51.1260920" lon="-0.5722250">
    <ele>58.7</ele>
    <time>2020-04-19T10:51:01Z</time>
   </trkpt>
   <trkpt lat="51.1260630" lon="-0.5722340">
    <ele>58.5</ele>
    <time>2020-04-19T10:51:02Z</time>
   </trkpt>
   <trkpt lat="51.1260500" lon="-0.5722350">
    <ele>58.4</ele>
    <time>2020-04-19T10:51:04Z</time>
   </trkpt>
   <trkpt lat="51.1260260" lon="-0.5722360">
    <ele>58.3</ele>
    <time>2020-04-19T10:51:06Z</time>
   </trkpt>
   <trkpt lat="51.1259930" lon="-0.5722330">
    <ele>58.0</ele>
    <time>2020-04-19T10:51:08Z</time>
   </trkpt>
   <trkpt lat="51.1259680" lon="-0.5722340">
    <ele>57.9</ele>
    <time>2020-04-19T10:51:10Z</time>
   </trkpt>
   <trkpt lat="51.1259250" lon="-0.5722430">
    <ele>57.6</ele>
    <time>2020-04-19T10:51:12Z</time>
   </trkpt>
   <trkpt lat="51.1259160" lon="-0.5722420">
    <ele>57.5</ele>
    <time>2020-04-19T10:51:13Z</time>
   </trkpt>
   <trkpt lat="51.1259040" lon="-0.5722420">
    <ele>57.4</ele>
    <time>2020-04-19T10:51:14Z</time>
   </trkpt>
   <trkpt lat="51.1258800" lon="-0.5722420">
    <ele>57.2</ele>
    <time>2020-04-19T10:51:16Z</time>
   </trkpt>
   <trkpt lat="51.1258610" lon="-0.5722420">
    <ele>57.1</ele>
    <time>2020-04-19T10:51:17Z</time>
   </trkpt>
   <trkpt lat="51.1258330" lon="-0.5722260">
    <ele>56.9</ele>
    <time>2020-04-19T10:51:19Z</time>
   </trkpt>
   <trkpt lat="51.1258110" lon="-0.5722030">
    <ele>56.7</ele>
    <time>2020-04-19T10:51:20Z</time>
   </trkpt>
   <trkpt lat="51.1258020" lon="-0.5721940">
    <ele>56.6</ele>
    <time>2020-04-19T10:51:21Z</time>
   </trkpt>
   <trkpt lat="51.1257750" lon="-0.5721760">
    <ele>56.4</ele>
    <time>2020-04-19T10:51:23Z</time>
   </trkpt>
   <trkpt lat="51.1257590" lon="-0.5721650">
    <ele>56.3</ele>
    <time>2020-04-19T10:51:24Z</time>
   </trkpt>
   <trkpt lat="51.1257280" lon="-0.5721410">
    <ele>56.1</ele>
    <time>2020-04-19T10:51:26Z</time>
   </trkpt>
   <trkpt lat="51.1257030" lon="-0.5721300">
    <ele>55.9</ele>
    <time>2020-04-19T10:51:27Z</time>
   </trkpt>
   <trkpt lat="51.1256770" lon="-0.5721140">
    <ele>55.8</ele>
    <time>2020-04-19T10:51:29Z</time>
   </trkpt>
   <trkpt lat="51.1256510" lon="-0.5721020">
    <ele>55.6</ele>
    <time>2020-04-19T10:51:30Z</time>
   </trkpt>
   <trkpt lat="51.1256390" lon="-0.5720970">
    <ele>55.5</ele>
    <time>2020-04-19T10:51:31Z</time>
   </trkpt>
   <trkpt lat="51.1256110" lon="-0.5720780">
    <ele>55.3</ele>
    <time>2020-04-19T10:51:33Z</time>
   </trkpt>
   <trkpt lat="51.1256050" lon="-0.5720760">
    <ele>55.3</ele>
    <time>2020-04-19T10:51:34Z</time>
   </trkpt>
   <trkpt lat="51.1255720" lon="-0.5720730">
    <ele>55.1</ele>
    <time>2020-04-19T10:51:36Z</time>
   </trkpt>
   <trkpt lat="51.1255640" lon="-0.5720730">
    <ele>55.1</ele>
    <time>2020-04-19T10:51:37Z</time>
   </trkpt>
   <trkpt lat="51.1255500" lon="-0.5720740">
    <ele>55.0</ele>
    <time>2020-04-19T10:51:38Z</time>
   </trkpt>
   <trkpt lat="51.1255350" lon="-0.5720750">
    <ele>55.0</ele>
    <time>2020-04-19T10:51:39Z</time>
   </trkpt>
   <trkpt lat="51.1255070" lon="-0.5720760">
    <ele>54.8</ele>
    <time>2020-04-19T10:51:40Z</time>
   </trkpt>
   <trkpt lat="51.1254940" lon="-0.5720750">
    <ele>54.8</ele>
    <time>2020-04-19T10:51:41Z</time>
   </trkpt>
   <trkpt lat="51.1254500" lon="-0.5720940">
    <ele>54.6</ele>
    <time>2020-04-19T10:51:43Z</time>
   </trkpt>
   <trkpt lat="51.1254360" lon="-0.5720980">
    <ele>54.6</ele>
    <time>2020-04-19T10:51:45Z</time>
   </trkpt>
   <trkpt lat="51.1254230" lon="-0.5721010">
    <ele>54.5</ele>
    <time>2020-04-19T10:51:46Z</time>
   </trkpt>
   <trkpt lat="51.1253880" lon="-0.5721050">
    <ele>54.4</ele>
    <time>2020-04-19T10:51:48Z</time>
   </trkpt>
   <trkpt lat="51.1253570" lon="-0.5721110">
    <ele>54.3</ele>
    <time>2020-04-19T10:51:50Z</time>
   </trkpt>
   <trkpt lat="51.1253270" lon="-0.5721290">
    <ele>54.2</ele>
    <time>2020-04-19T10:51:52Z</time>
   </trkpt>
   <trkpt lat="51.1253060" lon="-0.5721480">
    <ele>54.1</ele>
    <time>2020-04-19T10:51:53Z</time>
   </trkpt>
   <trkpt lat="51.1252820" lon="-0.5721640">
    <ele>54.0</ele>
    <time>2020-04-19T10:51:55Z</time>
   </trkpt>
   <trkpt lat="51.1252460" lon="-0.5721760">
    <ele>53.9</ele>
    <time>2020-04-19T10:51:57Z</time>
   </trkpt>
   <trkpt lat="51.1252360" lon="-0.5721760">
    <ele>53.9</ele>
    <time>2020-04-19T10:51:58Z</time>
   </trkpt>
   <trkpt lat="51.1252270" lon="-0.5721730">
    <ele>53.9</ele>
    <time>2020-04-19T10:51:59Z</time>
   </trkpt>
   <trkpt lat="51.1252180" lon="-0.5721700">
    <ele>53.8</ele>
    <time>2020-04-19T10:52:00Z</time>
   </trkpt>
   <trkpt lat="51.1251980" lon="-0.5721670">
    <ele>53.8</ele>
    <time>2020-04-19T10:52:02Z</time>
   </trkpt>
   <trkpt lat="51.1251730" lon="-0.5721680">
    <ele>53.7</ele>
    <time>2020-04-19T10:52:04Z</time>
   </trkpt>
   <trkpt lat="51.1251630" lon="-0.5721680">
    <ele>53.7</ele>
    <time>2020-04-19T10:52:05Z</time>
   </trkpt>
   <trkpt lat="51.1251350" lon="-0.5721830">
    <ele>53.6</ele>
    <time>2020-04-19T10:52:07Z</time>
   </trkpt>
   <trkpt lat="51.1251260" lon="-0.5721860">
    <ele>53.6</ele>
    <time>2020-04-19T10:52:08Z</time>
   </trkpt>
   <trkpt lat="51.1251050" lon="-0.5721950">
    <ele>53.6</ele>
    <time>2020-04-19T10:52:10Z</time>
   </trkpt>
   <trkpt lat="51.1250820" lon="-0.5722020">
    <ele>53.5</ele>
    <time>2020-04-19T10:52:12Z</time>
   </trkpt>
   <trkpt lat="51.1250610" lon="-0.5722060">
    <ele>53.5</ele>
    <time>2020-04-19T10:52:13Z</time>
   </trkpt>
   <trkpt lat="51.1250410" lon="-0.5722120">
    <ele>53.5</ele>
    <time>2020-04-19T10:52:15Z</time>
   </trkpt>
   <trkpt lat="51.1250120" lon="-0.5722400">
    <ele>53.5</ele>
    <time>2020-04-19T10:52:17Z</time>
   </trkpt>
   <trkpt lat="51.1250030" lon="-0.5722480">
    <ele>53.4</ele>
    <time>2020-04-19T10:52:18Z</time>
   </trkpt>
   <trkpt lat="51.1249630" lon="-0.5722650">
    <ele>53.4</ele>
    <time>2020-04-19T10:52:20Z</time>
   </trkpt>
   <trkpt lat="51.1249470" lon="-0.5722690">
    <ele>53.4</ele>
    <time>2020-04-19T10:52:21Z</time>
   </trkpt>
   <trkpt lat="51.1249190" lon="-0.5722780">
    <ele>53.4</ele>
    <time>2020-04-19T10:52:23Z</time>
   </trkpt>
   <trkpt lat="51.1248900" lon="-0.5722800">
    <ele>53.4</ele>
    <time>2020-04-19T10:52:25Z</time>
   </trkpt>
   <trkpt lat="51.1248700" lon="-0.5722760">
    <ele>53.4</ele>
    <time>2020-04-19T10:52:26Z</time>
   </trkpt>
   <trkpt lat="51.1248330" lon="-0.5722910">
    <ele>53.4</ele>
    <time>2020-04-19T10:52:28Z</time>
   </trkpt>
   <trkpt lat="51.1248210" lon="-0.5722960">
    <ele>53.4</ele>
    <time>2020-04-19T10:52:29Z</time>
   </trkpt>
   <trkpt lat="51.1247890" lon="-0.5723040">
    <ele>53.4</ele>
    <time>2020-04-19T10:52:31Z</time>
   </trkpt>
   <trkpt lat="51.1247700" lon="-0.5723040">
    <ele>53.4</ele>
    <time>2020-04-19T10:52:32Z</time>
   </trkpt>
   <trkpt lat="51.1247320" lon="-0.5722960">
    <ele>53.4</ele>
    <time>2020-04-19T10:52:34Z</time>
   </trkpt>
   <trkpt lat="51.1246960" lon="-0.5722950">
    <ele>53.4</ele>
    <time>2020-04-19T10:52:36Z</time>
   </trkpt>
   <trkpt lat="51.1246630" lon="-0.5723160">
    <ele>53.5</ele>
    <time>2020-04-19T10:52:38Z</time>
   </trkpt>
   <trkpt lat="51.1246460" lon="-0.5723260">
    <ele>53.5</ele>
    <time>2020-04-19T10:52:40Z</time>
   </trkpt>
   <trkpt lat="51.1246340" lon="-0.5723280">
    <ele>53.5</ele>
    <time>2020-04-19T10:52:41Z</time>
   </trkpt>
   <trkpt lat="51.1246210" lon="-0.5723290">
    <ele>53.5</ele>
    <time>2020-04-19T10:52:42Z</time>
   </trkpt>
   <trkpt lat="51.1245960" lon="-0.5723260">
    <ele>53.6</ele>
    <time>2020-04-19T10:52:44Z</time>
   </trkpt>
   <trkpt lat="51.1245850" lon="-0.5723290">
    <ele>53.6</ele>
    <time>2020-04-19T10:52:45Z</time>
   </trkpt>
   <trkpt lat="51.1245640" lon="-0.5723460">
    <ele>53.7</ele>
    <time>2020-04-19T10:52:47Z</time>
   </trkpt>
   <trkpt lat="51.1245500" lon="-0.5723690">
    <ele>53.7</ele>
    <time>2020-04-19T10:52:48Z</time>
   </trkpt>
   <trkpt lat="51.1245370" lon="-0.5723880">
    <ele>53.7</ele>
    <time>2020-04-19T10:52:50Z</time>
   </trkpt>
   <trkpt lat="51.1245260" lon="-0.5723950">
    <ele>53.8</ele>
    <time>2020-04-19T10:52:51Z</time>
   </trkpt>
   <trkpt lat="51.1244980" lon="-0.5724140">
    <ele>53.8</ele>
    <time>2020-04-19T10:52:53Z</time>
   </trkpt>
   <trkpt lat="51.1244770" lon="-0.5724250">
    <ele>53.9</ele>
    <time>2020-04-19T10:52:55Z</time>
   </trkpt>
   <trkpt lat="51.1244570" lon="-0.5724460">
    <ele>53.9</ele>
    <time>2020-04-19T10:52:57Z</time>
   </trkpt>
   <trkpt lat="51.1244410" lon="-0.5724610">
    <ele>53.9</ele>
    <time>2020-04-19T10:52:58Z</time>
   </trkpt>
   <trkpt lat="51.1244250" lon="-0.5724710">
    <ele>53.9</ele>
    <time>2020-04-19T10:53:00Z</time>
   </trkpt>
   <trkpt lat="51.1244140" lon="-0.5724740">
    <ele>53.9</ele>
    <time>2020-04-19T10:53:01Z</time>
   </trkpt>
   <trkpt lat="51.1243840" lon="-0.5724820">
    <ele>53.9</ele>
    <time>2020-04-19T10:53:03Z</time>
   </trkpt>
   <trkpt lat="51.1243500" lon="-0.5724890">
    <ele>53.9</ele>
    <time>2020-04-19T10:53:05Z</time>
   </trkpt>
   <trkpt lat="51.1243420" lon="-0.5724890">
    <ele>53.9</ele>
    <time>2020-04-19T10:53:06Z</time>
   </trkpt>
   <trkpt lat="51.1243090" lon="-0.5725050">
    <ele>53.9</ele>
    <time>2020-04-19T10:53:08Z</time>
   </trkpt>
   <trkpt lat="51.1242880" lon="-0.5725110">
    <ele>54.0</ele>
    <time>2020-04-19T10:53:10Z</time>
   </trkpt>
   <trkpt lat="51.1242610" lon="-0.5725180">
    <ele>54.0</ele>
    <time>2020-04-19T10:53:12Z</time>
   </trkpt>
   <trkpt lat="51.1242420" lon="-0.5725190">
    <ele>54.0</ele>
    <time>2020-04-19T10:53:13Z</time>
   </trkpt>
   <trkpt lat="51.1242120" lon="-0.5725130">
    <ele>54.1</ele>
    <time>2020-04-19T10:53:15Z</time>
   </trkpt>
   <trkpt lat="51.1241970" lon="-0.5725100">
    <ele>54.1</ele>
    <time>2020-04-19T10:53:16Z</time>
   </trkpt>
   <trkpt lat="51.1241640" lon="-0.5725070">
    <ele>54.2</ele>
    <time>2020-04-19T10:53:18Z</time>
   </trkpt>
   <trkpt lat="51.1241490" lon="-0.5725020">
    <ele>54.2</ele>
    <time>2020-04-19T10:53:19Z</time>
   </trkpt>
   <trkpt lat="51.1241220" lon="-0.5724880">
    <ele>54.3</ele>
    <time>2020-04-19T10:53:21Z</time>
   </trkpt>
   <trkpt lat="51.1240930" lon="-0.5724860">
    <ele>54.4</ele>
    <time>2020-04-19T10:53:23Z</time>
   </trkpt>
   <trkpt lat="51.1240720" lon="-0.5724830">
    <ele>54.4</ele>
    <time>2020-04-19T10:53:25Z</time>
   </trkpt>
   <trkpt lat="51.1240450" lon="-0.5724830">
    <ele>54.5</ele>
    <time>2020-04-19T10:53:27Z</time>
   </trkpt>
   <trkpt lat="51.1240120" lon="-0.5724890">
    <ele>54.6</ele>
    <time>2020-04-19T10:53:29Z</time>
   </trkpt>
   <trkpt lat="51.1239950" lon="-0.5724880">
    <ele>54.7</ele>
    <time>2020-04-19T10:53:30Z</time>
   </trkpt>
   <trkpt lat="51.1239760" lon="-0.5724860">
    <ele>54.7</ele>
    <time>2020-04-19T10:53:31Z</time>
   </trkpt>
   <trkpt lat="51.1239350" lon="-0.5724920">
    <ele>54.9</ele>
    <time>2020-04-19T10:53:33Z</time>
   </trkpt>
   <trkpt lat="51.1239340" lon="-0.5724840">
    <ele>54.9</ele>
    <time>2020-04-19T10:53:35Z</time>
   </trkpt>
   <trkpt lat="51.1239270" lon="-0.5724800">
    <ele>54.9</ele>
    <time>2020-04-19T10:53:36Z</time>
   </trkpt>
   <trkpt lat="51.1239070" lon="-0.5724680">
    <ele>55.0</ele>
    <time>2020-04-19T10:53:38Z</time>
   </trkpt>
   <trkpt lat="51.1239060" lon="-0.5724610">
    <ele>55.0</ele>
    <time>2020-04-19T10:53:39Z</time>
   </trkpt>
   <trkpt lat="51.1238920" lon="-0.5724530">
    <ele>55.1</ele>
    <time>2020-04-19T10:53:41Z</time>
   </trkpt>
   <trkpt lat="51.1238550" lon="-0.5724480">
    <ele>55.2</ele>
    <time>2020-04-19T10:53:43Z</time>
   </trkpt>
   <trkpt lat="51.1238440" lon="-0.5724460">
    <ele>55.3</ele>
    <time>2020-04-19T10:53:44Z</time>
   </trkpt>
   <trkpt lat="51.1238190" lon="-0.5724520">
    <ele>55.4</ele>
    <time>2020-04-19T10:53:46Z</time>
   </trkpt>
   <trkpt lat="51.1237860" lon="-0.5724730">
    <ele>55.5</ele>
    <time>2020-04-19T10:53:48Z</time>
   </trkpt>
   <trkpt lat="51.1237810" lon="-0.5724780">
    <ele>55.6</ele>
    <time>2020-04-19T10:53:49Z</time>
   </trkpt>
   <trkpt lat="51.1237570" lon="-0.5724880">
    <ele>55.7</ele>
    <time>2020-04-19T10:53:51Z</time>
   </trkpt>
   <trkpt lat="51.1237170" lon="-0.5724980">
    <ele>55.9</ele>
    <time>2020-04-19T10:53:53Z</time>
   </trkpt>
   <trkpt lat="51.1236930" lon="-0.5725050">
    <ele>56.0</ele>
    <time>2020-04-19T10:53:55Z</time>
   </trkpt>
   <trkpt lat="51.1236670" lon="-0.5725150">
    <ele>56.1</ele>
    <time>2020-04-19T10:53:57Z</time>
   </trkpt>
   <trkpt lat="51.1236400" lon="-0.5725290">
    <ele>56.2</ele>
    <time>2020-04-19T10:53:58Z</time>
   </trkpt>
   <trkpt lat="51.1236270" lon="-0.5725320">
    <ele>56.3</ele>
    <time>2020-04-19T10:53:59Z</time>
   </trkpt>
   <trkpt lat="51.1235880" lon="-0.5725420">
    <ele>56.4</ele>
    <time>2020-04-19T10:54:01Z</time>
   </trkpt>
   <trkpt lat="51.1235250" lon="-0.5725770">
    <ele>56.7</ele>
    <time>2020-04-19T10:54:03Z</time>
   </trkpt>
   <trkpt lat="51.1235130" lon="-0.5725830">
    <ele>56.8</ele>
    <time>2020-04-19T10:54:04Z</time>
   </trkpt>
   <trkpt lat="51.1234780" lon="-0.5725900">
    <ele>56.9</ele>
    <time>2020-04-19T10:54:06Z</time>
   </trkpt>
   <trkpt lat="51.1234160" lon="-0.5726150">
    <ele>57.1</ele>
    <time>2020-04-19T10:54:08Z</time>
   </trkpt>
   <trkpt lat="51.1234020" lon="-0.5726210">
    <ele>57.2</ele>
    <time>2020-04-19T10:54:09Z</time>
   </trkpt>
   <trkpt lat="51.1233690" lon="-0.5726430">
    <ele>57.3</ele>
    <time>2020-04-19T10:54:11Z</time>
   </trkpt>
   <trkpt lat="51.1233330" lon="-0.5726610">
    <ele>57.3</ele>
    <time>2020-04-19T10:54:13Z</time>
   </trkpt>
   <trkpt lat="51.1233230" lon="-0.5726640">
    <ele>57.3</ele>
    <time>2020-04-19T10:54:14Z</time>
   </trkpt>
   <trkpt lat="51.1232990" lon="-0.5726740">
    <ele>57.4</ele>
    <time>2020-04-19T10:54:16Z</time>
   </trkpt>
   <trkpt lat="51.1232850" lon="-0.5726780">
    <ele>57.4</ele>
    <time>2020-04-19T10:54:17Z</time>
   </trkpt>
   <trkpt lat="51.1232650" lon="-0.5726770">
    <ele>57.4</ele>
    <time>2020-04-19T10:54:18Z</time>
   </trkpt>
   <trkpt lat="51.1232540" lon="-0.5726810">
    <ele>57.4</ele>
    <time>2020-04-19T10:54:20Z</time>
   </trkpt>
   <trkpt lat="51.1232430" lon="-0.5726890">
    <ele>57.4</ele>
    <time>2020-04-19T10:54:22Z</time>
   </trkpt>
   <trkpt lat="51.1232370" lon="-0.5726920">
    <ele>57.4</ele>
    <time>2020-04-19T10:54:23Z</time>
   </trkpt>
   <trkpt lat="51.1232220" lon="-0.5727030">
    <ele>57.4</ele>
    <time>2020-04-19T10:54:25Z</time>
   </trkpt>
   <trkpt lat="51.1232140" lon="-0.5727050">
    <ele>57.4</ele>
    <time>2020-04-19T10:54:26Z</time>
   </trkpt>
   <trkpt lat="51.1231950" lon="-0.5727050">
    <ele>57.5</ele>
    <time>2020-04-19T10:54:28Z</time>
   </trkpt>
   <trkpt lat="51.1231940" lon="-0.5727130">
    <ele>57.5</ele>
    <time>2020-04-19T10:54:29Z</time>
   </trkpt>
   <trkpt lat="51.1231810" lon="-0.5727270">
    <ele>57.5</ele>
    <time>2020-04-19T10:54:31Z</time>
   </trkpt>
   <trkpt lat="51.1231700" lon="-0.5727300">
    <ele>57.5</ele>
    <time>2020-04-19T10:54:32Z</time>
   </trkpt>
   <trkpt lat="51.1231570" lon="-0.5727320">
    <ele>57.5</ele>
    <time>2020-04-19T10:54:33Z</time>
   </trkpt>
   <trkpt lat="51.1231300" lon="-0.5727400">
    <ele>57.5</ele>
    <time>2020-04-19T10:54:35Z</time>
   </trkpt>
   <trkpt lat="51.1231240" lon="-0.5727440">
    <ele>57.5</ele>
    <time>2020-04-19T10:54:36Z</time>
   </trkpt>
   <trkpt lat="51.1231220" lon="-0.5727470">
    <ele>57.5</ele>
    <time>2020-04-19T10:54:38Z</time>
   </trkpt>
   <trkpt lat="51.1231200" lon="-0.5727470">
    <ele>57.5</ele>
    <time>2020-04-19T10:54:39Z</time>
   </trkpt>
   <trkpt lat="51.1231070" lon="-0.5727410">
    <ele>57.5</ele>
    <time>2020-04-19T10:54:41Z</time>
   </trkpt>
   <trkpt lat="51.1230860" lon="-0.5727440">
    <ele>57.4</ele>
    <time>2020-04-19T10:54:43Z</time>
   </trkpt>
   <trkpt lat="51.1230690" lon="-0.5727540">
    <ele>57.4</ele>
    <time>2020-04-19T10:54:44Z</time>
   </trkpt>
   <trkpt lat="51.1230480" lon="-0.5727710">
    <ele>57.4</ele>
    <time>2020-04-19T10:54:46Z</time>
   </trkpt>
   <trkpt lat="51.1230200" lon="-0.5727900">
    <ele>57.4</ele>
    <time>2020-04-19T10:54:48Z</time>
   </trkpt>
   <trkpt lat="51.1230000" lon="-0.5727970">
    <ele>57.4</ele>
    <time>2020-04-19T10:54:49Z</time>
   </trkpt>
   <trkpt lat="51.1229910" lon="-0.5728010">
    <ele>57.4</ele>
    <time>2020-04-19T10:54:50Z</time>
   </trkpt>
   <trkpt lat="51.1229700" lon="-0.5728090">
    <ele>57.4</ele>
    <time>2020-04-19T10:54:52Z</time>
   </trkpt>
   <trkpt lat="51.1229580" lon="-0.5728100">
    <ele>57.4</ele>
    <time>2020-04-19T10:54:53Z</time>
   </trkpt>
   <trkpt lat="51.1229400" lon="-0.5728100">
    <ele>57.4</ele>
    <time>2020-04-19T10:54:54Z</time>
   </trkpt>
   <trkpt lat="51.1229320" lon="-0.5728120">
    <ele>57.4</ele>
    <time>2020-04-19T10:54:55Z</time>
   </trkpt>
   <trkpt lat="51.1229220" lon="-0.5728160">
    <ele>57.4</ele>
    <time>2020-04-19T10:54:56Z</time>
   </trkpt>
   <trkpt lat="51.1228850" lon="-0.5728090">
    <ele>57.3</ele>
    <time>2020-04-19T10:54:58Z</time>
   </trkpt>
   <trkpt lat="51.1228730" lon="-0.5728040">
    <ele>57.3</ele>
    <time>2020-04-19T10:54:59Z</time>
   </trkpt>
   <trkpt lat="51.1228610" lon="-0.5728020">
    <ele>57.3</ele>
    <time>2020-04-19T10:55:00Z</time>
   </trkpt>
   <trkpt lat="51.1228320" lon="-0.5728070">
    <ele>57.3</ele>
    <time>2020-04-19T10:55:02Z</time>
   </trkpt>
   <trkpt lat="51.1228190" lon="-0.5728120">
    <ele>57.3</ele>
    <time>2020-04-19T10:55:03Z</time>
   </trkpt>
   <trkpt lat="51.1227990" lon="-0.5728200">
    <ele>57.3</ele>
    <time>2020-04-19T10:55:04Z</time>
   </trkpt>
   <trkpt lat="51.1227750" lon="-0.5728190">
    <ele>57.3</ele>
    <time>2020-04-19T10:55:06Z</time>
   </trkpt>
   <trkpt lat="51.1227420" lon="-0.5728100">
    <ele>57.3</ele>
    <time>2020-04-19T10:55:08Z</time>
   </trkpt>
   <trkpt lat="51.1227220" lon="-0.5728020">
    <ele>57.3</ele>
    <time>2020-04-19T10:55:09Z</time>
   </trkpt>
   <trkpt lat="51.1226960" lon="-0.5727950">
    <ele>57.3</ele>
    <time>2020-04-19T10:55:11Z</time>
   </trkpt>
   <trkpt lat="51.1226830" lon="-0.5727940">
    <ele>57.3</ele>
    <time>2020-04-19T10:55:12Z</time>
   </trkpt>
   <trkpt lat="51.1226570" lon="-0.5727960">
    <ele>57.3</ele>
    <time>2020-04-19T10:55:14Z</time>
   </trkpt>
   <trkpt lat="51.1226480" lon="-0.5727970">
    <ele>57.2</ele>
    <time>2020-04-19T10:55:15Z</time>
   </trkpt>
   <trkpt lat="51.1226360" lon="-0.5727980">
    <ele>57.2</ele>
    <time>2020-04-19T10:55:16Z</time>
   </trkpt>
   <trkpt lat="51.1226220" lon="-0.5727980">
    <ele>57.2</ele>
    <time>2020-04-19T10:55:17Z</time>
   </trkpt>
   <trkpt lat="51.1226070" lon="-0.5727970">
    <ele>57.2</ele>
    <time>2020-04-19T10:55:18Z</time>
   </trkpt>
   <trkpt lat="51.1225700" lon="-0.5727920">
    <ele>57.2</ele>
    <time>2020-04-19T10:55:20Z</time>
   </trkpt>
   <trkpt lat="51.1225550" lon="-0.5727870">
    <ele>57.2</ele>
    <time>2020-04-19T10:55:21Z</time>
   </trkpt>
   <trkpt lat="51.1225240" lon="-0.5727720">
    <ele>57.2</ele>
    <time>2020-04-19T10:55:23Z</time>
   </trkpt>
   <trkpt lat="51.1224990" lon="-0.5727510">
    <ele>57.2</ele>
    <time>2020-04-19T10:55:24Z</time>
   </trkpt>
   <trkpt lat="51.1224680" lon="-0.5727350">
    <ele>57.2</ele>
    <time>2020-04-19T10:55:26Z</time>
   </trkpt>
   <trkpt lat="51.1224410" lon="-0.5727060">
    <ele>57.2</ele>
    <time>2020-04-19T10:55:28Z</time>
   </trkpt>
   <trkpt lat="51.1224070" lon="-0.5726900">
    <ele>57.2</ele>
    <time>2020-04-19T10:55:30Z</time>
   </trkpt>
   <trkpt lat="51.1223940" lon="-0.5726850">
    <ele>57.2</ele>
    <time>2020-04-19T10:55:31Z</time>
   </trkpt>
   <trkpt lat="51.1223670" lon="-0.5726760">
    <ele>57.2</ele>
    <time>2020-04-19T10:55:33Z</time>
   </trkpt>
   <trkpt lat="51.1223460" lon="-0.5726660">
    <ele>57.1</ele>
    <time>2020-04-19T10:55:34Z</time>
   </trkpt>
   <trkpt lat="51.1223360" lon="-0.5726620">
    <ele>57.1</ele>
    <time>2020-04-19T10:55:35Z</time>
   </trkpt>
   <trkpt lat="51.1223120" lon="-0.5726470">
    <ele>57.1</ele>
    <time>2020-04-19T10:55:37Z</time>
   </trkpt>
   <trkpt lat="51.1222770" lon="-0.5726360">
    <ele>57.1</ele>
    <time>2020-04-19T10:55:39Z</time>
   </trkpt>
   <trkpt lat="51.1222660" lon="-0.5726320">
    <ele>57.1</ele>
    <time>2020-04-19T10:55:40Z</time>
   </trkpt>
   <trkpt lat="51.1222450" lon="-0.5726190">
    <ele>57.1</ele>
    <time>2020-04-19T10:55:42Z</time>
   </trkpt>
   <trkpt lat="51.1222350" lon="-0.5726110">
    <ele>57.1</ele>
    <time>2020-04-19T10:55:43Z</time>
   </trkpt>
   <trkpt lat="51.1222100" lon="-0.5726080">
    <ele>57.0</ele>
    <time>2020-04-19T10:55:45Z</time>
   </trkpt>
   <trkpt lat="51.1221960" lon="-0.5726080">
    <ele>57.0</ele>
    <time>2020-04-19T10:55:46Z</time>
   </trkpt>
   <trkpt lat="51.1221700" lon="-0.5726040">
    <ele>57.0</ele>
    <time>2020-04-19T10:55:48Z</time>
   </trkpt>
   <trkpt lat="51.1221370" lon="-0.5726000">
    <ele>56.9</ele>
    <time>2020-04-19T10:55:50Z</time>
   </trkpt>
   <trkpt lat="51.1221160" lon="-0.5725930">
    <ele>56.9</ele>
    <time>2020-04-19T10:55:52Z</time>
   </trkpt>
   <trkpt lat="51.1221080" lon="-0.5725870">
    <ele>56.9</ele>
    <time>2020-04-19T10:55:53Z</time>
   </trkpt>
   <trkpt lat="51.1220820" lon="-0.5725880">
    <ele>56.8</ele>
    <time>2020-04-19T10:55:54Z</time>
   </trkpt>
   <trkpt lat="51.1220690" lon="-0.5725920">
    <ele>56.8</ele>
    <time>2020-04-19T10:55:56Z</time>
   </trkpt>
   <trkpt lat="51.1220550" lon="-0.5725970">
    <ele>56.8</ele>
    <time>2020-04-19T10:55:58Z</time>
   </trkpt>
   <trkpt lat="51.1220410" lon="-0.5726010">
    <ele>56.8</ele>
    <time>2020-04-19T10:55:59Z</time>
   </trkpt>
   <trkpt lat="51.1220210" lon="-0.5726010">
    <ele>56.7</ele>
    <time>2020-04-19T10:56:01Z</time>
   </trkpt>
   <trkpt lat="51.1220010" lon="-0.5725950">
    <ele>56.7</ele>
    <time>2020-04-19T10:56:03Z</time>
   </trkpt>
   <trkpt lat="51.1219880" lon="-0.5725970">
    <ele>56.7</ele>
    <time>2020-04-19T10:56:04Z</time>
   </trkpt>
   <trkpt lat="51.1219780" lon="-0.5725990">
    <ele>56.6</ele>
    <time>2020-04-19T10:56:05Z</time>
   </trkpt>
   <trkpt lat="51.1219530" lon="-0.5725990">
    <ele>56.6</ele>
    <time>2020-04-19T10:56:07Z</time>
   </trkpt>
   <trkpt lat="51.1219220" lon="-0.5726000">
    <ele>56.5</ele>
    <time>2020-04-19T10:56:09Z</time>
   </trkpt>
   <trkpt lat="51.1219000" lon="-0.5725890">
    <ele>56.5</ele>
    <time>2020-04-19T10:56:11Z</time>
   </trkpt>
   <trkpt lat="51.1218790" lon="-0.5725690">
    <ele>56.5</ele>
    <time>2020-04-19T10:56:13Z</time>
   </trkpt>
   <trkpt lat="51.1218610" lon="-0.5725550">
    <ele>56.5</ele>
    <time>2020-04-19T10:56:14Z</time>
   </trkpt>
   <trkpt lat="51.1218540" lon="-0.5725520">
    <ele>56.5</ele>
    <time>2020-04-19T10:56:15Z</time>
   </trkpt>
   <trkpt lat="51.1218420" lon="-0.5725440">
    <ele>56.4</ele>
    <time>2020-04-19T10:56:16Z</time>
   </trkpt>
   <trkpt lat="51.1218290" lon="-0.5725320">
    <ele>56.4</ele>
    <time>2020-04-19T10:56:17Z</time>
   </trkpt>
   <trkpt lat="51.1217970" lon="-0.5725010">
    <ele>56.4</ele>
    <time>2020-04-19T10:56:19Z</time>
   </trkpt>
   <trkpt lat="51.1217850" lon="-0.5724900">
    <ele>56.4</ele>
    <time>2020-04-19T10:56:20Z</time>
   </trkpt>
   <trkpt lat="51.1217730" lon="-0.5724760">
    <ele>56.4</ele>
    <time>2020-04-19T10:56:21Z</time>
   </trkpt>
   <trkpt lat="51.1217630" lon="-0.5724610">
    <ele>56.4</ele>
    <time>2020-04-19T10:56:22Z</time>
   </trkpt>
   <trkpt lat="51.1217340" lon="-0.5724300">
    <ele>56.4</ele>
    <time>2020-04-19T10:56:24Z</time>
   </trkpt>
   <trkpt lat="51.1217260" lon="-0.5724260">
    <ele>56.4</ele>
    <time>2020-04-19T10:56:25Z</time>
   </trkpt>
   <trkpt lat="51.1216980" lon="-0.5724090">
    <ele>56.4</ele>
    <time>2020-04-19T10:56:27Z</time>
   </trkpt>
   <trkpt lat="51.1216610" lon="-0.5723850">
    <ele>56.3</ele>
    <time>2020-04-19T10:56:29Z</time>
   </trkpt>
   <trkpt lat="51.1216380" lon="-0.5723750">
    <ele>56.3</ele>
    <time>2020-04-19T10:56:31Z</time>
   </trkpt>
   <trkpt lat="51.1216150" lon="-0.5723520">
    <ele>56.3</ele>
    <time>2020-04-19T10:56:33Z</time>
   </trkpt>
   <trkpt lat="51.1215920" lon="-0.5723400">
    <ele>56.3</ele>
    <time>2020-04-19T10:56:34Z</time>
   </trkpt>
   <trkpt lat="51.1215690" lon="-0.5723290">
    <ele>56.3</ele>
    <time>2020-04-19T10:56:36Z</time>
   </trkpt>
   <trkpt lat="51.1215550" lon="-0.5723160">
    <ele>56.3</ele>
    <time>2020-04-19T10:56:37Z</time>
   </trkpt>
   <trkpt lat="51.1215110" lon="-0.5723010">
    <ele>56.3</ele>
    <time>2020-04-19T10:56:39Z</time>
   </trkpt>
   <trkpt lat="51.1214920" lon="-0.5722910">
    <ele>56.3</ele>
    <time>2020-04-19T10:56:41Z</time>
   </trkpt>
   <trkpt lat="51.1214820" lon="-0.5722810">
    <ele>56.3</ele>
    <time>2020-04-19T10:56:42Z</time>
   </trkpt>
   <trkpt lat="51.1214540" lon="-0.5722780">
    <ele>56.3</ele>
    <time>2020-04-19T10:56:44Z</time>
   </trkpt>
   <trkpt lat="51.1214440" lon="-0.5722750">
    <ele>56.3</ele>
    <time>2020-04-19T10:56:45Z</time>
   </trkpt>
   <trkpt lat="51.1214320" lon="-0.5722690">
    <ele>56.3</ele>
    <time>2020-04-19T10:56:46Z</time>
   </trkpt>
   <trkpt lat="51.1214090" lon="-0.5722570">
    <ele>56.3</ele>
    <time>2020-04-19T10:56:48Z</time>
   </trkpt>
   <trkpt lat="51.1213900" lon="-0.5722360">
    <ele>56.3</ele>
    <time>2020-04-19T10:56:49Z</time>
   </trkpt>
   <trkpt lat="51.1213800" lon="-0.5722120">
    <ele>56.2</ele>
    <time>2020-04-19T10:56:51Z</time>
   </trkpt>
   <trkpt lat="51.1213710" lon="-0.5721980">
    <ele>56.2</ele>
    <time>2020-04-19T10:56:52Z</time>
   </trkpt>
   <trkpt lat="51.1213440" lon="-0.5721650">
    <ele>56.2</ele>
    <time>2020-04-19T10:56:54Z</time>
   </trkpt>
   <trkpt lat="51.1213270" lon="-0.5721460">
    <ele>56.2</ele>
    <time>2020-04-19T10:56:55Z</time>
   </trkpt>
   <trkpt lat="51.1213180" lon="-0.5721400">
    <ele>56.2</ele>
    <time>2020-04-19T10:56:57Z</time>
   </trkpt>
   <trkpt lat="51.1212870" lon="-0.5721340">
    <ele>56.2</ele>
    <time>2020-04-19T10:56:59Z</time>
   </trkpt>
   <trkpt lat="51.1212770" lon="-0.5721310">
    <ele>56.2</ele>
    <time>2020-04-19T10:57:00Z</time>
   </trkpt>
   <trkpt lat="51.1212550" lon="-0.5721150">
    <ele>56.2</ele>
    <time>2020-04-19T10:57:02Z</time>
   </trkpt>
   <trkpt lat="51.1212250" lon="-0.5720840">
    <ele>56.2</ele>
    <time>2020-04-19T10:57:04Z</time>
   </trkpt>
   <trkpt lat="51.1212080" lon="-0.5720490">
    <ele>56.2</ele>
    <time>2020-04-19T10:57:06Z</time>
   </trkpt>
   <trkpt lat="51.1211960" lon="-0.5720300">
    <ele>56.2</ele>
    <time>2020-04-19T10:57:07Z</time>
   </trkpt>
   <trkpt lat="51.1211600" lon="-0.5719970">
    <ele>56.2</ele>
    <time>2020-04-19T10:57:09Z</time>
   </trkpt>
   <trkpt lat="51.1211310" lon="-0.5719790">
    <ele>56.3</ele>
    <time>2020-04-19T10:57:11Z</time>
   </trkpt>
   <trkpt lat="51.1211240" lon="-0.5719760">
    <ele>56.3</ele>
    <time>2020-04-19T10:57:12Z</time>
   </trkpt>
   <trkpt lat="51.1211160" lon="-0.5719640">
    <ele>56.3</ele>
    <time>2020-04-19T10:57:14Z</time>
   </trkpt>
   <trkpt lat="51.1211060" lon="-0.5719760">
    <ele>56.3</ele>
    <time>2020-04-19T10:57:16Z</time>
   </trkpt>
   <trkpt lat="51.1210860" lon="-0.5719860">
    <ele>56.3</ele>
    <time>2020-04-19T10:57:18Z</time>
   </trkpt>
   <trkpt lat="51.1210610" lon="-0.5719630">
    <ele>56.4</ele>
    <time>2020-04-19T10:57:19Z</time>
   </trkpt>
   <trkpt lat="51.1210540" lon="-0.5719570">
    <ele>56.4</ele>
    <time>2020-04-19T10:57:20Z</time>
   </trkpt>
   <trkpt lat="51.1210200" lon="-0.5719230">
    <ele>56.4</ele>
    <time>2020-04-19T10:57:22Z</time>
   </trkpt>
   <trkpt lat="51.1209800" lon="-0.5718900">
    <ele>56.5</ele>
    <time>2020-04-19T10:57:24Z</time>
   </trkpt>
   <trkpt lat="51.1209590" lon="-0.5718720">
    <ele>56.5</ele>
    <time>2020-04-19T10:57:26Z</time>
   </trkpt>
   <trkpt lat="51.1209360" lon="-0.5718540">
    <ele>56.5</ele>
    <time>2020-04-19T10:57:28Z</time>
   </trkpt>
   <trkpt lat="51.1209110" lon="-0.5718290">
    <ele>56.5</ele>
    <time>2020-04-19T10:57:29Z</time>
   </trkpt>
   <trkpt lat="51.1208920" lon="-0.5717960">
    <ele>56.6</ele>
    <time>2020-04-19T10:57:30Z</time>
   </trkpt>
   <trkpt lat="51.1208790" lon="-0.5717740">
    <ele>56.6</ele>
    <time>2020-04-19T10:57:32Z</time>
   </trkpt>
   <trkpt lat="51.1208660" lon="-0.5717530">
    <ele>56.6</ele>
    <time>2020-04-19T10:57:34Z</time>
   </trkpt>
   <trkpt lat="51.1208530" lon="-0.5717310">
    <ele>56.6</ele>
    <time>2020-04-19T10:57:35Z</time>
   </trkpt>
   <trkpt lat="51.1208440" lon="-0.5717270">
    <ele>56.6</ele>
    <time>2020-04-19T10:57:36Z</time>
   </trkpt>
   <trkpt lat="51.1208210" lon="-0.5717180">
    <ele>56.6</ele>
    <time>2020-04-19T10:57:38Z</time>
   </trkpt>
   <trkpt lat="51.1207810" lon="-0.5716960">
    <ele>56.6</ele>
    <time>2020-04-19T10:57:40Z</time>
   </trkpt>
   <trkpt lat="51.1207550" lon="-0.5716820">
    <ele>56.6</ele>
    <time>2020-04-19T10:57:42Z</time>
   </trkpt>
   <trkpt lat="51.1207380" lon="-0.5716770">
    <ele>56.5</ele>
    <time>2020-04-19T10:57:43Z</time>
   </trkpt>
   <trkpt lat="51.1206960" lon="-0.5716850">
    <ele>56.5</ele>
    <time>2020-04-19T10:57:45Z</time>
   </trkpt>
   <trkpt lat="51.1206720" lon="-0.5716770">
    <ele>56.5</ele>
    <time>2020-04-19T10:57:47Z</time>
   </trkpt>
   <trkpt lat="51.1206630" lon="-0.5716700">
    <ele>56.4</ele>
    <time>2020-04-19T10:57:48Z</time>
   </trkpt>
   <trkpt lat="51.1206310" lon="-0.5716450">
    <ele>56.3</ele>
    <time>2020-04-19T10:57:50Z</time>
   </trkpt>
   <trkpt lat="51.1206130" lon="-0.5716450">
    <ele>56.3</ele>
    <time>2020-04-19T10:57:52Z</time>
   </trkpt>
   <trkpt lat="51.1206020" lon="-0.5716500">
    <ele>56.3</ele>
    <time>2020-04-19T10:57:53Z</time>
   </trkpt>
   <trkpt lat="51.1205510" lon="-0.5716440">
    <ele>56.2</ele>
    <time>2020-04-19T10:57:55Z</time>
   </trkpt>
   <trkpt lat="51.1205350" lon="-0.5716430">
    <ele>56.1</ele>
    <time>2020-04-19T10:57:57Z</time>
   </trkpt>
   <trkpt lat="51.1205190" lon="-0.5716420">
    <ele>56.1</ele>
    <time>2020-04-19T10:57:58Z</time>
   </trkpt>
   <trkpt lat="51.1204980" lon="-0.5716420">
    <ele>56.0</ele>
    <time>2020-04-19T10:58:00Z</time>
   </trkpt>
   <trkpt lat="51.1204890" lon="-0.5716370">
    <ele>56.0</ele>
    <time>2020-04-19T10:58:01Z</time>
   </trkpt>
   <trkpt lat="51.1204760" lon="-0.5716290">
    <ele>55.9</ele>
    <time>2020-04-19T10:58:02Z</time>
   </trkpt>
   <trkpt lat="51.1204590" lon="-0.5715980">
    <ele>55.8</ele>
    <time>2020-04-19T10:58:04Z</time>
   </trkpt>
   <trkpt lat="51.1204400" lon="-0.5715660">
    <ele>55.7</ele>
    <time>2020-04-19T10:58:05Z</time>
   </trkpt>
   <trkpt lat="51.1204340" lon="-0.5715330">
    <ele>55.7</ele>
    <time>2020-04-19T10:58:07Z</time>
   </trkpt>
   <trkpt lat="51.1204190" lon="-0.5715140">
    <ele>55.6</ele>
    <time>2020-04-19T10:58:09Z</time>
   </trkpt>
   <trkpt lat="51.1204020" lon="-0.5715090">
    <ele>55.5</ele>
    <time>2020-04-19T10:58:10Z</time>
   </trkpt>
   <trkpt lat="51.1203910" lon="-0.5715060">
    <ele>55.5</ele>
    <time>2020-04-19T10:58:11Z</time>
   </trkpt>
   <trkpt lat="51.1203790" lon="-0.5715050">
    <ele>55.4</ele>
    <time>2020-04-19T10:58:12Z</time>
   </trkpt>
   <trkpt lat="51.1203500" lon="-0.5714980">
    <ele>55.3</ele>
    <time>2020-04-19T10:58:14Z</time>
   </trkpt>
   <trkpt lat="51.1203190" lon="-0.5714810">
    <ele>55.2</ele>
    <time>2020-04-19T10:58:15Z</time>
   </trkpt>
   <trkpt lat="51.1202890" lon="-0.5714700">
    <ele>55.1</ele>
    <time>2020-04-19T10:58:17Z</time>
   </trkpt>
   <trkpt lat="51.1202810" lon="-0.5714680">
    <ele>55.0</ele>
    <time>2020-04-19T10:58:18Z</time>
   </trkpt>
   <trkpt lat="51.1202360" lon="-0.5714570">
    <ele>54.9</ele>
    <time>2020-04-19T10:58:20Z</time>
   </trkpt>
   <trkpt lat="51.1202230" lon="-0.5714550">
    <ele>54.8</ele>
    <time>2020-04-19T10:58:21Z</time>
   </trkpt>
   <trkpt lat="51.1201920" lon="-0.5714510">
    <ele>54.7</ele>
    <time>2020-04-19T10:58:23Z</time>
   </trkpt>
   <trkpt lat="51.1201480" lon="-0.5714390">
    <ele>54.5</ele>
    <time>2020-04-19T10:58:25Z</time>
   </trkpt>
   <trkpt lat="51.1201230" lon="-0.5714320">
    <ele>54.4</ele>
    <time>2020-04-19T10:58:27Z</time>
   </trkpt>
   <trkpt lat="51.1200930" lon="-0.5714270">
    <ele>54.2</ele>
    <time>2020-04-19T10:58:29Z</time>
   </trkpt>
   <trkpt lat="51.1200640" lon="-0.5714140">
    <ele>54.1</ele>
    <time>2020-04-19T10:58:30Z</time>
   </trkpt>
   <trkpt lat="51.1200310" lon="-0.5713990">
    <ele>54.0</ele>
    <time>2020-04-19T10:58:32Z</time>
   </trkpt>
   <trkpt lat="51.1200230" lon="-0.5713970">
    <ele>53.9</ele>
    <time>2020-04-19T10:58:33Z</time>
   </trkpt>
   <trkpt lat="51.1199830" lon="-0.5714150">
    <ele>53.8</ele>
    <time>2020-04-19T10:58:35Z</time>
   </trkpt>
   <trkpt lat="51.1199520" lon="-0.5714210">
    <ele>53.6</ele>
    <time>2020-04-19T10:58:37Z</time>
   </trkpt>
   <trkpt lat="51.1199450" lon="-0.5714200">
    <ele>53.6</ele>
    <time>2020-04-19T10:58:38Z</time>
   </trkpt>
   <trkpt lat="51.1199040" lon="-0.5714240">
    <ele>53.4</ele>
    <time>2020-04-19T10:58:40Z</time>
   </trkpt>
   <trkpt lat="51.1198920" lon="-0.5714260">
    <ele>53.4</ele>
    <time>2020-04-19T10:58:41Z</time>
   </trkpt>
   <trkpt lat="51.1198660" lon="-0.5714340">
    <ele>53.3</ele>
    <time>2020-04-19T10:58:43Z</time>
   </trkpt>
   <trkpt lat="51.1198230" lon="-0.5714590">
    <ele>53.1</ele>
    <time>2020-04-19T10:58:45Z</time>
   </trkpt>
   <trkpt lat="51.1198050" lon="-0.5714730">
    <ele>53.0</ele>
    <time>2020-04-19T10:58:47Z</time>
   </trkpt>
   <trkpt lat="51.1198020" lon="-0.5714650">
    <ele>53.0</ele>
    <time>2020-04-19T10:58:49Z</time>
   </trkpt>
   <trkpt lat="51.1198070" lon="-0.5714520">
    <ele>53.0</ele>
    <time>2020-04-19T10:58:50Z</time>
   </trkpt>
   <trkpt lat="51.1198160" lon="-0.5714480">
    <ele>53.0</ele>
    <time>2020-04-19T10:58:52Z</time>
   </trkpt>
   <trkpt lat="51.1198330" lon="-0.5714500">
    <ele>52.9</ele>
    <time>2020-04-19T10:58:54Z</time>
   </trkpt>
   <trkpt lat="51.1198430" lon="-0.5714530">
    <ele>52.9</ele>
    <time>2020-04-19T10:58:55Z</time>
   </trkpt>
   <trkpt lat="51.1198480" lon="-0.5714570">
    <ele>52.8</ele>
    <time>2020-04-19T10:58:57Z</time>
   </trkpt>
   <trkpt lat="51.1198380" lon="-0.5714600">
    <ele>52.8</ele>
    <time>2020-04-19T10:58:59Z</time>
   </trkpt>
   <trkpt lat="51.1198190" lon="-0.5714510">
    <ele>52.7</ele>
    <time>2020-04-19T10:59:00Z</time>
   </trkpt>
   <trkpt lat="51.1198120" lon="-0.5714470">
    <ele>52.7</ele>
    <time>2020-04-19T10:59:01Z</time>
   </trkpt>
   <trkpt lat="51.1198050" lon="-0.5714420">
    <ele>52.7</ele>
    <time>2020-04-19T10:59:02Z</time>
   </trkpt>
   <trkpt lat="51.1197930" lon="-0.5714360">
    <ele>52.6</ele>
    <time>2020-04-19T10:59:03Z</time>
   </trkpt>
   <trkpt lat="51.1197550" lon="-0.5714240">
    <ele>52.5</ele>
    <time>2020-04-19T10:59:05Z</time>
   </trkpt>
   <trkpt lat="51.1197210" lon="-0.5714200">
    <ele>52.4</ele>
    <time>2020-04-19T10:59:07Z</time>
   </trkpt>
   <trkpt lat="51.1197140" lon="-0.5714190">
    <ele>52.3</ele>
    <time>2020-04-19T10:59:08Z</time>
   </trkpt>
   <trkpt lat="51.1196700" lon="-0.5714090">
    <ele>52.2</ele>
    <time>2020-04-19T10:59:10Z</time>
   </trkpt>
   <trkpt lat="51.1196580" lon="-0.5714040">
    <ele>52.1</ele>
    <time>2020-04-19T10:59:11Z</time>
   </trkpt>
   <trkpt lat="51.1196330" lon="-0.5713950">
    <ele>52.0</ele>
    <time>2020-04-19T10:59:13Z</time>
   </trkpt>
   <trkpt lat="51.1195880" lon="-0.5713830">
    <ele>51.9</ele>
    <time>2020-04-19T10:59:15Z</time>
   </trkpt>
   <trkpt lat="51.1195660" lon="-0.5713790">
    <ele>51.8</ele>
    <time>2020-04-19T10:59:17Z</time>
   </trkpt>
   <trkpt lat="51.1195430" lon="-0.5713800">
    <ele>51.7</ele>
    <time>2020-04-19T10:59:19Z</time>
   </trkpt>
   <trkpt lat="51.1195160" lon="-0.5713810">
    <ele>51.6</ele>
    <time>2020-04-19T10:59:20Z</time>
   </trkpt>
   <trkpt lat="51.1195020" lon="-0.5713750">
    <ele>51.5</ele>
    <time>2020-04-19T10:59:22Z</time>
   </trkpt>
   <trkpt lat="51.1194930" lon="-0.5713720">
    <ele>51.5</ele>
    <time>2020-04-19T10:59:23Z</time>
   </trkpt>
   <trkpt lat="51.1194730" lon="-0.5713600">
    <ele>51.4</ele>
    <time>2020-04-19T10:59:25Z</time>
   </trkpt>
   <trkpt lat="51.1194660" lon="-0.5713580">
    <ele>51.3</ele>
    <time>2020-04-19T10:59:26Z</time>
   </trkpt>
   <trkpt lat="51.1194540" lon="-0.5713580">
    <ele>51.3</ele>
    <time>2020-04-19T10:59:27Z</time>
   </trkpt>
   <trkpt lat="51.1194420" lon="-0.5713610">
    <ele>51.2</ele>
    <time>2020-04-19T10:59:28Z</time>
   </trkpt>
   <trkpt lat="51.1194020" lon="-0.5713800">
    <ele>51.1</ele>
    <time>2020-04-19T10:59:30Z</time>
   </trkpt>
   <trkpt lat="51.1193900" lon="-0.5713920">
    <ele>51.0</ele>
    <time>2020-04-19T10:59:32Z</time>
   </trkpt>
   <trkpt lat="51.1193670" lon="-0.5714030">
    <ele>50.9</ele>
    <time>2020-04-19T10:59:34Z</time>
   </trkpt>
   <trkpt lat="51.1193440" lon="-0.5714090">
    <ele>50.8</ele>
    <time>2020-04-19T10:59:35Z</time>
   </trkpt>
   <trkpt lat="51.1193200" lon="-0.5714080">
    <ele>50.8</ele>
    <time>2020-04-19T10:59:37Z</time>
   </trkpt>
   <trkpt lat="51.1192930" lon="-0.5713940">
    <ele>50.6</ele>
    <time>2020-04-19T10:59:39Z</time>
   </trkpt>
   <trkpt lat="51.1192650" lon="-0.5713770">
    <ele>50.5</ele>
    <time>2020-04-19T10:59:40Z</time>
   </trkpt>
   <trkpt lat="51.1192460" lon="-0.5713760">
    <ele>50.4</ele>
    <time>2020-04-19T10:59:41Z</time>
   </trkpt>
   <trkpt lat="51.1192360" lon="-0.5713790">
    <ele>50.3</ele>
    <time>2020-04-19T10:59:42Z</time>
   </trkpt>
   <trkpt lat="51.1192260" lon="-0.5713810">
    <ele>50.3</ele>
    <time>2020-04-19T10:59:43Z</time>
   </trkpt>
   <trkpt lat="51.1191830" lon="-0.5714180">
    <ele>50.3</ele>
    <time>2020-04-19T10:59:44Z</time>
   </trkpt>
   <trkpt lat="51.1191750" lon="-0.5714420">
    <ele>50.3</ele>
    <time>2020-04-19T10:59:45Z</time>
   </trkpt>
   <trkpt lat="51.1191710" lon="-0.5714990">
    <ele>50.4</ele>
    <time>2020-04-19T10:59:47Z</time>
   </trkpt>
   <trkpt lat="51.1191690" lon="-0.5715370">
    <ele>50.4</ele>
    <time>2020-04-19T10:59:48Z</time>
   </trkpt>
   <trkpt lat="51.1191690" lon="-0.5715680">
    <ele>50.4</ele>
    <time>2020-04-19T10:59:50Z</time>
   </trkpt>
   <trkpt lat="51.1191690" lon="-0.5716330">
    <ele>50.4</ele>
    <time>2020-04-19T10:59:51Z</time>
   </trkpt>
   <trkpt lat="51.1191710" lon="-0.5716630">
    <ele>50.4</ele>
    <time>2020-04-19T10:59:53Z</time>
   </trkpt>
   <trkpt lat="51.1191770" lon="-0.5717200">
    <ele>50.4</ele>
    <time>2020-04-19T10:59:55Z</time>
   </trkpt>
   <trkpt lat="51.1191820" lon="-0.5717460">
    <ele>50.4</ele>
    <time>2020-04-19T10:59:56Z</time>
   </trkpt>
   <trkpt lat="51.1191860" lon="-0.5717720">
    <ele>50.4</ele>
    <time>2020-04-19T10:59:57Z</time>
   </trkpt>
   <trkpt lat="51.1191890" lon="-0.5718230">
    <ele>50.4</ele>
    <time>2020-04-19T10:59:59Z</time>
   </trkpt>
   <trkpt lat="51.1191830" lon="-0.5718590">
    <ele>50.4</ele>
    <time>2020-04-19T11:00:00Z</time>
   </trkpt>
   <trkpt lat="51.1191770" lon="-0.5718970">
    <ele>50.4</ele>
    <time>2020-04-19T11:00:02Z</time>
   </trkpt>
   <trkpt lat="51.1191760" lon="-0.5719410">
    <ele>50.4</ele>
    <time>2020-04-19T11:00:04Z</time>
   </trkpt>
   <trkpt lat="51.1191760" lon="-0.5719650">
    <ele>50.4</ele>
    <time>2020-04-19T11:00:05Z</time>
   </trkpt>
   <trkpt lat="51.1191760" lon="-0.5719870">
    <ele>50.4</ele>
    <time>2020-04-19T11:00:06Z</time>
   </trkpt>
   <trkpt lat="51.1191780" lon="-0.5720350">
    <ele>50.4</ele>
    <time>2020-04-19T11:00:08Z</time>
   </trkpt>
   <trkpt lat="51.1191820" lon="-0.5720800">
    <ele>50.3</ele>
    <time>2020-04-19T11:00:10Z</time>
   </trkpt>
   <trkpt lat="51.1191840" lon="-0.5721260">
    <ele>50.3</ele>
    <time>2020-04-19T11:00:12Z</time>
   </trkpt>
   <trkpt lat="51.1191820" lon="-0.5721440">
    <ele>50.3</ele>
    <time>2020-04-19T11:00:13Z</time>
   </trkpt>
   <trkpt lat="51.1191760" lon="-0.5721830">
    <ele>50.2</ele>
    <time>2020-04-19T11:00:15Z</time>
   </trkpt>
   <trkpt lat="51.1191750" lon="-0.5722060">
    <ele>50.2</ele>
    <time>2020-04-19T11:00:16Z</time>
   </trkpt>
   <trkpt lat="51.1191750" lon="-0.5722340">
    <ele>50.2</ele>
    <time>2020-04-19T11:00:17Z</time>
   </trkpt>
   <trkpt lat="51.1191740" lon="-0.5722580">
    <ele>50.2</ele>
    <time>2020-04-19T11:00:18Z</time>
   </trkpt>
   <trkpt lat="51.1191740" lon="-0.5723020">
    <ele>50.2</ele>
    <time>2020-04-19T11:00:20Z</time>
   </trkpt>
   <trkpt lat="51.1191800" lon="-0.5723350">
    <ele>50.1</ele>
    <time>2020-04-19T11:00:21Z</time>
   </trkpt>
   <trkpt lat="51.1191820" lon="-0.5723430">
    <ele>50.1</ele>
    <time>2020-04-19T11:00:22Z</time>
   </trkpt>
   <trkpt lat="51.1191860" lon="-0.5723560">
    <ele>50.1</ele>
    <time>2020-04-19T11:00:23Z</time>
   </trkpt>
   <trkpt lat="51.1191920" lon="-0.5723930">
    <ele>50.1</ele>
    <time>2020-04-19T11:00:24Z</time>
   </trkpt>
   <trkpt lat="51.1191950" lon="-0.5724390">
    <ele>50.1</ele>
    <time>2020-04-19T11:00:26Z</time>
   </trkpt>
   <trkpt lat="51.1191950" lon="-0.5724610">
    <ele>50.1</ele>
    <time>2020-04-19T11:00:27Z</time>
   </trkpt>
   <trkpt lat="51.1191910" lon="-0.5724870">
    <ele>50.1</ele>
    <time>2020-04-19T11:00:29Z</time>
   </trkpt>
   <trkpt lat="51.1191870" lon="-0.5725280">
    <ele>50.1</ele>
    <time>2020-04-19T11:00:31Z</time>
   </trkpt>
   <trkpt lat="51.1191850" lon="-0.5725520">
    <ele>50.1</ele>
    <time>2020-04-19T11:00:32Z</time>
   </trkpt>
   <trkpt lat="51.1191730" lon="-0.5725980">
    <ele>50.1</ele>
    <time>2020-04-19T11:00:34Z</time>
   </trkpt>
   <trkpt lat="51.1191710" lon="-0.5726040">
    <ele>50.1</ele>
    <time>2020-04-19T11:00:35Z</time>
   </trkpt>
   <trkpt lat="51.1191600" lon="-0.5726360">
    <ele>50.1</ele>
    <time>2020-04-19T11:00:37Z</time>
   </trkpt>
   <trkpt lat="51.1191530" lon="-0.5726620">
    <ele>50.1</ele>
    <time>2020-04-19T11:00:38Z</time>
   </trkpt>
   <trkpt lat="51.1191470" lon="-0.5726850">
    <ele>50.1</ele>
    <time>2020-04-19T11:00:39Z</time>
   </trkpt>
   <trkpt lat="51.1191420" lon="-0.5727100">
    <ele>50.1</ele>
    <time>2020-04-19T11:00:40Z</time>
   </trkpt>
   <trkpt lat="51.1191360" lon="-0.5727370">
    <ele>50.1</ele>
    <time>2020-04-19T11:00:41Z</time>
   </trkpt>
   <trkpt lat="51.1191160" lon="-0.5728030">
    <ele>50.2</ele>
    <time>2020-04-19T11:00:42Z</time>
   </trkpt>
   <trkpt lat="51.1191120" lon="-0.5728150">
    <ele>50.2</ele>
    <time>2020-04-19T11:00:44Z</time>
   </trkpt>
   <trkpt lat="51.1190970" lon="-0.5728520">
    <ele>50.2</ele>
    <time>2020-04-19T11:00:46Z</time>
   </trkpt>
   <trkpt lat="51.1190710" lon="-0.5729130">
    <ele>50.2</ele>
    <time>2020-04-19T11:00:48Z</time>
   </trkpt>
   <trkpt lat="51.1190650" lon="-0.5729430">
    <ele>50.3</ele>
    <time>2020-04-19T11:00:50Z</time>
   </trkpt>
   <trkpt lat="51.1190630" lon="-0.5729660">
    <ele>50.3</ele>
    <time>2020-04-19T11:00:51Z</time>
   </trkpt>
   <trkpt lat="51.1190480" lon="-0.5730230">
    <ele>50.3</ele>
    <time>2020-04-19T11:00:53Z</time>
   </trkpt>
   <trkpt lat="51.1190370" lon="-0.5730380">
    <ele>50.4</ele>
    <time>2020-04-19T11:00:55Z</time>
   </trkpt>
   <trkpt lat="51.1190260" lon="-0.5730520">
    <ele>50.4</ele>
    <time>2020-04-19T11:00:56Z</time>
   </trkpt>
   <trkpt lat="51.1190150" lon="-0.5730680">
    <ele>50.4</ele>
    <time>2020-04-19T11:00:57Z</time>
   </trkpt>
   <trkpt lat="51.1189890" lon="-0.5731010">
    <ele>50.5</ele>
    <time>2020-04-19T11:00:59Z</time>
   </trkpt>
   <trkpt lat="51.1189640" lon="-0.5731240">
    <ele>50.5</ele>
    <time>2020-04-19T11:01:01Z</time>
   </trkpt>
   <trkpt lat="51.1189260" lon="-0.5731500">
    <ele>50.6</ele>
    <time>2020-04-19T11:01:03Z</time>
   </trkpt>
   <trkpt lat="51.1189170" lon="-0.5731550">
    <ele>50.6</ele>
    <time>2020-04-19T11:01:04Z</time>
   </trkpt>
   <trkpt lat="51.1189060" lon="-0.5731640">
    <ele>50.6</ele>
    <time>2020-04-19T11:01:05Z</time>
   </trkpt>
   <trkpt lat="51.1188830" lon="-0.5731840">
    <ele>50.7</ele>
    <time>2020-04-19T11:01:07Z</time>
   </trkpt>
   <trkpt lat="51.1188720" lon="-0.5731930">
    <ele>50.7</ele>
    <time>2020-04-19T11:01:08Z</time>
   </trkpt>
   <trkpt lat="51.1188520" lon="-0.5732100">
    <ele>50.7</ele>
    <time>2020-04-19T11:01:09Z</time>
   </trkpt>
   <trkpt lat="51.1188360" lon="-0.5732230">
    <ele>50.8</ele>
    <time>2020-04-19T11:01:11Z</time>
   </trkpt>
   <trkpt lat="51.1188180" lon="-0.5732480">
    <ele>50.8</ele>
    <time>2020-04-19T11:01:13Z</time>
   </trkpt>
   <trkpt lat="51.1187930" lon="-0.5732800">
    <ele>50.9</ele>
    <time>2020-04-19T11:01:15Z</time>
   </trkpt>
   <trkpt lat="51.1187860" lon="-0.5732860">
    <ele>50.9</ele>
    <time>2020-04-19T11:01:16Z</time>
   </trkpt>
   <trkpt lat="51.1187740" lon="-0.5732980">
    <ele>50.9</ele>
    <time>2020-04-19T11:01:17Z</time>
   </trkpt>
   <trkpt lat="51.1187530" lon="-0.5733210">
    <ele>50.9</ele>
    <time>2020-04-19T11:01:19Z</time>
   </trkpt>
   <trkpt lat="51.1187260" lon="-0.5733490">
    <ele>51.0</ele>
    <time>2020-04-19T11:01:20Z</time>
   </trkpt>
   <trkpt lat="51.1187180" lon="-0.5733570">
    <ele>51.0</ele>
    <time>2020-04-19T11:01:22Z</time>
   </trkpt>
   <trkpt lat="51.1187110" lon="-0.5733640">
    <ele>51.0</ele>
    <time>2020-04-19T11:01:23Z</time>
   </trkpt>
   <trkpt lat="51.1187030" lon="-0.5733720">
    <ele>51.0</ele>
    <time>2020-04-19T11:01:24Z</time>
   </trkpt>
   <trkpt lat="51.1186950" lon="-0.5733790">
    <ele>51.0</ele>
    <time>2020-04-19T11:01:25Z</time>
   </trkpt>
   <trkpt lat="51.1186710" lon="-0.5734000">
    <ele>51.1</ele>
    <time>2020-04-19T11:01:27Z</time>
   </trkpt>
   <trkpt lat="51.1186570" lon="-0.5734130">
    <ele>51.1</ele>
    <time>2020-04-19T11:01:28Z</time>
   </trkpt>
   <trkpt lat="51.1186460" lon="-0.5734280">
    <ele>51.1</ele>
    <time>2020-04-19T11:01:29Z</time>
   </trkpt>
   <trkpt lat="51.1186370" lon="-0.5734410">
    <ele>51.1</ele>
    <time>2020-04-19T11:01:30Z</time>
   </trkpt>
   <trkpt lat="51.1186280" lon="-0.5734550">
    <ele>51.1</ele>
    <time>2020-04-19T11:01:31Z</time>
   </trkpt>
  </trkseg>
 </trk>
</gpx>
