<?xml version="1.0" encoding="UTF-8"?>
<gpx creator="StravaGPX" version="1.1" xmlns="http://www.topografix.com/GPX/1/1" xmlns:xsi="http://www.w3.org/2001/XMLSchema-instance" xsi:schemaLocation="http://www.topografix.com/GPX/1/1 http://www.topografix.com/GPX/1/1/gpx.xsd">
 <metadata>
  <time>2020-05-02T11:41:59Z</time>
 </metadata>
 <trk>
  <name>Weekend trundle on the sun</name>
  <type>cycling</type>
  <trkseg>
   <trkpt lat="51.1185210" lon="-0.5737440">
    <ele>50.9</ele>
    <time>2020-05-02T11:41:59Z</time>
   </trkpt>
   <trkpt lat="51.1185110" lon="-0.5736890">
    <ele>51.0</ele>
    <time>2020-05-02T11:42:00Z</time>
   </trkpt>
   <trkpt lat="51.1185060" lon="-0.5736660">
    <ele>51.0</ele>
    <time>2020-05-02T11:42:01Z</time>
   </trkpt>
   <trkpt lat="51.1185050" lon="-0.5736490">
    <ele>51.0</ele>
    <time>2020-05-02T11:42:03Z</time>
   </trkpt>
   <trkpt lat="51.1185100" lon="-0.5736440">
    <ele>51.0</ele>
    <time>2020-05-02T11:42:04Z</time>
   </trkpt>
   <trkpt lat="51.1185200" lon="-0.5736400">
    <ele>51.1</ele>
    <time>2020-05-02T11:42:05Z</time>
   </trkpt>
   <trkpt lat="51.1185190" lon="-0.5736410">
    <ele>51.1</ele>
    <time>2020-05-02T11:42:07Z</time>
   </trkpt>
   <trkpt lat="51.1185400" lon="-0.5736130">
    <ele>51.1</ele>
    <time>2020-05-02T11:42:09Z</time>
   </trkpt>
   <trkpt lat="51.1185480" lon="-0.5735990">
    <ele>51.1</ele>
    <time>2020-05-02T11:42:10Z</time>
   </trkpt>
   <trkpt lat="51.1185630" lon="-0.5735590">
    <ele>51.1</ele>
    <time>2020-05-02T11:42:12Z</time>
   </trkpt>
   <trkpt lat="51.1185870" lon="-0.5735260">
    <ele>51.1</ele>
    <time>2020-05-02T11:42:13Z</time>
   </trkpt>
   <trkpt lat="51.1185990" lon="-0.5735100">
    <ele>51.1</ele>
    <time>2020-05-02T11:42:14Z</time>
   </trkpt>
   <trkpt lat="51.1186240" lon="-0.5734860">
    <ele>51.1</ele>
    <time>2020-05-02T11:42:16Z</time>
   </trkpt>
   <trkpt lat="51.1186370" lon="-0.5734690">
    <ele>51.1</ele>
    <time>2020-05-02T11:42:17Z</time>
   </trkpt>
   <trkpt lat="51.1186780" lon="-0.5734230">
    <ele>51.0</ele>
    <time>2020-05-02T11:42:19Z</time>
   </trkpt>
   <trkpt lat="51.1187010" lon="-0.5733950">
    <ele>51.0</ele>
    <time>2020-05-02T11:42:20Z</time>
   </trkpt>
   <trkpt lat="51.1187990" lon="-0.5732870">
    <ele>50.8</ele>
    <time>2020-05-02T11:42:22Z</time>
   </trkpt>
   <trkpt lat="51.1189090" lon="-0.5731460">
    <ele>50.6</ele>
    <time>2020-05-02T11:42:24Z</time>
   </trkpt>
   <trkpt lat="51.1190250" lon="-0.5729990">
    <ele>50.3</ele>
    <time>2020-05-02T11:42:26Z</time>
   </trkpt>
   <trkpt lat="51.1191280" lon="-0.5728370">
    <ele>50.2</ele>
    <time>2020-05-02T11:42:28Z</time>
   </trkpt>
   <trkpt lat="51.1191580" lon="-0.5727520">
    <ele>50.1</ele>
    <time>2020-05-02T11:42:29Z</time>
   </trkpt>
   <trkpt lat="51.1191760" lon="-0.5726700">
    <ele>50.1</ele>
    <time>2020-05-02T11:42:30Z</time>
   </trkpt>
   <trkpt lat="51.1191980" lon="-0.5725060">
    <ele>50.1</ele>
    <time>2020-05-02T11:42:32Z</time>
   </trkpt>
   <trkpt lat="51.1192060" lon="-0.5723340">
    <ele>50.1</ele>
    <time>2020-05-02T11:42:34Z</time>
   </trkpt>
   <trkpt lat="51.1192050" lon="-0.5722670">
    <ele>50.2</ele>
    <time>2020-05-02T11:42:35Z</time>
   </trkpt>
   <trkpt lat="51.1192060" lon="-0.5721950">
    <ele>50.3</ele>
    <time>2020-05-02T11:42:36Z</time>
   </trkpt>
   <trkpt lat="51.1192030" lon="-0.5721000">
    <ele>50.3</ele>
    <time>2020-05-02T11:42:38Z</time>
   </trkpt>
   <trkpt lat="51.1192080" lon="-0.5719310">
    <ele>50.4</ele>
    <time>2020-05-02T11:42:39Z</time>
   </trkpt>
   <trkpt lat="51.1192120" lon="-0.5718020">
    <ele>50.4</ele>
    <time>2020-05-02T11:42:41Z</time>
   </trkpt>
   <trkpt lat="51.1192020" lon="-0.5716220">
    <ele>50.4</ele>
    <time>2020-05-02T11:42:43Z</time>
   </trkpt>
   <trkpt lat="51.1192270" lon="-0.5714390">
    <ele>50.3</ele>
    <time>2020-05-02T11:42:45Z</time>
   </trkpt>
   <trkpt lat="51.1192810" lon="-0.5713780">
    <ele>50.3</ele>
    <time>2020-05-02T11:42:46Z</time>
   </trkpt>
   <trkpt lat="51.1193830" lon="-0.5713960">
    <ele>51.1</ele>
    <time>2020-05-02T11:42:48Z</time>
   </trkpt>
   <trkpt lat="51.1194270" lon="-0.5714450">
    <ele>51.3</ele>
    <time>2020-05-02T11:42:49Z</time>
   </trkpt>
   <trkpt lat="51.1195540" lon="-0.5714870">
    <ele>51.9</ele>
    <time>2020-05-02T11:42:51Z</time>
   </trkpt>
   <trkpt lat="51.1196870" lon="-0.5714940">
    <ele>52.4</ele>
    <time>2020-05-02T11:42:53Z</time>
   </trkpt>
   <trkpt lat="51.1198220" lon="-0.5714830">
    <ele>52.9</ele>
    <time>2020-05-02T11:42:54Z</time>
   </trkpt>
   <trkpt lat="51.1199330" lon="-0.5714710">
    <ele>53.4</ele>
    <time>2020-05-02T11:42:56Z</time>
   </trkpt>
   <trkpt lat="51.1200240" lon="-0.5714810">
    <ele>53.8</ele>
    <time>2020-05-02T11:42:57Z</time>
   </trkpt>
   <trkpt lat="51.1201350" lon="-0.5714880">
    <ele>54.3</ele>
    <time>2020-05-02T11:42:59Z</time>
   </trkpt>
   <trkpt lat="51.1201770" lon="-0.5714920">
    <ele>54.5</ele>
    <time>2020-05-02T11:43:00Z</time>
   </trkpt>
   <trkpt lat="51.1202830" lon="-0.5715090">
    <ele>55.0</ele>
    <time>2020-05-02T11:43:02Z</time>
   </trkpt>
   <trkpt lat="51.1203970" lon="-0.5715220">
    <ele>55.5</ele>
    <time>2020-05-02T11:43:04Z</time>
   </trkpt>
   <trkpt lat="51.1204530" lon="-0.5715380">
    <ele>55.7</ele>
    <time>2020-05-02T11:43:05Z</time>
   </trkpt>
   <trkpt lat="51.1205490" lon="-0.5715720">
    <ele>56.1</ele>
    <time>2020-05-02T11:43:07Z</time>
   </trkpt>
   <trkpt lat="51.1205860" lon="-0.5715940">
    <ele>56.2</ele>
    <time>2020-05-02T11:43:08Z</time>
   </trkpt>
   <trkpt lat="51.1206180" lon="-0.5716140">
    <ele>56.3</ele>
    <time>2020-05-02T11:43:09Z</time>
   </trkpt>
   <trkpt lat="51.1206300" lon="-0.5716340">
    <ele>56.3</ele>
    <time>2020-05-02T11:43:10Z</time>
   </trkpt>
   <trkpt lat="51.1206440" lon="-0.5716470">
    <ele>56.4</ele>
    <time>2020-05-02T11:43:11Z</time>
   </trkpt>
   <trkpt lat="51.1206640" lon="-0.5716610">
    <ele>56.4</ele>
    <time>2020-05-02T11:43:12Z</time>
   </trkpt>
   <trkpt lat="51.1207660" lon="-0.5717180">
    <ele>56.6</ele>
    <time>2020-05-02T11:43:14Z</time>
   </trkpt>
   <trkpt lat="51.1208040" lon="-0.5717390">
    <ele>56.6</ele>
    <time>2020-05-02T11:43:15Z</time>
   </trkpt>
   <trkpt lat="51.1209440" lon="-0.5718150">
    <ele>56.5</ele>
    <time>2020-05-02T11:43:17Z</time>
   </trkpt>
   <trkpt lat="51.1211010" lon="-0.5719100">
    <ele>56.3</ele>
    <time>2020-05-02T11:43:19Z</time>
   </trkpt>
   <trkpt lat="51.1212560" lon="-0.5720140">
    <ele>56.2</ele>
    <time>2020-05-02T11:43:21Z</time>
   </trkpt>
   <trkpt lat="51.1213270" lon="-0.5720720">
    <ele>56.2</ele>
    <time>2020-05-02T11:43:22Z</time>
   </trkpt>
   <trkpt lat="51.1214500" lon="-0.5722040">
    <ele>56.3</ele>
    <time>2020-05-02T11:43:24Z</time>
   </trkpt>
   <trkpt lat="51.1215470" lon="-0.5723120">
    <ele>56.3</ele>
    <time>2020-05-02T11:43:26Z</time>
   </trkpt>
   <trkpt lat="51.1215970" lon="-0.5723710">
    <ele>56.3</ele>
    <time>2020-05-02T11:43:27Z</time>
   </trkpt>
   <trkpt lat="51.1217130" lon="-0.5724600">
    <ele>56.4</ele>
    <time>2020-05-02T11:43:29Z</time>
   </trkpt>
   <trkpt lat="51.1217760" lon="-0.5725050">
    <ele>56.4</ele>
    <time>2020-05-02T11:43:30Z</time>
   </trkpt>
   <trkpt lat="51.1218900" lon="-0.5725760">
    <ele>56.5</ele>
    <time>2020-05-02T11:43:32Z</time>
   </trkpt>
   <trkpt lat="51.1220150" lon="-0.5726650">
    <ele>56.7</ele>
    <time>2020-05-02T11:43:34Z</time>
   </trkpt>
   <trkpt lat="51.1220820" lon="-0.5726960">
    <ele>56.8</ele>
    <time>2020-05-02T11:43:35Z</time>
   </trkpt>
   <trkpt lat="51.1222060" lon="-0.5727530">
    <ele>57.0</ele>
    <time>2020-05-02T11:43:37Z</time>
   </trkpt>
   <trkpt lat="51.1223350" lon="-0.5727890">
    <ele>57.1</ele>
    <time>2020-05-02T11:43:39Z</time>
   </trkpt>
   <trkpt lat="51.1224590" lon="-0.5728270">
    <ele>57.2</ele>
    <time>2020-05-02T11:43:41Z</time>
   </trkpt>
   <trkpt lat="51.1225340" lon="-0.5728120">
    <ele>57.2</ele>
    <time>2020-05-02T11:43:42Z</time>
   </trkpt>
   <trkpt lat="51.1226750" lon="-0.5728030">
    <ele>57.3</ele>
    <time>2020-05-02T11:43:44Z</time>
   </trkpt>
   <trkpt lat="51.1227450" lon="-0.5727980">
    <ele>57.3</ele>
    <time>2020-05-02T11:43:45Z</time>
   </trkpt>
   <trkpt lat="51.1228780" lon="-0.5727910">
    <ele>57.3</ele>
    <time>2020-05-02T11:43:47Z</time>
   </trkpt>
   <trkpt lat="51.1230020" lon="-0.5727820">
    <ele>57.4</ele>
    <time>2020-05-02T11:43:49Z</time>
   </trkpt>
   <trkpt lat="51.1230660" lon="-0.5727700">
    <ele>57.4</ele>
    <time>2020-05-02T11:43:50Z</time>
   </trkpt>
   <trkpt lat="51.1231290" lon="-0.5727570">
    <ele>57.5</ele>
    <time>2020-05-02T11:43:51Z</time>
   </trkpt>
   <trkpt lat="51.1232530" lon="-0.5727120">
    <ele>57.4</ele>
    <time>2020-05-02T11:43:53Z</time>
   </trkpt>
   <trkpt lat="51.1233720" lon="-0.5726640">
    <ele>57.2</ele>
    <time>2020-05-02T11:43:55Z</time>
   </trkpt>
   <trkpt lat="51.1234320" lon="-0.5726500">
    <ele>57.1</ele>
    <time>2020-05-02T11:43:56Z</time>
   </trkpt>
   <trkpt lat="51.1234970" lon="-0.5726180">
    <ele>56.8</ele>
    <time>2020-05-02T11:43:57Z</time>
   </trkpt>
   <trkpt lat="51.1235640" lon="-0.5725850">
    <ele>56.5</ele>
    <time>2020-05-02T11:43:58Z</time>
   </trkpt>
   <trkpt lat="51.1237210" lon="-0.5725260">
    <ele>55.8</ele>
    <time>2020-05-02T11:44:00Z</time>
   </trkpt>
   <trkpt lat="51.1238890" lon="-0.5725160">
    <ele>55.1</ele>
    <time>2020-05-02T11:44:02Z</time>
   </trkpt>
   <trkpt lat="51.1239700" lon="-0.5725170">
    <ele>54.7</ele>
    <time>2020-05-02T11:44:03Z</time>
   </trkpt>
   <trkpt lat="51.1241190" lon="-0.5725150">
    <ele>54.3</ele>
    <time>2020-05-02T11:44:05Z</time>
   </trkpt>
   <trkpt lat="51.1243050" lon="-0.5725030">
    <ele>53.9</ele>
    <time>2020-05-02T11:44:07Z</time>
   </trkpt>
   <trkpt lat="51.1243980" lon="-0.5724960">
    <ele>53.9</ele>
    <time>2020-05-02T11:44:08Z</time>
   </trkpt>
   <trkpt lat="51.1245630" lon="-0.5724310">
    <ele>53.7</ele>
    <time>2020-05-02T11:44:10Z</time>
   </trkpt>
   <trkpt lat="51.1247130" lon="-0.5723610">
    <ele>53.4</ele>
    <time>2020-05-02T11:44:12Z</time>
   </trkpt>
   <trkpt lat="51.1247940" lon="-0.5723210">
    <ele>53.4</ele>
    <time>2020-05-02T11:44:13Z</time>
   </trkpt>
   <trkpt lat="51.1249490" lon="-0.5722620">
    <ele>53.4</ele>
    <time>2020-05-02T11:44:15Z</time>
   </trkpt>
   <trkpt lat="51.1251040" lon="-0.5722000">
    <ele>53.6</ele>
    <time>2020-05-02T11:44:17Z</time>
   </trkpt>
   <trkpt lat="51.1251800" lon="-0.5721770">
    <ele>53.7</ele>
    <time>2020-05-02T11:44:18Z</time>
   </trkpt>
   <trkpt lat="51.1252530" lon="-0.5721640">
    <ele>53.9</ele>
    <time>2020-05-02T11:44:19Z</time>
   </trkpt>
   <trkpt lat="51.1253910" lon="-0.5721460">
    <ele>54.4</ele>
    <time>2020-05-02T11:44:21Z</time>
   </trkpt>
   <trkpt lat="51.1254560" lon="-0.5721370">
    <ele>54.6</ele>
    <time>2020-05-02T11:44:22Z</time>
   </trkpt>
   <trkpt lat="51.1255850" lon="-0.5721220">
    <ele>55.2</ele>
    <time>2020-05-02T11:44:24Z</time>
   </trkpt>
   <trkpt lat="51.1257050" lon="-0.5721340">
    <ele>55.9</ele>
    <time>2020-05-02T11:44:26Z</time>
   </trkpt>
   <trkpt lat="51.1257640" lon="-0.5721390">
    <ele>56.3</ele>
    <time>2020-05-02T11:44:27Z</time>
   </trkpt>
   <trkpt lat="51.1258760" lon="-0.5721550">
    <ele>57.1</ele>
    <time>2020-05-02T11:44:29Z</time>
   </trkpt>
   <trkpt lat="51.1259300" lon="-0.5721470">
    <ele>57.5</ele>
    <time>2020-05-02T11:44:30Z</time>
   </trkpt>
   <trkpt lat="51.1260350" lon="-0.5721700">
    <ele>58.3</ele>
    <time>2020-05-02T11:44:32Z</time>
   </trkpt>
   <trkpt lat="51.1260900" lon="-0.5721800">
    <ele>58.7</ele>
    <time>2020-05-02T11:44:33Z</time>
   </trkpt>
   <trkpt lat="51.1261430" lon="-0.5721770">
    <ele>59.0</ele>
    <time>2020-05-02T11:44:34Z</time>
   </trkpt>
   <trkpt lat="51.1261930" lon="-0.5721800">
    <ele>59.4</ele>
    <time>2020-05-02T11:44:35Z</time>
   </trkpt>
   <trkpt lat="51.1262970" lon="-0.5721720">
    <ele>60.0</ele>
    <time>2020-05-02T11:44:37Z</time>
   </trkpt>
   <trkpt lat="51.1263980" lon="-0.5721590">
    <ele>60.4</ele>
    <time>2020-05-02T11:44:39Z</time>
   </trkpt>
   <trkpt lat="51.1264900" lon="-0.5721490">
    <ele>60.8</ele>
    <time>2020-05-02T11:44:41Z</time>
   </trkpt>
   <trkpt lat="51.1265400" lon="-0.5721390">
    <ele>60.9</ele>
    <time>2020-05-02T11:44:42Z</time>
   </trkpt>
   <trkpt lat="51.1266550" lon="-0.5721320">
    <ele>61.1</ele>
    <time>2020-05-02T11:44:44Z</time>
   </trkpt>
   <trkpt lat="51.1267110" lon="-0.5721240">
    <ele>61.2</ele>
    <time>2020-05-02T11:44:45Z</time>
   </trkpt>
   <trkpt lat="51.1268190" lon="-0.5721330">
    <ele>61.2</ele>
    <time>2020-05-02T11:44:47Z</time>
   </trkpt>
   <trkpt lat="51.1268700" lon="-0.5721590">
    <ele>61.3</ele>
    <time>2020-05-02T11:44:48Z</time>
   </trkpt>
   <trkpt lat="51.1269110" lon="-0.5721800">
    <ele>61.3</ele>
    <time>2020-05-02T11:44:49Z</time>
   </trkpt>
   <trkpt lat="51.1269460" lon="-0.5721900">
    <ele>61.3</ele>
    <time>2020-05-02T11:44:50Z</time>
   </trkpt>
   <trkpt lat="51.1269810" lon="-0.5722430">
    <ele>61.3</ele>
    <time>2020-05-02T11:44:51Z</time>
   </trkpt>
   <trkpt lat="51.1270470" lon="-0.5724640">
    <ele>61.4</ele>
    <time>2020-05-02T11:44:53Z</time>
   </trkpt>
   <trkpt lat="51.1270930" lon="-0.5726270">
    <ele>61.6</ele>
    <time>2020-05-02T11:44:55Z</time>
   </trkpt>
   <trkpt lat="51.1271050" lon="-0.5727340">
    <ele>61.7</ele>
    <time>2020-05-02T11:44:56Z</time>
   </trkpt>
   <trkpt lat="51.1271490" lon="-0.5729170">
    <ele>62.0</ele>
    <time>2020-05-02T11:44:58Z</time>
   </trkpt>
   <trkpt lat="51.1271790" lon="-0.5729800">
    <ele>62.0</ele>
    <time>2020-05-02T11:44:59Z</time>
   </trkpt>
   <trkpt lat="51.1272650" lon="-0.5730670">
    <ele>62.1</ele>
    <time>2020-05-02T11:45:01Z</time>
   </trkpt>
   <trkpt lat="51.1273040" lon="-0.5731030">
    <ele>62.2</ele>
    <time>2020-05-02T11:45:02Z</time>
   </trkpt>
   <trkpt lat="51.1274030" lon="-0.5731230">
    <ele>62.3</ele>
    <time>2020-05-02T11:45:04Z</time>
   </trkpt>
   <trkpt lat="51.1274550" lon="-0.5731240">
    <ele>62.4</ele>
    <time>2020-05-02T11:45:05Z</time>
   </trkpt>
   <trkpt lat="51.1275060" lon="-0.5731450">
    <ele>62.5</ele>
    <time>2020-05-02T11:45:06Z</time>
   </trkpt>
   <trkpt lat="51.1275570" lon="-0.5731760">
    <ele>62.5</ele>
    <time>2020-05-02T11:45:07Z</time>
   </trkpt>
   <trkpt lat="51.1276670" lon="-0.5732220">
    <ele>62.7</ele>
    <time>2020-05-02T11:45:09Z</time>
   </trkpt>
   <trkpt lat="51.1277870" lon="-0.5732550">
    <ele>63.0</ele>
    <time>2020-05-02T11:45:11Z</time>
   </trkpt>
   <trkpt lat="51.1278430" lon="-0.5732540">
    <ele>63.1</ele>
    <time>2020-05-02T11:45:12Z</time>
   </trkpt>
   <trkpt lat="51.1278990" lon="-0.5732430">
    <ele>63.2</ele>
    <time>2020-05-02T11:45:13Z</time>
   </trkpt>
   <trkpt lat="51.1280010" lon="-0.5732140">
    <ele>63.5</ele>
    <time>2020-05-02T11:45:15Z</time>
   </trkpt>
   <trkpt lat="51.1280990" lon="-0.5731870">
    <ele>63.7</ele>
    <time>2020-05-02T11:45:17Z</time>
   </trkpt>
   <trkpt lat="51.1282040" lon="-0.5731640">
    <ele>64.0</ele>
    <time>2020-05-02T11:45:19Z</time>
   </trkpt>
   <trkpt lat="51.1282580" lon="-0.5731470">
    <ele>64.2</ele>
    <time>2020-05-02T11:45:20Z</time>
   </trkpt>
   <trkpt lat="51.1283050" lon="-0.5731320">
    <ele>64.4</ele>
    <time>2020-05-02T11:45:21Z</time>
   </trkpt>
   <trkpt lat="51.1284050" lon="-0.5730950">
    <ele>64.7</ele>
    <time>2020-05-02T11:45:23Z</time>
   </trkpt>
   <trkpt lat="51.1284540" lon="-0.5730710">
    <ele>64.9</ele>
    <time>2020-05-02T11:45:24Z</time>
   </trkpt>
   <trkpt lat="51.1285490" lon="-0.5730180">
    <ele>65.2</ele>
    <time>2020-05-02T11:45:26Z</time>
   </trkpt>
   <trkpt lat="51.1286520" lon="-0.5729670">
    <ele>65.5</ele>
    <time>2020-05-02T11:45:28Z</time>
   </trkpt>
   <trkpt lat="51.1287420" lon="-0.5729140">
    <ele>65.9</ele>
    <time>2020-05-02T11:45:30Z</time>
   </trkpt>
   <trkpt lat="51.1287700" lon="-0.5728790">
    <ele>66.0</ele>
    <time>2020-05-02T11:45:31Z</time>
   </trkpt>
   <trkpt lat="51.1288120" lon="-0.5727990">
    <ele>66.3</ele>
    <time>2020-05-02T11:45:33Z</time>
   </trkpt>
   <trkpt lat="51.1288410" lon="-0.5727630">
    <ele>66.5</ele>
    <time>2020-05-02T11:45:34Z</time>
   </trkpt>
   <trkpt lat="51.1288970" lon="-0.5727000">
    <ele>66.8</ele>
    <time>2020-05-02T11:45:36Z</time>
   </trkpt>
   <trkpt lat="51.1289790" lon="-0.5726130">
    <ele>67.2</ele>
    <time>2020-05-02T11:45:38Z</time>
   </trkpt>
   <trkpt lat="51.1290670" lon="-0.5725460">
    <ele>67.5</ele>
    <time>2020-05-02T11:45:40Z</time>
   </trkpt>
   <trkpt lat="51.1291620" lon="-0.5724760">
    <ele>67.8</ele>
    <time>2020-05-02T11:45:42Z</time>
   </trkpt>
   <trkpt lat="51.1292560" lon="-0.5724310">
    <ele>68.0</ele>
    <time>2020-05-02T11:45:44Z</time>
   </trkpt>
   <trkpt lat="51.1293110" lon="-0.5724050">
    <ele>68.2</ele>
    <time>2020-05-02T11:45:45Z</time>
   </trkpt>
   <trkpt lat="51.1293610" lon="-0.5723790">
    <ele>68.3</ele>
    <time>2020-05-02T11:45:46Z</time>
   </trkpt>
   <trkpt lat="51.1294110" lon="-0.5723530">
    <ele>68.4</ele>
    <time>2020-05-02T11:45:47Z</time>
   </trkpt>
   <trkpt lat="51.1294970" lon="-0.5723140">
    <ele>68.7</ele>
    <time>2020-05-02T11:45:49Z</time>
   </trkpt>
   <trkpt lat="51.1295880" lon="-0.5722790">
    <ele>69.0</ele>
    <time>2020-05-02T11:45:51Z</time>
   </trkpt>
   <trkpt lat="51.1296260" lon="-0.5722580">
    <ele>69.1</ele>
    <time>2020-05-02T11:45:52Z</time>
   </trkpt>
   <trkpt lat="51.1297100" lon="-0.5722160">
    <ele>69.4</ele>
    <time>2020-05-02T11:45:54Z</time>
   </trkpt>
   <trkpt lat="51.1297320" lon="-0.5722080">
    <ele>69.5</ele>
    <time>2020-05-02T11:45:55Z</time>
   </trkpt>
   <trkpt lat="51.1297930" lon="-0.5721730">
    <ele>69.8</ele>
    <time>2020-05-02T11:45:57Z</time>
   </trkpt>
   <trkpt lat="51.1298540" lon="-0.5721280">
    <ele>70.1</ele>
    <time>2020-05-02T11:45:58Z</time>
   </trkpt>
   <trkpt lat="51.1299130" lon="-0.5721000">
    <ele>70.3</ele>
    <time>2020-05-02T11:46:00Z</time>
   </trkpt>
   <trkpt lat="51.1299380" lon="-0.5720820">
    <ele>70.4</ele>
    <time>2020-05-02T11:46:01Z</time>
   </trkpt>
   <trkpt lat="51.1300470" lon="-0.5720470">
    <ele>70.8</ele>
    <time>2020-05-02T11:46:03Z</time>
   </trkpt>
   <trkpt lat="51.1301380" lon="-0.5720030">
    <ele>71.1</ele>
    <time>2020-05-02T11:46:05Z</time>
   </trkpt>
   <trkpt lat="51.1302370" lon="-0.5719280">
    <ele>71.5</ele>
    <time>2020-05-02T11:46:07Z</time>
   </trkpt>
   <trkpt lat="51.1302840" lon="-0.5718760">
    <ele>71.7</ele>
    <time>2020-05-02T11:46:08Z</time>
   </trkpt>
   <trkpt lat="51.1303930" lon="-0.5717670">
    <ele>72.1</ele>
    <time>2020-05-02T11:46:10Z</time>
   </trkpt>
   <trkpt lat="51.1304690" lon="-0.5716340">
    <ele>72.5</ele>
    <time>2020-05-02T11:46:12Z</time>
   </trkpt>
   <trkpt lat="51.1305300" lon="-0.5714950">
    <ele>72.8</ele>
    <time>2020-05-02T11:46:14Z</time>
   </trkpt>
   <trkpt lat="51.1305910" lon="-0.5713720">
    <ele>73.2</ele>
    <time>2020-05-02T11:46:16Z</time>
   </trkpt>
   <trkpt lat="51.1306240" lon="-0.5713190">
    <ele>73.4</ele>
    <time>2020-05-02T11:46:17Z</time>
   </trkpt>
   <trkpt lat="51.1306560" lon="-0.5712490">
    <ele>73.6</ele>
    <time>2020-05-02T11:46:18Z</time>
   </trkpt>
   <trkpt lat="51.1307330" lon="-0.5711410">
    <ele>74.0</ele>
    <time>2020-05-02T11:46:20Z</time>
   </trkpt>
   <trkpt lat="51.1308050" lon="-0.5710450">
    <ele>74.3</ele>
    <time>2020-05-02T11:46:22Z</time>
   </trkpt>
   <trkpt lat="51.1308700" lon="-0.5709870">
    <ele>74.6</ele>
    <time>2020-05-02T11:46:23Z</time>
   </trkpt>
   <trkpt lat="51.1309270" lon="-0.5709030">
    <ele>75.0</ele>
    <time>2020-05-02T11:46:25Z</time>
   </trkpt>
   <trkpt lat="51.1309670" lon="-0.5708950">
    <ele>75.2</ele>
    <time>2020-05-02T11:46:26Z</time>
   </trkpt>
   <trkpt lat="51.1310390" lon="-0.5708640">
    <ele>75.6</ele>
    <time>2020-05-02T11:46:28Z</time>
   </trkpt>
   <trkpt lat="51.1311000" lon="-0.5708500">
    <ele>75.9</ele>
    <time>2020-05-02T11:46:29Z</time>
   </trkpt>
   <trkpt lat="51.1311550" lon="-0.5707930">
    <ele>76.3</ele>
    <time>2020-05-02T11:46:31Z</time>
   </trkpt>
   <trkpt lat="51.1311880" lon="-0.5707640">
    <ele>76.4</ele>
    <time>2020-05-02T11:46:32Z</time>
   </trkpt>
   <trkpt lat="51.1312820" lon="-0.5707170">
    <ele>76.9</ele>
    <time>2020-05-02T11:46:34Z</time>
   </trkpt>
   <trkpt lat="51.1313170" lon="-0.5707050">
    <ele>77.1</ele>
    <time>2020-05-02T11:46:35Z</time>
   </trkpt>
   <trkpt lat="51.1313850" lon="-0.5706720">
    <ele>77.4</ele>
    <time>2020-05-02T11:46:37Z</time>
   </trkpt>
   <trkpt lat="51.1314230" lon="-0.5706540">
    <ele>77.5</ele>
    <time>2020-05-02T11:46:38Z</time>
   </trkpt>
   <trkpt lat="51.1314880" lon="-0.5706320">
    <ele>77.7</ele>
    <time>2020-05-02T11:46:39Z</time>
   </trkpt>
   <trkpt lat="51.1315220" lon="-0.5706230">
    <ele>77.8</ele>
    <time>2020-05-02T11:46:40Z</time>
   </trkpt>
   <trkpt lat="51.1315530" lon="-0.5706220">
    <ele>77.9</ele>
    <time>2020-05-02T11:46:41Z</time>
   </trkpt>
   <trkpt lat="51.1316390" lon="-0.5706160">
    <ele>78.1</ele>
    <time>2020-05-02T11:46:43Z</time>
   </trkpt>
   <trkpt lat="51.1316880" lon="-0.5706090">
    <ele>78.3</ele>
    <time>2020-05-02T11:46:44Z</time>
   </trkpt>
   <trkpt lat="51.1317850" lon="-0.5705920">
    <ele>78.6</ele>
    <time>2020-05-02T11:46:46Z</time>
   </trkpt>
   <trkpt lat="51.1318760" lon="-0.5705790">
    <ele>78.9</ele>
    <time>2020-05-02T11:46:48Z</time>
   </trkpt>
   <trkpt lat="51.1319190" lon="-0.5705760">
    <ele>79.0</ele>
    <time>2020-05-02T11:46:49Z</time>
   </trkpt>
   <trkpt lat="51.1319880" lon="-0.5705670">
    <ele>79.3</ele>
    <time>2020-05-02T11:46:50Z</time>
   </trkpt>
   <trkpt lat="51.1320300" lon="-0.5705800">
    <ele>79.4</ele>
    <time>2020-05-02T11:46:51Z</time>
   </trkpt>
   <trkpt lat="51.1321160" lon="-0.5705660">
    <ele>79.6</ele>
    <time>2020-05-02T11:46:53Z</time>
   </trkpt>
   <trkpt lat="51.1321570" lon="-0.5705630">
    <ele>79.7</ele>
    <time>2020-05-02T11:46:54Z</time>
   </trkpt>
   <trkpt lat="51.1322080" lon="-0.5705720">
    <ele>79.9</ele>
    <time>2020-05-02T11:46:55Z</time>
   </trkpt>
   <trkpt lat="51.1323010" lon="-0.5705840">
    <ele>80.1</ele>
    <time>2020-05-02T11:46:57Z</time>
   </trkpt>
   <trkpt lat="51.1323860" lon="-0.5705920">
    <ele>80.4</ele>
    <time>2020-05-02T11:46:59Z</time>
   </trkpt>
   <trkpt lat="51.1324990" lon="-0.5706230">
    <ele>80.8</ele>
    <time>2020-05-02T11:47:01Z</time>
   </trkpt>
   <trkpt lat="51.1325450" lon="-0.5706250">
    <ele>80.9</ele>
    <time>2020-05-02T11:47:02Z</time>
   </trkpt>
   <trkpt lat="51.1326150" lon="-0.5706320">
    <ele>81.2</ele>
    <time>2020-05-02T11:47:04Z</time>
   </trkpt>
   <trkpt lat="51.1326670" lon="-0.5706330">
    <ele>81.4</ele>
    <time>2020-05-02T11:47:05Z</time>
   </trkpt>
   <trkpt lat="51.1327020" lon="-0.5706290">
    <ele>81.5</ele>
    <time>2020-05-02T11:47:06Z</time>
   </trkpt>
   <trkpt lat="51.1327800" lon="-0.5706120">
    <ele>81.7</ele>
    <time>2020-05-02T11:47:08Z</time>
   </trkpt>
   <trkpt lat="51.1328600" lon="-0.5705710">
    <ele>82.0</ele>
    <time>2020-05-02T11:47:10Z</time>
   </trkpt>
   <trkpt lat="51.1328870" lon="-0.5705350">
    <ele>82.2</ele>
    <time>2020-05-02T11:47:11Z</time>
   </trkpt>
   <trkpt lat="51.1329510" lon="-0.5705010">
    <ele>82.3</ele>
    <time>2020-05-02T11:47:13Z</time>
   </trkpt>
   <trkpt lat="51.1330180" lon="-0.5704570">
    <ele>82.5</ele>
    <time>2020-05-02T11:47:15Z</time>
   </trkpt>
   <trkpt lat="51.1330830" lon="-0.5704040">
    <ele>82.8</ele>
    <time>2020-05-02T11:47:17Z</time>
   </trkpt>
   <trkpt lat="51.1331210" lon="-0.5703780">
    <ele>82.9</ele>
    <time>2020-05-02T11:47:18Z</time>
   </trkpt>
   <trkpt lat="51.1331980" lon="-0.5703050">
    <ele>83.2</ele>
    <time>2020-05-02T11:47:20Z</time>
   </trkpt>
   <trkpt lat="51.1332370" lon="-0.5702660">
    <ele>83.4</ele>
    <time>2020-05-02T11:47:21Z</time>
   </trkpt>
   <trkpt lat="51.1333280" lon="-0.5701690">
    <ele>83.9</ele>
    <time>2020-05-02T11:47:23Z</time>
   </trkpt>
   <trkpt lat="51.1333520" lon="-0.5701380">
    <ele>84.1</ele>
    <time>2020-05-02T11:47:24Z</time>
   </trkpt>
   <trkpt lat="51.1333700" lon="-0.5701010">
    <ele>84.2</ele>
    <time>2020-05-02T11:47:25Z</time>
   </trkpt>
   <trkpt lat="51.1334090" lon="-0.5700200">
    <ele>84.6</ele>
    <time>2020-05-02T11:47:27Z</time>
   </trkpt>
   <trkpt lat="51.1334550" lon="-0.5699540">
    <ele>84.9</ele>
    <time>2020-05-02T11:47:28Z</time>
   </trkpt>
   <trkpt lat="51.1334860" lon="-0.5699160">
    <ele>85.2</ele>
    <time>2020-05-02T11:47:30Z</time>
   </trkpt>
   <trkpt lat="51.1335100" lon="-0.5698130">
    <ele>85.0</ele>
    <time>2020-05-02T11:47:32Z</time>
   </trkpt>
   <trkpt lat="51.1334750" lon="-0.5696570">
    <ele>84.6</ele>
    <time>2020-05-02T11:47:34Z</time>
   </trkpt>
   <trkpt lat="51.1334080" lon="-0.5695100">
    <ele>84.1</ele>
    <time>2020-05-02T11:47:36Z</time>
   </trkpt>
   <trkpt lat="51.1333650" lon="-0.5694300">
    <ele>83.8</ele>
    <time>2020-05-02T11:47:37Z</time>
   </trkpt>
   <trkpt lat="51.1333240" lon="-0.5691930">
    <ele>83.2</ele>
    <time>2020-05-02T11:47:39Z</time>
   </trkpt>
   <trkpt lat="51.1333120" lon="-0.5690620">
    <ele>82.9</ele>
    <time>2020-05-02T11:47:40Z</time>
   </trkpt>
   <trkpt lat="51.1332990" lon="-0.5687980">
    <ele>82.5</ele>
    <time>2020-05-02T11:47:42Z</time>
   </trkpt>
   <trkpt lat="51.1332970" lon="-0.5686670">
    <ele>82.5</ele>
    <time>2020-05-02T11:47:43Z</time>
   </trkpt>
   <trkpt lat="51.1332930" lon="-0.5685400">
    <ele>82.4</ele>
    <time>2020-05-02T11:47:44Z</time>
   </trkpt>
   <trkpt lat="51.1332860" lon="-0.5684310">
    <ele>82.5</ele>
    <time>2020-05-02T11:47:45Z</time>
   </trkpt>
   <trkpt lat="51.1332880" lon="-0.5681830">
    <ele>82.6</ele>
    <time>2020-05-02T11:47:47Z</time>
   </trkpt>
   <trkpt lat="51.1332860" lon="-0.5679610">
    <ele>82.9</ele>
    <time>2020-05-02T11:47:49Z</time>
   </trkpt>
   <trkpt lat="51.1332900" lon="-0.5678500">
    <ele>83.1</ele>
    <time>2020-05-02T11:47:50Z</time>
   </trkpt>
   <trkpt lat="51.1333000" lon="-0.5676500">
    <ele>83.6</ele>
    <time>2020-05-02T11:47:52Z</time>
   </trkpt>
   <trkpt lat="51.1333020" lon="-0.5674600">
    <ele>84.0</ele>
    <time>2020-05-02T11:47:54Z</time>
   </trkpt>
   <trkpt lat="51.1333030" lon="-0.5673670">
    <ele>84.2</ele>
    <time>2020-05-02T11:47:55Z</time>
   </trkpt>
   <trkpt lat="51.1333080" lon="-0.5672110">
    <ele>84.5</ele>
    <time>2020-05-02T11:47:57Z</time>
   </trkpt>
   <trkpt lat="51.1333040" lon="-0.5670270">
    <ele>84.9</ele>
    <time>2020-05-02T11:47:59Z</time>
   </trkpt>
   <trkpt lat="51.1333030" lon="-0.5669400">
    <ele>85.1</ele>
    <time>2020-05-02T11:48:00Z</time>
   </trkpt>
   <trkpt lat="51.1333020" lon="-0.5668400">
    <ele>85.3</ele>
    <time>2020-05-02T11:48:01Z</time>
   </trkpt>
   <trkpt lat="51.1333110" lon="-0.5666570">
    <ele>85.6</ele>
    <time>2020-05-02T11:48:03Z</time>
   </trkpt>
   <trkpt lat="51.1333130" lon="-0.5665650">
    <ele>85.8</ele>
    <time>2020-05-02T11:48:04Z</time>
   </trkpt>
   <trkpt lat="51.1333130" lon="-0.5663840">
    <ele>86.1</ele>
    <time>2020-05-02T11:48:06Z</time>
   </trkpt>
   <trkpt lat="51.1333100" lon="-0.5662930">
    <ele>86.2</ele>
    <time>2020-05-02T11:48:07Z</time>
   </trkpt>
   <trkpt lat="51.1333020" lon="-0.5661080">
    <ele>86.3</ele>
    <time>2020-05-02T11:48:09Z</time>
   </trkpt>
   <trkpt lat="51.1332970" lon="-0.5659290">
    <ele>86.4</ele>
    <time>2020-05-02T11:48:11Z</time>
   </trkpt>
   <trkpt lat="51.1333020" lon="-0.5657440">
    <ele>86.4</ele>
    <time>2020-05-02T11:48:13Z</time>
   </trkpt>
   <trkpt lat="51.1332860" lon="-0.5655710">
    <ele>86.4</ele>
    <time>2020-05-02T11:48:15Z</time>
   </trkpt>
   <trkpt lat="51.1332770" lon="-0.5654780">
    <ele>86.4</ele>
    <time>2020-05-02T11:48:16Z</time>
   </trkpt>
   <trkpt lat="51.1332670" lon="-0.5653830">
    <ele>86.4</ele>
    <time>2020-05-02T11:48:17Z</time>
   </trkpt>
   <trkpt lat="51.1332540" lon="-0.5652860">
    <ele>86.4</ele>
    <time>2020-05-02T11:48:18Z</time>
   </trkpt>
   <trkpt lat="51.1332190" lon="-0.5650970">
    <ele>86.4</ele>
    <time>2020-05-02T11:48:20Z</time>
   </trkpt>
   <trkpt lat="51.1331960" lon="-0.5649920">
    <ele>86.4</ele>
    <time>2020-05-02T11:48:21Z</time>
   </trkpt>
   <trkpt lat="51.1331540" lon="-0.5647970">
    <ele>86.1</ele>
    <time>2020-05-02T11:48:23Z</time>
   </trkpt>
   <trkpt lat="51.1331490" lon="-0.5647090">
    <ele>86.0</ele>
    <time>2020-05-02T11:48:24Z</time>
   </trkpt>
   <trkpt lat="51.1331300" lon="-0.5645250">
    <ele>85.6</ele>
    <time>2020-05-02T11:48:26Z</time>
   </trkpt>
   <trkpt lat="51.1330610" lon="-0.5642940">
    <ele>85.0</ele>
    <time>2020-05-02T11:48:28Z</time>
   </trkpt>
   <trkpt lat="51.1330170" lon="-0.5641790">
    <ele>84.7</ele>
    <time>2020-05-02T11:48:29Z</time>
   </trkpt>
   <trkpt lat="51.1329250" lon="-0.5639440">
    <ele>84.0</ele>
    <time>2020-05-02T11:48:31Z</time>
   </trkpt>
   <trkpt lat="51.1328750" lon="-0.5638230">
    <ele>83.7</ele>
    <time>2020-05-02T11:48:32Z</time>
   </trkpt>
   <trkpt lat="51.1327600" lon="-0.5636060">
    <ele>83.3</ele>
    <time>2020-05-02T11:48:34Z</time>
   </trkpt>
   <trkpt lat="51.1326530" lon="-0.5633360">
    <ele>82.7</ele>
    <time>2020-05-02T11:48:36Z</time>
   </trkpt>
   <trkpt lat="51.1326010" lon="-0.5632110">
    <ele>82.5</ele>
    <time>2020-05-02T11:48:37Z</time>
   </trkpt>
   <trkpt lat="51.1324890" lon="-0.5629510">
    <ele>81.9</ele>
    <time>2020-05-02T11:48:39Z</time>
   </trkpt>
   <trkpt lat="51.1324350" lon="-0.5628250">
    <ele>81.6</ele>
    <time>2020-05-02T11:48:40Z</time>
   </trkpt>
   <trkpt lat="51.1323790" lon="-0.5627030">
    <ele>81.3</ele>
    <time>2020-05-02T11:48:41Z</time>
   </trkpt>
   <trkpt lat="51.1322640" lon="-0.5624430">
    <ele>80.7</ele>
    <time>2020-05-02T11:48:43Z</time>
   </trkpt>
   <trkpt lat="51.1322120" lon="-0.5623190">
    <ele>80.5</ele>
    <time>2020-05-02T11:48:44Z</time>
   </trkpt>
   <trkpt lat="51.1321140" lon="-0.5621050">
    <ele>80.1</ele>
    <time>2020-05-02T11:48:46Z</time>
   </trkpt>
   <trkpt lat="51.1320690" lon="-0.5619710">
    <ele>79.9</ele>
    <time>2020-05-02T11:48:47Z</time>
   </trkpt>
   <trkpt lat="51.1320170" lon="-0.5618270">
    <ele>79.7</ele>
    <time>2020-05-02T11:48:48Z</time>
   </trkpt>
   <trkpt lat="51.1319190" lon="-0.5615580">
    <ele>79.3</ele>
    <time>2020-05-02T11:48:50Z</time>
   </trkpt>
   <trkpt lat="51.1318490" lon="-0.5613160">
    <ele>78.9</ele>
    <time>2020-05-02T11:48:52Z</time>
   </trkpt>
   <trkpt lat="51.1318060" lon="-0.5611850">
    <ele>78.7</ele>
    <time>2020-05-02T11:48:53Z</time>
   </trkpt>
   <trkpt lat="51.1317510" lon="-0.5610470">
    <ele>78.5</ele>
    <time>2020-05-02T11:48:54Z</time>
   </trkpt>
   <trkpt lat="51.1316300" lon="-0.5607770">
    <ele>78.1</ele>
    <time>2020-05-02T11:48:56Z</time>
   </trkpt>
   <trkpt lat="51.1315250" lon="-0.5605570">
    <ele>77.7</ele>
    <time>2020-05-02T11:48:58Z</time>
   </trkpt>
   <trkpt lat="51.1314180" lon="-0.5603010">
    <ele>77.2</ele>
    <time>2020-05-02T11:49:00Z</time>
   </trkpt>
   <trkpt lat="51.1313100" lon="-0.5600290">
    <ele>76.9</ele>
    <time>2020-05-02T11:49:02Z</time>
   </trkpt>
   <trkpt lat="51.1312550" lon="-0.5598950">
    <ele>76.6</ele>
    <time>2020-05-02T11:49:03Z</time>
   </trkpt>
   <trkpt lat="51.1311510" lon="-0.5596160">
    <ele>76.2</ele>
    <time>2020-05-02T11:49:05Z</time>
   </trkpt>
   <trkpt lat="51.1311000" lon="-0.5594690">
    <ele>76.1</ele>
    <time>2020-05-02T11:49:06Z</time>
   </trkpt>
   <trkpt lat="51.1310060" lon="-0.5591740">
    <ele>75.8</ele>
    <time>2020-05-02T11:49:08Z</time>
   </trkpt>
   <trkpt lat="51.1309640" lon="-0.5590280">
    <ele>75.5</ele>
    <time>2020-05-02T11:49:09Z</time>
   </trkpt>
   <trkpt lat="51.1308530" lon="-0.5587480">
    <ele>75.0</ele>
    <time>2020-05-02T11:49:11Z</time>
   </trkpt>
   <trkpt lat="51.1307990" lon="-0.5586150">
    <ele>74.8</ele>
    <time>2020-05-02T11:49:12Z</time>
   </trkpt>
   <trkpt lat="51.1307440" lon="-0.5584830">
    <ele>74.5</ele>
    <time>2020-05-02T11:49:13Z</time>
   </trkpt>
   <trkpt lat="51.1306340" lon="-0.5582200">
    <ele>73.9</ele>
    <time>2020-05-02T11:49:15Z</time>
   </trkpt>
   <trkpt lat="51.1305660" lon="-0.5580820">
    <ele>73.5</ele>
    <time>2020-05-02T11:49:16Z</time>
   </trkpt>
   <trkpt lat="51.1304650" lon="-0.5578300">
    <ele>72.9</ele>
    <time>2020-05-02T11:49:18Z</time>
   </trkpt>
   <trkpt lat="51.1303430" lon="-0.5575570">
    <ele>72.1</ele>
    <time>2020-05-02T11:49:20Z</time>
   </trkpt>
   <trkpt lat="51.1302430" lon="-0.5572780">
    <ele>71.6</ele>
    <time>2020-05-02T11:49:22Z</time>
   </trkpt>
   <trkpt lat="51.1301940" lon="-0.5571370">
    <ele>71.5</ele>
    <time>2020-05-02T11:49:23Z</time>
   </trkpt>
   <trkpt lat="51.1300890" lon="-0.5568400">
    <ele>70.9</ele>
    <time>2020-05-02T11:49:25Z</time>
   </trkpt>
   <trkpt lat="51.1300350" lon="-0.5566980">
    <ele>70.7</ele>
    <time>2020-05-02T11:49:26Z</time>
   </trkpt>
   <trkpt lat="51.1299330" lon="-0.5564140">
    <ele>70.1</ele>
    <time>2020-05-02T11:49:28Z</time>
   </trkpt>
   <trkpt lat="51.1298780" lon="-0.5562770">
    <ele>69.7</ele>
    <time>2020-05-02T11:49:29Z</time>
   </trkpt>
   <trkpt lat="51.1297770" lon="-0.5560030">
    <ele>69.1</ele>
    <time>2020-05-02T11:49:31Z</time>
   </trkpt>
   <trkpt lat="51.1296440" lon="-0.5557110">
    <ele>68.5</ele>
    <time>2020-05-02T11:49:33Z</time>
   </trkpt>
   <trkpt lat="51.1295080" lon="-0.5554040">
    <ele>68.0</ele>
    <time>2020-05-02T11:49:35Z</time>
   </trkpt>
   <trkpt lat="51.1294380" lon="-0.5552610">
    <ele>67.7</ele>
    <time>2020-05-02T11:49:36Z</time>
   </trkpt>
   <trkpt lat="51.1293180" lon="-0.5549870">
    <ele>67.3</ele>
    <time>2020-05-02T11:49:38Z</time>
   </trkpt>
   <trkpt lat="51.1292680" lon="-0.5548590">
    <ele>67.1</ele>
    <time>2020-05-02T11:49:39Z</time>
   </trkpt>
   <trkpt lat="51.1291630" lon="-0.5546050">
    <ele>66.8</ele>
    <time>2020-05-02T11:49:41Z</time>
   </trkpt>
   <trkpt lat="51.1291100" lon="-0.5544490">
    <ele>66.7</ele>
    <time>2020-05-02T11:49:42Z</time>
   </trkpt>
   <trkpt lat="51.1290530" lon="-0.5541610">
    <ele>66.7</ele>
    <time>2020-05-02T11:49:44Z</time>
   </trkpt>
   <trkpt lat="51.1290530" lon="-0.5538450">
    <ele>66.7</ele>
    <time>2020-05-02T11:49:46Z</time>
   </trkpt>
   <trkpt lat="51.1290750" lon="-0.5536950">
    <ele>66.7</ele>
    <time>2020-05-02T11:49:47Z</time>
   </trkpt>
   <trkpt lat="51.1291460" lon="-0.5534180">
    <ele>66.6</ele>
    <time>2020-05-02T11:49:49Z</time>
   </trkpt>
   <trkpt lat="51.1292190" lon="-0.5531460">
    <ele>66.6</ele>
    <time>2020-05-02T11:49:51Z</time>
   </trkpt>
   <trkpt lat="51.1293100" lon="-0.5529130">
    <ele>66.6</ele>
    <time>2020-05-02T11:49:53Z</time>
   </trkpt>
   <trkpt lat="51.1293840" lon="-0.5527190">
    <ele>66.6</ele>
    <time>2020-05-02T11:49:55Z</time>
   </trkpt>
   <trkpt lat="51.1294150" lon="-0.5526200">
    <ele>66.6</ele>
    <time>2020-05-02T11:49:56Z</time>
   </trkpt>
   <trkpt lat="51.1294820" lon="-0.5524180">
    <ele>66.5</ele>
    <time>2020-05-02T11:49:58Z</time>
   </trkpt>
   <trkpt lat="51.1295170" lon="-0.5523090">
    <ele>66.4</ele>
    <time>2020-05-02T11:49:59Z</time>
   </trkpt>
   <trkpt lat="51.1295530" lon="-0.5521960">
    <ele>66.3</ele>
    <time>2020-05-02T11:50:00Z</time>
   </trkpt>
   <trkpt lat="51.1296300" lon="-0.5519620">
    <ele>66.1</ele>
    <time>2020-05-02T11:50:02Z</time>
   </trkpt>
   <trkpt lat="51.1297260" lon="-0.5516950">
    <ele>65.9</ele>
    <time>2020-05-02T11:50:04Z</time>
   </trkpt>
   <trkpt lat="51.1297880" lon="-0.5514360">
    <ele>65.8</ele>
    <time>2020-05-02T11:50:06Z</time>
   </trkpt>
   <trkpt lat="51.1298340" lon="-0.5511600">
    <ele>65.8</ele>
    <time>2020-05-02T11:50:08Z</time>
   </trkpt>
   <trkpt lat="51.1298780" lon="-0.5509000">
    <ele>65.7</ele>
    <time>2020-05-02T11:50:10Z</time>
   </trkpt>
   <trkpt lat="51.1299270" lon="-0.5506480">
    <ele>65.8</ele>
    <time>2020-05-02T11:50:12Z</time>
   </trkpt>
   <trkpt lat="51.1299850" lon="-0.5504190">
    <ele>65.8</ele>
    <time>2020-05-02T11:50:14Z</time>
   </trkpt>
   <trkpt lat="51.1300280" lon="-0.5501640">
    <ele>65.8</ele>
    <time>2020-05-02T11:50:16Z</time>
   </trkpt>
   <trkpt lat="51.1300830" lon="-0.5499230">
    <ele>65.8</ele>
    <time>2020-05-02T11:50:18Z</time>
   </trkpt>
   <trkpt lat="51.1301090" lon="-0.5498080">
    <ele>65.8</ele>
    <time>2020-05-02T11:50:19Z</time>
   </trkpt>
   <trkpt lat="51.1301390" lon="-0.5496990">
    <ele>65.8</ele>
    <time>2020-05-02T11:50:20Z</time>
   </trkpt>
   <trkpt lat="51.1301700" lon="-0.5495910">
    <ele>65.8</ele>
    <time>2020-05-02T11:50:21Z</time>
   </trkpt>
   <trkpt lat="51.1302010" lon="-0.5494810">
    <ele>65.8</ele>
    <time>2020-05-02T11:50:22Z</time>
   </trkpt>
   <trkpt lat="51.1302330" lon="-0.5493730">
    <ele>65.8</ele>
    <time>2020-05-02T11:50:23Z</time>
   </trkpt>
   <trkpt lat="51.1303050" lon="-0.5491580">
    <ele>65.8</ele>
    <time>2020-05-02T11:50:25Z</time>
   </trkpt>
   <trkpt lat="51.1303950" lon="-0.5489780">
    <ele>65.8</ele>
    <time>2020-05-02T11:50:27Z</time>
   </trkpt>
   <trkpt lat="51.1304350" lon="-0.5488900">
    <ele>65.8</ele>
    <time>2020-05-02T11:50:28Z</time>
   </trkpt>
   <trkpt lat="51.1305190" lon="-0.5486860">
    <ele>65.8</ele>
    <time>2020-05-02T11:50:30Z</time>
   </trkpt>
   <trkpt lat="51.1305910" lon="-0.5484830">
    <ele>65.9</ele>
    <time>2020-05-02T11:50:32Z</time>
   </trkpt>
   <trkpt lat="51.1306450" lon="-0.5483080">
    <ele>65.8</ele>
    <time>2020-05-02T11:50:34Z</time>
   </trkpt>
   <trkpt lat="51.1306680" lon="-0.5482180">
    <ele>65.8</ele>
    <time>2020-05-02T11:50:35Z</time>
   </trkpt>
   <trkpt lat="51.1306960" lon="-0.5480360">
    <ele>65.9</ele>
    <time>2020-05-02T11:50:37Z</time>
   </trkpt>
   <trkpt lat="51.1307530" lon="-0.5478530">
    <ele>66.1</ele>
    <time>2020-05-02T11:50:39Z</time>
   </trkpt>
   <trkpt lat="51.1308170" lon="-0.5476600">
    <ele>66.4</ele>
    <time>2020-05-02T11:50:41Z</time>
   </trkpt>
   <trkpt lat="51.1308900" lon="-0.5474990">
    <ele>66.6</ele>
    <time>2020-05-02T11:50:43Z</time>
   </trkpt>
   <trkpt lat="51.1309200" lon="-0.5474120">
    <ele>66.6</ele>
    <time>2020-05-02T11:50:44Z</time>
   </trkpt>
   <trkpt lat="51.1309480" lon="-0.5473170">
    <ele>66.6</ele>
    <time>2020-05-02T11:50:45Z</time>
   </trkpt>
   <trkpt lat="51.1309900" lon="-0.5471610">
    <ele>66.6</ele>
    <time>2020-05-02T11:50:47Z</time>
   </trkpt>
   <trkpt lat="51.1310220" lon="-0.5471000">
    <ele>66.6</ele>
    <time>2020-05-02T11:50:48Z</time>
   </trkpt>
   <trkpt lat="51.1310560" lon="-0.5470080">
    <ele>66.6</ele>
    <time>2020-05-02T11:50:49Z</time>
   </trkpt>
   <trkpt lat="51.1311090" lon="-0.5468560">
    <ele>66.6</ele>
    <time>2020-05-02T11:50:51Z</time>
   </trkpt>
   <trkpt lat="51.1311490" lon="-0.5467090">
    <ele>66.6</ele>
    <time>2020-05-02T11:50:53Z</time>
   </trkpt>
   <trkpt lat="51.1311720" lon="-0.5466360">
    <ele>66.6</ele>
    <time>2020-05-02T11:50:54Z</time>
   </trkpt>
   <trkpt lat="51.1312420" lon="-0.5464660">
    <ele>66.5</ele>
    <time>2020-05-02T11:50:56Z</time>
   </trkpt>
   <trkpt lat="51.1312600" lon="-0.5463530">
    <ele>66.4</ele>
    <time>2020-05-02T11:50:58Z</time>
   </trkpt>
   <trkpt lat="51.1312870" lon="-0.5462820">
    <ele>66.3</ele>
    <time>2020-05-02T11:50:59Z</time>
   </trkpt>
   <trkpt lat="51.1313190" lon="-0.5462030">
    <ele>66.2</ele>
    <time>2020-05-02T11:51:00Z</time>
   </trkpt>
   <trkpt lat="51.1313510" lon="-0.5461090">
    <ele>66.1</ele>
    <time>2020-05-02T11:51:01Z</time>
   </trkpt>
   <trkpt lat="51.1314370" lon="-0.5459340">
    <ele>65.8</ele>
    <time>2020-05-02T11:51:03Z</time>
   </trkpt>
   <trkpt lat="51.1315290" lon="-0.5457450">
    <ele>65.5</ele>
    <time>2020-05-02T11:51:05Z</time>
   </trkpt>
   <trkpt lat="51.1315760" lon="-0.5456480">
    <ele>65.4</ele>
    <time>2020-05-02T11:51:06Z</time>
   </trkpt>
   <trkpt lat="51.1316190" lon="-0.5455640">
    <ele>65.3</ele>
    <time>2020-05-02T11:51:07Z</time>
   </trkpt>
   <trkpt lat="51.1317060" lon="-0.5454240">
    <ele>65.2</ele>
    <time>2020-05-02T11:51:09Z</time>
   </trkpt>
   <trkpt lat="51.1318010" lon="-0.5452620">
    <ele>64.9</ele>
    <time>2020-05-02T11:51:11Z</time>
   </trkpt>
   <trkpt lat="51.1318470" lon="-0.5451660">
    <ele>64.7</ele>
    <time>2020-05-02T11:51:12Z</time>
   </trkpt>
   <trkpt lat="51.1319130" lon="-0.5449690">
    <ele>64.3</ele>
    <time>2020-05-02T11:51:14Z</time>
   </trkpt>
   <trkpt lat="51.1319520" lon="-0.5448570">
    <ele>64.2</ele>
    <time>2020-05-02T11:51:15Z</time>
   </trkpt>
   <trkpt lat="51.1320340" lon="-0.5446650">
    <ele>63.9</ele>
    <time>2020-05-02T11:51:17Z</time>
   </trkpt>
   <trkpt lat="51.1321600" lon="-0.5444760">
    <ele>63.3</ele>
    <time>2020-05-02T11:51:19Z</time>
   </trkpt>
   <trkpt lat="51.1322250" lon="-0.5443790">
    <ele>63.0</ele>
    <time>2020-05-02T11:51:20Z</time>
   </trkpt>
   <trkpt lat="51.1323460" lon="-0.5441800">
    <ele>62.5</ele>
    <time>2020-05-02T11:51:22Z</time>
   </trkpt>
   <trkpt lat="51.1324290" lon="-0.5440630">
    <ele>62.2</ele>
    <time>2020-05-02T11:51:23Z</time>
   </trkpt>
   <trkpt lat="51.1324960" lon="-0.5439520">
    <ele>61.9</ele>
    <time>2020-05-02T11:51:24Z</time>
   </trkpt>
   <trkpt lat="51.1326200" lon="-0.5437160">
    <ele>61.5</ele>
    <time>2020-05-02T11:51:26Z</time>
   </trkpt>
   <trkpt lat="51.1326830" lon="-0.5435860">
    <ele>61.3</ele>
    <time>2020-05-02T11:51:27Z</time>
   </trkpt>
   <trkpt lat="51.1328140" lon="-0.5433310">
    <ele>60.8</ele>
    <time>2020-05-02T11:51:29Z</time>
   </trkpt>
   <trkpt lat="51.1329030" lon="-0.5430750">
    <ele>60.4</ele>
    <time>2020-05-02T11:51:31Z</time>
   </trkpt>
   <trkpt lat="51.1330210" lon="-0.5428620">
    <ele>60.2</ele>
    <time>2020-05-02T11:51:33Z</time>
   </trkpt>
   <trkpt lat="51.1331240" lon="-0.5426670">
    <ele>60.1</ele>
    <time>2020-05-02T11:51:35Z</time>
   </trkpt>
   <trkpt lat="51.1331810" lon="-0.5425950">
    <ele>60.0</ele>
    <time>2020-05-02T11:51:36Z</time>
   </trkpt>
   <trkpt lat="51.1332880" lon="-0.5424050">
    <ele>60.0</ele>
    <time>2020-05-02T11:51:38Z</time>
   </trkpt>
   <trkpt lat="51.1333900" lon="-0.5422200">
    <ele>59.9</ele>
    <time>2020-05-02T11:51:40Z</time>
   </trkpt>
   <trkpt lat="51.1334420" lon="-0.5421290">
    <ele>59.8</ele>
    <time>2020-05-02T11:51:41Z</time>
   </trkpt>
   <trkpt lat="51.1335500" lon="-0.5419410">
    <ele>59.8</ele>
    <time>2020-05-02T11:51:43Z</time>
   </trkpt>
   <trkpt lat="51.1336030" lon="-0.5418440">
    <ele>59.8</ele>
    <time>2020-05-02T11:51:44Z</time>
   </trkpt>
   <trkpt lat="51.1336470" lon="-0.5417340">
    <ele>59.9</ele>
    <time>2020-05-02T11:51:45Z</time>
   </trkpt>
   <trkpt lat="51.1337370" lon="-0.5415150">
    <ele>60.1</ele>
    <time>2020-05-02T11:51:47Z</time>
   </trkpt>
   <trkpt lat="51.1338440" lon="-0.5412950">
    <ele>60.3</ele>
    <time>2020-05-02T11:51:49Z</time>
   </trkpt>
   <trkpt lat="51.1339300" lon="-0.5411200">
    <ele>60.5</ele>
    <time>2020-05-02T11:51:51Z</time>
   </trkpt>
   <trkpt lat="51.1340170" lon="-0.5409490">
    <ele>60.8</ele>
    <time>2020-05-02T11:51:53Z</time>
   </trkpt>
   <trkpt lat="51.1340640" lon="-0.5408680">
    <ele>60.9</ele>
    <time>2020-05-02T11:51:54Z</time>
   </trkpt>
   <trkpt lat="51.1341590" lon="-0.5406920">
    <ele>61.3</ele>
    <time>2020-05-02T11:51:56Z</time>
   </trkpt>
   <trkpt lat="51.1341960" lon="-0.5406050">
    <ele>61.4</ele>
    <time>2020-05-02T11:51:57Z</time>
   </trkpt>
   <trkpt lat="51.1342660" lon="-0.5404460">
    <ele>61.7</ele>
    <time>2020-05-02T11:51:59Z</time>
   </trkpt>
   <trkpt lat="51.1343070" lon="-0.5403610">
    <ele>61.9</ele>
    <time>2020-05-02T11:52:00Z</time>
   </trkpt>
   <trkpt lat="51.1343790" lon="-0.5402110">
    <ele>62.4</ele>
    <time>2020-05-02T11:52:02Z</time>
   </trkpt>
   <trkpt lat="51.1344170" lon="-0.5401250">
    <ele>62.6</ele>
    <time>2020-05-02T11:52:03Z</time>
   </trkpt>
   <trkpt lat="51.1344800" lon="-0.5399710">
    <ele>63.1</ele>
    <time>2020-05-02T11:52:05Z</time>
   </trkpt>
   <trkpt lat="51.1345350" lon="-0.5398230">
    <ele>63.5</ele>
    <time>2020-05-02T11:52:07Z</time>
   </trkpt>
   <trkpt lat="51.1345630" lon="-0.5396610">
    <ele>63.8</ele>
    <time>2020-05-02T11:52:09Z</time>
   </trkpt>
   <trkpt lat="51.1345730" lon="-0.5395250">
    <ele>63.9</ele>
    <time>2020-05-02T11:52:11Z</time>
   </trkpt>
   <trkpt lat="51.1345710" lon="-0.5394460">
    <ele>63.9</ele>
    <time>2020-05-02T11:52:12Z</time>
   </trkpt>
   <trkpt lat="51.1345350" lon="-0.5392830">
    <ele>63.9</ele>
    <time>2020-05-02T11:52:14Z</time>
   </trkpt>
   <trkpt lat="51.1344490" lon="-0.5391390">
    <ele>63.5</ele>
    <time>2020-05-02T11:52:16Z</time>
   </trkpt>
   <trkpt lat="51.1343140" lon="-0.5390180">
    <ele>62.8</ele>
    <time>2020-05-02T11:52:18Z</time>
   </trkpt>
   <trkpt lat="51.1342430" lon="-0.5389580">
    <ele>62.3</ele>
    <time>2020-05-02T11:52:19Z</time>
   </trkpt>
   <trkpt lat="51.1341030" lon="-0.5388410">
    <ele>61.5</ele>
    <time>2020-05-02T11:52:21Z</time>
   </trkpt>
   <trkpt lat="51.1340270" lon="-0.5387750">
    <ele>61.1</ele>
    <time>2020-05-02T11:52:22Z</time>
   </trkpt>
   <trkpt lat="51.1339550" lon="-0.5387080">
    <ele>60.7</ele>
    <time>2020-05-02T11:52:23Z</time>
   </trkpt>
   <trkpt lat="51.1337970" lon="-0.5385740">
    <ele>60.0</ele>
    <time>2020-05-02T11:52:25Z</time>
   </trkpt>
   <trkpt lat="51.1336340" lon="-0.5384310">
    <ele>59.3</ele>
    <time>2020-05-02T11:52:27Z</time>
   </trkpt>
   <trkpt lat="51.1335470" lon="-0.5383650">
    <ele>59.0</ele>
    <time>2020-05-02T11:52:28Z</time>
   </trkpt>
   <trkpt lat="51.1333770" lon="-0.5382250">
    <ele>58.5</ele>
    <time>2020-05-02T11:52:30Z</time>
   </trkpt>
   <trkpt lat="51.1332090" lon="-0.5380770">
    <ele>58.1</ele>
    <time>2020-05-02T11:52:32Z</time>
   </trkpt>
   <trkpt lat="51.1331250" lon="-0.5380170">
    <ele>57.8</ele>
    <time>2020-05-02T11:52:33Z</time>
   </trkpt>
   <trkpt lat="51.1330520" lon="-0.5379510">
    <ele>57.7</ele>
    <time>2020-05-02T11:52:34Z</time>
   </trkpt>
   <trkpt lat="51.1329920" lon="-0.5378660">
    <ele>57.5</ele>
    <time>2020-05-02T11:52:35Z</time>
   </trkpt>
   <trkpt lat="51.1329840" lon="-0.5376290">
    <ele>57.4</ele>
    <time>2020-05-02T11:52:37Z</time>
   </trkpt>
   <trkpt lat="51.1330890" lon="-0.5374620">
    <ele>57.4</ele>
    <time>2020-05-02T11:52:39Z</time>
   </trkpt>
   <trkpt lat="51.1332330" lon="-0.5373610">
    <ele>57.5</ele>
    <time>2020-05-02T11:52:41Z</time>
   </trkpt>
   <trkpt lat="51.1333740" lon="-0.5372740">
    <ele>57.6</ele>
    <time>2020-05-02T11:52:43Z</time>
   </trkpt>
   <trkpt lat="51.1334950" lon="-0.5371700">
    <ele>57.9</ele>
    <time>2020-05-02T11:52:45Z</time>
   </trkpt>
   <trkpt lat="51.1335480" lon="-0.5371080">
    <ele>58.1</ele>
    <time>2020-05-02T11:52:46Z</time>
   </trkpt>
   <trkpt lat="51.1336680" lon="-0.5369840">
    <ele>58.3</ele>
    <time>2020-05-02T11:52:48Z</time>
   </trkpt>
   <trkpt lat="51.1337110" lon="-0.5369190">
    <ele>58.4</ele>
    <time>2020-05-02T11:52:49Z</time>
   </trkpt>
   <trkpt lat="51.1337990" lon="-0.5367780">
    <ele>58.4</ele>
    <time>2020-05-02T11:52:51Z</time>
   </trkpt>
   <trkpt lat="51.1338490" lon="-0.5367020">
    <ele>58.5</ele>
    <time>2020-05-02T11:52:52Z</time>
   </trkpt>
   <trkpt lat="51.1339580" lon="-0.5365570">
    <ele>58.4</ele>
    <time>2020-05-02T11:52:54Z</time>
   </trkpt>
   <trkpt lat="51.1340700" lon="-0.5364030">
    <ele>58.4</ele>
    <time>2020-05-02T11:52:56Z</time>
   </trkpt>
   <trkpt lat="51.1341330" lon="-0.5363210">
    <ele>58.3</ele>
    <time>2020-05-02T11:52:57Z</time>
   </trkpt>
   <trkpt lat="51.1342620" lon="-0.5361390">
    <ele>58.2</ele>
    <time>2020-05-02T11:52:59Z</time>
   </trkpt>
   <trkpt lat="51.1343250" lon="-0.5360380">
    <ele>58.1</ele>
    <time>2020-05-02T11:53:00Z</time>
   </trkpt>
   <trkpt lat="51.1344310" lon="-0.5358210">
    <ele>57.9</ele>
    <time>2020-05-02T11:53:02Z</time>
   </trkpt>
   <trkpt lat="51.1344850" lon="-0.5357110">
    <ele>57.8</ele>
    <time>2020-05-02T11:53:03Z</time>
   </trkpt>
   <trkpt lat="51.1345390" lon="-0.5356010">
    <ele>57.6</ele>
    <time>2020-05-02T11:53:04Z</time>
   </trkpt>
   <trkpt lat="51.1346290" lon="-0.5353690">
    <ele>57.4</ele>
    <time>2020-05-02T11:53:06Z</time>
   </trkpt>
   <trkpt lat="51.1347190" lon="-0.5351420">
    <ele>57.4</ele>
    <time>2020-05-02T11:53:08Z</time>
   </trkpt>
   <trkpt lat="51.1347650" lon="-0.5350320">
    <ele>57.4</ele>
    <time>2020-05-02T11:53:09Z</time>
   </trkpt>
   <trkpt lat="51.1348110" lon="-0.5349240">
    <ele>57.5</ele>
    <time>2020-05-02T11:53:10Z</time>
   </trkpt>
   <trkpt lat="51.1349080" lon="-0.5347240">
    <ele>57.6</ele>
    <time>2020-05-02T11:53:12Z</time>
   </trkpt>
   <trkpt lat="51.1349680" lon="-0.5346390">
    <ele>57.6</ele>
    <time>2020-05-02T11:53:13Z</time>
   </trkpt>
   <trkpt lat="51.1350790" lon="-0.5344670">
    <ele>57.6</ele>
    <time>2020-05-02T11:53:15Z</time>
   </trkpt>
   <trkpt lat="51.1351620" lon="-0.5342830">
    <ele>57.5</ele>
    <time>2020-05-02T11:53:17Z</time>
   </trkpt>
   <trkpt lat="51.1352120" lon="-0.5341990">
    <ele>57.5</ele>
    <time>2020-05-02T11:53:18Z</time>
   </trkpt>
   <trkpt lat="51.1352670" lon="-0.5341110">
    <ele>57.5</ele>
    <time>2020-05-02T11:53:19Z</time>
   </trkpt>
   <trkpt lat="51.1353190" lon="-0.5340230">
    <ele>57.6</ele>
    <time>2020-05-02T11:53:20Z</time>
   </trkpt>
   <trkpt lat="51.1354380" lon="-0.5338680">
    <ele>57.8</ele>
    <time>2020-05-02T11:53:22Z</time>
   </trkpt>
   <trkpt lat="51.1355610" lon="-0.5337280">
    <ele>58.0</ele>
    <time>2020-05-02T11:53:24Z</time>
   </trkpt>
   <trkpt lat="51.1356260" lon="-0.5336750">
    <ele>58.1</ele>
    <time>2020-05-02T11:53:25Z</time>
   </trkpt>
   <trkpt lat="51.1357440" lon="-0.5335680">
    <ele>58.2</ele>
    <time>2020-05-02T11:53:27Z</time>
   </trkpt>
   <trkpt lat="51.1358020" lon="-0.5335170">
    <ele>58.2</ele>
    <time>2020-05-02T11:53:28Z</time>
   </trkpt>
   <trkpt lat="51.1359170" lon="-0.5334110">
    <ele>58.3</ele>
    <time>2020-05-02T11:53:30Z</time>
   </trkpt>
   <trkpt lat="51.1360320" lon="-0.5332970">
    <ele>58.2</ele>
    <time>2020-05-02T11:53:32Z</time>
   </trkpt>
   <trkpt lat="51.1361520" lon="-0.5331960">
    <ele>58.2</ele>
    <time>2020-05-02T11:53:34Z</time>
   </trkpt>
   <trkpt lat="51.1362780" lon="-0.5331070">
    <ele>58.1</ele>
    <time>2020-05-02T11:53:36Z</time>
   </trkpt>
   <trkpt lat="51.1363430" lon="-0.5330680">
    <ele>58.0</ele>
    <time>2020-05-02T11:53:37Z</time>
   </trkpt>
   <trkpt lat="51.1364800" lon="-0.5330010">
    <ele>57.9</ele>
    <time>2020-05-02T11:53:39Z</time>
   </trkpt>
   <trkpt lat="51.1365460" lon="-0.5329790">
    <ele>57.8</ele>
    <time>2020-05-02T11:53:40Z</time>
   </trkpt>
   <trkpt lat="51.1366830" lon="-0.5329420">
    <ele>57.7</ele>
    <time>2020-05-02T11:53:42Z</time>
   </trkpt>
   <trkpt lat="51.1368400" lon="-0.5329350">
    <ele>57.6</ele>
    <time>2020-05-02T11:53:44Z</time>
   </trkpt>
   <trkpt lat="51.1369210" lon="-0.5329450">
    <ele>57.6</ele>
    <time>2020-05-02T11:53:45Z</time>
   </trkpt>
   <trkpt lat="51.1370600" lon="-0.5329550">
    <ele>57.5</ele>
    <time>2020-05-02T11:53:47Z</time>
   </trkpt>
   <trkpt lat="51.1371240" lon="-0.5329550">
    <ele>57.5</ele>
    <time>2020-05-02T11:53:48Z</time>
   </trkpt>
   <trkpt lat="51.1372710" lon="-0.5329290">
    <ele>57.4</ele>
    <time>2020-05-02T11:53:50Z</time>
   </trkpt>
   <trkpt lat="51.1373480" lon="-0.5328460">
    <ele>57.4</ele>
    <time>2020-05-02T11:53:51Z</time>
   </trkpt>
   <trkpt lat="51.1374520" lon="-0.5326650">
    <ele>57.1</ele>
    <time>2020-05-02T11:53:53Z</time>
   </trkpt>
   <trkpt lat="51.1375640" lon="-0.5324570">
    <ele>56.8</ele>
    <time>2020-05-02T11:53:55Z</time>
   </trkpt>
   <trkpt lat="51.1376210" lon="-0.5323570">
    <ele>56.7</ele>
    <time>2020-05-02T11:53:56Z</time>
   </trkpt>
   <trkpt lat="51.1377110" lon="-0.5321940">
    <ele>56.7</ele>
    <time>2020-05-02T11:53:58Z</time>
   </trkpt>
   <trkpt lat="51.1377580" lon="-0.5321060">
    <ele>56.7</ele>
    <time>2020-05-02T11:53:59Z</time>
   </trkpt>
   <trkpt lat="51.1378030" lon="-0.5320140">
    <ele>56.7</ele>
    <time>2020-05-02T11:54:00Z</time>
   </trkpt>
   <trkpt lat="51.1378500" lon="-0.5319130">
    <ele>56.7</ele>
    <time>2020-05-02T11:54:01Z</time>
   </trkpt>
   <trkpt lat="51.1379410" lon="-0.5317020">
    <ele>56.7</ele>
    <time>2020-05-02T11:54:03Z</time>
   </trkpt>
   <trkpt lat="51.1379970" lon="-0.5314840">
    <ele>56.7</ele>
    <time>2020-05-02T11:54:05Z</time>
   </trkpt>
   <trkpt lat="51.1380320" lon="-0.5312490">
    <ele>56.7</ele>
    <time>2020-05-02T11:54:07Z</time>
   </trkpt>
   <trkpt lat="51.1380340" lon="-0.5311290">
    <ele>56.8</ele>
    <time>2020-05-02T11:54:08Z</time>
   </trkpt>
   <trkpt lat="51.1380250" lon="-0.5310020">
    <ele>56.8</ele>
    <time>2020-05-02T11:54:09Z</time>
   </trkpt>
   <trkpt lat="51.1380230" lon="-0.5307420">
    <ele>57.1</ele>
    <time>2020-05-02T11:54:11Z</time>
   </trkpt>
   <trkpt lat="51.1380440" lon="-0.5306210">
    <ele>57.3</ele>
    <time>2020-05-02T11:54:12Z</time>
   </trkpt>
   <trkpt lat="51.1381020" lon="-0.5303940">
    <ele>57.5</ele>
    <time>2020-05-02T11:54:14Z</time>
   </trkpt>
   <trkpt lat="51.1381450" lon="-0.5302890">
    <ele>57.7</ele>
    <time>2020-05-02T11:54:15Z</time>
   </trkpt>
   <trkpt lat="51.1382310" lon="-0.5300920">
    <ele>58.1</ele>
    <time>2020-05-02T11:54:17Z</time>
   </trkpt>
   <trkpt lat="51.1382730" lon="-0.5300030">
    <ele>58.2</ele>
    <time>2020-05-02T11:54:18Z</time>
   </trkpt>
   <trkpt lat="51.1383160" lon="-0.5299190">
    <ele>58.5</ele>
    <time>2020-05-02T11:54:19Z</time>
   </trkpt>
   <trkpt lat="51.1383920" lon="-0.5297820">
    <ele>58.8</ele>
    <time>2020-05-02T11:54:21Z</time>
   </trkpt>
   <trkpt lat="51.1383830" lon="-0.5297130">
    <ele>59.0</ele>
    <time>2020-05-02T11:54:23Z</time>
   </trkpt>
   <trkpt lat="51.1383770" lon="-0.5296940">
    <ele>59.0</ele>
    <time>2020-05-02T11:54:24Z</time>
   </trkpt>
   <trkpt lat="51.1384150" lon="-0.5296110">
    <ele>59.3</ele>
    <time>2020-05-02T11:54:26Z</time>
   </trkpt>
   <trkpt lat="51.1384500" lon="-0.5295100">
    <ele>59.6</ele>
    <time>2020-05-02T11:54:28Z</time>
   </trkpt>
   <trkpt lat="51.1385000" lon="-0.5293820">
    <ele>60.0</ele>
    <time>2020-05-02T11:54:30Z</time>
   </trkpt>
   <trkpt lat="51.1385260" lon="-0.5293080">
    <ele>60.3</ele>
    <time>2020-05-02T11:54:32Z</time>
   </trkpt>
   <trkpt lat="51.1385620" lon="-0.5292430">
    <ele>60.6</ele>
    <time>2020-05-02T11:54:34Z</time>
   </trkpt>
   <trkpt lat="51.1386090" lon="-0.5292110">
    <ele>60.9</ele>
    <time>2020-05-02T11:54:36Z</time>
   </trkpt>
   <trkpt lat="51.1386370" lon="-0.5291790">
    <ele>61.1</ele>
    <time>2020-05-02T11:54:37Z</time>
   </trkpt>
   <trkpt lat="51.1386760" lon="-0.5290920">
    <ele>61.5</ele>
    <time>2020-05-02T11:54:39Z</time>
   </trkpt>
   <trkpt lat="51.1386940" lon="-0.5290490">
    <ele>61.7</ele>
    <time>2020-05-02T11:54:40Z</time>
   </trkpt>
   <trkpt lat="51.1386990" lon="-0.5290350">
    <ele>61.8</ele>
    <time>2020-05-02T11:54:41Z</time>
   </trkpt>
   <trkpt lat="51.1387310" lon="-0.5289640">
    <ele>62.1</ele>
    <time>2020-05-02T11:54:43Z</time>
   </trkpt>
   <trkpt lat="51.1387570" lon="-0.5288980">
    <ele>62.5</ele>
    <time>2020-05-02T11:54:45Z</time>
   </trkpt>
   <trkpt lat="51.1387710" lon="-0.5288540">
    <ele>62.7</ele>
    <time>2020-05-02T11:54:46Z</time>
   </trkpt>
   <trkpt lat="51.1388000" lon="-0.5287630">
    <ele>63.2</ele>
    <time>2020-05-02T11:54:48Z</time>
   </trkpt>
   <trkpt lat="51.1388100" lon="-0.5287430">
    <ele>63.3</ele>
    <time>2020-05-02T11:54:50Z</time>
   </trkpt>
   <trkpt lat="51.1388240" lon="-0.5287040">
    <ele>63.5</ele>
    <time>2020-05-02T11:54:52Z</time>
   </trkpt>
   <trkpt lat="51.1388350" lon="-0.5286490">
    <ele>63.7</ele>
    <time>2020-05-02T11:54:54Z</time>
   </trkpt>
   <trkpt lat="51.1388670" lon="-0.5285770">
    <ele>64.1</ele>
    <time>2020-05-02T11:54:56Z</time>
   </trkpt>
   <trkpt lat="51.1389190" lon="-0.5284770">
    <ele>64.6</ele>
    <time>2020-05-02T11:54:58Z</time>
   </trkpt>
   <trkpt lat="51.1389670" lon="-0.5283610">
    <ele>65.0</ele>
    <time>2020-05-02T11:55:00Z</time>
   </trkpt>
   <trkpt lat="51.1389710" lon="-0.5282970">
    <ele>65.1</ele>
    <time>2020-05-02T11:55:01Z</time>
   </trkpt>
   <trkpt lat="51.1389380" lon="-0.5281860">
    <ele>65.1</ele>
    <time>2020-05-02T11:55:03Z</time>
   </trkpt>
   <trkpt lat="51.1389100" lon="-0.5281240">
    <ele>65.0</ele>
    <time>2020-05-02T11:55:04Z</time>
   </trkpt>
   <trkpt lat="51.1388310" lon="-0.5279980">
    <ele>65.0</ele>
    <time>2020-05-02T11:55:06Z</time>
   </trkpt>
   <trkpt lat="51.1387480" lon="-0.5278380">
    <ele>64.9</ele>
    <time>2020-05-02T11:55:08Z</time>
   </trkpt>
   <trkpt lat="51.1386940" lon="-0.5277590">
    <ele>64.8</ele>
    <time>2020-05-02T11:55:09Z</time>
   </trkpt>
   <trkpt lat="51.1386210" lon="-0.5276920">
    <ele>64.6</ele>
    <time>2020-05-02T11:55:10Z</time>
   </trkpt>
   <trkpt lat="51.1384820" lon="-0.5275860">
    <ele>64.2</ele>
    <time>2020-05-02T11:55:12Z</time>
   </trkpt>
   <trkpt lat="51.1383380" lon="-0.5274940">
    <ele>63.5</ele>
    <time>2020-05-02T11:55:14Z</time>
   </trkpt>
   <trkpt lat="51.1382600" lon="-0.5274420">
    <ele>63.1</ele>
    <time>2020-05-02T11:55:15Z</time>
   </trkpt>
   <trkpt lat="51.1380950" lon="-0.5273190">
    <ele>62.3</ele>
    <time>2020-05-02T11:55:17Z</time>
   </trkpt>
   <trkpt lat="51.1379360" lon="-0.5272060">
    <ele>61.4</ele>
    <time>2020-05-02T11:55:19Z</time>
   </trkpt>
   <trkpt lat="51.1378540" lon="-0.5271500">
    <ele>61.0</ele>
    <time>2020-05-02T11:55:20Z</time>
   </trkpt>
   <trkpt lat="51.1376990" lon="-0.5270500">
    <ele>60.2</ele>
    <time>2020-05-02T11:55:22Z</time>
   </trkpt>
   <trkpt lat="51.1375450" lon="-0.5269640">
    <ele>59.4</ele>
    <time>2020-05-02T11:55:24Z</time>
   </trkpt>
   <trkpt lat="51.1373820" lon="-0.5268730">
    <ele>58.7</ele>
    <time>2020-05-02T11:55:26Z</time>
   </trkpt>
   <trkpt lat="51.1372970" lon="-0.5268060">
    <ele>58.3</ele>
    <time>2020-05-02T11:55:27Z</time>
   </trkpt>
   <trkpt lat="51.1371590" lon="-0.5267070">
    <ele>57.7</ele>
    <time>2020-05-02T11:55:29Z</time>
   </trkpt>
   <trkpt lat="51.1370010" lon="-0.5265640">
    <ele>56.9</ele>
    <time>2020-05-02T11:55:31Z</time>
   </trkpt>
   <trkpt lat="51.1368890" lon="-0.5264770">
    <ele>56.4</ele>
    <time>2020-05-02T11:55:32Z</time>
   </trkpt>
   <trkpt lat="51.1367750" lon="-0.5263860">
    <ele>55.8</ele>
    <time>2020-05-02T11:55:33Z</time>
   </trkpt>
   <trkpt lat="51.1365550" lon="-0.5262100">
    <ele>55.0</ele>
    <time>2020-05-02T11:55:35Z</time>
   </trkpt>
   <trkpt lat="51.1364510" lon="-0.5261320">
    <ele>54.9</ele>
    <time>2020-05-02T11:55:36Z</time>
   </trkpt>
   <trkpt lat="51.1362470" lon="-0.5260010">
    <ele>54.4</ele>
    <time>2020-05-02T11:55:38Z</time>
   </trkpt>
   <trkpt lat="51.1361420" lon="-0.5259210">
    <ele>54.1</ele>
    <time>2020-05-02T11:55:39Z</time>
   </trkpt>
   <trkpt lat="51.1360480" lon="-0.5258440">
    <ele>53.9</ele>
    <time>2020-05-02T11:55:40Z</time>
   </trkpt>
   <trkpt lat="51.1359650" lon="-0.5257750">
    <ele>53.6</ele>
    <time>2020-05-02T11:55:41Z</time>
   </trkpt>
   <trkpt lat="51.1357740" lon="-0.5256440">
    <ele>53.2</ele>
    <time>2020-05-02T11:55:43Z</time>
   </trkpt>
   <trkpt lat="51.1356780" lon="-0.5255450">
    <ele>53.0</ele>
    <time>2020-05-02T11:55:44Z</time>
   </trkpt>
   <trkpt lat="51.1355000" lon="-0.5254060">
    <ele>52.6</ele>
    <time>2020-05-02T11:55:46Z</time>
   </trkpt>
   <trkpt lat="51.1353020" lon="-0.5252700">
    <ele>52.2</ele>
    <time>2020-05-02T11:55:48Z</time>
   </trkpt>
   <trkpt lat="51.1352020" lon="-0.5251950">
    <ele>52.1</ele>
    <time>2020-05-02T11:55:49Z</time>
   </trkpt>
   <trkpt lat="51.1351070" lon="-0.5251230">
    <ele>51.9</ele>
    <time>2020-05-02T11:55:50Z</time>
   </trkpt>
   <trkpt lat="51.1349500" lon="-0.5250390">
    <ele>51.6</ele>
    <time>2020-05-02T11:55:52Z</time>
   </trkpt>
   <trkpt lat="51.1347630" lon="-0.5249250">
    <ele>51.2</ele>
    <time>2020-05-02T11:55:54Z</time>
   </trkpt>
   <trkpt lat="51.1345700" lon="-0.5248290">
    <ele>51.0</ele>
    <time>2020-05-02T11:55:56Z</time>
   </trkpt>
   <trkpt lat="51.1343640" lon="-0.5247530">
    <ele>50.8</ele>
    <time>2020-05-02T11:55:58Z</time>
   </trkpt>
   <trkpt lat="51.1342750" lon="-0.5247300">
    <ele>50.7</ele>
    <time>2020-05-02T11:55:59Z</time>
   </trkpt>
   <trkpt lat="51.1341870" lon="-0.5247170">
    <ele>50.6</ele>
    <time>2020-05-02T11:56:00Z</time>
   </trkpt>
   <trkpt lat="51.1339930" lon="-0.5247010">
    <ele>50.6</ele>
    <time>2020-05-02T11:56:02Z</time>
   </trkpt>
   <trkpt lat="51.1338970" lon="-0.5247040">
    <ele>50.5</ele>
    <time>2020-05-02T11:56:03Z</time>
   </trkpt>
   <trkpt lat="51.1337010" lon="-0.5246750">
    <ele>50.4</ele>
    <time>2020-05-02T11:56:05Z</time>
   </trkpt>
   <trkpt lat="51.1336050" lon="-0.5246570">
    <ele>50.3</ele>
    <time>2020-05-02T11:56:06Z</time>
   </trkpt>
   <trkpt lat="51.1334080" lon="-0.5246390">
    <ele>50.3</ele>
    <time>2020-05-02T11:56:08Z</time>
   </trkpt>
   <trkpt lat="51.1333100" lon="-0.5246330">
    <ele>50.3</ele>
    <time>2020-05-02T11:56:09Z</time>
   </trkpt>
   <trkpt lat="51.1331200" lon="-0.5246210">
    <ele>50.3</ele>
    <time>2020-05-02T11:56:11Z</time>
   </trkpt>
   <trkpt lat="51.1329530" lon="-0.5246450">
    <ele>50.3</ele>
    <time>2020-05-02T11:56:13Z</time>
   </trkpt>
   <trkpt lat="51.1328760" lon="-0.5246360">
    <ele>50.4</ele>
    <time>2020-05-02T11:56:14Z</time>
   </trkpt>
   <trkpt lat="51.1327030" lon="-0.5246660">
    <ele>50.5</ele>
    <time>2020-05-02T11:56:16Z</time>
   </trkpt>
   <trkpt lat="51.1326120" lon="-0.5246890">
    <ele>50.6</ele>
    <time>2020-05-02T11:56:17Z</time>
   </trkpt>
   <trkpt lat="51.1324540" lon="-0.5246840">
    <ele>50.8</ele>
    <time>2020-05-02T11:56:19Z</time>
   </trkpt>
   <trkpt lat="51.1323690" lon="-0.5246680">
    <ele>50.8</ele>
    <time>2020-05-02T11:56:20Z</time>
   </trkpt>
   <trkpt lat="51.1322800" lon="-0.5246440">
    <ele>50.9</ele>
    <time>2020-05-02T11:56:21Z</time>
   </trkpt>
   <trkpt lat="51.1320960" lon="-0.5246110">
    <ele>51.2</ele>
    <time>2020-05-02T11:56:23Z</time>
   </trkpt>
   <trkpt lat="51.1320090" lon="-0.5245920">
    <ele>51.4</ele>
    <time>2020-05-02T11:56:24Z</time>
   </trkpt>
   <trkpt lat="51.1318470" lon="-0.5245640">
    <ele>51.6</ele>
    <time>2020-05-02T11:56:26Z</time>
   </trkpt>
   <trkpt lat="51.1317680" lon="-0.5245390">
    <ele>51.8</ele>
    <time>2020-05-02T11:56:27Z</time>
   </trkpt>
   <trkpt lat="51.1316170" lon="-0.5244830">
    <ele>52.0</ele>
    <time>2020-05-02T11:56:29Z</time>
   </trkpt>
   <trkpt lat="51.1314750" lon="-0.5244310">
    <ele>52.2</ele>
    <time>2020-05-02T11:56:31Z</time>
   </trkpt>
   <trkpt lat="51.1314050" lon="-0.5244010">
    <ele>52.3</ele>
    <time>2020-05-02T11:56:32Z</time>
   </trkpt>
   <trkpt lat="51.1312690" lon="-0.5243320">
    <ele>52.5</ele>
    <time>2020-05-02T11:56:34Z</time>
   </trkpt>
   <trkpt lat="51.1311370" lon="-0.5242520">
    <ele>52.7</ele>
    <time>2020-05-02T11:56:36Z</time>
   </trkpt>
   <trkpt lat="51.1310700" lon="-0.5242080">
    <ele>52.8</ele>
    <time>2020-05-02T11:56:37Z</time>
   </trkpt>
   <trkpt lat="51.1309430" lon="-0.5241280">
    <ele>53.0</ele>
    <time>2020-05-02T11:56:39Z</time>
   </trkpt>
   <trkpt lat="51.1308180" lon="-0.5240390">
    <ele>53.2</ele>
    <time>2020-05-02T11:56:41Z</time>
   </trkpt>
   <trkpt lat="51.1306940" lon="-0.5239430">
    <ele>53.4</ele>
    <time>2020-05-02T11:56:43Z</time>
   </trkpt>
   <trkpt lat="51.1305740" lon="-0.5238490">
    <ele>53.5</ele>
    <time>2020-05-02T11:56:45Z</time>
   </trkpt>
   <trkpt lat="51.1305210" lon="-0.5237990">
    <ele>53.6</ele>
    <time>2020-05-02T11:56:46Z</time>
   </trkpt>
   <trkpt lat="51.1304060" lon="-0.5237080">
    <ele>53.7</ele>
    <time>2020-05-02T11:56:48Z</time>
   </trkpt>
   <trkpt lat="51.1303480" lon="-0.5236630">
    <ele>53.8</ele>
    <time>2020-05-02T11:56:49Z</time>
   </trkpt>
   <trkpt lat="51.1302290" lon="-0.5235710">
    <ele>54.0</ele>
    <time>2020-05-02T11:56:51Z</time>
   </trkpt>
   <trkpt lat="51.1301710" lon="-0.5235240">
    <ele>54.0</ele>
    <time>2020-05-02T11:56:52Z</time>
   </trkpt>
   <trkpt lat="51.1301140" lon="-0.5234730">
    <ele>54.1</ele>
    <time>2020-05-02T11:56:53Z</time>
   </trkpt>
   <trkpt lat="51.1300020" lon="-0.5233870">
    <ele>54.2</ele>
    <time>2020-05-02T11:56:55Z</time>
   </trkpt>
   <trkpt lat="51.1299500" lon="-0.5233430">
    <ele>54.3</ele>
    <time>2020-05-02T11:56:56Z</time>
   </trkpt>
   <trkpt lat="51.1298990" lon="-0.5232990">
    <ele>54.3</ele>
    <time>2020-05-02T11:56:57Z</time>
   </trkpt>
   <trkpt lat="51.1298450" lon="-0.5232550">
    <ele>54.4</ele>
    <time>2020-05-02T11:56:58Z</time>
   </trkpt>
   <trkpt lat="51.1297470" lon="-0.5231530">
    <ele>54.4</ele>
    <time>2020-05-02T11:57:00Z</time>
   </trkpt>
   <trkpt lat="51.1297000" lon="-0.5231120">
    <ele>54.5</ele>
    <time>2020-05-02T11:57:01Z</time>
   </trkpt>
   <trkpt lat="51.1296600" lon="-0.5230820">
    <ele>54.5</ele>
    <time>2020-05-02T11:57:02Z</time>
   </trkpt>
   <trkpt lat="51.1295760" lon="-0.5230000">
    <ele>54.5</ele>
    <time>2020-05-02T11:57:04Z</time>
   </trkpt>
   <trkpt lat="51.1295320" lon="-0.5229540">
    <ele>54.5</ele>
    <time>2020-05-02T11:57:05Z</time>
   </trkpt>
   <trkpt lat="51.1294390" lon="-0.5228660">
    <ele>54.4</ele>
    <time>2020-05-02T11:57:07Z</time>
   </trkpt>
   <trkpt lat="51.1293170" lon="-0.5227690">
    <ele>54.4</ele>
    <time>2020-05-02T11:57:09Z</time>
   </trkpt>
   <trkpt lat="51.1292550" lon="-0.5227220">
    <ele>54.3</ele>
    <time>2020-05-02T11:57:10Z</time>
   </trkpt>
   <trkpt lat="51.1291120" lon="-0.5226040">
    <ele>54.0</ele>
    <time>2020-05-02T11:57:12Z</time>
   </trkpt>
   <trkpt lat="51.1290580" lon="-0.5225410">
    <ele>53.8</ele>
    <time>2020-05-02T11:57:13Z</time>
   </trkpt>
   <trkpt lat="51.1290000" lon="-0.5224870">
    <ele>53.7</ele>
    <time>2020-05-02T11:57:14Z</time>
   </trkpt>
   <trkpt lat="51.1288770" lon="-0.5223450">
    <ele>53.5</ele>
    <time>2020-05-02T11:57:16Z</time>
   </trkpt>
   <trkpt lat="51.1288160" lon="-0.5222740">
    <ele>53.3</ele>
    <time>2020-05-02T11:57:17Z</time>
   </trkpt>
   <trkpt lat="51.1286770" lon="-0.5221510">
    <ele>52.9</ele>
    <time>2020-05-02T11:57:19Z</time>
   </trkpt>
   <trkpt lat="51.1286220" lon="-0.5220840">
    <ele>52.8</ele>
    <time>2020-05-02T11:57:20Z</time>
   </trkpt>
   <trkpt lat="51.1285010" lon="-0.5219230">
    <ele>52.6</ele>
    <time>2020-05-02T11:57:22Z</time>
   </trkpt>
   <trkpt lat="51.1284410" lon="-0.5218410">
    <ele>52.5</ele>
    <time>2020-05-02T11:57:23Z</time>
   </trkpt>
   <trkpt lat="51.1283810" lon="-0.5217540">
    <ele>52.4</ele>
    <time>2020-05-02T11:57:24Z</time>
   </trkpt>
   <trkpt lat="51.1282590" lon="-0.5215680">
    <ele>52.2</ele>
    <time>2020-05-02T11:57:26Z</time>
   </trkpt>
   <trkpt lat="51.1281410" lon="-0.5213780">
    <ele>52.0</ele>
    <time>2020-05-02T11:57:28Z</time>
   </trkpt>
   <trkpt lat="51.1280180" lon="-0.5211850">
    <ele>51.7</ele>
    <time>2020-05-02T11:57:30Z</time>
   </trkpt>
   <trkpt lat="51.1279610" lon="-0.5210980">
    <ele>51.5</ele>
    <time>2020-05-02T11:57:31Z</time>
   </trkpt>
   <trkpt lat="51.1279100" lon="-0.5210100">
    <ele>51.3</ele>
    <time>2020-05-02T11:57:32Z</time>
   </trkpt>
   <trkpt lat="51.1277960" lon="-0.5208210">
    <ele>50.9</ele>
    <time>2020-05-02T11:57:34Z</time>
   </trkpt>
   <trkpt lat="51.1277500" lon="-0.5207260">
    <ele>50.7</ele>
    <time>2020-05-02T11:57:35Z</time>
   </trkpt>
   <trkpt lat="51.1276600" lon="-0.5205320">
    <ele>50.4</ele>
    <time>2020-05-02T11:57:37Z</time>
   </trkpt>
   <trkpt lat="51.1275580" lon="-0.5203390">
    <ele>50.1</ele>
    <time>2020-05-02T11:57:39Z</time>
   </trkpt>
   <trkpt lat="51.1274160" lon="-0.5201340">
    <ele>49.7</ele>
    <time>2020-05-02T11:57:41Z</time>
   </trkpt>
   <trkpt lat="51.1273560" lon="-0.5200360">
    <ele>49.5</ele>
    <time>2020-05-02T11:57:42Z</time>
   </trkpt>
   <trkpt lat="51.1272510" lon="-0.5198700">
    <ele>49.3</ele>
    <time>2020-05-02T11:57:44Z</time>
   </trkpt>
   <trkpt lat="51.1272040" lon="-0.5197890">
    <ele>49.2</ele>
    <time>2020-05-02T11:57:45Z</time>
   </trkpt>
   <trkpt lat="51.1271450" lon="-0.5196940">
    <ele>49.0</ele>
    <time>2020-05-02T11:57:46Z</time>
   </trkpt>
   <trkpt lat="51.1270380" lon="-0.5195320">
    <ele>48.6</ele>
    <time>2020-05-02T11:57:48Z</time>
   </trkpt>
   <trkpt lat="51.1269500" lon="-0.5193660">
    <ele>48.3</ele>
    <time>2020-05-02T11:57:50Z</time>
   </trkpt>
   <trkpt lat="51.1268100" lon="-0.5192210">
    <ele>48.2</ele>
    <time>2020-05-02T11:57:52Z</time>
   </trkpt>
   <trkpt lat="51.1266660" lon="-0.5190840">
    <ele>48.2</ele>
    <time>2020-05-02T11:57:54Z</time>
   </trkpt>
   <trkpt lat="51.1265920" lon="-0.5190100">
    <ele>48.2</ele>
    <time>2020-05-02T11:57:55Z</time>
   </trkpt>
   <trkpt lat="51.1265130" lon="-0.5189400">
    <ele>48.2</ele>
    <time>2020-05-02T11:57:56Z</time>
   </trkpt>
   <trkpt lat="51.1264290" lon="-0.5188670">
    <ele>48.2</ele>
    <time>2020-05-02T11:57:57Z</time>
   </trkpt>
   <trkpt lat="51.1262610" lon="-0.5187270">
    <ele>48.3</ele>
    <time>2020-05-02T11:57:59Z</time>
   </trkpt>
   <trkpt lat="51.1261010" lon="-0.5185960">
    <ele>48.5</ele>
    <time>2020-05-02T11:58:01Z</time>
   </trkpt>
   <trkpt lat="51.1260280" lon="-0.5185350">
    <ele>48.6</ele>
    <time>2020-05-02T11:58:02Z</time>
   </trkpt>
   <trkpt lat="51.1258810" lon="-0.5184300">
    <ele>48.7</ele>
    <time>2020-05-02T11:58:04Z</time>
   </trkpt>
   <trkpt lat="51.1258070" lon="-0.5183850">
    <ele>48.7</ele>
    <time>2020-05-02T11:58:05Z</time>
   </trkpt>
   <trkpt lat="51.1256660" lon="-0.5182970">
    <ele>48.8</ele>
    <time>2020-05-02T11:58:07Z</time>
   </trkpt>
   <trkpt lat="51.1255350" lon="-0.5182240">
    <ele>48.9</ele>
    <time>2020-05-02T11:58:09Z</time>
   </trkpt>
   <trkpt lat="51.1253960" lon="-0.5181320">
    <ele>49.0</ele>
    <time>2020-05-02T11:58:11Z</time>
   </trkpt>
   <trkpt lat="51.1253310" lon="-0.5180860">
    <ele>49.1</ele>
    <time>2020-05-02T11:58:12Z</time>
   </trkpt>
   <trkpt lat="51.1252040" lon="-0.5179940">
    <ele>49.2</ele>
    <time>2020-05-02T11:58:14Z</time>
   </trkpt>
   <trkpt lat="51.1250770" lon="-0.5179040">
    <ele>49.3</ele>
    <time>2020-05-02T11:58:16Z</time>
   </trkpt>
   <trkpt lat="51.1249510" lon="-0.5178160">
    <ele>49.4</ele>
    <time>2020-05-02T11:58:18Z</time>
   </trkpt>
   <trkpt lat="51.1248270" lon="-0.5177140">
    <ele>49.6</ele>
    <time>2020-05-02T11:58:20Z</time>
   </trkpt>
   <trkpt lat="51.1247640" lon="-0.5176720">
    <ele>49.6</ele>
    <time>2020-05-02T11:58:21Z</time>
   </trkpt>
   <trkpt lat="51.1246420" lon="-0.5176040">
    <ele>49.7</ele>
    <time>2020-05-02T11:58:23Z</time>
   </trkpt>
   <trkpt lat="51.1245740" lon="-0.5175530">
    <ele>49.8</ele>
    <time>2020-05-02T11:58:24Z</time>
   </trkpt>
   <trkpt lat="51.1245090" lon="-0.5175030">
    <ele>49.8</ele>
    <time>2020-05-02T11:58:25Z</time>
   </trkpt>
   <trkpt lat="51.1243770" lon="-0.5174140">
    <ele>49.9</ele>
    <time>2020-05-02T11:58:27Z</time>
   </trkpt>
   <trkpt lat="51.1243160" lon="-0.5173650">
    <ele>50.0</ele>
    <time>2020-05-02T11:58:28Z</time>
   </trkpt>
   <trkpt lat="51.1242040" lon="-0.5172900">
    <ele>50.0</ele>
    <time>2020-05-02T11:58:30Z</time>
   </trkpt>
   <trkpt lat="51.1240840" lon="-0.5172080">
    <ele>50.1</ele>
    <time>2020-05-02T11:58:32Z</time>
   </trkpt>
   <trkpt lat="51.1240300" lon="-0.5171780">
    <ele>50.1</ele>
    <time>2020-05-02T11:58:33Z</time>
   </trkpt>
   <trkpt lat="51.1239780" lon="-0.5171430">
    <ele>50.1</ele>
    <time>2020-05-02T11:58:34Z</time>
   </trkpt>
   <trkpt lat="51.1238510" lon="-0.5170580">
    <ele>50.1</ele>
    <time>2020-05-02T11:58:36Z</time>
   </trkpt>
   <trkpt lat="51.1237880" lon="-0.5170130">
    <ele>50.1</ele>
    <time>2020-05-02T11:58:37Z</time>
   </trkpt>
   <trkpt lat="51.1237280" lon="-0.5169730">
    <ele>50.1</ele>
    <time>2020-05-02T11:58:38Z</time>
   </trkpt>
   <trkpt lat="51.1236630" lon="-0.5169310">
    <ele>50.1</ele>
    <time>2020-05-02T11:58:39Z</time>
   </trkpt>
   <trkpt lat="51.1235980" lon="-0.5168860">
    <ele>50.1</ele>
    <time>2020-05-02T11:58:40Z</time>
   </trkpt>
   <trkpt lat="51.1234610" lon="-0.5167740">
    <ele>50.1</ele>
    <time>2020-05-02T11:58:42Z</time>
   </trkpt>
   <trkpt lat="51.1233280" lon="-0.5166610">
    <ele>50.1</ele>
    <time>2020-05-02T11:58:44Z</time>
   </trkpt>
   <trkpt lat="51.1232610" lon="-0.5165960">
    <ele>50.1</ele>
    <time>2020-05-02T11:58:45Z</time>
   </trkpt>
   <trkpt lat="51.1232000" lon="-0.5165500">
    <ele>50.1</ele>
    <time>2020-05-02T11:58:46Z</time>
   </trkpt>
   <trkpt lat="51.1231340" lon="-0.5165100">
    <ele>50.1</ele>
    <time>2020-05-02T11:58:47Z</time>
   </trkpt>
   <trkpt lat="51.1230060" lon="-0.5164140">
    <ele>50.1</ele>
    <time>2020-05-02T11:58:49Z</time>
   </trkpt>
   <trkpt lat="51.1228840" lon="-0.5163260">
    <ele>50.1</ele>
    <time>2020-05-02T11:58:51Z</time>
   </trkpt>
   <trkpt lat="51.1228240" lon="-0.5162830">
    <ele>50.1</ele>
    <time>2020-05-02T11:58:52Z</time>
   </trkpt>
   <trkpt lat="51.1227620" lon="-0.5162490">
    <ele>50.1</ele>
    <time>2020-05-02T11:58:53Z</time>
   </trkpt>
   <trkpt lat="51.1226430" lon="-0.5161670">
    <ele>50.1</ele>
    <time>2020-05-02T11:58:55Z</time>
   </trkpt>
   <trkpt lat="51.1225800" lon="-0.5161240">
    <ele>50.1</ele>
    <time>2020-05-02T11:58:56Z</time>
   </trkpt>
   <trkpt lat="51.1224580" lon="-0.5160400">
    <ele>50.2</ele>
    <time>2020-05-02T11:58:58Z</time>
   </trkpt>
   <trkpt lat="51.1223380" lon="-0.5159640">
    <ele>50.2</ele>
    <time>2020-05-02T11:59:00Z</time>
   </trkpt>
   <trkpt lat="51.1222200" lon="-0.5158940">
    <ele>50.2</ele>
    <time>2020-05-02T11:59:02Z</time>
   </trkpt>
   <trkpt lat="51.1221080" lon="-0.5158090">
    <ele>50.2</ele>
    <time>2020-05-02T11:59:04Z</time>
   </trkpt>
   <trkpt lat="51.1220480" lon="-0.5157570">
    <ele>50.2</ele>
    <time>2020-05-02T11:59:05Z</time>
   </trkpt>
   <trkpt lat="51.1219280" lon="-0.5156770">
    <ele>50.2</ele>
    <time>2020-05-02T11:59:07Z</time>
   </trkpt>
   <trkpt lat="51.1218640" lon="-0.5156340">
    <ele>50.2</ele>
    <time>2020-05-02T11:59:08Z</time>
   </trkpt>
   <trkpt lat="51.1218010" lon="-0.5155910">
    <ele>50.2</ele>
    <time>2020-05-02T11:59:09Z</time>
   </trkpt>
   <trkpt lat="51.1216850" lon="-0.5155310">
    <ele>50.3</ele>
    <time>2020-05-02T11:59:11Z</time>
   </trkpt>
   <trkpt lat="51.1215570" lon="-0.5154710">
    <ele>50.3</ele>
    <time>2020-05-02T11:59:13Z</time>
   </trkpt>
   <trkpt lat="51.1214930" lon="-0.5154410">
    <ele>50.3</ele>
    <time>2020-05-02T11:59:14Z</time>
   </trkpt>
   <trkpt lat="51.1214270" lon="-0.5154050">
    <ele>50.3</ele>
    <time>2020-05-02T11:59:15Z</time>
   </trkpt>
   <trkpt lat="51.1213010" lon="-0.5153440">
    <ele>50.3</ele>
    <time>2020-05-02T11:59:17Z</time>
   </trkpt>
   <trkpt lat="51.1212320" lon="-0.5153100">
    <ele>50.3</ele>
    <time>2020-05-02T11:59:18Z</time>
   </trkpt>
   <trkpt lat="51.1211630" lon="-0.5152730">
    <ele>50.3</ele>
    <time>2020-05-02T11:59:19Z</time>
   </trkpt>
   <trkpt lat="51.1210950" lon="-0.5152360">
    <ele>50.2</ele>
    <time>2020-05-02T11:59:20Z</time>
   </trkpt>
   <trkpt lat="51.1209590" lon="-0.5151830">
    <ele>50.1</ele>
    <time>2020-05-02T11:59:22Z</time>
   </trkpt>
   <trkpt lat="51.1208210" lon="-0.5151280">
    <ele>50.0</ele>
    <time>2020-05-02T11:59:24Z</time>
   </trkpt>
   <trkpt lat="51.1207490" lon="-0.5151060">
    <ele>49.9</ele>
    <time>2020-05-02T11:59:25Z</time>
   </trkpt>
   <trkpt lat="51.1206090" lon="-0.5150520">
    <ele>49.7</ele>
    <time>2020-05-02T11:59:27Z</time>
   </trkpt>
   <trkpt lat="51.1205390" lon="-0.5150270">
    <ele>49.6</ele>
    <time>2020-05-02T11:59:28Z</time>
   </trkpt>
   <trkpt lat="51.1204700" lon="-0.5150030">
    <ele>49.5</ele>
    <time>2020-05-02T11:59:29Z</time>
   </trkpt>
   <trkpt lat="51.1203300" lon="-0.5149410">
    <ele>49.3</ele>
    <time>2020-05-02T11:59:31Z</time>
   </trkpt>
   <trkpt lat="51.1202570" lon="-0.5149140">
    <ele>49.2</ele>
    <time>2020-05-02T11:59:32Z</time>
   </trkpt>
   <trkpt lat="51.1201900" lon="-0.5148810">
    <ele>49.2</ele>
    <time>2020-05-02T11:59:33Z</time>
   </trkpt>
   <trkpt lat="51.1201180" lon="-0.5148460">
    <ele>49.2</ele>
    <time>2020-05-02T11:59:34Z</time>
   </trkpt>
   <trkpt lat="51.1199640" lon="-0.5147710">
    <ele>49.0</ele>
    <time>2020-05-02T11:59:36Z</time>
   </trkpt>
   <trkpt lat="51.1198160" lon="-0.5146930">
    <ele>48.8</ele>
    <time>2020-05-02T11:59:38Z</time>
   </trkpt>
   <trkpt lat="51.1196720" lon="-0.5146030">
    <ele>48.7</ele>
    <time>2020-05-02T11:59:40Z</time>
   </trkpt>
   <trkpt lat="51.1195990" lon="-0.5145550">
    <ele>48.7</ele>
    <time>2020-05-02T11:59:41Z</time>
   </trkpt>
   <trkpt lat="51.1194580" lon="-0.5144480">
    <ele>48.6</ele>
    <time>2020-05-02T11:59:43Z</time>
   </trkpt>
   <trkpt lat="51.1193170" lon="-0.5143310">
    <ele>48.5</ele>
    <time>2020-05-02T11:59:45Z</time>
   </trkpt>
   <trkpt lat="51.1191770" lon="-0.5142130">
    <ele>48.3</ele>
    <time>2020-05-02T11:59:47Z</time>
   </trkpt>
   <trkpt lat="51.1191110" lon="-0.5141490">
    <ele>48.2</ele>
    <time>2020-05-02T11:59:48Z</time>
   </trkpt>
   <trkpt lat="51.1190480" lon="-0.5140870">
    <ele>48.2</ele>
    <time>2020-05-02T11:59:49Z</time>
   </trkpt>
   <trkpt lat="51.1189250" lon="-0.5139620">
    <ele>48.1</ele>
    <time>2020-05-02T11:59:51Z</time>
   </trkpt>
   <trkpt lat="51.1188660" lon="-0.5139040">
    <ele>48.1</ele>
    <time>2020-05-02T11:59:52Z</time>
   </trkpt>
   <trkpt lat="51.1188030" lon="-0.5138320">
    <ele>48.1</ele>
    <time>2020-05-02T11:59:53Z</time>
   </trkpt>
   <trkpt lat="51.1186690" lon="-0.5137000">
    <ele>48.1</ele>
    <time>2020-05-02T11:59:55Z</time>
   </trkpt>
   <trkpt lat="51.1185540" lon="-0.5135610">
    <ele>48.2</ele>
    <time>2020-05-02T11:59:57Z</time>
   </trkpt>
   <trkpt lat="51.1184450" lon="-0.5134470">
    <ele>48.2</ele>
    <time>2020-05-02T11:59:59Z</time>
   </trkpt>
   <trkpt lat="51.1183870" lon="-0.5133890">
    <ele>48.2</ele>
    <time>2020-05-02T12:00:00Z</time>
   </trkpt>
   <trkpt lat="51.1182520" lon="-0.5132560">
    <ele>48.2</ele>
    <time>2020-05-02T12:00:02Z</time>
   </trkpt>
   <trkpt lat="51.1181900" lon="-0.5131890">
    <ele>48.2</ele>
    <time>2020-05-02T12:00:03Z</time>
   </trkpt>
   <trkpt lat="51.1181320" lon="-0.5131330">
    <ele>48.3</ele>
    <time>2020-05-02T12:00:04Z</time>
   </trkpt>
   <trkpt lat="51.1179990" lon="-0.5129980">
    <ele>48.3</ele>
    <time>2020-05-02T12:00:06Z</time>
   </trkpt>
   <trkpt lat="51.1178810" lon="-0.5128920">
    <ele>48.4</ele>
    <time>2020-05-02T12:00:08Z</time>
   </trkpt>
   <trkpt lat="51.1177570" lon="-0.5127830">
    <ele>48.4</ele>
    <time>2020-05-02T12:00:10Z</time>
   </trkpt>
   <trkpt lat="51.1176270" lon="-0.5126800">
    <ele>48.4</ele>
    <time>2020-05-02T12:00:12Z</time>
   </trkpt>
   <trkpt lat="51.1175630" lon="-0.5126280">
    <ele>48.4</ele>
    <time>2020-05-02T12:00:13Z</time>
   </trkpt>
   <trkpt lat="51.1174380" lon="-0.5125400">
    <ele>48.5</ele>
    <time>2020-05-02T12:00:15Z</time>
   </trkpt>
   <trkpt lat="51.1173210" lon="-0.5124480">
    <ele>48.5</ele>
    <time>2020-05-02T12:00:17Z</time>
   </trkpt>
   <trkpt lat="51.1172000" lon="-0.5123490">
    <ele>48.6</ele>
    <time>2020-05-02T12:00:19Z</time>
   </trkpt>
   <trkpt lat="51.1171310" lon="-0.5123080">
    <ele>48.7</ele>
    <time>2020-05-02T12:00:20Z</time>
   </trkpt>
   <trkpt lat="51.1170070" lon="-0.5122350">
    <ele>48.8</ele>
    <time>2020-05-02T12:00:22Z</time>
   </trkpt>
   <trkpt lat="51.1168650" lon="-0.5121600">
    <ele>49.1</ele>
    <time>2020-05-02T12:00:24Z</time>
   </trkpt>
   <trkpt lat="51.1167230" lon="-0.5120910">
    <ele>49.3</ele>
    <time>2020-05-02T12:00:26Z</time>
   </trkpt>
   <trkpt lat="51.1166540" lon="-0.5120540">
    <ele>49.4</ele>
    <time>2020-05-02T12:00:27Z</time>
   </trkpt>
   <trkpt lat="51.1165300" lon="-0.5120190">
    <ele>49.4</ele>
    <time>2020-05-02T12:00:29Z</time>
   </trkpt>
   <trkpt lat="51.1164640" lon="-0.5120070">
    <ele>49.4</ele>
    <time>2020-05-02T12:00:30Z</time>
   </trkpt>
   <trkpt lat="51.1164000" lon="-0.5119860">
    <ele>49.5</ele>
    <time>2020-05-02T12:00:31Z</time>
   </trkpt>
   <trkpt lat="51.1162920" lon="-0.5119630">
    <ele>49.5</ele>
    <time>2020-05-02T12:00:33Z</time>
   </trkpt>
   <trkpt lat="51.1162320" lon="-0.5119460">
    <ele>49.5</ele>
    <time>2020-05-02T12:00:34Z</time>
   </trkpt>
   <trkpt lat="51.1161680" lon="-0.5119190">
    <ele>49.5</ele>
    <time>2020-05-02T12:00:35Z</time>
   </trkpt>
   <trkpt lat="51.1160990" lon="-0.5118980">
    <ele>49.5</ele>
    <time>2020-05-02T12:00:36Z</time>
   </trkpt>
   <trkpt lat="51.1160380" lon="-0.5118780">
    <ele>49.5</ele>
    <time>2020-05-02T12:00:37Z</time>
   </trkpt>
   <trkpt lat="51.1159300" lon="-0.5118440">
    <ele>49.5</ele>
    <time>2020-05-02T12:00:39Z</time>
   </trkpt>
   <trkpt lat="51.1158560" lon="-0.5118330">
    <ele>49.5</ele>
    <time>2020-05-02T12:00:40Z</time>
   </trkpt>
   <trkpt lat="51.1157340" lon="-0.5118090">
    <ele>49.5</ele>
    <time>2020-05-02T12:00:42Z</time>
   </trkpt>
   <trkpt lat="51.1156040" lon="-0.5117740">
    <ele>49.6</ele>
    <time>2020-05-02T12:00:44Z</time>
   </trkpt>
   <trkpt lat="51.1154720" lon="-0.5117170">
    <ele>49.7</ele>
    <time>2020-05-02T12:00:46Z</time>
   </trkpt>
   <trkpt lat="51.1153280" lon="-0.5116820">
    <ele>49.7</ele>
    <time>2020-05-02T12:00:48Z</time>
   </trkpt>
   <trkpt lat="51.1152570" lon="-0.5116560">
    <ele>49.7</ele>
    <time>2020-05-02T12:00:49Z</time>
   </trkpt>
   <trkpt lat="51.1151250" lon="-0.5116150">
    <ele>49.8</ele>
    <time>2020-05-02T12:00:51Z</time>
   </trkpt>
   <trkpt lat="51.1150070" lon="-0.5115780">
    <ele>49.8</ele>
    <time>2020-05-02T12:00:53Z</time>
   </trkpt>
   <trkpt lat="51.1148880" lon="-0.5115350">
    <ele>49.9</ele>
    <time>2020-05-02T12:00:55Z</time>
   </trkpt>
   <trkpt lat="51.1148220" lon="-0.5115190">
    <ele>49.9</ele>
    <time>2020-05-02T12:00:56Z</time>
   </trkpt>
   <trkpt lat="51.1147030" lon="-0.5114980">
    <ele>49.9</ele>
    <time>2020-05-02T12:00:58Z</time>
   </trkpt>
   <trkpt lat="51.1145720" lon="-0.5114920">
    <ele>49.9</ele>
    <time>2020-05-02T12:01:00Z</time>
   </trkpt>
   <trkpt lat="51.1144980" lon="-0.5114870">
    <ele>49.8</ele>
    <time>2020-05-02T12:01:01Z</time>
   </trkpt>
   <trkpt lat="51.1143630" lon="-0.5114610">
    <ele>49.8</ele>
    <time>2020-05-02T12:01:03Z</time>
   </trkpt>
   <trkpt lat="51.1143050" lon="-0.5114460">
    <ele>49.8</ele>
    <time>2020-05-02T12:01:04Z</time>
   </trkpt>
   <trkpt lat="51.1142500" lon="-0.5114320">
    <ele>49.8</ele>
    <time>2020-05-02T12:01:05Z</time>
   </trkpt>
   <trkpt lat="51.1141370" lon="-0.5114160">
    <ele>49.8</ele>
    <time>2020-05-02T12:01:07Z</time>
   </trkpt>
   <trkpt lat="51.1140140" lon="-0.5114210">
    <ele>49.8</ele>
    <time>2020-05-02T12:01:09Z</time>
   </trkpt>
   <trkpt lat="51.1139420" lon="-0.5114330">
    <ele>49.8</ele>
    <time>2020-05-02T12:01:11Z</time>
   </trkpt>
   <trkpt lat="51.1138900" lon="-0.5114640">
    <ele>49.7</ele>
    <time>2020-05-02T12:01:12Z</time>
   </trkpt>
   <trkpt lat="51.1138090" lon="-0.5115110">
    <ele>49.7</ele>
    <time>2020-05-02T12:01:13Z</time>
   </trkpt>
   <trkpt lat="51.1136670" lon="-0.5115410">
    <ele>49.7</ele>
    <time>2020-05-02T12:01:15Z</time>
   </trkpt>
   <trkpt lat="51.1135030" lon="-0.5115590">
    <ele>49.7</ele>
    <time>2020-05-02T12:01:17Z</time>
   </trkpt>
   <trkpt lat="51.1133500" lon="-0.5115970">
    <ele>49.8</ele>
    <time>2020-05-02T12:01:19Z</time>
   </trkpt>
   <trkpt lat="51.1132410" lon="-0.5116110">
    <ele>49.8</ele>
    <time>2020-05-02T12:01:21Z</time>
   </trkpt>
   <trkpt lat="51.1130980" lon="-0.5116490">
    <ele>49.8</ele>
    <time>2020-05-02T12:01:23Z</time>
   </trkpt>
   <trkpt lat="51.1130320" lon="-0.5116780">
    <ele>49.8</ele>
    <time>2020-05-02T12:01:24Z</time>
   </trkpt>
   <trkpt lat="51.1129170" lon="-0.5117360">
    <ele>49.9</ele>
    <time>2020-05-02T12:01:26Z</time>
   </trkpt>
   <trkpt lat="51.1128610" lon="-0.5117620">
    <ele>50.0</ele>
    <time>2020-05-02T12:01:27Z</time>
   </trkpt>
   <trkpt lat="51.1127340" lon="-0.5118440">
    <ele>50.1</ele>
    <time>2020-05-02T12:01:29Z</time>
   </trkpt>
   <trkpt lat="51.1126660" lon="-0.5119010">
    <ele>50.2</ele>
    <time>2020-05-02T12:01:30Z</time>
   </trkpt>
   <trkpt lat="51.1125950" lon="-0.5119410">
    <ele>50.2</ele>
    <time>2020-05-02T12:01:31Z</time>
   </trkpt>
   <trkpt lat="51.1124780" lon="-0.5120110">
    <ele>50.3</ele>
    <time>2020-05-02T12:01:33Z</time>
   </trkpt>
   <trkpt lat="51.1124190" lon="-0.5120480">
    <ele>50.3</ele>
    <time>2020-05-02T12:01:34Z</time>
   </trkpt>
   <trkpt lat="51.1122990" lon="-0.5121150">
    <ele>50.5</ele>
    <time>2020-05-02T12:01:36Z</time>
   </trkpt>
   <trkpt lat="51.1122330" lon="-0.5121420">
    <ele>50.5</ele>
    <time>2020-05-02T12:01:37Z</time>
   </trkpt>
   <trkpt lat="51.1121060" lon="-0.5122390">
    <ele>50.7</ele>
    <time>2020-05-02T12:01:39Z</time>
   </trkpt>
   <trkpt lat="51.1120450" lon="-0.5122890">
    <ele>50.8</ele>
    <time>2020-05-02T12:01:40Z</time>
   </trkpt>
   <trkpt lat="51.1119080" lon="-0.5123760">
    <ele>51.1</ele>
    <time>2020-05-02T12:01:42Z</time>
   </trkpt>
   <trkpt lat="51.1117760" lon="-0.5124840">
    <ele>51.3</ele>
    <time>2020-05-02T12:01:44Z</time>
   </trkpt>
   <trkpt lat="51.1117090" lon="-0.5125290">
    <ele>51.4</ele>
    <time>2020-05-02T12:01:45Z</time>
   </trkpt>
   <trkpt lat="51.1116460" lon="-0.5125640">
    <ele>51.6</ele>
    <time>2020-05-02T12:01:46Z</time>
   </trkpt>
   <trkpt lat="51.1115340" lon="-0.5126710">
    <ele>51.8</ele>
    <time>2020-05-02T12:01:48Z</time>
   </trkpt>
   <trkpt lat="51.1114260" lon="-0.5127450">
    <ele>52.1</ele>
    <time>2020-05-02T12:01:50Z</time>
   </trkpt>
   <trkpt lat="51.1113190" lon="-0.5128210">
    <ele>52.4</ele>
    <time>2020-05-02T12:01:52Z</time>
   </trkpt>
   <trkpt lat="51.1112690" lon="-0.5128620">
    <ele>52.5</ele>
    <time>2020-05-02T12:01:53Z</time>
   </trkpt>
   <trkpt lat="51.1112210" lon="-0.5128960">
    <ele>52.7</ele>
    <time>2020-05-02T12:01:54Z</time>
   </trkpt>
   <trkpt lat="51.1111190" lon="-0.5129730">
    <ele>53.0</ele>
    <time>2020-05-02T12:01:56Z</time>
   </trkpt>
   <trkpt lat="51.1110230" lon="-0.5130610">
    <ele>53.2</ele>
    <time>2020-05-02T12:01:58Z</time>
   </trkpt>
   <trkpt lat="51.1109190" lon="-0.5131210">
    <ele>53.4</ele>
    <time>2020-05-02T12:02:00Z</time>
   </trkpt>
   <trkpt lat="51.1108160" lon="-0.5131670">
    <ele>53.6</ele>
    <time>2020-05-02T12:02:02Z</time>
   </trkpt>
   <trkpt lat="51.1107250" lon="-0.5132460">
    <ele>53.9</ele>
    <time>2020-05-02T12:02:04Z</time>
   </trkpt>
   <trkpt lat="51.1106790" lon="-0.5132840">
    <ele>54.0</ele>
    <time>2020-05-02T12:02:05Z</time>
   </trkpt>
   <trkpt lat="51.1106380" lon="-0.5133640">
    <ele>54.1</ele>
    <time>2020-05-02T12:02:07Z</time>
   </trkpt>
   <trkpt lat="51.1105920" lon="-0.5134120">
    <ele>54.2</ele>
    <time>2020-05-02T12:02:08Z</time>
   </trkpt>
   <trkpt lat="51.1104700" lon="-0.5135030">
    <ele>54.4</ele>
    <time>2020-05-02T12:02:10Z</time>
   </trkpt>
   <trkpt lat="51.1104140" lon="-0.5135580">
    <ele>54.5</ele>
    <time>2020-05-02T12:02:11Z</time>
   </trkpt>
   <trkpt lat="51.1103260" lon="-0.5136310">
    <ele>54.6</ele>
    <time>2020-05-02T12:02:13Z</time>
   </trkpt>
   <trkpt lat="51.1102690" lon="-0.5136800">
    <ele>54.7</ele>
    <time>2020-05-02T12:02:14Z</time>
   </trkpt>
   <trkpt lat="51.1101660" lon="-0.5137590">
    <ele>54.8</ele>
    <time>2020-05-02T12:02:16Z</time>
   </trkpt>
   <trkpt lat="51.1101160" lon="-0.5137900">
    <ele>54.9</ele>
    <time>2020-05-02T12:02:17Z</time>
   </trkpt>
   <trkpt lat="51.1100610" lon="-0.5138370">
    <ele>54.9</ele>
    <time>2020-05-02T12:02:18Z</time>
   </trkpt>
   <trkpt lat="51.1099560" lon="-0.5139390">
    <ele>55.0</ele>
    <time>2020-05-02T12:02:20Z</time>
   </trkpt>
   <trkpt lat="51.1098530" lon="-0.5140280">
    <ele>55.0</ele>
    <time>2020-05-02T12:02:22Z</time>
   </trkpt>
   <trkpt lat="51.1097910" lon="-0.5140550">
    <ele>55.0</ele>
    <time>2020-05-02T12:02:23Z</time>
   </trkpt>
   <trkpt lat="51.1096730" lon="-0.5141230">
    <ele>55.0</ele>
    <time>2020-05-02T12:02:25Z</time>
   </trkpt>
   <trkpt lat="51.1096140" lon="-0.5141610">
    <ele>55.0</ele>
    <time>2020-05-02T12:02:26Z</time>
   </trkpt>
   <trkpt lat="51.1094940" lon="-0.5142380">
    <ele>55.0</ele>
    <time>2020-05-02T12:02:28Z</time>
   </trkpt>
   <trkpt lat="51.1093890" lon="-0.5143070">
    <ele>54.9</ele>
    <time>2020-05-02T12:02:30Z</time>
   </trkpt>
   <trkpt lat="51.1093410" lon="-0.5143350">
    <ele>54.9</ele>
    <time>2020-05-02T12:02:31Z</time>
   </trkpt>
   <trkpt lat="51.1092300" lon="-0.5144120">
    <ele>54.9</ele>
    <time>2020-05-02T12:02:33Z</time>
   </trkpt>
   <trkpt lat="51.1091450" lon="-0.5144890">
    <ele>54.9</ele>
    <time>2020-05-02T12:02:35Z</time>
   </trkpt>
   <trkpt lat="51.1091000" lon="-0.5145100">
    <ele>54.9</ele>
    <time>2020-05-02T12:02:36Z</time>
   </trkpt>
   <trkpt lat="51.1090540" lon="-0.5145390">
    <ele>54.9</ele>
    <time>2020-05-02T12:02:37Z</time>
   </trkpt>
   <trkpt lat="51.1089690" lon="-0.5145890">
    <ele>54.9</ele>
    <time>2020-05-02T12:02:39Z</time>
   </trkpt>
   <trkpt lat="51.1088680" lon="-0.5146460">
    <ele>54.9</ele>
    <time>2020-05-02T12:02:41Z</time>
   </trkpt>
   <trkpt lat="51.1088490" lon="-0.5146560">
    <ele>54.9</ele>
    <time>2020-05-02T12:02:42Z</time>
   </trkpt>
   <trkpt lat="51.1088380" lon="-0.5146640">
    <ele>54.9</ele>
    <time>2020-05-02T12:02:43Z</time>
   </trkpt>
   <trkpt lat="51.1087880" lon="-0.5146890">
    <ele>54.9</ele>
    <time>2020-05-02T12:02:45Z</time>
   </trkpt>
   <trkpt lat="51.1087290" lon="-0.5147300">
    <ele>54.9</ele>
    <time>2020-05-02T12:02:46Z</time>
   </trkpt>
   <trkpt lat="51.1084860" lon="-0.5148590">
    <ele>54.7</ele>
    <time>2020-05-02T12:02:48Z</time>
   </trkpt>
   <trkpt lat="51.1082830" lon="-0.5148940">
    <ele>54.5</ele>
    <time>2020-05-02T12:02:50Z</time>
   </trkpt>
   <trkpt lat="51.1082140" lon="-0.5148900">
    <ele>54.5</ele>
    <time>2020-05-02T12:02:51Z</time>
   </trkpt>
   <trkpt lat="51.1081160" lon="-0.5148860">
    <ele>54.3</ele>
    <time>2020-05-02T12:02:53Z</time>
   </trkpt>
   <trkpt lat="51.1080640" lon="-0.5148740">
    <ele>54.2</ele>
    <time>2020-05-02T12:02:54Z</time>
   </trkpt>
   <trkpt lat="51.1079610" lon="-0.5147920">
    <ele>54.0</ele>
    <time>2020-05-02T12:02:56Z</time>
   </trkpt>
   <trkpt lat="51.1078860" lon="-0.5146700">
    <ele>53.9</ele>
    <time>2020-05-02T12:02:58Z</time>
   </trkpt>
   <trkpt lat="51.1078350" lon="-0.5146290">
    <ele>53.8</ele>
    <time>2020-05-02T12:02:59Z</time>
   </trkpt>
   <trkpt lat="51.1077850" lon="-0.5146350">
    <ele>53.8</ele>
    <time>2020-05-02T12:03:00Z</time>
   </trkpt>
   <trkpt lat="51.1077210" lon="-0.5147040">
    <ele>53.8</ele>
    <time>2020-05-02T12:03:02Z</time>
   </trkpt>
   <trkpt lat="51.1077350" lon="-0.5148220">
    <ele>53.7</ele>
    <time>2020-05-02T12:03:03Z</time>
   </trkpt>
   <trkpt lat="51.1077460" lon="-0.5149040">
    <ele>53.7</ele>
    <time>2020-05-02T12:03:04Z</time>
   </trkpt>
   <trkpt lat="51.1078020" lon="-0.5150180">
    <ele>53.8</ele>
    <time>2020-05-02T12:03:06Z</time>
   </trkpt>
   <trkpt lat="51.1079280" lon="-0.5150680">
    <ele>53.9</ele>
    <time>2020-05-02T12:03:08Z</time>
   </trkpt>
   <trkpt lat="51.1080260" lon="-0.5151530">
    <ele>54.1</ele>
    <time>2020-05-02T12:03:10Z</time>
   </trkpt>
   <trkpt lat="51.1080690" lon="-0.5152170">
    <ele>54.2</ele>
    <time>2020-05-02T12:03:11Z</time>
   </trkpt>
   <trkpt lat="51.1081610" lon="-0.5153440">
    <ele>54.3</ele>
    <time>2020-05-02T12:03:13Z</time>
   </trkpt>
   <trkpt lat="51.1082300" lon="-0.5154520">
    <ele>54.4</ele>
    <time>2020-05-02T12:03:15Z</time>
   </trkpt>
   <trkpt lat="51.1082670" lon="-0.5155060">
    <ele>54.5</ele>
    <time>2020-05-02T12:03:16Z</time>
   </trkpt>
   <trkpt lat="51.1082970" lon="-0.5155720">
    <ele>54.6</ele>
    <time>2020-05-02T12:03:17Z</time>
   </trkpt>
   <trkpt lat="51.1083860" lon="-0.5156950">
    <ele>54.6</ele>
    <time>2020-05-02T12:03:19Z</time>
   </trkpt>
   <trkpt lat="51.1084340" lon="-0.5157530">
    <ele>54.7</ele>
    <time>2020-05-02T12:03:20Z</time>
   </trkpt>
   <trkpt lat="51.1084920" lon="-0.5157970">
    <ele>54.7</ele>
    <time>2020-05-02T12:03:21Z</time>
   </trkpt>
   <trkpt lat="51.1086030" lon="-0.5159040">
    <ele>54.7</ele>
    <time>2020-05-02T12:03:23Z</time>
   </trkpt>
   <trkpt lat="51.1086490" lon="-0.5159700">
    <ele>54.7</ele>
    <time>2020-05-02T12:03:24Z</time>
   </trkpt>
   <trkpt lat="51.1087380" lon="-0.5160890">
    <ele>54.6</ele>
    <time>2020-05-02T12:03:26Z</time>
   </trkpt>
   <trkpt lat="51.1088260" lon="-0.5162180">
    <ele>54.5</ele>
    <time>2020-05-02T12:03:28Z</time>
   </trkpt>
   <trkpt lat="51.1088750" lon="-0.5162790">
    <ele>54.4</ele>
    <time>2020-05-02T12:03:29Z</time>
   </trkpt>
   <trkpt lat="51.1089750" lon="-0.5164150">
    <ele>54.2</ele>
    <time>2020-05-02T12:03:31Z</time>
   </trkpt>
   <trkpt lat="51.1090690" lon="-0.5165570">
    <ele>54.0</ele>
    <time>2020-05-02T12:03:33Z</time>
   </trkpt>
   <trkpt lat="51.1091210" lon="-0.5166300">
    <ele>53.9</ele>
    <time>2020-05-02T12:03:34Z</time>
   </trkpt>
   <trkpt lat="51.1092180" lon="-0.5167790">
    <ele>53.7</ele>
    <time>2020-05-02T12:03:36Z</time>
   </trkpt>
   <trkpt lat="51.1093250" lon="-0.5169250">
    <ele>53.5</ele>
    <time>2020-05-02T12:03:38Z</time>
   </trkpt>
   <trkpt lat="51.1094210" lon="-0.5171040">
    <ele>53.2</ele>
    <time>2020-05-02T12:03:40Z</time>
   </trkpt>
   <trkpt lat="51.1094670" lon="-0.5171950">
    <ele>53.1</ele>
    <time>2020-05-02T12:03:41Z</time>
   </trkpt>
   <trkpt lat="51.1095100" lon="-0.5172880">
    <ele>53.0</ele>
    <time>2020-05-02T12:03:42Z</time>
   </trkpt>
   <trkpt lat="51.1096100" lon="-0.5174530">
    <ele>52.7</ele>
    <time>2020-05-02T12:03:44Z</time>
   </trkpt>
   <trkpt lat="51.1096950" lon="-0.5175900">
    <ele>52.5</ele>
    <time>2020-05-02T12:03:46Z</time>
   </trkpt>
   <trkpt lat="51.1097530" lon="-0.5176650">
    <ele>52.4</ele>
    <time>2020-05-02T12:03:47Z</time>
   </trkpt>
   <trkpt lat="51.1098630" lon="-0.5178570">
    <ele>52.1</ele>
    <time>2020-05-02T12:03:49Z</time>
   </trkpt>
   <trkpt lat="51.1099080" lon="-0.5179140">
    <ele>51.9</ele>
    <time>2020-05-02T12:03:50Z</time>
   </trkpt>
   <trkpt lat="51.1099560" lon="-0.5180140">
    <ele>51.8</ele>
    <time>2020-05-02T12:03:51Z</time>
   </trkpt>
   <trkpt lat="51.1100050" lon="-0.5181300">
    <ele>51.7</ele>
    <time>2020-05-02T12:03:52Z</time>
   </trkpt>
   <trkpt lat="51.1101000" lon="-0.5183100">
    <ele>51.5</ele>
    <time>2020-05-02T12:03:54Z</time>
   </trkpt>
   <trkpt lat="51.1101960" lon="-0.5184630">
    <ele>51.3</ele>
    <time>2020-05-02T12:03:56Z</time>
   </trkpt>
   <trkpt lat="51.1102400" lon="-0.5185340">
    <ele>51.1</ele>
    <time>2020-05-02T12:03:57Z</time>
   </trkpt>
   <trkpt lat="51.1103210" lon="-0.5186850">
    <ele>50.7</ele>
    <time>2020-05-02T12:03:59Z</time>
   </trkpt>
   <trkpt lat="51.1103600" lon="-0.5187550">
    <ele>50.6</ele>
    <time>2020-05-02T12:04:00Z</time>
   </trkpt>
   <trkpt lat="51.1104450" lon="-0.5189050">
    <ele>50.5</ele>
    <time>2020-05-02T12:04:02Z</time>
   </trkpt>
   <trkpt lat="51.1105360" lon="-0.5190760">
    <ele>50.5</ele>
    <time>2020-05-02T12:04:04Z</time>
   </trkpt>
   <trkpt lat="51.1105760" lon="-0.5191750">
    <ele>50.5</ele>
    <time>2020-05-02T12:04:05Z</time>
   </trkpt>
   <trkpt lat="51.1106550" lon="-0.5193330">
    <ele>50.4</ele>
    <time>2020-05-02T12:04:07Z</time>
   </trkpt>
   <trkpt lat="51.1107080" lon="-0.5194180">
    <ele>50.4</ele>
    <time>2020-05-02T12:04:08Z</time>
   </trkpt>
   <trkpt lat="51.1108080" lon="-0.5196180">
    <ele>50.4</ele>
    <time>2020-05-02T12:04:10Z</time>
   </trkpt>
   <trkpt lat="51.1108540" lon="-0.5197030">
    <ele>50.4</ele>
    <time>2020-05-02T12:04:11Z</time>
   </trkpt>
   <trkpt lat="51.1109440" lon="-0.5198060">
    <ele>50.4</ele>
    <time>2020-05-02T12:04:13Z</time>
   </trkpt>
   <trkpt lat="51.1110450" lon="-0.5199210">
    <ele>50.3</ele>
    <time>2020-05-02T12:04:15Z</time>
   </trkpt>
   <trkpt lat="51.1111270" lon="-0.5200220">
    <ele>50.4</ele>
    <time>2020-05-02T12:04:17Z</time>
   </trkpt>
   <trkpt lat="51.1112000" lon="-0.5202130">
    <ele>50.4</ele>
    <time>2020-05-02T12:04:19Z</time>
   </trkpt>
   <trkpt lat="51.1112570" lon="-0.5204050">
    <ele>50.5</ele>
    <time>2020-05-02T12:04:21Z</time>
   </trkpt>
   <trkpt lat="51.1113010" lon="-0.5204860">
    <ele>50.5</ele>
    <time>2020-05-02T12:04:22Z</time>
   </trkpt>
   <trkpt lat="51.1114030" lon="-0.5206710">
    <ele>50.4</ele>
    <time>2020-05-02T12:04:24Z</time>
   </trkpt>
   <trkpt lat="51.1114680" lon="-0.5207680">
    <ele>50.4</ele>
    <time>2020-05-02T12:04:25Z</time>
   </trkpt>
   <trkpt lat="51.1115800" lon="-0.5209160">
    <ele>50.4</ele>
    <time>2020-05-02T12:04:27Z</time>
   </trkpt>
   <trkpt lat="51.1116740" lon="-0.5210510">
    <ele>50.4</ele>
    <time>2020-05-02T12:04:29Z</time>
   </trkpt>
   <trkpt lat="51.1117440" lon="-0.5211770">
    <ele>50.4</ele>
    <time>2020-05-02T12:04:31Z</time>
   </trkpt>
   <trkpt lat="51.1117870" lon="-0.5212260">
    <ele>50.4</ele>
    <time>2020-05-02T12:04:32Z</time>
   </trkpt>
   <trkpt lat="51.1118830" lon="-0.5213180">
    <ele>50.4</ele>
    <time>2020-05-02T12:04:34Z</time>
   </trkpt>
   <trkpt lat="51.1119690" lon="-0.5214850">
    <ele>50.4</ele>
    <time>2020-05-02T12:04:36Z</time>
   </trkpt>
   <trkpt lat="51.1120070" lon="-0.5215220">
    <ele>50.4</ele>
    <time>2020-05-02T12:04:37Z</time>
   </trkpt>
   <trkpt lat="51.1120800" lon="-0.5215970">
    <ele>50.4</ele>
    <time>2020-05-02T12:04:39Z</time>
   </trkpt>
   <trkpt lat="51.1121410" lon="-0.5216360">
    <ele>50.4</ele>
    <time>2020-05-02T12:04:40Z</time>
   </trkpt>
   <trkpt lat="51.1122680" lon="-0.5217110">
    <ele>50.4</ele>
    <time>2020-05-02T12:04:42Z</time>
   </trkpt>
   <trkpt lat="51.1123320" lon="-0.5217430">
    <ele>50.4</ele>
    <time>2020-05-02T12:04:43Z</time>
   </trkpt>
   <trkpt lat="51.1124440" lon="-0.5219150">
    <ele>50.4</ele>
    <time>2020-05-02T12:04:45Z</time>
   </trkpt>
   <trkpt lat="51.1124930" lon="-0.5220250">
    <ele>50.3</ele>
    <time>2020-05-02T12:04:46Z</time>
   </trkpt>
   <trkpt lat="51.1125210" lon="-0.5221390">
    <ele>50.3</ele>
    <time>2020-05-02T12:04:47Z</time>
   </trkpt>
   <trkpt lat="51.1124670" lon="-0.5222500">
    <ele>50.3</ele>
    <time>2020-05-02T12:04:48Z</time>
   </trkpt>
   <trkpt lat="51.1123620" lon="-0.5224270">
    <ele>50.3</ele>
    <time>2020-05-02T12:04:50Z</time>
   </trkpt>
   <trkpt lat="51.1122970" lon="-0.5226070">
    <ele>50.3</ele>
    <time>2020-05-02T12:04:52Z</time>
   </trkpt>
   <trkpt lat="51.1122450" lon="-0.5227830">
    <ele>50.3</ele>
    <time>2020-05-02T12:04:54Z</time>
   </trkpt>
   <trkpt lat="51.1121840" lon="-0.5229500">
    <ele>50.3</ele>
    <time>2020-05-02T12:04:56Z</time>
   </trkpt>
   <trkpt lat="51.1121310" lon="-0.5231360">
    <ele>50.3</ele>
    <time>2020-05-02T12:04:58Z</time>
   </trkpt>
   <trkpt lat="51.1121080" lon="-0.5232160">
    <ele>50.3</ele>
    <time>2020-05-02T12:04:59Z</time>
   </trkpt>
   <trkpt lat="51.1120810" lon="-0.5232890">
    <ele>50.3</ele>
    <time>2020-05-02T12:05:00Z</time>
   </trkpt>
   <trkpt lat="51.1120100" lon="-0.5234560">
    <ele>50.2</ele>
    <time>2020-05-02T12:05:02Z</time>
   </trkpt>
   <trkpt lat="51.1119690" lon="-0.5235520">
    <ele>50.2</ele>
    <time>2020-05-02T12:05:03Z</time>
   </trkpt>
   <trkpt lat="51.1119300" lon="-0.5236550">
    <ele>50.2</ele>
    <time>2020-05-02T12:05:04Z</time>
   </trkpt>
   <trkpt lat="51.1118490" lon="-0.5238220">
    <ele>50.1</ele>
    <time>2020-05-02T12:05:06Z</time>
   </trkpt>
   <trkpt lat="51.1118040" lon="-0.5238990">
    <ele>50.1</ele>
    <time>2020-05-02T12:05:07Z</time>
   </trkpt>
   <trkpt lat="51.1117160" lon="-0.5240210">
    <ele>50.1</ele>
    <time>2020-05-02T12:05:09Z</time>
   </trkpt>
   <trkpt lat="51.1116440" lon="-0.5241290">
    <ele>50.1</ele>
    <time>2020-05-02T12:05:11Z</time>
   </trkpt>
   <trkpt lat="51.1115960" lon="-0.5242040">
    <ele>50.1</ele>
    <time>2020-05-02T12:05:12Z</time>
   </trkpt>
   <trkpt lat="51.1115040" lon="-0.5243610">
    <ele>50.2</ele>
    <time>2020-05-02T12:05:14Z</time>
   </trkpt>
   <trkpt lat="51.1114220" lon="-0.5244880">
    <ele>50.3</ele>
    <time>2020-05-02T12:05:16Z</time>
   </trkpt>
   <trkpt lat="51.1113410" lon="-0.5246450">
    <ele>50.4</ele>
    <time>2020-05-02T12:05:18Z</time>
   </trkpt>
   <trkpt lat="51.1112930" lon="-0.5247110">
    <ele>50.5</ele>
    <time>2020-05-02T12:05:19Z</time>
   </trkpt>
   <trkpt lat="51.1112560" lon="-0.5247710">
    <ele>50.5</ele>
    <time>2020-05-02T12:05:20Z</time>
   </trkpt>
   <trkpt lat="51.1111780" lon="-0.5248620">
    <ele>50.6</ele>
    <time>2020-05-02T12:05:22Z</time>
   </trkpt>
   <trkpt lat="51.1111310" lon="-0.5249160">
    <ele>50.7</ele>
    <time>2020-05-02T12:05:23Z</time>
   </trkpt>
   <trkpt lat="51.1110520" lon="-0.5250050">
    <ele>50.7</ele>
    <time>2020-05-02T12:05:25Z</time>
   </trkpt>
   <trkpt lat="51.1109590" lon="-0.5251100">
    <ele>50.8</ele>
    <time>2020-05-02T12:05:27Z</time>
   </trkpt>
   <trkpt lat="51.1108580" lon="-0.5251950">
    <ele>50.8</ele>
    <time>2020-05-02T12:05:29Z</time>
   </trkpt>
   <trkpt lat="51.1107400" lon="-0.5253270">
    <ele>50.9</ele>
    <time>2020-05-02T12:05:31Z</time>
   </trkpt>
   <trkpt lat="51.1106110" lon="-0.5254740">
    <ele>51.0</ele>
    <time>2020-05-02T12:05:33Z</time>
   </trkpt>
   <trkpt lat="51.1105130" lon="-0.5256120">
    <ele>51.1</ele>
    <time>2020-05-02T12:05:35Z</time>
   </trkpt>
   <trkpt lat="51.1103670" lon="-0.5257520">
    <ele>51.2</ele>
    <time>2020-05-02T12:05:37Z</time>
   </trkpt>
   <trkpt lat="51.1102650" lon="-0.5258380">
    <ele>51.1</ele>
    <time>2020-05-02T12:05:39Z</time>
   </trkpt>
   <trkpt lat="51.1102170" lon="-0.5258760">
    <ele>51.0</ele>
    <time>2020-05-02T12:05:40Z</time>
   </trkpt>
   <trkpt lat="51.1101750" lon="-0.5258990">
    <ele>50.9</ele>
    <time>2020-05-02T12:05:41Z</time>
   </trkpt>
   <trkpt lat="51.1101330" lon="-0.5259410">
    <ele>50.8</ele>
    <time>2020-05-02T12:05:42Z</time>
   </trkpt>
   <trkpt lat="51.1100710" lon="-0.5260890">
    <ele>50.6</ele>
    <time>2020-05-02T12:05:44Z</time>
   </trkpt>
   <trkpt lat="51.1100330" lon="-0.5261630">
    <ele>50.4</ele>
    <time>2020-05-02T12:05:45Z</time>
   </trkpt>
   <trkpt lat="51.1099540" lon="-0.5263160">
    <ele>50.3</ele>
    <time>2020-05-02T12:05:47Z</time>
   </trkpt>
   <trkpt lat="51.1099230" lon="-0.5264110">
    <ele>50.3</ele>
    <time>2020-05-02T12:05:48Z</time>
   </trkpt>
   <trkpt lat="51.1098770" lon="-0.5266290">
    <ele>50.2</ele>
    <time>2020-05-02T12:05:50Z</time>
   </trkpt>
   <trkpt lat="51.1098700" lon="-0.5267490">
    <ele>50.2</ele>
    <time>2020-05-02T12:05:51Z</time>
   </trkpt>
   <trkpt lat="51.1098320" lon="-0.5268520">
    <ele>50.1</ele>
    <time>2020-05-02T12:05:52Z</time>
   </trkpt>
   <trkpt lat="51.1098040" lon="-0.5269580">
    <ele>50.1</ele>
    <time>2020-05-02T12:05:53Z</time>
   </trkpt>
   <trkpt lat="51.1097320" lon="-0.5272000">
    <ele>50.0</ele>
    <time>2020-05-02T12:05:55Z</time>
   </trkpt>
   <trkpt lat="51.1096890" lon="-0.5273280">
    <ele>49.9</ele>
    <time>2020-05-02T12:05:57Z</time>
   </trkpt>
   <trkpt lat="51.1096100" lon="-0.5275220">
    <ele>49.8</ele>
    <time>2020-05-02T12:05:59Z</time>
   </trkpt>
   <trkpt lat="51.1094970" lon="-0.5277430">
    <ele>49.7</ele>
    <time>2020-05-02T12:06:01Z</time>
   </trkpt>
   <trkpt lat="51.1094480" lon="-0.5278600">
    <ele>49.7</ele>
    <time>2020-05-02T12:06:02Z</time>
   </trkpt>
   <trkpt lat="51.1093600" lon="-0.5280150">
    <ele>49.6</ele>
    <time>2020-05-02T12:06:04Z</time>
   </trkpt>
   <trkpt lat="51.1092670" lon="-0.5281780">
    <ele>49.6</ele>
    <time>2020-05-02T12:06:06Z</time>
   </trkpt>
   <trkpt lat="51.1092140" lon="-0.5282770">
    <ele>49.6</ele>
    <time>2020-05-02T12:06:07Z</time>
   </trkpt>
   <trkpt lat="51.1091600" lon="-0.5283590">
    <ele>49.6</ele>
    <time>2020-05-02T12:06:08Z</time>
   </trkpt>
   <trkpt lat="51.1090740" lon="-0.5285080">
    <ele>49.6</ele>
    <time>2020-05-02T12:06:10Z</time>
   </trkpt>
   <trkpt lat="51.1090130" lon="-0.5286020">
    <ele>49.6</ele>
    <time>2020-05-02T12:06:11Z</time>
   </trkpt>
   <trkpt lat="51.1088910" lon="-0.5287810">
    <ele>49.6</ele>
    <time>2020-05-02T12:06:13Z</time>
   </trkpt>
   <trkpt lat="51.1087790" lon="-0.5289470">
    <ele>49.7</ele>
    <time>2020-05-02T12:06:15Z</time>
   </trkpt>
   <trkpt lat="51.1086670" lon="-0.5291090">
    <ele>49.8</ele>
    <time>2020-05-02T12:06:17Z</time>
   </trkpt>
   <trkpt lat="51.1085600" lon="-0.5292830">
    <ele>49.7</ele>
    <time>2020-05-02T12:06:19Z</time>
   </trkpt>
   <trkpt lat="51.1084580" lon="-0.5294020">
    <ele>49.6</ele>
    <time>2020-05-02T12:06:21Z</time>
   </trkpt>
   <trkpt lat="51.1083630" lon="-0.5295490">
    <ele>49.3</ele>
    <time>2020-05-02T12:06:23Z</time>
   </trkpt>
   <trkpt lat="51.1082580" lon="-0.5297060">
    <ele>49.0</ele>
    <time>2020-05-02T12:06:25Z</time>
   </trkpt>
   <trkpt lat="51.1082000" lon="-0.5297930">
    <ele>48.9</ele>
    <time>2020-05-02T12:06:26Z</time>
   </trkpt>
   <trkpt lat="51.1081150" lon="-0.5299370">
    <ele>48.9</ele>
    <time>2020-05-02T12:06:28Z</time>
   </trkpt>
   <trkpt lat="51.1080200" lon="-0.5300700">
    <ele>48.9</ele>
    <time>2020-05-02T12:06:30Z</time>
   </trkpt>
   <trkpt lat="51.1079650" lon="-0.5301280">
    <ele>48.9</ele>
    <time>2020-05-02T12:06:31Z</time>
   </trkpt>
   <trkpt lat="51.1079170" lon="-0.5302140">
    <ele>48.9</ele>
    <time>2020-05-02T12:06:32Z</time>
   </trkpt>
   <trkpt lat="51.1078130" lon="-0.5303910">
    <ele>48.9</ele>
    <time>2020-05-02T12:06:34Z</time>
   </trkpt>
   <trkpt lat="51.1077250" lon="-0.5305190">
    <ele>48.9</ele>
    <time>2020-05-02T12:06:36Z</time>
   </trkpt>
   <trkpt lat="51.1076350" lon="-0.5306770">
    <ele>48.9</ele>
    <time>2020-05-02T12:06:38Z</time>
   </trkpt>
   <trkpt lat="51.1075690" lon="-0.5308480">
    <ele>48.9</ele>
    <time>2020-05-02T12:06:40Z</time>
   </trkpt>
   <trkpt lat="51.1075420" lon="-0.5309760">
    <ele>48.8</ele>
    <time>2020-05-02T12:06:42Z</time>
   </trkpt>
   <trkpt lat="51.1075260" lon="-0.5311590">
    <ele>48.8</ele>
    <time>2020-05-02T12:06:44Z</time>
   </trkpt>
   <trkpt lat="51.1075000" lon="-0.5312930">
    <ele>48.7</ele>
    <time>2020-05-02T12:06:45Z</time>
   </trkpt>
   <trkpt lat="51.1074760" lon="-0.5315350">
    <ele>48.7</ele>
    <time>2020-05-02T12:06:47Z</time>
   </trkpt>
   <trkpt lat="51.1074550" lon="-0.5317970">
    <ele>48.6</ele>
    <time>2020-05-02T12:06:49Z</time>
   </trkpt>
   <trkpt lat="51.1074310" lon="-0.5320560">
    <ele>48.6</ele>
    <time>2020-05-02T12:06:51Z</time>
   </trkpt>
   <trkpt lat="51.1073800" lon="-0.5323230">
    <ele>48.7</ele>
    <time>2020-05-02T12:06:53Z</time>
   </trkpt>
   <trkpt lat="51.1073690" lon="-0.5324370">
    <ele>48.7</ele>
    <time>2020-05-02T12:06:54Z</time>
   </trkpt>
   <trkpt lat="51.1073740" lon="-0.5325490">
    <ele>48.7</ele>
    <time>2020-05-02T12:06:55Z</time>
   </trkpt>
   <trkpt lat="51.1073530" lon="-0.5327820">
    <ele>48.7</ele>
    <time>2020-05-02T12:06:57Z</time>
   </trkpt>
   <trkpt lat="51.1073470" lon="-0.5328850">
    <ele>48.7</ele>
    <time>2020-05-02T12:06:58Z</time>
   </trkpt>
   <trkpt lat="51.1073370" lon="-0.5329970">
    <ele>48.6</ele>
    <time>2020-05-02T12:06:59Z</time>
   </trkpt>
   <trkpt lat="51.1073260" lon="-0.5331150">
    <ele>48.5</ele>
    <time>2020-05-02T12:07:00Z</time>
   </trkpt>
   <trkpt lat="51.1073030" lon="-0.5333490">
    <ele>48.4</ele>
    <time>2020-05-02T12:07:02Z</time>
   </trkpt>
   <trkpt lat="51.1072810" lon="-0.5335740">
    <ele>48.4</ele>
    <time>2020-05-02T12:07:04Z</time>
   </trkpt>
   <trkpt lat="51.1072720" lon="-0.5337990">
    <ele>48.4</ele>
    <time>2020-05-02T12:07:06Z</time>
   </trkpt>
   <trkpt lat="51.1072670" lon="-0.5340260">
    <ele>48.3</ele>
    <time>2020-05-02T12:07:08Z</time>
   </trkpt>
   <trkpt lat="51.1073820" lon="-0.5341940">
    <ele>48.3</ele>
    <time>2020-05-02T12:07:10Z</time>
   </trkpt>
   <trkpt lat="51.1074190" lon="-0.5342710">
    <ele>48.2</ele>
    <time>2020-05-02T12:07:11Z</time>
   </trkpt>
   <trkpt lat="51.1075310" lon="-0.5343730">
    <ele>48.0</ele>
    <time>2020-05-02T12:07:13Z</time>
   </trkpt>
   <trkpt lat="51.1076690" lon="-0.5344680">
    <ele>47.7</ele>
    <time>2020-05-02T12:07:15Z</time>
   </trkpt>
   <trkpt lat="51.1078190" lon="-0.5345700">
    <ele>47.6</ele>
    <time>2020-05-02T12:07:17Z</time>
   </trkpt>
   <trkpt lat="51.1078930" lon="-0.5346300">
    <ele>47.5</ele>
    <time>2020-05-02T12:07:18Z</time>
   </trkpt>
   <trkpt lat="51.1079680" lon="-0.5347040">
    <ele>47.5</ele>
    <time>2020-05-02T12:07:19Z</time>
   </trkpt>
   <trkpt lat="51.1080350" lon="-0.5347830">
    <ele>47.5</ele>
    <time>2020-05-02T12:07:20Z</time>
   </trkpt>
   <trkpt lat="51.1081260" lon="-0.5349780">
    <ele>47.4</ele>
    <time>2020-05-02T12:07:22Z</time>
   </trkpt>
   <trkpt lat="51.1082080" lon="-0.5351860">
    <ele>47.4</ele>
    <time>2020-05-02T12:07:24Z</time>
   </trkpt>
   <trkpt lat="51.1082460" lon="-0.5352910">
    <ele>47.4</ele>
    <time>2020-05-02T12:07:25Z</time>
   </trkpt>
   <trkpt lat="51.1082850" lon="-0.5353950">
    <ele>47.3</ele>
    <time>2020-05-02T12:07:26Z</time>
   </trkpt>
   <trkpt lat="51.1083670" lon="-0.5356190">
    <ele>47.0</ele>
    <time>2020-05-02T12:07:28Z</time>
   </trkpt>
   <trkpt lat="51.1084590" lon="-0.5358170">
    <ele>46.8</ele>
    <time>2020-05-02T12:07:30Z</time>
   </trkpt>
   <trkpt lat="51.1085340" lon="-0.5360250">
    <ele>46.6</ele>
    <time>2020-05-02T12:07:32Z</time>
   </trkpt>
   <trkpt lat="51.1085670" lon="-0.5361320">
    <ele>46.5</ele>
    <time>2020-05-02T12:07:33Z</time>
   </trkpt>
   <trkpt lat="51.1086880" lon="-0.5363250">
    <ele>46.8</ele>
    <time>2020-05-02T12:07:35Z</time>
   </trkpt>
   <trkpt lat="51.1087620" lon="-0.5363770">
    <ele>47.0</ele>
    <time>2020-05-02T12:07:36Z</time>
   </trkpt>
   <trkpt lat="51.1088880" lon="-0.5364570">
    <ele>47.4</ele>
    <time>2020-05-02T12:07:38Z</time>
   </trkpt>
   <trkpt lat="51.1089470" lon="-0.5364930">
    <ele>47.6</ele>
    <time>2020-05-02T12:07:39Z</time>
   </trkpt>
   <trkpt lat="51.1089980" lon="-0.5365220">
    <ele>47.8</ele>
    <time>2020-05-02T12:07:40Z</time>
   </trkpt>
   <trkpt lat="51.1090900" lon="-0.5365860">
    <ele>48.2</ele>
    <time>2020-05-02T12:07:42Z</time>
   </trkpt>
   <trkpt lat="51.1091770" lon="-0.5366380">
    <ele>48.5</ele>
    <time>2020-05-02T12:07:44Z</time>
   </trkpt>
   <trkpt lat="51.1092860" lon="-0.5366780">
    <ele>48.9</ele>
    <time>2020-05-02T12:07:46Z</time>
   </trkpt>
   <trkpt lat="51.1094050" lon="-0.5367370">
    <ele>49.2</ele>
    <time>2020-05-02T12:07:48Z</time>
   </trkpt>
   <trkpt lat="51.1094620" lon="-0.5367790">
    <ele>49.3</ele>
    <time>2020-05-02T12:07:49Z</time>
   </trkpt>
   <trkpt lat="51.1095810" lon="-0.5368540">
    <ele>49.4</ele>
    <time>2020-05-02T12:07:51Z</time>
   </trkpt>
   <trkpt lat="51.1096880" lon="-0.5369500">
    <ele>49.6</ele>
    <time>2020-05-02T12:07:53Z</time>
   </trkpt>
   <trkpt lat="51.1097310" lon="-0.5370020">
    <ele>49.6</ele>
    <time>2020-05-02T12:07:54Z</time>
   </trkpt>
   <trkpt lat="51.1097980" lon="-0.5371250">
    <ele>49.8</ele>
    <time>2020-05-02T12:07:56Z</time>
   </trkpt>
   <trkpt lat="51.1098640" lon="-0.5372670">
    <ele>49.8</ele>
    <time>2020-05-02T12:07:58Z</time>
   </trkpt>
   <trkpt lat="51.1099200" lon="-0.5374100">
    <ele>49.9</ele>
    <time>2020-05-02T12:08:00Z</time>
   </trkpt>
   <trkpt lat="51.1099580" lon="-0.5375860">
    <ele>50.0</ele>
    <time>2020-05-02T12:08:02Z</time>
   </trkpt>
   <trkpt lat="51.1099780" lon="-0.5376700">
    <ele>50.0</ele>
    <time>2020-05-02T12:08:03Z</time>
   </trkpt>
   <trkpt lat="51.1100260" lon="-0.5378460">
    <ele>50.0</ele>
    <time>2020-05-02T12:08:05Z</time>
   </trkpt>
   <trkpt lat="51.1100490" lon="-0.5379340">
    <ele>50.1</ele>
    <time>2020-05-02T12:08:06Z</time>
   </trkpt>
   <trkpt lat="51.1100720" lon="-0.5380190">
    <ele>50.1</ele>
    <time>2020-05-02T12:08:07Z</time>
   </trkpt>
   <trkpt lat="51.1100990" lon="-0.5381030">
    <ele>50.1</ele>
    <time>2020-05-02T12:08:08Z</time>
   </trkpt>
   <trkpt lat="51.1101450" lon="-0.5382770">
    <ele>50.1</ele>
    <time>2020-05-02T12:08:10Z</time>
   </trkpt>
   <trkpt lat="51.1101690" lon="-0.5383680">
    <ele>50.1</ele>
    <time>2020-05-02T12:08:11Z</time>
   </trkpt>
   <trkpt lat="51.1102200" lon="-0.5385540">
    <ele>50.1</ele>
    <time>2020-05-02T12:08:13Z</time>
   </trkpt>
   <trkpt lat="51.1102480" lon="-0.5386410">
    <ele>50.1</ele>
    <time>2020-05-02T12:08:14Z</time>
   </trkpt>
   <trkpt lat="51.1103170" lon="-0.5387860">
    <ele>50.1</ele>
    <time>2020-05-02T12:08:16Z</time>
   </trkpt>
   <trkpt lat="51.1103610" lon="-0.5388710">
    <ele>50.1</ele>
    <time>2020-05-02T12:08:17Z</time>
   </trkpt>
   <trkpt lat="51.1104300" lon="-0.5390310">
    <ele>50.1</ele>
    <time>2020-05-02T12:08:19Z</time>
   </trkpt>
   <trkpt lat="51.1105340" lon="-0.5391750">
    <ele>50.1</ele>
    <time>2020-05-02T12:08:21Z</time>
   </trkpt>
   <trkpt lat="51.1106200" lon="-0.5393210">
    <ele>50.2</ele>
    <time>2020-05-02T12:08:23Z</time>
   </trkpt>
   <trkpt lat="51.1106880" lon="-0.5394850">
    <ele>50.4</ele>
    <time>2020-05-02T12:08:25Z</time>
   </trkpt>
   <trkpt lat="51.1107240" lon="-0.5395690">
    <ele>50.4</ele>
    <time>2020-05-02T12:08:26Z</time>
   </trkpt>
   <trkpt lat="51.1107960" lon="-0.5397260">
    <ele>50.6</ele>
    <time>2020-05-02T12:08:28Z</time>
   </trkpt>
   <trkpt lat="51.1108210" lon="-0.5398220">
    <ele>50.6</ele>
    <time>2020-05-02T12:08:29Z</time>
   </trkpt>
   <trkpt lat="51.1108390" lon="-0.5399130">
    <ele>50.7</ele>
    <time>2020-05-02T12:08:30Z</time>
   </trkpt>
   <trkpt lat="51.1108800" lon="-0.5400910">
    <ele>50.7</ele>
    <time>2020-05-02T12:08:32Z</time>
   </trkpt>
   <trkpt lat="51.1109040" lon="-0.5402880">
    <ele>50.8</ele>
    <time>2020-05-02T12:08:34Z</time>
   </trkpt>
   <trkpt lat="51.1109090" lon="-0.5403870">
    <ele>51.0</ele>
    <time>2020-05-02T12:08:35Z</time>
   </trkpt>
   <trkpt lat="51.1109230" lon="-0.5405670">
    <ele>51.3</ele>
    <time>2020-05-02T12:08:37Z</time>
   </trkpt>
   <trkpt lat="51.1109160" lon="-0.5406480">
    <ele>51.4</ele>
    <time>2020-05-02T12:08:38Z</time>
   </trkpt>
   <trkpt lat="51.1108810" lon="-0.5408310">
    <ele>51.6</ele>
    <time>2020-05-02T12:08:40Z</time>
   </trkpt>
   <trkpt lat="51.1108460" lon="-0.5410020">
    <ele>51.7</ele>
    <time>2020-05-02T12:08:42Z</time>
   </trkpt>
   <trkpt lat="51.1107920" lon="-0.5411940">
    <ele>51.7</ele>
    <time>2020-05-02T12:08:44Z</time>
   </trkpt>
   <trkpt lat="51.1107580" lon="-0.5412930">
    <ele>51.7</ele>
    <time>2020-05-02T12:08:45Z</time>
   </trkpt>
   <trkpt lat="51.1106760" lon="-0.5414720">
    <ele>51.7</ele>
    <time>2020-05-02T12:08:47Z</time>
   </trkpt>
   <trkpt lat="51.1106270" lon="-0.5415530">
    <ele>51.7</ele>
    <time>2020-05-02T12:08:48Z</time>
   </trkpt>
   <trkpt lat="51.1105710" lon="-0.5416240">
    <ele>51.7</ele>
    <time>2020-05-02T12:08:49Z</time>
   </trkpt>
   <trkpt lat="51.1104580" lon="-0.5417330">
    <ele>51.7</ele>
    <time>2020-05-02T12:08:51Z</time>
   </trkpt>
   <trkpt lat="51.1103920" lon="-0.5417830">
    <ele>51.7</ele>
    <time>2020-05-02T12:08:52Z</time>
   </trkpt>
   <trkpt lat="51.1103350" lon="-0.5418350">
    <ele>51.6</ele>
    <time>2020-05-02T12:08:53Z</time>
   </trkpt>
   <trkpt lat="51.1102780" lon="-0.5418800">
    <ele>51.6</ele>
    <time>2020-05-02T12:08:54Z</time>
   </trkpt>
   <trkpt lat="51.1101720" lon="-0.5419610">
    <ele>51.6</ele>
    <time>2020-05-02T12:08:56Z</time>
   </trkpt>
   <trkpt lat="51.1100410" lon="-0.5420250">
    <ele>51.5</ele>
    <time>2020-05-02T12:08:58Z</time>
   </trkpt>
   <trkpt lat="51.1099650" lon="-0.5420830">
    <ele>51.5</ele>
    <time>2020-05-02T12:08:59Z</time>
   </trkpt>
   <trkpt lat="51.1098500" lon="-0.5421980">
    <ele>51.5</ele>
    <time>2020-05-02T12:09:01Z</time>
   </trkpt>
   <trkpt lat="51.1097190" lon="-0.5423080">
    <ele>51.5</ele>
    <time>2020-05-02T12:09:03Z</time>
   </trkpt>
   <trkpt lat="51.1096070" lon="-0.5424330">
    <ele>51.6</ele>
    <time>2020-05-02T12:09:05Z</time>
   </trkpt>
   <trkpt lat="51.1094970" lon="-0.5425600">
    <ele>51.6</ele>
    <time>2020-05-02T12:09:07Z</time>
   </trkpt>
   <trkpt lat="51.1093970" lon="-0.5427120">
    <ele>51.6</ele>
    <time>2020-05-02T12:09:09Z</time>
   </trkpt>
   <trkpt lat="51.1093210" lon="-0.5428540">
    <ele>51.6</ele>
    <time>2020-05-02T12:09:11Z</time>
   </trkpt>
   <trkpt lat="51.1092800" lon="-0.5429340">
    <ele>51.6</ele>
    <time>2020-05-02T12:09:12Z</time>
   </trkpt>
   <trkpt lat="51.1092030" lon="-0.5431120">
    <ele>51.4</ele>
    <time>2020-05-02T12:09:14Z</time>
   </trkpt>
   <trkpt lat="51.1091320" lon="-0.5432850">
    <ele>51.3</ele>
    <time>2020-05-02T12:09:16Z</time>
   </trkpt>
   <trkpt lat="51.1090900" lon="-0.5434980">
    <ele>51.1</ele>
    <time>2020-05-02T12:09:18Z</time>
   </trkpt>
   <trkpt lat="51.1090800" lon="-0.5435970">
    <ele>51.0</ele>
    <time>2020-05-02T12:09:19Z</time>
   </trkpt>
   <trkpt lat="51.1090660" lon="-0.5437960">
    <ele>50.7</ele>
    <time>2020-05-02T12:09:21Z</time>
   </trkpt>
   <trkpt lat="51.1090380" lon="-0.5440270">
    <ele>50.5</ele>
    <time>2020-05-02T12:09:23Z</time>
   </trkpt>
   <trkpt lat="51.1089970" lon="-0.5442680">
    <ele>50.2</ele>
    <time>2020-05-02T12:09:25Z</time>
   </trkpt>
   <trkpt lat="51.1089720" lon="-0.5443790">
    <ele>50.1</ele>
    <time>2020-05-02T12:09:26Z</time>
   </trkpt>
   <trkpt lat="51.1089280" lon="-0.5446370">
    <ele>49.8</ele>
    <time>2020-05-02T12:09:28Z</time>
   </trkpt>
   <trkpt lat="51.1088780" lon="-0.5448740">
    <ele>49.5</ele>
    <time>2020-05-02T12:09:30Z</time>
   </trkpt>
   <trkpt lat="51.1088450" lon="-0.5451100">
    <ele>49.3</ele>
    <time>2020-05-02T12:09:32Z</time>
   </trkpt>
   <trkpt lat="51.1088160" lon="-0.5453470">
    <ele>49.1</ele>
    <time>2020-05-02T12:09:34Z</time>
   </trkpt>
   <trkpt lat="51.1087690" lon="-0.5455920">
    <ele>48.9</ele>
    <time>2020-05-02T12:09:36Z</time>
   </trkpt>
   <trkpt lat="51.1087280" lon="-0.5457150">
    <ele>48.8</ele>
    <time>2020-05-02T12:09:37Z</time>
   </trkpt>
   <trkpt lat="51.1086450" lon="-0.5459440">
    <ele>48.6</ele>
    <time>2020-05-02T12:09:39Z</time>
   </trkpt>
   <trkpt lat="51.1086090" lon="-0.5460550">
    <ele>48.5</ele>
    <time>2020-05-02T12:09:40Z</time>
   </trkpt>
   <trkpt lat="51.1085890" lon="-0.5461600">
    <ele>48.4</ele>
    <time>2020-05-02T12:09:41Z</time>
   </trkpt>
   <trkpt lat="51.1085250" lon="-0.5463820">
    <ele>48.1</ele>
    <time>2020-05-02T12:09:43Z</time>
   </trkpt>
   <trkpt lat="51.1084850" lon="-0.5464960">
    <ele>48.0</ele>
    <time>2020-05-02T12:09:44Z</time>
   </trkpt>
   <trkpt lat="51.1084420" lon="-0.5466180">
    <ele>47.8</ele>
    <time>2020-05-02T12:09:45Z</time>
   </trkpt>
   <trkpt lat="51.1083580" lon="-0.5468320">
    <ele>47.5</ele>
    <time>2020-05-02T12:09:47Z</time>
   </trkpt>
   <trkpt lat="51.1083060" lon="-0.5469300">
    <ele>47.4</ele>
    <time>2020-05-02T12:09:48Z</time>
   </trkpt>
   <trkpt lat="51.1082580" lon="-0.5470350">
    <ele>47.2</ele>
    <time>2020-05-02T12:09:49Z</time>
   </trkpt>
   <trkpt lat="51.1081720" lon="-0.5472560">
    <ele>46.9</ele>
    <time>2020-05-02T12:09:51Z</time>
   </trkpt>
   <trkpt lat="51.1081350" lon="-0.5473690">
    <ele>46.8</ele>
    <time>2020-05-02T12:09:52Z</time>
   </trkpt>
   <trkpt lat="51.1080990" lon="-0.5474760">
    <ele>46.8</ele>
    <time>2020-05-02T12:09:53Z</time>
   </trkpt>
   <trkpt lat="51.1080270" lon="-0.5476970">
    <ele>46.7</ele>
    <time>2020-05-02T12:09:55Z</time>
   </trkpt>
   <trkpt lat="51.1079650" lon="-0.5479250">
    <ele>46.6</ele>
    <time>2020-05-02T12:09:57Z</time>
   </trkpt>
   <trkpt lat="51.1079110" lon="-0.5481630">
    <ele>46.2</ele>
    <time>2020-05-02T12:09:59Z</time>
   </trkpt>
   <trkpt lat="51.1078260" lon="-0.5484050">
    <ele>45.9</ele>
    <time>2020-05-02T12:10:01Z</time>
   </trkpt>
   <trkpt lat="51.1077600" lon="-0.5486380">
    <ele>45.8</ele>
    <time>2020-05-02T12:10:03Z</time>
   </trkpt>
   <trkpt lat="51.1077460" lon="-0.5488840">
    <ele>45.8</ele>
    <time>2020-05-02T12:10:05Z</time>
   </trkpt>
   <trkpt lat="51.1077990" lon="-0.5489950">
    <ele>45.8</ele>
    <time>2020-05-02T12:10:06Z</time>
   </trkpt>
   <trkpt lat="51.1079090" lon="-0.5491760">
    <ele>45.9</ele>
    <time>2020-05-02T12:10:08Z</time>
   </trkpt>
   <trkpt lat="51.1080270" lon="-0.5492600">
    <ele>46.0</ele>
    <time>2020-05-02T12:10:10Z</time>
   </trkpt>
   <trkpt lat="51.1080920" lon="-0.5493160">
    <ele>46.1</ele>
    <time>2020-05-02T12:10:11Z</time>
   </trkpt>
   <trkpt lat="51.1081570" lon="-0.5493650">
    <ele>46.2</ele>
    <time>2020-05-02T12:10:12Z</time>
   </trkpt>
   <trkpt lat="51.1082750" lon="-0.5494480">
    <ele>46.4</ele>
    <time>2020-05-02T12:10:14Z</time>
   </trkpt>
   <trkpt lat="51.1083860" lon="-0.5495030">
    <ele>46.4</ele>
    <time>2020-05-02T12:10:16Z</time>
   </trkpt>
   <trkpt lat="51.1084570" lon="-0.5495350">
    <ele>46.5</ele>
    <time>2020-05-02T12:10:17Z</time>
   </trkpt>
   <trkpt lat="51.1085900" lon="-0.5495730">
    <ele>46.6</ele>
    <time>2020-05-02T12:10:19Z</time>
   </trkpt>
   <trkpt lat="51.1087330" lon="-0.5495690">
    <ele>46.6</ele>
    <time>2020-05-02T12:10:21Z</time>
   </trkpt>
   <trkpt lat="51.1088040" lon="-0.5495530">
    <ele>46.7</ele>
    <time>2020-05-02T12:10:22Z</time>
   </trkpt>
   <trkpt lat="51.1089440" lon="-0.5495330">
    <ele>46.8</ele>
    <time>2020-05-02T12:10:24Z</time>
   </trkpt>
   <trkpt lat="51.1090940" lon="-0.5495320">
    <ele>47.0</ele>
    <time>2020-05-02T12:10:26Z</time>
   </trkpt>
   <trkpt lat="51.1092290" lon="-0.5495470">
    <ele>47.4</ele>
    <time>2020-05-02T12:10:28Z</time>
   </trkpt>
   <trkpt lat="51.1092950" lon="-0.5495820">
    <ele>47.6</ele>
    <time>2020-05-02T12:10:29Z</time>
   </trkpt>
   <trkpt lat="51.1094180" lon="-0.5497030">
    <ele>48.1</ele>
    <time>2020-05-02T12:10:31Z</time>
   </trkpt>
   <trkpt lat="51.1094560" lon="-0.5497740">
    <ele>48.4</ele>
    <time>2020-05-02T12:10:32Z</time>
   </trkpt>
   <trkpt lat="51.1095200" lon="-0.5499310">
    <ele>49.0</ele>
    <time>2020-05-02T12:10:34Z</time>
   </trkpt>
   <trkpt lat="51.1095590" lon="-0.5500510">
    <ele>49.4</ele>
    <time>2020-05-02T12:10:36Z</time>
   </trkpt>
   <trkpt lat="51.1095790" lon="-0.5501090">
    <ele>49.7</ele>
    <time>2020-05-02T12:10:37Z</time>
   </trkpt>
   <trkpt lat="51.1096500" lon="-0.5502130">
    <ele>50.2</ele>
    <time>2020-05-02T12:10:39Z</time>
   </trkpt>
   <trkpt lat="51.1097360" lon="-0.5503270">
    <ele>50.8</ele>
    <time>2020-05-02T12:10:41Z</time>
   </trkpt>
   <trkpt lat="51.1098330" lon="-0.5504350">
    <ele>51.3</ele>
    <time>2020-05-02T12:10:43Z</time>
   </trkpt>
   <trkpt lat="51.1098610" lon="-0.5504890">
    <ele>51.5</ele>
    <time>2020-05-02T12:10:44Z</time>
   </trkpt>
   <trkpt lat="51.1099370" lon="-0.5506480">
    <ele>52.1</ele>
    <time>2020-05-02T12:10:46Z</time>
   </trkpt>
   <trkpt lat="51.1100120" lon="-0.5507190">
    <ele>52.4</ele>
    <time>2020-05-02T12:10:48Z</time>
   </trkpt>
   <trkpt lat="51.1100610" lon="-0.5507710">
    <ele>52.6</ele>
    <time>2020-05-02T12:10:50Z</time>
   </trkpt>
   <trkpt lat="51.1101270" lon="-0.5508270">
    <ele>52.9</ele>
    <time>2020-05-02T12:10:51Z</time>
   </trkpt>
   <trkpt lat="51.1101990" lon="-0.5508690">
    <ele>53.1</ele>
    <time>2020-05-02T12:10:53Z</time>
   </trkpt>
   <trkpt lat="51.1102770" lon="-0.5509270">
    <ele>53.2</ele>
    <time>2020-05-02T12:10:55Z</time>
   </trkpt>
   <trkpt lat="51.1103290" lon="-0.5509840">
    <ele>53.2</ele>
    <time>2020-05-02T12:10:56Z</time>
   </trkpt>
   <trkpt lat="51.1104100" lon="-0.5510400">
    <ele>53.3</ele>
    <time>2020-05-02T12:10:58Z</time>
   </trkpt>
   <trkpt lat="51.1105020" lon="-0.5511200">
    <ele>53.3</ele>
    <time>2020-05-02T12:11:00Z</time>
   </trkpt>
   <trkpt lat="51.1105990" lon="-0.5512280">
    <ele>53.0</ele>
    <time>2020-05-02T12:11:02Z</time>
   </trkpt>
   <trkpt lat="51.1106570" lon="-0.5512910">
    <ele>52.8</ele>
    <time>2020-05-02T12:11:03Z</time>
   </trkpt>
   <trkpt lat="51.1107570" lon="-0.5514230">
    <ele>52.4</ele>
    <time>2020-05-02T12:11:05Z</time>
   </trkpt>
   <trkpt lat="51.1108820" lon="-0.5516140">
    <ele>51.7</ele>
    <time>2020-05-02T12:11:07Z</time>
   </trkpt>
   <trkpt lat="51.1109830" lon="-0.5518310">
    <ele>50.9</ele>
    <time>2020-05-02T12:11:09Z</time>
   </trkpt>
   <trkpt lat="51.1110330" lon="-0.5519490">
    <ele>50.4</ele>
    <time>2020-05-02T12:11:10Z</time>
   </trkpt>
   <trkpt lat="51.1111370" lon="-0.5521770">
    <ele>49.2</ele>
    <time>2020-05-02T12:11:12Z</time>
   </trkpt>
   <trkpt lat="51.1112480" lon="-0.5524190">
    <ele>47.6</ele>
    <time>2020-05-02T12:11:14Z</time>
   </trkpt>
   <trkpt lat="51.1113590" lon="-0.5527040">
    <ele>45.5</ele>
    <time>2020-05-02T12:11:16Z</time>
   </trkpt>
   <trkpt lat="51.1114560" lon="-0.5529950">
    <ele>43.5</ele>
    <time>2020-05-02T12:11:18Z</time>
   </trkpt>
   <trkpt lat="51.1115700" lon="-0.5532990">
    <ele>41.9</ele>
    <time>2020-05-02T12:11:20Z</time>
   </trkpt>
   <trkpt lat="51.1116670" lon="-0.5536290">
    <ele>40.7</ele>
    <time>2020-05-02T12:11:22Z</time>
   </trkpt>
   <trkpt lat="51.1117070" lon="-0.5537930">
    <ele>40.2</ele>
    <time>2020-05-02T12:11:23Z</time>
   </trkpt>
   <trkpt lat="51.1117420" lon="-0.5539540">
    <ele>39.8</ele>
    <time>2020-05-02T12:11:24Z</time>
   </trkpt>
   <trkpt lat="51.1117790" lon="-0.5542770">
    <ele>39.3</ele>
    <time>2020-05-02T12:11:26Z</time>
   </trkpt>
   <trkpt lat="51.1117910" lon="-0.5544280">
    <ele>39.1</ele>
    <time>2020-05-02T12:11:27Z</time>
   </trkpt>
   <trkpt lat="51.1117740" lon="-0.5547290">
    <ele>39.0</ele>
    <time>2020-05-02T12:11:29Z</time>
   </trkpt>
   <trkpt lat="51.1117180" lon="-0.5550250">
    <ele>39.1</ele>
    <time>2020-05-02T12:11:31Z</time>
   </trkpt>
   <trkpt lat="51.1116910" lon="-0.5551400">
    <ele>39.2</ele>
    <time>2020-05-02T12:11:32Z</time>
   </trkpt>
   <trkpt lat="51.1116720" lon="-0.5552320">
    <ele>39.3</ele>
    <time>2020-05-02T12:11:33Z</time>
   </trkpt>
   <trkpt lat="51.1116550" lon="-0.5553650">
    <ele>39.5</ele>
    <time>2020-05-02T12:11:34Z</time>
   </trkpt>
   <trkpt lat="51.1116340" lon="-0.5556200">
    <ele>40.1</ele>
    <time>2020-05-02T12:11:36Z</time>
   </trkpt>
   <trkpt lat="51.1116340" lon="-0.5557540">
    <ele>40.4</ele>
    <time>2020-05-02T12:11:37Z</time>
   </trkpt>
   <trkpt lat="51.1116340" lon="-0.5560060">
    <ele>41.1</ele>
    <time>2020-05-02T12:11:39Z</time>
   </trkpt>
   <trkpt lat="51.1116480" lon="-0.5561260">
    <ele>41.4</ele>
    <time>2020-05-02T12:11:40Z</time>
   </trkpt>
   <trkpt lat="51.1116890" lon="-0.5563440">
    <ele>42.2</ele>
    <time>2020-05-02T12:11:42Z</time>
   </trkpt>
   <trkpt lat="51.1117430" lon="-0.5565530">
    <ele>43.0</ele>
    <time>2020-05-02T12:11:44Z</time>
   </trkpt>
   <trkpt lat="51.1117990" lon="-0.5567220">
    <ele>43.7</ele>
    <time>2020-05-02T12:11:46Z</time>
   </trkpt>
   <trkpt lat="51.1118230" lon="-0.5568050">
    <ele>44.0</ele>
    <time>2020-05-02T12:11:47Z</time>
   </trkpt>
   <trkpt lat="51.1118460" lon="-0.5568890">
    <ele>44.4</ele>
    <time>2020-05-02T12:11:48Z</time>
   </trkpt>
   <trkpt lat="51.1118680" lon="-0.5569660">
    <ele>44.8</ele>
    <time>2020-05-02T12:11:49Z</time>
   </trkpt>
   <trkpt lat="51.1119320" lon="-0.5570990">
    <ele>45.7</ele>
    <time>2020-05-02T12:11:51Z</time>
   </trkpt>
   <trkpt lat="51.1119730" lon="-0.5571570">
    <ele>46.1</ele>
    <time>2020-05-02T12:11:52Z</time>
   </trkpt>
   <trkpt lat="51.1120410" lon="-0.5573100">
    <ele>47.1</ele>
    <time>2020-05-02T12:11:54Z</time>
   </trkpt>
   <trkpt lat="51.1121010" lon="-0.5574480">
    <ele>48.0</ele>
    <time>2020-05-02T12:11:56Z</time>
   </trkpt>
   <trkpt lat="51.1121390" lon="-0.5575230">
    <ele>48.5</ele>
    <time>2020-05-02T12:11:57Z</time>
   </trkpt>
   <trkpt lat="51.1122100" lon="-0.5576390">
    <ele>49.2</ele>
    <time>2020-05-02T12:11:59Z</time>
   </trkpt>
   <trkpt lat="51.1122740" lon="-0.5577760">
    <ele>49.6</ele>
    <time>2020-05-02T12:12:01Z</time>
   </trkpt>
   <trkpt lat="51.1122930" lon="-0.5579240">
    <ele>49.8</ele>
    <time>2020-05-02T12:12:03Z</time>
   </trkpt>
   <trkpt lat="51.1123360" lon="-0.5580350">
    <ele>50.0</ele>
    <time>2020-05-02T12:12:05Z</time>
   </trkpt>
   <trkpt lat="51.1123490" lon="-0.5580860">
    <ele>50.1</ele>
    <time>2020-05-02T12:12:06Z</time>
   </trkpt>
   <trkpt lat="51.1123640" lon="-0.5581960">
    <ele>50.2</ele>
    <time>2020-05-02T12:12:08Z</time>
   </trkpt>
   <trkpt lat="51.1123710" lon="-0.5582480">
    <ele>50.3</ele>
    <time>2020-05-02T12:12:09Z</time>
   </trkpt>
   <trkpt lat="51.1123750" lon="-0.5582980">
    <ele>50.4</ele>
    <time>2020-05-02T12:12:10Z</time>
   </trkpt>
   <trkpt lat="51.1124050" lon="-0.5584070">
    <ele>50.6</ele>
    <time>2020-05-02T12:12:12Z</time>
   </trkpt>
   <trkpt lat="51.1124220" lon="-0.5584690">
    <ele>50.6</ele>
    <time>2020-05-02T12:12:13Z</time>
   </trkpt>
   <trkpt lat="51.1124370" lon="-0.5585310">
    <ele>50.7</ele>
    <time>2020-05-02T12:12:14Z</time>
   </trkpt>
   <trkpt lat="51.1124660" lon="-0.5586520">
    <ele>50.8</ele>
    <time>2020-05-02T12:12:16Z</time>
   </trkpt>
   <trkpt lat="51.1124970" lon="-0.5587730">
    <ele>50.8</ele>
    <time>2020-05-02T12:12:18Z</time>
   </trkpt>
   <trkpt lat="51.1125130" lon="-0.5588280">
    <ele>50.9</ele>
    <time>2020-05-02T12:12:19Z</time>
   </trkpt>
   <trkpt lat="51.1125310" lon="-0.5588840">
    <ele>50.9</ele>
    <time>2020-05-02T12:12:20Z</time>
   </trkpt>
   <trkpt lat="51.1125690" lon="-0.5589860">
    <ele>50.9</ele>
    <time>2020-05-02T12:12:22Z</time>
   </trkpt>
   <trkpt lat="51.1126170" lon="-0.5591140">
    <ele>50.9</ele>
    <time>2020-05-02T12:12:24Z</time>
   </trkpt>
   <trkpt lat="51.1126670" lon="-0.5592130">
    <ele>51.0</ele>
    <time>2020-05-02T12:12:26Z</time>
   </trkpt>
   <trkpt lat="51.1127130" lon="-0.5593210">
    <ele>51.0</ele>
    <time>2020-05-02T12:12:28Z</time>
   </trkpt>
   <trkpt lat="51.1127610" lon="-0.5594340">
    <ele>51.1</ele>
    <time>2020-05-02T12:12:30Z</time>
   </trkpt>
   <trkpt lat="51.1128070" lon="-0.5595430">
    <ele>51.2</ele>
    <time>2020-05-02T12:12:32Z</time>
   </trkpt>
   <trkpt lat="51.1128380" lon="-0.5596180">
    <ele>51.3</ele>
    <time>2020-05-02T12:12:33Z</time>
   </trkpt>
   <trkpt lat="51.1128570" lon="-0.5596620">
    <ele>51.4</ele>
    <time>2020-05-02T12:12:34Z</time>
   </trkpt>
   <trkpt lat="51.1129050" lon="-0.5597800">
    <ele>51.5</ele>
    <time>2020-05-02T12:12:36Z</time>
   </trkpt>
   <trkpt lat="51.1129290" lon="-0.5598320">
    <ele>51.6</ele>
    <time>2020-05-02T12:12:37Z</time>
   </trkpt>
   <trkpt lat="51.1129880" lon="-0.5599650">
    <ele>51.7</ele>
    <time>2020-05-02T12:12:39Z</time>
   </trkpt>
   <trkpt lat="51.1130080" lon="-0.5600070">
    <ele>51.7</ele>
    <time>2020-05-02T12:12:40Z</time>
   </trkpt>
   <trkpt lat="51.1130620" lon="-0.5601130">
    <ele>51.7</ele>
    <time>2020-05-02T12:12:42Z</time>
   </trkpt>
   <trkpt lat="51.1131230" lon="-0.5602340">
    <ele>51.8</ele>
    <time>2020-05-02T12:12:44Z</time>
   </trkpt>
   <trkpt lat="51.1131560" lon="-0.5603010">
    <ele>51.8</ele>
    <time>2020-05-02T12:12:45Z</time>
   </trkpt>
   <trkpt lat="51.1131950" lon="-0.5603650">
    <ele>51.8</ele>
    <time>2020-05-02T12:12:46Z</time>
   </trkpt>
   <trkpt lat="51.1132530" lon="-0.5604860">
    <ele>51.8</ele>
    <time>2020-05-02T12:12:48Z</time>
   </trkpt>
   <trkpt lat="51.1133100" lon="-0.5606140">
    <ele>51.8</ele>
    <time>2020-05-02T12:12:50Z</time>
   </trkpt>
   <trkpt lat="51.1133690" lon="-0.5607380">
    <ele>51.8</ele>
    <time>2020-05-02T12:12:52Z</time>
   </trkpt>
   <trkpt lat="51.1133960" lon="-0.5607990">
    <ele>51.9</ele>
    <time>2020-05-02T12:12:53Z</time>
   </trkpt>
   <trkpt lat="51.1134480" lon="-0.5609030">
    <ele>51.9</ele>
    <time>2020-05-02T12:12:55Z</time>
   </trkpt>
   <trkpt lat="51.1134990" lon="-0.5609970">
    <ele>52.0</ele>
    <time>2020-05-02T12:12:57Z</time>
   </trkpt>
   <trkpt lat="51.1135490" lon="-0.5611160">
    <ele>52.0</ele>
    <time>2020-05-02T12:12:59Z</time>
   </trkpt>
   <trkpt lat="51.1136110" lon="-0.5612290">
    <ele>52.0</ele>
    <time>2020-05-02T12:13:01Z</time>
   </trkpt>
   <trkpt lat="51.1136400" lon="-0.5612910">
    <ele>52.1</ele>
    <time>2020-05-02T12:13:02Z</time>
   </trkpt>
   <trkpt lat="51.1136680" lon="-0.5613540">
    <ele>52.1</ele>
    <time>2020-05-02T12:13:03Z</time>
   </trkpt>
   <trkpt lat="51.1137380" lon="-0.5614720">
    <ele>52.1</ele>
    <time>2020-05-02T12:13:05Z</time>
   </trkpt>
   <trkpt lat="51.1138130" lon="-0.5615800">
    <ele>52.1</ele>
    <time>2020-05-02T12:13:07Z</time>
   </trkpt>
   <trkpt lat="51.1138840" lon="-0.5616950">
    <ele>52.1</ele>
    <time>2020-05-02T12:13:09Z</time>
   </trkpt>
   <trkpt lat="51.1139180" lon="-0.5617470">
    <ele>52.1</ele>
    <time>2020-05-02T12:13:10Z</time>
   </trkpt>
   <trkpt lat="51.1139520" lon="-0.5617880">
    <ele>52.2</ele>
    <time>2020-05-02T12:13:11Z</time>
   </trkpt>
   <trkpt lat="51.1140010" lon="-0.5618940">
    <ele>52.2</ele>
    <time>2020-05-02T12:13:13Z</time>
   </trkpt>
   <trkpt lat="51.1140600" lon="-0.5620030">
    <ele>52.2</ele>
    <time>2020-05-02T12:13:15Z</time>
   </trkpt>
   <trkpt lat="51.1141160" lon="-0.5621100">
    <ele>52.2</ele>
    <time>2020-05-02T12:13:17Z</time>
   </trkpt>
   <trkpt lat="51.1141730" lon="-0.5622310">
    <ele>52.2</ele>
    <time>2020-05-02T12:13:19Z</time>
   </trkpt>
   <trkpt lat="51.1142040" lon="-0.5622910">
    <ele>52.2</ele>
    <time>2020-05-02T12:13:20Z</time>
   </trkpt>
   <trkpt lat="51.1142700" lon="-0.5623920">
    <ele>52.2</ele>
    <time>2020-05-02T12:13:22Z</time>
   </trkpt>
   <trkpt lat="51.1142950" lon="-0.5624490">
    <ele>52.2</ele>
    <time>2020-05-02T12:13:23Z</time>
   </trkpt>
   <trkpt lat="51.1143200" lon="-0.5625120">
    <ele>52.3</ele>
    <time>2020-05-02T12:13:24Z</time>
   </trkpt>
   <trkpt lat="51.1143540" lon="-0.5625670">
    <ele>52.3</ele>
    <time>2020-05-02T12:13:25Z</time>
   </trkpt>
   <trkpt lat="51.1143860" lon="-0.5626220">
    <ele>52.3</ele>
    <time>2020-05-02T12:13:26Z</time>
   </trkpt>
   <trkpt lat="51.1144150" lon="-0.5626800">
    <ele>52.3</ele>
    <time>2020-05-02T12:13:27Z</time>
   </trkpt>
   <trkpt lat="51.1144620" lon="-0.5628110">
    <ele>52.3</ele>
    <time>2020-05-02T12:13:29Z</time>
   </trkpt>
   <trkpt lat="51.1144430" lon="-0.5628200">
    <ele>52.3</ele>
    <time>2020-05-02T12:13:30Z</time>
   </trkpt>
   <trkpt lat="51.1144260" lon="-0.5628210">
    <ele>52.3</ele>
    <time>2020-05-02T12:13:32Z</time>
   </trkpt>
   <trkpt lat="51.1144170" lon="-0.5628240">
    <ele>52.3</ele>
    <time>2020-05-02T12:13:34Z</time>
   </trkpt>
   <trkpt lat="51.1144100" lon="-0.5628360">
    <ele>52.3</ele>
    <time>2020-05-02T12:13:36Z</time>
   </trkpt>
   <trkpt lat="51.1143900" lon="-0.5628860">
    <ele>52.3</ele>
    <time>2020-05-02T12:13:38Z</time>
   </trkpt>
   <trkpt lat="51.1143220" lon="-0.5629650">
    <ele>52.3</ele>
    <time>2020-05-02T12:13:40Z</time>
   </trkpt>
   <trkpt lat="51.1142260" lon="-0.5630200">
    <ele>52.3</ele>
    <time>2020-05-02T12:13:42Z</time>
   </trkpt>
   <trkpt lat="51.1141250" lon="-0.5630960">
    <ele>52.4</ele>
    <time>2020-05-02T12:13:44Z</time>
   </trkpt>
   <trkpt lat="51.1140760" lon="-0.5631330">
    <ele>52.4</ele>
    <time>2020-05-02T12:13:45Z</time>
   </trkpt>
   <trkpt lat="51.1139780" lon="-0.5632040">
    <ele>52.5</ele>
    <time>2020-05-02T12:13:47Z</time>
   </trkpt>
   <trkpt lat="51.1138770" lon="-0.5632710">
    <ele>52.5</ele>
    <time>2020-05-02T12:13:49Z</time>
   </trkpt>
   <trkpt lat="51.1137710" lon="-0.5633540">
    <ele>52.5</ele>
    <time>2020-05-02T12:13:51Z</time>
   </trkpt>
   <trkpt lat="51.1137170" lon="-0.5633840">
    <ele>52.5</ele>
    <time>2020-05-02T12:13:52Z</time>
   </trkpt>
   <trkpt lat="51.1136130" lon="-0.5634570">
    <ele>52.5</ele>
    <time>2020-05-02T12:13:54Z</time>
   </trkpt>
   <trkpt lat="51.1135060" lon="-0.5635320">
    <ele>52.5</ele>
    <time>2020-05-02T12:13:56Z</time>
   </trkpt>
   <trkpt lat="51.1134520" lon="-0.5635630">
    <ele>52.5</ele>
    <time>2020-05-02T12:13:57Z</time>
   </trkpt>
   <trkpt lat="51.1133970" lon="-0.5635960">
    <ele>52.5</ele>
    <time>2020-05-02T12:13:58Z</time>
   </trkpt>
   <trkpt lat="51.1132940" lon="-0.5636820">
    <ele>52.5</ele>
    <time>2020-05-02T12:14:00Z</time>
   </trkpt>
   <trkpt lat="51.1131930" lon="-0.5637620">
    <ele>52.5</ele>
    <time>2020-05-02T12:14:02Z</time>
   </trkpt>
   <trkpt lat="51.1131400" lon="-0.5638020">
    <ele>52.5</ele>
    <time>2020-05-02T12:14:03Z</time>
   </trkpt>
   <trkpt lat="51.1130890" lon="-0.5638440">
    <ele>52.5</ele>
    <time>2020-05-02T12:14:04Z</time>
   </trkpt>
   <trkpt lat="51.1129910" lon="-0.5639200">
    <ele>52.4</ele>
    <time>2020-05-02T12:14:06Z</time>
   </trkpt>
   <trkpt lat="51.1129520" lon="-0.5639700">
    <ele>52.4</ele>
    <time>2020-05-02T12:14:07Z</time>
   </trkpt>
   <trkpt lat="51.1129020" lon="-0.5640060">
    <ele>52.4</ele>
    <time>2020-05-02T12:14:08Z</time>
   </trkpt>
   <trkpt lat="51.1128520" lon="-0.5640350">
    <ele>52.4</ele>
    <time>2020-05-02T12:14:09Z</time>
   </trkpt>
   <trkpt lat="51.1127450" lon="-0.5641100">
    <ele>52.4</ele>
    <time>2020-05-02T12:14:11Z</time>
   </trkpt>
   <trkpt lat="51.1126300" lon="-0.5641850">
    <ele>52.4</ele>
    <time>2020-05-02T12:14:13Z</time>
   </trkpt>
   <trkpt lat="51.1125050" lon="-0.5642670">
    <ele>52.4</ele>
    <time>2020-05-02T12:14:15Z</time>
   </trkpt>
   <trkpt lat="51.1124460" lon="-0.5643070">
    <ele>52.4</ele>
    <time>2020-05-02T12:14:16Z</time>
   </trkpt>
   <trkpt lat="51.1123440" lon="-0.5643810">
    <ele>52.4</ele>
    <time>2020-05-02T12:14:18Z</time>
   </trkpt>
   <trkpt lat="51.1122970" lon="-0.5644130">
    <ele>52.3</ele>
    <time>2020-05-02T12:14:19Z</time>
   </trkpt>
   <trkpt lat="51.1122050" lon="-0.5644810">
    <ele>52.3</ele>
    <time>2020-05-02T12:14:21Z</time>
   </trkpt>
   <trkpt lat="51.1121460" lon="-0.5645180">
    <ele>52.3</ele>
    <time>2020-05-02T12:14:22Z</time>
   </trkpt>
   <trkpt lat="51.1120260" lon="-0.5645960">
    <ele>52.3</ele>
    <time>2020-05-02T12:14:24Z</time>
   </trkpt>
   <trkpt lat="51.1119710" lon="-0.5646300">
    <ele>52.3</ele>
    <time>2020-05-02T12:14:25Z</time>
   </trkpt>
   <trkpt lat="51.1119160" lon="-0.5646710">
    <ele>52.3</ele>
    <time>2020-05-02T12:14:26Z</time>
   </trkpt>
   <trkpt lat="51.1118590" lon="-0.5647170">
    <ele>52.2</ele>
    <time>2020-05-02T12:14:27Z</time>
   </trkpt>
   <trkpt lat="51.1117470" lon="-0.5647870">
    <ele>52.2</ele>
    <time>2020-05-02T12:14:29Z</time>
   </trkpt>
   <trkpt lat="51.1116960" lon="-0.5648140">
    <ele>52.2</ele>
    <time>2020-05-02T12:14:30Z</time>
   </trkpt>
   <trkpt lat="51.1116390" lon="-0.5648540">
    <ele>52.2</ele>
    <time>2020-05-02T12:14:31Z</time>
   </trkpt>
   <trkpt lat="51.1115350" lon="-0.5649330">
    <ele>52.2</ele>
    <time>2020-05-02T12:14:33Z</time>
   </trkpt>
   <trkpt lat="51.1114820" lon="-0.5649780">
    <ele>52.2</ele>
    <time>2020-05-02T12:14:34Z</time>
   </trkpt>
   <trkpt lat="51.1113770" lon="-0.5650540">
    <ele>52.1</ele>
    <time>2020-05-02T12:14:36Z</time>
   </trkpt>
   <trkpt lat="51.1112780" lon="-0.5651400">
    <ele>52.1</ele>
    <time>2020-05-02T12:14:38Z</time>
   </trkpt>
   <trkpt lat="51.1111700" lon="-0.5652310">
    <ele>52.1</ele>
    <time>2020-05-02T12:14:40Z</time>
   </trkpt>
   <trkpt lat="51.1111120" lon="-0.5652810">
    <ele>52.1</ele>
    <time>2020-05-02T12:14:41Z</time>
   </trkpt>
   <trkpt lat="51.1110030" lon="-0.5653590">
    <ele>52.0</ele>
    <time>2020-05-02T12:14:43Z</time>
   </trkpt>
   <trkpt lat="51.1108940" lon="-0.5654400">
    <ele>52.0</ele>
    <time>2020-05-02T12:14:45Z</time>
   </trkpt>
   <trkpt lat="51.1108430" lon="-0.5654890">
    <ele>52.0</ele>
    <time>2020-05-02T12:14:46Z</time>
   </trkpt>
   <trkpt lat="51.1107880" lon="-0.5655250">
    <ele>52.0</ele>
    <time>2020-05-02T12:14:47Z</time>
   </trkpt>
   <trkpt lat="51.1106800" lon="-0.5656080">
    <ele>51.9</ele>
    <time>2020-05-02T12:14:49Z</time>
   </trkpt>
   <trkpt lat="51.1106300" lon="-0.5656520">
    <ele>51.8</ele>
    <time>2020-05-02T12:14:50Z</time>
   </trkpt>
   <trkpt lat="51.1105310" lon="-0.5657350">
    <ele>51.6</ele>
    <time>2020-05-02T12:14:52Z</time>
   </trkpt>
   <trkpt lat="51.1104240" lon="-0.5657420">
    <ele>51.5</ele>
    <time>2020-05-02T12:14:54Z</time>
   </trkpt>
   <trkpt lat="51.1103230" lon="-0.5656620">
    <ele>51.6</ele>
    <time>2020-05-02T12:14:56Z</time>
   </trkpt>
   <trkpt lat="51.1102400" lon="-0.5655740">
    <ele>51.7</ele>
    <time>2020-05-02T12:14:58Z</time>
   </trkpt>
   <trkpt lat="51.1101950" lon="-0.5655390">
    <ele>51.7</ele>
    <time>2020-05-02T12:14:59Z</time>
   </trkpt>
   <trkpt lat="51.1101160" lon="-0.5654650">
    <ele>51.8</ele>
    <time>2020-05-02T12:15:01Z</time>
   </trkpt>
   <trkpt lat="51.1100770" lon="-0.5654210">
    <ele>51.8</ele>
    <time>2020-05-02T12:15:02Z</time>
   </trkpt>
   <trkpt lat="51.1100020" lon="-0.5653390">
    <ele>51.8</ele>
    <time>2020-05-02T12:15:04Z</time>
   </trkpt>
   <trkpt lat="51.1099520" lon="-0.5652310">
    <ele>51.8</ele>
    <time>2020-05-02T12:15:06Z</time>
   </trkpt>
   <trkpt lat="51.1099290" lon="-0.5650890">
    <ele>51.8</ele>
    <time>2020-05-02T12:15:08Z</time>
   </trkpt>
   <trkpt lat="51.1099220" lon="-0.5650220">
    <ele>51.8</ele>
    <time>2020-05-02T12:15:09Z</time>
   </trkpt>
   <trkpt lat="51.1099510" lon="-0.5648970">
    <ele>51.7</ele>
    <time>2020-05-02T12:15:11Z</time>
   </trkpt>
   <trkpt lat="51.1099810" lon="-0.5647820">
    <ele>51.7</ele>
    <time>2020-05-02T12:15:13Z</time>
   </trkpt>
   <trkpt lat="51.1099880" lon="-0.5647160">
    <ele>51.7</ele>
    <time>2020-05-02T12:15:14Z</time>
   </trkpt>
   <trkpt lat="51.1100040" lon="-0.5645840">
    <ele>51.6</ele>
    <time>2020-05-02T12:15:16Z</time>
   </trkpt>
   <trkpt lat="51.1100030" lon="-0.5645150">
    <ele>51.6</ele>
    <time>2020-05-02T12:15:17Z</time>
   </trkpt>
   <trkpt lat="51.1100010" lon="-0.5643760">
    <ele>51.5</ele>
    <time>2020-05-02T12:15:19Z</time>
   </trkpt>
   <trkpt lat="51.1099750" lon="-0.5642640">
    <ele>51.4</ele>
    <time>2020-05-02T12:15:21Z</time>
   </trkpt>
   <trkpt lat="51.1099590" lon="-0.5642100">
    <ele>51.4</ele>
    <time>2020-05-02T12:15:22Z</time>
   </trkpt>
   <trkpt lat="51.1099390" lon="-0.5641050">
    <ele>51.3</ele>
    <time>2020-05-02T12:15:24Z</time>
   </trkpt>
   <trkpt lat="51.1099330" lon="-0.5640450">
    <ele>51.2</ele>
    <time>2020-05-02T12:15:26Z</time>
   </trkpt>
   <trkpt lat="51.1099300" lon="-0.5640370">
    <ele>51.2</ele>
    <time>2020-05-02T12:15:27Z</time>
   </trkpt>
   <trkpt lat="51.1098880" lon="-0.5640440">
    <ele>51.1</ele>
    <time>2020-05-02T12:15:29Z</time>
   </trkpt>
   <trkpt lat="51.1098650" lon="-0.5641710">
    <ele>51.0</ele>
    <time>2020-05-02T12:15:31Z</time>
   </trkpt>
   <trkpt lat="51.1098860" lon="-0.5642040">
    <ele>50.9</ele>
    <time>2020-05-02T12:15:32Z</time>
   </trkpt>
   <trkpt lat="51.1099310" lon="-0.5642810">
    <ele>51.0</ele>
    <time>2020-05-02T12:15:34Z</time>
   </trkpt>
   <trkpt lat="51.1099710" lon="-0.5644230">
    <ele>51.2</ele>
    <time>2020-05-02T12:15:36Z</time>
   </trkpt>
   <trkpt lat="51.1099850" lon="-0.5644720">
    <ele>51.3</ele>
    <time>2020-05-02T12:15:37Z</time>
   </trkpt>
   <trkpt lat="51.1100040" lon="-0.5645690">
    <ele>51.4</ele>
    <time>2020-05-02T12:15:39Z</time>
   </trkpt>
   <trkpt lat="51.1099850" lon="-0.5646590">
    <ele>51.5</ele>
    <time>2020-05-02T12:15:40Z</time>
   </trkpt>
   <trkpt lat="51.1099370" lon="-0.5648410">
    <ele>51.6</ele>
    <time>2020-05-02T12:15:42Z</time>
   </trkpt>
   <trkpt lat="51.1099110" lon="-0.5649240">
    <ele>51.7</ele>
    <time>2020-05-02T12:15:43Z</time>
   </trkpt>
   <trkpt lat="51.1098910" lon="-0.5650680">
    <ele>51.7</ele>
    <time>2020-05-02T12:15:45Z</time>
   </trkpt>
   <trkpt lat="51.1099140" lon="-0.5652280">
    <ele>51.8</ele>
    <time>2020-05-02T12:15:47Z</time>
   </trkpt>
   <trkpt lat="51.1099390" lon="-0.5653030">
    <ele>51.8</ele>
    <time>2020-05-02T12:15:48Z</time>
   </trkpt>
   <trkpt lat="51.1100070" lon="-0.5654220">
    <ele>51.8</ele>
    <time>2020-05-02T12:15:50Z</time>
   </trkpt>
   <trkpt lat="51.1100830" lon="-0.5655170">
    <ele>51.8</ele>
    <time>2020-05-02T12:15:52Z</time>
   </trkpt>
   <trkpt lat="51.1101570" lon="-0.5656020">
    <ele>51.8</ele>
    <time>2020-05-02T12:15:54Z</time>
   </trkpt>
   <trkpt lat="51.1102280" lon="-0.5656710">
    <ele>51.7</ele>
    <time>2020-05-02T12:15:56Z</time>
   </trkpt>
   <trkpt lat="51.1102630" lon="-0.5657030">
    <ele>51.7</ele>
    <time>2020-05-02T12:15:57Z</time>
   </trkpt>
   <trkpt lat="51.1103370" lon="-0.5657590">
    <ele>51.6</ele>
    <time>2020-05-02T12:15:59Z</time>
   </trkpt>
   <trkpt lat="51.1103690" lon="-0.5657850">
    <ele>51.6</ele>
    <time>2020-05-02T12:16:00Z</time>
   </trkpt>
   <trkpt lat="51.1104150" lon="-0.5658440">
    <ele>51.5</ele>
    <time>2020-05-02T12:16:02Z</time>
   </trkpt>
   <trkpt lat="51.1104690" lon="-0.5658550">
    <ele>51.6</ele>
    <time>2020-05-02T12:16:04Z</time>
   </trkpt>
   <trkpt lat="51.1105040" lon="-0.5658360">
    <ele>51.6</ele>
    <time>2020-05-02T12:16:05Z</time>
   </trkpt>
   <trkpt lat="51.1105380" lon="-0.5657980">
    <ele>51.7</ele>
    <time>2020-05-02T12:16:06Z</time>
   </trkpt>
   <trkpt lat="51.1105640" lon="-0.5657680">
    <ele>51.7</ele>
    <time>2020-05-02T12:16:07Z</time>
   </trkpt>
   <trkpt lat="51.1106550" lon="-0.5656980">
    <ele>51.9</ele>
    <time>2020-05-02T12:16:09Z</time>
   </trkpt>
   <trkpt lat="51.1107120" lon="-0.5656450">
    <ele>51.9</ele>
    <time>2020-05-02T12:16:10Z</time>
   </trkpt>
   <trkpt lat="51.1107630" lon="-0.5655920">
    <ele>52.0</ele>
    <time>2020-05-02T12:16:11Z</time>
   </trkpt>
   <trkpt lat="51.1108720" lon="-0.5655140">
    <ele>52.0</ele>
    <time>2020-05-02T12:16:13Z</time>
   </trkpt>
   <trkpt lat="51.1109870" lon="-0.5654320">
    <ele>52.0</ele>
    <time>2020-05-02T12:16:15Z</time>
   </trkpt>
   <trkpt lat="51.1111010" lon="-0.5653550">
    <ele>52.1</ele>
    <time>2020-05-02T12:16:17Z</time>
   </trkpt>
   <trkpt lat="51.1112200" lon="-0.5652690">
    <ele>52.1</ele>
    <time>2020-05-02T12:16:19Z</time>
   </trkpt>
   <trkpt lat="51.1112820" lon="-0.5652210">
    <ele>52.1</ele>
    <time>2020-05-02T12:16:20Z</time>
   </trkpt>
   <trkpt lat="51.1113880" lon="-0.5651320">
    <ele>52.1</ele>
    <time>2020-05-02T12:16:22Z</time>
   </trkpt>
   <trkpt lat="51.1115040" lon="-0.5650420">
    <ele>52.2</ele>
    <time>2020-05-02T12:16:24Z</time>
   </trkpt>
   <trkpt lat="51.1115610" lon="-0.5649940">
    <ele>52.2</ele>
    <time>2020-05-02T12:16:25Z</time>
   </trkpt>
   <trkpt lat="51.1116120" lon="-0.5649440">
    <ele>52.2</ele>
    <time>2020-05-02T12:16:26Z</time>
   </trkpt>
   <trkpt lat="51.1117220" lon="-0.5648440">
    <ele>52.2</ele>
    <time>2020-05-02T12:16:28Z</time>
   </trkpt>
   <trkpt lat="51.1117740" lon="-0.5648070">
    <ele>52.2</ele>
    <time>2020-05-02T12:16:29Z</time>
   </trkpt>
   <trkpt lat="51.1118430" lon="-0.5647670">
    <ele>52.2</ele>
    <time>2020-05-02T12:16:30Z</time>
   </trkpt>
   <trkpt lat="51.1119640" lon="-0.5646740">
    <ele>52.3</ele>
    <time>2020-05-02T12:16:32Z</time>
   </trkpt>
   <trkpt lat="51.1120880" lon="-0.5646040">
    <ele>52.3</ele>
    <time>2020-05-02T12:16:34Z</time>
   </trkpt>
   <trkpt lat="51.1122150" lon="-0.5645330">
    <ele>52.3</ele>
    <time>2020-05-02T12:16:36Z</time>
   </trkpt>
   <trkpt lat="51.1123410" lon="-0.5644590">
    <ele>52.4</ele>
    <time>2020-05-02T12:16:38Z</time>
   </trkpt>
   <trkpt lat="51.1124570" lon="-0.5643860">
    <ele>52.4</ele>
    <time>2020-05-02T12:16:40Z</time>
   </trkpt>
   <trkpt lat="51.1125700" lon="-0.5643110">
    <ele>52.4</ele>
    <time>2020-05-02T12:16:42Z</time>
   </trkpt>
   <trkpt lat="51.1126840" lon="-0.5642140">
    <ele>52.4</ele>
    <time>2020-05-02T12:16:44Z</time>
   </trkpt>
   <trkpt lat="51.1127410" lon="-0.5641760">
    <ele>52.4</ele>
    <time>2020-05-02T12:16:45Z</time>
   </trkpt>
   <trkpt lat="51.1127990" lon="-0.5641440">
    <ele>52.4</ele>
    <time>2020-05-02T12:16:46Z</time>
   </trkpt>
   <trkpt lat="51.1128540" lon="-0.5641040">
    <ele>52.4</ele>
    <time>2020-05-02T12:16:47Z</time>
   </trkpt>
   <trkpt lat="51.1129680" lon="-0.5640140">
    <ele>52.4</ele>
    <time>2020-05-02T12:16:49Z</time>
   </trkpt>
   <trkpt lat="51.1130880" lon="-0.5639420">
    <ele>52.5</ele>
    <time>2020-05-02T12:16:51Z</time>
   </trkpt>
   <trkpt lat="51.1131410" lon="-0.5639010">
    <ele>52.5</ele>
    <time>2020-05-02T12:16:52Z</time>
   </trkpt>
   <trkpt lat="51.1132570" lon="-0.5638100">
    <ele>52.5</ele>
    <time>2020-05-02T12:16:54Z</time>
   </trkpt>
   <trkpt lat="51.1133160" lon="-0.5637620">
    <ele>52.5</ele>
    <time>2020-05-02T12:16:55Z</time>
   </trkpt>
   <trkpt lat="51.1134300" lon="-0.5636700">
    <ele>52.5</ele>
    <time>2020-05-02T12:16:57Z</time>
   </trkpt>
   <trkpt lat="51.1135400" lon="-0.5635830">
    <ele>52.5</ele>
    <time>2020-05-02T12:16:59Z</time>
   </trkpt>
   <trkpt lat="51.1136610" lon="-0.5634990">
    <ele>52.5</ele>
    <time>2020-05-02T12:17:01Z</time>
   </trkpt>
   <trkpt lat="51.1137860" lon="-0.5634200">
    <ele>52.5</ele>
    <time>2020-05-02T12:17:03Z</time>
   </trkpt>
   <trkpt lat="51.1139210" lon="-0.5633130">
    <ele>52.5</ele>
    <time>2020-05-02T12:17:05Z</time>
   </trkpt>
   <trkpt lat="51.1140760" lon="-0.5631790">
    <ele>52.4</ele>
    <time>2020-05-02T12:17:07Z</time>
   </trkpt>
   <trkpt lat="51.1141600" lon="-0.5631190">
    <ele>52.4</ele>
    <time>2020-05-02T12:17:08Z</time>
   </trkpt>
   <trkpt lat="51.1142430" lon="-0.5630680">
    <ele>52.3</ele>
    <time>2020-05-02T12:17:09Z</time>
   </trkpt>
   <trkpt lat="51.1144040" lon="-0.5629480">
    <ele>52.3</ele>
    <time>2020-05-02T12:17:11Z</time>
   </trkpt>
   <trkpt lat="51.1144830" lon="-0.5628810">
    <ele>52.3</ele>
    <time>2020-05-02T12:17:12Z</time>
   </trkpt>
   <trkpt lat="51.1146430" lon="-0.5627690">
    <ele>52.3</ele>
    <time>2020-05-02T12:17:14Z</time>
   </trkpt>
   <trkpt lat="51.1148180" lon="-0.5626650">
    <ele>52.3</ele>
    <time>2020-05-02T12:17:16Z</time>
   </trkpt>
   <trkpt lat="51.1149820" lon="-0.5625620">
    <ele>52.3</ele>
    <time>2020-05-02T12:17:18Z</time>
   </trkpt>
   <trkpt lat="51.1150640" lon="-0.5625220">
    <ele>52.3</ele>
    <time>2020-05-02T12:17:19Z</time>
   </trkpt>
   <trkpt lat="51.1151490" lon="-0.5624800">
    <ele>52.3</ele>
    <time>2020-05-02T12:17:20Z</time>
   </trkpt>
   <trkpt lat="51.1153130" lon="-0.5624140">
    <ele>52.3</ele>
    <time>2020-05-02T12:17:22Z</time>
   </trkpt>
   <trkpt lat="51.1154010" lon="-0.5623880">
    <ele>52.2</ele>
    <time>2020-05-02T12:17:23Z</time>
   </trkpt>
   <trkpt lat="51.1155750" lon="-0.5623630">
    <ele>52.2</ele>
    <time>2020-05-02T12:17:25Z</time>
   </trkpt>
   <trkpt lat="51.1156590" lon="-0.5623570">
    <ele>52.2</ele>
    <time>2020-05-02T12:17:26Z</time>
   </trkpt>
   <trkpt lat="51.1158320" lon="-0.5623630">
    <ele>52.2</ele>
    <time>2020-05-02T12:17:28Z</time>
   </trkpt>
   <trkpt lat="51.1159200" lon="-0.5623830">
    <ele>52.2</ele>
    <time>2020-05-02T12:17:29Z</time>
   </trkpt>
   <trkpt lat="51.1160910" lon="-0.5624370">
    <ele>52.3</ele>
    <time>2020-05-02T12:17:31Z</time>
   </trkpt>
   <trkpt lat="51.1161760" lon="-0.5624640">
    <ele>52.3</ele>
    <time>2020-05-02T12:17:32Z</time>
   </trkpt>
   <trkpt lat="51.1163350" lon="-0.5625460">
    <ele>52.3</ele>
    <time>2020-05-02T12:17:34Z</time>
   </trkpt>
   <trkpt lat="51.1164120" lon="-0.5625860">
    <ele>52.3</ele>
    <time>2020-05-02T12:17:35Z</time>
   </trkpt>
   <trkpt lat="51.1165580" lon="-0.5626730">
    <ele>52.4</ele>
    <time>2020-05-02T12:17:37Z</time>
   </trkpt>
   <trkpt lat="51.1167060" lon="-0.5627640">
    <ele>52.4</ele>
    <time>2020-05-02T12:17:39Z</time>
   </trkpt>
   <trkpt lat="51.1168530" lon="-0.5628460">
    <ele>52.5</ele>
    <time>2020-05-02T12:17:41Z</time>
   </trkpt>
   <trkpt lat="51.1169250" lon="-0.5628900">
    <ele>52.5</ele>
    <time>2020-05-02T12:17:42Z</time>
   </trkpt>
   <trkpt lat="51.1170660" lon="-0.5629730">
    <ele>52.6</ele>
    <time>2020-05-02T12:17:44Z</time>
   </trkpt>
   <trkpt lat="51.1172060" lon="-0.5630480">
    <ele>52.6</ele>
    <time>2020-05-02T12:17:46Z</time>
   </trkpt>
   <trkpt lat="51.1173400" lon="-0.5631230">
    <ele>52.7</ele>
    <time>2020-05-02T12:17:48Z</time>
   </trkpt>
   <trkpt lat="51.1174750" lon="-0.5631900">
    <ele>52.8</ele>
    <time>2020-05-02T12:17:50Z</time>
   </trkpt>
   <trkpt lat="51.1175390" lon="-0.5632230">
    <ele>52.8</ele>
    <time>2020-05-02T12:17:51Z</time>
   </trkpt>
   <trkpt lat="51.1176640" lon="-0.5632930">
    <ele>52.9</ele>
    <time>2020-05-02T12:17:53Z</time>
   </trkpt>
   <trkpt lat="51.1177300" lon="-0.5633200">
    <ele>52.9</ele>
    <time>2020-05-02T12:17:54Z</time>
   </trkpt>
   <trkpt lat="51.1178610" lon="-0.5633600">
    <ele>53.0</ele>
    <time>2020-05-02T12:17:56Z</time>
   </trkpt>
   <trkpt lat="51.1179250" lon="-0.5633750">
    <ele>53.0</ele>
    <time>2020-05-02T12:17:57Z</time>
   </trkpt>
   <trkpt lat="51.1180610" lon="-0.5633960">
    <ele>53.1</ele>
    <time>2020-05-02T12:17:59Z</time>
   </trkpt>
   <trkpt lat="51.1181290" lon="-0.5634100">
    <ele>53.1</ele>
    <time>2020-05-02T12:18:00Z</time>
   </trkpt>
   <trkpt lat="51.1182630" lon="-0.5634380">
    <ele>53.1</ele>
    <time>2020-05-02T12:18:02Z</time>
   </trkpt>
   <trkpt lat="51.1183300" lon="-0.5634480">
    <ele>53.2</ele>
    <time>2020-05-02T12:18:03Z</time>
   </trkpt>
   <trkpt lat="51.1183950" lon="-0.5634590">
    <ele>53.2</ele>
    <time>2020-05-02T12:18:04Z</time>
   </trkpt>
   <trkpt lat="51.1185180" lon="-0.5634800">
    <ele>53.3</ele>
    <time>2020-05-02T12:18:06Z</time>
   </trkpt>
   <trkpt lat="51.1185790" lon="-0.5634850">
    <ele>53.3</ele>
    <time>2020-05-02T12:18:07Z</time>
   </trkpt>
   <trkpt lat="51.1186410" lon="-0.5634910">
    <ele>53.4</ele>
    <time>2020-05-02T12:18:08Z</time>
   </trkpt>
   <trkpt lat="51.1187600" lon="-0.5635090">
    <ele>53.5</ele>
    <time>2020-05-02T12:18:10Z</time>
   </trkpt>
   <trkpt lat="51.1188130" lon="-0.5635100">
    <ele>53.6</ele>
    <time>2020-05-02T12:18:11Z</time>
   </trkpt>
   <trkpt lat="51.1189200" lon="-0.5635230">
    <ele>53.7</ele>
    <time>2020-05-02T12:18:13Z</time>
   </trkpt>
   <trkpt lat="51.1190340" lon="-0.5635500">
    <ele>53.7</ele>
    <time>2020-05-02T12:18:15Z</time>
   </trkpt>
   <trkpt lat="51.1191430" lon="-0.5635640">
    <ele>53.7</ele>
    <time>2020-05-02T12:18:17Z</time>
   </trkpt>
   <trkpt lat="51.1191970" lon="-0.5635620">
    <ele>53.7</ele>
    <time>2020-05-02T12:18:18Z</time>
   </trkpt>
   <trkpt lat="51.1192460" lon="-0.5635720">
    <ele>53.7</ele>
    <time>2020-05-02T12:18:19Z</time>
   </trkpt>
   <trkpt lat="51.1193100" lon="-0.5636510">
    <ele>53.7</ele>
    <time>2020-05-02T12:18:21Z</time>
   </trkpt>
   <trkpt lat="51.1193240" lon="-0.5637220">
    <ele>53.7</ele>
    <time>2020-05-02T12:18:22Z</time>
   </trkpt>
   <trkpt lat="51.1193150" lon="-0.5637950">
    <ele>53.7</ele>
    <time>2020-05-02T12:18:23Z</time>
   </trkpt>
   <trkpt lat="51.1192960" lon="-0.5638590">
    <ele>53.7</ele>
    <time>2020-05-02T12:18:24Z</time>
   </trkpt>
   <trkpt lat="51.1192610" lon="-0.5640250">
    <ele>53.7</ele>
    <time>2020-05-02T12:18:26Z</time>
   </trkpt>
   <trkpt lat="51.1192410" lon="-0.5640930">
    <ele>53.7</ele>
    <time>2020-05-02T12:18:27Z</time>
   </trkpt>
   <trkpt lat="51.1192210" lon="-0.5641660">
    <ele>53.7</ele>
    <time>2020-05-02T12:18:28Z</time>
   </trkpt>
   <trkpt lat="51.1192060" lon="-0.5642530">
    <ele>53.7</ele>
    <time>2020-05-02T12:18:29Z</time>
   </trkpt>
   <trkpt lat="51.1191840" lon="-0.5644320">
    <ele>53.8</ele>
    <time>2020-05-02T12:18:31Z</time>
   </trkpt>
   <trkpt lat="51.1191550" lon="-0.5646040">
    <ele>53.8</ele>
    <time>2020-05-02T12:18:33Z</time>
   </trkpt>
   <trkpt lat="51.1191430" lon="-0.5646890">
    <ele>53.8</ele>
    <time>2020-05-02T12:18:34Z</time>
   </trkpt>
   <trkpt lat="51.1191280" lon="-0.5647770">
    <ele>53.9</ele>
    <time>2020-05-02T12:18:35Z</time>
   </trkpt>
   <trkpt lat="51.1190970" lon="-0.5649570">
    <ele>53.9</ele>
    <time>2020-05-02T12:18:37Z</time>
   </trkpt>
   <trkpt lat="51.1190660" lon="-0.5651430">
    <ele>54.0</ele>
    <time>2020-05-02T12:18:39Z</time>
   </trkpt>
   <trkpt lat="51.1190530" lon="-0.5652370">
    <ele>54.0</ele>
    <time>2020-05-02T12:18:40Z</time>
   </trkpt>
   <trkpt lat="51.1190140" lon="-0.5654200">
    <ele>54.1</ele>
    <time>2020-05-02T12:18:42Z</time>
   </trkpt>
   <trkpt lat="51.1189730" lon="-0.5656080">
    <ele>54.2</ele>
    <time>2020-05-02T12:18:44Z</time>
   </trkpt>
   <trkpt lat="51.1189300" lon="-0.5657910">
    <ele>54.3</ele>
    <time>2020-05-02T12:18:46Z</time>
   </trkpt>
   <trkpt lat="51.1188750" lon="-0.5659520">
    <ele>54.3</ele>
    <time>2020-05-02T12:18:48Z</time>
   </trkpt>
   <trkpt lat="51.1188490" lon="-0.5660330">
    <ele>54.3</ele>
    <time>2020-05-02T12:18:49Z</time>
   </trkpt>
   <trkpt lat="51.1188200" lon="-0.5661090">
    <ele>54.3</ele>
    <time>2020-05-02T12:18:50Z</time>
   </trkpt>
   <trkpt lat="51.1187670" lon="-0.5662640">
    <ele>54.4</ele>
    <time>2020-05-02T12:18:52Z</time>
   </trkpt>
   <trkpt lat="51.1187350" lon="-0.5663320">
    <ele>54.4</ele>
    <time>2020-05-02T12:18:53Z</time>
   </trkpt>
   <trkpt lat="51.1186750" lon="-0.5664670">
    <ele>54.3</ele>
    <time>2020-05-02T12:18:55Z</time>
   </trkpt>
   <trkpt lat="51.1186210" lon="-0.5666100">
    <ele>54.3</ele>
    <time>2020-05-02T12:18:57Z</time>
   </trkpt>
   <trkpt lat="51.1185620" lon="-0.5667720">
    <ele>53.7</ele>
    <time>2020-05-02T12:18:59Z</time>
   </trkpt>
   <trkpt lat="51.1185290" lon="-0.5668610">
    <ele>53.4</ele>
    <time>2020-05-02T12:19:00Z</time>
   </trkpt>
   <trkpt lat="51.1184680" lon="-0.5670560">
    <ele>52.8</ele>
    <time>2020-05-02T12:19:02Z</time>
   </trkpt>
   <trkpt lat="51.1184350" lon="-0.5671610">
    <ele>52.3</ele>
    <time>2020-05-02T12:19:03Z</time>
   </trkpt>
   <trkpt lat="51.1183930" lon="-0.5672750">
    <ele>51.7</ele>
    <time>2020-05-02T12:19:04Z</time>
   </trkpt>
   <trkpt lat="51.1183240" lon="-0.5675110">
    <ele>50.1</ele>
    <time>2020-05-02T12:19:06Z</time>
   </trkpt>
   <trkpt lat="51.1182520" lon="-0.5677390">
    <ele>48.5</ele>
    <time>2020-05-02T12:19:08Z</time>
   </trkpt>
   <trkpt lat="51.1182090" lon="-0.5678630">
    <ele>47.6</ele>
    <time>2020-05-02T12:19:09Z</time>
   </trkpt>
   <trkpt lat="51.1181390" lon="-0.5681200">
    <ele>45.8</ele>
    <time>2020-05-02T12:19:11Z</time>
   </trkpt>
   <trkpt lat="51.1180790" lon="-0.5683610">
    <ele>44.1</ele>
    <time>2020-05-02T12:19:13Z</time>
   </trkpt>
   <trkpt lat="51.1180490" lon="-0.5684910">
    <ele>43.2</ele>
    <time>2020-05-02T12:19:14Z</time>
   </trkpt>
   <trkpt lat="51.1180230" lon="-0.5686170">
    <ele>42.3</ele>
    <time>2020-05-02T12:19:15Z</time>
   </trkpt>
   <trkpt lat="51.1179880" lon="-0.5688420">
    <ele>40.8</ele>
    <time>2020-05-02T12:19:17Z</time>
   </trkpt>
   <trkpt lat="51.1179570" lon="-0.5690920">
    <ele>39.5</ele>
    <time>2020-05-02T12:19:19Z</time>
   </trkpt>
   <trkpt lat="51.1179370" lon="-0.5692120">
    <ele>39.2</ele>
    <time>2020-05-02T12:19:20Z</time>
   </trkpt>
   <trkpt lat="51.1179490" lon="-0.5694520">
    <ele>38.9</ele>
    <time>2020-05-02T12:19:22Z</time>
   </trkpt>
   <trkpt lat="51.1179690" lon="-0.5695770">
    <ele>38.7</ele>
    <time>2020-05-02T12:19:23Z</time>
   </trkpt>
   <trkpt lat="51.1180400" lon="-0.5697860">
    <ele>38.4</ele>
    <time>2020-05-02T12:19:25Z</time>
   </trkpt>
   <trkpt lat="51.1181060" lon="-0.5699580">
    <ele>38.3</ele>
    <time>2020-05-02T12:19:27Z</time>
   </trkpt>
   <trkpt lat="51.1181190" lon="-0.5700370">
    <ele>38.3</ele>
    <time>2020-05-02T12:19:28Z</time>
   </trkpt>
   <trkpt lat="51.1180860" lon="-0.5701880">
    <ele>38.2</ele>
    <time>2020-05-02T12:19:30Z</time>
   </trkpt>
   <trkpt lat="51.1180480" lon="-0.5702460">
    <ele>38.2</ele>
    <time>2020-05-02T12:19:31Z</time>
   </trkpt>
   <trkpt lat="51.1179750" lon="-0.5703870">
    <ele>38.1</ele>
    <time>2020-05-02T12:19:33Z</time>
   </trkpt>
   <trkpt lat="51.1179130" lon="-0.5705440">
    <ele>38.1</ele>
    <time>2020-05-02T12:19:35Z</time>
   </trkpt>
   <trkpt lat="51.1178920" lon="-0.5706120">
    <ele>38.1</ele>
    <time>2020-05-02T12:19:36Z</time>
   </trkpt>
   <trkpt lat="51.1178290" lon="-0.5707550">
    <ele>38.2</ele>
    <time>2020-05-02T12:19:38Z</time>
   </trkpt>
   <trkpt lat="51.1178070" lon="-0.5708220">
    <ele>38.2</ele>
    <time>2020-05-02T12:19:39Z</time>
   </trkpt>
   <trkpt lat="51.1177700" lon="-0.5709350">
    <ele>38.1</ele>
    <time>2020-05-02T12:19:41Z</time>
   </trkpt>
   <trkpt lat="51.1177210" lon="-0.5710800">
    <ele>38.0</ele>
    <time>2020-05-02T12:19:43Z</time>
   </trkpt>
   <trkpt lat="51.1177020" lon="-0.5711460">
    <ele>37.9</ele>
    <time>2020-05-02T12:19:44Z</time>
   </trkpt>
   <trkpt lat="51.1176240" lon="-0.5712680">
    <ele>37.7</ele>
    <time>2020-05-02T12:19:46Z</time>
   </trkpt>
   <trkpt lat="51.1175370" lon="-0.5713950">
    <ele>37.8</ele>
    <time>2020-05-02T12:19:48Z</time>
   </trkpt>
   <trkpt lat="51.1175010" lon="-0.5716110">
    <ele>38.4</ele>
    <time>2020-05-02T12:19:50Z</time>
   </trkpt>
   <trkpt lat="51.1174800" lon="-0.5718350">
    <ele>39.4</ele>
    <time>2020-05-02T12:19:52Z</time>
   </trkpt>
   <trkpt lat="51.1174770" lon="-0.5720390">
    <ele>40.5</ele>
    <time>2020-05-02T12:19:54Z</time>
   </trkpt>
   <trkpt lat="51.1174700" lon="-0.5722070">
    <ele>41.5</ele>
    <time>2020-05-02T12:19:56Z</time>
   </trkpt>
   <trkpt lat="51.1174740" lon="-0.5722770">
    <ele>41.9</ele>
    <time>2020-05-02T12:19:57Z</time>
   </trkpt>
   <trkpt lat="51.1174860" lon="-0.5723600">
    <ele>42.4</ele>
    <time>2020-05-02T12:19:58Z</time>
   </trkpt>
   <trkpt lat="51.1175330" lon="-0.5725230">
    <ele>43.4</ele>
    <time>2020-05-02T12:20:00Z</time>
   </trkpt>
   <trkpt lat="51.1175490" lon="-0.5725870">
    <ele>43.8</ele>
    <time>2020-05-02T12:20:01Z</time>
   </trkpt>
   <trkpt lat="51.1175750" lon="-0.5726660">
    <ele>44.3</ele>
    <time>2020-05-02T12:20:02Z</time>
   </trkpt>
   <trkpt lat="51.1175970" lon="-0.5727320">
    <ele>44.7</ele>
    <time>2020-05-02T12:20:03Z</time>
   </trkpt>
   <trkpt lat="51.1176220" lon="-0.5727850">
    <ele>45.1</ele>
    <time>2020-05-02T12:20:04Z</time>
   </trkpt>
   <trkpt lat="51.1176740" lon="-0.5728860">
    <ele>45.8</ele>
    <time>2020-05-02T12:20:06Z</time>
   </trkpt>
   <trkpt lat="51.1176950" lon="-0.5729330">
    <ele>46.1</ele>
    <time>2020-05-02T12:20:07Z</time>
   </trkpt>
   <trkpt lat="51.1177090" lon="-0.5729470">
    <ele>46.3</ele>
    <time>2020-05-02T12:20:08Z</time>
   </trkpt>
   <trkpt lat="51.1177100" lon="-0.5729490">
    <ele>46.3</ele>
    <time>2020-05-02T12:20:09Z</time>
   </trkpt>
   <trkpt lat="51.1177700" lon="-0.5730950">
    <ele>47.1</ele>
    <time>2020-05-02T12:20:11Z</time>
   </trkpt>
   <trkpt lat="51.1178190" lon="-0.5732280">
    <ele>47.5</ele>
    <time>2020-05-02T12:20:12Z</time>
   </trkpt>
   <trkpt lat="51.1177900" lon="-0.5732010">
    <ele>47.7</ele>
    <time>2020-05-02T12:20:14Z</time>
   </trkpt>
   <trkpt lat="51.1177810" lon="-0.5731910">
    <ele>47.7</ele>
    <time>2020-05-02T12:20:15Z</time>
   </trkpt>
   <trkpt lat="51.1177890" lon="-0.5732030">
    <ele>47.8</ele>
    <time>2020-05-02T12:20:17Z</time>
   </trkpt>
   <trkpt lat="51.1178080" lon="-0.5732130">
    <ele>47.8</ele>
    <time>2020-05-02T12:20:18Z</time>
   </trkpt>
   <trkpt lat="51.1178880" lon="-0.5735050">
    <ele>48.3</ele>
    <time>2020-05-02T12:20:20Z</time>
   </trkpt>
   <trkpt lat="51.1179120" lon="-0.5736050">
    <ele>48.4</ele>
    <time>2020-05-02T12:20:21Z</time>
   </trkpt>
   <trkpt lat="51.1179680" lon="-0.5737820">
    <ele>48.6</ele>
    <time>2020-05-02T12:20:23Z</time>
   </trkpt>
   <trkpt lat="51.1180080" lon="-0.5738620">
    <ele>48.7</ele>
    <time>2020-05-02T12:20:24Z</time>
   </trkpt>
   <trkpt lat="51.1180900" lon="-0.5740110">
    <ele>49.4</ele>
    <time>2020-05-02T12:20:25Z</time>
   </trkpt>
   <trkpt lat="51.1181500" lon="-0.5740790">
    <ele>49.8</ele>
    <time>2020-05-02T12:20:26Z</time>
   </trkpt>
   <trkpt lat="51.1182460" lon="-0.5741060">
    <ele>50.0</ele>
    <time>2020-05-02T12:20:28Z</time>
   </trkpt>
   <trkpt lat="51.1183130" lon="-0.5740350">
    <ele>50.1</ele>
    <time>2020-05-02T12:20:30Z</time>
   </trkpt>
   <trkpt lat="51.1183370" lon="-0.5739870">
    <ele>50.2</ele>
    <time>2020-05-02T12:20:31Z</time>
   </trkpt>
   <trkpt lat="51.1183780" lon="-0.5738860">
    <ele>50.3</ele>
    <time>2020-05-02T12:20:33Z</time>
   </trkpt>
   <trkpt lat="51.1184070" lon="-0.5738110">
    <ele>50.4</ele>
    <time>2020-05-02T12:20:35Z</time>
   </trkpt>
   <trkpt lat="51.1184330" lon="-0.5737490">
    <ele>50.5</ele>
    <time>2020-05-02T12:20:37Z</time>
   </trkpt>
   <trkpt lat="51.1184660" lon="-0.5736790">
    <ele>50.6</ele>
    <time>2020-05-02T12:20:39Z</time>
   </trkpt>
   <trkpt lat="51.1184990" lon="-0.5736430">
    <ele>50.7</ele>
    <time>2020-05-02T12:20:41Z</time>
   </trkpt>
   <trkpt lat="51.1185090" lon="-0.5736720">
    <ele>50.7</ele>
    <time>2020-05-02T12:20:42Z</time>
   </trkpt>
   <trkpt lat="51.1185160" lon="-0.5736870">
    <ele>50.7</ele>
    <time>2020-05-02T12:20:43Z</time>
   </trkpt>
   <trkpt lat="51.1185240" lon="-0.5737010">
    <ele>50.8</ele>
    <time>2020-05-02T12:20:44Z</time>
   </trkpt>
   <trkpt lat="51.1185270" lon="-0.5737410">
    <ele>50.8</ele>
    <time>2020-05-02T12:20:46Z</time>
   </trkpt>
   <trkpt lat="51.1185250" lon="-0.5737440">
    <ele>50.8</ele>
    <time>2020-05-02T12:20:47Z</time>
   </trkpt>
   <trkpt lat="51.1185140" lon="-0.5737520">
    <ele>50.8</ele>
    <time>2020-05-02T12:20:49Z</time>
   </trkpt>
   <trkpt lat="51.1185040" lon="-0.5737610">
    <ele>50.8</ele>
    <time>2020-05-02T12:20:51Z</time>
   </trkpt>
   <trkpt lat="51.1184990" lon="-0.5737640">
    <ele>50.8</ele>
    <time>2020-05-02T12:20:52Z</time>
   </trkpt>
   <trkpt lat="51.1184960" lon="-0.5737670">
    <ele>50.9</ele>
    <time>2020-05-02T12:20:53Z</time>
   </trkpt>
   <trkpt lat="51.1184930" lon="-0.5737710">
    <ele>50.9</ele>
    <time>2020-05-02T12:20:55Z</time>
   </trkpt>
  </trkseg>
 </trk>
</gpx>
