<?xml version="1.0" encoding="UTF-8"?>
<gpx creator="StravaGPX" version="1.1" xmlns="http://www.topografix.com/GPX/1/1" xmlns:xsi="http://www.w3.org/2001/XMLSchema-instance" xsi:schemaLocation="http://www.topografix.com/GPX/1/1 http://www.topografix.com/GPX/1/1/gpx.xsd">
 <metadata>
  <time>2020-06-20T10:53:15Z</time>
 </metadata>
 <trk>
  <name>Weekend trundle</name>
  <type>cycling</type>
  <trkseg>
   <trkpt lat="51.1184830" lon="-0.5738340">
    <ele>51.6</ele>
    <time>2020-06-20T10:53:15Z</time>
   </trkpt>
   <trkpt lat="51.1184940" lon="-0.5737690">
    <ele>51.7</ele>
    <time>2020-06-20T10:53:16Z</time>
   </trkpt>
   <trkpt lat="51.1184980" lon="-0.5737430">
    <ele>51.7</ele>
    <time>2020-06-20T10:53:17Z</time>
   </trkpt>
   <trkpt lat="51.1184970" lon="-0.5737410">
    <ele>51.7</ele>
    <time>2020-06-20T10:53:18Z</time>
   </trkpt>
   <trkpt lat="51.1184900" lon="-0.5737450">
    <ele>51.7</ele>
    <time>2020-06-20T10:53:19Z</time>
   </trkpt>
   <trkpt lat="51.1184850" lon="-0.5737500">
    <ele>51.7</ele>
    <time>2020-06-20T10:53:20Z</time>
   </trkpt>
   <trkpt lat="51.1184830" lon="-0.5737490">
    <ele>51.7</ele>
    <time>2020-06-20T10:53:22Z</time>
   </trkpt>
   <trkpt lat="51.1184710" lon="-0.5737400">
    <ele>51.7</ele>
    <time>2020-06-20T10:53:24Z</time>
   </trkpt>
   <trkpt lat="51.1184620" lon="-0.5737340">
    <ele>51.7</ele>
    <time>2020-06-20T10:53:25Z</time>
   </trkpt>
   <trkpt lat="51.1184630" lon="-0.5737400">
    <ele>51.7</ele>
    <time>2020-06-20T10:53:27Z</time>
   </trkpt>
   <trkpt lat="51.1184590" lon="-0.5737400">
    <ele>51.7</ele>
    <time>2020-06-20T10:53:28Z</time>
   </trkpt>
   <trkpt lat="51.1184580" lon="-0.5737400">
    <ele>51.7</ele>
    <time>2020-06-20T10:53:29Z</time>
   </trkpt>
   <trkpt lat="51.1184580" lon="-0.5737420">
    <ele>51.7</ele>
    <time>2020-06-20T10:53:30Z</time>
   </trkpt>
   <trkpt lat="51.1184500" lon="-0.5737380">
    <ele>51.7</ele>
    <time>2020-06-20T10:53:32Z</time>
   </trkpt>
   <trkpt lat="51.1184380" lon="-0.5737250">
    <ele>51.8</ele>
    <time>2020-06-20T10:53:33Z</time>
   </trkpt>
   <trkpt lat="51.1184460" lon="-0.5737150">
    <ele>51.8</ele>
    <time>2020-06-20T10:53:34Z</time>
   </trkpt>
   <trkpt lat="51.1184520" lon="-0.5737030">
    <ele>51.8</ele>
    <time>2020-06-20T10:53:36Z</time>
   </trkpt>
   <trkpt lat="51.1184590" lon="-0.5736900">
    <ele>51.8</ele>
    <time>2020-06-20T10:53:37Z</time>
   </trkpt>
   <trkpt lat="51.1184650" lon="-0.5736780">
    <ele>51.8</ele>
    <time>2020-06-20T10:53:39Z</time>
   </trkpt>
   <trkpt lat="51.1184710" lon="-0.5736650">
    <ele>51.8</ele>
    <time>2020-06-20T10:53:40Z</time>
   </trkpt>
   <trkpt lat="51.1185670" lon="-0.5735470">
    <ele>51.6</ele>
    <time>2020-06-20T10:53:42Z</time>
   </trkpt>
   <trkpt lat="51.1186620" lon="-0.5734260">
    <ele>51.3</ele>
    <time>2020-06-20T10:53:43Z</time>
   </trkpt>
   <trkpt lat="51.1187540" lon="-0.5733220">
    <ele>50.9</ele>
    <time>2020-06-20T10:53:45Z</time>
   </trkpt>
   <trkpt lat="51.1188450" lon="-0.5732180">
    <ele>50.6</ele>
    <time>2020-06-20T10:53:47Z</time>
   </trkpt>
   <trkpt lat="51.1189120" lon="-0.5731460">
    <ele>50.4</ele>
    <time>2020-06-20T10:53:48Z</time>
   </trkpt>
   <trkpt lat="51.1189760" lon="-0.5730660">
    <ele>50.2</ele>
    <time>2020-06-20T10:53:49Z</time>
   </trkpt>
   <trkpt lat="51.1190360" lon="-0.5729730">
    <ele>50.0</ele>
    <time>2020-06-20T10:53:50Z</time>
   </trkpt>
   <trkpt lat="51.1190930" lon="-0.5728530">
    <ele>49.9</ele>
    <time>2020-06-20T10:53:51Z</time>
   </trkpt>
   <trkpt lat="51.1191280" lon="-0.5727510">
    <ele>49.8</ele>
    <time>2020-06-20T10:53:52Z</time>
   </trkpt>
   <trkpt lat="51.1191480" lon="-0.5726510">
    <ele>49.8</ele>
    <time>2020-06-20T10:53:53Z</time>
   </trkpt>
   <trkpt lat="51.1191580" lon="-0.5725510">
    <ele>49.8</ele>
    <time>2020-06-20T10:53:54Z</time>
   </trkpt>
   <trkpt lat="51.1191640" lon="-0.5724650">
    <ele>49.9</ele>
    <time>2020-06-20T10:53:55Z</time>
   </trkpt>
   <trkpt lat="51.1191700" lon="-0.5723800">
    <ele>50.0</ele>
    <time>2020-06-20T10:53:56Z</time>
   </trkpt>
   <trkpt lat="51.1191740" lon="-0.5723370">
    <ele>50.1</ele>
    <time>2020-06-20T10:53:57Z</time>
   </trkpt>
   <trkpt lat="51.1191830" lon="-0.5722440">
    <ele>50.2</ele>
    <time>2020-06-20T10:53:58Z</time>
   </trkpt>
   <trkpt lat="51.1191870" lon="-0.5721680">
    <ele>50.4</ele>
    <time>2020-06-20T10:53:59Z</time>
   </trkpt>
   <trkpt lat="51.1191850" lon="-0.5721170">
    <ele>50.4</ele>
    <time>2020-06-20T10:54:00Z</time>
   </trkpt>
   <trkpt lat="51.1191780" lon="-0.5720430">
    <ele>50.6</ele>
    <time>2020-06-20T10:54:01Z</time>
   </trkpt>
   <trkpt lat="51.1191730" lon="-0.5719910">
    <ele>50.7</ele>
    <time>2020-06-20T10:54:02Z</time>
   </trkpt>
   <trkpt lat="51.1191720" lon="-0.5719100">
    <ele>50.7</ele>
    <time>2020-06-20T10:54:03Z</time>
   </trkpt>
   <trkpt lat="51.1191750" lon="-0.5718220">
    <ele>50.8</ele>
    <time>2020-06-20T10:54:04Z</time>
   </trkpt>
   <trkpt lat="51.1191740" lon="-0.5717430">
    <ele>50.8</ele>
    <time>2020-06-20T10:54:05Z</time>
   </trkpt>
   <trkpt lat="51.1191810" lon="-0.5716880">
    <ele>50.9</ele>
    <time>2020-06-20T10:54:06Z</time>
   </trkpt>
   <trkpt lat="51.1191940" lon="-0.5716090">
    <ele>50.9</ele>
    <time>2020-06-20T10:54:07Z</time>
   </trkpt>
   <trkpt lat="51.1192270" lon="-0.5715410">
    <ele>50.9</ele>
    <time>2020-06-20T10:54:08Z</time>
   </trkpt>
   <trkpt lat="51.1192770" lon="-0.5715040">
    <ele>51.5</ele>
    <time>2020-06-20T10:54:09Z</time>
   </trkpt>
   <trkpt lat="51.1193360" lon="-0.5714850">
    <ele>51.8</ele>
    <time>2020-06-20T10:54:10Z</time>
   </trkpt>
   <trkpt lat="51.1193960" lon="-0.5714880">
    <ele>52.1</ele>
    <time>2020-06-20T10:54:11Z</time>
   </trkpt>
   <trkpt lat="51.1194580" lon="-0.5715030">
    <ele>52.4</ele>
    <time>2020-06-20T10:54:12Z</time>
   </trkpt>
   <trkpt lat="51.1195220" lon="-0.5715080">
    <ele>52.7</ele>
    <time>2020-06-20T10:54:13Z</time>
   </trkpt>
   <trkpt lat="51.1195820" lon="-0.5715110">
    <ele>52.9</ele>
    <time>2020-06-20T10:54:14Z</time>
   </trkpt>
   <trkpt lat="51.1196350" lon="-0.5715140">
    <ele>53.1</ele>
    <time>2020-06-20T10:54:15Z</time>
   </trkpt>
   <trkpt lat="51.1196880" lon="-0.5715080">
    <ele>53.4</ele>
    <time>2020-06-20T10:54:16Z</time>
   </trkpt>
   <trkpt lat="51.1197380" lon="-0.5715050">
    <ele>53.6</ele>
    <time>2020-06-20T10:54:17Z</time>
   </trkpt>
   <trkpt lat="51.1197880" lon="-0.5714990">
    <ele>53.8</ele>
    <time>2020-06-20T10:54:18Z</time>
   </trkpt>
   <trkpt lat="51.1198380" lon="-0.5715030">
    <ele>54.0</ele>
    <time>2020-06-20T10:54:19Z</time>
   </trkpt>
   <trkpt lat="51.1198870" lon="-0.5715150">
    <ele>54.2</ele>
    <time>2020-06-20T10:54:20Z</time>
   </trkpt>
   <trkpt lat="51.1199370" lon="-0.5715100">
    <ele>54.5</ele>
    <time>2020-06-20T10:54:21Z</time>
   </trkpt>
   <trkpt lat="51.1199880" lon="-0.5715140">
    <ele>54.7</ele>
    <time>2020-06-20T10:54:22Z</time>
   </trkpt>
   <trkpt lat="51.1200410" lon="-0.5715190">
    <ele>54.9</ele>
    <time>2020-06-20T10:54:23Z</time>
   </trkpt>
   <trkpt lat="51.1200950" lon="-0.5715270">
    <ele>55.1</ele>
    <time>2020-06-20T10:54:24Z</time>
   </trkpt>
   <trkpt lat="51.1201410" lon="-0.5715440">
    <ele>55.4</ele>
    <time>2020-06-20T10:54:25Z</time>
   </trkpt>
   <trkpt lat="51.1201880" lon="-0.5715540">
    <ele>55.6</ele>
    <time>2020-06-20T10:54:26Z</time>
   </trkpt>
   <trkpt lat="51.1202390" lon="-0.5715580">
    <ele>55.8</ele>
    <time>2020-06-20T10:54:27Z</time>
   </trkpt>
   <trkpt lat="51.1202860" lon="-0.5715680">
    <ele>56.0</ele>
    <time>2020-06-20T10:54:28Z</time>
   </trkpt>
   <trkpt lat="51.1203300" lon="-0.5715820">
    <ele>56.2</ele>
    <time>2020-06-20T10:54:29Z</time>
   </trkpt>
   <trkpt lat="51.1203740" lon="-0.5716020">
    <ele>56.4</ele>
    <time>2020-06-20T10:54:30Z</time>
   </trkpt>
   <trkpt lat="51.1204230" lon="-0.5716290">
    <ele>56.6</ele>
    <time>2020-06-20T10:54:31Z</time>
   </trkpt>
   <trkpt lat="51.1204710" lon="-0.5716480">
    <ele>56.8</ele>
    <time>2020-06-20T10:54:32Z</time>
   </trkpt>
   <trkpt lat="51.1205030" lon="-0.5716620">
    <ele>57.0</ele>
    <time>2020-06-20T10:54:33Z</time>
   </trkpt>
   <trkpt lat="51.1205510" lon="-0.5716940">
    <ele>57.1</ele>
    <time>2020-06-20T10:54:34Z</time>
   </trkpt>
   <trkpt lat="51.1205850" lon="-0.5717240">
    <ele>57.3</ele>
    <time>2020-06-20T10:54:35Z</time>
   </trkpt>
   <trkpt lat="51.1206300" lon="-0.5717460">
    <ele>57.4</ele>
    <time>2020-06-20T10:54:36Z</time>
   </trkpt>
   <trkpt lat="51.1206790" lon="-0.5717690">
    <ele>57.5</ele>
    <time>2020-06-20T10:54:37Z</time>
   </trkpt>
   <trkpt lat="51.1207190" lon="-0.5717860">
    <ele>57.5</ele>
    <time>2020-06-20T10:54:38Z</time>
   </trkpt>
   <trkpt lat="51.1207680" lon="-0.5718140">
    <ele>57.6</ele>
    <time>2020-06-20T10:54:39Z</time>
   </trkpt>
   <trkpt lat="51.1208160" lon="-0.5718430">
    <ele>57.6</ele>
    <time>2020-06-20T10:54:40Z</time>
   </trkpt>
   <trkpt lat="51.1208630" lon="-0.5718700">
    <ele>57.6</ele>
    <time>2020-06-20T10:54:41Z</time>
   </trkpt>
   <trkpt lat="51.1209100" lon="-0.5719020">
    <ele>57.5</ele>
    <time>2020-06-20T10:54:42Z</time>
   </trkpt>
   <trkpt lat="51.1209600" lon="-0.5719340">
    <ele>57.5</ele>
    <time>2020-06-20T10:54:43Z</time>
   </trkpt>
   <trkpt lat="51.1210070" lon="-0.5719680">
    <ele>57.5</ele>
    <time>2020-06-20T10:54:44Z</time>
   </trkpt>
   <trkpt lat="51.1210550" lon="-0.5720020">
    <ele>57.5</ele>
    <time>2020-06-20T10:54:45Z</time>
   </trkpt>
   <trkpt lat="51.1211030" lon="-0.5720370">
    <ele>57.5</ele>
    <time>2020-06-20T10:54:46Z</time>
   </trkpt>
   <trkpt lat="51.1211470" lon="-0.5720820">
    <ele>57.5</ele>
    <time>2020-06-20T10:54:47Z</time>
   </trkpt>
   <trkpt lat="51.1211970" lon="-0.5721320">
    <ele>57.4</ele>
    <time>2020-06-20T10:54:48Z</time>
   </trkpt>
   <trkpt lat="51.1212530" lon="-0.5721710">
    <ele>57.3</ele>
    <time>2020-06-20T10:54:49Z</time>
   </trkpt>
   <trkpt lat="51.1213040" lon="-0.5722010">
    <ele>57.2</ele>
    <time>2020-06-20T10:54:50Z</time>
   </trkpt>
   <trkpt lat="51.1213540" lon="-0.5722330">
    <ele>57.1</ele>
    <time>2020-06-20T10:54:51Z</time>
   </trkpt>
   <trkpt lat="51.1214100" lon="-0.5722700">
    <ele>57.0</ele>
    <time>2020-06-20T10:54:52Z</time>
   </trkpt>
   <trkpt lat="51.1214670" lon="-0.5723050">
    <ele>57.0</ele>
    <time>2020-06-20T10:54:53Z</time>
   </trkpt>
   <trkpt lat="51.1215250" lon="-0.5723440">
    <ele>57.0</ele>
    <time>2020-06-20T10:54:54Z</time>
   </trkpt>
   <trkpt lat="51.1215800" lon="-0.5723810">
    <ele>57.0</ele>
    <time>2020-06-20T10:54:55Z</time>
   </trkpt>
   <trkpt lat="51.1216330" lon="-0.5724100">
    <ele>57.0</ele>
    <time>2020-06-20T10:54:56Z</time>
   </trkpt>
   <trkpt lat="51.1216890" lon="-0.5724430">
    <ele>56.9</ele>
    <time>2020-06-20T10:54:57Z</time>
   </trkpt>
   <trkpt lat="51.1217420" lon="-0.5724760">
    <ele>56.9</ele>
    <time>2020-06-20T10:54:58Z</time>
   </trkpt>
   <trkpt lat="51.1217940" lon="-0.5725020">
    <ele>56.9</ele>
    <time>2020-06-20T10:54:59Z</time>
   </trkpt>
   <trkpt lat="51.1218430" lon="-0.5725310">
    <ele>56.9</ele>
    <time>2020-06-20T10:55:00Z</time>
   </trkpt>
   <trkpt lat="51.1218940" lon="-0.5725660">
    <ele>56.9</ele>
    <time>2020-06-20T10:55:01Z</time>
   </trkpt>
   <trkpt lat="51.1219480" lon="-0.5725970">
    <ele>57.0</ele>
    <time>2020-06-20T10:55:02Z</time>
   </trkpt>
   <trkpt lat="51.1220030" lon="-0.5726200">
    <ele>57.0</ele>
    <time>2020-06-20T10:55:03Z</time>
   </trkpt>
   <trkpt lat="51.1220570" lon="-0.5726450">
    <ele>57.1</ele>
    <time>2020-06-20T10:55:04Z</time>
   </trkpt>
   <trkpt lat="51.1221130" lon="-0.5726660">
    <ele>57.1</ele>
    <time>2020-06-20T10:55:05Z</time>
   </trkpt>
   <trkpt lat="51.1221720" lon="-0.5726850">
    <ele>57.1</ele>
    <time>2020-06-20T10:55:06Z</time>
   </trkpt>
   <trkpt lat="51.1222340" lon="-0.5727040">
    <ele>57.2</ele>
    <time>2020-06-20T10:55:07Z</time>
   </trkpt>
   <trkpt lat="51.1222920" lon="-0.5727240">
    <ele>57.2</ele>
    <time>2020-06-20T10:55:08Z</time>
   </trkpt>
   <trkpt lat="51.1223510" lon="-0.5727440">
    <ele>57.2</ele>
    <time>2020-06-20T10:55:09Z</time>
   </trkpt>
   <trkpt lat="51.1224130" lon="-0.5727600">
    <ele>57.2</ele>
    <time>2020-06-20T10:55:10Z</time>
   </trkpt>
   <trkpt lat="51.1224730" lon="-0.5727710">
    <ele>57.2</ele>
    <time>2020-06-20T10:55:11Z</time>
   </trkpt>
   <trkpt lat="51.1225320" lon="-0.5727710">
    <ele>57.2</ele>
    <time>2020-06-20T10:55:12Z</time>
   </trkpt>
   <trkpt lat="51.1225910" lon="-0.5727720">
    <ele>57.3</ele>
    <time>2020-06-20T10:55:13Z</time>
   </trkpt>
   <trkpt lat="51.1226470" lon="-0.5727840">
    <ele>57.3</ele>
    <time>2020-06-20T10:55:14Z</time>
   </trkpt>
   <trkpt lat="51.1227040" lon="-0.5727990">
    <ele>57.3</ele>
    <time>2020-06-20T10:55:15Z</time>
   </trkpt>
   <trkpt lat="51.1227550" lon="-0.5727990">
    <ele>57.3</ele>
    <time>2020-06-20T10:55:16Z</time>
   </trkpt>
   <trkpt lat="51.1228150" lon="-0.5727900">
    <ele>57.3</ele>
    <time>2020-06-20T10:55:17Z</time>
   </trkpt>
   <trkpt lat="51.1228730" lon="-0.5727880">
    <ele>57.3</ele>
    <time>2020-06-20T10:55:18Z</time>
   </trkpt>
   <trkpt lat="51.1229280" lon="-0.5727890">
    <ele>57.3</ele>
    <time>2020-06-20T10:55:19Z</time>
   </trkpt>
   <trkpt lat="51.1229860" lon="-0.5727830">
    <ele>57.3</ele>
    <time>2020-06-20T10:55:20Z</time>
   </trkpt>
   <trkpt lat="51.1230470" lon="-0.5727750">
    <ele>57.3</ele>
    <time>2020-06-20T10:55:21Z</time>
   </trkpt>
   <trkpt lat="51.1231090" lon="-0.5727580">
    <ele>57.3</ele>
    <time>2020-06-20T10:55:22Z</time>
   </trkpt>
   <trkpt lat="51.1231770" lon="-0.5727320">
    <ele>57.3</ele>
    <time>2020-06-20T10:55:23Z</time>
   </trkpt>
   <trkpt lat="51.1232380" lon="-0.5727010">
    <ele>57.2</ele>
    <time>2020-06-20T10:55:24Z</time>
   </trkpt>
   <trkpt lat="51.1232990" lon="-0.5726780">
    <ele>57.1</ele>
    <time>2020-06-20T10:55:25Z</time>
   </trkpt>
   <trkpt lat="51.1233510" lon="-0.5726590">
    <ele>57.0</ele>
    <time>2020-06-20T10:55:26Z</time>
   </trkpt>
   <trkpt lat="51.1234090" lon="-0.5726430">
    <ele>56.8</ele>
    <time>2020-06-20T10:55:27Z</time>
   </trkpt>
   <trkpt lat="51.1234790" lon="-0.5726250">
    <ele>56.4</ele>
    <time>2020-06-20T10:55:28Z</time>
   </trkpt>
   <trkpt lat="51.1235420" lon="-0.5726050">
    <ele>56.1</ele>
    <time>2020-06-20T10:55:29Z</time>
   </trkpt>
   <trkpt lat="51.1236080" lon="-0.5725910">
    <ele>55.7</ele>
    <time>2020-06-20T10:55:30Z</time>
   </trkpt>
   <trkpt lat="51.1236800" lon="-0.5725880">
    <ele>55.2</ele>
    <time>2020-06-20T10:55:31Z</time>
   </trkpt>
   <trkpt lat="51.1237540" lon="-0.5725950">
    <ele>54.7</ele>
    <time>2020-06-20T10:55:32Z</time>
   </trkpt>
   <trkpt lat="51.1238350" lon="-0.5725980">
    <ele>54.2</ele>
    <time>2020-06-20T10:55:33Z</time>
   </trkpt>
   <trkpt lat="51.1239160" lon="-0.5726100">
    <ele>53.7</ele>
    <time>2020-06-20T10:55:34Z</time>
   </trkpt>
   <trkpt lat="51.1240080" lon="-0.5726340">
    <ele>53.2</ele>
    <time>2020-06-20T10:55:35Z</time>
   </trkpt>
   <trkpt lat="51.1240900" lon="-0.5726440">
    <ele>52.7</ele>
    <time>2020-06-20T10:55:36Z</time>
   </trkpt>
   <trkpt lat="51.1241630" lon="-0.5726490">
    <ele>52.4</ele>
    <time>2020-06-20T10:55:37Z</time>
   </trkpt>
   <trkpt lat="51.1242390" lon="-0.5726530">
    <ele>52.1</ele>
    <time>2020-06-20T10:55:38Z</time>
   </trkpt>
   <trkpt lat="51.1243200" lon="-0.5726230">
    <ele>52.0</ele>
    <time>2020-06-20T10:55:39Z</time>
   </trkpt>
   <trkpt lat="51.1244030" lon="-0.5725920">
    <ele>51.9</ele>
    <time>2020-06-20T10:55:40Z</time>
   </trkpt>
   <trkpt lat="51.1244740" lon="-0.5725580">
    <ele>52.0</ele>
    <time>2020-06-20T10:55:41Z</time>
   </trkpt>
   <trkpt lat="51.1245530" lon="-0.5725160">
    <ele>52.1</ele>
    <time>2020-06-20T10:55:42Z</time>
   </trkpt>
   <trkpt lat="51.1246280" lon="-0.5724720">
    <ele>52.0</ele>
    <time>2020-06-20T10:55:43Z</time>
   </trkpt>
   <trkpt lat="51.1247040" lon="-0.5724280">
    <ele>52.1</ele>
    <time>2020-06-20T10:55:44Z</time>
   </trkpt>
   <trkpt lat="51.1247790" lon="-0.5723870">
    <ele>52.2</ele>
    <time>2020-06-20T10:55:45Z</time>
   </trkpt>
   <trkpt lat="51.1248540" lon="-0.5723530">
    <ele>52.3</ele>
    <time>2020-06-20T10:55:46Z</time>
   </trkpt>
   <trkpt lat="51.1249190" lon="-0.5723210">
    <ele>52.5</ele>
    <time>2020-06-20T10:55:47Z</time>
   </trkpt>
   <trkpt lat="51.1249830" lon="-0.5722940">
    <ele>52.7</ele>
    <time>2020-06-20T10:55:48Z</time>
   </trkpt>
   <trkpt lat="51.1250460" lon="-0.5722730">
    <ele>52.9</ele>
    <time>2020-06-20T10:55:49Z</time>
   </trkpt>
   <trkpt lat="51.1251120" lon="-0.5722590">
    <ele>53.2</ele>
    <time>2020-06-20T10:55:50Z</time>
   </trkpt>
   <trkpt lat="51.1251760" lon="-0.5722390">
    <ele>53.4</ele>
    <time>2020-06-20T10:55:51Z</time>
   </trkpt>
   <trkpt lat="51.1252370" lon="-0.5722250">
    <ele>53.7</ele>
    <time>2020-06-20T10:55:52Z</time>
   </trkpt>
   <trkpt lat="51.1253000" lon="-0.5722060">
    <ele>54.0</ele>
    <time>2020-06-20T10:55:53Z</time>
   </trkpt>
   <trkpt lat="51.1253580" lon="-0.5721940">
    <ele>54.4</ele>
    <time>2020-06-20T10:55:54Z</time>
   </trkpt>
   <trkpt lat="51.1254180" lon="-0.5721840">
    <ele>54.7</ele>
    <time>2020-06-20T10:55:55Z</time>
   </trkpt>
   <trkpt lat="51.1254800" lon="-0.5721800">
    <ele>55.1</ele>
    <time>2020-06-20T10:55:56Z</time>
   </trkpt>
   <trkpt lat="51.1255480" lon="-0.5721810">
    <ele>55.6</ele>
    <time>2020-06-20T10:55:57Z</time>
   </trkpt>
   <trkpt lat="51.1256100" lon="-0.5721670">
    <ele>56.2</ele>
    <time>2020-06-20T10:55:58Z</time>
   </trkpt>
   <trkpt lat="51.1256730" lon="-0.5721570">
    <ele>56.7</ele>
    <time>2020-06-20T10:55:59Z</time>
   </trkpt>
   <trkpt lat="51.1257290" lon="-0.5721580">
    <ele>57.2</ele>
    <time>2020-06-20T10:56:00Z</time>
   </trkpt>
   <trkpt lat="51.1257920" lon="-0.5721640">
    <ele>57.8</ele>
    <time>2020-06-20T10:56:01Z</time>
   </trkpt>
   <trkpt lat="51.1258480" lon="-0.5721520">
    <ele>58.3</ele>
    <time>2020-06-20T10:56:02Z</time>
   </trkpt>
   <trkpt lat="51.1259090" lon="-0.5721460">
    <ele>58.8</ele>
    <time>2020-06-20T10:56:03Z</time>
   </trkpt>
   <trkpt lat="51.1259640" lon="-0.5721720">
    <ele>59.2</ele>
    <time>2020-06-20T10:56:04Z</time>
   </trkpt>
   <trkpt lat="51.1260100" lon="-0.5721940">
    <ele>59.5</ele>
    <time>2020-06-20T10:56:05Z</time>
   </trkpt>
   <trkpt lat="51.1260520" lon="-0.5722030">
    <ele>59.7</ele>
    <time>2020-06-20T10:56:06Z</time>
   </trkpt>
   <trkpt lat="51.1260830" lon="-0.5722130">
    <ele>59.9</ele>
    <time>2020-06-20T10:56:07Z</time>
   </trkpt>
   <trkpt lat="51.1261330" lon="-0.5722260">
    <ele>60.1</ele>
    <time>2020-06-20T10:56:08Z</time>
   </trkpt>
   <trkpt lat="51.1261670" lon="-0.5722420">
    <ele>60.2</ele>
    <time>2020-06-20T10:56:09Z</time>
   </trkpt>
   <trkpt lat="51.1262060" lon="-0.5722470">
    <ele>60.4</ele>
    <time>2020-06-20T10:56:10Z</time>
   </trkpt>
   <trkpt lat="51.1262610" lon="-0.5722450">
    <ele>60.6</ele>
    <time>2020-06-20T10:56:11Z</time>
   </trkpt>
   <trkpt lat="51.1263090" lon="-0.5722420">
    <ele>60.7</ele>
    <time>2020-06-20T10:56:12Z</time>
   </trkpt>
   <trkpt lat="51.1263560" lon="-0.5722380">
    <ele>60.8</ele>
    <time>2020-06-20T10:56:13Z</time>
   </trkpt>
   <trkpt lat="51.1264020" lon="-0.5722280">
    <ele>60.9</ele>
    <time>2020-06-20T10:56:14Z</time>
   </trkpt>
   <trkpt lat="51.1264520" lon="-0.5722190">
    <ele>60.9</ele>
    <time>2020-06-20T10:56:15Z</time>
   </trkpt>
   <trkpt lat="51.1265110" lon="-0.5722070">
    <ele>61.0</ele>
    <time>2020-06-20T10:56:16Z</time>
   </trkpt>
   <trkpt lat="51.1265650" lon="-0.5722110">
    <ele>61.1</ele>
    <time>2020-06-20T10:56:17Z</time>
   </trkpt>
   <trkpt lat="51.1266090" lon="-0.5722230">
    <ele>61.3</ele>
    <time>2020-06-20T10:56:18Z</time>
   </trkpt>
   <trkpt lat="51.1266590" lon="-0.5722270">
    <ele>61.4</ele>
    <time>2020-06-20T10:56:19Z</time>
   </trkpt>
   <trkpt lat="51.1267100" lon="-0.5722260">
    <ele>61.5</ele>
    <time>2020-06-20T10:56:20Z</time>
   </trkpt>
   <trkpt lat="51.1267530" lon="-0.5722400">
    <ele>61.6</ele>
    <time>2020-06-20T10:56:21Z</time>
   </trkpt>
   <trkpt lat="51.1267990" lon="-0.5722500">
    <ele>61.7</ele>
    <time>2020-06-20T10:56:22Z</time>
   </trkpt>
   <trkpt lat="51.1268420" lon="-0.5722800">
    <ele>61.7</ele>
    <time>2020-06-20T10:56:23Z</time>
   </trkpt>
   <trkpt lat="51.1268890" lon="-0.5723500">
    <ele>61.7</ele>
    <time>2020-06-20T10:56:24Z</time>
   </trkpt>
   <trkpt lat="51.1269240" lon="-0.5724320">
    <ele>61.8</ele>
    <time>2020-06-20T10:56:25Z</time>
   </trkpt>
   <trkpt lat="51.1269510" lon="-0.5725100">
    <ele>61.8</ele>
    <time>2020-06-20T10:56:26Z</time>
   </trkpt>
   <trkpt lat="51.1269700" lon="-0.5725920">
    <ele>61.9</ele>
    <time>2020-06-20T10:56:27Z</time>
   </trkpt>
   <trkpt lat="51.1269860" lon="-0.5726860">
    <ele>61.9</ele>
    <time>2020-06-20T10:56:28Z</time>
   </trkpt>
   <trkpt lat="51.1270000" lon="-0.5727740">
    <ele>62.0</ele>
    <time>2020-06-20T10:56:29Z</time>
   </trkpt>
   <trkpt lat="51.1270080" lon="-0.5728580">
    <ele>62.1</ele>
    <time>2020-06-20T10:56:30Z</time>
   </trkpt>
   <trkpt lat="51.1270260" lon="-0.5729450">
    <ele>62.1</ele>
    <time>2020-06-20T10:56:31Z</time>
   </trkpt>
   <trkpt lat="51.1270370" lon="-0.5730360">
    <ele>62.2</ele>
    <time>2020-06-20T10:56:32Z</time>
   </trkpt>
   <trkpt lat="51.1270690" lon="-0.5731070">
    <ele>62.3</ele>
    <time>2020-06-20T10:56:33Z</time>
   </trkpt>
   <trkpt lat="51.1271180" lon="-0.5731650">
    <ele>62.3</ele>
    <time>2020-06-20T10:56:34Z</time>
   </trkpt>
   <trkpt lat="51.1271660" lon="-0.5732060">
    <ele>62.4</ele>
    <time>2020-06-20T10:56:35Z</time>
   </trkpt>
   <trkpt lat="51.1272180" lon="-0.5732300">
    <ele>62.4</ele>
    <time>2020-06-20T10:56:36Z</time>
   </trkpt>
   <trkpt lat="51.1272640" lon="-0.5732610">
    <ele>62.5</ele>
    <time>2020-06-20T10:56:37Z</time>
   </trkpt>
   <trkpt lat="51.1273070" lon="-0.5732910">
    <ele>62.6</ele>
    <time>2020-06-20T10:56:38Z</time>
   </trkpt>
   <trkpt lat="51.1273620" lon="-0.5732910">
    <ele>62.7</ele>
    <time>2020-06-20T10:56:39Z</time>
   </trkpt>
   <trkpt lat="51.1274240" lon="-0.5732910">
    <ele>62.7</ele>
    <time>2020-06-20T10:56:40Z</time>
   </trkpt>
   <trkpt lat="51.1274800" lon="-0.5733000">
    <ele>62.8</ele>
    <time>2020-06-20T10:56:41Z</time>
   </trkpt>
   <trkpt lat="51.1275280" lon="-0.5733070">
    <ele>62.9</ele>
    <time>2020-06-20T10:56:42Z</time>
   </trkpt>
   <trkpt lat="51.1275780" lon="-0.5733010">
    <ele>63.0</ele>
    <time>2020-06-20T10:56:43Z</time>
   </trkpt>
   <trkpt lat="51.1276330" lon="-0.5733030">
    <ele>63.1</ele>
    <time>2020-06-20T10:56:44Z</time>
   </trkpt>
   <trkpt lat="51.1276900" lon="-0.5733240">
    <ele>63.2</ele>
    <time>2020-06-20T10:56:45Z</time>
   </trkpt>
   <trkpt lat="51.1277410" lon="-0.5733250">
    <ele>63.3</ele>
    <time>2020-06-20T10:56:46Z</time>
   </trkpt>
   <trkpt lat="51.1277900" lon="-0.5733110">
    <ele>63.4</ele>
    <time>2020-06-20T10:56:47Z</time>
   </trkpt>
   <trkpt lat="51.1278370" lon="-0.5733000">
    <ele>63.6</ele>
    <time>2020-06-20T10:56:48Z</time>
   </trkpt>
   <trkpt lat="51.1278880" lon="-0.5732920">
    <ele>63.7</ele>
    <time>2020-06-20T10:56:49Z</time>
   </trkpt>
   <trkpt lat="51.1279430" lon="-0.5732880">
    <ele>63.8</ele>
    <time>2020-06-20T10:56:50Z</time>
   </trkpt>
   <trkpt lat="51.1279960" lon="-0.5732850">
    <ele>63.9</ele>
    <time>2020-06-20T10:56:51Z</time>
   </trkpt>
   <trkpt lat="51.1280520" lon="-0.5732710">
    <ele>64.1</ele>
    <time>2020-06-20T10:56:52Z</time>
   </trkpt>
   <trkpt lat="51.1281010" lon="-0.5732540">
    <ele>64.2</ele>
    <time>2020-06-20T10:56:53Z</time>
   </trkpt>
   <trkpt lat="51.1281500" lon="-0.5732280">
    <ele>64.3</ele>
    <time>2020-06-20T10:56:54Z</time>
   </trkpt>
   <trkpt lat="51.1281980" lon="-0.5731980">
    <ele>64.4</ele>
    <time>2020-06-20T10:56:55Z</time>
   </trkpt>
   <trkpt lat="51.1282450" lon="-0.5731780">
    <ele>64.6</ele>
    <time>2020-06-20T10:56:56Z</time>
   </trkpt>
   <trkpt lat="51.1282920" lon="-0.5731580">
    <ele>64.7</ele>
    <time>2020-06-20T10:56:57Z</time>
   </trkpt>
   <trkpt lat="51.1283420" lon="-0.5731380">
    <ele>64.9</ele>
    <time>2020-06-20T10:56:58Z</time>
   </trkpt>
   <trkpt lat="51.1283880" lon="-0.5731280">
    <ele>65.0</ele>
    <time>2020-06-20T10:56:59Z</time>
   </trkpt>
   <trkpt lat="51.1284340" lon="-0.5731180">
    <ele>65.1</ele>
    <time>2020-06-20T10:57:00Z</time>
   </trkpt>
   <trkpt lat="51.1284810" lon="-0.5730990">
    <ele>65.3</ele>
    <time>2020-06-20T10:57:01Z</time>
   </trkpt>
   <trkpt lat="51.1285320" lon="-0.5730700">
    <ele>65.5</ele>
    <time>2020-06-20T10:57:02Z</time>
   </trkpt>
   <trkpt lat="51.1285830" lon="-0.5730380">
    <ele>65.6</ele>
    <time>2020-06-20T10:57:03Z</time>
   </trkpt>
   <trkpt lat="51.1286380" lon="-0.5730060">
    <ele>65.9</ele>
    <time>2020-06-20T10:57:04Z</time>
   </trkpt>
   <trkpt lat="51.1286890" lon="-0.5729710">
    <ele>66.1</ele>
    <time>2020-06-20T10:57:05Z</time>
   </trkpt>
   <trkpt lat="51.1287360" lon="-0.5729280">
    <ele>66.3</ele>
    <time>2020-06-20T10:57:06Z</time>
   </trkpt>
   <trkpt lat="51.1287940" lon="-0.5729050">
    <ele>66.6</ele>
    <time>2020-06-20T10:57:07Z</time>
   </trkpt>
   <trkpt lat="51.1288570" lon="-0.5729000">
    <ele>66.9</ele>
    <time>2020-06-20T10:57:08Z</time>
   </trkpt>
   <trkpt lat="51.1288930" lon="-0.5728420">
    <ele>67.1</ele>
    <time>2020-06-20T10:57:09Z</time>
   </trkpt>
   <trkpt lat="51.1289310" lon="-0.5727850">
    <ele>67.2</ele>
    <time>2020-06-20T10:57:10Z</time>
   </trkpt>
   <trkpt lat="51.1289580" lon="-0.5727390">
    <ele>67.3</ele>
    <time>2020-06-20T10:57:11Z</time>
   </trkpt>
   <trkpt lat="51.1290000" lon="-0.5726850">
    <ele>67.4</ele>
    <time>2020-06-20T10:57:12Z</time>
   </trkpt>
   <trkpt lat="51.1290370" lon="-0.5726360">
    <ele>67.6</ele>
    <time>2020-06-20T10:57:13Z</time>
   </trkpt>
   <trkpt lat="51.1290800" lon="-0.5725890">
    <ele>67.7</ele>
    <time>2020-06-20T10:57:14Z</time>
   </trkpt>
   <trkpt lat="51.1291260" lon="-0.5725490">
    <ele>67.8</ele>
    <time>2020-06-20T10:57:15Z</time>
   </trkpt>
   <trkpt lat="51.1291700" lon="-0.5725170">
    <ele>67.9</ele>
    <time>2020-06-20T10:57:16Z</time>
   </trkpt>
   <trkpt lat="51.1292170" lon="-0.5724890">
    <ele>68.0</ele>
    <time>2020-06-20T10:57:17Z</time>
   </trkpt>
   <trkpt lat="51.1292600" lon="-0.5724590">
    <ele>68.1</ele>
    <time>2020-06-20T10:57:18Z</time>
   </trkpt>
   <trkpt lat="51.1293140" lon="-0.5724350">
    <ele>68.2</ele>
    <time>2020-06-20T10:57:19Z</time>
   </trkpt>
   <trkpt lat="51.1293650" lon="-0.5724100">
    <ele>68.3</ele>
    <time>2020-06-20T10:57:20Z</time>
   </trkpt>
   <trkpt lat="51.1294190" lon="-0.5723830">
    <ele>68.4</ele>
    <time>2020-06-20T10:57:21Z</time>
   </trkpt>
   <trkpt lat="51.1294710" lon="-0.5723670">
    <ele>68.6</ele>
    <time>2020-06-20T10:57:22Z</time>
   </trkpt>
   <trkpt lat="51.1295190" lon="-0.5723410">
    <ele>68.8</ele>
    <time>2020-06-20T10:57:23Z</time>
   </trkpt>
   <trkpt lat="51.1295680" lon="-0.5723160">
    <ele>69.0</ele>
    <time>2020-06-20T10:57:24Z</time>
   </trkpt>
   <trkpt lat="51.1296260" lon="-0.5722990">
    <ele>69.2</ele>
    <time>2020-06-20T10:57:25Z</time>
   </trkpt>
   <trkpt lat="51.1296810" lon="-0.5722800">
    <ele>69.4</ele>
    <time>2020-06-20T10:57:26Z</time>
   </trkpt>
   <trkpt lat="51.1297360" lon="-0.5722640">
    <ele>69.6</ele>
    <time>2020-06-20T10:57:27Z</time>
   </trkpt>
   <trkpt lat="51.1297850" lon="-0.5722410">
    <ele>69.7</ele>
    <time>2020-06-20T10:57:28Z</time>
   </trkpt>
   <trkpt lat="51.1298210" lon="-0.5722160">
    <ele>69.8</ele>
    <time>2020-06-20T10:57:29Z</time>
   </trkpt>
   <trkpt lat="51.1298580" lon="-0.5721890">
    <ele>69.9</ele>
    <time>2020-06-20T10:57:30Z</time>
   </trkpt>
   <trkpt lat="51.1298890" lon="-0.5721490">
    <ele>70.0</ele>
    <time>2020-06-20T10:57:31Z</time>
   </trkpt>
   <trkpt lat="51.1299060" lon="-0.5721330">
    <ele>70.1</ele>
    <time>2020-06-20T10:57:32Z</time>
   </trkpt>
   <trkpt lat="51.1299550" lon="-0.5720970">
    <ele>70.2</ele>
    <time>2020-06-20T10:57:33Z</time>
   </trkpt>
   <trkpt lat="51.1300030" lon="-0.5720670">
    <ele>70.4</ele>
    <time>2020-06-20T10:57:34Z</time>
   </trkpt>
   <trkpt lat="51.1300590" lon="-0.5720360">
    <ele>70.5</ele>
    <time>2020-06-20T10:57:35Z</time>
   </trkpt>
   <trkpt lat="51.1301100" lon="-0.5720050">
    <ele>70.7</ele>
    <time>2020-06-20T10:57:36Z</time>
   </trkpt>
   <trkpt lat="51.1301560" lon="-0.5719720">
    <ele>70.8</ele>
    <time>2020-06-20T10:57:37Z</time>
   </trkpt>
   <trkpt lat="51.1301990" lon="-0.5719320">
    <ele>70.9</ele>
    <time>2020-06-20T10:57:38Z</time>
   </trkpt>
   <trkpt lat="51.1302520" lon="-0.5719100">
    <ele>71.1</ele>
    <time>2020-06-20T10:57:39Z</time>
   </trkpt>
   <trkpt lat="51.1303010" lon="-0.5718760">
    <ele>71.2</ele>
    <time>2020-06-20T10:57:40Z</time>
   </trkpt>
   <trkpt lat="51.1303410" lon="-0.5718210">
    <ele>71.4</ele>
    <time>2020-06-20T10:57:41Z</time>
   </trkpt>
   <trkpt lat="51.1303750" lon="-0.5717600">
    <ele>71.5</ele>
    <time>2020-06-20T10:57:42Z</time>
   </trkpt>
   <trkpt lat="51.1304050" lon="-0.5717040">
    <ele>71.7</ele>
    <time>2020-06-20T10:57:43Z</time>
   </trkpt>
   <trkpt lat="51.1304220" lon="-0.5716650">
    <ele>71.8</ele>
    <time>2020-06-20T10:57:44Z</time>
   </trkpt>
   <trkpt lat="51.1304610" lon="-0.5715920">
    <ele>71.9</ele>
    <time>2020-06-20T10:57:45Z</time>
   </trkpt>
   <trkpt lat="51.1304930" lon="-0.5715210">
    <ele>72.1</ele>
    <time>2020-06-20T10:57:46Z</time>
   </trkpt>
   <trkpt lat="51.1305240" lon="-0.5714610">
    <ele>72.3</ele>
    <time>2020-06-20T10:57:47Z</time>
   </trkpt>
   <trkpt lat="51.1305430" lon="-0.5714200">
    <ele>72.4</ele>
    <time>2020-06-20T10:57:48Z</time>
   </trkpt>
   <trkpt lat="51.1305740" lon="-0.5713520">
    <ele>72.6</ele>
    <time>2020-06-20T10:57:49Z</time>
   </trkpt>
   <trkpt lat="51.1306090" lon="-0.5712860">
    <ele>72.9</ele>
    <time>2020-06-20T10:57:50Z</time>
   </trkpt>
   <trkpt lat="51.1306440" lon="-0.5712270">
    <ele>73.0</ele>
    <time>2020-06-20T10:57:51Z</time>
   </trkpt>
   <trkpt lat="51.1306820" lon="-0.5711690">
    <ele>73.3</ele>
    <time>2020-06-20T10:57:52Z</time>
   </trkpt>
   <trkpt lat="51.1307240" lon="-0.5711210">
    <ele>73.5</ele>
    <time>2020-06-20T10:57:53Z</time>
   </trkpt>
   <trkpt lat="51.1307650" lon="-0.5710780">
    <ele>73.7</ele>
    <time>2020-06-20T10:57:54Z</time>
   </trkpt>
   <trkpt lat="51.1308030" lon="-0.5710460">
    <ele>73.9</ele>
    <time>2020-06-20T10:57:55Z</time>
   </trkpt>
   <trkpt lat="51.1308340" lon="-0.5710210">
    <ele>74.1</ele>
    <time>2020-06-20T10:57:56Z</time>
   </trkpt>
   <trkpt lat="51.1308960" lon="-0.5709660">
    <ele>74.5</ele>
    <time>2020-06-20T10:57:58Z</time>
   </trkpt>
   <trkpt lat="51.1309160" lon="-0.5709810">
    <ele>74.6</ele>
    <time>2020-06-20T10:57:59Z</time>
   </trkpt>
   <trkpt lat="51.1309260" lon="-0.5709860">
    <ele>74.6</ele>
    <time>2020-06-20T10:58:00Z</time>
   </trkpt>
   <trkpt lat="51.1309370" lon="-0.5709910">
    <ele>74.7</ele>
    <time>2020-06-20T10:58:01Z</time>
   </trkpt>
   <trkpt lat="51.1310560" lon="-0.5709150">
    <ele>75.3</ele>
    <time>2020-06-20T10:58:03Z</time>
   </trkpt>
   <trkpt lat="51.1310810" lon="-0.5709000">
    <ele>75.4</ele>
    <time>2020-06-20T10:58:04Z</time>
   </trkpt>
   <trkpt lat="51.1311420" lon="-0.5708970">
    <ele>75.7</ele>
    <time>2020-06-20T10:58:06Z</time>
   </trkpt>
   <trkpt lat="51.1310990" lon="-0.5708070">
    <ele>76.0</ele>
    <time>2020-06-20T10:58:08Z</time>
   </trkpt>
   <trkpt lat="51.1312260" lon="-0.5707540">
    <ele>76.6</ele>
    <time>2020-06-20T10:58:09Z</time>
   </trkpt>
   <trkpt lat="51.1313660" lon="-0.5707050">
    <ele>77.1</ele>
    <time>2020-06-20T10:58:11Z</time>
   </trkpt>
   <trkpt lat="51.1314400" lon="-0.5706730">
    <ele>77.4</ele>
    <time>2020-06-20T10:58:12Z</time>
   </trkpt>
   <trkpt lat="51.1315250" lon="-0.5706380">
    <ele>77.7</ele>
    <time>2020-06-20T10:58:13Z</time>
   </trkpt>
   <trkpt lat="51.1316100" lon="-0.5706180">
    <ele>77.9</ele>
    <time>2020-06-20T10:58:15Z</time>
   </trkpt>
   <trkpt lat="51.1316560" lon="-0.5706090">
    <ele>78.0</ele>
    <time>2020-06-20T10:58:16Z</time>
   </trkpt>
   <trkpt lat="51.1316880" lon="-0.5706140">
    <ele>78.1</ele>
    <time>2020-06-20T10:58:17Z</time>
   </trkpt>
   <trkpt lat="51.1317340" lon="-0.5706260">
    <ele>78.2</ele>
    <time>2020-06-20T10:58:18Z</time>
   </trkpt>
   <trkpt lat="51.1317590" lon="-0.5706150">
    <ele>78.3</ele>
    <time>2020-06-20T10:58:19Z</time>
   </trkpt>
   <trkpt lat="51.1318130" lon="-0.5705990">
    <ele>78.4</ele>
    <time>2020-06-20T10:58:20Z</time>
   </trkpt>
   <trkpt lat="51.1318960" lon="-0.5705900">
    <ele>78.6</ele>
    <time>2020-06-20T10:58:22Z</time>
   </trkpt>
   <trkpt lat="51.1320000" lon="-0.5705870">
    <ele>78.9</ele>
    <time>2020-06-20T10:58:24Z</time>
   </trkpt>
   <trkpt lat="51.1320350" lon="-0.5705870">
    <ele>79.0</ele>
    <time>2020-06-20T10:58:25Z</time>
   </trkpt>
   <trkpt lat="51.1320790" lon="-0.5705490">
    <ele>79.2</ele>
    <time>2020-06-20T10:58:26Z</time>
   </trkpt>
   <trkpt lat="51.1321540" lon="-0.5705810">
    <ele>79.4</ele>
    <time>2020-06-20T10:58:27Z</time>
   </trkpt>
   <trkpt lat="51.1322330" lon="-0.5706000">
    <ele>79.6</ele>
    <time>2020-06-20T10:58:29Z</time>
   </trkpt>
   <trkpt lat="51.1322810" lon="-0.5706020">
    <ele>79.8</ele>
    <time>2020-06-20T10:58:30Z</time>
   </trkpt>
   <trkpt lat="51.1323340" lon="-0.5706070">
    <ele>79.9</ele>
    <time>2020-06-20T10:58:31Z</time>
   </trkpt>
   <trkpt lat="51.1323640" lon="-0.5706090">
    <ele>80.0</ele>
    <time>2020-06-20T10:58:32Z</time>
   </trkpt>
   <trkpt lat="51.1323930" lon="-0.5706120">
    <ele>80.1</ele>
    <time>2020-06-20T10:58:33Z</time>
   </trkpt>
   <trkpt lat="51.1324450" lon="-0.5706140">
    <ele>80.2</ele>
    <time>2020-06-20T10:58:34Z</time>
   </trkpt>
   <trkpt lat="51.1324800" lon="-0.5706100">
    <ele>80.3</ele>
    <time>2020-06-20T10:58:35Z</time>
   </trkpt>
   <trkpt lat="51.1325800" lon="-0.5706150">
    <ele>80.7</ele>
    <time>2020-06-20T10:58:37Z</time>
   </trkpt>
   <trkpt lat="51.1326280" lon="-0.5706150">
    <ele>80.8</ele>
    <time>2020-06-20T10:58:38Z</time>
   </trkpt>
   <trkpt lat="51.1326550" lon="-0.5706140">
    <ele>81.0</ele>
    <time>2020-06-20T10:58:39Z</time>
   </trkpt>
   <trkpt lat="51.1327030" lon="-0.5705850">
    <ele>81.2</ele>
    <time>2020-06-20T10:58:40Z</time>
   </trkpt>
   <trkpt lat="51.1327880" lon="-0.5705770">
    <ele>81.6</ele>
    <time>2020-06-20T10:58:42Z</time>
   </trkpt>
   <trkpt lat="51.1328470" lon="-0.5705630">
    <ele>81.9</ele>
    <time>2020-06-20T10:58:43Z</time>
   </trkpt>
   <trkpt lat="51.1329280" lon="-0.5705280">
    <ele>82.3</ele>
    <time>2020-06-20T10:58:45Z</time>
   </trkpt>
   <trkpt lat="51.1329730" lon="-0.5705050">
    <ele>82.5</ele>
    <time>2020-06-20T10:58:46Z</time>
   </trkpt>
   <trkpt lat="51.1330610" lon="-0.5704520">
    <ele>82.7</ele>
    <time>2020-06-20T10:58:48Z</time>
   </trkpt>
   <trkpt lat="51.1330940" lon="-0.5704200">
    <ele>82.7</ele>
    <time>2020-06-20T10:58:49Z</time>
   </trkpt>
   <trkpt lat="51.1331570" lon="-0.5703620">
    <ele>82.8</ele>
    <time>2020-06-20T10:58:51Z</time>
   </trkpt>
   <trkpt lat="51.1331940" lon="-0.5703060">
    <ele>82.9</ele>
    <time>2020-06-20T10:58:53Z</time>
   </trkpt>
   <trkpt lat="51.1332340" lon="-0.5702600">
    <ele>83.0</ele>
    <time>2020-06-20T10:58:54Z</time>
   </trkpt>
   <trkpt lat="51.1332680" lon="-0.5701970">
    <ele>83.1</ele>
    <time>2020-06-20T10:58:56Z</time>
   </trkpt>
   <trkpt lat="51.1332910" lon="-0.5701490">
    <ele>83.2</ele>
    <time>2020-06-20T10:58:57Z</time>
   </trkpt>
   <trkpt lat="51.1333190" lon="-0.5700920">
    <ele>83.3</ele>
    <time>2020-06-20T10:58:58Z</time>
   </trkpt>
   <trkpt lat="51.1333640" lon="-0.5700160">
    <ele>83.4</ele>
    <time>2020-06-20T10:59:00Z</time>
   </trkpt>
   <trkpt lat="51.1334060" lon="-0.5699090">
    <ele>83.6</ele>
    <time>2020-06-20T10:59:02Z</time>
   </trkpt>
   <trkpt lat="51.1334360" lon="-0.5698320">
    <ele>83.8</ele>
    <time>2020-06-20T10:59:04Z</time>
   </trkpt>
   <trkpt lat="51.1334400" lon="-0.5697330">
    <ele>83.4</ele>
    <time>2020-06-20T10:59:05Z</time>
   </trkpt>
   <trkpt lat="51.1334380" lon="-0.5696950">
    <ele>83.3</ele>
    <time>2020-06-20T10:59:06Z</time>
   </trkpt>
   <trkpt lat="51.1333690" lon="-0.5695300">
    <ele>82.7</ele>
    <time>2020-06-20T10:59:08Z</time>
   </trkpt>
   <trkpt lat="51.1333240" lon="-0.5694390">
    <ele>82.4</ele>
    <time>2020-06-20T10:59:09Z</time>
   </trkpt>
   <trkpt lat="51.1332880" lon="-0.5693430">
    <ele>82.1</ele>
    <time>2020-06-20T10:59:10Z</time>
   </trkpt>
   <trkpt lat="51.1332600" lon="-0.5692410">
    <ele>82.0</ele>
    <time>2020-06-20T10:59:11Z</time>
   </trkpt>
   <trkpt lat="51.1332390" lon="-0.5691300">
    <ele>81.8</ele>
    <time>2020-06-20T10:59:12Z</time>
   </trkpt>
   <trkpt lat="51.1332210" lon="-0.5690040">
    <ele>81.7</ele>
    <time>2020-06-20T10:59:13Z</time>
   </trkpt>
   <trkpt lat="51.1332080" lon="-0.5688810">
    <ele>81.6</ele>
    <time>2020-06-20T10:59:14Z</time>
   </trkpt>
   <trkpt lat="51.1332020" lon="-0.5687600">
    <ele>81.6</ele>
    <time>2020-06-20T10:59:15Z</time>
   </trkpt>
   <trkpt lat="51.1332040" lon="-0.5686440">
    <ele>81.6</ele>
    <time>2020-06-20T10:59:16Z</time>
   </trkpt>
   <trkpt lat="51.1332050" lon="-0.5685380">
    <ele>81.7</ele>
    <time>2020-06-20T10:59:17Z</time>
   </trkpt>
   <trkpt lat="51.1332080" lon="-0.5684310">
    <ele>81.8</ele>
    <time>2020-06-20T10:59:18Z</time>
   </trkpt>
   <trkpt lat="51.1332090" lon="-0.5683270">
    <ele>81.9</ele>
    <time>2020-06-20T10:59:19Z</time>
   </trkpt>
   <trkpt lat="51.1332120" lon="-0.5682260">
    <ele>82.1</ele>
    <time>2020-06-20T10:59:20Z</time>
   </trkpt>
   <trkpt lat="51.1332160" lon="-0.5681290">
    <ele>82.4</ele>
    <time>2020-06-20T10:59:21Z</time>
   </trkpt>
   <trkpt lat="51.1332190" lon="-0.5680310">
    <ele>82.6</ele>
    <time>2020-06-20T10:59:22Z</time>
   </trkpt>
   <trkpt lat="51.1332190" lon="-0.5679370">
    <ele>82.9</ele>
    <time>2020-06-20T10:59:23Z</time>
   </trkpt>
   <trkpt lat="51.1332200" lon="-0.5678470">
    <ele>83.1</ele>
    <time>2020-06-20T10:59:24Z</time>
   </trkpt>
   <trkpt lat="51.1332210" lon="-0.5677580">
    <ele>83.4</ele>
    <time>2020-06-20T10:59:25Z</time>
   </trkpt>
   <trkpt lat="51.1332210" lon="-0.5676710">
    <ele>83.7</ele>
    <time>2020-06-20T10:59:26Z</time>
   </trkpt>
   <trkpt lat="51.1332220" lon="-0.5675810">
    <ele>83.9</ele>
    <time>2020-06-20T10:59:27Z</time>
   </trkpt>
   <trkpt lat="51.1332270" lon="-0.5674930">
    <ele>84.2</ele>
    <time>2020-06-20T10:59:28Z</time>
   </trkpt>
   <trkpt lat="51.1332310" lon="-0.5674110">
    <ele>84.5</ele>
    <time>2020-06-20T10:59:29Z</time>
   </trkpt>
   <trkpt lat="51.1332310" lon="-0.5673250">
    <ele>84.7</ele>
    <time>2020-06-20T10:59:30Z</time>
   </trkpt>
   <trkpt lat="51.1332310" lon="-0.5672390">
    <ele>85.0</ele>
    <time>2020-06-20T10:59:31Z</time>
   </trkpt>
   <trkpt lat="51.1332260" lon="-0.5671640">
    <ele>85.2</ele>
    <time>2020-06-20T10:59:32Z</time>
   </trkpt>
   <trkpt lat="51.1332240" lon="-0.5670850">
    <ele>85.4</ele>
    <time>2020-06-20T10:59:33Z</time>
   </trkpt>
   <trkpt lat="51.1332240" lon="-0.5670040">
    <ele>85.6</ele>
    <time>2020-06-20T10:59:34Z</time>
   </trkpt>
   <trkpt lat="51.1332250" lon="-0.5669230">
    <ele>85.8</ele>
    <time>2020-06-20T10:59:35Z</time>
   </trkpt>
   <trkpt lat="51.1332260" lon="-0.5668490">
    <ele>86.0</ele>
    <time>2020-06-20T10:59:36Z</time>
   </trkpt>
   <trkpt lat="51.1332280" lon="-0.5667780">
    <ele>86.1</ele>
    <time>2020-06-20T10:59:37Z</time>
   </trkpt>
   <trkpt lat="51.1332300" lon="-0.5667040">
    <ele>86.2</ele>
    <time>2020-06-20T10:59:38Z</time>
   </trkpt>
   <trkpt lat="51.1332280" lon="-0.5666280">
    <ele>86.3</ele>
    <time>2020-06-20T10:59:39Z</time>
   </trkpt>
   <trkpt lat="51.1332260" lon="-0.5665510">
    <ele>86.4</ele>
    <time>2020-06-20T10:59:40Z</time>
   </trkpt>
   <trkpt lat="51.1332270" lon="-0.5664710">
    <ele>86.5</ele>
    <time>2020-06-20T10:59:41Z</time>
   </trkpt>
   <trkpt lat="51.1332260" lon="-0.5663910">
    <ele>86.5</ele>
    <time>2020-06-20T10:59:42Z</time>
   </trkpt>
   <trkpt lat="51.1332270" lon="-0.5663090">
    <ele>86.6</ele>
    <time>2020-06-20T10:59:43Z</time>
   </trkpt>
   <trkpt lat="51.1332260" lon="-0.5662250">
    <ele>86.6</ele>
    <time>2020-06-20T10:59:44Z</time>
   </trkpt>
   <trkpt lat="51.1332270" lon="-0.5661400">
    <ele>86.7</ele>
    <time>2020-06-20T10:59:45Z</time>
   </trkpt>
   <trkpt lat="51.1332270" lon="-0.5660520">
    <ele>86.8</ele>
    <time>2020-06-20T10:59:46Z</time>
   </trkpt>
   <trkpt lat="51.1332260" lon="-0.5659650">
    <ele>86.8</ele>
    <time>2020-06-20T10:59:47Z</time>
   </trkpt>
   <trkpt lat="51.1332250" lon="-0.5658760">
    <ele>86.9</ele>
    <time>2020-06-20T10:59:48Z</time>
   </trkpt>
   <trkpt lat="51.1332280" lon="-0.5657880">
    <ele>87.0</ele>
    <time>2020-06-20T10:59:49Z</time>
   </trkpt>
   <trkpt lat="51.1332270" lon="-0.5656990">
    <ele>87.0</ele>
    <time>2020-06-20T10:59:50Z</time>
   </trkpt>
   <trkpt lat="51.1332240" lon="-0.5656120">
    <ele>87.1</ele>
    <time>2020-06-20T10:59:51Z</time>
   </trkpt>
   <trkpt lat="51.1332210" lon="-0.5655220">
    <ele>87.1</ele>
    <time>2020-06-20T10:59:52Z</time>
   </trkpt>
   <trkpt lat="51.1332190" lon="-0.5654360">
    <ele>87.1</ele>
    <time>2020-06-20T10:59:53Z</time>
   </trkpt>
   <trkpt lat="51.1332170" lon="-0.5653480">
    <ele>87.2</ele>
    <time>2020-06-20T10:59:54Z</time>
   </trkpt>
   <trkpt lat="51.1332070" lon="-0.5652620">
    <ele>87.2</ele>
    <time>2020-06-20T10:59:55Z</time>
   </trkpt>
   <trkpt lat="51.1331960" lon="-0.5651800">
    <ele>87.2</ele>
    <time>2020-06-20T10:59:56Z</time>
   </trkpt>
   <trkpt lat="51.1331860" lon="-0.5650950">
    <ele>87.2</ele>
    <time>2020-06-20T10:59:57Z</time>
   </trkpt>
   <trkpt lat="51.1331700" lon="-0.5650210">
    <ele>87.2</ele>
    <time>2020-06-20T10:59:58Z</time>
   </trkpt>
   <trkpt lat="51.1331500" lon="-0.5649450">
    <ele>87.1</ele>
    <time>2020-06-20T10:59:59Z</time>
   </trkpt>
   <trkpt lat="51.1331260" lon="-0.5648570">
    <ele>87.0</ele>
    <time>2020-06-20T11:00:00Z</time>
   </trkpt>
   <trkpt lat="51.1330980" lon="-0.5647610">
    <ele>86.9</ele>
    <time>2020-06-20T11:00:01Z</time>
   </trkpt>
   <trkpt lat="51.1330700" lon="-0.5646770">
    <ele>86.7</ele>
    <time>2020-06-20T11:00:02Z</time>
   </trkpt>
   <trkpt lat="51.1330360" lon="-0.5646000">
    <ele>86.5</ele>
    <time>2020-06-20T11:00:03Z</time>
   </trkpt>
   <trkpt lat="51.1329960" lon="-0.5645150">
    <ele>86.2</ele>
    <time>2020-06-20T11:00:04Z</time>
   </trkpt>
   <trkpt lat="51.1329560" lon="-0.5644080">
    <ele>85.9</ele>
    <time>2020-06-20T11:00:05Z</time>
   </trkpt>
   <trkpt lat="51.1329150" lon="-0.5642930">
    <ele>85.5</ele>
    <time>2020-06-20T11:00:06Z</time>
   </trkpt>
   <trkpt lat="51.1328750" lon="-0.5641810">
    <ele>85.1</ele>
    <time>2020-06-20T11:00:07Z</time>
   </trkpt>
   <trkpt lat="51.1328260" lon="-0.5640690">
    <ele>84.7</ele>
    <time>2020-06-20T11:00:08Z</time>
   </trkpt>
   <trkpt lat="51.1327700" lon="-0.5639550">
    <ele>84.3</ele>
    <time>2020-06-20T11:00:09Z</time>
   </trkpt>
   <trkpt lat="51.1327150" lon="-0.5638310">
    <ele>83.9</ele>
    <time>2020-06-20T11:00:10Z</time>
   </trkpt>
   <trkpt lat="51.1326600" lon="-0.5637040">
    <ele>83.3</ele>
    <time>2020-06-20T11:00:11Z</time>
   </trkpt>
   <trkpt lat="51.1326050" lon="-0.5635730">
    <ele>82.8</ele>
    <time>2020-06-20T11:00:12Z</time>
   </trkpt>
   <trkpt lat="51.1325580" lon="-0.5634290">
    <ele>82.4</ele>
    <time>2020-06-20T11:00:13Z</time>
   </trkpt>
   <trkpt lat="51.1325150" lon="-0.5632920">
    <ele>82.0</ele>
    <time>2020-06-20T11:00:14Z</time>
   </trkpt>
   <trkpt lat="51.1324590" lon="-0.5631630">
    <ele>81.6</ele>
    <time>2020-06-20T11:00:15Z</time>
   </trkpt>
   <trkpt lat="51.1324080" lon="-0.5630260">
    <ele>81.3</ele>
    <time>2020-06-20T11:00:16Z</time>
   </trkpt>
   <trkpt lat="51.1323510" lon="-0.5629040">
    <ele>81.0</ele>
    <time>2020-06-20T11:00:17Z</time>
   </trkpt>
   <trkpt lat="51.1322960" lon="-0.5627800">
    <ele>80.7</ele>
    <time>2020-06-20T11:00:18Z</time>
   </trkpt>
   <trkpt lat="51.1322450" lon="-0.5626430">
    <ele>80.4</ele>
    <time>2020-06-20T11:00:19Z</time>
   </trkpt>
   <trkpt lat="51.1321850" lon="-0.5625030">
    <ele>80.0</ele>
    <time>2020-06-20T11:00:20Z</time>
   </trkpt>
   <trkpt lat="51.1321300" lon="-0.5623610">
    <ele>79.7</ele>
    <time>2020-06-20T11:00:21Z</time>
   </trkpt>
   <trkpt lat="51.1320740" lon="-0.5622230">
    <ele>79.4</ele>
    <time>2020-06-20T11:00:22Z</time>
   </trkpt>
   <trkpt lat="51.1320210" lon="-0.5620870">
    <ele>79.2</ele>
    <time>2020-06-20T11:00:23Z</time>
   </trkpt>
   <trkpt lat="51.1319650" lon="-0.5619500">
    <ele>78.9</ele>
    <time>2020-06-20T11:00:24Z</time>
   </trkpt>
   <trkpt lat="51.1319130" lon="-0.5618110">
    <ele>78.7</ele>
    <time>2020-06-20T11:00:25Z</time>
   </trkpt>
   <trkpt lat="51.1318630" lon="-0.5616640">
    <ele>78.5</ele>
    <time>2020-06-20T11:00:26Z</time>
   </trkpt>
   <trkpt lat="51.1318090" lon="-0.5615070">
    <ele>78.3</ele>
    <time>2020-06-20T11:00:27Z</time>
   </trkpt>
   <trkpt lat="51.1317540" lon="-0.5613700">
    <ele>78.0</ele>
    <time>2020-06-20T11:00:28Z</time>
   </trkpt>
   <trkpt lat="51.1317000" lon="-0.5612400">
    <ele>77.8</ele>
    <time>2020-06-20T11:00:29Z</time>
   </trkpt>
   <trkpt lat="51.1316450" lon="-0.5610990">
    <ele>77.6</ele>
    <time>2020-06-20T11:00:30Z</time>
   </trkpt>
   <trkpt lat="51.1315950" lon="-0.5609610">
    <ele>77.5</ele>
    <time>2020-06-20T11:00:31Z</time>
   </trkpt>
   <trkpt lat="51.1315420" lon="-0.5608250">
    <ele>77.3</ele>
    <time>2020-06-20T11:00:32Z</time>
   </trkpt>
   <trkpt lat="51.1314910" lon="-0.5606900">
    <ele>77.0</ele>
    <time>2020-06-20T11:00:33Z</time>
   </trkpt>
   <trkpt lat="51.1314440" lon="-0.5605490">
    <ele>76.8</ele>
    <time>2020-06-20T11:00:34Z</time>
   </trkpt>
   <trkpt lat="51.1313950" lon="-0.5604060">
    <ele>76.5</ele>
    <time>2020-06-20T11:00:35Z</time>
   </trkpt>
   <trkpt lat="51.1313360" lon="-0.5602840">
    <ele>76.4</ele>
    <time>2020-06-20T11:00:36Z</time>
   </trkpt>
   <trkpt lat="51.1312780" lon="-0.5601670">
    <ele>76.2</ele>
    <time>2020-06-20T11:00:37Z</time>
   </trkpt>
   <trkpt lat="51.1312300" lon="-0.5600360">
    <ele>76.0</ele>
    <time>2020-06-20T11:00:38Z</time>
   </trkpt>
   <trkpt lat="51.1311800" lon="-0.5598930">
    <ele>75.9</ele>
    <time>2020-06-20T11:00:39Z</time>
   </trkpt>
   <trkpt lat="51.1311260" lon="-0.5597550">
    <ele>75.7</ele>
    <time>2020-06-20T11:00:40Z</time>
   </trkpt>
   <trkpt lat="51.1310790" lon="-0.5596240">
    <ele>75.5</ele>
    <time>2020-06-20T11:00:41Z</time>
   </trkpt>
   <trkpt lat="51.1310380" lon="-0.5594880">
    <ele>75.4</ele>
    <time>2020-06-20T11:00:42Z</time>
   </trkpt>
   <trkpt lat="51.1309990" lon="-0.5593380">
    <ele>75.2</ele>
    <time>2020-06-20T11:00:43Z</time>
   </trkpt>
   <trkpt lat="51.1309490" lon="-0.5591990">
    <ele>74.9</ele>
    <time>2020-06-20T11:00:44Z</time>
   </trkpt>
   <trkpt lat="51.1308880" lon="-0.5590700">
    <ele>74.6</ele>
    <time>2020-06-20T11:00:45Z</time>
   </trkpt>
   <trkpt lat="51.1308350" lon="-0.5589490">
    <ele>74.3</ele>
    <time>2020-06-20T11:00:46Z</time>
   </trkpt>
   <trkpt lat="51.1307840" lon="-0.5588230">
    <ele>74.0</ele>
    <time>2020-06-20T11:00:47Z</time>
   </trkpt>
   <trkpt lat="51.1307310" lon="-0.5586930">
    <ele>73.8</ele>
    <time>2020-06-20T11:00:48Z</time>
   </trkpt>
   <trkpt lat="51.1306770" lon="-0.5585550">
    <ele>73.5</ele>
    <time>2020-06-20T11:00:49Z</time>
   </trkpt>
   <trkpt lat="51.1306210" lon="-0.5584220">
    <ele>73.3</ele>
    <time>2020-06-20T11:00:50Z</time>
   </trkpt>
   <trkpt lat="51.1305670" lon="-0.5582920">
    <ele>73.0</ele>
    <time>2020-06-20T11:00:51Z</time>
   </trkpt>
   <trkpt lat="51.1305160" lon="-0.5581580">
    <ele>72.7</ele>
    <time>2020-06-20T11:00:52Z</time>
   </trkpt>
   <trkpt lat="51.1304590" lon="-0.5580200">
    <ele>72.4</ele>
    <time>2020-06-20T11:00:53Z</time>
   </trkpt>
   <trkpt lat="51.1304030" lon="-0.5578850">
    <ele>72.1</ele>
    <time>2020-06-20T11:00:54Z</time>
   </trkpt>
   <trkpt lat="51.1303520" lon="-0.5577550">
    <ele>71.8</ele>
    <time>2020-06-20T11:00:55Z</time>
   </trkpt>
   <trkpt lat="51.1303010" lon="-0.5576130">
    <ele>71.5</ele>
    <time>2020-06-20T11:00:56Z</time>
   </trkpt>
   <trkpt lat="51.1302520" lon="-0.5574610">
    <ele>71.3</ele>
    <time>2020-06-20T11:00:57Z</time>
   </trkpt>
   <trkpt lat="51.1301970" lon="-0.5573190">
    <ele>71.0</ele>
    <time>2020-06-20T11:00:58Z</time>
   </trkpt>
   <trkpt lat="51.1301430" lon="-0.5571780">
    <ele>70.7</ele>
    <time>2020-06-20T11:00:59Z</time>
   </trkpt>
   <trkpt lat="51.1300880" lon="-0.5570440">
    <ele>70.5</ele>
    <time>2020-06-20T11:01:00Z</time>
   </trkpt>
   <trkpt lat="51.1300320" lon="-0.5569040">
    <ele>70.1</ele>
    <time>2020-06-20T11:01:01Z</time>
   </trkpt>
   <trkpt lat="51.1299810" lon="-0.5567710">
    <ele>69.8</ele>
    <time>2020-06-20T11:01:02Z</time>
   </trkpt>
   <trkpt lat="51.1299230" lon="-0.5566410">
    <ele>69.4</ele>
    <time>2020-06-20T11:01:03Z</time>
   </trkpt>
   <trkpt lat="51.1298680" lon="-0.5565070">
    <ele>69.1</ele>
    <time>2020-06-20T11:01:04Z</time>
   </trkpt>
   <trkpt lat="51.1298180" lon="-0.5563690">
    <ele>68.8</ele>
    <time>2020-06-20T11:01:05Z</time>
   </trkpt>
   <trkpt lat="51.1297670" lon="-0.5562300">
    <ele>68.6</ele>
    <time>2020-06-20T11:01:06Z</time>
   </trkpt>
   <trkpt lat="51.1297140" lon="-0.5560910">
    <ele>68.3</ele>
    <time>2020-06-20T11:01:07Z</time>
   </trkpt>
   <trkpt lat="51.1296570" lon="-0.5559610">
    <ele>68.0</ele>
    <time>2020-06-20T11:01:08Z</time>
   </trkpt>
   <trkpt lat="51.1296020" lon="-0.5558190">
    <ele>67.7</ele>
    <time>2020-06-20T11:01:09Z</time>
   </trkpt>
   <trkpt lat="51.1295460" lon="-0.5556800">
    <ele>67.4</ele>
    <time>2020-06-20T11:01:10Z</time>
   </trkpt>
   <trkpt lat="51.1294880" lon="-0.5555470">
    <ele>67.2</ele>
    <time>2020-06-20T11:01:11Z</time>
   </trkpt>
   <trkpt lat="51.1294270" lon="-0.5554160">
    <ele>67.0</ele>
    <time>2020-06-20T11:01:12Z</time>
   </trkpt>
   <trkpt lat="51.1293680" lon="-0.5552920">
    <ele>66.9</ele>
    <time>2020-06-20T11:01:13Z</time>
   </trkpt>
   <trkpt lat="51.1293070" lon="-0.5551650">
    <ele>66.7</ele>
    <time>2020-06-20T11:01:14Z</time>
   </trkpt>
   <trkpt lat="51.1292460" lon="-0.5550390">
    <ele>66.6</ele>
    <time>2020-06-20T11:01:15Z</time>
   </trkpt>
   <trkpt lat="51.1291870" lon="-0.5549110">
    <ele>66.6</ele>
    <time>2020-06-20T11:01:16Z</time>
   </trkpt>
   <trkpt lat="51.1291260" lon="-0.5547780">
    <ele>66.5</ele>
    <time>2020-06-20T11:01:17Z</time>
   </trkpt>
   <trkpt lat="51.1290660" lon="-0.5546430">
    <ele>66.5</ele>
    <time>2020-06-20T11:01:18Z</time>
   </trkpt>
   <trkpt lat="51.1290150" lon="-0.5545050">
    <ele>66.5</ele>
    <time>2020-06-20T11:01:19Z</time>
   </trkpt>
   <trkpt lat="51.1289790" lon="-0.5543480">
    <ele>66.5</ele>
    <time>2020-06-20T11:01:20Z</time>
   </trkpt>
   <trkpt lat="51.1289660" lon="-0.5541850">
    <ele>66.4</ele>
    <time>2020-06-20T11:01:21Z</time>
   </trkpt>
   <trkpt lat="51.1289670" lon="-0.5540230">
    <ele>66.3</ele>
    <time>2020-06-20T11:01:22Z</time>
   </trkpt>
   <trkpt lat="51.1289900" lon="-0.5538740">
    <ele>66.2</ele>
    <time>2020-06-20T11:01:23Z</time>
   </trkpt>
   <trkpt lat="51.1290300" lon="-0.5537290">
    <ele>66.2</ele>
    <time>2020-06-20T11:01:24Z</time>
   </trkpt>
   <trkpt lat="51.1290710" lon="-0.5535850">
    <ele>66.2</ele>
    <time>2020-06-20T11:01:25Z</time>
   </trkpt>
   <trkpt lat="51.1291050" lon="-0.5534470">
    <ele>66.3</ele>
    <time>2020-06-20T11:01:26Z</time>
   </trkpt>
   <trkpt lat="51.1291380" lon="-0.5533130">
    <ele>66.4</ele>
    <time>2020-06-20T11:01:27Z</time>
   </trkpt>
   <trkpt lat="51.1291690" lon="-0.5531730">
    <ele>66.6</ele>
    <time>2020-06-20T11:01:28Z</time>
   </trkpt>
   <trkpt lat="51.1291940" lon="-0.5530240">
    <ele>66.6</ele>
    <time>2020-06-20T11:01:29Z</time>
   </trkpt>
   <trkpt lat="51.1292240" lon="-0.5528860">
    <ele>66.7</ele>
    <time>2020-06-20T11:01:30Z</time>
   </trkpt>
   <trkpt lat="51.1292580" lon="-0.5527610">
    <ele>66.6</ele>
    <time>2020-06-20T11:01:31Z</time>
   </trkpt>
   <trkpt lat="51.1293110" lon="-0.5526510">
    <ele>66.6</ele>
    <time>2020-06-20T11:01:32Z</time>
   </trkpt>
   <trkpt lat="51.1293640" lon="-0.5525360">
    <ele>66.5</ele>
    <time>2020-06-20T11:01:33Z</time>
   </trkpt>
   <trkpt lat="51.1294120" lon="-0.5524240">
    <ele>66.3</ele>
    <time>2020-06-20T11:01:34Z</time>
   </trkpt>
   <trkpt lat="51.1294470" lon="-0.5523140">
    <ele>66.1</ele>
    <time>2020-06-20T11:01:35Z</time>
   </trkpt>
   <trkpt lat="51.1294830" lon="-0.5522050">
    <ele>65.9</ele>
    <time>2020-06-20T11:01:36Z</time>
   </trkpt>
   <trkpt lat="51.1295220" lon="-0.5520870">
    <ele>65.8</ele>
    <time>2020-06-20T11:01:37Z</time>
   </trkpt>
   <trkpt lat="51.1295610" lon="-0.5519680">
    <ele>65.6</ele>
    <time>2020-06-20T11:01:38Z</time>
   </trkpt>
   <trkpt lat="51.1295930" lon="-0.5518500">
    <ele>65.4</ele>
    <time>2020-06-20T11:01:39Z</time>
   </trkpt>
   <trkpt lat="51.1296220" lon="-0.5517410">
    <ele>65.3</ele>
    <time>2020-06-20T11:01:40Z</time>
   </trkpt>
   <trkpt lat="51.1296540" lon="-0.5516400">
    <ele>65.2</ele>
    <time>2020-06-20T11:01:41Z</time>
   </trkpt>
   <trkpt lat="51.1296840" lon="-0.5515240">
    <ele>65.2</ele>
    <time>2020-06-20T11:01:42Z</time>
   </trkpt>
   <trkpt lat="51.1297140" lon="-0.5513950">
    <ele>65.1</ele>
    <time>2020-06-20T11:01:43Z</time>
   </trkpt>
   <trkpt lat="51.1297410" lon="-0.5512750">
    <ele>65.1</ele>
    <time>2020-06-20T11:01:44Z</time>
   </trkpt>
   <trkpt lat="51.1297670" lon="-0.5511450">
    <ele>65.1</ele>
    <time>2020-06-20T11:01:45Z</time>
   </trkpt>
   <trkpt lat="51.1297980" lon="-0.5510120">
    <ele>65.2</ele>
    <time>2020-06-20T11:01:46Z</time>
   </trkpt>
   <trkpt lat="51.1298270" lon="-0.5508910">
    <ele>65.3</ele>
    <time>2020-06-20T11:01:47Z</time>
   </trkpt>
   <trkpt lat="51.1298550" lon="-0.5507690">
    <ele>65.3</ele>
    <time>2020-06-20T11:01:48Z</time>
   </trkpt>
   <trkpt lat="51.1298810" lon="-0.5506380">
    <ele>65.1</ele>
    <time>2020-06-20T11:01:49Z</time>
   </trkpt>
   <trkpt lat="51.1299050" lon="-0.5505060">
    <ele>65.0</ele>
    <time>2020-06-20T11:01:50Z</time>
   </trkpt>
   <trkpt lat="51.1299340" lon="-0.5503860">
    <ele>64.9</ele>
    <time>2020-06-20T11:01:51Z</time>
   </trkpt>
   <trkpt lat="51.1299600" lon="-0.5502520">
    <ele>64.8</ele>
    <time>2020-06-20T11:01:52Z</time>
   </trkpt>
   <trkpt lat="51.1299800" lon="-0.5501310">
    <ele>64.8</ele>
    <time>2020-06-20T11:01:53Z</time>
   </trkpt>
   <trkpt lat="51.1300030" lon="-0.5500150">
    <ele>64.8</ele>
    <time>2020-06-20T11:01:54Z</time>
   </trkpt>
   <trkpt lat="51.1300260" lon="-0.5498910">
    <ele>64.9</ele>
    <time>2020-06-20T11:01:55Z</time>
   </trkpt>
   <trkpt lat="51.1300530" lon="-0.5497630">
    <ele>64.9</ele>
    <time>2020-06-20T11:01:56Z</time>
   </trkpt>
   <trkpt lat="51.1300830" lon="-0.5496360">
    <ele>64.9</ele>
    <time>2020-06-20T11:01:57Z</time>
   </trkpt>
   <trkpt lat="51.1301080" lon="-0.5495070">
    <ele>64.9</ele>
    <time>2020-06-20T11:01:58Z</time>
   </trkpt>
   <trkpt lat="51.1301360" lon="-0.5493960">
    <ele>64.9</ele>
    <time>2020-06-20T11:01:59Z</time>
   </trkpt>
   <trkpt lat="51.1301700" lon="-0.5492880">
    <ele>64.9</ele>
    <time>2020-06-20T11:02:00Z</time>
   </trkpt>
   <trkpt lat="51.1302100" lon="-0.5491760">
    <ele>64.9</ele>
    <time>2020-06-20T11:02:01Z</time>
   </trkpt>
   <trkpt lat="51.1302480" lon="-0.5490690">
    <ele>64.9</ele>
    <time>2020-06-20T11:02:02Z</time>
   </trkpt>
   <trkpt lat="51.1302750" lon="-0.5489580">
    <ele>64.9</ele>
    <time>2020-06-20T11:02:03Z</time>
   </trkpt>
   <trkpt lat="51.1303120" lon="-0.5488540">
    <ele>65.0</ele>
    <time>2020-06-20T11:02:04Z</time>
   </trkpt>
   <trkpt lat="51.1303460" lon="-0.5487460">
    <ele>65.0</ele>
    <time>2020-06-20T11:02:05Z</time>
   </trkpt>
   <trkpt lat="51.1303780" lon="-0.5486270">
    <ele>65.1</ele>
    <time>2020-06-20T11:02:06Z</time>
   </trkpt>
   <trkpt lat="51.1304070" lon="-0.5485140">
    <ele>65.2</ele>
    <time>2020-06-20T11:02:07Z</time>
   </trkpt>
   <trkpt lat="51.1304390" lon="-0.5483980">
    <ele>65.4</ele>
    <time>2020-06-20T11:02:08Z</time>
   </trkpt>
   <trkpt lat="51.1304690" lon="-0.5482890">
    <ele>65.6</ele>
    <time>2020-06-20T11:02:09Z</time>
   </trkpt>
   <trkpt lat="51.1305030" lon="-0.5481900">
    <ele>65.7</ele>
    <time>2020-06-20T11:02:10Z</time>
   </trkpt>
   <trkpt lat="51.1305430" lon="-0.5480910">
    <ele>65.7</ele>
    <time>2020-06-20T11:02:11Z</time>
   </trkpt>
   <trkpt lat="51.1305870" lon="-0.5479780">
    <ele>65.8</ele>
    <time>2020-06-20T11:02:12Z</time>
   </trkpt>
   <trkpt lat="51.1306280" lon="-0.5478740">
    <ele>65.9</ele>
    <time>2020-06-20T11:02:13Z</time>
   </trkpt>
   <trkpt lat="51.1306660" lon="-0.5477850">
    <ele>66.0</ele>
    <time>2020-06-20T11:02:14Z</time>
   </trkpt>
   <trkpt lat="51.1306980" lon="-0.5476890">
    <ele>66.0</ele>
    <time>2020-06-20T11:02:15Z</time>
   </trkpt>
   <trkpt lat="51.1307320" lon="-0.5475990">
    <ele>66.1</ele>
    <time>2020-06-20T11:02:16Z</time>
   </trkpt>
   <trkpt lat="51.1307680" lon="-0.5475100">
    <ele>66.2</ele>
    <time>2020-06-20T11:02:17Z</time>
   </trkpt>
   <trkpt lat="51.1307980" lon="-0.5474140">
    <ele>66.3</ele>
    <time>2020-06-20T11:02:18Z</time>
   </trkpt>
   <trkpt lat="51.1308410" lon="-0.5473150">
    <ele>66.4</ele>
    <time>2020-06-20T11:02:19Z</time>
   </trkpt>
   <trkpt lat="51.1308840" lon="-0.5472330">
    <ele>66.5</ele>
    <time>2020-06-20T11:02:20Z</time>
   </trkpt>
   <trkpt lat="51.1309180" lon="-0.5471330">
    <ele>66.5</ele>
    <time>2020-06-20T11:02:21Z</time>
   </trkpt>
   <trkpt lat="51.1309520" lon="-0.5470410">
    <ele>66.6</ele>
    <time>2020-06-20T11:02:22Z</time>
   </trkpt>
   <trkpt lat="51.1309810" lon="-0.5469510">
    <ele>66.7</ele>
    <time>2020-06-20T11:02:23Z</time>
   </trkpt>
   <trkpt lat="51.1310110" lon="-0.5468470">
    <ele>66.7</ele>
    <time>2020-06-20T11:02:24Z</time>
   </trkpt>
   <trkpt lat="51.1310380" lon="-0.5467470">
    <ele>66.7</ele>
    <time>2020-06-20T11:02:25Z</time>
   </trkpt>
   <trkpt lat="51.1310650" lon="-0.5466420">
    <ele>66.7</ele>
    <time>2020-06-20T11:02:26Z</time>
   </trkpt>
   <trkpt lat="51.1311010" lon="-0.5465450">
    <ele>66.7</ele>
    <time>2020-06-20T11:02:27Z</time>
   </trkpt>
   <trkpt lat="51.1311400" lon="-0.5464470">
    <ele>66.6</ele>
    <time>2020-06-20T11:02:28Z</time>
   </trkpt>
   <trkpt lat="51.1311830" lon="-0.5463490">
    <ele>66.5</ele>
    <time>2020-06-20T11:02:29Z</time>
   </trkpt>
   <trkpt lat="51.1312180" lon="-0.5462580">
    <ele>66.4</ele>
    <time>2020-06-20T11:02:30Z</time>
   </trkpt>
   <trkpt lat="51.1312550" lon="-0.5461570">
    <ele>66.3</ele>
    <time>2020-06-20T11:02:31Z</time>
   </trkpt>
   <trkpt lat="51.1313030" lon="-0.5460550">
    <ele>66.2</ele>
    <time>2020-06-20T11:02:32Z</time>
   </trkpt>
   <trkpt lat="51.1313440" lon="-0.5459550">
    <ele>66.0</ele>
    <time>2020-06-20T11:02:33Z</time>
   </trkpt>
   <trkpt lat="51.1313800" lon="-0.5458570">
    <ele>65.8</ele>
    <time>2020-06-20T11:02:34Z</time>
   </trkpt>
   <trkpt lat="51.1314250" lon="-0.5457580">
    <ele>65.6</ele>
    <time>2020-06-20T11:02:35Z</time>
   </trkpt>
   <trkpt lat="51.1314780" lon="-0.5456680">
    <ele>65.5</ele>
    <time>2020-06-20T11:02:36Z</time>
   </trkpt>
   <trkpt lat="51.1315210" lon="-0.5455670">
    <ele>65.4</ele>
    <time>2020-06-20T11:02:37Z</time>
   </trkpt>
   <trkpt lat="51.1315670" lon="-0.5454620">
    <ele>65.3</ele>
    <time>2020-06-20T11:02:38Z</time>
   </trkpt>
   <trkpt lat="51.1316160" lon="-0.5453660">
    <ele>65.1</ele>
    <time>2020-06-20T11:02:39Z</time>
   </trkpt>
   <trkpt lat="51.1316720" lon="-0.5452830">
    <ele>64.8</ele>
    <time>2020-06-20T11:02:40Z</time>
   </trkpt>
   <trkpt lat="51.1317280" lon="-0.5451890">
    <ele>64.6</ele>
    <time>2020-06-20T11:02:41Z</time>
   </trkpt>
   <trkpt lat="51.1317800" lon="-0.5450890">
    <ele>64.4</ele>
    <time>2020-06-20T11:02:42Z</time>
   </trkpt>
   <trkpt lat="51.1318240" lon="-0.5449910">
    <ele>64.2</ele>
    <time>2020-06-20T11:02:43Z</time>
   </trkpt>
   <trkpt lat="51.1318780" lon="-0.5448860">
    <ele>64.0</ele>
    <time>2020-06-20T11:02:44Z</time>
   </trkpt>
   <trkpt lat="51.1319280" lon="-0.5447740">
    <ele>63.8</ele>
    <time>2020-06-20T11:02:45Z</time>
   </trkpt>
   <trkpt lat="51.1319710" lon="-0.5446560">
    <ele>63.5</ele>
    <time>2020-06-20T11:02:46Z</time>
   </trkpt>
   <trkpt lat="51.1320160" lon="-0.5445420">
    <ele>63.2</ele>
    <time>2020-06-20T11:02:47Z</time>
   </trkpt>
   <trkpt lat="51.1320710" lon="-0.5444400">
    <ele>63.0</ele>
    <time>2020-06-20T11:02:48Z</time>
   </trkpt>
   <trkpt lat="51.1321260" lon="-0.5443350">
    <ele>62.7</ele>
    <time>2020-06-20T11:02:49Z</time>
   </trkpt>
   <trkpt lat="51.1321860" lon="-0.5442260">
    <ele>62.5</ele>
    <time>2020-06-20T11:02:50Z</time>
   </trkpt>
   <trkpt lat="51.1322530" lon="-0.5441320">
    <ele>62.2</ele>
    <time>2020-06-20T11:02:51Z</time>
   </trkpt>
   <trkpt lat="51.1323160" lon="-0.5440470">
    <ele>61.9</ele>
    <time>2020-06-20T11:02:52Z</time>
   </trkpt>
   <trkpt lat="51.1323660" lon="-0.5439600">
    <ele>61.7</ele>
    <time>2020-06-20T11:02:53Z</time>
   </trkpt>
   <trkpt lat="51.1324130" lon="-0.5438670">
    <ele>61.5</ele>
    <time>2020-06-20T11:02:54Z</time>
   </trkpt>
   <trkpt lat="51.1324710" lon="-0.5437530">
    <ele>61.3</ele>
    <time>2020-06-20T11:02:55Z</time>
   </trkpt>
   <trkpt lat="51.1325260" lon="-0.5436350">
    <ele>61.0</ele>
    <time>2020-06-20T11:02:56Z</time>
   </trkpt>
   <trkpt lat="51.1325750" lon="-0.5435180">
    <ele>60.8</ele>
    <time>2020-06-20T11:02:57Z</time>
   </trkpt>
   <trkpt lat="51.1326240" lon="-0.5433990">
    <ele>60.6</ele>
    <time>2020-06-20T11:02:58Z</time>
   </trkpt>
   <trkpt lat="51.1326840" lon="-0.5432760">
    <ele>60.3</ele>
    <time>2020-06-20T11:02:59Z</time>
   </trkpt>
   <trkpt lat="51.1327430" lon="-0.5431620">
    <ele>60.2</ele>
    <time>2020-06-20T11:03:00Z</time>
   </trkpt>
   <trkpt lat="51.1328030" lon="-0.5430550">
    <ele>60.0</ele>
    <time>2020-06-20T11:03:01Z</time>
   </trkpt>
   <trkpt lat="51.1328610" lon="-0.5429420">
    <ele>59.9</ele>
    <time>2020-06-20T11:03:02Z</time>
   </trkpt>
   <trkpt lat="51.1329150" lon="-0.5428180">
    <ele>59.8</ele>
    <time>2020-06-20T11:03:03Z</time>
   </trkpt>
   <trkpt lat="51.1329650" lon="-0.5426910">
    <ele>59.7</ele>
    <time>2020-06-20T11:03:04Z</time>
   </trkpt>
   <trkpt lat="51.1330160" lon="-0.5425710">
    <ele>59.6</ele>
    <time>2020-06-20T11:03:05Z</time>
   </trkpt>
   <trkpt lat="51.1330750" lon="-0.5424760">
    <ele>59.5</ele>
    <time>2020-06-20T11:03:06Z</time>
   </trkpt>
   <trkpt lat="51.1331450" lon="-0.5423790">
    <ele>59.5</ele>
    <time>2020-06-20T11:03:07Z</time>
   </trkpt>
   <trkpt lat="51.1332080" lon="-0.5422780">
    <ele>59.5</ele>
    <time>2020-06-20T11:03:08Z</time>
   </trkpt>
   <trkpt lat="51.1332600" lon="-0.5421720">
    <ele>59.5</ele>
    <time>2020-06-20T11:03:09Z</time>
   </trkpt>
   <trkpt lat="51.1333190" lon="-0.5420680">
    <ele>59.5</ele>
    <time>2020-06-20T11:03:10Z</time>
   </trkpt>
   <trkpt lat="51.1333800" lon="-0.5419590">
    <ele>59.6</ele>
    <time>2020-06-20T11:03:11Z</time>
   </trkpt>
   <trkpt lat="51.1334370" lon="-0.5418480">
    <ele>59.6</ele>
    <time>2020-06-20T11:03:12Z</time>
   </trkpt>
   <trkpt lat="51.1334910" lon="-0.5417460">
    <ele>59.7</ele>
    <time>2020-06-20T11:03:13Z</time>
   </trkpt>
   <trkpt lat="51.1335510" lon="-0.5416420">
    <ele>59.8</ele>
    <time>2020-06-20T11:03:14Z</time>
   </trkpt>
   <trkpt lat="51.1336060" lon="-0.5415440">
    <ele>59.8</ele>
    <time>2020-06-20T11:03:15Z</time>
   </trkpt>
   <trkpt lat="51.1336590" lon="-0.5414530">
    <ele>59.9</ele>
    <time>2020-06-20T11:03:16Z</time>
   </trkpt>
   <trkpt lat="51.1337170" lon="-0.5413610">
    <ele>60.0</ele>
    <time>2020-06-20T11:03:17Z</time>
   </trkpt>
   <trkpt lat="51.1337710" lon="-0.5412740">
    <ele>60.0</ele>
    <time>2020-06-20T11:03:18Z</time>
   </trkpt>
   <trkpt lat="51.1338180" lon="-0.5412080">
    <ele>60.1</ele>
    <time>2020-06-20T11:03:19Z</time>
   </trkpt>
   <trkpt lat="51.1338660" lon="-0.5411340">
    <ele>60.2</ele>
    <time>2020-06-20T11:03:20Z</time>
   </trkpt>
   <trkpt lat="51.1339160" lon="-0.5410390">
    <ele>60.3</ele>
    <time>2020-06-20T11:03:21Z</time>
   </trkpt>
   <trkpt lat="51.1339570" lon="-0.5409420">
    <ele>60.5</ele>
    <time>2020-06-20T11:03:22Z</time>
   </trkpt>
   <trkpt lat="51.1340250" lon="-0.5408550">
    <ele>60.7</ele>
    <time>2020-06-20T11:03:23Z</time>
   </trkpt>
   <trkpt lat="51.1340800" lon="-0.5407650">
    <ele>60.8</ele>
    <time>2020-06-20T11:03:24Z</time>
   </trkpt>
   <trkpt lat="51.1341180" lon="-0.5406710">
    <ele>61.0</ele>
    <time>2020-06-20T11:03:25Z</time>
   </trkpt>
   <trkpt lat="51.1341590" lon="-0.5405850">
    <ele>61.2</ele>
    <time>2020-06-20T11:03:26Z</time>
   </trkpt>
   <trkpt lat="51.1342010" lon="-0.5405040">
    <ele>61.5</ele>
    <time>2020-06-20T11:03:27Z</time>
   </trkpt>
   <trkpt lat="51.1342460" lon="-0.5404280">
    <ele>61.7</ele>
    <time>2020-06-20T11:03:28Z</time>
   </trkpt>
   <trkpt lat="51.1342950" lon="-0.5403570">
    <ele>62.0</ele>
    <time>2020-06-20T11:03:29Z</time>
   </trkpt>
   <trkpt lat="51.1343300" lon="-0.5402760">
    <ele>62.3</ele>
    <time>2020-06-20T11:03:30Z</time>
   </trkpt>
   <trkpt lat="51.1343600" lon="-0.5401970">
    <ele>62.6</ele>
    <time>2020-06-20T11:03:31Z</time>
   </trkpt>
   <trkpt lat="51.1343920" lon="-0.5401070">
    <ele>62.9</ele>
    <time>2020-06-20T11:03:32Z</time>
   </trkpt>
   <trkpt lat="51.1344240" lon="-0.5400150">
    <ele>63.3</ele>
    <time>2020-06-20T11:03:33Z</time>
   </trkpt>
   <trkpt lat="51.1344580" lon="-0.5399430">
    <ele>63.6</ele>
    <time>2020-06-20T11:03:34Z</time>
   </trkpt>
   <trkpt lat="51.1344830" lon="-0.5398710">
    <ele>63.9</ele>
    <time>2020-06-20T11:03:35Z</time>
   </trkpt>
   <trkpt lat="51.1345060" lon="-0.5397860">
    <ele>64.3</ele>
    <time>2020-06-20T11:03:36Z</time>
   </trkpt>
   <trkpt lat="51.1345290" lon="-0.5397010">
    <ele>64.5</ele>
    <time>2020-06-20T11:03:37Z</time>
   </trkpt>
   <trkpt lat="51.1345410" lon="-0.5396110">
    <ele>64.8</ele>
    <time>2020-06-20T11:03:38Z</time>
   </trkpt>
   <trkpt lat="51.1345490" lon="-0.5395360">
    <ele>64.9</ele>
    <time>2020-06-20T11:03:39Z</time>
   </trkpt>
   <trkpt lat="51.1345470" lon="-0.5394520">
    <ele>64.9</ele>
    <time>2020-06-20T11:03:40Z</time>
   </trkpt>
   <trkpt lat="51.1345340" lon="-0.5393750">
    <ele>64.9</ele>
    <time>2020-06-20T11:03:41Z</time>
   </trkpt>
   <trkpt lat="51.1345140" lon="-0.5392940">
    <ele>64.6</ele>
    <time>2020-06-20T11:03:42Z</time>
   </trkpt>
   <trkpt lat="51.1344820" lon="-0.5392180">
    <ele>64.3</ele>
    <time>2020-06-20T11:03:43Z</time>
   </trkpt>
   <trkpt lat="51.1344370" lon="-0.5391530">
    <ele>64.0</ele>
    <time>2020-06-20T11:03:44Z</time>
   </trkpt>
   <trkpt lat="51.1343790" lon="-0.5390910">
    <ele>63.5</ele>
    <time>2020-06-20T11:03:45Z</time>
   </trkpt>
   <trkpt lat="51.1343160" lon="-0.5390300">
    <ele>63.0</ele>
    <time>2020-06-20T11:03:46Z</time>
   </trkpt>
   <trkpt lat="51.1342460" lon="-0.5389710">
    <ele>62.4</ele>
    <time>2020-06-20T11:03:47Z</time>
   </trkpt>
   <trkpt lat="51.1341740" lon="-0.5389200">
    <ele>61.9</ele>
    <time>2020-06-20T11:03:48Z</time>
   </trkpt>
   <trkpt lat="51.1340970" lon="-0.5388610">
    <ele>61.3</ele>
    <time>2020-06-20T11:03:49Z</time>
   </trkpt>
   <trkpt lat="51.1340200" lon="-0.5387920">
    <ele>60.7</ele>
    <time>2020-06-20T11:03:50Z</time>
   </trkpt>
   <trkpt lat="51.1339410" lon="-0.5387240">
    <ele>60.1</ele>
    <time>2020-06-20T11:03:51Z</time>
   </trkpt>
   <trkpt lat="51.1338580" lon="-0.5386560">
    <ele>59.5</ele>
    <time>2020-06-20T11:03:52Z</time>
   </trkpt>
   <trkpt lat="51.1337710" lon="-0.5385880">
    <ele>59.0</ele>
    <time>2020-06-20T11:03:53Z</time>
   </trkpt>
   <trkpt lat="51.1336870" lon="-0.5385160">
    <ele>58.5</ele>
    <time>2020-06-20T11:03:54Z</time>
   </trkpt>
   <trkpt lat="51.1336060" lon="-0.5384400">
    <ele>58.1</ele>
    <time>2020-06-20T11:03:55Z</time>
   </trkpt>
   <trkpt lat="51.1335230" lon="-0.5383620">
    <ele>57.7</ele>
    <time>2020-06-20T11:03:56Z</time>
   </trkpt>
   <trkpt lat="51.1334390" lon="-0.5382870">
    <ele>57.4</ele>
    <time>2020-06-20T11:03:57Z</time>
   </trkpt>
   <trkpt lat="51.1333520" lon="-0.5382100">
    <ele>57.1</ele>
    <time>2020-06-20T11:03:58Z</time>
   </trkpt>
   <trkpt lat="51.1332690" lon="-0.5381350">
    <ele>56.9</ele>
    <time>2020-06-20T11:03:59Z</time>
   </trkpt>
   <trkpt lat="51.1331890" lon="-0.5380670">
    <ele>56.7</ele>
    <time>2020-06-20T11:04:00Z</time>
   </trkpt>
   <trkpt lat="51.1331130" lon="-0.5380080">
    <ele>56.5</ele>
    <time>2020-06-20T11:04:01Z</time>
   </trkpt>
   <trkpt lat="51.1330430" lon="-0.5379310">
    <ele>56.5</ele>
    <time>2020-06-20T11:04:02Z</time>
   </trkpt>
   <trkpt lat="51.1329930" lon="-0.5378390">
    <ele>56.6</ele>
    <time>2020-06-20T11:04:03Z</time>
   </trkpt>
   <trkpt lat="51.1329740" lon="-0.5377250">
    <ele>56.7</ele>
    <time>2020-06-20T11:04:04Z</time>
   </trkpt>
   <trkpt lat="51.1329840" lon="-0.5376140">
    <ele>56.7</ele>
    <time>2020-06-20T11:04:05Z</time>
   </trkpt>
   <trkpt lat="51.1330330" lon="-0.5375180">
    <ele>56.6</ele>
    <time>2020-06-20T11:04:06Z</time>
   </trkpt>
   <trkpt lat="51.1331010" lon="-0.5374400">
    <ele>56.6</ele>
    <time>2020-06-20T11:04:07Z</time>
   </trkpt>
   <trkpt lat="51.1331730" lon="-0.5373810">
    <ele>56.7</ele>
    <time>2020-06-20T11:04:08Z</time>
   </trkpt>
   <trkpt lat="51.1332440" lon="-0.5373370">
    <ele>56.8</ele>
    <time>2020-06-20T11:04:09Z</time>
   </trkpt>
   <trkpt lat="51.1333160" lon="-0.5372800">
    <ele>57.0</ele>
    <time>2020-06-20T11:04:10Z</time>
   </trkpt>
   <trkpt lat="51.1333860" lon="-0.5372160">
    <ele>57.2</ele>
    <time>2020-06-20T11:04:11Z</time>
   </trkpt>
   <trkpt lat="51.1334640" lon="-0.5371580">
    <ele>57.4</ele>
    <time>2020-06-20T11:04:12Z</time>
   </trkpt>
   <trkpt lat="51.1335270" lon="-0.5370970">
    <ele>57.6</ele>
    <time>2020-06-20T11:04:13Z</time>
   </trkpt>
   <trkpt lat="51.1335890" lon="-0.5370250">
    <ele>57.8</ele>
    <time>2020-06-20T11:04:14Z</time>
   </trkpt>
   <trkpt lat="51.1336560" lon="-0.5369630">
    <ele>57.9</ele>
    <time>2020-06-20T11:04:15Z</time>
   </trkpt>
   <trkpt lat="51.1337210" lon="-0.5368960">
    <ele>58.0</ele>
    <time>2020-06-20T11:04:16Z</time>
   </trkpt>
   <trkpt lat="51.1337880" lon="-0.5368160">
    <ele>58.0</ele>
    <time>2020-06-20T11:04:17Z</time>
   </trkpt>
   <trkpt lat="51.1338510" lon="-0.5367340">
    <ele>57.9</ele>
    <time>2020-06-20T11:04:18Z</time>
   </trkpt>
   <trkpt lat="51.1339020" lon="-0.5366550">
    <ele>57.7</ele>
    <time>2020-06-20T11:04:19Z</time>
   </trkpt>
   <trkpt lat="51.1339540" lon="-0.5365780">
    <ele>57.6</ele>
    <time>2020-06-20T11:04:20Z</time>
   </trkpt>
   <trkpt lat="51.1340140" lon="-0.5365030">
    <ele>57.3</ele>
    <time>2020-06-20T11:04:21Z</time>
   </trkpt>
   <trkpt lat="51.1340710" lon="-0.5364220">
    <ele>57.1</ele>
    <time>2020-06-20T11:04:22Z</time>
   </trkpt>
   <trkpt lat="51.1341240" lon="-0.5363370">
    <ele>56.9</ele>
    <time>2020-06-20T11:04:23Z</time>
   </trkpt>
   <trkpt lat="51.1341800" lon="-0.5362430">
    <ele>56.6</ele>
    <time>2020-06-20T11:04:24Z</time>
   </trkpt>
   <trkpt lat="51.1342320" lon="-0.5361430">
    <ele>56.4</ele>
    <time>2020-06-20T11:04:25Z</time>
   </trkpt>
   <trkpt lat="51.1342910" lon="-0.5360560">
    <ele>56.2</ele>
    <time>2020-06-20T11:04:26Z</time>
   </trkpt>
   <trkpt lat="51.1343450" lon="-0.5359550">
    <ele>56.0</ele>
    <time>2020-06-20T11:04:27Z</time>
   </trkpt>
   <trkpt lat="51.1343960" lon="-0.5358570">
    <ele>55.9</ele>
    <time>2020-06-20T11:04:28Z</time>
   </trkpt>
   <trkpt lat="51.1344440" lon="-0.5357560">
    <ele>55.8</ele>
    <time>2020-06-20T11:04:29Z</time>
   </trkpt>
   <trkpt lat="51.1344880" lon="-0.5356500">
    <ele>55.7</ele>
    <time>2020-06-20T11:04:30Z</time>
   </trkpt>
   <trkpt lat="51.1345300" lon="-0.5355530">
    <ele>55.6</ele>
    <time>2020-06-20T11:04:31Z</time>
   </trkpt>
   <trkpt lat="51.1345760" lon="-0.5354500">
    <ele>55.6</ele>
    <time>2020-06-20T11:04:32Z</time>
   </trkpt>
   <trkpt lat="51.1346230" lon="-0.5353340">
    <ele>55.5</ele>
    <time>2020-06-20T11:04:33Z</time>
   </trkpt>
   <trkpt lat="51.1346700" lon="-0.5352240">
    <ele>55.5</ele>
    <time>2020-06-20T11:04:34Z</time>
   </trkpt>
   <trkpt lat="51.1347150" lon="-0.5351180">
    <ele>55.5</ele>
    <time>2020-06-20T11:04:35Z</time>
   </trkpt>
   <trkpt lat="51.1347600" lon="-0.5350040">
    <ele>55.5</ele>
    <time>2020-06-20T11:04:36Z</time>
   </trkpt>
   <trkpt lat="51.1348020" lon="-0.5348970">
    <ele>55.6</ele>
    <time>2020-06-20T11:04:37Z</time>
   </trkpt>
   <trkpt lat="51.1348430" lon="-0.5348010">
    <ele>55.7</ele>
    <time>2020-06-20T11:04:38Z</time>
   </trkpt>
   <trkpt lat="51.1348910" lon="-0.5347010">
    <ele>55.9</ele>
    <time>2020-06-20T11:04:39Z</time>
   </trkpt>
   <trkpt lat="51.1349390" lon="-0.5346040">
    <ele>56.0</ele>
    <time>2020-06-20T11:04:40Z</time>
   </trkpt>
   <trkpt lat="51.1349900" lon="-0.5345110">
    <ele>56.2</ele>
    <time>2020-06-20T11:04:41Z</time>
   </trkpt>
   <trkpt lat="51.1350410" lon="-0.5344110">
    <ele>56.3</ele>
    <time>2020-06-20T11:04:42Z</time>
   </trkpt>
   <trkpt lat="51.1350850" lon="-0.5343130">
    <ele>56.5</ele>
    <time>2020-06-20T11:04:43Z</time>
   </trkpt>
   <trkpt lat="51.1351280" lon="-0.5342230">
    <ele>56.6</ele>
    <time>2020-06-20T11:04:44Z</time>
   </trkpt>
   <trkpt lat="51.1351770" lon="-0.5341390">
    <ele>56.7</ele>
    <time>2020-06-20T11:04:45Z</time>
   </trkpt>
   <trkpt lat="51.1352320" lon="-0.5340560">
    <ele>56.8</ele>
    <time>2020-06-20T11:04:46Z</time>
   </trkpt>
   <trkpt lat="51.1352870" lon="-0.5339750">
    <ele>56.9</ele>
    <time>2020-06-20T11:04:47Z</time>
   </trkpt>
   <trkpt lat="51.1353490" lon="-0.5338990">
    <ele>57.0</ele>
    <time>2020-06-20T11:04:48Z</time>
   </trkpt>
   <trkpt lat="51.1354080" lon="-0.5338300">
    <ele>57.1</ele>
    <time>2020-06-20T11:04:49Z</time>
   </trkpt>
   <trkpt lat="51.1354670" lon="-0.5337630">
    <ele>57.3</ele>
    <time>2020-06-20T11:04:50Z</time>
   </trkpt>
   <trkpt lat="51.1355340" lon="-0.5336880">
    <ele>57.4</ele>
    <time>2020-06-20T11:04:51Z</time>
   </trkpt>
   <trkpt lat="51.1355950" lon="-0.5336270">
    <ele>57.5</ele>
    <time>2020-06-20T11:04:52Z</time>
   </trkpt>
   <trkpt lat="51.1356570" lon="-0.5335650">
    <ele>57.6</ele>
    <time>2020-06-20T11:04:53Z</time>
   </trkpt>
   <trkpt lat="51.1357240" lon="-0.5335030">
    <ele>57.7</ele>
    <time>2020-06-20T11:04:54Z</time>
   </trkpt>
   <trkpt lat="51.1357920" lon="-0.5334380">
    <ele>57.7</ele>
    <time>2020-06-20T11:04:55Z</time>
   </trkpt>
   <trkpt lat="51.1358570" lon="-0.5333710">
    <ele>57.7</ele>
    <time>2020-06-20T11:04:56Z</time>
   </trkpt>
   <trkpt lat="51.1359190" lon="-0.5333120">
    <ele>57.7</ele>
    <time>2020-06-20T11:04:57Z</time>
   </trkpt>
   <trkpt lat="51.1359800" lon="-0.5332540">
    <ele>57.7</ele>
    <time>2020-06-20T11:04:58Z</time>
   </trkpt>
   <trkpt lat="51.1360410" lon="-0.5331860">
    <ele>57.7</ele>
    <time>2020-06-20T11:04:59Z</time>
   </trkpt>
   <trkpt lat="51.1361000" lon="-0.5331160">
    <ele>57.7</ele>
    <time>2020-06-20T11:05:00Z</time>
   </trkpt>
   <trkpt lat="51.1361660" lon="-0.5330570">
    <ele>57.6</ele>
    <time>2020-06-20T11:05:01Z</time>
   </trkpt>
   <trkpt lat="51.1362410" lon="-0.5330070">
    <ele>57.5</ele>
    <time>2020-06-20T11:05:02Z</time>
   </trkpt>
   <trkpt lat="51.1363170" lon="-0.5329630">
    <ele>57.4</ele>
    <time>2020-06-20T11:05:03Z</time>
   </trkpt>
   <trkpt lat="51.1363930" lon="-0.5329300">
    <ele>57.3</ele>
    <time>2020-06-20T11:05:04Z</time>
   </trkpt>
   <trkpt lat="51.1364750" lon="-0.5329080">
    <ele>57.2</ele>
    <time>2020-06-20T11:05:05Z</time>
   </trkpt>
   <trkpt lat="51.1365500" lon="-0.5328780">
    <ele>57.1</ele>
    <time>2020-06-20T11:05:06Z</time>
   </trkpt>
   <trkpt lat="51.1366280" lon="-0.5328580">
    <ele>57.0</ele>
    <time>2020-06-20T11:05:07Z</time>
   </trkpt>
   <trkpt lat="51.1367090" lon="-0.5328550">
    <ele>56.9</ele>
    <time>2020-06-20T11:05:08Z</time>
   </trkpt>
   <trkpt lat="51.1367860" lon="-0.5328570">
    <ele>56.8</ele>
    <time>2020-06-20T11:05:09Z</time>
   </trkpt>
   <trkpt lat="51.1368650" lon="-0.5328600">
    <ele>56.7</ele>
    <time>2020-06-20T11:05:10Z</time>
   </trkpt>
   <trkpt lat="51.1369350" lon="-0.5328640">
    <ele>56.7</ele>
    <time>2020-06-20T11:05:11Z</time>
   </trkpt>
   <trkpt lat="51.1370050" lon="-0.5328730">
    <ele>56.8</ele>
    <time>2020-06-20T11:05:12Z</time>
   </trkpt>
   <trkpt lat="51.1370830" lon="-0.5328800">
    <ele>56.8</ele>
    <time>2020-06-20T11:05:13Z</time>
   </trkpt>
   <trkpt lat="51.1371660" lon="-0.5328630">
    <ele>56.7</ele>
    <time>2020-06-20T11:05:14Z</time>
   </trkpt>
   <trkpt lat="51.1372450" lon="-0.5328190">
    <ele>56.7</ele>
    <time>2020-06-20T11:05:15Z</time>
   </trkpt>
   <trkpt lat="51.1373150" lon="-0.5327310">
    <ele>56.3</ele>
    <time>2020-06-20T11:05:16Z</time>
   </trkpt>
   <trkpt lat="51.1373680" lon="-0.5326340">
    <ele>56.1</ele>
    <time>2020-06-20T11:05:17Z</time>
   </trkpt>
   <trkpt lat="51.1374220" lon="-0.5325420">
    <ele>56.0</ele>
    <time>2020-06-20T11:05:18Z</time>
   </trkpt>
   <trkpt lat="51.1374720" lon="-0.5324350">
    <ele>55.9</ele>
    <time>2020-06-20T11:05:19Z</time>
   </trkpt>
   <trkpt lat="51.1375170" lon="-0.5323320">
    <ele>55.8</ele>
    <time>2020-06-20T11:05:20Z</time>
   </trkpt>
   <trkpt lat="51.1375570" lon="-0.5322340">
    <ele>55.7</ele>
    <time>2020-06-20T11:05:21Z</time>
   </trkpt>
   <trkpt lat="51.1376070" lon="-0.5321310">
    <ele>55.7</ele>
    <time>2020-06-20T11:05:22Z</time>
   </trkpt>
   <trkpt lat="51.1376560" lon="-0.5320540">
    <ele>55.6</ele>
    <time>2020-06-20T11:05:23Z</time>
   </trkpt>
   <trkpt lat="51.1377080" lon="-0.5319670">
    <ele>55.6</ele>
    <time>2020-06-20T11:05:24Z</time>
   </trkpt>
   <trkpt lat="51.1377720" lon="-0.5318640">
    <ele>55.6</ele>
    <time>2020-06-20T11:05:25Z</time>
   </trkpt>
   <trkpt lat="51.1378260" lon="-0.5317760">
    <ele>55.7</ele>
    <time>2020-06-20T11:05:26Z</time>
   </trkpt>
   <trkpt lat="51.1378630" lon="-0.5316740">
    <ele>55.7</ele>
    <time>2020-06-20T11:05:27Z</time>
   </trkpt>
   <trkpt lat="51.1378990" lon="-0.5315670">
    <ele>55.8</ele>
    <time>2020-06-20T11:05:28Z</time>
   </trkpt>
   <trkpt lat="51.1379260" lon="-0.5314460">
    <ele>55.8</ele>
    <time>2020-06-20T11:05:29Z</time>
   </trkpt>
   <trkpt lat="51.1379430" lon="-0.5313340">
    <ele>55.8</ele>
    <time>2020-06-20T11:05:30Z</time>
   </trkpt>
   <trkpt lat="51.1379540" lon="-0.5312190">
    <ele>55.8</ele>
    <time>2020-06-20T11:05:31Z</time>
   </trkpt>
   <trkpt lat="51.1379690" lon="-0.5310980">
    <ele>55.8</ele>
    <time>2020-06-20T11:05:32Z</time>
   </trkpt>
   <trkpt lat="51.1379800" lon="-0.5309760">
    <ele>55.9</ele>
    <time>2020-06-20T11:05:33Z</time>
   </trkpt>
   <trkpt lat="51.1379860" lon="-0.5308590">
    <ele>56.0</ele>
    <time>2020-06-20T11:05:34Z</time>
   </trkpt>
   <trkpt lat="51.1379970" lon="-0.5307490">
    <ele>56.1</ele>
    <time>2020-06-20T11:05:35Z</time>
   </trkpt>
   <trkpt lat="51.1380150" lon="-0.5306340">
    <ele>56.2</ele>
    <time>2020-06-20T11:05:36Z</time>
   </trkpt>
   <trkpt lat="51.1380380" lon="-0.5305200">
    <ele>56.4</ele>
    <time>2020-06-20T11:05:37Z</time>
   </trkpt>
   <trkpt lat="51.1380590" lon="-0.5304120">
    <ele>56.7</ele>
    <time>2020-06-20T11:05:38Z</time>
   </trkpt>
   <trkpt lat="51.1380940" lon="-0.5303160">
    <ele>56.9</ele>
    <time>2020-06-20T11:05:39Z</time>
   </trkpt>
   <trkpt lat="51.1381310" lon="-0.5302180">
    <ele>57.2</ele>
    <time>2020-06-20T11:05:40Z</time>
   </trkpt>
   <trkpt lat="51.1381600" lon="-0.5301190">
    <ele>57.4</ele>
    <time>2020-06-20T11:05:41Z</time>
   </trkpt>
   <trkpt lat="51.1381950" lon="-0.5300230">
    <ele>57.7</ele>
    <time>2020-06-20T11:05:42Z</time>
   </trkpt>
   <trkpt lat="51.1382300" lon="-0.5299360">
    <ele>58.0</ele>
    <time>2020-06-20T11:05:43Z</time>
   </trkpt>
   <trkpt lat="51.1382710" lon="-0.5298640">
    <ele>58.3</ele>
    <time>2020-06-20T11:05:44Z</time>
   </trkpt>
   <trkpt lat="51.1383040" lon="-0.5297890">
    <ele>58.6</ele>
    <time>2020-06-20T11:05:45Z</time>
   </trkpt>
   <trkpt lat="51.1383380" lon="-0.5297120">
    <ele>58.8</ele>
    <time>2020-06-20T11:05:46Z</time>
   </trkpt>
   <trkpt lat="51.1383750" lon="-0.5296400">
    <ele>59.1</ele>
    <time>2020-06-20T11:05:47Z</time>
   </trkpt>
   <trkpt lat="51.1384140" lon="-0.5295600">
    <ele>59.4</ele>
    <time>2020-06-20T11:05:48Z</time>
   </trkpt>
   <trkpt lat="51.1384530" lon="-0.5294890">
    <ele>59.8</ele>
    <time>2020-06-20T11:05:49Z</time>
   </trkpt>
   <trkpt lat="51.1384850" lon="-0.5294260">
    <ele>60.1</ele>
    <time>2020-06-20T11:05:50Z</time>
   </trkpt>
   <trkpt lat="51.1385130" lon="-0.5293640">
    <ele>60.4</ele>
    <time>2020-06-20T11:05:51Z</time>
   </trkpt>
   <trkpt lat="51.1385490" lon="-0.5292980">
    <ele>60.8</ele>
    <time>2020-06-20T11:05:52Z</time>
   </trkpt>
   <trkpt lat="51.1385860" lon="-0.5292350">
    <ele>61.1</ele>
    <time>2020-06-20T11:05:53Z</time>
   </trkpt>
   <trkpt lat="51.1386080" lon="-0.5291710">
    <ele>61.5</ele>
    <time>2020-06-20T11:05:54Z</time>
   </trkpt>
   <trkpt lat="51.1386290" lon="-0.5291050">
    <ele>61.8</ele>
    <time>2020-06-20T11:05:55Z</time>
   </trkpt>
   <trkpt lat="51.1386590" lon="-0.5290440">
    <ele>62.2</ele>
    <time>2020-06-20T11:05:56Z</time>
   </trkpt>
   <trkpt lat="51.1386910" lon="-0.5289790">
    <ele>62.6</ele>
    <time>2020-06-20T11:05:57Z</time>
   </trkpt>
   <trkpt lat="51.1387160" lon="-0.5289210">
    <ele>62.9</ele>
    <time>2020-06-20T11:05:58Z</time>
   </trkpt>
   <trkpt lat="51.1387500" lon="-0.5288800">
    <ele>63.3</ele>
    <time>2020-06-20T11:05:59Z</time>
   </trkpt>
   <trkpt lat="51.1387860" lon="-0.5288450">
    <ele>63.6</ele>
    <time>2020-06-20T11:06:00Z</time>
   </trkpt>
   <trkpt lat="51.1388040" lon="-0.5288000">
    <ele>63.9</ele>
    <time>2020-06-20T11:06:01Z</time>
   </trkpt>
   <trkpt lat="51.1388160" lon="-0.5287780">
    <ele>64.0</ele>
    <time>2020-06-20T11:06:02Z</time>
   </trkpt>
   <trkpt lat="51.1388310" lon="-0.5287370">
    <ele>64.3</ele>
    <time>2020-06-20T11:06:03Z</time>
   </trkpt>
   <trkpt lat="51.1388320" lon="-0.5287220">
    <ele>64.3</ele>
    <time>2020-06-20T11:06:04Z</time>
   </trkpt>
   <trkpt lat="51.1388380" lon="-0.5286920">
    <ele>64.5</ele>
    <time>2020-06-20T11:06:05Z</time>
   </trkpt>
   <trkpt lat="51.1388410" lon="-0.5286730">
    <ele>64.6</ele>
    <time>2020-06-20T11:06:06Z</time>
   </trkpt>
   <trkpt lat="51.1388450" lon="-0.5286350">
    <ele>64.7</ele>
    <time>2020-06-20T11:06:07Z</time>
   </trkpt>
   <trkpt lat="51.1388460" lon="-0.5286250">
    <ele>64.8</ele>
    <time>2020-06-20T11:06:08Z</time>
   </trkpt>
   <trkpt lat="51.1388470" lon="-0.5286150">
    <ele>64.8</ele>
    <time>2020-06-20T11:06:09Z</time>
   </trkpt>
   <trkpt lat="51.1388550" lon="-0.5286040">
    <ele>64.9</ele>
    <time>2020-06-20T11:06:10Z</time>
   </trkpt>
   <trkpt lat="51.1388590" lon="-0.5286020">
    <ele>64.9</ele>
    <time>2020-06-20T11:06:11Z</time>
   </trkpt>
   <trkpt lat="51.1388850" lon="-0.5285840">
    <ele>65.1</ele>
    <time>2020-06-20T11:06:13Z</time>
   </trkpt>
   <trkpt lat="51.1389060" lon="-0.5285490">
    <ele>65.3</ele>
    <time>2020-06-20T11:06:15Z</time>
   </trkpt>
   <trkpt lat="51.1389270" lon="-0.5285200">
    <ele>65.4</ele>
    <time>2020-06-20T11:06:16Z</time>
   </trkpt>
   <trkpt lat="51.1389480" lon="-0.5284790">
    <ele>65.5</ele>
    <time>2020-06-20T11:06:17Z</time>
   </trkpt>
   <trkpt lat="51.1389460" lon="-0.5284210">
    <ele>65.7</ele>
    <time>2020-06-20T11:06:18Z</time>
   </trkpt>
   <trkpt lat="51.1389480" lon="-0.5283870">
    <ele>65.7</ele>
    <time>2020-06-20T11:06:19Z</time>
   </trkpt>
   <trkpt lat="51.1389430" lon="-0.5282990">
    <ele>65.8</ele>
    <time>2020-06-20T11:06:21Z</time>
   </trkpt>
   <trkpt lat="51.1388130" lon="-0.5280240">
    <ele>65.7</ele>
    <time>2020-06-20T11:06:23Z</time>
   </trkpt>
   <trkpt lat="51.1387620" lon="-0.5279300">
    <ele>65.7</ele>
    <time>2020-06-20T11:06:24Z</time>
   </trkpt>
   <trkpt lat="51.1387060" lon="-0.5278390">
    <ele>65.6</ele>
    <time>2020-06-20T11:06:25Z</time>
   </trkpt>
   <trkpt lat="51.1386490" lon="-0.5277680">
    <ele>65.4</ele>
    <time>2020-06-20T11:06:26Z</time>
   </trkpt>
   <trkpt lat="51.1385850" lon="-0.5277080">
    <ele>65.2</ele>
    <time>2020-06-20T11:06:27Z</time>
   </trkpt>
   <trkpt lat="51.1385130" lon="-0.5276520">
    <ele>64.9</ele>
    <time>2020-06-20T11:06:28Z</time>
   </trkpt>
   <trkpt lat="51.1384380" lon="-0.5275950">
    <ele>64.5</ele>
    <time>2020-06-20T11:06:29Z</time>
   </trkpt>
   <trkpt lat="51.1383600" lon="-0.5275490">
    <ele>64.0</ele>
    <time>2020-06-20T11:06:30Z</time>
   </trkpt>
   <trkpt lat="51.1382830" lon="-0.5275010">
    <ele>63.6</ele>
    <time>2020-06-20T11:06:31Z</time>
   </trkpt>
   <trkpt lat="51.1382050" lon="-0.5274450">
    <ele>63.1</ele>
    <time>2020-06-20T11:06:32Z</time>
   </trkpt>
   <trkpt lat="51.1381340" lon="-0.5273850">
    <ele>62.7</ele>
    <time>2020-06-20T11:06:33Z</time>
   </trkpt>
   <trkpt lat="51.1380570" lon="-0.5273300">
    <ele>62.2</ele>
    <time>2020-06-20T11:06:34Z</time>
   </trkpt>
   <trkpt lat="51.1379810" lon="-0.5272680">
    <ele>61.8</ele>
    <time>2020-06-20T11:06:35Z</time>
   </trkpt>
   <trkpt lat="51.1378980" lon="-0.5272070">
    <ele>61.3</ele>
    <time>2020-06-20T11:06:36Z</time>
   </trkpt>
   <trkpt lat="51.1378100" lon="-0.5271540">
    <ele>60.8</ele>
    <time>2020-06-20T11:06:37Z</time>
   </trkpt>
   <trkpt lat="51.1377200" lon="-0.5271080">
    <ele>60.3</ele>
    <time>2020-06-20T11:06:38Z</time>
   </trkpt>
   <trkpt lat="51.1376350" lon="-0.5270550">
    <ele>59.8</ele>
    <time>2020-06-20T11:06:39Z</time>
   </trkpt>
   <trkpt lat="51.1375610" lon="-0.5269860">
    <ele>59.3</ele>
    <time>2020-06-20T11:06:40Z</time>
   </trkpt>
   <trkpt lat="51.1374910" lon="-0.5269150">
    <ele>58.9</ele>
    <time>2020-06-20T11:06:41Z</time>
   </trkpt>
   <trkpt lat="51.1374080" lon="-0.5268570">
    <ele>58.4</ele>
    <time>2020-06-20T11:06:42Z</time>
   </trkpt>
   <trkpt lat="51.1373190" lon="-0.5268000">
    <ele>58.0</ele>
    <time>2020-06-20T11:06:43Z</time>
   </trkpt>
   <trkpt lat="51.1372370" lon="-0.5267360">
    <ele>57.6</ele>
    <time>2020-06-20T11:06:44Z</time>
   </trkpt>
   <trkpt lat="51.1371520" lon="-0.5266710">
    <ele>57.2</ele>
    <time>2020-06-20T11:06:45Z</time>
   </trkpt>
   <trkpt lat="51.1370560" lon="-0.5266100">
    <ele>56.9</ele>
    <time>2020-06-20T11:06:46Z</time>
   </trkpt>
   <trkpt lat="51.1369620" lon="-0.5265520">
    <ele>56.5</ele>
    <time>2020-06-20T11:06:47Z</time>
   </trkpt>
   <trkpt lat="51.1368720" lon="-0.5264810">
    <ele>56.1</ele>
    <time>2020-06-20T11:06:48Z</time>
   </trkpt>
   <trkpt lat="51.1367770" lon="-0.5264020">
    <ele>55.6</ele>
    <time>2020-06-20T11:06:49Z</time>
   </trkpt>
   <trkpt lat="51.1366850" lon="-0.5263230">
    <ele>55.2</ele>
    <time>2020-06-20T11:06:50Z</time>
   </trkpt>
   <trkpt lat="51.1365940" lon="-0.5262520">
    <ele>54.8</ele>
    <time>2020-06-20T11:06:51Z</time>
   </trkpt>
   <trkpt lat="51.1365040" lon="-0.5261790">
    <ele>54.4</ele>
    <time>2020-06-20T11:06:52Z</time>
   </trkpt>
   <trkpt lat="51.1364150" lon="-0.5261230">
    <ele>54.0</ele>
    <time>2020-06-20T11:06:53Z</time>
   </trkpt>
   <trkpt lat="51.1363250" lon="-0.5260650">
    <ele>53.6</ele>
    <time>2020-06-20T11:06:54Z</time>
   </trkpt>
   <trkpt lat="51.1362340" lon="-0.5260060">
    <ele>53.2</ele>
    <time>2020-06-20T11:06:55Z</time>
   </trkpt>
   <trkpt lat="51.1361480" lon="-0.5259340">
    <ele>52.8</ele>
    <time>2020-06-20T11:06:56Z</time>
   </trkpt>
   <trkpt lat="51.1360610" lon="-0.5258570">
    <ele>52.5</ele>
    <time>2020-06-20T11:06:57Z</time>
   </trkpt>
   <trkpt lat="51.1359810" lon="-0.5257870">
    <ele>52.1</ele>
    <time>2020-06-20T11:06:58Z</time>
   </trkpt>
   <trkpt lat="51.1358920" lon="-0.5257160">
    <ele>51.8</ele>
    <time>2020-06-20T11:06:59Z</time>
   </trkpt>
   <trkpt lat="51.1358030" lon="-0.5256560">
    <ele>51.6</ele>
    <time>2020-06-20T11:07:00Z</time>
   </trkpt>
   <trkpt lat="51.1357100" lon="-0.5255980">
    <ele>51.4</ele>
    <time>2020-06-20T11:07:01Z</time>
   </trkpt>
   <trkpt lat="51.1356160" lon="-0.5255290">
    <ele>51.1</ele>
    <time>2020-06-20T11:07:02Z</time>
   </trkpt>
   <trkpt lat="51.1355240" lon="-0.5254580">
    <ele>50.9</ele>
    <time>2020-06-20T11:07:03Z</time>
   </trkpt>
   <trkpt lat="51.1354360" lon="-0.5253860">
    <ele>50.7</ele>
    <time>2020-06-20T11:07:04Z</time>
   </trkpt>
   <trkpt lat="51.1353430" lon="-0.5253150">
    <ele>50.5</ele>
    <time>2020-06-20T11:07:05Z</time>
   </trkpt>
   <trkpt lat="51.1352550" lon="-0.5252530">
    <ele>50.3</ele>
    <time>2020-06-20T11:07:06Z</time>
   </trkpt>
   <trkpt lat="51.1351650" lon="-0.5251960">
    <ele>50.2</ele>
    <time>2020-06-20T11:07:07Z</time>
   </trkpt>
   <trkpt lat="51.1350710" lon="-0.5251410">
    <ele>50.0</ele>
    <time>2020-06-20T11:07:08Z</time>
   </trkpt>
   <trkpt lat="51.1349800" lon="-0.5250810">
    <ele>50.0</ele>
    <time>2020-06-20T11:07:09Z</time>
   </trkpt>
   <trkpt lat="51.1348880" lon="-0.5250270">
    <ele>49.9</ele>
    <time>2020-06-20T11:07:10Z</time>
   </trkpt>
   <trkpt lat="51.1348000" lon="-0.5249800">
    <ele>49.8</ele>
    <time>2020-06-20T11:07:11Z</time>
   </trkpt>
   <trkpt lat="51.1347100" lon="-0.5249390">
    <ele>49.7</ele>
    <time>2020-06-20T11:07:12Z</time>
   </trkpt>
   <trkpt lat="51.1346200" lon="-0.5248960">
    <ele>49.5</ele>
    <time>2020-06-20T11:07:13Z</time>
   </trkpt>
   <trkpt lat="51.1345240" lon="-0.5248560">
    <ele>49.4</ele>
    <time>2020-06-20T11:07:14Z</time>
   </trkpt>
   <trkpt lat="51.1344330" lon="-0.5248110">
    <ele>49.3</ele>
    <time>2020-06-20T11:07:15Z</time>
   </trkpt>
   <trkpt lat="51.1343430" lon="-0.5247750">
    <ele>49.3</ele>
    <time>2020-06-20T11:07:16Z</time>
   </trkpt>
   <trkpt lat="51.1342490" lon="-0.5247410">
    <ele>49.2</ele>
    <time>2020-06-20T11:07:17Z</time>
   </trkpt>
   <trkpt lat="51.1341520" lon="-0.5247180">
    <ele>49.2</ele>
    <time>2020-06-20T11:07:18Z</time>
   </trkpt>
   <trkpt lat="51.1340520" lon="-0.5247000">
    <ele>49.1</ele>
    <time>2020-06-20T11:07:19Z</time>
   </trkpt>
   <trkpt lat="51.1339560" lon="-0.5246840">
    <ele>49.0</ele>
    <time>2020-06-20T11:07:20Z</time>
   </trkpt>
   <trkpt lat="51.1338570" lon="-0.5246740">
    <ele>49.0</ele>
    <time>2020-06-20T11:07:21Z</time>
   </trkpt>
   <trkpt lat="51.1337560" lon="-0.5246740">
    <ele>49.0</ele>
    <time>2020-06-20T11:07:22Z</time>
   </trkpt>
   <trkpt lat="51.1336620" lon="-0.5246720">
    <ele>48.9</ele>
    <time>2020-06-20T11:07:23Z</time>
   </trkpt>
   <trkpt lat="51.1335700" lon="-0.5246650">
    <ele>48.9</ele>
    <time>2020-06-20T11:07:24Z</time>
   </trkpt>
   <trkpt lat="51.1334840" lon="-0.5246530">
    <ele>48.8</ele>
    <time>2020-06-20T11:07:25Z</time>
   </trkpt>
   <trkpt lat="51.1333940" lon="-0.5246490">
    <ele>48.8</ele>
    <time>2020-06-20T11:07:26Z</time>
   </trkpt>
   <trkpt lat="51.1333020" lon="-0.5246460">
    <ele>48.8</ele>
    <time>2020-06-20T11:07:27Z</time>
   </trkpt>
   <trkpt lat="51.1332060" lon="-0.5246470">
    <ele>48.9</ele>
    <time>2020-06-20T11:07:28Z</time>
   </trkpt>
   <trkpt lat="51.1331060" lon="-0.5246470">
    <ele>48.9</ele>
    <time>2020-06-20T11:07:29Z</time>
   </trkpt>
   <trkpt lat="51.1330150" lon="-0.5246440">
    <ele>48.9</ele>
    <time>2020-06-20T11:07:30Z</time>
   </trkpt>
   <trkpt lat="51.1329240" lon="-0.5246420">
    <ele>49.1</ele>
    <time>2020-06-20T11:07:31Z</time>
   </trkpt>
   <trkpt lat="51.1328360" lon="-0.5246430">
    <ele>49.2</ele>
    <time>2020-06-20T11:07:32Z</time>
   </trkpt>
   <trkpt lat="51.1327470" lon="-0.5246460">
    <ele>49.3</ele>
    <time>2020-06-20T11:07:33Z</time>
   </trkpt>
   <trkpt lat="51.1326600" lon="-0.5246450">
    <ele>49.4</ele>
    <time>2020-06-20T11:07:34Z</time>
   </trkpt>
   <trkpt lat="51.1325750" lon="-0.5246520">
    <ele>49.5</ele>
    <time>2020-06-20T11:07:35Z</time>
   </trkpt>
   <trkpt lat="51.1324960" lon="-0.5246580">
    <ele>49.6</ele>
    <time>2020-06-20T11:07:36Z</time>
   </trkpt>
   <trkpt lat="51.1324080" lon="-0.5246590">
    <ele>49.7</ele>
    <time>2020-06-20T11:07:37Z</time>
   </trkpt>
   <trkpt lat="51.1323250" lon="-0.5246560">
    <ele>49.8</ele>
    <time>2020-06-20T11:07:38Z</time>
   </trkpt>
   <trkpt lat="51.1322400" lon="-0.5246530">
    <ele>49.9</ele>
    <time>2020-06-20T11:07:39Z</time>
   </trkpt>
   <trkpt lat="51.1321620" lon="-0.5246380">
    <ele>50.0</ele>
    <time>2020-06-20T11:07:40Z</time>
   </trkpt>
   <trkpt lat="51.1320800" lon="-0.5246270">
    <ele>50.2</ele>
    <time>2020-06-20T11:07:41Z</time>
   </trkpt>
   <trkpt lat="51.1319930" lon="-0.5246170">
    <ele>50.3</ele>
    <time>2020-06-20T11:07:42Z</time>
   </trkpt>
   <trkpt lat="51.1319110" lon="-0.5245980">
    <ele>50.5</ele>
    <time>2020-06-20T11:07:43Z</time>
   </trkpt>
   <trkpt lat="51.1318310" lon="-0.5245830">
    <ele>50.6</ele>
    <time>2020-06-20T11:07:44Z</time>
   </trkpt>
   <trkpt lat="51.1317440" lon="-0.5245750">
    <ele>50.8</ele>
    <time>2020-06-20T11:07:45Z</time>
   </trkpt>
   <trkpt lat="51.1316630" lon="-0.5245460">
    <ele>51.0</ele>
    <time>2020-06-20T11:07:46Z</time>
   </trkpt>
   <trkpt lat="51.1315880" lon="-0.5245140">
    <ele>51.1</ele>
    <time>2020-06-20T11:07:47Z</time>
   </trkpt>
   <trkpt lat="51.1315120" lon="-0.5244810">
    <ele>51.3</ele>
    <time>2020-06-20T11:07:48Z</time>
   </trkpt>
   <trkpt lat="51.1314410" lon="-0.5244440">
    <ele>51.4</ele>
    <time>2020-06-20T11:07:49Z</time>
   </trkpt>
   <trkpt lat="51.1313700" lon="-0.5244030">
    <ele>51.5</ele>
    <time>2020-06-20T11:07:50Z</time>
   </trkpt>
   <trkpt lat="51.1313000" lon="-0.5243670">
    <ele>51.6</ele>
    <time>2020-06-20T11:07:51Z</time>
   </trkpt>
   <trkpt lat="51.1312320" lon="-0.5243290">
    <ele>51.7</ele>
    <time>2020-06-20T11:07:52Z</time>
   </trkpt>
   <trkpt lat="51.1311630" lon="-0.5242870">
    <ele>51.9</ele>
    <time>2020-06-20T11:07:53Z</time>
   </trkpt>
   <trkpt lat="51.1310990" lon="-0.5242400">
    <ele>52.0</ele>
    <time>2020-06-20T11:07:54Z</time>
   </trkpt>
   <trkpt lat="51.1310350" lon="-0.5241970">
    <ele>52.1</ele>
    <time>2020-06-20T11:07:55Z</time>
   </trkpt>
   <trkpt lat="51.1309740" lon="-0.5241550">
    <ele>52.2</ele>
    <time>2020-06-20T11:07:56Z</time>
   </trkpt>
   <trkpt lat="51.1309120" lon="-0.5241110">
    <ele>52.4</ele>
    <time>2020-06-20T11:07:57Z</time>
   </trkpt>
   <trkpt lat="51.1308550" lon="-0.5240670">
    <ele>52.5</ele>
    <time>2020-06-20T11:07:58Z</time>
   </trkpt>
   <trkpt lat="51.1307910" lon="-0.5240210">
    <ele>52.6</ele>
    <time>2020-06-20T11:07:59Z</time>
   </trkpt>
   <trkpt lat="51.1307270" lon="-0.5239700">
    <ele>52.7</ele>
    <time>2020-06-20T11:08:00Z</time>
   </trkpt>
   <trkpt lat="51.1306670" lon="-0.5239120">
    <ele>52.8</ele>
    <time>2020-06-20T11:08:01Z</time>
   </trkpt>
   <trkpt lat="51.1306080" lon="-0.5238600">
    <ele>52.9</ele>
    <time>2020-06-20T11:08:02Z</time>
   </trkpt>
   <trkpt lat="51.1305470" lon="-0.5238150">
    <ele>53.1</ele>
    <time>2020-06-20T11:08:03Z</time>
   </trkpt>
   <trkpt lat="51.1304890" lon="-0.5237720">
    <ele>53.2</ele>
    <time>2020-06-20T11:08:04Z</time>
   </trkpt>
   <trkpt lat="51.1304280" lon="-0.5237310">
    <ele>53.3</ele>
    <time>2020-06-20T11:08:05Z</time>
   </trkpt>
   <trkpt lat="51.1303660" lon="-0.5236900">
    <ele>53.4</ele>
    <time>2020-06-20T11:08:06Z</time>
   </trkpt>
   <trkpt lat="51.1303070" lon="-0.5236400">
    <ele>53.6</ele>
    <time>2020-06-20T11:08:07Z</time>
   </trkpt>
   <trkpt lat="51.1302520" lon="-0.5235900">
    <ele>53.7</ele>
    <time>2020-06-20T11:08:08Z</time>
   </trkpt>
   <trkpt lat="51.1301960" lon="-0.5235420">
    <ele>53.8</ele>
    <time>2020-06-20T11:08:09Z</time>
   </trkpt>
   <trkpt lat="51.1301430" lon="-0.5234990">
    <ele>53.9</ele>
    <time>2020-06-20T11:08:10Z</time>
   </trkpt>
   <trkpt lat="51.1300930" lon="-0.5234520">
    <ele>54.0</ele>
    <time>2020-06-20T11:08:11Z</time>
   </trkpt>
   <trkpt lat="51.1300380" lon="-0.5234090">
    <ele>54.1</ele>
    <time>2020-06-20T11:08:12Z</time>
   </trkpt>
   <trkpt lat="51.1299920" lon="-0.5233690">
    <ele>54.1</ele>
    <time>2020-06-20T11:08:13Z</time>
   </trkpt>
   <trkpt lat="51.1299480" lon="-0.5233250">
    <ele>54.2</ele>
    <time>2020-06-20T11:08:14Z</time>
   </trkpt>
   <trkpt lat="51.1299020" lon="-0.5232830">
    <ele>54.3</ele>
    <time>2020-06-20T11:08:15Z</time>
   </trkpt>
   <trkpt lat="51.1298530" lon="-0.5232390">
    <ele>54.4</ele>
    <time>2020-06-20T11:08:16Z</time>
   </trkpt>
   <trkpt lat="51.1298000" lon="-0.5232020">
    <ele>54.4</ele>
    <time>2020-06-20T11:08:17Z</time>
   </trkpt>
   <trkpt lat="51.1297440" lon="-0.5231600">
    <ele>54.5</ele>
    <time>2020-06-20T11:08:18Z</time>
   </trkpt>
   <trkpt lat="51.1296880" lon="-0.5231210">
    <ele>54.6</ele>
    <time>2020-06-20T11:08:19Z</time>
   </trkpt>
   <trkpt lat="51.1296400" lon="-0.5230690">
    <ele>54.7</ele>
    <time>2020-06-20T11:08:20Z</time>
   </trkpt>
   <trkpt lat="51.1295890" lon="-0.5230160">
    <ele>54.7</ele>
    <time>2020-06-20T11:08:21Z</time>
   </trkpt>
   <trkpt lat="51.1295380" lon="-0.5229720">
    <ele>54.8</ele>
    <time>2020-06-20T11:08:22Z</time>
   </trkpt>
   <trkpt lat="51.1294890" lon="-0.5229360">
    <ele>54.8</ele>
    <time>2020-06-20T11:08:23Z</time>
   </trkpt>
   <trkpt lat="51.1294380" lon="-0.5229030">
    <ele>54.8</ele>
    <time>2020-06-20T11:08:24Z</time>
   </trkpt>
   <trkpt lat="51.1293810" lon="-0.5228660">
    <ele>54.7</ele>
    <time>2020-06-20T11:08:25Z</time>
   </trkpt>
   <trkpt lat="51.1293280" lon="-0.5228290">
    <ele>54.7</ele>
    <time>2020-06-20T11:08:26Z</time>
   </trkpt>
   <trkpt lat="51.1292740" lon="-0.5227900">
    <ele>54.6</ele>
    <time>2020-06-20T11:08:27Z</time>
   </trkpt>
   <trkpt lat="51.1292250" lon="-0.5227350">
    <ele>54.5</ele>
    <time>2020-06-20T11:08:28Z</time>
   </trkpt>
   <trkpt lat="51.1291660" lon="-0.5226900">
    <ele>54.4</ele>
    <time>2020-06-20T11:08:29Z</time>
   </trkpt>
   <trkpt lat="51.1290990" lon="-0.5226380">
    <ele>54.3</ele>
    <time>2020-06-20T11:08:30Z</time>
   </trkpt>
   <trkpt lat="51.1290330" lon="-0.5225960">
    <ele>54.1</ele>
    <time>2020-06-20T11:08:31Z</time>
   </trkpt>
   <trkpt lat="51.1289640" lon="-0.5225550">
    <ele>53.9</ele>
    <time>2020-06-20T11:08:32Z</time>
   </trkpt>
   <trkpt lat="51.1289050" lon="-0.5224890">
    <ele>53.7</ele>
    <time>2020-06-20T11:08:33Z</time>
   </trkpt>
   <trkpt lat="51.1288450" lon="-0.5224150">
    <ele>53.5</ele>
    <time>2020-06-20T11:08:34Z</time>
   </trkpt>
   <trkpt lat="51.1287900" lon="-0.5223430">
    <ele>53.2</ele>
    <time>2020-06-20T11:08:35Z</time>
   </trkpt>
   <trkpt lat="51.1287310" lon="-0.5222680">
    <ele>53.0</ele>
    <time>2020-06-20T11:08:36Z</time>
   </trkpt>
   <trkpt lat="51.1286740" lon="-0.5221920">
    <ele>52.8</ele>
    <time>2020-06-20T11:08:37Z</time>
   </trkpt>
   <trkpt lat="51.1286150" lon="-0.5221220">
    <ele>52.6</ele>
    <time>2020-06-20T11:08:38Z</time>
   </trkpt>
   <trkpt lat="51.1285550" lon="-0.5220430">
    <ele>52.4</ele>
    <time>2020-06-20T11:08:39Z</time>
   </trkpt>
   <trkpt lat="51.1284950" lon="-0.5219750">
    <ele>52.2</ele>
    <time>2020-06-20T11:08:40Z</time>
   </trkpt>
   <trkpt lat="51.1284440" lon="-0.5218920">
    <ele>52.1</ele>
    <time>2020-06-20T11:08:41Z</time>
   </trkpt>
   <trkpt lat="51.1283910" lon="-0.5218100">
    <ele>52.0</ele>
    <time>2020-06-20T11:08:42Z</time>
   </trkpt>
   <trkpt lat="51.1283330" lon="-0.5217280">
    <ele>51.8</ele>
    <time>2020-06-20T11:08:43Z</time>
   </trkpt>
   <trkpt lat="51.1282730" lon="-0.5216500">
    <ele>51.7</ele>
    <time>2020-06-20T11:08:44Z</time>
   </trkpt>
   <trkpt lat="51.1282130" lon="-0.5215640">
    <ele>51.3</ele>
    <time>2020-06-20T11:08:45Z</time>
   </trkpt>
   <trkpt lat="51.1281520" lon="-0.5214750">
    <ele>50.9</ele>
    <time>2020-06-20T11:08:46Z</time>
   </trkpt>
   <trkpt lat="51.1280920" lon="-0.5214000">
    <ele>50.7</ele>
    <time>2020-06-20T11:08:47Z</time>
   </trkpt>
   <trkpt lat="51.1280390" lon="-0.5213200">
    <ele>50.5</ele>
    <time>2020-06-20T11:08:48Z</time>
   </trkpt>
   <trkpt lat="51.1279850" lon="-0.5212350">
    <ele>50.3</ele>
    <time>2020-06-20T11:08:49Z</time>
   </trkpt>
   <trkpt lat="51.1279330" lon="-0.5211360">
    <ele>50.1</ele>
    <time>2020-06-20T11:08:50Z</time>
   </trkpt>
   <trkpt lat="51.1278850" lon="-0.5210400">
    <ele>49.9</ele>
    <time>2020-06-20T11:08:51Z</time>
   </trkpt>
   <trkpt lat="51.1278340" lon="-0.5209550">
    <ele>49.8</ele>
    <time>2020-06-20T11:08:52Z</time>
   </trkpt>
   <trkpt lat="51.1277790" lon="-0.5208680">
    <ele>49.6</ele>
    <time>2020-06-20T11:08:53Z</time>
   </trkpt>
   <trkpt lat="51.1277260" lon="-0.5207770">
    <ele>49.4</ele>
    <time>2020-06-20T11:08:54Z</time>
   </trkpt>
   <trkpt lat="51.1276730" lon="-0.5206900">
    <ele>49.3</ele>
    <time>2020-06-20T11:08:55Z</time>
   </trkpt>
   <trkpt lat="51.1276140" lon="-0.5205990">
    <ele>49.1</ele>
    <time>2020-06-20T11:08:56Z</time>
   </trkpt>
   <trkpt lat="51.1275500" lon="-0.5205000">
    <ele>48.9</ele>
    <time>2020-06-20T11:08:57Z</time>
   </trkpt>
   <trkpt lat="51.1274910" lon="-0.5204100">
    <ele>48.8</ele>
    <time>2020-06-20T11:08:58Z</time>
   </trkpt>
   <trkpt lat="51.1274350" lon="-0.5203270">
    <ele>48.6</ele>
    <time>2020-06-20T11:08:59Z</time>
   </trkpt>
   <trkpt lat="51.1273800" lon="-0.5202390">
    <ele>48.4</ele>
    <time>2020-06-20T11:09:00Z</time>
   </trkpt>
   <trkpt lat="51.1273290" lon="-0.5201450">
    <ele>48.2</ele>
    <time>2020-06-20T11:09:01Z</time>
   </trkpt>
   <trkpt lat="51.1272760" lon="-0.5200520">
    <ele>48.1</ele>
    <time>2020-06-20T11:09:02Z</time>
   </trkpt>
   <trkpt lat="51.1272220" lon="-0.5199560">
    <ele>47.9</ele>
    <time>2020-06-20T11:09:03Z</time>
   </trkpt>
   <trkpt lat="51.1271620" lon="-0.5198770">
    <ele>47.7</ele>
    <time>2020-06-20T11:09:04Z</time>
   </trkpt>
   <trkpt lat="51.1271040" lon="-0.5197950">
    <ele>47.6</ele>
    <time>2020-06-20T11:09:05Z</time>
   </trkpt>
   <trkpt lat="51.1270480" lon="-0.5197210">
    <ele>47.4</ele>
    <time>2020-06-20T11:09:06Z</time>
   </trkpt>
   <trkpt lat="51.1269890" lon="-0.5196540">
    <ele>47.3</ele>
    <time>2020-06-20T11:09:07Z</time>
   </trkpt>
   <trkpt lat="51.1269370" lon="-0.5195720">
    <ele>47.1</ele>
    <time>2020-06-20T11:09:08Z</time>
   </trkpt>
   <trkpt lat="51.1268780" lon="-0.5194920">
    <ele>47.0</ele>
    <time>2020-06-20T11:09:09Z</time>
   </trkpt>
   <trkpt lat="51.1268190" lon="-0.5194080">
    <ele>46.9</ele>
    <time>2020-06-20T11:09:10Z</time>
   </trkpt>
   <trkpt lat="51.1267570" lon="-0.5193230">
    <ele>47.0</ele>
    <time>2020-06-20T11:09:11Z</time>
   </trkpt>
   <trkpt lat="51.1266920" lon="-0.5192430">
    <ele>47.2</ele>
    <time>2020-06-20T11:09:12Z</time>
   </trkpt>
   <trkpt lat="51.1266280" lon="-0.5191660">
    <ele>47.0</ele>
    <time>2020-06-20T11:09:13Z</time>
   </trkpt>
   <trkpt lat="51.1265620" lon="-0.5190950">
    <ele>46.8</ele>
    <time>2020-06-20T11:09:14Z</time>
   </trkpt>
   <trkpt lat="51.1264970" lon="-0.5190160">
    <ele>46.7</ele>
    <time>2020-06-20T11:09:15Z</time>
   </trkpt>
   <trkpt lat="51.1264350" lon="-0.5189480">
    <ele>46.7</ele>
    <time>2020-06-20T11:09:16Z</time>
   </trkpt>
   <trkpt lat="51.1263670" lon="-0.5188840">
    <ele>46.7</ele>
    <time>2020-06-20T11:09:17Z</time>
   </trkpt>
   <trkpt lat="51.1263010" lon="-0.5188070">
    <ele>46.8</ele>
    <time>2020-06-20T11:09:18Z</time>
   </trkpt>
   <trkpt lat="51.1262380" lon="-0.5187400">
    <ele>46.8</ele>
    <time>2020-06-20T11:09:19Z</time>
   </trkpt>
   <trkpt lat="51.1261770" lon="-0.5186840">
    <ele>46.9</ele>
    <time>2020-06-20T11:09:20Z</time>
   </trkpt>
   <trkpt lat="51.1261200" lon="-0.5186230">
    <ele>47.0</ele>
    <time>2020-06-20T11:09:21Z</time>
   </trkpt>
   <trkpt lat="51.1260570" lon="-0.5185740">
    <ele>47.1</ele>
    <time>2020-06-20T11:09:22Z</time>
   </trkpt>
   <trkpt lat="51.1259940" lon="-0.5185170">
    <ele>47.2</ele>
    <time>2020-06-20T11:09:23Z</time>
   </trkpt>
   <trkpt lat="51.1259300" lon="-0.5184630">
    <ele>47.3</ele>
    <time>2020-06-20T11:09:24Z</time>
   </trkpt>
   <trkpt lat="51.1258630" lon="-0.5184120">
    <ele>47.3</ele>
    <time>2020-06-20T11:09:25Z</time>
   </trkpt>
   <trkpt lat="51.1258010" lon="-0.5183760">
    <ele>47.4</ele>
    <time>2020-06-20T11:09:26Z</time>
   </trkpt>
   <trkpt lat="51.1257320" lon="-0.5183500">
    <ele>47.4</ele>
    <time>2020-06-20T11:09:27Z</time>
   </trkpt>
   <trkpt lat="51.1256620" lon="-0.5183120">
    <ele>47.5</ele>
    <time>2020-06-20T11:09:28Z</time>
   </trkpt>
   <trkpt lat="51.1256020" lon="-0.5182590">
    <ele>47.5</ele>
    <time>2020-06-20T11:09:29Z</time>
   </trkpt>
   <trkpt lat="51.1255400" lon="-0.5182180">
    <ele>47.6</ele>
    <time>2020-06-20T11:09:30Z</time>
   </trkpt>
   <trkpt lat="51.1254780" lon="-0.5181750">
    <ele>47.7</ele>
    <time>2020-06-20T11:09:31Z</time>
   </trkpt>
   <trkpt lat="51.1254180" lon="-0.5181260">
    <ele>47.7</ele>
    <time>2020-06-20T11:09:32Z</time>
   </trkpt>
   <trkpt lat="51.1253530" lon="-0.5180730">
    <ele>47.8</ele>
    <time>2020-06-20T11:09:33Z</time>
   </trkpt>
   <trkpt lat="51.1252940" lon="-0.5180280">
    <ele>47.9</ele>
    <time>2020-06-20T11:09:34Z</time>
   </trkpt>
   <trkpt lat="51.1252350" lon="-0.5179860">
    <ele>48.0</ele>
    <time>2020-06-20T11:09:35Z</time>
   </trkpt>
   <trkpt lat="51.1251740" lon="-0.5179560">
    <ele>48.2</ele>
    <time>2020-06-20T11:09:36Z</time>
   </trkpt>
   <trkpt lat="51.1251110" lon="-0.5179120">
    <ele>48.3</ele>
    <time>2020-06-20T11:09:37Z</time>
   </trkpt>
   <trkpt lat="51.1250460" lon="-0.5178680">
    <ele>48.4</ele>
    <time>2020-06-20T11:09:38Z</time>
   </trkpt>
   <trkpt lat="51.1249840" lon="-0.5178240">
    <ele>48.5</ele>
    <time>2020-06-20T11:09:39Z</time>
   </trkpt>
   <trkpt lat="51.1249220" lon="-0.5177790">
    <ele>48.6</ele>
    <time>2020-06-20T11:09:40Z</time>
   </trkpt>
   <trkpt lat="51.1248710" lon="-0.5177270">
    <ele>48.6</ele>
    <time>2020-06-20T11:09:41Z</time>
   </trkpt>
   <trkpt lat="51.1248190" lon="-0.5176720">
    <ele>48.7</ele>
    <time>2020-06-20T11:09:42Z</time>
   </trkpt>
   <trkpt lat="51.1247660" lon="-0.5176320">
    <ele>48.7</ele>
    <time>2020-06-20T11:09:43Z</time>
   </trkpt>
   <trkpt lat="51.1247090" lon="-0.5175910">
    <ele>48.8</ele>
    <time>2020-06-20T11:09:44Z</time>
   </trkpt>
   <trkpt lat="51.1246510" lon="-0.5175570">
    <ele>48.8</ele>
    <time>2020-06-20T11:09:45Z</time>
   </trkpt>
   <trkpt lat="51.1245930" lon="-0.5175130">
    <ele>48.8</ele>
    <time>2020-06-20T11:09:46Z</time>
   </trkpt>
   <trkpt lat="51.1245330" lon="-0.5174740">
    <ele>48.8</ele>
    <time>2020-06-20T11:09:47Z</time>
   </trkpt>
   <trkpt lat="51.1244730" lon="-0.5174410">
    <ele>48.8</ele>
    <time>2020-06-20T11:09:48Z</time>
   </trkpt>
   <trkpt lat="51.1244070" lon="-0.5174070">
    <ele>48.8</ele>
    <time>2020-06-20T11:09:49Z</time>
   </trkpt>
   <trkpt lat="51.1243440" lon="-0.5173810">
    <ele>48.9</ele>
    <time>2020-06-20T11:09:50Z</time>
   </trkpt>
   <trkpt lat="51.1242880" lon="-0.5173350">
    <ele>48.9</ele>
    <time>2020-06-20T11:09:51Z</time>
   </trkpt>
   <trkpt lat="51.1242250" lon="-0.5172910">
    <ele>48.9</ele>
    <time>2020-06-20T11:09:52Z</time>
   </trkpt>
   <trkpt lat="51.1241550" lon="-0.5172550">
    <ele>48.9</ele>
    <time>2020-06-20T11:09:53Z</time>
   </trkpt>
   <trkpt lat="51.1240980" lon="-0.5172170">
    <ele>48.9</ele>
    <time>2020-06-20T11:09:54Z</time>
   </trkpt>
   <trkpt lat="51.1240460" lon="-0.5171710">
    <ele>48.8</ele>
    <time>2020-06-20T11:09:55Z</time>
   </trkpt>
   <trkpt lat="51.1239890" lon="-0.5171270">
    <ele>48.8</ele>
    <time>2020-06-20T11:09:56Z</time>
   </trkpt>
   <trkpt lat="51.1239280" lon="-0.5170840">
    <ele>48.8</ele>
    <time>2020-06-20T11:09:57Z</time>
   </trkpt>
   <trkpt lat="51.1238700" lon="-0.5170440">
    <ele>48.7</ele>
    <time>2020-06-20T11:09:58Z</time>
   </trkpt>
   <trkpt lat="51.1238100" lon="-0.5170020">
    <ele>48.7</ele>
    <time>2020-06-20T11:09:59Z</time>
   </trkpt>
   <trkpt lat="51.1237470" lon="-0.5169600">
    <ele>48.7</ele>
    <time>2020-06-20T11:10:00Z</time>
   </trkpt>
   <trkpt lat="51.1236850" lon="-0.5169150">
    <ele>48.7</ele>
    <time>2020-06-20T11:10:01Z</time>
   </trkpt>
   <trkpt lat="51.1236240" lon="-0.5168680">
    <ele>48.7</ele>
    <time>2020-06-20T11:10:02Z</time>
   </trkpt>
   <trkpt lat="51.1235650" lon="-0.5168200">
    <ele>48.7</ele>
    <time>2020-06-20T11:10:03Z</time>
   </trkpt>
   <trkpt lat="51.1235060" lon="-0.5167720">
    <ele>48.7</ele>
    <time>2020-06-20T11:10:04Z</time>
   </trkpt>
   <trkpt lat="51.1234470" lon="-0.5167260">
    <ele>48.7</ele>
    <time>2020-06-20T11:10:05Z</time>
   </trkpt>
   <trkpt lat="51.1233880" lon="-0.5166760">
    <ele>48.7</ele>
    <time>2020-06-20T11:10:06Z</time>
   </trkpt>
   <trkpt lat="51.1233340" lon="-0.5166310">
    <ele>48.7</ele>
    <time>2020-06-20T11:10:07Z</time>
   </trkpt>
   <trkpt lat="51.1232750" lon="-0.5165870">
    <ele>48.7</ele>
    <time>2020-06-20T11:10:08Z</time>
   </trkpt>
   <trkpt lat="51.1232150" lon="-0.5165480">
    <ele>48.7</ele>
    <time>2020-06-20T11:10:09Z</time>
   </trkpt>
   <trkpt lat="51.1231550" lon="-0.5165190">
    <ele>48.7</ele>
    <time>2020-06-20T11:10:10Z</time>
   </trkpt>
   <trkpt lat="51.1230960" lon="-0.5164930">
    <ele>48.7</ele>
    <time>2020-06-20T11:10:11Z</time>
   </trkpt>
   <trkpt lat="51.1230400" lon="-0.5164680">
    <ele>48.7</ele>
    <time>2020-06-20T11:10:12Z</time>
   </trkpt>
   <trkpt lat="51.1229790" lon="-0.5164400">
    <ele>48.8</ele>
    <time>2020-06-20T11:10:13Z</time>
   </trkpt>
   <trkpt lat="51.1229190" lon="-0.5163980">
    <ele>48.8</ele>
    <time>2020-06-20T11:10:14Z</time>
   </trkpt>
   <trkpt lat="51.1228570" lon="-0.5163520">
    <ele>48.8</ele>
    <time>2020-06-20T11:10:15Z</time>
   </trkpt>
   <trkpt lat="51.1227970" lon="-0.5163140">
    <ele>48.9</ele>
    <time>2020-06-20T11:10:16Z</time>
   </trkpt>
   <trkpt lat="51.1227360" lon="-0.5162760">
    <ele>48.9</ele>
    <time>2020-06-20T11:10:17Z</time>
   </trkpt>
   <trkpt lat="51.1226820" lon="-0.5162330">
    <ele>48.9</ele>
    <time>2020-06-20T11:10:18Z</time>
   </trkpt>
   <trkpt lat="51.1226220" lon="-0.5161920">
    <ele>48.9</ele>
    <time>2020-06-20T11:10:19Z</time>
   </trkpt>
   <trkpt lat="51.1225630" lon="-0.5161510">
    <ele>49.0</ele>
    <time>2020-06-20T11:10:20Z</time>
   </trkpt>
   <trkpt lat="51.1225030" lon="-0.5161110">
    <ele>49.0</ele>
    <time>2020-06-20T11:10:21Z</time>
   </trkpt>
   <trkpt lat="51.1224440" lon="-0.5160700">
    <ele>49.1</ele>
    <time>2020-06-20T11:10:22Z</time>
   </trkpt>
   <trkpt lat="51.1223870" lon="-0.5160330">
    <ele>49.1</ele>
    <time>2020-06-20T11:10:23Z</time>
   </trkpt>
   <trkpt lat="51.1223330" lon="-0.5159930">
    <ele>49.2</ele>
    <time>2020-06-20T11:10:24Z</time>
   </trkpt>
   <trkpt lat="51.1222780" lon="-0.5159560">
    <ele>49.2</ele>
    <time>2020-06-20T11:10:25Z</time>
   </trkpt>
   <trkpt lat="51.1222150" lon="-0.5159250">
    <ele>49.2</ele>
    <time>2020-06-20T11:10:26Z</time>
   </trkpt>
   <trkpt lat="51.1221510" lon="-0.5158840">
    <ele>49.3</ele>
    <time>2020-06-20T11:10:27Z</time>
   </trkpt>
   <trkpt lat="51.1220910" lon="-0.5158470">
    <ele>49.3</ele>
    <time>2020-06-20T11:10:28Z</time>
   </trkpt>
   <trkpt lat="51.1220340" lon="-0.5158110">
    <ele>49.3</ele>
    <time>2020-06-20T11:10:29Z</time>
   </trkpt>
   <trkpt lat="51.1219840" lon="-0.5157730">
    <ele>49.4</ele>
    <time>2020-06-20T11:10:30Z</time>
   </trkpt>
   <trkpt lat="51.1219330" lon="-0.5157330">
    <ele>49.4</ele>
    <time>2020-06-20T11:10:31Z</time>
   </trkpt>
   <trkpt lat="51.1218790" lon="-0.5156930">
    <ele>49.4</ele>
    <time>2020-06-20T11:10:32Z</time>
   </trkpt>
   <trkpt lat="51.1218260" lon="-0.5156550">
    <ele>49.5</ele>
    <time>2020-06-20T11:10:33Z</time>
   </trkpt>
   <trkpt lat="51.1217710" lon="-0.5156200">
    <ele>49.5</ele>
    <time>2020-06-20T11:10:34Z</time>
   </trkpt>
   <trkpt lat="51.1217180" lon="-0.5155840">
    <ele>49.5</ele>
    <time>2020-06-20T11:10:35Z</time>
   </trkpt>
   <trkpt lat="51.1216660" lon="-0.5155480">
    <ele>49.5</ele>
    <time>2020-06-20T11:10:36Z</time>
   </trkpt>
   <trkpt lat="51.1216070" lon="-0.5155120">
    <ele>49.5</ele>
    <time>2020-06-20T11:10:37Z</time>
   </trkpt>
   <trkpt lat="51.1215500" lon="-0.5154730">
    <ele>49.5</ele>
    <time>2020-06-20T11:10:38Z</time>
   </trkpt>
   <trkpt lat="51.1214940" lon="-0.5154430">
    <ele>49.5</ele>
    <time>2020-06-20T11:10:39Z</time>
   </trkpt>
   <trkpt lat="51.1214400" lon="-0.5154130">
    <ele>49.6</ele>
    <time>2020-06-20T11:10:40Z</time>
   </trkpt>
   <trkpt lat="51.1213790" lon="-0.5153920">
    <ele>49.6</ele>
    <time>2020-06-20T11:10:41Z</time>
   </trkpt>
   <trkpt lat="51.1213160" lon="-0.5153750">
    <ele>49.6</ele>
    <time>2020-06-20T11:10:42Z</time>
   </trkpt>
   <trkpt lat="51.1212580" lon="-0.5153530">
    <ele>49.7</ele>
    <time>2020-06-20T11:10:43Z</time>
   </trkpt>
   <trkpt lat="51.1211990" lon="-0.5153310">
    <ele>49.9</ele>
    <time>2020-06-20T11:10:44Z</time>
   </trkpt>
   <trkpt lat="51.1211400" lon="-0.5153060">
    <ele>49.8</ele>
    <time>2020-06-20T11:10:45Z</time>
   </trkpt>
   <trkpt lat="51.1210790" lon="-0.5152790">
    <ele>49.7</ele>
    <time>2020-06-20T11:10:46Z</time>
   </trkpt>
   <trkpt lat="51.1210190" lon="-0.5152560">
    <ele>49.6</ele>
    <time>2020-06-20T11:10:47Z</time>
   </trkpt>
   <trkpt lat="51.1209690" lon="-0.5152300">
    <ele>49.5</ele>
    <time>2020-06-20T11:10:48Z</time>
   </trkpt>
   <trkpt lat="51.1209160" lon="-0.5152060">
    <ele>49.4</ele>
    <time>2020-06-20T11:10:49Z</time>
   </trkpt>
   <trkpt lat="51.1208610" lon="-0.5151820">
    <ele>49.4</ele>
    <time>2020-06-20T11:10:50Z</time>
   </trkpt>
   <trkpt lat="51.1208040" lon="-0.5151570">
    <ele>49.3</ele>
    <time>2020-06-20T11:10:51Z</time>
   </trkpt>
   <trkpt lat="51.1207430" lon="-0.5151330">
    <ele>49.3</ele>
    <time>2020-06-20T11:10:52Z</time>
   </trkpt>
   <trkpt lat="51.1206820" lon="-0.5151140">
    <ele>49.3</ele>
    <time>2020-06-20T11:10:53Z</time>
   </trkpt>
   <trkpt lat="51.1206230" lon="-0.5150860">
    <ele>49.2</ele>
    <time>2020-06-20T11:10:54Z</time>
   </trkpt>
   <trkpt lat="51.1205600" lon="-0.5150580">
    <ele>49.1</ele>
    <time>2020-06-20T11:10:55Z</time>
   </trkpt>
   <trkpt lat="51.1204970" lon="-0.5150310">
    <ele>49.1</ele>
    <time>2020-06-20T11:10:56Z</time>
   </trkpt>
   <trkpt lat="51.1204340" lon="-0.5150080">
    <ele>49.0</ele>
    <time>2020-06-20T11:10:57Z</time>
   </trkpt>
   <trkpt lat="51.1203690" lon="-0.5149760">
    <ele>49.0</ele>
    <time>2020-06-20T11:10:58Z</time>
   </trkpt>
   <trkpt lat="51.1203050" lon="-0.5149460">
    <ele>48.9</ele>
    <time>2020-06-20T11:10:59Z</time>
   </trkpt>
   <trkpt lat="51.1202380" lon="-0.5149180">
    <ele>48.9</ele>
    <time>2020-06-20T11:11:00Z</time>
   </trkpt>
   <trkpt lat="51.1201710" lon="-0.5148830">
    <ele>48.8</ele>
    <time>2020-06-20T11:11:01Z</time>
   </trkpt>
   <trkpt lat="51.1201100" lon="-0.5148470">
    <ele>48.8</ele>
    <time>2020-06-20T11:11:02Z</time>
   </trkpt>
   <trkpt lat="51.1200480" lon="-0.5148110">
    <ele>48.7</ele>
    <time>2020-06-20T11:11:03Z</time>
   </trkpt>
   <trkpt lat="51.1199880" lon="-0.5147670">
    <ele>48.7</ele>
    <time>2020-06-20T11:11:04Z</time>
   </trkpt>
   <trkpt lat="51.1199220" lon="-0.5147250">
    <ele>48.6</ele>
    <time>2020-06-20T11:11:05Z</time>
   </trkpt>
   <trkpt lat="51.1198580" lon="-0.5146840">
    <ele>48.5</ele>
    <time>2020-06-20T11:11:06Z</time>
   </trkpt>
   <trkpt lat="51.1198010" lon="-0.5146480">
    <ele>48.5</ele>
    <time>2020-06-20T11:11:07Z</time>
   </trkpt>
   <trkpt lat="51.1197500" lon="-0.5146110">
    <ele>48.4</ele>
    <time>2020-06-20T11:11:08Z</time>
   </trkpt>
   <trkpt lat="51.1196980" lon="-0.5145710">
    <ele>48.4</ele>
    <time>2020-06-20T11:11:09Z</time>
   </trkpt>
   <trkpt lat="51.1196380" lon="-0.5145420">
    <ele>48.3</ele>
    <time>2020-06-20T11:11:10Z</time>
   </trkpt>
   <trkpt lat="51.1195690" lon="-0.5145020">
    <ele>48.3</ele>
    <time>2020-06-20T11:11:11Z</time>
   </trkpt>
   <trkpt lat="51.1195060" lon="-0.5144550">
    <ele>48.3</ele>
    <time>2020-06-20T11:11:12Z</time>
   </trkpt>
   <trkpt lat="51.1194420" lon="-0.5144070">
    <ele>48.1</ele>
    <time>2020-06-20T11:11:13Z</time>
   </trkpt>
   <trkpt lat="51.1193690" lon="-0.5143610">
    <ele>48.0</ele>
    <time>2020-06-20T11:11:14Z</time>
   </trkpt>
   <trkpt lat="51.1193020" lon="-0.5143080">
    <ele>47.8</ele>
    <time>2020-06-20T11:11:15Z</time>
   </trkpt>
   <trkpt lat="51.1192350" lon="-0.5142530">
    <ele>47.7</ele>
    <time>2020-06-20T11:11:16Z</time>
   </trkpt>
   <trkpt lat="51.1191690" lon="-0.5141960">
    <ele>47.6</ele>
    <time>2020-06-20T11:11:17Z</time>
   </trkpt>
   <trkpt lat="51.1191040" lon="-0.5141340">
    <ele>47.5</ele>
    <time>2020-06-20T11:11:18Z</time>
   </trkpt>
   <trkpt lat="51.1190460" lon="-0.5140650">
    <ele>47.4</ele>
    <time>2020-06-20T11:11:19Z</time>
   </trkpt>
   <trkpt lat="51.1189870" lon="-0.5139950">
    <ele>47.4</ele>
    <time>2020-06-20T11:11:20Z</time>
   </trkpt>
   <trkpt lat="51.1189270" lon="-0.5139380">
    <ele>47.3</ele>
    <time>2020-06-20T11:11:21Z</time>
   </trkpt>
   <trkpt lat="51.1188660" lon="-0.5138750">
    <ele>47.2</ele>
    <time>2020-06-20T11:11:22Z</time>
   </trkpt>
   <trkpt lat="51.1188060" lon="-0.5138040">
    <ele>47.2</ele>
    <time>2020-06-20T11:11:23Z</time>
   </trkpt>
   <trkpt lat="51.1187510" lon="-0.5137330">
    <ele>47.1</ele>
    <time>2020-06-20T11:11:24Z</time>
   </trkpt>
   <trkpt lat="51.1186930" lon="-0.5136720">
    <ele>47.1</ele>
    <time>2020-06-20T11:11:25Z</time>
   </trkpt>
   <trkpt lat="51.1186360" lon="-0.5135900">
    <ele>47.1</ele>
    <time>2020-06-20T11:11:26Z</time>
   </trkpt>
   <trkpt lat="51.1185790" lon="-0.5135230">
    <ele>47.1</ele>
    <time>2020-06-20T11:11:27Z</time>
   </trkpt>
   <trkpt lat="51.1185230" lon="-0.5134640">
    <ele>47.1</ele>
    <time>2020-06-20T11:11:28Z</time>
   </trkpt>
   <trkpt lat="51.1184670" lon="-0.5134000">
    <ele>47.1</ele>
    <time>2020-06-20T11:11:29Z</time>
   </trkpt>
   <trkpt lat="51.1184070" lon="-0.5133470">
    <ele>47.2</ele>
    <time>2020-06-20T11:11:30Z</time>
   </trkpt>
   <trkpt lat="51.1183460" lon="-0.5133000">
    <ele>47.2</ele>
    <time>2020-06-20T11:11:31Z</time>
   </trkpt>
   <trkpt lat="51.1182900" lon="-0.5132520">
    <ele>47.2</ele>
    <time>2020-06-20T11:11:32Z</time>
   </trkpt>
   <trkpt lat="51.1182320" lon="-0.5131980">
    <ele>47.2</ele>
    <time>2020-06-20T11:11:33Z</time>
   </trkpt>
   <trkpt lat="51.1181720" lon="-0.5131570">
    <ele>47.3</ele>
    <time>2020-06-20T11:11:34Z</time>
   </trkpt>
   <trkpt lat="51.1181130" lon="-0.5131100">
    <ele>47.3</ele>
    <time>2020-06-20T11:11:35Z</time>
   </trkpt>
   <trkpt lat="51.1180590" lon="-0.5130560">
    <ele>47.3</ele>
    <time>2020-06-20T11:11:36Z</time>
   </trkpt>
   <trkpt lat="51.1180090" lon="-0.5130020">
    <ele>47.3</ele>
    <time>2020-06-20T11:11:37Z</time>
   </trkpt>
   <trkpt lat="51.1179570" lon="-0.5129510">
    <ele>47.3</ele>
    <time>2020-06-20T11:11:38Z</time>
   </trkpt>
   <trkpt lat="51.1178980" lon="-0.5129030">
    <ele>47.4</ele>
    <time>2020-06-20T11:11:39Z</time>
   </trkpt>
   <trkpt lat="51.1178410" lon="-0.5128490">
    <ele>47.4</ele>
    <time>2020-06-20T11:11:40Z</time>
   </trkpt>
   <trkpt lat="51.1177820" lon="-0.5127990">
    <ele>47.4</ele>
    <time>2020-06-20T11:11:41Z</time>
   </trkpt>
   <trkpt lat="51.1177250" lon="-0.5127520">
    <ele>47.4</ele>
    <time>2020-06-20T11:11:42Z</time>
   </trkpt>
   <trkpt lat="51.1176620" lon="-0.5127080">
    <ele>47.4</ele>
    <time>2020-06-20T11:11:43Z</time>
   </trkpt>
   <trkpt lat="51.1175980" lon="-0.5126760">
    <ele>47.5</ele>
    <time>2020-06-20T11:11:44Z</time>
   </trkpt>
   <trkpt lat="51.1175350" lon="-0.5126510">
    <ele>47.5</ele>
    <time>2020-06-20T11:11:45Z</time>
   </trkpt>
   <trkpt lat="51.1174750" lon="-0.5126080">
    <ele>47.6</ele>
    <time>2020-06-20T11:11:46Z</time>
   </trkpt>
   <trkpt lat="51.1174180" lon="-0.5125610">
    <ele>47.7</ele>
    <time>2020-06-20T11:11:47Z</time>
   </trkpt>
   <trkpt lat="51.1173610" lon="-0.5125180">
    <ele>47.7</ele>
    <time>2020-06-20T11:11:48Z</time>
   </trkpt>
   <trkpt lat="51.1173030" lon="-0.5124710">
    <ele>47.7</ele>
    <time>2020-06-20T11:11:49Z</time>
   </trkpt>
   <trkpt lat="51.1172440" lon="-0.5124270">
    <ele>47.8</ele>
    <time>2020-06-20T11:11:50Z</time>
   </trkpt>
   <trkpt lat="51.1171860" lon="-0.5123790">
    <ele>47.8</ele>
    <time>2020-06-20T11:11:51Z</time>
   </trkpt>
   <trkpt lat="51.1171340" lon="-0.5123280">
    <ele>47.8</ele>
    <time>2020-06-20T11:11:52Z</time>
   </trkpt>
   <trkpt lat="51.1170660" lon="-0.5122970">
    <ele>47.8</ele>
    <time>2020-06-20T11:11:53Z</time>
   </trkpt>
   <trkpt lat="51.1170060" lon="-0.5122540">
    <ele>47.9</ele>
    <time>2020-06-20T11:11:54Z</time>
   </trkpt>
   <trkpt lat="51.1169450" lon="-0.5122260">
    <ele>47.9</ele>
    <time>2020-06-20T11:11:55Z</time>
   </trkpt>
   <trkpt lat="51.1168830" lon="-0.5122020">
    <ele>48.0</ele>
    <time>2020-06-20T11:11:56Z</time>
   </trkpt>
   <trkpt lat="51.1168260" lon="-0.5121660">
    <ele>48.0</ele>
    <time>2020-06-20T11:11:57Z</time>
   </trkpt>
   <trkpt lat="51.1167710" lon="-0.5121310">
    <ele>48.0</ele>
    <time>2020-06-20T11:11:58Z</time>
   </trkpt>
   <trkpt lat="51.1167030" lon="-0.5121080">
    <ele>48.1</ele>
    <time>2020-06-20T11:11:59Z</time>
   </trkpt>
   <trkpt lat="51.1166330" lon="-0.5120910">
    <ele>48.1</ele>
    <time>2020-06-20T11:12:00Z</time>
   </trkpt>
   <trkpt lat="51.1165680" lon="-0.5120620">
    <ele>48.1</ele>
    <time>2020-06-20T11:12:01Z</time>
   </trkpt>
   <trkpt lat="51.1165050" lon="-0.5120330">
    <ele>48.2</ele>
    <time>2020-06-20T11:12:02Z</time>
   </trkpt>
   <trkpt lat="51.1164430" lon="-0.5120110">
    <ele>48.2</ele>
    <time>2020-06-20T11:12:03Z</time>
   </trkpt>
   <trkpt lat="51.1163770" lon="-0.5119850">
    <ele>48.2</ele>
    <time>2020-06-20T11:12:04Z</time>
   </trkpt>
   <trkpt lat="51.1163140" lon="-0.5119630">
    <ele>48.3</ele>
    <time>2020-06-20T11:12:05Z</time>
   </trkpt>
   <trkpt lat="51.1162510" lon="-0.5119370">
    <ele>48.3</ele>
    <time>2020-06-20T11:12:06Z</time>
   </trkpt>
   <trkpt lat="51.1161910" lon="-0.5119070">
    <ele>48.3</ele>
    <time>2020-06-20T11:12:07Z</time>
   </trkpt>
   <trkpt lat="51.1161270" lon="-0.5118850">
    <ele>48.3</ele>
    <time>2020-06-20T11:12:08Z</time>
   </trkpt>
   <trkpt lat="51.1160580" lon="-0.5118710">
    <ele>48.3</ele>
    <time>2020-06-20T11:12:09Z</time>
   </trkpt>
   <trkpt lat="51.1159940" lon="-0.5118610">
    <ele>48.3</ele>
    <time>2020-06-20T11:12:10Z</time>
   </trkpt>
   <trkpt lat="51.1159320" lon="-0.5118430">
    <ele>48.4</ele>
    <time>2020-06-20T11:12:11Z</time>
   </trkpt>
   <trkpt lat="51.1158660" lon="-0.5118160">
    <ele>48.5</ele>
    <time>2020-06-20T11:12:12Z</time>
   </trkpt>
   <trkpt lat="51.1158070" lon="-0.5117860">
    <ele>48.6</ele>
    <time>2020-06-20T11:12:13Z</time>
   </trkpt>
   <trkpt lat="51.1157450" lon="-0.5117680">
    <ele>48.7</ele>
    <time>2020-06-20T11:12:14Z</time>
   </trkpt>
   <trkpt lat="51.1156830" lon="-0.5117410">
    <ele>48.7</ele>
    <time>2020-06-20T11:12:15Z</time>
   </trkpt>
   <trkpt lat="51.1156170" lon="-0.5117230">
    <ele>48.8</ele>
    <time>2020-06-20T11:12:16Z</time>
   </trkpt>
   <trkpt lat="51.1155550" lon="-0.5116970">
    <ele>48.8</ele>
    <time>2020-06-20T11:12:17Z</time>
   </trkpt>
   <trkpt lat="51.1154900" lon="-0.5116760">
    <ele>48.9</ele>
    <time>2020-06-20T11:12:18Z</time>
   </trkpt>
   <trkpt lat="51.1154230" lon="-0.5116660">
    <ele>49.0</ele>
    <time>2020-06-20T11:12:19Z</time>
   </trkpt>
   <trkpt lat="51.1153560" lon="-0.5116570">
    <ele>49.0</ele>
    <time>2020-06-20T11:12:20Z</time>
   </trkpt>
   <trkpt lat="51.1152920" lon="-0.5116430">
    <ele>49.1</ele>
    <time>2020-06-20T11:12:21Z</time>
   </trkpt>
   <trkpt lat="51.1152250" lon="-0.5116220">
    <ele>49.1</ele>
    <time>2020-06-20T11:12:22Z</time>
   </trkpt>
   <trkpt lat="51.1151570" lon="-0.5116010">
    <ele>49.2</ele>
    <time>2020-06-20T11:12:23Z</time>
   </trkpt>
   <trkpt lat="51.1150910" lon="-0.5115810">
    <ele>49.3</ele>
    <time>2020-06-20T11:12:24Z</time>
   </trkpt>
   <trkpt lat="51.1150170" lon="-0.5115640">
    <ele>49.4</ele>
    <time>2020-06-20T11:12:25Z</time>
   </trkpt>
   <trkpt lat="51.1149520" lon="-0.5115440">
    <ele>49.5</ele>
    <time>2020-06-20T11:12:26Z</time>
   </trkpt>
   <trkpt lat="51.1148880" lon="-0.5115200">
    <ele>49.6</ele>
    <time>2020-06-20T11:12:27Z</time>
   </trkpt>
   <trkpt lat="51.1148250" lon="-0.5115040">
    <ele>49.7</ele>
    <time>2020-06-20T11:12:28Z</time>
   </trkpt>
   <trkpt lat="51.1147600" lon="-0.5114840">
    <ele>49.8</ele>
    <time>2020-06-20T11:12:29Z</time>
   </trkpt>
   <trkpt lat="51.1146950" lon="-0.5114610">
    <ele>50.1</ele>
    <time>2020-06-20T11:12:30Z</time>
   </trkpt>
   <trkpt lat="51.1146290" lon="-0.5114460">
    <ele>49.9</ele>
    <time>2020-06-20T11:12:31Z</time>
   </trkpt>
   <trkpt lat="51.1145620" lon="-0.5114270">
    <ele>49.8</ele>
    <time>2020-06-20T11:12:32Z</time>
   </trkpt>
   <trkpt lat="51.1144990" lon="-0.5114100">
    <ele>49.6</ele>
    <time>2020-06-20T11:12:33Z</time>
   </trkpt>
   <trkpt lat="51.1144440" lon="-0.5113800">
    <ele>49.5</ele>
    <time>2020-06-20T11:12:34Z</time>
   </trkpt>
   <trkpt lat="51.1143820" lon="-0.5113580">
    <ele>49.3</ele>
    <time>2020-06-20T11:12:35Z</time>
   </trkpt>
   <trkpt lat="51.1143150" lon="-0.5113540">
    <ele>49.2</ele>
    <time>2020-06-20T11:12:36Z</time>
   </trkpt>
   <trkpt lat="51.1142400" lon="-0.5113650">
    <ele>49.1</ele>
    <time>2020-06-20T11:12:37Z</time>
   </trkpt>
   <trkpt lat="51.1141700" lon="-0.5113640">
    <ele>49.0</ele>
    <time>2020-06-20T11:12:38Z</time>
   </trkpt>
   <trkpt lat="51.1140990" lon="-0.5113690">
    <ele>48.9</ele>
    <time>2020-06-20T11:12:39Z</time>
   </trkpt>
   <trkpt lat="51.1140350" lon="-0.5113750">
    <ele>48.9</ele>
    <time>2020-06-20T11:12:40Z</time>
   </trkpt>
   <trkpt lat="51.1139660" lon="-0.5113850">
    <ele>48.8</ele>
    <time>2020-06-20T11:12:41Z</time>
   </trkpt>
   <trkpt lat="51.1139000" lon="-0.5113910">
    <ele>48.8</ele>
    <time>2020-06-20T11:12:42Z</time>
   </trkpt>
   <trkpt lat="51.1138360" lon="-0.5114010">
    <ele>48.8</ele>
    <time>2020-06-20T11:12:43Z</time>
   </trkpt>
   <trkpt lat="51.1137690" lon="-0.5114120">
    <ele>48.7</ele>
    <time>2020-06-20T11:12:44Z</time>
   </trkpt>
   <trkpt lat="51.1137050" lon="-0.5114330">
    <ele>48.7</ele>
    <time>2020-06-20T11:12:45Z</time>
   </trkpt>
   <trkpt lat="51.1136450" lon="-0.5114600">
    <ele>48.6</ele>
    <time>2020-06-20T11:12:46Z</time>
   </trkpt>
   <trkpt lat="51.1135760" lon="-0.5114800">
    <ele>48.6</ele>
    <time>2020-06-20T11:12:47Z</time>
   </trkpt>
   <trkpt lat="51.1135040" lon="-0.5114960">
    <ele>48.6</ele>
    <time>2020-06-20T11:12:48Z</time>
   </trkpt>
   <trkpt lat="51.1134390" lon="-0.5115160">
    <ele>48.6</ele>
    <time>2020-06-20T11:12:49Z</time>
   </trkpt>
   <trkpt lat="51.1133710" lon="-0.5115370">
    <ele>48.6</ele>
    <time>2020-06-20T11:12:50Z</time>
   </trkpt>
   <trkpt lat="51.1133060" lon="-0.5115610">
    <ele>48.7</ele>
    <time>2020-06-20T11:12:51Z</time>
   </trkpt>
   <trkpt lat="51.1132390" lon="-0.5115800">
    <ele>48.7</ele>
    <time>2020-06-20T11:12:52Z</time>
   </trkpt>
   <trkpt lat="51.1131670" lon="-0.5116010">
    <ele>48.7</ele>
    <time>2020-06-20T11:12:53Z</time>
   </trkpt>
   <trkpt lat="51.1130950" lon="-0.5116280">
    <ele>48.8</ele>
    <time>2020-06-20T11:12:54Z</time>
   </trkpt>
   <trkpt lat="51.1130280" lon="-0.5116570">
    <ele>48.8</ele>
    <time>2020-06-20T11:12:55Z</time>
   </trkpt>
   <trkpt lat="51.1129650" lon="-0.5116790">
    <ele>48.8</ele>
    <time>2020-06-20T11:12:56Z</time>
   </trkpt>
   <trkpt lat="51.1129050" lon="-0.5117090">
    <ele>48.9</ele>
    <time>2020-06-20T11:12:57Z</time>
   </trkpt>
   <trkpt lat="51.1128450" lon="-0.5117370">
    <ele>48.9</ele>
    <time>2020-06-20T11:12:58Z</time>
   </trkpt>
   <trkpt lat="51.1127850" lon="-0.5117710">
    <ele>48.9</ele>
    <time>2020-06-20T11:12:59Z</time>
   </trkpt>
   <trkpt lat="51.1127240" lon="-0.5118060">
    <ele>49.0</ele>
    <time>2020-06-20T11:13:00Z</time>
   </trkpt>
   <trkpt lat="51.1126690" lon="-0.5118370">
    <ele>49.0</ele>
    <time>2020-06-20T11:13:01Z</time>
   </trkpt>
   <trkpt lat="51.1126150" lon="-0.5118710">
    <ele>49.0</ele>
    <time>2020-06-20T11:13:02Z</time>
   </trkpt>
   <trkpt lat="51.1125530" lon="-0.5119130">
    <ele>49.1</ele>
    <time>2020-06-20T11:13:03Z</time>
   </trkpt>
   <trkpt lat="51.1124870" lon="-0.5119470">
    <ele>49.1</ele>
    <time>2020-06-20T11:13:04Z</time>
   </trkpt>
   <trkpt lat="51.1124210" lon="-0.5119840">
    <ele>49.2</ele>
    <time>2020-06-20T11:13:05Z</time>
   </trkpt>
   <trkpt lat="51.1123520" lon="-0.5120220">
    <ele>49.2</ele>
    <time>2020-06-20T11:13:06Z</time>
   </trkpt>
   <trkpt lat="51.1122870" lon="-0.5120600">
    <ele>49.2</ele>
    <time>2020-06-20T11:13:07Z</time>
   </trkpt>
   <trkpt lat="51.1122240" lon="-0.5120980">
    <ele>49.3</ele>
    <time>2020-06-20T11:13:08Z</time>
   </trkpt>
   <trkpt lat="51.1121610" lon="-0.5121450">
    <ele>49.3</ele>
    <time>2020-06-20T11:13:09Z</time>
   </trkpt>
   <trkpt lat="51.1121080" lon="-0.5121890">
    <ele>49.4</ele>
    <time>2020-06-20T11:13:10Z</time>
   </trkpt>
   <trkpt lat="51.1120550" lon="-0.5122300">
    <ele>49.4</ele>
    <time>2020-06-20T11:13:11Z</time>
   </trkpt>
   <trkpt lat="51.1120020" lon="-0.5122630">
    <ele>49.5</ele>
    <time>2020-06-20T11:13:12Z</time>
   </trkpt>
   <trkpt lat="51.1119510" lon="-0.5123000">
    <ele>49.5</ele>
    <time>2020-06-20T11:13:13Z</time>
   </trkpt>
   <trkpt lat="51.1118970" lon="-0.5123300">
    <ele>49.6</ele>
    <time>2020-06-20T11:13:14Z</time>
   </trkpt>
   <trkpt lat="51.1118400" lon="-0.5123740">
    <ele>49.7</ele>
    <time>2020-06-20T11:13:15Z</time>
   </trkpt>
   <trkpt lat="51.1117830" lon="-0.5124200">
    <ele>49.8</ele>
    <time>2020-06-20T11:13:16Z</time>
   </trkpt>
   <trkpt lat="51.1117270" lon="-0.5124660">
    <ele>50.0</ele>
    <time>2020-06-20T11:13:17Z</time>
   </trkpt>
   <trkpt lat="51.1116640" lon="-0.5125110">
    <ele>50.2</ele>
    <time>2020-06-20T11:13:18Z</time>
   </trkpt>
   <trkpt lat="51.1115990" lon="-0.5125490">
    <ele>50.3</ele>
    <time>2020-06-20T11:13:19Z</time>
   </trkpt>
   <trkpt lat="51.1115430" lon="-0.5125890">
    <ele>50.5</ele>
    <time>2020-06-20T11:13:20Z</time>
   </trkpt>
   <trkpt lat="51.1114850" lon="-0.5126340">
    <ele>50.6</ele>
    <time>2020-06-20T11:13:21Z</time>
   </trkpt>
   <trkpt lat="51.1114310" lon="-0.5126750">
    <ele>50.8</ele>
    <time>2020-06-20T11:13:22Z</time>
   </trkpt>
   <trkpt lat="51.1113790" lon="-0.5127130">
    <ele>51.0</ele>
    <time>2020-06-20T11:13:23Z</time>
   </trkpt>
   <trkpt lat="51.1113280" lon="-0.5127540">
    <ele>51.1</ele>
    <time>2020-06-20T11:13:24Z</time>
   </trkpt>
   <trkpt lat="51.1112680" lon="-0.5127930">
    <ele>51.3</ele>
    <time>2020-06-20T11:13:25Z</time>
   </trkpt>
   <trkpt lat="51.1112160" lon="-0.5128360">
    <ele>51.5</ele>
    <time>2020-06-20T11:13:26Z</time>
   </trkpt>
   <trkpt lat="51.1111620" lon="-0.5128820">
    <ele>51.8</ele>
    <time>2020-06-20T11:13:27Z</time>
   </trkpt>
   <trkpt lat="51.1111110" lon="-0.5129200">
    <ele>52.0</ele>
    <time>2020-06-20T11:13:28Z</time>
   </trkpt>
   <trkpt lat="51.1110670" lon="-0.5129520">
    <ele>52.2</ele>
    <time>2020-06-20T11:13:29Z</time>
   </trkpt>
   <trkpt lat="51.1110210" lon="-0.5129910">
    <ele>52.4</ele>
    <time>2020-06-20T11:13:30Z</time>
   </trkpt>
   <trkpt lat="51.1109710" lon="-0.5130340">
    <ele>52.7</ele>
    <time>2020-06-20T11:13:31Z</time>
   </trkpt>
   <trkpt lat="51.1109190" lon="-0.5130790">
    <ele>52.9</ele>
    <time>2020-06-20T11:13:32Z</time>
   </trkpt>
   <trkpt lat="51.1108690" lon="-0.5131290">
    <ele>53.1</ele>
    <time>2020-06-20T11:13:33Z</time>
   </trkpt>
   <trkpt lat="51.1108180" lon="-0.5131720">
    <ele>53.3</ele>
    <time>2020-06-20T11:13:34Z</time>
   </trkpt>
   <trkpt lat="51.1107640" lon="-0.5132190">
    <ele>53.5</ele>
    <time>2020-06-20T11:13:35Z</time>
   </trkpt>
   <trkpt lat="51.1107160" lon="-0.5132610">
    <ele>53.5</ele>
    <time>2020-06-20T11:13:36Z</time>
   </trkpt>
   <trkpt lat="51.1106710" lon="-0.5132970">
    <ele>53.6</ele>
    <time>2020-06-20T11:13:37Z</time>
   </trkpt>
   <trkpt lat="51.1106230" lon="-0.5133430">
    <ele>53.7</ele>
    <time>2020-06-20T11:13:38Z</time>
   </trkpt>
   <trkpt lat="51.1105730" lon="-0.5133910">
    <ele>53.8</ele>
    <time>2020-06-20T11:13:39Z</time>
   </trkpt>
   <trkpt lat="51.1105260" lon="-0.5134300">
    <ele>53.9</ele>
    <time>2020-06-20T11:13:40Z</time>
   </trkpt>
   <trkpt lat="51.1104750" lon="-0.5134730">
    <ele>53.9</ele>
    <time>2020-06-20T11:13:41Z</time>
   </trkpt>
   <trkpt lat="51.1104250" lon="-0.5135150">
    <ele>54.0</ele>
    <time>2020-06-20T11:13:42Z</time>
   </trkpt>
   <trkpt lat="51.1103740" lon="-0.5135560">
    <ele>54.1</ele>
    <time>2020-06-20T11:13:43Z</time>
   </trkpt>
   <trkpt lat="51.1103250" lon="-0.5136020">
    <ele>54.2</ele>
    <time>2020-06-20T11:13:44Z</time>
   </trkpt>
   <trkpt lat="51.1102790" lon="-0.5136510">
    <ele>54.3</ele>
    <time>2020-06-20T11:13:45Z</time>
   </trkpt>
   <trkpt lat="51.1102310" lon="-0.5137020">
    <ele>54.4</ele>
    <time>2020-06-20T11:13:46Z</time>
   </trkpt>
   <trkpt lat="51.1101840" lon="-0.5137410">
    <ele>54.5</ele>
    <time>2020-06-20T11:13:47Z</time>
   </trkpt>
   <trkpt lat="51.1101320" lon="-0.5137800">
    <ele>54.5</ele>
    <time>2020-06-20T11:13:48Z</time>
   </trkpt>
   <trkpt lat="51.1100810" lon="-0.5138270">
    <ele>54.5</ele>
    <time>2020-06-20T11:13:49Z</time>
   </trkpt>
   <trkpt lat="51.1100260" lon="-0.5138710">
    <ele>54.6</ele>
    <time>2020-06-20T11:13:50Z</time>
   </trkpt>
   <trkpt lat="51.1099750" lon="-0.5139110">
    <ele>54.6</ele>
    <time>2020-06-20T11:13:51Z</time>
   </trkpt>
   <trkpt lat="51.1099240" lon="-0.5139530">
    <ele>54.6</ele>
    <time>2020-06-20T11:13:52Z</time>
   </trkpt>
   <trkpt lat="51.1098730" lon="-0.5139980">
    <ele>54.6</ele>
    <time>2020-06-20T11:13:53Z</time>
   </trkpt>
   <trkpt lat="51.1098220" lon="-0.5140410">
    <ele>54.6</ele>
    <time>2020-06-20T11:13:54Z</time>
   </trkpt>
   <trkpt lat="51.1097740" lon="-0.5140820">
    <ele>54.6</ele>
    <time>2020-06-20T11:13:55Z</time>
   </trkpt>
   <trkpt lat="51.1097180" lon="-0.5141140">
    <ele>54.6</ele>
    <time>2020-06-20T11:13:56Z</time>
   </trkpt>
   <trkpt lat="51.1096680" lon="-0.5141490">
    <ele>54.6</ele>
    <time>2020-06-20T11:13:57Z</time>
   </trkpt>
   <trkpt lat="51.1096190" lon="-0.5141880">
    <ele>54.6</ele>
    <time>2020-06-20T11:13:58Z</time>
   </trkpt>
   <trkpt lat="51.1095650" lon="-0.5142200">
    <ele>54.6</ele>
    <time>2020-06-20T11:13:59Z</time>
   </trkpt>
   <trkpt lat="51.1095050" lon="-0.5142570">
    <ele>54.6</ele>
    <time>2020-06-20T11:14:00Z</time>
   </trkpt>
   <trkpt lat="51.1094480" lon="-0.5142930">
    <ele>54.6</ele>
    <time>2020-06-20T11:14:01Z</time>
   </trkpt>
   <trkpt lat="51.1093280" lon="-0.5143710">
    <ele>54.6</ele>
    <time>2020-06-20T11:14:03Z</time>
   </trkpt>
   <trkpt lat="51.1092670" lon="-0.5144120">
    <ele>54.6</ele>
    <time>2020-06-20T11:14:04Z</time>
   </trkpt>
   <trkpt lat="51.1092070" lon="-0.5144470">
    <ele>54.6</ele>
    <time>2020-06-20T11:14:05Z</time>
   </trkpt>
   <trkpt lat="51.1091460" lon="-0.5144860">
    <ele>54.7</ele>
    <time>2020-06-20T11:14:06Z</time>
   </trkpt>
   <trkpt lat="51.1090910" lon="-0.5145280">
    <ele>54.7</ele>
    <time>2020-06-20T11:14:07Z</time>
   </trkpt>
   <trkpt lat="51.1090300" lon="-0.5145700">
    <ele>54.7</ele>
    <time>2020-06-20T11:14:08Z</time>
   </trkpt>
   <trkpt lat="51.1089680" lon="-0.5146110">
    <ele>54.8</ele>
    <time>2020-06-20T11:14:09Z</time>
   </trkpt>
   <trkpt lat="51.1089080" lon="-0.5146450">
    <ele>54.9</ele>
    <time>2020-06-20T11:14:10Z</time>
   </trkpt>
   <trkpt lat="51.1088470" lon="-0.5146860">
    <ele>55.0</ele>
    <time>2020-06-20T11:14:11Z</time>
   </trkpt>
   <trkpt lat="51.1087820" lon="-0.5147310">
    <ele>55.3</ele>
    <time>2020-06-20T11:14:12Z</time>
   </trkpt>
   <trkpt lat="51.1087240" lon="-0.5147750">
    <ele>55.3</ele>
    <time>2020-06-20T11:14:13Z</time>
   </trkpt>
   <trkpt lat="51.1086680" lon="-0.5148150">
    <ele>55.2</ele>
    <time>2020-06-20T11:14:14Z</time>
   </trkpt>
   <trkpt lat="51.1085990" lon="-0.5148450">
    <ele>55.2</ele>
    <time>2020-06-20T11:14:15Z</time>
   </trkpt>
   <trkpt lat="51.1085400" lon="-0.5148650">
    <ele>55.2</ele>
    <time>2020-06-20T11:14:16Z</time>
   </trkpt>
   <trkpt lat="51.1084840" lon="-0.5148860">
    <ele>55.1</ele>
    <time>2020-06-20T11:14:17Z</time>
   </trkpt>
   <trkpt lat="51.1084290" lon="-0.5149030">
    <ele>55.1</ele>
    <time>2020-06-20T11:14:18Z</time>
   </trkpt>
   <trkpt lat="51.1083690" lon="-0.5149190">
    <ele>55.1</ele>
    <time>2020-06-20T11:14:19Z</time>
   </trkpt>
   <trkpt lat="51.1083000" lon="-0.5149410">
    <ele>55.0</ele>
    <time>2020-06-20T11:14:20Z</time>
   </trkpt>
   <trkpt lat="51.1082290" lon="-0.5149610">
    <ele>55.0</ele>
    <time>2020-06-20T11:14:21Z</time>
   </trkpt>
   <trkpt lat="51.1081590" lon="-0.5149690">
    <ele>54.7</ele>
    <time>2020-06-20T11:14:22Z</time>
   </trkpt>
   <trkpt lat="51.1080890" lon="-0.5149690">
    <ele>54.5</ele>
    <time>2020-06-20T11:14:23Z</time>
   </trkpt>
   <trkpt lat="51.1080300" lon="-0.5149550">
    <ele>54.4</ele>
    <time>2020-06-20T11:14:24Z</time>
   </trkpt>
   <trkpt lat="51.1079840" lon="-0.5149000">
    <ele>54.2</ele>
    <time>2020-06-20T11:14:25Z</time>
   </trkpt>
   <trkpt lat="51.1079430" lon="-0.5148330">
    <ele>54.2</ele>
    <time>2020-06-20T11:14:26Z</time>
   </trkpt>
   <trkpt lat="51.1079060" lon="-0.5147910">
    <ele>54.1</ele>
    <time>2020-06-20T11:14:27Z</time>
   </trkpt>
   <trkpt lat="51.1078660" lon="-0.5147560">
    <ele>54.0</ele>
    <time>2020-06-20T11:14:28Z</time>
   </trkpt>
   <trkpt lat="51.1078450" lon="-0.5147380">
    <ele>54.0</ele>
    <time>2020-06-20T11:14:29Z</time>
   </trkpt>
   <trkpt lat="51.1078200" lon="-0.5147040">
    <ele>54.0</ele>
    <time>2020-06-20T11:14:30Z</time>
   </trkpt>
   <trkpt lat="51.1077920" lon="-0.5146780">
    <ele>54.0</ele>
    <time>2020-06-20T11:14:31Z</time>
   </trkpt>
   <trkpt lat="51.1077570" lon="-0.5146740">
    <ele>53.9</ele>
    <time>2020-06-20T11:14:32Z</time>
   </trkpt>
   <trkpt lat="51.1077180" lon="-0.5146850">
    <ele>53.9</ele>
    <time>2020-06-20T11:14:33Z</time>
   </trkpt>
   <trkpt lat="51.1076850" lon="-0.5147310">
    <ele>53.9</ele>
    <time>2020-06-20T11:14:34Z</time>
   </trkpt>
   <trkpt lat="51.1076370" lon="-0.5148820">
    <ele>54.0</ele>
    <time>2020-06-20T11:14:36Z</time>
   </trkpt>
   <trkpt lat="51.1075930" lon="-0.5149270">
    <ele>53.9</ele>
    <time>2020-06-20T11:14:37Z</time>
   </trkpt>
   <trkpt lat="51.1075400" lon="-0.5149370">
    <ele>53.8</ele>
    <time>2020-06-20T11:14:38Z</time>
   </trkpt>
   <trkpt lat="51.1074820" lon="-0.5149250">
    <ele>53.7</ele>
    <time>2020-06-20T11:14:39Z</time>
   </trkpt>
   <trkpt lat="51.1074240" lon="-0.5149120">
    <ele>53.5</ele>
    <time>2020-06-20T11:14:40Z</time>
   </trkpt>
   <trkpt lat="51.1073650" lon="-0.5149080">
    <ele>53.4</ele>
    <time>2020-06-20T11:14:41Z</time>
   </trkpt>
   <trkpt lat="51.1073030" lon="-0.5149120">
    <ele>53.3</ele>
    <time>2020-06-20T11:14:42Z</time>
   </trkpt>
   <trkpt lat="51.1072410" lon="-0.5148960">
    <ele>53.2</ele>
    <time>2020-06-20T11:14:43Z</time>
   </trkpt>
   <trkpt lat="51.1071720" lon="-0.5149000">
    <ele>53.1</ele>
    <time>2020-06-20T11:14:44Z</time>
   </trkpt>
   <trkpt lat="51.1071100" lon="-0.5149220">
    <ele>53.0</ele>
    <time>2020-06-20T11:14:45Z</time>
   </trkpt>
   <trkpt lat="51.1070470" lon="-0.5149360">
    <ele>53.0</ele>
    <time>2020-06-20T11:14:46Z</time>
   </trkpt>
   <trkpt lat="51.1069890" lon="-0.5149520">
    <ele>52.9</ele>
    <time>2020-06-20T11:14:47Z</time>
   </trkpt>
   <trkpt lat="51.1069310" lon="-0.5149700">
    <ele>52.9</ele>
    <time>2020-06-20T11:14:48Z</time>
   </trkpt>
   <trkpt lat="51.1068690" lon="-0.5149950">
    <ele>52.9</ele>
    <time>2020-06-20T11:14:49Z</time>
   </trkpt>
   <trkpt lat="51.1068060" lon="-0.5150130">
    <ele>52.8</ele>
    <time>2020-06-20T11:14:50Z</time>
   </trkpt>
   <trkpt lat="51.1067440" lon="-0.5150350">
    <ele>52.8</ele>
    <time>2020-06-20T11:14:51Z</time>
   </trkpt>
   <trkpt lat="51.1066830" lon="-0.5150490">
    <ele>52.8</ele>
    <time>2020-06-20T11:14:52Z</time>
   </trkpt>
   <trkpt lat="51.1066250" lon="-0.5150820">
    <ele>52.7</ele>
    <time>2020-06-20T11:14:53Z</time>
   </trkpt>
   <trkpt lat="51.1065690" lon="-0.5151220">
    <ele>52.7</ele>
    <time>2020-06-20T11:14:54Z</time>
   </trkpt>
   <trkpt lat="51.1065180" lon="-0.5151540">
    <ele>52.7</ele>
    <time>2020-06-20T11:14:55Z</time>
   </trkpt>
   <trkpt lat="51.1064670" lon="-0.5151800">
    <ele>52.7</ele>
    <time>2020-06-20T11:14:56Z</time>
   </trkpt>
   <trkpt lat="51.1064110" lon="-0.5152200">
    <ele>52.6</ele>
    <time>2020-06-20T11:14:57Z</time>
   </trkpt>
   <trkpt lat="51.1063570" lon="-0.5152580">
    <ele>52.6</ele>
    <time>2020-06-20T11:14:58Z</time>
   </trkpt>
   <trkpt lat="51.1063000" lon="-0.5152960">
    <ele>52.6</ele>
    <time>2020-06-20T11:14:59Z</time>
   </trkpt>
   <trkpt lat="51.1062480" lon="-0.5153300">
    <ele>52.5</ele>
    <time>2020-06-20T11:15:00Z</time>
   </trkpt>
   <trkpt lat="51.1061930" lon="-0.5153690">
    <ele>52.5</ele>
    <time>2020-06-20T11:15:01Z</time>
   </trkpt>
   <trkpt lat="51.1061390" lon="-0.5154090">
    <ele>52.6</ele>
    <time>2020-06-20T11:15:02Z</time>
   </trkpt>
   <trkpt lat="51.1060860" lon="-0.5154510">
    <ele>52.6</ele>
    <time>2020-06-20T11:15:03Z</time>
   </trkpt>
   <trkpt lat="51.1060350" lon="-0.5154900">
    <ele>52.6</ele>
    <time>2020-06-20T11:15:04Z</time>
   </trkpt>
   <trkpt lat="51.1059880" lon="-0.5155220">
    <ele>52.7</ele>
    <time>2020-06-20T11:15:05Z</time>
   </trkpt>
   <trkpt lat="51.1059400" lon="-0.5155540">
    <ele>52.7</ele>
    <time>2020-06-20T11:15:06Z</time>
   </trkpt>
   <trkpt lat="51.1058890" lon="-0.5155980">
    <ele>52.7</ele>
    <time>2020-06-20T11:15:07Z</time>
   </trkpt>
   <trkpt lat="51.1058370" lon="-0.5156460">
    <ele>52.7</ele>
    <time>2020-06-20T11:15:08Z</time>
   </trkpt>
   <trkpt lat="51.1057830" lon="-0.5156920">
    <ele>52.7</ele>
    <time>2020-06-20T11:15:09Z</time>
   </trkpt>
   <trkpt lat="51.1057280" lon="-0.5157400">
    <ele>52.7</ele>
    <time>2020-06-20T11:15:10Z</time>
   </trkpt>
   <trkpt lat="51.1056720" lon="-0.5157850">
    <ele>52.8</ele>
    <time>2020-06-20T11:15:11Z</time>
   </trkpt>
   <trkpt lat="51.1056130" lon="-0.5158340">
    <ele>52.9</ele>
    <time>2020-06-20T11:15:12Z</time>
   </trkpt>
   <trkpt lat="51.1055570" lon="-0.5158830">
    <ele>52.9</ele>
    <time>2020-06-20T11:15:13Z</time>
   </trkpt>
   <trkpt lat="51.1055000" lon="-0.5159300">
    <ele>52.7</ele>
    <time>2020-06-20T11:15:14Z</time>
   </trkpt>
   <trkpt lat="51.1054430" lon="-0.5159850">
    <ele>52.5</ele>
    <time>2020-06-20T11:15:15Z</time>
   </trkpt>
   <trkpt lat="51.1053820" lon="-0.5160450">
    <ele>52.3</ele>
    <time>2020-06-20T11:15:16Z</time>
   </trkpt>
   <trkpt lat="51.1053210" lon="-0.5161010">
    <ele>52.2</ele>
    <time>2020-06-20T11:15:17Z</time>
   </trkpt>
   <trkpt lat="51.1052510" lon="-0.5161560">
    <ele>52.1</ele>
    <time>2020-06-20T11:15:18Z</time>
   </trkpt>
   <trkpt lat="51.1051840" lon="-0.5162010">
    <ele>52.1</ele>
    <time>2020-06-20T11:15:19Z</time>
   </trkpt>
   <trkpt lat="51.1051180" lon="-0.5162420">
    <ele>52.1</ele>
    <time>2020-06-20T11:15:20Z</time>
   </trkpt>
   <trkpt lat="51.1050560" lon="-0.5162870">
    <ele>52.1</ele>
    <time>2020-06-20T11:15:21Z</time>
   </trkpt>
   <trkpt lat="51.1049970" lon="-0.5163220">
    <ele>52.1</ele>
    <time>2020-06-20T11:15:22Z</time>
   </trkpt>
   <trkpt lat="51.1049390" lon="-0.5163560">
    <ele>52.1</ele>
    <time>2020-06-20T11:15:23Z</time>
   </trkpt>
   <trkpt lat="51.1048790" lon="-0.5163950">
    <ele>52.1</ele>
    <time>2020-06-20T11:15:24Z</time>
   </trkpt>
   <trkpt lat="51.1048140" lon="-0.5164360">
    <ele>52.0</ele>
    <time>2020-06-20T11:15:25Z</time>
   </trkpt>
   <trkpt lat="51.1047510" lon="-0.5164720">
    <ele>52.0</ele>
    <time>2020-06-20T11:15:26Z</time>
   </trkpt>
   <trkpt lat="51.1046880" lon="-0.5165090">
    <ele>52.1</ele>
    <time>2020-06-20T11:15:27Z</time>
   </trkpt>
   <trkpt lat="51.1046250" lon="-0.5165380">
    <ele>52.1</ele>
    <time>2020-06-20T11:15:28Z</time>
   </trkpt>
   <trkpt lat="51.1045600" lon="-0.5165670">
    <ele>52.2</ele>
    <time>2020-06-20T11:15:29Z</time>
   </trkpt>
   <trkpt lat="51.1044910" lon="-0.5165840">
    <ele>52.2</ele>
    <time>2020-06-20T11:15:30Z</time>
   </trkpt>
   <trkpt lat="51.1044240" lon="-0.5166050">
    <ele>52.3</ele>
    <time>2020-06-20T11:15:31Z</time>
   </trkpt>
   <trkpt lat="51.1043580" lon="-0.5166260">
    <ele>52.3</ele>
    <time>2020-06-20T11:15:32Z</time>
   </trkpt>
   <trkpt lat="51.1042970" lon="-0.5166510">
    <ele>52.4</ele>
    <time>2020-06-20T11:15:33Z</time>
   </trkpt>
   <trkpt lat="51.1042440" lon="-0.5166790">
    <ele>52.4</ele>
    <time>2020-06-20T11:15:34Z</time>
   </trkpt>
   <trkpt lat="51.1041860" lon="-0.5167050">
    <ele>52.5</ele>
    <time>2020-06-20T11:15:35Z</time>
   </trkpt>
   <trkpt lat="51.1041220" lon="-0.5167340">
    <ele>52.6</ele>
    <time>2020-06-20T11:15:36Z</time>
   </trkpt>
   <trkpt lat="51.1040600" lon="-0.5167620">
    <ele>52.6</ele>
    <time>2020-06-20T11:15:37Z</time>
   </trkpt>
   <trkpt lat="51.1040040" lon="-0.5167910">
    <ele>52.7</ele>
    <time>2020-06-20T11:15:38Z</time>
   </trkpt>
   <trkpt lat="51.1039420" lon="-0.5168170">
    <ele>52.7</ele>
    <time>2020-06-20T11:15:39Z</time>
   </trkpt>
   <trkpt lat="51.1038860" lon="-0.5168400">
    <ele>52.7</ele>
    <time>2020-06-20T11:15:40Z</time>
   </trkpt>
   <trkpt lat="51.1038330" lon="-0.5168620">
    <ele>52.8</ele>
    <time>2020-06-20T11:15:41Z</time>
   </trkpt>
   <trkpt lat="51.1037600" lon="-0.5168950">
    <ele>52.8</ele>
    <time>2020-06-20T11:15:42Z</time>
   </trkpt>
   <trkpt lat="51.1036840" lon="-0.5169320">
    <ele>52.9</ele>
    <time>2020-06-20T11:15:43Z</time>
   </trkpt>
   <trkpt lat="51.1036160" lon="-0.5169650">
    <ele>52.9</ele>
    <time>2020-06-20T11:15:44Z</time>
   </trkpt>
   <trkpt lat="51.1035490" lon="-0.5169980">
    <ele>53.0</ele>
    <time>2020-06-20T11:15:45Z</time>
   </trkpt>
   <trkpt lat="51.1034840" lon="-0.5170320">
    <ele>53.2</ele>
    <time>2020-06-20T11:15:46Z</time>
   </trkpt>
   <trkpt lat="51.1034250" lon="-0.5170580">
    <ele>53.2</ele>
    <time>2020-06-20T11:15:47Z</time>
   </trkpt>
   <trkpt lat="51.1033680" lon="-0.5170900">
    <ele>53.1</ele>
    <time>2020-06-20T11:15:48Z</time>
   </trkpt>
   <trkpt lat="51.1033050" lon="-0.5171220">
    <ele>53.0</ele>
    <time>2020-06-20T11:15:49Z</time>
   </trkpt>
   <trkpt lat="51.1032400" lon="-0.5171450">
    <ele>52.9</ele>
    <time>2020-06-20T11:15:50Z</time>
   </trkpt>
   <trkpt lat="51.1031770" lon="-0.5171680">
    <ele>52.9</ele>
    <time>2020-06-20T11:15:51Z</time>
   </trkpt>
   <trkpt lat="51.1031180" lon="-0.5171980">
    <ele>53.0</ele>
    <time>2020-06-20T11:15:52Z</time>
   </trkpt>
   <trkpt lat="51.1030570" lon="-0.5172300">
    <ele>53.0</ele>
    <time>2020-06-20T11:15:53Z</time>
   </trkpt>
   <trkpt lat="51.1030050" lon="-0.5172550">
    <ele>53.0</ele>
    <time>2020-06-20T11:15:54Z</time>
   </trkpt>
   <trkpt lat="51.1029550" lon="-0.5172830">
    <ele>53.0</ele>
    <time>2020-06-20T11:15:55Z</time>
   </trkpt>
   <trkpt lat="51.1028970" lon="-0.5173090">
    <ele>53.0</ele>
    <time>2020-06-20T11:15:56Z</time>
   </trkpt>
   <trkpt lat="51.1028370" lon="-0.5173320">
    <ele>53.0</ele>
    <time>2020-06-20T11:15:57Z</time>
   </trkpt>
   <trkpt lat="51.1027740" lon="-0.5173590">
    <ele>53.0</ele>
    <time>2020-06-20T11:15:58Z</time>
   </trkpt>
   <trkpt lat="51.1027130" lon="-0.5173930">
    <ele>53.0</ele>
    <time>2020-06-20T11:15:59Z</time>
   </trkpt>
   <trkpt lat="51.1026550" lon="-0.5174250">
    <ele>53.0</ele>
    <time>2020-06-20T11:16:00Z</time>
   </trkpt>
   <trkpt lat="51.1025930" lon="-0.5174540">
    <ele>53.0</ele>
    <time>2020-06-20T11:16:01Z</time>
   </trkpt>
   <trkpt lat="51.1025290" lon="-0.5174860">
    <ele>53.0</ele>
    <time>2020-06-20T11:16:02Z</time>
   </trkpt>
   <trkpt lat="51.1024620" lon="-0.5175130">
    <ele>53.1</ele>
    <time>2020-06-20T11:16:03Z</time>
   </trkpt>
   <trkpt lat="51.1024000" lon="-0.5175400">
    <ele>53.1</ele>
    <time>2020-06-20T11:16:04Z</time>
   </trkpt>
   <trkpt lat="51.1023430" lon="-0.5175710">
    <ele>53.1</ele>
    <time>2020-06-20T11:16:05Z</time>
   </trkpt>
   <trkpt lat="51.1022820" lon="-0.5176000">
    <ele>53.2</ele>
    <time>2020-06-20T11:16:06Z</time>
   </trkpt>
   <trkpt lat="51.1022290" lon="-0.5176450">
    <ele>53.2</ele>
    <time>2020-06-20T11:16:07Z</time>
   </trkpt>
   <trkpt lat="51.1021880" lon="-0.5176810">
    <ele>53.2</ele>
    <time>2020-06-20T11:16:08Z</time>
   </trkpt>
   <trkpt lat="51.1021460" lon="-0.5177220">
    <ele>53.3</ele>
    <time>2020-06-20T11:16:09Z</time>
   </trkpt>
   <trkpt lat="51.1020910" lon="-0.5177560">
    <ele>53.3</ele>
    <time>2020-06-20T11:16:10Z</time>
   </trkpt>
   <trkpt lat="51.1020380" lon="-0.5177990">
    <ele>53.4</ele>
    <time>2020-06-20T11:16:11Z</time>
   </trkpt>
   <trkpt lat="51.1019900" lon="-0.5178460">
    <ele>53.4</ele>
    <time>2020-06-20T11:16:12Z</time>
   </trkpt>
   <trkpt lat="51.1019490" lon="-0.5178900">
    <ele>53.5</ele>
    <time>2020-06-20T11:16:13Z</time>
   </trkpt>
   <trkpt lat="51.1019030" lon="-0.5179380">
    <ele>53.5</ele>
    <time>2020-06-20T11:16:14Z</time>
   </trkpt>
   <trkpt lat="51.1018560" lon="-0.5179900">
    <ele>53.6</ele>
    <time>2020-06-20T11:16:15Z</time>
   </trkpt>
   <trkpt lat="51.1018080" lon="-0.5180370">
    <ele>53.6</ele>
    <time>2020-06-20T11:16:16Z</time>
   </trkpt>
   <trkpt lat="51.1017580" lon="-0.5180770">
    <ele>53.6</ele>
    <time>2020-06-20T11:16:17Z</time>
   </trkpt>
   <trkpt lat="51.1017100" lon="-0.5181180">
    <ele>53.6</ele>
    <time>2020-06-20T11:16:18Z</time>
   </trkpt>
   <trkpt lat="51.1016580" lon="-0.5181610">
    <ele>53.7</ele>
    <time>2020-06-20T11:16:19Z</time>
   </trkpt>
   <trkpt lat="51.1016010" lon="-0.5182030">
    <ele>53.7</ele>
    <time>2020-06-20T11:16:20Z</time>
   </trkpt>
   <trkpt lat="51.1015400" lon="-0.5182350">
    <ele>53.8</ele>
    <time>2020-06-20T11:16:21Z</time>
   </trkpt>
   <trkpt lat="51.1014770" lon="-0.5182620">
    <ele>53.9</ele>
    <time>2020-06-20T11:16:22Z</time>
   </trkpt>
   <trkpt lat="51.1014160" lon="-0.5182800">
    <ele>54.0</ele>
    <time>2020-06-20T11:16:23Z</time>
   </trkpt>
   <trkpt lat="51.1013540" lon="-0.5182950">
    <ele>54.1</ele>
    <time>2020-06-20T11:16:24Z</time>
   </trkpt>
   <trkpt lat="51.1012890" lon="-0.5182990">
    <ele>54.3</ele>
    <time>2020-06-20T11:16:25Z</time>
   </trkpt>
   <trkpt lat="51.1012300" lon="-0.5182840">
    <ele>54.4</ele>
    <time>2020-06-20T11:16:26Z</time>
   </trkpt>
   <trkpt lat="51.1011710" lon="-0.5182710">
    <ele>54.5</ele>
    <time>2020-06-20T11:16:27Z</time>
   </trkpt>
   <trkpt lat="51.1011140" lon="-0.5182590">
    <ele>54.6</ele>
    <time>2020-06-20T11:16:28Z</time>
   </trkpt>
   <trkpt lat="51.1010670" lon="-0.5182420">
    <ele>54.7</ele>
    <time>2020-06-20T11:16:29Z</time>
   </trkpt>
   <trkpt lat="51.1010370" lon="-0.5182320">
    <ele>54.7</ele>
    <time>2020-06-20T11:16:30Z</time>
   </trkpt>
   <trkpt lat="51.1009840" lon="-0.5182090">
    <ele>54.8</ele>
    <time>2020-06-20T11:16:31Z</time>
   </trkpt>
   <trkpt lat="51.1009340" lon="-0.5181850">
    <ele>54.9</ele>
    <time>2020-06-20T11:16:32Z</time>
   </trkpt>
   <trkpt lat="51.1008740" lon="-0.5181720">
    <ele>55.0</ele>
    <time>2020-06-20T11:16:33Z</time>
   </trkpt>
   <trkpt lat="51.1008160" lon="-0.5181580">
    <ele>55.1</ele>
    <time>2020-06-20T11:16:34Z</time>
   </trkpt>
   <trkpt lat="51.1007630" lon="-0.5181290">
    <ele>55.2</ele>
    <time>2020-06-20T11:16:35Z</time>
   </trkpt>
   <trkpt lat="51.1007140" lon="-0.5181020">
    <ele>55.3</ele>
    <time>2020-06-20T11:16:36Z</time>
   </trkpt>
   <trkpt lat="51.1006640" lon="-0.5180900">
    <ele>55.5</ele>
    <time>2020-06-20T11:16:37Z</time>
   </trkpt>
   <trkpt lat="51.1006140" lon="-0.5180680">
    <ele>55.6</ele>
    <time>2020-06-20T11:16:38Z</time>
   </trkpt>
   <trkpt lat="51.1005640" lon="-0.5180530">
    <ele>55.7</ele>
    <time>2020-06-20T11:16:39Z</time>
   </trkpt>
   <trkpt lat="51.1005080" lon="-0.5180440">
    <ele>55.8</ele>
    <time>2020-06-20T11:16:40Z</time>
   </trkpt>
   <trkpt lat="51.1004520" lon="-0.5180230">
    <ele>55.8</ele>
    <time>2020-06-20T11:16:41Z</time>
   </trkpt>
   <trkpt lat="51.1003960" lon="-0.5180040">
    <ele>55.9</ele>
    <time>2020-06-20T11:16:42Z</time>
   </trkpt>
   <trkpt lat="51.1003400" lon="-0.5179780">
    <ele>56.0</ele>
    <time>2020-06-20T11:16:43Z</time>
   </trkpt>
   <trkpt lat="51.1002810" lon="-0.5179550">
    <ele>56.0</ele>
    <time>2020-06-20T11:16:44Z</time>
   </trkpt>
   <trkpt lat="51.1002240" lon="-0.5179190">
    <ele>56.0</ele>
    <time>2020-06-20T11:16:45Z</time>
   </trkpt>
   <trkpt lat="51.1001700" lon="-0.5178770">
    <ele>56.0</ele>
    <time>2020-06-20T11:16:46Z</time>
   </trkpt>
   <trkpt lat="51.1001140" lon="-0.5178620">
    <ele>55.9</ele>
    <time>2020-06-20T11:16:47Z</time>
   </trkpt>
   <trkpt lat="51.1000580" lon="-0.5178550">
    <ele>55.9</ele>
    <time>2020-06-20T11:16:48Z</time>
   </trkpt>
   <trkpt lat="51.1000050" lon="-0.5178440">
    <ele>55.8</ele>
    <time>2020-06-20T11:16:49Z</time>
   </trkpt>
   <trkpt lat="51.0999490" lon="-0.5178310">
    <ele>55.8</ele>
    <time>2020-06-20T11:16:50Z</time>
   </trkpt>
   <trkpt lat="51.0998910" lon="-0.5178150">
    <ele>55.7</ele>
    <time>2020-06-20T11:16:51Z</time>
   </trkpt>
   <trkpt lat="51.0998310" lon="-0.5178030">
    <ele>55.6</ele>
    <time>2020-06-20T11:16:52Z</time>
   </trkpt>
   <trkpt lat="51.0997700" lon="-0.5177800">
    <ele>55.5</ele>
    <time>2020-06-20T11:16:53Z</time>
   </trkpt>
   <trkpt lat="51.0997050" lon="-0.5177590">
    <ele>55.4</ele>
    <time>2020-06-20T11:16:54Z</time>
   </trkpt>
   <trkpt lat="51.0996430" lon="-0.5177400">
    <ele>55.4</ele>
    <time>2020-06-20T11:16:55Z</time>
   </trkpt>
   <trkpt lat="51.0995750" lon="-0.5177230">
    <ele>55.3</ele>
    <time>2020-06-20T11:16:56Z</time>
   </trkpt>
   <trkpt lat="51.0995100" lon="-0.5177040">
    <ele>55.1</ele>
    <time>2020-06-20T11:16:57Z</time>
   </trkpt>
   <trkpt lat="51.0994490" lon="-0.5176740">
    <ele>55.0</ele>
    <time>2020-06-20T11:16:58Z</time>
   </trkpt>
   <trkpt lat="51.0993880" lon="-0.5176490">
    <ele>54.9</ele>
    <time>2020-06-20T11:16:59Z</time>
   </trkpt>
   <trkpt lat="51.0993190" lon="-0.5176330">
    <ele>54.8</ele>
    <time>2020-06-20T11:17:00Z</time>
   </trkpt>
   <trkpt lat="51.0992490" lon="-0.5176130">
    <ele>54.8</ele>
    <time>2020-06-20T11:17:01Z</time>
   </trkpt>
   <trkpt lat="51.0991840" lon="-0.5175940">
    <ele>54.8</ele>
    <time>2020-06-20T11:17:02Z</time>
   </trkpt>
   <trkpt lat="51.0991160" lon="-0.5175810">
    <ele>54.8</ele>
    <time>2020-06-20T11:17:03Z</time>
   </trkpt>
   <trkpt lat="51.0990450" lon="-0.5175680">
    <ele>54.7</ele>
    <time>2020-06-20T11:17:04Z</time>
   </trkpt>
   <trkpt lat="51.0989750" lon="-0.5175520">
    <ele>54.7</ele>
    <time>2020-06-20T11:17:05Z</time>
   </trkpt>
   <trkpt lat="51.0989040" lon="-0.5175360">
    <ele>54.7</ele>
    <time>2020-06-20T11:17:06Z</time>
   </trkpt>
   <trkpt lat="51.0988250" lon="-0.5175170">
    <ele>54.8</ele>
    <time>2020-06-20T11:17:07Z</time>
   </trkpt>
   <trkpt lat="51.0987490" lon="-0.5175000">
    <ele>54.8</ele>
    <time>2020-06-20T11:17:08Z</time>
   </trkpt>
   <trkpt lat="51.0986740" lon="-0.5174820">
    <ele>54.9</ele>
    <time>2020-06-20T11:17:09Z</time>
   </trkpt>
   <trkpt lat="51.0986040" lon="-0.5174640">
    <ele>55.0</ele>
    <time>2020-06-20T11:17:10Z</time>
   </trkpt>
   <trkpt lat="51.0985340" lon="-0.5174320">
    <ele>55.1</ele>
    <time>2020-06-20T11:17:11Z</time>
   </trkpt>
   <trkpt lat="51.0984640" lon="-0.5173970">
    <ele>55.2</ele>
    <time>2020-06-20T11:17:12Z</time>
   </trkpt>
   <trkpt lat="51.0983980" lon="-0.5173550">
    <ele>55.3</ele>
    <time>2020-06-20T11:17:13Z</time>
   </trkpt>
   <trkpt lat="51.0983370" lon="-0.5173070">
    <ele>55.4</ele>
    <time>2020-06-20T11:17:14Z</time>
   </trkpt>
   <trkpt lat="51.0982780" lon="-0.5172620">
    <ele>55.4</ele>
    <time>2020-06-20T11:17:15Z</time>
   </trkpt>
   <trkpt lat="51.0982120" lon="-0.5172110">
    <ele>55.5</ele>
    <time>2020-06-20T11:17:16Z</time>
   </trkpt>
   <trkpt lat="51.0981470" lon="-0.5171630">
    <ele>55.5</ele>
    <time>2020-06-20T11:17:17Z</time>
   </trkpt>
   <trkpt lat="51.0980840" lon="-0.5171190">
    <ele>55.6</ele>
    <time>2020-06-20T11:17:18Z</time>
   </trkpt>
   <trkpt lat="51.0980210" lon="-0.5170790">
    <ele>55.6</ele>
    <time>2020-06-20T11:17:19Z</time>
   </trkpt>
   <trkpt lat="51.0979580" lon="-0.5170440">
    <ele>55.7</ele>
    <time>2020-06-20T11:17:20Z</time>
   </trkpt>
   <trkpt lat="51.0978990" lon="-0.5170080">
    <ele>55.8</ele>
    <time>2020-06-20T11:17:21Z</time>
   </trkpt>
   <trkpt lat="51.0978350" lon="-0.5169710">
    <ele>55.8</ele>
    <time>2020-06-20T11:17:22Z</time>
   </trkpt>
   <trkpt lat="51.0977730" lon="-0.5169310">
    <ele>55.9</ele>
    <time>2020-06-20T11:17:23Z</time>
   </trkpt>
   <trkpt lat="51.0977140" lon="-0.5168920">
    <ele>56.0</ele>
    <time>2020-06-20T11:17:24Z</time>
   </trkpt>
   <trkpt lat="51.0976510" lon="-0.5168620">
    <ele>56.0</ele>
    <time>2020-06-20T11:17:25Z</time>
   </trkpt>
   <trkpt lat="51.0975890" lon="-0.5168310">
    <ele>56.1</ele>
    <time>2020-06-20T11:17:26Z</time>
   </trkpt>
   <trkpt lat="51.0975300" lon="-0.5167960">
    <ele>56.1</ele>
    <time>2020-06-20T11:17:27Z</time>
   </trkpt>
   <trkpt lat="51.0974710" lon="-0.5167590">
    <ele>56.2</ele>
    <time>2020-06-20T11:17:28Z</time>
   </trkpt>
   <trkpt lat="51.0974090" lon="-0.5167360">
    <ele>56.2</ele>
    <time>2020-06-20T11:17:29Z</time>
   </trkpt>
   <trkpt lat="51.0973440" lon="-0.5167180">
    <ele>56.2</ele>
    <time>2020-06-20T11:17:30Z</time>
   </trkpt>
   <trkpt lat="51.0972780" lon="-0.5167000">
    <ele>56.3</ele>
    <time>2020-06-20T11:17:31Z</time>
   </trkpt>
   <trkpt lat="51.0972130" lon="-0.5166920">
    <ele>56.3</ele>
    <time>2020-06-20T11:17:32Z</time>
   </trkpt>
   <trkpt lat="51.0971530" lon="-0.5166860">
    <ele>56.3</ele>
    <time>2020-06-20T11:17:33Z</time>
   </trkpt>
   <trkpt lat="51.0970990" lon="-0.5166730">
    <ele>56.3</ele>
    <time>2020-06-20T11:17:34Z</time>
   </trkpt>
   <trkpt lat="51.0970410" lon="-0.5166660">
    <ele>56.4</ele>
    <time>2020-06-20T11:17:35Z</time>
   </trkpt>
   <trkpt lat="51.0969880" lon="-0.5166670">
    <ele>56.4</ele>
    <time>2020-06-20T11:17:36Z</time>
   </trkpt>
   <trkpt lat="51.0969270" lon="-0.5166690">
    <ele>56.5</ele>
    <time>2020-06-20T11:17:37Z</time>
   </trkpt>
   <trkpt lat="51.0968630" lon="-0.5166770">
    <ele>56.6</ele>
    <time>2020-06-20T11:17:38Z</time>
   </trkpt>
   <trkpt lat="51.0967980" lon="-0.5166860">
    <ele>56.6</ele>
    <time>2020-06-20T11:17:39Z</time>
   </trkpt>
   <trkpt lat="51.0967360" lon="-0.5167010">
    <ele>56.7</ele>
    <time>2020-06-20T11:17:40Z</time>
   </trkpt>
   <trkpt lat="51.0966710" lon="-0.5167150">
    <ele>56.7</ele>
    <time>2020-06-20T11:17:41Z</time>
   </trkpt>
   <trkpt lat="51.0966100" lon="-0.5167370">
    <ele>56.7</ele>
    <time>2020-06-20T11:17:42Z</time>
   </trkpt>
   <trkpt lat="51.0965480" lon="-0.5167620">
    <ele>56.7</ele>
    <time>2020-06-20T11:17:43Z</time>
   </trkpt>
   <trkpt lat="51.0964870" lon="-0.5167900">
    <ele>56.7</ele>
    <time>2020-06-20T11:17:44Z</time>
   </trkpt>
   <trkpt lat="51.0964230" lon="-0.5168250">
    <ele>56.7</ele>
    <time>2020-06-20T11:17:45Z</time>
   </trkpt>
   <trkpt lat="51.0963570" lon="-0.5168630">
    <ele>56.7</ele>
    <time>2020-06-20T11:17:46Z</time>
   </trkpt>
   <trkpt lat="51.0962940" lon="-0.5169120">
    <ele>56.5</ele>
    <time>2020-06-20T11:17:47Z</time>
   </trkpt>
   <trkpt lat="51.0962350" lon="-0.5169700">
    <ele>56.5</ele>
    <time>2020-06-20T11:17:48Z</time>
   </trkpt>
   <trkpt lat="51.0961850" lon="-0.5170370">
    <ele>56.2</ele>
    <time>2020-06-20T11:17:49Z</time>
   </trkpt>
   <trkpt lat="51.0961330" lon="-0.5171100">
    <ele>55.9</ele>
    <time>2020-06-20T11:17:50Z</time>
   </trkpt>
   <trkpt lat="51.0960960" lon="-0.5172000">
    <ele>55.6</ele>
    <time>2020-06-20T11:17:51Z</time>
   </trkpt>
   <trkpt lat="51.0960650" lon="-0.5172880">
    <ele>55.3</ele>
    <time>2020-06-20T11:17:52Z</time>
   </trkpt>
   <trkpt lat="51.0960300" lon="-0.5173880">
    <ele>55.0</ele>
    <time>2020-06-20T11:17:53Z</time>
   </trkpt>
   <trkpt lat="51.0960130" lon="-0.5174780">
    <ele>54.7</ele>
    <time>2020-06-20T11:17:54Z</time>
   </trkpt>
   <trkpt lat="51.0959930" lon="-0.5175880">
    <ele>54.3</ele>
    <time>2020-06-20T11:17:55Z</time>
   </trkpt>
   <trkpt lat="51.0959700" lon="-0.5177140">
    <ele>53.9</ele>
    <time>2020-06-20T11:17:56Z</time>
   </trkpt>
   <trkpt lat="51.0959470" lon="-0.5178450">
    <ele>53.5</ele>
    <time>2020-06-20T11:17:57Z</time>
   </trkpt>
   <trkpt lat="51.0959230" lon="-0.5179750">
    <ele>53.2</ele>
    <time>2020-06-20T11:17:58Z</time>
   </trkpt>
   <trkpt lat="51.0959000" lon="-0.5181060">
    <ele>52.8</ele>
    <time>2020-06-20T11:17:59Z</time>
   </trkpt>
   <trkpt lat="51.0958720" lon="-0.5182310">
    <ele>52.4</ele>
    <time>2020-06-20T11:18:00Z</time>
   </trkpt>
   <trkpt lat="51.0958410" lon="-0.5183550">
    <ele>52.0</ele>
    <time>2020-06-20T11:18:01Z</time>
   </trkpt>
   <trkpt lat="51.0958140" lon="-0.5184850">
    <ele>51.6</ele>
    <time>2020-06-20T11:18:02Z</time>
   </trkpt>
   <trkpt lat="51.0957740" lon="-0.5186140">
    <ele>51.1</ele>
    <time>2020-06-20T11:18:03Z</time>
   </trkpt>
   <trkpt lat="51.0957260" lon="-0.5187280">
    <ele>50.5</ele>
    <time>2020-06-20T11:18:04Z</time>
   </trkpt>
   <trkpt lat="51.0956660" lon="-0.5188290">
    <ele>49.8</ele>
    <time>2020-06-20T11:18:05Z</time>
   </trkpt>
   <trkpt lat="51.0956010" lon="-0.5189280">
    <ele>49.2</ele>
    <time>2020-06-20T11:18:06Z</time>
   </trkpt>
   <trkpt lat="51.0955320" lon="-0.5190240">
    <ele>48.6</ele>
    <time>2020-06-20T11:18:07Z</time>
   </trkpt>
   <trkpt lat="51.0954510" lon="-0.5191160">
    <ele>47.9</ele>
    <time>2020-06-20T11:18:08Z</time>
   </trkpt>
   <trkpt lat="51.0953710" lon="-0.5191960">
    <ele>47.3</ele>
    <time>2020-06-20T11:18:09Z</time>
   </trkpt>
   <trkpt lat="51.0952790" lon="-0.5192720">
    <ele>46.5</ele>
    <time>2020-06-20T11:18:10Z</time>
   </trkpt>
   <trkpt lat="51.0951840" lon="-0.5193460">
    <ele>45.8</ele>
    <time>2020-06-20T11:18:11Z</time>
   </trkpt>
   <trkpt lat="51.0950910" lon="-0.5194120">
    <ele>45.1</ele>
    <time>2020-06-20T11:18:12Z</time>
   </trkpt>
   <trkpt lat="51.0949910" lon="-0.5194730">
    <ele>44.2</ele>
    <time>2020-06-20T11:18:13Z</time>
   </trkpt>
   <trkpt lat="51.0948840" lon="-0.5195420">
    <ele>43.3</ele>
    <time>2020-06-20T11:18:14Z</time>
   </trkpt>
   <trkpt lat="51.0947760" lon="-0.5196090">
    <ele>42.3</ele>
    <time>2020-06-20T11:18:15Z</time>
   </trkpt>
   <trkpt lat="51.0946640" lon="-0.5196780">
    <ele>41.2</ele>
    <time>2020-06-20T11:18:16Z</time>
   </trkpt>
   <trkpt lat="51.0945480" lon="-0.5197380">
    <ele>40.1</ele>
    <time>2020-06-20T11:18:17Z</time>
   </trkpt>
   <trkpt lat="51.0944200" lon="-0.5197980">
    <ele>39.0</ele>
    <time>2020-06-20T11:18:18Z</time>
   </trkpt>
   <trkpt lat="51.0943030" lon="-0.5198420">
    <ele>38.1</ele>
    <time>2020-06-20T11:18:19Z</time>
   </trkpt>
   <trkpt lat="51.0942230" lon="-0.5198330">
    <ele>37.6</ele>
    <time>2020-06-20T11:18:20Z</time>
   </trkpt>
   <trkpt lat="51.0941280" lon="-0.5198450">
    <ele>37.0</ele>
    <time>2020-06-20T11:18:21Z</time>
   </trkpt>
   <trkpt lat="51.0940260" lon="-0.5198680">
    <ele>36.6</ele>
    <time>2020-06-20T11:18:22Z</time>
   </trkpt>
   <trkpt lat="51.0939180" lon="-0.5199040">
    <ele>36.2</ele>
    <time>2020-06-20T11:18:23Z</time>
   </trkpt>
   <trkpt lat="51.0938100" lon="-0.5199370">
    <ele>35.9</ele>
    <time>2020-06-20T11:18:24Z</time>
   </trkpt>
   <trkpt lat="51.0937030" lon="-0.5199820">
    <ele>35.7</ele>
    <time>2020-06-20T11:18:25Z</time>
   </trkpt>
   <trkpt lat="51.0935830" lon="-0.5200260">
    <ele>35.5</ele>
    <time>2020-06-20T11:18:26Z</time>
   </trkpt>
   <trkpt lat="51.0934670" lon="-0.5200780">
    <ele>35.4</ele>
    <time>2020-06-20T11:18:27Z</time>
   </trkpt>
   <trkpt lat="51.0933610" lon="-0.5201210">
    <ele>35.2</ele>
    <time>2020-06-20T11:18:28Z</time>
   </trkpt>
   <trkpt lat="51.0932560" lon="-0.5201620">
    <ele>35.0</ele>
    <time>2020-06-20T11:18:29Z</time>
   </trkpt>
   <trkpt lat="51.0931560" lon="-0.5201990">
    <ele>34.9</ele>
    <time>2020-06-20T11:18:30Z</time>
   </trkpt>
   <trkpt lat="51.0930590" lon="-0.5202310">
    <ele>34.9</ele>
    <time>2020-06-20T11:18:31Z</time>
   </trkpt>
   <trkpt lat="51.0929530" lon="-0.5202670">
    <ele>34.9</ele>
    <time>2020-06-20T11:18:32Z</time>
   </trkpt>
   <trkpt lat="51.0928430" lon="-0.5203000">
    <ele>34.9</ele>
    <time>2020-06-20T11:18:33Z</time>
   </trkpt>
   <trkpt lat="51.0927330" lon="-0.5203230">
    <ele>34.8</ele>
    <time>2020-06-20T11:18:34Z</time>
   </trkpt>
   <trkpt lat="51.0926320" lon="-0.5203540">
    <ele>34.7</ele>
    <time>2020-06-20T11:18:35Z</time>
   </trkpt>
   <trkpt lat="51.0925350" lon="-0.5203790">
    <ele>34.5</ele>
    <time>2020-06-20T11:18:36Z</time>
   </trkpt>
   <trkpt lat="51.0924370" lon="-0.5204070">
    <ele>34.5</ele>
    <time>2020-06-20T11:18:37Z</time>
   </trkpt>
   <trkpt lat="51.0923380" lon="-0.5204370">
    <ele>34.4</ele>
    <time>2020-06-20T11:18:38Z</time>
   </trkpt>
   <trkpt lat="51.0922380" lon="-0.5204680">
    <ele>34.5</ele>
    <time>2020-06-20T11:18:39Z</time>
   </trkpt>
   <trkpt lat="51.0921430" lon="-0.5205020">
    <ele>34.4</ele>
    <time>2020-06-20T11:18:40Z</time>
   </trkpt>
   <trkpt lat="51.0920530" lon="-0.5205430">
    <ele>34.2</ele>
    <time>2020-06-20T11:18:41Z</time>
   </trkpt>
   <trkpt lat="51.0919640" lon="-0.5205780">
    <ele>34.1</ele>
    <time>2020-06-20T11:18:42Z</time>
   </trkpt>
   <trkpt lat="51.0918720" lon="-0.5206020">
    <ele>34.1</ele>
    <time>2020-06-20T11:18:43Z</time>
   </trkpt>
   <trkpt lat="51.0917810" lon="-0.5206290">
    <ele>34.0</ele>
    <time>2020-06-20T11:18:44Z</time>
   </trkpt>
   <trkpt lat="51.0916850" lon="-0.5206580">
    <ele>34.0</ele>
    <time>2020-06-20T11:18:45Z</time>
   </trkpt>
   <trkpt lat="51.0915940" lon="-0.5206900">
    <ele>34.0</ele>
    <time>2020-06-20T11:18:46Z</time>
   </trkpt>
   <trkpt lat="51.0915020" lon="-0.5207160">
    <ele>34.0</ele>
    <time>2020-06-20T11:18:47Z</time>
   </trkpt>
   <trkpt lat="51.0914100" lon="-0.5207470">
    <ele>34.0</ele>
    <time>2020-06-20T11:18:48Z</time>
   </trkpt>
   <trkpt lat="51.0913240" lon="-0.5207810">
    <ele>33.7</ele>
    <time>2020-06-20T11:18:49Z</time>
   </trkpt>
   <trkpt lat="51.0912390" lon="-0.5208070">
    <ele>33.6</ele>
    <time>2020-06-20T11:18:50Z</time>
   </trkpt>
   <trkpt lat="51.0911550" lon="-0.5208240">
    <ele>33.4</ele>
    <time>2020-06-20T11:18:51Z</time>
   </trkpt>
   <trkpt lat="51.0910740" lon="-0.5208370">
    <ele>33.4</ele>
    <time>2020-06-20T11:18:52Z</time>
   </trkpt>
   <trkpt lat="51.0909940" lon="-0.5208500">
    <ele>33.5</ele>
    <time>2020-06-20T11:18:53Z</time>
   </trkpt>
   <trkpt lat="51.0909130" lon="-0.5208500">
    <ele>33.6</ele>
    <time>2020-06-20T11:18:54Z</time>
   </trkpt>
   <trkpt lat="51.0908330" lon="-0.5208510">
    <ele>33.7</ele>
    <time>2020-06-20T11:18:55Z</time>
   </trkpt>
   <trkpt lat="51.0907510" lon="-0.5208500">
    <ele>33.8</ele>
    <time>2020-06-20T11:18:56Z</time>
   </trkpt>
   <trkpt lat="51.0906760" lon="-0.5208450">
    <ele>34.0</ele>
    <time>2020-06-20T11:18:57Z</time>
   </trkpt>
   <trkpt lat="51.0906090" lon="-0.5208290">
    <ele>34.1</ele>
    <time>2020-06-20T11:18:58Z</time>
   </trkpt>
   <trkpt lat="51.0905390" lon="-0.5208200">
    <ele>34.3</ele>
    <time>2020-06-20T11:18:59Z</time>
   </trkpt>
   <trkpt lat="51.0904650" lon="-0.5208170">
    <ele>34.5</ele>
    <time>2020-06-20T11:19:00Z</time>
   </trkpt>
   <trkpt lat="51.0903930" lon="-0.5208130">
    <ele>34.7</ele>
    <time>2020-06-20T11:19:01Z</time>
   </trkpt>
   <trkpt lat="51.0903230" lon="-0.5208100">
    <ele>34.8</ele>
    <time>2020-06-20T11:19:02Z</time>
   </trkpt>
   <trkpt lat="51.0902560" lon="-0.5208080">
    <ele>35.0</ele>
    <time>2020-06-20T11:19:03Z</time>
   </trkpt>
   <trkpt lat="51.0901880" lon="-0.5208070">
    <ele>35.1</ele>
    <time>2020-06-20T11:19:04Z</time>
   </trkpt>
   <trkpt lat="51.0901180" lon="-0.5208050">
    <ele>35.3</ele>
    <time>2020-06-20T11:19:05Z</time>
   </trkpt>
   <trkpt lat="51.0900580" lon="-0.5208000">
    <ele>35.5</ele>
    <time>2020-06-20T11:19:06Z</time>
   </trkpt>
   <trkpt lat="51.0900010" lon="-0.5208070">
    <ele>35.7</ele>
    <time>2020-06-20T11:19:07Z</time>
   </trkpt>
   <trkpt lat="51.0899450" lon="-0.5208090">
    <ele>35.9</ele>
    <time>2020-06-20T11:19:08Z</time>
   </trkpt>
   <trkpt lat="51.0898920" lon="-0.5208080">
    <ele>36.1</ele>
    <time>2020-06-20T11:19:09Z</time>
   </trkpt>
   <trkpt lat="51.0898420" lon="-0.5208140">
    <ele>36.3</ele>
    <time>2020-06-20T11:19:10Z</time>
   </trkpt>
   <trkpt lat="51.0897910" lon="-0.5208150">
    <ele>36.5</ele>
    <time>2020-06-20T11:19:11Z</time>
   </trkpt>
   <trkpt lat="51.0897460" lon="-0.5208030">
    <ele>36.6</ele>
    <time>2020-06-20T11:19:12Z</time>
   </trkpt>
   <trkpt lat="51.0896950" lon="-0.5207950">
    <ele>36.8</ele>
    <time>2020-06-20T11:19:13Z</time>
   </trkpt>
   <trkpt lat="51.0896400" lon="-0.5207900">
    <ele>36.9</ele>
    <time>2020-06-20T11:19:14Z</time>
   </trkpt>
   <trkpt lat="51.0895840" lon="-0.5207970">
    <ele>36.8</ele>
    <time>2020-06-20T11:19:15Z</time>
   </trkpt>
   <trkpt lat="51.0895360" lon="-0.5208010">
    <ele>36.7</ele>
    <time>2020-06-20T11:19:16Z</time>
   </trkpt>
   <trkpt lat="51.0894810" lon="-0.5208060">
    <ele>36.6</ele>
    <time>2020-06-20T11:19:17Z</time>
   </trkpt>
   <trkpt lat="51.0894190" lon="-0.5208130">
    <ele>36.5</ele>
    <time>2020-06-20T11:19:18Z</time>
   </trkpt>
   <trkpt lat="51.0893560" lon="-0.5208160">
    <ele>36.5</ele>
    <time>2020-06-20T11:19:19Z</time>
   </trkpt>
   <trkpt lat="51.0892930" lon="-0.5208200">
    <ele>36.4</ele>
    <time>2020-06-20T11:19:20Z</time>
   </trkpt>
   <trkpt lat="51.0892340" lon="-0.5208220">
    <ele>36.4</ele>
    <time>2020-06-20T11:19:21Z</time>
   </trkpt>
   <trkpt lat="51.0891760" lon="-0.5208280">
    <ele>36.4</ele>
    <time>2020-06-20T11:19:22Z</time>
   </trkpt>
   <trkpt lat="51.0891100" lon="-0.5208370">
    <ele>36.4</ele>
    <time>2020-06-20T11:19:23Z</time>
   </trkpt>
   <trkpt lat="51.0890420" lon="-0.5208390">
    <ele>36.4</ele>
    <time>2020-06-20T11:19:24Z</time>
   </trkpt>
   <trkpt lat="51.0889850" lon="-0.5208330">
    <ele>36.4</ele>
    <time>2020-06-20T11:19:25Z</time>
   </trkpt>
   <trkpt lat="51.0889210" lon="-0.5208340">
    <ele>36.3</ele>
    <time>2020-06-20T11:19:26Z</time>
   </trkpt>
   <trkpt lat="51.0888530" lon="-0.5208370">
    <ele>36.3</ele>
    <time>2020-06-20T11:19:27Z</time>
   </trkpt>
   <trkpt lat="51.0887870" lon="-0.5208420">
    <ele>36.3</ele>
    <time>2020-06-20T11:19:28Z</time>
   </trkpt>
   <trkpt lat="51.0887220" lon="-0.5208420">
    <ele>36.2</ele>
    <time>2020-06-20T11:19:29Z</time>
   </trkpt>
   <trkpt lat="51.0886540" lon="-0.5208420">
    <ele>36.1</ele>
    <time>2020-06-20T11:19:30Z</time>
   </trkpt>
   <trkpt lat="51.0885840" lon="-0.5208440">
    <ele>35.9</ele>
    <time>2020-06-20T11:19:31Z</time>
   </trkpt>
   <trkpt lat="51.0885200" lon="-0.5208460">
    <ele>35.7</ele>
    <time>2020-06-20T11:19:32Z</time>
   </trkpt>
   <trkpt lat="51.0884580" lon="-0.5208440">
    <ele>35.5</ele>
    <time>2020-06-20T11:19:33Z</time>
   </trkpt>
   <trkpt lat="51.0883960" lon="-0.5208380">
    <ele>35.3</ele>
    <time>2020-06-20T11:19:34Z</time>
   </trkpt>
   <trkpt lat="51.0883250" lon="-0.5208330">
    <ele>35.0</ele>
    <time>2020-06-20T11:19:35Z</time>
   </trkpt>
   <trkpt lat="51.0882520" lon="-0.5208260">
    <ele>34.8</ele>
    <time>2020-06-20T11:19:36Z</time>
   </trkpt>
   <trkpt lat="51.0881760" lon="-0.5208270">
    <ele>34.6</ele>
    <time>2020-06-20T11:19:37Z</time>
   </trkpt>
   <trkpt lat="51.0881040" lon="-0.5208250">
    <ele>34.4</ele>
    <time>2020-06-20T11:19:38Z</time>
   </trkpt>
   <trkpt lat="51.0880380" lon="-0.5208220">
    <ele>34.3</ele>
    <time>2020-06-20T11:19:39Z</time>
   </trkpt>
   <trkpt lat="51.0879740" lon="-0.5208110">
    <ele>34.1</ele>
    <time>2020-06-20T11:19:40Z</time>
   </trkpt>
   <trkpt lat="51.0879020" lon="-0.5208100">
    <ele>33.9</ele>
    <time>2020-06-20T11:19:41Z</time>
   </trkpt>
   <trkpt lat="51.0878310" lon="-0.5208090">
    <ele>33.6</ele>
    <time>2020-06-20T11:19:42Z</time>
   </trkpt>
   <trkpt lat="51.0877540" lon="-0.5208150">
    <ele>33.3</ele>
    <time>2020-06-20T11:19:43Z</time>
   </trkpt>
   <trkpt lat="51.0876730" lon="-0.5208210">
    <ele>33.0</ele>
    <time>2020-06-20T11:19:44Z</time>
   </trkpt>
   <trkpt lat="51.0875930" lon="-0.5208280">
    <ele>32.7</ele>
    <time>2020-06-20T11:19:45Z</time>
   </trkpt>
   <trkpt lat="51.0875160" lon="-0.5208340">
    <ele>32.5</ele>
    <time>2020-06-20T11:19:46Z</time>
   </trkpt>
   <trkpt lat="51.0874420" lon="-0.5208460">
    <ele>32.3</ele>
    <time>2020-06-20T11:19:47Z</time>
   </trkpt>
   <trkpt lat="51.0873610" lon="-0.5208520">
    <ele>32.1</ele>
    <time>2020-06-20T11:19:48Z</time>
   </trkpt>
   <trkpt lat="51.0872770" lon="-0.5208560">
    <ele>31.8</ele>
    <time>2020-06-20T11:19:49Z</time>
   </trkpt>
   <trkpt lat="51.0871980" lon="-0.5208590">
    <ele>31.6</ele>
    <time>2020-06-20T11:19:50Z</time>
   </trkpt>
   <trkpt lat="51.0871200" lon="-0.5208520">
    <ele>31.4</ele>
    <time>2020-06-20T11:19:51Z</time>
   </trkpt>
   <trkpt lat="51.0870320" lon="-0.5208470">
    <ele>31.2</ele>
    <time>2020-06-20T11:19:52Z</time>
   </trkpt>
   <trkpt lat="51.0869430" lon="-0.5208500">
    <ele>30.9</ele>
    <time>2020-06-20T11:19:53Z</time>
   </trkpt>
   <trkpt lat="51.0868520" lon="-0.5208590">
    <ele>30.7</ele>
    <time>2020-06-20T11:19:54Z</time>
   </trkpt>
   <trkpt lat="51.0867580" lon="-0.5208640">
    <ele>30.5</ele>
    <time>2020-06-20T11:19:55Z</time>
   </trkpt>
   <trkpt lat="51.0866700" lon="-0.5208540">
    <ele>30.2</ele>
    <time>2020-06-20T11:19:56Z</time>
   </trkpt>
   <trkpt lat="51.0865810" lon="-0.5208330">
    <ele>29.9</ele>
    <time>2020-06-20T11:19:57Z</time>
   </trkpt>
   <trkpt lat="51.0864900" lon="-0.5208060">
    <ele>29.7</ele>
    <time>2020-06-20T11:19:58Z</time>
   </trkpt>
   <trkpt lat="51.0863980" lon="-0.5207730">
    <ele>29.4</ele>
    <time>2020-06-20T11:19:59Z</time>
   </trkpt>
   <trkpt lat="51.0863020" lon="-0.5207460">
    <ele>29.1</ele>
    <time>2020-06-20T11:20:00Z</time>
   </trkpt>
   <trkpt lat="51.0862070" lon="-0.5207080">
    <ele>28.9</ele>
    <time>2020-06-20T11:20:01Z</time>
   </trkpt>
   <trkpt lat="51.0861210" lon="-0.5206470">
    <ele>28.9</ele>
    <time>2020-06-20T11:20:02Z</time>
   </trkpt>
   <trkpt lat="51.0860390" lon="-0.5205780">
    <ele>29.0</ele>
    <time>2020-06-20T11:20:03Z</time>
   </trkpt>
   <trkpt lat="51.0859510" lon="-0.5205180">
    <ele>29.1</ele>
    <time>2020-06-20T11:20:04Z</time>
   </trkpt>
   <trkpt lat="51.0858790" lon="-0.5204780">
    <ele>29.3</ele>
    <time>2020-06-20T11:20:05Z</time>
   </trkpt>
   <trkpt lat="51.0858090" lon="-0.5204440">
    <ele>29.5</ele>
    <time>2020-06-20T11:20:06Z</time>
   </trkpt>
   <trkpt lat="51.0857390" lon="-0.5203880">
    <ele>29.7</ele>
    <time>2020-06-20T11:20:07Z</time>
   </trkpt>
   <trkpt lat="51.0856740" lon="-0.5203120">
    <ele>29.9</ele>
    <time>2020-06-20T11:20:08Z</time>
   </trkpt>
   <trkpt lat="51.0856040" lon="-0.5202370">
    <ele>30.0</ele>
    <time>2020-06-20T11:20:09Z</time>
   </trkpt>
   <trkpt lat="51.0855360" lon="-0.5201710">
    <ele>30.0</ele>
    <time>2020-06-20T11:20:10Z</time>
   </trkpt>
   <trkpt lat="51.0854700" lon="-0.5201020">
    <ele>30.1</ele>
    <time>2020-06-20T11:20:11Z</time>
   </trkpt>
   <trkpt lat="51.0854050" lon="-0.5200390">
    <ele>30.1</ele>
    <time>2020-06-20T11:20:12Z</time>
   </trkpt>
   <trkpt lat="51.0853360" lon="-0.5199710">
    <ele>30.1</ele>
    <time>2020-06-20T11:20:13Z</time>
   </trkpt>
   <trkpt lat="51.0852660" lon="-0.5199100">
    <ele>30.0</ele>
    <time>2020-06-20T11:20:14Z</time>
   </trkpt>
   <trkpt lat="51.0851970" lon="-0.5198510">
    <ele>30.0</ele>
    <time>2020-06-20T11:20:15Z</time>
   </trkpt>
   <trkpt lat="51.0851270" lon="-0.5197890">
    <ele>29.9</ele>
    <time>2020-06-20T11:20:16Z</time>
   </trkpt>
   <trkpt lat="51.0850580" lon="-0.5197290">
    <ele>29.8</ele>
    <time>2020-06-20T11:20:17Z</time>
   </trkpt>
   <trkpt lat="51.0849840" lon="-0.5196830">
    <ele>29.7</ele>
    <time>2020-06-20T11:20:18Z</time>
   </trkpt>
   <trkpt lat="51.0849140" lon="-0.5196300">
    <ele>29.6</ele>
    <time>2020-06-20T11:20:19Z</time>
   </trkpt>
   <trkpt lat="51.0848480" lon="-0.5195680">
    <ele>29.5</ele>
    <time>2020-06-20T11:20:20Z</time>
   </trkpt>
   <trkpt lat="51.0847740" lon="-0.5195090">
    <ele>29.3</ele>
    <time>2020-06-20T11:20:21Z</time>
   </trkpt>
   <trkpt lat="51.0847030" lon="-0.5194430">
    <ele>29.1</ele>
    <time>2020-06-20T11:20:22Z</time>
   </trkpt>
   <trkpt lat="51.0846360" lon="-0.5193680">
    <ele>28.9</ele>
    <time>2020-06-20T11:20:23Z</time>
   </trkpt>
   <trkpt lat="51.0845680" lon="-0.5192960">
    <ele>28.7</ele>
    <time>2020-06-20T11:20:24Z</time>
   </trkpt>
   <trkpt lat="51.0845040" lon="-0.5192310">
    <ele>28.5</ele>
    <time>2020-06-20T11:20:25Z</time>
   </trkpt>
   <trkpt lat="51.0844360" lon="-0.5191670">
    <ele>28.3</ele>
    <time>2020-06-20T11:20:26Z</time>
   </trkpt>
   <trkpt lat="51.0843650" lon="-0.5191000">
    <ele>28.0</ele>
    <time>2020-06-20T11:20:27Z</time>
   </trkpt>
   <trkpt lat="51.0842950" lon="-0.5190340">
    <ele>27.8</ele>
    <time>2020-06-20T11:20:28Z</time>
   </trkpt>
   <trkpt lat="51.0842230" lon="-0.5189660">
    <ele>27.5</ele>
    <time>2020-06-20T11:20:29Z</time>
   </trkpt>
   <trkpt lat="51.0841480" lon="-0.5188950">
    <ele>27.3</ele>
    <time>2020-06-20T11:20:30Z</time>
   </trkpt>
   <trkpt lat="51.0840730" lon="-0.5188240">
    <ele>27.1</ele>
    <time>2020-06-20T11:20:31Z</time>
   </trkpt>
   <trkpt lat="51.0840000" lon="-0.5187540">
    <ele>27.0</ele>
    <time>2020-06-20T11:20:32Z</time>
   </trkpt>
   <trkpt lat="51.0839340" lon="-0.5186690">
    <ele>26.9</ele>
    <time>2020-06-20T11:20:33Z</time>
   </trkpt>
   <trkpt lat="51.0838680" lon="-0.5185920">
    <ele>26.8</ele>
    <time>2020-06-20T11:20:34Z</time>
   </trkpt>
   <trkpt lat="51.0837960" lon="-0.5185310">
    <ele>26.7</ele>
    <time>2020-06-20T11:20:35Z</time>
   </trkpt>
   <trkpt lat="51.0837240" lon="-0.5184740">
    <ele>26.7</ele>
    <time>2020-06-20T11:20:36Z</time>
   </trkpt>
   <trkpt lat="51.0836520" lon="-0.5184170">
    <ele>26.7</ele>
    <time>2020-06-20T11:20:37Z</time>
   </trkpt>
   <trkpt lat="51.0835860" lon="-0.5183680">
    <ele>26.7</ele>
    <time>2020-06-20T11:20:38Z</time>
   </trkpt>
   <trkpt lat="51.0835220" lon="-0.5183120">
    <ele>26.7</ele>
    <time>2020-06-20T11:20:39Z</time>
   </trkpt>
   <trkpt lat="51.0834580" lon="-0.5182550">
    <ele>26.7</ele>
    <time>2020-06-20T11:20:40Z</time>
   </trkpt>
   <trkpt lat="51.0833870" lon="-0.5181970">
    <ele>26.8</ele>
    <time>2020-06-20T11:20:41Z</time>
   </trkpt>
   <trkpt lat="51.0833180" lon="-0.5181430">
    <ele>26.9</ele>
    <time>2020-06-20T11:20:42Z</time>
   </trkpt>
   <trkpt lat="51.0832470" lon="-0.5180970">
    <ele>27.0</ele>
    <time>2020-06-20T11:20:43Z</time>
   </trkpt>
   <trkpt lat="51.0831850" lon="-0.5180550">
    <ele>27.1</ele>
    <time>2020-06-20T11:20:44Z</time>
   </trkpt>
   <trkpt lat="51.0831320" lon="-0.5180120">
    <ele>27.1</ele>
    <time>2020-06-20T11:20:45Z</time>
   </trkpt>
   <trkpt lat="51.0830710" lon="-0.5179630">
    <ele>27.2</ele>
    <time>2020-06-20T11:20:46Z</time>
   </trkpt>
   <trkpt lat="51.0829980" lon="-0.5179210">
    <ele>27.3</ele>
    <time>2020-06-20T11:20:47Z</time>
   </trkpt>
   <trkpt lat="51.0829340" lon="-0.5178860">
    <ele>27.3</ele>
    <time>2020-06-20T11:20:48Z</time>
   </trkpt>
   <trkpt lat="51.0828740" lon="-0.5178440">
    <ele>27.4</ele>
    <time>2020-06-20T11:20:49Z</time>
   </trkpt>
   <trkpt lat="51.0828140" lon="-0.5177950">
    <ele>27.4</ele>
    <time>2020-06-20T11:20:50Z</time>
   </trkpt>
   <trkpt lat="51.0827540" lon="-0.5177450">
    <ele>27.5</ele>
    <time>2020-06-20T11:20:51Z</time>
   </trkpt>
   <trkpt lat="51.0826950" lon="-0.5176970">
    <ele>27.6</ele>
    <time>2020-06-20T11:20:52Z</time>
   </trkpt>
   <trkpt lat="51.0826290" lon="-0.5176510">
    <ele>27.7</ele>
    <time>2020-06-20T11:20:53Z</time>
   </trkpt>
   <trkpt lat="51.0825620" lon="-0.5176240">
    <ele>27.8</ele>
    <time>2020-06-20T11:20:54Z</time>
   </trkpt>
   <trkpt lat="51.0824950" lon="-0.5175990">
    <ele>28.0</ele>
    <time>2020-06-20T11:20:55Z</time>
   </trkpt>
   <trkpt lat="51.0824250" lon="-0.5175710">
    <ele>28.1</ele>
    <time>2020-06-20T11:20:56Z</time>
   </trkpt>
   <trkpt lat="51.0823630" lon="-0.5175400">
    <ele>28.3</ele>
    <time>2020-06-20T11:20:57Z</time>
   </trkpt>
   <trkpt lat="51.0823010" lon="-0.5175090">
    <ele>28.4</ele>
    <time>2020-06-20T11:20:58Z</time>
   </trkpt>
   <trkpt lat="51.0822410" lon="-0.5174680">
    <ele>28.4</ele>
    <time>2020-06-20T11:20:59Z</time>
   </trkpt>
   <trkpt lat="51.0821900" lon="-0.5174170">
    <ele>28.3</ele>
    <time>2020-06-20T11:21:00Z</time>
   </trkpt>
   <trkpt lat="51.0821330" lon="-0.5173760">
    <ele>28.3</ele>
    <time>2020-06-20T11:21:01Z</time>
   </trkpt>
   <trkpt lat="51.0820720" lon="-0.5173380">
    <ele>28.3</ele>
    <time>2020-06-20T11:21:02Z</time>
   </trkpt>
   <trkpt lat="51.0820100" lon="-0.5173050">
    <ele>28.4</ele>
    <time>2020-06-20T11:21:03Z</time>
   </trkpt>
   <trkpt lat="51.0819460" lon="-0.5172790">
    <ele>28.4</ele>
    <time>2020-06-20T11:21:04Z</time>
   </trkpt>
   <trkpt lat="51.0818860" lon="-0.5172440">
    <ele>28.5</ele>
    <time>2020-06-20T11:21:05Z</time>
   </trkpt>
   <trkpt lat="51.0818290" lon="-0.5172090">
    <ele>28.6</ele>
    <time>2020-06-20T11:21:06Z</time>
   </trkpt>
   <trkpt lat="51.0817770" lon="-0.5171840">
    <ele>28.6</ele>
    <time>2020-06-20T11:21:07Z</time>
   </trkpt>
   <trkpt lat="51.0817200" lon="-0.5171600">
    <ele>28.7</ele>
    <time>2020-06-20T11:21:08Z</time>
   </trkpt>
   <trkpt lat="51.0816620" lon="-0.5171350">
    <ele>28.8</ele>
    <time>2020-06-20T11:21:09Z</time>
   </trkpt>
   <trkpt lat="51.0816020" lon="-0.5171200">
    <ele>28.9</ele>
    <time>2020-06-20T11:21:10Z</time>
   </trkpt>
   <trkpt lat="51.0815430" lon="-0.5170910">
    <ele>29.0</ele>
    <time>2020-06-20T11:21:11Z</time>
   </trkpt>
   <trkpt lat="51.0814910" lon="-0.5170640">
    <ele>29.1</ele>
    <time>2020-06-20T11:21:12Z</time>
   </trkpt>
   <trkpt lat="51.0814430" lon="-0.5170280">
    <ele>29.2</ele>
    <time>2020-06-20T11:21:13Z</time>
   </trkpt>
   <trkpt lat="51.0813960" lon="-0.5169870">
    <ele>29.4</ele>
    <time>2020-06-20T11:21:14Z</time>
   </trkpt>
   <trkpt lat="51.0813470" lon="-0.5169700">
    <ele>29.5</ele>
    <time>2020-06-20T11:21:15Z</time>
   </trkpt>
   <trkpt lat="51.0812900" lon="-0.5169550">
    <ele>29.6</ele>
    <time>2020-06-20T11:21:16Z</time>
   </trkpt>
   <trkpt lat="51.0812320" lon="-0.5169310">
    <ele>29.7</ele>
    <time>2020-06-20T11:21:17Z</time>
   </trkpt>
   <trkpt lat="51.0811790" lon="-0.5169100">
    <ele>29.8</ele>
    <time>2020-06-20T11:21:18Z</time>
   </trkpt>
   <trkpt lat="51.0811300" lon="-0.5168860">
    <ele>29.8</ele>
    <time>2020-06-20T11:21:19Z</time>
   </trkpt>
   <trkpt lat="51.0810790" lon="-0.5168600">
    <ele>29.8</ele>
    <time>2020-06-20T11:21:20Z</time>
   </trkpt>
   <trkpt lat="51.0810270" lon="-0.5168360">
    <ele>29.8</ele>
    <time>2020-06-20T11:21:21Z</time>
   </trkpt>
   <trkpt lat="51.0809830" lon="-0.5168120">
    <ele>29.7</ele>
    <time>2020-06-20T11:21:22Z</time>
   </trkpt>
   <trkpt lat="51.0809350" lon="-0.5167940">
    <ele>29.7</ele>
    <time>2020-06-20T11:21:23Z</time>
   </trkpt>
   <trkpt lat="51.0808840" lon="-0.5167660">
    <ele>29.5</ele>
    <time>2020-06-20T11:21:24Z</time>
   </trkpt>
   <trkpt lat="51.0808290" lon="-0.5167340">
    <ele>29.4</ele>
    <time>2020-06-20T11:21:25Z</time>
   </trkpt>
   <trkpt lat="51.0807730" lon="-0.5167010">
    <ele>29.2</ele>
    <time>2020-06-20T11:21:26Z</time>
   </trkpt>
   <trkpt lat="51.0807170" lon="-0.5166760">
    <ele>29.0</ele>
    <time>2020-06-20T11:21:27Z</time>
   </trkpt>
   <trkpt lat="51.0806580" lon="-0.5166530">
    <ele>28.9</ele>
    <time>2020-06-20T11:21:28Z</time>
   </trkpt>
   <trkpt lat="51.0806000" lon="-0.5166320">
    <ele>28.7</ele>
    <time>2020-06-20T11:21:29Z</time>
   </trkpt>
   <trkpt lat="51.0805380" lon="-0.5166160">
    <ele>28.4</ele>
    <time>2020-06-20T11:21:30Z</time>
   </trkpt>
   <trkpt lat="51.0804740" lon="-0.5166110">
    <ele>28.2</ele>
    <time>2020-06-20T11:21:31Z</time>
   </trkpt>
   <trkpt lat="51.0804100" lon="-0.5166120">
    <ele>28.0</ele>
    <time>2020-06-20T11:21:32Z</time>
   </trkpt>
   <trkpt lat="51.0803440" lon="-0.5166140">
    <ele>27.6</ele>
    <time>2020-06-20T11:21:33Z</time>
   </trkpt>
   <trkpt lat="51.0802810" lon="-0.5166260">
    <ele>27.4</ele>
    <time>2020-06-20T11:21:34Z</time>
   </trkpt>
   <trkpt lat="51.0802160" lon="-0.5166410">
    <ele>27.2</ele>
    <time>2020-06-20T11:21:35Z</time>
   </trkpt>
   <trkpt lat="51.0801500" lon="-0.5166650">
    <ele>27.0</ele>
    <time>2020-06-20T11:21:36Z</time>
   </trkpt>
   <trkpt lat="51.0800870" lon="-0.5166880">
    <ele>26.8</ele>
    <time>2020-06-20T11:21:37Z</time>
   </trkpt>
   <trkpt lat="51.0800210" lon="-0.5167140">
    <ele>26.6</ele>
    <time>2020-06-20T11:21:38Z</time>
   </trkpt>
   <trkpt lat="51.0799560" lon="-0.5167530">
    <ele>26.4</ele>
    <time>2020-06-20T11:21:39Z</time>
   </trkpt>
   <trkpt lat="51.0798800" lon="-0.5168010">
    <ele>26.2</ele>
    <time>2020-06-20T11:21:40Z</time>
   </trkpt>
   <trkpt lat="51.0798150" lon="-0.5168440">
    <ele>26.0</ele>
    <time>2020-06-20T11:21:41Z</time>
   </trkpt>
   <trkpt lat="51.0797510" lon="-0.5168970">
    <ele>25.8</ele>
    <time>2020-06-20T11:21:42Z</time>
   </trkpt>
   <trkpt lat="51.0796900" lon="-0.5169530">
    <ele>25.6</ele>
    <time>2020-06-20T11:21:43Z</time>
   </trkpt>
   <trkpt lat="51.0796320" lon="-0.5170170">
    <ele>25.4</ele>
    <time>2020-06-20T11:21:44Z</time>
   </trkpt>
   <trkpt lat="51.0795700" lon="-0.5170870">
    <ele>25.2</ele>
    <time>2020-06-20T11:21:45Z</time>
   </trkpt>
   <trkpt lat="51.0795080" lon="-0.5171510">
    <ele>25.0</ele>
    <time>2020-06-20T11:21:46Z</time>
   </trkpt>
   <trkpt lat="51.0794490" lon="-0.5172190">
    <ele>24.9</ele>
    <time>2020-06-20T11:21:47Z</time>
   </trkpt>
   <trkpt lat="51.0793930" lon="-0.5172890">
    <ele>24.7</ele>
    <time>2020-06-20T11:21:48Z</time>
   </trkpt>
   <trkpt lat="51.0793350" lon="-0.5173540">
    <ele>24.5</ele>
    <time>2020-06-20T11:21:49Z</time>
   </trkpt>
   <trkpt lat="51.0792740" lon="-0.5174190">
    <ele>24.4</ele>
    <time>2020-06-20T11:21:50Z</time>
   </trkpt>
   <trkpt lat="51.0792140" lon="-0.5174840">
    <ele>24.2</ele>
    <time>2020-06-20T11:21:51Z</time>
   </trkpt>
   <trkpt lat="51.0791540" lon="-0.5175530">
    <ele>24.1</ele>
    <time>2020-06-20T11:21:52Z</time>
   </trkpt>
   <trkpt lat="51.0790920" lon="-0.5176270">
    <ele>24.0</ele>
    <time>2020-06-20T11:21:53Z</time>
   </trkpt>
   <trkpt lat="51.0790320" lon="-0.5176940">
    <ele>23.8</ele>
    <time>2020-06-20T11:21:54Z</time>
   </trkpt>
   <trkpt lat="51.0789730" lon="-0.5177680">
    <ele>23.6</ele>
    <time>2020-06-20T11:21:55Z</time>
   </trkpt>
   <trkpt lat="51.0789130" lon="-0.5178430">
    <ele>23.5</ele>
    <time>2020-06-20T11:21:56Z</time>
   </trkpt>
   <trkpt lat="51.0788490" lon="-0.5179090">
    <ele>23.3</ele>
    <time>2020-06-20T11:21:57Z</time>
   </trkpt>
   <trkpt lat="51.0787870" lon="-0.5179820">
    <ele>23.0</ele>
    <time>2020-06-20T11:21:58Z</time>
   </trkpt>
   <trkpt lat="51.0787230" lon="-0.5180550">
    <ele>22.9</ele>
    <time>2020-06-20T11:21:59Z</time>
   </trkpt>
   <trkpt lat="51.0786560" lon="-0.5181260">
    <ele>22.7</ele>
    <time>2020-06-20T11:22:00Z</time>
   </trkpt>
   <trkpt lat="51.0785870" lon="-0.5181910">
    <ele>22.5</ele>
    <time>2020-06-20T11:22:01Z</time>
   </trkpt>
   <trkpt lat="51.0785240" lon="-0.5182510">
    <ele>22.3</ele>
    <time>2020-06-20T11:22:02Z</time>
   </trkpt>
   <trkpt lat="51.0784630" lon="-0.5183110">
    <ele>22.2</ele>
    <time>2020-06-20T11:22:03Z</time>
   </trkpt>
   <trkpt lat="51.0784010" lon="-0.5183670">
    <ele>22.1</ele>
    <time>2020-06-20T11:22:04Z</time>
   </trkpt>
   <trkpt lat="51.0783390" lon="-0.5184230">
    <ele>22.0</ele>
    <time>2020-06-20T11:22:05Z</time>
   </trkpt>
   <trkpt lat="51.0782710" lon="-0.5184670">
    <ele>22.0</ele>
    <time>2020-06-20T11:22:06Z</time>
   </trkpt>
   <trkpt lat="51.0782000" lon="-0.5185050">
    <ele>22.0</ele>
    <time>2020-06-20T11:22:07Z</time>
   </trkpt>
   <trkpt lat="51.0781240" lon="-0.5185290">
    <ele>22.1</ele>
    <time>2020-06-20T11:22:08Z</time>
   </trkpt>
   <trkpt lat="51.0780500" lon="-0.5185460">
    <ele>22.2</ele>
    <time>2020-06-20T11:22:09Z</time>
   </trkpt>
   <trkpt lat="51.0779830" lon="-0.5185620">
    <ele>22.3</ele>
    <time>2020-06-20T11:22:10Z</time>
   </trkpt>
   <trkpt lat="51.0779190" lon="-0.5185730">
    <ele>22.4</ele>
    <time>2020-06-20T11:22:11Z</time>
   </trkpt>
   <trkpt lat="51.0778630" lon="-0.5185840">
    <ele>22.5</ele>
    <time>2020-06-20T11:22:12Z</time>
   </trkpt>
   <trkpt lat="51.0777990" lon="-0.5186020">
    <ele>22.6</ele>
    <time>2020-06-20T11:22:13Z</time>
   </trkpt>
   <trkpt lat="51.0777340" lon="-0.5186150">
    <ele>22.6</ele>
    <time>2020-06-20T11:22:14Z</time>
   </trkpt>
   <trkpt lat="51.0776700" lon="-0.5186330">
    <ele>22.7</ele>
    <time>2020-06-20T11:22:15Z</time>
   </trkpt>
   <trkpt lat="51.0776080" lon="-0.5186430">
    <ele>22.7</ele>
    <time>2020-06-20T11:22:16Z</time>
   </trkpt>
   <trkpt lat="51.0775430" lon="-0.5186530">
    <ele>22.8</ele>
    <time>2020-06-20T11:22:17Z</time>
   </trkpt>
   <trkpt lat="51.0774750" lon="-0.5186710">
    <ele>22.9</ele>
    <time>2020-06-20T11:22:18Z</time>
   </trkpt>
   <trkpt lat="51.0774020" lon="-0.5186960">
    <ele>23.1</ele>
    <time>2020-06-20T11:22:19Z</time>
   </trkpt>
   <trkpt lat="51.0773400" lon="-0.5187150">
    <ele>23.2</ele>
    <time>2020-06-20T11:22:20Z</time>
   </trkpt>
   <trkpt lat="51.0772820" lon="-0.5187310">
    <ele>23.3</ele>
    <time>2020-06-20T11:22:21Z</time>
   </trkpt>
   <trkpt lat="51.0772260" lon="-0.5187480">
    <ele>23.4</ele>
    <time>2020-06-20T11:22:22Z</time>
   </trkpt>
   <trkpt lat="51.0771700" lon="-0.5187710">
    <ele>23.6</ele>
    <time>2020-06-20T11:22:23Z</time>
   </trkpt>
   <trkpt lat="51.0771090" lon="-0.5187990">
    <ele>23.7</ele>
    <time>2020-06-20T11:22:24Z</time>
   </trkpt>
   <trkpt lat="51.0770520" lon="-0.5188250">
    <ele>24.0</ele>
    <time>2020-06-20T11:22:25Z</time>
   </trkpt>
   <trkpt lat="51.0769960" lon="-0.5188500">
    <ele>24.2</ele>
    <time>2020-06-20T11:22:26Z</time>
   </trkpt>
   <trkpt lat="51.0769430" lon="-0.5188690">
    <ele>24.4</ele>
    <time>2020-06-20T11:22:27Z</time>
   </trkpt>
   <trkpt lat="51.0768880" lon="-0.5188930">
    <ele>24.5</ele>
    <time>2020-06-20T11:22:28Z</time>
   </trkpt>
   <trkpt lat="51.0768320" lon="-0.5189220">
    <ele>24.7</ele>
    <time>2020-06-20T11:22:29Z</time>
   </trkpt>
   <trkpt lat="51.0767760" lon="-0.5189530">
    <ele>24.9</ele>
    <time>2020-06-20T11:22:30Z</time>
   </trkpt>
   <trkpt lat="51.0767280" lon="-0.5189700">
    <ele>25.1</ele>
    <time>2020-06-20T11:22:31Z</time>
   </trkpt>
   <trkpt lat="51.0766770" lon="-0.5189940">
    <ele>25.3</ele>
    <time>2020-06-20T11:22:32Z</time>
   </trkpt>
   <trkpt lat="51.0766500" lon="-0.5190090">
    <ele>25.4</ele>
    <time>2020-06-20T11:22:33Z</time>
   </trkpt>
   <trkpt lat="51.0765940" lon="-0.5190360">
    <ele>25.7</ele>
    <time>2020-06-20T11:22:34Z</time>
   </trkpt>
   <trkpt lat="51.0765380" lon="-0.5190610">
    <ele>25.9</ele>
    <time>2020-06-20T11:22:35Z</time>
   </trkpt>
   <trkpt lat="51.0764860" lon="-0.5190900">
    <ele>26.2</ele>
    <time>2020-06-20T11:22:36Z</time>
   </trkpt>
   <trkpt lat="51.0764360" lon="-0.5191130">
    <ele>26.4</ele>
    <time>2020-06-20T11:22:37Z</time>
   </trkpt>
   <trkpt lat="51.0763840" lon="-0.5191400">
    <ele>26.7</ele>
    <time>2020-06-20T11:22:38Z</time>
   </trkpt>
   <trkpt lat="51.0763310" lon="-0.5191710">
    <ele>27.0</ele>
    <time>2020-06-20T11:22:39Z</time>
   </trkpt>
   <trkpt lat="51.0762820" lon="-0.5191960">
    <ele>27.2</ele>
    <time>2020-06-20T11:22:40Z</time>
   </trkpt>
   <trkpt lat="51.0762350" lon="-0.5192210">
    <ele>27.5</ele>
    <time>2020-06-20T11:22:41Z</time>
   </trkpt>
   <trkpt lat="51.0761870" lon="-0.5192540">
    <ele>27.7</ele>
    <time>2020-06-20T11:22:42Z</time>
   </trkpt>
   <trkpt lat="51.0761400" lon="-0.5192790">
    <ele>28.0</ele>
    <time>2020-06-20T11:22:43Z</time>
   </trkpt>
   <trkpt lat="51.0760930" lon="-0.5193000">
    <ele>28.2</ele>
    <time>2020-06-20T11:22:44Z</time>
   </trkpt>
   <trkpt lat="51.0760480" lon="-0.5193190">
    <ele>28.5</ele>
    <time>2020-06-20T11:22:45Z</time>
   </trkpt>
   <trkpt lat="51.0760210" lon="-0.5193320">
    <ele>28.6</ele>
    <time>2020-06-20T11:22:46Z</time>
   </trkpt>
   <trkpt lat="51.0759720" lon="-0.5193560">
    <ele>29.1</ele>
    <time>2020-06-20T11:22:47Z</time>
   </trkpt>
   <trkpt lat="51.0759270" lon="-0.5193800">
    <ele>29.4</ele>
    <time>2020-06-20T11:22:48Z</time>
   </trkpt>
   <trkpt lat="51.0758990" lon="-0.5194010">
    <ele>29.6</ele>
    <time>2020-06-20T11:22:49Z</time>
   </trkpt>
   <trkpt lat="51.0758430" lon="-0.5194300">
    <ele>30.0</ele>
    <time>2020-06-20T11:22:50Z</time>
   </trkpt>
   <trkpt lat="51.0757890" lon="-0.5194500">
    <ele>30.4</ele>
    <time>2020-06-20T11:22:51Z</time>
   </trkpt>
   <trkpt lat="51.0757540" lon="-0.5194260">
    <ele>30.6</ele>
    <time>2020-06-20T11:22:53Z</time>
   </trkpt>
   <trkpt lat="51.0757110" lon="-0.5194530">
    <ele>31.0</ele>
    <time>2020-06-20T11:22:54Z</time>
   </trkpt>
   <trkpt lat="51.0755700" lon="-0.5195180">
    <ele>32.1</ele>
    <time>2020-06-20T11:22:56Z</time>
   </trkpt>
   <trkpt lat="51.0755290" lon="-0.5195340">
    <ele>32.5</ele>
    <time>2020-06-20T11:22:57Z</time>
   </trkpt>
   <trkpt lat="51.0754770" lon="-0.5195440">
    <ele>32.9</ele>
    <time>2020-06-20T11:22:58Z</time>
   </trkpt>
   <trkpt lat="51.0754300" lon="-0.5195500">
    <ele>33.2</ele>
    <time>2020-06-20T11:22:59Z</time>
   </trkpt>
   <trkpt lat="51.0753780" lon="-0.5195670">
    <ele>33.6</ele>
    <time>2020-06-20T11:23:00Z</time>
   </trkpt>
   <trkpt lat="51.0753190" lon="-0.5195830">
    <ele>33.9</ele>
    <time>2020-06-20T11:23:02Z</time>
   </trkpt>
   <trkpt lat="51.0752490" lon="-0.5195690">
    <ele>33.8</ele>
    <time>2020-06-20T11:23:03Z</time>
   </trkpt>
   <trkpt lat="51.0752010" lon="-0.5195590">
    <ele>33.9</ele>
    <time>2020-06-20T11:23:04Z</time>
   </trkpt>
   <trkpt lat="51.0751530" lon="-0.5195700">
    <ele>33.9</ele>
    <time>2020-06-20T11:23:06Z</time>
   </trkpt>
   <trkpt lat="51.0751140" lon="-0.5195720">
    <ele>33.9</ele>
    <time>2020-06-20T11:23:07Z</time>
   </trkpt>
   <trkpt lat="51.0750280" lon="-0.5195650">
    <ele>33.8</ele>
    <time>2020-06-20T11:23:09Z</time>
   </trkpt>
   <trkpt lat="51.0749940" lon="-0.5195640">
    <ele>33.8</ele>
    <time>2020-06-20T11:23:10Z</time>
   </trkpt>
   <trkpt lat="51.0749430" lon="-0.5195650">
    <ele>33.7</ele>
    <time>2020-06-20T11:23:11Z</time>
   </trkpt>
   <trkpt lat="51.0749040" lon="-0.5195660">
    <ele>33.7</ele>
    <time>2020-06-20T11:23:12Z</time>
   </trkpt>
   <trkpt lat="51.0748540" lon="-0.5195620">
    <ele>33.6</ele>
    <time>2020-06-20T11:23:13Z</time>
   </trkpt>
   <trkpt lat="51.0748020" lon="-0.5195610">
    <ele>33.5</ele>
    <time>2020-06-20T11:23:14Z</time>
   </trkpt>
   <trkpt lat="51.0747500" lon="-0.5195660">
    <ele>33.4</ele>
    <time>2020-06-20T11:23:15Z</time>
   </trkpt>
   <trkpt lat="51.0747000" lon="-0.5195620">
    <ele>33.3</ele>
    <time>2020-06-20T11:23:16Z</time>
   </trkpt>
   <trkpt lat="51.0746460" lon="-0.5195550">
    <ele>33.1</ele>
    <time>2020-06-20T11:23:17Z</time>
   </trkpt>
   <trkpt lat="51.0745910" lon="-0.5195470">
    <ele>33.0</ele>
    <time>2020-06-20T11:23:18Z</time>
   </trkpt>
   <trkpt lat="51.0745400" lon="-0.5195440">
    <ele>33.0</ele>
    <time>2020-06-20T11:23:19Z</time>
   </trkpt>
   <trkpt lat="51.0744860" lon="-0.5195320">
    <ele>32.9</ele>
    <time>2020-06-20T11:23:20Z</time>
   </trkpt>
   <trkpt lat="51.0744320" lon="-0.5195150">
    <ele>32.9</ele>
    <time>2020-06-20T11:23:21Z</time>
   </trkpt>
   <trkpt lat="51.0743780" lon="-0.5195040">
    <ele>32.9</ele>
    <time>2020-06-20T11:23:22Z</time>
   </trkpt>
   <trkpt lat="51.0743240" lon="-0.5194880">
    <ele>32.8</ele>
    <time>2020-06-20T11:23:23Z</time>
   </trkpt>
   <trkpt lat="51.0742700" lon="-0.5194810">
    <ele>32.8</ele>
    <time>2020-06-20T11:23:24Z</time>
   </trkpt>
   <trkpt lat="51.0742170" lon="-0.5194770">
    <ele>32.7</ele>
    <time>2020-06-20T11:23:25Z</time>
   </trkpt>
   <trkpt lat="51.0741650" lon="-0.5194620">
    <ele>32.6</ele>
    <time>2020-06-20T11:23:26Z</time>
   </trkpt>
   <trkpt lat="51.0741120" lon="-0.5194470">
    <ele>32.6</ele>
    <time>2020-06-20T11:23:27Z</time>
   </trkpt>
   <trkpt lat="51.0740590" lon="-0.5194330">
    <ele>32.5</ele>
    <time>2020-06-20T11:23:28Z</time>
   </trkpt>
   <trkpt lat="51.0740040" lon="-0.5194250">
    <ele>32.4</ele>
    <time>2020-06-20T11:23:29Z</time>
   </trkpt>
   <trkpt lat="51.0739480" lon="-0.5194070">
    <ele>32.4</ele>
    <time>2020-06-20T11:23:30Z</time>
   </trkpt>
   <trkpt lat="51.0738970" lon="-0.5193900">
    <ele>32.3</ele>
    <time>2020-06-20T11:23:31Z</time>
   </trkpt>
   <trkpt lat="51.0738400" lon="-0.5193830">
    <ele>32.3</ele>
    <time>2020-06-20T11:23:32Z</time>
   </trkpt>
   <trkpt lat="51.0737890" lon="-0.5193710">
    <ele>32.3</ele>
    <time>2020-06-20T11:23:33Z</time>
   </trkpt>
   <trkpt lat="51.0737280" lon="-0.5193570">
    <ele>32.3</ele>
    <time>2020-06-20T11:23:34Z</time>
   </trkpt>
   <trkpt lat="51.0736640" lon="-0.5193420">
    <ele>32.3</ele>
    <time>2020-06-20T11:23:35Z</time>
   </trkpt>
   <trkpt lat="51.0736030" lon="-0.5193330">
    <ele>32.3</ele>
    <time>2020-06-20T11:23:36Z</time>
   </trkpt>
   <trkpt lat="51.0735510" lon="-0.5193330">
    <ele>32.3</ele>
    <time>2020-06-20T11:23:37Z</time>
   </trkpt>
   <trkpt lat="51.0734930" lon="-0.5193350">
    <ele>32.4</ele>
    <time>2020-06-20T11:23:38Z</time>
   </trkpt>
   <trkpt lat="51.0734400" lon="-0.5193150">
    <ele>32.5</ele>
    <time>2020-06-20T11:23:39Z</time>
   </trkpt>
   <trkpt lat="51.0733830" lon="-0.5192810">
    <ele>32.5</ele>
    <time>2020-06-20T11:23:40Z</time>
   </trkpt>
   <trkpt lat="51.0733280" lon="-0.5192520">
    <ele>32.5</ele>
    <time>2020-06-20T11:23:41Z</time>
   </trkpt>
   <trkpt lat="51.0732690" lon="-0.5192330">
    <ele>32.5</ele>
    <time>2020-06-20T11:23:42Z</time>
   </trkpt>
   <trkpt lat="51.0732120" lon="-0.5192050">
    <ele>32.4</ele>
    <time>2020-06-20T11:23:43Z</time>
   </trkpt>
   <trkpt lat="51.0731480" lon="-0.5191730">
    <ele>32.4</ele>
    <time>2020-06-20T11:23:44Z</time>
   </trkpt>
   <trkpt lat="51.0730920" lon="-0.5191460">
    <ele>32.4</ele>
    <time>2020-06-20T11:23:45Z</time>
   </trkpt>
   <trkpt lat="51.0730410" lon="-0.5191190">
    <ele>32.4</ele>
    <time>2020-06-20T11:23:46Z</time>
   </trkpt>
   <trkpt lat="51.0729830" lon="-0.5190960">
    <ele>32.3</ele>
    <time>2020-06-20T11:23:47Z</time>
   </trkpt>
   <trkpt lat="51.0729240" lon="-0.5190750">
    <ele>32.3</ele>
    <time>2020-06-20T11:23:48Z</time>
   </trkpt>
   <trkpt lat="51.0728680" lon="-0.5190510">
    <ele>32.3</ele>
    <time>2020-06-20T11:23:49Z</time>
   </trkpt>
   <trkpt lat="51.0728120" lon="-0.5190270">
    <ele>32.3</ele>
    <time>2020-06-20T11:23:50Z</time>
   </trkpt>
   <trkpt lat="51.0727550" lon="-0.5190040">
    <ele>32.2</ele>
    <time>2020-06-20T11:23:51Z</time>
   </trkpt>
   <trkpt lat="51.0726980" lon="-0.5189770">
    <ele>32.2</ele>
    <time>2020-06-20T11:23:52Z</time>
   </trkpt>
   <trkpt lat="51.0726460" lon="-0.5189500">
    <ele>32.2</ele>
    <time>2020-06-20T11:23:53Z</time>
   </trkpt>
   <trkpt lat="51.0725880" lon="-0.5189350">
    <ele>32.1</ele>
    <time>2020-06-20T11:23:54Z</time>
   </trkpt>
   <trkpt lat="51.0725320" lon="-0.5189070">
    <ele>32.0</ele>
    <time>2020-06-20T11:23:55Z</time>
   </trkpt>
   <trkpt lat="51.0724760" lon="-0.5188840">
    <ele>31.9</ele>
    <time>2020-06-20T11:23:56Z</time>
   </trkpt>
   <trkpt lat="51.0724080" lon="-0.5188610">
    <ele>31.8</ele>
    <time>2020-06-20T11:23:57Z</time>
   </trkpt>
   <trkpt lat="51.0723420" lon="-0.5188380">
    <ele>31.7</ele>
    <time>2020-06-20T11:23:58Z</time>
   </trkpt>
   <trkpt lat="51.0722840" lon="-0.5188090">
    <ele>31.6</ele>
    <time>2020-06-20T11:23:59Z</time>
   </trkpt>
   <trkpt lat="51.0722250" lon="-0.5187760">
    <ele>31.5</ele>
    <time>2020-06-20T11:24:00Z</time>
   </trkpt>
   <trkpt lat="51.0721640" lon="-0.5187410">
    <ele>31.4</ele>
    <time>2020-06-20T11:24:01Z</time>
   </trkpt>
   <trkpt lat="51.0721030" lon="-0.5187080">
    <ele>31.2</ele>
    <time>2020-06-20T11:24:02Z</time>
   </trkpt>
   <trkpt lat="51.0720380" lon="-0.5186820">
    <ele>31.0</ele>
    <time>2020-06-20T11:24:03Z</time>
   </trkpt>
   <trkpt lat="51.0719740" lon="-0.5186510">
    <ele>30.7</ele>
    <time>2020-06-20T11:24:04Z</time>
   </trkpt>
   <trkpt lat="51.0719150" lon="-0.5186100">
    <ele>30.4</ele>
    <time>2020-06-20T11:24:05Z</time>
   </trkpt>
   <trkpt lat="51.0718560" lon="-0.5185630">
    <ele>30.1</ele>
    <time>2020-06-20T11:24:06Z</time>
   </trkpt>
   <trkpt lat="51.0717910" lon="-0.5185100">
    <ele>29.6</ele>
    <time>2020-06-20T11:24:07Z</time>
   </trkpt>
   <trkpt lat="51.0717280" lon="-0.5184470">
    <ele>29.0</ele>
    <time>2020-06-20T11:24:08Z</time>
   </trkpt>
   <trkpt lat="51.0716650" lon="-0.5183670">
    <ele>28.4</ele>
    <time>2020-06-20T11:24:09Z</time>
   </trkpt>
   <trkpt lat="51.0716010" lon="-0.5182700">
    <ele>27.7</ele>
    <time>2020-06-20T11:24:10Z</time>
   </trkpt>
   <trkpt lat="51.0715410" lon="-0.5181570">
    <ele>27.1</ele>
    <time>2020-06-20T11:24:11Z</time>
   </trkpt>
   <trkpt lat="51.0714850" lon="-0.5180330">
    <ele>26.5</ele>
    <time>2020-06-20T11:24:12Z</time>
   </trkpt>
   <trkpt lat="51.0714320" lon="-0.5178960">
    <ele>25.9</ele>
    <time>2020-06-20T11:24:13Z</time>
   </trkpt>
   <trkpt lat="51.0713830" lon="-0.5177580">
    <ele>25.4</ele>
    <time>2020-06-20T11:24:14Z</time>
   </trkpt>
   <trkpt lat="51.0713360" lon="-0.5176300">
    <ele>24.9</ele>
    <time>2020-06-20T11:24:15Z</time>
   </trkpt>
   <trkpt lat="51.0712900" lon="-0.5175010">
    <ele>24.3</ele>
    <time>2020-06-20T11:24:16Z</time>
   </trkpt>
   <trkpt lat="51.0712410" lon="-0.5173700">
    <ele>23.8</ele>
    <time>2020-06-20T11:24:17Z</time>
   </trkpt>
   <trkpt lat="51.0711970" lon="-0.5172210">
    <ele>23.3</ele>
    <time>2020-06-20T11:24:18Z</time>
   </trkpt>
   <trkpt lat="51.0711530" lon="-0.5170720">
    <ele>22.8</ele>
    <time>2020-06-20T11:24:19Z</time>
   </trkpt>
   <trkpt lat="51.0711110" lon="-0.5169220">
    <ele>22.3</ele>
    <time>2020-06-20T11:24:20Z</time>
   </trkpt>
   <trkpt lat="51.0710640" lon="-0.5167770">
    <ele>21.8</ele>
    <time>2020-06-20T11:24:21Z</time>
   </trkpt>
   <trkpt lat="51.0710120" lon="-0.5166320">
    <ele>21.3</ele>
    <time>2020-06-20T11:24:22Z</time>
   </trkpt>
   <trkpt lat="51.0709600" lon="-0.5164940">
    <ele>20.9</ele>
    <time>2020-06-20T11:24:23Z</time>
   </trkpt>
   <trkpt lat="51.0709040" lon="-0.5163560">
    <ele>20.5</ele>
    <time>2020-06-20T11:24:24Z</time>
   </trkpt>
   <trkpt lat="51.0708460" lon="-0.5162250">
    <ele>20.3</ele>
    <time>2020-06-20T11:24:25Z</time>
   </trkpt>
   <trkpt lat="51.0707830" lon="-0.5160980">
    <ele>20.1</ele>
    <time>2020-06-20T11:24:26Z</time>
   </trkpt>
   <trkpt lat="51.0707220" lon="-0.5159760">
    <ele>19.9</ele>
    <time>2020-06-20T11:24:27Z</time>
   </trkpt>
   <trkpt lat="51.0706580" lon="-0.5158640">
    <ele>19.7</ele>
    <time>2020-06-20T11:24:28Z</time>
   </trkpt>
   <trkpt lat="51.0705890" lon="-0.5157660">
    <ele>19.4</ele>
    <time>2020-06-20T11:24:29Z</time>
   </trkpt>
   <trkpt lat="51.0705160" lon="-0.5156700">
    <ele>19.0</ele>
    <time>2020-06-20T11:24:30Z</time>
   </trkpt>
   <trkpt lat="51.0704390" lon="-0.5155800">
    <ele>18.7</ele>
    <time>2020-06-20T11:24:31Z</time>
   </trkpt>
   <trkpt lat="51.0703550" lon="-0.5154920">
    <ele>18.3</ele>
    <time>2020-06-20T11:24:32Z</time>
   </trkpt>
   <trkpt lat="51.0702720" lon="-0.5154030">
    <ele>18.1</ele>
    <time>2020-06-20T11:24:33Z</time>
   </trkpt>
   <trkpt lat="51.0701850" lon="-0.5153310">
    <ele>17.9</ele>
    <time>2020-06-20T11:24:34Z</time>
   </trkpt>
   <trkpt lat="51.0700890" lon="-0.5152680">
    <ele>17.8</ele>
    <time>2020-06-20T11:24:35Z</time>
   </trkpt>
   <trkpt lat="51.0699850" lon="-0.5152220">
    <ele>17.8</ele>
    <time>2020-06-20T11:24:36Z</time>
   </trkpt>
   <trkpt lat="51.0698750" lon="-0.5152000">
    <ele>17.9</ele>
    <time>2020-06-20T11:24:37Z</time>
   </trkpt>
   <trkpt lat="51.0697860" lon="-0.5151620">
    <ele>18.1</ele>
    <time>2020-06-20T11:24:38Z</time>
   </trkpt>
   <trkpt lat="51.0697010" lon="-0.5151210">
    <ele>18.3</ele>
    <time>2020-06-20T11:24:39Z</time>
   </trkpt>
   <trkpt lat="51.0696100" lon="-0.5150960">
    <ele>18.6</ele>
    <time>2020-06-20T11:24:40Z</time>
   </trkpt>
   <trkpt lat="51.0695160" lon="-0.5150820">
    <ele>18.9</ele>
    <time>2020-06-20T11:24:41Z</time>
   </trkpt>
   <trkpt lat="51.0694350" lon="-0.5150810">
    <ele>19.2</ele>
    <time>2020-06-20T11:24:42Z</time>
   </trkpt>
   <trkpt lat="51.0693560" lon="-0.5150910">
    <ele>19.6</ele>
    <time>2020-06-20T11:24:43Z</time>
   </trkpt>
   <trkpt lat="51.0692710" lon="-0.5151080">
    <ele>19.9</ele>
    <time>2020-06-20T11:24:44Z</time>
   </trkpt>
   <trkpt lat="51.0691960" lon="-0.5151290">
    <ele>20.2</ele>
    <time>2020-06-20T11:24:45Z</time>
   </trkpt>
   <trkpt lat="51.0691250" lon="-0.5151470">
    <ele>20.6</ele>
    <time>2020-06-20T11:24:46Z</time>
   </trkpt>
   <trkpt lat="51.0690570" lon="-0.5151750">
    <ele>20.9</ele>
    <time>2020-06-20T11:24:47Z</time>
   </trkpt>
   <trkpt lat="51.0689970" lon="-0.5152140">
    <ele>21.1</ele>
    <time>2020-06-20T11:24:48Z</time>
   </trkpt>
   <trkpt lat="51.0689320" lon="-0.5152340">
    <ele>21.4</ele>
    <time>2020-06-20T11:24:49Z</time>
   </trkpt>
   <trkpt lat="51.0688650" lon="-0.5152590">
    <ele>21.7</ele>
    <time>2020-06-20T11:24:50Z</time>
   </trkpt>
   <trkpt lat="51.0688060" lon="-0.5152800">
    <ele>21.9</ele>
    <time>2020-06-20T11:24:51Z</time>
   </trkpt>
   <trkpt lat="51.0687450" lon="-0.5152950">
    <ele>22.0</ele>
    <time>2020-06-20T11:24:52Z</time>
   </trkpt>
   <trkpt lat="51.0686900" lon="-0.5153130">
    <ele>22.2</ele>
    <time>2020-06-20T11:24:53Z</time>
   </trkpt>
   <trkpt lat="51.0686370" lon="-0.5153340">
    <ele>22.4</ele>
    <time>2020-06-20T11:24:54Z</time>
   </trkpt>
   <trkpt lat="51.0685820" lon="-0.5153500">
    <ele>22.6</ele>
    <time>2020-06-20T11:24:55Z</time>
   </trkpt>
   <trkpt lat="51.0685260" lon="-0.5153630">
    <ele>22.7</ele>
    <time>2020-06-20T11:24:56Z</time>
   </trkpt>
   <trkpt lat="51.0684720" lon="-0.5153800">
    <ele>22.8</ele>
    <time>2020-06-20T11:24:57Z</time>
   </trkpt>
   <trkpt lat="51.0684200" lon="-0.5153980">
    <ele>22.9</ele>
    <time>2020-06-20T11:24:58Z</time>
   </trkpt>
   <trkpt lat="51.0683690" lon="-0.5154140">
    <ele>23.0</ele>
    <time>2020-06-20T11:24:59Z</time>
   </trkpt>
   <trkpt lat="51.0683190" lon="-0.5154290">
    <ele>23.0</ele>
    <time>2020-06-20T11:25:00Z</time>
   </trkpt>
   <trkpt lat="51.0682670" lon="-0.5154490">
    <ele>23.1</ele>
    <time>2020-06-20T11:25:01Z</time>
   </trkpt>
   <trkpt lat="51.0682140" lon="-0.5154700">
    <ele>23.2</ele>
    <time>2020-06-20T11:25:02Z</time>
   </trkpt>
   <trkpt lat="51.0681560" lon="-0.5154980">
    <ele>23.4</ele>
    <time>2020-06-20T11:25:03Z</time>
   </trkpt>
   <trkpt lat="51.0680970" lon="-0.5155240">
    <ele>23.5</ele>
    <time>2020-06-20T11:25:04Z</time>
   </trkpt>
   <trkpt lat="51.0680460" lon="-0.5155450">
    <ele>23.6</ele>
    <time>2020-06-20T11:25:05Z</time>
   </trkpt>
   <trkpt lat="51.0680020" lon="-0.5155650">
    <ele>23.6</ele>
    <time>2020-06-20T11:25:06Z</time>
   </trkpt>
   <trkpt lat="51.0679670" lon="-0.5155870">
    <ele>23.7</ele>
    <time>2020-06-20T11:25:07Z</time>
   </trkpt>
   <trkpt lat="51.0679070" lon="-0.5156110">
    <ele>23.7</ele>
    <time>2020-06-20T11:25:08Z</time>
   </trkpt>
   <trkpt lat="51.0678480" lon="-0.5156280">
    <ele>23.8</ele>
    <time>2020-06-20T11:25:09Z</time>
   </trkpt>
   <trkpt lat="51.0677940" lon="-0.5156450">
    <ele>23.8</ele>
    <time>2020-06-20T11:25:10Z</time>
   </trkpt>
   <trkpt lat="51.0677360" lon="-0.5156640">
    <ele>23.9</ele>
    <time>2020-06-20T11:25:11Z</time>
   </trkpt>
   <trkpt lat="51.0676850" lon="-0.5156800">
    <ele>23.9</ele>
    <time>2020-06-20T11:25:12Z</time>
   </trkpt>
   <trkpt lat="51.0676360" lon="-0.5156850">
    <ele>23.9</ele>
    <time>2020-06-20T11:25:13Z</time>
   </trkpt>
   <trkpt lat="51.0675770" lon="-0.5156990">
    <ele>24.0</ele>
    <time>2020-06-20T11:25:14Z</time>
   </trkpt>
   <trkpt lat="51.0675200" lon="-0.5157150">
    <ele>24.0</ele>
    <time>2020-06-20T11:25:15Z</time>
   </trkpt>
   <trkpt lat="51.0674630" lon="-0.5157270">
    <ele>24.2</ele>
    <time>2020-06-20T11:25:16Z</time>
   </trkpt>
   <trkpt lat="51.0674050" lon="-0.5157440">
    <ele>24.4</ele>
    <time>2020-06-20T11:25:17Z</time>
   </trkpt>
   <trkpt lat="51.0673550" lon="-0.5157600">
    <ele>24.6</ele>
    <time>2020-06-20T11:25:18Z</time>
   </trkpt>
   <trkpt lat="51.0673030" lon="-0.5157790">
    <ele>24.7</ele>
    <time>2020-06-20T11:25:19Z</time>
   </trkpt>
   <trkpt lat="51.0672530" lon="-0.5157910">
    <ele>24.6</ele>
    <time>2020-06-20T11:25:20Z</time>
   </trkpt>
   <trkpt lat="51.0672020" lon="-0.5158100">
    <ele>24.6</ele>
    <time>2020-06-20T11:25:21Z</time>
   </trkpt>
   <trkpt lat="51.0671480" lon="-0.5158400">
    <ele>24.7</ele>
    <time>2020-06-20T11:25:22Z</time>
   </trkpt>
   <trkpt lat="51.0670980" lon="-0.5158650">
    <ele>24.9</ele>
    <time>2020-06-20T11:25:23Z</time>
   </trkpt>
   <trkpt lat="51.0670530" lon="-0.5158930">
    <ele>25.0</ele>
    <time>2020-06-20T11:25:24Z</time>
   </trkpt>
   <trkpt lat="51.0670090" lon="-0.5159110">
    <ele>25.1</ele>
    <time>2020-06-20T11:25:25Z</time>
   </trkpt>
   <trkpt lat="51.0669650" lon="-0.5159250">
    <ele>25.2</ele>
    <time>2020-06-20T11:25:26Z</time>
   </trkpt>
   <trkpt lat="51.0669180" lon="-0.5159380">
    <ele>25.4</ele>
    <time>2020-06-20T11:25:27Z</time>
   </trkpt>
   <trkpt lat="51.0668920" lon="-0.5159440">
    <ele>25.5</ele>
    <time>2020-06-20T11:25:28Z</time>
   </trkpt>
   <trkpt lat="51.0668410" lon="-0.5159590">
    <ele>25.7</ele>
    <time>2020-06-20T11:25:29Z</time>
   </trkpt>
   <trkpt lat="51.0668020" lon="-0.5159700">
    <ele>25.9</ele>
    <time>2020-06-20T11:25:30Z</time>
   </trkpt>
   <trkpt lat="51.0667540" lon="-0.5159840">
    <ele>26.1</ele>
    <time>2020-06-20T11:25:31Z</time>
   </trkpt>
   <trkpt lat="51.0667190" lon="-0.5159940">
    <ele>26.3</ele>
    <time>2020-06-20T11:25:32Z</time>
   </trkpt>
   <trkpt lat="51.0666670" lon="-0.5160080">
    <ele>26.6</ele>
    <time>2020-06-20T11:25:33Z</time>
   </trkpt>
   <trkpt lat="51.0666200" lon="-0.5160200">
    <ele>26.9</ele>
    <time>2020-06-20T11:25:34Z</time>
   </trkpt>
   <trkpt lat="51.0665920" lon="-0.5159600">
    <ele>27.1</ele>
    <time>2020-06-20T11:25:35Z</time>
   </trkpt>
   <trkpt lat="51.0665060" lon="-0.5160090">
    <ele>27.7</ele>
    <time>2020-06-20T11:25:37Z</time>
   </trkpt>
   <trkpt lat="51.0664570" lon="-0.5160340">
    <ele>28.1</ele>
    <time>2020-06-20T11:25:38Z</time>
   </trkpt>
   <trkpt lat="51.0663630" lon="-0.5160700">
    <ele>28.7</ele>
    <time>2020-06-20T11:25:40Z</time>
   </trkpt>
   <trkpt lat="51.0663140" lon="-0.5160840">
    <ele>29.1</ele>
    <time>2020-06-20T11:25:41Z</time>
   </trkpt>
   <trkpt lat="51.0662670" lon="-0.5160990">
    <ele>29.4</ele>
    <time>2020-06-20T11:25:42Z</time>
   </trkpt>
   <trkpt lat="51.0662190" lon="-0.5161100">
    <ele>29.7</ele>
    <time>2020-06-20T11:25:43Z</time>
   </trkpt>
   <trkpt lat="51.0661670" lon="-0.5161190">
    <ele>30.1</ele>
    <time>2020-06-20T11:25:44Z</time>
   </trkpt>
   <trkpt lat="51.0661120" lon="-0.5161290">
    <ele>30.4</ele>
    <time>2020-06-20T11:25:45Z</time>
   </trkpt>
   <trkpt lat="51.0660580" lon="-0.5161360">
    <ele>30.8</ele>
    <time>2020-06-20T11:25:46Z</time>
   </trkpt>
   <trkpt lat="51.0660070" lon="-0.5161410">
    <ele>31.1</ele>
    <time>2020-06-20T11:25:47Z</time>
   </trkpt>
   <trkpt lat="51.0659560" lon="-0.5161510">
    <ele>31.4</ele>
    <time>2020-06-20T11:25:48Z</time>
   </trkpt>
   <trkpt lat="51.0659180" lon="-0.5161590">
    <ele>31.6</ele>
    <time>2020-06-20T11:25:49Z</time>
   </trkpt>
   <trkpt lat="51.0659060" lon="-0.5161620">
    <ele>31.7</ele>
    <time>2020-06-20T11:25:50Z</time>
   </trkpt>
   <trkpt lat="51.0658850" lon="-0.5161660">
    <ele>31.8</ele>
    <time>2020-06-20T11:25:51Z</time>
   </trkpt>
   <trkpt lat="51.0658480" lon="-0.5161650">
    <ele>32.1</ele>
    <time>2020-06-20T11:25:52Z</time>
   </trkpt>
   <trkpt lat="51.0658360" lon="-0.5161620">
    <ele>32.2</ele>
    <time>2020-06-20T11:25:53Z</time>
   </trkpt>
   <trkpt lat="51.0658120" lon="-0.5161380">
    <ele>32.3</ele>
    <time>2020-06-20T11:25:54Z</time>
   </trkpt>
   <trkpt lat="51.0657740" lon="-0.5161360">
    <ele>32.6</ele>
    <time>2020-06-20T11:25:55Z</time>
   </trkpt>
   <trkpt lat="51.0657570" lon="-0.5161420">
    <ele>32.7</ele>
    <time>2020-06-20T11:25:56Z</time>
   </trkpt>
   <trkpt lat="51.0657400" lon="-0.5161480">
    <ele>32.8</ele>
    <time>2020-06-20T11:25:57Z</time>
   </trkpt>
   <trkpt lat="51.0656660" lon="-0.5161390">
    <ele>33.3</ele>
    <time>2020-06-20T11:25:59Z</time>
   </trkpt>
   <trkpt lat="51.0656180" lon="-0.5161390">
    <ele>33.6</ele>
    <time>2020-06-20T11:26:00Z</time>
   </trkpt>
   <trkpt lat="51.0655560" lon="-0.5161340">
    <ele>34.0</ele>
    <time>2020-06-20T11:26:02Z</time>
   </trkpt>
   <trkpt lat="51.0654770" lon="-0.5161340">
    <ele>34.4</ele>
    <time>2020-06-20T11:26:04Z</time>
   </trkpt>
   <trkpt lat="51.0654190" lon="-0.5161270">
    <ele>34.7</ele>
    <time>2020-06-20T11:26:05Z</time>
   </trkpt>
   <trkpt lat="51.0653520" lon="-0.5161200">
    <ele>35.0</ele>
    <time>2020-06-20T11:26:07Z</time>
   </trkpt>
   <trkpt lat="51.0653050" lon="-0.5161100">
    <ele>35.2</ele>
    <time>2020-06-20T11:26:08Z</time>
   </trkpt>
   <trkpt lat="51.0652410" lon="-0.5161060">
    <ele>35.5</ele>
    <time>2020-06-20T11:26:09Z</time>
   </trkpt>
   <trkpt lat="51.0651570" lon="-0.5160930">
    <ele>35.8</ele>
    <time>2020-06-20T11:26:11Z</time>
   </trkpt>
   <trkpt lat="51.0651110" lon="-0.5160840">
    <ele>36.0</ele>
    <time>2020-06-20T11:26:12Z</time>
   </trkpt>
   <trkpt lat="51.0650580" lon="-0.5160780">
    <ele>36.2</ele>
    <time>2020-06-20T11:26:13Z</time>
   </trkpt>
   <trkpt lat="51.0650110" lon="-0.5160680">
    <ele>36.3</ele>
    <time>2020-06-20T11:26:14Z</time>
   </trkpt>
   <trkpt lat="51.0649560" lon="-0.5160570">
    <ele>36.4</ele>
    <time>2020-06-20T11:26:15Z</time>
   </trkpt>
   <trkpt lat="51.0648820" lon="-0.5160350">
    <ele>36.5</ele>
    <time>2020-06-20T11:26:16Z</time>
   </trkpt>
   <trkpt lat="51.0648310" lon="-0.5160230">
    <ele>36.6</ele>
    <time>2020-06-20T11:26:17Z</time>
   </trkpt>
   <trkpt lat="51.0647840" lon="-0.5160030">
    <ele>36.7</ele>
    <time>2020-06-20T11:26:19Z</time>
   </trkpt>
   <trkpt lat="51.0647390" lon="-0.5159920">
    <ele>36.7</ele>
    <time>2020-06-20T11:26:20Z</time>
   </trkpt>
   <trkpt lat="51.0646690" lon="-0.5159750">
    <ele>36.9</ele>
    <time>2020-06-20T11:26:22Z</time>
   </trkpt>
   <trkpt lat="51.0646090" lon="-0.5159550">
    <ele>37.0</ele>
    <time>2020-06-20T11:26:23Z</time>
   </trkpt>
   <trkpt lat="51.0645430" lon="-0.5159350">
    <ele>37.0</ele>
    <time>2020-06-20T11:26:25Z</time>
   </trkpt>
   <trkpt lat="51.0644150" lon="-0.5158900">
    <ele>37.1</ele>
    <time>2020-06-20T11:26:27Z</time>
   </trkpt>
   <trkpt lat="51.0643700" lon="-0.5158780">
    <ele>37.1</ele>
    <time>2020-06-20T11:26:28Z</time>
   </trkpt>
   <trkpt lat="51.0643330" lon="-0.5158690">
    <ele>37.1</ele>
    <time>2020-06-20T11:26:29Z</time>
   </trkpt>
   <trkpt lat="51.0643170" lon="-0.5158670">
    <ele>37.1</ele>
    <time>2020-06-20T11:26:30Z</time>
   </trkpt>
   <trkpt lat="51.0642830" lon="-0.5158600">
    <ele>37.2</ele>
    <time>2020-06-20T11:26:31Z</time>
   </trkpt>
   <trkpt lat="51.0642440" lon="-0.5158470">
    <ele>37.2</ele>
    <time>2020-06-20T11:26:32Z</time>
   </trkpt>
   <trkpt lat="51.0642010" lon="-0.5158400">
    <ele>37.2</ele>
    <time>2020-06-20T11:26:34Z</time>
   </trkpt>
   <trkpt lat="51.0641500" lon="-0.5158280">
    <ele>37.3</ele>
    <time>2020-06-20T11:26:35Z</time>
   </trkpt>
   <trkpt lat="51.0641030" lon="-0.5158160">
    <ele>37.4</ele>
    <time>2020-06-20T11:26:36Z</time>
   </trkpt>
   <trkpt lat="51.0640070" lon="-0.5157900">
    <ele>37.6</ele>
    <time>2020-06-20T11:26:38Z</time>
   </trkpt>
   <trkpt lat="51.0639150" lon="-0.5157870">
    <ele>37.7</ele>
    <time>2020-06-20T11:26:40Z</time>
   </trkpt>
   <trkpt lat="51.0638590" lon="-0.5157760">
    <ele>37.8</ele>
    <time>2020-06-20T11:26:41Z</time>
   </trkpt>
   <trkpt lat="51.0637950" lon="-0.5157620">
    <ele>37.9</ele>
    <time>2020-06-20T11:26:42Z</time>
   </trkpt>
   <trkpt lat="51.0636240" lon="-0.5157320">
    <ele>38.2</ele>
    <time>2020-06-20T11:26:43Z</time>
   </trkpt>
   <trkpt lat="51.0635470" lon="-0.5157500">
    <ele>38.3</ele>
    <time>2020-06-20T11:26:45Z</time>
   </trkpt>
   <trkpt lat="51.0635050" lon="-0.5158100">
    <ele>38.4</ele>
    <time>2020-06-20T11:26:46Z</time>
   </trkpt>
   <trkpt lat="51.0635280" lon="-0.5160900">
    <ele>37.6</ele>
    <time>2020-06-20T11:26:48Z</time>
   </trkpt>
   <trkpt lat="51.0635380" lon="-0.5162140">
    <ele>37.3</ele>
    <time>2020-06-20T11:26:49Z</time>
   </trkpt>
   <trkpt lat="51.0635520" lon="-0.5163340">
    <ele>37.0</ele>
    <time>2020-06-20T11:26:50Z</time>
   </trkpt>
   <trkpt lat="51.0635650" lon="-0.5164520">
    <ele>36.8</ele>
    <time>2020-06-20T11:26:51Z</time>
   </trkpt>
   <trkpt lat="51.0635710" lon="-0.5165710">
    <ele>36.5</ele>
    <time>2020-06-20T11:26:52Z</time>
   </trkpt>
   <trkpt lat="51.0635760" lon="-0.5166900">
    <ele>36.3</ele>
    <time>2020-06-20T11:26:53Z</time>
   </trkpt>
   <trkpt lat="51.0635810" lon="-0.5168100">
    <ele>36.1</ele>
    <time>2020-06-20T11:26:54Z</time>
   </trkpt>
   <trkpt lat="51.0635870" lon="-0.5169310">
    <ele>35.8</ele>
    <time>2020-06-20T11:26:55Z</time>
   </trkpt>
   <trkpt lat="51.0635900" lon="-0.5170510">
    <ele>35.6</ele>
    <time>2020-06-20T11:26:56Z</time>
   </trkpt>
   <trkpt lat="51.0635920" lon="-0.5171680">
    <ele>35.3</ele>
    <time>2020-06-20T11:26:57Z</time>
   </trkpt>
   <trkpt lat="51.0635940" lon="-0.5172870">
    <ele>35.0</ele>
    <time>2020-06-20T11:26:58Z</time>
   </trkpt>
   <trkpt lat="51.0635940" lon="-0.5174060">
    <ele>34.8</ele>
    <time>2020-06-20T11:26:59Z</time>
   </trkpt>
   <trkpt lat="51.0635970" lon="-0.5175250">
    <ele>34.6</ele>
    <time>2020-06-20T11:27:00Z</time>
   </trkpt>
   <trkpt lat="51.0635970" lon="-0.5176420">
    <ele>34.5</ele>
    <time>2020-06-20T11:27:01Z</time>
   </trkpt>
   <trkpt lat="51.0635910" lon="-0.5177600">
    <ele>34.5</ele>
    <time>2020-06-20T11:27:02Z</time>
   </trkpt>
   <trkpt lat="51.0635890" lon="-0.5178730">
    <ele>34.4</ele>
    <time>2020-06-20T11:27:03Z</time>
   </trkpt>
   <trkpt lat="51.0635950" lon="-0.5179860">
    <ele>34.3</ele>
    <time>2020-06-20T11:27:04Z</time>
   </trkpt>
   <trkpt lat="51.0636010" lon="-0.5181050">
    <ele>34.2</ele>
    <time>2020-06-20T11:27:05Z</time>
   </trkpt>
   <trkpt lat="51.0635950" lon="-0.5182280">
    <ele>34.0</ele>
    <time>2020-06-20T11:27:06Z</time>
   </trkpt>
   <trkpt lat="51.0635930" lon="-0.5183480">
    <ele>33.9</ele>
    <time>2020-06-20T11:27:07Z</time>
   </trkpt>
   <trkpt lat="51.0635980" lon="-0.5184700">
    <ele>33.8</ele>
    <time>2020-06-20T11:27:08Z</time>
   </trkpt>
   <trkpt lat="51.0635980" lon="-0.5185950">
    <ele>33.6</ele>
    <time>2020-06-20T11:27:09Z</time>
   </trkpt>
   <trkpt lat="51.0635990" lon="-0.5187160">
    <ele>33.5</ele>
    <time>2020-06-20T11:27:10Z</time>
   </trkpt>
   <trkpt lat="51.0636050" lon="-0.5188370">
    <ele>33.4</ele>
    <time>2020-06-20T11:27:11Z</time>
   </trkpt>
   <trkpt lat="51.0636070" lon="-0.5189560">
    <ele>33.2</ele>
    <time>2020-06-20T11:27:12Z</time>
   </trkpt>
   <trkpt lat="51.0636090" lon="-0.5190700">
    <ele>32.9</ele>
    <time>2020-06-20T11:27:13Z</time>
   </trkpt>
   <trkpt lat="51.0636170" lon="-0.5191770">
    <ele>32.7</ele>
    <time>2020-06-20T11:27:14Z</time>
   </trkpt>
   <trkpt lat="51.0636270" lon="-0.5192950">
    <ele>32.5</ele>
    <time>2020-06-20T11:27:15Z</time>
   </trkpt>
   <trkpt lat="51.0636370" lon="-0.5194040">
    <ele>32.3</ele>
    <time>2020-06-20T11:27:16Z</time>
   </trkpt>
   <trkpt lat="51.0636400" lon="-0.5195150">
    <ele>32.1</ele>
    <time>2020-06-20T11:27:17Z</time>
   </trkpt>
   <trkpt lat="51.0636480" lon="-0.5196250">
    <ele>31.9</ele>
    <time>2020-06-20T11:27:18Z</time>
   </trkpt>
   <trkpt lat="51.0636540" lon="-0.5197370">
    <ele>31.8</ele>
    <time>2020-06-20T11:27:19Z</time>
   </trkpt>
   <trkpt lat="51.0636540" lon="-0.5198550">
    <ele>31.6</ele>
    <time>2020-06-20T11:27:20Z</time>
   </trkpt>
   <trkpt lat="51.0636590" lon="-0.5199650">
    <ele>31.5</ele>
    <time>2020-06-20T11:27:21Z</time>
   </trkpt>
   <trkpt lat="51.0636700" lon="-0.5200800">
    <ele>31.3</ele>
    <time>2020-06-20T11:27:22Z</time>
   </trkpt>
   <trkpt lat="51.0636710" lon="-0.5202100">
    <ele>31.2</ele>
    <time>2020-06-20T11:27:23Z</time>
   </trkpt>
   <trkpt lat="51.0636770" lon="-0.5203330">
    <ele>31.0</ele>
    <time>2020-06-20T11:27:24Z</time>
   </trkpt>
   <trkpt lat="51.0636820" lon="-0.5204560">
    <ele>30.9</ele>
    <time>2020-06-20T11:27:25Z</time>
   </trkpt>
   <trkpt lat="51.0636910" lon="-0.5205720">
    <ele>30.8</ele>
    <time>2020-06-20T11:27:26Z</time>
   </trkpt>
   <trkpt lat="51.0636930" lon="-0.5207010">
    <ele>30.7</ele>
    <time>2020-06-20T11:27:27Z</time>
   </trkpt>
   <trkpt lat="51.0637010" lon="-0.5208420">
    <ele>30.6</ele>
    <time>2020-06-20T11:27:28Z</time>
   </trkpt>
   <trkpt lat="51.0637090" lon="-0.5209750">
    <ele>30.5</ele>
    <time>2020-06-20T11:27:29Z</time>
   </trkpt>
   <trkpt lat="51.0637150" lon="-0.5211000">
    <ele>30.4</ele>
    <time>2020-06-20T11:27:30Z</time>
   </trkpt>
   <trkpt lat="51.0637170" lon="-0.5212240">
    <ele>30.3</ele>
    <time>2020-06-20T11:27:31Z</time>
   </trkpt>
   <trkpt lat="51.0637180" lon="-0.5213450">
    <ele>30.3</ele>
    <time>2020-06-20T11:27:32Z</time>
   </trkpt>
   <trkpt lat="51.0637200" lon="-0.5214610">
    <ele>30.2</ele>
    <time>2020-06-20T11:27:33Z</time>
   </trkpt>
   <trkpt lat="51.0637290" lon="-0.5215860">
    <ele>30.2</ele>
    <time>2020-06-20T11:27:34Z</time>
   </trkpt>
   <trkpt lat="51.0637410" lon="-0.5217250">
    <ele>30.1</ele>
    <time>2020-06-20T11:27:35Z</time>
   </trkpt>
   <trkpt lat="51.0637560" lon="-0.5218530">
    <ele>30.0</ele>
    <time>2020-06-20T11:27:36Z</time>
   </trkpt>
   <trkpt lat="51.0637670" lon="-0.5219790">
    <ele>29.9</ele>
    <time>2020-06-20T11:27:37Z</time>
   </trkpt>
   <trkpt lat="51.0637850" lon="-0.5221040">
    <ele>29.8</ele>
    <time>2020-06-20T11:27:38Z</time>
   </trkpt>
   <trkpt lat="51.0638070" lon="-0.5222270">
    <ele>29.7</ele>
    <time>2020-06-20T11:27:39Z</time>
   </trkpt>
   <trkpt lat="51.0638170" lon="-0.5223550">
    <ele>29.6</ele>
    <time>2020-06-20T11:27:40Z</time>
   </trkpt>
   <trkpt lat="51.0638320" lon="-0.5224830">
    <ele>29.4</ele>
    <time>2020-06-20T11:27:41Z</time>
   </trkpt>
   <trkpt lat="51.0638440" lon="-0.5226040">
    <ele>29.3</ele>
    <time>2020-06-20T11:27:42Z</time>
   </trkpt>
   <trkpt lat="51.0638530" lon="-0.5227190">
    <ele>29.2</ele>
    <time>2020-06-20T11:27:43Z</time>
   </trkpt>
   <trkpt lat="51.0638650" lon="-0.5228420">
    <ele>29.1</ele>
    <time>2020-06-20T11:27:44Z</time>
   </trkpt>
   <trkpt lat="51.0638730" lon="-0.5229700">
    <ele>28.9</ele>
    <time>2020-06-20T11:27:45Z</time>
   </trkpt>
   <trkpt lat="51.0638760" lon="-0.5230970">
    <ele>28.8</ele>
    <time>2020-06-20T11:27:46Z</time>
   </trkpt>
   <trkpt lat="51.0638760" lon="-0.5232210">
    <ele>28.7</ele>
    <time>2020-06-20T11:27:47Z</time>
   </trkpt>
   <trkpt lat="51.0638700" lon="-0.5233440">
    <ele>28.6</ele>
    <time>2020-06-20T11:27:48Z</time>
   </trkpt>
   <trkpt lat="51.0638750" lon="-0.5234690">
    <ele>28.6</ele>
    <time>2020-06-20T11:27:49Z</time>
   </trkpt>
   <trkpt lat="51.0638840" lon="-0.5235950">
    <ele>28.6</ele>
    <time>2020-06-20T11:27:50Z</time>
   </trkpt>
   <trkpt lat="51.0638860" lon="-0.5237270">
    <ele>28.6</ele>
    <time>2020-06-20T11:27:51Z</time>
   </trkpt>
   <trkpt lat="51.0638930" lon="-0.5238570">
    <ele>28.7</ele>
    <time>2020-06-20T11:27:52Z</time>
   </trkpt>
   <trkpt lat="51.0638990" lon="-0.5239840">
    <ele>28.6</ele>
    <time>2020-06-20T11:27:53Z</time>
   </trkpt>
   <trkpt lat="51.0639050" lon="-0.5241110">
    <ele>28.5</ele>
    <time>2020-06-20T11:27:54Z</time>
   </trkpt>
   <trkpt lat="51.0639150" lon="-0.5242520">
    <ele>28.3</ele>
    <time>2020-06-20T11:27:55Z</time>
   </trkpt>
   <trkpt lat="51.0639310" lon="-0.5243960">
    <ele>28.2</ele>
    <time>2020-06-20T11:27:56Z</time>
   </trkpt>
   <trkpt lat="51.0639370" lon="-0.5245290">
    <ele>28.1</ele>
    <time>2020-06-20T11:27:57Z</time>
   </trkpt>
   <trkpt lat="51.0639440" lon="-0.5246530">
    <ele>27.9</ele>
    <time>2020-06-20T11:27:58Z</time>
   </trkpt>
   <trkpt lat="51.0639570" lon="-0.5247740">
    <ele>27.7</ele>
    <time>2020-06-20T11:27:59Z</time>
   </trkpt>
   <trkpt lat="51.0639730" lon="-0.5248970">
    <ele>27.5</ele>
    <time>2020-06-20T11:28:00Z</time>
   </trkpt>
   <trkpt lat="51.0639880" lon="-0.5250220">
    <ele>27.2</ele>
    <time>2020-06-20T11:28:01Z</time>
   </trkpt>
   <trkpt lat="51.0640090" lon="-0.5251450">
    <ele>26.9</ele>
    <time>2020-06-20T11:28:02Z</time>
   </trkpt>
   <trkpt lat="51.0640370" lon="-0.5252670">
    <ele>26.5</ele>
    <time>2020-06-20T11:28:03Z</time>
   </trkpt>
   <trkpt lat="51.0640700" lon="-0.5253870">
    <ele>26.0</ele>
    <time>2020-06-20T11:28:04Z</time>
   </trkpt>
   <trkpt lat="51.0641020" lon="-0.5255070">
    <ele>25.4</ele>
    <time>2020-06-20T11:28:05Z</time>
   </trkpt>
   <trkpt lat="51.0641410" lon="-0.5256360">
    <ele>24.7</ele>
    <time>2020-06-20T11:28:06Z</time>
   </trkpt>
   <trkpt lat="51.0641780" lon="-0.5257570">
    <ele>24.0</ele>
    <time>2020-06-20T11:28:07Z</time>
   </trkpt>
   <trkpt lat="51.0642300" lon="-0.5258940">
    <ele>23.3</ele>
    <time>2020-06-20T11:28:08Z</time>
   </trkpt>
   <trkpt lat="51.0642770" lon="-0.5260440">
    <ele>22.7</ele>
    <time>2020-06-20T11:28:09Z</time>
   </trkpt>
   <trkpt lat="51.0643180" lon="-0.5261790">
    <ele>22.3</ele>
    <time>2020-06-20T11:28:10Z</time>
   </trkpt>
   <trkpt lat="51.0643550" lon="-0.5263190">
    <ele>22.0</ele>
    <time>2020-06-20T11:28:11Z</time>
   </trkpt>
   <trkpt lat="51.0643920" lon="-0.5264580">
    <ele>21.8</ele>
    <time>2020-06-20T11:28:12Z</time>
   </trkpt>
   <trkpt lat="51.0644320" lon="-0.5265910">
    <ele>21.6</ele>
    <time>2020-06-20T11:28:13Z</time>
   </trkpt>
   <trkpt lat="51.0644640" lon="-0.5267350">
    <ele>21.6</ele>
    <time>2020-06-20T11:28:14Z</time>
   </trkpt>
   <trkpt lat="51.0644820" lon="-0.5268900">
    <ele>21.7</ele>
    <time>2020-06-20T11:28:15Z</time>
   </trkpt>
   <trkpt lat="51.0644980" lon="-0.5270430">
    <ele>21.9</ele>
    <time>2020-06-20T11:28:16Z</time>
   </trkpt>
   <trkpt lat="51.0645040" lon="-0.5271850">
    <ele>22.2</ele>
    <time>2020-06-20T11:28:17Z</time>
   </trkpt>
   <trkpt lat="51.0645040" lon="-0.5273310">
    <ele>22.6</ele>
    <time>2020-06-20T11:28:18Z</time>
   </trkpt>
   <trkpt lat="51.0645020" lon="-0.5274720">
    <ele>23.1</ele>
    <time>2020-06-20T11:28:19Z</time>
   </trkpt>
   <trkpt lat="51.0644890" lon="-0.5275990">
    <ele>23.6</ele>
    <time>2020-06-20T11:28:20Z</time>
   </trkpt>
   <trkpt lat="51.0644690" lon="-0.5277270">
    <ele>24.2</ele>
    <time>2020-06-20T11:28:21Z</time>
   </trkpt>
   <trkpt lat="51.0644580" lon="-0.5278450">
    <ele>24.4</ele>
    <time>2020-06-20T11:28:22Z</time>
   </trkpt>
   <trkpt lat="51.0644460" lon="-0.5279470">
    <ele>24.6</ele>
    <time>2020-06-20T11:28:23Z</time>
   </trkpt>
   <trkpt lat="51.0644360" lon="-0.5280500">
    <ele>24.8</ele>
    <time>2020-06-20T11:28:24Z</time>
   </trkpt>
   <trkpt lat="51.0644250" lon="-0.5281550">
    <ele>25.0</ele>
    <time>2020-06-20T11:28:25Z</time>
   </trkpt>
   <trkpt lat="51.0644160" lon="-0.5282570">
    <ele>25.2</ele>
    <time>2020-06-20T11:28:26Z</time>
   </trkpt>
   <trkpt lat="51.0644050" lon="-0.5283600">
    <ele>25.4</ele>
    <time>2020-06-20T11:28:27Z</time>
   </trkpt>
   <trkpt lat="51.0643900" lon="-0.5284590">
    <ele>25.6</ele>
    <time>2020-06-20T11:28:28Z</time>
   </trkpt>
   <trkpt lat="51.0643820" lon="-0.5285610">
    <ele>25.8</ele>
    <time>2020-06-20T11:28:29Z</time>
   </trkpt>
   <trkpt lat="51.0643720" lon="-0.5286630">
    <ele>26.0</ele>
    <time>2020-06-20T11:28:30Z</time>
   </trkpt>
   <trkpt lat="51.0643550" lon="-0.5287610">
    <ele>26.2</ele>
    <time>2020-06-20T11:28:31Z</time>
   </trkpt>
   <trkpt lat="51.0643460" lon="-0.5288510">
    <ele>26.3</ele>
    <time>2020-06-20T11:28:32Z</time>
   </trkpt>
   <trkpt lat="51.0643330" lon="-0.5289370">
    <ele>26.3</ele>
    <time>2020-06-20T11:28:33Z</time>
   </trkpt>
   <trkpt lat="51.0643190" lon="-0.5290320">
    <ele>26.4</ele>
    <time>2020-06-20T11:28:34Z</time>
   </trkpt>
   <trkpt lat="51.0643040" lon="-0.5291320">
    <ele>26.5</ele>
    <time>2020-06-20T11:28:35Z</time>
   </trkpt>
   <trkpt lat="51.0642890" lon="-0.5292270">
    <ele>26.5</ele>
    <time>2020-06-20T11:28:36Z</time>
   </trkpt>
   <trkpt lat="51.0642750" lon="-0.5293220">
    <ele>26.6</ele>
    <time>2020-06-20T11:28:37Z</time>
   </trkpt>
   <trkpt lat="51.0642610" lon="-0.5294170">
    <ele>26.7</ele>
    <time>2020-06-20T11:28:38Z</time>
   </trkpt>
   <trkpt lat="51.0642430" lon="-0.5295120">
    <ele>26.7</ele>
    <time>2020-06-20T11:28:39Z</time>
   </trkpt>
   <trkpt lat="51.0642270" lon="-0.5296050">
    <ele>26.8</ele>
    <time>2020-06-20T11:28:40Z</time>
   </trkpt>
   <trkpt lat="51.0642070" lon="-0.5296980">
    <ele>26.9</ele>
    <time>2020-06-20T11:28:41Z</time>
   </trkpt>
   <trkpt lat="51.0641920" lon="-0.5297900">
    <ele>27.0</ele>
    <time>2020-06-20T11:28:42Z</time>
   </trkpt>
   <trkpt lat="51.0641860" lon="-0.5298800">
    <ele>27.1</ele>
    <time>2020-06-20T11:28:43Z</time>
   </trkpt>
   <trkpt lat="51.0641790" lon="-0.5299660">
    <ele>27.1</ele>
    <time>2020-06-20T11:28:44Z</time>
   </trkpt>
   <trkpt lat="51.0641620" lon="-0.5300560">
    <ele>27.2</ele>
    <time>2020-06-20T11:28:45Z</time>
   </trkpt>
   <trkpt lat="51.0641410" lon="-0.5301400">
    <ele>27.2</ele>
    <time>2020-06-20T11:28:46Z</time>
   </trkpt>
   <trkpt lat="51.0641320" lon="-0.5302260">
    <ele>27.3</ele>
    <time>2020-06-20T11:28:47Z</time>
   </trkpt>
   <trkpt lat="51.0641210" lon="-0.5303120">
    <ele>27.4</ele>
    <time>2020-06-20T11:28:48Z</time>
   </trkpt>
   <trkpt lat="51.0641100" lon="-0.5303890">
    <ele>27.5</ele>
    <time>2020-06-20T11:28:49Z</time>
   </trkpt>
   <trkpt lat="51.0640890" lon="-0.5304740">
    <ele>27.6</ele>
    <time>2020-06-20T11:28:50Z</time>
   </trkpt>
   <trkpt lat="51.0640670" lon="-0.5305640">
    <ele>27.8</ele>
    <time>2020-06-20T11:28:51Z</time>
   </trkpt>
   <trkpt lat="51.0640460" lon="-0.5306550">
    <ele>28.0</ele>
    <time>2020-06-20T11:28:52Z</time>
   </trkpt>
   <trkpt lat="51.0640340" lon="-0.5307470">
    <ele>28.3</ele>
    <time>2020-06-20T11:28:53Z</time>
   </trkpt>
   <trkpt lat="51.0640190" lon="-0.5308410">
    <ele>28.5</ele>
    <time>2020-06-20T11:28:54Z</time>
   </trkpt>
   <trkpt lat="51.0640000" lon="-0.5309360">
    <ele>28.5</ele>
    <time>2020-06-20T11:28:55Z</time>
   </trkpt>
   <trkpt lat="51.0639880" lon="-0.5310260">
    <ele>28.5</ele>
    <time>2020-06-20T11:28:56Z</time>
   </trkpt>
   <trkpt lat="51.0639710" lon="-0.5311150">
    <ele>28.6</ele>
    <time>2020-06-20T11:28:57Z</time>
   </trkpt>
   <trkpt lat="51.0639550" lon="-0.5312020">
    <ele>28.6</ele>
    <time>2020-06-20T11:28:58Z</time>
   </trkpt>
   <trkpt lat="51.0639480" lon="-0.5312860">
    <ele>28.7</ele>
    <time>2020-06-20T11:28:59Z</time>
   </trkpt>
   <trkpt lat="51.0639380" lon="-0.5313740">
    <ele>28.7</ele>
    <time>2020-06-20T11:29:00Z</time>
   </trkpt>
   <trkpt lat="51.0639300" lon="-0.5314600">
    <ele>28.7</ele>
    <time>2020-06-20T11:29:01Z</time>
   </trkpt>
   <trkpt lat="51.0639150" lon="-0.5315430">
    <ele>28.8</ele>
    <time>2020-06-20T11:29:02Z</time>
   </trkpt>
   <trkpt lat="51.0639010" lon="-0.5316330">
    <ele>28.8</ele>
    <time>2020-06-20T11:29:03Z</time>
   </trkpt>
   <trkpt lat="51.0638920" lon="-0.5317290">
    <ele>28.8</ele>
    <time>2020-06-20T11:29:04Z</time>
   </trkpt>
   <trkpt lat="51.0638860" lon="-0.5318180">
    <ele>28.8</ele>
    <time>2020-06-20T11:29:05Z</time>
   </trkpt>
   <trkpt lat="51.0638800" lon="-0.5319040">
    <ele>28.9</ele>
    <time>2020-06-20T11:29:06Z</time>
   </trkpt>
   <trkpt lat="51.0638820" lon="-0.5319990">
    <ele>28.9</ele>
    <time>2020-06-20T11:29:07Z</time>
   </trkpt>
   <trkpt lat="51.0638810" lon="-0.5320940">
    <ele>29.0</ele>
    <time>2020-06-20T11:29:08Z</time>
   </trkpt>
   <trkpt lat="51.0638710" lon="-0.5321920">
    <ele>29.0</ele>
    <time>2020-06-20T11:29:09Z</time>
   </trkpt>
   <trkpt lat="51.0638670" lon="-0.5322960">
    <ele>29.1</ele>
    <time>2020-06-20T11:29:10Z</time>
   </trkpt>
   <trkpt lat="51.0638730" lon="-0.5323980">
    <ele>29.1</ele>
    <time>2020-06-20T11:29:11Z</time>
   </trkpt>
   <trkpt lat="51.0638690" lon="-0.5324970">
    <ele>29.2</ele>
    <time>2020-06-20T11:29:12Z</time>
   </trkpt>
   <trkpt lat="51.0638590" lon="-0.5325990">
    <ele>29.2</ele>
    <time>2020-06-20T11:29:13Z</time>
   </trkpt>
   <trkpt lat="51.0638520" lon="-0.5327010">
    <ele>29.3</ele>
    <time>2020-06-20T11:29:14Z</time>
   </trkpt>
   <trkpt lat="51.0638440" lon="-0.5327990">
    <ele>29.4</ele>
    <time>2020-06-20T11:29:15Z</time>
   </trkpt>
   <trkpt lat="51.0638400" lon="-0.5329020">
    <ele>29.4</ele>
    <time>2020-06-20T11:29:16Z</time>
   </trkpt>
   <trkpt lat="51.0638490" lon="-0.5330110">
    <ele>29.4</ele>
    <time>2020-06-20T11:29:17Z</time>
   </trkpt>
   <trkpt lat="51.0638470" lon="-0.5331150">
    <ele>29.4</ele>
    <time>2020-06-20T11:29:18Z</time>
   </trkpt>
   <trkpt lat="51.0638480" lon="-0.5332270">
    <ele>29.4</ele>
    <time>2020-06-20T11:29:19Z</time>
   </trkpt>
   <trkpt lat="51.0638550" lon="-0.5333380">
    <ele>29.3</ele>
    <time>2020-06-20T11:29:20Z</time>
   </trkpt>
   <trkpt lat="51.0638760" lon="-0.5334410">
    <ele>29.2</ele>
    <time>2020-06-20T11:29:21Z</time>
   </trkpt>
   <trkpt lat="51.0638990" lon="-0.5335490">
    <ele>29.0</ele>
    <time>2020-06-20T11:29:22Z</time>
   </trkpt>
   <trkpt lat="51.0639200" lon="-0.5336490">
    <ele>29.0</ele>
    <time>2020-06-20T11:29:23Z</time>
   </trkpt>
   <trkpt lat="51.0639430" lon="-0.5337470">
    <ele>28.9</ele>
    <time>2020-06-20T11:29:24Z</time>
   </trkpt>
   <trkpt lat="51.0639660" lon="-0.5338450">
    <ele>28.8</ele>
    <time>2020-06-20T11:29:25Z</time>
   </trkpt>
   <trkpt lat="51.0639930" lon="-0.5339500">
    <ele>28.7</ele>
    <time>2020-06-20T11:29:26Z</time>
   </trkpt>
   <trkpt lat="51.0640280" lon="-0.5340550">
    <ele>28.7</ele>
    <time>2020-06-20T11:29:27Z</time>
   </trkpt>
   <trkpt lat="51.0640530" lon="-0.5341540">
    <ele>28.6</ele>
    <time>2020-06-20T11:29:28Z</time>
   </trkpt>
   <trkpt lat="51.0640800" lon="-0.5342610">
    <ele>28.6</ele>
    <time>2020-06-20T11:29:29Z</time>
   </trkpt>
   <trkpt lat="51.0641100" lon="-0.5343620">
    <ele>28.6</ele>
    <time>2020-06-20T11:29:30Z</time>
   </trkpt>
   <trkpt lat="51.0641430" lon="-0.5344580">
    <ele>28.5</ele>
    <time>2020-06-20T11:29:31Z</time>
   </trkpt>
   <trkpt lat="51.0641850" lon="-0.5345520">
    <ele>28.5</ele>
    <time>2020-06-20T11:29:32Z</time>
   </trkpt>
   <trkpt lat="51.0642230" lon="-0.5346410">
    <ele>28.6</ele>
    <time>2020-06-20T11:29:33Z</time>
   </trkpt>
   <trkpt lat="51.0642570" lon="-0.5347290">
    <ele>28.7</ele>
    <time>2020-06-20T11:29:34Z</time>
   </trkpt>
   <trkpt lat="51.0642860" lon="-0.5348210">
    <ele>28.9</ele>
    <time>2020-06-20T11:29:35Z</time>
   </trkpt>
   <trkpt lat="51.0643240" lon="-0.5349060">
    <ele>29.2</ele>
    <time>2020-06-20T11:29:36Z</time>
   </trkpt>
   <trkpt lat="51.0643630" lon="-0.5349830">
    <ele>29.5</ele>
    <time>2020-06-20T11:29:37Z</time>
   </trkpt>
   <trkpt lat="51.0644060" lon="-0.5350690">
    <ele>29.5</ele>
    <time>2020-06-20T11:29:38Z</time>
   </trkpt>
   <trkpt lat="51.0644390" lon="-0.5351560">
    <ele>29.6</ele>
    <time>2020-06-20T11:29:39Z</time>
   </trkpt>
   <trkpt lat="51.0644720" lon="-0.5352350">
    <ele>29.7</ele>
    <time>2020-06-20T11:29:40Z</time>
   </trkpt>
   <trkpt lat="51.0645010" lon="-0.5353100">
    <ele>29.8</ele>
    <time>2020-06-20T11:29:41Z</time>
   </trkpt>
   <trkpt lat="51.0645400" lon="-0.5353870">
    <ele>30.0</ele>
    <time>2020-06-20T11:29:42Z</time>
   </trkpt>
   <trkpt lat="51.0645780" lon="-0.5354800">
    <ele>30.1</ele>
    <time>2020-06-20T11:29:43Z</time>
   </trkpt>
   <trkpt lat="51.0646100" lon="-0.5355700">
    <ele>30.3</ele>
    <time>2020-06-20T11:29:44Z</time>
   </trkpt>
   <trkpt lat="51.0646400" lon="-0.5356600">
    <ele>30.4</ele>
    <time>2020-06-20T11:29:45Z</time>
   </trkpt>
   <trkpt lat="51.0646760" lon="-0.5357520">
    <ele>30.9</ele>
    <time>2020-06-20T11:29:46Z</time>
   </trkpt>
   <trkpt lat="51.0647140" lon="-0.5358350">
    <ele>31.2</ele>
    <time>2020-06-20T11:29:47Z</time>
   </trkpt>
   <trkpt lat="51.0647480" lon="-0.5359240">
    <ele>31.5</ele>
    <time>2020-06-20T11:29:48Z</time>
   </trkpt>
   <trkpt lat="51.0647810" lon="-0.5360040">
    <ele>32.0</ele>
    <time>2020-06-20T11:29:49Z</time>
   </trkpt>
   <trkpt lat="51.0648100" lon="-0.5360880">
    <ele>31.7</ele>
    <time>2020-06-20T11:29:50Z</time>
   </trkpt>
   <trkpt lat="51.0648380" lon="-0.5361730">
    <ele>31.5</ele>
    <time>2020-06-20T11:29:51Z</time>
   </trkpt>
   <trkpt lat="51.0648670" lon="-0.5362610">
    <ele>31.3</ele>
    <time>2020-06-20T11:29:52Z</time>
   </trkpt>
   <trkpt lat="51.0648940" lon="-0.5363550">
    <ele>31.1</ele>
    <time>2020-06-20T11:29:53Z</time>
   </trkpt>
   <trkpt lat="51.0649160" lon="-0.5364490">
    <ele>31.1</ele>
    <time>2020-06-20T11:29:54Z</time>
   </trkpt>
   <trkpt lat="51.0649340" lon="-0.5365420">
    <ele>31.0</ele>
    <time>2020-06-20T11:29:55Z</time>
   </trkpt>
   <trkpt lat="51.0649470" lon="-0.5366350">
    <ele>31.0</ele>
    <time>2020-06-20T11:29:56Z</time>
   </trkpt>
   <trkpt lat="51.0649600" lon="-0.5367230">
    <ele>31.1</ele>
    <time>2020-06-20T11:29:57Z</time>
   </trkpt>
   <trkpt lat="51.0649800" lon="-0.5368170">
    <ele>31.1</ele>
    <time>2020-06-20T11:29:58Z</time>
   </trkpt>
   <trkpt lat="51.0649920" lon="-0.5369050">
    <ele>31.2</ele>
    <time>2020-06-20T11:29:59Z</time>
   </trkpt>
   <trkpt lat="51.0649870" lon="-0.5369990">
    <ele>31.3</ele>
    <time>2020-06-20T11:30:00Z</time>
   </trkpt>
   <trkpt lat="51.0649560" lon="-0.5371030">
    <ele>31.4</ele>
    <time>2020-06-20T11:30:01Z</time>
   </trkpt>
   <trkpt lat="51.0649640" lon="-0.5371970">
    <ele>31.4</ele>
    <time>2020-06-20T11:30:02Z</time>
   </trkpt>
   <trkpt lat="51.0649800" lon="-0.5372950">
    <ele>31.5</ele>
    <time>2020-06-20T11:30:03Z</time>
   </trkpt>
   <trkpt lat="51.0649870" lon="-0.5374070">
    <ele>31.6</ele>
    <time>2020-06-20T11:30:04Z</time>
   </trkpt>
   <trkpt lat="51.0649900" lon="-0.5375090">
    <ele>31.6</ele>
    <time>2020-06-20T11:30:05Z</time>
   </trkpt>
   <trkpt lat="51.0649910" lon="-0.5375920">
    <ele>31.7</ele>
    <time>2020-06-20T11:30:06Z</time>
   </trkpt>
   <trkpt lat="51.0649960" lon="-0.5376800">
    <ele>31.7</ele>
    <time>2020-06-20T11:30:07Z</time>
   </trkpt>
   <trkpt lat="51.0649990" lon="-0.5377630">
    <ele>31.8</ele>
    <time>2020-06-20T11:30:08Z</time>
   </trkpt>
   <trkpt lat="51.0650020" lon="-0.5378520">
    <ele>31.8</ele>
    <time>2020-06-20T11:30:09Z</time>
   </trkpt>
   <trkpt lat="51.0650110" lon="-0.5379470">
    <ele>31.8</ele>
    <time>2020-06-20T11:30:10Z</time>
   </trkpt>
   <trkpt lat="51.0650240" lon="-0.5380390">
    <ele>31.8</ele>
    <time>2020-06-20T11:30:11Z</time>
   </trkpt>
   <trkpt lat="51.0650320" lon="-0.5381290">
    <ele>31.8</ele>
    <time>2020-06-20T11:30:12Z</time>
   </trkpt>
   <trkpt lat="51.0650420" lon="-0.5382250">
    <ele>31.9</ele>
    <time>2020-06-20T11:30:13Z</time>
   </trkpt>
   <trkpt lat="51.0650540" lon="-0.5383230">
    <ele>32.0</ele>
    <time>2020-06-20T11:30:14Z</time>
   </trkpt>
   <trkpt lat="51.0650730" lon="-0.5384160">
    <ele>32.1</ele>
    <time>2020-06-20T11:30:15Z</time>
   </trkpt>
   <trkpt lat="51.0650960" lon="-0.5385070">
    <ele>32.2</ele>
    <time>2020-06-20T11:30:16Z</time>
   </trkpt>
   <trkpt lat="51.0651240" lon="-0.5385940">
    <ele>32.4</ele>
    <time>2020-06-20T11:30:17Z</time>
   </trkpt>
   <trkpt lat="51.0651570" lon="-0.5386750">
    <ele>32.5</ele>
    <time>2020-06-20T11:30:18Z</time>
   </trkpt>
   <trkpt lat="51.0651940" lon="-0.5387480">
    <ele>32.7</ele>
    <time>2020-06-20T11:30:19Z</time>
   </trkpt>
   <trkpt lat="51.0652320" lon="-0.5388120">
    <ele>32.8</ele>
    <time>2020-06-20T11:30:20Z</time>
   </trkpt>
   <trkpt lat="51.0652680" lon="-0.5388820">
    <ele>32.9</ele>
    <time>2020-06-20T11:30:21Z</time>
   </trkpt>
   <trkpt lat="51.0653050" lon="-0.5389560">
    <ele>33.1</ele>
    <time>2020-06-20T11:30:22Z</time>
   </trkpt>
   <trkpt lat="51.0653420" lon="-0.5390240">
    <ele>33.2</ele>
    <time>2020-06-20T11:30:23Z</time>
   </trkpt>
   <trkpt lat="51.0653790" lon="-0.5390830">
    <ele>33.3</ele>
    <time>2020-06-20T11:30:24Z</time>
   </trkpt>
   <trkpt lat="51.0654120" lon="-0.5391470">
    <ele>33.4</ele>
    <time>2020-06-20T11:30:25Z</time>
   </trkpt>
   <trkpt lat="51.0654480" lon="-0.5392170">
    <ele>33.5</ele>
    <time>2020-06-20T11:30:26Z</time>
   </trkpt>
   <trkpt lat="51.0654830" lon="-0.5392700">
    <ele>33.6</ele>
    <time>2020-06-20T11:30:27Z</time>
   </trkpt>
   <trkpt lat="51.0655210" lon="-0.5393210">
    <ele>33.7</ele>
    <time>2020-06-20T11:30:28Z</time>
   </trkpt>
   <trkpt lat="51.0655540" lon="-0.5393690">
    <ele>33.8</ele>
    <time>2020-06-20T11:30:29Z</time>
   </trkpt>
   <trkpt lat="51.0655820" lon="-0.5394250">
    <ele>33.8</ele>
    <time>2020-06-20T11:30:30Z</time>
   </trkpt>
   <trkpt lat="51.0655960" lon="-0.5394540">
    <ele>33.8</ele>
    <time>2020-06-20T11:30:31Z</time>
   </trkpt>
   <trkpt lat="51.0656330" lon="-0.5395240">
    <ele>33.7</ele>
    <time>2020-06-20T11:30:32Z</time>
   </trkpt>
   <trkpt lat="51.0656740" lon="-0.5395970">
    <ele>33.6</ele>
    <time>2020-06-20T11:30:33Z</time>
   </trkpt>
   <trkpt lat="51.0657120" lon="-0.5396720">
    <ele>33.6</ele>
    <time>2020-06-20T11:30:34Z</time>
   </trkpt>
   <trkpt lat="51.0657450" lon="-0.5397390">
    <ele>33.5</ele>
    <time>2020-06-20T11:30:35Z</time>
   </trkpt>
   <trkpt lat="51.0657830" lon="-0.5398140">
    <ele>33.5</ele>
    <time>2020-06-20T11:30:36Z</time>
   </trkpt>
   <trkpt lat="51.0658160" lon="-0.5398960">
    <ele>33.5</ele>
    <time>2020-06-20T11:30:37Z</time>
   </trkpt>
   <trkpt lat="51.0658520" lon="-0.5399780">
    <ele>33.4</ele>
    <time>2020-06-20T11:30:38Z</time>
   </trkpt>
   <trkpt lat="51.0658900" lon="-0.5400510">
    <ele>33.3</ele>
    <time>2020-06-20T11:30:39Z</time>
   </trkpt>
   <trkpt lat="51.0659160" lon="-0.5401360">
    <ele>33.3</ele>
    <time>2020-06-20T11:30:40Z</time>
   </trkpt>
   <trkpt lat="51.0659510" lon="-0.5402130">
    <ele>33.2</ele>
    <time>2020-06-20T11:30:41Z</time>
   </trkpt>
   <trkpt lat="51.0659870" lon="-0.5402990">
    <ele>33.2</ele>
    <time>2020-06-20T11:30:42Z</time>
   </trkpt>
   <trkpt lat="51.0660220" lon="-0.5403820">
    <ele>33.1</ele>
    <time>2020-06-20T11:30:43Z</time>
   </trkpt>
   <trkpt lat="51.0660570" lon="-0.5404690">
    <ele>33.0</ele>
    <time>2020-06-20T11:30:44Z</time>
   </trkpt>
   <trkpt lat="51.0660930" lon="-0.5405470">
    <ele>32.9</ele>
    <time>2020-06-20T11:30:45Z</time>
   </trkpt>
   <trkpt lat="51.0661260" lon="-0.5406310">
    <ele>32.8</ele>
    <time>2020-06-20T11:30:46Z</time>
   </trkpt>
   <trkpt lat="51.0661590" lon="-0.5407150">
    <ele>32.8</ele>
    <time>2020-06-20T11:30:47Z</time>
   </trkpt>
   <trkpt lat="51.0661890" lon="-0.5407950">
    <ele>32.7</ele>
    <time>2020-06-20T11:30:48Z</time>
   </trkpt>
   <trkpt lat="51.0662120" lon="-0.5408770">
    <ele>32.6</ele>
    <time>2020-06-20T11:30:49Z</time>
   </trkpt>
   <trkpt lat="51.0662360" lon="-0.5409600">
    <ele>32.5</ele>
    <time>2020-06-20T11:30:50Z</time>
   </trkpt>
   <trkpt lat="51.0662680" lon="-0.5410490">
    <ele>32.4</ele>
    <time>2020-06-20T11:30:51Z</time>
   </trkpt>
   <trkpt lat="51.0663010" lon="-0.5411430">
    <ele>32.2</ele>
    <time>2020-06-20T11:30:52Z</time>
   </trkpt>
   <trkpt lat="51.0663310" lon="-0.5412210">
    <ele>32.0</ele>
    <time>2020-06-20T11:30:53Z</time>
   </trkpt>
   <trkpt lat="51.0663620" lon="-0.5412890">
    <ele>31.8</ele>
    <time>2020-06-20T11:30:54Z</time>
   </trkpt>
   <trkpt lat="51.0663980" lon="-0.5413720">
    <ele>31.7</ele>
    <time>2020-06-20T11:30:55Z</time>
   </trkpt>
   <trkpt lat="51.0664400" lon="-0.5414530">
    <ele>31.5</ele>
    <time>2020-06-20T11:30:56Z</time>
   </trkpt>
   <trkpt lat="51.0664720" lon="-0.5415260">
    <ele>31.3</ele>
    <time>2020-06-20T11:30:57Z</time>
   </trkpt>
   <trkpt lat="51.0665130" lon="-0.5416150">
    <ele>31.1</ele>
    <time>2020-06-20T11:30:58Z</time>
   </trkpt>
   <trkpt lat="51.0665570" lon="-0.5417090">
    <ele>30.9</ele>
    <time>2020-06-20T11:30:59Z</time>
   </trkpt>
   <trkpt lat="51.0665930" lon="-0.5417950">
    <ele>30.8</ele>
    <time>2020-06-20T11:31:00Z</time>
   </trkpt>
   <trkpt lat="51.0666380" lon="-0.5418730">
    <ele>30.8</ele>
    <time>2020-06-20T11:31:01Z</time>
   </trkpt>
   <trkpt lat="51.0666860" lon="-0.5419490">
    <ele>30.8</ele>
    <time>2020-06-20T11:31:02Z</time>
   </trkpt>
   <trkpt lat="51.0667430" lon="-0.5420090">
    <ele>30.8</ele>
    <time>2020-06-20T11:31:03Z</time>
   </trkpt>
   <trkpt lat="51.0668010" lon="-0.5420620">
    <ele>30.6</ele>
    <time>2020-06-20T11:31:04Z</time>
   </trkpt>
   <trkpt lat="51.0668600" lon="-0.5421180">
    <ele>30.4</ele>
    <time>2020-06-20T11:31:05Z</time>
   </trkpt>
   <trkpt lat="51.0669170" lon="-0.5421820">
    <ele>30.3</ele>
    <time>2020-06-20T11:31:06Z</time>
   </trkpt>
   <trkpt lat="51.0669730" lon="-0.5422490">
    <ele>30.2</ele>
    <time>2020-06-20T11:31:07Z</time>
   </trkpt>
   <trkpt lat="51.0670230" lon="-0.5423100">
    <ele>30.2</ele>
    <time>2020-06-20T11:31:08Z</time>
   </trkpt>
   <trkpt lat="51.0670760" lon="-0.5423880">
    <ele>30.2</ele>
    <time>2020-06-20T11:31:09Z</time>
   </trkpt>
   <trkpt lat="51.0671220" lon="-0.5424700">
    <ele>30.2</ele>
    <time>2020-06-20T11:31:10Z</time>
   </trkpt>
   <trkpt lat="51.0671600" lon="-0.5425530">
    <ele>30.3</ele>
    <time>2020-06-20T11:31:11Z</time>
   </trkpt>
   <trkpt lat="51.0671970" lon="-0.5426380">
    <ele>30.5</ele>
    <time>2020-06-20T11:31:12Z</time>
   </trkpt>
   <trkpt lat="51.0672330" lon="-0.5427150">
    <ele>30.6</ele>
    <time>2020-06-20T11:31:13Z</time>
   </trkpt>
   <trkpt lat="51.0672610" lon="-0.5427920">
    <ele>30.6</ele>
    <time>2020-06-20T11:31:14Z</time>
   </trkpt>
   <trkpt lat="51.0672880" lon="-0.5428700">
    <ele>30.7</ele>
    <time>2020-06-20T11:31:15Z</time>
   </trkpt>
   <trkpt lat="51.0673250" lon="-0.5429490">
    <ele>30.8</ele>
    <time>2020-06-20T11:31:16Z</time>
   </trkpt>
   <trkpt lat="51.0673710" lon="-0.5430250">
    <ele>30.8</ele>
    <time>2020-06-20T11:31:17Z</time>
   </trkpt>
   <trkpt lat="51.0674240" lon="-0.5431050">
    <ele>30.9</ele>
    <time>2020-06-20T11:31:18Z</time>
   </trkpt>
   <trkpt lat="51.0674660" lon="-0.5431670">
    <ele>31.0</ele>
    <time>2020-06-20T11:31:19Z</time>
   </trkpt>
   <trkpt lat="51.0674980" lon="-0.5432310">
    <ele>31.0</ele>
    <time>2020-06-20T11:31:20Z</time>
   </trkpt>
   <trkpt lat="51.0675310" lon="-0.5433060">
    <ele>31.0</ele>
    <time>2020-06-20T11:31:21Z</time>
   </trkpt>
   <trkpt lat="51.0675690" lon="-0.5433810">
    <ele>31.1</ele>
    <time>2020-06-20T11:31:22Z</time>
   </trkpt>
   <trkpt lat="51.0676120" lon="-0.5434530">
    <ele>31.1</ele>
    <time>2020-06-20T11:31:23Z</time>
   </trkpt>
   <trkpt lat="51.0676570" lon="-0.5435270">
    <ele>31.2</ele>
    <time>2020-06-20T11:31:24Z</time>
   </trkpt>
   <trkpt lat="51.0677050" lon="-0.5435910">
    <ele>31.2</ele>
    <time>2020-06-20T11:31:25Z</time>
   </trkpt>
   <trkpt lat="51.0677560" lon="-0.5436630">
    <ele>31.2</ele>
    <time>2020-06-20T11:31:26Z</time>
   </trkpt>
   <trkpt lat="51.0678080" lon="-0.5437270">
    <ele>31.2</ele>
    <time>2020-06-20T11:31:27Z</time>
   </trkpt>
   <trkpt lat="51.0678610" lon="-0.5437890">
    <ele>31.1</ele>
    <time>2020-06-20T11:31:28Z</time>
   </trkpt>
   <trkpt lat="51.0679170" lon="-0.5438450">
    <ele>31.0</ele>
    <time>2020-06-20T11:31:29Z</time>
   </trkpt>
   <trkpt lat="51.0679750" lon="-0.5439000">
    <ele>30.9</ele>
    <time>2020-06-20T11:31:30Z</time>
   </trkpt>
   <trkpt lat="51.0680390" lon="-0.5439530">
    <ele>30.8</ele>
    <time>2020-06-20T11:31:31Z</time>
   </trkpt>
   <trkpt lat="51.0681050" lon="-0.5440130">
    <ele>30.7</ele>
    <time>2020-06-20T11:31:32Z</time>
   </trkpt>
   <trkpt lat="51.0681610" lon="-0.5440680">
    <ele>30.6</ele>
    <time>2020-06-20T11:31:33Z</time>
   </trkpt>
   <trkpt lat="51.0682130" lon="-0.5441070">
    <ele>30.5</ele>
    <time>2020-06-20T11:31:34Z</time>
   </trkpt>
   <trkpt lat="51.0682600" lon="-0.5441500">
    <ele>30.5</ele>
    <time>2020-06-20T11:31:35Z</time>
   </trkpt>
   <trkpt lat="51.0683130" lon="-0.5442240">
    <ele>30.4</ele>
    <time>2020-06-20T11:31:36Z</time>
   </trkpt>
   <trkpt lat="51.0683620" lon="-0.5443080">
    <ele>30.5</ele>
    <time>2020-06-20T11:31:37Z</time>
   </trkpt>
   <trkpt lat="51.0684090" lon="-0.5443970">
    <ele>30.5</ele>
    <time>2020-06-20T11:31:38Z</time>
   </trkpt>
   <trkpt lat="51.0684550" lon="-0.5444950">
    <ele>30.4</ele>
    <time>2020-06-20T11:31:39Z</time>
   </trkpt>
   <trkpt lat="51.0685020" lon="-0.5445960">
    <ele>30.3</ele>
    <time>2020-06-20T11:31:40Z</time>
   </trkpt>
   <trkpt lat="51.0685360" lon="-0.5446990">
    <ele>30.4</ele>
    <time>2020-06-20T11:31:41Z</time>
   </trkpt>
   <trkpt lat="51.0685610" lon="-0.5447990">
    <ele>30.4</ele>
    <time>2020-06-20T11:31:42Z</time>
   </trkpt>
   <trkpt lat="51.0685900" lon="-0.5448880">
    <ele>30.6</ele>
    <time>2020-06-20T11:31:43Z</time>
   </trkpt>
   <trkpt lat="51.0686170" lon="-0.5449730">
    <ele>30.7</ele>
    <time>2020-06-20T11:31:44Z</time>
   </trkpt>
   <trkpt lat="51.0686380" lon="-0.5450650">
    <ele>30.9</ele>
    <time>2020-06-20T11:31:45Z</time>
   </trkpt>
   <trkpt lat="51.0686650" lon="-0.5451620">
    <ele>31.1</ele>
    <time>2020-06-20T11:31:46Z</time>
   </trkpt>
   <trkpt lat="51.0686870" lon="-0.5452450">
    <ele>31.3</ele>
    <time>2020-06-20T11:31:47Z</time>
   </trkpt>
   <trkpt lat="51.0687090" lon="-0.5453160">
    <ele>31.6</ele>
    <time>2020-06-20T11:31:48Z</time>
   </trkpt>
   <trkpt lat="51.0687330" lon="-0.5453860">
    <ele>31.8</ele>
    <time>2020-06-20T11:31:49Z</time>
   </trkpt>
   <trkpt lat="51.0687460" lon="-0.5454560">
    <ele>32.0</ele>
    <time>2020-06-20T11:31:50Z</time>
   </trkpt>
   <trkpt lat="51.0687580" lon="-0.5455260">
    <ele>32.2</ele>
    <time>2020-06-20T11:31:51Z</time>
   </trkpt>
   <trkpt lat="51.0687700" lon="-0.5455980">
    <ele>32.5</ele>
    <time>2020-06-20T11:31:52Z</time>
   </trkpt>
   <trkpt lat="51.0687870" lon="-0.5456690">
    <ele>32.8</ele>
    <time>2020-06-20T11:31:53Z</time>
   </trkpt>
   <trkpt lat="51.0688080" lon="-0.5457480">
    <ele>33.1</ele>
    <time>2020-06-20T11:31:54Z</time>
   </trkpt>
   <trkpt lat="51.0688360" lon="-0.5458170">
    <ele>33.4</ele>
    <time>2020-06-20T11:31:55Z</time>
   </trkpt>
   <trkpt lat="51.0688570" lon="-0.5458810">
    <ele>33.6</ele>
    <time>2020-06-20T11:31:56Z</time>
   </trkpt>
   <trkpt lat="51.0688800" lon="-0.5459420">
    <ele>33.9</ele>
    <time>2020-06-20T11:31:57Z</time>
   </trkpt>
   <trkpt lat="51.0688890" lon="-0.5459680">
    <ele>34.0</ele>
    <time>2020-06-20T11:31:58Z</time>
   </trkpt>
   <trkpt lat="51.0689120" lon="-0.5460370">
    <ele>34.3</ele>
    <time>2020-06-20T11:31:59Z</time>
   </trkpt>
   <trkpt lat="51.0689360" lon="-0.5461010">
    <ele>34.6</ele>
    <time>2020-06-20T11:32:00Z</time>
   </trkpt>
   <trkpt lat="51.0689640" lon="-0.5461620">
    <ele>34.8</ele>
    <time>2020-06-20T11:32:01Z</time>
   </trkpt>
   <trkpt lat="51.0689890" lon="-0.5462120">
    <ele>35.1</ele>
    <time>2020-06-20T11:32:02Z</time>
   </trkpt>
   <trkpt lat="51.0690120" lon="-0.5462630">
    <ele>35.3</ele>
    <time>2020-06-20T11:32:03Z</time>
   </trkpt>
   <trkpt lat="51.0690610" lon="-0.5462970">
    <ele>35.5</ele>
    <time>2020-06-20T11:32:04Z</time>
   </trkpt>
   <trkpt lat="51.0690990" lon="-0.5463570">
    <ele>35.7</ele>
    <time>2020-06-20T11:32:06Z</time>
   </trkpt>
   <trkpt lat="51.0691580" lon="-0.5464210">
    <ele>36.0</ele>
    <time>2020-06-20T11:32:07Z</time>
   </trkpt>
   <trkpt lat="51.0692160" lon="-0.5464880">
    <ele>36.2</ele>
    <time>2020-06-20T11:32:08Z</time>
   </trkpt>
   <trkpt lat="51.0692830" lon="-0.5465570">
    <ele>36.5</ele>
    <time>2020-06-20T11:32:10Z</time>
   </trkpt>
   <trkpt lat="51.0693100" lon="-0.5465980">
    <ele>36.6</ele>
    <time>2020-06-20T11:32:11Z</time>
   </trkpt>
   <trkpt lat="51.0693460" lon="-0.5466520">
    <ele>36.7</ele>
    <time>2020-06-20T11:32:13Z</time>
   </trkpt>
   <trkpt lat="51.0694130" lon="-0.5466870">
    <ele>36.8</ele>
    <time>2020-06-20T11:32:14Z</time>
   </trkpt>
   <trkpt lat="51.0694900" lon="-0.5467470">
    <ele>37.0</ele>
    <time>2020-06-20T11:32:15Z</time>
   </trkpt>
   <trkpt lat="51.0695410" lon="-0.5467860">
    <ele>37.0</ele>
    <time>2020-06-20T11:32:17Z</time>
   </trkpt>
   <trkpt lat="51.0696420" lon="-0.5468740">
    <ele>37.1</ele>
    <time>2020-06-20T11:32:19Z</time>
   </trkpt>
   <trkpt lat="51.0696930" lon="-0.5469150">
    <ele>37.2</ele>
    <time>2020-06-20T11:32:20Z</time>
   </trkpt>
   <trkpt lat="51.0697390" lon="-0.5469500">
    <ele>37.2</ele>
    <time>2020-06-20T11:32:21Z</time>
   </trkpt>
   <trkpt lat="51.0697780" lon="-0.5469800">
    <ele>37.3</ele>
    <time>2020-06-20T11:32:22Z</time>
   </trkpt>
   <trkpt lat="51.0698150" lon="-0.5470120">
    <ele>37.4</ele>
    <time>2020-06-20T11:32:23Z</time>
   </trkpt>
   <trkpt lat="51.0698400" lon="-0.5470410">
    <ele>37.5</ele>
    <time>2020-06-20T11:32:24Z</time>
   </trkpt>
   <trkpt lat="51.0698790" lon="-0.5471160">
    <ele>37.6</ele>
    <time>2020-06-20T11:32:25Z</time>
   </trkpt>
   <trkpt lat="51.0699070" lon="-0.5471920">
    <ele>37.7</ele>
    <time>2020-06-20T11:32:26Z</time>
   </trkpt>
   <trkpt lat="51.0699210" lon="-0.5472720">
    <ele>37.7</ele>
    <time>2020-06-20T11:32:27Z</time>
   </trkpt>
   <trkpt lat="51.0699180" lon="-0.5473550">
    <ele>37.8</ele>
    <time>2020-06-20T11:32:28Z</time>
   </trkpt>
   <trkpt lat="51.0699050" lon="-0.5474380">
    <ele>37.9</ele>
    <time>2020-06-20T11:32:29Z</time>
   </trkpt>
   <trkpt lat="51.0698970" lon="-0.5475160">
    <ele>38.0</ele>
    <time>2020-06-20T11:32:30Z</time>
   </trkpt>
   <trkpt lat="51.0698950" lon="-0.5475930">
    <ele>38.1</ele>
    <time>2020-06-20T11:32:31Z</time>
   </trkpt>
   <trkpt lat="51.0698920" lon="-0.5476710">
    <ele>38.3</ele>
    <time>2020-06-20T11:32:32Z</time>
   </trkpt>
   <trkpt lat="51.0698890" lon="-0.5477440">
    <ele>38.4</ele>
    <time>2020-06-20T11:32:33Z</time>
   </trkpt>
   <trkpt lat="51.0698760" lon="-0.5478470">
    <ele>38.7</ele>
    <time>2020-06-20T11:32:34Z</time>
   </trkpt>
   <trkpt lat="51.0698710" lon="-0.5479110">
    <ele>38.9</ele>
    <time>2020-06-20T11:32:35Z</time>
   </trkpt>
   <trkpt lat="51.0698610" lon="-0.5479940">
    <ele>39.2</ele>
    <time>2020-06-20T11:32:37Z</time>
   </trkpt>
   <trkpt lat="51.0698540" lon="-0.5480850">
    <ele>39.5</ele>
    <time>2020-06-20T11:32:38Z</time>
   </trkpt>
   <trkpt lat="51.0698470" lon="-0.5481720">
    <ele>39.8</ele>
    <time>2020-06-20T11:32:39Z</time>
   </trkpt>
   <trkpt lat="51.0698410" lon="-0.5482370">
    <ele>40.0</ele>
    <time>2020-06-20T11:32:40Z</time>
   </trkpt>
   <trkpt lat="51.0698270" lon="-0.5482800">
    <ele>40.2</ele>
    <time>2020-06-20T11:32:41Z</time>
   </trkpt>
   <trkpt lat="51.0698180" lon="-0.5483110">
    <ele>40.3</ele>
    <time>2020-06-20T11:32:42Z</time>
   </trkpt>
   <trkpt lat="51.0697970" lon="-0.5483880">
    <ele>40.6</ele>
    <time>2020-06-20T11:32:43Z</time>
   </trkpt>
   <trkpt lat="51.0697720" lon="-0.5484630">
    <ele>40.9</ele>
    <time>2020-06-20T11:32:44Z</time>
   </trkpt>
   <trkpt lat="51.0697550" lon="-0.5485440">
    <ele>41.3</ele>
    <time>2020-06-20T11:32:45Z</time>
   </trkpt>
   <trkpt lat="51.0697280" lon="-0.5486520">
    <ele>41.7</ele>
    <time>2020-06-20T11:32:47Z</time>
   </trkpt>
   <trkpt lat="51.0697180" lon="-0.5486970">
    <ele>41.9</ele>
    <time>2020-06-20T11:32:48Z</time>
   </trkpt>
   <trkpt lat="51.0696860" lon="-0.5488240">
    <ele>42.5</ele>
    <time>2020-06-20T11:32:50Z</time>
   </trkpt>
   <trkpt lat="51.0696680" lon="-0.5488830">
    <ele>42.8</ele>
    <time>2020-06-20T11:32:51Z</time>
   </trkpt>
   <trkpt lat="51.0696400" lon="-0.5489680">
    <ele>43.2</ele>
    <time>2020-06-20T11:32:52Z</time>
   </trkpt>
   <trkpt lat="51.0696050" lon="-0.5490750">
    <ele>43.7</ele>
    <time>2020-06-20T11:32:54Z</time>
   </trkpt>
   <trkpt lat="51.0695650" lon="-0.5492430">
    <ele>44.5</ele>
    <time>2020-06-20T11:32:56Z</time>
   </trkpt>
   <trkpt lat="51.0695490" lon="-0.5493260">
    <ele>45.0</ele>
    <time>2020-06-20T11:32:57Z</time>
   </trkpt>
   <trkpt lat="51.0695300" lon="-0.5494080">
    <ele>45.4</ele>
    <time>2020-06-20T11:32:58Z</time>
   </trkpt>
   <trkpt lat="51.0695090" lon="-0.5494830">
    <ele>45.9</ele>
    <time>2020-06-20T11:32:59Z</time>
   </trkpt>
   <trkpt lat="51.0694910" lon="-0.5495490">
    <ele>46.3</ele>
    <time>2020-06-20T11:33:00Z</time>
   </trkpt>
   <trkpt lat="51.0694730" lon="-0.5496100">
    <ele>46.8</ele>
    <time>2020-06-20T11:33:01Z</time>
   </trkpt>
   <trkpt lat="51.0694570" lon="-0.5496700">
    <ele>47.2</ele>
    <time>2020-06-20T11:33:02Z</time>
   </trkpt>
   <trkpt lat="51.0694450" lon="-0.5497290">
    <ele>47.6</ele>
    <time>2020-06-20T11:33:03Z</time>
   </trkpt>
   <trkpt lat="51.0694360" lon="-0.5497860">
    <ele>48.1</ele>
    <time>2020-06-20T11:33:04Z</time>
   </trkpt>
   <trkpt lat="51.0694220" lon="-0.5498430">
    <ele>48.5</ele>
    <time>2020-06-20T11:33:05Z</time>
   </trkpt>
   <trkpt lat="51.0694020" lon="-0.5498960">
    <ele>48.9</ele>
    <time>2020-06-20T11:33:06Z</time>
   </trkpt>
   <trkpt lat="51.0693740" lon="-0.5499570">
    <ele>49.5</ele>
    <time>2020-06-20T11:33:07Z</time>
   </trkpt>
   <trkpt lat="51.0693610" lon="-0.5499900">
    <ele>49.7</ele>
    <time>2020-06-20T11:33:08Z</time>
   </trkpt>
   <trkpt lat="51.0693490" lon="-0.5500370">
    <ele>50.1</ele>
    <time>2020-06-20T11:33:09Z</time>
   </trkpt>
   <trkpt lat="51.0693390" lon="-0.5500830">
    <ele>50.4</ele>
    <time>2020-06-20T11:33:10Z</time>
   </trkpt>
   <trkpt lat="51.0693250" lon="-0.5501200">
    <ele>50.6</ele>
    <time>2020-06-20T11:33:11Z</time>
   </trkpt>
   <trkpt lat="51.0693050" lon="-0.5501830">
    <ele>51.1</ele>
    <time>2020-06-20T11:33:12Z</time>
   </trkpt>
   <trkpt lat="51.0692830" lon="-0.5502630">
    <ele>51.6</ele>
    <time>2020-06-20T11:33:13Z</time>
   </trkpt>
   <trkpt lat="51.0692590" lon="-0.5503270">
    <ele>51.9</ele>
    <time>2020-06-20T11:33:14Z</time>
   </trkpt>
   <trkpt lat="51.0692430" lon="-0.5503810">
    <ele>52.1</ele>
    <time>2020-06-20T11:33:15Z</time>
   </trkpt>
   <trkpt lat="51.0692240" lon="-0.5504300">
    <ele>52.4</ele>
    <time>2020-06-20T11:33:16Z</time>
   </trkpt>
   <trkpt lat="51.0692110" lon="-0.5504670">
    <ele>52.5</ele>
    <time>2020-06-20T11:33:17Z</time>
   </trkpt>
   <trkpt lat="51.0691940" lon="-0.5505360">
    <ele>52.8</ele>
    <time>2020-06-20T11:33:18Z</time>
   </trkpt>
   <trkpt lat="51.0691630" lon="-0.5506050">
    <ele>53.2</ele>
    <time>2020-06-20T11:33:20Z</time>
   </trkpt>
   <trkpt lat="51.0691400" lon="-0.5506490">
    <ele>53.4</ele>
    <time>2020-06-20T11:33:21Z</time>
   </trkpt>
   <trkpt lat="51.0691230" lon="-0.5506830">
    <ele>53.5</ele>
    <time>2020-06-20T11:33:22Z</time>
   </trkpt>
   <trkpt lat="51.0690990" lon="-0.5507450">
    <ele>53.8</ele>
    <time>2020-06-20T11:33:24Z</time>
   </trkpt>
   <trkpt lat="51.0690660" lon="-0.5508160">
    <ele>54.1</ele>
    <time>2020-06-20T11:33:26Z</time>
   </trkpt>
   <trkpt lat="51.0690410" lon="-0.5508620">
    <ele>54.3</ele>
    <time>2020-06-20T11:33:28Z</time>
   </trkpt>
   <trkpt lat="51.0690130" lon="-0.5508950">
    <ele>54.5</ele>
    <time>2020-06-20T11:33:29Z</time>
   </trkpt>
   <trkpt lat="51.0689620" lon="-0.5509750">
    <ele>54.8</ele>
    <time>2020-06-20T11:33:31Z</time>
   </trkpt>
   <trkpt lat="51.0689440" lon="-0.5510210">
    <ele>54.9</ele>
    <time>2020-06-20T11:33:32Z</time>
   </trkpt>
   <trkpt lat="51.0689100" lon="-0.5510820">
    <ele>55.1</ele>
    <time>2020-06-20T11:33:33Z</time>
   </trkpt>
   <trkpt lat="51.0688900" lon="-0.5511370">
    <ele>55.3</ele>
    <time>2020-06-20T11:33:35Z</time>
   </trkpt>
   <trkpt lat="51.0688540" lon="-0.5512070">
    <ele>55.5</ele>
    <time>2020-06-20T11:33:37Z</time>
   </trkpt>
   <trkpt lat="51.0688400" lon="-0.5512610">
    <ele>55.6</ele>
    <time>2020-06-20T11:33:38Z</time>
   </trkpt>
   <trkpt lat="51.0688240" lon="-0.5512980">
    <ele>55.7</ele>
    <time>2020-06-20T11:33:39Z</time>
   </trkpt>
   <trkpt lat="51.0687980" lon="-0.5513420">
    <ele>55.8</ele>
    <time>2020-06-20T11:33:40Z</time>
   </trkpt>
   <trkpt lat="51.0687790" lon="-0.5514260">
    <ele>55.9</ele>
    <time>2020-06-20T11:33:42Z</time>
   </trkpt>
   <trkpt lat="51.0687600" lon="-0.5514930">
    <ele>56.0</ele>
    <time>2020-06-20T11:33:43Z</time>
   </trkpt>
   <trkpt lat="51.0687390" lon="-0.5515710">
    <ele>56.0</ele>
    <time>2020-06-20T11:33:44Z</time>
   </trkpt>
   <trkpt lat="51.0687140" lon="-0.5516620">
    <ele>56.0</ele>
    <time>2020-06-20T11:33:46Z</time>
   </trkpt>
   <trkpt lat="51.0687000" lon="-0.5517100">
    <ele>56.0</ele>
    <time>2020-06-20T11:33:47Z</time>
   </trkpt>
   <trkpt lat="51.0686840" lon="-0.5517810">
    <ele>55.9</ele>
    <time>2020-06-20T11:33:48Z</time>
   </trkpt>
   <trkpt lat="51.0686680" lon="-0.5518500">
    <ele>55.9</ele>
    <time>2020-06-20T11:33:49Z</time>
   </trkpt>
   <trkpt lat="51.0686490" lon="-0.5519380">
    <ele>55.9</ele>
    <time>2020-06-20T11:33:51Z</time>
   </trkpt>
   <trkpt lat="51.0686360" lon="-0.5519720">
    <ele>55.9</ele>
    <time>2020-06-20T11:33:53Z</time>
   </trkpt>
   <trkpt lat="51.0686200" lon="-0.5520950">
    <ele>55.9</ele>
    <time>2020-06-20T11:33:55Z</time>
   </trkpt>
   <trkpt lat="51.0686080" lon="-0.5521800">
    <ele>55.9</ele>
    <time>2020-06-20T11:33:56Z</time>
   </trkpt>
   <trkpt lat="51.0685820" lon="-0.5522750">
    <ele>56.0</ele>
    <time>2020-06-20T11:33:58Z</time>
   </trkpt>
   <trkpt lat="51.0685700" lon="-0.5523860">
    <ele>56.1</ele>
    <time>2020-06-20T11:33:59Z</time>
   </trkpt>
   <trkpt lat="51.0685670" lon="-0.5524490">
    <ele>56.1</ele>
    <time>2020-06-20T11:34:01Z</time>
   </trkpt>
   <trkpt lat="51.0685670" lon="-0.5525230">
    <ele>56.1</ele>
    <time>2020-06-20T11:34:02Z</time>
   </trkpt>
   <trkpt lat="51.0685640" lon="-0.5526960">
    <ele>56.1</ele>
    <time>2020-06-20T11:34:04Z</time>
   </trkpt>
   <trkpt lat="51.0685600" lon="-0.5527870">
    <ele>56.1</ele>
    <time>2020-06-20T11:34:05Z</time>
   </trkpt>
   <trkpt lat="51.0685580" lon="-0.5528770">
    <ele>56.1</ele>
    <time>2020-06-20T11:34:06Z</time>
   </trkpt>
   <trkpt lat="51.0685530" lon="-0.5529660">
    <ele>56.1</ele>
    <time>2020-06-20T11:34:07Z</time>
   </trkpt>
   <trkpt lat="51.0685490" lon="-0.5530540">
    <ele>56.1</ele>
    <time>2020-06-20T11:34:08Z</time>
   </trkpt>
   <trkpt lat="51.0685480" lon="-0.5531390">
    <ele>56.2</ele>
    <time>2020-06-20T11:34:09Z</time>
   </trkpt>
   <trkpt lat="51.0685470" lon="-0.5532230">
    <ele>56.3</ele>
    <time>2020-06-20T11:34:10Z</time>
   </trkpt>
   <trkpt lat="51.0685440" lon="-0.5533050">
    <ele>56.3</ele>
    <time>2020-06-20T11:34:11Z</time>
   </trkpt>
   <trkpt lat="51.0685430" lon="-0.5533840">
    <ele>56.4</ele>
    <time>2020-06-20T11:34:12Z</time>
   </trkpt>
   <trkpt lat="51.0685430" lon="-0.5534610">
    <ele>56.5</ele>
    <time>2020-06-20T11:34:13Z</time>
   </trkpt>
   <trkpt lat="51.0685450" lon="-0.5535360">
    <ele>56.6</ele>
    <time>2020-06-20T11:34:14Z</time>
   </trkpt>
   <trkpt lat="51.0685490" lon="-0.5536090">
    <ele>56.7</ele>
    <time>2020-06-20T11:34:15Z</time>
   </trkpt>
   <trkpt lat="51.0685560" lon="-0.5536770">
    <ele>56.8</ele>
    <time>2020-06-20T11:34:16Z</time>
   </trkpt>
   <trkpt lat="51.0685620" lon="-0.5537430">
    <ele>56.9</ele>
    <time>2020-06-20T11:34:17Z</time>
   </trkpt>
   <trkpt lat="51.0685680" lon="-0.5538090">
    <ele>57.0</ele>
    <time>2020-06-20T11:34:18Z</time>
   </trkpt>
   <trkpt lat="51.0685780" lon="-0.5538750">
    <ele>57.1</ele>
    <time>2020-06-20T11:34:19Z</time>
   </trkpt>
   <trkpt lat="51.0685880" lon="-0.5539390">
    <ele>57.2</ele>
    <time>2020-06-20T11:34:20Z</time>
   </trkpt>
   <trkpt lat="51.0685990" lon="-0.5540020">
    <ele>57.3</ele>
    <time>2020-06-20T11:34:21Z</time>
   </trkpt>
   <trkpt lat="51.0686130" lon="-0.5540640">
    <ele>57.4</ele>
    <time>2020-06-20T11:34:22Z</time>
   </trkpt>
   <trkpt lat="51.0686270" lon="-0.5541250">
    <ele>57.5</ele>
    <time>2020-06-20T11:34:23Z</time>
   </trkpt>
   <trkpt lat="51.0686360" lon="-0.5541670">
    <ele>57.6</ele>
    <time>2020-06-20T11:34:24Z</time>
   </trkpt>
   <trkpt lat="51.0686480" lon="-0.5542310">
    <ele>57.7</ele>
    <time>2020-06-20T11:34:25Z</time>
   </trkpt>
   <trkpt lat="51.0686590" lon="-0.5542920">
    <ele>57.8</ele>
    <time>2020-06-20T11:34:26Z</time>
   </trkpt>
   <trkpt lat="51.0686690" lon="-0.5543590">
    <ele>58.0</ele>
    <time>2020-06-20T11:34:27Z</time>
   </trkpt>
   <trkpt lat="51.0686760" lon="-0.5544210">
    <ele>58.0</ele>
    <time>2020-06-20T11:34:28Z</time>
   </trkpt>
   <trkpt lat="51.0686830" lon="-0.5544960">
    <ele>58.1</ele>
    <time>2020-06-20T11:34:29Z</time>
   </trkpt>
   <trkpt lat="51.0686790" lon="-0.5545970">
    <ele>58.3</ele>
    <time>2020-06-20T11:34:30Z</time>
   </trkpt>
   <trkpt lat="51.0686960" lon="-0.5546830">
    <ele>58.3</ele>
    <time>2020-06-20T11:34:32Z</time>
   </trkpt>
   <trkpt lat="51.0687030" lon="-0.5547350">
    <ele>58.4</ele>
    <time>2020-06-20T11:34:33Z</time>
   </trkpt>
   <trkpt lat="51.0687140" lon="-0.5548130">
    <ele>58.4</ele>
    <time>2020-06-20T11:34:34Z</time>
   </trkpt>
   <trkpt lat="51.0687320" lon="-0.5549450">
    <ele>58.4</ele>
    <time>2020-06-20T11:34:36Z</time>
   </trkpt>
   <trkpt lat="51.0687480" lon="-0.5550570">
    <ele>58.4</ele>
    <time>2020-06-20T11:34:37Z</time>
   </trkpt>
   <trkpt lat="51.0687680" lon="-0.5551760">
    <ele>58.3</ele>
    <time>2020-06-20T11:34:39Z</time>
   </trkpt>
   <trkpt lat="51.0687800" lon="-0.5552470">
    <ele>58.3</ele>
    <time>2020-06-20T11:34:40Z</time>
   </trkpt>
   <trkpt lat="51.0687830" lon="-0.5552890">
    <ele>58.3</ele>
    <time>2020-06-20T11:34:41Z</time>
   </trkpt>
   <trkpt lat="51.0687830" lon="-0.5552930">
    <ele>58.3</ele>
    <time>2020-06-20T11:34:42Z</time>
   </trkpt>
   <trkpt lat="51.0688110" lon="-0.5554200">
    <ele>58.2</ele>
    <time>2020-06-20T11:34:43Z</time>
   </trkpt>
   <trkpt lat="51.0688390" lon="-0.5555960">
    <ele>57.9</ele>
    <time>2020-06-20T11:34:45Z</time>
   </trkpt>
   <trkpt lat="51.0688520" lon="-0.5557010">
    <ele>57.8</ele>
    <time>2020-06-20T11:34:46Z</time>
   </trkpt>
   <trkpt lat="51.0688650" lon="-0.5558090">
    <ele>57.6</ele>
    <time>2020-06-20T11:34:47Z</time>
   </trkpt>
   <trkpt lat="51.0688830" lon="-0.5559700">
    <ele>57.3</ele>
    <time>2020-06-20T11:34:48Z</time>
   </trkpt>
   <trkpt lat="51.0688930" lon="-0.5561210">
    <ele>56.9</ele>
    <time>2020-06-20T11:34:49Z</time>
   </trkpt>
   <trkpt lat="51.0689130" lon="-0.5562650">
    <ele>56.4</ele>
    <time>2020-06-20T11:34:50Z</time>
   </trkpt>
   <trkpt lat="51.0689320" lon="-0.5564120">
    <ele>55.8</ele>
    <time>2020-06-20T11:34:51Z</time>
   </trkpt>
   <trkpt lat="51.0689450" lon="-0.5565540">
    <ele>55.0</ele>
    <time>2020-06-20T11:34:52Z</time>
   </trkpt>
   <trkpt lat="51.0689540" lon="-0.5566970">
    <ele>54.3</ele>
    <time>2020-06-20T11:34:53Z</time>
   </trkpt>
   <trkpt lat="51.0689640" lon="-0.5568480">
    <ele>53.5</ele>
    <time>2020-06-20T11:34:54Z</time>
   </trkpt>
   <trkpt lat="51.0689750" lon="-0.5570110">
    <ele>52.7</ele>
    <time>2020-06-20T11:34:55Z</time>
   </trkpt>
   <trkpt lat="51.0689740" lon="-0.5571720">
    <ele>52.0</ele>
    <time>2020-06-20T11:34:56Z</time>
   </trkpt>
   <trkpt lat="51.0689640" lon="-0.5573360">
    <ele>51.4</ele>
    <time>2020-06-20T11:34:57Z</time>
   </trkpt>
   <trkpt lat="51.0689490" lon="-0.5575040">
    <ele>51.0</ele>
    <time>2020-06-20T11:34:58Z</time>
   </trkpt>
   <trkpt lat="51.0689240" lon="-0.5576660">
    <ele>50.8</ele>
    <time>2020-06-20T11:34:59Z</time>
   </trkpt>
   <trkpt lat="51.0689050" lon="-0.5578160">
    <ele>50.8</ele>
    <time>2020-06-20T11:35:00Z</time>
   </trkpt>
   <trkpt lat="51.0688940" lon="-0.5579620">
    <ele>51.0</ele>
    <time>2020-06-20T11:35:01Z</time>
   </trkpt>
   <trkpt lat="51.0688780" lon="-0.5581010">
    <ele>51.4</ele>
    <time>2020-06-20T11:35:02Z</time>
   </trkpt>
   <trkpt lat="51.0688580" lon="-0.5582300">
    <ele>51.8</ele>
    <time>2020-06-20T11:35:03Z</time>
   </trkpt>
   <trkpt lat="51.0688390" lon="-0.5583520">
    <ele>52.3</ele>
    <time>2020-06-20T11:35:04Z</time>
   </trkpt>
   <trkpt lat="51.0688180" lon="-0.5584700">
    <ele>52.6</ele>
    <time>2020-06-20T11:35:05Z</time>
   </trkpt>
   <trkpt lat="51.0688060" lon="-0.5585820">
    <ele>52.9</ele>
    <time>2020-06-20T11:35:06Z</time>
   </trkpt>
   <trkpt lat="51.0687950" lon="-0.5586930">
    <ele>53.2</ele>
    <time>2020-06-20T11:35:07Z</time>
   </trkpt>
   <trkpt lat="51.0687850" lon="-0.5588010">
    <ele>53.5</ele>
    <time>2020-06-20T11:35:08Z</time>
   </trkpt>
   <trkpt lat="51.0687810" lon="-0.5589060">
    <ele>53.8</ele>
    <time>2020-06-20T11:35:09Z</time>
   </trkpt>
   <trkpt lat="51.0687710" lon="-0.5590060">
    <ele>54.1</ele>
    <time>2020-06-20T11:35:10Z</time>
   </trkpt>
   <trkpt lat="51.0687620" lon="-0.5591040">
    <ele>54.4</ele>
    <time>2020-06-20T11:35:11Z</time>
   </trkpt>
   <trkpt lat="51.0687590" lon="-0.5592040">
    <ele>54.6</ele>
    <time>2020-06-20T11:35:12Z</time>
   </trkpt>
   <trkpt lat="51.0687590" lon="-0.5593030">
    <ele>54.9</ele>
    <time>2020-06-20T11:35:13Z</time>
   </trkpt>
   <trkpt lat="51.0687580" lon="-0.5593950">
    <ele>55.1</ele>
    <time>2020-06-20T11:35:14Z</time>
   </trkpt>
   <trkpt lat="51.0687620" lon="-0.5594910">
    <ele>55.4</ele>
    <time>2020-06-20T11:35:15Z</time>
   </trkpt>
   <trkpt lat="51.0687680" lon="-0.5595870">
    <ele>55.6</ele>
    <time>2020-06-20T11:35:16Z</time>
   </trkpt>
   <trkpt lat="51.0687720" lon="-0.5596740">
    <ele>55.9</ele>
    <time>2020-06-20T11:35:17Z</time>
   </trkpt>
   <trkpt lat="51.0687750" lon="-0.5597590">
    <ele>56.1</ele>
    <time>2020-06-20T11:35:18Z</time>
   </trkpt>
   <trkpt lat="51.0687890" lon="-0.5598410">
    <ele>56.3</ele>
    <time>2020-06-20T11:35:19Z</time>
   </trkpt>
   <trkpt lat="51.0687970" lon="-0.5599210">
    <ele>56.5</ele>
    <time>2020-06-20T11:35:20Z</time>
   </trkpt>
   <trkpt lat="51.0688110" lon="-0.5600010">
    <ele>56.7</ele>
    <time>2020-06-20T11:35:21Z</time>
   </trkpt>
   <trkpt lat="51.0688200" lon="-0.5600810">
    <ele>56.9</ele>
    <time>2020-06-20T11:35:22Z</time>
   </trkpt>
   <trkpt lat="51.0688310" lon="-0.5601640">
    <ele>57.2</ele>
    <time>2020-06-20T11:35:23Z</time>
   </trkpt>
   <trkpt lat="51.0688440" lon="-0.5602450">
    <ele>57.4</ele>
    <time>2020-06-20T11:35:24Z</time>
   </trkpt>
   <trkpt lat="51.0688570" lon="-0.5603340">
    <ele>57.6</ele>
    <time>2020-06-20T11:35:25Z</time>
   </trkpt>
   <trkpt lat="51.0688740" lon="-0.5604220">
    <ele>57.8</ele>
    <time>2020-06-20T11:35:26Z</time>
   </trkpt>
   <trkpt lat="51.0688870" lon="-0.5605070">
    <ele>58.0</ele>
    <time>2020-06-20T11:35:27Z</time>
   </trkpt>
   <trkpt lat="51.0689020" lon="-0.5605910">
    <ele>58.2</ele>
    <time>2020-06-20T11:35:28Z</time>
   </trkpt>
   <trkpt lat="51.0689190" lon="-0.5606780">
    <ele>58.4</ele>
    <time>2020-06-20T11:35:29Z</time>
   </trkpt>
   <trkpt lat="51.0689290" lon="-0.5607610">
    <ele>58.6</ele>
    <time>2020-06-20T11:35:30Z</time>
   </trkpt>
   <trkpt lat="51.0689350" lon="-0.5608430">
    <ele>58.8</ele>
    <time>2020-06-20T11:35:31Z</time>
   </trkpt>
   <trkpt lat="51.0689340" lon="-0.5609260">
    <ele>59.0</ele>
    <time>2020-06-20T11:35:32Z</time>
   </trkpt>
   <trkpt lat="51.0689290" lon="-0.5610080">
    <ele>59.3</ele>
    <time>2020-06-20T11:35:33Z</time>
   </trkpt>
   <trkpt lat="51.0689200" lon="-0.5610880">
    <ele>59.5</ele>
    <time>2020-06-20T11:35:34Z</time>
   </trkpt>
   <trkpt lat="51.0689110" lon="-0.5611640">
    <ele>59.7</ele>
    <time>2020-06-20T11:35:35Z</time>
   </trkpt>
   <trkpt lat="51.0689020" lon="-0.5612310">
    <ele>60.0</ele>
    <time>2020-06-20T11:35:36Z</time>
   </trkpt>
   <trkpt lat="51.0688910" lon="-0.5612760">
    <ele>60.1</ele>
    <time>2020-06-20T11:35:37Z</time>
   </trkpt>
   <trkpt lat="51.0688690" lon="-0.5613520">
    <ele>60.4</ele>
    <time>2020-06-20T11:35:38Z</time>
   </trkpt>
   <trkpt lat="51.0688530" lon="-0.5614110">
    <ele>60.6</ele>
    <time>2020-06-20T11:35:39Z</time>
   </trkpt>
   <trkpt lat="51.0688220" lon="-0.5614850">
    <ele>60.9</ele>
    <time>2020-06-20T11:35:40Z</time>
   </trkpt>
   <trkpt lat="51.0687880" lon="-0.5615600">
    <ele>61.2</ele>
    <time>2020-06-20T11:35:41Z</time>
   </trkpt>
   <trkpt lat="51.0687580" lon="-0.5616170">
    <ele>61.5</ele>
    <time>2020-06-20T11:35:42Z</time>
   </trkpt>
   <trkpt lat="51.0687290" lon="-0.5616670">
    <ele>61.7</ele>
    <time>2020-06-20T11:35:43Z</time>
   </trkpt>
   <trkpt lat="51.0687130" lon="-0.5617090">
    <ele>61.9</ele>
    <time>2020-06-20T11:35:44Z</time>
   </trkpt>
   <trkpt lat="51.0686830" lon="-0.5617770">
    <ele>62.2</ele>
    <time>2020-06-20T11:35:45Z</time>
   </trkpt>
   <trkpt lat="51.0686560" lon="-0.5618470">
    <ele>62.5</ele>
    <time>2020-06-20T11:35:46Z</time>
   </trkpt>
   <trkpt lat="51.0686350" lon="-0.5618840">
    <ele>62.7</ele>
    <time>2020-06-20T11:35:47Z</time>
   </trkpt>
   <trkpt lat="51.0686050" lon="-0.5619460">
    <ele>62.9</ele>
    <time>2020-06-20T11:35:48Z</time>
   </trkpt>
   <trkpt lat="51.0685780" lon="-0.5619960">
    <ele>63.2</ele>
    <time>2020-06-20T11:35:49Z</time>
   </trkpt>
   <trkpt lat="51.0685440" lon="-0.5620700">
    <ele>63.5</ele>
    <time>2020-06-20T11:35:50Z</time>
   </trkpt>
   <trkpt lat="51.0685150" lon="-0.5621430">
    <ele>63.8</ele>
    <time>2020-06-20T11:35:51Z</time>
   </trkpt>
   <trkpt lat="51.0684890" lon="-0.5622090">
    <ele>64.0</ele>
    <time>2020-06-20T11:35:52Z</time>
   </trkpt>
   <trkpt lat="51.0684600" lon="-0.5622860">
    <ele>64.3</ele>
    <time>2020-06-20T11:35:53Z</time>
   </trkpt>
   <trkpt lat="51.0684420" lon="-0.5623630">
    <ele>64.6</ele>
    <time>2020-06-20T11:35:54Z</time>
   </trkpt>
   <trkpt lat="51.0684220" lon="-0.5624280">
    <ele>64.8</ele>
    <time>2020-06-20T11:35:55Z</time>
   </trkpt>
   <trkpt lat="51.0683990" lon="-0.5624910">
    <ele>65.0</ele>
    <time>2020-06-20T11:35:56Z</time>
   </trkpt>
   <trkpt lat="51.0683770" lon="-0.5625540">
    <ele>65.2</ele>
    <time>2020-06-20T11:35:57Z</time>
   </trkpt>
   <trkpt lat="51.0683640" lon="-0.5626020">
    <ele>65.4</ele>
    <time>2020-06-20T11:35:58Z</time>
   </trkpt>
   <trkpt lat="51.0683400" lon="-0.5627080">
    <ele>65.7</ele>
    <time>2020-06-20T11:35:59Z</time>
   </trkpt>
   <trkpt lat="51.0683270" lon="-0.5627710">
    <ele>65.8</ele>
    <time>2020-06-20T11:36:01Z</time>
   </trkpt>
   <trkpt lat="51.0683140" lon="-0.5628550">
    <ele>66.1</ele>
    <time>2020-06-20T11:36:02Z</time>
   </trkpt>
   <trkpt lat="51.0683040" lon="-0.5629440">
    <ele>66.3</ele>
    <time>2020-06-20T11:36:03Z</time>
   </trkpt>
   <trkpt lat="51.0683000" lon="-0.5630200">
    <ele>66.5</ele>
    <time>2020-06-20T11:36:04Z</time>
   </trkpt>
   <trkpt lat="51.0683040" lon="-0.5631210">
    <ele>66.8</ele>
    <time>2020-06-20T11:36:05Z</time>
   </trkpt>
   <trkpt lat="51.0683110" lon="-0.5631610">
    <ele>66.9</ele>
    <time>2020-06-20T11:36:06Z</time>
   </trkpt>
   <trkpt lat="51.0682870" lon="-0.5632890">
    <ele>67.2</ele>
    <time>2020-06-20T11:36:08Z</time>
   </trkpt>
   <trkpt lat="51.0682930" lon="-0.5633760">
    <ele>67.5</ele>
    <time>2020-06-20T11:36:09Z</time>
   </trkpt>
   <trkpt lat="51.0682930" lon="-0.5634610">
    <ele>67.6</ele>
    <time>2020-06-20T11:36:10Z</time>
   </trkpt>
   <trkpt lat="51.0682970" lon="-0.5635420">
    <ele>67.8</ele>
    <time>2020-06-20T11:36:11Z</time>
   </trkpt>
   <trkpt lat="51.0683000" lon="-0.5636270">
    <ele>68.0</ele>
    <time>2020-06-20T11:36:12Z</time>
   </trkpt>
   <trkpt lat="51.0683050" lon="-0.5637090">
    <ele>68.1</ele>
    <time>2020-06-20T11:36:13Z</time>
   </trkpt>
   <trkpt lat="51.0683100" lon="-0.5637870">
    <ele>68.2</ele>
    <time>2020-06-20T11:36:14Z</time>
   </trkpt>
   <trkpt lat="51.0683040" lon="-0.5638670">
    <ele>68.4</ele>
    <time>2020-06-20T11:36:15Z</time>
   </trkpt>
   <trkpt lat="51.0683030" lon="-0.5639440">
    <ele>68.5</ele>
    <time>2020-06-20T11:36:16Z</time>
   </trkpt>
   <trkpt lat="51.0683070" lon="-0.5640200">
    <ele>68.7</ele>
    <time>2020-06-20T11:36:17Z</time>
   </trkpt>
   <trkpt lat="51.0683080" lon="-0.5640940">
    <ele>68.8</ele>
    <time>2020-06-20T11:36:18Z</time>
   </trkpt>
   <trkpt lat="51.0683050" lon="-0.5641720">
    <ele>69.0</ele>
    <time>2020-06-20T11:36:19Z</time>
   </trkpt>
   <trkpt lat="51.0683030" lon="-0.5642080">
    <ele>69.1</ele>
    <time>2020-06-20T11:36:20Z</time>
   </trkpt>
   <trkpt lat="51.0683090" lon="-0.5642550">
    <ele>69.2</ele>
    <time>2020-06-20T11:36:21Z</time>
   </trkpt>
   <trkpt lat="51.0683120" lon="-0.5643770">
    <ele>69.5</ele>
    <time>2020-06-20T11:36:22Z</time>
   </trkpt>
   <trkpt lat="51.0683150" lon="-0.5644400">
    <ele>69.6</ele>
    <time>2020-06-20T11:36:23Z</time>
   </trkpt>
   <trkpt lat="51.0683290" lon="-0.5645550">
    <ele>69.9</ele>
    <time>2020-06-20T11:36:25Z</time>
   </trkpt>
   <trkpt lat="51.0683450" lon="-0.5646690">
    <ele>70.1</ele>
    <time>2020-06-20T11:36:27Z</time>
   </trkpt>
   <trkpt lat="51.0683760" lon="-0.5647860">
    <ele>70.6</ele>
    <time>2020-06-20T11:36:28Z</time>
   </trkpt>
   <trkpt lat="51.0683920" lon="-0.5648790">
    <ele>70.9</ele>
    <time>2020-06-20T11:36:30Z</time>
   </trkpt>
   <trkpt lat="51.0684070" lon="-0.5649440">
    <ele>71.1</ele>
    <time>2020-06-20T11:36:31Z</time>
   </trkpt>
   <trkpt lat="51.0684300" lon="-0.5649960">
    <ele>71.2</ele>
    <time>2020-06-20T11:36:32Z</time>
   </trkpt>
   <trkpt lat="51.0684830" lon="-0.5650950">
    <ele>71.6</ele>
    <time>2020-06-20T11:36:34Z</time>
   </trkpt>
   <trkpt lat="51.0685310" lon="-0.5652010">
    <ele>71.9</ele>
    <time>2020-06-20T11:36:35Z</time>
   </trkpt>
   <trkpt lat="51.0685680" lon="-0.5652700">
    <ele>72.1</ele>
    <time>2020-06-20T11:36:37Z</time>
   </trkpt>
   <trkpt lat="51.0686040" lon="-0.5653470">
    <ele>72.3</ele>
    <time>2020-06-20T11:36:38Z</time>
   </trkpt>
   <trkpt lat="51.0686460" lon="-0.5654380">
    <ele>72.6</ele>
    <time>2020-06-20T11:36:40Z</time>
   </trkpt>
   <trkpt lat="51.0686770" lon="-0.5654850">
    <ele>72.7</ele>
    <time>2020-06-20T11:36:41Z</time>
   </trkpt>
   <trkpt lat="51.0687160" lon="-0.5655530">
    <ele>72.8</ele>
    <time>2020-06-20T11:36:43Z</time>
   </trkpt>
   <trkpt lat="51.0687380" lon="-0.5655820">
    <ele>72.9</ele>
    <time>2020-06-20T11:36:44Z</time>
   </trkpt>
   <trkpt lat="51.0688110" lon="-0.5656730">
    <ele>73.1</ele>
    <time>2020-06-20T11:36:46Z</time>
   </trkpt>
   <trkpt lat="51.0688420" lon="-0.5657110">
    <ele>73.1</ele>
    <time>2020-06-20T11:36:47Z</time>
   </trkpt>
   <trkpt lat="51.0689220" lon="-0.5657990">
    <ele>73.2</ele>
    <time>2020-06-20T11:36:49Z</time>
   </trkpt>
   <trkpt lat="51.0689670" lon="-0.5658460">
    <ele>73.2</ele>
    <time>2020-06-20T11:36:50Z</time>
   </trkpt>
   <trkpt lat="51.0690070" lon="-0.5658860">
    <ele>73.2</ele>
    <time>2020-06-20T11:36:51Z</time>
   </trkpt>
   <trkpt lat="51.0690430" lon="-0.5659220">
    <ele>73.2</ele>
    <time>2020-06-20T11:36:52Z</time>
   </trkpt>
   <trkpt lat="51.0690730" lon="-0.5659420">
    <ele>73.2</ele>
    <time>2020-06-20T11:36:53Z</time>
   </trkpt>
   <trkpt lat="51.0691020" lon="-0.5659150">
    <ele>73.2</ele>
    <time>2020-06-20T11:36:54Z</time>
   </trkpt>
   <trkpt lat="51.0691290" lon="-0.5659830">
    <ele>73.2</ele>
    <time>2020-06-20T11:36:55Z</time>
   </trkpt>
   <trkpt lat="51.0691810" lon="-0.5660810">
    <ele>73.2</ele>
    <time>2020-06-20T11:36:57Z</time>
   </trkpt>
   <trkpt lat="51.0692200" lon="-0.5661560">
    <ele>73.2</ele>
    <time>2020-06-20T11:36:58Z</time>
   </trkpt>
   <trkpt lat="51.0692700" lon="-0.5663610">
    <ele>73.1</ele>
    <time>2020-06-20T11:37:00Z</time>
   </trkpt>
   <trkpt lat="51.0692880" lon="-0.5664390">
    <ele>73.1</ele>
    <time>2020-06-20T11:37:01Z</time>
   </trkpt>
   <trkpt lat="51.0693030" lon="-0.5665250">
    <ele>73.1</ele>
    <time>2020-06-20T11:37:02Z</time>
   </trkpt>
   <trkpt lat="51.0693180" lon="-0.5666050">
    <ele>73.1</ele>
    <time>2020-06-20T11:37:03Z</time>
   </trkpt>
   <trkpt lat="51.0693330" lon="-0.5666830">
    <ele>73.1</ele>
    <time>2020-06-20T11:37:04Z</time>
   </trkpt>
   <trkpt lat="51.0693510" lon="-0.5667620">
    <ele>73.1</ele>
    <time>2020-06-20T11:37:05Z</time>
   </trkpt>
   <trkpt lat="51.0693660" lon="-0.5668340">
    <ele>73.1</ele>
    <time>2020-06-20T11:37:06Z</time>
   </trkpt>
   <trkpt lat="51.0693730" lon="-0.5668850">
    <ele>73.0</ele>
    <time>2020-06-20T11:37:07Z</time>
   </trkpt>
   <trkpt lat="51.0693720" lon="-0.5670010">
    <ele>73.0</ele>
    <time>2020-06-20T11:37:08Z</time>
   </trkpt>
   <trkpt lat="51.0693680" lon="-0.5671190">
    <ele>73.1</ele>
    <time>2020-06-20T11:37:09Z</time>
   </trkpt>
   <trkpt lat="51.0693630" lon="-0.5672370">
    <ele>73.2</ele>
    <time>2020-06-20T11:37:11Z</time>
   </trkpt>
   <trkpt lat="51.0693610" lon="-0.5673330">
    <ele>73.2</ele>
    <time>2020-06-20T11:37:12Z</time>
   </trkpt>
   <trkpt lat="51.0693610" lon="-0.5674250">
    <ele>73.3</ele>
    <time>2020-06-20T11:37:13Z</time>
   </trkpt>
   <trkpt lat="51.0693660" lon="-0.5675150">
    <ele>73.4</ele>
    <time>2020-06-20T11:37:14Z</time>
   </trkpt>
   <trkpt lat="51.0693720" lon="-0.5675990">
    <ele>73.6</ele>
    <time>2020-06-20T11:37:15Z</time>
   </trkpt>
   <trkpt lat="51.0693790" lon="-0.5676770">
    <ele>73.8</ele>
    <time>2020-06-20T11:37:16Z</time>
   </trkpt>
   <trkpt lat="51.0693810" lon="-0.5677510">
    <ele>73.8</ele>
    <time>2020-06-20T11:37:17Z</time>
   </trkpt>
   <trkpt lat="51.0693610" lon="-0.5677630">
    <ele>73.8</ele>
    <time>2020-06-20T11:37:18Z</time>
   </trkpt>
   <trkpt lat="51.0694180" lon="-0.5678740">
    <ele>73.7</ele>
    <time>2020-06-20T11:37:20Z</time>
   </trkpt>
   <trkpt lat="51.0694650" lon="-0.5679100">
    <ele>73.7</ele>
    <time>2020-06-20T11:37:21Z</time>
   </trkpt>
   <trkpt lat="51.0694950" lon="-0.5679430">
    <ele>73.7</ele>
    <time>2020-06-20T11:37:22Z</time>
   </trkpt>
   <trkpt lat="51.0695310" lon="-0.5679760">
    <ele>73.6</ele>
    <time>2020-06-20T11:37:23Z</time>
   </trkpt>
   <trkpt lat="51.0695530" lon="-0.5680260">
    <ele>73.6</ele>
    <time>2020-06-20T11:37:24Z</time>
   </trkpt>
   <trkpt lat="51.0695590" lon="-0.5680410">
    <ele>73.6</ele>
    <time>2020-06-20T11:37:25Z</time>
   </trkpt>
   <trkpt lat="51.0695620" lon="-0.5681760">
    <ele>73.5</ele>
    <time>2020-06-20T11:37:27Z</time>
   </trkpt>
   <trkpt lat="51.0695520" lon="-0.5682930">
    <ele>73.5</ele>
    <time>2020-06-20T11:37:28Z</time>
   </trkpt>
   <trkpt lat="51.0695380" lon="-0.5684100">
    <ele>73.5</ele>
    <time>2020-06-20T11:37:29Z</time>
   </trkpt>
   <trkpt lat="51.0695280" lon="-0.5685120">
    <ele>73.5</ele>
    <time>2020-06-20T11:37:30Z</time>
   </trkpt>
   <trkpt lat="51.0695160" lon="-0.5685940">
    <ele>73.5</ele>
    <time>2020-06-20T11:37:31Z</time>
   </trkpt>
   <trkpt lat="51.0694980" lon="-0.5686660">
    <ele>73.6</ele>
    <time>2020-06-20T11:37:32Z</time>
   </trkpt>
   <trkpt lat="51.0694870" lon="-0.5687390">
    <ele>73.6</ele>
    <time>2020-06-20T11:37:33Z</time>
   </trkpt>
   <trkpt lat="51.0694750" lon="-0.5688370">
    <ele>73.7</ele>
    <time>2020-06-20T11:37:34Z</time>
   </trkpt>
   <trkpt lat="51.0694660" lon="-0.5689320">
    <ele>73.8</ele>
    <time>2020-06-20T11:37:35Z</time>
   </trkpt>
   <trkpt lat="51.0694560" lon="-0.5690260">
    <ele>73.9</ele>
    <time>2020-06-20T11:37:36Z</time>
   </trkpt>
   <trkpt lat="51.0694450" lon="-0.5691160">
    <ele>74.0</ele>
    <time>2020-06-20T11:37:37Z</time>
   </trkpt>
   <trkpt lat="51.0694390" lon="-0.5691510">
    <ele>74.0</ele>
    <time>2020-06-20T11:37:38Z</time>
   </trkpt>
   <trkpt lat="51.0694410" lon="-0.5691650">
    <ele>74.0</ele>
    <time>2020-06-20T11:37:39Z</time>
   </trkpt>
   <trkpt lat="51.0694380" lon="-0.5692390">
    <ele>74.0</ele>
    <time>2020-06-20T11:37:40Z</time>
   </trkpt>
   <trkpt lat="51.0694320" lon="-0.5693160">
    <ele>74.1</ele>
    <time>2020-06-20T11:37:41Z</time>
   </trkpt>
   <trkpt lat="51.0694190" lon="-0.5693890">
    <ele>74.1</ele>
    <time>2020-06-20T11:37:42Z</time>
   </trkpt>
   <trkpt lat="51.0694110" lon="-0.5694410">
    <ele>74.1</ele>
    <time>2020-06-20T11:37:43Z</time>
   </trkpt>
   <trkpt lat="51.0694030" lon="-0.5695170">
    <ele>74.1</ele>
    <time>2020-06-20T11:37:44Z</time>
   </trkpt>
   <trkpt lat="51.0693900" lon="-0.5696660">
    <ele>74.0</ele>
    <time>2020-06-20T11:37:46Z</time>
   </trkpt>
   <trkpt lat="51.0693840" lon="-0.5697350">
    <ele>73.9</ele>
    <time>2020-06-20T11:37:47Z</time>
   </trkpt>
   <trkpt lat="51.0693850" lon="-0.5697790">
    <ele>73.9</ele>
    <time>2020-06-20T11:37:48Z</time>
   </trkpt>
   <trkpt lat="51.0693820" lon="-0.5697940">
    <ele>73.9</ele>
    <time>2020-06-20T11:37:49Z</time>
   </trkpt>
   <trkpt lat="51.0693490" lon="-0.5700670">
    <ele>73.6</ele>
    <time>2020-06-20T11:37:51Z</time>
   </trkpt>
   <trkpt lat="51.0693300" lon="-0.5701580">
    <ele>73.6</ele>
    <time>2020-06-20T11:37:52Z</time>
   </trkpt>
   <trkpt lat="51.0693100" lon="-0.5702530">
    <ele>73.6</ele>
    <time>2020-06-20T11:37:53Z</time>
   </trkpt>
   <trkpt lat="51.0692920" lon="-0.5703370">
    <ele>73.6</ele>
    <time>2020-06-20T11:37:54Z</time>
   </trkpt>
   <trkpt lat="51.0692730" lon="-0.5704260">
    <ele>73.6</ele>
    <time>2020-06-20T11:37:55Z</time>
   </trkpt>
   <trkpt lat="51.0692560" lon="-0.5705070">
    <ele>73.5</ele>
    <time>2020-06-20T11:37:56Z</time>
   </trkpt>
   <trkpt lat="51.0692440" lon="-0.5706010">
    <ele>73.5</ele>
    <time>2020-06-20T11:37:57Z</time>
   </trkpt>
   <trkpt lat="51.0692390" lon="-0.5707060">
    <ele>73.5</ele>
    <time>2020-06-20T11:37:58Z</time>
   </trkpt>
   <trkpt lat="51.0692310" lon="-0.5708050">
    <ele>73.5</ele>
    <time>2020-06-20T11:37:59Z</time>
   </trkpt>
   <trkpt lat="51.0692250" lon="-0.5708950">
    <ele>73.5</ele>
    <time>2020-06-20T11:38:00Z</time>
   </trkpt>
   <trkpt lat="51.0692190" lon="-0.5709850">
    <ele>73.5</ele>
    <time>2020-06-20T11:38:01Z</time>
   </trkpt>
   <trkpt lat="51.0692120" lon="-0.5710740">
    <ele>73.5</ele>
    <time>2020-06-20T11:38:02Z</time>
   </trkpt>
   <trkpt lat="51.0692150" lon="-0.5711600">
    <ele>73.6</ele>
    <time>2020-06-20T11:38:03Z</time>
   </trkpt>
   <trkpt lat="51.0692150" lon="-0.5712500">
    <ele>73.6</ele>
    <time>2020-06-20T11:38:04Z</time>
   </trkpt>
   <trkpt lat="51.0692170" lon="-0.5713450">
    <ele>73.5</ele>
    <time>2020-06-20T11:38:05Z</time>
   </trkpt>
   <trkpt lat="51.0692260" lon="-0.5714400">
    <ele>73.5</ele>
    <time>2020-06-20T11:38:06Z</time>
   </trkpt>
   <trkpt lat="51.0692550" lon="-0.5715220">
    <ele>73.4</ele>
    <time>2020-06-20T11:38:07Z</time>
   </trkpt>
   <trkpt lat="51.0693000" lon="-0.5715930">
    <ele>73.3</ele>
    <time>2020-06-20T11:38:08Z</time>
   </trkpt>
   <trkpt lat="51.0693460" lon="-0.5716520">
    <ele>73.3</ele>
    <time>2020-06-20T11:38:09Z</time>
   </trkpt>
   <trkpt lat="51.0694000" lon="-0.5716960">
    <ele>73.2</ele>
    <time>2020-06-20T11:38:10Z</time>
   </trkpt>
   <trkpt lat="51.0694570" lon="-0.5717410">
    <ele>73.2</ele>
    <time>2020-06-20T11:38:11Z</time>
   </trkpt>
   <trkpt lat="51.0695130" lon="-0.5717830">
    <ele>73.1</ele>
    <time>2020-06-20T11:38:12Z</time>
   </trkpt>
   <trkpt lat="51.0695720" lon="-0.5718310">
    <ele>73.0</ele>
    <time>2020-06-20T11:38:13Z</time>
   </trkpt>
   <trkpt lat="51.0696310" lon="-0.5718820">
    <ele>72.9</ele>
    <time>2020-06-20T11:38:14Z</time>
   </trkpt>
   <trkpt lat="51.0696890" lon="-0.5719350">
    <ele>72.8</ele>
    <time>2020-06-20T11:38:15Z</time>
   </trkpt>
   <trkpt lat="51.0697480" lon="-0.5719960">
    <ele>72.8</ele>
    <time>2020-06-20T11:38:16Z</time>
   </trkpt>
   <trkpt lat="51.0698000" lon="-0.5720640">
    <ele>72.7</ele>
    <time>2020-06-20T11:38:17Z</time>
   </trkpt>
   <trkpt lat="51.0698390" lon="-0.5721410">
    <ele>72.7</ele>
    <time>2020-06-20T11:38:18Z</time>
   </trkpt>
   <trkpt lat="51.0698750" lon="-0.5722220">
    <ele>72.6</ele>
    <time>2020-06-20T11:38:19Z</time>
   </trkpt>
   <trkpt lat="51.0699000" lon="-0.5723120">
    <ele>72.6</ele>
    <time>2020-06-20T11:38:20Z</time>
   </trkpt>
   <trkpt lat="51.0699130" lon="-0.5724120">
    <ele>72.5</ele>
    <time>2020-06-20T11:38:21Z</time>
   </trkpt>
   <trkpt lat="51.0699220" lon="-0.5725160">
    <ele>72.5</ele>
    <time>2020-06-20T11:38:22Z</time>
   </trkpt>
   <trkpt lat="51.0699360" lon="-0.5726090">
    <ele>72.4</ele>
    <time>2020-06-20T11:38:23Z</time>
   </trkpt>
   <trkpt lat="51.0699580" lon="-0.5726910">
    <ele>72.4</ele>
    <time>2020-06-20T11:38:24Z</time>
   </trkpt>
   <trkpt lat="51.0699850" lon="-0.5727720">
    <ele>72.3</ele>
    <time>2020-06-20T11:38:25Z</time>
   </trkpt>
   <trkpt lat="51.0700100" lon="-0.5728540">
    <ele>72.3</ele>
    <time>2020-06-20T11:38:26Z</time>
   </trkpt>
   <trkpt lat="51.0700390" lon="-0.5729370">
    <ele>72.2</ele>
    <time>2020-06-20T11:38:27Z</time>
   </trkpt>
   <trkpt lat="51.0700780" lon="-0.5730250">
    <ele>72.2</ele>
    <time>2020-06-20T11:38:28Z</time>
   </trkpt>
   <trkpt lat="51.0701210" lon="-0.5731150">
    <ele>72.2</ele>
    <time>2020-06-20T11:38:29Z</time>
   </trkpt>
   <trkpt lat="51.0701580" lon="-0.5732020">
    <ele>72.1</ele>
    <time>2020-06-20T11:38:30Z</time>
   </trkpt>
   <trkpt lat="51.0702000" lon="-0.5732870">
    <ele>72.1</ele>
    <time>2020-06-20T11:38:31Z</time>
   </trkpt>
   <trkpt lat="51.0702440" lon="-0.5733700">
    <ele>72.0</ele>
    <time>2020-06-20T11:38:32Z</time>
   </trkpt>
   <trkpt lat="51.0702900" lon="-0.5734460">
    <ele>71.9</ele>
    <time>2020-06-20T11:38:33Z</time>
   </trkpt>
   <trkpt lat="51.0703400" lon="-0.5735210">
    <ele>71.8</ele>
    <time>2020-06-20T11:38:34Z</time>
   </trkpt>
   <trkpt lat="51.0703870" lon="-0.5735950">
    <ele>71.7</ele>
    <time>2020-06-20T11:38:35Z</time>
   </trkpt>
   <trkpt lat="51.0704290" lon="-0.5736760">
    <ele>71.6</ele>
    <time>2020-06-20T11:38:36Z</time>
   </trkpt>
   <trkpt lat="51.0704720" lon="-0.5737550">
    <ele>71.4</ele>
    <time>2020-06-20T11:38:37Z</time>
   </trkpt>
   <trkpt lat="51.0705170" lon="-0.5738350">
    <ele>71.3</ele>
    <time>2020-06-20T11:38:38Z</time>
   </trkpt>
   <trkpt lat="51.0705630" lon="-0.5739180">
    <ele>71.1</ele>
    <time>2020-06-20T11:38:39Z</time>
   </trkpt>
   <trkpt lat="51.0706130" lon="-0.5739880">
    <ele>71.0</ele>
    <time>2020-06-20T11:38:40Z</time>
   </trkpt>
   <trkpt lat="51.0706620" lon="-0.5740520">
    <ele>70.8</ele>
    <time>2020-06-20T11:38:41Z</time>
   </trkpt>
   <trkpt lat="51.0707010" lon="-0.5741320">
    <ele>70.6</ele>
    <time>2020-06-20T11:38:42Z</time>
   </trkpt>
   <trkpt lat="51.0707460" lon="-0.5742180">
    <ele>70.4</ele>
    <time>2020-06-20T11:38:43Z</time>
   </trkpt>
   <trkpt lat="51.0708000" lon="-0.5742950">
    <ele>70.2</ele>
    <time>2020-06-20T11:38:44Z</time>
   </trkpt>
   <trkpt lat="51.0708550" lon="-0.5743670">
    <ele>70.0</ele>
    <time>2020-06-20T11:38:45Z</time>
   </trkpt>
   <trkpt lat="51.0709110" lon="-0.5744360">
    <ele>69.8</ele>
    <time>2020-06-20T11:38:46Z</time>
   </trkpt>
   <trkpt lat="51.0709700" lon="-0.5745060">
    <ele>69.5</ele>
    <time>2020-06-20T11:38:47Z</time>
   </trkpt>
   <trkpt lat="51.0710340" lon="-0.5745690">
    <ele>69.3</ele>
    <time>2020-06-20T11:38:48Z</time>
   </trkpt>
   <trkpt lat="51.0711030" lon="-0.5746210">
    <ele>69.0</ele>
    <time>2020-06-20T11:38:49Z</time>
   </trkpt>
   <trkpt lat="51.0711740" lon="-0.5746630">
    <ele>68.7</ele>
    <time>2020-06-20T11:38:50Z</time>
   </trkpt>
   <trkpt lat="51.0712490" lon="-0.5746940">
    <ele>68.4</ele>
    <time>2020-06-20T11:38:51Z</time>
   </trkpt>
   <trkpt lat="51.0713240" lon="-0.5747180">
    <ele>68.1</ele>
    <time>2020-06-20T11:38:52Z</time>
   </trkpt>
   <trkpt lat="51.0713990" lon="-0.5747300">
    <ele>67.9</ele>
    <time>2020-06-20T11:38:53Z</time>
   </trkpt>
   <trkpt lat="51.0714780" lon="-0.5747350">
    <ele>67.6</ele>
    <time>2020-06-20T11:38:54Z</time>
   </trkpt>
   <trkpt lat="51.0715560" lon="-0.5747490">
    <ele>67.3</ele>
    <time>2020-06-20T11:38:55Z</time>
   </trkpt>
   <trkpt lat="51.0716340" lon="-0.5747660">
    <ele>67.0</ele>
    <time>2020-06-20T11:38:56Z</time>
   </trkpt>
   <trkpt lat="51.0717140" lon="-0.5747740">
    <ele>66.9</ele>
    <time>2020-06-20T11:38:57Z</time>
   </trkpt>
   <trkpt lat="51.0717940" lon="-0.5747760">
    <ele>66.7</ele>
    <time>2020-06-20T11:38:58Z</time>
   </trkpt>
   <trkpt lat="51.0718730" lon="-0.5747780">
    <ele>66.6</ele>
    <time>2020-06-20T11:38:59Z</time>
   </trkpt>
   <trkpt lat="51.0719530" lon="-0.5748050">
    <ele>66.5</ele>
    <time>2020-06-20T11:39:00Z</time>
   </trkpt>
   <trkpt lat="51.0720260" lon="-0.5748540">
    <ele>66.5</ele>
    <time>2020-06-20T11:39:01Z</time>
   </trkpt>
   <trkpt lat="51.0720950" lon="-0.5749220">
    <ele>66.4</ele>
    <time>2020-06-20T11:39:02Z</time>
   </trkpt>
   <trkpt lat="51.0721500" lon="-0.5750250">
    <ele>66.2</ele>
    <time>2020-06-20T11:39:03Z</time>
   </trkpt>
   <trkpt lat="51.0721800" lon="-0.5751500">
    <ele>65.9</ele>
    <time>2020-06-20T11:39:04Z</time>
   </trkpt>
   <trkpt lat="51.0721940" lon="-0.5752720">
    <ele>65.7</ele>
    <time>2020-06-20T11:39:05Z</time>
   </trkpt>
   <trkpt lat="51.0721870" lon="-0.5753910">
    <ele>65.6</ele>
    <time>2020-06-20T11:39:06Z</time>
   </trkpt>
   <trkpt lat="51.0721810" lon="-0.5755120">
    <ele>65.5</ele>
    <time>2020-06-20T11:39:07Z</time>
   </trkpt>
   <trkpt lat="51.0721840" lon="-0.5756370">
    <ele>65.4</ele>
    <time>2020-06-20T11:39:08Z</time>
   </trkpt>
   <trkpt lat="51.0721990" lon="-0.5757600">
    <ele>65.5</ele>
    <time>2020-06-20T11:39:09Z</time>
   </trkpt>
   <trkpt lat="51.0722100" lon="-0.5758830">
    <ele>65.5</ele>
    <time>2020-06-20T11:39:10Z</time>
   </trkpt>
   <trkpt lat="51.0722260" lon="-0.5760100">
    <ele>65.6</ele>
    <time>2020-06-20T11:39:11Z</time>
   </trkpt>
   <trkpt lat="51.0722470" lon="-0.5761320">
    <ele>65.7</ele>
    <time>2020-06-20T11:39:12Z</time>
   </trkpt>
   <trkpt lat="51.0722730" lon="-0.5762510">
    <ele>65.8</ele>
    <time>2020-06-20T11:39:13Z</time>
   </trkpt>
   <trkpt lat="51.0723080" lon="-0.5763510">
    <ele>66.0</ele>
    <time>2020-06-20T11:39:14Z</time>
   </trkpt>
   <trkpt lat="51.0723440" lon="-0.5764520">
    <ele>66.1</ele>
    <time>2020-06-20T11:39:15Z</time>
   </trkpt>
   <trkpt lat="51.0723770" lon="-0.5765500">
    <ele>66.2</ele>
    <time>2020-06-20T11:39:16Z</time>
   </trkpt>
   <trkpt lat="51.0724070" lon="-0.5766420">
    <ele>66.3</ele>
    <time>2020-06-20T11:39:17Z</time>
   </trkpt>
   <trkpt lat="51.0724370" lon="-0.5767330">
    <ele>66.4</ele>
    <time>2020-06-20T11:39:18Z</time>
   </trkpt>
   <trkpt lat="51.0724680" lon="-0.5768200">
    <ele>66.4</ele>
    <time>2020-06-20T11:39:19Z</time>
   </trkpt>
   <trkpt lat="51.0725010" lon="-0.5769010">
    <ele>66.4</ele>
    <time>2020-06-20T11:39:20Z</time>
   </trkpt>
   <trkpt lat="51.0725290" lon="-0.5769880">
    <ele>66.5</ele>
    <time>2020-06-20T11:39:21Z</time>
   </trkpt>
   <trkpt lat="51.0725530" lon="-0.5770780">
    <ele>66.5</ele>
    <time>2020-06-20T11:39:22Z</time>
   </trkpt>
   <trkpt lat="51.0725770" lon="-0.5771740">
    <ele>66.5</ele>
    <time>2020-06-20T11:39:23Z</time>
   </trkpt>
   <trkpt lat="51.0725980" lon="-0.5772730">
    <ele>66.6</ele>
    <time>2020-06-20T11:39:24Z</time>
   </trkpt>
   <trkpt lat="51.0726170" lon="-0.5773770">
    <ele>66.6</ele>
    <time>2020-06-20T11:39:25Z</time>
   </trkpt>
   <trkpt lat="51.0726380" lon="-0.5774810">
    <ele>66.6</ele>
    <time>2020-06-20T11:39:26Z</time>
   </trkpt>
   <trkpt lat="51.0726630" lon="-0.5775840">
    <ele>66.5</ele>
    <time>2020-06-20T11:39:27Z</time>
   </trkpt>
   <trkpt lat="51.0726900" lon="-0.5776850">
    <ele>66.5</ele>
    <time>2020-06-20T11:39:28Z</time>
   </trkpt>
   <trkpt lat="51.0727150" lon="-0.5777790">
    <ele>66.5</ele>
    <time>2020-06-20T11:39:29Z</time>
   </trkpt>
   <trkpt lat="51.0727470" lon="-0.5778730">
    <ele>66.6</ele>
    <time>2020-06-20T11:39:30Z</time>
   </trkpt>
   <trkpt lat="51.0727870" lon="-0.5779620">
    <ele>66.5</ele>
    <time>2020-06-20T11:39:31Z</time>
   </trkpt>
   <trkpt lat="51.0728220" lon="-0.5780510">
    <ele>66.3</ele>
    <time>2020-06-20T11:39:32Z</time>
   </trkpt>
   <trkpt lat="51.0728630" lon="-0.5781520">
    <ele>66.1</ele>
    <time>2020-06-20T11:39:33Z</time>
   </trkpt>
   <trkpt lat="51.0729040" lon="-0.5782660">
    <ele>65.8</ele>
    <time>2020-06-20T11:39:34Z</time>
   </trkpt>
   <trkpt lat="51.0729390" lon="-0.5783910">
    <ele>65.5</ele>
    <time>2020-06-20T11:39:35Z</time>
   </trkpt>
   <trkpt lat="51.0729750" lon="-0.5785140">
    <ele>65.2</ele>
    <time>2020-06-20T11:39:36Z</time>
   </trkpt>
   <trkpt lat="51.0730120" lon="-0.5786360">
    <ele>64.9</ele>
    <time>2020-06-20T11:39:37Z</time>
   </trkpt>
   <trkpt lat="51.0730490" lon="-0.5787600">
    <ele>64.7</ele>
    <time>2020-06-20T11:39:38Z</time>
   </trkpt>
   <trkpt lat="51.0730810" lon="-0.5788920">
    <ele>64.4</ele>
    <time>2020-06-20T11:39:39Z</time>
   </trkpt>
   <trkpt lat="51.0731120" lon="-0.5790300">
    <ele>64.2</ele>
    <time>2020-06-20T11:39:40Z</time>
   </trkpt>
   <trkpt lat="51.0731410" lon="-0.5791560">
    <ele>63.8</ele>
    <time>2020-06-20T11:39:41Z</time>
   </trkpt>
   <trkpt lat="51.0731670" lon="-0.5792830">
    <ele>63.6</ele>
    <time>2020-06-20T11:39:42Z</time>
   </trkpt>
   <trkpt lat="51.0731970" lon="-0.5794150">
    <ele>63.4</ele>
    <time>2020-06-20T11:39:43Z</time>
   </trkpt>
   <trkpt lat="51.0732260" lon="-0.5795380">
    <ele>63.2</ele>
    <time>2020-06-20T11:39:44Z</time>
   </trkpt>
   <trkpt lat="51.0732470" lon="-0.5796750">
    <ele>63.0</ele>
    <time>2020-06-20T11:39:45Z</time>
   </trkpt>
   <trkpt lat="51.0732730" lon="-0.5798090">
    <ele>62.9</ele>
    <time>2020-06-20T11:39:46Z</time>
   </trkpt>
   <trkpt lat="51.0733080" lon="-0.5799310">
    <ele>62.7</ele>
    <time>2020-06-20T11:39:47Z</time>
   </trkpt>
   <trkpt lat="51.0733430" lon="-0.5800580">
    <ele>62.5</ele>
    <time>2020-06-20T11:39:48Z</time>
   </trkpt>
   <trkpt lat="51.0733740" lon="-0.5801850">
    <ele>62.3</ele>
    <time>2020-06-20T11:39:49Z</time>
   </trkpt>
   <trkpt lat="51.0733950" lon="-0.5803160">
    <ele>62.1</ele>
    <time>2020-06-20T11:39:50Z</time>
   </trkpt>
   <trkpt lat="51.0734080" lon="-0.5804480">
    <ele>61.8</ele>
    <time>2020-06-20T11:39:51Z</time>
   </trkpt>
   <trkpt lat="51.0734390" lon="-0.5805750">
    <ele>61.6</ele>
    <time>2020-06-20T11:39:52Z</time>
   </trkpt>
   <trkpt lat="51.0734570" lon="-0.5807110">
    <ele>61.3</ele>
    <time>2020-06-20T11:39:53Z</time>
   </trkpt>
   <trkpt lat="51.0734780" lon="-0.5808410">
    <ele>61.1</ele>
    <time>2020-06-20T11:39:54Z</time>
   </trkpt>
   <trkpt lat="51.0734970" lon="-0.5809740">
    <ele>60.9</ele>
    <time>2020-06-20T11:39:55Z</time>
   </trkpt>
   <trkpt lat="51.0735200" lon="-0.5811000">
    <ele>60.8</ele>
    <time>2020-06-20T11:39:56Z</time>
   </trkpt>
   <trkpt lat="51.0735410" lon="-0.5812230">
    <ele>60.6</ele>
    <time>2020-06-20T11:39:57Z</time>
   </trkpt>
   <trkpt lat="51.0735630" lon="-0.5813480">
    <ele>60.5</ele>
    <time>2020-06-20T11:39:58Z</time>
   </trkpt>
   <trkpt lat="51.0735820" lon="-0.5814740">
    <ele>60.5</ele>
    <time>2020-06-20T11:39:59Z</time>
   </trkpt>
   <trkpt lat="51.0735990" lon="-0.5816000">
    <ele>60.4</ele>
    <time>2020-06-20T11:40:00Z</time>
   </trkpt>
   <trkpt lat="51.0736150" lon="-0.5817310">
    <ele>60.2</ele>
    <time>2020-06-20T11:40:01Z</time>
   </trkpt>
   <trkpt lat="51.0736300" lon="-0.5818570">
    <ele>60.1</ele>
    <time>2020-06-20T11:40:02Z</time>
   </trkpt>
   <trkpt lat="51.0736460" lon="-0.5819780">
    <ele>60.0</ele>
    <time>2020-06-20T11:40:03Z</time>
   </trkpt>
   <trkpt lat="51.0736630" lon="-0.5820960">
    <ele>60.0</ele>
    <time>2020-06-20T11:40:04Z</time>
   </trkpt>
   <trkpt lat="51.0736890" lon="-0.5822130">
    <ele>59.9</ele>
    <time>2020-06-20T11:40:05Z</time>
   </trkpt>
   <trkpt lat="51.0737090" lon="-0.5823250">
    <ele>59.8</ele>
    <time>2020-06-20T11:40:06Z</time>
   </trkpt>
   <trkpt lat="51.0737260" lon="-0.5824370">
    <ele>59.7</ele>
    <time>2020-06-20T11:40:07Z</time>
   </trkpt>
   <trkpt lat="51.0737510" lon="-0.5825520">
    <ele>59.6</ele>
    <time>2020-06-20T11:40:08Z</time>
   </trkpt>
   <trkpt lat="51.0737700" lon="-0.5826710">
    <ele>59.5</ele>
    <time>2020-06-20T11:40:09Z</time>
   </trkpt>
   <trkpt lat="51.0737880" lon="-0.5827980">
    <ele>59.4</ele>
    <time>2020-06-20T11:40:10Z</time>
   </trkpt>
   <trkpt lat="51.0738050" lon="-0.5829190">
    <ele>59.3</ele>
    <time>2020-06-20T11:40:11Z</time>
   </trkpt>
   <trkpt lat="51.0738280" lon="-0.5830350">
    <ele>59.2</ele>
    <time>2020-06-20T11:40:12Z</time>
   </trkpt>
   <trkpt lat="51.0738500" lon="-0.5831470">
    <ele>59.1</ele>
    <time>2020-06-20T11:40:13Z</time>
   </trkpt>
   <trkpt lat="51.0738770" lon="-0.5832550">
    <ele>59.1</ele>
    <time>2020-06-20T11:40:14Z</time>
   </trkpt>
   <trkpt lat="51.0738970" lon="-0.5833580">
    <ele>59.1</ele>
    <time>2020-06-20T11:40:15Z</time>
   </trkpt>
   <trkpt lat="51.0739160" lon="-0.5834710">
    <ele>59.0</ele>
    <time>2020-06-20T11:40:16Z</time>
   </trkpt>
   <trkpt lat="51.0739350" lon="-0.5835760">
    <ele>59.0</ele>
    <time>2020-06-20T11:40:17Z</time>
   </trkpt>
   <trkpt lat="51.0739430" lon="-0.5836660">
    <ele>58.8</ele>
    <time>2020-06-20T11:40:18Z</time>
   </trkpt>
   <trkpt lat="51.0739520" lon="-0.5837600">
    <ele>58.7</ele>
    <time>2020-06-20T11:40:19Z</time>
   </trkpt>
   <trkpt lat="51.0739700" lon="-0.5838650">
    <ele>58.5</ele>
    <time>2020-06-20T11:40:20Z</time>
   </trkpt>
   <trkpt lat="51.0739870" lon="-0.5839700">
    <ele>58.3</ele>
    <time>2020-06-20T11:40:21Z</time>
   </trkpt>
   <trkpt lat="51.0739980" lon="-0.5840960">
    <ele>58.0</ele>
    <time>2020-06-20T11:40:22Z</time>
   </trkpt>
   <trkpt lat="51.0740020" lon="-0.5842200">
    <ele>57.8</ele>
    <time>2020-06-20T11:40:23Z</time>
   </trkpt>
   <trkpt lat="51.0740190" lon="-0.5843530">
    <ele>57.5</ele>
    <time>2020-06-20T11:40:24Z</time>
   </trkpt>
   <trkpt lat="51.0740280" lon="-0.5844820">
    <ele>57.2</ele>
    <time>2020-06-20T11:40:25Z</time>
   </trkpt>
   <trkpt lat="51.0740430" lon="-0.5845990">
    <ele>57.0</ele>
    <time>2020-06-20T11:40:26Z</time>
   </trkpt>
   <trkpt lat="51.0740490" lon="-0.5847360">
    <ele>56.7</ele>
    <time>2020-06-20T11:40:27Z</time>
   </trkpt>
   <trkpt lat="51.0740580" lon="-0.5848670">
    <ele>56.4</ele>
    <time>2020-06-20T11:40:28Z</time>
   </trkpt>
   <trkpt lat="51.0740780" lon="-0.5849870">
    <ele>56.2</ele>
    <time>2020-06-20T11:40:29Z</time>
   </trkpt>
   <trkpt lat="51.0740920" lon="-0.5851230">
    <ele>55.9</ele>
    <time>2020-06-20T11:40:30Z</time>
   </trkpt>
   <trkpt lat="51.0741010" lon="-0.5852580">
    <ele>55.7</ele>
    <time>2020-06-20T11:40:31Z</time>
   </trkpt>
   <trkpt lat="51.0741170" lon="-0.5853880">
    <ele>55.4</ele>
    <time>2020-06-20T11:40:32Z</time>
   </trkpt>
   <trkpt lat="51.0741300" lon="-0.5855180">
    <ele>55.1</ele>
    <time>2020-06-20T11:40:33Z</time>
   </trkpt>
   <trkpt lat="51.0741480" lon="-0.5856380">
    <ele>54.8</ele>
    <time>2020-06-20T11:40:34Z</time>
   </trkpt>
   <trkpt lat="51.0741560" lon="-0.5857490">
    <ele>54.6</ele>
    <time>2020-06-20T11:40:35Z</time>
   </trkpt>
   <trkpt lat="51.0741700" lon="-0.5858630">
    <ele>54.3</ele>
    <time>2020-06-20T11:40:36Z</time>
   </trkpt>
   <trkpt lat="51.0741880" lon="-0.5859830">
    <ele>54.1</ele>
    <time>2020-06-20T11:40:37Z</time>
   </trkpt>
   <trkpt lat="51.0742020" lon="-0.5861020">
    <ele>53.8</ele>
    <time>2020-06-20T11:40:38Z</time>
   </trkpt>
   <trkpt lat="51.0742160" lon="-0.5862410">
    <ele>53.5</ele>
    <time>2020-06-20T11:40:39Z</time>
   </trkpt>
   <trkpt lat="51.0742260" lon="-0.5863910">
    <ele>53.2</ele>
    <time>2020-06-20T11:40:40Z</time>
   </trkpt>
   <trkpt lat="51.0742390" lon="-0.5865420">
    <ele>52.8</ele>
    <time>2020-06-20T11:40:41Z</time>
   </trkpt>
   <trkpt lat="51.0742590" lon="-0.5867020">
    <ele>52.4</ele>
    <time>2020-06-20T11:40:42Z</time>
   </trkpt>
   <trkpt lat="51.0742740" lon="-0.5868540">
    <ele>52.0</ele>
    <time>2020-06-20T11:40:43Z</time>
   </trkpt>
   <trkpt lat="51.0742810" lon="-0.5870070">
    <ele>51.5</ele>
    <time>2020-06-20T11:40:44Z</time>
   </trkpt>
   <trkpt lat="51.0742790" lon="-0.5871630">
    <ele>51.1</ele>
    <time>2020-06-20T11:40:45Z</time>
   </trkpt>
   <trkpt lat="51.0742760" lon="-0.5873100">
    <ele>50.7</ele>
    <time>2020-06-20T11:40:46Z</time>
   </trkpt>
   <trkpt lat="51.0742970" lon="-0.5876200">
    <ele>49.9</ele>
    <time>2020-06-20T11:40:48Z</time>
   </trkpt>
   <trkpt lat="51.0742990" lon="-0.5877600">
    <ele>49.6</ele>
    <time>2020-06-20T11:40:49Z</time>
   </trkpt>
   <trkpt lat="51.0743140" lon="-0.5878960">
    <ele>49.4</ele>
    <time>2020-06-20T11:40:50Z</time>
   </trkpt>
   <trkpt lat="51.0743190" lon="-0.5880370">
    <ele>49.1</ele>
    <time>2020-06-20T11:40:51Z</time>
   </trkpt>
   <trkpt lat="51.0743220" lon="-0.5881770">
    <ele>48.9</ele>
    <time>2020-06-20T11:40:52Z</time>
   </trkpt>
   <trkpt lat="51.0743260" lon="-0.5883140">
    <ele>48.7</ele>
    <time>2020-06-20T11:40:53Z</time>
   </trkpt>
   <trkpt lat="51.0743280" lon="-0.5884560">
    <ele>48.5</ele>
    <time>2020-06-20T11:40:54Z</time>
   </trkpt>
   <trkpt lat="51.0743350" lon="-0.5885900">
    <ele>48.3</ele>
    <time>2020-06-20T11:40:55Z</time>
   </trkpt>
   <trkpt lat="51.0743380" lon="-0.5887220">
    <ele>48.1</ele>
    <time>2020-06-20T11:40:56Z</time>
   </trkpt>
   <trkpt lat="51.0743460" lon="-0.5888470">
    <ele>47.9</ele>
    <time>2020-06-20T11:40:57Z</time>
   </trkpt>
   <trkpt lat="51.0743500" lon="-0.5889760">
    <ele>47.6</ele>
    <time>2020-06-20T11:40:58Z</time>
   </trkpt>
   <trkpt lat="51.0743570" lon="-0.5891020">
    <ele>47.3</ele>
    <time>2020-06-20T11:40:59Z</time>
   </trkpt>
   <trkpt lat="51.0743760" lon="-0.5892160">
    <ele>46.9</ele>
    <time>2020-06-20T11:41:00Z</time>
   </trkpt>
   <trkpt lat="51.0743990" lon="-0.5893330">
    <ele>46.6</ele>
    <time>2020-06-20T11:41:01Z</time>
   </trkpt>
   <trkpt lat="51.0744410" lon="-0.5894520">
    <ele>46.3</ele>
    <time>2020-06-20T11:41:02Z</time>
   </trkpt>
   <trkpt lat="51.0744940" lon="-0.5895570">
    <ele>46.0</ele>
    <time>2020-06-20T11:41:03Z</time>
   </trkpt>
   <trkpt lat="51.0745520" lon="-0.5896590">
    <ele>45.7</ele>
    <time>2020-06-20T11:41:04Z</time>
   </trkpt>
   <trkpt lat="51.0746160" lon="-0.5897640">
    <ele>45.2</ele>
    <time>2020-06-20T11:41:05Z</time>
   </trkpt>
   <trkpt lat="51.0746810" lon="-0.5898710">
    <ele>44.7</ele>
    <time>2020-06-20T11:41:06Z</time>
   </trkpt>
   <trkpt lat="51.0747560" lon="-0.5899700">
    <ele>44.1</ele>
    <time>2020-06-20T11:41:07Z</time>
   </trkpt>
   <trkpt lat="51.0748290" lon="-0.5900830">
    <ele>43.5</ele>
    <time>2020-06-20T11:41:08Z</time>
   </trkpt>
   <trkpt lat="51.0749070" lon="-0.5901990">
    <ele>42.9</ele>
    <time>2020-06-20T11:41:09Z</time>
   </trkpt>
   <trkpt lat="51.0749830" lon="-0.5903250">
    <ele>42.6</ele>
    <time>2020-06-20T11:41:10Z</time>
   </trkpt>
   <trkpt lat="51.0750580" lon="-0.5904690">
    <ele>42.5</ele>
    <time>2020-06-20T11:41:11Z</time>
   </trkpt>
   <trkpt lat="51.0751240" lon="-0.5906310">
    <ele>42.7</ele>
    <time>2020-06-20T11:41:12Z</time>
   </trkpt>
   <trkpt lat="51.0751840" lon="-0.5907950">
    <ele>43.1</ele>
    <time>2020-06-20T11:41:13Z</time>
   </trkpt>
   <trkpt lat="51.0752400" lon="-0.5909580">
    <ele>43.7</ele>
    <time>2020-06-20T11:41:14Z</time>
   </trkpt>
   <trkpt lat="51.0752860" lon="-0.5911070">
    <ele>44.3</ele>
    <time>2020-06-20T11:41:15Z</time>
   </trkpt>
   <trkpt lat="51.0753250" lon="-0.5912390">
    <ele>44.9</ele>
    <time>2020-06-20T11:41:16Z</time>
   </trkpt>
   <trkpt lat="51.0753630" lon="-0.5913630">
    <ele>45.4</ele>
    <time>2020-06-20T11:41:17Z</time>
   </trkpt>
   <trkpt lat="51.0753940" lon="-0.5914810">
    <ele>45.8</ele>
    <time>2020-06-20T11:41:18Z</time>
   </trkpt>
   <trkpt lat="51.0754310" lon="-0.5915930">
    <ele>46.1</ele>
    <time>2020-06-20T11:41:19Z</time>
   </trkpt>
   <trkpt lat="51.0754650" lon="-0.5916990">
    <ele>46.4</ele>
    <time>2020-06-20T11:41:20Z</time>
   </trkpt>
   <trkpt lat="51.0754960" lon="-0.5918030">
    <ele>46.7</ele>
    <time>2020-06-20T11:41:21Z</time>
   </trkpt>
   <trkpt lat="51.0755310" lon="-0.5919010">
    <ele>46.9</ele>
    <time>2020-06-20T11:41:22Z</time>
   </trkpt>
   <trkpt lat="51.0755570" lon="-0.5920010">
    <ele>47.2</ele>
    <time>2020-06-20T11:41:23Z</time>
   </trkpt>
   <trkpt lat="51.0755740" lon="-0.5921030">
    <ele>47.4</ele>
    <time>2020-06-20T11:41:24Z</time>
   </trkpt>
   <trkpt lat="51.0755910" lon="-0.5922060">
    <ele>47.6</ele>
    <time>2020-06-20T11:41:25Z</time>
   </trkpt>
   <trkpt lat="51.0756070" lon="-0.5923070">
    <ele>47.8</ele>
    <time>2020-06-20T11:41:26Z</time>
   </trkpt>
   <trkpt lat="51.0756230" lon="-0.5924070">
    <ele>48.0</ele>
    <time>2020-06-20T11:41:27Z</time>
   </trkpt>
   <trkpt lat="51.0756320" lon="-0.5925080">
    <ele>48.1</ele>
    <time>2020-06-20T11:41:28Z</time>
   </trkpt>
   <trkpt lat="51.0756420" lon="-0.5926060">
    <ele>48.2</ele>
    <time>2020-06-20T11:41:29Z</time>
   </trkpt>
   <trkpt lat="51.0756500" lon="-0.5927100">
    <ele>48.3</ele>
    <time>2020-06-20T11:41:30Z</time>
   </trkpt>
   <trkpt lat="51.0756610" lon="-0.5928120">
    <ele>48.4</ele>
    <time>2020-06-20T11:41:31Z</time>
   </trkpt>
   <trkpt lat="51.0756760" lon="-0.5929090">
    <ele>48.5</ele>
    <time>2020-06-20T11:41:32Z</time>
   </trkpt>
   <trkpt lat="51.0756940" lon="-0.5930090">
    <ele>48.5</ele>
    <time>2020-06-20T11:41:33Z</time>
   </trkpt>
   <trkpt lat="51.0757120" lon="-0.5931100">
    <ele>48.6</ele>
    <time>2020-06-20T11:41:34Z</time>
   </trkpt>
   <trkpt lat="51.0757280" lon="-0.5932150">
    <ele>48.6</ele>
    <time>2020-06-20T11:41:35Z</time>
   </trkpt>
   <trkpt lat="51.0757440" lon="-0.5933220">
    <ele>48.7</ele>
    <time>2020-06-20T11:41:36Z</time>
   </trkpt>
   <trkpt lat="51.0757560" lon="-0.5934260">
    <ele>48.7</ele>
    <time>2020-06-20T11:41:37Z</time>
   </trkpt>
   <trkpt lat="51.0757720" lon="-0.5935240">
    <ele>48.8</ele>
    <time>2020-06-20T11:41:38Z</time>
   </trkpt>
   <trkpt lat="51.0757930" lon="-0.5936250">
    <ele>48.9</ele>
    <time>2020-06-20T11:41:39Z</time>
   </trkpt>
   <trkpt lat="51.0758100" lon="-0.5937310">
    <ele>48.9</ele>
    <time>2020-06-20T11:41:40Z</time>
   </trkpt>
   <trkpt lat="51.0758260" lon="-0.5938370">
    <ele>49.0</ele>
    <time>2020-06-20T11:41:41Z</time>
   </trkpt>
   <trkpt lat="51.0758460" lon="-0.5939430">
    <ele>49.1</ele>
    <time>2020-06-20T11:41:42Z</time>
   </trkpt>
   <trkpt lat="51.0758640" lon="-0.5940480">
    <ele>49.2</ele>
    <time>2020-06-20T11:41:43Z</time>
   </trkpt>
   <trkpt lat="51.0758800" lon="-0.5941510">
    <ele>49.3</ele>
    <time>2020-06-20T11:41:44Z</time>
   </trkpt>
   <trkpt lat="51.0758960" lon="-0.5942490">
    <ele>49.4</ele>
    <time>2020-06-20T11:41:45Z</time>
   </trkpt>
   <trkpt lat="51.0759130" lon="-0.5943500">
    <ele>49.5</ele>
    <time>2020-06-20T11:41:46Z</time>
   </trkpt>
   <trkpt lat="51.0759300" lon="-0.5944470">
    <ele>49.5</ele>
    <time>2020-06-20T11:41:47Z</time>
   </trkpt>
   <trkpt lat="51.0759460" lon="-0.5945450">
    <ele>49.6</ele>
    <time>2020-06-20T11:41:48Z</time>
   </trkpt>
   <trkpt lat="51.0759640" lon="-0.5946370">
    <ele>49.7</ele>
    <time>2020-06-20T11:41:49Z</time>
   </trkpt>
   <trkpt lat="51.0759830" lon="-0.5947260">
    <ele>49.7</ele>
    <time>2020-06-20T11:41:50Z</time>
   </trkpt>
   <trkpt lat="51.0760020" lon="-0.5948160">
    <ele>49.8</ele>
    <time>2020-06-20T11:41:51Z</time>
   </trkpt>
   <trkpt lat="51.0760180" lon="-0.5949050">
    <ele>49.8</ele>
    <time>2020-06-20T11:41:52Z</time>
   </trkpt>
   <trkpt lat="51.0760330" lon="-0.5949900">
    <ele>49.9</ele>
    <time>2020-06-20T11:41:53Z</time>
   </trkpt>
   <trkpt lat="51.0760510" lon="-0.5950690">
    <ele>50.0</ele>
    <time>2020-06-20T11:41:54Z</time>
   </trkpt>
   <trkpt lat="51.0760690" lon="-0.5951500">
    <ele>50.0</ele>
    <time>2020-06-20T11:41:55Z</time>
   </trkpt>
   <trkpt lat="51.0760850" lon="-0.5952330">
    <ele>50.0</ele>
    <time>2020-06-20T11:41:56Z</time>
   </trkpt>
   <trkpt lat="51.0761010" lon="-0.5953170">
    <ele>50.0</ele>
    <time>2020-06-20T11:41:57Z</time>
   </trkpt>
   <trkpt lat="51.0761180" lon="-0.5953990">
    <ele>50.0</ele>
    <time>2020-06-20T11:41:58Z</time>
   </trkpt>
   <trkpt lat="51.0761310" lon="-0.5954850">
    <ele>50.1</ele>
    <time>2020-06-20T11:41:59Z</time>
   </trkpt>
   <trkpt lat="51.0761440" lon="-0.5955810">
    <ele>50.1</ele>
    <time>2020-06-20T11:42:00Z</time>
   </trkpt>
   <trkpt lat="51.0761540" lon="-0.5956910">
    <ele>50.1</ele>
    <time>2020-06-20T11:42:01Z</time>
   </trkpt>
   <trkpt lat="51.0761620" lon="-0.5957980">
    <ele>50.2</ele>
    <time>2020-06-20T11:42:02Z</time>
   </trkpt>
   <trkpt lat="51.0761730" lon="-0.5959020">
    <ele>50.2</ele>
    <time>2020-06-20T11:42:03Z</time>
   </trkpt>
   <trkpt lat="51.0761880" lon="-0.5960010">
    <ele>50.0</ele>
    <time>2020-06-20T11:42:04Z</time>
   </trkpt>
   <trkpt lat="51.0762050" lon="-0.5960960">
    <ele>49.9</ele>
    <time>2020-06-20T11:42:05Z</time>
   </trkpt>
   <trkpt lat="51.0762180" lon="-0.5962100">
    <ele>49.7</ele>
    <time>2020-06-20T11:42:06Z</time>
   </trkpt>
   <trkpt lat="51.0762300" lon="-0.5963270">
    <ele>49.6</ele>
    <time>2020-06-20T11:42:07Z</time>
   </trkpt>
   <trkpt lat="51.0762420" lon="-0.5964350">
    <ele>49.5</ele>
    <time>2020-06-20T11:42:08Z</time>
   </trkpt>
   <trkpt lat="51.0762560" lon="-0.5965440">
    <ele>49.4</ele>
    <time>2020-06-20T11:42:09Z</time>
   </trkpt>
   <trkpt lat="51.0762740" lon="-0.5966450">
    <ele>49.4</ele>
    <time>2020-06-20T11:42:10Z</time>
   </trkpt>
   <trkpt lat="51.0762890" lon="-0.5967530">
    <ele>49.3</ele>
    <time>2020-06-20T11:42:11Z</time>
   </trkpt>
   <trkpt lat="51.0763040" lon="-0.5968690">
    <ele>49.3</ele>
    <time>2020-06-20T11:42:12Z</time>
   </trkpt>
   <trkpt lat="51.0763160" lon="-0.5969790">
    <ele>49.2</ele>
    <time>2020-06-20T11:42:13Z</time>
   </trkpt>
   <trkpt lat="51.0763270" lon="-0.5970870">
    <ele>49.3</ele>
    <time>2020-06-20T11:42:14Z</time>
   </trkpt>
   <trkpt lat="51.0763370" lon="-0.5971970">
    <ele>49.3</ele>
    <time>2020-06-20T11:42:15Z</time>
   </trkpt>
   <trkpt lat="51.0763480" lon="-0.5973040">
    <ele>49.3</ele>
    <time>2020-06-20T11:42:16Z</time>
   </trkpt>
   <trkpt lat="51.0763550" lon="-0.5974080">
    <ele>49.4</ele>
    <time>2020-06-20T11:42:17Z</time>
   </trkpt>
   <trkpt lat="51.0763650" lon="-0.5975060">
    <ele>49.3</ele>
    <time>2020-06-20T11:42:18Z</time>
   </trkpt>
   <trkpt lat="51.0763780" lon="-0.5976070">
    <ele>49.3</ele>
    <time>2020-06-20T11:42:19Z</time>
   </trkpt>
   <trkpt lat="51.0763880" lon="-0.5977070">
    <ele>49.2</ele>
    <time>2020-06-20T11:42:20Z</time>
   </trkpt>
   <trkpt lat="51.0763990" lon="-0.5978150">
    <ele>49.2</ele>
    <time>2020-06-20T11:42:21Z</time>
   </trkpt>
   <trkpt lat="51.0764040" lon="-0.5979270">
    <ele>49.1</ele>
    <time>2020-06-20T11:42:22Z</time>
   </trkpt>
   <trkpt lat="51.0764090" lon="-0.5980230">
    <ele>49.1</ele>
    <time>2020-06-20T11:42:23Z</time>
   </trkpt>
   <trkpt lat="51.0764110" lon="-0.5981240">
    <ele>49.1</ele>
    <time>2020-06-20T11:42:24Z</time>
   </trkpt>
   <trkpt lat="51.0764140" lon="-0.5982220">
    <ele>49.1</ele>
    <time>2020-06-20T11:42:25Z</time>
   </trkpt>
   <trkpt lat="51.0764210" lon="-0.5983160">
    <ele>49.1</ele>
    <time>2020-06-20T11:42:26Z</time>
   </trkpt>
   <trkpt lat="51.0764280" lon="-0.5984130">
    <ele>49.1</ele>
    <time>2020-06-20T11:42:27Z</time>
   </trkpt>
   <trkpt lat="51.0764270" lon="-0.5985160">
    <ele>49.1</ele>
    <time>2020-06-20T11:42:28Z</time>
   </trkpt>
   <trkpt lat="51.0764290" lon="-0.5986220">
    <ele>49.1</ele>
    <time>2020-06-20T11:42:29Z</time>
   </trkpt>
   <trkpt lat="51.0764370" lon="-0.5987280">
    <ele>49.2</ele>
    <time>2020-06-20T11:42:30Z</time>
   </trkpt>
   <trkpt lat="51.0764440" lon="-0.5988280">
    <ele>49.2</ele>
    <time>2020-06-20T11:42:31Z</time>
   </trkpt>
   <trkpt lat="51.0764510" lon="-0.5989270">
    <ele>49.2</ele>
    <time>2020-06-20T11:42:32Z</time>
   </trkpt>
   <trkpt lat="51.0764530" lon="-0.5990310">
    <ele>49.3</ele>
    <time>2020-06-20T11:42:33Z</time>
   </trkpt>
   <trkpt lat="51.0764530" lon="-0.5991320">
    <ele>49.3</ele>
    <time>2020-06-20T11:42:34Z</time>
   </trkpt>
   <trkpt lat="51.0764610" lon="-0.5992310">
    <ele>49.4</ele>
    <time>2020-06-20T11:42:35Z</time>
   </trkpt>
   <trkpt lat="51.0764680" lon="-0.5993330">
    <ele>49.4</ele>
    <time>2020-06-20T11:42:36Z</time>
   </trkpt>
   <trkpt lat="51.0764720" lon="-0.5994390">
    <ele>49.3</ele>
    <time>2020-06-20T11:42:37Z</time>
   </trkpt>
   <trkpt lat="51.0764790" lon="-0.5995410">
    <ele>49.3</ele>
    <time>2020-06-20T11:42:38Z</time>
   </trkpt>
   <trkpt lat="51.0764910" lon="-0.5996390">
    <ele>49.3</ele>
    <time>2020-06-20T11:42:39Z</time>
   </trkpt>
   <trkpt lat="51.0765000" lon="-0.5997370">
    <ele>49.4</ele>
    <time>2020-06-20T11:42:40Z</time>
   </trkpt>
   <trkpt lat="51.0765070" lon="-0.5998360">
    <ele>49.5</ele>
    <time>2020-06-20T11:42:41Z</time>
   </trkpt>
   <trkpt lat="51.0765150" lon="-0.5999360">
    <ele>49.6</ele>
    <time>2020-06-20T11:42:42Z</time>
   </trkpt>
   <trkpt lat="51.0765200" lon="-0.6000370">
    <ele>49.7</ele>
    <time>2020-06-20T11:42:43Z</time>
   </trkpt>
   <trkpt lat="51.0765250" lon="-0.6001410">
    <ele>50.0</ele>
    <time>2020-06-20T11:42:44Z</time>
   </trkpt>
   <trkpt lat="51.0765280" lon="-0.6002410">
    <ele>50.2</ele>
    <time>2020-06-20T11:42:45Z</time>
   </trkpt>
   <trkpt lat="51.0765310" lon="-0.6003400">
    <ele>50.4</ele>
    <time>2020-06-20T11:42:46Z</time>
   </trkpt>
   <trkpt lat="51.0765310" lon="-0.6004370">
    <ele>50.7</ele>
    <time>2020-06-20T11:42:47Z</time>
   </trkpt>
   <trkpt lat="51.0765280" lon="-0.6005270">
    <ele>50.9</ele>
    <time>2020-06-20T11:42:48Z</time>
   </trkpt>
   <trkpt lat="51.0765230" lon="-0.6006310">
    <ele>51.3</ele>
    <time>2020-06-20T11:42:49Z</time>
   </trkpt>
   <trkpt lat="51.0765210" lon="-0.6007340">
    <ele>51.6</ele>
    <time>2020-06-20T11:42:50Z</time>
   </trkpt>
   <trkpt lat="51.0765230" lon="-0.6008110">
    <ele>51.8</ele>
    <time>2020-06-20T11:42:51Z</time>
   </trkpt>
   <trkpt lat="51.0765260" lon="-0.6008940">
    <ele>52.1</ele>
    <time>2020-06-20T11:42:52Z</time>
   </trkpt>
   <trkpt lat="51.0765230" lon="-0.6009740">
    <ele>52.3</ele>
    <time>2020-06-20T11:42:53Z</time>
   </trkpt>
   <trkpt lat="51.0765120" lon="-0.6010530">
    <ele>52.6</ele>
    <time>2020-06-20T11:42:54Z</time>
   </trkpt>
   <trkpt lat="51.0765100" lon="-0.6011380">
    <ele>52.8</ele>
    <time>2020-06-20T11:42:55Z</time>
   </trkpt>
   <trkpt lat="51.0765280" lon="-0.6012140">
    <ele>53.1</ele>
    <time>2020-06-20T11:42:56Z</time>
   </trkpt>
   <trkpt lat="51.0765300" lon="-0.6012910">
    <ele>53.3</ele>
    <time>2020-06-20T11:42:57Z</time>
   </trkpt>
   <trkpt lat="51.0765310" lon="-0.6013690">
    <ele>53.6</ele>
    <time>2020-06-20T11:42:58Z</time>
   </trkpt>
   <trkpt lat="51.0765360" lon="-0.6014540">
    <ele>53.8</ele>
    <time>2020-06-20T11:42:59Z</time>
   </trkpt>
   <trkpt lat="51.0765350" lon="-0.6015040">
    <ele>54.0</ele>
    <time>2020-06-20T11:43:00Z</time>
   </trkpt>
   <trkpt lat="51.0765340" lon="-0.6015740">
    <ele>54.2</ele>
    <time>2020-06-20T11:43:01Z</time>
   </trkpt>
   <trkpt lat="51.0765330" lon="-0.6016630">
    <ele>54.4</ele>
    <time>2020-06-20T11:43:02Z</time>
   </trkpt>
   <trkpt lat="51.0765260" lon="-0.6017540">
    <ele>54.6</ele>
    <time>2020-06-20T11:43:03Z</time>
   </trkpt>
   <trkpt lat="51.0765280" lon="-0.6018390">
    <ele>54.8</ele>
    <time>2020-06-20T11:43:04Z</time>
   </trkpt>
   <trkpt lat="51.0765340" lon="-0.6019210">
    <ele>55.0</ele>
    <time>2020-06-20T11:43:05Z</time>
   </trkpt>
   <trkpt lat="51.0765230" lon="-0.6019970">
    <ele>55.2</ele>
    <time>2020-06-20T11:43:06Z</time>
   </trkpt>
   <trkpt lat="51.0765100" lon="-0.6020630">
    <ele>55.3</ele>
    <time>2020-06-20T11:43:07Z</time>
   </trkpt>
   <trkpt lat="51.0765300" lon="-0.6021050">
    <ele>55.4</ele>
    <time>2020-06-20T11:43:08Z</time>
   </trkpt>
   <trkpt lat="51.0765370" lon="-0.6021080">
    <ele>55.4</ele>
    <time>2020-06-20T11:43:09Z</time>
   </trkpt>
   <trkpt lat="51.0765410" lon="-0.6023400">
    <ele>55.8</ele>
    <time>2020-06-20T11:43:11Z</time>
   </trkpt>
   <trkpt lat="51.0765460" lon="-0.6024320">
    <ele>56.0</ele>
    <time>2020-06-20T11:43:12Z</time>
   </trkpt>
   <trkpt lat="51.0765480" lon="-0.6025230">
    <ele>56.2</ele>
    <time>2020-06-20T11:43:13Z</time>
   </trkpt>
   <trkpt lat="51.0765490" lon="-0.6026120">
    <ele>56.4</ele>
    <time>2020-06-20T11:43:14Z</time>
   </trkpt>
   <trkpt lat="51.0765510" lon="-0.6026940">
    <ele>56.6</ele>
    <time>2020-06-20T11:43:15Z</time>
   </trkpt>
   <trkpt lat="51.0765510" lon="-0.6027730">
    <ele>56.8</ele>
    <time>2020-06-20T11:43:16Z</time>
   </trkpt>
   <trkpt lat="51.0765490" lon="-0.6028530">
    <ele>57.1</ele>
    <time>2020-06-20T11:43:17Z</time>
   </trkpt>
   <trkpt lat="51.0765500" lon="-0.6029330">
    <ele>57.3</ele>
    <time>2020-06-20T11:43:18Z</time>
   </trkpt>
   <trkpt lat="51.0765540" lon="-0.6030070">
    <ele>57.6</ele>
    <time>2020-06-20T11:43:19Z</time>
   </trkpt>
   <trkpt lat="51.0765530" lon="-0.6030800">
    <ele>57.8</ele>
    <time>2020-06-20T11:43:20Z</time>
   </trkpt>
   <trkpt lat="51.0765530" lon="-0.6031540">
    <ele>58.1</ele>
    <time>2020-06-20T11:43:21Z</time>
   </trkpt>
   <trkpt lat="51.0765530" lon="-0.6032240">
    <ele>58.4</ele>
    <time>2020-06-20T11:43:22Z</time>
   </trkpt>
   <trkpt lat="51.0765550" lon="-0.6032940">
    <ele>58.7</ele>
    <time>2020-06-20T11:43:23Z</time>
   </trkpt>
   <trkpt lat="51.0765550" lon="-0.6033650">
    <ele>59.1</ele>
    <time>2020-06-20T11:43:24Z</time>
   </trkpt>
   <trkpt lat="51.0765550" lon="-0.6034390">
    <ele>59.4</ele>
    <time>2020-06-20T11:43:25Z</time>
   </trkpt>
   <trkpt lat="51.0765530" lon="-0.6035100">
    <ele>59.9</ele>
    <time>2020-06-20T11:43:26Z</time>
   </trkpt>
   <trkpt lat="51.0765520" lon="-0.6035780">
    <ele>60.3</ele>
    <time>2020-06-20T11:43:27Z</time>
   </trkpt>
   <trkpt lat="51.0765520" lon="-0.6036500">
    <ele>60.7</ele>
    <time>2020-06-20T11:43:28Z</time>
   </trkpt>
   <trkpt lat="51.0765520" lon="-0.6036830">
    <ele>60.9</ele>
    <time>2020-06-20T11:43:29Z</time>
   </trkpt>
   <trkpt lat="51.0765530" lon="-0.6037480">
    <ele>61.4</ele>
    <time>2020-06-20T11:43:30Z</time>
   </trkpt>
   <trkpt lat="51.0765530" lon="-0.6038080">
    <ele>61.9</ele>
    <time>2020-06-20T11:43:31Z</time>
   </trkpt>
   <trkpt lat="51.0765520" lon="-0.6038710">
    <ele>62.2</ele>
    <time>2020-06-20T11:43:32Z</time>
   </trkpt>
   <trkpt lat="51.0765480" lon="-0.6039820">
    <ele>62.7</ele>
    <time>2020-06-20T11:43:33Z</time>
   </trkpt>
   <trkpt lat="51.0765440" lon="-0.6040250">
    <ele>62.9</ele>
    <time>2020-06-20T11:43:34Z</time>
   </trkpt>
   <trkpt lat="51.0765330" lon="-0.6041100">
    <ele>63.2</ele>
    <time>2020-06-20T11:43:36Z</time>
   </trkpt>
   <trkpt lat="51.0764940" lon="-0.6042540">
    <ele>63.6</ele>
    <time>2020-06-20T11:43:38Z</time>
   </trkpt>
   <trkpt lat="51.0764990" lon="-0.6043450">
    <ele>63.7</ele>
    <time>2020-06-20T11:43:39Z</time>
   </trkpt>
   <trkpt lat="51.0765010" lon="-0.6043990">
    <ele>63.8</ele>
    <time>2020-06-20T11:43:40Z</time>
   </trkpt>
   <trkpt lat="51.0765020" lon="-0.6044520">
    <ele>63.8</ele>
    <time>2020-06-20T11:43:41Z</time>
   </trkpt>
   <trkpt lat="51.0765100" lon="-0.6045460">
    <ele>63.9</ele>
    <time>2020-06-20T11:43:43Z</time>
   </trkpt>
   <trkpt lat="51.0765250" lon="-0.6046140">
    <ele>63.8</ele>
    <time>2020-06-20T11:43:45Z</time>
   </trkpt>
   <trkpt lat="51.0765320" lon="-0.6046580">
    <ele>63.8</ele>
    <time>2020-06-20T11:43:46Z</time>
   </trkpt>
   <trkpt lat="51.0765440" lon="-0.6047370">
    <ele>63.7</ele>
    <time>2020-06-20T11:43:48Z</time>
   </trkpt>
   <trkpt lat="51.0765450" lon="-0.6047900">
    <ele>63.6</ele>
    <time>2020-06-20T11:43:50Z</time>
   </trkpt>
   <trkpt lat="51.0765660" lon="-0.6048760">
    <ele>63.3</ele>
    <time>2020-06-20T11:43:52Z</time>
   </trkpt>
   <trkpt lat="51.0765790" lon="-0.6049410">
    <ele>63.1</ele>
    <time>2020-06-20T11:43:53Z</time>
   </trkpt>
   <trkpt lat="51.0765920" lon="-0.6050030">
    <ele>62.9</ele>
    <time>2020-06-20T11:43:54Z</time>
   </trkpt>
   <trkpt lat="51.0766020" lon="-0.6050940">
    <ele>62.5</ele>
    <time>2020-06-20T11:43:55Z</time>
   </trkpt>
   <trkpt lat="51.0766220" lon="-0.6051890">
    <ele>62.0</ele>
    <time>2020-06-20T11:43:57Z</time>
   </trkpt>
   <trkpt lat="51.0766850" lon="-0.6054850">
    <ele>60.6</ele>
    <time>2020-06-20T11:43:59Z</time>
   </trkpt>
   <trkpt lat="51.0767120" lon="-0.6056280">
    <ele>60.1</ele>
    <time>2020-06-20T11:44:00Z</time>
   </trkpt>
   <trkpt lat="51.0767430" lon="-0.6058330">
    <ele>59.4</ele>
    <time>2020-06-20T11:44:01Z</time>
   </trkpt>
   <trkpt lat="51.0767920" lon="-0.6060360">
    <ele>58.8</ele>
    <time>2020-06-20T11:44:02Z</time>
   </trkpt>
   <trkpt lat="51.0768260" lon="-0.6061880">
    <ele>58.4</ele>
    <time>2020-06-20T11:44:03Z</time>
   </trkpt>
   <trkpt lat="51.0768510" lon="-0.6063180">
    <ele>58.0</ele>
    <time>2020-06-20T11:44:04Z</time>
   </trkpt>
   <trkpt lat="51.0768760" lon="-0.6064390">
    <ele>57.7</ele>
    <time>2020-06-20T11:44:05Z</time>
   </trkpt>
   <trkpt lat="51.0768960" lon="-0.6065600">
    <ele>57.5</ele>
    <time>2020-06-20T11:44:06Z</time>
   </trkpt>
   <trkpt lat="51.0769090" lon="-0.6066780">
    <ele>57.2</ele>
    <time>2020-06-20T11:44:07Z</time>
   </trkpt>
   <trkpt lat="51.0769290" lon="-0.6067980">
    <ele>56.9</ele>
    <time>2020-06-20T11:44:08Z</time>
   </trkpt>
   <trkpt lat="51.0769470" lon="-0.6069200">
    <ele>56.6</ele>
    <time>2020-06-20T11:44:09Z</time>
   </trkpt>
   <trkpt lat="51.0769730" lon="-0.6070300">
    <ele>56.3</ele>
    <time>2020-06-20T11:44:10Z</time>
   </trkpt>
   <trkpt lat="51.0769980" lon="-0.6071450">
    <ele>56.0</ele>
    <time>2020-06-20T11:44:11Z</time>
   </trkpt>
   <trkpt lat="51.0770150" lon="-0.6072640">
    <ele>55.6</ele>
    <time>2020-06-20T11:44:12Z</time>
   </trkpt>
   <trkpt lat="51.0770260" lon="-0.6073920">
    <ele>55.2</ele>
    <time>2020-06-20T11:44:13Z</time>
   </trkpt>
   <trkpt lat="51.0770440" lon="-0.6075310">
    <ele>54.8</ele>
    <time>2020-06-20T11:44:14Z</time>
   </trkpt>
   <trkpt lat="51.0770600" lon="-0.6076780">
    <ele>54.5</ele>
    <time>2020-06-20T11:44:15Z</time>
   </trkpt>
   <trkpt lat="51.0770770" lon="-0.6078270">
    <ele>54.3</ele>
    <time>2020-06-20T11:44:16Z</time>
   </trkpt>
   <trkpt lat="51.0770910" lon="-0.6079760">
    <ele>54.1</ele>
    <time>2020-06-20T11:44:17Z</time>
   </trkpt>
   <trkpt lat="51.0771090" lon="-0.6081170">
    <ele>54.0</ele>
    <time>2020-06-20T11:44:18Z</time>
   </trkpt>
   <trkpt lat="51.0771250" lon="-0.6082630">
    <ele>53.9</ele>
    <time>2020-06-20T11:44:19Z</time>
   </trkpt>
   <trkpt lat="51.0771430" lon="-0.6084050">
    <ele>53.9</ele>
    <time>2020-06-20T11:44:20Z</time>
   </trkpt>
   <trkpt lat="51.0771580" lon="-0.6085450">
    <ele>53.9</ele>
    <time>2020-06-20T11:44:21Z</time>
   </trkpt>
   <trkpt lat="51.0771690" lon="-0.6086820">
    <ele>53.9</ele>
    <time>2020-06-20T11:44:22Z</time>
   </trkpt>
   <trkpt lat="51.0771790" lon="-0.6088160">
    <ele>54.0</ele>
    <time>2020-06-20T11:44:23Z</time>
   </trkpt>
   <trkpt lat="51.0771880" lon="-0.6089490">
    <ele>53.9</ele>
    <time>2020-06-20T11:44:24Z</time>
   </trkpt>
   <trkpt lat="51.0772020" lon="-0.6090780">
    <ele>53.8</ele>
    <time>2020-06-20T11:44:25Z</time>
   </trkpt>
   <trkpt lat="51.0772220" lon="-0.6091970">
    <ele>53.7</ele>
    <time>2020-06-20T11:44:26Z</time>
   </trkpt>
   <trkpt lat="51.0772350" lon="-0.6093230">
    <ele>53.7</ele>
    <time>2020-06-20T11:44:27Z</time>
   </trkpt>
   <trkpt lat="51.0772470" lon="-0.6094490">
    <ele>53.6</ele>
    <time>2020-06-20T11:44:28Z</time>
   </trkpt>
   <trkpt lat="51.0772580" lon="-0.6095770">
    <ele>53.5</ele>
    <time>2020-06-20T11:44:29Z</time>
   </trkpt>
   <trkpt lat="51.0772720" lon="-0.6097040">
    <ele>53.4</ele>
    <time>2020-06-20T11:44:30Z</time>
   </trkpt>
   <trkpt lat="51.0772920" lon="-0.6098350">
    <ele>53.3</ele>
    <time>2020-06-20T11:44:31Z</time>
   </trkpt>
   <trkpt lat="51.0773160" lon="-0.6099610">
    <ele>53.3</ele>
    <time>2020-06-20T11:44:32Z</time>
   </trkpt>
   <trkpt lat="51.0773290" lon="-0.6100900">
    <ele>53.3</ele>
    <time>2020-06-20T11:44:33Z</time>
   </trkpt>
   <trkpt lat="51.0773550" lon="-0.6102080">
    <ele>53.3</ele>
    <time>2020-06-20T11:44:34Z</time>
   </trkpt>
   <trkpt lat="51.0773710" lon="-0.6103400">
    <ele>53.2</ele>
    <time>2020-06-20T11:44:35Z</time>
   </trkpt>
   <trkpt lat="51.0773910" lon="-0.6104660">
    <ele>53.2</ele>
    <time>2020-06-20T11:44:36Z</time>
   </trkpt>
   <trkpt lat="51.0774040" lon="-0.6105880">
    <ele>53.2</ele>
    <time>2020-06-20T11:44:37Z</time>
   </trkpt>
   <trkpt lat="51.0774170" lon="-0.6107130">
    <ele>53.2</ele>
    <time>2020-06-20T11:44:38Z</time>
   </trkpt>
   <trkpt lat="51.0774390" lon="-0.6108240">
    <ele>53.3</ele>
    <time>2020-06-20T11:44:39Z</time>
   </trkpt>
   <trkpt lat="51.0774590" lon="-0.6109390">
    <ele>53.3</ele>
    <time>2020-06-20T11:44:40Z</time>
   </trkpt>
   <trkpt lat="51.0774810" lon="-0.6110490">
    <ele>53.3</ele>
    <time>2020-06-20T11:44:41Z</time>
   </trkpt>
   <trkpt lat="51.0774950" lon="-0.6111670">
    <ele>53.4</ele>
    <time>2020-06-20T11:44:42Z</time>
   </trkpt>
   <trkpt lat="51.0775110" lon="-0.6112770">
    <ele>53.4</ele>
    <time>2020-06-20T11:44:43Z</time>
   </trkpt>
   <trkpt lat="51.0775300" lon="-0.6113850">
    <ele>53.6</ele>
    <time>2020-06-20T11:44:44Z</time>
   </trkpt>
   <trkpt lat="51.0775490" lon="-0.6114990">
    <ele>53.7</ele>
    <time>2020-06-20T11:44:45Z</time>
   </trkpt>
   <trkpt lat="51.0775720" lon="-0.6116040">
    <ele>53.8</ele>
    <time>2020-06-20T11:44:46Z</time>
   </trkpt>
   <trkpt lat="51.0775860" lon="-0.6117070">
    <ele>53.9</ele>
    <time>2020-06-20T11:44:47Z</time>
   </trkpt>
   <trkpt lat="51.0775980" lon="-0.6118070">
    <ele>54.0</ele>
    <time>2020-06-20T11:44:48Z</time>
   </trkpt>
   <trkpt lat="51.0776120" lon="-0.6119090">
    <ele>54.2</ele>
    <time>2020-06-20T11:44:49Z</time>
   </trkpt>
   <trkpt lat="51.0776220" lon="-0.6120180">
    <ele>54.3</ele>
    <time>2020-06-20T11:44:50Z</time>
   </trkpt>
   <trkpt lat="51.0776340" lon="-0.6121210">
    <ele>54.5</ele>
    <time>2020-06-20T11:44:51Z</time>
   </trkpt>
   <trkpt lat="51.0776530" lon="-0.6122150">
    <ele>54.7</ele>
    <time>2020-06-20T11:44:52Z</time>
   </trkpt>
   <trkpt lat="51.0776710" lon="-0.6123030">
    <ele>54.8</ele>
    <time>2020-06-20T11:44:53Z</time>
   </trkpt>
   <trkpt lat="51.0776850" lon="-0.6123960">
    <ele>55.0</ele>
    <time>2020-06-20T11:44:54Z</time>
   </trkpt>
   <trkpt lat="51.0777070" lon="-0.6124790">
    <ele>55.2</ele>
    <time>2020-06-20T11:44:55Z</time>
   </trkpt>
   <trkpt lat="51.0777220" lon="-0.6125650">
    <ele>55.5</ele>
    <time>2020-06-20T11:44:56Z</time>
   </trkpt>
   <trkpt lat="51.0777380" lon="-0.6126520">
    <ele>55.7</ele>
    <time>2020-06-20T11:44:57Z</time>
   </trkpt>
   <trkpt lat="51.0777430" lon="-0.6127430">
    <ele>56.0</ele>
    <time>2020-06-20T11:44:58Z</time>
   </trkpt>
   <trkpt lat="51.0777460" lon="-0.6128300">
    <ele>56.2</ele>
    <time>2020-06-20T11:44:59Z</time>
   </trkpt>
   <trkpt lat="51.0777450" lon="-0.6129100">
    <ele>56.5</ele>
    <time>2020-06-20T11:45:00Z</time>
   </trkpt>
   <trkpt lat="51.0777390" lon="-0.6129940">
    <ele>56.8</ele>
    <time>2020-06-20T11:45:01Z</time>
   </trkpt>
   <trkpt lat="51.0777540" lon="-0.6130670">
    <ele>57.1</ele>
    <time>2020-06-20T11:45:02Z</time>
   </trkpt>
   <trkpt lat="51.0777710" lon="-0.6131320">
    <ele>57.4</ele>
    <time>2020-06-20T11:45:03Z</time>
   </trkpt>
   <trkpt lat="51.0777850" lon="-0.6131980">
    <ele>57.7</ele>
    <time>2020-06-20T11:45:04Z</time>
   </trkpt>
   <trkpt lat="51.0777910" lon="-0.6132240">
    <ele>57.8</ele>
    <time>2020-06-20T11:45:05Z</time>
   </trkpt>
   <trkpt lat="51.0778180" lon="-0.6132700">
    <ele>58.1</ele>
    <time>2020-06-20T11:45:06Z</time>
   </trkpt>
   <trkpt lat="51.0778410" lon="-0.6133420">
    <ele>58.5</ele>
    <time>2020-06-20T11:45:07Z</time>
   </trkpt>
   <trkpt lat="51.0778510" lon="-0.6134200">
    <ele>58.8</ele>
    <time>2020-06-20T11:45:08Z</time>
   </trkpt>
   <trkpt lat="51.0778600" lon="-0.6134920">
    <ele>59.1</ele>
    <time>2020-06-20T11:45:09Z</time>
   </trkpt>
   <trkpt lat="51.0778620" lon="-0.6135690">
    <ele>59.5</ele>
    <time>2020-06-20T11:45:10Z</time>
   </trkpt>
   <trkpt lat="51.0778730" lon="-0.6136770">
    <ele>59.9</ele>
    <time>2020-06-20T11:45:12Z</time>
   </trkpt>
   <trkpt lat="51.0779130" lon="-0.6138060">
    <ele>60.4</ele>
    <time>2020-06-20T11:45:14Z</time>
   </trkpt>
   <trkpt lat="51.0779350" lon="-0.6139010">
    <ele>60.6</ele>
    <time>2020-06-20T11:45:16Z</time>
   </trkpt>
   <trkpt lat="51.0779430" lon="-0.6139550">
    <ele>60.7</ele>
    <time>2020-06-20T11:45:17Z</time>
   </trkpt>
   <trkpt lat="51.0779560" lon="-0.6140940">
    <ele>60.8</ele>
    <time>2020-06-20T11:45:19Z</time>
   </trkpt>
   <trkpt lat="51.0779790" lon="-0.6141700">
    <ele>60.7</ele>
    <time>2020-06-20T11:45:20Z</time>
   </trkpt>
   <trkpt lat="51.0779960" lon="-0.6142350">
    <ele>60.6</ele>
    <time>2020-06-20T11:45:21Z</time>
   </trkpt>
   <trkpt lat="51.0780170" lon="-0.6142960">
    <ele>60.5</ele>
    <time>2020-06-20T11:45:22Z</time>
   </trkpt>
   <trkpt lat="51.0780370" lon="-0.6143760">
    <ele>60.3</ele>
    <time>2020-06-20T11:45:23Z</time>
   </trkpt>
   <trkpt lat="51.0780460" lon="-0.6145650">
    <ele>59.7</ele>
    <time>2020-06-20T11:45:25Z</time>
   </trkpt>
   <trkpt lat="51.0780750" lon="-0.6146740">
    <ele>59.4</ele>
    <time>2020-06-20T11:45:26Z</time>
   </trkpt>
   <trkpt lat="51.0781250" lon="-0.6148020">
    <ele>58.9</ele>
    <time>2020-06-20T11:45:27Z</time>
   </trkpt>
   <trkpt lat="51.0781600" lon="-0.6149140">
    <ele>58.5</ele>
    <time>2020-06-20T11:45:28Z</time>
   </trkpt>
   <trkpt lat="51.0781940" lon="-0.6150140">
    <ele>58.1</ele>
    <time>2020-06-20T11:45:29Z</time>
   </trkpt>
   <trkpt lat="51.0782300" lon="-0.6151080">
    <ele>57.7</ele>
    <time>2020-06-20T11:45:30Z</time>
   </trkpt>
   <trkpt lat="51.0782550" lon="-0.6151920">
    <ele>57.2</ele>
    <time>2020-06-20T11:45:31Z</time>
   </trkpt>
   <trkpt lat="51.0782750" lon="-0.6152920">
    <ele>56.7</ele>
    <time>2020-06-20T11:45:32Z</time>
   </trkpt>
   <trkpt lat="51.0783060" lon="-0.6154110">
    <ele>56.1</ele>
    <time>2020-06-20T11:45:33Z</time>
   </trkpt>
   <trkpt lat="51.0783490" lon="-0.6155350">
    <ele>55.4</ele>
    <time>2020-06-20T11:45:34Z</time>
   </trkpt>
   <trkpt lat="51.0783910" lon="-0.6156660">
    <ele>54.8</ele>
    <time>2020-06-20T11:45:35Z</time>
   </trkpt>
   <trkpt lat="51.0784280" lon="-0.6157910">
    <ele>54.3</ele>
    <time>2020-06-20T11:45:36Z</time>
   </trkpt>
   <trkpt lat="51.0784970" lon="-0.6159090">
    <ele>53.8</ele>
    <time>2020-06-20T11:45:37Z</time>
   </trkpt>
   <trkpt lat="51.0785700" lon="-0.6160180">
    <ele>53.5</ele>
    <time>2020-06-20T11:45:38Z</time>
   </trkpt>
   <trkpt lat="51.0786460" lon="-0.6161170">
    <ele>53.2</ele>
    <time>2020-06-20T11:45:39Z</time>
   </trkpt>
   <trkpt lat="51.0787160" lon="-0.6162120">
    <ele>52.9</ele>
    <time>2020-06-20T11:45:40Z</time>
   </trkpt>
   <trkpt lat="51.0787730" lon="-0.6163200">
    <ele>52.8</ele>
    <time>2020-06-20T11:45:41Z</time>
   </trkpt>
   <trkpt lat="51.0788270" lon="-0.6164310">
    <ele>52.6</ele>
    <time>2020-06-20T11:45:42Z</time>
   </trkpt>
   <trkpt lat="51.0788550" lon="-0.6165550">
    <ele>52.6</ele>
    <time>2020-06-20T11:45:43Z</time>
   </trkpt>
   <trkpt lat="51.0788730" lon="-0.6166870">
    <ele>52.4</ele>
    <time>2020-06-20T11:45:44Z</time>
   </trkpt>
   <trkpt lat="51.0788750" lon="-0.6168090">
    <ele>52.3</ele>
    <time>2020-06-20T11:45:45Z</time>
   </trkpt>
   <trkpt lat="51.0788540" lon="-0.6169340">
    <ele>52.2</ele>
    <time>2020-06-20T11:45:46Z</time>
   </trkpt>
   <trkpt lat="51.0788240" lon="-0.6170580">
    <ele>52.0</ele>
    <time>2020-06-20T11:45:47Z</time>
   </trkpt>
   <trkpt lat="51.0787930" lon="-0.6171670">
    <ele>51.9</ele>
    <time>2020-06-20T11:45:48Z</time>
   </trkpt>
   <trkpt lat="51.0787670" lon="-0.6172740">
    <ele>51.8</ele>
    <time>2020-06-20T11:45:49Z</time>
   </trkpt>
   <trkpt lat="51.0787380" lon="-0.6173870">
    <ele>51.7</ele>
    <time>2020-06-20T11:45:50Z</time>
   </trkpt>
   <trkpt lat="51.0787090" lon="-0.6174920">
    <ele>51.7</ele>
    <time>2020-06-20T11:45:51Z</time>
   </trkpt>
   <trkpt lat="51.0786900" lon="-0.6176020">
    <ele>51.8</ele>
    <time>2020-06-20T11:45:52Z</time>
   </trkpt>
   <trkpt lat="51.0786690" lon="-0.6177230">
    <ele>51.9</ele>
    <time>2020-06-20T11:45:53Z</time>
   </trkpt>
   <trkpt lat="51.0786490" lon="-0.6178440">
    <ele>52.1</ele>
    <time>2020-06-20T11:45:54Z</time>
   </trkpt>
   <trkpt lat="51.0786320" lon="-0.6179550">
    <ele>52.3</ele>
    <time>2020-06-20T11:45:55Z</time>
   </trkpt>
   <trkpt lat="51.0786080" lon="-0.6180630">
    <ele>52.5</ele>
    <time>2020-06-20T11:45:56Z</time>
   </trkpt>
   <trkpt lat="51.0785870" lon="-0.6181670">
    <ele>52.7</ele>
    <time>2020-06-20T11:45:57Z</time>
   </trkpt>
   <trkpt lat="51.0785650" lon="-0.6182850">
    <ele>53.0</ele>
    <time>2020-06-20T11:45:58Z</time>
   </trkpt>
   <trkpt lat="51.0785570" lon="-0.6184040">
    <ele>53.2</ele>
    <time>2020-06-20T11:45:59Z</time>
   </trkpt>
   <trkpt lat="51.0785480" lon="-0.6185110">
    <ele>53.4</ele>
    <time>2020-06-20T11:46:00Z</time>
   </trkpt>
   <trkpt lat="51.0785390" lon="-0.6186160">
    <ele>53.6</ele>
    <time>2020-06-20T11:46:01Z</time>
   </trkpt>
   <trkpt lat="51.0785300" lon="-0.6187150">
    <ele>53.7</ele>
    <time>2020-06-20T11:46:02Z</time>
   </trkpt>
   <trkpt lat="51.0785360" lon="-0.6188220">
    <ele>53.9</ele>
    <time>2020-06-20T11:46:03Z</time>
   </trkpt>
   <trkpt lat="51.0785370" lon="-0.6189240">
    <ele>54.0</ele>
    <time>2020-06-20T11:46:04Z</time>
   </trkpt>
   <trkpt lat="51.0785400" lon="-0.6190260">
    <ele>54.1</ele>
    <time>2020-06-20T11:46:05Z</time>
   </trkpt>
   <trkpt lat="51.0785390" lon="-0.6191180">
    <ele>54.2</ele>
    <time>2020-06-20T11:46:06Z</time>
   </trkpt>
   <trkpt lat="51.0785350" lon="-0.6192080">
    <ele>54.3</ele>
    <time>2020-06-20T11:46:07Z</time>
   </trkpt>
   <trkpt lat="51.0785420" lon="-0.6193110">
    <ele>54.4</ele>
    <time>2020-06-20T11:46:08Z</time>
   </trkpt>
   <trkpt lat="51.0785470" lon="-0.6194120">
    <ele>54.4</ele>
    <time>2020-06-20T11:46:09Z</time>
   </trkpt>
   <trkpt lat="51.0785420" lon="-0.6195030">
    <ele>54.4</ele>
    <time>2020-06-20T11:46:10Z</time>
   </trkpt>
   <trkpt lat="51.0785380" lon="-0.6195890">
    <ele>54.3</ele>
    <time>2020-06-20T11:46:11Z</time>
   </trkpt>
   <trkpt lat="51.0785430" lon="-0.6196840">
    <ele>54.2</ele>
    <time>2020-06-20T11:46:12Z</time>
   </trkpt>
   <trkpt lat="51.0785470" lon="-0.6197740">
    <ele>54.0</ele>
    <time>2020-06-20T11:46:13Z</time>
   </trkpt>
   <trkpt lat="51.0785470" lon="-0.6198660">
    <ele>53.8</ele>
    <time>2020-06-20T11:46:14Z</time>
   </trkpt>
   <trkpt lat="51.0785550" lon="-0.6199610">
    <ele>53.7</ele>
    <time>2020-06-20T11:46:15Z</time>
   </trkpt>
   <trkpt lat="51.0785670" lon="-0.6200660">
    <ele>53.5</ele>
    <time>2020-06-20T11:46:16Z</time>
   </trkpt>
   <trkpt lat="51.0785720" lon="-0.6201770">
    <ele>53.4</ele>
    <time>2020-06-20T11:46:17Z</time>
   </trkpt>
   <trkpt lat="51.0785740" lon="-0.6202840">
    <ele>53.4</ele>
    <time>2020-06-20T11:46:18Z</time>
   </trkpt>
   <trkpt lat="51.0785740" lon="-0.6203900">
    <ele>53.4</ele>
    <time>2020-06-20T11:46:19Z</time>
   </trkpt>
   <trkpt lat="51.0785780" lon="-0.6204930">
    <ele>53.5</ele>
    <time>2020-06-20T11:46:20Z</time>
   </trkpt>
   <trkpt lat="51.0785840" lon="-0.6205930">
    <ele>53.7</ele>
    <time>2020-06-20T11:46:21Z</time>
   </trkpt>
   <trkpt lat="51.0785890" lon="-0.6206920">
    <ele>53.8</ele>
    <time>2020-06-20T11:46:22Z</time>
   </trkpt>
   <trkpt lat="51.0786050" lon="-0.6207910">
    <ele>54.0</ele>
    <time>2020-06-20T11:46:23Z</time>
   </trkpt>
   <trkpt lat="51.0786260" lon="-0.6208880">
    <ele>54.1</ele>
    <time>2020-06-20T11:46:24Z</time>
   </trkpt>
   <trkpt lat="51.0786390" lon="-0.6209920">
    <ele>54.4</ele>
    <time>2020-06-20T11:46:25Z</time>
   </trkpt>
   <trkpt lat="51.0786570" lon="-0.6210920">
    <ele>54.6</ele>
    <time>2020-06-20T11:46:26Z</time>
   </trkpt>
   <trkpt lat="51.0786680" lon="-0.6211910">
    <ele>54.8</ele>
    <time>2020-06-20T11:46:27Z</time>
   </trkpt>
   <trkpt lat="51.0786830" lon="-0.6212890">
    <ele>55.1</ele>
    <time>2020-06-20T11:46:28Z</time>
   </trkpt>
   <trkpt lat="51.0786920" lon="-0.6213840">
    <ele>55.5</ele>
    <time>2020-06-20T11:46:29Z</time>
   </trkpt>
   <trkpt lat="51.0786930" lon="-0.6214750">
    <ele>55.9</ele>
    <time>2020-06-20T11:46:30Z</time>
   </trkpt>
   <trkpt lat="51.0786990" lon="-0.6215650">
    <ele>56.3</ele>
    <time>2020-06-20T11:46:31Z</time>
   </trkpt>
   <trkpt lat="51.0787060" lon="-0.6216490">
    <ele>56.8</ele>
    <time>2020-06-20T11:46:32Z</time>
   </trkpt>
   <trkpt lat="51.0787200" lon="-0.6217230">
    <ele>57.2</ele>
    <time>2020-06-20T11:46:33Z</time>
   </trkpt>
   <trkpt lat="51.0787260" lon="-0.6217970">
    <ele>57.6</ele>
    <time>2020-06-20T11:46:34Z</time>
   </trkpt>
   <trkpt lat="51.0787320" lon="-0.6218740">
    <ele>58.1</ele>
    <time>2020-06-20T11:46:35Z</time>
   </trkpt>
   <trkpt lat="51.0787460" lon="-0.6219410">
    <ele>58.5</ele>
    <time>2020-06-20T11:46:36Z</time>
   </trkpt>
   <trkpt lat="51.0787500" lon="-0.6220020">
    <ele>58.9</ele>
    <time>2020-06-20T11:46:37Z</time>
   </trkpt>
   <trkpt lat="51.0787570" lon="-0.6220700">
    <ele>59.3</ele>
    <time>2020-06-20T11:46:38Z</time>
   </trkpt>
   <trkpt lat="51.0787620" lon="-0.6221390">
    <ele>59.7</ele>
    <time>2020-06-20T11:46:39Z</time>
   </trkpt>
   <trkpt lat="51.0787680" lon="-0.6222030">
    <ele>60.1</ele>
    <time>2020-06-20T11:46:40Z</time>
   </trkpt>
   <trkpt lat="51.0787750" lon="-0.6222770">
    <ele>60.5</ele>
    <time>2020-06-20T11:46:41Z</time>
   </trkpt>
   <trkpt lat="51.0787790" lon="-0.6223370">
    <ele>60.9</ele>
    <time>2020-06-20T11:46:42Z</time>
   </trkpt>
   <trkpt lat="51.0787950" lon="-0.6224430">
    <ele>61.6</ele>
    <time>2020-06-20T11:46:43Z</time>
   </trkpt>
   <trkpt lat="51.0787990" lon="-0.6224890">
    <ele>61.9</ele>
    <time>2020-06-20T11:46:44Z</time>
   </trkpt>
   <trkpt lat="51.0787990" lon="-0.6225590">
    <ele>62.3</ele>
    <time>2020-06-20T11:46:45Z</time>
   </trkpt>
   <trkpt lat="51.0788030" lon="-0.6226150">
    <ele>62.7</ele>
    <time>2020-06-20T11:46:46Z</time>
   </trkpt>
   <trkpt lat="51.0788050" lon="-0.6226380">
    <ele>62.8</ele>
    <time>2020-06-20T11:46:47Z</time>
   </trkpt>
   <trkpt lat="51.0788120" lon="-0.6227310">
    <ele>63.4</ele>
    <time>2020-06-20T11:46:49Z</time>
   </trkpt>
   <trkpt lat="51.0788200" lon="-0.6227850">
    <ele>63.7</ele>
    <time>2020-06-20T11:46:50Z</time>
   </trkpt>
   <trkpt lat="51.0788270" lon="-0.6228200">
    <ele>63.9</ele>
    <time>2020-06-20T11:46:51Z</time>
   </trkpt>
   <trkpt lat="51.0788400" lon="-0.6229120">
    <ele>64.4</ele>
    <time>2020-06-20T11:46:53Z</time>
   </trkpt>
   <trkpt lat="51.0788450" lon="-0.6229530">
    <ele>64.6</ele>
    <time>2020-06-20T11:46:54Z</time>
   </trkpt>
   <trkpt lat="51.0788570" lon="-0.6230130">
    <ele>64.9</ele>
    <time>2020-06-20T11:46:56Z</time>
   </trkpt>
   <trkpt lat="51.0788790" lon="-0.6231080">
    <ele>65.4</ele>
    <time>2020-06-20T11:46:57Z</time>
   </trkpt>
   <trkpt lat="51.0788930" lon="-0.6231660">
    <ele>65.7</ele>
    <time>2020-06-20T11:46:58Z</time>
   </trkpt>
   <trkpt lat="51.0789010" lon="-0.6231830">
    <ele>65.8</ele>
    <time>2020-06-20T11:47:00Z</time>
   </trkpt>
   <trkpt lat="51.0789150" lon="-0.6232060">
    <ele>65.9</ele>
    <time>2020-06-20T11:47:01Z</time>
   </trkpt>
   <trkpt lat="51.0789600" lon="-0.6232650">
    <ele>66.5</ele>
    <time>2020-06-20T11:47:03Z</time>
   </trkpt>
   <trkpt lat="51.0789990" lon="-0.6232880">
    <ele>66.6</ele>
    <time>2020-06-20T11:47:04Z</time>
   </trkpt>
   <trkpt lat="51.0790160" lon="-0.6232960">
    <ele>66.6</ele>
    <time>2020-06-20T11:47:05Z</time>
   </trkpt>
   <trkpt lat="51.0790700" lon="-0.6233320">
    <ele>66.8</ele>
    <time>2020-06-20T11:47:07Z</time>
   </trkpt>
   <trkpt lat="51.0791340" lon="-0.6233670">
    <ele>66.9</ele>
    <time>2020-06-20T11:47:09Z</time>
   </trkpt>
   <trkpt lat="51.0791520" lon="-0.6233840">
    <ele>66.9</ele>
    <time>2020-06-20T11:47:10Z</time>
   </trkpt>
   <trkpt lat="51.0792090" lon="-0.6234200">
    <ele>67.0</ele>
    <time>2020-06-20T11:47:12Z</time>
   </trkpt>
   <trkpt lat="51.0792430" lon="-0.6234480">
    <ele>67.1</ele>
    <time>2020-06-20T11:47:13Z</time>
   </trkpt>
   <trkpt lat="51.0792800" lon="-0.6234660">
    <ele>67.1</ele>
    <time>2020-06-20T11:47:14Z</time>
   </trkpt>
   <trkpt lat="51.0793160" lon="-0.6234920">
    <ele>67.2</ele>
    <time>2020-06-20T11:47:16Z</time>
   </trkpt>
   <trkpt lat="51.0793450" lon="-0.6235110">
    <ele>67.2</ele>
    <time>2020-06-20T11:47:17Z</time>
   </trkpt>
   <trkpt lat="51.0794110" lon="-0.6235460">
    <ele>67.3</ele>
    <time>2020-06-20T11:47:18Z</time>
   </trkpt>
   <trkpt lat="51.0794710" lon="-0.6235820">
    <ele>67.3</ele>
    <time>2020-06-20T11:47:20Z</time>
   </trkpt>
   <trkpt lat="51.0797610" lon="-0.6236370">
    <ele>67.7</ele>
    <time>2020-06-20T11:47:22Z</time>
   </trkpt>
   <trkpt lat="51.0798470" lon="-0.6236580">
    <ele>67.8</ele>
    <time>2020-06-20T11:47:23Z</time>
   </trkpt>
   <trkpt lat="51.0798820" lon="-0.6236700">
    <ele>67.8</ele>
    <time>2020-06-20T11:47:24Z</time>
   </trkpt>
   <trkpt lat="51.0798480" lon="-0.6236590">
    <ele>67.9</ele>
    <time>2020-06-20T11:47:25Z</time>
   </trkpt>
   <trkpt lat="51.0798080" lon="-0.6236020">
    <ele>68.0</ele>
    <time>2020-06-20T11:47:26Z</time>
   </trkpt>
   <trkpt lat="51.0798230" lon="-0.6235390">
    <ele>68.0</ele>
    <time>2020-06-20T11:47:27Z</time>
   </trkpt>
   <trkpt lat="51.0798820" lon="-0.6235130">
    <ele>68.2</ele>
    <time>2020-06-20T11:47:29Z</time>
   </trkpt>
   <trkpt lat="51.0800300" lon="-0.6236310">
    <ele>68.4</ele>
    <time>2020-06-20T11:47:31Z</time>
   </trkpt>
   <trkpt lat="51.0800880" lon="-0.6236720">
    <ele>68.4</ele>
    <time>2020-06-20T11:47:33Z</time>
   </trkpt>
   <trkpt lat="51.0801540" lon="-0.6237120">
    <ele>68.5</ele>
    <time>2020-06-20T11:47:35Z</time>
   </trkpt>
   <trkpt lat="51.0801980" lon="-0.6237290">
    <ele>68.6</ele>
    <time>2020-06-20T11:47:36Z</time>
   </trkpt>
   <trkpt lat="51.0802270" lon="-0.6237310">
    <ele>68.6</ele>
    <time>2020-06-20T11:47:37Z</time>
   </trkpt>
   <trkpt lat="51.0802670" lon="-0.6237360">
    <ele>68.7</ele>
    <time>2020-06-20T11:47:39Z</time>
   </trkpt>
   <trkpt lat="51.0803290" lon="-0.6237680">
    <ele>68.8</ele>
    <time>2020-06-20T11:47:41Z</time>
   </trkpt>
   <trkpt lat="51.0803930" lon="-0.6237930">
    <ele>68.9</ele>
    <time>2020-06-20T11:47:42Z</time>
   </trkpt>
   <trkpt lat="51.0806550" lon="-0.6236420">
    <ele>69.5</ele>
    <time>2020-06-20T11:47:44Z</time>
   </trkpt>
   <trkpt lat="51.0807240" lon="-0.6235800">
    <ele>69.6</ele>
    <time>2020-06-20T11:47:45Z</time>
   </trkpt>
   <trkpt lat="51.0807830" lon="-0.6235200">
    <ele>69.7</ele>
    <time>2020-06-20T11:47:46Z</time>
   </trkpt>
   <trkpt lat="51.0808320" lon="-0.6234700">
    <ele>69.8</ele>
    <time>2020-06-20T11:47:47Z</time>
   </trkpt>
   <trkpt lat="51.0808590" lon="-0.6234250">
    <ele>69.8</ele>
    <time>2020-06-20T11:47:48Z</time>
   </trkpt>
   <trkpt lat="51.0808720" lon="-0.6233540">
    <ele>69.9</ele>
    <time>2020-06-20T11:47:49Z</time>
   </trkpt>
   <trkpt lat="51.0808820" lon="-0.6233060">
    <ele>69.9</ele>
    <time>2020-06-20T11:47:50Z</time>
   </trkpt>
   <trkpt lat="51.0808970" lon="-0.6232570">
    <ele>69.9</ele>
    <time>2020-06-20T11:47:51Z</time>
   </trkpt>
   <trkpt lat="51.0809280" lon="-0.6232260">
    <ele>70.0</ele>
    <time>2020-06-20T11:47:53Z</time>
   </trkpt>
   <trkpt lat="51.0809620" lon="-0.6231900">
    <ele>69.9</ele>
    <time>2020-06-20T11:47:54Z</time>
   </trkpt>
   <trkpt lat="51.0809770" lon="-0.6231790">
    <ele>69.9</ele>
    <time>2020-06-20T11:47:56Z</time>
   </trkpt>
   <trkpt lat="51.0809940" lon="-0.6231770">
    <ele>69.9</ele>
    <time>2020-06-20T11:47:57Z</time>
   </trkpt>
   <trkpt lat="51.0810330" lon="-0.6231580">
    <ele>69.9</ele>
    <time>2020-06-20T11:47:58Z</time>
   </trkpt>
   <trkpt lat="51.0810530" lon="-0.6231380">
    <ele>69.9</ele>
    <time>2020-06-20T11:47:59Z</time>
   </trkpt>
   <trkpt lat="51.0810800" lon="-0.6230940">
    <ele>69.9</ele>
    <time>2020-06-20T11:48:01Z</time>
   </trkpt>
   <trkpt lat="51.0810910" lon="-0.6230770">
    <ele>69.9</ele>
    <time>2020-06-20T11:48:02Z</time>
   </trkpt>
   <trkpt lat="51.0811260" lon="-0.6230260">
    <ele>70.0</ele>
    <time>2020-06-20T11:48:03Z</time>
   </trkpt>
   <trkpt lat="51.0811810" lon="-0.6229440">
    <ele>70.0</ele>
    <time>2020-06-20T11:48:05Z</time>
   </trkpt>
   <trkpt lat="51.0811970" lon="-0.6229270">
    <ele>70.0</ele>
    <time>2020-06-20T11:48:06Z</time>
   </trkpt>
   <trkpt lat="51.0812090" lon="-0.6229310">
    <ele>70.0</ele>
    <time>2020-06-20T11:48:07Z</time>
   </trkpt>
   <trkpt lat="51.0814120" lon="-0.6226910">
    <ele>70.2</ele>
    <time>2020-06-20T11:48:09Z</time>
   </trkpt>
   <trkpt lat="51.0814870" lon="-0.6225890">
    <ele>70.4</ele>
    <time>2020-06-20T11:48:10Z</time>
   </trkpt>
   <trkpt lat="51.0815520" lon="-0.6224930">
    <ele>70.5</ele>
    <time>2020-06-20T11:48:11Z</time>
   </trkpt>
   <trkpt lat="51.0816100" lon="-0.6224090">
    <ele>70.6</ele>
    <time>2020-06-20T11:48:12Z</time>
   </trkpt>
   <trkpt lat="51.0816670" lon="-0.6223210">
    <ele>70.7</ele>
    <time>2020-06-20T11:48:13Z</time>
   </trkpt>
   <trkpt lat="51.0817080" lon="-0.6222540">
    <ele>70.8</ele>
    <time>2020-06-20T11:48:14Z</time>
   </trkpt>
   <trkpt lat="51.0817410" lon="-0.6221880">
    <ele>70.8</ele>
    <time>2020-06-20T11:48:15Z</time>
   </trkpt>
   <trkpt lat="51.0817720" lon="-0.6221240">
    <ele>70.9</ele>
    <time>2020-06-20T11:48:16Z</time>
   </trkpt>
   <trkpt lat="51.0818080" lon="-0.6220630">
    <ele>71.0</ele>
    <time>2020-06-20T11:48:17Z</time>
   </trkpt>
   <trkpt lat="51.0818440" lon="-0.6220060">
    <ele>71.0</ele>
    <time>2020-06-20T11:48:18Z</time>
   </trkpt>
   <trkpt lat="51.0818790" lon="-0.6219530">
    <ele>71.1</ele>
    <time>2020-06-20T11:48:19Z</time>
   </trkpt>
   <trkpt lat="51.0819140" lon="-0.6219040">
    <ele>71.2</ele>
    <time>2020-06-20T11:48:20Z</time>
   </trkpt>
   <trkpt lat="51.0819460" lon="-0.6218560">
    <ele>71.2</ele>
    <time>2020-06-20T11:48:21Z</time>
   </trkpt>
   <trkpt lat="51.0819760" lon="-0.6218080">
    <ele>71.3</ele>
    <time>2020-06-20T11:48:22Z</time>
   </trkpt>
   <trkpt lat="51.0820060" lon="-0.6217590">
    <ele>71.4</ele>
    <time>2020-06-20T11:48:23Z</time>
   </trkpt>
   <trkpt lat="51.0820380" lon="-0.6217070">
    <ele>71.5</ele>
    <time>2020-06-20T11:48:24Z</time>
   </trkpt>
   <trkpt lat="51.0820710" lon="-0.6216510">
    <ele>71.7</ele>
    <time>2020-06-20T11:48:25Z</time>
   </trkpt>
   <trkpt lat="51.0821020" lon="-0.6216010">
    <ele>71.8</ele>
    <time>2020-06-20T11:48:26Z</time>
   </trkpt>
   <trkpt lat="51.0821310" lon="-0.6215550">
    <ele>71.8</ele>
    <time>2020-06-20T11:48:27Z</time>
   </trkpt>
   <trkpt lat="51.0821600" lon="-0.6215170">
    <ele>71.9</ele>
    <time>2020-06-20T11:48:28Z</time>
   </trkpt>
   <trkpt lat="51.0821900" lon="-0.6214810">
    <ele>72.0</ele>
    <time>2020-06-20T11:48:29Z</time>
   </trkpt>
   <trkpt lat="51.0822050" lon="-0.6214610">
    <ele>72.0</ele>
    <time>2020-06-20T11:48:30Z</time>
   </trkpt>
   <trkpt lat="51.0822320" lon="-0.6214240">
    <ele>72.1</ele>
    <time>2020-06-20T11:48:31Z</time>
   </trkpt>
   <trkpt lat="51.0822530" lon="-0.6213970">
    <ele>72.2</ele>
    <time>2020-06-20T11:48:32Z</time>
   </trkpt>
   <trkpt lat="51.0822780" lon="-0.6213630">
    <ele>72.2</ele>
    <time>2020-06-20T11:48:33Z</time>
   </trkpt>
   <trkpt lat="51.0823130" lon="-0.6213210">
    <ele>72.3</ele>
    <time>2020-06-20T11:48:34Z</time>
   </trkpt>
   <trkpt lat="51.0823560" lon="-0.6213900">
    <ele>72.4</ele>
    <time>2020-06-20T11:48:36Z</time>
   </trkpt>
   <trkpt lat="51.0823770" lon="-0.6213280">
    <ele>72.5</ele>
    <time>2020-06-20T11:48:37Z</time>
   </trkpt>
   <trkpt lat="51.0823860" lon="-0.6212990">
    <ele>72.5</ele>
    <time>2020-06-20T11:48:38Z</time>
   </trkpt>
   <trkpt lat="51.0824570" lon="-0.6211360">
    <ele>72.8</ele>
    <time>2020-06-20T11:48:40Z</time>
   </trkpt>
   <trkpt lat="51.0825100" lon="-0.6210290">
    <ele>73.0</ele>
    <time>2020-06-20T11:48:41Z</time>
   </trkpt>
   <trkpt lat="51.0825620" lon="-0.6209460">
    <ele>73.2</ele>
    <time>2020-06-20T11:48:42Z</time>
   </trkpt>
   <trkpt lat="51.0826170" lon="-0.6208610">
    <ele>73.3</ele>
    <time>2020-06-20T11:48:43Z</time>
   </trkpt>
   <trkpt lat="51.0826660" lon="-0.6207840">
    <ele>73.5</ele>
    <time>2020-06-20T11:48:44Z</time>
   </trkpt>
   <trkpt lat="51.0827070" lon="-0.6207210">
    <ele>73.6</ele>
    <time>2020-06-20T11:48:45Z</time>
   </trkpt>
   <trkpt lat="51.0827410" lon="-0.6206640">
    <ele>73.6</ele>
    <time>2020-06-20T11:48:46Z</time>
   </trkpt>
   <trkpt lat="51.0827730" lon="-0.6206080">
    <ele>73.7</ele>
    <time>2020-06-20T11:48:47Z</time>
   </trkpt>
   <trkpt lat="51.0828060" lon="-0.6205540">
    <ele>73.8</ele>
    <time>2020-06-20T11:48:48Z</time>
   </trkpt>
   <trkpt lat="51.0828300" lon="-0.6205150">
    <ele>73.8</ele>
    <time>2020-06-20T11:48:49Z</time>
   </trkpt>
   <trkpt lat="51.0828350" lon="-0.6205090">
    <ele>73.8</ele>
    <time>2020-06-20T11:48:50Z</time>
   </trkpt>
   <trkpt lat="51.0828410" lon="-0.6204890">
    <ele>73.8</ele>
    <time>2020-06-20T11:48:51Z</time>
   </trkpt>
   <trkpt lat="51.0828210" lon="-0.6204720">
    <ele>73.9</ele>
    <time>2020-06-20T11:48:52Z</time>
   </trkpt>
   <trkpt lat="51.0828630" lon="-0.6204200">
    <ele>73.9</ele>
    <time>2020-06-20T11:48:54Z</time>
   </trkpt>
   <trkpt lat="51.0829060" lon="-0.6203740">
    <ele>74.0</ele>
    <time>2020-06-20T11:48:55Z</time>
   </trkpt>
   <trkpt lat="51.0829550" lon="-0.6203250">
    <ele>74.1</ele>
    <time>2020-06-20T11:48:56Z</time>
   </trkpt>
   <trkpt lat="51.0830260" lon="-0.6202380">
    <ele>74.2</ele>
    <time>2020-06-20T11:48:58Z</time>
   </trkpt>
   <trkpt lat="51.0830670" lon="-0.6202040">
    <ele>74.2</ele>
    <time>2020-06-20T11:48:59Z</time>
   </trkpt>
   <trkpt lat="51.0831970" lon="-0.6201460">
    <ele>74.3</ele>
    <time>2020-06-20T11:49:01Z</time>
   </trkpt>
   <trkpt lat="51.0832630" lon="-0.6201360">
    <ele>74.4</ele>
    <time>2020-06-20T11:49:02Z</time>
   </trkpt>
   <trkpt lat="51.0833260" lon="-0.6201340">
    <ele>74.5</ele>
    <time>2020-06-20T11:49:03Z</time>
   </trkpt>
   <trkpt lat="51.0833860" lon="-0.6201400">
    <ele>74.6</ele>
    <time>2020-06-20T11:49:04Z</time>
   </trkpt>
   <trkpt lat="51.0834360" lon="-0.6201520">
    <ele>74.6</ele>
    <time>2020-06-20T11:49:05Z</time>
   </trkpt>
   <trkpt lat="51.0834840" lon="-0.6201620">
    <ele>74.7</ele>
    <time>2020-06-20T11:49:06Z</time>
   </trkpt>
   <trkpt lat="51.0835080" lon="-0.6201700">
    <ele>74.8</ele>
    <time>2020-06-20T11:49:07Z</time>
   </trkpt>
   <trkpt lat="51.0835740" lon="-0.6202130">
    <ele>74.8</ele>
    <time>2020-06-20T11:49:08Z</time>
   </trkpt>
   <trkpt lat="51.0836180" lon="-0.6202510">
    <ele>74.8</ele>
    <time>2020-06-20T11:49:09Z</time>
   </trkpt>
   <trkpt lat="51.0836480" lon="-0.6202540">
    <ele>74.7</ele>
    <time>2020-06-20T11:49:10Z</time>
   </trkpt>
   <trkpt lat="51.0836630" lon="-0.6202450">
    <ele>74.7</ele>
    <time>2020-06-20T11:49:11Z</time>
   </trkpt>
   <trkpt lat="51.0837600" lon="-0.6203560">
    <ele>74.7</ele>
    <time>2020-06-20T11:49:13Z</time>
   </trkpt>
   <trkpt lat="51.0838240" lon="-0.6204560">
    <ele>74.8</ele>
    <time>2020-06-20T11:49:14Z</time>
   </trkpt>
   <trkpt lat="51.0839460" lon="-0.6206110">
    <ele>74.9</ele>
    <time>2020-06-20T11:49:16Z</time>
   </trkpt>
   <trkpt lat="51.0839750" lon="-0.6206360">
    <ele>75.0</ele>
    <time>2020-06-20T11:49:17Z</time>
   </trkpt>
   <trkpt lat="51.0839830" lon="-0.6206390">
    <ele>75.0</ele>
    <time>2020-06-20T11:49:18Z</time>
   </trkpt>
   <trkpt lat="51.0839920" lon="-0.6206430">
    <ele>75.0</ele>
    <time>2020-06-20T11:49:19Z</time>
   </trkpt>
   <trkpt lat="51.0841230" lon="-0.6207560">
    <ele>75.2</ele>
    <time>2020-06-20T11:49:21Z</time>
   </trkpt>
   <trkpt lat="51.0842210" lon="-0.6208520">
    <ele>75.3</ele>
    <time>2020-06-20T11:49:23Z</time>
   </trkpt>
   <trkpt lat="51.0842890" lon="-0.6209290">
    <ele>75.3</ele>
    <time>2020-06-20T11:49:24Z</time>
   </trkpt>
   <trkpt lat="51.0843400" lon="-0.6209870">
    <ele>75.3</ele>
    <time>2020-06-20T11:49:25Z</time>
   </trkpt>
   <trkpt lat="51.0843860" lon="-0.6210390">
    <ele>75.4</ele>
    <time>2020-06-20T11:49:26Z</time>
   </trkpt>
   <trkpt lat="51.0844330" lon="-0.6210860">
    <ele>75.4</ele>
    <time>2020-06-20T11:49:27Z</time>
   </trkpt>
   <trkpt lat="51.0844820" lon="-0.6211240">
    <ele>75.5</ele>
    <time>2020-06-20T11:49:28Z</time>
   </trkpt>
   <trkpt lat="51.0845210" lon="-0.6211650">
    <ele>75.5</ele>
    <time>2020-06-20T11:49:29Z</time>
   </trkpt>
   <trkpt lat="51.0845500" lon="-0.6211710">
    <ele>75.6</ele>
    <time>2020-06-20T11:49:30Z</time>
   </trkpt>
   <trkpt lat="51.0845720" lon="-0.6211720">
    <ele>75.6</ele>
    <time>2020-06-20T11:49:31Z</time>
   </trkpt>
   <trkpt lat="51.0845930" lon="-0.6211730">
    <ele>75.6</ele>
    <time>2020-06-20T11:49:32Z</time>
   </trkpt>
   <trkpt lat="51.0846640" lon="-0.6211670">
    <ele>75.6</ele>
    <time>2020-06-20T11:49:33Z</time>
   </trkpt>
   <trkpt lat="51.0847430" lon="-0.6211490">
    <ele>75.5</ele>
    <time>2020-06-20T11:49:34Z</time>
   </trkpt>
   <trkpt lat="51.0848090" lon="-0.6211080">
    <ele>75.5</ele>
    <time>2020-06-20T11:49:35Z</time>
   </trkpt>
   <trkpt lat="51.0848690" lon="-0.6210430">
    <ele>75.5</ele>
    <time>2020-06-20T11:49:36Z</time>
   </trkpt>
   <trkpt lat="51.0849240" lon="-0.6209830">
    <ele>75.5</ele>
    <time>2020-06-20T11:49:37Z</time>
   </trkpt>
   <trkpt lat="51.0849760" lon="-0.6209250">
    <ele>75.6</ele>
    <time>2020-06-20T11:49:38Z</time>
   </trkpt>
   <trkpt lat="51.0850250" lon="-0.6208680">
    <ele>75.7</ele>
    <time>2020-06-20T11:49:39Z</time>
   </trkpt>
   <trkpt lat="51.0850700" lon="-0.6208100">
    <ele>75.7</ele>
    <time>2020-06-20T11:49:40Z</time>
   </trkpt>
   <trkpt lat="51.0851180" lon="-0.6207600">
    <ele>75.8</ele>
    <time>2020-06-20T11:49:41Z</time>
   </trkpt>
   <trkpt lat="51.0851650" lon="-0.6207060">
    <ele>75.9</ele>
    <time>2020-06-20T11:49:42Z</time>
   </trkpt>
   <trkpt lat="51.0852070" lon="-0.6206420">
    <ele>76.0</ele>
    <time>2020-06-20T11:49:43Z</time>
   </trkpt>
   <trkpt lat="51.0852530" lon="-0.6205900">
    <ele>76.1</ele>
    <time>2020-06-20T11:49:44Z</time>
   </trkpt>
   <trkpt lat="51.0853020" lon="-0.6205380">
    <ele>76.2</ele>
    <time>2020-06-20T11:49:45Z</time>
   </trkpt>
   <trkpt lat="51.0853500" lon="-0.6204840">
    <ele>76.3</ele>
    <time>2020-06-20T11:49:46Z</time>
   </trkpt>
   <trkpt lat="51.0853980" lon="-0.6204300">
    <ele>76.4</ele>
    <time>2020-06-20T11:49:47Z</time>
   </trkpt>
   <trkpt lat="51.0854460" lon="-0.6203770">
    <ele>76.5</ele>
    <time>2020-06-20T11:49:48Z</time>
   </trkpt>
   <trkpt lat="51.0854930" lon="-0.6203260">
    <ele>76.7</ele>
    <time>2020-06-20T11:49:49Z</time>
   </trkpt>
   <trkpt lat="51.0855390" lon="-0.6202770">
    <ele>76.8</ele>
    <time>2020-06-20T11:49:50Z</time>
   </trkpt>
   <trkpt lat="51.0855840" lon="-0.6202270">
    <ele>76.9</ele>
    <time>2020-06-20T11:49:51Z</time>
   </trkpt>
   <trkpt lat="51.0856340" lon="-0.6201740">
    <ele>77.0</ele>
    <time>2020-06-20T11:49:52Z</time>
   </trkpt>
   <trkpt lat="51.0856850" lon="-0.6201210">
    <ele>77.1</ele>
    <time>2020-06-20T11:49:53Z</time>
   </trkpt>
   <trkpt lat="51.0857290" lon="-0.6200700">
    <ele>77.2</ele>
    <time>2020-06-20T11:49:54Z</time>
   </trkpt>
   <trkpt lat="51.0857700" lon="-0.6200210">
    <ele>77.3</ele>
    <time>2020-06-20T11:49:55Z</time>
   </trkpt>
   <trkpt lat="51.0858130" lon="-0.6199720">
    <ele>77.5</ele>
    <time>2020-06-20T11:49:56Z</time>
   </trkpt>
   <trkpt lat="51.0858550" lon="-0.6199190">
    <ele>77.7</ele>
    <time>2020-06-20T11:49:57Z</time>
   </trkpt>
   <trkpt lat="51.0858980" lon="-0.6198680">
    <ele>77.9</ele>
    <time>2020-06-20T11:49:58Z</time>
   </trkpt>
   <trkpt lat="51.0859450" lon="-0.6198170">
    <ele>78.0</ele>
    <time>2020-06-20T11:49:59Z</time>
   </trkpt>
   <trkpt lat="51.0859910" lon="-0.6197730">
    <ele>78.2</ele>
    <time>2020-06-20T11:50:00Z</time>
   </trkpt>
   <trkpt lat="51.0860360" lon="-0.6197270">
    <ele>78.3</ele>
    <time>2020-06-20T11:50:01Z</time>
   </trkpt>
   <trkpt lat="51.0860820" lon="-0.6196800">
    <ele>78.5</ele>
    <time>2020-06-20T11:50:02Z</time>
   </trkpt>
   <trkpt lat="51.0861260" lon="-0.6196360">
    <ele>78.7</ele>
    <time>2020-06-20T11:50:03Z</time>
   </trkpt>
   <trkpt lat="51.0861680" lon="-0.6195910">
    <ele>78.9</ele>
    <time>2020-06-20T11:50:04Z</time>
   </trkpt>
   <trkpt lat="51.0862090" lon="-0.6195480">
    <ele>79.1</ele>
    <time>2020-06-20T11:50:05Z</time>
   </trkpt>
   <trkpt lat="51.0862560" lon="-0.6195160">
    <ele>79.3</ele>
    <time>2020-06-20T11:50:06Z</time>
   </trkpt>
   <trkpt lat="51.0863070" lon="-0.6194930">
    <ele>79.6</ele>
    <time>2020-06-20T11:50:07Z</time>
   </trkpt>
   <trkpt lat="51.0863540" lon="-0.6194570">
    <ele>79.9</ele>
    <time>2020-06-20T11:50:08Z</time>
   </trkpt>
   <trkpt lat="51.0864010" lon="-0.6194230">
    <ele>80.1</ele>
    <time>2020-06-20T11:50:09Z</time>
   </trkpt>
   <trkpt lat="51.0864490" lon="-0.6194030">
    <ele>80.4</ele>
    <time>2020-06-20T11:50:10Z</time>
   </trkpt>
   <trkpt lat="51.0864940" lon="-0.6193790">
    <ele>80.6</ele>
    <time>2020-06-20T11:50:11Z</time>
   </trkpt>
   <trkpt lat="51.0865390" lon="-0.6193450">
    <ele>80.9</ele>
    <time>2020-06-20T11:50:12Z</time>
   </trkpt>
   <trkpt lat="51.0865870" lon="-0.6193210">
    <ele>81.2</ele>
    <time>2020-06-20T11:50:13Z</time>
   </trkpt>
   <trkpt lat="51.0866370" lon="-0.6193020">
    <ele>81.4</ele>
    <time>2020-06-20T11:50:14Z</time>
   </trkpt>
   <trkpt lat="51.0866900" lon="-0.6192870">
    <ele>81.7</ele>
    <time>2020-06-20T11:50:15Z</time>
   </trkpt>
   <trkpt lat="51.0867360" lon="-0.6192770">
    <ele>81.9</ele>
    <time>2020-06-20T11:50:16Z</time>
   </trkpt>
   <trkpt lat="51.0867850" lon="-0.6192790">
    <ele>82.1</ele>
    <time>2020-06-20T11:50:17Z</time>
   </trkpt>
   <trkpt lat="51.0868320" lon="-0.6192780">
    <ele>82.3</ele>
    <time>2020-06-20T11:50:18Z</time>
   </trkpt>
   <trkpt lat="51.0868640" lon="-0.6192880">
    <ele>82.5</ele>
    <time>2020-06-20T11:50:19Z</time>
   </trkpt>
   <trkpt lat="51.0869200" lon="-0.6193010">
    <ele>82.7</ele>
    <time>2020-06-20T11:50:20Z</time>
   </trkpt>
   <trkpt lat="51.0869780" lon="-0.6193110">
    <ele>83.0</ele>
    <time>2020-06-20T11:50:21Z</time>
   </trkpt>
   <trkpt lat="51.0870350" lon="-0.6193200">
    <ele>83.2</ele>
    <time>2020-06-20T11:50:22Z</time>
   </trkpt>
   <trkpt lat="51.0870880" lon="-0.6193160">
    <ele>83.4</ele>
    <time>2020-06-20T11:50:23Z</time>
   </trkpt>
   <trkpt lat="51.0871370" lon="-0.6193130">
    <ele>83.6</ele>
    <time>2020-06-20T11:50:24Z</time>
   </trkpt>
   <trkpt lat="51.0871690" lon="-0.6193070">
    <ele>83.7</ele>
    <time>2020-06-20T11:50:25Z</time>
   </trkpt>
   <trkpt lat="51.0872180" lon="-0.6193000">
    <ele>83.8</ele>
    <time>2020-06-20T11:50:26Z</time>
   </trkpt>
   <trkpt lat="51.0872580" lon="-0.6193020">
    <ele>83.8</ele>
    <time>2020-06-20T11:50:27Z</time>
   </trkpt>
   <trkpt lat="51.0872950" lon="-0.6193160">
    <ele>83.9</ele>
    <time>2020-06-20T11:50:28Z</time>
   </trkpt>
   <trkpt lat="51.0873330" lon="-0.6193180">
    <ele>83.9</ele>
    <time>2020-06-20T11:50:29Z</time>
   </trkpt>
   <trkpt lat="51.0873850" lon="-0.6193100">
    <ele>83.9</ele>
    <time>2020-06-20T11:50:30Z</time>
   </trkpt>
   <trkpt lat="51.0874310" lon="-0.6193120">
    <ele>83.9</ele>
    <time>2020-06-20T11:50:31Z</time>
   </trkpt>
   <trkpt lat="51.0874590" lon="-0.6193340">
    <ele>83.9</ele>
    <time>2020-06-20T11:50:32Z</time>
   </trkpt>
   <trkpt lat="51.0874680" lon="-0.6193490">
    <ele>83.9</ele>
    <time>2020-06-20T11:50:33Z</time>
   </trkpt>
   <trkpt lat="51.0874930" lon="-0.6193290">
    <ele>83.9</ele>
    <time>2020-06-20T11:50:34Z</time>
   </trkpt>
   <trkpt lat="51.0875100" lon="-0.6193260">
    <ele>83.9</ele>
    <time>2020-06-20T11:50:35Z</time>
   </trkpt>
   <trkpt lat="51.0876450" lon="-0.6193190">
    <ele>83.6</ele>
    <time>2020-06-20T11:50:37Z</time>
   </trkpt>
   <trkpt lat="51.0877470" lon="-0.6193130">
    <ele>83.2</ele>
    <time>2020-06-20T11:50:38Z</time>
   </trkpt>
   <trkpt lat="51.0878480" lon="-0.6193070">
    <ele>82.7</ele>
    <time>2020-06-20T11:50:39Z</time>
   </trkpt>
   <trkpt lat="51.0879490" lon="-0.6193010">
    <ele>82.2</ele>
    <time>2020-06-20T11:50:41Z</time>
   </trkpt>
   <trkpt lat="51.0880200" lon="-0.6193040">
    <ele>81.8</ele>
    <time>2020-06-20T11:50:42Z</time>
   </trkpt>
   <trkpt lat="51.0880800" lon="-0.6193120">
    <ele>81.4</ele>
    <time>2020-06-20T11:50:43Z</time>
   </trkpt>
   <trkpt lat="51.0881380" lon="-0.6193430">
    <ele>81.1</ele>
    <time>2020-06-20T11:50:44Z</time>
   </trkpt>
   <trkpt lat="51.0881920" lon="-0.6193610">
    <ele>80.7</ele>
    <time>2020-06-20T11:50:45Z</time>
   </trkpt>
   <trkpt lat="51.0882630" lon="-0.6193690">
    <ele>80.3</ele>
    <time>2020-06-20T11:50:46Z</time>
   </trkpt>
   <trkpt lat="51.0883350" lon="-0.6193790">
    <ele>79.9</ele>
    <time>2020-06-20T11:50:47Z</time>
   </trkpt>
   <trkpt lat="51.0884150" lon="-0.6194060">
    <ele>79.3</ele>
    <time>2020-06-20T11:50:48Z</time>
   </trkpt>
   <trkpt lat="51.0884990" lon="-0.6194300">
    <ele>78.8</ele>
    <time>2020-06-20T11:50:49Z</time>
   </trkpt>
   <trkpt lat="51.0885880" lon="-0.6194520">
    <ele>78.1</ele>
    <time>2020-06-20T11:50:50Z</time>
   </trkpt>
   <trkpt lat="51.0886320" lon="-0.6194550">
    <ele>77.8</ele>
    <time>2020-06-20T11:50:51Z</time>
   </trkpt>
   <trkpt lat="51.0886890" lon="-0.6194700">
    <ele>77.4</ele>
    <time>2020-06-20T11:50:52Z</time>
   </trkpt>
   <trkpt lat="51.0887490" lon="-0.6194820">
    <ele>76.9</ele>
    <time>2020-06-20T11:50:53Z</time>
   </trkpt>
   <trkpt lat="51.0888130" lon="-0.6194860">
    <ele>76.4</ele>
    <time>2020-06-20T11:50:54Z</time>
   </trkpt>
   <trkpt lat="51.0888780" lon="-0.6194970">
    <ele>75.8</ele>
    <time>2020-06-20T11:50:55Z</time>
   </trkpt>
   <trkpt lat="51.0889240" lon="-0.6195060">
    <ele>75.4</ele>
    <time>2020-06-20T11:50:56Z</time>
   </trkpt>
   <trkpt lat="51.0889790" lon="-0.6194610">
    <ele>74.8</ele>
    <time>2020-06-20T11:50:57Z</time>
   </trkpt>
   <trkpt lat="51.0890550" lon="-0.6194710">
    <ele>74.1</ele>
    <time>2020-06-20T11:50:59Z</time>
   </trkpt>
   <trkpt lat="51.0891330" lon="-0.6194640">
    <ele>73.2</ele>
    <time>2020-06-20T11:51:00Z</time>
   </trkpt>
   <trkpt lat="51.0892110" lon="-0.6194450">
    <ele>72.2</ele>
    <time>2020-06-20T11:51:01Z</time>
   </trkpt>
   <trkpt lat="51.0892880" lon="-0.6193980">
    <ele>71.0</ele>
    <time>2020-06-20T11:51:02Z</time>
   </trkpt>
   <trkpt lat="51.0893600" lon="-0.6193300">
    <ele>69.7</ele>
    <time>2020-06-20T11:51:03Z</time>
   </trkpt>
   <trkpt lat="51.0894280" lon="-0.6192640">
    <ele>68.4</ele>
    <time>2020-06-20T11:51:04Z</time>
   </trkpt>
   <trkpt lat="51.0895070" lon="-0.6191760">
    <ele>66.7</ele>
    <time>2020-06-20T11:51:05Z</time>
   </trkpt>
   <trkpt lat="51.0896010" lon="-0.6190770">
    <ele>65.3</ele>
    <time>2020-06-20T11:51:06Z</time>
   </trkpt>
   <trkpt lat="51.0896790" lon="-0.6189700">
    <ele>64.0</ele>
    <time>2020-06-20T11:51:07Z</time>
   </trkpt>
   <trkpt lat="51.0897700" lon="-0.6188720">
    <ele>62.7</ele>
    <time>2020-06-20T11:51:08Z</time>
   </trkpt>
   <trkpt lat="51.0898740" lon="-0.6187850">
    <ele>61.4</ele>
    <time>2020-06-20T11:51:09Z</time>
   </trkpt>
   <trkpt lat="51.0899770" lon="-0.6187000">
    <ele>60.3</ele>
    <time>2020-06-20T11:51:10Z</time>
   </trkpt>
   <trkpt lat="51.0900810" lon="-0.6186240">
    <ele>59.5</ele>
    <time>2020-06-20T11:51:11Z</time>
   </trkpt>
   <trkpt lat="51.0901790" lon="-0.6185530">
    <ele>59.0</ele>
    <time>2020-06-20T11:51:12Z</time>
   </trkpt>
   <trkpt lat="51.0902720" lon="-0.6184910">
    <ele>58.6</ele>
    <time>2020-06-20T11:51:13Z</time>
   </trkpt>
   <trkpt lat="51.0903590" lon="-0.6184310">
    <ele>58.2</ele>
    <time>2020-06-20T11:51:14Z</time>
   </trkpt>
   <trkpt lat="51.0904420" lon="-0.6183710">
    <ele>57.9</ele>
    <time>2020-06-20T11:51:15Z</time>
   </trkpt>
   <trkpt lat="51.0905140" lon="-0.6183090">
    <ele>57.8</ele>
    <time>2020-06-20T11:51:16Z</time>
   </trkpt>
   <trkpt lat="51.0905740" lon="-0.6182480">
    <ele>57.6</ele>
    <time>2020-06-20T11:51:17Z</time>
   </trkpt>
   <trkpt lat="51.0906260" lon="-0.6181970">
    <ele>57.5</ele>
    <time>2020-06-20T11:51:18Z</time>
   </trkpt>
   <trkpt lat="51.0906770" lon="-0.6181550">
    <ele>57.4</ele>
    <time>2020-06-20T11:51:19Z</time>
   </trkpt>
   <trkpt lat="51.0907270" lon="-0.6181120">
    <ele>57.4</ele>
    <time>2020-06-20T11:51:20Z</time>
   </trkpt>
   <trkpt lat="51.0907670" lon="-0.6180710">
    <ele>57.3</ele>
    <time>2020-06-20T11:51:21Z</time>
   </trkpt>
   <trkpt lat="51.0908040" lon="-0.6180410">
    <ele>57.2</ele>
    <time>2020-06-20T11:51:22Z</time>
   </trkpt>
   <trkpt lat="51.0908410" lon="-0.6180210">
    <ele>57.3</ele>
    <time>2020-06-20T11:51:23Z</time>
   </trkpt>
   <trkpt lat="51.0908830" lon="-0.6180110">
    <ele>57.4</ele>
    <time>2020-06-20T11:51:24Z</time>
   </trkpt>
   <trkpt lat="51.0909020" lon="-0.6180090">
    <ele>57.4</ele>
    <time>2020-06-20T11:51:25Z</time>
   </trkpt>
   <trkpt lat="51.0909490" lon="-0.6180250">
    <ele>57.5</ele>
    <time>2020-06-20T11:51:26Z</time>
   </trkpt>
   <trkpt lat="51.0910030" lon="-0.6180470">
    <ele>57.7</ele>
    <time>2020-06-20T11:51:27Z</time>
   </trkpt>
   <trkpt lat="51.0910530" lon="-0.6180800">
    <ele>57.8</ele>
    <time>2020-06-20T11:51:28Z</time>
   </trkpt>
   <trkpt lat="51.0911010" lon="-0.6181170">
    <ele>58.0</ele>
    <time>2020-06-20T11:51:29Z</time>
   </trkpt>
   <trkpt lat="51.0911480" lon="-0.6181530">
    <ele>58.1</ele>
    <time>2020-06-20T11:51:30Z</time>
   </trkpt>
   <trkpt lat="51.0911900" lon="-0.6181910">
    <ele>58.3</ele>
    <time>2020-06-20T11:51:31Z</time>
   </trkpt>
   <trkpt lat="51.0912300" lon="-0.6182260">
    <ele>58.5</ele>
    <time>2020-06-20T11:51:32Z</time>
   </trkpt>
   <trkpt lat="51.0913090" lon="-0.6182840">
    <ele>58.7</ele>
    <time>2020-06-20T11:51:34Z</time>
   </trkpt>
   <trkpt lat="51.0913360" lon="-0.6182930">
    <ele>58.8</ele>
    <time>2020-06-20T11:51:35Z</time>
   </trkpt>
   <trkpt lat="51.0914240" lon="-0.6183650">
    <ele>59.1</ele>
    <time>2020-06-20T11:51:37Z</time>
   </trkpt>
   <trkpt lat="51.0914920" lon="-0.6184330">
    <ele>59.3</ele>
    <time>2020-06-20T11:51:38Z</time>
   </trkpt>
   <trkpt lat="51.0915540" lon="-0.6185060">
    <ele>59.5</ele>
    <time>2020-06-20T11:51:39Z</time>
   </trkpt>
   <trkpt lat="51.0916140" lon="-0.6185740">
    <ele>59.6</ele>
    <time>2020-06-20T11:51:40Z</time>
   </trkpt>
   <trkpt lat="51.0916760" lon="-0.6186320">
    <ele>59.6</ele>
    <time>2020-06-20T11:51:41Z</time>
   </trkpt>
   <trkpt lat="51.0917370" lon="-0.6186730">
    <ele>59.6</ele>
    <time>2020-06-20T11:51:42Z</time>
   </trkpt>
   <trkpt lat="51.0918030" lon="-0.6186950">
    <ele>59.6</ele>
    <time>2020-06-20T11:51:43Z</time>
   </trkpt>
   <trkpt lat="51.0918690" lon="-0.6187200">
    <ele>59.8</ele>
    <time>2020-06-20T11:51:44Z</time>
   </trkpt>
   <trkpt lat="51.0919300" lon="-0.6187530">
    <ele>59.9</ele>
    <time>2020-06-20T11:51:45Z</time>
   </trkpt>
   <trkpt lat="51.0919820" lon="-0.6188010">
    <ele>60.0</ele>
    <time>2020-06-20T11:51:46Z</time>
   </trkpt>
   <trkpt lat="51.0920290" lon="-0.6188530">
    <ele>60.2</ele>
    <time>2020-06-20T11:51:47Z</time>
   </trkpt>
   <trkpt lat="51.0920770" lon="-0.6189030">
    <ele>60.3</ele>
    <time>2020-06-20T11:51:48Z</time>
   </trkpt>
   <trkpt lat="51.0921250" lon="-0.6189450">
    <ele>60.4</ele>
    <time>2020-06-20T11:51:49Z</time>
   </trkpt>
   <trkpt lat="51.0921730" lon="-0.6189830">
    <ele>60.5</ele>
    <time>2020-06-20T11:51:50Z</time>
   </trkpt>
   <trkpt lat="51.0922210" lon="-0.6190210">
    <ele>60.6</ele>
    <time>2020-06-20T11:51:51Z</time>
   </trkpt>
   <trkpt lat="51.0922660" lon="-0.6190600">
    <ele>60.7</ele>
    <time>2020-06-20T11:51:52Z</time>
   </trkpt>
   <trkpt lat="51.0923110" lon="-0.6190980">
    <ele>60.9</ele>
    <time>2020-06-20T11:51:53Z</time>
   </trkpt>
   <trkpt lat="51.0923550" lon="-0.6191390">
    <ele>61.0</ele>
    <time>2020-06-20T11:51:54Z</time>
   </trkpt>
   <trkpt lat="51.0923970" lon="-0.6191820">
    <ele>61.1</ele>
    <time>2020-06-20T11:51:55Z</time>
   </trkpt>
   <trkpt lat="51.0924380" lon="-0.6192330">
    <ele>61.3</ele>
    <time>2020-06-20T11:51:56Z</time>
   </trkpt>
   <trkpt lat="51.0924810" lon="-0.6192790">
    <ele>61.4</ele>
    <time>2020-06-20T11:51:57Z</time>
   </trkpt>
   <trkpt lat="51.0925230" lon="-0.6193200">
    <ele>61.6</ele>
    <time>2020-06-20T11:51:58Z</time>
   </trkpt>
   <trkpt lat="51.0925670" lon="-0.6193600">
    <ele>61.9</ele>
    <time>2020-06-20T11:51:59Z</time>
   </trkpt>
   <trkpt lat="51.0926090" lon="-0.6194060">
    <ele>62.1</ele>
    <time>2020-06-20T11:52:00Z</time>
   </trkpt>
   <trkpt lat="51.0926500" lon="-0.6194580">
    <ele>62.4</ele>
    <time>2020-06-20T11:52:01Z</time>
   </trkpt>
   <trkpt lat="51.0926940" lon="-0.6195080">
    <ele>62.6</ele>
    <time>2020-06-20T11:52:02Z</time>
   </trkpt>
   <trkpt lat="51.0927370" lon="-0.6195590">
    <ele>62.9</ele>
    <time>2020-06-20T11:52:03Z</time>
   </trkpt>
   <trkpt lat="51.0927800" lon="-0.6196050">
    <ele>63.1</ele>
    <time>2020-06-20T11:52:04Z</time>
   </trkpt>
   <trkpt lat="51.0928230" lon="-0.6196460">
    <ele>63.3</ele>
    <time>2020-06-20T11:52:05Z</time>
   </trkpt>
   <trkpt lat="51.0928620" lon="-0.6196850">
    <ele>63.5</ele>
    <time>2020-06-20T11:52:06Z</time>
   </trkpt>
   <trkpt lat="51.0928920" lon="-0.6197120">
    <ele>63.6</ele>
    <time>2020-06-20T11:52:07Z</time>
   </trkpt>
   <trkpt lat="51.0929210" lon="-0.6197370">
    <ele>63.7</ele>
    <time>2020-06-20T11:52:08Z</time>
   </trkpt>
   <trkpt lat="51.0929360" lon="-0.6197510">
    <ele>63.8</ele>
    <time>2020-06-20T11:52:09Z</time>
   </trkpt>
   <trkpt lat="51.0929780" lon="-0.6197870">
    <ele>63.9</ele>
    <time>2020-06-20T11:52:10Z</time>
   </trkpt>
   <trkpt lat="51.0930200" lon="-0.6198260">
    <ele>64.0</ele>
    <time>2020-06-20T11:52:11Z</time>
   </trkpt>
   <trkpt lat="51.0930500" lon="-0.6198560">
    <ele>64.0</ele>
    <time>2020-06-20T11:52:12Z</time>
   </trkpt>
   <trkpt lat="51.0930900" lon="-0.6198940">
    <ele>64.1</ele>
    <time>2020-06-20T11:52:13Z</time>
   </trkpt>
   <trkpt lat="51.0931190" lon="-0.6199210">
    <ele>64.2</ele>
    <time>2020-06-20T11:52:14Z</time>
   </trkpt>
   <trkpt lat="51.0931290" lon="-0.6199610">
    <ele>64.2</ele>
    <time>2020-06-20T11:52:15Z</time>
   </trkpt>
   <trkpt lat="51.0931540" lon="-0.6199790">
    <ele>64.2</ele>
    <time>2020-06-20T11:52:16Z</time>
   </trkpt>
   <trkpt lat="51.0932080" lon="-0.6200170">
    <ele>64.3</ele>
    <time>2020-06-20T11:52:17Z</time>
   </trkpt>
   <trkpt lat="51.0932620" lon="-0.6200640">
    <ele>64.3</ele>
    <time>2020-06-20T11:52:18Z</time>
   </trkpt>
   <trkpt lat="51.0933190" lon="-0.6201100">
    <ele>64.3</ele>
    <time>2020-06-20T11:52:19Z</time>
   </trkpt>
   <trkpt lat="51.0933790" lon="-0.6201570">
    <ele>64.3</ele>
    <time>2020-06-20T11:52:20Z</time>
   </trkpt>
   <trkpt lat="51.0934410" lon="-0.6201990">
    <ele>64.3</ele>
    <time>2020-06-20T11:52:21Z</time>
   </trkpt>
   <trkpt lat="51.0935030" lon="-0.6202360">
    <ele>64.3</ele>
    <time>2020-06-20T11:52:22Z</time>
   </trkpt>
   <trkpt lat="51.0935620" lon="-0.6202760">
    <ele>64.2</ele>
    <time>2020-06-20T11:52:23Z</time>
   </trkpt>
   <trkpt lat="51.0936200" lon="-0.6203180">
    <ele>64.2</ele>
    <time>2020-06-20T11:52:24Z</time>
   </trkpt>
   <trkpt lat="51.0936800" lon="-0.6203630">
    <ele>64.2</ele>
    <time>2020-06-20T11:52:25Z</time>
   </trkpt>
   <trkpt lat="51.0937430" lon="-0.6204030">
    <ele>64.2</ele>
    <time>2020-06-20T11:52:26Z</time>
   </trkpt>
   <trkpt lat="51.0938010" lon="-0.6204530">
    <ele>64.1</ele>
    <time>2020-06-20T11:52:27Z</time>
   </trkpt>
   <trkpt lat="51.0938560" lon="-0.6204940">
    <ele>64.0</ele>
    <time>2020-06-20T11:52:28Z</time>
   </trkpt>
   <trkpt lat="51.0939080" lon="-0.6205340">
    <ele>64.0</ele>
    <time>2020-06-20T11:52:29Z</time>
   </trkpt>
   <trkpt lat="51.0939630" lon="-0.6205870">
    <ele>63.9</ele>
    <time>2020-06-20T11:52:30Z</time>
   </trkpt>
   <trkpt lat="51.0940200" lon="-0.6206320">
    <ele>63.8</ele>
    <time>2020-06-20T11:52:31Z</time>
   </trkpt>
   <trkpt lat="51.0940790" lon="-0.6206710">
    <ele>63.8</ele>
    <time>2020-06-20T11:52:32Z</time>
   </trkpt>
   <trkpt lat="51.0941390" lon="-0.6206950">
    <ele>63.8</ele>
    <time>2020-06-20T11:52:33Z</time>
   </trkpt>
   <trkpt lat="51.0941990" lon="-0.6207180">
    <ele>63.8</ele>
    <time>2020-06-20T11:52:34Z</time>
   </trkpt>
   <trkpt lat="51.0942590" lon="-0.6207450">
    <ele>63.8</ele>
    <time>2020-06-20T11:52:35Z</time>
   </trkpt>
   <trkpt lat="51.0943200" lon="-0.6207680">
    <ele>63.8</ele>
    <time>2020-06-20T11:52:36Z</time>
   </trkpt>
   <trkpt lat="51.0943770" lon="-0.6207830">
    <ele>63.8</ele>
    <time>2020-06-20T11:52:37Z</time>
   </trkpt>
   <trkpt lat="51.0944360" lon="-0.6207980">
    <ele>63.8</ele>
    <time>2020-06-20T11:52:38Z</time>
   </trkpt>
   <trkpt lat="51.0944960" lon="-0.6208170">
    <ele>63.8</ele>
    <time>2020-06-20T11:52:39Z</time>
   </trkpt>
   <trkpt lat="51.0945580" lon="-0.6208300">
    <ele>63.9</ele>
    <time>2020-06-20T11:52:40Z</time>
   </trkpt>
   <trkpt lat="51.0946200" lon="-0.6208500">
    <ele>64.0</ele>
    <time>2020-06-20T11:52:41Z</time>
   </trkpt>
   <trkpt lat="51.0946850" lon="-0.6208740">
    <ele>64.0</ele>
    <time>2020-06-20T11:52:42Z</time>
   </trkpt>
   <trkpt lat="51.0947500" lon="-0.6209040">
    <ele>64.1</ele>
    <time>2020-06-20T11:52:43Z</time>
   </trkpt>
   <trkpt lat="51.0948180" lon="-0.6209310">
    <ele>64.2</ele>
    <time>2020-06-20T11:52:44Z</time>
   </trkpt>
   <trkpt lat="51.0948770" lon="-0.6209510">
    <ele>64.2</ele>
    <time>2020-06-20T11:52:45Z</time>
   </trkpt>
   <trkpt lat="51.0949340" lon="-0.6209720">
    <ele>64.3</ele>
    <time>2020-06-20T11:52:46Z</time>
   </trkpt>
   <trkpt lat="51.0949910" lon="-0.6209950">
    <ele>64.3</ele>
    <time>2020-06-20T11:52:47Z</time>
   </trkpt>
   <trkpt lat="51.0950470" lon="-0.6210140">
    <ele>64.4</ele>
    <time>2020-06-20T11:52:48Z</time>
   </trkpt>
   <trkpt lat="51.0951090" lon="-0.6210230">
    <ele>64.4</ele>
    <time>2020-06-20T11:52:49Z</time>
   </trkpt>
   <trkpt lat="51.0951690" lon="-0.6210330">
    <ele>64.5</ele>
    <time>2020-06-20T11:52:50Z</time>
   </trkpt>
   <trkpt lat="51.0952260" lon="-0.6210400">
    <ele>64.6</ele>
    <time>2020-06-20T11:52:51Z</time>
   </trkpt>
   <trkpt lat="51.0952830" lon="-0.6210440">
    <ele>64.6</ele>
    <time>2020-06-20T11:52:52Z</time>
   </trkpt>
   <trkpt lat="51.0953410" lon="-0.6210420">
    <ele>64.7</ele>
    <time>2020-06-20T11:52:53Z</time>
   </trkpt>
   <trkpt lat="51.0953990" lon="-0.6210460">
    <ele>64.7</ele>
    <time>2020-06-20T11:52:54Z</time>
   </trkpt>
   <trkpt lat="51.0954550" lon="-0.6210610">
    <ele>64.7</ele>
    <time>2020-06-20T11:52:55Z</time>
   </trkpt>
   <trkpt lat="51.0955100" lon="-0.6210660">
    <ele>64.6</ele>
    <time>2020-06-20T11:52:56Z</time>
   </trkpt>
   <trkpt lat="51.0955630" lon="-0.6210730">
    <ele>64.5</ele>
    <time>2020-06-20T11:52:57Z</time>
   </trkpt>
   <trkpt lat="51.0956170" lon="-0.6210690">
    <ele>64.4</ele>
    <time>2020-06-20T11:52:58Z</time>
   </trkpt>
   <trkpt lat="51.0956770" lon="-0.6210550">
    <ele>64.3</ele>
    <time>2020-06-20T11:52:59Z</time>
   </trkpt>
   <trkpt lat="51.0957370" lon="-0.6210420">
    <ele>64.2</ele>
    <time>2020-06-20T11:53:00Z</time>
   </trkpt>
   <trkpt lat="51.0957990" lon="-0.6210290">
    <ele>64.1</ele>
    <time>2020-06-20T11:53:01Z</time>
   </trkpt>
   <trkpt lat="51.0958660" lon="-0.6209990">
    <ele>64.0</ele>
    <time>2020-06-20T11:53:02Z</time>
   </trkpt>
   <trkpt lat="51.0959350" lon="-0.6209470">
    <ele>63.8</ele>
    <time>2020-06-20T11:53:03Z</time>
   </trkpt>
   <trkpt lat="51.0959990" lon="-0.6208960">
    <ele>63.8</ele>
    <time>2020-06-20T11:53:04Z</time>
   </trkpt>
   <trkpt lat="51.0960540" lon="-0.6208160">
    <ele>63.7</ele>
    <time>2020-06-20T11:53:05Z</time>
   </trkpt>
   <trkpt lat="51.0961010" lon="-0.6207150">
    <ele>63.6</ele>
    <time>2020-06-20T11:53:06Z</time>
   </trkpt>
   <trkpt lat="51.0961330" lon="-0.6206030">
    <ele>63.6</ele>
    <time>2020-06-20T11:53:07Z</time>
   </trkpt>
   <trkpt lat="51.0961590" lon="-0.6204830">
    <ele>63.5</ele>
    <time>2020-06-20T11:53:08Z</time>
   </trkpt>
   <trkpt lat="51.0961850" lon="-0.6203600">
    <ele>63.1</ele>
    <time>2020-06-20T11:53:09Z</time>
   </trkpt>
   <trkpt lat="51.0962060" lon="-0.6202430">
    <ele>62.8</ele>
    <time>2020-06-20T11:53:10Z</time>
   </trkpt>
   <trkpt lat="51.0962240" lon="-0.6201470">
    <ele>62.7</ele>
    <time>2020-06-20T11:53:11Z</time>
   </trkpt>
   <trkpt lat="51.0962500" lon="-0.6200500">
    <ele>62.6</ele>
    <time>2020-06-20T11:53:12Z</time>
   </trkpt>
   <trkpt lat="51.0962740" lon="-0.6199410">
    <ele>62.6</ele>
    <time>2020-06-20T11:53:13Z</time>
   </trkpt>
   <trkpt lat="51.0962830" lon="-0.6198220">
    <ele>62.5</ele>
    <time>2020-06-20T11:53:14Z</time>
   </trkpt>
   <trkpt lat="51.0962870" lon="-0.6197080">
    <ele>62.5</ele>
    <time>2020-06-20T11:53:15Z</time>
   </trkpt>
   <trkpt lat="51.0962930" lon="-0.6195960">
    <ele>62.5</ele>
    <time>2020-06-20T11:53:16Z</time>
   </trkpt>
   <trkpt lat="51.0962940" lon="-0.6194970">
    <ele>62.6</ele>
    <time>2020-06-20T11:53:17Z</time>
   </trkpt>
   <trkpt lat="51.0963130" lon="-0.6193830">
    <ele>62.6</ele>
    <time>2020-06-20T11:53:18Z</time>
   </trkpt>
   <trkpt lat="51.0963350" lon="-0.6192640">
    <ele>62.7</ele>
    <time>2020-06-20T11:53:19Z</time>
   </trkpt>
   <trkpt lat="51.0963550" lon="-0.6191530">
    <ele>62.8</ele>
    <time>2020-06-20T11:53:20Z</time>
   </trkpt>
   <trkpt lat="51.0963740" lon="-0.6190400">
    <ele>62.9</ele>
    <time>2020-06-20T11:53:21Z</time>
   </trkpt>
   <trkpt lat="51.0963990" lon="-0.6189280">
    <ele>63.0</ele>
    <time>2020-06-20T11:53:22Z</time>
   </trkpt>
   <trkpt lat="51.0964340" lon="-0.6188210">
    <ele>63.1</ele>
    <time>2020-06-20T11:53:23Z</time>
   </trkpt>
   <trkpt lat="51.0964640" lon="-0.6187300">
    <ele>63.2</ele>
    <time>2020-06-20T11:53:24Z</time>
   </trkpt>
   <trkpt lat="51.0964960" lon="-0.6186640">
    <ele>63.3</ele>
    <time>2020-06-20T11:53:25Z</time>
   </trkpt>
   <trkpt lat="51.0965230" lon="-0.6186300">
    <ele>63.3</ele>
    <time>2020-06-20T11:53:26Z</time>
   </trkpt>
   <trkpt lat="51.0965640" lon="-0.6185360">
    <ele>63.4</ele>
    <time>2020-06-20T11:53:27Z</time>
   </trkpt>
   <trkpt lat="51.0966060" lon="-0.6184410">
    <ele>63.4</ele>
    <time>2020-06-20T11:53:28Z</time>
   </trkpt>
   <trkpt lat="51.0966470" lon="-0.6183570">
    <ele>63.4</ele>
    <time>2020-06-20T11:53:29Z</time>
   </trkpt>
   <trkpt lat="51.0966840" lon="-0.6182430">
    <ele>63.2</ele>
    <time>2020-06-20T11:53:30Z</time>
   </trkpt>
   <trkpt lat="51.0967090" lon="-0.6181310">
    <ele>62.9</ele>
    <time>2020-06-20T11:53:31Z</time>
   </trkpt>
   <trkpt lat="51.0967390" lon="-0.6180150">
    <ele>62.6</ele>
    <time>2020-06-20T11:53:32Z</time>
   </trkpt>
   <trkpt lat="51.0967670" lon="-0.6179100">
    <ele>62.3</ele>
    <time>2020-06-20T11:53:33Z</time>
   </trkpt>
   <trkpt lat="51.0967940" lon="-0.6178200">
    <ele>62.2</ele>
    <time>2020-06-20T11:53:34Z</time>
   </trkpt>
   <trkpt lat="51.0968220" lon="-0.6177170">
    <ele>62.0</ele>
    <time>2020-06-20T11:53:35Z</time>
   </trkpt>
   <trkpt lat="51.0968560" lon="-0.6176100">
    <ele>61.8</ele>
    <time>2020-06-20T11:53:36Z</time>
   </trkpt>
   <trkpt lat="51.0968940" lon="-0.6175020">
    <ele>61.5</ele>
    <time>2020-06-20T11:53:37Z</time>
   </trkpt>
   <trkpt lat="51.0969310" lon="-0.6174070">
    <ele>61.3</ele>
    <time>2020-06-20T11:53:38Z</time>
   </trkpt>
   <trkpt lat="51.0969690" lon="-0.6173060">
    <ele>61.1</ele>
    <time>2020-06-20T11:53:39Z</time>
   </trkpt>
   <trkpt lat="51.0970080" lon="-0.6172160">
    <ele>60.8</ele>
    <time>2020-06-20T11:53:40Z</time>
   </trkpt>
   <trkpt lat="51.0970470" lon="-0.6171320">
    <ele>60.6</ele>
    <time>2020-06-20T11:53:41Z</time>
   </trkpt>
   <trkpt lat="51.0970870" lon="-0.6170490">
    <ele>60.3</ele>
    <time>2020-06-20T11:53:42Z</time>
   </trkpt>
   <trkpt lat="51.0971340" lon="-0.6169410">
    <ele>60.0</ele>
    <time>2020-06-20T11:53:43Z</time>
   </trkpt>
   <trkpt lat="51.0971770" lon="-0.6168280">
    <ele>59.7</ele>
    <time>2020-06-20T11:53:44Z</time>
   </trkpt>
   <trkpt lat="51.0972150" lon="-0.6167260">
    <ele>59.4</ele>
    <time>2020-06-20T11:53:45Z</time>
   </trkpt>
   <trkpt lat="51.0972530" lon="-0.6166150">
    <ele>59.1</ele>
    <time>2020-06-20T11:53:46Z</time>
   </trkpt>
   <trkpt lat="51.0972880" lon="-0.6165140">
    <ele>58.8</ele>
    <time>2020-06-20T11:53:47Z</time>
   </trkpt>
   <trkpt lat="51.0973290" lon="-0.6164040">
    <ele>58.5</ele>
    <time>2020-06-20T11:53:48Z</time>
   </trkpt>
   <trkpt lat="51.0973670" lon="-0.6162850">
    <ele>58.2</ele>
    <time>2020-06-20T11:53:49Z</time>
   </trkpt>
   <trkpt lat="51.0974070" lon="-0.6161600">
    <ele>57.8</ele>
    <time>2020-06-20T11:53:50Z</time>
   </trkpt>
   <trkpt lat="51.0974460" lon="-0.6160300">
    <ele>57.5</ele>
    <time>2020-06-20T11:53:51Z</time>
   </trkpt>
   <trkpt lat="51.0974760" lon="-0.6159030">
    <ele>57.2</ele>
    <time>2020-06-20T11:53:52Z</time>
   </trkpt>
   <trkpt lat="51.0975120" lon="-0.6157760">
    <ele>56.9</ele>
    <time>2020-06-20T11:53:53Z</time>
   </trkpt>
   <trkpt lat="51.0975480" lon="-0.6156470">
    <ele>56.7</ele>
    <time>2020-06-20T11:53:54Z</time>
   </trkpt>
   <trkpt lat="51.0975850" lon="-0.6155170">
    <ele>56.5</ele>
    <time>2020-06-20T11:53:55Z</time>
   </trkpt>
   <trkpt lat="51.0976190" lon="-0.6153880">
    <ele>56.3</ele>
    <time>2020-06-20T11:53:56Z</time>
   </trkpt>
   <trkpt lat="51.0976530" lon="-0.6152600">
    <ele>56.2</ele>
    <time>2020-06-20T11:53:57Z</time>
   </trkpt>
   <trkpt lat="51.0976900" lon="-0.6151380">
    <ele>56.0</ele>
    <time>2020-06-20T11:53:58Z</time>
   </trkpt>
   <trkpt lat="51.0977350" lon="-0.6150210">
    <ele>55.9</ele>
    <time>2020-06-20T11:53:59Z</time>
   </trkpt>
   <trkpt lat="51.0977840" lon="-0.6149110">
    <ele>55.8</ele>
    <time>2020-06-20T11:54:00Z</time>
   </trkpt>
   <trkpt lat="51.0978390" lon="-0.6148150">
    <ele>55.8</ele>
    <time>2020-06-20T11:54:01Z</time>
   </trkpt>
   <trkpt lat="51.0979010" lon="-0.6147370">
    <ele>55.8</ele>
    <time>2020-06-20T11:54:02Z</time>
   </trkpt>
   <trkpt lat="51.0979720" lon="-0.6146770">
    <ele>55.8</ele>
    <time>2020-06-20T11:54:03Z</time>
   </trkpt>
   <trkpt lat="51.0980410" lon="-0.6146320">
    <ele>55.9</ele>
    <time>2020-06-20T11:54:04Z</time>
   </trkpt>
   <trkpt lat="51.0981150" lon="-0.6145940">
    <ele>55.9</ele>
    <time>2020-06-20T11:54:05Z</time>
   </trkpt>
   <trkpt lat="51.0982020" lon="-0.6145590">
    <ele>55.8</ele>
    <time>2020-06-20T11:54:06Z</time>
   </trkpt>
   <trkpt lat="51.0982870" lon="-0.6145240">
    <ele>55.7</ele>
    <time>2020-06-20T11:54:07Z</time>
   </trkpt>
   <trkpt lat="51.0983740" lon="-0.6144910">
    <ele>55.7</ele>
    <time>2020-06-20T11:54:08Z</time>
   </trkpt>
   <trkpt lat="51.0984600" lon="-0.6144620">
    <ele>55.6</ele>
    <time>2020-06-20T11:54:09Z</time>
   </trkpt>
   <trkpt lat="51.0985450" lon="-0.6144340">
    <ele>55.6</ele>
    <time>2020-06-20T11:54:10Z</time>
   </trkpt>
   <trkpt lat="51.0986320" lon="-0.6144180">
    <ele>55.5</ele>
    <time>2020-06-20T11:54:11Z</time>
   </trkpt>
   <trkpt lat="51.0987170" lon="-0.6144050">
    <ele>55.4</ele>
    <time>2020-06-20T11:54:12Z</time>
   </trkpt>
   <trkpt lat="51.0988000" lon="-0.6143900">
    <ele>55.3</ele>
    <time>2020-06-20T11:54:13Z</time>
   </trkpt>
   <trkpt lat="51.0988820" lon="-0.6143850">
    <ele>55.3</ele>
    <time>2020-06-20T11:54:14Z</time>
   </trkpt>
   <trkpt lat="51.0989600" lon="-0.6143860">
    <ele>55.4</ele>
    <time>2020-06-20T11:54:15Z</time>
   </trkpt>
   <trkpt lat="51.0990320" lon="-0.6144030">
    <ele>55.4</ele>
    <time>2020-06-20T11:54:16Z</time>
   </trkpt>
   <trkpt lat="51.0991030" lon="-0.6144250">
    <ele>55.4</ele>
    <time>2020-06-20T11:54:17Z</time>
   </trkpt>
   <trkpt lat="51.0991670" lon="-0.6144490">
    <ele>55.4</ele>
    <time>2020-06-20T11:54:18Z</time>
   </trkpt>
   <trkpt lat="51.0992250" lon="-0.6144800">
    <ele>55.4</ele>
    <time>2020-06-20T11:54:19Z</time>
   </trkpt>
   <trkpt lat="51.0992770" lon="-0.6145120">
    <ele>55.4</ele>
    <time>2020-06-20T11:54:20Z</time>
   </trkpt>
   <trkpt lat="51.0993200" lon="-0.6145210">
    <ele>55.4</ele>
    <time>2020-06-20T11:54:21Z</time>
   </trkpt>
   <trkpt lat="51.0993640" lon="-0.6145000">
    <ele>55.2</ele>
    <time>2020-06-20T11:54:22Z</time>
   </trkpt>
   <trkpt lat="51.0993930" lon="-0.6144200">
    <ele>54.8</ele>
    <time>2020-06-20T11:54:23Z</time>
   </trkpt>
   <trkpt lat="51.0994130" lon="-0.6143000">
    <ele>54.4</ele>
    <time>2020-06-20T11:54:24Z</time>
   </trkpt>
   <trkpt lat="51.0994350" lon="-0.6141840">
    <ele>53.9</ele>
    <time>2020-06-20T11:54:25Z</time>
   </trkpt>
   <trkpt lat="51.0994570" lon="-0.6140670">
    <ele>53.5</ele>
    <time>2020-06-20T11:54:26Z</time>
   </trkpt>
   <trkpt lat="51.0994830" lon="-0.6139560">
    <ele>53.1</ele>
    <time>2020-06-20T11:54:27Z</time>
   </trkpt>
   <trkpt lat="51.0995100" lon="-0.6138330">
    <ele>52.8</ele>
    <time>2020-06-20T11:54:28Z</time>
   </trkpt>
   <trkpt lat="51.0995410" lon="-0.6137170">
    <ele>52.5</ele>
    <time>2020-06-20T11:54:29Z</time>
   </trkpt>
   <trkpt lat="51.0995680" lon="-0.6136000">
    <ele>52.3</ele>
    <time>2020-06-20T11:54:30Z</time>
   </trkpt>
   <trkpt lat="51.0995950" lon="-0.6134780">
    <ele>52.1</ele>
    <time>2020-06-20T11:54:31Z</time>
   </trkpt>
   <trkpt lat="51.0996230" lon="-0.6133500">
    <ele>51.9</ele>
    <time>2020-06-20T11:54:32Z</time>
   </trkpt>
   <trkpt lat="51.0996510" lon="-0.6132280">
    <ele>51.8</ele>
    <time>2020-06-20T11:54:33Z</time>
   </trkpt>
   <trkpt lat="51.0996840" lon="-0.6131100">
    <ele>51.8</ele>
    <time>2020-06-20T11:54:34Z</time>
   </trkpt>
   <trkpt lat="51.0997200" lon="-0.6129950">
    <ele>51.8</ele>
    <time>2020-06-20T11:54:35Z</time>
   </trkpt>
   <trkpt lat="51.0997510" lon="-0.6128810">
    <ele>51.8</ele>
    <time>2020-06-20T11:54:36Z</time>
   </trkpt>
   <trkpt lat="51.0997820" lon="-0.6127660">
    <ele>52.0</ele>
    <time>2020-06-20T11:54:37Z</time>
   </trkpt>
   <trkpt lat="51.0998060" lon="-0.6126560">
    <ele>52.6</ele>
    <time>2020-06-20T11:54:38Z</time>
   </trkpt>
   <trkpt lat="51.0998260" lon="-0.6125480">
    <ele>52.6</ele>
    <time>2020-06-20T11:54:39Z</time>
   </trkpt>
   <trkpt lat="51.0998490" lon="-0.6124440">
    <ele>52.7</ele>
    <time>2020-06-20T11:54:40Z</time>
   </trkpt>
   <trkpt lat="51.0998820" lon="-0.6123300">
    <ele>52.8</ele>
    <time>2020-06-20T11:54:41Z</time>
   </trkpt>
   <trkpt lat="51.0999120" lon="-0.6122180">
    <ele>52.9</ele>
    <time>2020-06-20T11:54:42Z</time>
   </trkpt>
   <trkpt lat="51.0999360" lon="-0.6121150">
    <ele>53.0</ele>
    <time>2020-06-20T11:54:43Z</time>
   </trkpt>
   <trkpt lat="51.0999570" lon="-0.6120140">
    <ele>53.2</ele>
    <time>2020-06-20T11:54:44Z</time>
   </trkpt>
   <trkpt lat="51.0999840" lon="-0.6119230">
    <ele>53.3</ele>
    <time>2020-06-20T11:54:45Z</time>
   </trkpt>
   <trkpt lat="51.1000170" lon="-0.6118280">
    <ele>53.5</ele>
    <time>2020-06-20T11:54:46Z</time>
   </trkpt>
   <trkpt lat="51.1000470" lon="-0.6117350">
    <ele>53.7</ele>
    <time>2020-06-20T11:54:47Z</time>
   </trkpt>
   <trkpt lat="51.1000780" lon="-0.6116450">
    <ele>53.9</ele>
    <time>2020-06-20T11:54:48Z</time>
   </trkpt>
   <trkpt lat="51.1001140" lon="-0.6115480">
    <ele>54.2</ele>
    <time>2020-06-20T11:54:49Z</time>
   </trkpt>
   <trkpt lat="51.1001420" lon="-0.6114460">
    <ele>54.3</ele>
    <time>2020-06-20T11:54:50Z</time>
   </trkpt>
   <trkpt lat="51.1001720" lon="-0.6113530">
    <ele>54.5</ele>
    <time>2020-06-20T11:54:51Z</time>
   </trkpt>
   <trkpt lat="51.1002110" lon="-0.6112630">
    <ele>54.6</ele>
    <time>2020-06-20T11:54:52Z</time>
   </trkpt>
   <trkpt lat="51.1002530" lon="-0.6111870">
    <ele>54.7</ele>
    <time>2020-06-20T11:54:53Z</time>
   </trkpt>
   <trkpt lat="51.1002960" lon="-0.6111040">
    <ele>54.7</ele>
    <time>2020-06-20T11:54:54Z</time>
   </trkpt>
   <trkpt lat="51.1003420" lon="-0.6110120">
    <ele>54.8</ele>
    <time>2020-06-20T11:54:55Z</time>
   </trkpt>
   <trkpt lat="51.1003820" lon="-0.6109330">
    <ele>54.8</ele>
    <time>2020-06-20T11:54:56Z</time>
   </trkpt>
   <trkpt lat="51.1004270" lon="-0.6108550">
    <ele>54.6</ele>
    <time>2020-06-20T11:54:57Z</time>
   </trkpt>
   <trkpt lat="51.1004720" lon="-0.6107730">
    <ele>54.5</ele>
    <time>2020-06-20T11:54:58Z</time>
   </trkpt>
   <trkpt lat="51.1005160" lon="-0.6106950">
    <ele>54.3</ele>
    <time>2020-06-20T11:54:59Z</time>
   </trkpt>
   <trkpt lat="51.1005580" lon="-0.6106120">
    <ele>54.2</ele>
    <time>2020-06-20T11:55:00Z</time>
   </trkpt>
   <trkpt lat="51.1006110" lon="-0.6105310">
    <ele>54.1</ele>
    <time>2020-06-20T11:55:01Z</time>
   </trkpt>
   <trkpt lat="51.1006620" lon="-0.6104490">
    <ele>54.0</ele>
    <time>2020-06-20T11:55:02Z</time>
   </trkpt>
   <trkpt lat="51.1007120" lon="-0.6103600">
    <ele>53.9</ele>
    <time>2020-06-20T11:55:03Z</time>
   </trkpt>
   <trkpt lat="51.1007630" lon="-0.6102700">
    <ele>53.9</ele>
    <time>2020-06-20T11:55:04Z</time>
   </trkpt>
   <trkpt lat="51.1008120" lon="-0.6101770">
    <ele>53.8</ele>
    <time>2020-06-20T11:55:05Z</time>
   </trkpt>
   <trkpt lat="51.1008640" lon="-0.6100860">
    <ele>53.8</ele>
    <time>2020-06-20T11:55:06Z</time>
   </trkpt>
   <trkpt lat="51.1009170" lon="-0.6100000">
    <ele>53.7</ele>
    <time>2020-06-20T11:55:07Z</time>
   </trkpt>
   <trkpt lat="51.1009730" lon="-0.6099130">
    <ele>53.7</ele>
    <time>2020-06-20T11:55:08Z</time>
   </trkpt>
   <trkpt lat="51.1010270" lon="-0.6098240">
    <ele>53.7</ele>
    <time>2020-06-20T11:55:09Z</time>
   </trkpt>
   <trkpt lat="51.1010770" lon="-0.6097410">
    <ele>53.7</ele>
    <time>2020-06-20T11:55:10Z</time>
   </trkpt>
   <trkpt lat="51.1011250" lon="-0.6096630">
    <ele>53.7</ele>
    <time>2020-06-20T11:55:11Z</time>
   </trkpt>
   <trkpt lat="51.1011770" lon="-0.6095840">
    <ele>53.7</ele>
    <time>2020-06-20T11:55:12Z</time>
   </trkpt>
   <trkpt lat="51.1012280" lon="-0.6095010">
    <ele>53.7</ele>
    <time>2020-06-20T11:55:13Z</time>
   </trkpt>
   <trkpt lat="51.1012770" lon="-0.6094140">
    <ele>53.8</ele>
    <time>2020-06-20T11:55:14Z</time>
   </trkpt>
   <trkpt lat="51.1013300" lon="-0.6093240">
    <ele>53.8</ele>
    <time>2020-06-20T11:55:15Z</time>
   </trkpt>
   <trkpt lat="51.1013810" lon="-0.6092330">
    <ele>53.9</ele>
    <time>2020-06-20T11:55:16Z</time>
   </trkpt>
   <trkpt lat="51.1014300" lon="-0.6091430">
    <ele>54.0</ele>
    <time>2020-06-20T11:55:17Z</time>
   </trkpt>
   <trkpt lat="51.1014810" lon="-0.6090550">
    <ele>54.0</ele>
    <time>2020-06-20T11:55:18Z</time>
   </trkpt>
   <trkpt lat="51.1015320" lon="-0.6089690">
    <ele>54.1</ele>
    <time>2020-06-20T11:55:19Z</time>
   </trkpt>
   <trkpt lat="51.1015800" lon="-0.6088890">
    <ele>54.1</ele>
    <time>2020-06-20T11:55:20Z</time>
   </trkpt>
   <trkpt lat="51.1016290" lon="-0.6088180">
    <ele>54.2</ele>
    <time>2020-06-20T11:55:21Z</time>
   </trkpt>
   <trkpt lat="51.1016760" lon="-0.6087390">
    <ele>54.2</ele>
    <time>2020-06-20T11:55:22Z</time>
   </trkpt>
   <trkpt lat="51.1017200" lon="-0.6086630">
    <ele>54.3</ele>
    <time>2020-06-20T11:55:23Z</time>
   </trkpt>
   <trkpt lat="51.1017620" lon="-0.6085840">
    <ele>54.3</ele>
    <time>2020-06-20T11:55:24Z</time>
   </trkpt>
   <trkpt lat="51.1018070" lon="-0.6085020">
    <ele>54.4</ele>
    <time>2020-06-20T11:55:25Z</time>
   </trkpt>
   <trkpt lat="51.1018520" lon="-0.6084220">
    <ele>54.4</ele>
    <time>2020-06-20T11:55:26Z</time>
   </trkpt>
   <trkpt lat="51.1019000" lon="-0.6083420">
    <ele>54.4</ele>
    <time>2020-06-20T11:55:27Z</time>
   </trkpt>
   <trkpt lat="51.1019480" lon="-0.6082610">
    <ele>54.4</ele>
    <time>2020-06-20T11:55:28Z</time>
   </trkpt>
   <trkpt lat="51.1019960" lon="-0.6081800">
    <ele>54.4</ele>
    <time>2020-06-20T11:55:29Z</time>
   </trkpt>
   <trkpt lat="51.1020410" lon="-0.6081010">
    <ele>54.4</ele>
    <time>2020-06-20T11:55:30Z</time>
   </trkpt>
   <trkpt lat="51.1020840" lon="-0.6080230">
    <ele>54.5</ele>
    <time>2020-06-20T11:55:31Z</time>
   </trkpt>
   <trkpt lat="51.1021250" lon="-0.6079550">
    <ele>54.5</ele>
    <time>2020-06-20T11:55:32Z</time>
   </trkpt>
   <trkpt lat="51.1021740" lon="-0.6078780">
    <ele>54.6</ele>
    <time>2020-06-20T11:55:33Z</time>
   </trkpt>
   <trkpt lat="51.1022310" lon="-0.6077900">
    <ele>54.6</ele>
    <time>2020-06-20T11:55:34Z</time>
   </trkpt>
   <trkpt lat="51.1022870" lon="-0.6077070">
    <ele>54.7</ele>
    <time>2020-06-20T11:55:35Z</time>
   </trkpt>
   <trkpt lat="51.1023340" lon="-0.6076320">
    <ele>54.8</ele>
    <time>2020-06-20T11:55:36Z</time>
   </trkpt>
   <trkpt lat="51.1023830" lon="-0.6075580">
    <ele>54.8</ele>
    <time>2020-06-20T11:55:37Z</time>
   </trkpt>
   <trkpt lat="51.1024390" lon="-0.6074810">
    <ele>54.9</ele>
    <time>2020-06-20T11:55:38Z</time>
   </trkpt>
   <trkpt lat="51.1024810" lon="-0.6073960">
    <ele>54.9</ele>
    <time>2020-06-20T11:55:39Z</time>
   </trkpt>
   <trkpt lat="51.1025300" lon="-0.6073120">
    <ele>54.9</ele>
    <time>2020-06-20T11:55:40Z</time>
   </trkpt>
   <trkpt lat="51.1025810" lon="-0.6072270">
    <ele>55.0</ele>
    <time>2020-06-20T11:55:41Z</time>
   </trkpt>
   <trkpt lat="51.1026310" lon="-0.6071500">
    <ele>55.0</ele>
    <time>2020-06-20T11:55:42Z</time>
   </trkpt>
   <trkpt lat="51.1026780" lon="-0.6070750">
    <ele>55.0</ele>
    <time>2020-06-20T11:55:43Z</time>
   </trkpt>
   <trkpt lat="51.1027240" lon="-0.6069940">
    <ele>55.1</ele>
    <time>2020-06-20T11:55:44Z</time>
   </trkpt>
   <trkpt lat="51.1027680" lon="-0.6069170">
    <ele>55.2</ele>
    <time>2020-06-20T11:55:45Z</time>
   </trkpt>
   <trkpt lat="51.1028130" lon="-0.6068450">
    <ele>55.3</ele>
    <time>2020-06-20T11:55:46Z</time>
   </trkpt>
   <trkpt lat="51.1028570" lon="-0.6067700">
    <ele>55.5</ele>
    <time>2020-06-20T11:55:47Z</time>
   </trkpt>
   <trkpt lat="51.1028950" lon="-0.6066980">
    <ele>55.7</ele>
    <time>2020-06-20T11:55:48Z</time>
   </trkpt>
   <trkpt lat="51.1029360" lon="-0.6066280">
    <ele>56.0</ele>
    <time>2020-06-20T11:55:49Z</time>
   </trkpt>
   <trkpt lat="51.1029740" lon="-0.6065660">
    <ele>56.3</ele>
    <time>2020-06-20T11:55:50Z</time>
   </trkpt>
   <trkpt lat="51.1030120" lon="-0.6065010">
    <ele>56.7</ele>
    <time>2020-06-20T11:55:51Z</time>
   </trkpt>
   <trkpt lat="51.1030510" lon="-0.6064290">
    <ele>57.0</ele>
    <time>2020-06-20T11:55:52Z</time>
   </trkpt>
   <trkpt lat="51.1030910" lon="-0.6063580">
    <ele>56.9</ele>
    <time>2020-06-20T11:55:53Z</time>
   </trkpt>
   <trkpt lat="51.1031340" lon="-0.6062960">
    <ele>57.0</ele>
    <time>2020-06-20T11:55:54Z</time>
   </trkpt>
   <trkpt lat="51.1031680" lon="-0.6062400">
    <ele>57.1</ele>
    <time>2020-06-20T11:55:55Z</time>
   </trkpt>
   <trkpt lat="51.1031880" lon="-0.6062010">
    <ele>57.2</ele>
    <time>2020-06-20T11:55:56Z</time>
   </trkpt>
   <trkpt lat="51.1032310" lon="-0.6061350">
    <ele>57.3</ele>
    <time>2020-06-20T11:55:57Z</time>
   </trkpt>
   <trkpt lat="51.1032760" lon="-0.6060620">
    <ele>57.5</ele>
    <time>2020-06-20T11:55:58Z</time>
   </trkpt>
   <trkpt lat="51.1033170" lon="-0.6059860">
    <ele>57.7</ele>
    <time>2020-06-20T11:55:59Z</time>
   </trkpt>
   <trkpt lat="51.1033640" lon="-0.6059110">
    <ele>57.9</ele>
    <time>2020-06-20T11:56:00Z</time>
   </trkpt>
   <trkpt lat="51.1034150" lon="-0.6058490">
    <ele>58.1</ele>
    <time>2020-06-20T11:56:01Z</time>
   </trkpt>
   <trkpt lat="51.1034650" lon="-0.6057850">
    <ele>58.3</ele>
    <time>2020-06-20T11:56:02Z</time>
   </trkpt>
   <trkpt lat="51.1035140" lon="-0.6057260">
    <ele>58.5</ele>
    <time>2020-06-20T11:56:03Z</time>
   </trkpt>
   <trkpt lat="51.1035670" lon="-0.6056550">
    <ele>58.7</ele>
    <time>2020-06-20T11:56:04Z</time>
   </trkpt>
   <trkpt lat="51.1036100" lon="-0.6055850">
    <ele>58.9</ele>
    <time>2020-06-20T11:56:05Z</time>
   </trkpt>
   <trkpt lat="51.1036390" lon="-0.6055310">
    <ele>59.0</ele>
    <time>2020-06-20T11:56:06Z</time>
   </trkpt>
   <trkpt lat="51.1036740" lon="-0.6054800">
    <ele>59.1</ele>
    <time>2020-06-20T11:56:07Z</time>
   </trkpt>
   <trkpt lat="51.1037040" lon="-0.6054220">
    <ele>59.2</ele>
    <time>2020-06-20T11:56:08Z</time>
   </trkpt>
   <trkpt lat="51.1037190" lon="-0.6053770">
    <ele>59.3</ele>
    <time>2020-06-20T11:56:09Z</time>
   </trkpt>
   <trkpt lat="51.1037510" lon="-0.6053220">
    <ele>59.4</ele>
    <time>2020-06-20T11:56:10Z</time>
   </trkpt>
   <trkpt lat="51.1037890" lon="-0.6052750">
    <ele>59.5</ele>
    <time>2020-06-20T11:56:11Z</time>
   </trkpt>
   <trkpt lat="51.1038180" lon="-0.6052210">
    <ele>59.5</ele>
    <time>2020-06-20T11:56:12Z</time>
   </trkpt>
   <trkpt lat="51.1038280" lon="-0.6051510">
    <ele>59.6</ele>
    <time>2020-06-20T11:56:13Z</time>
   </trkpt>
   <trkpt lat="51.1038670" lon="-0.6050720">
    <ele>59.7</ele>
    <time>2020-06-20T11:56:14Z</time>
   </trkpt>
   <trkpt lat="51.1039160" lon="-0.6049900">
    <ele>59.7</ele>
    <time>2020-06-20T11:56:15Z</time>
   </trkpt>
   <trkpt lat="51.1039720" lon="-0.6049180">
    <ele>59.8</ele>
    <time>2020-06-20T11:56:16Z</time>
   </trkpt>
   <trkpt lat="51.1040190" lon="-0.6048470">
    <ele>59.8</ele>
    <time>2020-06-20T11:56:17Z</time>
   </trkpt>
   <trkpt lat="51.1040460" lon="-0.6048040">
    <ele>59.8</ele>
    <time>2020-06-20T11:56:18Z</time>
   </trkpt>
   <trkpt lat="51.1040790" lon="-0.6047190">
    <ele>59.8</ele>
    <time>2020-06-20T11:56:19Z</time>
   </trkpt>
   <trkpt lat="51.1041230" lon="-0.6046090">
    <ele>59.7</ele>
    <time>2020-06-20T11:56:21Z</time>
   </trkpt>
   <trkpt lat="51.1042030" lon="-0.6044380">
    <ele>59.5</ele>
    <time>2020-06-20T11:56:22Z</time>
   </trkpt>
   <trkpt lat="51.1042710" lon="-0.6042910">
    <ele>59.4</ele>
    <time>2020-06-20T11:56:23Z</time>
   </trkpt>
   <trkpt lat="51.1043270" lon="-0.6041030">
    <ele>59.2</ele>
    <time>2020-06-20T11:56:24Z</time>
   </trkpt>
   <trkpt lat="51.1043600" lon="-0.6039660">
    <ele>59.1</ele>
    <time>2020-06-20T11:56:25Z</time>
   </trkpt>
   <trkpt lat="51.1043300" lon="-0.6040120">
    <ele>59.1</ele>
    <time>2020-06-20T11:56:26Z</time>
   </trkpt>
   <trkpt lat="51.1043360" lon="-0.6039940">
    <ele>59.0</ele>
    <time>2020-06-20T11:56:27Z</time>
   </trkpt>
   <trkpt lat="51.1043270" lon="-0.6039670">
    <ele>59.0</ele>
    <time>2020-06-20T11:56:28Z</time>
   </trkpt>
   <trkpt lat="51.1044200" lon="-0.6038070">
    <ele>58.8</ele>
    <time>2020-06-20T11:56:30Z</time>
   </trkpt>
   <trkpt lat="51.1044780" lon="-0.6036980">
    <ele>58.7</ele>
    <time>2020-06-20T11:56:31Z</time>
   </trkpt>
   <trkpt lat="51.1045250" lon="-0.6036030">
    <ele>58.6</ele>
    <time>2020-06-20T11:56:32Z</time>
   </trkpt>
   <trkpt lat="51.1045670" lon="-0.6035140">
    <ele>58.5</ele>
    <time>2020-06-20T11:56:33Z</time>
   </trkpt>
   <trkpt lat="51.1046140" lon="-0.6034260">
    <ele>58.3</ele>
    <time>2020-06-20T11:56:34Z</time>
   </trkpt>
   <trkpt lat="51.1046670" lon="-0.6033400">
    <ele>58.1</ele>
    <time>2020-06-20T11:56:35Z</time>
   </trkpt>
   <trkpt lat="51.1047100" lon="-0.6032530">
    <ele>58.0</ele>
    <time>2020-06-20T11:56:36Z</time>
   </trkpt>
   <trkpt lat="51.1047440" lon="-0.6031640">
    <ele>57.9</ele>
    <time>2020-06-20T11:56:37Z</time>
   </trkpt>
   <trkpt lat="51.1047800" lon="-0.6030670">
    <ele>57.9</ele>
    <time>2020-06-20T11:56:38Z</time>
   </trkpt>
   <trkpt lat="51.1048210" lon="-0.6029860">
    <ele>57.8</ele>
    <time>2020-06-20T11:56:39Z</time>
   </trkpt>
   <trkpt lat="51.1048650" lon="-0.6029020">
    <ele>57.7</ele>
    <time>2020-06-20T11:56:40Z</time>
   </trkpt>
   <trkpt lat="51.1049170" lon="-0.6028180">
    <ele>57.6</ele>
    <time>2020-06-20T11:56:41Z</time>
   </trkpt>
   <trkpt lat="51.1049790" lon="-0.6027400">
    <ele>57.4</ele>
    <time>2020-06-20T11:56:42Z</time>
   </trkpt>
   <trkpt lat="51.1050410" lon="-0.6026520">
    <ele>57.3</ele>
    <time>2020-06-20T11:56:43Z</time>
   </trkpt>
   <trkpt lat="51.1050910" lon="-0.6025660">
    <ele>57.1</ele>
    <time>2020-06-20T11:56:44Z</time>
   </trkpt>
   <trkpt lat="51.1051330" lon="-0.6024890">
    <ele>57.0</ele>
    <time>2020-06-20T11:56:45Z</time>
   </trkpt>
   <trkpt lat="51.1051760" lon="-0.6023830">
    <ele>56.8</ele>
    <time>2020-06-20T11:56:46Z</time>
   </trkpt>
   <trkpt lat="51.1052200" lon="-0.6022830">
    <ele>56.6</ele>
    <time>2020-06-20T11:56:47Z</time>
   </trkpt>
   <trkpt lat="51.1052580" lon="-0.6021850">
    <ele>56.4</ele>
    <time>2020-06-20T11:56:48Z</time>
   </trkpt>
   <trkpt lat="51.1052960" lon="-0.6020920">
    <ele>56.2</ele>
    <time>2020-06-20T11:56:49Z</time>
   </trkpt>
   <trkpt lat="51.1053290" lon="-0.6019880">
    <ele>56.1</ele>
    <time>2020-06-20T11:56:50Z</time>
   </trkpt>
   <trkpt lat="51.1053660" lon="-0.6018830">
    <ele>56.0</ele>
    <time>2020-06-20T11:56:51Z</time>
   </trkpt>
   <trkpt lat="51.1054050" lon="-0.6017970">
    <ele>56.0</ele>
    <time>2020-06-20T11:56:52Z</time>
   </trkpt>
   <trkpt lat="51.1054350" lon="-0.6017030">
    <ele>55.9</ele>
    <time>2020-06-20T11:56:53Z</time>
   </trkpt>
   <trkpt lat="51.1054600" lon="-0.6015940">
    <ele>55.9</ele>
    <time>2020-06-20T11:56:54Z</time>
   </trkpt>
   <trkpt lat="51.1054910" lon="-0.6014810">
    <ele>56.0</ele>
    <time>2020-06-20T11:56:55Z</time>
   </trkpt>
   <trkpt lat="51.1055240" lon="-0.6013660">
    <ele>56.1</ele>
    <time>2020-06-20T11:56:56Z</time>
   </trkpt>
   <trkpt lat="51.1055500" lon="-0.6012560">
    <ele>56.2</ele>
    <time>2020-06-20T11:56:57Z</time>
   </trkpt>
   <trkpt lat="51.1055750" lon="-0.6011490">
    <ele>56.3</ele>
    <time>2020-06-20T11:56:58Z</time>
   </trkpt>
   <trkpt lat="51.1056050" lon="-0.6010500">
    <ele>56.4</ele>
    <time>2020-06-20T11:56:59Z</time>
   </trkpt>
   <trkpt lat="51.1056300" lon="-0.6009580">
    <ele>56.5</ele>
    <time>2020-06-20T11:57:00Z</time>
   </trkpt>
   <trkpt lat="51.1056520" lon="-0.6008560">
    <ele>56.6</ele>
    <time>2020-06-20T11:57:01Z</time>
   </trkpt>
   <trkpt lat="51.1056760" lon="-0.6007570">
    <ele>56.7</ele>
    <time>2020-06-20T11:57:02Z</time>
   </trkpt>
   <trkpt lat="51.1057010" lon="-0.6006520">
    <ele>56.8</ele>
    <time>2020-06-20T11:57:03Z</time>
   </trkpt>
   <trkpt lat="51.1057240" lon="-0.6005490">
    <ele>56.9</ele>
    <time>2020-06-20T11:57:04Z</time>
   </trkpt>
   <trkpt lat="51.1057530" lon="-0.6004470">
    <ele>57.0</ele>
    <time>2020-06-20T11:57:05Z</time>
   </trkpt>
   <trkpt lat="51.1057810" lon="-0.6003420">
    <ele>57.1</ele>
    <time>2020-06-20T11:57:06Z</time>
   </trkpt>
   <trkpt lat="51.1058140" lon="-0.6002400">
    <ele>57.3</ele>
    <time>2020-06-20T11:57:07Z</time>
   </trkpt>
   <trkpt lat="51.1058460" lon="-0.6001460">
    <ele>57.5</ele>
    <time>2020-06-20T11:57:08Z</time>
   </trkpt>
   <trkpt lat="51.1058790" lon="-0.6000470">
    <ele>57.7</ele>
    <time>2020-06-20T11:57:09Z</time>
   </trkpt>
   <trkpt lat="51.1059130" lon="-0.5999550">
    <ele>57.9</ele>
    <time>2020-06-20T11:57:10Z</time>
   </trkpt>
   <trkpt lat="51.1059530" lon="-0.5998630">
    <ele>58.2</ele>
    <time>2020-06-20T11:57:11Z</time>
   </trkpt>
   <trkpt lat="51.1060030" lon="-0.5997710">
    <ele>58.2</ele>
    <time>2020-06-20T11:57:12Z</time>
   </trkpt>
   <trkpt lat="51.1060430" lon="-0.5996830">
    <ele>58.2</ele>
    <time>2020-06-20T11:57:13Z</time>
   </trkpt>
   <trkpt lat="51.1060820" lon="-0.5995930">
    <ele>58.2</ele>
    <time>2020-06-20T11:57:14Z</time>
   </trkpt>
   <trkpt lat="51.1061230" lon="-0.5995050">
    <ele>58.3</ele>
    <time>2020-06-20T11:57:15Z</time>
   </trkpt>
   <trkpt lat="51.1061690" lon="-0.5994220">
    <ele>58.4</ele>
    <time>2020-06-20T11:57:16Z</time>
   </trkpt>
   <trkpt lat="51.1062110" lon="-0.5993420">
    <ele>58.5</ele>
    <time>2020-06-20T11:57:17Z</time>
   </trkpt>
   <trkpt lat="51.1062550" lon="-0.5992660">
    <ele>58.5</ele>
    <time>2020-06-20T11:57:18Z</time>
   </trkpt>
   <trkpt lat="51.1063040" lon="-0.5991880">
    <ele>58.6</ele>
    <time>2020-06-20T11:57:19Z</time>
   </trkpt>
   <trkpt lat="51.1063550" lon="-0.5991180">
    <ele>58.7</ele>
    <time>2020-06-20T11:57:20Z</time>
   </trkpt>
   <trkpt lat="51.1064040" lon="-0.5990540">
    <ele>58.8</ele>
    <time>2020-06-20T11:57:21Z</time>
   </trkpt>
   <trkpt lat="51.1064540" lon="-0.5989970">
    <ele>58.9</ele>
    <time>2020-06-20T11:57:22Z</time>
   </trkpt>
   <trkpt lat="51.1065070" lon="-0.5989360">
    <ele>59.1</ele>
    <time>2020-06-20T11:57:23Z</time>
   </trkpt>
   <trkpt lat="51.1065610" lon="-0.5988720">
    <ele>59.2</ele>
    <time>2020-06-20T11:57:24Z</time>
   </trkpt>
   <trkpt lat="51.1066140" lon="-0.5988040">
    <ele>59.2</ele>
    <time>2020-06-20T11:57:25Z</time>
   </trkpt>
   <trkpt lat="51.1066610" lon="-0.5987360">
    <ele>59.3</ele>
    <time>2020-06-20T11:57:26Z</time>
   </trkpt>
   <trkpt lat="51.1067110" lon="-0.5986700">
    <ele>59.4</ele>
    <time>2020-06-20T11:57:27Z</time>
   </trkpt>
   <trkpt lat="51.1067640" lon="-0.5986110">
    <ele>59.5</ele>
    <time>2020-06-20T11:57:28Z</time>
   </trkpt>
   <trkpt lat="51.1068180" lon="-0.5985470">
    <ele>59.6</ele>
    <time>2020-06-20T11:57:29Z</time>
   </trkpt>
   <trkpt lat="51.1068690" lon="-0.5984820">
    <ele>59.7</ele>
    <time>2020-06-20T11:57:30Z</time>
   </trkpt>
   <trkpt lat="51.1069230" lon="-0.5984270">
    <ele>59.8</ele>
    <time>2020-06-20T11:57:31Z</time>
   </trkpt>
   <trkpt lat="51.1069750" lon="-0.5983630">
    <ele>59.8</ele>
    <time>2020-06-20T11:57:32Z</time>
   </trkpt>
   <trkpt lat="51.1070240" lon="-0.5983050">
    <ele>59.9</ele>
    <time>2020-06-20T11:57:33Z</time>
   </trkpt>
   <trkpt lat="51.1070730" lon="-0.5982460">
    <ele>59.9</ele>
    <time>2020-06-20T11:57:34Z</time>
   </trkpt>
   <trkpt lat="51.1071240" lon="-0.5981900">
    <ele>60.0</ele>
    <time>2020-06-20T11:57:35Z</time>
   </trkpt>
   <trkpt lat="51.1071780" lon="-0.5981320">
    <ele>60.1</ele>
    <time>2020-06-20T11:57:36Z</time>
   </trkpt>
   <trkpt lat="51.1072320" lon="-0.5980690">
    <ele>60.1</ele>
    <time>2020-06-20T11:57:37Z</time>
   </trkpt>
   <trkpt lat="51.1072830" lon="-0.5980060">
    <ele>60.2</ele>
    <time>2020-06-20T11:57:38Z</time>
   </trkpt>
   <trkpt lat="51.1073310" lon="-0.5979440">
    <ele>60.3</ele>
    <time>2020-06-20T11:57:39Z</time>
   </trkpt>
   <trkpt lat="51.1073770" lon="-0.5978810">
    <ele>60.4</ele>
    <time>2020-06-20T11:57:40Z</time>
   </trkpt>
   <trkpt lat="51.1074230" lon="-0.5978210">
    <ele>60.5</ele>
    <time>2020-06-20T11:57:41Z</time>
   </trkpt>
   <trkpt lat="51.1074720" lon="-0.5977600">
    <ele>60.5</ele>
    <time>2020-06-20T11:57:42Z</time>
   </trkpt>
   <trkpt lat="51.1075220" lon="-0.5977050">
    <ele>60.6</ele>
    <time>2020-06-20T11:57:43Z</time>
   </trkpt>
   <trkpt lat="51.1075730" lon="-0.5976490">
    <ele>60.6</ele>
    <time>2020-06-20T11:57:44Z</time>
   </trkpt>
   <trkpt lat="51.1076230" lon="-0.5975930">
    <ele>60.7</ele>
    <time>2020-06-20T11:57:45Z</time>
   </trkpt>
   <trkpt lat="51.1076710" lon="-0.5975360">
    <ele>60.7</ele>
    <time>2020-06-20T11:57:46Z</time>
   </trkpt>
   <trkpt lat="51.1077220" lon="-0.5974800">
    <ele>60.7</ele>
    <time>2020-06-20T11:57:47Z</time>
   </trkpt>
   <trkpt lat="51.1077750" lon="-0.5974230">
    <ele>60.7</ele>
    <time>2020-06-20T11:57:48Z</time>
   </trkpt>
   <trkpt lat="51.1078280" lon="-0.5973710">
    <ele>60.7</ele>
    <time>2020-06-20T11:57:49Z</time>
   </trkpt>
   <trkpt lat="51.1078830" lon="-0.5973190">
    <ele>60.8</ele>
    <time>2020-06-20T11:57:50Z</time>
   </trkpt>
   <trkpt lat="51.1079350" lon="-0.5972620">
    <ele>60.8</ele>
    <time>2020-06-20T11:57:51Z</time>
   </trkpt>
   <trkpt lat="51.1079860" lon="-0.5972100">
    <ele>60.9</ele>
    <time>2020-06-20T11:57:52Z</time>
   </trkpt>
   <trkpt lat="51.1080410" lon="-0.5971530">
    <ele>60.9</ele>
    <time>2020-06-20T11:57:53Z</time>
   </trkpt>
   <trkpt lat="51.1080960" lon="-0.5970900">
    <ele>60.9</ele>
    <time>2020-06-20T11:57:54Z</time>
   </trkpt>
   <trkpt lat="51.1081520" lon="-0.5970270">
    <ele>61.0</ele>
    <time>2020-06-20T11:57:55Z</time>
   </trkpt>
   <trkpt lat="51.1082070" lon="-0.5969710">
    <ele>61.0</ele>
    <time>2020-06-20T11:57:56Z</time>
   </trkpt>
   <trkpt lat="51.1082600" lon="-0.5969130">
    <ele>61.1</ele>
    <time>2020-06-20T11:57:57Z</time>
   </trkpt>
   <trkpt lat="51.1083100" lon="-0.5968570">
    <ele>61.2</ele>
    <time>2020-06-20T11:57:58Z</time>
   </trkpt>
   <trkpt lat="51.1083580" lon="-0.5968010">
    <ele>61.2</ele>
    <time>2020-06-20T11:57:59Z</time>
   </trkpt>
   <trkpt lat="51.1084020" lon="-0.5967490">
    <ele>61.3</ele>
    <time>2020-06-20T11:58:00Z</time>
   </trkpt>
   <trkpt lat="51.1084480" lon="-0.5967000">
    <ele>61.4</ele>
    <time>2020-06-20T11:58:01Z</time>
   </trkpt>
   <trkpt lat="51.1084940" lon="-0.5966390">
    <ele>61.5</ele>
    <time>2020-06-20T11:58:02Z</time>
   </trkpt>
   <trkpt lat="51.1085430" lon="-0.5965910">
    <ele>61.5</ele>
    <time>2020-06-20T11:58:03Z</time>
   </trkpt>
   <trkpt lat="51.1085960" lon="-0.5965540">
    <ele>61.6</ele>
    <time>2020-06-20T11:58:04Z</time>
   </trkpt>
   <trkpt lat="51.1086410" lon="-0.5965090">
    <ele>61.7</ele>
    <time>2020-06-20T11:58:05Z</time>
   </trkpt>
   <trkpt lat="51.1086890" lon="-0.5964630">
    <ele>61.8</ele>
    <time>2020-06-20T11:58:06Z</time>
   </trkpt>
   <trkpt lat="51.1087320" lon="-0.5964030">
    <ele>61.8</ele>
    <time>2020-06-20T11:58:07Z</time>
   </trkpt>
   <trkpt lat="51.1087790" lon="-0.5963460">
    <ele>61.8</ele>
    <time>2020-06-20T11:58:08Z</time>
   </trkpt>
   <trkpt lat="51.1088340" lon="-0.5962900">
    <ele>61.8</ele>
    <time>2020-06-20T11:58:09Z</time>
   </trkpt>
   <trkpt lat="51.1088840" lon="-0.5962370">
    <ele>61.8</ele>
    <time>2020-06-20T11:58:10Z</time>
   </trkpt>
   <trkpt lat="51.1089290" lon="-0.5961830">
    <ele>61.8</ele>
    <time>2020-06-20T11:58:11Z</time>
   </trkpt>
   <trkpt lat="51.1089750" lon="-0.5961340">
    <ele>61.9</ele>
    <time>2020-06-20T11:58:12Z</time>
   </trkpt>
   <trkpt lat="51.1090200" lon="-0.5960810">
    <ele>61.9</ele>
    <time>2020-06-20T11:58:13Z</time>
   </trkpt>
   <trkpt lat="51.1090660" lon="-0.5960230">
    <ele>61.9</ele>
    <time>2020-06-20T11:58:14Z</time>
   </trkpt>
   <trkpt lat="51.1091130" lon="-0.5959640">
    <ele>61.8</ele>
    <time>2020-06-20T11:58:15Z</time>
   </trkpt>
   <trkpt lat="51.1091630" lon="-0.5959110">
    <ele>61.8</ele>
    <time>2020-06-20T11:58:16Z</time>
   </trkpt>
   <trkpt lat="51.1092170" lon="-0.5958560">
    <ele>61.8</ele>
    <time>2020-06-20T11:58:17Z</time>
   </trkpt>
   <trkpt lat="51.1092700" lon="-0.5957990">
    <ele>61.7</ele>
    <time>2020-06-20T11:58:18Z</time>
   </trkpt>
   <trkpt lat="51.1093200" lon="-0.5957350">
    <ele>61.7</ele>
    <time>2020-06-20T11:58:19Z</time>
   </trkpt>
   <trkpt lat="51.1093730" lon="-0.5956740">
    <ele>61.7</ele>
    <time>2020-06-20T11:58:20Z</time>
   </trkpt>
   <trkpt lat="51.1094240" lon="-0.5956150">
    <ele>61.7</ele>
    <time>2020-06-20T11:58:21Z</time>
   </trkpt>
   <trkpt lat="51.1094680" lon="-0.5955540">
    <ele>61.7</ele>
    <time>2020-06-20T11:58:22Z</time>
   </trkpt>
   <trkpt lat="51.1095090" lon="-0.5954900">
    <ele>61.7</ele>
    <time>2020-06-20T11:58:23Z</time>
   </trkpt>
   <trkpt lat="51.1095590" lon="-0.5954280">
    <ele>61.8</ele>
    <time>2020-06-20T11:58:24Z</time>
   </trkpt>
   <trkpt lat="51.1096140" lon="-0.5953720">
    <ele>61.8</ele>
    <time>2020-06-20T11:58:25Z</time>
   </trkpt>
   <trkpt lat="51.1096690" lon="-0.5953180">
    <ele>61.7</ele>
    <time>2020-06-20T11:58:26Z</time>
   </trkpt>
   <trkpt lat="51.1097290" lon="-0.5952590">
    <ele>61.6</ele>
    <time>2020-06-20T11:58:27Z</time>
   </trkpt>
   <trkpt lat="51.1097820" lon="-0.5951950">
    <ele>61.5</ele>
    <time>2020-06-20T11:58:28Z</time>
   </trkpt>
   <trkpt lat="51.1098380" lon="-0.5951290">
    <ele>61.3</ele>
    <time>2020-06-20T11:58:29Z</time>
   </trkpt>
   <trkpt lat="51.1098940" lon="-0.5950650">
    <ele>61.2</ele>
    <time>2020-06-20T11:58:30Z</time>
   </trkpt>
   <trkpt lat="51.1099430" lon="-0.5949890">
    <ele>61.1</ele>
    <time>2020-06-20T11:58:31Z</time>
   </trkpt>
   <trkpt lat="51.1099910" lon="-0.5949100">
    <ele>61.0</ele>
    <time>2020-06-20T11:58:32Z</time>
   </trkpt>
   <trkpt lat="51.1100500" lon="-0.5948460">
    <ele>60.9</ele>
    <time>2020-06-20T11:58:33Z</time>
   </trkpt>
   <trkpt lat="51.1101150" lon="-0.5947610">
    <ele>60.8</ele>
    <time>2020-06-20T11:58:34Z</time>
   </trkpt>
   <trkpt lat="51.1101750" lon="-0.5946700">
    <ele>60.7</ele>
    <time>2020-06-20T11:58:35Z</time>
   </trkpt>
   <trkpt lat="51.1102310" lon="-0.5945810">
    <ele>60.5</ele>
    <time>2020-06-20T11:58:36Z</time>
   </trkpt>
   <trkpt lat="51.1102840" lon="-0.5944940">
    <ele>60.4</ele>
    <time>2020-06-20T11:58:37Z</time>
   </trkpt>
   <trkpt lat="51.1103360" lon="-0.5944190">
    <ele>60.2</ele>
    <time>2020-06-20T11:58:38Z</time>
   </trkpt>
   <trkpt lat="51.1103900" lon="-0.5943350">
    <ele>60.1</ele>
    <time>2020-06-20T11:58:39Z</time>
   </trkpt>
   <trkpt lat="51.1104470" lon="-0.5942290">
    <ele>59.9</ele>
    <time>2020-06-20T11:58:40Z</time>
   </trkpt>
   <trkpt lat="51.1104890" lon="-0.5941290">
    <ele>59.8</ele>
    <time>2020-06-20T11:58:41Z</time>
   </trkpt>
   <trkpt lat="51.1105330" lon="-0.5940360">
    <ele>59.8</ele>
    <time>2020-06-20T11:58:42Z</time>
   </trkpt>
   <trkpt lat="51.1105720" lon="-0.5939420">
    <ele>59.7</ele>
    <time>2020-06-20T11:58:43Z</time>
   </trkpt>
   <trkpt lat="51.1106160" lon="-0.5938520">
    <ele>59.6</ele>
    <time>2020-06-20T11:58:44Z</time>
   </trkpt>
   <trkpt lat="51.1106680" lon="-0.5937570">
    <ele>59.6</ele>
    <time>2020-06-20T11:58:45Z</time>
   </trkpt>
   <trkpt lat="51.1107230" lon="-0.5936650">
    <ele>59.4</ele>
    <time>2020-06-20T11:58:46Z</time>
   </trkpt>
   <trkpt lat="51.1107800" lon="-0.5935620">
    <ele>59.3</ele>
    <time>2020-06-20T11:58:47Z</time>
   </trkpt>
   <trkpt lat="51.1108280" lon="-0.5934520">
    <ele>59.1</ele>
    <time>2020-06-20T11:58:48Z</time>
   </trkpt>
   <trkpt lat="51.1108730" lon="-0.5933540">
    <ele>59.0</ele>
    <time>2020-06-20T11:58:49Z</time>
   </trkpt>
   <trkpt lat="51.1109240" lon="-0.5932620">
    <ele>58.9</ele>
    <time>2020-06-20T11:58:50Z</time>
   </trkpt>
   <trkpt lat="51.1109720" lon="-0.5931710">
    <ele>58.8</ele>
    <time>2020-06-20T11:58:51Z</time>
   </trkpt>
   <trkpt lat="51.1110200" lon="-0.5930730">
    <ele>58.7</ele>
    <time>2020-06-20T11:58:52Z</time>
   </trkpt>
   <trkpt lat="51.1110690" lon="-0.5929760">
    <ele>58.6</ele>
    <time>2020-06-20T11:58:53Z</time>
   </trkpt>
   <trkpt lat="51.1111170" lon="-0.5928720">
    <ele>58.5</ele>
    <time>2020-06-20T11:58:54Z</time>
   </trkpt>
   <trkpt lat="51.1111640" lon="-0.5927680">
    <ele>58.4</ele>
    <time>2020-06-20T11:58:55Z</time>
   </trkpt>
   <trkpt lat="51.1112070" lon="-0.5926670">
    <ele>58.4</ele>
    <time>2020-06-20T11:58:56Z</time>
   </trkpt>
   <trkpt lat="51.1112480" lon="-0.5925630">
    <ele>58.3</ele>
    <time>2020-06-20T11:58:57Z</time>
   </trkpt>
   <trkpt lat="51.1112870" lon="-0.5924570">
    <ele>58.3</ele>
    <time>2020-06-20T11:58:58Z</time>
   </trkpt>
   <trkpt lat="51.1113280" lon="-0.5923580">
    <ele>58.2</ele>
    <time>2020-06-20T11:58:59Z</time>
   </trkpt>
   <trkpt lat="51.1113680" lon="-0.5922660">
    <ele>58.2</ele>
    <time>2020-06-20T11:59:00Z</time>
   </trkpt>
   <trkpt lat="51.1113980" lon="-0.5921610">
    <ele>58.2</ele>
    <time>2020-06-20T11:59:01Z</time>
   </trkpt>
   <trkpt lat="51.1114310" lon="-0.5920610">
    <ele>58.1</ele>
    <time>2020-06-20T11:59:02Z</time>
   </trkpt>
   <trkpt lat="51.1114680" lon="-0.5919550">
    <ele>58.1</ele>
    <time>2020-06-20T11:59:03Z</time>
   </trkpt>
   <trkpt lat="51.1114980" lon="-0.5918310">
    <ele>57.9</ele>
    <time>2020-06-20T11:59:04Z</time>
   </trkpt>
   <trkpt lat="51.1115320" lon="-0.5917080">
    <ele>57.8</ele>
    <time>2020-06-20T11:59:05Z</time>
   </trkpt>
   <trkpt lat="51.1115660" lon="-0.5915910">
    <ele>57.7</ele>
    <time>2020-06-20T11:59:06Z</time>
   </trkpt>
   <trkpt lat="51.1116010" lon="-0.5914700">
    <ele>57.6</ele>
    <time>2020-06-20T11:59:07Z</time>
   </trkpt>
   <trkpt lat="51.1116340" lon="-0.5913500">
    <ele>57.4</ele>
    <time>2020-06-20T11:59:08Z</time>
   </trkpt>
   <trkpt lat="51.1116660" lon="-0.5912290">
    <ele>57.3</ele>
    <time>2020-06-20T11:59:09Z</time>
   </trkpt>
   <trkpt lat="51.1116990" lon="-0.5911150">
    <ele>57.1</ele>
    <time>2020-06-20T11:59:10Z</time>
   </trkpt>
   <trkpt lat="51.1117290" lon="-0.5910010">
    <ele>57.0</ele>
    <time>2020-06-20T11:59:11Z</time>
   </trkpt>
   <trkpt lat="51.1117610" lon="-0.5908910">
    <ele>56.8</ele>
    <time>2020-06-20T11:59:12Z</time>
   </trkpt>
   <trkpt lat="51.1118000" lon="-0.5907850">
    <ele>56.5</ele>
    <time>2020-06-20T11:59:13Z</time>
   </trkpt>
   <trkpt lat="51.1118310" lon="-0.5906800">
    <ele>56.2</ele>
    <time>2020-06-20T11:59:14Z</time>
   </trkpt>
   <trkpt lat="51.1118680" lon="-0.5905670">
    <ele>55.9</ele>
    <time>2020-06-20T11:59:15Z</time>
   </trkpt>
   <trkpt lat="51.1119070" lon="-0.5904490">
    <ele>55.5</ele>
    <time>2020-06-20T11:59:16Z</time>
   </trkpt>
   <trkpt lat="51.1119450" lon="-0.5903390">
    <ele>55.2</ele>
    <time>2020-06-20T11:59:17Z</time>
   </trkpt>
   <trkpt lat="51.1119790" lon="-0.5902220">
    <ele>54.9</ele>
    <time>2020-06-20T11:59:18Z</time>
   </trkpt>
   <trkpt lat="51.1120150" lon="-0.5901040">
    <ele>54.6</ele>
    <time>2020-06-20T11:59:19Z</time>
   </trkpt>
   <trkpt lat="51.1120550" lon="-0.5900020">
    <ele>54.3</ele>
    <time>2020-06-20T11:59:20Z</time>
   </trkpt>
   <trkpt lat="51.1120980" lon="-0.5898860">
    <ele>53.9</ele>
    <time>2020-06-20T11:59:21Z</time>
   </trkpt>
   <trkpt lat="51.1121350" lon="-0.5897740">
    <ele>53.6</ele>
    <time>2020-06-20T11:59:22Z</time>
   </trkpt>
   <trkpt lat="51.1121710" lon="-0.5896610">
    <ele>53.3</ele>
    <time>2020-06-20T11:59:23Z</time>
   </trkpt>
   <trkpt lat="51.1122190" lon="-0.5895480">
    <ele>53.1</ele>
    <time>2020-06-20T11:59:24Z</time>
   </trkpt>
   <trkpt lat="51.1122470" lon="-0.5894360">
    <ele>52.8</ele>
    <time>2020-06-20T11:59:25Z</time>
   </trkpt>
   <trkpt lat="51.1122660" lon="-0.5893080">
    <ele>52.6</ele>
    <time>2020-06-20T11:59:26Z</time>
   </trkpt>
   <trkpt lat="51.1122720" lon="-0.5891700">
    <ele>52.3</ele>
    <time>2020-06-20T11:59:27Z</time>
   </trkpt>
   <trkpt lat="51.1122670" lon="-0.5890080">
    <ele>51.9</ele>
    <time>2020-06-20T11:59:28Z</time>
   </trkpt>
   <trkpt lat="51.1122630" lon="-0.5888750">
    <ele>51.5</ele>
    <time>2020-06-20T11:59:29Z</time>
   </trkpt>
   <trkpt lat="51.1122450" lon="-0.5887630">
    <ele>51.3</ele>
    <time>2020-06-20T11:59:30Z</time>
   </trkpt>
   <trkpt lat="51.1122290" lon="-0.5886110">
    <ele>51.0</ele>
    <time>2020-06-20T11:59:31Z</time>
   </trkpt>
   <trkpt lat="51.1122110" lon="-0.5884640">
    <ele>50.8</ele>
    <time>2020-06-20T11:59:32Z</time>
   </trkpt>
   <trkpt lat="51.1121870" lon="-0.5883170">
    <ele>50.7</ele>
    <time>2020-06-20T11:59:33Z</time>
   </trkpt>
   <trkpt lat="51.1121540" lon="-0.5881830">
    <ele>50.4</ele>
    <time>2020-06-20T11:59:34Z</time>
   </trkpt>
   <trkpt lat="51.1120840" lon="-0.5880560">
    <ele>50.2</ele>
    <time>2020-06-20T11:59:35Z</time>
   </trkpt>
   <trkpt lat="51.1120210" lon="-0.5879480">
    <ele>50.1</ele>
    <time>2020-06-20T11:59:36Z</time>
   </trkpt>
   <trkpt lat="51.1119510" lon="-0.5878560">
    <ele>50.0</ele>
    <time>2020-06-20T11:59:37Z</time>
   </trkpt>
   <trkpt lat="51.1118770" lon="-0.5877780">
    <ele>50.1</ele>
    <time>2020-06-20T11:59:38Z</time>
   </trkpt>
   <trkpt lat="51.1117890" lon="-0.5877150">
    <ele>50.1</ele>
    <time>2020-06-20T11:59:39Z</time>
   </trkpt>
   <trkpt lat="51.1117160" lon="-0.5876510">
    <ele>50.2</ele>
    <time>2020-06-20T11:59:40Z</time>
   </trkpt>
   <trkpt lat="51.1116420" lon="-0.5875890">
    <ele>50.3</ele>
    <time>2020-06-20T11:59:41Z</time>
   </trkpt>
   <trkpt lat="51.1115670" lon="-0.5875340">
    <ele>50.4</ele>
    <time>2020-06-20T11:59:42Z</time>
   </trkpt>
   <trkpt lat="51.1114950" lon="-0.5874790">
    <ele>50.6</ele>
    <time>2020-06-20T11:59:43Z</time>
   </trkpt>
   <trkpt lat="51.1114250" lon="-0.5874210">
    <ele>50.7</ele>
    <time>2020-06-20T11:59:44Z</time>
   </trkpt>
   <trkpt lat="51.1113560" lon="-0.5873440">
    <ele>50.9</ele>
    <time>2020-06-20T11:59:45Z</time>
   </trkpt>
   <trkpt lat="51.1112960" lon="-0.5872620">
    <ele>51.1</ele>
    <time>2020-06-20T11:59:46Z</time>
   </trkpt>
   <trkpt lat="51.1112350" lon="-0.5871850">
    <ele>51.3</ele>
    <time>2020-06-20T11:59:47Z</time>
   </trkpt>
   <trkpt lat="51.1111720" lon="-0.5870960">
    <ele>51.6</ele>
    <time>2020-06-20T11:59:48Z</time>
   </trkpt>
   <trkpt lat="51.1111070" lon="-0.5870200">
    <ele>51.7</ele>
    <time>2020-06-20T11:59:49Z</time>
   </trkpt>
   <trkpt lat="51.1110490" lon="-0.5869410">
    <ele>51.7</ele>
    <time>2020-06-20T11:59:50Z</time>
   </trkpt>
   <trkpt lat="51.1109930" lon="-0.5868390">
    <ele>51.7</ele>
    <time>2020-06-20T11:59:51Z</time>
   </trkpt>
   <trkpt lat="51.1109520" lon="-0.5867270">
    <ele>51.8</ele>
    <time>2020-06-20T11:59:52Z</time>
   </trkpt>
   <trkpt lat="51.1109110" lon="-0.5866310">
    <ele>51.9</ele>
    <time>2020-06-20T11:59:53Z</time>
   </trkpt>
   <trkpt lat="51.1108690" lon="-0.5865490">
    <ele>51.9</ele>
    <time>2020-06-20T11:59:54Z</time>
   </trkpt>
   <trkpt lat="51.1108130" lon="-0.5864760">
    <ele>52.0</ele>
    <time>2020-06-20T11:59:55Z</time>
   </trkpt>
   <trkpt lat="51.1107460" lon="-0.5864230">
    <ele>52.1</ele>
    <time>2020-06-20T11:59:56Z</time>
   </trkpt>
   <trkpt lat="51.1106810" lon="-0.5863870">
    <ele>52.2</ele>
    <time>2020-06-20T11:59:57Z</time>
   </trkpt>
   <trkpt lat="51.1106180" lon="-0.5863620">
    <ele>52.3</ele>
    <time>2020-06-20T11:59:58Z</time>
   </trkpt>
   <trkpt lat="51.1105500" lon="-0.5863430">
    <ele>52.3</ele>
    <time>2020-06-20T11:59:59Z</time>
   </trkpt>
   <trkpt lat="51.1104830" lon="-0.5863300">
    <ele>52.3</ele>
    <time>2020-06-20T12:00:00Z</time>
   </trkpt>
   <trkpt lat="51.1104190" lon="-0.5863040">
    <ele>52.1</ele>
    <time>2020-06-20T12:00:01Z</time>
   </trkpt>
   <trkpt lat="51.1103600" lon="-0.5862390">
    <ele>51.9</ele>
    <time>2020-06-20T12:00:02Z</time>
   </trkpt>
   <trkpt lat="51.1102990" lon="-0.5861640">
    <ele>51.7</ele>
    <time>2020-06-20T12:00:03Z</time>
   </trkpt>
   <trkpt lat="51.1102430" lon="-0.5860770">
    <ele>51.5</ele>
    <time>2020-06-20T12:00:04Z</time>
   </trkpt>
   <trkpt lat="51.1101910" lon="-0.5859700">
    <ele>51.2</ele>
    <time>2020-06-20T12:00:05Z</time>
   </trkpt>
   <trkpt lat="51.1101400" lon="-0.5858660">
    <ele>51.0</ele>
    <time>2020-06-20T12:00:06Z</time>
   </trkpt>
   <trkpt lat="51.1100890" lon="-0.5857630">
    <ele>50.7</ele>
    <time>2020-06-20T12:00:07Z</time>
   </trkpt>
   <trkpt lat="51.1100380" lon="-0.5856670">
    <ele>50.5</ele>
    <time>2020-06-20T12:00:08Z</time>
   </trkpt>
   <trkpt lat="51.1099860" lon="-0.5855620">
    <ele>50.3</ele>
    <time>2020-06-20T12:00:09Z</time>
   </trkpt>
   <trkpt lat="51.1099320" lon="-0.5854640">
    <ele>50.1</ele>
    <time>2020-06-20T12:00:10Z</time>
   </trkpt>
   <trkpt lat="51.1098790" lon="-0.5853660">
    <ele>49.8</ele>
    <time>2020-06-20T12:00:11Z</time>
   </trkpt>
   <trkpt lat="51.1098280" lon="-0.5852680">
    <ele>49.6</ele>
    <time>2020-06-20T12:00:12Z</time>
   </trkpt>
   <trkpt lat="51.1097770" lon="-0.5851750">
    <ele>49.4</ele>
    <time>2020-06-20T12:00:13Z</time>
   </trkpt>
   <trkpt lat="51.1097260" lon="-0.5850680">
    <ele>49.2</ele>
    <time>2020-06-20T12:00:14Z</time>
   </trkpt>
   <trkpt lat="51.1096720" lon="-0.5849610">
    <ele>49.0</ele>
    <time>2020-06-20T12:00:15Z</time>
   </trkpt>
   <trkpt lat="51.1096170" lon="-0.5848590">
    <ele>48.9</ele>
    <time>2020-06-20T12:00:16Z</time>
   </trkpt>
   <trkpt lat="51.1095650" lon="-0.5847560">
    <ele>48.8</ele>
    <time>2020-06-20T12:00:17Z</time>
   </trkpt>
   <trkpt lat="51.1095110" lon="-0.5846570">
    <ele>48.7</ele>
    <time>2020-06-20T12:00:18Z</time>
   </trkpt>
   <trkpt lat="51.1094600" lon="-0.5845530">
    <ele>48.7</ele>
    <time>2020-06-20T12:00:19Z</time>
   </trkpt>
   <trkpt lat="51.1094080" lon="-0.5844540">
    <ele>48.5</ele>
    <time>2020-06-20T12:00:20Z</time>
   </trkpt>
   <trkpt lat="51.1093540" lon="-0.5843610">
    <ele>48.3</ele>
    <time>2020-06-20T12:00:21Z</time>
   </trkpt>
   <trkpt lat="51.1093000" lon="-0.5842700">
    <ele>48.2</ele>
    <time>2020-06-20T12:00:22Z</time>
   </trkpt>
   <trkpt lat="51.1092500" lon="-0.5841730">
    <ele>48.1</ele>
    <time>2020-06-20T12:00:23Z</time>
   </trkpt>
   <trkpt lat="51.1092030" lon="-0.5840680">
    <ele>48.1</ele>
    <time>2020-06-20T12:00:24Z</time>
   </trkpt>
   <trkpt lat="51.1091570" lon="-0.5839620">
    <ele>48.1</ele>
    <time>2020-06-20T12:00:25Z</time>
   </trkpt>
   <trkpt lat="51.1091110" lon="-0.5838630">
    <ele>48.2</ele>
    <time>2020-06-20T12:00:26Z</time>
   </trkpt>
   <trkpt lat="51.1090680" lon="-0.5837660">
    <ele>48.2</ele>
    <time>2020-06-20T12:00:27Z</time>
   </trkpt>
   <trkpt lat="51.1090270" lon="-0.5836720">
    <ele>48.2</ele>
    <time>2020-06-20T12:00:28Z</time>
   </trkpt>
   <trkpt lat="51.1089820" lon="-0.5835760">
    <ele>48.2</ele>
    <time>2020-06-20T12:00:29Z</time>
   </trkpt>
   <trkpt lat="51.1089320" lon="-0.5834790">
    <ele>48.3</ele>
    <time>2020-06-20T12:00:30Z</time>
   </trkpt>
   <trkpt lat="51.1088850" lon="-0.5833790">
    <ele>48.3</ele>
    <time>2020-06-20T12:00:31Z</time>
   </trkpt>
   <trkpt lat="51.1088390" lon="-0.5832900">
    <ele>48.3</ele>
    <time>2020-06-20T12:00:32Z</time>
   </trkpt>
   <trkpt lat="51.1087960" lon="-0.5832060">
    <ele>48.3</ele>
    <time>2020-06-20T12:00:33Z</time>
   </trkpt>
   <trkpt lat="51.1087530" lon="-0.5831180">
    <ele>48.3</ele>
    <time>2020-06-20T12:00:34Z</time>
   </trkpt>
   <trkpt lat="51.1087150" lon="-0.5830160">
    <ele>48.3</ele>
    <time>2020-06-20T12:00:35Z</time>
   </trkpt>
   <trkpt lat="51.1086860" lon="-0.5829090">
    <ele>48.2</ele>
    <time>2020-06-20T12:00:36Z</time>
   </trkpt>
   <trkpt lat="51.1086620" lon="-0.5828030">
    <ele>48.1</ele>
    <time>2020-06-20T12:00:37Z</time>
   </trkpt>
   <trkpt lat="51.1086490" lon="-0.5826970">
    <ele>48.0</ele>
    <time>2020-06-20T12:00:38Z</time>
   </trkpt>
   <trkpt lat="51.1086520" lon="-0.5825830">
    <ele>47.9</ele>
    <time>2020-06-20T12:00:39Z</time>
   </trkpt>
   <trkpt lat="51.1086770" lon="-0.5824630">
    <ele>47.9</ele>
    <time>2020-06-20T12:00:40Z</time>
   </trkpt>
   <trkpt lat="51.1087060" lon="-0.5823380">
    <ele>47.8</ele>
    <time>2020-06-20T12:00:41Z</time>
   </trkpt>
   <trkpt lat="51.1087190" lon="-0.5822200">
    <ele>47.8</ele>
    <time>2020-06-20T12:00:42Z</time>
   </trkpt>
   <trkpt lat="51.1087360" lon="-0.5821200">
    <ele>47.7</ele>
    <time>2020-06-20T12:00:43Z</time>
   </trkpt>
   <trkpt lat="51.1087460" lon="-0.5820210">
    <ele>47.7</ele>
    <time>2020-06-20T12:00:44Z</time>
   </trkpt>
   <trkpt lat="51.1087570" lon="-0.5819190">
    <ele>47.7</ele>
    <time>2020-06-20T12:00:45Z</time>
   </trkpt>
   <trkpt lat="51.1087750" lon="-0.5818030">
    <ele>47.6</ele>
    <time>2020-06-20T12:00:46Z</time>
   </trkpt>
   <trkpt lat="51.1087910" lon="-0.5816760">
    <ele>47.6</ele>
    <time>2020-06-20T12:00:47Z</time>
   </trkpt>
   <trkpt lat="51.1088070" lon="-0.5815540">
    <ele>47.7</ele>
    <time>2020-06-20T12:00:48Z</time>
   </trkpt>
   <trkpt lat="51.1088150" lon="-0.5814490">
    <ele>47.8</ele>
    <time>2020-06-20T12:00:49Z</time>
   </trkpt>
   <trkpt lat="51.1088080" lon="-0.5813330">
    <ele>47.8</ele>
    <time>2020-06-20T12:00:50Z</time>
   </trkpt>
   <trkpt lat="51.1088200" lon="-0.5812090">
    <ele>47.9</ele>
    <time>2020-06-20T12:00:51Z</time>
   </trkpt>
   <trkpt lat="51.1088220" lon="-0.5810930">
    <ele>48.0</ele>
    <time>2020-06-20T12:00:52Z</time>
   </trkpt>
   <trkpt lat="51.1088190" lon="-0.5810040">
    <ele>48.0</ele>
    <time>2020-06-20T12:00:53Z</time>
   </trkpt>
   <trkpt lat="51.1088300" lon="-0.5809100">
    <ele>48.0</ele>
    <time>2020-06-20T12:00:54Z</time>
   </trkpt>
   <trkpt lat="51.1088490" lon="-0.5807990">
    <ele>47.9</ele>
    <time>2020-06-20T12:00:55Z</time>
   </trkpt>
   <trkpt lat="51.1088520" lon="-0.5806740">
    <ele>47.8</ele>
    <time>2020-06-20T12:00:56Z</time>
   </trkpt>
   <trkpt lat="51.1088580" lon="-0.5805300">
    <ele>47.8</ele>
    <time>2020-06-20T12:00:57Z</time>
   </trkpt>
   <trkpt lat="51.1088680" lon="-0.5804010">
    <ele>47.7</ele>
    <time>2020-06-20T12:00:58Z</time>
   </trkpt>
   <trkpt lat="51.1088710" lon="-0.5802860">
    <ele>47.7</ele>
    <time>2020-06-20T12:00:59Z</time>
   </trkpt>
   <trkpt lat="51.1088710" lon="-0.5801630">
    <ele>47.7</ele>
    <time>2020-06-20T12:01:00Z</time>
   </trkpt>
   <trkpt lat="51.1088740" lon="-0.5800470">
    <ele>47.7</ele>
    <time>2020-06-20T12:01:01Z</time>
   </trkpt>
   <trkpt lat="51.1088800" lon="-0.5799310">
    <ele>47.7</ele>
    <time>2020-06-20T12:01:02Z</time>
   </trkpt>
   <trkpt lat="51.1088880" lon="-0.5798190">
    <ele>47.6</ele>
    <time>2020-06-20T12:01:03Z</time>
   </trkpt>
   <trkpt lat="51.1088960" lon="-0.5797080">
    <ele>47.5</ele>
    <time>2020-06-20T12:01:04Z</time>
   </trkpt>
   <trkpt lat="51.1089020" lon="-0.5795980">
    <ele>47.4</ele>
    <time>2020-06-20T12:01:05Z</time>
   </trkpt>
   <trkpt lat="51.1089120" lon="-0.5794850">
    <ele>47.2</ele>
    <time>2020-06-20T12:01:06Z</time>
   </trkpt>
   <trkpt lat="51.1089220" lon="-0.5793720">
    <ele>47.1</ele>
    <time>2020-06-20T12:01:07Z</time>
   </trkpt>
   <trkpt lat="51.1089280" lon="-0.5792560">
    <ele>46.9</ele>
    <time>2020-06-20T12:01:08Z</time>
   </trkpt>
   <trkpt lat="51.1089290" lon="-0.5791420">
    <ele>46.8</ele>
    <time>2020-06-20T12:01:09Z</time>
   </trkpt>
   <trkpt lat="51.1089310" lon="-0.5790320">
    <ele>46.6</ele>
    <time>2020-06-20T12:01:10Z</time>
   </trkpt>
   <trkpt lat="51.1089300" lon="-0.5789210">
    <ele>46.4</ele>
    <time>2020-06-20T12:01:11Z</time>
   </trkpt>
   <trkpt lat="51.1089270" lon="-0.5788050">
    <ele>46.2</ele>
    <time>2020-06-20T12:01:12Z</time>
   </trkpt>
   <trkpt lat="51.1089240" lon="-0.5786880">
    <ele>46.0</ele>
    <time>2020-06-20T12:01:13Z</time>
   </trkpt>
   <trkpt lat="51.1089110" lon="-0.5785580">
    <ele>45.8</ele>
    <time>2020-06-20T12:01:14Z</time>
   </trkpt>
   <trkpt lat="51.1088960" lon="-0.5784320">
    <ele>45.5</ele>
    <time>2020-06-20T12:01:15Z</time>
   </trkpt>
   <trkpt lat="51.1088810" lon="-0.5783040">
    <ele>45.3</ele>
    <time>2020-06-20T12:01:16Z</time>
   </trkpt>
   <trkpt lat="51.1088710" lon="-0.5781680">
    <ele>45.1</ele>
    <time>2020-06-20T12:01:17Z</time>
   </trkpt>
   <trkpt lat="51.1088530" lon="-0.5780310">
    <ele>45.0</ele>
    <time>2020-06-20T12:01:18Z</time>
   </trkpt>
   <trkpt lat="51.1088330" lon="-0.5778930">
    <ele>44.8</ele>
    <time>2020-06-20T12:01:19Z</time>
   </trkpt>
   <trkpt lat="51.1088270" lon="-0.5777620">
    <ele>44.6</ele>
    <time>2020-06-20T12:01:20Z</time>
   </trkpt>
   <trkpt lat="51.1088140" lon="-0.5776390">
    <ele>44.5</ele>
    <time>2020-06-20T12:01:21Z</time>
   </trkpt>
   <trkpt lat="51.1088040" lon="-0.5775070">
    <ele>44.3</ele>
    <time>2020-06-20T12:01:22Z</time>
   </trkpt>
   <trkpt lat="51.1087930" lon="-0.5773790">
    <ele>44.2</ele>
    <time>2020-06-20T12:01:23Z</time>
   </trkpt>
   <trkpt lat="51.1087850" lon="-0.5772550">
    <ele>44.1</ele>
    <time>2020-06-20T12:01:24Z</time>
   </trkpt>
   <trkpt lat="51.1087750" lon="-0.5771280">
    <ele>44.2</ele>
    <time>2020-06-20T12:01:25Z</time>
   </trkpt>
   <trkpt lat="51.1087620" lon="-0.5770010">
    <ele>44.2</ele>
    <time>2020-06-20T12:01:26Z</time>
   </trkpt>
   <trkpt lat="51.1087460" lon="-0.5768790">
    <ele>44.2</ele>
    <time>2020-06-20T12:01:27Z</time>
   </trkpt>
   <trkpt lat="51.1087300" lon="-0.5767620">
    <ele>44.2</ele>
    <time>2020-06-20T12:01:28Z</time>
   </trkpt>
   <trkpt lat="51.1087150" lon="-0.5766450">
    <ele>44.1</ele>
    <time>2020-06-20T12:01:29Z</time>
   </trkpt>
   <trkpt lat="51.1087010" lon="-0.5765240">
    <ele>43.9</ele>
    <time>2020-06-20T12:01:30Z</time>
   </trkpt>
   <trkpt lat="51.1086810" lon="-0.5764080">
    <ele>43.7</ele>
    <time>2020-06-20T12:01:31Z</time>
   </trkpt>
   <trkpt lat="51.1086610" lon="-0.5762880">
    <ele>43.6</ele>
    <time>2020-06-20T12:01:32Z</time>
   </trkpt>
   <trkpt lat="51.1086570" lon="-0.5761630">
    <ele>43.4</ele>
    <time>2020-06-20T12:01:33Z</time>
   </trkpt>
   <trkpt lat="51.1086540" lon="-0.5760360">
    <ele>43.2</ele>
    <time>2020-06-20T12:01:34Z</time>
   </trkpt>
   <trkpt lat="51.1086470" lon="-0.5759230">
    <ele>43.1</ele>
    <time>2020-06-20T12:01:35Z</time>
   </trkpt>
   <trkpt lat="51.1086500" lon="-0.5758000">
    <ele>43.0</ele>
    <time>2020-06-20T12:01:36Z</time>
   </trkpt>
   <trkpt lat="51.1086490" lon="-0.5756830">
    <ele>42.8</ele>
    <time>2020-06-20T12:01:37Z</time>
   </trkpt>
   <trkpt lat="51.1086460" lon="-0.5755600">
    <ele>42.7</ele>
    <time>2020-06-20T12:01:38Z</time>
   </trkpt>
   <trkpt lat="51.1086470" lon="-0.5754320">
    <ele>42.6</ele>
    <time>2020-06-20T12:01:39Z</time>
   </trkpt>
   <trkpt lat="51.1086490" lon="-0.5753050">
    <ele>42.4</ele>
    <time>2020-06-20T12:01:40Z</time>
   </trkpt>
   <trkpt lat="51.1086540" lon="-0.5751680">
    <ele>42.3</ele>
    <time>2020-06-20T12:01:41Z</time>
   </trkpt>
   <trkpt lat="51.1086620" lon="-0.5750370">
    <ele>42.1</ele>
    <time>2020-06-20T12:01:42Z</time>
   </trkpt>
   <trkpt lat="51.1086720" lon="-0.5749050">
    <ele>41.9</ele>
    <time>2020-06-20T12:01:43Z</time>
   </trkpt>
   <trkpt lat="51.1086820" lon="-0.5747810">
    <ele>41.8</ele>
    <time>2020-06-20T12:01:44Z</time>
   </trkpt>
   <trkpt lat="51.1086810" lon="-0.5746620">
    <ele>41.7</ele>
    <time>2020-06-20T12:01:45Z</time>
   </trkpt>
   <trkpt lat="51.1086900" lon="-0.5745450">
    <ele>41.5</ele>
    <time>2020-06-20T12:01:46Z</time>
   </trkpt>
   <trkpt lat="51.1087040" lon="-0.5744210">
    <ele>41.4</ele>
    <time>2020-06-20T12:01:47Z</time>
   </trkpt>
   <trkpt lat="51.1087120" lon="-0.5742980">
    <ele>41.3</ele>
    <time>2020-06-20T12:01:48Z</time>
   </trkpt>
   <trkpt lat="51.1087190" lon="-0.5741620">
    <ele>41.2</ele>
    <time>2020-06-20T12:01:49Z</time>
   </trkpt>
   <trkpt lat="51.1087340" lon="-0.5740280">
    <ele>41.0</ele>
    <time>2020-06-20T12:01:50Z</time>
   </trkpt>
   <trkpt lat="51.1087500" lon="-0.5738970">
    <ele>40.8</ele>
    <time>2020-06-20T12:01:51Z</time>
   </trkpt>
   <trkpt lat="51.1087570" lon="-0.5737740">
    <ele>40.5</ele>
    <time>2020-06-20T12:01:52Z</time>
   </trkpt>
   <trkpt lat="51.1087670" lon="-0.5736500">
    <ele>40.2</ele>
    <time>2020-06-20T12:01:53Z</time>
   </trkpt>
   <trkpt lat="51.1087840" lon="-0.5735260">
    <ele>39.7</ele>
    <time>2020-06-20T12:01:54Z</time>
   </trkpt>
   <trkpt lat="51.1087960" lon="-0.5734020">
    <ele>39.5</ele>
    <time>2020-06-20T12:01:55Z</time>
   </trkpt>
   <trkpt lat="51.1088050" lon="-0.5732700">
    <ele>39.2</ele>
    <time>2020-06-20T12:01:56Z</time>
   </trkpt>
   <trkpt lat="51.1088080" lon="-0.5731310">
    <ele>39.0</ele>
    <time>2020-06-20T12:01:57Z</time>
   </trkpt>
   <trkpt lat="51.1088090" lon="-0.5729880">
    <ele>38.7</ele>
    <time>2020-06-20T12:01:58Z</time>
   </trkpt>
   <trkpt lat="51.1088140" lon="-0.5728390">
    <ele>38.4</ele>
    <time>2020-06-20T12:01:59Z</time>
   </trkpt>
   <trkpt lat="51.1088180" lon="-0.5726950">
    <ele>38.3</ele>
    <time>2020-06-20T12:02:00Z</time>
   </trkpt>
   <trkpt lat="51.1088170" lon="-0.5725490">
    <ele>38.2</ele>
    <time>2020-06-20T12:02:01Z</time>
   </trkpt>
   <trkpt lat="51.1088160" lon="-0.5724180">
    <ele>38.1</ele>
    <time>2020-06-20T12:02:02Z</time>
   </trkpt>
   <trkpt lat="51.1088160" lon="-0.5722970">
    <ele>38.1</ele>
    <time>2020-06-20T12:02:03Z</time>
   </trkpt>
   <trkpt lat="51.1088110" lon="-0.5721700">
    <ele>38.0</ele>
    <time>2020-06-20T12:02:04Z</time>
   </trkpt>
   <trkpt lat="51.1088020" lon="-0.5720520">
    <ele>38.0</ele>
    <time>2020-06-20T12:02:05Z</time>
   </trkpt>
   <trkpt lat="51.1088000" lon="-0.5719330">
    <ele>38.0</ele>
    <time>2020-06-20T12:02:06Z</time>
   </trkpt>
   <trkpt lat="51.1087930" lon="-0.5718160">
    <ele>37.7</ele>
    <time>2020-06-20T12:02:07Z</time>
   </trkpt>
   <trkpt lat="51.1087820" lon="-0.5717010">
    <ele>37.3</ele>
    <time>2020-06-20T12:02:08Z</time>
   </trkpt>
   <trkpt lat="51.1087670" lon="-0.5715910">
    <ele>36.8</ele>
    <time>2020-06-20T12:02:09Z</time>
   </trkpt>
   <trkpt lat="51.1087480" lon="-0.5714690">
    <ele>36.2</ele>
    <time>2020-06-20T12:02:10Z</time>
   </trkpt>
   <trkpt lat="51.1087300" lon="-0.5713290">
    <ele>35.5</ele>
    <time>2020-06-20T12:02:11Z</time>
   </trkpt>
   <trkpt lat="51.1087120" lon="-0.5712010">
    <ele>34.9</ele>
    <time>2020-06-20T12:02:12Z</time>
   </trkpt>
   <trkpt lat="51.1086860" lon="-0.5710640">
    <ele>34.2</ele>
    <time>2020-06-20T12:02:13Z</time>
   </trkpt>
   <trkpt lat="51.1086490" lon="-0.5709310">
    <ele>33.7</ele>
    <time>2020-06-20T12:02:14Z</time>
   </trkpt>
   <trkpt lat="51.1086030" lon="-0.5707960">
    <ele>33.2</ele>
    <time>2020-06-20T12:02:15Z</time>
   </trkpt>
   <trkpt lat="51.1085520" lon="-0.5706710">
    <ele>32.8</ele>
    <time>2020-06-20T12:02:16Z</time>
   </trkpt>
   <trkpt lat="51.1085030" lon="-0.5705500">
    <ele>32.5</ele>
    <time>2020-06-20T12:02:17Z</time>
   </trkpt>
   <trkpt lat="51.1084520" lon="-0.5704360">
    <ele>32.2</ele>
    <time>2020-06-20T12:02:18Z</time>
   </trkpt>
   <trkpt lat="51.1084080" lon="-0.5703190">
    <ele>32.0</ele>
    <time>2020-06-20T12:02:19Z</time>
   </trkpt>
   <trkpt lat="51.1083770" lon="-0.5701920">
    <ele>31.8</ele>
    <time>2020-06-20T12:02:20Z</time>
   </trkpt>
   <trkpt lat="51.1083560" lon="-0.5700570">
    <ele>31.8</ele>
    <time>2020-06-20T12:02:21Z</time>
   </trkpt>
   <trkpt lat="51.1083590" lon="-0.5699250">
    <ele>31.8</ele>
    <time>2020-06-20T12:02:22Z</time>
   </trkpt>
   <trkpt lat="51.1083800" lon="-0.5697960">
    <ele>31.8</ele>
    <time>2020-06-20T12:02:23Z</time>
   </trkpt>
   <trkpt lat="51.1084190" lon="-0.5696750">
    <ele>31.5</ele>
    <time>2020-06-20T12:02:24Z</time>
   </trkpt>
   <trkpt lat="51.1084680" lon="-0.5695590">
    <ele>31.2</ele>
    <time>2020-06-20T12:02:25Z</time>
   </trkpt>
   <trkpt lat="51.1085150" lon="-0.5694380">
    <ele>30.9</ele>
    <time>2020-06-20T12:02:26Z</time>
   </trkpt>
   <trkpt lat="51.1085640" lon="-0.5693170">
    <ele>30.7</ele>
    <time>2020-06-20T12:02:27Z</time>
   </trkpt>
   <trkpt lat="51.1086090" lon="-0.5692010">
    <ele>30.6</ele>
    <time>2020-06-20T12:02:28Z</time>
   </trkpt>
   <trkpt lat="51.1086440" lon="-0.5690750">
    <ele>30.5</ele>
    <time>2020-06-20T12:02:29Z</time>
   </trkpt>
   <trkpt lat="51.1086760" lon="-0.5689430">
    <ele>30.5</ele>
    <time>2020-06-20T12:02:30Z</time>
   </trkpt>
   <trkpt lat="51.1087060" lon="-0.5688120">
    <ele>30.6</ele>
    <time>2020-06-20T12:02:31Z</time>
   </trkpt>
   <trkpt lat="51.1087360" lon="-0.5686840">
    <ele>30.7</ele>
    <time>2020-06-20T12:02:32Z</time>
   </trkpt>
   <trkpt lat="51.1087670" lon="-0.5685620">
    <ele>30.8</ele>
    <time>2020-06-20T12:02:33Z</time>
   </trkpt>
   <trkpt lat="51.1088000" lon="-0.5684480">
    <ele>30.9</ele>
    <time>2020-06-20T12:02:34Z</time>
   </trkpt>
   <trkpt lat="51.1088340" lon="-0.5683360">
    <ele>31.1</ele>
    <time>2020-06-20T12:02:35Z</time>
   </trkpt>
   <trkpt lat="51.1088690" lon="-0.5682340">
    <ele>31.3</ele>
    <time>2020-06-20T12:02:36Z</time>
   </trkpt>
   <trkpt lat="51.1089040" lon="-0.5681310">
    <ele>31.5</ele>
    <time>2020-06-20T12:02:37Z</time>
   </trkpt>
   <trkpt lat="51.1089400" lon="-0.5680340">
    <ele>31.7</ele>
    <time>2020-06-20T12:02:38Z</time>
   </trkpt>
   <trkpt lat="51.1089790" lon="-0.5679460">
    <ele>31.9</ele>
    <time>2020-06-20T12:02:39Z</time>
   </trkpt>
   <trkpt lat="51.1090190" lon="-0.5678590">
    <ele>32.2</ele>
    <time>2020-06-20T12:02:40Z</time>
   </trkpt>
   <trkpt lat="51.1090580" lon="-0.5677760">
    <ele>32.5</ele>
    <time>2020-06-20T12:02:41Z</time>
   </trkpt>
   <trkpt lat="51.1091020" lon="-0.5676950">
    <ele>33.0</ele>
    <time>2020-06-20T12:02:42Z</time>
   </trkpt>
   <trkpt lat="51.1091490" lon="-0.5676210">
    <ele>33.5</ele>
    <time>2020-06-20T12:02:43Z</time>
   </trkpt>
   <trkpt lat="51.1091910" lon="-0.5675720">
    <ele>33.9</ele>
    <time>2020-06-20T12:02:44Z</time>
   </trkpt>
   <trkpt lat="51.1092370" lon="-0.5675100">
    <ele>34.5</ele>
    <time>2020-06-20T12:02:45Z</time>
   </trkpt>
   <trkpt lat="51.1092720" lon="-0.5674440">
    <ele>35.1</ele>
    <time>2020-06-20T12:02:46Z</time>
   </trkpt>
   <trkpt lat="51.1092990" lon="-0.5673950">
    <ele>35.5</ele>
    <time>2020-06-20T12:02:47Z</time>
   </trkpt>
   <trkpt lat="51.1093240" lon="-0.5673630">
    <ele>35.9</ele>
    <time>2020-06-20T12:02:48Z</time>
   </trkpt>
   <trkpt lat="51.1093510" lon="-0.5673240">
    <ele>36.4</ele>
    <time>2020-06-20T12:02:49Z</time>
   </trkpt>
   <trkpt lat="51.1093920" lon="-0.5672740">
    <ele>37.1</ele>
    <time>2020-06-20T12:02:50Z</time>
   </trkpt>
   <trkpt lat="51.1094200" lon="-0.5672310">
    <ele>37.7</ele>
    <time>2020-06-20T12:02:51Z</time>
   </trkpt>
   <trkpt lat="51.1094440" lon="-0.5671890">
    <ele>38.2</ele>
    <time>2020-06-20T12:02:52Z</time>
   </trkpt>
   <trkpt lat="51.1094620" lon="-0.5671300">
    <ele>38.8</ele>
    <time>2020-06-20T12:02:53Z</time>
   </trkpt>
   <trkpt lat="51.1094880" lon="-0.5670520">
    <ele>39.6</ele>
    <time>2020-06-20T12:02:54Z</time>
   </trkpt>
   <trkpt lat="51.1094360" lon="-0.5670740">
    <ele>40.4</ele>
    <time>2020-06-20T12:02:55Z</time>
   </trkpt>
   <trkpt lat="51.1094660" lon="-0.5669950">
    <ele>41.1</ele>
    <time>2020-06-20T12:02:57Z</time>
   </trkpt>
   <trkpt lat="51.1095300" lon="-0.5669500">
    <ele>42.0</ele>
    <time>2020-06-20T12:02:58Z</time>
   </trkpt>
   <trkpt lat="51.1095020" lon="-0.5669760">
    <ele>42.4</ele>
    <time>2020-06-20T12:02:59Z</time>
   </trkpt>
   <trkpt lat="51.1095340" lon="-0.5669730">
    <ele>42.8</ele>
    <time>2020-06-20T12:03:01Z</time>
   </trkpt>
   <trkpt lat="51.1095510" lon="-0.5669530">
    <ele>43.0</ele>
    <time>2020-06-20T12:03:02Z</time>
   </trkpt>
   <trkpt lat="51.1095800" lon="-0.5669060">
    <ele>43.5</ele>
    <time>2020-06-20T12:03:03Z</time>
   </trkpt>
   <trkpt lat="51.1096400" lon="-0.5668180">
    <ele>44.4</ele>
    <time>2020-06-20T12:03:05Z</time>
   </trkpt>
   <trkpt lat="51.1097190" lon="-0.5666930">
    <ele>45.4</ele>
    <time>2020-06-20T12:03:07Z</time>
   </trkpt>
   <trkpt lat="51.1097720" lon="-0.5666100">
    <ele>46.1</ele>
    <time>2020-06-20T12:03:08Z</time>
   </trkpt>
   <trkpt lat="51.1098230" lon="-0.5665340">
    <ele>46.6</ele>
    <time>2020-06-20T12:03:09Z</time>
   </trkpt>
   <trkpt lat="51.1098840" lon="-0.5664650">
    <ele>47.2</ele>
    <time>2020-06-20T12:03:10Z</time>
   </trkpt>
   <trkpt lat="51.1099300" lon="-0.5664040">
    <ele>47.7</ele>
    <time>2020-06-20T12:03:11Z</time>
   </trkpt>
   <trkpt lat="51.1100030" lon="-0.5663350">
    <ele>48.3</ele>
    <time>2020-06-20T12:03:13Z</time>
   </trkpt>
   <trkpt lat="51.1100490" lon="-0.5662940">
    <ele>48.7</ele>
    <time>2020-06-20T12:03:14Z</time>
   </trkpt>
   <trkpt lat="51.1100880" lon="-0.5662500">
    <ele>49.1</ele>
    <time>2020-06-20T12:03:15Z</time>
   </trkpt>
   <trkpt lat="51.1101350" lon="-0.5661720">
    <ele>49.7</ele>
    <time>2020-06-20T12:03:17Z</time>
   </trkpt>
   <trkpt lat="51.1101670" lon="-0.5661060">
    <ele>50.1</ele>
    <time>2020-06-20T12:03:18Z</time>
   </trkpt>
   <trkpt lat="51.1102210" lon="-0.5660200">
    <ele>50.7</ele>
    <time>2020-06-20T12:03:20Z</time>
   </trkpt>
   <trkpt lat="51.1102700" lon="-0.5659690">
    <ele>51.1</ele>
    <time>2020-06-20T12:03:21Z</time>
   </trkpt>
   <trkpt lat="51.1103330" lon="-0.5659080">
    <ele>51.4</ele>
    <time>2020-06-20T12:03:23Z</time>
   </trkpt>
   <trkpt lat="51.1103640" lon="-0.5658790">
    <ele>51.5</ele>
    <time>2020-06-20T12:03:24Z</time>
   </trkpt>
   <trkpt lat="51.1104060" lon="-0.5658450">
    <ele>51.8</ele>
    <time>2020-06-20T12:03:25Z</time>
   </trkpt>
   <trkpt lat="51.1104320" lon="-0.5658190">
    <ele>51.9</ele>
    <time>2020-06-20T12:03:26Z</time>
   </trkpt>
   <trkpt lat="51.1104830" lon="-0.5657710">
    <ele>52.1</ele>
    <time>2020-06-20T12:03:27Z</time>
   </trkpt>
   <trkpt lat="51.1105270" lon="-0.5657300">
    <ele>52.2</ele>
    <time>2020-06-20T12:03:28Z</time>
   </trkpt>
   <trkpt lat="51.1105860" lon="-0.5656850">
    <ele>52.2</ele>
    <time>2020-06-20T12:03:30Z</time>
   </trkpt>
   <trkpt lat="51.1106370" lon="-0.5656480">
    <ele>52.3</ele>
    <time>2020-06-20T12:03:31Z</time>
   </trkpt>
   <trkpt lat="51.1106990" lon="-0.5656060">
    <ele>52.3</ele>
    <time>2020-06-20T12:03:33Z</time>
   </trkpt>
   <trkpt lat="51.1107380" lon="-0.5655860">
    <ele>52.3</ele>
    <time>2020-06-20T12:03:34Z</time>
   </trkpt>
   <trkpt lat="51.1107740" lon="-0.5655670">
    <ele>52.3</ele>
    <time>2020-06-20T12:03:35Z</time>
   </trkpt>
   <trkpt lat="51.1108350" lon="-0.5655240">
    <ele>52.4</ele>
    <time>2020-06-20T12:03:36Z</time>
   </trkpt>
   <trkpt lat="51.1108730" lon="-0.5654920">
    <ele>52.4</ele>
    <time>2020-06-20T12:03:38Z</time>
   </trkpt>
   <trkpt lat="51.1109470" lon="-0.5654380">
    <ele>52.4</ele>
    <time>2020-06-20T12:03:40Z</time>
   </trkpt>
   <trkpt lat="51.1109880" lon="-0.5653980">
    <ele>52.4</ele>
    <time>2020-06-20T12:03:41Z</time>
   </trkpt>
   <trkpt lat="51.1110830" lon="-0.5653260">
    <ele>52.4</ele>
    <time>2020-06-20T12:03:43Z</time>
   </trkpt>
   <trkpt lat="51.1111690" lon="-0.5652530">
    <ele>52.4</ele>
    <time>2020-06-20T12:03:44Z</time>
   </trkpt>
   <trkpt lat="51.1112170" lon="-0.5652080">
    <ele>52.5</ele>
    <time>2020-06-20T12:03:46Z</time>
   </trkpt>
   <trkpt lat="51.1113240" lon="-0.5651500">
    <ele>52.4</ele>
    <time>2020-06-20T12:03:48Z</time>
   </trkpt>
   <trkpt lat="51.1113720" lon="-0.5651240">
    <ele>52.4</ele>
    <time>2020-06-20T12:03:49Z</time>
   </trkpt>
   <trkpt lat="51.1114410" lon="-0.5650850">
    <ele>52.4</ele>
    <time>2020-06-20T12:03:51Z</time>
   </trkpt>
   <trkpt lat="51.1115100" lon="-0.5650250">
    <ele>52.4</ele>
    <time>2020-06-20T12:03:52Z</time>
   </trkpt>
   <trkpt lat="51.1115530" lon="-0.5649940">
    <ele>52.4</ele>
    <time>2020-06-20T12:03:53Z</time>
   </trkpt>
   <trkpt lat="51.1115880" lon="-0.5649600">
    <ele>52.4</ele>
    <time>2020-06-20T12:03:54Z</time>
   </trkpt>
   <trkpt lat="51.1116320" lon="-0.5649240">
    <ele>52.5</ele>
    <time>2020-06-20T12:03:55Z</time>
   </trkpt>
   <trkpt lat="51.1117180" lon="-0.5648670">
    <ele>52.5</ele>
    <time>2020-06-20T12:03:57Z</time>
   </trkpt>
   <trkpt lat="51.1118200" lon="-0.5648110">
    <ele>52.5</ele>
    <time>2020-06-20T12:03:58Z</time>
   </trkpt>
   <trkpt lat="51.1119380" lon="-0.5647050">
    <ele>52.6</ele>
    <time>2020-06-20T12:04:00Z</time>
   </trkpt>
   <trkpt lat="51.1119900" lon="-0.5646630">
    <ele>52.5</ele>
    <time>2020-06-20T12:04:01Z</time>
   </trkpt>
   <trkpt lat="51.1120440" lon="-0.5646210">
    <ele>52.5</ele>
    <time>2020-06-20T12:04:02Z</time>
   </trkpt>
   <trkpt lat="51.1121000" lon="-0.5645770">
    <ele>52.5</ele>
    <time>2020-06-20T12:04:03Z</time>
   </trkpt>
   <trkpt lat="51.1121690" lon="-0.5645400">
    <ele>52.5</ele>
    <time>2020-06-20T12:04:04Z</time>
   </trkpt>
   <trkpt lat="51.1122350" lon="-0.5645060">
    <ele>52.5</ele>
    <time>2020-06-20T12:04:05Z</time>
   </trkpt>
   <trkpt lat="51.1123020" lon="-0.5644670">
    <ele>52.6</ele>
    <time>2020-06-20T12:04:06Z</time>
   </trkpt>
   <trkpt lat="51.1123610" lon="-0.5644290">
    <ele>52.6</ele>
    <time>2020-06-20T12:04:07Z</time>
   </trkpt>
   <trkpt lat="51.1124140" lon="-0.5643900">
    <ele>52.6</ele>
    <time>2020-06-20T12:04:08Z</time>
   </trkpt>
   <trkpt lat="51.1124670" lon="-0.5643520">
    <ele>52.6</ele>
    <time>2020-06-20T12:04:09Z</time>
   </trkpt>
   <trkpt lat="51.1125210" lon="-0.5643100">
    <ele>52.7</ele>
    <time>2020-06-20T12:04:10Z</time>
   </trkpt>
   <trkpt lat="51.1125780" lon="-0.5642690">
    <ele>52.7</ele>
    <time>2020-06-20T12:04:11Z</time>
   </trkpt>
   <trkpt lat="51.1126310" lon="-0.5642270">
    <ele>52.7</ele>
    <time>2020-06-20T12:04:12Z</time>
   </trkpt>
   <trkpt lat="51.1126830" lon="-0.5641870">
    <ele>52.7</ele>
    <time>2020-06-20T12:04:13Z</time>
   </trkpt>
   <trkpt lat="51.1127330" lon="-0.5641500">
    <ele>52.7</ele>
    <time>2020-06-20T12:04:14Z</time>
   </trkpt>
   <trkpt lat="51.1127850" lon="-0.5641160">
    <ele>52.8</ele>
    <time>2020-06-20T12:04:15Z</time>
   </trkpt>
   <trkpt lat="51.1128320" lon="-0.5640860">
    <ele>52.8</ele>
    <time>2020-06-20T12:04:16Z</time>
   </trkpt>
   <trkpt lat="51.1128850" lon="-0.5640510">
    <ele>52.8</ele>
    <time>2020-06-20T12:04:17Z</time>
   </trkpt>
   <trkpt lat="51.1129350" lon="-0.5640030">
    <ele>52.8</ele>
    <time>2020-06-20T12:04:18Z</time>
   </trkpt>
   <trkpt lat="51.1129910" lon="-0.5639510">
    <ele>52.8</ele>
    <time>2020-06-20T12:04:19Z</time>
   </trkpt>
   <trkpt lat="51.1130510" lon="-0.5639020">
    <ele>52.8</ele>
    <time>2020-06-20T12:04:20Z</time>
   </trkpt>
   <trkpt lat="51.1131090" lon="-0.5638560">
    <ele>52.8</ele>
    <time>2020-06-20T12:04:21Z</time>
   </trkpt>
   <trkpt lat="51.1131690" lon="-0.5638140">
    <ele>52.7</ele>
    <time>2020-06-20T12:04:22Z</time>
   </trkpt>
   <trkpt lat="51.1132310" lon="-0.5637680">
    <ele>52.7</ele>
    <time>2020-06-20T12:04:23Z</time>
   </trkpt>
   <trkpt lat="51.1132960" lon="-0.5637250">
    <ele>52.7</ele>
    <time>2020-06-20T12:04:24Z</time>
   </trkpt>
   <trkpt lat="51.1133570" lon="-0.5636840">
    <ele>52.7</ele>
    <time>2020-06-20T12:04:25Z</time>
   </trkpt>
   <trkpt lat="51.1134170" lon="-0.5636370">
    <ele>52.7</ele>
    <time>2020-06-20T12:04:26Z</time>
   </trkpt>
   <trkpt lat="51.1134750" lon="-0.5635870">
    <ele>52.7</ele>
    <time>2020-06-20T12:04:27Z</time>
   </trkpt>
   <trkpt lat="51.1135330" lon="-0.5635400">
    <ele>52.7</ele>
    <time>2020-06-20T12:04:28Z</time>
   </trkpt>
   <trkpt lat="51.1135930" lon="-0.5634950">
    <ele>52.8</ele>
    <time>2020-06-20T12:04:29Z</time>
   </trkpt>
   <trkpt lat="51.1136530" lon="-0.5634560">
    <ele>52.8</ele>
    <time>2020-06-20T12:04:30Z</time>
   </trkpt>
   <trkpt lat="51.1137130" lon="-0.5634230">
    <ele>52.7</ele>
    <time>2020-06-20T12:04:31Z</time>
   </trkpt>
   <trkpt lat="51.1137710" lon="-0.5633960">
    <ele>52.7</ele>
    <time>2020-06-20T12:04:32Z</time>
   </trkpt>
   <trkpt lat="51.1138220" lon="-0.5633570">
    <ele>52.7</ele>
    <time>2020-06-20T12:04:33Z</time>
   </trkpt>
   <trkpt lat="51.1138780" lon="-0.5633170">
    <ele>52.6</ele>
    <time>2020-06-20T12:04:34Z</time>
   </trkpt>
   <trkpt lat="51.1139360" lon="-0.5632680">
    <ele>52.6</ele>
    <time>2020-06-20T12:04:35Z</time>
   </trkpt>
   <trkpt lat="51.1139920" lon="-0.5632170">
    <ele>52.6</ele>
    <time>2020-06-20T12:04:36Z</time>
   </trkpt>
   <trkpt lat="51.1140500" lon="-0.5631790">
    <ele>52.6</ele>
    <time>2020-06-20T12:04:37Z</time>
   </trkpt>
   <trkpt lat="51.1141090" lon="-0.5631490">
    <ele>52.6</ele>
    <time>2020-06-20T12:04:38Z</time>
   </trkpt>
   <trkpt lat="51.1141650" lon="-0.5631210">
    <ele>52.6</ele>
    <time>2020-06-20T12:04:39Z</time>
   </trkpt>
   <trkpt lat="51.1142210" lon="-0.5630810">
    <ele>52.6</ele>
    <time>2020-06-20T12:04:40Z</time>
   </trkpt>
   <trkpt lat="51.1142740" lon="-0.5630470">
    <ele>52.6</ele>
    <time>2020-06-20T12:04:41Z</time>
   </trkpt>
   <trkpt lat="51.1143240" lon="-0.5630020">
    <ele>52.6</ele>
    <time>2020-06-20T12:04:42Z</time>
   </trkpt>
   <trkpt lat="51.1143720" lon="-0.5629610">
    <ele>52.6</ele>
    <time>2020-06-20T12:04:43Z</time>
   </trkpt>
   <trkpt lat="51.1144250" lon="-0.5629240">
    <ele>52.6</ele>
    <time>2020-06-20T12:04:44Z</time>
   </trkpt>
   <trkpt lat="51.1144800" lon="-0.5628800">
    <ele>52.7</ele>
    <time>2020-06-20T12:04:45Z</time>
   </trkpt>
   <trkpt lat="51.1145370" lon="-0.5628380">
    <ele>52.7</ele>
    <time>2020-06-20T12:04:46Z</time>
   </trkpt>
   <trkpt lat="51.1145970" lon="-0.5628070">
    <ele>52.5</ele>
    <time>2020-06-20T12:04:47Z</time>
   </trkpt>
   <trkpt lat="51.1146600" lon="-0.5627710">
    <ele>52.4</ele>
    <time>2020-06-20T12:04:48Z</time>
   </trkpt>
   <trkpt lat="51.1147270" lon="-0.5627250">
    <ele>52.3</ele>
    <time>2020-06-20T12:04:49Z</time>
   </trkpt>
   <trkpt lat="51.1147930" lon="-0.5626860">
    <ele>52.2</ele>
    <time>2020-06-20T12:04:50Z</time>
   </trkpt>
   <trkpt lat="51.1148550" lon="-0.5626450">
    <ele>52.1</ele>
    <time>2020-06-20T12:04:51Z</time>
   </trkpt>
   <trkpt lat="51.1149230" lon="-0.5626020">
    <ele>52.1</ele>
    <time>2020-06-20T12:04:52Z</time>
   </trkpt>
   <trkpt lat="51.1149970" lon="-0.5625660">
    <ele>52.1</ele>
    <time>2020-06-20T12:04:53Z</time>
   </trkpt>
   <trkpt lat="51.1150660" lon="-0.5625420">
    <ele>52.1</ele>
    <time>2020-06-20T12:04:54Z</time>
   </trkpt>
   <trkpt lat="51.1151240" lon="-0.5625220">
    <ele>52.1</ele>
    <time>2020-06-20T12:04:55Z</time>
   </trkpt>
   <trkpt lat="51.1151860" lon="-0.5625010">
    <ele>52.1</ele>
    <time>2020-06-20T12:04:56Z</time>
   </trkpt>
   <trkpt lat="51.1152560" lon="-0.5624670">
    <ele>52.1</ele>
    <time>2020-06-20T12:04:57Z</time>
   </trkpt>
   <trkpt lat="51.1153290" lon="-0.5624400">
    <ele>52.1</ele>
    <time>2020-06-20T12:04:58Z</time>
   </trkpt>
   <trkpt lat="51.1154010" lon="-0.5624230">
    <ele>52.2</ele>
    <time>2020-06-20T12:04:59Z</time>
   </trkpt>
   <trkpt lat="51.1154700" lon="-0.5624160">
    <ele>52.2</ele>
    <time>2020-06-20T12:05:00Z</time>
   </trkpt>
   <trkpt lat="51.1155360" lon="-0.5624120">
    <ele>52.3</ele>
    <time>2020-06-20T12:05:01Z</time>
   </trkpt>
   <trkpt lat="51.1156060" lon="-0.5624050">
    <ele>52.2</ele>
    <time>2020-06-20T12:05:02Z</time>
   </trkpt>
   <trkpt lat="51.1156790" lon="-0.5623980">
    <ele>52.2</ele>
    <time>2020-06-20T12:05:03Z</time>
   </trkpt>
   <trkpt lat="51.1157470" lon="-0.5624030">
    <ele>52.1</ele>
    <time>2020-06-20T12:05:04Z</time>
   </trkpt>
   <trkpt lat="51.1158110" lon="-0.5624080">
    <ele>52.1</ele>
    <time>2020-06-20T12:05:05Z</time>
   </trkpt>
   <trkpt lat="51.1158820" lon="-0.5624220">
    <ele>52.0</ele>
    <time>2020-06-20T12:05:06Z</time>
   </trkpt>
   <trkpt lat="51.1159510" lon="-0.5624350">
    <ele>52.0</ele>
    <time>2020-06-20T12:05:07Z</time>
   </trkpt>
   <trkpt lat="51.1160210" lon="-0.5624590">
    <ele>52.1</ele>
    <time>2020-06-20T12:05:08Z</time>
   </trkpt>
   <trkpt lat="51.1160870" lon="-0.5624870">
    <ele>52.1</ele>
    <time>2020-06-20T12:05:09Z</time>
   </trkpt>
   <trkpt lat="51.1161550" lon="-0.5625170">
    <ele>52.2</ele>
    <time>2020-06-20T12:05:10Z</time>
   </trkpt>
   <trkpt lat="51.1162260" lon="-0.5625460">
    <ele>52.3</ele>
    <time>2020-06-20T12:05:11Z</time>
   </trkpt>
   <trkpt lat="51.1162910" lon="-0.5625830">
    <ele>52.2</ele>
    <time>2020-06-20T12:05:12Z</time>
   </trkpt>
   <trkpt lat="51.1163550" lon="-0.5626190">
    <ele>52.2</ele>
    <time>2020-06-20T12:05:13Z</time>
   </trkpt>
   <trkpt lat="51.1164170" lon="-0.5626510">
    <ele>52.2</ele>
    <time>2020-06-20T12:05:14Z</time>
   </trkpt>
   <trkpt lat="51.1164770" lon="-0.5626810">
    <ele>52.3</ele>
    <time>2020-06-20T12:05:15Z</time>
   </trkpt>
   <trkpt lat="51.1165370" lon="-0.5627160">
    <ele>52.3</ele>
    <time>2020-06-20T12:05:16Z</time>
   </trkpt>
   <trkpt lat="51.1165960" lon="-0.5627520">
    <ele>52.3</ele>
    <time>2020-06-20T12:05:17Z</time>
   </trkpt>
   <trkpt lat="51.1166590" lon="-0.5627890">
    <ele>52.3</ele>
    <time>2020-06-20T12:05:18Z</time>
   </trkpt>
   <trkpt lat="51.1167220" lon="-0.5628230">
    <ele>52.3</ele>
    <time>2020-06-20T12:05:19Z</time>
   </trkpt>
   <trkpt lat="51.1167870" lon="-0.5628590">
    <ele>52.3</ele>
    <time>2020-06-20T12:05:20Z</time>
   </trkpt>
   <trkpt lat="51.1168550" lon="-0.5628970">
    <ele>52.4</ele>
    <time>2020-06-20T12:05:21Z</time>
   </trkpt>
   <trkpt lat="51.1169230" lon="-0.5629390">
    <ele>52.4</ele>
    <time>2020-06-20T12:05:22Z</time>
   </trkpt>
   <trkpt lat="51.1169950" lon="-0.5629820">
    <ele>52.5</ele>
    <time>2020-06-20T12:05:23Z</time>
   </trkpt>
   <trkpt lat="51.1170620" lon="-0.5629980">
    <ele>52.6</ele>
    <time>2020-06-20T12:05:24Z</time>
   </trkpt>
   <trkpt lat="51.1171220" lon="-0.5630210">
    <ele>52.7</ele>
    <time>2020-06-20T12:05:25Z</time>
   </trkpt>
   <trkpt lat="51.1171820" lon="-0.5630500">
    <ele>52.8</ele>
    <time>2020-06-20T12:05:26Z</time>
   </trkpt>
   <trkpt lat="51.1172420" lon="-0.5630770">
    <ele>52.9</ele>
    <time>2020-06-20T12:05:27Z</time>
   </trkpt>
   <trkpt lat="51.1173040" lon="-0.5631160">
    <ele>53.0</ele>
    <time>2020-06-20T12:05:28Z</time>
   </trkpt>
   <trkpt lat="51.1173660" lon="-0.5631470">
    <ele>53.0</ele>
    <time>2020-06-20T12:05:29Z</time>
   </trkpt>
   <trkpt lat="51.1174310" lon="-0.5631720">
    <ele>52.9</ele>
    <time>2020-06-20T12:05:30Z</time>
   </trkpt>
   <trkpt lat="51.1174940" lon="-0.5632070">
    <ele>52.9</ele>
    <time>2020-06-20T12:05:31Z</time>
   </trkpt>
   <trkpt lat="51.1175570" lon="-0.5632380">
    <ele>52.9</ele>
    <time>2020-06-20T12:05:32Z</time>
   </trkpt>
   <trkpt lat="51.1176190" lon="-0.5632690">
    <ele>52.9</ele>
    <time>2020-06-20T12:05:33Z</time>
   </trkpt>
   <trkpt lat="51.1176800" lon="-0.5633020">
    <ele>52.9</ele>
    <time>2020-06-20T12:05:34Z</time>
   </trkpt>
   <trkpt lat="51.1177420" lon="-0.5633370">
    <ele>53.0</ele>
    <time>2020-06-20T12:05:35Z</time>
   </trkpt>
   <trkpt lat="51.1178070" lon="-0.5633620">
    <ele>53.0</ele>
    <time>2020-06-20T12:05:36Z</time>
   </trkpt>
   <trkpt lat="51.1178760" lon="-0.5633830">
    <ele>53.0</ele>
    <time>2020-06-20T12:05:37Z</time>
   </trkpt>
   <trkpt lat="51.1179470" lon="-0.5633990">
    <ele>53.1</ele>
    <time>2020-06-20T12:05:38Z</time>
   </trkpt>
   <trkpt lat="51.1180170" lon="-0.5634080">
    <ele>53.2</ele>
    <time>2020-06-20T12:05:39Z</time>
   </trkpt>
   <trkpt lat="51.1180810" lon="-0.5634190">
    <ele>53.3</ele>
    <time>2020-06-20T12:05:40Z</time>
   </trkpt>
   <trkpt lat="51.1181450" lon="-0.5634250">
    <ele>53.4</ele>
    <time>2020-06-20T12:05:41Z</time>
   </trkpt>
   <trkpt lat="51.1182080" lon="-0.5634300">
    <ele>53.5</ele>
    <time>2020-06-20T12:05:42Z</time>
   </trkpt>
   <trkpt lat="51.1182720" lon="-0.5634390">
    <ele>53.7</ele>
    <time>2020-06-20T12:05:43Z</time>
   </trkpt>
   <trkpt lat="51.1183410" lon="-0.5634490">
    <ele>53.7</ele>
    <time>2020-06-20T12:05:44Z</time>
   </trkpt>
   <trkpt lat="51.1184040" lon="-0.5634600">
    <ele>53.6</ele>
    <time>2020-06-20T12:05:45Z</time>
   </trkpt>
   <trkpt lat="51.1184620" lon="-0.5634740">
    <ele>53.6</ele>
    <time>2020-06-20T12:05:46Z</time>
   </trkpt>
   <trkpt lat="51.1185240" lon="-0.5634830">
    <ele>53.5</ele>
    <time>2020-06-20T12:05:47Z</time>
   </trkpt>
   <trkpt lat="51.1185870" lon="-0.5634920">
    <ele>53.5</ele>
    <time>2020-06-20T12:05:48Z</time>
   </trkpt>
   <trkpt lat="51.1186440" lon="-0.5635040">
    <ele>53.6</ele>
    <time>2020-06-20T12:05:49Z</time>
   </trkpt>
   <trkpt lat="51.1186990" lon="-0.5635140">
    <ele>53.6</ele>
    <time>2020-06-20T12:05:50Z</time>
   </trkpt>
   <trkpt lat="51.1187580" lon="-0.5635190">
    <ele>53.6</ele>
    <time>2020-06-20T12:05:51Z</time>
   </trkpt>
   <trkpt lat="51.1188180" lon="-0.5635160">
    <ele>53.7</ele>
    <time>2020-06-20T12:05:52Z</time>
   </trkpt>
   <trkpt lat="51.1188710" lon="-0.5635210">
    <ele>53.7</ele>
    <time>2020-06-20T12:05:53Z</time>
   </trkpt>
   <trkpt lat="51.1189310" lon="-0.5635290">
    <ele>53.7</ele>
    <time>2020-06-20T12:05:54Z</time>
   </trkpt>
   <trkpt lat="51.1189900" lon="-0.5635360">
    <ele>53.7</ele>
    <time>2020-06-20T12:05:55Z</time>
   </trkpt>
   <trkpt lat="51.1190460" lon="-0.5635400">
    <ele>53.7</ele>
    <time>2020-06-20T12:05:56Z</time>
   </trkpt>
   <trkpt lat="51.1190970" lon="-0.5635360">
    <ele>53.7</ele>
    <time>2020-06-20T12:05:57Z</time>
   </trkpt>
   <trkpt lat="51.1191280" lon="-0.5635250">
    <ele>53.7</ele>
    <time>2020-06-20T12:05:58Z</time>
   </trkpt>
   <trkpt lat="51.1191830" lon="-0.5635250">
    <ele>53.7</ele>
    <time>2020-06-20T12:05:59Z</time>
   </trkpt>
   <trkpt lat="51.1192380" lon="-0.5635440">
    <ele>53.8</ele>
    <time>2020-06-20T12:06:00Z</time>
   </trkpt>
   <trkpt lat="51.1192790" lon="-0.5636190">
    <ele>54.0</ele>
    <time>2020-06-20T12:06:01Z</time>
   </trkpt>
   <trkpt lat="51.1192870" lon="-0.5637150">
    <ele>54.1</ele>
    <time>2020-06-20T12:06:02Z</time>
   </trkpt>
   <trkpt lat="51.1192760" lon="-0.5637990">
    <ele>54.1</ele>
    <time>2020-06-20T12:06:03Z</time>
   </trkpt>
   <trkpt lat="51.1192670" lon="-0.5638820">
    <ele>54.2</ele>
    <time>2020-06-20T12:06:04Z</time>
   </trkpt>
   <trkpt lat="51.1192640" lon="-0.5639730">
    <ele>54.2</ele>
    <time>2020-06-20T12:06:05Z</time>
   </trkpt>
   <trkpt lat="51.1192570" lon="-0.5640530">
    <ele>54.3</ele>
    <time>2020-06-20T12:06:06Z</time>
   </trkpt>
   <trkpt lat="51.1192490" lon="-0.5641270">
    <ele>54.4</ele>
    <time>2020-06-20T12:06:07Z</time>
   </trkpt>
   <trkpt lat="51.1192430" lon="-0.5642110">
    <ele>54.5</ele>
    <time>2020-06-20T12:06:08Z</time>
   </trkpt>
   <trkpt lat="51.1192340" lon="-0.5642960">
    <ele>54.6</ele>
    <time>2020-06-20T12:06:09Z</time>
   </trkpt>
   <trkpt lat="51.1192220" lon="-0.5643780">
    <ele>54.7</ele>
    <time>2020-06-20T12:06:10Z</time>
   </trkpt>
   <trkpt lat="51.1192090" lon="-0.5644590">
    <ele>54.8</ele>
    <time>2020-06-20T12:06:11Z</time>
   </trkpt>
   <trkpt lat="51.1191940" lon="-0.5645380">
    <ele>54.8</ele>
    <time>2020-06-20T12:06:12Z</time>
   </trkpt>
   <trkpt lat="51.1191800" lon="-0.5646180">
    <ele>54.9</ele>
    <time>2020-06-20T12:06:13Z</time>
   </trkpt>
   <trkpt lat="51.1191660" lon="-0.5647010">
    <ele>54.9</ele>
    <time>2020-06-20T12:06:14Z</time>
   </trkpt>
   <trkpt lat="51.1191500" lon="-0.5647870">
    <ele>55.0</ele>
    <time>2020-06-20T12:06:15Z</time>
   </trkpt>
   <trkpt lat="51.1191340" lon="-0.5648750">
    <ele>55.0</ele>
    <time>2020-06-20T12:06:16Z</time>
   </trkpt>
   <trkpt lat="51.1191180" lon="-0.5649640">
    <ele>55.1</ele>
    <time>2020-06-20T12:06:17Z</time>
   </trkpt>
   <trkpt lat="51.1191030" lon="-0.5650420">
    <ele>55.1</ele>
    <time>2020-06-20T12:06:18Z</time>
   </trkpt>
   <trkpt lat="51.1190840" lon="-0.5651180">
    <ele>55.1</ele>
    <time>2020-06-20T12:06:19Z</time>
   </trkpt>
   <trkpt lat="51.1190700" lon="-0.5651950">
    <ele>55.1</ele>
    <time>2020-06-20T12:06:20Z</time>
   </trkpt>
   <trkpt lat="51.1190550" lon="-0.5652780">
    <ele>55.2</ele>
    <time>2020-06-20T12:06:21Z</time>
   </trkpt>
   <trkpt lat="51.1190440" lon="-0.5653560">
    <ele>55.2</ele>
    <time>2020-06-20T12:06:22Z</time>
   </trkpt>
   <trkpt lat="51.1190300" lon="-0.5654390">
    <ele>55.2</ele>
    <time>2020-06-20T12:06:23Z</time>
   </trkpt>
   <trkpt lat="51.1190060" lon="-0.5655250">
    <ele>55.3</ele>
    <time>2020-06-20T12:06:24Z</time>
   </trkpt>
   <trkpt lat="51.1189820" lon="-0.5656090">
    <ele>55.3</ele>
    <time>2020-06-20T12:06:25Z</time>
   </trkpt>
   <trkpt lat="51.1189630" lon="-0.5656890">
    <ele>55.3</ele>
    <time>2020-06-20T12:06:26Z</time>
   </trkpt>
   <trkpt lat="51.1189460" lon="-0.5657650">
    <ele>55.3</ele>
    <time>2020-06-20T12:06:27Z</time>
   </trkpt>
   <trkpt lat="51.1189320" lon="-0.5658270">
    <ele>55.4</ele>
    <time>2020-06-20T12:06:28Z</time>
   </trkpt>
   <trkpt lat="51.1189100" lon="-0.5658940">
    <ele>55.4</ele>
    <time>2020-06-20T12:06:29Z</time>
   </trkpt>
   <trkpt lat="51.1188890" lon="-0.5659640">
    <ele>55.4</ele>
    <time>2020-06-20T12:06:30Z</time>
   </trkpt>
   <trkpt lat="51.1188660" lon="-0.5660340">
    <ele>55.5</ele>
    <time>2020-06-20T12:06:31Z</time>
   </trkpt>
   <trkpt lat="51.1188350" lon="-0.5661010">
    <ele>55.5</ele>
    <time>2020-06-20T12:06:32Z</time>
   </trkpt>
   <trkpt lat="51.1188040" lon="-0.5661660">
    <ele>55.6</ele>
    <time>2020-06-20T12:06:33Z</time>
   </trkpt>
   <trkpt lat="51.1187740" lon="-0.5662300">
    <ele>55.6</ele>
    <time>2020-06-20T12:06:34Z</time>
   </trkpt>
   <trkpt lat="51.1187490" lon="-0.5662890">
    <ele>55.6</ele>
    <time>2020-06-20T12:06:35Z</time>
   </trkpt>
   <trkpt lat="51.1187240" lon="-0.5663510">
    <ele>55.6</ele>
    <time>2020-06-20T12:06:36Z</time>
   </trkpt>
   <trkpt lat="51.1186980" lon="-0.5664130">
    <ele>55.6</ele>
    <time>2020-06-20T12:06:37Z</time>
   </trkpt>
   <trkpt lat="51.1186730" lon="-0.5664720">
    <ele>55.6</ele>
    <time>2020-06-20T12:06:38Z</time>
   </trkpt>
   <trkpt lat="51.1186530" lon="-0.5665340">
    <ele>55.5</ele>
    <time>2020-06-20T12:06:39Z</time>
   </trkpt>
   <trkpt lat="51.1186330" lon="-0.5665960">
    <ele>55.4</ele>
    <time>2020-06-20T12:06:40Z</time>
   </trkpt>
   <trkpt lat="51.1186160" lon="-0.5666610">
    <ele>55.3</ele>
    <time>2020-06-20T12:06:41Z</time>
   </trkpt>
   <trkpt lat="51.1185900" lon="-0.5667330">
    <ele>55.1</ele>
    <time>2020-06-20T12:06:42Z</time>
   </trkpt>
   <trkpt lat="51.1185610" lon="-0.5668050">
    <ele>54.8</ele>
    <time>2020-06-20T12:06:43Z</time>
   </trkpt>
   <trkpt lat="51.1185250" lon="-0.5668830">
    <ele>54.5</ele>
    <time>2020-06-20T12:06:44Z</time>
   </trkpt>
   <trkpt lat="51.1184950" lon="-0.5669700">
    <ele>54.2</ele>
    <time>2020-06-20T12:06:45Z</time>
   </trkpt>
   <trkpt lat="51.1184670" lon="-0.5670620">
    <ele>53.9</ele>
    <time>2020-06-20T12:06:46Z</time>
   </trkpt>
   <trkpt lat="51.1184310" lon="-0.5671570">
    <ele>53.0</ele>
    <time>2020-06-20T12:06:47Z</time>
   </trkpt>
   <trkpt lat="51.1183950" lon="-0.5672760">
    <ele>51.9</ele>
    <time>2020-06-20T12:06:48Z</time>
   </trkpt>
   <trkpt lat="51.1183570" lon="-0.5674110">
    <ele>50.6</ele>
    <time>2020-06-20T12:06:49Z</time>
   </trkpt>
   <trkpt lat="51.1183200" lon="-0.5675390">
    <ele>49.5</ele>
    <time>2020-06-20T12:06:50Z</time>
   </trkpt>
   <trkpt lat="51.1182850" lon="-0.5676660">
    <ele>48.4</ele>
    <time>2020-06-20T12:06:51Z</time>
   </trkpt>
   <trkpt lat="51.1182440" lon="-0.5677950">
    <ele>47.3</ele>
    <time>2020-06-20T12:06:52Z</time>
   </trkpt>
   <trkpt lat="51.1182120" lon="-0.5679080">
    <ele>46.4</ele>
    <time>2020-06-20T12:06:53Z</time>
   </trkpt>
   <trkpt lat="51.1181780" lon="-0.5680170">
    <ele>45.5</ele>
    <time>2020-06-20T12:06:54Z</time>
   </trkpt>
   <trkpt lat="51.1181440" lon="-0.5681280">
    <ele>44.6</ele>
    <time>2020-06-20T12:06:55Z</time>
   </trkpt>
   <trkpt lat="51.1181040" lon="-0.5682370">
    <ele>43.7</ele>
    <time>2020-06-20T12:06:56Z</time>
   </trkpt>
   <trkpt lat="51.1180710" lon="-0.5683490">
    <ele>42.8</ele>
    <time>2020-06-20T12:06:57Z</time>
   </trkpt>
   <trkpt lat="51.1180420" lon="-0.5684690">
    <ele>41.9</ele>
    <time>2020-06-20T12:06:58Z</time>
   </trkpt>
   <trkpt lat="51.1180220" lon="-0.5685760">
    <ele>41.0</ele>
    <time>2020-06-20T12:06:59Z</time>
   </trkpt>
   <trkpt lat="51.1180080" lon="-0.5686820">
    <ele>40.3</ele>
    <time>2020-06-20T12:07:00Z</time>
   </trkpt>
   <trkpt lat="51.1179910" lon="-0.5687920">
    <ele>39.4</ele>
    <time>2020-06-20T12:07:01Z</time>
   </trkpt>
   <trkpt lat="51.1179780" lon="-0.5689110">
    <ele>38.6</ele>
    <time>2020-06-20T12:07:02Z</time>
   </trkpt>
   <trkpt lat="51.1179600" lon="-0.5690440">
    <ele>37.7</ele>
    <time>2020-06-20T12:07:03Z</time>
   </trkpt>
   <trkpt lat="51.1179410" lon="-0.5691830">
    <ele>36.9</ele>
    <time>2020-06-20T12:07:04Z</time>
   </trkpt>
   <trkpt lat="51.1179250" lon="-0.5693080">
    <ele>36.3</ele>
    <time>2020-06-20T12:07:05Z</time>
   </trkpt>
   <trkpt lat="51.1179220" lon="-0.5694300">
    <ele>35.9</ele>
    <time>2020-06-20T12:07:06Z</time>
   </trkpt>
   <trkpt lat="51.1179250" lon="-0.5695510">
    <ele>35.4</ele>
    <time>2020-06-20T12:07:07Z</time>
   </trkpt>
   <trkpt lat="51.1179420" lon="-0.5696600">
    <ele>35.1</ele>
    <time>2020-06-20T12:07:08Z</time>
   </trkpt>
   <trkpt lat="51.1179720" lon="-0.5697670">
    <ele>34.9</ele>
    <time>2020-06-20T12:07:09Z</time>
   </trkpt>
   <trkpt lat="51.1180160" lon="-0.5698540">
    <ele>34.8</ele>
    <time>2020-06-20T12:07:10Z</time>
   </trkpt>
   <trkpt lat="51.1180690" lon="-0.5699280">
    <ele>34.8</ele>
    <time>2020-06-20T12:07:11Z</time>
   </trkpt>
   <trkpt lat="51.1181060" lon="-0.5700000">
    <ele>34.8</ele>
    <time>2020-06-20T12:07:12Z</time>
   </trkpt>
   <trkpt lat="51.1181080" lon="-0.5700800">
    <ele>34.9</ele>
    <time>2020-06-20T12:07:13Z</time>
   </trkpt>
   <trkpt lat="51.1180900" lon="-0.5701660">
    <ele>34.8</ele>
    <time>2020-06-20T12:07:14Z</time>
   </trkpt>
   <trkpt lat="51.1180710" lon="-0.5702380">
    <ele>34.8</ele>
    <time>2020-06-20T12:07:15Z</time>
   </trkpt>
   <trkpt lat="51.1180390" lon="-0.5703130">
    <ele>34.9</ele>
    <time>2020-06-20T12:07:16Z</time>
   </trkpt>
   <trkpt lat="51.1180020" lon="-0.5703840">
    <ele>34.9</ele>
    <time>2020-06-20T12:07:17Z</time>
   </trkpt>
   <trkpt lat="51.1179780" lon="-0.5704430">
    <ele>35.0</ele>
    <time>2020-06-20T12:07:18Z</time>
   </trkpt>
   <trkpt lat="51.1179610" lon="-0.5704960">
    <ele>35.0</ele>
    <time>2020-06-20T12:07:19Z</time>
   </trkpt>
   <trkpt lat="51.1179520" lon="-0.5705170">
    <ele>35.0</ele>
    <time>2020-06-20T12:07:20Z</time>
   </trkpt>
   <trkpt lat="51.1179270" lon="-0.5705950">
    <ele>35.1</ele>
    <time>2020-06-20T12:07:21Z</time>
   </trkpt>
   <trkpt lat="51.1178960" lon="-0.5706790">
    <ele>35.2</ele>
    <time>2020-06-20T12:07:22Z</time>
   </trkpt>
   <trkpt lat="51.1178620" lon="-0.5707490">
    <ele>35.3</ele>
    <time>2020-06-20T12:07:23Z</time>
   </trkpt>
   <trkpt lat="51.1178360" lon="-0.5707880">
    <ele>35.3</ele>
    <time>2020-06-20T12:07:24Z</time>
   </trkpt>
   <trkpt lat="51.1177680" lon="-0.5709400">
    <ele>35.4</ele>
    <time>2020-06-20T12:07:26Z</time>
   </trkpt>
   <trkpt lat="51.1177510" lon="-0.5710180">
    <ele>35.4</ele>
    <time>2020-06-20T12:07:27Z</time>
   </trkpt>
   <trkpt lat="51.1177260" lon="-0.5711210">
    <ele>35.3</ele>
    <time>2020-06-20T12:07:28Z</time>
   </trkpt>
   <trkpt lat="51.1176870" lon="-0.5712260">
    <ele>35.2</ele>
    <time>2020-06-20T12:07:29Z</time>
   </trkpt>
   <trkpt lat="51.1176400" lon="-0.5713070">
    <ele>35.2</ele>
    <time>2020-06-20T12:07:30Z</time>
   </trkpt>
   <trkpt lat="51.1175980" lon="-0.5713750">
    <ele>35.3</ele>
    <time>2020-06-20T12:07:31Z</time>
   </trkpt>
   <trkpt lat="51.1175600" lon="-0.5714460">
    <ele>35.6</ele>
    <time>2020-06-20T12:07:32Z</time>
   </trkpt>
   <trkpt lat="51.1175180" lon="-0.5715230">
    <ele>36.0</ele>
    <time>2020-06-20T12:07:33Z</time>
   </trkpt>
   <trkpt lat="51.1174810" lon="-0.5715930">
    <ele>36.5</ele>
    <time>2020-06-20T12:07:34Z</time>
   </trkpt>
   <trkpt lat="51.1174510" lon="-0.5716710">
    <ele>36.9</ele>
    <time>2020-06-20T12:07:35Z</time>
   </trkpt>
   <trkpt lat="51.1174330" lon="-0.5717380">
    <ele>37.3</ele>
    <time>2020-06-20T12:07:36Z</time>
   </trkpt>
   <trkpt lat="51.1174240" lon="-0.5717790">
    <ele>37.6</ele>
    <time>2020-06-20T12:07:37Z</time>
   </trkpt>
   <trkpt lat="51.1174210" lon="-0.5718460">
    <ele>38.0</ele>
    <time>2020-06-20T12:07:38Z</time>
   </trkpt>
   <trkpt lat="51.1174220" lon="-0.5719210">
    <ele>38.4</ele>
    <time>2020-06-20T12:07:39Z</time>
   </trkpt>
   <trkpt lat="51.1174280" lon="-0.5719740">
    <ele>38.8</ele>
    <time>2020-06-20T12:07:40Z</time>
   </trkpt>
   <trkpt lat="51.1174280" lon="-0.5720290">
    <ele>39.2</ele>
    <time>2020-06-20T12:07:41Z</time>
   </trkpt>
   <trkpt lat="51.1174250" lon="-0.5720730">
    <ele>39.5</ele>
    <time>2020-06-20T12:07:42Z</time>
   </trkpt>
   <trkpt lat="51.1174210" lon="-0.5721300">
    <ele>39.9</ele>
    <time>2020-06-20T12:07:43Z</time>
   </trkpt>
   <trkpt lat="51.1174160" lon="-0.5722030">
    <ele>40.4</ele>
    <time>2020-06-20T12:07:44Z</time>
   </trkpt>
   <trkpt lat="51.1174130" lon="-0.5722530">
    <ele>40.7</ele>
    <time>2020-06-20T12:07:45Z</time>
   </trkpt>
   <trkpt lat="51.1174250" lon="-0.5723130">
    <ele>41.1</ele>
    <time>2020-06-20T12:07:46Z</time>
   </trkpt>
   <trkpt lat="51.1174330" lon="-0.5723400">
    <ele>41.3</ele>
    <time>2020-06-20T12:07:47Z</time>
   </trkpt>
   <trkpt lat="51.1174620" lon="-0.5724050">
    <ele>41.8</ele>
    <time>2020-06-20T12:07:48Z</time>
   </trkpt>
   <trkpt lat="51.1174900" lon="-0.5724610">
    <ele>42.3</ele>
    <time>2020-06-20T12:07:49Z</time>
   </trkpt>
   <trkpt lat="51.1175000" lon="-0.5724850">
    <ele>42.4</ele>
    <time>2020-06-20T12:07:50Z</time>
   </trkpt>
   <trkpt lat="51.1175220" lon="-0.5725450">
    <ele>42.9</ele>
    <time>2020-06-20T12:07:51Z</time>
   </trkpt>
   <trkpt lat="51.1175380" lon="-0.5726120">
    <ele>43.3</ele>
    <time>2020-06-20T12:07:52Z</time>
   </trkpt>
   <trkpt lat="51.1175550" lon="-0.5726830">
    <ele>43.8</ele>
    <time>2020-06-20T12:07:53Z</time>
   </trkpt>
   <trkpt lat="51.1175690" lon="-0.5727260">
    <ele>44.1</ele>
    <time>2020-06-20T12:07:54Z</time>
   </trkpt>
   <trkpt lat="51.1175850" lon="-0.5727700">
    <ele>44.5</ele>
    <time>2020-06-20T12:07:55Z</time>
   </trkpt>
   <trkpt lat="51.1176010" lon="-0.5728140">
    <ele>44.8</ele>
    <time>2020-06-20T12:07:56Z</time>
   </trkpt>
   <trkpt lat="51.1175920" lon="-0.5728280">
    <ele>44.9</ele>
    <time>2020-06-20T12:07:57Z</time>
   </trkpt>
   <trkpt lat="51.1175840" lon="-0.5728300">
    <ele>45.0</ele>
    <time>2020-06-20T12:07:58Z</time>
   </trkpt>
   <trkpt lat="51.1175840" lon="-0.5728480">
    <ele>45.1</ele>
    <time>2020-06-20T12:08:00Z</time>
   </trkpt>
   <trkpt lat="51.1175840" lon="-0.5728600">
    <ele>45.2</ele>
    <time>2020-06-20T12:08:01Z</time>
   </trkpt>
   <trkpt lat="51.1176150" lon="-0.5729270">
    <ele>45.6</ele>
    <time>2020-06-20T12:08:03Z</time>
   </trkpt>
   <trkpt lat="51.1176330" lon="-0.5729710">
    <ele>45.9</ele>
    <time>2020-06-20T12:08:04Z</time>
   </trkpt>
   <trkpt lat="51.1176370" lon="-0.5729880">
    <ele>45.9</ele>
    <time>2020-06-20T12:08:05Z</time>
   </trkpt>
   <trkpt lat="51.1176520" lon="-0.5730250">
    <ele>46.1</ele>
    <time>2020-06-20T12:08:07Z</time>
   </trkpt>
   <trkpt lat="51.1176890" lon="-0.5731260">
    <ele>46.4</ele>
    <time>2020-06-20T12:08:09Z</time>
   </trkpt>
   <trkpt lat="51.1176960" lon="-0.5731650">
    <ele>46.6</ele>
    <time>2020-06-20T12:08:10Z</time>
   </trkpt>
   <trkpt lat="51.1176980" lon="-0.5731830">
    <ele>46.6</ele>
    <time>2020-06-20T12:08:11Z</time>
   </trkpt>
   <trkpt lat="51.1177070" lon="-0.5732500">
    <ele>46.8</ele>
    <time>2020-06-20T12:08:13Z</time>
   </trkpt>
   <trkpt lat="51.1177260" lon="-0.5733480">
    <ele>47.0</ele>
    <time>2020-06-20T12:08:14Z</time>
   </trkpt>
   <trkpt lat="51.1177440" lon="-0.5734090">
    <ele>47.2</ele>
    <time>2020-06-20T12:08:16Z</time>
   </trkpt>
   <trkpt lat="51.1177590" lon="-0.5734470">
    <ele>47.2</ele>
    <time>2020-06-20T12:08:17Z</time>
   </trkpt>
   <trkpt lat="51.1177980" lon="-0.5735480">
    <ele>47.5</ele>
    <time>2020-06-20T12:08:19Z</time>
   </trkpt>
   <trkpt lat="51.1178110" lon="-0.5735720">
    <ele>47.5</ele>
    <time>2020-06-20T12:08:20Z</time>
   </trkpt>
   <trkpt lat="51.1178410" lon="-0.5736140">
    <ele>47.6</ele>
    <time>2020-06-20T12:08:22Z</time>
   </trkpt>
   <trkpt lat="51.1179230" lon="-0.5737500">
    <ele>48.0</ele>
    <time>2020-06-20T12:08:24Z</time>
   </trkpt>
   <trkpt lat="51.1180510" lon="-0.5739600">
    <ele>48.9</ele>
    <time>2020-06-20T12:08:25Z</time>
   </trkpt>
   <trkpt lat="51.1181320" lon="-0.5740540">
    <ele>49.8</ele>
    <time>2020-06-20T12:08:27Z</time>
   </trkpt>
   <trkpt lat="51.1181760" lon="-0.5740480">
    <ele>50.1</ele>
    <time>2020-06-20T12:08:29Z</time>
   </trkpt>
   <trkpt lat="51.1181860" lon="-0.5740350">
    <ele>50.1</ele>
    <time>2020-06-20T12:08:30Z</time>
   </trkpt>
   <trkpt lat="51.1181960" lon="-0.5740180">
    <ele>50.2</ele>
    <time>2020-06-20T12:08:31Z</time>
   </trkpt>
   <trkpt lat="51.1182660" lon="-0.5739210">
    <ele>50.6</ele>
    <time>2020-06-20T12:08:32Z</time>
   </trkpt>
   <trkpt lat="51.1183210" lon="-0.5738510">
    <ele>50.8</ele>
    <time>2020-06-20T12:08:34Z</time>
   </trkpt>
   <trkpt lat="51.1184440" lon="-0.5737160">
    <ele>51.2</ele>
    <time>2020-06-20T12:08:36Z</time>
   </trkpt>
   <trkpt lat="51.1184840" lon="-0.5737610">
    <ele>51.4</ele>
    <time>2020-06-20T12:08:37Z</time>
   </trkpt>
   <trkpt lat="51.1184740" lon="-0.5738040">
    <ele>51.4</ele>
    <time>2020-06-20T12:08:39Z</time>
   </trkpt>
   <trkpt lat="51.1184650" lon="-0.5738160">
    <ele>51.4</ele>
    <time>2020-06-20T12:08:40Z</time>
   </trkpt>
   <trkpt lat="51.1184550" lon="-0.5738360">
    <ele>51.5</ele>
    <time>2020-06-20T12:08:41Z</time>
   </trkpt>
   <trkpt lat="51.1184520" lon="-0.5738440">
    <ele>51.5</ele>
    <time>2020-06-20T12:08:43Z</time>
   </trkpt>
   <trkpt lat="51.1184560" lon="-0.5738580">
    <ele>51.5</ele>
    <time>2020-06-20T12:08:45Z</time>
   </trkpt>
   <trkpt lat="51.1184570" lon="-0.5738680">
    <ele>51.5</ele>
    <time>2020-06-20T12:08:47Z</time>
   </trkpt>
   <trkpt lat="51.1184570" lon="-0.5738660">
    <ele>51.5</ele>
    <time>2020-06-20T12:08:48Z</time>
   </trkpt>
  </trkseg>
 </trk>
</gpx>
