<?xml version="1.0" encoding="UTF-8"?>
<gpx creator="StravaGPX" version="1.1" xmlns="http://www.topografix.com/GPX/1/1" xmlns:xsi="http://www.w3.org/2001/XMLSchema-instance" xsi:schemaLocation="http://www.topografix.com/GPX/1/1 http://www.topografix.com/GPX/1/1/gpx.xsd">
 <metadata>
  <time>2020-06-21T13:53:00Z</time>
 </metadata>
 <trk>
  <name>Windy Sunday</name>
  <type>cycling</type>
  <trkseg>
   <trkpt lat="51.1184760" lon="-0.5736330">
    <ele>51.7</ele>
    <time>2020-06-21T13:53:00Z</time>
   </trkpt>
   <trkpt lat="51.1184710" lon="-0.5736270">
    <ele>51.7</ele>
    <time>2020-06-21T13:53:01Z</time>
   </trkpt>
   <trkpt lat="51.1184700" lon="-0.5736280">
    <ele>51.7</ele>
    <time>2020-06-21T13:53:02Z</time>
   </trkpt>
   <trkpt lat="51.1184700" lon="-0.5736290">
    <ele>51.7</ele>
    <time>2020-06-21T13:53:03Z</time>
   </trkpt>
   <trkpt lat="51.1184690" lon="-0.5736300">
    <ele>51.7</ele>
    <time>2020-06-21T13:53:05Z</time>
   </trkpt>
   <trkpt lat="51.1184680" lon="-0.5736300">
    <ele>51.7</ele>
    <time>2020-06-21T13:53:06Z</time>
   </trkpt>
   <trkpt lat="51.1184670" lon="-0.5736310">
    <ele>51.7</ele>
    <time>2020-06-21T13:53:07Z</time>
   </trkpt>
   <trkpt lat="51.1184660" lon="-0.5736320">
    <ele>51.7</ele>
    <time>2020-06-21T13:53:09Z</time>
   </trkpt>
   <trkpt lat="51.1184660" lon="-0.5736330">
    <ele>51.7</ele>
    <time>2020-06-21T13:53:11Z</time>
   </trkpt>
   <trkpt lat="51.1184650" lon="-0.5736340">
    <ele>51.7</ele>
    <time>2020-06-21T13:53:12Z</time>
   </trkpt>
   <trkpt lat="51.1184640" lon="-0.5736350">
    <ele>51.7</ele>
    <time>2020-06-21T13:53:24Z</time>
   </trkpt>
   <trkpt lat="51.1184630" lon="-0.5736360">
    <ele>51.7</ele>
    <time>2020-06-21T13:53:25Z</time>
   </trkpt>
   <trkpt lat="51.1184620" lon="-0.5736370">
    <ele>51.7</ele>
    <time>2020-06-21T13:53:26Z</time>
   </trkpt>
   <trkpt lat="51.1184620" lon="-0.5736370">
    <ele>51.7</ele>
    <time>2020-06-21T13:53:27Z</time>
   </trkpt>
   <trkpt lat="51.1184610" lon="-0.5736380">
    <ele>51.7</ele>
    <time>2020-06-21T13:53:28Z</time>
   </trkpt>
   <trkpt lat="51.1184600" lon="-0.5736390">
    <ele>51.7</ele>
    <time>2020-06-21T13:53:29Z</time>
   </trkpt>
   <trkpt lat="51.1184590" lon="-0.5736400">
    <ele>51.7</ele>
    <time>2020-06-21T13:53:30Z</time>
   </trkpt>
   <trkpt lat="51.1184580" lon="-0.5736410">
    <ele>51.7</ele>
    <time>2020-06-21T13:53:31Z</time>
   </trkpt>
   <trkpt lat="51.1184580" lon="-0.5736420">
    <ele>51.7</ele>
    <time>2020-06-21T13:53:32Z</time>
   </trkpt>
   <trkpt lat="51.1184570" lon="-0.5736430">
    <ele>51.7</ele>
    <time>2020-06-21T13:53:33Z</time>
   </trkpt>
   <trkpt lat="51.1184560" lon="-0.5736440">
    <ele>51.7</ele>
    <time>2020-06-21T13:53:34Z</time>
   </trkpt>
   <trkpt lat="51.1184550" lon="-0.5736440">
    <ele>51.7</ele>
    <time>2020-06-21T13:53:35Z</time>
   </trkpt>
   <trkpt lat="51.1184540" lon="-0.5736450">
    <ele>51.7</ele>
    <time>2020-06-21T13:53:36Z</time>
   </trkpt>
   <trkpt lat="51.1184530" lon="-0.5736460">
    <ele>51.7</ele>
    <time>2020-06-21T13:53:37Z</time>
   </trkpt>
   <trkpt lat="51.1184530" lon="-0.5736470">
    <ele>51.7</ele>
    <time>2020-06-21T13:53:38Z</time>
   </trkpt>
   <trkpt lat="51.1184520" lon="-0.5736480">
    <ele>51.7</ele>
    <time>2020-06-21T13:53:39Z</time>
   </trkpt>
   <trkpt lat="51.1184510" lon="-0.5736490">
    <ele>51.8</ele>
    <time>2020-06-21T13:53:40Z</time>
   </trkpt>
   <trkpt lat="51.1184500" lon="-0.5736500">
    <ele>51.8</ele>
    <time>2020-06-21T13:53:41Z</time>
   </trkpt>
   <trkpt lat="51.1184490" lon="-0.5736510">
    <ele>51.8</ele>
    <time>2020-06-21T13:53:42Z</time>
   </trkpt>
   <trkpt lat="51.1184490" lon="-0.5736510">
    <ele>51.8</ele>
    <time>2020-06-21T13:53:43Z</time>
   </trkpt>
   <trkpt lat="51.1184480" lon="-0.5736520">
    <ele>51.8</ele>
    <time>2020-06-21T13:53:44Z</time>
   </trkpt>
   <trkpt lat="51.1184470" lon="-0.5736530">
    <ele>51.8</ele>
    <time>2020-06-21T13:53:45Z</time>
   </trkpt>
   <trkpt lat="51.1184460" lon="-0.5736540">
    <ele>51.8</ele>
    <time>2020-06-21T13:53:46Z</time>
   </trkpt>
   <trkpt lat="51.1184450" lon="-0.5736550">
    <ele>51.8</ele>
    <time>2020-06-21T13:53:57Z</time>
   </trkpt>
   <trkpt lat="51.1184450" lon="-0.5736560">
    <ele>51.8</ele>
    <time>2020-06-21T13:53:58Z</time>
   </trkpt>
   <trkpt lat="51.1184440" lon="-0.5736570">
    <ele>51.8</ele>
    <time>2020-06-21T13:53:59Z</time>
   </trkpt>
   <trkpt lat="51.1184430" lon="-0.5736580">
    <ele>51.8</ele>
    <time>2020-06-21T13:54:00Z</time>
   </trkpt>
   <trkpt lat="51.1184420" lon="-0.5736580">
    <ele>51.8</ele>
    <time>2020-06-21T13:54:01Z</time>
   </trkpt>
   <trkpt lat="51.1184410" lon="-0.5736590">
    <ele>51.8</ele>
    <time>2020-06-21T13:54:02Z</time>
   </trkpt>
   <trkpt lat="51.1184410" lon="-0.5736600">
    <ele>51.8</ele>
    <time>2020-06-21T13:54:03Z</time>
   </trkpt>
   <trkpt lat="51.1184400" lon="-0.5736610">
    <ele>51.8</ele>
    <time>2020-06-21T13:54:04Z</time>
   </trkpt>
   <trkpt lat="51.1184390" lon="-0.5736620">
    <ele>51.8</ele>
    <time>2020-06-21T13:54:05Z</time>
   </trkpt>
   <trkpt lat="51.1184510" lon="-0.5736570">
    <ele>51.8</ele>
    <time>2020-06-21T13:54:06Z</time>
   </trkpt>
   <trkpt lat="51.1184550" lon="-0.5736530">
    <ele>51.8</ele>
    <time>2020-06-21T13:54:07Z</time>
   </trkpt>
   <trkpt lat="51.1184580" lon="-0.5736490">
    <ele>51.8</ele>
    <time>2020-06-21T13:54:08Z</time>
   </trkpt>
   <trkpt lat="51.1184620" lon="-0.5736450">
    <ele>51.8</ele>
    <time>2020-06-21T13:54:09Z</time>
   </trkpt>
   <trkpt lat="51.1184650" lon="-0.5736410">
    <ele>51.8</ele>
    <time>2020-06-21T13:54:10Z</time>
   </trkpt>
   <trkpt lat="51.1184680" lon="-0.5736370">
    <ele>51.8</ele>
    <time>2020-06-21T13:54:12Z</time>
   </trkpt>
   <trkpt lat="51.1184720" lon="-0.5736330">
    <ele>51.8</ele>
    <time>2020-06-21T13:54:13Z</time>
   </trkpt>
   <trkpt lat="51.1184750" lon="-0.5736290">
    <ele>51.8</ele>
    <time>2020-06-21T13:54:14Z</time>
   </trkpt>
   <trkpt lat="51.1184780" lon="-0.5736200">
    <ele>51.8</ele>
    <time>2020-06-21T13:54:15Z</time>
   </trkpt>
   <trkpt lat="51.1184980" lon="-0.5735890">
    <ele>51.7</ele>
    <time>2020-06-21T13:54:16Z</time>
   </trkpt>
   <trkpt lat="51.1185240" lon="-0.5735650">
    <ele>51.7</ele>
    <time>2020-06-21T13:54:18Z</time>
   </trkpt>
   <trkpt lat="51.1185260" lon="-0.5735600">
    <ele>51.7</ele>
    <time>2020-06-21T13:54:19Z</time>
   </trkpt>
   <trkpt lat="51.1185280" lon="-0.5735550">
    <ele>51.7</ele>
    <time>2020-06-21T13:54:20Z</time>
   </trkpt>
   <trkpt lat="51.1185580" lon="-0.5735210">
    <ele>51.6</ele>
    <time>2020-06-21T13:54:21Z</time>
   </trkpt>
   <trkpt lat="51.1185690" lon="-0.5735080">
    <ele>51.6</ele>
    <time>2020-06-21T13:54:22Z</time>
   </trkpt>
   <trkpt lat="51.1186610" lon="-0.5734050">
    <ele>51.3</ele>
    <time>2020-06-21T13:54:23Z</time>
   </trkpt>
   <trkpt lat="51.1186950" lon="-0.5733650">
    <ele>51.1</ele>
    <time>2020-06-21T13:54:24Z</time>
   </trkpt>
   <trkpt lat="51.1187640" lon="-0.5732900">
    <ele>50.9</ele>
    <time>2020-06-21T13:54:25Z</time>
   </trkpt>
   <trkpt lat="51.1188120" lon="-0.5732420">
    <ele>50.7</ele>
    <time>2020-06-21T13:54:26Z</time>
   </trkpt>
   <trkpt lat="51.1189820" lon="-0.5730290">
    <ele>50.1</ele>
    <time>2020-06-21T13:54:28Z</time>
   </trkpt>
   <trkpt lat="51.1190300" lon="-0.5729430">
    <ele>50.0</ele>
    <time>2020-06-21T13:54:29Z</time>
   </trkpt>
   <trkpt lat="51.1190670" lon="-0.5728580">
    <ele>49.9</ele>
    <time>2020-06-21T13:54:30Z</time>
   </trkpt>
   <trkpt lat="51.1190970" lon="-0.5727720">
    <ele>49.9</ele>
    <time>2020-06-21T13:54:31Z</time>
   </trkpt>
   <trkpt lat="51.1191180" lon="-0.5726900">
    <ele>49.8</ele>
    <time>2020-06-21T13:54:32Z</time>
   </trkpt>
   <trkpt lat="51.1191340" lon="-0.5726070">
    <ele>49.8</ele>
    <time>2020-06-21T13:54:33Z</time>
   </trkpt>
   <trkpt lat="51.1191490" lon="-0.5725350">
    <ele>49.8</ele>
    <time>2020-06-21T13:54:34Z</time>
   </trkpt>
   <trkpt lat="51.1191640" lon="-0.5724700">
    <ele>49.9</ele>
    <time>2020-06-21T13:54:35Z</time>
   </trkpt>
   <trkpt lat="51.1191700" lon="-0.5724100">
    <ele>49.9</ele>
    <time>2020-06-21T13:54:36Z</time>
   </trkpt>
   <trkpt lat="51.1191760" lon="-0.5723780">
    <ele>50.0</ele>
    <time>2020-06-21T13:54:37Z</time>
   </trkpt>
   <trkpt lat="51.1191810" lon="-0.5723460">
    <ele>50.0</ele>
    <time>2020-06-21T13:54:38Z</time>
   </trkpt>
   <trkpt lat="51.1192040" lon="-0.5722800">
    <ele>50.2</ele>
    <time>2020-06-21T13:54:40Z</time>
   </trkpt>
   <trkpt lat="51.1192090" lon="-0.5722500">
    <ele>50.2</ele>
    <time>2020-06-21T13:54:41Z</time>
   </trkpt>
   <trkpt lat="51.1192090" lon="-0.5722340">
    <ele>50.2</ele>
    <time>2020-06-21T13:54:43Z</time>
   </trkpt>
   <trkpt lat="51.1192100" lon="-0.5722190">
    <ele>50.3</ele>
    <time>2020-06-21T13:54:44Z</time>
   </trkpt>
   <trkpt lat="51.1192070" lon="-0.5721760">
    <ele>50.3</ele>
    <time>2020-06-21T13:54:45Z</time>
   </trkpt>
   <trkpt lat="51.1192060" lon="-0.5721090">
    <ele>50.4</ele>
    <time>2020-06-21T13:54:47Z</time>
   </trkpt>
   <trkpt lat="51.1192120" lon="-0.5719980">
    <ele>50.6</ele>
    <time>2020-06-21T13:54:49Z</time>
   </trkpt>
   <trkpt lat="51.1192610" lon="-0.5716320">
    <ele>50.9</ele>
    <time>2020-06-21T13:54:50Z</time>
   </trkpt>
   <trkpt lat="51.1192790" lon="-0.5716270">
    <ele>50.9</ele>
    <time>2020-06-21T13:54:52Z</time>
   </trkpt>
   <trkpt lat="51.1193060" lon="-0.5715760">
    <ele>50.9</ele>
    <time>2020-06-21T13:54:53Z</time>
   </trkpt>
   <trkpt lat="51.1193770" lon="-0.5715130">
    <ele>52.0</ele>
    <time>2020-06-21T13:54:54Z</time>
   </trkpt>
   <trkpt lat="51.1194070" lon="-0.5715000">
    <ele>52.2</ele>
    <time>2020-06-21T13:54:55Z</time>
   </trkpt>
   <trkpt lat="51.1194360" lon="-0.5714920">
    <ele>52.3</ele>
    <time>2020-06-21T13:54:56Z</time>
   </trkpt>
   <trkpt lat="51.1195080" lon="-0.5714940">
    <ele>52.6</ele>
    <time>2020-06-21T13:54:58Z</time>
   </trkpt>
   <trkpt lat="51.1195730" lon="-0.5714960">
    <ele>52.9</ele>
    <time>2020-06-21T13:54:59Z</time>
   </trkpt>
   <trkpt lat="51.1196300" lon="-0.5714790">
    <ele>53.1</ele>
    <time>2020-06-21T13:55:01Z</time>
   </trkpt>
   <trkpt lat="51.1197300" lon="-0.5714850">
    <ele>53.6</ele>
    <time>2020-06-21T13:55:03Z</time>
   </trkpt>
   <trkpt lat="51.1197730" lon="-0.5714820">
    <ele>53.7</ele>
    <time>2020-06-21T13:55:04Z</time>
   </trkpt>
   <trkpt lat="51.1198270" lon="-0.5714830">
    <ele>54.0</ele>
    <time>2020-06-21T13:55:05Z</time>
   </trkpt>
   <trkpt lat="51.1198820" lon="-0.5714970">
    <ele>54.2</ele>
    <time>2020-06-21T13:55:06Z</time>
   </trkpt>
   <trkpt lat="51.1199450" lon="-0.5715040">
    <ele>54.5</ele>
    <time>2020-06-21T13:55:07Z</time>
   </trkpt>
   <trkpt lat="51.1199950" lon="-0.5715110">
    <ele>54.7</ele>
    <time>2020-06-21T13:55:09Z</time>
   </trkpt>
   <trkpt lat="51.1200380" lon="-0.5715250">
    <ele>54.9</ele>
    <time>2020-06-21T13:55:10Z</time>
   </trkpt>
   <trkpt lat="51.1200860" lon="-0.5715480">
    <ele>55.1</ele>
    <time>2020-06-21T13:55:12Z</time>
   </trkpt>
   <trkpt lat="51.1201390" lon="-0.5715440">
    <ele>55.3</ele>
    <time>2020-06-21T13:55:14Z</time>
   </trkpt>
   <trkpt lat="51.1201670" lon="-0.5715440">
    <ele>55.5</ele>
    <time>2020-06-21T13:55:15Z</time>
   </trkpt>
   <trkpt lat="51.1202070" lon="-0.5715500">
    <ele>55.7</ele>
    <time>2020-06-21T13:55:16Z</time>
   </trkpt>
   <trkpt lat="51.1202690" lon="-0.5715860">
    <ele>55.9</ele>
    <time>2020-06-21T13:55:18Z</time>
   </trkpt>
   <trkpt lat="51.1203050" lon="-0.5715990">
    <ele>56.1</ele>
    <time>2020-06-21T13:55:19Z</time>
   </trkpt>
   <trkpt lat="51.1203560" lon="-0.5716230">
    <ele>56.3</ele>
    <time>2020-06-21T13:55:20Z</time>
   </trkpt>
   <trkpt lat="51.1204020" lon="-0.5716400">
    <ele>56.6</ele>
    <time>2020-06-21T13:55:22Z</time>
   </trkpt>
   <trkpt lat="51.1204670" lon="-0.5716750">
    <ele>56.8</ele>
    <time>2020-06-21T13:55:24Z</time>
   </trkpt>
   <trkpt lat="51.1205410" lon="-0.5717170">
    <ele>57.1</ele>
    <time>2020-06-21T13:55:26Z</time>
   </trkpt>
   <trkpt lat="51.1206160" lon="-0.5717630">
    <ele>57.3</ele>
    <time>2020-06-21T13:55:28Z</time>
   </trkpt>
   <trkpt lat="51.1206850" lon="-0.5718010">
    <ele>57.5</ele>
    <time>2020-06-21T13:55:29Z</time>
   </trkpt>
   <trkpt lat="51.1207450" lon="-0.5718370">
    <ele>57.6</ele>
    <time>2020-06-21T13:55:31Z</time>
   </trkpt>
   <trkpt lat="51.1207820" lon="-0.5718770">
    <ele>57.6</ele>
    <time>2020-06-21T13:55:32Z</time>
   </trkpt>
   <trkpt lat="51.1208520" lon="-0.5719210">
    <ele>57.6</ele>
    <time>2020-06-21T13:55:34Z</time>
   </trkpt>
   <trkpt lat="51.1209050" lon="-0.5719500">
    <ele>57.5</ele>
    <time>2020-06-21T13:55:35Z</time>
   </trkpt>
   <trkpt lat="51.1209530" lon="-0.5719700">
    <ele>57.5</ele>
    <time>2020-06-21T13:55:36Z</time>
   </trkpt>
   <trkpt lat="51.1210110" lon="-0.5720030">
    <ele>57.5</ele>
    <time>2020-06-21T13:55:37Z</time>
   </trkpt>
   <trkpt lat="51.1210720" lon="-0.5720400">
    <ele>57.5</ele>
    <time>2020-06-21T13:55:39Z</time>
   </trkpt>
   <trkpt lat="51.1211920" lon="-0.5720880">
    <ele>57.4</ele>
    <time>2020-06-21T13:55:41Z</time>
   </trkpt>
   <trkpt lat="51.1213070" lon="-0.5721930">
    <ele>57.2</ele>
    <time>2020-06-21T13:55:43Z</time>
   </trkpt>
   <trkpt lat="51.1213520" lon="-0.5722180">
    <ele>57.1</ele>
    <time>2020-06-21T13:55:44Z</time>
   </trkpt>
   <trkpt lat="51.1213970" lon="-0.5722460">
    <ele>57.1</ele>
    <time>2020-06-21T13:55:45Z</time>
   </trkpt>
   <trkpt lat="51.1214420" lon="-0.5722790">
    <ele>57.0</ele>
    <time>2020-06-21T13:55:46Z</time>
   </trkpt>
   <trkpt lat="51.1214830" lon="-0.5723140">
    <ele>57.0</ele>
    <time>2020-06-21T13:55:47Z</time>
   </trkpt>
   <trkpt lat="51.1214940" lon="-0.5723200">
    <ele>57.0</ele>
    <time>2020-06-21T13:55:48Z</time>
   </trkpt>
   <trkpt lat="51.1215090" lon="-0.5723310">
    <ele>57.0</ele>
    <time>2020-06-21T13:55:49Z</time>
   </trkpt>
   <trkpt lat="51.1215170" lon="-0.5723400">
    <ele>57.0</ele>
    <time>2020-06-21T13:55:50Z</time>
   </trkpt>
   <trkpt lat="51.1215320" lon="-0.5723700">
    <ele>57.0</ele>
    <time>2020-06-21T13:55:51Z</time>
   </trkpt>
   <trkpt lat="51.1216370" lon="-0.5724430">
    <ele>57.0</ele>
    <time>2020-06-21T13:55:52Z</time>
   </trkpt>
   <trkpt lat="51.1217290" lon="-0.5724970">
    <ele>56.9</ele>
    <time>2020-06-21T13:55:54Z</time>
   </trkpt>
   <trkpt lat="51.1218050" lon="-0.5725370">
    <ele>56.9</ele>
    <time>2020-06-21T13:55:55Z</time>
   </trkpt>
   <trkpt lat="51.1218660" lon="-0.5725710">
    <ele>56.9</ele>
    <time>2020-06-21T13:55:56Z</time>
   </trkpt>
   <trkpt lat="51.1219210" lon="-0.5725940">
    <ele>56.9</ele>
    <time>2020-06-21T13:55:57Z</time>
   </trkpt>
   <trkpt lat="51.1219610" lon="-0.5726140">
    <ele>57.0</ele>
    <time>2020-06-21T13:55:58Z</time>
   </trkpt>
   <trkpt lat="51.1219920" lon="-0.5726330">
    <ele>57.0</ele>
    <time>2020-06-21T13:55:59Z</time>
   </trkpt>
   <trkpt lat="51.1220120" lon="-0.5726460">
    <ele>57.0</ele>
    <time>2020-06-21T13:56:00Z</time>
   </trkpt>
   <trkpt lat="51.1220500" lon="-0.5726240">
    <ele>57.1</ele>
    <time>2020-06-21T13:56:02Z</time>
   </trkpt>
   <trkpt lat="51.1221190" lon="-0.5726860">
    <ele>57.1</ele>
    <time>2020-06-21T13:56:04Z</time>
   </trkpt>
   <trkpt lat="51.1221380" lon="-0.5727070">
    <ele>57.1</ele>
    <time>2020-06-21T13:56:05Z</time>
   </trkpt>
   <trkpt lat="51.1221450" lon="-0.5727100">
    <ele>57.1</ele>
    <time>2020-06-21T13:56:06Z</time>
   </trkpt>
   <trkpt lat="51.1221470" lon="-0.5727130">
    <ele>57.1</ele>
    <time>2020-06-21T13:56:07Z</time>
   </trkpt>
   <trkpt lat="51.1221480" lon="-0.5727150">
    <ele>57.1</ele>
    <time>2020-06-21T13:56:08Z</time>
   </trkpt>
   <trkpt lat="51.1221490" lon="-0.5727160">
    <ele>57.1</ele>
    <time>2020-06-21T13:56:09Z</time>
   </trkpt>
   <trkpt lat="51.1221500" lon="-0.5727180">
    <ele>57.1</ele>
    <time>2020-06-21T13:56:10Z</time>
   </trkpt>
   <trkpt lat="51.1221510" lon="-0.5727200">
    <ele>57.1</ele>
    <time>2020-06-21T13:56:11Z</time>
   </trkpt>
   <trkpt lat="51.1221520" lon="-0.5727220">
    <ele>57.1</ele>
    <time>2020-06-21T13:56:12Z</time>
   </trkpt>
   <trkpt lat="51.1221530" lon="-0.5727230">
    <ele>57.1</ele>
    <time>2020-06-21T13:56:13Z</time>
   </trkpt>
   <trkpt lat="51.1221540" lon="-0.5727250">
    <ele>57.1</ele>
    <time>2020-06-21T13:56:14Z</time>
   </trkpt>
   <trkpt lat="51.1221550" lon="-0.5727270">
    <ele>57.1</ele>
    <time>2020-06-21T13:56:15Z</time>
   </trkpt>
   <trkpt lat="51.1221560" lon="-0.5727290">
    <ele>57.1</ele>
    <time>2020-06-21T13:56:16Z</time>
   </trkpt>
   <trkpt lat="51.1221570" lon="-0.5727310">
    <ele>57.1</ele>
    <time>2020-06-21T13:56:25Z</time>
   </trkpt>
   <trkpt lat="51.1221590" lon="-0.5727320">
    <ele>57.1</ele>
    <time>2020-06-21T13:56:26Z</time>
   </trkpt>
   <trkpt lat="51.1221600" lon="-0.5727340">
    <ele>57.1</ele>
    <time>2020-06-21T13:56:27Z</time>
   </trkpt>
   <trkpt lat="51.1221610" lon="-0.5727360">
    <ele>57.1</ele>
    <time>2020-06-21T13:56:28Z</time>
   </trkpt>
   <trkpt lat="51.1221620" lon="-0.5727380">
    <ele>57.2</ele>
    <time>2020-06-21T13:56:29Z</time>
   </trkpt>
   <trkpt lat="51.1221630" lon="-0.5727400">
    <ele>57.2</ele>
    <time>2020-06-21T13:56:30Z</time>
   </trkpt>
   <trkpt lat="51.1221640" lon="-0.5727410">
    <ele>57.2</ele>
    <time>2020-06-21T13:56:31Z</time>
   </trkpt>
   <trkpt lat="51.1221650" lon="-0.5727430">
    <ele>57.2</ele>
    <time>2020-06-21T13:56:32Z</time>
   </trkpt>
   <trkpt lat="51.1221660" lon="-0.5727450">
    <ele>57.2</ele>
    <time>2020-06-21T13:56:33Z</time>
   </trkpt>
   <trkpt lat="51.1221670" lon="-0.5727470">
    <ele>57.2</ele>
    <time>2020-06-21T13:56:34Z</time>
   </trkpt>
   <trkpt lat="51.1221680" lon="-0.5727480">
    <ele>57.2</ele>
    <time>2020-06-21T13:56:35Z</time>
   </trkpt>
   <trkpt lat="51.1221690" lon="-0.5727500">
    <ele>57.2</ele>
    <time>2020-06-21T13:56:36Z</time>
   </trkpt>
   <trkpt lat="51.1221700" lon="-0.5727520">
    <ele>57.2</ele>
    <time>2020-06-21T13:56:37Z</time>
   </trkpt>
   <trkpt lat="51.1222030" lon="-0.5727520">
    <ele>57.2</ele>
    <time>2020-06-21T13:56:38Z</time>
   </trkpt>
   <trkpt lat="51.1222160" lon="-0.5727560">
    <ele>57.2</ele>
    <time>2020-06-21T13:56:39Z</time>
   </trkpt>
   <trkpt lat="51.1222700" lon="-0.5727800">
    <ele>57.2</ele>
    <time>2020-06-21T13:56:40Z</time>
   </trkpt>
   <trkpt lat="51.1222750" lon="-0.5727780">
    <ele>57.2</ele>
    <time>2020-06-21T13:56:41Z</time>
   </trkpt>
   <trkpt lat="51.1222460" lon="-0.5727870">
    <ele>57.2</ele>
    <time>2020-06-21T13:56:42Z</time>
   </trkpt>
   <trkpt lat="51.1223380" lon="-0.5727910">
    <ele>57.2</ele>
    <time>2020-06-21T13:56:44Z</time>
   </trkpt>
   <trkpt lat="51.1224450" lon="-0.5727990">
    <ele>57.2</ele>
    <time>2020-06-21T13:56:45Z</time>
   </trkpt>
   <trkpt lat="51.1225080" lon="-0.5728050">
    <ele>57.3</ele>
    <time>2020-06-21T13:56:46Z</time>
   </trkpt>
   <trkpt lat="51.1225720" lon="-0.5728080">
    <ele>57.3</ele>
    <time>2020-06-21T13:56:47Z</time>
   </trkpt>
   <trkpt lat="51.1226290" lon="-0.5728180">
    <ele>57.3</ele>
    <time>2020-06-21T13:56:48Z</time>
   </trkpt>
   <trkpt lat="51.1226760" lon="-0.5728270">
    <ele>57.3</ele>
    <time>2020-06-21T13:56:49Z</time>
   </trkpt>
   <trkpt lat="51.1227780" lon="-0.5728290">
    <ele>57.3</ele>
    <time>2020-06-21T13:56:50Z</time>
   </trkpt>
   <trkpt lat="51.1228560" lon="-0.5728250">
    <ele>57.3</ele>
    <time>2020-06-21T13:56:52Z</time>
   </trkpt>
   <trkpt lat="51.1229370" lon="-0.5728230">
    <ele>57.3</ele>
    <time>2020-06-21T13:56:53Z</time>
   </trkpt>
   <trkpt lat="51.1230070" lon="-0.5728190">
    <ele>57.3</ele>
    <time>2020-06-21T13:56:54Z</time>
   </trkpt>
   <trkpt lat="51.1230700" lon="-0.5728090">
    <ele>57.3</ele>
    <time>2020-06-21T13:56:55Z</time>
   </trkpt>
   <trkpt lat="51.1231290" lon="-0.5727940">
    <ele>57.3</ele>
    <time>2020-06-21T13:56:56Z</time>
   </trkpt>
   <trkpt lat="51.1231860" lon="-0.5727780">
    <ele>57.2</ele>
    <time>2020-06-21T13:56:57Z</time>
   </trkpt>
   <trkpt lat="51.1232430" lon="-0.5727620">
    <ele>57.1</ele>
    <time>2020-06-21T13:56:58Z</time>
   </trkpt>
   <trkpt lat="51.1233020" lon="-0.5727420">
    <ele>57.0</ele>
    <time>2020-06-21T13:56:59Z</time>
   </trkpt>
   <trkpt lat="51.1233590" lon="-0.5727170">
    <ele>56.8</ele>
    <time>2020-06-21T13:57:00Z</time>
   </trkpt>
   <trkpt lat="51.1234150" lon="-0.5726870">
    <ele>56.5</ele>
    <time>2020-06-21T13:57:01Z</time>
   </trkpt>
   <trkpt lat="51.1234700" lon="-0.5726560">
    <ele>56.1</ele>
    <time>2020-06-21T13:57:02Z</time>
   </trkpt>
   <trkpt lat="51.1235240" lon="-0.5726250">
    <ele>55.8</ele>
    <time>2020-06-21T13:57:03Z</time>
   </trkpt>
   <trkpt lat="51.1235720" lon="-0.5726000">
    <ele>55.5</ele>
    <time>2020-06-21T13:57:04Z</time>
   </trkpt>
   <trkpt lat="51.1236240" lon="-0.5725770">
    <ele>55.2</ele>
    <time>2020-06-21T13:57:05Z</time>
   </trkpt>
   <trkpt lat="51.1236800" lon="-0.5725560">
    <ele>54.8</ele>
    <time>2020-06-21T13:57:06Z</time>
   </trkpt>
   <trkpt lat="51.1237350" lon="-0.5725310">
    <ele>54.4</ele>
    <time>2020-06-21T13:57:07Z</time>
   </trkpt>
   <trkpt lat="51.1238060" lon="-0.5725010">
    <ele>54.0</ele>
    <time>2020-06-21T13:57:08Z</time>
   </trkpt>
   <trkpt lat="51.1238780" lon="-0.5724950">
    <ele>53.6</ele>
    <time>2020-06-21T13:57:09Z</time>
   </trkpt>
   <trkpt lat="51.1239480" lon="-0.5725010">
    <ele>53.2</ele>
    <time>2020-06-21T13:57:10Z</time>
   </trkpt>
   <trkpt lat="51.1240210" lon="-0.5725000">
    <ele>52.8</ele>
    <time>2020-06-21T13:57:11Z</time>
   </trkpt>
   <trkpt lat="51.1240950" lon="-0.5725130">
    <ele>52.4</ele>
    <time>2020-06-21T13:57:12Z</time>
   </trkpt>
   <trkpt lat="51.1241790" lon="-0.5725290">
    <ele>52.1</ele>
    <time>2020-06-21T13:57:13Z</time>
   </trkpt>
   <trkpt lat="51.1242660" lon="-0.5725310">
    <ele>52.0</ele>
    <time>2020-06-21T13:57:14Z</time>
   </trkpt>
   <trkpt lat="51.1243460" lon="-0.5725170">
    <ele>51.9</ele>
    <time>2020-06-21T13:57:15Z</time>
   </trkpt>
   <trkpt lat="51.1244230" lon="-0.5724950">
    <ele>52.0</ele>
    <time>2020-06-21T13:57:16Z</time>
   </trkpt>
   <trkpt lat="51.1244980" lon="-0.5724710">
    <ele>52.1</ele>
    <time>2020-06-21T13:57:17Z</time>
   </trkpt>
   <trkpt lat="51.1245700" lon="-0.5724440">
    <ele>52.0</ele>
    <time>2020-06-21T13:57:18Z</time>
   </trkpt>
   <trkpt lat="51.1246390" lon="-0.5724090">
    <ele>52.0</ele>
    <time>2020-06-21T13:57:19Z</time>
   </trkpt>
   <trkpt lat="51.1247080" lon="-0.5723800">
    <ele>52.1</ele>
    <time>2020-06-21T13:57:20Z</time>
   </trkpt>
   <trkpt lat="51.1247770" lon="-0.5723520">
    <ele>52.2</ele>
    <time>2020-06-21T13:57:21Z</time>
   </trkpt>
   <trkpt lat="51.1248470" lon="-0.5723230">
    <ele>52.3</ele>
    <time>2020-06-21T13:57:22Z</time>
   </trkpt>
   <trkpt lat="51.1249140" lon="-0.5723010">
    <ele>52.5</ele>
    <time>2020-06-21T13:57:23Z</time>
   </trkpt>
   <trkpt lat="51.1249770" lon="-0.5722750">
    <ele>52.6</ele>
    <time>2020-06-21T13:57:24Z</time>
   </trkpt>
   <trkpt lat="51.1250380" lon="-0.5722550">
    <ele>52.8</ele>
    <time>2020-06-21T13:57:25Z</time>
   </trkpt>
   <trkpt lat="51.1250990" lon="-0.5722340">
    <ele>53.1</ele>
    <time>2020-06-21T13:57:26Z</time>
   </trkpt>
   <trkpt lat="51.1251560" lon="-0.5722140">
    <ele>53.3</ele>
    <time>2020-06-21T13:57:27Z</time>
   </trkpt>
   <trkpt lat="51.1252160" lon="-0.5721990">
    <ele>53.6</ele>
    <time>2020-06-21T13:57:28Z</time>
   </trkpt>
   <trkpt lat="51.1252750" lon="-0.5721880">
    <ele>53.8</ele>
    <time>2020-06-21T13:57:29Z</time>
   </trkpt>
   <trkpt lat="51.1253330" lon="-0.5721770">
    <ele>54.1</ele>
    <time>2020-06-21T13:57:30Z</time>
   </trkpt>
   <trkpt lat="51.1253920" lon="-0.5721640">
    <ele>54.4</ele>
    <time>2020-06-21T13:57:31Z</time>
   </trkpt>
   <trkpt lat="51.1254460" lon="-0.5721550">
    <ele>54.8</ele>
    <time>2020-06-21T13:57:32Z</time>
   </trkpt>
   <trkpt lat="51.1254980" lon="-0.5721540">
    <ele>55.1</ele>
    <time>2020-06-21T13:57:33Z</time>
   </trkpt>
   <trkpt lat="51.1255500" lon="-0.5721460">
    <ele>55.5</ele>
    <time>2020-06-21T13:57:34Z</time>
   </trkpt>
   <trkpt lat="51.1256000" lon="-0.5721480">
    <ele>55.9</ele>
    <time>2020-06-21T13:57:35Z</time>
   </trkpt>
   <trkpt lat="51.1256530" lon="-0.5721430">
    <ele>56.3</ele>
    <time>2020-06-21T13:57:36Z</time>
   </trkpt>
   <trkpt lat="51.1257120" lon="-0.5721430">
    <ele>56.8</ele>
    <time>2020-06-21T13:57:37Z</time>
   </trkpt>
   <trkpt lat="51.1257700" lon="-0.5721520">
    <ele>57.3</ele>
    <time>2020-06-21T13:57:38Z</time>
   </trkpt>
   <trkpt lat="51.1258150" lon="-0.5721680">
    <ele>57.7</ele>
    <time>2020-06-21T13:57:39Z</time>
   </trkpt>
   <trkpt lat="51.1258650" lon="-0.5721740">
    <ele>58.2</ele>
    <time>2020-06-21T13:57:40Z</time>
   </trkpt>
   <trkpt lat="51.1259120" lon="-0.5721840">
    <ele>58.6</ele>
    <time>2020-06-21T13:57:41Z</time>
   </trkpt>
   <trkpt lat="51.1259390" lon="-0.5721920">
    <ele>58.8</ele>
    <time>2020-06-21T13:57:42Z</time>
   </trkpt>
   <trkpt lat="51.1259730" lon="-0.5721950">
    <ele>59.0</ele>
    <time>2020-06-21T13:57:43Z</time>
   </trkpt>
   <trkpt lat="51.1260090" lon="-0.5722070">
    <ele>59.3</ele>
    <time>2020-06-21T13:57:44Z</time>
   </trkpt>
   <trkpt lat="51.1260480" lon="-0.5722180">
    <ele>59.5</ele>
    <time>2020-06-21T13:57:45Z</time>
   </trkpt>
   <trkpt lat="51.1260820" lon="-0.5722240">
    <ele>59.7</ele>
    <time>2020-06-21T13:57:46Z</time>
   </trkpt>
   <trkpt lat="51.1261230" lon="-0.5722250">
    <ele>59.9</ele>
    <time>2020-06-21T13:57:47Z</time>
   </trkpt>
   <trkpt lat="51.1261680" lon="-0.5722260">
    <ele>60.0</ele>
    <time>2020-06-21T13:57:48Z</time>
   </trkpt>
   <trkpt lat="51.1261340" lon="-0.5722380">
    <ele>60.2</ele>
    <time>2020-06-21T13:57:49Z</time>
   </trkpt>
   <trkpt lat="51.1261580" lon="-0.5722890">
    <ele>60.3</ele>
    <time>2020-06-21T13:57:51Z</time>
   </trkpt>
   <trkpt lat="51.1262220" lon="-0.5722820">
    <ele>60.5</ele>
    <time>2020-06-21T13:57:53Z</time>
   </trkpt>
   <trkpt lat="51.1262640" lon="-0.5722670">
    <ele>60.7</ele>
    <time>2020-06-21T13:57:54Z</time>
   </trkpt>
   <trkpt lat="51.1263930" lon="-0.5722170">
    <ele>60.9</ele>
    <time>2020-06-21T13:57:56Z</time>
   </trkpt>
   <trkpt lat="51.1265770" lon="-0.5721890">
    <ele>61.2</ele>
    <time>2020-06-21T13:57:58Z</time>
   </trkpt>
   <trkpt lat="51.1266550" lon="-0.5721890">
    <ele>61.4</ele>
    <time>2020-06-21T13:57:59Z</time>
   </trkpt>
   <trkpt lat="51.1267240" lon="-0.5721910">
    <ele>61.6</ele>
    <time>2020-06-21T13:58:00Z</time>
   </trkpt>
   <trkpt lat="51.1267880" lon="-0.5722000">
    <ele>61.7</ele>
    <time>2020-06-21T13:58:01Z</time>
   </trkpt>
   <trkpt lat="51.1268460" lon="-0.5722220">
    <ele>61.7</ele>
    <time>2020-06-21T13:58:02Z</time>
   </trkpt>
   <trkpt lat="51.1268970" lon="-0.5722570">
    <ele>61.7</ele>
    <time>2020-06-21T13:58:03Z</time>
   </trkpt>
   <trkpt lat="51.1269400" lon="-0.5723070">
    <ele>61.8</ele>
    <time>2020-06-21T13:58:04Z</time>
   </trkpt>
   <trkpt lat="51.1269700" lon="-0.5723750">
    <ele>61.8</ele>
    <time>2020-06-21T13:58:05Z</time>
   </trkpt>
   <trkpt lat="51.1269960" lon="-0.5724470">
    <ele>61.8</ele>
    <time>2020-06-21T13:58:06Z</time>
   </trkpt>
   <trkpt lat="51.1270130" lon="-0.5725290">
    <ele>61.9</ele>
    <time>2020-06-21T13:58:07Z</time>
   </trkpt>
   <trkpt lat="51.1270250" lon="-0.5726140">
    <ele>61.9</ele>
    <time>2020-06-21T13:58:08Z</time>
   </trkpt>
   <trkpt lat="51.1270340" lon="-0.5727000">
    <ele>62.0</ele>
    <time>2020-06-21T13:58:09Z</time>
   </trkpt>
   <trkpt lat="51.1270430" lon="-0.5727850">
    <ele>62.1</ele>
    <time>2020-06-21T13:58:10Z</time>
   </trkpt>
   <trkpt lat="51.1270540" lon="-0.5728680">
    <ele>62.1</ele>
    <time>2020-06-21T13:58:11Z</time>
   </trkpt>
   <trkpt lat="51.1270670" lon="-0.5729490">
    <ele>62.2</ele>
    <time>2020-06-21T13:58:12Z</time>
   </trkpt>
   <trkpt lat="51.1270790" lon="-0.5730280">
    <ele>62.2</ele>
    <time>2020-06-21T13:58:13Z</time>
   </trkpt>
   <trkpt lat="51.1270980" lon="-0.5731000">
    <ele>62.3</ele>
    <time>2020-06-21T13:58:14Z</time>
   </trkpt>
   <trkpt lat="51.1271240" lon="-0.5731660">
    <ele>62.3</ele>
    <time>2020-06-21T13:58:15Z</time>
   </trkpt>
   <trkpt lat="51.1271570" lon="-0.5732230">
    <ele>62.4</ele>
    <time>2020-06-21T13:58:16Z</time>
   </trkpt>
   <trkpt lat="51.1271920" lon="-0.5732640">
    <ele>62.4</ele>
    <time>2020-06-21T13:58:17Z</time>
   </trkpt>
   <trkpt lat="51.1272330" lon="-0.5732850">
    <ele>62.4</ele>
    <time>2020-06-21T13:58:18Z</time>
   </trkpt>
   <trkpt lat="51.1272520" lon="-0.5732940">
    <ele>62.5</ele>
    <time>2020-06-21T13:58:19Z</time>
   </trkpt>
   <trkpt lat="51.1272890" lon="-0.5733010">
    <ele>62.5</ele>
    <time>2020-06-21T13:58:20Z</time>
   </trkpt>
   <trkpt lat="51.1273250" lon="-0.5733010">
    <ele>62.6</ele>
    <time>2020-06-21T13:58:21Z</time>
   </trkpt>
   <trkpt lat="51.1273650" lon="-0.5733040">
    <ele>62.6</ele>
    <time>2020-06-21T13:58:22Z</time>
   </trkpt>
   <trkpt lat="51.1274060" lon="-0.5733080">
    <ele>62.7</ele>
    <time>2020-06-21T13:58:23Z</time>
   </trkpt>
   <trkpt lat="51.1274240" lon="-0.5732240">
    <ele>62.8</ele>
    <time>2020-06-21T13:58:25Z</time>
   </trkpt>
   <trkpt lat="51.1274960" lon="-0.5732820">
    <ele>62.9</ele>
    <time>2020-06-21T13:58:26Z</time>
   </trkpt>
   <trkpt lat="51.1274950" lon="-0.5732470">
    <ele>62.9</ele>
    <time>2020-06-21T13:58:28Z</time>
   </trkpt>
   <trkpt lat="51.1275110" lon="-0.5732490">
    <ele>63.0</ele>
    <time>2020-06-21T13:58:29Z</time>
   </trkpt>
   <trkpt lat="51.1275280" lon="-0.5732500">
    <ele>63.0</ele>
    <time>2020-06-21T13:58:30Z</time>
   </trkpt>
   <trkpt lat="51.1275580" lon="-0.5732490">
    <ele>63.0</ele>
    <time>2020-06-21T13:58:32Z</time>
   </trkpt>
   <trkpt lat="51.1276000" lon="-0.5732560">
    <ele>63.1</ele>
    <time>2020-06-21T13:58:33Z</time>
   </trkpt>
   <trkpt lat="51.1277310" lon="-0.5732670">
    <ele>63.4</ele>
    <time>2020-06-21T13:58:34Z</time>
   </trkpt>
   <trkpt lat="51.1279020" lon="-0.5732450">
    <ele>63.8</ele>
    <time>2020-06-21T13:58:36Z</time>
   </trkpt>
   <trkpt lat="51.1279710" lon="-0.5732400">
    <ele>64.0</ele>
    <time>2020-06-21T13:58:37Z</time>
   </trkpt>
   <trkpt lat="51.1280740" lon="-0.5732420">
    <ele>64.2</ele>
    <time>2020-06-21T13:58:38Z</time>
   </trkpt>
   <trkpt lat="51.1281440" lon="-0.5732310">
    <ele>64.4</ele>
    <time>2020-06-21T13:58:40Z</time>
   </trkpt>
   <trkpt lat="51.1283010" lon="-0.5731850">
    <ele>64.8</ele>
    <time>2020-06-21T13:58:42Z</time>
   </trkpt>
   <trkpt lat="51.1283640" lon="-0.5731510">
    <ele>65.0</ele>
    <time>2020-06-21T13:58:43Z</time>
   </trkpt>
   <trkpt lat="51.1284130" lon="-0.5731260">
    <ele>65.2</ele>
    <time>2020-06-21T13:58:44Z</time>
   </trkpt>
   <trkpt lat="51.1284620" lon="-0.5730880">
    <ele>65.3</ele>
    <time>2020-06-21T13:58:45Z</time>
   </trkpt>
   <trkpt lat="51.1285210" lon="-0.5730330">
    <ele>65.5</ele>
    <time>2020-06-21T13:58:47Z</time>
   </trkpt>
   <trkpt lat="51.1285670" lon="-0.5730260">
    <ele>65.7</ele>
    <time>2020-06-21T13:58:48Z</time>
   </trkpt>
   <trkpt lat="51.1286540" lon="-0.5729910">
    <ele>66.1</ele>
    <time>2020-06-21T13:58:50Z</time>
   </trkpt>
   <trkpt lat="51.1286820" lon="-0.5729700">
    <ele>66.2</ele>
    <time>2020-06-21T13:58:51Z</time>
   </trkpt>
   <trkpt lat="51.1287160" lon="-0.5729380">
    <ele>66.4</ele>
    <time>2020-06-21T13:58:53Z</time>
   </trkpt>
   <trkpt lat="51.1287740" lon="-0.5728840">
    <ele>66.7</ele>
    <time>2020-06-21T13:58:55Z</time>
   </trkpt>
   <trkpt lat="51.1288130" lon="-0.5728410">
    <ele>66.9</ele>
    <time>2020-06-21T13:58:56Z</time>
   </trkpt>
   <trkpt lat="51.1288510" lon="-0.5728000">
    <ele>67.0</ele>
    <time>2020-06-21T13:58:57Z</time>
   </trkpt>
   <trkpt lat="51.1289250" lon="-0.5727150">
    <ele>67.3</ele>
    <time>2020-06-21T13:58:59Z</time>
   </trkpt>
   <trkpt lat="51.1289950" lon="-0.5726350">
    <ele>67.5</ele>
    <time>2020-06-21T13:59:00Z</time>
   </trkpt>
   <trkpt lat="51.1290630" lon="-0.5725640">
    <ele>67.7</ele>
    <time>2020-06-21T13:59:01Z</time>
   </trkpt>
   <trkpt lat="51.1291050" lon="-0.5725250">
    <ele>67.8</ele>
    <time>2020-06-21T13:59:02Z</time>
   </trkpt>
   <trkpt lat="51.1291550" lon="-0.5724870">
    <ele>67.9</ele>
    <time>2020-06-21T13:59:04Z</time>
   </trkpt>
   <trkpt lat="51.1291960" lon="-0.5724670">
    <ele>68.0</ele>
    <time>2020-06-21T13:59:05Z</time>
   </trkpt>
   <trkpt lat="51.1292500" lon="-0.5724410">
    <ele>68.1</ele>
    <time>2020-06-21T13:59:06Z</time>
   </trkpt>
   <trkpt lat="51.1292840" lon="-0.5724200">
    <ele>68.2</ele>
    <time>2020-06-21T13:59:07Z</time>
   </trkpt>
   <trkpt lat="51.1293080" lon="-0.5724060">
    <ele>68.2</ele>
    <time>2020-06-21T13:59:08Z</time>
   </trkpt>
   <trkpt lat="51.1293440" lon="-0.5723830">
    <ele>68.3</ele>
    <time>2020-06-21T13:59:10Z</time>
   </trkpt>
   <trkpt lat="51.1294160" lon="-0.5723520">
    <ele>68.5</ele>
    <time>2020-06-21T13:59:12Z</time>
   </trkpt>
   <trkpt lat="51.1294800" lon="-0.5723140">
    <ele>68.7</ele>
    <time>2020-06-21T13:59:13Z</time>
   </trkpt>
   <trkpt lat="51.1295390" lon="-0.5722760">
    <ele>68.9</ele>
    <time>2020-06-21T13:59:15Z</time>
   </trkpt>
   <trkpt lat="51.1295870" lon="-0.5722370">
    <ele>69.1</ele>
    <time>2020-06-21T13:59:16Z</time>
   </trkpt>
   <trkpt lat="51.1296630" lon="-0.5721780">
    <ele>69.4</ele>
    <time>2020-06-21T13:59:18Z</time>
   </trkpt>
   <trkpt lat="51.1297350" lon="-0.5721270">
    <ele>69.7</ele>
    <time>2020-06-21T13:59:20Z</time>
   </trkpt>
   <trkpt lat="51.1297900" lon="-0.5720920">
    <ele>69.8</ele>
    <time>2020-06-21T13:59:21Z</time>
   </trkpt>
   <trkpt lat="51.1298450" lon="-0.5720400">
    <ele>70.0</ele>
    <time>2020-06-21T13:59:22Z</time>
   </trkpt>
   <trkpt lat="51.1299140" lon="-0.5719700">
    <ele>70.2</ele>
    <time>2020-06-21T13:59:24Z</time>
   </trkpt>
   <trkpt lat="51.1299720" lon="-0.5719330">
    <ele>70.4</ele>
    <time>2020-06-21T13:59:25Z</time>
   </trkpt>
   <trkpt lat="51.1300480" lon="-0.5718380">
    <ele>70.6</ele>
    <time>2020-06-21T13:59:27Z</time>
   </trkpt>
   <trkpt lat="51.1301000" lon="-0.5718000">
    <ele>70.8</ele>
    <time>2020-06-21T13:59:28Z</time>
   </trkpt>
   <trkpt lat="51.1301760" lon="-0.5717550">
    <ele>71.0</ele>
    <time>2020-06-21T13:59:30Z</time>
   </trkpt>
   <trkpt lat="51.1302650" lon="-0.5717250">
    <ele>71.2</ele>
    <time>2020-06-21T13:59:31Z</time>
   </trkpt>
   <trkpt lat="51.1303140" lon="-0.5717010">
    <ele>71.4</ele>
    <time>2020-06-21T13:59:32Z</time>
   </trkpt>
   <trkpt lat="51.1303500" lon="-0.5717060">
    <ele>71.5</ele>
    <time>2020-06-21T13:59:33Z</time>
   </trkpt>
   <trkpt lat="51.1303940" lon="-0.5716810">
    <ele>71.6</ele>
    <time>2020-06-21T13:59:34Z</time>
   </trkpt>
   <trkpt lat="51.1304480" lon="-0.5716700">
    <ele>71.8</ele>
    <time>2020-06-21T13:59:35Z</time>
   </trkpt>
   <trkpt lat="51.1305120" lon="-0.5716630">
    <ele>72.0</ele>
    <time>2020-06-21T13:59:36Z</time>
   </trkpt>
   <trkpt lat="51.1305720" lon="-0.5716490">
    <ele>72.2</ele>
    <time>2020-06-21T13:59:37Z</time>
   </trkpt>
   <trkpt lat="51.1306200" lon="-0.5716340">
    <ele>72.4</ele>
    <time>2020-06-21T13:59:38Z</time>
   </trkpt>
   <trkpt lat="51.1306500" lon="-0.5716250">
    <ele>72.5</ele>
    <time>2020-06-21T13:59:39Z</time>
   </trkpt>
   <trkpt lat="51.1306880" lon="-0.5715840">
    <ele>72.7</ele>
    <time>2020-06-21T13:59:40Z</time>
   </trkpt>
   <trkpt lat="51.1307620" lon="-0.5715560">
    <ele>73.0</ele>
    <time>2020-06-21T13:59:41Z</time>
   </trkpt>
   <trkpt lat="51.1308390" lon="-0.5715150">
    <ele>73.3</ele>
    <time>2020-06-21T13:59:43Z</time>
   </trkpt>
   <trkpt lat="51.1308820" lon="-0.5714830">
    <ele>73.5</ele>
    <time>2020-06-21T13:59:44Z</time>
   </trkpt>
   <trkpt lat="51.1309230" lon="-0.5714570">
    <ele>73.7</ele>
    <time>2020-06-21T13:59:45Z</time>
   </trkpt>
   <trkpt lat="51.1309440" lon="-0.5714250">
    <ele>73.9</ele>
    <time>2020-06-21T13:59:46Z</time>
   </trkpt>
   <trkpt lat="51.1309850" lon="-0.5713890">
    <ele>74.1</ele>
    <time>2020-06-21T13:59:47Z</time>
   </trkpt>
   <trkpt lat="51.1310230" lon="-0.5713560">
    <ele>74.3</ele>
    <time>2020-06-21T13:59:48Z</time>
   </trkpt>
   <trkpt lat="51.1310570" lon="-0.5713200">
    <ele>74.5</ele>
    <time>2020-06-21T13:59:49Z</time>
   </trkpt>
   <trkpt lat="51.1310640" lon="-0.5712860">
    <ele>74.6</ele>
    <time>2020-06-21T13:59:50Z</time>
   </trkpt>
   <trkpt lat="51.1311110" lon="-0.5712310">
    <ele>74.9</ele>
    <time>2020-06-21T13:59:52Z</time>
   </trkpt>
   <trkpt lat="51.1311290" lon="-0.5711940">
    <ele>75.0</ele>
    <time>2020-06-21T13:59:53Z</time>
   </trkpt>
   <trkpt lat="51.1311660" lon="-0.5711290">
    <ele>75.3</ele>
    <time>2020-06-21T13:59:54Z</time>
   </trkpt>
   <trkpt lat="51.1312220" lon="-0.5709930">
    <ele>75.8</ele>
    <time>2020-06-21T13:59:56Z</time>
   </trkpt>
   <trkpt lat="51.1312510" lon="-0.5709400">
    <ele>75.9</ele>
    <time>2020-06-21T13:59:57Z</time>
   </trkpt>
   <trkpt lat="51.1312670" lon="-0.5708860">
    <ele>76.1</ele>
    <time>2020-06-21T13:59:58Z</time>
   </trkpt>
   <trkpt lat="51.1312810" lon="-0.5708740">
    <ele>76.2</ele>
    <time>2020-06-21T13:59:59Z</time>
   </trkpt>
   <trkpt lat="51.1313100" lon="-0.5708380">
    <ele>76.3</ele>
    <time>2020-06-21T14:00:00Z</time>
   </trkpt>
   <trkpt lat="51.1313480" lon="-0.5707760">
    <ele>76.5</ele>
    <time>2020-06-21T14:00:01Z</time>
   </trkpt>
   <trkpt lat="51.1313940" lon="-0.5706880">
    <ele>76.8</ele>
    <time>2020-06-21T14:00:03Z</time>
   </trkpt>
   <trkpt lat="51.1314660" lon="-0.5705800">
    <ele>77.2</ele>
    <time>2020-06-21T14:00:05Z</time>
   </trkpt>
   <trkpt lat="51.1314990" lon="-0.5705390">
    <ele>77.4</ele>
    <time>2020-06-21T14:00:06Z</time>
   </trkpt>
   <trkpt lat="51.1315150" lon="-0.5705190">
    <ele>77.4</ele>
    <time>2020-06-21T14:00:07Z</time>
   </trkpt>
   <trkpt lat="51.1315360" lon="-0.5704740">
    <ele>77.5</ele>
    <time>2020-06-21T14:00:08Z</time>
   </trkpt>
   <trkpt lat="51.1315680" lon="-0.5704340">
    <ele>77.6</ele>
    <time>2020-06-21T14:00:09Z</time>
   </trkpt>
   <trkpt lat="51.1315990" lon="-0.5703970">
    <ele>77.7</ele>
    <time>2020-06-21T14:00:10Z</time>
   </trkpt>
   <trkpt lat="51.1316350" lon="-0.5703580">
    <ele>77.9</ele>
    <time>2020-06-21T14:00:11Z</time>
   </trkpt>
   <trkpt lat="51.1317040" lon="-0.5702710">
    <ele>78.1</ele>
    <time>2020-06-21T14:00:13Z</time>
   </trkpt>
   <trkpt lat="51.1317390" lon="-0.5702270">
    <ele>78.2</ele>
    <time>2020-06-21T14:00:14Z</time>
   </trkpt>
   <trkpt lat="51.1317780" lon="-0.5701980">
    <ele>78.3</ele>
    <time>2020-06-21T14:00:15Z</time>
   </trkpt>
   <trkpt lat="51.1317990" lon="-0.5701740">
    <ele>78.4</ele>
    <time>2020-06-21T14:00:16Z</time>
   </trkpt>
   <trkpt lat="51.1318360" lon="-0.5701480">
    <ele>78.5</ele>
    <time>2020-06-21T14:00:17Z</time>
   </trkpt>
   <trkpt lat="51.1319460" lon="-0.5701680">
    <ele>78.8</ele>
    <time>2020-06-21T14:00:19Z</time>
   </trkpt>
   <trkpt lat="51.1320070" lon="-0.5701870">
    <ele>78.9</ele>
    <time>2020-06-21T14:00:20Z</time>
   </trkpt>
   <trkpt lat="51.1320600" lon="-0.5702000">
    <ele>79.1</ele>
    <time>2020-06-21T14:00:21Z</time>
   </trkpt>
   <trkpt lat="51.1321110" lon="-0.5702150">
    <ele>79.2</ele>
    <time>2020-06-21T14:00:22Z</time>
   </trkpt>
   <trkpt lat="51.1321660" lon="-0.5702360">
    <ele>79.4</ele>
    <time>2020-06-21T14:00:23Z</time>
   </trkpt>
   <trkpt lat="51.1322210" lon="-0.5702580">
    <ele>79.6</ele>
    <time>2020-06-21T14:00:24Z</time>
   </trkpt>
   <trkpt lat="51.1322740" lon="-0.5702680">
    <ele>79.7</ele>
    <time>2020-06-21T14:00:25Z</time>
   </trkpt>
   <trkpt lat="51.1323270" lon="-0.5702770">
    <ele>79.9</ele>
    <time>2020-06-21T14:00:26Z</time>
   </trkpt>
   <trkpt lat="51.1323820" lon="-0.5702920">
    <ele>80.0</ele>
    <time>2020-06-21T14:00:27Z</time>
   </trkpt>
   <trkpt lat="51.1324370" lon="-0.5703080">
    <ele>80.2</ele>
    <time>2020-06-21T14:00:28Z</time>
   </trkpt>
   <trkpt lat="51.1324920" lon="-0.5703310">
    <ele>80.4</ele>
    <time>2020-06-21T14:00:29Z</time>
   </trkpt>
   <trkpt lat="51.1325470" lon="-0.5703550">
    <ele>80.6</ele>
    <time>2020-06-21T14:00:30Z</time>
   </trkpt>
   <trkpt lat="51.1326000" lon="-0.5703790">
    <ele>80.7</ele>
    <time>2020-06-21T14:00:31Z</time>
   </trkpt>
   <trkpt lat="51.1326520" lon="-0.5704100">
    <ele>81.0</ele>
    <time>2020-06-21T14:00:32Z</time>
   </trkpt>
   <trkpt lat="51.1327020" lon="-0.5704300">
    <ele>81.2</ele>
    <time>2020-06-21T14:00:33Z</time>
   </trkpt>
   <trkpt lat="51.1327500" lon="-0.5704560">
    <ele>81.4</ele>
    <time>2020-06-21T14:00:34Z</time>
   </trkpt>
   <trkpt lat="51.1327980" lon="-0.5704870">
    <ele>81.7</ele>
    <time>2020-06-21T14:00:35Z</time>
   </trkpt>
   <trkpt lat="51.1328460" lon="-0.5705180">
    <ele>81.9</ele>
    <time>2020-06-21T14:00:36Z</time>
   </trkpt>
   <trkpt lat="51.1328920" lon="-0.5705440">
    <ele>82.1</ele>
    <time>2020-06-21T14:00:37Z</time>
   </trkpt>
   <trkpt lat="51.1329350" lon="-0.5705610">
    <ele>82.3</ele>
    <time>2020-06-21T14:00:38Z</time>
   </trkpt>
   <trkpt lat="51.1329770" lon="-0.5705760">
    <ele>82.6</ele>
    <time>2020-06-21T14:00:39Z</time>
   </trkpt>
   <trkpt lat="51.1330180" lon="-0.5705930">
    <ele>82.7</ele>
    <time>2020-06-21T14:00:40Z</time>
   </trkpt>
   <trkpt lat="51.1330560" lon="-0.5706030">
    <ele>82.7</ele>
    <time>2020-06-21T14:00:41Z</time>
   </trkpt>
   <trkpt lat="51.1330950" lon="-0.5705970">
    <ele>82.7</ele>
    <time>2020-06-21T14:00:42Z</time>
   </trkpt>
   <trkpt lat="51.1331330" lon="-0.5705960">
    <ele>82.7</ele>
    <time>2020-06-21T14:00:43Z</time>
   </trkpt>
   <trkpt lat="51.1331690" lon="-0.5705980">
    <ele>82.7</ele>
    <time>2020-06-21T14:00:44Z</time>
   </trkpt>
   <trkpt lat="51.1332030" lon="-0.5705950">
    <ele>82.8</ele>
    <time>2020-06-21T14:00:45Z</time>
   </trkpt>
   <trkpt lat="51.1332440" lon="-0.5705880">
    <ele>82.8</ele>
    <time>2020-06-21T14:00:46Z</time>
   </trkpt>
   <trkpt lat="51.1332640" lon="-0.5705870">
    <ele>82.8</ele>
    <time>2020-06-21T14:00:47Z</time>
   </trkpt>
   <trkpt lat="51.1332950" lon="-0.5705860">
    <ele>82.9</ele>
    <time>2020-06-21T14:00:48Z</time>
   </trkpt>
   <trkpt lat="51.1333160" lon="-0.5705670">
    <ele>82.9</ele>
    <time>2020-06-21T14:00:49Z</time>
   </trkpt>
   <trkpt lat="51.1333220" lon="-0.5705490">
    <ele>82.9</ele>
    <time>2020-06-21T14:00:50Z</time>
   </trkpt>
   <trkpt lat="51.1333270" lon="-0.5705300">
    <ele>83.0</ele>
    <time>2020-06-21T14:00:51Z</time>
   </trkpt>
   <trkpt lat="51.1333320" lon="-0.5704850">
    <ele>83.0</ele>
    <time>2020-06-21T14:00:52Z</time>
   </trkpt>
   <trkpt lat="51.1333600" lon="-0.5704730">
    <ele>83.0</ele>
    <time>2020-06-21T14:00:53Z</time>
   </trkpt>
   <trkpt lat="51.1333740" lon="-0.5704840">
    <ele>83.1</ele>
    <time>2020-06-21T14:00:54Z</time>
   </trkpt>
   <trkpt lat="51.1334070" lon="-0.5705230">
    <ele>83.1</ele>
    <time>2020-06-21T14:00:55Z</time>
   </trkpt>
   <trkpt lat="51.1334600" lon="-0.5704840">
    <ele>83.2</ele>
    <time>2020-06-21T14:00:57Z</time>
   </trkpt>
   <trkpt lat="51.1334910" lon="-0.5704630">
    <ele>83.3</ele>
    <time>2020-06-21T14:00:58Z</time>
   </trkpt>
   <trkpt lat="51.1335340" lon="-0.5703670">
    <ele>83.4</ele>
    <time>2020-06-21T14:01:00Z</time>
   </trkpt>
   <trkpt lat="51.1335640" lon="-0.5702920">
    <ele>83.5</ele>
    <time>2020-06-21T14:01:01Z</time>
   </trkpt>
   <trkpt lat="51.1335930" lon="-0.5702240">
    <ele>83.6</ele>
    <time>2020-06-21T14:01:03Z</time>
   </trkpt>
   <trkpt lat="51.1336040" lon="-0.5701380">
    <ele>83.6</ele>
    <time>2020-06-21T14:01:04Z</time>
   </trkpt>
   <trkpt lat="51.1336030" lon="-0.5699870">
    <ele>83.8</ele>
    <time>2020-06-21T14:01:06Z</time>
   </trkpt>
   <trkpt lat="51.1335960" lon="-0.5698920">
    <ele>83.5</ele>
    <time>2020-06-21T14:01:07Z</time>
   </trkpt>
   <trkpt lat="51.1335750" lon="-0.5697580">
    <ele>83.0</ele>
    <time>2020-06-21T14:01:08Z</time>
   </trkpt>
   <trkpt lat="51.1335650" lon="-0.5696530">
    <ele>82.7</ele>
    <time>2020-06-21T14:01:09Z</time>
   </trkpt>
   <trkpt lat="51.1333660" lon="-0.5691230">
    <ele>81.7</ele>
    <time>2020-06-21T14:01:10Z</time>
   </trkpt>
   <trkpt lat="51.1333150" lon="-0.5689670">
    <ele>81.6</ele>
    <time>2020-06-21T14:01:11Z</time>
   </trkpt>
   <trkpt lat="51.1332630" lon="-0.5687490">
    <ele>81.6</ele>
    <time>2020-06-21T14:01:12Z</time>
   </trkpt>
   <trkpt lat="51.1332420" lon="-0.5685830">
    <ele>81.8</ele>
    <time>2020-06-21T14:01:13Z</time>
   </trkpt>
   <trkpt lat="51.1332330" lon="-0.5684430">
    <ele>81.9</ele>
    <time>2020-06-21T14:01:14Z</time>
   </trkpt>
   <trkpt lat="51.1332300" lon="-0.5683180">
    <ele>82.2</ele>
    <time>2020-06-21T14:01:15Z</time>
   </trkpt>
   <trkpt lat="51.1332290" lon="-0.5681990">
    <ele>82.5</ele>
    <time>2020-06-21T14:01:16Z</time>
   </trkpt>
   <trkpt lat="51.1332310" lon="-0.5680940">
    <ele>82.7</ele>
    <time>2020-06-21T14:01:17Z</time>
   </trkpt>
   <trkpt lat="51.1332300" lon="-0.5679920">
    <ele>83.0</ele>
    <time>2020-06-21T14:01:18Z</time>
   </trkpt>
   <trkpt lat="51.1332330" lon="-0.5679000">
    <ele>83.2</ele>
    <time>2020-06-21T14:01:19Z</time>
   </trkpt>
   <trkpt lat="51.1332330" lon="-0.5678130">
    <ele>83.5</ele>
    <time>2020-06-21T14:01:20Z</time>
   </trkpt>
   <trkpt lat="51.1332340" lon="-0.5677260">
    <ele>83.7</ele>
    <time>2020-06-21T14:01:21Z</time>
   </trkpt>
   <trkpt lat="51.1332310" lon="-0.5676440">
    <ele>84.0</ele>
    <time>2020-06-21T14:01:22Z</time>
   </trkpt>
   <trkpt lat="51.1332300" lon="-0.5675590">
    <ele>84.2</ele>
    <time>2020-06-21T14:01:23Z</time>
   </trkpt>
   <trkpt lat="51.1332310" lon="-0.5674750">
    <ele>84.5</ele>
    <time>2020-06-21T14:01:24Z</time>
   </trkpt>
   <trkpt lat="51.1332340" lon="-0.5673930">
    <ele>84.7</ele>
    <time>2020-06-21T14:01:25Z</time>
   </trkpt>
   <trkpt lat="51.1332320" lon="-0.5673090">
    <ele>85.0</ele>
    <time>2020-06-21T14:01:26Z</time>
   </trkpt>
   <trkpt lat="51.1332220" lon="-0.5672240">
    <ele>85.2</ele>
    <time>2020-06-21T14:01:27Z</time>
   </trkpt>
   <trkpt lat="51.1332260" lon="-0.5671320">
    <ele>85.4</ele>
    <time>2020-06-21T14:01:28Z</time>
   </trkpt>
   <trkpt lat="51.1332320" lon="-0.5670420">
    <ele>85.6</ele>
    <time>2020-06-21T14:01:29Z</time>
   </trkpt>
   <trkpt lat="51.1332330" lon="-0.5669600">
    <ele>85.8</ele>
    <time>2020-06-21T14:01:30Z</time>
   </trkpt>
   <trkpt lat="51.1332350" lon="-0.5668820">
    <ele>86.0</ele>
    <time>2020-06-21T14:01:31Z</time>
   </trkpt>
   <trkpt lat="51.1332410" lon="-0.5668060">
    <ele>86.1</ele>
    <time>2020-06-21T14:01:32Z</time>
   </trkpt>
   <trkpt lat="51.1332400" lon="-0.5667170">
    <ele>86.3</ele>
    <time>2020-06-21T14:01:33Z</time>
   </trkpt>
   <trkpt lat="51.1332330" lon="-0.5666410">
    <ele>86.4</ele>
    <time>2020-06-21T14:01:34Z</time>
   </trkpt>
   <trkpt lat="51.1332370" lon="-0.5665600">
    <ele>86.4</ele>
    <time>2020-06-21T14:01:35Z</time>
   </trkpt>
   <trkpt lat="51.1332400" lon="-0.5664920">
    <ele>86.5</ele>
    <time>2020-06-21T14:01:36Z</time>
   </trkpt>
   <trkpt lat="51.1332410" lon="-0.5664150">
    <ele>86.5</ele>
    <time>2020-06-21T14:01:37Z</time>
   </trkpt>
   <trkpt lat="51.1332480" lon="-0.5663320">
    <ele>86.6</ele>
    <time>2020-06-21T14:01:38Z</time>
   </trkpt>
   <trkpt lat="51.1332500" lon="-0.5662500">
    <ele>86.6</ele>
    <time>2020-06-21T14:01:39Z</time>
   </trkpt>
   <trkpt lat="51.1332550" lon="-0.5661640">
    <ele>86.7</ele>
    <time>2020-06-21T14:01:40Z</time>
   </trkpt>
   <trkpt lat="51.1332540" lon="-0.5660810">
    <ele>86.8</ele>
    <time>2020-06-21T14:01:41Z</time>
   </trkpt>
   <trkpt lat="51.1332510" lon="-0.5660000">
    <ele>86.8</ele>
    <time>2020-06-21T14:01:42Z</time>
   </trkpt>
   <trkpt lat="51.1332520" lon="-0.5659160">
    <ele>86.9</ele>
    <time>2020-06-21T14:01:43Z</time>
   </trkpt>
   <trkpt lat="51.1332470" lon="-0.5658290">
    <ele>86.9</ele>
    <time>2020-06-21T14:01:44Z</time>
   </trkpt>
   <trkpt lat="51.1332440" lon="-0.5657420">
    <ele>87.0</ele>
    <time>2020-06-21T14:01:45Z</time>
   </trkpt>
   <trkpt lat="51.1332410" lon="-0.5656580">
    <ele>87.0</ele>
    <time>2020-06-21T14:01:46Z</time>
   </trkpt>
   <trkpt lat="51.1332310" lon="-0.5655790">
    <ele>87.1</ele>
    <time>2020-06-21T14:01:47Z</time>
   </trkpt>
   <trkpt lat="51.1332270" lon="-0.5654960">
    <ele>87.1</ele>
    <time>2020-06-21T14:01:48Z</time>
   </trkpt>
   <trkpt lat="51.1332230" lon="-0.5654090">
    <ele>87.1</ele>
    <time>2020-06-21T14:01:49Z</time>
   </trkpt>
   <trkpt lat="51.1332210" lon="-0.5653230">
    <ele>87.2</ele>
    <time>2020-06-21T14:01:50Z</time>
   </trkpt>
   <trkpt lat="51.1332140" lon="-0.5652350">
    <ele>87.2</ele>
    <time>2020-06-21T14:01:51Z</time>
   </trkpt>
   <trkpt lat="51.1332000" lon="-0.5651540">
    <ele>87.2</ele>
    <time>2020-06-21T14:01:52Z</time>
   </trkpt>
   <trkpt lat="51.1331810" lon="-0.5650710">
    <ele>87.2</ele>
    <time>2020-06-21T14:01:53Z</time>
   </trkpt>
   <trkpt lat="51.1331610" lon="-0.5649610">
    <ele>87.2</ele>
    <time>2020-06-21T14:01:54Z</time>
   </trkpt>
   <trkpt lat="51.1331340" lon="-0.5648660">
    <ele>87.1</ele>
    <time>2020-06-21T14:01:55Z</time>
   </trkpt>
   <trkpt lat="51.1331030" lon="-0.5647810">
    <ele>87.0</ele>
    <time>2020-06-21T14:01:56Z</time>
   </trkpt>
   <trkpt lat="51.1330780" lon="-0.5646870">
    <ele>86.8</ele>
    <time>2020-06-21T14:01:57Z</time>
   </trkpt>
   <trkpt lat="51.1330560" lon="-0.5645790">
    <ele>86.6</ele>
    <time>2020-06-21T14:01:58Z</time>
   </trkpt>
   <trkpt lat="51.1330270" lon="-0.5644900">
    <ele>86.4</ele>
    <time>2020-06-21T14:01:59Z</time>
   </trkpt>
   <trkpt lat="51.1329860" lon="-0.5644080">
    <ele>86.1</ele>
    <time>2020-06-21T14:02:00Z</time>
   </trkpt>
   <trkpt lat="51.1329430" lon="-0.5643100">
    <ele>85.8</ele>
    <time>2020-06-21T14:02:01Z</time>
   </trkpt>
   <trkpt lat="51.1329170" lon="-0.5642050">
    <ele>85.5</ele>
    <time>2020-06-21T14:02:02Z</time>
   </trkpt>
   <trkpt lat="51.1328830" lon="-0.5641030">
    <ele>85.2</ele>
    <time>2020-06-21T14:02:03Z</time>
   </trkpt>
   <trkpt lat="51.1328410" lon="-0.5640000">
    <ele>84.8</ele>
    <time>2020-06-21T14:02:04Z</time>
   </trkpt>
   <trkpt lat="51.1327960" lon="-0.5638920">
    <ele>84.5</ele>
    <time>2020-06-21T14:02:05Z</time>
   </trkpt>
   <trkpt lat="51.1327490" lon="-0.5637850">
    <ele>84.1</ele>
    <time>2020-06-21T14:02:06Z</time>
   </trkpt>
   <trkpt lat="51.1327060" lon="-0.5636790">
    <ele>83.8</ele>
    <time>2020-06-21T14:02:07Z</time>
   </trkpt>
   <trkpt lat="51.1326610" lon="-0.5635700">
    <ele>83.3</ele>
    <time>2020-06-21T14:02:08Z</time>
   </trkpt>
   <trkpt lat="51.1326150" lon="-0.5634510">
    <ele>82.6</ele>
    <time>2020-06-21T14:02:09Z</time>
   </trkpt>
   <trkpt lat="51.1325680" lon="-0.5633330">
    <ele>82.2</ele>
    <time>2020-06-21T14:02:10Z</time>
   </trkpt>
   <trkpt lat="51.1325200" lon="-0.5632180">
    <ele>81.9</ele>
    <time>2020-06-21T14:02:11Z</time>
   </trkpt>
   <trkpt lat="51.1324810" lon="-0.5630960">
    <ele>81.6</ele>
    <time>2020-06-21T14:02:12Z</time>
   </trkpt>
   <trkpt lat="51.1324330" lon="-0.5629730">
    <ele>81.3</ele>
    <time>2020-06-21T14:02:13Z</time>
   </trkpt>
   <trkpt lat="51.1323870" lon="-0.5628520">
    <ele>81.0</ele>
    <time>2020-06-21T14:02:14Z</time>
   </trkpt>
   <trkpt lat="51.1323350" lon="-0.5627420">
    <ele>80.7</ele>
    <time>2020-06-21T14:02:15Z</time>
   </trkpt>
   <trkpt lat="51.1322830" lon="-0.5626310">
    <ele>80.4</ele>
    <time>2020-06-21T14:02:16Z</time>
   </trkpt>
   <trkpt lat="51.1322330" lon="-0.5625170">
    <ele>80.1</ele>
    <time>2020-06-21T14:02:17Z</time>
   </trkpt>
   <trkpt lat="51.1321850" lon="-0.5623880">
    <ele>79.8</ele>
    <time>2020-06-21T14:02:18Z</time>
   </trkpt>
   <trkpt lat="51.1321300" lon="-0.5622630">
    <ele>79.6</ele>
    <time>2020-06-21T14:02:19Z</time>
   </trkpt>
   <trkpt lat="51.1320830" lon="-0.5621450">
    <ele>79.3</ele>
    <time>2020-06-21T14:02:20Z</time>
   </trkpt>
   <trkpt lat="51.1320490" lon="-0.5620260">
    <ele>79.1</ele>
    <time>2020-06-21T14:02:21Z</time>
   </trkpt>
   <trkpt lat="51.1320050" lon="-0.5619080">
    <ele>78.9</ele>
    <time>2020-06-21T14:02:22Z</time>
   </trkpt>
   <trkpt lat="51.1319540" lon="-0.5617820">
    <ele>78.7</ele>
    <time>2020-06-21T14:02:23Z</time>
   </trkpt>
   <trkpt lat="51.1319060" lon="-0.5616500">
    <ele>78.5</ele>
    <time>2020-06-21T14:02:24Z</time>
   </trkpt>
   <trkpt lat="51.1318530" lon="-0.5615260">
    <ele>78.3</ele>
    <time>2020-06-21T14:02:25Z</time>
   </trkpt>
   <trkpt lat="51.1317910" lon="-0.5614120">
    <ele>78.1</ele>
    <time>2020-06-21T14:02:26Z</time>
   </trkpt>
   <trkpt lat="51.1317220" lon="-0.5613060">
    <ele>77.9</ele>
    <time>2020-06-21T14:02:27Z</time>
   </trkpt>
   <trkpt lat="51.1316680" lon="-0.5611860">
    <ele>77.7</ele>
    <time>2020-06-21T14:02:28Z</time>
   </trkpt>
   <trkpt lat="51.1316150" lon="-0.5610500">
    <ele>77.6</ele>
    <time>2020-06-21T14:02:29Z</time>
   </trkpt>
   <trkpt lat="51.1315600" lon="-0.5609060">
    <ele>77.4</ele>
    <time>2020-06-21T14:02:30Z</time>
   </trkpt>
   <trkpt lat="51.1315100" lon="-0.5607730">
    <ele>77.2</ele>
    <time>2020-06-21T14:02:31Z</time>
   </trkpt>
   <trkpt lat="51.1314600" lon="-0.5606410">
    <ele>76.9</ele>
    <time>2020-06-21T14:02:32Z</time>
   </trkpt>
   <trkpt lat="51.1314090" lon="-0.5605070">
    <ele>76.7</ele>
    <time>2020-06-21T14:02:33Z</time>
   </trkpt>
   <trkpt lat="51.1313630" lon="-0.5603790">
    <ele>76.5</ele>
    <time>2020-06-21T14:02:34Z</time>
   </trkpt>
   <trkpt lat="51.1313130" lon="-0.5602450">
    <ele>76.3</ele>
    <time>2020-06-21T14:02:35Z</time>
   </trkpt>
   <trkpt lat="51.1312640" lon="-0.5601090">
    <ele>76.1</ele>
    <time>2020-06-21T14:02:36Z</time>
   </trkpt>
   <trkpt lat="51.1312250" lon="-0.5599750">
    <ele>76.0</ele>
    <time>2020-06-21T14:02:37Z</time>
   </trkpt>
   <trkpt lat="51.1311800" lon="-0.5598490">
    <ele>75.8</ele>
    <time>2020-06-21T14:02:38Z</time>
   </trkpt>
   <trkpt lat="51.1311380" lon="-0.5597180">
    <ele>75.6</ele>
    <time>2020-06-21T14:02:39Z</time>
   </trkpt>
   <trkpt lat="51.1310930" lon="-0.5595940">
    <ele>75.5</ele>
    <time>2020-06-21T14:02:40Z</time>
   </trkpt>
   <trkpt lat="51.1310430" lon="-0.5594760">
    <ele>75.4</ele>
    <time>2020-06-21T14:02:41Z</time>
   </trkpt>
   <trkpt lat="51.1309930" lon="-0.5593550">
    <ele>75.2</ele>
    <time>2020-06-21T14:02:42Z</time>
   </trkpt>
   <trkpt lat="51.1309500" lon="-0.5592310">
    <ele>74.9</ele>
    <time>2020-06-21T14:02:43Z</time>
   </trkpt>
   <trkpt lat="51.1309060" lon="-0.5591010">
    <ele>74.7</ele>
    <time>2020-06-21T14:02:44Z</time>
   </trkpt>
   <trkpt lat="51.1308660" lon="-0.5589660">
    <ele>74.4</ele>
    <time>2020-06-21T14:02:45Z</time>
   </trkpt>
   <trkpt lat="51.1308200" lon="-0.5588420">
    <ele>74.1</ele>
    <time>2020-06-21T14:02:46Z</time>
   </trkpt>
   <trkpt lat="51.1307690" lon="-0.5587220">
    <ele>73.9</ele>
    <time>2020-06-21T14:02:47Z</time>
   </trkpt>
   <trkpt lat="51.1307220" lon="-0.5585960">
    <ele>73.6</ele>
    <time>2020-06-21T14:02:48Z</time>
   </trkpt>
   <trkpt lat="51.1306740" lon="-0.5584700">
    <ele>73.4</ele>
    <time>2020-06-21T14:02:49Z</time>
   </trkpt>
   <trkpt lat="51.1306270" lon="-0.5583510">
    <ele>73.2</ele>
    <time>2020-06-21T14:02:50Z</time>
   </trkpt>
   <trkpt lat="51.1305700" lon="-0.5582260">
    <ele>72.9</ele>
    <time>2020-06-21T14:02:51Z</time>
   </trkpt>
   <trkpt lat="51.1305140" lon="-0.5581040">
    <ele>72.6</ele>
    <time>2020-06-21T14:02:52Z</time>
   </trkpt>
   <trkpt lat="51.1304620" lon="-0.5579780">
    <ele>72.3</ele>
    <time>2020-06-21T14:02:53Z</time>
   </trkpt>
   <trkpt lat="51.1304070" lon="-0.5578530">
    <ele>72.0</ele>
    <time>2020-06-21T14:02:54Z</time>
   </trkpt>
   <trkpt lat="51.1303550" lon="-0.5577240">
    <ele>71.8</ele>
    <time>2020-06-21T14:02:55Z</time>
   </trkpt>
   <trkpt lat="51.1303010" lon="-0.5575980">
    <ele>71.5</ele>
    <time>2020-06-21T14:02:56Z</time>
   </trkpt>
   <trkpt lat="51.1302450" lon="-0.5574780">
    <ele>71.3</ele>
    <time>2020-06-21T14:02:57Z</time>
   </trkpt>
   <trkpt lat="51.1301880" lon="-0.5573550">
    <ele>71.1</ele>
    <time>2020-06-21T14:02:58Z</time>
   </trkpt>
   <trkpt lat="51.1301310" lon="-0.5572370">
    <ele>70.8</ele>
    <time>2020-06-21T14:02:59Z</time>
   </trkpt>
   <trkpt lat="51.1300760" lon="-0.5571220">
    <ele>70.6</ele>
    <time>2020-06-21T14:03:00Z</time>
   </trkpt>
   <trkpt lat="51.1300100" lon="-0.5569980">
    <ele>70.2</ele>
    <time>2020-06-21T14:03:01Z</time>
   </trkpt>
   <trkpt lat="51.1299420" lon="-0.5568720">
    <ele>69.9</ele>
    <time>2020-06-21T14:03:02Z</time>
   </trkpt>
   <trkpt lat="51.1298890" lon="-0.5567400">
    <ele>69.5</ele>
    <time>2020-06-21T14:03:03Z</time>
   </trkpt>
   <trkpt lat="51.1298480" lon="-0.5566060">
    <ele>69.2</ele>
    <time>2020-06-21T14:03:04Z</time>
   </trkpt>
   <trkpt lat="51.1297920" lon="-0.5564860">
    <ele>69.0</ele>
    <time>2020-06-21T14:03:05Z</time>
   </trkpt>
   <trkpt lat="51.1297380" lon="-0.5563580">
    <ele>68.7</ele>
    <time>2020-06-21T14:03:06Z</time>
   </trkpt>
   <trkpt lat="51.1296870" lon="-0.5562250">
    <ele>68.4</ele>
    <time>2020-06-21T14:03:07Z</time>
   </trkpt>
   <trkpt lat="51.1296380" lon="-0.5560910">
    <ele>68.1</ele>
    <time>2020-06-21T14:03:08Z</time>
   </trkpt>
   <trkpt lat="51.1295850" lon="-0.5559610">
    <ele>67.8</ele>
    <time>2020-06-21T14:03:09Z</time>
   </trkpt>
   <trkpt lat="51.1295340" lon="-0.5558390">
    <ele>67.6</ele>
    <time>2020-06-21T14:03:10Z</time>
   </trkpt>
   <trkpt lat="51.1294780" lon="-0.5557180">
    <ele>67.4</ele>
    <time>2020-06-21T14:03:11Z</time>
   </trkpt>
   <trkpt lat="51.1294270" lon="-0.5555950">
    <ele>67.2</ele>
    <time>2020-06-21T14:03:12Z</time>
   </trkpt>
   <trkpt lat="51.1293840" lon="-0.5554660">
    <ele>67.0</ele>
    <time>2020-06-21T14:03:13Z</time>
   </trkpt>
   <trkpt lat="51.1293320" lon="-0.5553450">
    <ele>66.9</ele>
    <time>2020-06-21T14:03:14Z</time>
   </trkpt>
   <trkpt lat="51.1292800" lon="-0.5552220">
    <ele>66.8</ele>
    <time>2020-06-21T14:03:15Z</time>
   </trkpt>
   <trkpt lat="51.1292300" lon="-0.5550950">
    <ele>66.6</ele>
    <time>2020-06-21T14:03:16Z</time>
   </trkpt>
   <trkpt lat="51.1291820" lon="-0.5549740">
    <ele>66.6</ele>
    <time>2020-06-21T14:03:17Z</time>
   </trkpt>
   <trkpt lat="51.1291280" lon="-0.5548570">
    <ele>66.5</ele>
    <time>2020-06-21T14:03:18Z</time>
   </trkpt>
   <trkpt lat="51.1290790" lon="-0.5547280">
    <ele>66.5</ele>
    <time>2020-06-21T14:03:19Z</time>
   </trkpt>
   <trkpt lat="51.1290370" lon="-0.5546020">
    <ele>66.5</ele>
    <time>2020-06-21T14:03:20Z</time>
   </trkpt>
   <trkpt lat="51.1289960" lon="-0.5544650">
    <ele>66.5</ele>
    <time>2020-06-21T14:03:21Z</time>
   </trkpt>
   <trkpt lat="51.1289660" lon="-0.5543340">
    <ele>66.5</ele>
    <time>2020-06-21T14:03:22Z</time>
   </trkpt>
   <trkpt lat="51.1289560" lon="-0.5541960">
    <ele>66.4</ele>
    <time>2020-06-21T14:03:23Z</time>
   </trkpt>
   <trkpt lat="51.1289650" lon="-0.5540450">
    <ele>66.3</ele>
    <time>2020-06-21T14:03:24Z</time>
   </trkpt>
   <trkpt lat="51.1289770" lon="-0.5538960">
    <ele>66.2</ele>
    <time>2020-06-21T14:03:25Z</time>
   </trkpt>
   <trkpt lat="51.1289960" lon="-0.5537590">
    <ele>66.2</ele>
    <time>2020-06-21T14:03:26Z</time>
   </trkpt>
   <trkpt lat="51.1290240" lon="-0.5536250">
    <ele>66.2</ele>
    <time>2020-06-21T14:03:27Z</time>
   </trkpt>
   <trkpt lat="51.1290550" lon="-0.5534890">
    <ele>66.3</ele>
    <time>2020-06-21T14:03:28Z</time>
   </trkpt>
   <trkpt lat="51.1290990" lon="-0.5533590">
    <ele>66.4</ele>
    <time>2020-06-21T14:03:29Z</time>
   </trkpt>
   <trkpt lat="51.1291370" lon="-0.5532290">
    <ele>66.5</ele>
    <time>2020-06-21T14:03:30Z</time>
   </trkpt>
   <trkpt lat="51.1291700" lon="-0.5531030">
    <ele>66.6</ele>
    <time>2020-06-21T14:03:31Z</time>
   </trkpt>
   <trkpt lat="51.1292100" lon="-0.5529950">
    <ele>66.6</ele>
    <time>2020-06-21T14:03:32Z</time>
   </trkpt>
   <trkpt lat="51.1292530" lon="-0.5528920">
    <ele>66.7</ele>
    <time>2020-06-21T14:03:33Z</time>
   </trkpt>
   <trkpt lat="51.1292880" lon="-0.5527680">
    <ele>66.6</ele>
    <time>2020-06-21T14:03:34Z</time>
   </trkpt>
   <trkpt lat="51.1293180" lon="-0.5526470">
    <ele>66.6</ele>
    <time>2020-06-21T14:03:35Z</time>
   </trkpt>
   <trkpt lat="51.1293500" lon="-0.5525240">
    <ele>66.5</ele>
    <time>2020-06-21T14:03:36Z</time>
   </trkpt>
   <trkpt lat="51.1293850" lon="-0.5524000">
    <ele>66.3</ele>
    <time>2020-06-21T14:03:37Z</time>
   </trkpt>
   <trkpt lat="51.1294100" lon="-0.5522810">
    <ele>66.1</ele>
    <time>2020-06-21T14:03:38Z</time>
   </trkpt>
   <trkpt lat="51.1294480" lon="-0.5521640">
    <ele>65.9</ele>
    <time>2020-06-21T14:03:39Z</time>
   </trkpt>
   <trkpt lat="51.1294950" lon="-0.5520420">
    <ele>65.7</ele>
    <time>2020-06-21T14:03:40Z</time>
   </trkpt>
   <trkpt lat="51.1295410" lon="-0.5519170">
    <ele>65.6</ele>
    <time>2020-06-21T14:03:41Z</time>
   </trkpt>
   <trkpt lat="51.1295840" lon="-0.5517920">
    <ele>65.4</ele>
    <time>2020-06-21T14:03:42Z</time>
   </trkpt>
   <trkpt lat="51.1296220" lon="-0.5516650">
    <ele>65.3</ele>
    <time>2020-06-21T14:03:43Z</time>
   </trkpt>
   <trkpt lat="51.1296610" lon="-0.5515440">
    <ele>65.2</ele>
    <time>2020-06-21T14:03:44Z</time>
   </trkpt>
   <trkpt lat="51.1296930" lon="-0.5513970">
    <ele>65.1</ele>
    <time>2020-06-21T14:03:45Z</time>
   </trkpt>
   <trkpt lat="51.1297240" lon="-0.5512660">
    <ele>65.1</ele>
    <time>2020-06-21T14:03:46Z</time>
   </trkpt>
   <trkpt lat="51.1297550" lon="-0.5511450">
    <ele>65.1</ele>
    <time>2020-06-21T14:03:47Z</time>
   </trkpt>
   <trkpt lat="51.1297830" lon="-0.5510130">
    <ele>65.2</ele>
    <time>2020-06-21T14:03:48Z</time>
   </trkpt>
   <trkpt lat="51.1298080" lon="-0.5508840">
    <ele>65.3</ele>
    <time>2020-06-21T14:03:49Z</time>
   </trkpt>
   <trkpt lat="51.1298400" lon="-0.5507540">
    <ele>65.3</ele>
    <time>2020-06-21T14:03:50Z</time>
   </trkpt>
   <trkpt lat="51.1298720" lon="-0.5506270">
    <ele>65.1</ele>
    <time>2020-06-21T14:03:51Z</time>
   </trkpt>
   <trkpt lat="51.1299030" lon="-0.5505020">
    <ele>65.0</ele>
    <time>2020-06-21T14:03:52Z</time>
   </trkpt>
   <trkpt lat="51.1299310" lon="-0.5503750">
    <ele>64.9</ele>
    <time>2020-06-21T14:03:53Z</time>
   </trkpt>
   <trkpt lat="51.1299500" lon="-0.5502550">
    <ele>64.8</ele>
    <time>2020-06-21T14:03:54Z</time>
   </trkpt>
   <trkpt lat="51.1299610" lon="-0.5501310">
    <ele>64.8</ele>
    <time>2020-06-21T14:03:55Z</time>
   </trkpt>
   <trkpt lat="51.1299750" lon="-0.5500060">
    <ele>64.8</ele>
    <time>2020-06-21T14:03:56Z</time>
   </trkpt>
   <trkpt lat="51.1299960" lon="-0.5498830">
    <ele>64.9</ele>
    <time>2020-06-21T14:03:57Z</time>
   </trkpt>
   <trkpt lat="51.1300190" lon="-0.5497670">
    <ele>64.9</ele>
    <time>2020-06-21T14:03:58Z</time>
   </trkpt>
   <trkpt lat="51.1300490" lon="-0.5496440">
    <ele>64.9</ele>
    <time>2020-06-21T14:03:59Z</time>
   </trkpt>
   <trkpt lat="51.1300790" lon="-0.5495210">
    <ele>64.9</ele>
    <time>2020-06-21T14:04:00Z</time>
   </trkpt>
   <trkpt lat="51.1301090" lon="-0.5494090">
    <ele>64.9</ele>
    <time>2020-06-21T14:04:01Z</time>
   </trkpt>
   <trkpt lat="51.1301370" lon="-0.5493020">
    <ele>64.9</ele>
    <time>2020-06-21T14:04:02Z</time>
   </trkpt>
   <trkpt lat="51.1301670" lon="-0.5491920">
    <ele>64.9</ele>
    <time>2020-06-21T14:04:03Z</time>
   </trkpt>
   <trkpt lat="51.1301930" lon="-0.5490780">
    <ele>64.9</ele>
    <time>2020-06-21T14:04:04Z</time>
   </trkpt>
   <trkpt lat="51.1302230" lon="-0.5489680">
    <ele>64.9</ele>
    <time>2020-06-21T14:04:05Z</time>
   </trkpt>
   <trkpt lat="51.1302530" lon="-0.5488550">
    <ele>65.0</ele>
    <time>2020-06-21T14:04:06Z</time>
   </trkpt>
   <trkpt lat="51.1302790" lon="-0.5487410">
    <ele>65.0</ele>
    <time>2020-06-21T14:04:07Z</time>
   </trkpt>
   <trkpt lat="51.1303230" lon="-0.5486300">
    <ele>65.1</ele>
    <time>2020-06-21T14:04:08Z</time>
   </trkpt>
   <trkpt lat="51.1303640" lon="-0.5485160">
    <ele>65.2</ele>
    <time>2020-06-21T14:04:09Z</time>
   </trkpt>
   <trkpt lat="51.1304000" lon="-0.5484020">
    <ele>65.4</ele>
    <time>2020-06-21T14:04:10Z</time>
   </trkpt>
   <trkpt lat="51.1304390" lon="-0.5482900">
    <ele>65.5</ele>
    <time>2020-06-21T14:04:11Z</time>
   </trkpt>
   <trkpt lat="51.1304810" lon="-0.5481800">
    <ele>65.6</ele>
    <time>2020-06-21T14:04:12Z</time>
   </trkpt>
   <trkpt lat="51.1305190" lon="-0.5480720">
    <ele>65.7</ele>
    <time>2020-06-21T14:04:13Z</time>
   </trkpt>
   <trkpt lat="51.1305540" lon="-0.5479720">
    <ele>65.8</ele>
    <time>2020-06-21T14:04:14Z</time>
   </trkpt>
   <trkpt lat="51.1305950" lon="-0.5478780">
    <ele>65.8</ele>
    <time>2020-06-21T14:04:15Z</time>
   </trkpt>
   <trkpt lat="51.1306380" lon="-0.5477760">
    <ele>65.9</ele>
    <time>2020-06-21T14:04:16Z</time>
   </trkpt>
   <trkpt lat="51.1306760" lon="-0.5476780">
    <ele>66.0</ele>
    <time>2020-06-21T14:04:17Z</time>
   </trkpt>
   <trkpt lat="51.1307110" lon="-0.5475730">
    <ele>66.1</ele>
    <time>2020-06-21T14:04:18Z</time>
   </trkpt>
   <trkpt lat="51.1307490" lon="-0.5474670">
    <ele>66.2</ele>
    <time>2020-06-21T14:04:19Z</time>
   </trkpt>
   <trkpt lat="51.1307860" lon="-0.5473710">
    <ele>66.3</ele>
    <time>2020-06-21T14:04:20Z</time>
   </trkpt>
   <trkpt lat="51.1308280" lon="-0.5472740">
    <ele>66.4</ele>
    <time>2020-06-21T14:04:21Z</time>
   </trkpt>
   <trkpt lat="51.1308650" lon="-0.5471780">
    <ele>66.5</ele>
    <time>2020-06-21T14:04:22Z</time>
   </trkpt>
   <trkpt lat="51.1309020" lon="-0.5470700">
    <ele>66.5</ele>
    <time>2020-06-21T14:04:23Z</time>
   </trkpt>
   <trkpt lat="51.1309410" lon="-0.5469670">
    <ele>66.6</ele>
    <time>2020-06-21T14:04:24Z</time>
   </trkpt>
   <trkpt lat="51.1309820" lon="-0.5468690">
    <ele>66.7</ele>
    <time>2020-06-21T14:04:25Z</time>
   </trkpt>
   <trkpt lat="51.1310200" lon="-0.5467700">
    <ele>66.7</ele>
    <time>2020-06-21T14:04:26Z</time>
   </trkpt>
   <trkpt lat="51.1310540" lon="-0.5466720">
    <ele>66.7</ele>
    <time>2020-06-21T14:04:27Z</time>
   </trkpt>
   <trkpt lat="51.1310990" lon="-0.5465610">
    <ele>66.7</ele>
    <time>2020-06-21T14:04:28Z</time>
   </trkpt>
   <trkpt lat="51.1311370" lon="-0.5464600">
    <ele>66.7</ele>
    <time>2020-06-21T14:04:29Z</time>
   </trkpt>
   <trkpt lat="51.1311730" lon="-0.5463650">
    <ele>66.6</ele>
    <time>2020-06-21T14:04:30Z</time>
   </trkpt>
   <trkpt lat="51.1312100" lon="-0.5462690">
    <ele>66.5</ele>
    <time>2020-06-21T14:04:31Z</time>
   </trkpt>
   <trkpt lat="51.1312520" lon="-0.5461710">
    <ele>66.4</ele>
    <time>2020-06-21T14:04:32Z</time>
   </trkpt>
   <trkpt lat="51.1313040" lon="-0.5460750">
    <ele>66.3</ele>
    <time>2020-06-21T14:04:33Z</time>
   </trkpt>
   <trkpt lat="51.1313490" lon="-0.5459660">
    <ele>66.1</ele>
    <time>2020-06-21T14:04:34Z</time>
   </trkpt>
   <trkpt lat="51.1313980" lon="-0.5458650">
    <ele>65.9</ele>
    <time>2020-06-21T14:04:35Z</time>
   </trkpt>
   <trkpt lat="51.1314430" lon="-0.5457730">
    <ele>65.7</ele>
    <time>2020-06-21T14:04:36Z</time>
   </trkpt>
   <trkpt lat="51.1314960" lon="-0.5456830">
    <ele>65.6</ele>
    <time>2020-06-21T14:04:37Z</time>
   </trkpt>
   <trkpt lat="51.1315410" lon="-0.5455870">
    <ele>65.5</ele>
    <time>2020-06-21T14:04:38Z</time>
   </trkpt>
   <trkpt lat="51.1315800" lon="-0.5454840">
    <ele>65.4</ele>
    <time>2020-06-21T14:04:39Z</time>
   </trkpt>
   <trkpt lat="51.1316250" lon="-0.5453750">
    <ele>65.3</ele>
    <time>2020-06-21T14:04:40Z</time>
   </trkpt>
   <trkpt lat="51.1316790" lon="-0.5452670">
    <ele>64.8</ele>
    <time>2020-06-21T14:04:41Z</time>
   </trkpt>
   <trkpt lat="51.1317370" lon="-0.5451500">
    <ele>64.5</ele>
    <time>2020-06-21T14:04:42Z</time>
   </trkpt>
   <trkpt lat="51.1317870" lon="-0.5450400">
    <ele>64.3</ele>
    <time>2020-06-21T14:04:43Z</time>
   </trkpt>
   <trkpt lat="51.1318400" lon="-0.5449310">
    <ele>64.1</ele>
    <time>2020-06-21T14:04:44Z</time>
   </trkpt>
   <trkpt lat="51.1318850" lon="-0.5448320">
    <ele>63.9</ele>
    <time>2020-06-21T14:04:45Z</time>
   </trkpt>
   <trkpt lat="51.1319330" lon="-0.5447330">
    <ele>63.7</ele>
    <time>2020-06-21T14:04:46Z</time>
   </trkpt>
   <trkpt lat="51.1319860" lon="-0.5446400">
    <ele>63.5</ele>
    <time>2020-06-21T14:04:47Z</time>
   </trkpt>
   <trkpt lat="51.1320370" lon="-0.5445420">
    <ele>63.2</ele>
    <time>2020-06-21T14:04:48Z</time>
   </trkpt>
   <trkpt lat="51.1320860" lon="-0.5444360">
    <ele>63.0</ele>
    <time>2020-06-21T14:04:49Z</time>
   </trkpt>
   <trkpt lat="51.1321320" lon="-0.5443290">
    <ele>62.7</ele>
    <time>2020-06-21T14:04:50Z</time>
   </trkpt>
   <trkpt lat="51.1321780" lon="-0.5442320">
    <ele>62.5</ele>
    <time>2020-06-21T14:04:51Z</time>
   </trkpt>
   <trkpt lat="51.1322360" lon="-0.5441240">
    <ele>62.3</ele>
    <time>2020-06-21T14:04:52Z</time>
   </trkpt>
   <trkpt lat="51.1322950" lon="-0.5440100">
    <ele>61.9</ele>
    <time>2020-06-21T14:04:53Z</time>
   </trkpt>
   <trkpt lat="51.1323480" lon="-0.5439000">
    <ele>61.7</ele>
    <time>2020-06-21T14:04:54Z</time>
   </trkpt>
   <trkpt lat="51.1324050" lon="-0.5438020">
    <ele>61.5</ele>
    <time>2020-06-21T14:04:55Z</time>
   </trkpt>
   <trkpt lat="51.1324660" lon="-0.5436960">
    <ele>61.2</ele>
    <time>2020-06-21T14:04:56Z</time>
   </trkpt>
   <trkpt lat="51.1325260" lon="-0.5435710">
    <ele>61.0</ele>
    <time>2020-06-21T14:04:57Z</time>
   </trkpt>
   <trkpt lat="51.1325810" lon="-0.5434550">
    <ele>60.7</ele>
    <time>2020-06-21T14:04:58Z</time>
   </trkpt>
   <trkpt lat="51.1326360" lon="-0.5433420">
    <ele>60.5</ele>
    <time>2020-06-21T14:04:59Z</time>
   </trkpt>
   <trkpt lat="51.1326900" lon="-0.5432180">
    <ele>60.3</ele>
    <time>2020-06-21T14:05:00Z</time>
   </trkpt>
   <trkpt lat="51.1327490" lon="-0.5431000">
    <ele>60.1</ele>
    <time>2020-06-21T14:05:01Z</time>
   </trkpt>
   <trkpt lat="51.1328140" lon="-0.5429770">
    <ele>60.0</ele>
    <time>2020-06-21T14:05:02Z</time>
   </trkpt>
   <trkpt lat="51.1328800" lon="-0.5428580">
    <ele>59.9</ele>
    <time>2020-06-21T14:05:03Z</time>
   </trkpt>
   <trkpt lat="51.1329420" lon="-0.5427450">
    <ele>59.8</ele>
    <time>2020-06-21T14:05:04Z</time>
   </trkpt>
   <trkpt lat="51.1330040" lon="-0.5426270">
    <ele>59.7</ele>
    <time>2020-06-21T14:05:05Z</time>
   </trkpt>
   <trkpt lat="51.1330740" lon="-0.5425240">
    <ele>59.6</ele>
    <time>2020-06-21T14:05:06Z</time>
   </trkpt>
   <trkpt lat="51.1331380" lon="-0.5424270">
    <ele>59.5</ele>
    <time>2020-06-21T14:05:07Z</time>
   </trkpt>
   <trkpt lat="51.1332080" lon="-0.5423280">
    <ele>59.5</ele>
    <time>2020-06-21T14:05:08Z</time>
   </trkpt>
   <trkpt lat="51.1332760" lon="-0.5422270">
    <ele>59.5</ele>
    <time>2020-06-21T14:05:09Z</time>
   </trkpt>
   <trkpt lat="51.1333420" lon="-0.5421190">
    <ele>59.5</ele>
    <time>2020-06-21T14:05:10Z</time>
   </trkpt>
   <trkpt lat="51.1334050" lon="-0.5420170">
    <ele>59.5</ele>
    <time>2020-06-21T14:05:11Z</time>
   </trkpt>
   <trkpt lat="51.1334750" lon="-0.5419180">
    <ele>59.6</ele>
    <time>2020-06-21T14:05:12Z</time>
   </trkpt>
   <trkpt lat="51.1335510" lon="-0.5418300">
    <ele>59.6</ele>
    <time>2020-06-21T14:05:13Z</time>
   </trkpt>
   <trkpt lat="51.1336090" lon="-0.5417330">
    <ele>59.7</ele>
    <time>2020-06-21T14:05:14Z</time>
   </trkpt>
   <trkpt lat="51.1336530" lon="-0.5416350">
    <ele>59.8</ele>
    <time>2020-06-21T14:05:15Z</time>
   </trkpt>
   <trkpt lat="51.1337020" lon="-0.5415420">
    <ele>59.9</ele>
    <time>2020-06-21T14:05:16Z</time>
   </trkpt>
   <trkpt lat="51.1337480" lon="-0.5414400">
    <ele>59.9</ele>
    <time>2020-06-21T14:05:17Z</time>
   </trkpt>
   <trkpt lat="51.1337900" lon="-0.5413400">
    <ele>60.0</ele>
    <time>2020-06-21T14:05:18Z</time>
   </trkpt>
   <trkpt lat="51.1338350" lon="-0.5412400">
    <ele>60.1</ele>
    <time>2020-06-21T14:05:19Z</time>
   </trkpt>
   <trkpt lat="51.1338880" lon="-0.5411310">
    <ele>60.2</ele>
    <time>2020-06-21T14:05:20Z</time>
   </trkpt>
   <trkpt lat="51.1339270" lon="-0.5410280">
    <ele>60.3</ele>
    <time>2020-06-21T14:05:21Z</time>
   </trkpt>
   <trkpt lat="51.1339680" lon="-0.5409320">
    <ele>60.4</ele>
    <time>2020-06-21T14:05:22Z</time>
   </trkpt>
   <trkpt lat="51.1339950" lon="-0.5408260">
    <ele>60.6</ele>
    <time>2020-06-21T14:05:23Z</time>
   </trkpt>
   <trkpt lat="51.1340250" lon="-0.5407330">
    <ele>60.7</ele>
    <time>2020-06-21T14:05:24Z</time>
   </trkpt>
   <trkpt lat="51.1340600" lon="-0.5406440">
    <ele>60.9</ele>
    <time>2020-06-21T14:05:25Z</time>
   </trkpt>
   <trkpt lat="51.1341020" lon="-0.5405510">
    <ele>61.1</ele>
    <time>2020-06-21T14:05:26Z</time>
   </trkpt>
   <trkpt lat="51.1341450" lon="-0.5404590">
    <ele>61.3</ele>
    <time>2020-06-21T14:05:27Z</time>
   </trkpt>
   <trkpt lat="51.1341890" lon="-0.5403710">
    <ele>61.5</ele>
    <time>2020-06-21T14:05:28Z</time>
   </trkpt>
   <trkpt lat="51.1342330" lon="-0.5402820">
    <ele>61.8</ele>
    <time>2020-06-21T14:05:29Z</time>
   </trkpt>
   <trkpt lat="51.1342780" lon="-0.5401980">
    <ele>62.1</ele>
    <time>2020-06-21T14:05:30Z</time>
   </trkpt>
   <trkpt lat="51.1343230" lon="-0.5401190">
    <ele>62.5</ele>
    <time>2020-06-21T14:05:31Z</time>
   </trkpt>
   <trkpt lat="51.1343580" lon="-0.5400340">
    <ele>62.8</ele>
    <time>2020-06-21T14:05:32Z</time>
   </trkpt>
   <trkpt lat="51.1344000" lon="-0.5399630">
    <ele>63.1</ele>
    <time>2020-06-21T14:05:33Z</time>
   </trkpt>
   <trkpt lat="51.1344390" lon="-0.5398930">
    <ele>63.4</ele>
    <time>2020-06-21T14:05:34Z</time>
   </trkpt>
   <trkpt lat="51.1344760" lon="-0.5398240">
    <ele>63.8</ele>
    <time>2020-06-21T14:05:35Z</time>
   </trkpt>
   <trkpt lat="51.1345030" lon="-0.5397560">
    <ele>64.1</ele>
    <time>2020-06-21T14:05:36Z</time>
   </trkpt>
   <trkpt lat="51.1345210" lon="-0.5396830">
    <ele>64.3</ele>
    <time>2020-06-21T14:05:37Z</time>
   </trkpt>
   <trkpt lat="51.1345410" lon="-0.5396030">
    <ele>64.6</ele>
    <time>2020-06-21T14:05:38Z</time>
   </trkpt>
   <trkpt lat="51.1345520" lon="-0.5395210">
    <ele>64.8</ele>
    <time>2020-06-21T14:05:39Z</time>
   </trkpt>
   <trkpt lat="51.1345480" lon="-0.5394300">
    <ele>64.9</ele>
    <time>2020-06-21T14:05:40Z</time>
   </trkpt>
   <trkpt lat="51.1345320" lon="-0.5393490">
    <ele>64.9</ele>
    <time>2020-06-21T14:05:41Z</time>
   </trkpt>
   <trkpt lat="51.1345050" lon="-0.5392730">
    <ele>64.9</ele>
    <time>2020-06-21T14:05:42Z</time>
   </trkpt>
   <trkpt lat="51.1344680" lon="-0.5391980">
    <ele>64.5</ele>
    <time>2020-06-21T14:05:43Z</time>
   </trkpt>
   <trkpt lat="51.1344210" lon="-0.5391230">
    <ele>64.1</ele>
    <time>2020-06-21T14:05:44Z</time>
   </trkpt>
   <trkpt lat="51.1343650" lon="-0.5390530">
    <ele>63.6</ele>
    <time>2020-06-21T14:05:45Z</time>
   </trkpt>
   <trkpt lat="51.1343030" lon="-0.5389910">
    <ele>63.1</ele>
    <time>2020-06-21T14:05:46Z</time>
   </trkpt>
   <trkpt lat="51.1342310" lon="-0.5389390">
    <ele>62.5</ele>
    <time>2020-06-21T14:05:47Z</time>
   </trkpt>
   <trkpt lat="51.1341540" lon="-0.5388850">
    <ele>61.9</ele>
    <time>2020-06-21T14:05:48Z</time>
   </trkpt>
   <trkpt lat="51.1340770" lon="-0.5388190">
    <ele>61.2</ele>
    <time>2020-06-21T14:05:49Z</time>
   </trkpt>
   <trkpt lat="51.1340020" lon="-0.5387580">
    <ele>60.6</ele>
    <time>2020-06-21T14:05:50Z</time>
   </trkpt>
   <trkpt lat="51.1339330" lon="-0.5386860">
    <ele>60.1</ele>
    <time>2020-06-21T14:05:51Z</time>
   </trkpt>
   <trkpt lat="51.1338580" lon="-0.5386180">
    <ele>59.5</ele>
    <time>2020-06-21T14:05:52Z</time>
   </trkpt>
   <trkpt lat="51.1337790" lon="-0.5385480">
    <ele>59.0</ele>
    <time>2020-06-21T14:05:53Z</time>
   </trkpt>
   <trkpt lat="51.1336950" lon="-0.5384820">
    <ele>58.5</ele>
    <time>2020-06-21T14:05:54Z</time>
   </trkpt>
   <trkpt lat="51.1336100" lon="-0.5384100">
    <ele>58.0</ele>
    <time>2020-06-21T14:05:55Z</time>
   </trkpt>
   <trkpt lat="51.1335280" lon="-0.5383350">
    <ele>57.7</ele>
    <time>2020-06-21T14:05:56Z</time>
   </trkpt>
   <trkpt lat="51.1334420" lon="-0.5382610">
    <ele>57.4</ele>
    <time>2020-06-21T14:05:57Z</time>
   </trkpt>
   <trkpt lat="51.1333540" lon="-0.5381960">
    <ele>57.1</ele>
    <time>2020-06-21T14:05:58Z</time>
   </trkpt>
   <trkpt lat="51.1332710" lon="-0.5381300">
    <ele>56.8</ele>
    <time>2020-06-21T14:05:59Z</time>
   </trkpt>
   <trkpt lat="51.1331910" lon="-0.5380570">
    <ele>56.6</ele>
    <time>2020-06-21T14:06:00Z</time>
   </trkpt>
   <trkpt lat="51.1331140" lon="-0.5379950">
    <ele>56.5</ele>
    <time>2020-06-21T14:06:01Z</time>
   </trkpt>
   <trkpt lat="51.1330400" lon="-0.5379210">
    <ele>56.5</ele>
    <time>2020-06-21T14:06:02Z</time>
   </trkpt>
   <trkpt lat="51.1329900" lon="-0.5378130">
    <ele>56.6</ele>
    <time>2020-06-21T14:06:03Z</time>
   </trkpt>
   <trkpt lat="51.1329880" lon="-0.5376860">
    <ele>56.7</ele>
    <time>2020-06-21T14:06:04Z</time>
   </trkpt>
   <trkpt lat="51.1330130" lon="-0.5375710">
    <ele>56.7</ele>
    <time>2020-06-21T14:06:05Z</time>
   </trkpt>
   <trkpt lat="51.1330680" lon="-0.5374860">
    <ele>56.6</ele>
    <time>2020-06-21T14:06:06Z</time>
   </trkpt>
   <trkpt lat="51.1331390" lon="-0.5374310">
    <ele>56.6</ele>
    <time>2020-06-21T14:06:07Z</time>
   </trkpt>
   <trkpt lat="51.1332110" lon="-0.5373850">
    <ele>56.7</ele>
    <time>2020-06-21T14:06:08Z</time>
   </trkpt>
   <trkpt lat="51.1332820" lon="-0.5373250">
    <ele>56.8</ele>
    <time>2020-06-21T14:06:09Z</time>
   </trkpt>
   <trkpt lat="51.1333480" lon="-0.5372710">
    <ele>57.0</ele>
    <time>2020-06-21T14:06:10Z</time>
   </trkpt>
   <trkpt lat="51.1334040" lon="-0.5372100">
    <ele>57.2</ele>
    <time>2020-06-21T14:06:11Z</time>
   </trkpt>
   <trkpt lat="51.1334660" lon="-0.5371500">
    <ele>57.4</ele>
    <time>2020-06-21T14:06:12Z</time>
   </trkpt>
   <trkpt lat="51.1335200" lon="-0.5370930">
    <ele>57.6</ele>
    <time>2020-06-21T14:06:13Z</time>
   </trkpt>
   <trkpt lat="51.1335730" lon="-0.5370230">
    <ele>57.7</ele>
    <time>2020-06-21T14:06:14Z</time>
   </trkpt>
   <trkpt lat="51.1336320" lon="-0.5369540">
    <ele>57.9</ele>
    <time>2020-06-21T14:06:15Z</time>
   </trkpt>
   <trkpt lat="51.1336940" lon="-0.5368880">
    <ele>58.0</ele>
    <time>2020-06-21T14:06:16Z</time>
   </trkpt>
   <trkpt lat="51.1337470" lon="-0.5368270">
    <ele>58.0</ele>
    <time>2020-06-21T14:06:17Z</time>
   </trkpt>
   <trkpt lat="51.1338000" lon="-0.5367640">
    <ele>58.0</ele>
    <time>2020-06-21T14:06:18Z</time>
   </trkpt>
   <trkpt lat="51.1338590" lon="-0.5366910">
    <ele>57.9</ele>
    <time>2020-06-21T14:06:19Z</time>
   </trkpt>
   <trkpt lat="51.1339180" lon="-0.5366190">
    <ele>57.7</ele>
    <time>2020-06-21T14:06:20Z</time>
   </trkpt>
   <trkpt lat="51.1339750" lon="-0.5365450">
    <ele>57.5</ele>
    <time>2020-06-21T14:06:21Z</time>
   </trkpt>
   <trkpt lat="51.1340340" lon="-0.5364700">
    <ele>57.3</ele>
    <time>2020-06-21T14:06:22Z</time>
   </trkpt>
   <trkpt lat="51.1340890" lon="-0.5363860">
    <ele>57.1</ele>
    <time>2020-06-21T14:06:23Z</time>
   </trkpt>
   <trkpt lat="51.1341410" lon="-0.5362980">
    <ele>56.9</ele>
    <time>2020-06-21T14:06:24Z</time>
   </trkpt>
   <trkpt lat="51.1341940" lon="-0.5362010">
    <ele>56.6</ele>
    <time>2020-06-21T14:06:25Z</time>
   </trkpt>
   <trkpt lat="51.1342410" lon="-0.5361070">
    <ele>56.4</ele>
    <time>2020-06-21T14:06:26Z</time>
   </trkpt>
   <trkpt lat="51.1342830" lon="-0.5360180">
    <ele>56.2</ele>
    <time>2020-06-21T14:06:27Z</time>
   </trkpt>
   <trkpt lat="51.1343280" lon="-0.5359330">
    <ele>56.1</ele>
    <time>2020-06-21T14:06:28Z</time>
   </trkpt>
   <trkpt lat="51.1343810" lon="-0.5358290">
    <ele>55.9</ele>
    <time>2020-06-21T14:06:29Z</time>
   </trkpt>
   <trkpt lat="51.1344330" lon="-0.5357220">
    <ele>55.8</ele>
    <time>2020-06-21T14:06:30Z</time>
   </trkpt>
   <trkpt lat="51.1344790" lon="-0.5356130">
    <ele>55.7</ele>
    <time>2020-06-21T14:06:31Z</time>
   </trkpt>
   <trkpt lat="51.1345250" lon="-0.5354960">
    <ele>55.6</ele>
    <time>2020-06-21T14:06:32Z</time>
   </trkpt>
   <trkpt lat="51.1345740" lon="-0.5353850">
    <ele>55.6</ele>
    <time>2020-06-21T14:06:33Z</time>
   </trkpt>
   <trkpt lat="51.1346180" lon="-0.5352790">
    <ele>55.5</ele>
    <time>2020-06-21T14:06:34Z</time>
   </trkpt>
   <trkpt lat="51.1346670" lon="-0.5351760">
    <ele>55.5</ele>
    <time>2020-06-21T14:06:35Z</time>
   </trkpt>
   <trkpt lat="51.1347220" lon="-0.5350730">
    <ele>55.5</ele>
    <time>2020-06-21T14:06:36Z</time>
   </trkpt>
   <trkpt lat="51.1347680" lon="-0.5349700">
    <ele>55.5</ele>
    <time>2020-06-21T14:06:37Z</time>
   </trkpt>
   <trkpt lat="51.1348180" lon="-0.5348630">
    <ele>55.6</ele>
    <time>2020-06-21T14:06:38Z</time>
   </trkpt>
   <trkpt lat="51.1348670" lon="-0.5347580">
    <ele>55.7</ele>
    <time>2020-06-21T14:06:39Z</time>
   </trkpt>
   <trkpt lat="51.1349100" lon="-0.5346560">
    <ele>55.8</ele>
    <time>2020-06-21T14:06:40Z</time>
   </trkpt>
   <trkpt lat="51.1349510" lon="-0.5345590">
    <ele>56.0</ele>
    <time>2020-06-21T14:06:41Z</time>
   </trkpt>
   <trkpt lat="51.1349890" lon="-0.5344660">
    <ele>56.1</ele>
    <time>2020-06-21T14:06:42Z</time>
   </trkpt>
   <trkpt lat="51.1350320" lon="-0.5343750">
    <ele>56.3</ele>
    <time>2020-06-21T14:06:43Z</time>
   </trkpt>
   <trkpt lat="51.1350850" lon="-0.5342840">
    <ele>56.4</ele>
    <time>2020-06-21T14:06:44Z</time>
   </trkpt>
   <trkpt lat="51.1351320" lon="-0.5341980">
    <ele>56.5</ele>
    <time>2020-06-21T14:06:45Z</time>
   </trkpt>
   <trkpt lat="51.1351830" lon="-0.5341150">
    <ele>56.7</ele>
    <time>2020-06-21T14:06:46Z</time>
   </trkpt>
   <trkpt lat="51.1352420" lon="-0.5340420">
    <ele>56.8</ele>
    <time>2020-06-21T14:06:47Z</time>
   </trkpt>
   <trkpt lat="51.1353000" lon="-0.5339690">
    <ele>56.9</ele>
    <time>2020-06-21T14:06:48Z</time>
   </trkpt>
   <trkpt lat="51.1353630" lon="-0.5339010">
    <ele>57.0</ele>
    <time>2020-06-21T14:06:49Z</time>
   </trkpt>
   <trkpt lat="51.1354210" lon="-0.5338340">
    <ele>57.1</ele>
    <time>2020-06-21T14:06:50Z</time>
   </trkpt>
   <trkpt lat="51.1354690" lon="-0.5337690">
    <ele>57.2</ele>
    <time>2020-06-21T14:06:51Z</time>
   </trkpt>
   <trkpt lat="51.1355230" lon="-0.5337060">
    <ele>57.3</ele>
    <time>2020-06-21T14:06:52Z</time>
   </trkpt>
   <trkpt lat="51.1355940" lon="-0.5336410">
    <ele>57.4</ele>
    <time>2020-06-21T14:06:53Z</time>
   </trkpt>
   <trkpt lat="51.1356570" lon="-0.5335760">
    <ele>57.5</ele>
    <time>2020-06-21T14:06:54Z</time>
   </trkpt>
   <trkpt lat="51.1357220" lon="-0.5335110">
    <ele>57.6</ele>
    <time>2020-06-21T14:06:55Z</time>
   </trkpt>
   <trkpt lat="51.1357870" lon="-0.5334470">
    <ele>57.7</ele>
    <time>2020-06-21T14:06:56Z</time>
   </trkpt>
   <trkpt lat="51.1358450" lon="-0.5333850">
    <ele>57.7</ele>
    <time>2020-06-21T14:06:57Z</time>
   </trkpt>
   <trkpt lat="51.1359010" lon="-0.5333290">
    <ele>57.7</ele>
    <time>2020-06-21T14:06:58Z</time>
   </trkpt>
   <trkpt lat="51.1359620" lon="-0.5332660">
    <ele>57.7</ele>
    <time>2020-06-21T14:06:59Z</time>
   </trkpt>
   <trkpt lat="51.1360160" lon="-0.5332070">
    <ele>57.7</ele>
    <time>2020-06-21T14:07:00Z</time>
   </trkpt>
   <trkpt lat="51.1360750" lon="-0.5331410">
    <ele>57.7</ele>
    <time>2020-06-21T14:07:01Z</time>
   </trkpt>
   <trkpt lat="51.1361420" lon="-0.5330790">
    <ele>57.7</ele>
    <time>2020-06-21T14:07:02Z</time>
   </trkpt>
   <trkpt lat="51.1362080" lon="-0.5330280">
    <ele>57.6</ele>
    <time>2020-06-21T14:07:03Z</time>
   </trkpt>
   <trkpt lat="51.1362810" lon="-0.5329860">
    <ele>57.5</ele>
    <time>2020-06-21T14:07:04Z</time>
   </trkpt>
   <trkpt lat="51.1363540" lon="-0.5329490">
    <ele>57.5</ele>
    <time>2020-06-21T14:07:05Z</time>
   </trkpt>
   <trkpt lat="51.1364190" lon="-0.5329210">
    <ele>57.4</ele>
    <time>2020-06-21T14:07:06Z</time>
   </trkpt>
   <trkpt lat="51.1364920" lon="-0.5329060">
    <ele>57.3</ele>
    <time>2020-06-21T14:07:07Z</time>
   </trkpt>
   <trkpt lat="51.1365820" lon="-0.5328840">
    <ele>57.2</ele>
    <time>2020-06-21T14:07:08Z</time>
   </trkpt>
   <trkpt lat="51.1366690" lon="-0.5328720">
    <ele>57.0</ele>
    <time>2020-06-21T14:07:09Z</time>
   </trkpt>
   <trkpt lat="51.1367520" lon="-0.5328810">
    <ele>56.9</ele>
    <time>2020-06-21T14:07:10Z</time>
   </trkpt>
   <trkpt lat="51.1368330" lon="-0.5328930">
    <ele>56.8</ele>
    <time>2020-06-21T14:07:11Z</time>
   </trkpt>
   <trkpt lat="51.1369130" lon="-0.5329130">
    <ele>56.7</ele>
    <time>2020-06-21T14:07:12Z</time>
   </trkpt>
   <trkpt lat="51.1369940" lon="-0.5329330">
    <ele>56.7</ele>
    <time>2020-06-21T14:07:13Z</time>
   </trkpt>
   <trkpt lat="51.1370710" lon="-0.5329440">
    <ele>56.8</ele>
    <time>2020-06-21T14:07:14Z</time>
   </trkpt>
   <trkpt lat="51.1371440" lon="-0.5329470">
    <ele>56.8</ele>
    <time>2020-06-21T14:07:15Z</time>
   </trkpt>
   <trkpt lat="51.1372200" lon="-0.5329280">
    <ele>56.7</ele>
    <time>2020-06-21T14:07:16Z</time>
   </trkpt>
   <trkpt lat="51.1372940" lon="-0.5328650">
    <ele>56.4</ele>
    <time>2020-06-21T14:07:17Z</time>
   </trkpt>
   <trkpt lat="51.1373470" lon="-0.5327440">
    <ele>56.2</ele>
    <time>2020-06-21T14:07:18Z</time>
   </trkpt>
   <trkpt lat="51.1373980" lon="-0.5326390">
    <ele>56.0</ele>
    <time>2020-06-21T14:07:19Z</time>
   </trkpt>
   <trkpt lat="51.1374540" lon="-0.5325140">
    <ele>55.9</ele>
    <time>2020-06-21T14:07:20Z</time>
   </trkpt>
   <trkpt lat="51.1375170" lon="-0.5324000">
    <ele>55.8</ele>
    <time>2020-06-21T14:07:21Z</time>
   </trkpt>
   <trkpt lat="51.1375710" lon="-0.5322900">
    <ele>55.7</ele>
    <time>2020-06-21T14:07:22Z</time>
   </trkpt>
   <trkpt lat="51.1376050" lon="-0.5321750">
    <ele>55.7</ele>
    <time>2020-06-21T14:07:23Z</time>
   </trkpt>
   <trkpt lat="51.1376490" lon="-0.5320690">
    <ele>55.6</ele>
    <time>2020-06-21T14:07:24Z</time>
   </trkpt>
   <trkpt lat="51.1377050" lon="-0.5319720">
    <ele>55.6</ele>
    <time>2020-06-21T14:07:25Z</time>
   </trkpt>
   <trkpt lat="51.1377600" lon="-0.5318660">
    <ele>55.6</ele>
    <time>2020-06-21T14:07:26Z</time>
   </trkpt>
   <trkpt lat="51.1378040" lon="-0.5317580">
    <ele>55.7</ele>
    <time>2020-06-21T14:07:27Z</time>
   </trkpt>
   <trkpt lat="51.1378420" lon="-0.5316450">
    <ele>55.8</ele>
    <time>2020-06-21T14:07:28Z</time>
   </trkpt>
   <trkpt lat="51.1378780" lon="-0.5315310">
    <ele>55.8</ele>
    <time>2020-06-21T14:07:29Z</time>
   </trkpt>
   <trkpt lat="51.1379150" lon="-0.5314210">
    <ele>55.8</ele>
    <time>2020-06-21T14:07:30Z</time>
   </trkpt>
   <trkpt lat="51.1379460" lon="-0.5313070">
    <ele>55.8</ele>
    <time>2020-06-21T14:07:31Z</time>
   </trkpt>
   <trkpt lat="51.1379680" lon="-0.5311790">
    <ele>55.8</ele>
    <time>2020-06-21T14:07:32Z</time>
   </trkpt>
   <trkpt lat="51.1379850" lon="-0.5310510">
    <ele>55.9</ele>
    <time>2020-06-21T14:07:33Z</time>
   </trkpt>
   <trkpt lat="51.1379960" lon="-0.5309250">
    <ele>56.0</ele>
    <time>2020-06-21T14:07:34Z</time>
   </trkpt>
   <trkpt lat="51.1380050" lon="-0.5308060">
    <ele>56.1</ele>
    <time>2020-06-21T14:07:35Z</time>
   </trkpt>
   <trkpt lat="51.1380120" lon="-0.5306950">
    <ele>56.2</ele>
    <time>2020-06-21T14:07:36Z</time>
   </trkpt>
   <trkpt lat="51.1380400" lon="-0.5305760">
    <ele>56.4</ele>
    <time>2020-06-21T14:07:37Z</time>
   </trkpt>
   <trkpt lat="51.1380710" lon="-0.5304690">
    <ele>56.6</ele>
    <time>2020-06-21T14:07:38Z</time>
   </trkpt>
   <trkpt lat="51.1381020" lon="-0.5303660">
    <ele>56.9</ele>
    <time>2020-06-21T14:07:39Z</time>
   </trkpt>
   <trkpt lat="51.1381360" lon="-0.5302670">
    <ele>57.1</ele>
    <time>2020-06-21T14:07:40Z</time>
   </trkpt>
   <trkpt lat="51.1381670" lon="-0.5301730">
    <ele>57.4</ele>
    <time>2020-06-21T14:07:41Z</time>
   </trkpt>
   <trkpt lat="51.1382020" lon="-0.5300920">
    <ele>57.6</ele>
    <time>2020-06-21T14:07:42Z</time>
   </trkpt>
   <trkpt lat="51.1382460" lon="-0.5300280">
    <ele>57.9</ele>
    <time>2020-06-21T14:07:43Z</time>
   </trkpt>
   <trkpt lat="51.1382830" lon="-0.5299450">
    <ele>58.2</ele>
    <time>2020-06-21T14:07:44Z</time>
   </trkpt>
   <trkpt lat="51.1383130" lon="-0.5298690">
    <ele>58.5</ele>
    <time>2020-06-21T14:07:45Z</time>
   </trkpt>
   <trkpt lat="51.1383470" lon="-0.5297860">
    <ele>58.8</ele>
    <time>2020-06-21T14:07:46Z</time>
   </trkpt>
   <trkpt lat="51.1383900" lon="-0.5297020">
    <ele>59.1</ele>
    <time>2020-06-21T14:07:47Z</time>
   </trkpt>
   <trkpt lat="51.1384300" lon="-0.5296270">
    <ele>59.4</ele>
    <time>2020-06-21T14:07:48Z</time>
   </trkpt>
   <trkpt lat="51.1384710" lon="-0.5295570">
    <ele>59.7</ele>
    <time>2020-06-21T14:07:49Z</time>
   </trkpt>
   <trkpt lat="51.1385260" lon="-0.5294910">
    <ele>60.1</ele>
    <time>2020-06-21T14:07:50Z</time>
   </trkpt>
   <trkpt lat="51.1385760" lon="-0.5294330">
    <ele>60.5</ele>
    <time>2020-06-21T14:07:51Z</time>
   </trkpt>
   <trkpt lat="51.1386140" lon="-0.5293720">
    <ele>60.9</ele>
    <time>2020-06-21T14:07:52Z</time>
   </trkpt>
   <trkpt lat="51.1386470" lon="-0.5293060">
    <ele>61.3</ele>
    <time>2020-06-21T14:07:53Z</time>
   </trkpt>
   <trkpt lat="51.1386730" lon="-0.5292390">
    <ele>61.6</ele>
    <time>2020-06-21T14:07:54Z</time>
   </trkpt>
   <trkpt lat="51.1387090" lon="-0.5291620">
    <ele>62.1</ele>
    <time>2020-06-21T14:07:55Z</time>
   </trkpt>
   <trkpt lat="51.1387430" lon="-0.5290820">
    <ele>62.6</ele>
    <time>2020-06-21T14:07:56Z</time>
   </trkpt>
   <trkpt lat="51.1387720" lon="-0.5290130">
    <ele>63.0</ele>
    <time>2020-06-21T14:07:57Z</time>
   </trkpt>
   <trkpt lat="51.1388000" lon="-0.5289410">
    <ele>63.4</ele>
    <time>2020-06-21T14:07:58Z</time>
   </trkpt>
   <trkpt lat="51.1388210" lon="-0.5288710">
    <ele>63.8</ele>
    <time>2020-06-21T14:07:59Z</time>
   </trkpt>
   <trkpt lat="51.1388360" lon="-0.5287920">
    <ele>64.2</ele>
    <time>2020-06-21T14:08:00Z</time>
   </trkpt>
   <trkpt lat="51.1388610" lon="-0.5287370">
    <ele>64.5</ele>
    <time>2020-06-21T14:08:01Z</time>
   </trkpt>
   <trkpt lat="51.1388860" lon="-0.5286780">
    <ele>64.8</ele>
    <time>2020-06-21T14:08:02Z</time>
   </trkpt>
   <trkpt lat="51.1388940" lon="-0.5286510">
    <ele>65.0</ele>
    <time>2020-06-21T14:08:03Z</time>
   </trkpt>
   <trkpt lat="51.1389060" lon="-0.5286030">
    <ele>65.2</ele>
    <time>2020-06-21T14:08:04Z</time>
   </trkpt>
   <trkpt lat="51.1389200" lon="-0.5285610">
    <ele>65.3</ele>
    <time>2020-06-21T14:08:05Z</time>
   </trkpt>
   <trkpt lat="51.1389410" lon="-0.5285400">
    <ele>65.4</ele>
    <time>2020-06-21T14:08:06Z</time>
   </trkpt>
   <trkpt lat="51.1389490" lon="-0.5285280">
    <ele>65.5</ele>
    <time>2020-06-21T14:08:07Z</time>
   </trkpt>
   <trkpt lat="51.1389440" lon="-0.5285300">
    <ele>65.5</ele>
    <time>2020-06-21T14:08:09Z</time>
   </trkpt>
   <trkpt lat="51.1389510" lon="-0.5285220">
    <ele>65.5</ele>
    <time>2020-06-21T14:08:10Z</time>
   </trkpt>
   <trkpt lat="51.1389500" lon="-0.5285220">
    <ele>65.5</ele>
    <time>2020-06-21T14:08:11Z</time>
   </trkpt>
   <trkpt lat="51.1389500" lon="-0.5285210">
    <ele>65.5</ele>
    <time>2020-06-21T14:08:12Z</time>
   </trkpt>
   <trkpt lat="51.1389500" lon="-0.5285210">
    <ele>65.5</ele>
    <time>2020-06-21T14:08:13Z</time>
   </trkpt>
   <trkpt lat="51.1389500" lon="-0.5285210">
    <ele>65.5</ele>
    <time>2020-06-21T14:08:14Z</time>
   </trkpt>
   <trkpt lat="51.1389490" lon="-0.5285200">
    <ele>65.5</ele>
    <time>2020-06-21T14:08:15Z</time>
   </trkpt>
   <trkpt lat="51.1389480" lon="-0.5285190">
    <ele>65.5</ele>
    <time>2020-06-21T14:08:16Z</time>
   </trkpt>
   <trkpt lat="51.1389440" lon="-0.5285110">
    <ele>65.6</ele>
    <time>2020-06-21T14:08:19Z</time>
   </trkpt>
   <trkpt lat="51.1389450" lon="-0.5285120">
    <ele>65.6</ele>
    <time>2020-06-21T14:08:20Z</time>
   </trkpt>
   <trkpt lat="51.1389450" lon="-0.5285140">
    <ele>65.6</ele>
    <time>2020-06-21T14:08:21Z</time>
   </trkpt>
   <trkpt lat="51.1389450" lon="-0.5285140">
    <ele>65.6</ele>
    <time>2020-06-21T14:08:22Z</time>
   </trkpt>
   <trkpt lat="51.1389440" lon="-0.5285120">
    <ele>65.6</ele>
    <time>2020-06-21T14:08:24Z</time>
   </trkpt>
   <trkpt lat="51.1389450" lon="-0.5285100">
    <ele>65.6</ele>
    <time>2020-06-21T14:08:25Z</time>
   </trkpt>
   <trkpt lat="51.1389430" lon="-0.5285110">
    <ele>65.6</ele>
    <time>2020-06-21T14:08:26Z</time>
   </trkpt>
   <trkpt lat="51.1389390" lon="-0.5285130">
    <ele>65.6</ele>
    <time>2020-06-21T14:08:27Z</time>
   </trkpt>
   <trkpt lat="51.1389170" lon="-0.5285070">
    <ele>65.7</ele>
    <time>2020-06-21T14:08:29Z</time>
   </trkpt>
   <trkpt lat="51.1389200" lon="-0.5284830">
    <ele>65.7</ele>
    <time>2020-06-21T14:08:30Z</time>
   </trkpt>
   <trkpt lat="51.1389140" lon="-0.5284610">
    <ele>65.8</ele>
    <time>2020-06-21T14:08:31Z</time>
   </trkpt>
   <trkpt lat="51.1389110" lon="-0.5284170">
    <ele>65.8</ele>
    <time>2020-06-21T14:08:32Z</time>
   </trkpt>
   <trkpt lat="51.1389120" lon="-0.5283940">
    <ele>65.8</ele>
    <time>2020-06-21T14:08:33Z</time>
   </trkpt>
   <trkpt lat="51.1389010" lon="-0.5283480">
    <ele>65.8</ele>
    <time>2020-06-21T14:08:35Z</time>
   </trkpt>
   <trkpt lat="51.1388910" lon="-0.5283170">
    <ele>65.8</ele>
    <time>2020-06-21T14:08:36Z</time>
   </trkpt>
   <trkpt lat="51.1388770" lon="-0.5282480">
    <ele>65.8</ele>
    <time>2020-06-21T14:08:37Z</time>
   </trkpt>
   <trkpt lat="51.1388590" lon="-0.5281640">
    <ele>65.8</ele>
    <time>2020-06-21T14:08:38Z</time>
   </trkpt>
   <trkpt lat="51.1388400" lon="-0.5280950">
    <ele>65.8</ele>
    <time>2020-06-21T14:08:39Z</time>
   </trkpt>
   <trkpt lat="51.1388170" lon="-0.5280470">
    <ele>65.7</ele>
    <time>2020-06-21T14:08:40Z</time>
   </trkpt>
   <trkpt lat="51.1387810" lon="-0.5279690">
    <ele>65.7</ele>
    <time>2020-06-21T14:08:41Z</time>
   </trkpt>
   <trkpt lat="51.1387280" lon="-0.5278620">
    <ele>65.7</ele>
    <time>2020-06-21T14:08:43Z</time>
   </trkpt>
   <trkpt lat="51.1386840" lon="-0.5277630">
    <ele>65.6</ele>
    <time>2020-06-21T14:08:45Z</time>
   </trkpt>
   <trkpt lat="51.1386100" lon="-0.5276820">
    <ele>65.4</ele>
    <time>2020-06-21T14:08:46Z</time>
   </trkpt>
   <trkpt lat="51.1385540" lon="-0.5276350">
    <ele>65.2</ele>
    <time>2020-06-21T14:08:47Z</time>
   </trkpt>
   <trkpt lat="51.1384880" lon="-0.5275920">
    <ele>64.9</ele>
    <time>2020-06-21T14:08:48Z</time>
   </trkpt>
   <trkpt lat="51.1384190" lon="-0.5275470">
    <ele>64.6</ele>
    <time>2020-06-21T14:08:49Z</time>
   </trkpt>
   <trkpt lat="51.1383510" lon="-0.5275020">
    <ele>64.2</ele>
    <time>2020-06-21T14:08:50Z</time>
   </trkpt>
   <trkpt lat="51.1382830" lon="-0.5274590">
    <ele>63.8</ele>
    <time>2020-06-21T14:08:51Z</time>
   </trkpt>
   <trkpt lat="51.1382200" lon="-0.5274090">
    <ele>63.4</ele>
    <time>2020-06-21T14:08:52Z</time>
   </trkpt>
   <trkpt lat="51.1381570" lon="-0.5273590">
    <ele>63.0</ele>
    <time>2020-06-21T14:08:53Z</time>
   </trkpt>
   <trkpt lat="51.1380890" lon="-0.5273100">
    <ele>62.6</ele>
    <time>2020-06-21T14:08:54Z</time>
   </trkpt>
   <trkpt lat="51.1380150" lon="-0.5272580">
    <ele>62.2</ele>
    <time>2020-06-21T14:08:55Z</time>
   </trkpt>
   <trkpt lat="51.1379550" lon="-0.5272100">
    <ele>61.8</ele>
    <time>2020-06-21T14:08:56Z</time>
   </trkpt>
   <trkpt lat="51.1378910" lon="-0.5271490">
    <ele>61.5</ele>
    <time>2020-06-21T14:08:57Z</time>
   </trkpt>
   <trkpt lat="51.1378150" lon="-0.5270900">
    <ele>61.0</ele>
    <time>2020-06-21T14:08:58Z</time>
   </trkpt>
   <trkpt lat="51.1377320" lon="-0.5270320">
    <ele>60.5</ele>
    <time>2020-06-21T14:08:59Z</time>
   </trkpt>
   <trkpt lat="51.1376510" lon="-0.5269760">
    <ele>60.1</ele>
    <time>2020-06-21T14:09:00Z</time>
   </trkpt>
   <trkpt lat="51.1375620" lon="-0.5269170">
    <ele>59.5</ele>
    <time>2020-06-21T14:09:01Z</time>
   </trkpt>
   <trkpt lat="51.1374730" lon="-0.5268580">
    <ele>59.0</ele>
    <time>2020-06-21T14:09:02Z</time>
   </trkpt>
   <trkpt lat="51.1373780" lon="-0.5268020">
    <ele>58.5</ele>
    <time>2020-06-21T14:09:03Z</time>
   </trkpt>
   <trkpt lat="51.1372900" lon="-0.5267500">
    <ele>58.0</ele>
    <time>2020-06-21T14:09:04Z</time>
   </trkpt>
   <trkpt lat="51.1372140" lon="-0.5266830">
    <ele>57.7</ele>
    <time>2020-06-21T14:09:05Z</time>
   </trkpt>
   <trkpt lat="51.1371230" lon="-0.5266220">
    <ele>57.3</ele>
    <time>2020-06-21T14:09:06Z</time>
   </trkpt>
   <trkpt lat="51.1370350" lon="-0.5265610">
    <ele>57.0</ele>
    <time>2020-06-21T14:09:07Z</time>
   </trkpt>
   <trkpt lat="51.1369530" lon="-0.5264960">
    <ele>56.6</ele>
    <time>2020-06-21T14:09:08Z</time>
   </trkpt>
   <trkpt lat="51.1368800" lon="-0.5264340">
    <ele>56.3</ele>
    <time>2020-06-21T14:09:09Z</time>
   </trkpt>
   <trkpt lat="51.1367950" lon="-0.5263750">
    <ele>55.9</ele>
    <time>2020-06-21T14:09:10Z</time>
   </trkpt>
   <trkpt lat="51.1367010" lon="-0.5263140">
    <ele>55.5</ele>
    <time>2020-06-21T14:09:11Z</time>
   </trkpt>
   <trkpt lat="51.1366050" lon="-0.5262530">
    <ele>55.0</ele>
    <time>2020-06-21T14:09:12Z</time>
   </trkpt>
   <trkpt lat="51.1365010" lon="-0.5261890">
    <ele>54.6</ele>
    <time>2020-06-21T14:09:13Z</time>
   </trkpt>
   <trkpt lat="51.1364240" lon="-0.5261220">
    <ele>54.3</ele>
    <time>2020-06-21T14:09:14Z</time>
   </trkpt>
   <trkpt lat="51.1363450" lon="-0.5260450">
    <ele>53.7</ele>
    <time>2020-06-21T14:09:15Z</time>
   </trkpt>
   <trkpt lat="51.1362690" lon="-0.5259670">
    <ele>53.3</ele>
    <time>2020-06-21T14:09:16Z</time>
   </trkpt>
   <trkpt lat="51.1361810" lon="-0.5258920">
    <ele>52.9</ele>
    <time>2020-06-21T14:09:17Z</time>
   </trkpt>
   <trkpt lat="51.1361020" lon="-0.5258170">
    <ele>52.6</ele>
    <time>2020-06-21T14:09:18Z</time>
   </trkpt>
   <trkpt lat="51.1359830" lon="-0.5257580">
    <ele>52.1</ele>
    <time>2020-06-21T14:09:19Z</time>
   </trkpt>
   <trkpt lat="51.1358830" lon="-0.5256980">
    <ele>51.8</ele>
    <time>2020-06-21T14:09:20Z</time>
   </trkpt>
   <trkpt lat="51.1357990" lon="-0.5256250">
    <ele>51.6</ele>
    <time>2020-06-21T14:09:21Z</time>
   </trkpt>
   <trkpt lat="51.1357210" lon="-0.5255500">
    <ele>51.4</ele>
    <time>2020-06-21T14:09:22Z</time>
   </trkpt>
   <trkpt lat="51.1356310" lon="-0.5254840">
    <ele>51.1</ele>
    <time>2020-06-21T14:09:23Z</time>
   </trkpt>
   <trkpt lat="51.1355330" lon="-0.5254260">
    <ele>50.9</ele>
    <time>2020-06-21T14:09:24Z</time>
   </trkpt>
   <trkpt lat="51.1354340" lon="-0.5253690">
    <ele>50.7</ele>
    <time>2020-06-21T14:09:25Z</time>
   </trkpt>
   <trkpt lat="51.1353280" lon="-0.5253020">
    <ele>50.5</ele>
    <time>2020-06-21T14:09:26Z</time>
   </trkpt>
   <trkpt lat="51.1352300" lon="-0.5252330">
    <ele>50.3</ele>
    <time>2020-06-21T14:09:27Z</time>
   </trkpt>
   <trkpt lat="51.1351430" lon="-0.5251680">
    <ele>50.1</ele>
    <time>2020-06-21T14:09:28Z</time>
   </trkpt>
   <trkpt lat="51.1350590" lon="-0.5251030">
    <ele>50.0</ele>
    <time>2020-06-21T14:09:29Z</time>
   </trkpt>
   <trkpt lat="51.1349670" lon="-0.5250520">
    <ele>49.9</ele>
    <time>2020-06-21T14:09:30Z</time>
   </trkpt>
   <trkpt lat="51.1348820" lon="-0.5249980">
    <ele>49.9</ele>
    <time>2020-06-21T14:09:31Z</time>
   </trkpt>
   <trkpt lat="51.1348000" lon="-0.5249460">
    <ele>49.8</ele>
    <time>2020-06-21T14:09:32Z</time>
   </trkpt>
   <trkpt lat="51.1347170" lon="-0.5248990">
    <ele>49.7</ele>
    <time>2020-06-21T14:09:33Z</time>
   </trkpt>
   <trkpt lat="51.1346310" lon="-0.5248610">
    <ele>49.5</ele>
    <time>2020-06-21T14:09:34Z</time>
   </trkpt>
   <trkpt lat="51.1345480" lon="-0.5248250">
    <ele>49.4</ele>
    <time>2020-06-21T14:09:35Z</time>
   </trkpt>
   <trkpt lat="51.1344670" lon="-0.5247910">
    <ele>49.3</ele>
    <time>2020-06-21T14:09:36Z</time>
   </trkpt>
   <trkpt lat="51.1343810" lon="-0.5247580">
    <ele>49.3</ele>
    <time>2020-06-21T14:09:37Z</time>
   </trkpt>
   <trkpt lat="51.1342960" lon="-0.5247380">
    <ele>49.2</ele>
    <time>2020-06-21T14:09:38Z</time>
   </trkpt>
   <trkpt lat="51.1342100" lon="-0.5247200">
    <ele>49.2</ele>
    <time>2020-06-21T14:09:39Z</time>
   </trkpt>
   <trkpt lat="51.1341290" lon="-0.5247050">
    <ele>49.1</ele>
    <time>2020-06-21T14:09:40Z</time>
   </trkpt>
   <trkpt lat="51.1340500" lon="-0.5246880">
    <ele>49.1</ele>
    <time>2020-06-21T14:09:41Z</time>
   </trkpt>
   <trkpt lat="51.1339620" lon="-0.5246800">
    <ele>49.0</ele>
    <time>2020-06-21T14:09:42Z</time>
   </trkpt>
   <trkpt lat="51.1338700" lon="-0.5246770">
    <ele>49.0</ele>
    <time>2020-06-21T14:09:43Z</time>
   </trkpt>
   <trkpt lat="51.1337790" lon="-0.5246660">
    <ele>49.0</ele>
    <time>2020-06-21T14:09:44Z</time>
   </trkpt>
   <trkpt lat="51.1337030" lon="-0.5246560">
    <ele>48.9</ele>
    <time>2020-06-21T14:09:45Z</time>
   </trkpt>
   <trkpt lat="51.1336260" lon="-0.5246520">
    <ele>48.9</ele>
    <time>2020-06-21T14:09:46Z</time>
   </trkpt>
   <trkpt lat="51.1335460" lon="-0.5246520">
    <ele>48.9</ele>
    <time>2020-06-21T14:09:47Z</time>
   </trkpt>
   <trkpt lat="51.1334590" lon="-0.5246520">
    <ele>48.8</ele>
    <time>2020-06-21T14:09:48Z</time>
   </trkpt>
   <trkpt lat="51.1333620" lon="-0.5246600">
    <ele>48.8</ele>
    <time>2020-06-21T14:09:49Z</time>
   </trkpt>
   <trkpt lat="51.1332670" lon="-0.5246640">
    <ele>48.8</ele>
    <time>2020-06-21T14:09:50Z</time>
   </trkpt>
   <trkpt lat="51.1331740" lon="-0.5246670">
    <ele>48.9</ele>
    <time>2020-06-21T14:09:51Z</time>
   </trkpt>
   <trkpt lat="51.1330980" lon="-0.5246650">
    <ele>48.9</ele>
    <time>2020-06-21T14:09:52Z</time>
   </trkpt>
   <trkpt lat="51.1330240" lon="-0.5246580">
    <ele>48.9</ele>
    <time>2020-06-21T14:09:53Z</time>
   </trkpt>
   <trkpt lat="51.1329420" lon="-0.5246580">
    <ele>49.0</ele>
    <time>2020-06-21T14:09:54Z</time>
   </trkpt>
   <trkpt lat="51.1328590" lon="-0.5246590">
    <ele>49.2</ele>
    <time>2020-06-21T14:09:55Z</time>
   </trkpt>
   <trkpt lat="51.1327750" lon="-0.5246550">
    <ele>49.3</ele>
    <time>2020-06-21T14:09:56Z</time>
   </trkpt>
   <trkpt lat="51.1326910" lon="-0.5246460">
    <ele>49.4</ele>
    <time>2020-06-21T14:09:57Z</time>
   </trkpt>
   <trkpt lat="51.1326260" lon="-0.5246410">
    <ele>49.5</ele>
    <time>2020-06-21T14:09:58Z</time>
   </trkpt>
   <trkpt lat="51.1325510" lon="-0.5246380">
    <ele>49.6</ele>
    <time>2020-06-21T14:09:59Z</time>
   </trkpt>
   <trkpt lat="51.1324690" lon="-0.5246420">
    <ele>49.6</ele>
    <time>2020-06-21T14:10:00Z</time>
   </trkpt>
   <trkpt lat="51.1323960" lon="-0.5246400">
    <ele>49.7</ele>
    <time>2020-06-21T14:10:01Z</time>
   </trkpt>
   <trkpt lat="51.1323260" lon="-0.5246430">
    <ele>49.8</ele>
    <time>2020-06-21T14:10:02Z</time>
   </trkpt>
   <trkpt lat="51.1322470" lon="-0.5246500">
    <ele>49.9</ele>
    <time>2020-06-21T14:10:03Z</time>
   </trkpt>
   <trkpt lat="51.1321650" lon="-0.5246390">
    <ele>50.0</ele>
    <time>2020-06-21T14:10:04Z</time>
   </trkpt>
   <trkpt lat="51.1320850" lon="-0.5246250">
    <ele>50.2</ele>
    <time>2020-06-21T14:10:05Z</time>
   </trkpt>
   <trkpt lat="51.1320050" lon="-0.5246030">
    <ele>50.3</ele>
    <time>2020-06-21T14:10:06Z</time>
   </trkpt>
   <trkpt lat="51.1319300" lon="-0.5245780">
    <ele>50.5</ele>
    <time>2020-06-21T14:10:07Z</time>
   </trkpt>
   <trkpt lat="51.1318650" lon="-0.5245620">
    <ele>50.6</ele>
    <time>2020-06-21T14:10:08Z</time>
   </trkpt>
   <trkpt lat="51.1317860" lon="-0.5245550">
    <ele>50.7</ele>
    <time>2020-06-21T14:10:09Z</time>
   </trkpt>
   <trkpt lat="51.1317070" lon="-0.5245350">
    <ele>50.9</ele>
    <time>2020-06-21T14:10:10Z</time>
   </trkpt>
   <trkpt lat="51.1316300" lon="-0.5245100">
    <ele>51.1</ele>
    <time>2020-06-21T14:10:11Z</time>
   </trkpt>
   <trkpt lat="51.1315490" lon="-0.5244790">
    <ele>51.2</ele>
    <time>2020-06-21T14:10:12Z</time>
   </trkpt>
   <trkpt lat="51.1314800" lon="-0.5244530">
    <ele>51.3</ele>
    <time>2020-06-21T14:10:13Z</time>
   </trkpt>
   <trkpt lat="51.1314210" lon="-0.5244270">
    <ele>51.4</ele>
    <time>2020-06-21T14:10:14Z</time>
   </trkpt>
   <trkpt lat="51.1313550" lon="-0.5243930">
    <ele>51.5</ele>
    <time>2020-06-21T14:10:15Z</time>
   </trkpt>
   <trkpt lat="51.1312880" lon="-0.5243490">
    <ele>51.6</ele>
    <time>2020-06-21T14:10:16Z</time>
   </trkpt>
   <trkpt lat="51.1312240" lon="-0.5243090">
    <ele>51.7</ele>
    <time>2020-06-21T14:10:17Z</time>
   </trkpt>
   <trkpt lat="51.1311630" lon="-0.5242750">
    <ele>51.9</ele>
    <time>2020-06-21T14:10:18Z</time>
   </trkpt>
   <trkpt lat="51.1311000" lon="-0.5242420">
    <ele>52.0</ele>
    <time>2020-06-21T14:10:19Z</time>
   </trkpt>
   <trkpt lat="51.1310250" lon="-0.5242170">
    <ele>52.1</ele>
    <time>2020-06-21T14:10:20Z</time>
   </trkpt>
   <trkpt lat="51.1309540" lon="-0.5241750">
    <ele>52.3</ele>
    <time>2020-06-21T14:10:21Z</time>
   </trkpt>
   <trkpt lat="51.1308950" lon="-0.5241260">
    <ele>52.4</ele>
    <time>2020-06-21T14:10:22Z</time>
   </trkpt>
   <trkpt lat="51.1308380" lon="-0.5240810">
    <ele>52.5</ele>
    <time>2020-06-21T14:10:23Z</time>
   </trkpt>
   <trkpt lat="51.1307790" lon="-0.5240290">
    <ele>52.6</ele>
    <time>2020-06-21T14:10:24Z</time>
   </trkpt>
   <trkpt lat="51.1307190" lon="-0.5239750">
    <ele>52.7</ele>
    <time>2020-06-21T14:10:25Z</time>
   </trkpt>
   <trkpt lat="51.1306600" lon="-0.5239310">
    <ele>52.8</ele>
    <time>2020-06-21T14:10:26Z</time>
   </trkpt>
   <trkpt lat="51.1305990" lon="-0.5238920">
    <ele>52.9</ele>
    <time>2020-06-21T14:10:27Z</time>
   </trkpt>
   <trkpt lat="51.1305440" lon="-0.5238390">
    <ele>53.1</ele>
    <time>2020-06-21T14:10:28Z</time>
   </trkpt>
   <trkpt lat="51.1304880" lon="-0.5237880">
    <ele>53.2</ele>
    <time>2020-06-21T14:10:29Z</time>
   </trkpt>
   <trkpt lat="51.1304320" lon="-0.5237390">
    <ele>53.3</ele>
    <time>2020-06-21T14:10:30Z</time>
   </trkpt>
   <trkpt lat="51.1303740" lon="-0.5236920">
    <ele>53.4</ele>
    <time>2020-06-21T14:10:31Z</time>
   </trkpt>
   <trkpt lat="51.1303170" lon="-0.5236420">
    <ele>53.6</ele>
    <time>2020-06-21T14:10:32Z</time>
   </trkpt>
   <trkpt lat="51.1302600" lon="-0.5235910">
    <ele>53.7</ele>
    <time>2020-06-21T14:10:33Z</time>
   </trkpt>
   <trkpt lat="51.1302000" lon="-0.5235430">
    <ele>53.8</ele>
    <time>2020-06-21T14:10:34Z</time>
   </trkpt>
   <trkpt lat="51.1301430" lon="-0.5234950">
    <ele>53.9</ele>
    <time>2020-06-21T14:10:35Z</time>
   </trkpt>
   <trkpt lat="51.1300920" lon="-0.5234410">
    <ele>54.0</ele>
    <time>2020-06-21T14:10:36Z</time>
   </trkpt>
   <trkpt lat="51.1300370" lon="-0.5233920">
    <ele>54.1</ele>
    <time>2020-06-21T14:10:37Z</time>
   </trkpt>
   <trkpt lat="51.1299830" lon="-0.5233420">
    <ele>54.2</ele>
    <time>2020-06-21T14:10:38Z</time>
   </trkpt>
   <trkpt lat="51.1299270" lon="-0.5232960">
    <ele>54.3</ele>
    <time>2020-06-21T14:10:39Z</time>
   </trkpt>
   <trkpt lat="51.1298740" lon="-0.5232480">
    <ele>54.3</ele>
    <time>2020-06-21T14:10:40Z</time>
   </trkpt>
   <trkpt lat="51.1298160" lon="-0.5232050">
    <ele>54.4</ele>
    <time>2020-06-21T14:10:41Z</time>
   </trkpt>
   <trkpt lat="51.1297590" lon="-0.5231650">
    <ele>54.5</ele>
    <time>2020-06-21T14:10:42Z</time>
   </trkpt>
   <trkpt lat="51.1296990" lon="-0.5231220">
    <ele>54.6</ele>
    <time>2020-06-21T14:10:43Z</time>
   </trkpt>
   <trkpt lat="51.1296430" lon="-0.5230780">
    <ele>54.7</ele>
    <time>2020-06-21T14:10:44Z</time>
   </trkpt>
   <trkpt lat="51.1295980" lon="-0.5230280">
    <ele>54.7</ele>
    <time>2020-06-21T14:10:45Z</time>
   </trkpt>
   <trkpt lat="51.1295540" lon="-0.5229810">
    <ele>54.8</ele>
    <time>2020-06-21T14:10:46Z</time>
   </trkpt>
   <trkpt lat="51.1294940" lon="-0.5229460">
    <ele>54.8</ele>
    <time>2020-06-21T14:10:47Z</time>
   </trkpt>
   <trkpt lat="51.1294350" lon="-0.5229020">
    <ele>54.8</ele>
    <time>2020-06-21T14:10:48Z</time>
   </trkpt>
   <trkpt lat="51.1293720" lon="-0.5228610">
    <ele>54.7</ele>
    <time>2020-06-21T14:10:49Z</time>
   </trkpt>
   <trkpt lat="51.1293070" lon="-0.5228130">
    <ele>54.6</ele>
    <time>2020-06-21T14:10:50Z</time>
   </trkpt>
   <trkpt lat="51.1292340" lon="-0.5227670">
    <ele>54.5</ele>
    <time>2020-06-21T14:10:51Z</time>
   </trkpt>
   <trkpt lat="51.1291720" lon="-0.5227180">
    <ele>54.4</ele>
    <time>2020-06-21T14:10:52Z</time>
   </trkpt>
   <trkpt lat="51.1291160" lon="-0.5226580">
    <ele>54.3</ele>
    <time>2020-06-21T14:10:53Z</time>
   </trkpt>
   <trkpt lat="51.1290530" lon="-0.5226050">
    <ele>54.2</ele>
    <time>2020-06-21T14:10:54Z</time>
   </trkpt>
   <trkpt lat="51.1289990" lon="-0.5225490">
    <ele>54.0</ele>
    <time>2020-06-21T14:10:55Z</time>
   </trkpt>
   <trkpt lat="51.1289390" lon="-0.5224940">
    <ele>53.8</ele>
    <time>2020-06-21T14:10:56Z</time>
   </trkpt>
   <trkpt lat="51.1288780" lon="-0.5224330">
    <ele>53.6</ele>
    <time>2020-06-21T14:10:57Z</time>
   </trkpt>
   <trkpt lat="51.1288190" lon="-0.5223650">
    <ele>53.3</ele>
    <time>2020-06-21T14:10:58Z</time>
   </trkpt>
   <trkpt lat="51.1287640" lon="-0.5223040">
    <ele>53.1</ele>
    <time>2020-06-21T14:10:59Z</time>
   </trkpt>
   <trkpt lat="51.1287210" lon="-0.5222440">
    <ele>53.0</ele>
    <time>2020-06-21T14:11:00Z</time>
   </trkpt>
   <trkpt lat="51.1286740" lon="-0.5221700">
    <ele>52.8</ele>
    <time>2020-06-21T14:11:01Z</time>
   </trkpt>
   <trkpt lat="51.1286160" lon="-0.5220940">
    <ele>52.6</ele>
    <time>2020-06-21T14:11:02Z</time>
   </trkpt>
   <trkpt lat="51.1285600" lon="-0.5220120">
    <ele>52.4</ele>
    <time>2020-06-21T14:11:03Z</time>
   </trkpt>
   <trkpt lat="51.1285050" lon="-0.5219310">
    <ele>52.2</ele>
    <time>2020-06-21T14:11:04Z</time>
   </trkpt>
   <trkpt lat="51.1284410" lon="-0.5218540">
    <ele>52.1</ele>
    <time>2020-06-21T14:11:05Z</time>
   </trkpt>
   <trkpt lat="51.1283890" lon="-0.5217710">
    <ele>51.9</ele>
    <time>2020-06-21T14:11:06Z</time>
   </trkpt>
   <trkpt lat="51.1283280" lon="-0.5216940">
    <ele>51.8</ele>
    <time>2020-06-21T14:11:07Z</time>
   </trkpt>
   <trkpt lat="51.1282710" lon="-0.5216080">
    <ele>51.5</ele>
    <time>2020-06-21T14:11:08Z</time>
   </trkpt>
   <trkpt lat="51.1282140" lon="-0.5215210">
    <ele>51.2</ele>
    <time>2020-06-21T14:11:09Z</time>
   </trkpt>
   <trkpt lat="51.1281620" lon="-0.5214330">
    <ele>50.9</ele>
    <time>2020-06-21T14:11:10Z</time>
   </trkpt>
   <trkpt lat="51.1280980" lon="-0.5213480">
    <ele>50.6</ele>
    <time>2020-06-21T14:11:11Z</time>
   </trkpt>
   <trkpt lat="51.1280320" lon="-0.5212590">
    <ele>50.4</ele>
    <time>2020-06-21T14:11:12Z</time>
   </trkpt>
   <trkpt lat="51.1279830" lon="-0.5211680">
    <ele>50.2</ele>
    <time>2020-06-21T14:11:13Z</time>
   </trkpt>
   <trkpt lat="51.1279350" lon="-0.5210720">
    <ele>50.0</ele>
    <time>2020-06-21T14:11:14Z</time>
   </trkpt>
   <trkpt lat="51.1278800" lon="-0.5209750">
    <ele>49.8</ele>
    <time>2020-06-21T14:11:15Z</time>
   </trkpt>
   <trkpt lat="51.1278170" lon="-0.5208790">
    <ele>49.7</ele>
    <time>2020-06-21T14:11:16Z</time>
   </trkpt>
   <trkpt lat="51.1277540" lon="-0.5207860">
    <ele>49.5</ele>
    <time>2020-06-21T14:11:17Z</time>
   </trkpt>
   <trkpt lat="51.1276970" lon="-0.5206910">
    <ele>49.3</ele>
    <time>2020-06-21T14:11:18Z</time>
   </trkpt>
   <trkpt lat="51.1276420" lon="-0.5205860">
    <ele>49.1</ele>
    <time>2020-06-21T14:11:19Z</time>
   </trkpt>
   <trkpt lat="51.1275810" lon="-0.5204780">
    <ele>49.0</ele>
    <time>2020-06-21T14:11:20Z</time>
   </trkpt>
   <trkpt lat="51.1275280" lon="-0.5203860">
    <ele>48.8</ele>
    <time>2020-06-21T14:11:21Z</time>
   </trkpt>
   <trkpt lat="51.1274770" lon="-0.5202930">
    <ele>48.6</ele>
    <time>2020-06-21T14:11:22Z</time>
   </trkpt>
   <trkpt lat="51.1274220" lon="-0.5201970">
    <ele>48.4</ele>
    <time>2020-06-21T14:11:23Z</time>
   </trkpt>
   <trkpt lat="51.1273610" lon="-0.5201030">
    <ele>48.2</ele>
    <time>2020-06-21T14:11:24Z</time>
   </trkpt>
   <trkpt lat="51.1272990" lon="-0.5200080">
    <ele>48.1</ele>
    <time>2020-06-21T14:11:25Z</time>
   </trkpt>
   <trkpt lat="51.1272440" lon="-0.5199150">
    <ele>47.9</ele>
    <time>2020-06-21T14:11:26Z</time>
   </trkpt>
   <trkpt lat="51.1271200" lon="-0.5197300">
    <ele>47.6</ele>
    <time>2020-06-21T14:11:28Z</time>
   </trkpt>
   <trkpt lat="51.1270430" lon="-0.5196210">
    <ele>47.4</ele>
    <time>2020-06-21T14:11:29Z</time>
   </trkpt>
   <trkpt lat="51.1269670" lon="-0.5195270">
    <ele>47.2</ele>
    <time>2020-06-21T14:11:30Z</time>
   </trkpt>
   <trkpt lat="51.1269010" lon="-0.5194330">
    <ele>47.0</ele>
    <time>2020-06-21T14:11:31Z</time>
   </trkpt>
   <trkpt lat="51.1268430" lon="-0.5193410">
    <ele>46.9</ele>
    <time>2020-06-21T14:11:32Z</time>
   </trkpt>
   <trkpt lat="51.1267920" lon="-0.5192620">
    <ele>47.0</ele>
    <time>2020-06-21T14:11:33Z</time>
   </trkpt>
   <trkpt lat="51.1267310" lon="-0.5191830">
    <ele>47.0</ele>
    <time>2020-06-21T14:11:34Z</time>
   </trkpt>
   <trkpt lat="51.1266640" lon="-0.5191010">
    <ele>47.2</ele>
    <time>2020-06-21T14:11:35Z</time>
   </trkpt>
   <trkpt lat="51.1265990" lon="-0.5190210">
    <ele>47.0</ele>
    <time>2020-06-21T14:11:36Z</time>
   </trkpt>
   <trkpt lat="51.1265320" lon="-0.5189480">
    <ele>46.8</ele>
    <time>2020-06-21T14:11:37Z</time>
   </trkpt>
   <trkpt lat="51.1264690" lon="-0.5188790">
    <ele>46.7</ele>
    <time>2020-06-21T14:11:38Z</time>
   </trkpt>
   <trkpt lat="51.1263940" lon="-0.5188140">
    <ele>46.7</ele>
    <time>2020-06-21T14:11:39Z</time>
   </trkpt>
   <trkpt lat="51.1263230" lon="-0.5187430">
    <ele>46.7</ele>
    <time>2020-06-21T14:11:40Z</time>
   </trkpt>
   <trkpt lat="51.1262490" lon="-0.5186720">
    <ele>46.8</ele>
    <time>2020-06-21T14:11:41Z</time>
   </trkpt>
   <trkpt lat="51.1261790" lon="-0.5186110">
    <ele>46.9</ele>
    <time>2020-06-21T14:11:42Z</time>
   </trkpt>
   <trkpt lat="51.1261130" lon="-0.5185490">
    <ele>47.0</ele>
    <time>2020-06-21T14:11:43Z</time>
   </trkpt>
   <trkpt lat="51.1260460" lon="-0.5184930">
    <ele>47.1</ele>
    <time>2020-06-21T14:11:44Z</time>
   </trkpt>
   <trkpt lat="51.1259730" lon="-0.5184370">
    <ele>47.2</ele>
    <time>2020-06-21T14:11:45Z</time>
   </trkpt>
   <trkpt lat="51.1259000" lon="-0.5183840">
    <ele>47.3</ele>
    <time>2020-06-21T14:11:46Z</time>
   </trkpt>
   <trkpt lat="51.1258290" lon="-0.5183360">
    <ele>47.3</ele>
    <time>2020-06-21T14:11:47Z</time>
   </trkpt>
   <trkpt lat="51.1257590" lon="-0.5182920">
    <ele>47.4</ele>
    <time>2020-06-21T14:11:48Z</time>
   </trkpt>
   <trkpt lat="51.1256870" lon="-0.5182440">
    <ele>47.4</ele>
    <time>2020-06-21T14:11:49Z</time>
   </trkpt>
   <trkpt lat="51.1256200" lon="-0.5181940">
    <ele>47.5</ele>
    <time>2020-06-21T14:11:50Z</time>
   </trkpt>
   <trkpt lat="51.1255550" lon="-0.5181470">
    <ele>47.6</ele>
    <time>2020-06-21T14:11:51Z</time>
   </trkpt>
   <trkpt lat="51.1254890" lon="-0.5180930">
    <ele>47.6</ele>
    <time>2020-06-21T14:11:52Z</time>
   </trkpt>
   <trkpt lat="51.1254190" lon="-0.5180460">
    <ele>47.7</ele>
    <time>2020-06-21T14:11:53Z</time>
   </trkpt>
   <trkpt lat="51.1253540" lon="-0.5180030">
    <ele>47.8</ele>
    <time>2020-06-21T14:11:54Z</time>
   </trkpt>
   <trkpt lat="51.1252850" lon="-0.5179500">
    <ele>47.9</ele>
    <time>2020-06-21T14:11:55Z</time>
   </trkpt>
   <trkpt lat="51.1252170" lon="-0.5179070">
    <ele>48.0</ele>
    <time>2020-06-21T14:11:56Z</time>
   </trkpt>
   <trkpt lat="51.1251510" lon="-0.5178610">
    <ele>48.2</ele>
    <time>2020-06-21T14:11:57Z</time>
   </trkpt>
   <trkpt lat="51.1250860" lon="-0.5178180">
    <ele>48.3</ele>
    <time>2020-06-21T14:11:58Z</time>
   </trkpt>
   <trkpt lat="51.1250130" lon="-0.5177810">
    <ele>48.4</ele>
    <time>2020-06-21T14:11:59Z</time>
   </trkpt>
   <trkpt lat="51.1249530" lon="-0.5177440">
    <ele>48.5</ele>
    <time>2020-06-21T14:12:00Z</time>
   </trkpt>
   <trkpt lat="51.1248940" lon="-0.5177050">
    <ele>48.6</ele>
    <time>2020-06-21T14:12:01Z</time>
   </trkpt>
   <trkpt lat="51.1248300" lon="-0.5176620">
    <ele>48.6</ele>
    <time>2020-06-21T14:12:02Z</time>
   </trkpt>
   <trkpt lat="51.1247610" lon="-0.5176110">
    <ele>48.7</ele>
    <time>2020-06-21T14:12:03Z</time>
   </trkpt>
   <trkpt lat="51.1246830" lon="-0.5175640">
    <ele>48.8</ele>
    <time>2020-06-21T14:12:04Z</time>
   </trkpt>
   <trkpt lat="51.1246130" lon="-0.5175230">
    <ele>48.8</ele>
    <time>2020-06-21T14:12:05Z</time>
   </trkpt>
   <trkpt lat="51.1245540" lon="-0.5174860">
    <ele>48.8</ele>
    <time>2020-06-21T14:12:06Z</time>
   </trkpt>
   <trkpt lat="51.1244980" lon="-0.5174310">
    <ele>48.8</ele>
    <time>2020-06-21T14:12:07Z</time>
   </trkpt>
   <trkpt lat="51.1244290" lon="-0.5173810">
    <ele>48.8</ele>
    <time>2020-06-21T14:12:08Z</time>
   </trkpt>
   <trkpt lat="51.1243600" lon="-0.5173340">
    <ele>48.8</ele>
    <time>2020-06-21T14:12:09Z</time>
   </trkpt>
   <trkpt lat="51.1243060" lon="-0.5172860">
    <ele>48.9</ele>
    <time>2020-06-21T14:12:10Z</time>
   </trkpt>
   <trkpt lat="51.1242340" lon="-0.5172500">
    <ele>48.9</ele>
    <time>2020-06-21T14:12:11Z</time>
   </trkpt>
   <trkpt lat="51.1241570" lon="-0.5172100">
    <ele>48.9</ele>
    <time>2020-06-21T14:12:12Z</time>
   </trkpt>
   <trkpt lat="51.1241010" lon="-0.5171660">
    <ele>48.9</ele>
    <time>2020-06-21T14:12:13Z</time>
   </trkpt>
   <trkpt lat="51.1240380" lon="-0.5171230">
    <ele>48.8</ele>
    <time>2020-06-21T14:12:14Z</time>
   </trkpt>
   <trkpt lat="51.1239760" lon="-0.5170820">
    <ele>48.8</ele>
    <time>2020-06-21T14:12:15Z</time>
   </trkpt>
   <trkpt lat="51.1239060" lon="-0.5170370">
    <ele>48.8</ele>
    <time>2020-06-21T14:12:16Z</time>
   </trkpt>
   <trkpt lat="51.1238340" lon="-0.5169930">
    <ele>48.7</ele>
    <time>2020-06-21T14:12:17Z</time>
   </trkpt>
   <trkpt lat="51.1237700" lon="-0.5169510">
    <ele>48.7</ele>
    <time>2020-06-21T14:12:18Z</time>
   </trkpt>
   <trkpt lat="51.1237060" lon="-0.5169090">
    <ele>48.7</ele>
    <time>2020-06-21T14:12:19Z</time>
   </trkpt>
   <trkpt lat="51.1236470" lon="-0.5168620">
    <ele>48.7</ele>
    <time>2020-06-21T14:12:20Z</time>
   </trkpt>
   <trkpt lat="51.1235880" lon="-0.5168060">
    <ele>48.7</ele>
    <time>2020-06-21T14:12:21Z</time>
   </trkpt>
   <trkpt lat="51.1235230" lon="-0.5167600">
    <ele>48.7</ele>
    <time>2020-06-21T14:12:22Z</time>
   </trkpt>
   <trkpt lat="51.1234590" lon="-0.5167090">
    <ele>48.7</ele>
    <time>2020-06-21T14:12:23Z</time>
   </trkpt>
   <trkpt lat="51.1233940" lon="-0.5166690">
    <ele>48.7</ele>
    <time>2020-06-21T14:12:24Z</time>
   </trkpt>
   <trkpt lat="51.1233330" lon="-0.5166290">
    <ele>48.7</ele>
    <time>2020-06-21T14:12:25Z</time>
   </trkpt>
   <trkpt lat="51.1232640" lon="-0.5165880">
    <ele>48.7</ele>
    <time>2020-06-21T14:12:26Z</time>
   </trkpt>
   <trkpt lat="51.1231990" lon="-0.5165470">
    <ele>48.7</ele>
    <time>2020-06-21T14:12:27Z</time>
   </trkpt>
   <trkpt lat="51.1231420" lon="-0.5165090">
    <ele>48.7</ele>
    <time>2020-06-21T14:12:28Z</time>
   </trkpt>
   <trkpt lat="51.1230750" lon="-0.5164720">
    <ele>48.7</ele>
    <time>2020-06-21T14:12:29Z</time>
   </trkpt>
   <trkpt lat="51.1230040" lon="-0.5164360">
    <ele>48.7</ele>
    <time>2020-06-21T14:12:30Z</time>
   </trkpt>
   <trkpt lat="51.1229370" lon="-0.5164000">
    <ele>48.8</ele>
    <time>2020-06-21T14:12:31Z</time>
   </trkpt>
   <trkpt lat="51.1228680" lon="-0.5163610">
    <ele>48.8</ele>
    <time>2020-06-21T14:12:32Z</time>
   </trkpt>
   <trkpt lat="51.1228060" lon="-0.5163160">
    <ele>48.8</ele>
    <time>2020-06-21T14:12:33Z</time>
   </trkpt>
   <trkpt lat="51.1227410" lon="-0.5162720">
    <ele>48.9</ele>
    <time>2020-06-21T14:12:34Z</time>
   </trkpt>
   <trkpt lat="51.1226790" lon="-0.5162240">
    <ele>48.9</ele>
    <time>2020-06-21T14:12:35Z</time>
   </trkpt>
   <trkpt lat="51.1226170" lon="-0.5161720">
    <ele>48.9</ele>
    <time>2020-06-21T14:12:36Z</time>
   </trkpt>
   <trkpt lat="51.1225540" lon="-0.5161220">
    <ele>49.0</ele>
    <time>2020-06-21T14:12:37Z</time>
   </trkpt>
   <trkpt lat="51.1224940" lon="-0.5160820">
    <ele>49.0</ele>
    <time>2020-06-21T14:12:38Z</time>
   </trkpt>
   <trkpt lat="51.1224400" lon="-0.5160340">
    <ele>49.1</ele>
    <time>2020-06-21T14:12:39Z</time>
   </trkpt>
   <trkpt lat="51.1223810" lon="-0.5159920">
    <ele>49.1</ele>
    <time>2020-06-21T14:12:40Z</time>
   </trkpt>
   <trkpt lat="51.1223220" lon="-0.5159480">
    <ele>49.2</ele>
    <time>2020-06-21T14:12:41Z</time>
   </trkpt>
   <trkpt lat="51.1222590" lon="-0.5159070">
    <ele>49.2</ele>
    <time>2020-06-21T14:12:42Z</time>
   </trkpt>
   <trkpt lat="51.1222010" lon="-0.5158740">
    <ele>49.2</ele>
    <time>2020-06-21T14:12:43Z</time>
   </trkpt>
   <trkpt lat="51.1221420" lon="-0.5158370">
    <ele>49.3</ele>
    <time>2020-06-21T14:12:44Z</time>
   </trkpt>
   <trkpt lat="51.1220760" lon="-0.5157910">
    <ele>49.3</ele>
    <time>2020-06-21T14:12:45Z</time>
   </trkpt>
   <trkpt lat="51.1220200" lon="-0.5157480">
    <ele>49.3</ele>
    <time>2020-06-21T14:12:46Z</time>
   </trkpt>
   <trkpt lat="51.1219670" lon="-0.5157160">
    <ele>49.4</ele>
    <time>2020-06-21T14:12:47Z</time>
   </trkpt>
   <trkpt lat="51.1219110" lon="-0.5156760">
    <ele>49.4</ele>
    <time>2020-06-21T14:12:48Z</time>
   </trkpt>
   <trkpt lat="51.1218520" lon="-0.5156460">
    <ele>49.5</ele>
    <time>2020-06-21T14:12:49Z</time>
   </trkpt>
   <trkpt lat="51.1217920" lon="-0.5156140">
    <ele>49.5</ele>
    <time>2020-06-21T14:12:50Z</time>
   </trkpt>
   <trkpt lat="51.1217340" lon="-0.5155850">
    <ele>49.5</ele>
    <time>2020-06-21T14:12:51Z</time>
   </trkpt>
   <trkpt lat="51.1216810" lon="-0.5155560">
    <ele>49.5</ele>
    <time>2020-06-21T14:12:52Z</time>
   </trkpt>
   <trkpt lat="51.1216270" lon="-0.5155230">
    <ele>49.5</ele>
    <time>2020-06-21T14:12:53Z</time>
   </trkpt>
   <trkpt lat="51.1215720" lon="-0.5154920">
    <ele>49.5</ele>
    <time>2020-06-21T14:12:54Z</time>
   </trkpt>
   <trkpt lat="51.1215170" lon="-0.5154620">
    <ele>49.5</ele>
    <time>2020-06-21T14:12:55Z</time>
   </trkpt>
   <trkpt lat="51.1214570" lon="-0.5154310">
    <ele>49.6</ele>
    <time>2020-06-21T14:12:56Z</time>
   </trkpt>
   <trkpt lat="51.1213910" lon="-0.5154040">
    <ele>49.6</ele>
    <time>2020-06-21T14:12:57Z</time>
   </trkpt>
   <trkpt lat="51.1213270" lon="-0.5153780">
    <ele>49.6</ele>
    <time>2020-06-21T14:12:58Z</time>
   </trkpt>
   <trkpt lat="51.1212660" lon="-0.5153530">
    <ele>49.7</ele>
    <time>2020-06-21T14:12:59Z</time>
   </trkpt>
   <trkpt lat="51.1212110" lon="-0.5153220">
    <ele>49.8</ele>
    <time>2020-06-21T14:13:00Z</time>
   </trkpt>
   <trkpt lat="51.1211550" lon="-0.5152920">
    <ele>49.9</ele>
    <time>2020-06-21T14:13:01Z</time>
   </trkpt>
   <trkpt lat="51.1210960" lon="-0.5152710">
    <ele>49.8</ele>
    <time>2020-06-21T14:13:02Z</time>
   </trkpt>
   <trkpt lat="51.1210390" lon="-0.5152500">
    <ele>49.7</ele>
    <time>2020-06-21T14:13:03Z</time>
   </trkpt>
   <trkpt lat="51.1209820" lon="-0.5152260">
    <ele>49.6</ele>
    <time>2020-06-21T14:13:04Z</time>
   </trkpt>
   <trkpt lat="51.1209160" lon="-0.5151970">
    <ele>49.5</ele>
    <time>2020-06-21T14:13:05Z</time>
   </trkpt>
   <trkpt lat="51.1208580" lon="-0.5151750">
    <ele>49.4</ele>
    <time>2020-06-21T14:13:06Z</time>
   </trkpt>
   <trkpt lat="51.1207920" lon="-0.5151560">
    <ele>49.3</ele>
    <time>2020-06-21T14:13:07Z</time>
   </trkpt>
   <trkpt lat="51.1207240" lon="-0.5151300">
    <ele>49.3</ele>
    <time>2020-06-21T14:13:08Z</time>
   </trkpt>
   <trkpt lat="51.1206570" lon="-0.5151060">
    <ele>49.2</ele>
    <time>2020-06-21T14:13:09Z</time>
   </trkpt>
   <trkpt lat="51.1205900" lon="-0.5150770">
    <ele>49.2</ele>
    <time>2020-06-21T14:13:10Z</time>
   </trkpt>
   <trkpt lat="51.1205280" lon="-0.5150510">
    <ele>49.1</ele>
    <time>2020-06-21T14:13:11Z</time>
   </trkpt>
   <trkpt lat="51.1204670" lon="-0.5150260">
    <ele>49.0</ele>
    <time>2020-06-21T14:13:12Z</time>
   </trkpt>
   <trkpt lat="51.1203980" lon="-0.5149990">
    <ele>49.0</ele>
    <time>2020-06-21T14:13:13Z</time>
   </trkpt>
   <trkpt lat="51.1203360" lon="-0.5149700">
    <ele>48.9</ele>
    <time>2020-06-21T14:13:14Z</time>
   </trkpt>
   <trkpt lat="51.1202750" lon="-0.5149390">
    <ele>48.9</ele>
    <time>2020-06-21T14:13:15Z</time>
   </trkpt>
   <trkpt lat="51.1202200" lon="-0.5149130">
    <ele>48.8</ele>
    <time>2020-06-21T14:13:16Z</time>
   </trkpt>
   <trkpt lat="51.1201620" lon="-0.5148900">
    <ele>48.8</ele>
    <time>2020-06-21T14:13:17Z</time>
   </trkpt>
   <trkpt lat="51.1200980" lon="-0.5148590">
    <ele>48.7</ele>
    <time>2020-06-21T14:13:18Z</time>
   </trkpt>
   <trkpt lat="51.1200290" lon="-0.5148200">
    <ele>48.6</ele>
    <time>2020-06-21T14:13:19Z</time>
   </trkpt>
   <trkpt lat="51.1199670" lon="-0.5147760">
    <ele>48.6</ele>
    <time>2020-06-21T14:13:20Z</time>
   </trkpt>
   <trkpt lat="51.1199080" lon="-0.5147270">
    <ele>48.6</ele>
    <time>2020-06-21T14:13:21Z</time>
   </trkpt>
   <trkpt lat="51.1198370" lon="-0.5146900">
    <ele>48.5</ele>
    <time>2020-06-21T14:13:22Z</time>
   </trkpt>
   <trkpt lat="51.1197670" lon="-0.5146490">
    <ele>48.4</ele>
    <time>2020-06-21T14:13:23Z</time>
   </trkpt>
   <trkpt lat="51.1196990" lon="-0.5145990">
    <ele>48.4</ele>
    <time>2020-06-21T14:13:24Z</time>
   </trkpt>
   <trkpt lat="51.1196290" lon="-0.5145490">
    <ele>48.3</ele>
    <time>2020-06-21T14:13:25Z</time>
   </trkpt>
   <trkpt lat="51.1195640" lon="-0.5144930">
    <ele>48.3</ele>
    <time>2020-06-21T14:13:26Z</time>
   </trkpt>
   <trkpt lat="51.1195010" lon="-0.5144390">
    <ele>48.3</ele>
    <time>2020-06-21T14:13:27Z</time>
   </trkpt>
   <trkpt lat="51.1194370" lon="-0.5143870">
    <ele>48.1</ele>
    <time>2020-06-21T14:13:28Z</time>
   </trkpt>
   <trkpt lat="51.1193730" lon="-0.5143350">
    <ele>48.0</ele>
    <time>2020-06-21T14:13:29Z</time>
   </trkpt>
   <trkpt lat="51.1193100" lon="-0.5142830">
    <ele>47.8</ele>
    <time>2020-06-21T14:13:30Z</time>
   </trkpt>
   <trkpt lat="51.1192480" lon="-0.5142330">
    <ele>47.7</ele>
    <time>2020-06-21T14:13:31Z</time>
   </trkpt>
   <trkpt lat="51.1191840" lon="-0.5141790">
    <ele>47.6</ele>
    <time>2020-06-21T14:13:32Z</time>
   </trkpt>
   <trkpt lat="51.1191210" lon="-0.5141230">
    <ele>47.5</ele>
    <time>2020-06-21T14:13:33Z</time>
   </trkpt>
   <trkpt lat="51.1190570" lon="-0.5140700">
    <ele>47.4</ele>
    <time>2020-06-21T14:13:34Z</time>
   </trkpt>
   <trkpt lat="51.1189940" lon="-0.5140160">
    <ele>47.4</ele>
    <time>2020-06-21T14:13:35Z</time>
   </trkpt>
   <trkpt lat="51.1189340" lon="-0.5139560">
    <ele>47.3</ele>
    <time>2020-06-21T14:13:36Z</time>
   </trkpt>
   <trkpt lat="51.1188780" lon="-0.5138880">
    <ele>47.2</ele>
    <time>2020-06-21T14:13:37Z</time>
   </trkpt>
   <trkpt lat="51.1188210" lon="-0.5138240">
    <ele>47.2</ele>
    <time>2020-06-21T14:13:38Z</time>
   </trkpt>
   <trkpt lat="51.1187630" lon="-0.5137600">
    <ele>47.2</ele>
    <time>2020-06-21T14:13:39Z</time>
   </trkpt>
   <trkpt lat="51.1187060" lon="-0.5136960">
    <ele>47.1</ele>
    <time>2020-06-21T14:13:40Z</time>
   </trkpt>
   <trkpt lat="51.1186480" lon="-0.5136320">
    <ele>47.1</ele>
    <time>2020-06-21T14:13:41Z</time>
   </trkpt>
   <trkpt lat="51.1185940" lon="-0.5135700">
    <ele>47.1</ele>
    <time>2020-06-21T14:13:42Z</time>
   </trkpt>
   <trkpt lat="51.1185270" lon="-0.5135140">
    <ele>47.1</ele>
    <time>2020-06-21T14:13:43Z</time>
   </trkpt>
   <trkpt lat="51.1184670" lon="-0.5134510">
    <ele>47.1</ele>
    <time>2020-06-21T14:13:44Z</time>
   </trkpt>
   <trkpt lat="51.1184080" lon="-0.5133930">
    <ele>47.2</ele>
    <time>2020-06-21T14:13:45Z</time>
   </trkpt>
   <trkpt lat="51.1183480" lon="-0.5133370">
    <ele>47.2</ele>
    <time>2020-06-21T14:13:46Z</time>
   </trkpt>
   <trkpt lat="51.1182870" lon="-0.5132790">
    <ele>47.2</ele>
    <time>2020-06-21T14:13:47Z</time>
   </trkpt>
   <trkpt lat="51.1182310" lon="-0.5132210">
    <ele>47.3</ele>
    <time>2020-06-21T14:13:48Z</time>
   </trkpt>
   <trkpt lat="51.1181750" lon="-0.5131600">
    <ele>47.3</ele>
    <time>2020-06-21T14:13:49Z</time>
   </trkpt>
   <trkpt lat="51.1181220" lon="-0.5131010">
    <ele>47.3</ele>
    <time>2020-06-21T14:13:50Z</time>
   </trkpt>
   <trkpt lat="51.1180670" lon="-0.5130440">
    <ele>47.3</ele>
    <time>2020-06-21T14:13:51Z</time>
   </trkpt>
   <trkpt lat="51.1180120" lon="-0.5129880">
    <ele>47.3</ele>
    <time>2020-06-21T14:13:52Z</time>
   </trkpt>
   <trkpt lat="51.1179530" lon="-0.5129380">
    <ele>47.3</ele>
    <time>2020-06-21T14:13:53Z</time>
   </trkpt>
   <trkpt lat="51.1179000" lon="-0.5128880">
    <ele>47.4</ele>
    <time>2020-06-21T14:13:54Z</time>
   </trkpt>
   <trkpt lat="51.1178480" lon="-0.5128380">
    <ele>47.4</ele>
    <time>2020-06-21T14:13:55Z</time>
   </trkpt>
   <trkpt lat="51.1177920" lon="-0.5127870">
    <ele>47.4</ele>
    <time>2020-06-21T14:13:56Z</time>
   </trkpt>
   <trkpt lat="51.1177340" lon="-0.5127360">
    <ele>47.4</ele>
    <time>2020-06-21T14:13:57Z</time>
   </trkpt>
   <trkpt lat="51.1176800" lon="-0.5126860">
    <ele>47.4</ele>
    <time>2020-06-21T14:13:58Z</time>
   </trkpt>
   <trkpt lat="51.1176280" lon="-0.5126330">
    <ele>47.5</ele>
    <time>2020-06-21T14:13:59Z</time>
   </trkpt>
   <trkpt lat="51.1175710" lon="-0.5125920">
    <ele>47.5</ele>
    <time>2020-06-21T14:14:00Z</time>
   </trkpt>
   <trkpt lat="51.1175090" lon="-0.5125510">
    <ele>47.6</ele>
    <time>2020-06-21T14:14:01Z</time>
   </trkpt>
   <trkpt lat="51.1174480" lon="-0.5125100">
    <ele>47.7</ele>
    <time>2020-06-21T14:14:02Z</time>
   </trkpt>
   <trkpt lat="51.1173880" lon="-0.5124680">
    <ele>47.7</ele>
    <time>2020-06-21T14:14:03Z</time>
   </trkpt>
   <trkpt lat="51.1173280" lon="-0.5124310">
    <ele>47.7</ele>
    <time>2020-06-21T14:14:04Z</time>
   </trkpt>
   <trkpt lat="51.1172830" lon="-0.5123920">
    <ele>47.8</ele>
    <time>2020-06-21T14:14:05Z</time>
   </trkpt>
   <trkpt lat="51.1172380" lon="-0.5123590">
    <ele>47.8</ele>
    <time>2020-06-21T14:14:06Z</time>
   </trkpt>
   <trkpt lat="51.1171710" lon="-0.5123320">
    <ele>47.8</ele>
    <time>2020-06-21T14:14:07Z</time>
   </trkpt>
   <trkpt lat="51.1171090" lon="-0.5123030">
    <ele>47.8</ele>
    <time>2020-06-21T14:14:08Z</time>
   </trkpt>
   <trkpt lat="51.1170600" lon="-0.5122680">
    <ele>47.8</ele>
    <time>2020-06-21T14:14:09Z</time>
   </trkpt>
   <trkpt lat="51.1170060" lon="-0.5122270">
    <ele>47.9</ele>
    <time>2020-06-21T14:14:10Z</time>
   </trkpt>
   <trkpt lat="51.1169430" lon="-0.5121970">
    <ele>48.0</ele>
    <time>2020-06-21T14:14:11Z</time>
   </trkpt>
   <trkpt lat="51.1168810" lon="-0.5121580">
    <ele>48.0</ele>
    <time>2020-06-21T14:14:12Z</time>
   </trkpt>
   <trkpt lat="51.1168090" lon="-0.5121190">
    <ele>48.0</ele>
    <time>2020-06-21T14:14:13Z</time>
   </trkpt>
   <trkpt lat="51.1167340" lon="-0.5120830">
    <ele>48.1</ele>
    <time>2020-06-21T14:14:14Z</time>
   </trkpt>
   <trkpt lat="51.1166730" lon="-0.5120610">
    <ele>48.1</ele>
    <time>2020-06-21T14:14:15Z</time>
   </trkpt>
   <trkpt lat="51.1166050" lon="-0.5120450">
    <ele>48.1</ele>
    <time>2020-06-21T14:14:16Z</time>
   </trkpt>
   <trkpt lat="51.1165460" lon="-0.5120160">
    <ele>48.2</ele>
    <time>2020-06-21T14:14:17Z</time>
   </trkpt>
   <trkpt lat="51.1164970" lon="-0.5119990">
    <ele>48.2</ele>
    <time>2020-06-21T14:14:18Z</time>
   </trkpt>
   <trkpt lat="51.1164340" lon="-0.5119810">
    <ele>48.2</ele>
    <time>2020-06-21T14:14:19Z</time>
   </trkpt>
   <trkpt lat="51.1163770" lon="-0.5119660">
    <ele>48.3</ele>
    <time>2020-06-21T14:14:20Z</time>
   </trkpt>
   <trkpt lat="51.1163140" lon="-0.5119540">
    <ele>48.3</ele>
    <time>2020-06-21T14:14:21Z</time>
   </trkpt>
   <trkpt lat="51.1162470" lon="-0.5119320">
    <ele>48.3</ele>
    <time>2020-06-21T14:14:22Z</time>
   </trkpt>
   <trkpt lat="51.1161780" lon="-0.5119100">
    <ele>48.3</ele>
    <time>2020-06-21T14:14:23Z</time>
   </trkpt>
   <trkpt lat="51.1161150" lon="-0.5118960">
    <ele>48.3</ele>
    <time>2020-06-21T14:14:24Z</time>
   </trkpt>
   <trkpt lat="51.1160580" lon="-0.5118850">
    <ele>48.3</ele>
    <time>2020-06-21T14:14:25Z</time>
   </trkpt>
   <trkpt lat="51.1159910" lon="-0.5118730">
    <ele>48.4</ele>
    <time>2020-06-21T14:14:26Z</time>
   </trkpt>
   <trkpt lat="51.1159190" lon="-0.5118490">
    <ele>48.5</ele>
    <time>2020-06-21T14:14:27Z</time>
   </trkpt>
   <trkpt lat="51.1158480" lon="-0.5118260">
    <ele>48.6</ele>
    <time>2020-06-21T14:14:28Z</time>
   </trkpt>
   <trkpt lat="51.1157920" lon="-0.5118090">
    <ele>48.7</ele>
    <time>2020-06-21T14:14:29Z</time>
   </trkpt>
   <trkpt lat="51.1157360" lon="-0.5117860">
    <ele>48.7</ele>
    <time>2020-06-21T14:14:30Z</time>
   </trkpt>
   <trkpt lat="51.1156760" lon="-0.5117610">
    <ele>48.7</ele>
    <time>2020-06-21T14:14:31Z</time>
   </trkpt>
   <trkpt lat="51.1156110" lon="-0.5117370">
    <ele>48.7</ele>
    <time>2020-06-21T14:14:32Z</time>
   </trkpt>
   <trkpt lat="51.1155530" lon="-0.5117140">
    <ele>48.8</ele>
    <time>2020-06-21T14:14:33Z</time>
   </trkpt>
   <trkpt lat="51.1154930" lon="-0.5116940">
    <ele>48.9</ele>
    <time>2020-06-21T14:14:34Z</time>
   </trkpt>
   <trkpt lat="51.1154350" lon="-0.5116690">
    <ele>48.9</ele>
    <time>2020-06-21T14:14:35Z</time>
   </trkpt>
   <trkpt lat="51.1153760" lon="-0.5116430">
    <ele>49.0</ele>
    <time>2020-06-21T14:14:36Z</time>
   </trkpt>
   <trkpt lat="51.1153100" lon="-0.5116310">
    <ele>49.1</ele>
    <time>2020-06-21T14:14:37Z</time>
   </trkpt>
   <trkpt lat="51.1152490" lon="-0.5116150">
    <ele>49.1</ele>
    <time>2020-06-21T14:14:38Z</time>
   </trkpt>
   <trkpt lat="51.1151930" lon="-0.5115940">
    <ele>49.2</ele>
    <time>2020-06-21T14:14:39Z</time>
   </trkpt>
   <trkpt lat="51.1151400" lon="-0.5115740">
    <ele>49.2</ele>
    <time>2020-06-21T14:14:40Z</time>
   </trkpt>
   <trkpt lat="51.1150830" lon="-0.5115540">
    <ele>49.3</ele>
    <time>2020-06-21T14:14:41Z</time>
   </trkpt>
   <trkpt lat="51.1150220" lon="-0.5115400">
    <ele>49.4</ele>
    <time>2020-06-21T14:14:42Z</time>
   </trkpt>
   <trkpt lat="51.1149670" lon="-0.5115250">
    <ele>49.4</ele>
    <time>2020-06-21T14:14:43Z</time>
   </trkpt>
   <trkpt lat="51.1149110" lon="-0.5115110">
    <ele>49.5</ele>
    <time>2020-06-21T14:14:44Z</time>
   </trkpt>
   <trkpt lat="51.1148450" lon="-0.5114990">
    <ele>49.6</ele>
    <time>2020-06-21T14:14:45Z</time>
   </trkpt>
   <trkpt lat="51.1147840" lon="-0.5114880">
    <ele>49.7</ele>
    <time>2020-06-21T14:14:46Z</time>
   </trkpt>
   <trkpt lat="51.1147290" lon="-0.5114690">
    <ele>49.8</ele>
    <time>2020-06-21T14:14:47Z</time>
   </trkpt>
   <trkpt lat="51.1146760" lon="-0.5114540">
    <ele>49.9</ele>
    <time>2020-06-21T14:14:48Z</time>
   </trkpt>
   <trkpt lat="51.1146200" lon="-0.5114470">
    <ele>50.1</ele>
    <time>2020-06-21T14:14:49Z</time>
   </trkpt>
   <trkpt lat="51.1145610" lon="-0.5114450">
    <ele>49.9</ele>
    <time>2020-06-21T14:14:50Z</time>
   </trkpt>
   <trkpt lat="51.1145040" lon="-0.5114420">
    <ele>49.8</ele>
    <time>2020-06-21T14:14:51Z</time>
   </trkpt>
   <trkpt lat="51.1144540" lon="-0.5114390">
    <ele>49.6</ele>
    <time>2020-06-21T14:14:52Z</time>
   </trkpt>
   <trkpt lat="51.1143980" lon="-0.5114270">
    <ele>49.5</ele>
    <time>2020-06-21T14:14:53Z</time>
   </trkpt>
   <trkpt lat="51.1143390" lon="-0.5114280">
    <ele>49.4</ele>
    <time>2020-06-21T14:14:54Z</time>
   </trkpt>
   <trkpt lat="51.1142780" lon="-0.5114310">
    <ele>49.3</ele>
    <time>2020-06-21T14:14:55Z</time>
   </trkpt>
   <trkpt lat="51.1142160" lon="-0.5114360">
    <ele>49.1</ele>
    <time>2020-06-21T14:14:56Z</time>
   </trkpt>
   <trkpt lat="51.1141570" lon="-0.5114350">
    <ele>49.1</ele>
    <time>2020-06-21T14:14:57Z</time>
   </trkpt>
   <trkpt lat="51.1141130" lon="-0.5114250">
    <ele>49.0</ele>
    <time>2020-06-21T14:14:58Z</time>
   </trkpt>
   <trkpt lat="51.1140610" lon="-0.5114050">
    <ele>48.9</ele>
    <time>2020-06-21T14:14:59Z</time>
   </trkpt>
   <trkpt lat="51.1140300" lon="-0.5114020">
    <ele>48.9</ele>
    <time>2020-06-21T14:15:00Z</time>
   </trkpt>
   <trkpt lat="51.1139650" lon="-0.5114080">
    <ele>48.9</ele>
    <time>2020-06-21T14:15:01Z</time>
   </trkpt>
   <trkpt lat="51.1138900" lon="-0.5114200">
    <ele>48.8</ele>
    <time>2020-06-21T14:15:02Z</time>
   </trkpt>
   <trkpt lat="51.1138220" lon="-0.5114270">
    <ele>48.8</ele>
    <time>2020-06-21T14:15:03Z</time>
   </trkpt>
   <trkpt lat="51.1137640" lon="-0.5114320">
    <ele>48.8</ele>
    <time>2020-06-21T14:15:04Z</time>
   </trkpt>
   <trkpt lat="51.1137010" lon="-0.5114450">
    <ele>48.7</ele>
    <time>2020-06-21T14:15:05Z</time>
   </trkpt>
   <trkpt lat="51.1136670" lon="-0.5114530">
    <ele>48.7</ele>
    <time>2020-06-21T14:15:06Z</time>
   </trkpt>
   <trkpt lat="51.1136080" lon="-0.5114670">
    <ele>48.6</ele>
    <time>2020-06-21T14:15:07Z</time>
   </trkpt>
   <trkpt lat="51.1135520" lon="-0.5114840">
    <ele>48.6</ele>
    <time>2020-06-21T14:15:08Z</time>
   </trkpt>
   <trkpt lat="51.1134930" lon="-0.5114950">
    <ele>48.6</ele>
    <time>2020-06-21T14:15:09Z</time>
   </trkpt>
   <trkpt lat="51.1134150" lon="-0.5115180">
    <ele>48.6</ele>
    <time>2020-06-21T14:15:10Z</time>
   </trkpt>
   <trkpt lat="51.1133510" lon="-0.5115410">
    <ele>48.6</ele>
    <time>2020-06-21T14:15:11Z</time>
   </trkpt>
   <trkpt lat="51.1132860" lon="-0.5115640">
    <ele>48.6</ele>
    <time>2020-06-21T14:15:12Z</time>
   </trkpt>
   <trkpt lat="51.1132230" lon="-0.5115820">
    <ele>48.7</ele>
    <time>2020-06-21T14:15:13Z</time>
   </trkpt>
   <trkpt lat="51.1131540" lon="-0.5115970">
    <ele>48.7</ele>
    <time>2020-06-21T14:15:14Z</time>
   </trkpt>
   <trkpt lat="51.1130950" lon="-0.5116140">
    <ele>48.7</ele>
    <time>2020-06-21T14:15:15Z</time>
   </trkpt>
   <trkpt lat="51.1130330" lon="-0.5116390">
    <ele>48.8</ele>
    <time>2020-06-21T14:15:16Z</time>
   </trkpt>
   <trkpt lat="51.1129680" lon="-0.5116590">
    <ele>48.8</ele>
    <time>2020-06-21T14:15:17Z</time>
   </trkpt>
   <trkpt lat="51.1129050" lon="-0.5116810">
    <ele>48.8</ele>
    <time>2020-06-21T14:15:18Z</time>
   </trkpt>
   <trkpt lat="51.1128510" lon="-0.5117080">
    <ele>48.9</ele>
    <time>2020-06-21T14:15:19Z</time>
   </trkpt>
   <trkpt lat="51.1128050" lon="-0.5117360">
    <ele>48.9</ele>
    <time>2020-06-21T14:15:20Z</time>
   </trkpt>
   <trkpt lat="51.1127540" lon="-0.5117680">
    <ele>48.9</ele>
    <time>2020-06-21T14:15:21Z</time>
   </trkpt>
   <trkpt lat="51.1126980" lon="-0.5118040">
    <ele>49.0</ele>
    <time>2020-06-21T14:15:22Z</time>
   </trkpt>
   <trkpt lat="51.1126450" lon="-0.5118390">
    <ele>49.0</ele>
    <time>2020-06-21T14:15:23Z</time>
   </trkpt>
   <trkpt lat="51.1125900" lon="-0.5118750">
    <ele>49.0</ele>
    <time>2020-06-21T14:15:24Z</time>
   </trkpt>
   <trkpt lat="51.1125350" lon="-0.5119120">
    <ele>49.1</ele>
    <time>2020-06-21T14:15:25Z</time>
   </trkpt>
   <trkpt lat="51.1124790" lon="-0.5119500">
    <ele>49.1</ele>
    <time>2020-06-21T14:15:26Z</time>
   </trkpt>
   <trkpt lat="51.1124190" lon="-0.5119910">
    <ele>49.2</ele>
    <time>2020-06-21T14:15:27Z</time>
   </trkpt>
   <trkpt lat="51.1123640" lon="-0.5120340">
    <ele>49.2</ele>
    <time>2020-06-21T14:15:28Z</time>
   </trkpt>
   <trkpt lat="51.1123110" lon="-0.5120790">
    <ele>49.2</ele>
    <time>2020-06-21T14:15:29Z</time>
   </trkpt>
   <trkpt lat="51.1122570" lon="-0.5121240">
    <ele>49.3</ele>
    <time>2020-06-21T14:15:30Z</time>
   </trkpt>
   <trkpt lat="51.1122070" lon="-0.5121560">
    <ele>49.3</ele>
    <time>2020-06-21T14:15:31Z</time>
   </trkpt>
   <trkpt lat="51.1121630" lon="-0.5122030">
    <ele>49.3</ele>
    <time>2020-06-21T14:15:32Z</time>
   </trkpt>
   <trkpt lat="51.1121100" lon="-0.5122480">
    <ele>49.4</ele>
    <time>2020-06-21T14:15:33Z</time>
   </trkpt>
   <trkpt lat="51.1120520" lon="-0.5122820">
    <ele>49.4</ele>
    <time>2020-06-21T14:15:34Z</time>
   </trkpt>
   <trkpt lat="51.1119930" lon="-0.5123360">
    <ele>49.5</ele>
    <time>2020-06-21T14:15:35Z</time>
   </trkpt>
   <trkpt lat="51.1119350" lon="-0.5123820">
    <ele>49.6</ele>
    <time>2020-06-21T14:15:36Z</time>
   </trkpt>
   <trkpt lat="51.1118750" lon="-0.5124210">
    <ele>49.7</ele>
    <time>2020-06-21T14:15:37Z</time>
   </trkpt>
   <trkpt lat="51.1118190" lon="-0.5124620">
    <ele>49.8</ele>
    <time>2020-06-21T14:15:38Z</time>
   </trkpt>
   <trkpt lat="51.1117650" lon="-0.5124990">
    <ele>49.9</ele>
    <time>2020-06-21T14:15:39Z</time>
   </trkpt>
   <trkpt lat="51.1117120" lon="-0.5125390">
    <ele>50.0</ele>
    <time>2020-06-21T14:15:40Z</time>
   </trkpt>
   <trkpt lat="51.1116590" lon="-0.5125730">
    <ele>50.2</ele>
    <time>2020-06-21T14:15:41Z</time>
   </trkpt>
   <trkpt lat="51.1116090" lon="-0.5126080">
    <ele>50.3</ele>
    <time>2020-06-21T14:15:42Z</time>
   </trkpt>
   <trkpt lat="51.1115580" lon="-0.5126460">
    <ele>50.5</ele>
    <time>2020-06-21T14:15:43Z</time>
   </trkpt>
   <trkpt lat="51.1115100" lon="-0.5126890">
    <ele>50.6</ele>
    <time>2020-06-21T14:15:44Z</time>
   </trkpt>
   <trkpt lat="51.1114510" lon="-0.5127290">
    <ele>50.8</ele>
    <time>2020-06-21T14:15:45Z</time>
   </trkpt>
   <trkpt lat="51.1113940" lon="-0.5127700">
    <ele>50.9</ele>
    <time>2020-06-21T14:15:46Z</time>
   </trkpt>
   <trkpt lat="51.1113420" lon="-0.5128080">
    <ele>51.1</ele>
    <time>2020-06-21T14:15:47Z</time>
   </trkpt>
   <trkpt lat="51.1112910" lon="-0.5128490">
    <ele>51.3</ele>
    <time>2020-06-21T14:15:48Z</time>
   </trkpt>
   <trkpt lat="51.1112420" lon="-0.5128850">
    <ele>51.5</ele>
    <time>2020-06-21T14:15:49Z</time>
   </trkpt>
   <trkpt lat="51.1111910" lon="-0.5129220">
    <ele>51.7</ele>
    <time>2020-06-21T14:15:50Z</time>
   </trkpt>
   <trkpt lat="51.1111370" lon="-0.5129610">
    <ele>51.9</ele>
    <time>2020-06-21T14:15:51Z</time>
   </trkpt>
   <trkpt lat="51.1110860" lon="-0.5130040">
    <ele>52.2</ele>
    <time>2020-06-21T14:15:52Z</time>
   </trkpt>
   <trkpt lat="51.1110360" lon="-0.5130410">
    <ele>52.4</ele>
    <time>2020-06-21T14:15:53Z</time>
   </trkpt>
   <trkpt lat="51.1109790" lon="-0.5130750">
    <ele>52.9</ele>
    <time>2020-06-21T14:15:54Z</time>
   </trkpt>
   <trkpt lat="51.1109290" lon="-0.5131100">
    <ele>53.1</ele>
    <time>2020-06-21T14:15:55Z</time>
   </trkpt>
   <trkpt lat="51.1108790" lon="-0.5131520">
    <ele>53.3</ele>
    <time>2020-06-21T14:15:56Z</time>
   </trkpt>
   <trkpt lat="51.1108400" lon="-0.5131940">
    <ele>53.4</ele>
    <time>2020-06-21T14:15:57Z</time>
   </trkpt>
   <trkpt lat="51.1108010" lon="-0.5132350">
    <ele>53.5</ele>
    <time>2020-06-21T14:15:58Z</time>
   </trkpt>
   <trkpt lat="51.1107560" lon="-0.5132640">
    <ele>53.6</ele>
    <time>2020-06-21T14:15:59Z</time>
   </trkpt>
   <trkpt lat="51.1107080" lon="-0.5132960">
    <ele>53.6</ele>
    <time>2020-06-21T14:16:00Z</time>
   </trkpt>
   <trkpt lat="51.1106630" lon="-0.5133380">
    <ele>53.7</ele>
    <time>2020-06-21T14:16:01Z</time>
   </trkpt>
   <trkpt lat="51.1106170" lon="-0.5133750">
    <ele>53.8</ele>
    <time>2020-06-21T14:16:02Z</time>
   </trkpt>
   <trkpt lat="51.1105760" lon="-0.5134170">
    <ele>53.9</ele>
    <time>2020-06-21T14:16:03Z</time>
   </trkpt>
   <trkpt lat="51.1105310" lon="-0.5134520">
    <ele>53.9</ele>
    <time>2020-06-21T14:16:04Z</time>
   </trkpt>
   <trkpt lat="51.1104900" lon="-0.5134940">
    <ele>54.0</ele>
    <time>2020-06-21T14:16:05Z</time>
   </trkpt>
   <trkpt lat="51.1104410" lon="-0.5135310">
    <ele>54.0</ele>
    <time>2020-06-21T14:16:06Z</time>
   </trkpt>
   <trkpt lat="51.1103920" lon="-0.5135680">
    <ele>54.1</ele>
    <time>2020-06-21T14:16:07Z</time>
   </trkpt>
   <trkpt lat="51.1103460" lon="-0.5136040">
    <ele>54.2</ele>
    <time>2020-06-21T14:16:08Z</time>
   </trkpt>
   <trkpt lat="51.1103060" lon="-0.5136420">
    <ele>54.3</ele>
    <time>2020-06-21T14:16:09Z</time>
   </trkpt>
   <trkpt lat="51.1102530" lon="-0.5136760">
    <ele>54.4</ele>
    <time>2020-06-21T14:16:10Z</time>
   </trkpt>
   <trkpt lat="51.1102040" lon="-0.5137160">
    <ele>54.5</ele>
    <time>2020-06-21T14:16:11Z</time>
   </trkpt>
   <trkpt lat="51.1101590" lon="-0.5137530">
    <ele>54.5</ele>
    <time>2020-06-21T14:16:12Z</time>
   </trkpt>
   <trkpt lat="51.1101210" lon="-0.5137950">
    <ele>54.5</ele>
    <time>2020-06-21T14:16:13Z</time>
   </trkpt>
   <trkpt lat="51.1100730" lon="-0.5138430">
    <ele>54.6</ele>
    <time>2020-06-21T14:16:14Z</time>
   </trkpt>
   <trkpt lat="51.1100260" lon="-0.5138850">
    <ele>54.6</ele>
    <time>2020-06-21T14:16:15Z</time>
   </trkpt>
   <trkpt lat="51.1099780" lon="-0.5139250">
    <ele>54.6</ele>
    <time>2020-06-21T14:16:16Z</time>
   </trkpt>
   <trkpt lat="51.1099350" lon="-0.5139610">
    <ele>54.6</ele>
    <time>2020-06-21T14:16:17Z</time>
   </trkpt>
   <trkpt lat="51.1098890" lon="-0.5139990">
    <ele>54.6</ele>
    <time>2020-06-21T14:16:18Z</time>
   </trkpt>
   <trkpt lat="51.1098380" lon="-0.5140350">
    <ele>54.6</ele>
    <time>2020-06-21T14:16:19Z</time>
   </trkpt>
   <trkpt lat="51.1097840" lon="-0.5140720">
    <ele>54.6</ele>
    <time>2020-06-21T14:16:20Z</time>
   </trkpt>
   <trkpt lat="51.1097350" lon="-0.5141130">
    <ele>54.6</ele>
    <time>2020-06-21T14:16:21Z</time>
   </trkpt>
   <trkpt lat="51.1096820" lon="-0.5141610">
    <ele>54.6</ele>
    <time>2020-06-21T14:16:22Z</time>
   </trkpt>
   <trkpt lat="51.1096270" lon="-0.5142050">
    <ele>54.6</ele>
    <time>2020-06-21T14:16:23Z</time>
   </trkpt>
   <trkpt lat="51.1095770" lon="-0.5142370">
    <ele>54.6</ele>
    <time>2020-06-21T14:16:24Z</time>
   </trkpt>
   <trkpt lat="51.1095190" lon="-0.5142720">
    <ele>54.6</ele>
    <time>2020-06-21T14:16:25Z</time>
   </trkpt>
   <trkpt lat="51.1094630" lon="-0.5143120">
    <ele>54.6</ele>
    <time>2020-06-21T14:16:26Z</time>
   </trkpt>
   <trkpt lat="51.1094070" lon="-0.5143520">
    <ele>54.6</ele>
    <time>2020-06-21T14:16:27Z</time>
   </trkpt>
   <trkpt lat="51.1093510" lon="-0.5143860">
    <ele>54.6</ele>
    <time>2020-06-21T14:16:28Z</time>
   </trkpt>
   <trkpt lat="51.1092930" lon="-0.5144270">
    <ele>54.6</ele>
    <time>2020-06-21T14:16:29Z</time>
   </trkpt>
   <trkpt lat="51.1092350" lon="-0.5144590">
    <ele>54.6</ele>
    <time>2020-06-21T14:16:30Z</time>
   </trkpt>
   <trkpt lat="51.1091860" lon="-0.5144920">
    <ele>54.6</ele>
    <time>2020-06-21T14:16:31Z</time>
   </trkpt>
   <trkpt lat="51.1091380" lon="-0.5145230">
    <ele>54.7</ele>
    <time>2020-06-21T14:16:32Z</time>
   </trkpt>
   <trkpt lat="51.1090930" lon="-0.5145580">
    <ele>54.7</ele>
    <time>2020-06-21T14:16:33Z</time>
   </trkpt>
   <trkpt lat="51.1090350" lon="-0.5145950">
    <ele>54.7</ele>
    <time>2020-06-21T14:16:34Z</time>
   </trkpt>
   <trkpt lat="51.1089780" lon="-0.5146280">
    <ele>54.8</ele>
    <time>2020-06-21T14:16:35Z</time>
   </trkpt>
   <trkpt lat="51.1089190" lon="-0.5146480">
    <ele>54.9</ele>
    <time>2020-06-21T14:16:36Z</time>
   </trkpt>
   <trkpt lat="51.1088570" lon="-0.5146780">
    <ele>55.0</ele>
    <time>2020-06-21T14:16:37Z</time>
   </trkpt>
   <trkpt lat="51.1088000" lon="-0.5147190">
    <ele>55.1</ele>
    <time>2020-06-21T14:16:38Z</time>
   </trkpt>
   <trkpt lat="51.1087490" lon="-0.5147490">
    <ele>55.2</ele>
    <time>2020-06-21T14:16:39Z</time>
   </trkpt>
   <trkpt lat="51.1087090" lon="-0.5147880">
    <ele>55.3</ele>
    <time>2020-06-21T14:16:40Z</time>
   </trkpt>
   <trkpt lat="51.1086770" lon="-0.5148220">
    <ele>55.3</ele>
    <time>2020-06-21T14:16:41Z</time>
   </trkpt>
   <trkpt lat="51.1086380" lon="-0.5148500">
    <ele>55.3</ele>
    <time>2020-06-21T14:16:42Z</time>
   </trkpt>
   <trkpt lat="51.1085830" lon="-0.5148640">
    <ele>55.2</ele>
    <time>2020-06-21T14:16:43Z</time>
   </trkpt>
   <trkpt lat="51.1085270" lon="-0.5148830">
    <ele>55.2</ele>
    <time>2020-06-21T14:16:44Z</time>
   </trkpt>
   <trkpt lat="51.1084800" lon="-0.5149210">
    <ele>55.2</ele>
    <time>2020-06-21T14:16:45Z</time>
   </trkpt>
   <trkpt lat="51.1084300" lon="-0.5149470">
    <ele>55.1</ele>
    <time>2020-06-21T14:16:46Z</time>
   </trkpt>
   <trkpt lat="51.1083740" lon="-0.5149670">
    <ele>55.1</ele>
    <time>2020-06-21T14:16:47Z</time>
   </trkpt>
   <trkpt lat="51.1083130" lon="-0.5149820">
    <ele>55.0</ele>
    <time>2020-06-21T14:16:48Z</time>
   </trkpt>
   <trkpt lat="51.1082540" lon="-0.5149870">
    <ele>55.0</ele>
    <time>2020-06-21T14:16:49Z</time>
   </trkpt>
   <trkpt lat="51.1082000" lon="-0.5149880">
    <ele>54.8</ele>
    <time>2020-06-21T14:16:50Z</time>
   </trkpt>
   <trkpt lat="51.1081460" lon="-0.5149790">
    <ele>54.6</ele>
    <time>2020-06-21T14:16:51Z</time>
   </trkpt>
   <trkpt lat="51.1080850" lon="-0.5149620">
    <ele>54.4</ele>
    <time>2020-06-21T14:16:52Z</time>
   </trkpt>
   <trkpt lat="51.1080220" lon="-0.5149270">
    <ele>54.3</ele>
    <time>2020-06-21T14:16:53Z</time>
   </trkpt>
   <trkpt lat="51.1079660" lon="-0.5148840">
    <ele>54.1</ele>
    <time>2020-06-21T14:16:54Z</time>
   </trkpt>
   <trkpt lat="51.1079220" lon="-0.5148290">
    <ele>54.1</ele>
    <time>2020-06-21T14:16:55Z</time>
   </trkpt>
   <trkpt lat="51.1078770" lon="-0.5147740">
    <ele>54.0</ele>
    <time>2020-06-21T14:16:56Z</time>
   </trkpt>
   <trkpt lat="51.1078250" lon="-0.5147380">
    <ele>54.0</ele>
    <time>2020-06-21T14:16:57Z</time>
   </trkpt>
   <trkpt lat="51.1077780" lon="-0.5147430">
    <ele>53.9</ele>
    <time>2020-06-21T14:16:58Z</time>
   </trkpt>
   <trkpt lat="51.1077380" lon="-0.5147890">
    <ele>54.0</ele>
    <time>2020-06-21T14:16:59Z</time>
   </trkpt>
   <trkpt lat="51.1077060" lon="-0.5148600">
    <ele>54.0</ele>
    <time>2020-06-21T14:17:00Z</time>
   </trkpt>
   <trkpt lat="51.1076890" lon="-0.5149310">
    <ele>54.0</ele>
    <time>2020-06-21T14:17:01Z</time>
   </trkpt>
   <trkpt lat="51.1076920" lon="-0.5149820">
    <ele>54.0</ele>
    <time>2020-06-21T14:17:02Z</time>
   </trkpt>
   <trkpt lat="51.1077070" lon="-0.5150540">
    <ele>54.0</ele>
    <time>2020-06-21T14:17:03Z</time>
   </trkpt>
   <trkpt lat="51.1077350" lon="-0.5151120">
    <ele>54.1</ele>
    <time>2020-06-21T14:17:04Z</time>
   </trkpt>
   <trkpt lat="51.1077910" lon="-0.5151270">
    <ele>54.2</ele>
    <time>2020-06-21T14:17:05Z</time>
   </trkpt>
   <trkpt lat="51.1078390" lon="-0.5151470">
    <ele>54.2</ele>
    <time>2020-06-21T14:17:06Z</time>
   </trkpt>
   <trkpt lat="51.1078810" lon="-0.5151810">
    <ele>54.3</ele>
    <time>2020-06-21T14:17:07Z</time>
   </trkpt>
   <trkpt lat="51.1079290" lon="-0.5152110">
    <ele>54.4</ele>
    <time>2020-06-21T14:17:08Z</time>
   </trkpt>
   <trkpt lat="51.1079750" lon="-0.5152420">
    <ele>54.5</ele>
    <time>2020-06-21T14:17:09Z</time>
   </trkpt>
   <trkpt lat="51.1080210" lon="-0.5152790">
    <ele>54.5</ele>
    <time>2020-06-21T14:17:10Z</time>
   </trkpt>
   <trkpt lat="51.1080630" lon="-0.5153220">
    <ele>54.6</ele>
    <time>2020-06-21T14:17:11Z</time>
   </trkpt>
   <trkpt lat="51.1081020" lon="-0.5153710">
    <ele>54.7</ele>
    <time>2020-06-21T14:17:12Z</time>
   </trkpt>
   <trkpt lat="51.1081400" lon="-0.5154240">
    <ele>54.7</ele>
    <time>2020-06-21T14:17:13Z</time>
   </trkpt>
   <trkpt lat="51.1081750" lon="-0.5154740">
    <ele>54.8</ele>
    <time>2020-06-21T14:17:14Z</time>
   </trkpt>
   <trkpt lat="51.1082090" lon="-0.5155220">
    <ele>54.8</ele>
    <time>2020-06-21T14:17:15Z</time>
   </trkpt>
   <trkpt lat="51.1082380" lon="-0.5155770">
    <ele>54.8</ele>
    <time>2020-06-21T14:17:16Z</time>
   </trkpt>
   <trkpt lat="51.1082710" lon="-0.5156350">
    <ele>54.8</ele>
    <time>2020-06-21T14:17:17Z</time>
   </trkpt>
   <trkpt lat="51.1083050" lon="-0.5156910">
    <ele>54.9</ele>
    <time>2020-06-21T14:17:18Z</time>
   </trkpt>
   <trkpt lat="51.1083380" lon="-0.5157570">
    <ele>54.9</ele>
    <time>2020-06-21T14:17:19Z</time>
   </trkpt>
   <trkpt lat="51.1083740" lon="-0.5158150">
    <ele>54.9</ele>
    <time>2020-06-21T14:17:20Z</time>
   </trkpt>
   <trkpt lat="51.1084150" lon="-0.5158740">
    <ele>54.9</ele>
    <time>2020-06-21T14:17:21Z</time>
   </trkpt>
   <trkpt lat="51.1084590" lon="-0.5159300">
    <ele>54.9</ele>
    <time>2020-06-21T14:17:22Z</time>
   </trkpt>
   <trkpt lat="51.1085490" lon="-0.5160570">
    <ele>54.8</ele>
    <time>2020-06-21T14:17:24Z</time>
   </trkpt>
   <trkpt lat="51.1085980" lon="-0.5161230">
    <ele>54.8</ele>
    <time>2020-06-21T14:17:25Z</time>
   </trkpt>
   <trkpt lat="51.1086450" lon="-0.5161800">
    <ele>54.8</ele>
    <time>2020-06-21T14:17:26Z</time>
   </trkpt>
   <trkpt lat="51.1086950" lon="-0.5162440">
    <ele>54.7</ele>
    <time>2020-06-21T14:17:27Z</time>
   </trkpt>
   <trkpt lat="51.1087350" lon="-0.5163010">
    <ele>54.5</ele>
    <time>2020-06-21T14:17:28Z</time>
   </trkpt>
   <trkpt lat="51.1087760" lon="-0.5163540">
    <ele>54.4</ele>
    <time>2020-06-21T14:17:29Z</time>
   </trkpt>
   <trkpt lat="51.1088160" lon="-0.5164110">
    <ele>54.2</ele>
    <time>2020-06-21T14:17:30Z</time>
   </trkpt>
   <trkpt lat="51.1088570" lon="-0.5164700">
    <ele>54.1</ele>
    <time>2020-06-21T14:17:31Z</time>
   </trkpt>
   <trkpt lat="51.1088970" lon="-0.5165220">
    <ele>54.0</ele>
    <time>2020-06-21T14:17:32Z</time>
   </trkpt>
   <trkpt lat="51.1089350" lon="-0.5165810">
    <ele>53.8</ele>
    <time>2020-06-21T14:17:33Z</time>
   </trkpt>
   <trkpt lat="51.1089760" lon="-0.5166480">
    <ele>53.7</ele>
    <time>2020-06-21T14:17:34Z</time>
   </trkpt>
   <trkpt lat="51.1090250" lon="-0.5167110">
    <ele>53.6</ele>
    <time>2020-06-21T14:17:35Z</time>
   </trkpt>
   <trkpt lat="51.1090760" lon="-0.5167640">
    <ele>53.5</ele>
    <time>2020-06-21T14:17:36Z</time>
   </trkpt>
   <trkpt lat="51.1091300" lon="-0.5168270">
    <ele>53.3</ele>
    <time>2020-06-21T14:17:37Z</time>
   </trkpt>
   <trkpt lat="51.1091810" lon="-0.5168940">
    <ele>53.1</ele>
    <time>2020-06-21T14:17:38Z</time>
   </trkpt>
   <trkpt lat="51.1092270" lon="-0.5169630">
    <ele>53.0</ele>
    <time>2020-06-21T14:17:39Z</time>
   </trkpt>
   <trkpt lat="51.1092740" lon="-0.5170360">
    <ele>52.9</ele>
    <time>2020-06-21T14:17:40Z</time>
   </trkpt>
   <trkpt lat="51.1093180" lon="-0.5171050">
    <ele>52.8</ele>
    <time>2020-06-21T14:17:41Z</time>
   </trkpt>
   <trkpt lat="51.1093640" lon="-0.5171730">
    <ele>52.7</ele>
    <time>2020-06-21T14:17:42Z</time>
   </trkpt>
   <trkpt lat="51.1094080" lon="-0.5172430">
    <ele>52.6</ele>
    <time>2020-06-21T14:17:43Z</time>
   </trkpt>
   <trkpt lat="51.1094490" lon="-0.5173150">
    <ele>52.6</ele>
    <time>2020-06-21T14:17:44Z</time>
   </trkpt>
   <trkpt lat="51.1094910" lon="-0.5173860">
    <ele>52.5</ele>
    <time>2020-06-21T14:17:45Z</time>
   </trkpt>
   <trkpt lat="51.1095370" lon="-0.5174560">
    <ele>52.4</ele>
    <time>2020-06-21T14:17:46Z</time>
   </trkpt>
   <trkpt lat="51.1095860" lon="-0.5175190">
    <ele>52.3</ele>
    <time>2020-06-21T14:17:47Z</time>
   </trkpt>
   <trkpt lat="51.1096310" lon="-0.5175900">
    <ele>52.2</ele>
    <time>2020-06-21T14:17:48Z</time>
   </trkpt>
   <trkpt lat="51.1096750" lon="-0.5176660">
    <ele>52.1</ele>
    <time>2020-06-21T14:17:49Z</time>
   </trkpt>
   <trkpt lat="51.1097130" lon="-0.5177410">
    <ele>52.0</ele>
    <time>2020-06-21T14:17:50Z</time>
   </trkpt>
   <trkpt lat="51.1097640" lon="-0.5178250">
    <ele>51.8</ele>
    <time>2020-06-21T14:17:51Z</time>
   </trkpt>
   <trkpt lat="51.1098130" lon="-0.5179110">
    <ele>51.7</ele>
    <time>2020-06-21T14:17:52Z</time>
   </trkpt>
   <trkpt lat="51.1098620" lon="-0.5179970">
    <ele>51.6</ele>
    <time>2020-06-21T14:17:53Z</time>
   </trkpt>
   <trkpt lat="51.1099090" lon="-0.5180860">
    <ele>51.5</ele>
    <time>2020-06-21T14:17:54Z</time>
   </trkpt>
   <trkpt lat="51.1099560" lon="-0.5181750">
    <ele>51.3</ele>
    <time>2020-06-21T14:17:55Z</time>
   </trkpt>
   <trkpt lat="51.1100050" lon="-0.5182560">
    <ele>51.2</ele>
    <time>2020-06-21T14:17:56Z</time>
   </trkpt>
   <trkpt lat="51.1100470" lon="-0.5183450">
    <ele>51.1</ele>
    <time>2020-06-21T14:17:57Z</time>
   </trkpt>
   <trkpt lat="51.1100920" lon="-0.5184380">
    <ele>51.0</ele>
    <time>2020-06-21T14:17:58Z</time>
   </trkpt>
   <trkpt lat="51.1101420" lon="-0.5185310">
    <ele>50.9</ele>
    <time>2020-06-21T14:17:59Z</time>
   </trkpt>
   <trkpt lat="51.1101850" lon="-0.5186180">
    <ele>50.9</ele>
    <time>2020-06-21T14:18:00Z</time>
   </trkpt>
   <trkpt lat="51.1102320" lon="-0.5187050">
    <ele>50.8</ele>
    <time>2020-06-21T14:18:01Z</time>
   </trkpt>
   <trkpt lat="51.1102770" lon="-0.5187970">
    <ele>50.7</ele>
    <time>2020-06-21T14:18:02Z</time>
   </trkpt>
   <trkpt lat="51.1103210" lon="-0.5188820">
    <ele>50.7</ele>
    <time>2020-06-21T14:18:03Z</time>
   </trkpt>
   <trkpt lat="51.1103660" lon="-0.5189650">
    <ele>50.6</ele>
    <time>2020-06-21T14:18:04Z</time>
   </trkpt>
   <trkpt lat="51.1104080" lon="-0.5190540">
    <ele>50.5</ele>
    <time>2020-06-21T14:18:05Z</time>
   </trkpt>
   <trkpt lat="51.1104560" lon="-0.5191440">
    <ele>50.5</ele>
    <time>2020-06-21T14:18:06Z</time>
   </trkpt>
   <trkpt lat="51.1104970" lon="-0.5192300">
    <ele>50.5</ele>
    <time>2020-06-21T14:18:07Z</time>
   </trkpt>
   <trkpt lat="51.1105400" lon="-0.5193180">
    <ele>50.1</ele>
    <time>2020-06-21T14:18:08Z</time>
   </trkpt>
   <trkpt lat="51.1105850" lon="-0.5193990">
    <ele>49.9</ele>
    <time>2020-06-21T14:18:09Z</time>
   </trkpt>
   <trkpt lat="51.1106310" lon="-0.5194840">
    <ele>49.8</ele>
    <time>2020-06-21T14:18:10Z</time>
   </trkpt>
   <trkpt lat="51.1106760" lon="-0.5195690">
    <ele>49.7</ele>
    <time>2020-06-21T14:18:11Z</time>
   </trkpt>
   <trkpt lat="51.1107170" lon="-0.5196590">
    <ele>49.6</ele>
    <time>2020-06-21T14:18:12Z</time>
   </trkpt>
   <trkpt lat="51.1107560" lon="-0.5197470">
    <ele>49.6</ele>
    <time>2020-06-21T14:18:13Z</time>
   </trkpt>
   <trkpt lat="51.1107980" lon="-0.5198340">
    <ele>49.6</ele>
    <time>2020-06-21T14:18:14Z</time>
   </trkpt>
   <trkpt lat="51.1108400" lon="-0.5199170">
    <ele>49.6</ele>
    <time>2020-06-21T14:18:15Z</time>
   </trkpt>
   <trkpt lat="51.1108870" lon="-0.5199930">
    <ele>49.6</ele>
    <time>2020-06-21T14:18:16Z</time>
   </trkpt>
   <trkpt lat="51.1109240" lon="-0.5200690">
    <ele>49.7</ele>
    <time>2020-06-21T14:18:17Z</time>
   </trkpt>
   <trkpt lat="51.1109630" lon="-0.5201500">
    <ele>49.7</ele>
    <time>2020-06-21T14:18:18Z</time>
   </trkpt>
   <trkpt lat="51.1110010" lon="-0.5202270">
    <ele>49.7</ele>
    <time>2020-06-21T14:18:19Z</time>
   </trkpt>
   <trkpt lat="51.1110460" lon="-0.5202980">
    <ele>49.8</ele>
    <time>2020-06-21T14:18:20Z</time>
   </trkpt>
   <trkpt lat="51.1110890" lon="-0.5203710">
    <ele>49.8</ele>
    <time>2020-06-21T14:18:21Z</time>
   </trkpt>
   <trkpt lat="51.1111310" lon="-0.5204390">
    <ele>49.9</ele>
    <time>2020-06-21T14:18:22Z</time>
   </trkpt>
   <trkpt lat="51.1111710" lon="-0.5205090">
    <ele>49.9</ele>
    <time>2020-06-21T14:18:23Z</time>
   </trkpt>
   <trkpt lat="51.1112130" lon="-0.5205800">
    <ele>49.9</ele>
    <time>2020-06-21T14:18:24Z</time>
   </trkpt>
   <trkpt lat="51.1112510" lon="-0.5206480">
    <ele>50.0</ele>
    <time>2020-06-21T14:18:25Z</time>
   </trkpt>
   <trkpt lat="51.1112910" lon="-0.5207160">
    <ele>50.0</ele>
    <time>2020-06-21T14:18:26Z</time>
   </trkpt>
   <trkpt lat="51.1113320" lon="-0.5207860">
    <ele>50.0</ele>
    <time>2020-06-21T14:18:27Z</time>
   </trkpt>
   <trkpt lat="51.1113780" lon="-0.5208540">
    <ele>50.0</ele>
    <time>2020-06-21T14:18:28Z</time>
   </trkpt>
   <trkpt lat="51.1114210" lon="-0.5209220">
    <ele>50.0</ele>
    <time>2020-06-21T14:18:29Z</time>
   </trkpt>
   <trkpt lat="51.1114690" lon="-0.5209790">
    <ele>50.1</ele>
    <time>2020-06-21T14:18:30Z</time>
   </trkpt>
   <trkpt lat="51.1115180" lon="-0.5210400">
    <ele>50.1</ele>
    <time>2020-06-21T14:18:31Z</time>
   </trkpt>
   <trkpt lat="51.1115690" lon="-0.5211020">
    <ele>50.2</ele>
    <time>2020-06-21T14:18:32Z</time>
   </trkpt>
   <trkpt lat="51.1116190" lon="-0.5211640">
    <ele>50.3</ele>
    <time>2020-06-21T14:18:33Z</time>
   </trkpt>
   <trkpt lat="51.1116670" lon="-0.5212250">
    <ele>50.3</ele>
    <time>2020-06-21T14:18:34Z</time>
   </trkpt>
   <trkpt lat="51.1117170" lon="-0.5212880">
    <ele>50.3</ele>
    <time>2020-06-21T14:18:35Z</time>
   </trkpt>
   <trkpt lat="51.1117710" lon="-0.5213530">
    <ele>50.4</ele>
    <time>2020-06-21T14:18:36Z</time>
   </trkpt>
   <trkpt lat="51.1118190" lon="-0.5214010">
    <ele>50.4</ele>
    <time>2020-06-21T14:18:37Z</time>
   </trkpt>
   <trkpt lat="51.1118700" lon="-0.5214450">
    <ele>50.5</ele>
    <time>2020-06-21T14:18:38Z</time>
   </trkpt>
   <trkpt lat="51.1119190" lon="-0.5214900">
    <ele>50.5</ele>
    <time>2020-06-21T14:18:39Z</time>
   </trkpt>
   <trkpt lat="51.1119700" lon="-0.5215300">
    <ele>50.5</ele>
    <time>2020-06-21T14:18:40Z</time>
   </trkpt>
   <trkpt lat="51.1120230" lon="-0.5215780">
    <ele>50.5</ele>
    <time>2020-06-21T14:18:41Z</time>
   </trkpt>
   <trkpt lat="51.1120790" lon="-0.5216230">
    <ele>50.6</ele>
    <time>2020-06-21T14:18:42Z</time>
   </trkpt>
   <trkpt lat="51.1121350" lon="-0.5216730">
    <ele>50.6</ele>
    <time>2020-06-21T14:18:43Z</time>
   </trkpt>
   <trkpt lat="51.1121870" lon="-0.5217190">
    <ele>50.6</ele>
    <time>2020-06-21T14:18:44Z</time>
   </trkpt>
   <trkpt lat="51.1122430" lon="-0.5217630">
    <ele>50.7</ele>
    <time>2020-06-21T14:18:45Z</time>
   </trkpt>
   <trkpt lat="51.1123000" lon="-0.5218010">
    <ele>50.8</ele>
    <time>2020-06-21T14:18:46Z</time>
   </trkpt>
   <trkpt lat="51.1123570" lon="-0.5218400">
    <ele>50.9</ele>
    <time>2020-06-21T14:18:47Z</time>
   </trkpt>
   <trkpt lat="51.1124160" lon="-0.5218890">
    <ele>51.0</ele>
    <time>2020-06-21T14:18:48Z</time>
   </trkpt>
   <trkpt lat="51.1124710" lon="-0.5219520">
    <ele>51.2</ele>
    <time>2020-06-21T14:18:49Z</time>
   </trkpt>
   <trkpt lat="51.1124950" lon="-0.5220360">
    <ele>51.1</ele>
    <time>2020-06-21T14:18:50Z</time>
   </trkpt>
   <trkpt lat="51.1124750" lon="-0.5221390">
    <ele>50.9</ele>
    <time>2020-06-21T14:18:51Z</time>
   </trkpt>
   <trkpt lat="51.1124410" lon="-0.5222290">
    <ele>50.8</ele>
    <time>2020-06-21T14:18:52Z</time>
   </trkpt>
   <trkpt lat="51.1124000" lon="-0.5223070">
    <ele>50.7</ele>
    <time>2020-06-21T14:18:53Z</time>
   </trkpt>
   <trkpt lat="51.1123680" lon="-0.5223780">
    <ele>50.6</ele>
    <time>2020-06-21T14:18:54Z</time>
   </trkpt>
   <trkpt lat="51.1123330" lon="-0.5224510">
    <ele>50.6</ele>
    <time>2020-06-21T14:18:55Z</time>
   </trkpt>
   <trkpt lat="51.1122940" lon="-0.5225310">
    <ele>50.6</ele>
    <time>2020-06-21T14:18:56Z</time>
   </trkpt>
   <trkpt lat="51.1122600" lon="-0.5226160">
    <ele>50.6</ele>
    <time>2020-06-21T14:18:57Z</time>
   </trkpt>
   <trkpt lat="51.1122300" lon="-0.5226970">
    <ele>50.6</ele>
    <time>2020-06-21T14:18:58Z</time>
   </trkpt>
   <trkpt lat="51.1121980" lon="-0.5227730">
    <ele>50.6</ele>
    <time>2020-06-21T14:18:59Z</time>
   </trkpt>
   <trkpt lat="51.1121660" lon="-0.5228590">
    <ele>50.6</ele>
    <time>2020-06-21T14:19:00Z</time>
   </trkpt>
   <trkpt lat="51.1121380" lon="-0.5229400">
    <ele>50.6</ele>
    <time>2020-06-21T14:19:01Z</time>
   </trkpt>
   <trkpt lat="51.1121130" lon="-0.5230290">
    <ele>50.6</ele>
    <time>2020-06-21T14:19:02Z</time>
   </trkpt>
   <trkpt lat="51.1120870" lon="-0.5231180">
    <ele>50.5</ele>
    <time>2020-06-21T14:19:03Z</time>
   </trkpt>
   <trkpt lat="51.1120620" lon="-0.5232010">
    <ele>50.5</ele>
    <time>2020-06-21T14:19:04Z</time>
   </trkpt>
   <trkpt lat="51.1120430" lon="-0.5232860">
    <ele>50.5</ele>
    <time>2020-06-21T14:19:05Z</time>
   </trkpt>
   <trkpt lat="51.1120200" lon="-0.5233700">
    <ele>50.4</ele>
    <time>2020-06-21T14:19:06Z</time>
   </trkpt>
   <trkpt lat="51.1119780" lon="-0.5234490">
    <ele>50.4</ele>
    <time>2020-06-21T14:19:07Z</time>
   </trkpt>
   <trkpt lat="51.1119340" lon="-0.5235350">
    <ele>50.3</ele>
    <time>2020-06-21T14:19:08Z</time>
   </trkpt>
   <trkpt lat="51.1118940" lon="-0.5236190">
    <ele>50.3</ele>
    <time>2020-06-21T14:19:09Z</time>
   </trkpt>
   <trkpt lat="51.1118600" lon="-0.5237030">
    <ele>50.3</ele>
    <time>2020-06-21T14:19:10Z</time>
   </trkpt>
   <trkpt lat="51.1118240" lon="-0.5237830">
    <ele>50.3</ele>
    <time>2020-06-21T14:19:11Z</time>
   </trkpt>
   <trkpt lat="51.1117860" lon="-0.5238630">
    <ele>50.3</ele>
    <time>2020-06-21T14:19:12Z</time>
   </trkpt>
   <trkpt lat="51.1117420" lon="-0.5239450">
    <ele>50.4</ele>
    <time>2020-06-21T14:19:13Z</time>
   </trkpt>
   <trkpt lat="51.1117010" lon="-0.5240170">
    <ele>50.5</ele>
    <time>2020-06-21T14:19:14Z</time>
   </trkpt>
   <trkpt lat="51.1116650" lon="-0.5240900">
    <ele>50.6</ele>
    <time>2020-06-21T14:19:15Z</time>
   </trkpt>
   <trkpt lat="51.1116310" lon="-0.5241800">
    <ele>50.7</ele>
    <time>2020-06-21T14:19:16Z</time>
   </trkpt>
   <trkpt lat="51.1115840" lon="-0.5242570">
    <ele>50.7</ele>
    <time>2020-06-21T14:19:17Z</time>
   </trkpt>
   <trkpt lat="51.1115340" lon="-0.5243280">
    <ele>50.7</ele>
    <time>2020-06-21T14:19:18Z</time>
   </trkpt>
   <trkpt lat="51.1114830" lon="-0.5244020">
    <ele>50.7</ele>
    <time>2020-06-21T14:19:19Z</time>
   </trkpt>
   <trkpt lat="51.1114320" lon="-0.5244770">
    <ele>50.8</ele>
    <time>2020-06-21T14:19:20Z</time>
   </trkpt>
   <trkpt lat="51.1113880" lon="-0.5245450">
    <ele>50.8</ele>
    <time>2020-06-21T14:19:21Z</time>
   </trkpt>
   <trkpt lat="51.1113510" lon="-0.5246110">
    <ele>50.9</ele>
    <time>2020-06-21T14:19:22Z</time>
   </trkpt>
   <trkpt lat="51.1113210" lon="-0.5246790">
    <ele>50.9</ele>
    <time>2020-06-21T14:19:23Z</time>
   </trkpt>
   <trkpt lat="51.1112910" lon="-0.5247500">
    <ele>51.0</ele>
    <time>2020-06-21T14:19:24Z</time>
   </trkpt>
   <trkpt lat="51.1112530" lon="-0.5248140">
    <ele>51.1</ele>
    <time>2020-06-21T14:19:25Z</time>
   </trkpt>
   <trkpt lat="51.1112130" lon="-0.5248780">
    <ele>51.2</ele>
    <time>2020-06-21T14:19:26Z</time>
   </trkpt>
   <trkpt lat="51.1111800" lon="-0.5249330">
    <ele>51.2</ele>
    <time>2020-06-21T14:19:27Z</time>
   </trkpt>
   <trkpt lat="51.1111430" lon="-0.5249900">
    <ele>51.3</ele>
    <time>2020-06-21T14:19:28Z</time>
   </trkpt>
   <trkpt lat="51.1111040" lon="-0.5250580">
    <ele>51.4</ele>
    <time>2020-06-21T14:19:29Z</time>
   </trkpt>
   <trkpt lat="51.1110580" lon="-0.5251280">
    <ele>51.4</ele>
    <time>2020-06-21T14:19:30Z</time>
   </trkpt>
   <trkpt lat="51.1110050" lon="-0.5251860">
    <ele>51.5</ele>
    <time>2020-06-21T14:19:31Z</time>
   </trkpt>
   <trkpt lat="51.1109360" lon="-0.5252400">
    <ele>51.5</ele>
    <time>2020-06-21T14:19:32Z</time>
   </trkpt>
   <trkpt lat="51.1108710" lon="-0.5253050">
    <ele>51.5</ele>
    <time>2020-06-21T14:19:33Z</time>
   </trkpt>
   <trkpt lat="51.1108180" lon="-0.5253660">
    <ele>51.5</ele>
    <time>2020-06-21T14:19:34Z</time>
   </trkpt>
   <trkpt lat="51.1107620" lon="-0.5254290">
    <ele>51.5</ele>
    <time>2020-06-21T14:19:35Z</time>
   </trkpt>
   <trkpt lat="51.1107010" lon="-0.5254910">
    <ele>51.6</ele>
    <time>2020-06-21T14:19:36Z</time>
   </trkpt>
   <trkpt lat="51.1106490" lon="-0.5255570">
    <ele>51.6</ele>
    <time>2020-06-21T14:19:37Z</time>
   </trkpt>
   <trkpt lat="51.1105960" lon="-0.5256150">
    <ele>51.6</ele>
    <time>2020-06-21T14:19:38Z</time>
   </trkpt>
   <trkpt lat="51.1105430" lon="-0.5256740">
    <ele>51.6</ele>
    <time>2020-06-21T14:19:39Z</time>
   </trkpt>
   <trkpt lat="51.1104960" lon="-0.5257160">
    <ele>51.7</ele>
    <time>2020-06-21T14:19:40Z</time>
   </trkpt>
   <trkpt lat="51.1104690" lon="-0.5257590">
    <ele>51.7</ele>
    <time>2020-06-21T14:19:41Z</time>
   </trkpt>
   <trkpt lat="51.1104190" lon="-0.5258080">
    <ele>51.7</ele>
    <time>2020-06-21T14:19:42Z</time>
   </trkpt>
   <trkpt lat="51.1103640" lon="-0.5258570">
    <ele>51.7</ele>
    <time>2020-06-21T14:19:43Z</time>
   </trkpt>
   <trkpt lat="51.1103130" lon="-0.5258930">
    <ele>51.6</ele>
    <time>2020-06-21T14:19:44Z</time>
   </trkpt>
   <trkpt lat="51.1102610" lon="-0.5259330">
    <ele>51.6</ele>
    <time>2020-06-21T14:19:45Z</time>
   </trkpt>
   <trkpt lat="51.1102120" lon="-0.5259780">
    <ele>51.5</ele>
    <time>2020-06-21T14:19:46Z</time>
   </trkpt>
   <trkpt lat="51.1101530" lon="-0.5260450">
    <ele>51.4</ele>
    <time>2020-06-21T14:19:47Z</time>
   </trkpt>
   <trkpt lat="51.1101070" lon="-0.5261200">
    <ele>51.3</ele>
    <time>2020-06-21T14:19:48Z</time>
   </trkpt>
   <trkpt lat="51.1100730" lon="-0.5262030">
    <ele>51.2</ele>
    <time>2020-06-21T14:19:49Z</time>
   </trkpt>
   <trkpt lat="51.1100310" lon="-0.5262900">
    <ele>51.1</ele>
    <time>2020-06-21T14:19:50Z</time>
   </trkpt>
   <trkpt lat="51.1099850" lon="-0.5263800">
    <ele>51.0</ele>
    <time>2020-06-21T14:19:51Z</time>
   </trkpt>
   <trkpt lat="51.1099410" lon="-0.5264660">
    <ele>50.7</ele>
    <time>2020-06-21T14:19:52Z</time>
   </trkpt>
   <trkpt lat="51.1098940" lon="-0.5265630">
    <ele>50.3</ele>
    <time>2020-06-21T14:19:53Z</time>
   </trkpt>
   <trkpt lat="51.1098430" lon="-0.5266600">
    <ele>50.0</ele>
    <time>2020-06-21T14:19:54Z</time>
   </trkpt>
   <trkpt lat="51.1097860" lon="-0.5267640">
    <ele>49.9</ele>
    <time>2020-06-21T14:19:55Z</time>
   </trkpt>
   <trkpt lat="51.1097460" lon="-0.5268650">
    <ele>49.8</ele>
    <time>2020-06-21T14:19:56Z</time>
   </trkpt>
   <trkpt lat="51.1097160" lon="-0.5269630">
    <ele>49.7</ele>
    <time>2020-06-21T14:19:57Z</time>
   </trkpt>
   <trkpt lat="51.1096830" lon="-0.5270560">
    <ele>49.6</ele>
    <time>2020-06-21T14:19:58Z</time>
   </trkpt>
   <trkpt lat="51.1096610" lon="-0.5271540">
    <ele>49.6</ele>
    <time>2020-06-21T14:19:59Z</time>
   </trkpt>
   <trkpt lat="51.1096300" lon="-0.5272480">
    <ele>49.5</ele>
    <time>2020-06-21T14:20:00Z</time>
   </trkpt>
   <trkpt lat="51.1095980" lon="-0.5273340">
    <ele>49.5</ele>
    <time>2020-06-21T14:20:01Z</time>
   </trkpt>
   <trkpt lat="51.1095640" lon="-0.5274190">
    <ele>49.4</ele>
    <time>2020-06-21T14:20:02Z</time>
   </trkpt>
   <trkpt lat="51.1095350" lon="-0.5275200">
    <ele>49.3</ele>
    <time>2020-06-21T14:20:03Z</time>
   </trkpt>
   <trkpt lat="51.1095000" lon="-0.5276140">
    <ele>49.3</ele>
    <time>2020-06-21T14:20:04Z</time>
   </trkpt>
   <trkpt lat="51.1094590" lon="-0.5277010">
    <ele>49.2</ele>
    <time>2020-06-21T14:20:05Z</time>
   </trkpt>
   <trkpt lat="51.1094070" lon="-0.5277920">
    <ele>49.2</ele>
    <time>2020-06-21T14:20:06Z</time>
   </trkpt>
   <trkpt lat="51.1093620" lon="-0.5278960">
    <ele>49.2</ele>
    <time>2020-06-21T14:20:07Z</time>
   </trkpt>
   <trkpt lat="51.1093100" lon="-0.5279980">
    <ele>49.2</ele>
    <time>2020-06-21T14:20:08Z</time>
   </trkpt>
   <trkpt lat="51.1092760" lon="-0.5280890">
    <ele>49.2</ele>
    <time>2020-06-21T14:20:09Z</time>
   </trkpt>
   <trkpt lat="51.1092220" lon="-0.5281780">
    <ele>49.2</ele>
    <time>2020-06-21T14:20:10Z</time>
   </trkpt>
   <trkpt lat="51.1091690" lon="-0.5282700">
    <ele>49.2</ele>
    <time>2020-06-21T14:20:11Z</time>
   </trkpt>
   <trkpt lat="51.1091290" lon="-0.5283650">
    <ele>49.1</ele>
    <time>2020-06-21T14:20:12Z</time>
   </trkpt>
   <trkpt lat="51.1090840" lon="-0.5284460">
    <ele>49.1</ele>
    <time>2020-06-21T14:20:13Z</time>
   </trkpt>
   <trkpt lat="51.1090390" lon="-0.5285210">
    <ele>49.1</ele>
    <time>2020-06-21T14:20:14Z</time>
   </trkpt>
   <trkpt lat="51.1089890" lon="-0.5285910">
    <ele>49.1</ele>
    <time>2020-06-21T14:20:15Z</time>
   </trkpt>
   <trkpt lat="51.1089380" lon="-0.5286600">
    <ele>49.1</ele>
    <time>2020-06-21T14:20:16Z</time>
   </trkpt>
   <trkpt lat="51.1088880" lon="-0.5287290">
    <ele>49.1</ele>
    <time>2020-06-21T14:20:17Z</time>
   </trkpt>
   <trkpt lat="51.1088440" lon="-0.5287960">
    <ele>49.1</ele>
    <time>2020-06-21T14:20:18Z</time>
   </trkpt>
   <trkpt lat="51.1087970" lon="-0.5288710">
    <ele>49.2</ele>
    <time>2020-06-21T14:20:19Z</time>
   </trkpt>
   <trkpt lat="51.1087450" lon="-0.5289360">
    <ele>49.2</ele>
    <time>2020-06-21T14:20:20Z</time>
   </trkpt>
   <trkpt lat="51.1086950" lon="-0.5289980">
    <ele>49.2</ele>
    <time>2020-06-21T14:20:21Z</time>
   </trkpt>
   <trkpt lat="51.1086620" lon="-0.5290550">
    <ele>49.2</ele>
    <time>2020-06-21T14:20:22Z</time>
   </trkpt>
   <trkpt lat="51.1086240" lon="-0.5291220">
    <ele>49.2</ele>
    <time>2020-06-21T14:20:23Z</time>
   </trkpt>
   <trkpt lat="51.1085890" lon="-0.5291770">
    <ele>49.2</ele>
    <time>2020-06-21T14:20:24Z</time>
   </trkpt>
   <trkpt lat="51.1085480" lon="-0.5292380">
    <ele>49.2</ele>
    <time>2020-06-21T14:20:25Z</time>
   </trkpt>
   <trkpt lat="51.1085060" lon="-0.5293080">
    <ele>49.2</ele>
    <time>2020-06-21T14:20:26Z</time>
   </trkpt>
   <trkpt lat="51.1084660" lon="-0.5293890">
    <ele>49.2</ele>
    <time>2020-06-21T14:20:27Z</time>
   </trkpt>
   <trkpt lat="51.1084030" lon="-0.5294700">
    <ele>49.1</ele>
    <time>2020-06-21T14:20:28Z</time>
   </trkpt>
   <trkpt lat="51.1083320" lon="-0.5295500">
    <ele>49.1</ele>
    <time>2020-06-21T14:20:29Z</time>
   </trkpt>
   <trkpt lat="51.1082760" lon="-0.5296320">
    <ele>49.1</ele>
    <time>2020-06-21T14:20:30Z</time>
   </trkpt>
   <trkpt lat="51.1082180" lon="-0.5297050">
    <ele>49.1</ele>
    <time>2020-06-21T14:20:31Z</time>
   </trkpt>
   <trkpt lat="51.1081620" lon="-0.5297760">
    <ele>49.0</ele>
    <time>2020-06-21T14:20:32Z</time>
   </trkpt>
   <trkpt lat="51.1081050" lon="-0.5298500">
    <ele>49.0</ele>
    <time>2020-06-21T14:20:33Z</time>
   </trkpt>
   <trkpt lat="51.1080480" lon="-0.5299310">
    <ele>48.9</ele>
    <time>2020-06-21T14:20:34Z</time>
   </trkpt>
   <trkpt lat="51.1080010" lon="-0.5300130">
    <ele>48.9</ele>
    <time>2020-06-21T14:20:35Z</time>
   </trkpt>
   <trkpt lat="51.1079590" lon="-0.5300920">
    <ele>48.8</ele>
    <time>2020-06-21T14:20:36Z</time>
   </trkpt>
   <trkpt lat="51.1079210" lon="-0.5301550">
    <ele>48.8</ele>
    <time>2020-06-21T14:20:37Z</time>
   </trkpt>
   <trkpt lat="51.1078880" lon="-0.5302120">
    <ele>48.7</ele>
    <time>2020-06-21T14:20:38Z</time>
   </trkpt>
   <trkpt lat="51.1078450" lon="-0.5302600">
    <ele>48.7</ele>
    <time>2020-06-21T14:20:39Z</time>
   </trkpt>
   <trkpt lat="51.1077970" lon="-0.5303300">
    <ele>48.7</ele>
    <time>2020-06-21T14:20:40Z</time>
   </trkpt>
   <trkpt lat="51.1077590" lon="-0.5304030">
    <ele>48.7</ele>
    <time>2020-06-21T14:20:41Z</time>
   </trkpt>
   <trkpt lat="51.1077160" lon="-0.5304770">
    <ele>48.7</ele>
    <time>2020-06-21T14:20:42Z</time>
   </trkpt>
   <trkpt lat="51.1076750" lon="-0.5305500">
    <ele>48.7</ele>
    <time>2020-06-21T14:20:43Z</time>
   </trkpt>
   <trkpt lat="51.1076550" lon="-0.5306240">
    <ele>48.7</ele>
    <time>2020-06-21T14:20:44Z</time>
   </trkpt>
   <trkpt lat="51.1076480" lon="-0.5306880">
    <ele>48.7</ele>
    <time>2020-06-21T14:20:45Z</time>
   </trkpt>
   <trkpt lat="51.1075890" lon="-0.5307560">
    <ele>48.6</ele>
    <time>2020-06-21T14:20:46Z</time>
   </trkpt>
   <trkpt lat="51.1075410" lon="-0.5308410">
    <ele>48.5</ele>
    <time>2020-06-21T14:20:47Z</time>
   </trkpt>
   <trkpt lat="51.1075020" lon="-0.5309290">
    <ele>48.4</ele>
    <time>2020-06-21T14:20:48Z</time>
   </trkpt>
   <trkpt lat="51.1074690" lon="-0.5310230">
    <ele>48.3</ele>
    <time>2020-06-21T14:20:49Z</time>
   </trkpt>
   <trkpt lat="51.1074420" lon="-0.5311190">
    <ele>48.1</ele>
    <time>2020-06-21T14:20:50Z</time>
   </trkpt>
   <trkpt lat="51.1074320" lon="-0.5312120">
    <ele>48.0</ele>
    <time>2020-06-21T14:20:51Z</time>
   </trkpt>
   <trkpt lat="51.1074260" lon="-0.5313130">
    <ele>47.9</ele>
    <time>2020-06-21T14:20:52Z</time>
   </trkpt>
   <trkpt lat="51.1074140" lon="-0.5314210">
    <ele>47.8</ele>
    <time>2020-06-21T14:20:53Z</time>
   </trkpt>
   <trkpt lat="51.1074110" lon="-0.5315310">
    <ele>47.7</ele>
    <time>2020-06-21T14:20:54Z</time>
   </trkpt>
   <trkpt lat="51.1074160" lon="-0.5316360">
    <ele>47.7</ele>
    <time>2020-06-21T14:20:55Z</time>
   </trkpt>
   <trkpt lat="51.1074040" lon="-0.5317470">
    <ele>47.6</ele>
    <time>2020-06-21T14:20:56Z</time>
   </trkpt>
   <trkpt lat="51.1073940" lon="-0.5318580">
    <ele>47.6</ele>
    <time>2020-06-21T14:20:57Z</time>
   </trkpt>
   <trkpt lat="51.1073920" lon="-0.5319580">
    <ele>47.6</ele>
    <time>2020-06-21T14:20:58Z</time>
   </trkpt>
   <trkpt lat="51.1073870" lon="-0.5320530">
    <ele>47.6</ele>
    <time>2020-06-21T14:20:59Z</time>
   </trkpt>
   <trkpt lat="51.1073780" lon="-0.5321510">
    <ele>47.7</ele>
    <time>2020-06-21T14:21:00Z</time>
   </trkpt>
   <trkpt lat="51.1073660" lon="-0.5322570">
    <ele>47.7</ele>
    <time>2020-06-21T14:21:01Z</time>
   </trkpt>
   <trkpt lat="51.1073510" lon="-0.5323550">
    <ele>47.7</ele>
    <time>2020-06-21T14:21:02Z</time>
   </trkpt>
   <trkpt lat="51.1073460" lon="-0.5324490">
    <ele>47.8</ele>
    <time>2020-06-21T14:21:03Z</time>
   </trkpt>
   <trkpt lat="51.1073420" lon="-0.5325360">
    <ele>47.8</ele>
    <time>2020-06-21T14:21:04Z</time>
   </trkpt>
   <trkpt lat="51.1073410" lon="-0.5326230">
    <ele>47.9</ele>
    <time>2020-06-21T14:21:05Z</time>
   </trkpt>
   <trkpt lat="51.1073370" lon="-0.5327160">
    <ele>47.9</ele>
    <time>2020-06-21T14:21:06Z</time>
   </trkpt>
   <trkpt lat="51.1073340" lon="-0.5328070">
    <ele>47.9</ele>
    <time>2020-06-21T14:21:07Z</time>
   </trkpt>
   <trkpt lat="51.1073160" lon="-0.5328930">
    <ele>48.0</ele>
    <time>2020-06-21T14:21:08Z</time>
   </trkpt>
   <trkpt lat="51.1072930" lon="-0.5329880">
    <ele>48.0</ele>
    <time>2020-06-21T14:21:09Z</time>
   </trkpt>
   <trkpt lat="51.1072910" lon="-0.5330820">
    <ele>48.0</ele>
    <time>2020-06-21T14:21:10Z</time>
   </trkpt>
   <trkpt lat="51.1072870" lon="-0.5331800">
    <ele>48.0</ele>
    <time>2020-06-21T14:21:11Z</time>
   </trkpt>
   <trkpt lat="51.1072770" lon="-0.5332790">
    <ele>48.0</ele>
    <time>2020-06-21T14:21:12Z</time>
   </trkpt>
   <trkpt lat="51.1072580" lon="-0.5333800">
    <ele>48.0</ele>
    <time>2020-06-21T14:21:13Z</time>
   </trkpt>
   <trkpt lat="51.1072340" lon="-0.5334800">
    <ele>48.0</ele>
    <time>2020-06-21T14:21:14Z</time>
   </trkpt>
   <trkpt lat="51.1072250" lon="-0.5335710">
    <ele>48.0</ele>
    <time>2020-06-21T14:21:15Z</time>
   </trkpt>
   <trkpt lat="51.1072240" lon="-0.5336660">
    <ele>48.0</ele>
    <time>2020-06-21T14:21:16Z</time>
   </trkpt>
   <trkpt lat="51.1072310" lon="-0.5337650">
    <ele>48.0</ele>
    <time>2020-06-21T14:21:17Z</time>
   </trkpt>
   <trkpt lat="51.1072460" lon="-0.5338640">
    <ele>48.0</ele>
    <time>2020-06-21T14:21:18Z</time>
   </trkpt>
   <trkpt lat="51.1072680" lon="-0.5339540">
    <ele>48.0</ele>
    <time>2020-06-21T14:21:19Z</time>
   </trkpt>
   <trkpt lat="51.1072960" lon="-0.5340470">
    <ele>47.9</ele>
    <time>2020-06-21T14:21:20Z</time>
   </trkpt>
   <trkpt lat="51.1073380" lon="-0.5341210">
    <ele>47.9</ele>
    <time>2020-06-21T14:21:21Z</time>
   </trkpt>
   <trkpt lat="51.1073930" lon="-0.5341860">
    <ele>47.9</ele>
    <time>2020-06-21T14:21:22Z</time>
   </trkpt>
   <trkpt lat="51.1074580" lon="-0.5342410">
    <ele>47.8</ele>
    <time>2020-06-21T14:21:23Z</time>
   </trkpt>
   <trkpt lat="51.1075180" lon="-0.5342970">
    <ele>47.7</ele>
    <time>2020-06-21T14:21:24Z</time>
   </trkpt>
   <trkpt lat="51.1075860" lon="-0.5343410">
    <ele>47.6</ele>
    <time>2020-06-21T14:21:25Z</time>
   </trkpt>
   <trkpt lat="51.1076580" lon="-0.5343790">
    <ele>47.5</ele>
    <time>2020-06-21T14:21:26Z</time>
   </trkpt>
   <trkpt lat="51.1077170" lon="-0.5344160">
    <ele>47.4</ele>
    <time>2020-06-21T14:21:27Z</time>
   </trkpt>
   <trkpt lat="51.1077810" lon="-0.5344590">
    <ele>47.1</ele>
    <time>2020-06-21T14:21:28Z</time>
   </trkpt>
   <trkpt lat="51.1078490" lon="-0.5345170">
    <ele>47.0</ele>
    <time>2020-06-21T14:21:29Z</time>
   </trkpt>
   <trkpt lat="51.1079210" lon="-0.5345820">
    <ele>46.8</ele>
    <time>2020-06-21T14:21:30Z</time>
   </trkpt>
   <trkpt lat="51.1079780" lon="-0.5346510">
    <ele>46.6</ele>
    <time>2020-06-21T14:21:31Z</time>
   </trkpt>
   <trkpt lat="51.1080330" lon="-0.5347430">
    <ele>46.3</ele>
    <time>2020-06-21T14:21:32Z</time>
   </trkpt>
   <trkpt lat="51.1080680" lon="-0.5348450">
    <ele>46.2</ele>
    <time>2020-06-21T14:21:33Z</time>
   </trkpt>
   <trkpt lat="51.1080980" lon="-0.5349510">
    <ele>46.1</ele>
    <time>2020-06-21T14:21:34Z</time>
   </trkpt>
   <trkpt lat="51.1081370" lon="-0.5350550">
    <ele>46.0</ele>
    <time>2020-06-21T14:21:35Z</time>
   </trkpt>
   <trkpt lat="51.1081730" lon="-0.5351610">
    <ele>46.0</ele>
    <time>2020-06-21T14:21:36Z</time>
   </trkpt>
   <trkpt lat="51.1082170" lon="-0.5352670">
    <ele>46.0</ele>
    <time>2020-06-21T14:21:37Z</time>
   </trkpt>
   <trkpt lat="51.1082510" lon="-0.5353760">
    <ele>45.8</ele>
    <time>2020-06-21T14:21:38Z</time>
   </trkpt>
   <trkpt lat="51.1082820" lon="-0.5354780">
    <ele>45.7</ele>
    <time>2020-06-21T14:21:39Z</time>
   </trkpt>
   <trkpt lat="51.1083160" lon="-0.5355890">
    <ele>45.6</ele>
    <time>2020-06-21T14:21:40Z</time>
   </trkpt>
   <trkpt lat="51.1083510" lon="-0.5357080">
    <ele>45.4</ele>
    <time>2020-06-21T14:21:41Z</time>
   </trkpt>
   <trkpt lat="51.1083840" lon="-0.5358220">
    <ele>45.3</ele>
    <time>2020-06-21T14:21:42Z</time>
   </trkpt>
   <trkpt lat="51.1084160" lon="-0.5359330">
    <ele>45.3</ele>
    <time>2020-06-21T14:21:43Z</time>
   </trkpt>
   <trkpt lat="51.1084610" lon="-0.5360370">
    <ele>45.2</ele>
    <time>2020-06-21T14:21:44Z</time>
   </trkpt>
   <trkpt lat="51.1085170" lon="-0.5361290">
    <ele>45.2</ele>
    <time>2020-06-21T14:21:45Z</time>
   </trkpt>
   <trkpt lat="51.1085810" lon="-0.5362040">
    <ele>45.4</ele>
    <time>2020-06-21T14:21:46Z</time>
   </trkpt>
   <trkpt lat="51.1086550" lon="-0.5362740">
    <ele>45.6</ele>
    <time>2020-06-21T14:21:47Z</time>
   </trkpt>
   <trkpt lat="51.1087370" lon="-0.5363290">
    <ele>46.0</ele>
    <time>2020-06-21T14:21:48Z</time>
   </trkpt>
   <trkpt lat="51.1088200" lon="-0.5363790">
    <ele>46.4</ele>
    <time>2020-06-21T14:21:49Z</time>
   </trkpt>
   <trkpt lat="51.1088960" lon="-0.5364280">
    <ele>46.8</ele>
    <time>2020-06-21T14:21:50Z</time>
   </trkpt>
   <trkpt lat="51.1089640" lon="-0.5364670">
    <ele>47.2</ele>
    <time>2020-06-21T14:21:51Z</time>
   </trkpt>
   <trkpt lat="51.1090240" lon="-0.5364910">
    <ele>47.5</ele>
    <time>2020-06-21T14:21:52Z</time>
   </trkpt>
   <trkpt lat="51.1090860" lon="-0.5365150">
    <ele>47.7</ele>
    <time>2020-06-21T14:21:53Z</time>
   </trkpt>
   <trkpt lat="51.1091500" lon="-0.5365380">
    <ele>48.0</ele>
    <time>2020-06-21T14:21:54Z</time>
   </trkpt>
   <trkpt lat="51.1092150" lon="-0.5365520">
    <ele>48.2</ele>
    <time>2020-06-21T14:21:55Z</time>
   </trkpt>
   <trkpt lat="51.1092860" lon="-0.5365750">
    <ele>48.4</ele>
    <time>2020-06-21T14:21:56Z</time>
   </trkpt>
   <trkpt lat="51.1093510" lon="-0.5366110">
    <ele>48.5</ele>
    <time>2020-06-21T14:21:57Z</time>
   </trkpt>
   <trkpt lat="51.1094120" lon="-0.5366380">
    <ele>48.7</ele>
    <time>2020-06-21T14:21:58Z</time>
   </trkpt>
   <trkpt lat="51.1094770" lon="-0.5366690">
    <ele>48.8</ele>
    <time>2020-06-21T14:21:59Z</time>
   </trkpt>
   <trkpt lat="51.1095380" lon="-0.5367030">
    <ele>48.9</ele>
    <time>2020-06-21T14:22:00Z</time>
   </trkpt>
   <trkpt lat="51.1095940" lon="-0.5367400">
    <ele>49.0</ele>
    <time>2020-06-21T14:22:01Z</time>
   </trkpt>
   <trkpt lat="51.1096400" lon="-0.5367870">
    <ele>49.1</ele>
    <time>2020-06-21T14:22:02Z</time>
   </trkpt>
   <trkpt lat="51.1096910" lon="-0.5368450">
    <ele>49.2</ele>
    <time>2020-06-21T14:22:03Z</time>
   </trkpt>
   <trkpt lat="51.1097410" lon="-0.5368960">
    <ele>49.3</ele>
    <time>2020-06-21T14:22:04Z</time>
   </trkpt>
   <trkpt lat="51.1097910" lon="-0.5369550">
    <ele>49.4</ele>
    <time>2020-06-21T14:22:05Z</time>
   </trkpt>
   <trkpt lat="51.1098340" lon="-0.5370250">
    <ele>49.5</ele>
    <time>2020-06-21T14:22:06Z</time>
   </trkpt>
   <trkpt lat="51.1098780" lon="-0.5370970">
    <ele>49.6</ele>
    <time>2020-06-21T14:22:07Z</time>
   </trkpt>
   <trkpt lat="51.1099170" lon="-0.5371760">
    <ele>49.7</ele>
    <time>2020-06-21T14:22:08Z</time>
   </trkpt>
   <trkpt lat="51.1099470" lon="-0.5372550">
    <ele>49.8</ele>
    <time>2020-06-21T14:22:09Z</time>
   </trkpt>
   <trkpt lat="51.1099680" lon="-0.5373390">
    <ele>49.9</ele>
    <time>2020-06-21T14:22:10Z</time>
   </trkpt>
   <trkpt lat="51.1099820" lon="-0.5374240">
    <ele>50.0</ele>
    <time>2020-06-21T14:22:11Z</time>
   </trkpt>
   <trkpt lat="51.1100130" lon="-0.5375180">
    <ele>50.0</ele>
    <time>2020-06-21T14:22:12Z</time>
   </trkpt>
   <trkpt lat="51.1100490" lon="-0.5376120">
    <ele>50.1</ele>
    <time>2020-06-21T14:22:13Z</time>
   </trkpt>
   <trkpt lat="51.1100650" lon="-0.5377130">
    <ele>50.1</ele>
    <time>2020-06-21T14:22:14Z</time>
   </trkpt>
   <trkpt lat="51.1100810" lon="-0.5378190">
    <ele>50.1</ele>
    <time>2020-06-21T14:22:15Z</time>
   </trkpt>
   <trkpt lat="51.1100890" lon="-0.5379190">
    <ele>50.1</ele>
    <time>2020-06-21T14:22:16Z</time>
   </trkpt>
   <trkpt lat="51.1100990" lon="-0.5380170">
    <ele>50.1</ele>
    <time>2020-06-21T14:22:17Z</time>
   </trkpt>
   <trkpt lat="51.1101210" lon="-0.5381140">
    <ele>50.1</ele>
    <time>2020-06-21T14:22:18Z</time>
   </trkpt>
   <trkpt lat="51.1101500" lon="-0.5382220">
    <ele>50.1</ele>
    <time>2020-06-21T14:22:19Z</time>
   </trkpt>
   <trkpt lat="51.1101740" lon="-0.5383180">
    <ele>50.1</ele>
    <time>2020-06-21T14:22:20Z</time>
   </trkpt>
   <trkpt lat="51.1101960" lon="-0.5384140">
    <ele>50.1</ele>
    <time>2020-06-21T14:22:21Z</time>
   </trkpt>
   <trkpt lat="51.1102210" lon="-0.5385120">
    <ele>50.1</ele>
    <time>2020-06-21T14:22:22Z</time>
   </trkpt>
   <trkpt lat="51.1102540" lon="-0.5386080">
    <ele>50.1</ele>
    <time>2020-06-21T14:22:23Z</time>
   </trkpt>
   <trkpt lat="51.1103000" lon="-0.5386910">
    <ele>50.1</ele>
    <time>2020-06-21T14:22:24Z</time>
   </trkpt>
   <trkpt lat="51.1103500" lon="-0.5387650">
    <ele>50.1</ele>
    <time>2020-06-21T14:22:25Z</time>
   </trkpt>
   <trkpt lat="51.1103960" lon="-0.5388260">
    <ele>50.1</ele>
    <time>2020-06-21T14:22:26Z</time>
   </trkpt>
   <trkpt lat="51.1104370" lon="-0.5388910">
    <ele>50.1</ele>
    <time>2020-06-21T14:22:27Z</time>
   </trkpt>
   <trkpt lat="51.1104800" lon="-0.5389650">
    <ele>50.1</ele>
    <time>2020-06-21T14:22:28Z</time>
   </trkpt>
   <trkpt lat="51.1105280" lon="-0.5390350">
    <ele>50.1</ele>
    <time>2020-06-21T14:22:29Z</time>
   </trkpt>
   <trkpt lat="51.1105570" lon="-0.5391020">
    <ele>50.1</ele>
    <time>2020-06-21T14:22:30Z</time>
   </trkpt>
   <trkpt lat="51.1105970" lon="-0.5391700">
    <ele>50.1</ele>
    <time>2020-06-21T14:22:31Z</time>
   </trkpt>
   <trkpt lat="51.1106350" lon="-0.5392400">
    <ele>50.2</ele>
    <time>2020-06-21T14:22:32Z</time>
   </trkpt>
   <trkpt lat="51.1106750" lon="-0.5393100">
    <ele>50.2</ele>
    <time>2020-06-21T14:22:33Z</time>
   </trkpt>
   <trkpt lat="51.1106980" lon="-0.5393890">
    <ele>50.2</ele>
    <time>2020-06-21T14:22:34Z</time>
   </trkpt>
   <trkpt lat="51.1107270" lon="-0.5394730">
    <ele>50.2</ele>
    <time>2020-06-21T14:22:35Z</time>
   </trkpt>
   <trkpt lat="51.1107620" lon="-0.5395650">
    <ele>50.3</ele>
    <time>2020-06-21T14:22:36Z</time>
   </trkpt>
   <trkpt lat="51.1108030" lon="-0.5396560">
    <ele>50.4</ele>
    <time>2020-06-21T14:22:37Z</time>
   </trkpt>
   <trkpt lat="51.1108390" lon="-0.5397470">
    <ele>50.4</ele>
    <time>2020-06-21T14:22:38Z</time>
   </trkpt>
   <trkpt lat="51.1108660" lon="-0.5398320">
    <ele>50.5</ele>
    <time>2020-06-21T14:22:39Z</time>
   </trkpt>
   <trkpt lat="51.1108840" lon="-0.5399310">
    <ele>50.6</ele>
    <time>2020-06-21T14:22:40Z</time>
   </trkpt>
   <trkpt lat="51.1109000" lon="-0.5400310">
    <ele>50.8</ele>
    <time>2020-06-21T14:22:41Z</time>
   </trkpt>
   <trkpt lat="51.1109120" lon="-0.5401380">
    <ele>50.9</ele>
    <time>2020-06-21T14:22:42Z</time>
   </trkpt>
   <trkpt lat="51.1109130" lon="-0.5402450">
    <ele>51.0</ele>
    <time>2020-06-21T14:22:43Z</time>
   </trkpt>
   <trkpt lat="51.1109110" lon="-0.5403400">
    <ele>51.1</ele>
    <time>2020-06-21T14:22:44Z</time>
   </trkpt>
   <trkpt lat="51.1109090" lon="-0.5404320">
    <ele>51.1</ele>
    <time>2020-06-21T14:22:45Z</time>
   </trkpt>
   <trkpt lat="51.1109060" lon="-0.5405270">
    <ele>51.2</ele>
    <time>2020-06-21T14:22:46Z</time>
   </trkpt>
   <trkpt lat="51.1109010" lon="-0.5406350">
    <ele>51.3</ele>
    <time>2020-06-21T14:22:47Z</time>
   </trkpt>
   <trkpt lat="51.1108980" lon="-0.5407330">
    <ele>51.4</ele>
    <time>2020-06-21T14:22:48Z</time>
   </trkpt>
   <trkpt lat="51.1108840" lon="-0.5408290">
    <ele>51.5</ele>
    <time>2020-06-21T14:22:49Z</time>
   </trkpt>
   <trkpt lat="51.1108550" lon="-0.5409260">
    <ele>51.6</ele>
    <time>2020-06-21T14:22:50Z</time>
   </trkpt>
   <trkpt lat="51.1108290" lon="-0.5410230">
    <ele>51.6</ele>
    <time>2020-06-21T14:22:51Z</time>
   </trkpt>
   <trkpt lat="51.1108090" lon="-0.5411210">
    <ele>51.7</ele>
    <time>2020-06-21T14:22:52Z</time>
   </trkpt>
   <trkpt lat="51.1107870" lon="-0.5412180">
    <ele>51.7</ele>
    <time>2020-06-21T14:22:53Z</time>
   </trkpt>
   <trkpt lat="51.1107570" lon="-0.5413130">
    <ele>51.8</ele>
    <time>2020-06-21T14:22:54Z</time>
   </trkpt>
   <trkpt lat="51.1107210" lon="-0.5413980">
    <ele>51.8</ele>
    <time>2020-06-21T14:22:55Z</time>
   </trkpt>
   <trkpt lat="51.1106840" lon="-0.5414850">
    <ele>51.8</ele>
    <time>2020-06-21T14:22:56Z</time>
   </trkpt>
   <trkpt lat="51.1106420" lon="-0.5415680">
    <ele>51.7</ele>
    <time>2020-06-21T14:22:57Z</time>
   </trkpt>
   <trkpt lat="51.1105850" lon="-0.5416370">
    <ele>51.8</ele>
    <time>2020-06-21T14:22:58Z</time>
   </trkpt>
   <trkpt lat="51.1105270" lon="-0.5417080">
    <ele>51.8</ele>
    <time>2020-06-21T14:22:59Z</time>
   </trkpt>
   <trkpt lat="51.1104650" lon="-0.5417700">
    <ele>51.6</ele>
    <time>2020-06-21T14:23:00Z</time>
   </trkpt>
   <trkpt lat="51.1104090" lon="-0.5418240">
    <ele>51.4</ele>
    <time>2020-06-21T14:23:01Z</time>
   </trkpt>
   <trkpt lat="51.1103480" lon="-0.5418780">
    <ele>51.2</ele>
    <time>2020-06-21T14:23:02Z</time>
   </trkpt>
   <trkpt lat="51.1102850" lon="-0.5419260">
    <ele>51.1</ele>
    <time>2020-06-21T14:23:03Z</time>
   </trkpt>
   <trkpt lat="51.1102260" lon="-0.5419750">
    <ele>51.0</ele>
    <time>2020-06-21T14:23:04Z</time>
   </trkpt>
   <trkpt lat="51.1101690" lon="-0.5420120">
    <ele>51.0</ele>
    <time>2020-06-21T14:23:05Z</time>
   </trkpt>
   <trkpt lat="51.1101090" lon="-0.5420490">
    <ele>51.0</ele>
    <time>2020-06-21T14:23:06Z</time>
   </trkpt>
   <trkpt lat="51.1100720" lon="-0.5420910">
    <ele>51.0</ele>
    <time>2020-06-21T14:23:07Z</time>
   </trkpt>
   <trkpt lat="51.1100370" lon="-0.5421380">
    <ele>51.0</ele>
    <time>2020-06-21T14:23:08Z</time>
   </trkpt>
   <trkpt lat="51.1100010" lon="-0.5421810">
    <ele>51.0</ele>
    <time>2020-06-21T14:23:09Z</time>
   </trkpt>
   <trkpt lat="51.1099440" lon="-0.5422360">
    <ele>51.0</ele>
    <time>2020-06-21T14:23:10Z</time>
   </trkpt>
   <trkpt lat="51.1098740" lon="-0.5422880">
    <ele>51.0</ele>
    <time>2020-06-21T14:23:11Z</time>
   </trkpt>
   <trkpt lat="51.1098130" lon="-0.5423360">
    <ele>51.0</ele>
    <time>2020-06-21T14:23:12Z</time>
   </trkpt>
   <trkpt lat="51.1097480" lon="-0.5423860">
    <ele>51.0</ele>
    <time>2020-06-21T14:23:13Z</time>
   </trkpt>
   <trkpt lat="51.1096960" lon="-0.5424310">
    <ele>51.0</ele>
    <time>2020-06-21T14:23:14Z</time>
   </trkpt>
   <trkpt lat="51.1096400" lon="-0.5424830">
    <ele>51.0</ele>
    <time>2020-06-21T14:23:15Z</time>
   </trkpt>
   <trkpt lat="51.1095750" lon="-0.5425390">
    <ele>51.0</ele>
    <time>2020-06-21T14:23:16Z</time>
   </trkpt>
   <trkpt lat="51.1095130" lon="-0.5425950">
    <ele>51.0</ele>
    <time>2020-06-21T14:23:17Z</time>
   </trkpt>
   <trkpt lat="51.1094530" lon="-0.5426630">
    <ele>51.0</ele>
    <time>2020-06-21T14:23:18Z</time>
   </trkpt>
   <trkpt lat="51.1093900" lon="-0.5427330">
    <ele>51.0</ele>
    <time>2020-06-21T14:23:19Z</time>
   </trkpt>
   <trkpt lat="51.1093400" lon="-0.5428060">
    <ele>51.0</ele>
    <time>2020-06-21T14:23:20Z</time>
   </trkpt>
   <trkpt lat="51.1092930" lon="-0.5428850">
    <ele>51.0</ele>
    <time>2020-06-21T14:23:21Z</time>
   </trkpt>
   <trkpt lat="51.1092530" lon="-0.5429630">
    <ele>51.0</ele>
    <time>2020-06-21T14:23:22Z</time>
   </trkpt>
   <trkpt lat="51.1092130" lon="-0.5430520">
    <ele>51.0</ele>
    <time>2020-06-21T14:23:23Z</time>
   </trkpt>
   <trkpt lat="51.1091770" lon="-0.5431440">
    <ele>50.9</ele>
    <time>2020-06-21T14:23:24Z</time>
   </trkpt>
   <trkpt lat="51.1091470" lon="-0.5432390">
    <ele>50.9</ele>
    <time>2020-06-21T14:23:25Z</time>
   </trkpt>
   <trkpt lat="51.1091260" lon="-0.5433450">
    <ele>50.7</ele>
    <time>2020-06-21T14:23:26Z</time>
   </trkpt>
   <trkpt lat="51.1091180" lon="-0.5434500">
    <ele>50.7</ele>
    <time>2020-06-21T14:23:27Z</time>
   </trkpt>
   <trkpt lat="51.1090910" lon="-0.5435560">
    <ele>50.6</ele>
    <time>2020-06-21T14:23:28Z</time>
   </trkpt>
   <trkpt lat="51.1090670" lon="-0.5436680">
    <ele>50.5</ele>
    <time>2020-06-21T14:23:29Z</time>
   </trkpt>
   <trkpt lat="51.1090510" lon="-0.5437780">
    <ele>50.3</ele>
    <time>2020-06-21T14:23:30Z</time>
   </trkpt>
   <trkpt lat="51.1090400" lon="-0.5438900">
    <ele>50.2</ele>
    <time>2020-06-21T14:23:31Z</time>
   </trkpt>
   <trkpt lat="51.1090470" lon="-0.5439900">
    <ele>50.1</ele>
    <time>2020-06-21T14:23:32Z</time>
   </trkpt>
   <trkpt lat="51.1090420" lon="-0.5441000">
    <ele>50.0</ele>
    <time>2020-06-21T14:23:33Z</time>
   </trkpt>
   <trkpt lat="51.1090270" lon="-0.5442240">
    <ele>49.9</ele>
    <time>2020-06-21T14:23:34Z</time>
   </trkpt>
   <trkpt lat="51.1090290" lon="-0.5443460">
    <ele>49.7</ele>
    <time>2020-06-21T14:23:35Z</time>
   </trkpt>
   <trkpt lat="51.1090260" lon="-0.5444590">
    <ele>49.6</ele>
    <time>2020-06-21T14:23:36Z</time>
   </trkpt>
   <trkpt lat="51.1090070" lon="-0.5445680">
    <ele>49.4</ele>
    <time>2020-06-21T14:23:37Z</time>
   </trkpt>
   <trkpt lat="51.1089890" lon="-0.5446910">
    <ele>49.3</ele>
    <time>2020-06-21T14:23:38Z</time>
   </trkpt>
   <trkpt lat="51.1089660" lon="-0.5448110">
    <ele>49.1</ele>
    <time>2020-06-21T14:23:39Z</time>
   </trkpt>
   <trkpt lat="51.1089440" lon="-0.5449350">
    <ele>48.9</ele>
    <time>2020-06-21T14:23:40Z</time>
   </trkpt>
   <trkpt lat="51.1089110" lon="-0.5450680">
    <ele>48.6</ele>
    <time>2020-06-21T14:23:41Z</time>
   </trkpt>
   <trkpt lat="51.1088840" lon="-0.5451960">
    <ele>48.4</ele>
    <time>2020-06-21T14:23:42Z</time>
   </trkpt>
   <trkpt lat="51.1088440" lon="-0.5453380">
    <ele>48.3</ele>
    <time>2020-06-21T14:23:43Z</time>
   </trkpt>
   <trkpt lat="51.1088100" lon="-0.5454760">
    <ele>48.2</ele>
    <time>2020-06-21T14:23:44Z</time>
   </trkpt>
   <trkpt lat="51.1087660" lon="-0.5456070">
    <ele>48.0</ele>
    <time>2020-06-21T14:23:45Z</time>
   </trkpt>
   <trkpt lat="51.1087210" lon="-0.5457270">
    <ele>47.9</ele>
    <time>2020-06-21T14:23:46Z</time>
   </trkpt>
   <trkpt lat="51.1086800" lon="-0.5458450">
    <ele>47.7</ele>
    <time>2020-06-21T14:23:47Z</time>
   </trkpt>
   <trkpt lat="51.1086490" lon="-0.5459740">
    <ele>47.6</ele>
    <time>2020-06-21T14:23:48Z</time>
   </trkpt>
   <trkpt lat="51.1086110" lon="-0.5461060">
    <ele>47.5</ele>
    <time>2020-06-21T14:23:49Z</time>
   </trkpt>
   <trkpt lat="51.1085770" lon="-0.5462360">
    <ele>47.4</ele>
    <time>2020-06-21T14:23:50Z</time>
   </trkpt>
   <trkpt lat="51.1085390" lon="-0.5463680">
    <ele>47.2</ele>
    <time>2020-06-21T14:23:51Z</time>
   </trkpt>
   <trkpt lat="51.1085030" lon="-0.5464900">
    <ele>47.1</ele>
    <time>2020-06-21T14:23:52Z</time>
   </trkpt>
   <trkpt lat="51.1084700" lon="-0.5466070">
    <ele>46.9</ele>
    <time>2020-06-21T14:23:53Z</time>
   </trkpt>
   <trkpt lat="51.1084290" lon="-0.5467250">
    <ele>46.6</ele>
    <time>2020-06-21T14:23:54Z</time>
   </trkpt>
   <trkpt lat="51.1083780" lon="-0.5468420">
    <ele>46.4</ele>
    <time>2020-06-21T14:23:55Z</time>
   </trkpt>
   <trkpt lat="51.1083340" lon="-0.5469520">
    <ele>46.2</ele>
    <time>2020-06-21T14:23:56Z</time>
   </trkpt>
   <trkpt lat="51.1082810" lon="-0.5470540">
    <ele>46.2</ele>
    <time>2020-06-21T14:23:57Z</time>
   </trkpt>
   <trkpt lat="51.1082370" lon="-0.5471590">
    <ele>46.2</ele>
    <time>2020-06-21T14:23:58Z</time>
   </trkpt>
   <trkpt lat="51.1082180" lon="-0.5472610">
    <ele>46.2</ele>
    <time>2020-06-21T14:23:59Z</time>
   </trkpt>
   <trkpt lat="51.1082000" lon="-0.5473600">
    <ele>46.2</ele>
    <time>2020-06-21T14:24:00Z</time>
   </trkpt>
   <trkpt lat="51.1081640" lon="-0.5474730">
    <ele>46.1</ele>
    <time>2020-06-21T14:24:01Z</time>
   </trkpt>
   <trkpt lat="51.1081230" lon="-0.5475800">
    <ele>46.1</ele>
    <time>2020-06-21T14:24:02Z</time>
   </trkpt>
   <trkpt lat="51.1080820" lon="-0.5476870">
    <ele>46.0</ele>
    <time>2020-06-21T14:24:03Z</time>
   </trkpt>
   <trkpt lat="51.1080460" lon="-0.5477940">
    <ele>46.0</ele>
    <time>2020-06-21T14:24:04Z</time>
   </trkpt>
   <trkpt lat="51.1080040" lon="-0.5479150">
    <ele>45.8</ele>
    <time>2020-06-21T14:24:05Z</time>
   </trkpt>
   <trkpt lat="51.1079700" lon="-0.5480380">
    <ele>45.7</ele>
    <time>2020-06-21T14:24:06Z</time>
   </trkpt>
   <trkpt lat="51.1079350" lon="-0.5481530">
    <ele>45.6</ele>
    <time>2020-06-21T14:24:07Z</time>
   </trkpt>
   <trkpt lat="51.1079080" lon="-0.5482680">
    <ele>45.5</ele>
    <time>2020-06-21T14:24:08Z</time>
   </trkpt>
   <trkpt lat="51.1078810" lon="-0.5483860">
    <ele>45.4</ele>
    <time>2020-06-21T14:24:09Z</time>
   </trkpt>
   <trkpt lat="51.1078380" lon="-0.5484950">
    <ele>45.3</ele>
    <time>2020-06-21T14:24:10Z</time>
   </trkpt>
   <trkpt lat="51.1078090" lon="-0.5486110">
    <ele>45.2</ele>
    <time>2020-06-21T14:24:11Z</time>
   </trkpt>
   <trkpt lat="51.1077940" lon="-0.5487240">
    <ele>45.1</ele>
    <time>2020-06-21T14:24:12Z</time>
   </trkpt>
   <trkpt lat="51.1077940" lon="-0.5488470">
    <ele>45.1</ele>
    <time>2020-06-21T14:24:13Z</time>
   </trkpt>
   <trkpt lat="51.1078070" lon="-0.5489690">
    <ele>45.1</ele>
    <time>2020-06-21T14:24:14Z</time>
   </trkpt>
   <trkpt lat="51.1078240" lon="-0.5490840">
    <ele>45.1</ele>
    <time>2020-06-21T14:24:15Z</time>
   </trkpt>
   <trkpt lat="51.1078820" lon="-0.5491620">
    <ele>45.2</ele>
    <time>2020-06-21T14:24:16Z</time>
   </trkpt>
   <trkpt lat="51.1079510" lon="-0.5492020">
    <ele>45.2</ele>
    <time>2020-06-21T14:24:17Z</time>
   </trkpt>
   <trkpt lat="51.1080230" lon="-0.5492220">
    <ele>45.3</ele>
    <time>2020-06-21T14:24:18Z</time>
   </trkpt>
   <trkpt lat="51.1080770" lon="-0.5492530">
    <ele>45.4</ele>
    <time>2020-06-21T14:24:19Z</time>
   </trkpt>
   <trkpt lat="51.1081170" lon="-0.5492750">
    <ele>45.4</ele>
    <time>2020-06-21T14:24:20Z</time>
   </trkpt>
   <trkpt lat="51.1081860" lon="-0.5493190">
    <ele>45.5</ele>
    <time>2020-06-21T14:24:21Z</time>
   </trkpt>
   <trkpt lat="51.1082460" lon="-0.5493570">
    <ele>45.6</ele>
    <time>2020-06-21T14:24:22Z</time>
   </trkpt>
   <trkpt lat="51.1083160" lon="-0.5493980">
    <ele>45.7</ele>
    <time>2020-06-21T14:24:23Z</time>
   </trkpt>
   <trkpt lat="51.1083820" lon="-0.5494280">
    <ele>45.7</ele>
    <time>2020-06-21T14:24:24Z</time>
   </trkpt>
   <trkpt lat="51.1084250" lon="-0.5494820">
    <ele>45.8</ele>
    <time>2020-06-21T14:24:25Z</time>
   </trkpt>
   <trkpt lat="51.1084380" lon="-0.5495690">
    <ele>45.7</ele>
    <time>2020-06-21T14:24:26Z</time>
   </trkpt>
   <trkpt lat="51.1084370" lon="-0.5496570">
    <ele>45.6</ele>
    <time>2020-06-21T14:24:27Z</time>
   </trkpt>
   <trkpt lat="51.1084120" lon="-0.5497470">
    <ele>45.5</ele>
    <time>2020-06-21T14:24:28Z</time>
   </trkpt>
   <trkpt lat="51.1083810" lon="-0.5498200">
    <ele>45.3</ele>
    <time>2020-06-21T14:24:29Z</time>
   </trkpt>
   <trkpt lat="51.1083400" lon="-0.5498970">
    <ele>45.2</ele>
    <time>2020-06-21T14:24:30Z</time>
   </trkpt>
   <trkpt lat="51.1082930" lon="-0.5499610">
    <ele>45.1</ele>
    <time>2020-06-21T14:24:31Z</time>
   </trkpt>
   <trkpt lat="51.1082470" lon="-0.5500090">
    <ele>45.0</ele>
    <time>2020-06-21T14:24:32Z</time>
   </trkpt>
   <trkpt lat="51.1081920" lon="-0.5500510">
    <ele>44.9</ele>
    <time>2020-06-21T14:24:33Z</time>
   </trkpt>
   <trkpt lat="51.1081420" lon="-0.5500940">
    <ele>44.8</ele>
    <time>2020-06-21T14:24:34Z</time>
   </trkpt>
   <trkpt lat="51.1080870" lon="-0.5501300">
    <ele>44.8</ele>
    <time>2020-06-21T14:24:35Z</time>
   </trkpt>
   <trkpt lat="51.1080160" lon="-0.5501440">
    <ele>44.7</ele>
    <time>2020-06-21T14:24:36Z</time>
   </trkpt>
   <trkpt lat="51.1079560" lon="-0.5501600">
    <ele>44.6</ele>
    <time>2020-06-21T14:24:37Z</time>
   </trkpt>
   <trkpt lat="51.1078910" lon="-0.5501870">
    <ele>44.5</ele>
    <time>2020-06-21T14:24:38Z</time>
   </trkpt>
   <trkpt lat="51.1078230" lon="-0.5502080">
    <ele>44.5</ele>
    <time>2020-06-21T14:24:39Z</time>
   </trkpt>
   <trkpt lat="51.1077610" lon="-0.5502220">
    <ele>44.4</ele>
    <time>2020-06-21T14:24:40Z</time>
   </trkpt>
   <trkpt lat="51.1076980" lon="-0.5502350">
    <ele>44.4</ele>
    <time>2020-06-21T14:24:41Z</time>
   </trkpt>
   <trkpt lat="51.1076340" lon="-0.5502660">
    <ele>44.4</ele>
    <time>2020-06-21T14:24:42Z</time>
   </trkpt>
   <trkpt lat="51.1075700" lon="-0.5502860">
    <ele>44.3</ele>
    <time>2020-06-21T14:24:43Z</time>
   </trkpt>
   <trkpt lat="51.1075090" lon="-0.5503110">
    <ele>44.3</ele>
    <time>2020-06-21T14:24:44Z</time>
   </trkpt>
   <trkpt lat="51.1074530" lon="-0.5503430">
    <ele>44.4</ele>
    <time>2020-06-21T14:24:45Z</time>
   </trkpt>
   <trkpt lat="51.1074020" lon="-0.5503740">
    <ele>44.4</ele>
    <time>2020-06-21T14:24:46Z</time>
   </trkpt>
   <trkpt lat="51.1073530" lon="-0.5503990">
    <ele>44.5</ele>
    <time>2020-06-21T14:24:47Z</time>
   </trkpt>
   <trkpt lat="51.1073010" lon="-0.5504310">
    <ele>44.6</ele>
    <time>2020-06-21T14:24:48Z</time>
   </trkpt>
   <trkpt lat="51.1072510" lon="-0.5504670">
    <ele>44.7</ele>
    <time>2020-06-21T14:24:49Z</time>
   </trkpt>
   <trkpt lat="51.1071990" lon="-0.5504920">
    <ele>44.8</ele>
    <time>2020-06-21T14:24:50Z</time>
   </trkpt>
   <trkpt lat="51.1071460" lon="-0.5505130">
    <ele>44.9</ele>
    <time>2020-06-21T14:24:51Z</time>
   </trkpt>
   <trkpt lat="51.1070880" lon="-0.5505330">
    <ele>44.9</ele>
    <time>2020-06-21T14:24:52Z</time>
   </trkpt>
   <trkpt lat="51.1070310" lon="-0.5505590">
    <ele>44.9</ele>
    <time>2020-06-21T14:24:53Z</time>
   </trkpt>
   <trkpt lat="51.1069810" lon="-0.5505800">
    <ele>45.0</ele>
    <time>2020-06-21T14:24:54Z</time>
   </trkpt>
   <trkpt lat="51.1069270" lon="-0.5506020">
    <ele>45.0</ele>
    <time>2020-06-21T14:24:55Z</time>
   </trkpt>
   <trkpt lat="51.1068700" lon="-0.5506220">
    <ele>45.0</ele>
    <time>2020-06-21T14:24:56Z</time>
   </trkpt>
   <trkpt lat="51.1068080" lon="-0.5506390">
    <ele>45.1</ele>
    <time>2020-06-21T14:24:57Z</time>
   </trkpt>
   <trkpt lat="51.1067540" lon="-0.5506630">
    <ele>45.0</ele>
    <time>2020-06-21T14:24:58Z</time>
   </trkpt>
   <trkpt lat="51.1066980" lon="-0.5506780">
    <ele>45.0</ele>
    <time>2020-06-21T14:24:59Z</time>
   </trkpt>
   <trkpt lat="51.1066460" lon="-0.5506950">
    <ele>44.9</ele>
    <time>2020-06-21T14:25:00Z</time>
   </trkpt>
   <trkpt lat="51.1065900" lon="-0.5507140">
    <ele>44.9</ele>
    <time>2020-06-21T14:25:01Z</time>
   </trkpt>
   <trkpt lat="51.1065270" lon="-0.5507320">
    <ele>44.8</ele>
    <time>2020-06-21T14:25:02Z</time>
   </trkpt>
   <trkpt lat="51.1064650" lon="-0.5507540">
    <ele>44.7</ele>
    <time>2020-06-21T14:25:03Z</time>
   </trkpt>
   <trkpt lat="51.1064030" lon="-0.5507750">
    <ele>44.6</ele>
    <time>2020-06-21T14:25:04Z</time>
   </trkpt>
   <trkpt lat="51.1063480" lon="-0.5508010">
    <ele>44.6</ele>
    <time>2020-06-21T14:25:05Z</time>
   </trkpt>
   <trkpt lat="51.1062850" lon="-0.5508380">
    <ele>44.5</ele>
    <time>2020-06-21T14:25:06Z</time>
   </trkpt>
   <trkpt lat="51.1062230" lon="-0.5508740">
    <ele>44.5</ele>
    <time>2020-06-21T14:25:07Z</time>
   </trkpt>
   <trkpt lat="51.1061620" lon="-0.5509020">
    <ele>44.5</ele>
    <time>2020-06-21T14:25:08Z</time>
   </trkpt>
   <trkpt lat="51.1061050" lon="-0.5509260">
    <ele>44.5</ele>
    <time>2020-06-21T14:25:09Z</time>
   </trkpt>
   <trkpt lat="51.1060360" lon="-0.5509480">
    <ele>44.5</ele>
    <time>2020-06-21T14:25:10Z</time>
   </trkpt>
   <trkpt lat="51.1059730" lon="-0.5509760">
    <ele>44.5</ele>
    <time>2020-06-21T14:25:11Z</time>
   </trkpt>
   <trkpt lat="51.1059140" lon="-0.5509940">
    <ele>44.4</ele>
    <time>2020-06-21T14:25:12Z</time>
   </trkpt>
   <trkpt lat="51.1058520" lon="-0.5510140">
    <ele>44.4</ele>
    <time>2020-06-21T14:25:13Z</time>
   </trkpt>
   <trkpt lat="51.1057960" lon="-0.5510370">
    <ele>44.4</ele>
    <time>2020-06-21T14:25:14Z</time>
   </trkpt>
   <trkpt lat="51.1057300" lon="-0.5510630">
    <ele>44.4</ele>
    <time>2020-06-21T14:25:15Z</time>
   </trkpt>
   <trkpt lat="51.1056560" lon="-0.5510820">
    <ele>44.3</ele>
    <time>2020-06-21T14:25:16Z</time>
   </trkpt>
   <trkpt lat="51.1055950" lon="-0.5510940">
    <ele>44.3</ele>
    <time>2020-06-21T14:25:17Z</time>
   </trkpt>
   <trkpt lat="51.1055490" lon="-0.5511190">
    <ele>44.3</ele>
    <time>2020-06-21T14:25:18Z</time>
   </trkpt>
   <trkpt lat="51.1054940" lon="-0.5511360">
    <ele>44.3</ele>
    <time>2020-06-21T14:25:19Z</time>
   </trkpt>
   <trkpt lat="51.1054410" lon="-0.5511560">
    <ele>44.2</ele>
    <time>2020-06-21T14:25:20Z</time>
   </trkpt>
   <trkpt lat="51.1053950" lon="-0.5511800">
    <ele>44.2</ele>
    <time>2020-06-21T14:25:21Z</time>
   </trkpt>
   <trkpt lat="51.1053490" lon="-0.5512070">
    <ele>44.1</ele>
    <time>2020-06-21T14:25:22Z</time>
   </trkpt>
   <trkpt lat="51.1053030" lon="-0.5512440">
    <ele>44.1</ele>
    <time>2020-06-21T14:25:23Z</time>
   </trkpt>
   <trkpt lat="51.1052480" lon="-0.5512740">
    <ele>44.0</ele>
    <time>2020-06-21T14:25:24Z</time>
   </trkpt>
   <trkpt lat="51.1051920" lon="-0.5513060">
    <ele>44.0</ele>
    <time>2020-06-21T14:25:25Z</time>
   </trkpt>
   <trkpt lat="51.1051280" lon="-0.5513510">
    <ele>43.9</ele>
    <time>2020-06-21T14:25:26Z</time>
   </trkpt>
   <trkpt lat="51.1050690" lon="-0.5513960">
    <ele>43.9</ele>
    <time>2020-06-21T14:25:27Z</time>
   </trkpt>
   <trkpt lat="51.1050280" lon="-0.5514510">
    <ele>43.9</ele>
    <time>2020-06-21T14:25:28Z</time>
   </trkpt>
   <trkpt lat="51.1049850" lon="-0.5515170">
    <ele>43.9</ele>
    <time>2020-06-21T14:25:29Z</time>
   </trkpt>
   <trkpt lat="51.1049590" lon="-0.5515820">
    <ele>43.9</ele>
    <time>2020-06-21T14:25:30Z</time>
   </trkpt>
   <trkpt lat="51.1049360" lon="-0.5516320">
    <ele>44.0</ele>
    <time>2020-06-21T14:25:31Z</time>
   </trkpt>
   <trkpt lat="51.1049130" lon="-0.5517000">
    <ele>44.0</ele>
    <time>2020-06-21T14:25:32Z</time>
   </trkpt>
   <trkpt lat="51.1048760" lon="-0.5517840">
    <ele>44.1</ele>
    <time>2020-06-21T14:25:33Z</time>
   </trkpt>
   <trkpt lat="51.1048260" lon="-0.5518620">
    <ele>44.1</ele>
    <time>2020-06-21T14:25:34Z</time>
   </trkpt>
   <trkpt lat="51.1047760" lon="-0.5519540">
    <ele>44.1</ele>
    <time>2020-06-21T14:25:35Z</time>
   </trkpt>
   <trkpt lat="51.1047290" lon="-0.5520560">
    <ele>44.1</ele>
    <time>2020-06-21T14:25:36Z</time>
   </trkpt>
   <trkpt lat="51.1046840" lon="-0.5521530">
    <ele>44.1</ele>
    <time>2020-06-21T14:25:37Z</time>
   </trkpt>
   <trkpt lat="51.1046520" lon="-0.5522210">
    <ele>44.1</ele>
    <time>2020-06-21T14:25:38Z</time>
   </trkpt>
   <trkpt lat="51.1046220" lon="-0.5523010">
    <ele>44.1</ele>
    <time>2020-06-21T14:25:39Z</time>
   </trkpt>
   <trkpt lat="51.1045760" lon="-0.5523840">
    <ele>44.1</ele>
    <time>2020-06-21T14:25:40Z</time>
   </trkpt>
   <trkpt lat="51.1045280" lon="-0.5524760">
    <ele>44.2</ele>
    <time>2020-06-21T14:25:41Z</time>
   </trkpt>
   <trkpt lat="51.1044750" lon="-0.5525660">
    <ele>44.2</ele>
    <time>2020-06-21T14:25:42Z</time>
   </trkpt>
   <trkpt lat="51.1044210" lon="-0.5526480">
    <ele>44.3</ele>
    <time>2020-06-21T14:25:43Z</time>
   </trkpt>
   <trkpt lat="51.1043860" lon="-0.5527390">
    <ele>44.4</ele>
    <time>2020-06-21T14:25:44Z</time>
   </trkpt>
   <trkpt lat="51.1043460" lon="-0.5528360">
    <ele>44.6</ele>
    <time>2020-06-21T14:25:45Z</time>
   </trkpt>
   <trkpt lat="51.1043020" lon="-0.5529250">
    <ele>44.7</ele>
    <time>2020-06-21T14:25:46Z</time>
   </trkpt>
   <trkpt lat="51.1042710" lon="-0.5530090">
    <ele>44.9</ele>
    <time>2020-06-21T14:25:47Z</time>
   </trkpt>
   <trkpt lat="51.1042450" lon="-0.5530990">
    <ele>45.1</ele>
    <time>2020-06-21T14:25:48Z</time>
   </trkpt>
   <trkpt lat="51.1042230" lon="-0.5531900">
    <ele>45.3</ele>
    <time>2020-06-21T14:25:49Z</time>
   </trkpt>
   <trkpt lat="51.1042040" lon="-0.5532760">
    <ele>45.5</ele>
    <time>2020-06-21T14:25:50Z</time>
   </trkpt>
   <trkpt lat="51.1041710" lon="-0.5533490">
    <ele>45.7</ele>
    <time>2020-06-21T14:25:51Z</time>
   </trkpt>
   <trkpt lat="51.1041440" lon="-0.5534310">
    <ele>45.9</ele>
    <time>2020-06-21T14:25:52Z</time>
   </trkpt>
   <trkpt lat="51.1041260" lon="-0.5535160">
    <ele>46.1</ele>
    <time>2020-06-21T14:25:53Z</time>
   </trkpt>
   <trkpt lat="51.1041130" lon="-0.5535950">
    <ele>46.3</ele>
    <time>2020-06-21T14:25:54Z</time>
   </trkpt>
   <trkpt lat="51.1041000" lon="-0.5536730">
    <ele>46.5</ele>
    <time>2020-06-21T14:25:55Z</time>
   </trkpt>
   <trkpt lat="51.1040840" lon="-0.5537630">
    <ele>46.8</ele>
    <time>2020-06-21T14:25:56Z</time>
   </trkpt>
   <trkpt lat="51.1040790" lon="-0.5538470">
    <ele>47.0</ele>
    <time>2020-06-21T14:25:57Z</time>
   </trkpt>
   <trkpt lat="51.1040800" lon="-0.5539270">
    <ele>47.2</ele>
    <time>2020-06-21T14:25:58Z</time>
   </trkpt>
   <trkpt lat="51.1040790" lon="-0.5540070">
    <ele>47.4</ele>
    <time>2020-06-21T14:25:59Z</time>
   </trkpt>
   <trkpt lat="51.1040760" lon="-0.5540820">
    <ele>47.5</ele>
    <time>2020-06-21T14:26:00Z</time>
   </trkpt>
   <trkpt lat="51.1040660" lon="-0.5541600">
    <ele>47.6</ele>
    <time>2020-06-21T14:26:01Z</time>
   </trkpt>
   <trkpt lat="51.1040550" lon="-0.5542460">
    <ele>47.7</ele>
    <time>2020-06-21T14:26:02Z</time>
   </trkpt>
   <trkpt lat="51.1040490" lon="-0.5543360">
    <ele>47.8</ele>
    <time>2020-06-21T14:26:03Z</time>
   </trkpt>
   <trkpt lat="51.1040460" lon="-0.5544210">
    <ele>47.9</ele>
    <time>2020-06-21T14:26:04Z</time>
   </trkpt>
   <trkpt lat="51.1040390" lon="-0.5545010">
    <ele>48.0</ele>
    <time>2020-06-21T14:26:05Z</time>
   </trkpt>
   <trkpt lat="51.1040350" lon="-0.5545780">
    <ele>48.0</ele>
    <time>2020-06-21T14:26:06Z</time>
   </trkpt>
   <trkpt lat="51.1040290" lon="-0.5546700">
    <ele>48.1</ele>
    <time>2020-06-21T14:26:07Z</time>
   </trkpt>
   <trkpt lat="51.1040250" lon="-0.5547610">
    <ele>48.2</ele>
    <time>2020-06-21T14:26:08Z</time>
   </trkpt>
   <trkpt lat="51.1040140" lon="-0.5548490">
    <ele>48.3</ele>
    <time>2020-06-21T14:26:09Z</time>
   </trkpt>
   <trkpt lat="51.1040110" lon="-0.5549330">
    <ele>48.4</ele>
    <time>2020-06-21T14:26:10Z</time>
   </trkpt>
   <trkpt lat="51.1040190" lon="-0.5550200">
    <ele>48.5</ele>
    <time>2020-06-21T14:26:11Z</time>
   </trkpt>
   <trkpt lat="51.1040270" lon="-0.5551050">
    <ele>48.6</ele>
    <time>2020-06-21T14:26:12Z</time>
   </trkpt>
   <trkpt lat="51.1040390" lon="-0.5551840">
    <ele>48.6</ele>
    <time>2020-06-21T14:26:13Z</time>
   </trkpt>
   <trkpt lat="51.1040400" lon="-0.5552630">
    <ele>48.6</ele>
    <time>2020-06-21T14:26:14Z</time>
   </trkpt>
   <trkpt lat="51.1040410" lon="-0.5553390">
    <ele>48.6</ele>
    <time>2020-06-21T14:26:15Z</time>
   </trkpt>
   <trkpt lat="51.1040270" lon="-0.5554160">
    <ele>48.7</ele>
    <time>2020-06-21T14:26:16Z</time>
   </trkpt>
   <trkpt lat="51.1040200" lon="-0.5554910">
    <ele>48.7</ele>
    <time>2020-06-21T14:26:17Z</time>
   </trkpt>
   <trkpt lat="51.1040160" lon="-0.5555660">
    <ele>48.7</ele>
    <time>2020-06-21T14:26:18Z</time>
   </trkpt>
   <trkpt lat="51.1040170" lon="-0.5556510">
    <ele>48.8</ele>
    <time>2020-06-21T14:26:19Z</time>
   </trkpt>
   <trkpt lat="51.1040130" lon="-0.5557350">
    <ele>48.9</ele>
    <time>2020-06-21T14:26:20Z</time>
   </trkpt>
   <trkpt lat="51.1040030" lon="-0.5558130">
    <ele>49.0</ele>
    <time>2020-06-21T14:26:21Z</time>
   </trkpt>
   <trkpt lat="51.1039970" lon="-0.5558930">
    <ele>49.1</ele>
    <time>2020-06-21T14:26:22Z</time>
   </trkpt>
   <trkpt lat="51.1039960" lon="-0.5559740">
    <ele>49.3</ele>
    <time>2020-06-21T14:26:23Z</time>
   </trkpt>
   <trkpt lat="51.1039870" lon="-0.5560560">
    <ele>49.4</ele>
    <time>2020-06-21T14:26:24Z</time>
   </trkpt>
   <trkpt lat="51.1039840" lon="-0.5561440">
    <ele>49.6</ele>
    <time>2020-06-21T14:26:25Z</time>
   </trkpt>
   <trkpt lat="51.1039760" lon="-0.5562220">
    <ele>49.8</ele>
    <time>2020-06-21T14:26:26Z</time>
   </trkpt>
   <trkpt lat="51.1039620" lon="-0.5562930">
    <ele>50.0</ele>
    <time>2020-06-21T14:26:27Z</time>
   </trkpt>
   <trkpt lat="51.1039550" lon="-0.5563730">
    <ele>50.3</ele>
    <time>2020-06-21T14:26:28Z</time>
   </trkpt>
   <trkpt lat="51.1039490" lon="-0.5564500">
    <ele>50.5</ele>
    <time>2020-06-21T14:26:29Z</time>
   </trkpt>
   <trkpt lat="51.1039430" lon="-0.5565190">
    <ele>50.7</ele>
    <time>2020-06-21T14:26:30Z</time>
   </trkpt>
   <trkpt lat="51.1039310" lon="-0.5565650">
    <ele>50.8</ele>
    <time>2020-06-21T14:26:31Z</time>
   </trkpt>
   <trkpt lat="51.1039230" lon="-0.5566220">
    <ele>51.0</ele>
    <time>2020-06-21T14:26:32Z</time>
   </trkpt>
   <trkpt lat="51.1039140" lon="-0.5566830">
    <ele>51.1</ele>
    <time>2020-06-21T14:26:33Z</time>
   </trkpt>
   <trkpt lat="51.1038910" lon="-0.5567600">
    <ele>51.1</ele>
    <time>2020-06-21T14:26:34Z</time>
   </trkpt>
   <trkpt lat="51.1038770" lon="-0.5568420">
    <ele>51.1</ele>
    <time>2020-06-21T14:26:35Z</time>
   </trkpt>
   <trkpt lat="51.1038620" lon="-0.5569160">
    <ele>51.2</ele>
    <time>2020-06-21T14:26:36Z</time>
   </trkpt>
   <trkpt lat="51.1038390" lon="-0.5569780">
    <ele>51.2</ele>
    <time>2020-06-21T14:26:37Z</time>
   </trkpt>
   <trkpt lat="51.1038260" lon="-0.5570020">
    <ele>51.3</ele>
    <time>2020-06-21T14:26:38Z</time>
   </trkpt>
   <trkpt lat="51.1037930" lon="-0.5571210">
    <ele>51.4</ele>
    <time>2020-06-21T14:26:40Z</time>
   </trkpt>
   <trkpt lat="51.1037770" lon="-0.5571790">
    <ele>51.4</ele>
    <time>2020-06-21T14:26:41Z</time>
   </trkpt>
   <trkpt lat="51.1037780" lon="-0.5572220">
    <ele>51.5</ele>
    <time>2020-06-21T14:26:42Z</time>
   </trkpt>
   <trkpt lat="51.1038310" lon="-0.5573050">
    <ele>51.5</ele>
    <time>2020-06-21T14:26:44Z</time>
   </trkpt>
   <trkpt lat="51.1038950" lon="-0.5573390">
    <ele>51.6</ele>
    <time>2020-06-21T14:26:45Z</time>
   </trkpt>
   <trkpt lat="51.1039300" lon="-0.5573700">
    <ele>51.6</ele>
    <time>2020-06-21T14:26:47Z</time>
   </trkpt>
   <trkpt lat="51.1040350" lon="-0.5574560">
    <ele>51.6</ele>
    <time>2020-06-21T14:26:49Z</time>
   </trkpt>
   <trkpt lat="51.1040810" lon="-0.5574580">
    <ele>51.6</ele>
    <time>2020-06-21T14:26:50Z</time>
   </trkpt>
   <trkpt lat="51.1041920" lon="-0.5575370">
    <ele>51.6</ele>
    <time>2020-06-21T14:26:52Z</time>
   </trkpt>
   <trkpt lat="51.1042460" lon="-0.5575510">
    <ele>51.5</ele>
    <time>2020-06-21T14:26:53Z</time>
   </trkpt>
   <trkpt lat="51.1043040" lon="-0.5575730">
    <ele>51.5</ele>
    <time>2020-06-21T14:26:54Z</time>
   </trkpt>
   <trkpt lat="51.1043570" lon="-0.5576060">
    <ele>51.5</ele>
    <time>2020-06-21T14:26:55Z</time>
   </trkpt>
   <trkpt lat="51.1044020" lon="-0.5576310">
    <ele>51.5</ele>
    <time>2020-06-21T14:26:56Z</time>
   </trkpt>
   <trkpt lat="51.1044530" lon="-0.5576680">
    <ele>51.5</ele>
    <time>2020-06-21T14:26:57Z</time>
   </trkpt>
   <trkpt lat="51.1045060" lon="-0.5576970">
    <ele>51.5</ele>
    <time>2020-06-21T14:26:58Z</time>
   </trkpt>
   <trkpt lat="51.1045640" lon="-0.5577340">
    <ele>51.5</ele>
    <time>2020-06-21T14:26:59Z</time>
   </trkpt>
   <trkpt lat="51.1046320" lon="-0.5577520">
    <ele>51.5</ele>
    <time>2020-06-21T14:27:00Z</time>
   </trkpt>
   <trkpt lat="51.1046920" lon="-0.5577650">
    <ele>51.5</ele>
    <time>2020-06-21T14:27:01Z</time>
   </trkpt>
   <trkpt lat="51.1047510" lon="-0.5577650">
    <ele>51.5</ele>
    <time>2020-06-21T14:27:02Z</time>
   </trkpt>
   <trkpt lat="51.1048040" lon="-0.5577660">
    <ele>51.5</ele>
    <time>2020-06-21T14:27:03Z</time>
   </trkpt>
   <trkpt lat="51.1048480" lon="-0.5577830">
    <ele>51.5</ele>
    <time>2020-06-21T14:27:04Z</time>
   </trkpt>
   <trkpt lat="51.1048950" lon="-0.5577990">
    <ele>51.5</ele>
    <time>2020-06-21T14:27:05Z</time>
   </trkpt>
   <trkpt lat="51.1049590" lon="-0.5577930">
    <ele>51.5</ele>
    <time>2020-06-21T14:27:06Z</time>
   </trkpt>
   <trkpt lat="51.1050200" lon="-0.5577850">
    <ele>51.5</ele>
    <time>2020-06-21T14:27:07Z</time>
   </trkpt>
   <trkpt lat="51.1050710" lon="-0.5577800">
    <ele>51.5</ele>
    <time>2020-06-21T14:27:08Z</time>
   </trkpt>
   <trkpt lat="51.1051310" lon="-0.5577690">
    <ele>51.5</ele>
    <time>2020-06-21T14:27:09Z</time>
   </trkpt>
   <trkpt lat="51.1051870" lon="-0.5577550">
    <ele>51.5</ele>
    <time>2020-06-21T14:27:10Z</time>
   </trkpt>
   <trkpt lat="51.1052460" lon="-0.5577370">
    <ele>51.5</ele>
    <time>2020-06-21T14:27:11Z</time>
   </trkpt>
   <trkpt lat="51.1052950" lon="-0.5577290">
    <ele>51.5</ele>
    <time>2020-06-21T14:27:12Z</time>
   </trkpt>
   <trkpt lat="51.1053330" lon="-0.5577410">
    <ele>51.5</ele>
    <time>2020-06-21T14:27:13Z</time>
   </trkpt>
   <trkpt lat="51.1053510" lon="-0.5577450">
    <ele>51.5</ele>
    <time>2020-06-21T14:27:14Z</time>
   </trkpt>
   <trkpt lat="51.1054220" lon="-0.5577450">
    <ele>51.5</ele>
    <time>2020-06-21T14:27:15Z</time>
   </trkpt>
   <trkpt lat="51.1054960" lon="-0.5577440">
    <ele>51.6</ele>
    <time>2020-06-21T14:27:16Z</time>
   </trkpt>
   <trkpt lat="51.1055550" lon="-0.5577440">
    <ele>51.6</ele>
    <time>2020-06-21T14:27:17Z</time>
   </trkpt>
   <trkpt lat="51.1056100" lon="-0.5577470">
    <ele>51.6</ele>
    <time>2020-06-21T14:27:18Z</time>
   </trkpt>
   <trkpt lat="51.1056610" lon="-0.5577520">
    <ele>51.5</ele>
    <time>2020-06-21T14:27:19Z</time>
   </trkpt>
   <trkpt lat="51.1057080" lon="-0.5577570">
    <ele>51.5</ele>
    <time>2020-06-21T14:27:20Z</time>
   </trkpt>
   <trkpt lat="51.1057510" lon="-0.5577700">
    <ele>51.5</ele>
    <time>2020-06-21T14:27:21Z</time>
   </trkpt>
   <trkpt lat="51.1058410" lon="-0.5577780">
    <ele>51.5</ele>
    <time>2020-06-21T14:27:22Z</time>
   </trkpt>
   <trkpt lat="51.1059240" lon="-0.5577760">
    <ele>51.5</ele>
    <time>2020-06-21T14:27:24Z</time>
   </trkpt>
   <trkpt lat="51.1059950" lon="-0.5577720">
    <ele>51.5</ele>
    <time>2020-06-21T14:27:25Z</time>
   </trkpt>
   <trkpt lat="51.1060550" lon="-0.5577760">
    <ele>51.5</ele>
    <time>2020-06-21T14:27:26Z</time>
   </trkpt>
   <trkpt lat="51.1060870" lon="-0.5577750">
    <ele>51.4</ele>
    <time>2020-06-21T14:27:27Z</time>
   </trkpt>
   <trkpt lat="51.1061870" lon="-0.5577760">
    <ele>51.4</ele>
    <time>2020-06-21T14:27:29Z</time>
   </trkpt>
   <trkpt lat="51.1062460" lon="-0.5577820">
    <ele>51.3</ele>
    <time>2020-06-21T14:27:30Z</time>
   </trkpt>
   <trkpt lat="51.1063120" lon="-0.5577850">
    <ele>51.2</ele>
    <time>2020-06-21T14:27:31Z</time>
   </trkpt>
   <trkpt lat="51.1063820" lon="-0.5577820">
    <ele>51.1</ele>
    <time>2020-06-21T14:27:32Z</time>
   </trkpt>
   <trkpt lat="51.1064430" lon="-0.5577800">
    <ele>50.9</ele>
    <time>2020-06-21T14:27:33Z</time>
   </trkpt>
   <trkpt lat="51.1064990" lon="-0.5577840">
    <ele>50.7</ele>
    <time>2020-06-21T14:27:34Z</time>
   </trkpt>
   <trkpt lat="51.1065560" lon="-0.5577990">
    <ele>50.5</ele>
    <time>2020-06-21T14:27:35Z</time>
   </trkpt>
   <trkpt lat="51.1066190" lon="-0.5578180">
    <ele>50.2</ele>
    <time>2020-06-21T14:27:36Z</time>
   </trkpt>
   <trkpt lat="51.1066800" lon="-0.5578420">
    <ele>50.0</ele>
    <time>2020-06-21T14:27:37Z</time>
   </trkpt>
   <trkpt lat="51.1067540" lon="-0.5578670">
    <ele>49.7</ele>
    <time>2020-06-21T14:27:38Z</time>
   </trkpt>
   <trkpt lat="51.1068280" lon="-0.5579030">
    <ele>49.3</ele>
    <time>2020-06-21T14:27:39Z</time>
   </trkpt>
   <trkpt lat="51.1068970" lon="-0.5579580">
    <ele>49.0</ele>
    <time>2020-06-21T14:27:40Z</time>
   </trkpt>
   <trkpt lat="51.1069720" lon="-0.5580160">
    <ele>48.7</ele>
    <time>2020-06-21T14:27:41Z</time>
   </trkpt>
   <trkpt lat="51.1070510" lon="-0.5580720">
    <ele>48.5</ele>
    <time>2020-06-21T14:27:42Z</time>
   </trkpt>
   <trkpt lat="51.1071120" lon="-0.5581290">
    <ele>48.2</ele>
    <time>2020-06-21T14:27:43Z</time>
   </trkpt>
   <trkpt lat="51.1071640" lon="-0.5581810">
    <ele>47.9</ele>
    <time>2020-06-21T14:27:44Z</time>
   </trkpt>
   <trkpt lat="51.1072190" lon="-0.5582480">
    <ele>47.6</ele>
    <time>2020-06-21T14:27:45Z</time>
   </trkpt>
   <trkpt lat="51.1072770" lon="-0.5583270">
    <ele>47.2</ele>
    <time>2020-06-21T14:27:46Z</time>
   </trkpt>
   <trkpt lat="51.1073330" lon="-0.5584150">
    <ele>46.9</ele>
    <time>2020-06-21T14:27:47Z</time>
   </trkpt>
   <trkpt lat="51.1073830" lon="-0.5585010">
    <ele>46.5</ele>
    <time>2020-06-21T14:27:48Z</time>
   </trkpt>
   <trkpt lat="51.1074410" lon="-0.5585820">
    <ele>46.1</ele>
    <time>2020-06-21T14:27:49Z</time>
   </trkpt>
   <trkpt lat="51.1074930" lon="-0.5586700">
    <ele>45.6</ele>
    <time>2020-06-21T14:27:50Z</time>
   </trkpt>
   <trkpt lat="51.1075560" lon="-0.5587640">
    <ele>45.2</ele>
    <time>2020-06-21T14:27:51Z</time>
   </trkpt>
   <trkpt lat="51.1076250" lon="-0.5588580">
    <ele>44.8</ele>
    <time>2020-06-21T14:27:52Z</time>
   </trkpt>
   <trkpt lat="51.1076960" lon="-0.5589400">
    <ele>44.3</ele>
    <time>2020-06-21T14:27:53Z</time>
   </trkpt>
   <trkpt lat="51.1077620" lon="-0.5590310">
    <ele>43.9</ele>
    <time>2020-06-21T14:27:54Z</time>
   </trkpt>
   <trkpt lat="51.1078120" lon="-0.5591250">
    <ele>43.6</ele>
    <time>2020-06-21T14:27:55Z</time>
   </trkpt>
   <trkpt lat="51.1078640" lon="-0.5592230">
    <ele>43.2</ele>
    <time>2020-06-21T14:27:56Z</time>
   </trkpt>
   <trkpt lat="51.1079150" lon="-0.5593260">
    <ele>42.9</ele>
    <time>2020-06-21T14:27:57Z</time>
   </trkpt>
   <trkpt lat="51.1079690" lon="-0.5594090">
    <ele>42.6</ele>
    <time>2020-06-21T14:27:58Z</time>
   </trkpt>
   <trkpt lat="51.1080200" lon="-0.5594850">
    <ele>42.4</ele>
    <time>2020-06-21T14:27:59Z</time>
   </trkpt>
   <trkpt lat="51.1080750" lon="-0.5595630">
    <ele>42.1</ele>
    <time>2020-06-21T14:28:00Z</time>
   </trkpt>
   <trkpt lat="51.1081310" lon="-0.5596340">
    <ele>41.9</ele>
    <time>2020-06-21T14:28:01Z</time>
   </trkpt>
   <trkpt lat="51.1082010" lon="-0.5596890">
    <ele>41.5</ele>
    <time>2020-06-21T14:28:02Z</time>
   </trkpt>
   <trkpt lat="51.1082550" lon="-0.5597380">
    <ele>41.2</ele>
    <time>2020-06-21T14:28:03Z</time>
   </trkpt>
   <trkpt lat="51.1082980" lon="-0.5598130">
    <ele>40.8</ele>
    <time>2020-06-21T14:28:04Z</time>
   </trkpt>
   <trkpt lat="51.1083500" lon="-0.5599000">
    <ele>40.2</ele>
    <time>2020-06-21T14:28:05Z</time>
   </trkpt>
   <trkpt lat="51.1084140" lon="-0.5599850">
    <ele>39.5</ele>
    <time>2020-06-21T14:28:06Z</time>
   </trkpt>
   <trkpt lat="51.1084960" lon="-0.5600640">
    <ele>38.5</ele>
    <time>2020-06-21T14:28:07Z</time>
   </trkpt>
   <trkpt lat="51.1085800" lon="-0.5601460">
    <ele>37.4</ele>
    <time>2020-06-21T14:28:08Z</time>
   </trkpt>
   <trkpt lat="51.1086630" lon="-0.5602270">
    <ele>36.3</ele>
    <time>2020-06-21T14:28:09Z</time>
   </trkpt>
   <trkpt lat="51.1087530" lon="-0.5603140">
    <ele>35.4</ele>
    <time>2020-06-21T14:28:10Z</time>
   </trkpt>
   <trkpt lat="51.1088160" lon="-0.5604270">
    <ele>34.7</ele>
    <time>2020-06-21T14:28:11Z</time>
   </trkpt>
   <trkpt lat="51.1088800" lon="-0.5605370">
    <ele>34.3</ele>
    <time>2020-06-21T14:28:12Z</time>
   </trkpt>
   <trkpt lat="51.1089360" lon="-0.5606340">
    <ele>34.1</ele>
    <time>2020-06-21T14:28:13Z</time>
   </trkpt>
   <trkpt lat="51.1089910" lon="-0.5607210">
    <ele>34.1</ele>
    <time>2020-06-21T14:28:14Z</time>
   </trkpt>
   <trkpt lat="51.1090500" lon="-0.5607980">
    <ele>34.3</ele>
    <time>2020-06-21T14:28:15Z</time>
   </trkpt>
   <trkpt lat="51.1091140" lon="-0.5608780">
    <ele>35.1</ele>
    <time>2020-06-21T14:28:16Z</time>
   </trkpt>
   <trkpt lat="51.1091470" lon="-0.5609840">
    <ele>35.6</ele>
    <time>2020-06-21T14:28:17Z</time>
   </trkpt>
   <trkpt lat="51.1091630" lon="-0.5610920">
    <ele>36.0</ele>
    <time>2020-06-21T14:28:18Z</time>
   </trkpt>
   <trkpt lat="51.1091690" lon="-0.5611950">
    <ele>36.4</ele>
    <time>2020-06-21T14:28:19Z</time>
   </trkpt>
   <trkpt lat="51.1091690" lon="-0.5613120">
    <ele>36.8</ele>
    <time>2020-06-21T14:28:20Z</time>
   </trkpt>
   <trkpt lat="51.1091660" lon="-0.5614270">
    <ele>37.3</ele>
    <time>2020-06-21T14:28:21Z</time>
   </trkpt>
   <trkpt lat="51.1091760" lon="-0.5615270">
    <ele>37.8</ele>
    <time>2020-06-21T14:28:22Z</time>
   </trkpt>
   <trkpt lat="51.1091810" lon="-0.5616210">
    <ele>38.4</ele>
    <time>2020-06-21T14:28:23Z</time>
   </trkpt>
   <trkpt lat="51.1091820" lon="-0.5617020">
    <ele>38.9</ele>
    <time>2020-06-21T14:28:24Z</time>
   </trkpt>
   <trkpt lat="51.1091830" lon="-0.5617840">
    <ele>39.4</ele>
    <time>2020-06-21T14:28:25Z</time>
   </trkpt>
   <trkpt lat="51.1091960" lon="-0.5618280">
    <ele>39.7</ele>
    <time>2020-06-21T14:28:26Z</time>
   </trkpt>
   <trkpt lat="51.1092100" lon="-0.5619330">
    <ele>40.3</ele>
    <time>2020-06-21T14:28:27Z</time>
   </trkpt>
   <trkpt lat="51.1092170" lon="-0.5620490">
    <ele>41.0</ele>
    <time>2020-06-21T14:28:28Z</time>
   </trkpt>
   <trkpt lat="51.1092430" lon="-0.5621580">
    <ele>41.8</ele>
    <time>2020-06-21T14:28:29Z</time>
   </trkpt>
   <trkpt lat="51.1092740" lon="-0.5622320">
    <ele>42.3</ele>
    <time>2020-06-21T14:28:30Z</time>
   </trkpt>
   <trkpt lat="51.1092960" lon="-0.5623010">
    <ele>42.8</ele>
    <time>2020-06-21T14:28:31Z</time>
   </trkpt>
   <trkpt lat="51.1092980" lon="-0.5623760">
    <ele>43.2</ele>
    <time>2020-06-21T14:28:32Z</time>
   </trkpt>
   <trkpt lat="51.1093060" lon="-0.5624460">
    <ele>43.7</ele>
    <time>2020-06-21T14:28:33Z</time>
   </trkpt>
   <trkpt lat="51.1093190" lon="-0.5625180">
    <ele>44.1</ele>
    <time>2020-06-21T14:28:34Z</time>
   </trkpt>
   <trkpt lat="51.1093370" lon="-0.5625830">
    <ele>44.4</ele>
    <time>2020-06-21T14:28:35Z</time>
   </trkpt>
   <trkpt lat="51.1093530" lon="-0.5626200">
    <ele>44.6</ele>
    <time>2020-06-21T14:28:36Z</time>
   </trkpt>
   <trkpt lat="51.1093760" lon="-0.5626990">
    <ele>45.0</ele>
    <time>2020-06-21T14:28:37Z</time>
   </trkpt>
   <trkpt lat="51.1093920" lon="-0.5627550">
    <ele>45.3</ele>
    <time>2020-06-21T14:28:38Z</time>
   </trkpt>
   <trkpt lat="51.1094080" lon="-0.5628150">
    <ele>45.5</ele>
    <time>2020-06-21T14:28:39Z</time>
   </trkpt>
   <trkpt lat="51.1094290" lon="-0.5628740">
    <ele>45.8</ele>
    <time>2020-06-21T14:28:40Z</time>
   </trkpt>
   <trkpt lat="51.1094450" lon="-0.5629560">
    <ele>46.2</ele>
    <time>2020-06-21T14:28:41Z</time>
   </trkpt>
   <trkpt lat="51.1094630" lon="-0.5630200">
    <ele>46.4</ele>
    <time>2020-06-21T14:28:42Z</time>
   </trkpt>
   <trkpt lat="51.1094770" lon="-0.5630910">
    <ele>46.8</ele>
    <time>2020-06-21T14:28:43Z</time>
   </trkpt>
   <trkpt lat="51.1094850" lon="-0.5631740">
    <ele>47.1</ele>
    <time>2020-06-21T14:28:44Z</time>
   </trkpt>
   <trkpt lat="51.1094940" lon="-0.5632570">
    <ele>47.5</ele>
    <time>2020-06-21T14:28:46Z</time>
   </trkpt>
   <trkpt lat="51.1095250" lon="-0.5633600">
    <ele>48.0</ele>
    <time>2020-06-21T14:28:47Z</time>
   </trkpt>
   <trkpt lat="51.1096010" lon="-0.5635610">
    <ele>49.1</ele>
    <time>2020-06-21T14:28:49Z</time>
   </trkpt>
   <trkpt lat="51.1096340" lon="-0.5636480">
    <ele>49.5</ele>
    <time>2020-06-21T14:28:50Z</time>
   </trkpt>
   <trkpt lat="51.1096670" lon="-0.5637270">
    <ele>49.9</ele>
    <time>2020-06-21T14:28:51Z</time>
   </trkpt>
   <trkpt lat="51.1096940" lon="-0.5637850">
    <ele>50.2</ele>
    <time>2020-06-21T14:28:52Z</time>
   </trkpt>
   <trkpt lat="51.1096940" lon="-0.5637880">
    <ele>50.2</ele>
    <time>2020-06-21T14:28:53Z</time>
   </trkpt>
   <trkpt lat="51.1096990" lon="-0.5638050">
    <ele>50.3</ele>
    <time>2020-06-21T14:28:54Z</time>
   </trkpt>
   <trkpt lat="51.1097390" lon="-0.5638610">
    <ele>50.6</ele>
    <time>2020-06-21T14:28:56Z</time>
   </trkpt>
   <trkpt lat="51.1097630" lon="-0.5638880">
    <ele>50.8</ele>
    <time>2020-06-21T14:28:57Z</time>
   </trkpt>
   <trkpt lat="51.1097830" lon="-0.5639140">
    <ele>51.0</ele>
    <time>2020-06-21T14:28:58Z</time>
   </trkpt>
   <trkpt lat="51.1098260" lon="-0.5639800">
    <ele>51.4</ele>
    <time>2020-06-21T14:29:00Z</time>
   </trkpt>
   <trkpt lat="51.1098520" lon="-0.5640210">
    <ele>51.6</ele>
    <time>2020-06-21T14:29:01Z</time>
   </trkpt>
   <trkpt lat="51.1098930" lon="-0.5640840">
    <ele>51.9</ele>
    <time>2020-06-21T14:29:03Z</time>
   </trkpt>
   <trkpt lat="51.1099230" lon="-0.5641580">
    <ele>52.1</ele>
    <time>2020-06-21T14:29:05Z</time>
   </trkpt>
   <trkpt lat="51.1099600" lon="-0.5642310">
    <ele>52.3</ele>
    <time>2020-06-21T14:29:07Z</time>
   </trkpt>
   <trkpt lat="51.1099840" lon="-0.5642920">
    <ele>52.4</ele>
    <time>2020-06-21T14:29:09Z</time>
   </trkpt>
   <trkpt lat="51.1099920" lon="-0.5643360">
    <ele>52.4</ele>
    <time>2020-06-21T14:29:10Z</time>
   </trkpt>
   <trkpt lat="51.1100040" lon="-0.5644160">
    <ele>52.5</ele>
    <time>2020-06-21T14:29:12Z</time>
   </trkpt>
   <trkpt lat="51.1100090" lon="-0.5644940">
    <ele>52.6</ele>
    <time>2020-06-21T14:29:14Z</time>
   </trkpt>
   <trkpt lat="51.1100110" lon="-0.5645640">
    <ele>52.6</ele>
    <time>2020-06-21T14:29:15Z</time>
   </trkpt>
   <trkpt lat="51.1100240" lon="-0.5646050">
    <ele>52.7</ele>
    <time>2020-06-21T14:29:17Z</time>
   </trkpt>
   <trkpt lat="51.1100200" lon="-0.5646670">
    <ele>52.7</ele>
    <time>2020-06-21T14:29:18Z</time>
   </trkpt>
   <trkpt lat="51.1100250" lon="-0.5647130">
    <ele>52.7</ele>
    <time>2020-06-21T14:29:19Z</time>
   </trkpt>
   <trkpt lat="51.1100170" lon="-0.5647820">
    <ele>52.7</ele>
    <time>2020-06-21T14:29:21Z</time>
   </trkpt>
   <trkpt lat="51.1100250" lon="-0.5648420">
    <ele>52.7</ele>
    <time>2020-06-21T14:29:22Z</time>
   </trkpt>
   <trkpt lat="51.1100060" lon="-0.5649880">
    <ele>52.7</ele>
    <time>2020-06-21T14:29:23Z</time>
   </trkpt>
   <trkpt lat="51.1099820" lon="-0.5650930">
    <ele>52.6</ele>
    <time>2020-06-21T14:29:24Z</time>
   </trkpt>
   <trkpt lat="51.1099700" lon="-0.5651850">
    <ele>52.6</ele>
    <time>2020-06-21T14:29:26Z</time>
   </trkpt>
   <trkpt lat="51.1099790" lon="-0.5653100">
    <ele>52.5</ele>
    <time>2020-06-21T14:29:28Z</time>
   </trkpt>
   <trkpt lat="51.1100060" lon="-0.5653690">
    <ele>52.5</ele>
    <time>2020-06-21T14:29:29Z</time>
   </trkpt>
   <trkpt lat="51.1100260" lon="-0.5654030">
    <ele>52.5</ele>
    <time>2020-06-21T14:29:30Z</time>
   </trkpt>
   <trkpt lat="51.1100870" lon="-0.5654770">
    <ele>52.4</ele>
    <time>2020-06-21T14:29:32Z</time>
   </trkpt>
   <trkpt lat="51.1101440" lon="-0.5655410">
    <ele>52.4</ele>
    <time>2020-06-21T14:29:34Z</time>
   </trkpt>
   <trkpt lat="51.1101850" lon="-0.5655860">
    <ele>52.3</ele>
    <time>2020-06-21T14:29:35Z</time>
   </trkpt>
   <trkpt lat="51.1102270" lon="-0.5656360">
    <ele>52.3</ele>
    <time>2020-06-21T14:29:37Z</time>
   </trkpt>
   <trkpt lat="51.1102650" lon="-0.5656680">
    <ele>52.2</ele>
    <time>2020-06-21T14:29:38Z</time>
   </trkpt>
   <trkpt lat="51.1103100" lon="-0.5657100">
    <ele>52.2</ele>
    <time>2020-06-21T14:29:39Z</time>
   </trkpt>
   <trkpt lat="51.1103670" lon="-0.5657550">
    <ele>52.1</ele>
    <time>2020-06-21T14:29:41Z</time>
   </trkpt>
   <trkpt lat="51.1104000" lon="-0.5657860">
    <ele>52.0</ele>
    <time>2020-06-21T14:29:43Z</time>
   </trkpt>
   <trkpt lat="51.1104100" lon="-0.5658010">
    <ele>52.0</ele>
    <time>2020-06-21T14:29:44Z</time>
   </trkpt>
   <trkpt lat="51.1104200" lon="-0.5658140">
    <ele>52.0</ele>
    <time>2020-06-21T14:29:45Z</time>
   </trkpt>
   <trkpt lat="51.1104240" lon="-0.5658240">
    <ele>52.0</ele>
    <time>2020-06-21T14:29:46Z</time>
   </trkpt>
   <trkpt lat="51.1104380" lon="-0.5658440">
    <ele>51.9</ele>
    <time>2020-06-21T14:29:47Z</time>
   </trkpt>
   <trkpt lat="51.1104790" lon="-0.5658440">
    <ele>51.8</ele>
    <time>2020-06-21T14:29:49Z</time>
   </trkpt>
   <trkpt lat="51.1105280" lon="-0.5658220">
    <ele>52.1</ele>
    <time>2020-06-21T14:29:50Z</time>
   </trkpt>
   <trkpt lat="51.1105820" lon="-0.5657900">
    <ele>52.2</ele>
    <time>2020-06-21T14:29:51Z</time>
   </trkpt>
   <trkpt lat="51.1106680" lon="-0.5657170">
    <ele>52.3</ele>
    <time>2020-06-21T14:29:53Z</time>
   </trkpt>
   <trkpt lat="51.1107310" lon="-0.5656600">
    <ele>52.3</ele>
    <time>2020-06-21T14:29:55Z</time>
   </trkpt>
   <trkpt lat="51.1107840" lon="-0.5656160">
    <ele>52.3</ele>
    <time>2020-06-21T14:29:56Z</time>
   </trkpt>
   <trkpt lat="51.1108360" lon="-0.5655720">
    <ele>52.3</ele>
    <time>2020-06-21T14:29:57Z</time>
   </trkpt>
   <trkpt lat="51.1108880" lon="-0.5655300">
    <ele>52.4</ele>
    <time>2020-06-21T14:29:58Z</time>
   </trkpt>
   <trkpt lat="51.1109370" lon="-0.5654920">
    <ele>52.4</ele>
    <time>2020-06-21T14:29:59Z</time>
   </trkpt>
   <trkpt lat="51.1109840" lon="-0.5654570">
    <ele>52.4</ele>
    <time>2020-06-21T14:30:00Z</time>
   </trkpt>
   <trkpt lat="51.1110310" lon="-0.5654230">
    <ele>52.4</ele>
    <time>2020-06-21T14:30:01Z</time>
   </trkpt>
   <trkpt lat="51.1110760" lon="-0.5653870">
    <ele>52.4</ele>
    <time>2020-06-21T14:30:02Z</time>
   </trkpt>
   <trkpt lat="51.1111230" lon="-0.5653500">
    <ele>52.4</ele>
    <time>2020-06-21T14:30:03Z</time>
   </trkpt>
   <trkpt lat="51.1111710" lon="-0.5653160">
    <ele>52.4</ele>
    <time>2020-06-21T14:30:04Z</time>
   </trkpt>
   <trkpt lat="51.1112210" lon="-0.5652830">
    <ele>52.4</ele>
    <time>2020-06-21T14:30:05Z</time>
   </trkpt>
   <trkpt lat="51.1112720" lon="-0.5652460">
    <ele>52.5</ele>
    <time>2020-06-21T14:30:06Z</time>
   </trkpt>
   <trkpt lat="51.1113300" lon="-0.5652030">
    <ele>52.5</ele>
    <time>2020-06-21T14:30:07Z</time>
   </trkpt>
   <trkpt lat="51.1113860" lon="-0.5651600">
    <ele>52.4</ele>
    <time>2020-06-21T14:30:08Z</time>
   </trkpt>
   <trkpt lat="51.1114410" lon="-0.5651200">
    <ele>52.4</ele>
    <time>2020-06-21T14:30:09Z</time>
   </trkpt>
   <trkpt lat="51.1114940" lon="-0.5650800">
    <ele>52.4</ele>
    <time>2020-06-21T14:30:10Z</time>
   </trkpt>
   <trkpt lat="51.1115480" lon="-0.5650370">
    <ele>52.4</ele>
    <time>2020-06-21T14:30:11Z</time>
   </trkpt>
   <trkpt lat="51.1116030" lon="-0.5649970">
    <ele>52.4</ele>
    <time>2020-06-21T14:30:12Z</time>
   </trkpt>
   <trkpt lat="51.1116580" lon="-0.5649520">
    <ele>52.5</ele>
    <time>2020-06-21T14:30:13Z</time>
   </trkpt>
   <trkpt lat="51.1117130" lon="-0.5649050">
    <ele>52.5</ele>
    <time>2020-06-21T14:30:14Z</time>
   </trkpt>
   <trkpt lat="51.1117710" lon="-0.5648640">
    <ele>52.5</ele>
    <time>2020-06-21T14:30:15Z</time>
   </trkpt>
   <trkpt lat="51.1118290" lon="-0.5648240">
    <ele>52.5</ele>
    <time>2020-06-21T14:30:16Z</time>
   </trkpt>
   <trkpt lat="51.1118800" lon="-0.5647790">
    <ele>52.6</ele>
    <time>2020-06-21T14:30:17Z</time>
   </trkpt>
   <trkpt lat="51.1119340" lon="-0.5647310">
    <ele>52.6</ele>
    <time>2020-06-21T14:30:18Z</time>
   </trkpt>
   <trkpt lat="51.1119910" lon="-0.5646840">
    <ele>52.5</ele>
    <time>2020-06-21T14:30:19Z</time>
   </trkpt>
   <trkpt lat="51.1120500" lon="-0.5646360">
    <ele>52.5</ele>
    <time>2020-06-21T14:30:20Z</time>
   </trkpt>
   <trkpt lat="51.1121110" lon="-0.5645950">
    <ele>52.5</ele>
    <time>2020-06-21T14:30:21Z</time>
   </trkpt>
   <trkpt lat="51.1121730" lon="-0.5645580">
    <ele>52.5</ele>
    <time>2020-06-21T14:30:22Z</time>
   </trkpt>
   <trkpt lat="51.1122360" lon="-0.5645210">
    <ele>52.5</ele>
    <time>2020-06-21T14:30:23Z</time>
   </trkpt>
   <trkpt lat="51.1122970" lon="-0.5644780">
    <ele>52.6</ele>
    <time>2020-06-21T14:30:24Z</time>
   </trkpt>
   <trkpt lat="51.1123560" lon="-0.5644370">
    <ele>52.6</ele>
    <time>2020-06-21T14:30:25Z</time>
   </trkpt>
   <trkpt lat="51.1124130" lon="-0.5643880">
    <ele>52.6</ele>
    <time>2020-06-21T14:30:26Z</time>
   </trkpt>
   <trkpt lat="51.1124720" lon="-0.5643400">
    <ele>52.6</ele>
    <time>2020-06-21T14:30:27Z</time>
   </trkpt>
   <trkpt lat="51.1125210" lon="-0.5642850">
    <ele>52.7</ele>
    <time>2020-06-21T14:30:28Z</time>
   </trkpt>
   <trkpt lat="51.1125810" lon="-0.5642410">
    <ele>52.7</ele>
    <time>2020-06-21T14:30:29Z</time>
   </trkpt>
   <trkpt lat="51.1126480" lon="-0.5642030">
    <ele>52.7</ele>
    <time>2020-06-21T14:30:30Z</time>
   </trkpt>
   <trkpt lat="51.1127070" lon="-0.5641570">
    <ele>52.7</ele>
    <time>2020-06-21T14:30:31Z</time>
   </trkpt>
   <trkpt lat="51.1127710" lon="-0.5641110">
    <ele>52.7</ele>
    <time>2020-06-21T14:30:32Z</time>
   </trkpt>
   <trkpt lat="51.1128310" lon="-0.5640740">
    <ele>52.8</ele>
    <time>2020-06-21T14:30:33Z</time>
   </trkpt>
   <trkpt lat="51.1128910" lon="-0.5640350">
    <ele>52.8</ele>
    <time>2020-06-21T14:30:34Z</time>
   </trkpt>
   <trkpt lat="51.1129470" lon="-0.5639920">
    <ele>52.8</ele>
    <time>2020-06-21T14:30:35Z</time>
   </trkpt>
   <trkpt lat="51.1130000" lon="-0.5639480">
    <ele>52.8</ele>
    <time>2020-06-21T14:30:36Z</time>
   </trkpt>
   <trkpt lat="51.1130540" lon="-0.5639090">
    <ele>52.8</ele>
    <time>2020-06-21T14:30:37Z</time>
   </trkpt>
   <trkpt lat="51.1131120" lon="-0.5638650">
    <ele>52.8</ele>
    <time>2020-06-21T14:30:38Z</time>
   </trkpt>
   <trkpt lat="51.1131750" lon="-0.5638110">
    <ele>52.7</ele>
    <time>2020-06-21T14:30:39Z</time>
   </trkpt>
   <trkpt lat="51.1132390" lon="-0.5637670">
    <ele>52.7</ele>
    <time>2020-06-21T14:30:40Z</time>
   </trkpt>
   <trkpt lat="51.1133040" lon="-0.5637320">
    <ele>52.7</ele>
    <time>2020-06-21T14:30:41Z</time>
   </trkpt>
   <trkpt lat="51.1133630" lon="-0.5636880">
    <ele>52.7</ele>
    <time>2020-06-21T14:30:42Z</time>
   </trkpt>
   <trkpt lat="51.1134220" lon="-0.5636460">
    <ele>52.7</ele>
    <time>2020-06-21T14:30:43Z</time>
   </trkpt>
   <trkpt lat="51.1134780" lon="-0.5635970">
    <ele>52.7</ele>
    <time>2020-06-21T14:30:44Z</time>
   </trkpt>
   <trkpt lat="51.1135370" lon="-0.5635510">
    <ele>52.7</ele>
    <time>2020-06-21T14:30:45Z</time>
   </trkpt>
   <trkpt lat="51.1135980" lon="-0.5635120">
    <ele>52.8</ele>
    <time>2020-06-21T14:30:46Z</time>
   </trkpt>
   <trkpt lat="51.1136620" lon="-0.5634680">
    <ele>52.8</ele>
    <time>2020-06-21T14:30:47Z</time>
   </trkpt>
   <trkpt lat="51.1137250" lon="-0.5634200">
    <ele>52.8</ele>
    <time>2020-06-21T14:30:48Z</time>
   </trkpt>
   <trkpt lat="51.1137910" lon="-0.5633700">
    <ele>52.7</ele>
    <time>2020-06-21T14:30:49Z</time>
   </trkpt>
   <trkpt lat="51.1138460" lon="-0.5633180">
    <ele>52.7</ele>
    <time>2020-06-21T14:30:50Z</time>
   </trkpt>
   <trkpt lat="51.1139010" lon="-0.5632760">
    <ele>52.6</ele>
    <time>2020-06-21T14:30:51Z</time>
   </trkpt>
   <trkpt lat="51.1139720" lon="-0.5632430">
    <ele>52.6</ele>
    <time>2020-06-21T14:30:52Z</time>
   </trkpt>
   <trkpt lat="51.1140370" lon="-0.5632050">
    <ele>52.6</ele>
    <time>2020-06-21T14:30:53Z</time>
   </trkpt>
   <trkpt lat="51.1140940" lon="-0.5631640">
    <ele>52.6</ele>
    <time>2020-06-21T14:30:54Z</time>
   </trkpt>
   <trkpt lat="51.1141540" lon="-0.5631220">
    <ele>52.6</ele>
    <time>2020-06-21T14:30:55Z</time>
   </trkpt>
   <trkpt lat="51.1142210" lon="-0.5630770">
    <ele>52.6</ele>
    <time>2020-06-21T14:30:56Z</time>
   </trkpt>
   <trkpt lat="51.1142820" lon="-0.5630340">
    <ele>52.6</ele>
    <time>2020-06-21T14:30:57Z</time>
   </trkpt>
   <trkpt lat="51.1143470" lon="-0.5629870">
    <ele>52.6</ele>
    <time>2020-06-21T14:30:58Z</time>
   </trkpt>
   <trkpt lat="51.1144090" lon="-0.5629380">
    <ele>52.6</ele>
    <time>2020-06-21T14:30:59Z</time>
   </trkpt>
   <trkpt lat="51.1144680" lon="-0.5628930">
    <ele>52.7</ele>
    <time>2020-06-21T14:31:00Z</time>
   </trkpt>
   <trkpt lat="51.1145310" lon="-0.5628560">
    <ele>52.7</ele>
    <time>2020-06-21T14:31:01Z</time>
   </trkpt>
   <trkpt lat="51.1145930" lon="-0.5628220">
    <ele>52.6</ele>
    <time>2020-06-21T14:31:02Z</time>
   </trkpt>
   <trkpt lat="51.1146510" lon="-0.5627760">
    <ele>52.4</ele>
    <time>2020-06-21T14:31:03Z</time>
   </trkpt>
   <trkpt lat="51.1147150" lon="-0.5627280">
    <ele>52.3</ele>
    <time>2020-06-21T14:31:04Z</time>
   </trkpt>
   <trkpt lat="51.1147830" lon="-0.5626820">
    <ele>52.2</ele>
    <time>2020-06-21T14:31:05Z</time>
   </trkpt>
   <trkpt lat="51.1148490" lon="-0.5626400">
    <ele>52.1</ele>
    <time>2020-06-21T14:31:06Z</time>
   </trkpt>
   <trkpt lat="51.1149140" lon="-0.5626090">
    <ele>52.1</ele>
    <time>2020-06-21T14:31:07Z</time>
   </trkpt>
   <trkpt lat="51.1149820" lon="-0.5625690">
    <ele>52.1</ele>
    <time>2020-06-21T14:31:08Z</time>
   </trkpt>
   <trkpt lat="51.1150500" lon="-0.5625340">
    <ele>52.1</ele>
    <time>2020-06-21T14:31:09Z</time>
   </trkpt>
   <trkpt lat="51.1151220" lon="-0.5625080">
    <ele>52.1</ele>
    <time>2020-06-21T14:31:10Z</time>
   </trkpt>
   <trkpt lat="51.1151890" lon="-0.5624830">
    <ele>52.1</ele>
    <time>2020-06-21T14:31:11Z</time>
   </trkpt>
   <trkpt lat="51.1152540" lon="-0.5624480">
    <ele>52.1</ele>
    <time>2020-06-21T14:31:12Z</time>
   </trkpt>
   <trkpt lat="51.1153260" lon="-0.5624240">
    <ele>52.1</ele>
    <time>2020-06-21T14:31:13Z</time>
   </trkpt>
   <trkpt lat="51.1154000" lon="-0.5624080">
    <ele>52.2</ele>
    <time>2020-06-21T14:31:14Z</time>
   </trkpt>
   <trkpt lat="51.1154780" lon="-0.5624020">
    <ele>52.3</ele>
    <time>2020-06-21T14:31:15Z</time>
   </trkpt>
   <trkpt lat="51.1155500" lon="-0.5623940">
    <ele>52.3</ele>
    <time>2020-06-21T14:31:16Z</time>
   </trkpt>
   <trkpt lat="51.1156150" lon="-0.5623880">
    <ele>52.2</ele>
    <time>2020-06-21T14:31:17Z</time>
   </trkpt>
   <trkpt lat="51.1156800" lon="-0.5623900">
    <ele>52.2</ele>
    <time>2020-06-21T14:31:18Z</time>
   </trkpt>
   <trkpt lat="51.1157490" lon="-0.5623920">
    <ele>52.1</ele>
    <time>2020-06-21T14:31:19Z</time>
   </trkpt>
   <trkpt lat="51.1158240" lon="-0.5623910">
    <ele>52.1</ele>
    <time>2020-06-21T14:31:20Z</time>
   </trkpt>
   <trkpt lat="51.1159010" lon="-0.5623930">
    <ele>52.0</ele>
    <time>2020-06-21T14:31:21Z</time>
   </trkpt>
   <trkpt lat="51.1159770" lon="-0.5624070">
    <ele>52.0</ele>
    <time>2020-06-21T14:31:22Z</time>
   </trkpt>
   <trkpt lat="51.1160540" lon="-0.5624280">
    <ele>52.1</ele>
    <time>2020-06-21T14:31:23Z</time>
   </trkpt>
   <trkpt lat="51.1161260" lon="-0.5624560">
    <ele>52.1</ele>
    <time>2020-06-21T14:31:24Z</time>
   </trkpt>
   <trkpt lat="51.1162010" lon="-0.5624900">
    <ele>52.2</ele>
    <time>2020-06-21T14:31:25Z</time>
   </trkpt>
   <trkpt lat="51.1162760" lon="-0.5625250">
    <ele>52.2</ele>
    <time>2020-06-21T14:31:26Z</time>
   </trkpt>
   <trkpt lat="51.1163490" lon="-0.5625650">
    <ele>52.2</ele>
    <time>2020-06-21T14:31:27Z</time>
   </trkpt>
   <trkpt lat="51.1164230" lon="-0.5625970">
    <ele>52.2</ele>
    <time>2020-06-21T14:31:28Z</time>
   </trkpt>
   <trkpt lat="51.1164920" lon="-0.5626310">
    <ele>52.3</ele>
    <time>2020-06-21T14:31:29Z</time>
   </trkpt>
   <trkpt lat="51.1165560" lon="-0.5626650">
    <ele>52.3</ele>
    <time>2020-06-21T14:31:30Z</time>
   </trkpt>
   <trkpt lat="51.1166200" lon="-0.5626980">
    <ele>52.3</ele>
    <time>2020-06-21T14:31:31Z</time>
   </trkpt>
   <trkpt lat="51.1166820" lon="-0.5627390">
    <ele>52.3</ele>
    <time>2020-06-21T14:31:32Z</time>
   </trkpt>
   <trkpt lat="51.1167490" lon="-0.5627750">
    <ele>52.3</ele>
    <time>2020-06-21T14:31:33Z</time>
   </trkpt>
   <trkpt lat="51.1168170" lon="-0.5628130">
    <ele>52.3</ele>
    <time>2020-06-21T14:31:34Z</time>
   </trkpt>
   <trkpt lat="51.1168850" lon="-0.5628500">
    <ele>52.4</ele>
    <time>2020-06-21T14:31:35Z</time>
   </trkpt>
   <trkpt lat="51.1169530" lon="-0.5628890">
    <ele>52.5</ele>
    <time>2020-06-21T14:31:36Z</time>
   </trkpt>
   <trkpt lat="51.1170190" lon="-0.5629290">
    <ele>52.5</ele>
    <time>2020-06-21T14:31:37Z</time>
   </trkpt>
   <trkpt lat="51.1170800" lon="-0.5629700">
    <ele>52.6</ele>
    <time>2020-06-21T14:31:38Z</time>
   </trkpt>
   <trkpt lat="51.1171430" lon="-0.5630050">
    <ele>52.7</ele>
    <time>2020-06-21T14:31:39Z</time>
   </trkpt>
   <trkpt lat="51.1172090" lon="-0.5630370">
    <ele>52.8</ele>
    <time>2020-06-21T14:31:40Z</time>
   </trkpt>
   <trkpt lat="51.1172830" lon="-0.5630720">
    <ele>53.0</ele>
    <time>2020-06-21T14:31:41Z</time>
   </trkpt>
   <trkpt lat="51.1173510" lon="-0.5631100">
    <ele>52.9</ele>
    <time>2020-06-21T14:31:42Z</time>
   </trkpt>
   <trkpt lat="51.1174170" lon="-0.5631480">
    <ele>52.9</ele>
    <time>2020-06-21T14:31:43Z</time>
   </trkpt>
   <trkpt lat="51.1174830" lon="-0.5631710">
    <ele>52.9</ele>
    <time>2020-06-21T14:31:44Z</time>
   </trkpt>
   <trkpt lat="51.1175450" lon="-0.5632020">
    <ele>52.9</ele>
    <time>2020-06-21T14:31:45Z</time>
   </trkpt>
   <trkpt lat="51.1176060" lon="-0.5632430">
    <ele>52.9</ele>
    <time>2020-06-21T14:31:46Z</time>
   </trkpt>
   <trkpt lat="51.1176720" lon="-0.5632770">
    <ele>52.9</ele>
    <time>2020-06-21T14:31:47Z</time>
   </trkpt>
   <trkpt lat="51.1177370" lon="-0.5633060">
    <ele>53.0</ele>
    <time>2020-06-21T14:31:48Z</time>
   </trkpt>
   <trkpt lat="51.1178020" lon="-0.5633310">
    <ele>53.0</ele>
    <time>2020-06-21T14:31:49Z</time>
   </trkpt>
   <trkpt lat="51.1178630" lon="-0.5633490">
    <ele>53.0</ele>
    <time>2020-06-21T14:31:50Z</time>
   </trkpt>
   <trkpt lat="51.1179250" lon="-0.5633640">
    <ele>53.1</ele>
    <time>2020-06-21T14:31:51Z</time>
   </trkpt>
   <trkpt lat="51.1179910" lon="-0.5633760">
    <ele>53.2</ele>
    <time>2020-06-21T14:31:52Z</time>
   </trkpt>
   <trkpt lat="51.1180550" lon="-0.5633920">
    <ele>53.3</ele>
    <time>2020-06-21T14:31:53Z</time>
   </trkpt>
   <trkpt lat="51.1181220" lon="-0.5634070">
    <ele>53.4</ele>
    <time>2020-06-21T14:31:54Z</time>
   </trkpt>
   <trkpt lat="51.1181870" lon="-0.5634180">
    <ele>53.5</ele>
    <time>2020-06-21T14:31:55Z</time>
   </trkpt>
   <trkpt lat="51.1182540" lon="-0.5634300">
    <ele>53.6</ele>
    <time>2020-06-21T14:31:56Z</time>
   </trkpt>
   <trkpt lat="51.1183220" lon="-0.5634430">
    <ele>53.7</ele>
    <time>2020-06-21T14:31:57Z</time>
   </trkpt>
   <trkpt lat="51.1183880" lon="-0.5634610">
    <ele>53.6</ele>
    <time>2020-06-21T14:31:58Z</time>
   </trkpt>
   <trkpt lat="51.1184520" lon="-0.5634680">
    <ele>53.6</ele>
    <time>2020-06-21T14:31:59Z</time>
   </trkpt>
   <trkpt lat="51.1185200" lon="-0.5634860">
    <ele>53.5</ele>
    <time>2020-06-21T14:32:00Z</time>
   </trkpt>
   <trkpt lat="51.1185880" lon="-0.5635000">
    <ele>53.5</ele>
    <time>2020-06-21T14:32:01Z</time>
   </trkpt>
   <trkpt lat="51.1186470" lon="-0.5635100">
    <ele>53.6</ele>
    <time>2020-06-21T14:32:02Z</time>
   </trkpt>
   <trkpt lat="51.1187010" lon="-0.5635210">
    <ele>53.6</ele>
    <time>2020-06-21T14:32:03Z</time>
   </trkpt>
   <trkpt lat="51.1187640" lon="-0.5635270">
    <ele>53.6</ele>
    <time>2020-06-21T14:32:04Z</time>
   </trkpt>
   <trkpt lat="51.1188230" lon="-0.5635290">
    <ele>53.7</ele>
    <time>2020-06-21T14:32:05Z</time>
   </trkpt>
   <trkpt lat="51.1188870" lon="-0.5635310">
    <ele>53.7</ele>
    <time>2020-06-21T14:32:06Z</time>
   </trkpt>
   <trkpt lat="51.1189540" lon="-0.5635350">
    <ele>53.7</ele>
    <time>2020-06-21T14:32:07Z</time>
   </trkpt>
   <trkpt lat="51.1190180" lon="-0.5635450">
    <ele>53.7</ele>
    <time>2020-06-21T14:32:08Z</time>
   </trkpt>
   <trkpt lat="51.1190830" lon="-0.5635530">
    <ele>53.7</ele>
    <time>2020-06-21T14:32:09Z</time>
   </trkpt>
   <trkpt lat="51.1191430" lon="-0.5635590">
    <ele>53.7</ele>
    <time>2020-06-21T14:32:10Z</time>
   </trkpt>
   <trkpt lat="51.1192000" lon="-0.5635560">
    <ele>53.7</ele>
    <time>2020-06-21T14:32:11Z</time>
   </trkpt>
   <trkpt lat="51.1192600" lon="-0.5635670">
    <ele>53.8</ele>
    <time>2020-06-21T14:32:12Z</time>
   </trkpt>
   <trkpt lat="51.1193020" lon="-0.5636030">
    <ele>53.9</ele>
    <time>2020-06-21T14:32:13Z</time>
   </trkpt>
   <trkpt lat="51.1193150" lon="-0.5636700">
    <ele>54.0</ele>
    <time>2020-06-21T14:32:14Z</time>
   </trkpt>
   <trkpt lat="51.1193050" lon="-0.5637550">
    <ele>54.1</ele>
    <time>2020-06-21T14:32:15Z</time>
   </trkpt>
   <trkpt lat="51.1192810" lon="-0.5638410">
    <ele>54.1</ele>
    <time>2020-06-21T14:32:16Z</time>
   </trkpt>
   <trkpt lat="51.1192630" lon="-0.5639340">
    <ele>54.2</ele>
    <time>2020-06-21T14:32:17Z</time>
   </trkpt>
   <trkpt lat="51.1192430" lon="-0.5640200">
    <ele>54.3</ele>
    <time>2020-06-21T14:32:18Z</time>
   </trkpt>
   <trkpt lat="51.1192220" lon="-0.5640990">
    <ele>54.4</ele>
    <time>2020-06-21T14:32:19Z</time>
   </trkpt>
   <trkpt lat="51.1191950" lon="-0.5641770">
    <ele>54.5</ele>
    <time>2020-06-21T14:32:20Z</time>
   </trkpt>
   <trkpt lat="51.1191760" lon="-0.5642550">
    <ele>54.6</ele>
    <time>2020-06-21T14:32:21Z</time>
   </trkpt>
   <trkpt lat="51.1191690" lon="-0.5643420">
    <ele>54.7</ele>
    <time>2020-06-21T14:32:22Z</time>
   </trkpt>
   <trkpt lat="51.1191610" lon="-0.5644320">
    <ele>54.8</ele>
    <time>2020-06-21T14:32:23Z</time>
   </trkpt>
   <trkpt lat="51.1191530" lon="-0.5645200">
    <ele>54.8</ele>
    <time>2020-06-21T14:32:24Z</time>
   </trkpt>
   <trkpt lat="51.1191430" lon="-0.5646050">
    <ele>54.9</ele>
    <time>2020-06-21T14:32:25Z</time>
   </trkpt>
   <trkpt lat="51.1191290" lon="-0.5647040">
    <ele>54.9</ele>
    <time>2020-06-21T14:32:26Z</time>
   </trkpt>
   <trkpt lat="51.1191190" lon="-0.5648110">
    <ele>55.0</ele>
    <time>2020-06-21T14:32:27Z</time>
   </trkpt>
   <trkpt lat="51.1191060" lon="-0.5649090">
    <ele>55.0</ele>
    <time>2020-06-21T14:32:28Z</time>
   </trkpt>
   <trkpt lat="51.1190880" lon="-0.5650000">
    <ele>55.1</ele>
    <time>2020-06-21T14:32:29Z</time>
   </trkpt>
   <trkpt lat="51.1190760" lon="-0.5650900">
    <ele>55.1</ele>
    <time>2020-06-21T14:32:30Z</time>
   </trkpt>
   <trkpt lat="51.1190660" lon="-0.5651790">
    <ele>55.1</ele>
    <time>2020-06-21T14:32:31Z</time>
   </trkpt>
   <trkpt lat="51.1190510" lon="-0.5652660">
    <ele>55.2</ele>
    <time>2020-06-21T14:32:32Z</time>
   </trkpt>
   <trkpt lat="51.1190420" lon="-0.5653590">
    <ele>55.2</ele>
    <time>2020-06-21T14:32:33Z</time>
   </trkpt>
   <trkpt lat="51.1190290" lon="-0.5654470">
    <ele>55.3</ele>
    <time>2020-06-21T14:32:34Z</time>
   </trkpt>
   <trkpt lat="51.1190080" lon="-0.5655280">
    <ele>55.3</ele>
    <time>2020-06-21T14:32:35Z</time>
   </trkpt>
   <trkpt lat="51.1189850" lon="-0.5656110">
    <ele>55.3</ele>
    <time>2020-06-21T14:32:36Z</time>
   </trkpt>
   <trkpt lat="51.1189640" lon="-0.5656960">
    <ele>55.3</ele>
    <time>2020-06-21T14:32:37Z</time>
   </trkpt>
   <trkpt lat="51.1189380" lon="-0.5657710">
    <ele>55.3</ele>
    <time>2020-06-21T14:32:38Z</time>
   </trkpt>
   <trkpt lat="51.1189050" lon="-0.5658530">
    <ele>55.4</ele>
    <time>2020-06-21T14:32:39Z</time>
   </trkpt>
   <trkpt lat="51.1188800" lon="-0.5659360">
    <ele>55.4</ele>
    <time>2020-06-21T14:32:40Z</time>
   </trkpt>
   <trkpt lat="51.1188550" lon="-0.5660120">
    <ele>55.4</ele>
    <time>2020-06-21T14:32:41Z</time>
   </trkpt>
   <trkpt lat="51.1188280" lon="-0.5660930">
    <ele>55.5</ele>
    <time>2020-06-21T14:32:42Z</time>
   </trkpt>
   <trkpt lat="51.1187990" lon="-0.5661710">
    <ele>55.5</ele>
    <time>2020-06-21T14:32:43Z</time>
   </trkpt>
   <trkpt lat="51.1187700" lon="-0.5662380">
    <ele>55.6</ele>
    <time>2020-06-21T14:32:44Z</time>
   </trkpt>
   <trkpt lat="51.1187430" lon="-0.5662990">
    <ele>55.6</ele>
    <time>2020-06-21T14:32:45Z</time>
   </trkpt>
   <trkpt lat="51.1187060" lon="-0.5663530">
    <ele>55.6</ele>
    <time>2020-06-21T14:32:46Z</time>
   </trkpt>
   <trkpt lat="51.1186770" lon="-0.5664110">
    <ele>55.6</ele>
    <time>2020-06-21T14:32:47Z</time>
   </trkpt>
   <trkpt lat="51.1186510" lon="-0.5664730">
    <ele>55.6</ele>
    <time>2020-06-21T14:32:48Z</time>
   </trkpt>
   <trkpt lat="51.1186270" lon="-0.5665330">
    <ele>55.5</ele>
    <time>2020-06-21T14:32:49Z</time>
   </trkpt>
   <trkpt lat="51.1186040" lon="-0.5665950">
    <ele>55.4</ele>
    <time>2020-06-21T14:32:50Z</time>
   </trkpt>
   <trkpt lat="51.1185790" lon="-0.5666590">
    <ele>55.2</ele>
    <time>2020-06-21T14:32:51Z</time>
   </trkpt>
   <trkpt lat="51.1185520" lon="-0.5667300">
    <ele>55.0</ele>
    <time>2020-06-21T14:32:52Z</time>
   </trkpt>
   <trkpt lat="51.1185200" lon="-0.5668130">
    <ele>54.8</ele>
    <time>2020-06-21T14:32:53Z</time>
   </trkpt>
   <trkpt lat="51.1184930" lon="-0.5668970">
    <ele>54.5</ele>
    <time>2020-06-21T14:32:54Z</time>
   </trkpt>
   <trkpt lat="51.1184670" lon="-0.5669870">
    <ele>54.2</ele>
    <time>2020-06-21T14:32:55Z</time>
   </trkpt>
   <trkpt lat="51.1184390" lon="-0.5670780">
    <ele>53.9</ele>
    <time>2020-06-21T14:32:56Z</time>
   </trkpt>
   <trkpt lat="51.1184090" lon="-0.5671710">
    <ele>52.7</ele>
    <time>2020-06-21T14:32:57Z</time>
   </trkpt>
   <trkpt lat="51.1183770" lon="-0.5672730">
    <ele>51.8</ele>
    <time>2020-06-21T14:32:58Z</time>
   </trkpt>
   <trkpt lat="51.1183410" lon="-0.5673770">
    <ele>50.9</ele>
    <time>2020-06-21T14:32:59Z</time>
   </trkpt>
   <trkpt lat="51.1183030" lon="-0.5674850">
    <ele>49.9</ele>
    <time>2020-06-21T14:33:00Z</time>
   </trkpt>
   <trkpt lat="51.1182600" lon="-0.5675920">
    <ele>48.9</ele>
    <time>2020-06-21T14:33:01Z</time>
   </trkpt>
   <trkpt lat="51.1182200" lon="-0.5677010">
    <ele>48.0</ele>
    <time>2020-06-21T14:33:02Z</time>
   </trkpt>
   <trkpt lat="51.1181840" lon="-0.5678100">
    <ele>47.1</ele>
    <time>2020-06-21T14:33:03Z</time>
   </trkpt>
   <trkpt lat="51.1181590" lon="-0.5679120">
    <ele>46.3</ele>
    <time>2020-06-21T14:33:04Z</time>
   </trkpt>
   <trkpt lat="51.1181290" lon="-0.5680190">
    <ele>45.5</ele>
    <time>2020-06-21T14:33:05Z</time>
   </trkpt>
   <trkpt lat="51.1181030" lon="-0.5681270">
    <ele>44.7</ele>
    <time>2020-06-21T14:33:06Z</time>
   </trkpt>
   <trkpt lat="51.1180770" lon="-0.5682400">
    <ele>43.9</ele>
    <time>2020-06-21T14:33:07Z</time>
   </trkpt>
   <trkpt lat="51.1180580" lon="-0.5683490">
    <ele>43.1</ele>
    <time>2020-06-21T14:33:08Z</time>
   </trkpt>
   <trkpt lat="51.1180510" lon="-0.5684660">
    <ele>42.3</ele>
    <time>2020-06-21T14:33:09Z</time>
   </trkpt>
   <trkpt lat="51.1180420" lon="-0.5685880">
    <ele>41.4</ele>
    <time>2020-06-21T14:33:10Z</time>
   </trkpt>
   <trkpt lat="51.1180140" lon="-0.5686960">
    <ele>40.6</ele>
    <time>2020-06-21T14:33:11Z</time>
   </trkpt>
   <trkpt lat="51.1179880" lon="-0.5688210">
    <ele>39.7</ele>
    <time>2020-06-21T14:33:12Z</time>
   </trkpt>
   <trkpt lat="51.1179680" lon="-0.5689490">
    <ele>38.8</ele>
    <time>2020-06-21T14:33:13Z</time>
   </trkpt>
   <trkpt lat="51.1179500" lon="-0.5690740">
    <ele>37.9</ele>
    <time>2020-06-21T14:33:14Z</time>
   </trkpt>
   <trkpt lat="51.1179370" lon="-0.5692120">
    <ele>37.1</ele>
    <time>2020-06-21T14:33:15Z</time>
   </trkpt>
   <trkpt lat="51.1179290" lon="-0.5693510">
    <ele>36.5</ele>
    <time>2020-06-21T14:33:16Z</time>
   </trkpt>
   <trkpt lat="51.1179360" lon="-0.5695000">
    <ele>35.6</ele>
    <time>2020-06-21T14:33:17Z</time>
   </trkpt>
   <trkpt lat="51.1179650" lon="-0.5696300">
    <ele>35.2</ele>
    <time>2020-06-21T14:33:18Z</time>
   </trkpt>
   <trkpt lat="51.1180190" lon="-0.5697500">
    <ele>34.9</ele>
    <time>2020-06-21T14:33:19Z</time>
   </trkpt>
   <trkpt lat="51.1180710" lon="-0.5698710">
    <ele>34.8</ele>
    <time>2020-06-21T14:33:20Z</time>
   </trkpt>
   <trkpt lat="51.1181190" lon="-0.5699770">
    <ele>34.8</ele>
    <time>2020-06-21T14:33:21Z</time>
   </trkpt>
   <trkpt lat="51.1181790" lon="-0.5700830">
    <ele>35.1</ele>
    <time>2020-06-21T14:33:22Z</time>
   </trkpt>
   <trkpt lat="51.1182420" lon="-0.5701930">
    <ele>35.5</ele>
    <time>2020-06-21T14:33:23Z</time>
   </trkpt>
   <trkpt lat="51.1182910" lon="-0.5703060">
    <ele>36.2</ele>
    <time>2020-06-21T14:33:24Z</time>
   </trkpt>
   <trkpt lat="51.1183400" lon="-0.5703960">
    <ele>37.0</ele>
    <time>2020-06-21T14:33:25Z</time>
   </trkpt>
   <trkpt lat="51.1183970" lon="-0.5704780">
    <ele>38.0</ele>
    <time>2020-06-21T14:33:26Z</time>
   </trkpt>
   <trkpt lat="51.1184540" lon="-0.5705620">
    <ele>39.3</ele>
    <time>2020-06-21T14:33:27Z</time>
   </trkpt>
   <trkpt lat="51.1185070" lon="-0.5706430">
    <ele>40.7</ele>
    <time>2020-06-21T14:33:28Z</time>
   </trkpt>
   <trkpt lat="51.1185520" lon="-0.5707040">
    <ele>41.8</ele>
    <time>2020-06-21T14:33:29Z</time>
   </trkpt>
   <trkpt lat="51.1185870" lon="-0.5707560">
    <ele>42.7</ele>
    <time>2020-06-21T14:33:30Z</time>
   </trkpt>
   <trkpt lat="51.1186210" lon="-0.5708080">
    <ele>43.6</ele>
    <time>2020-06-21T14:33:31Z</time>
   </trkpt>
   <trkpt lat="51.1186610" lon="-0.5708620">
    <ele>44.6</ele>
    <time>2020-06-21T14:33:32Z</time>
   </trkpt>
   <trkpt lat="51.1186940" lon="-0.5709140">
    <ele>45.4</ele>
    <time>2020-06-21T14:33:33Z</time>
   </trkpt>
   <trkpt lat="51.1187150" lon="-0.5709540">
    <ele>45.9</ele>
    <time>2020-06-21T14:33:34Z</time>
   </trkpt>
   <trkpt lat="51.1187400" lon="-0.5709870">
    <ele>46.4</ele>
    <time>2020-06-21T14:33:35Z</time>
   </trkpt>
   <trkpt lat="51.1187770" lon="-0.5710240">
    <ele>47.0</ele>
    <time>2020-06-21T14:33:36Z</time>
   </trkpt>
   <trkpt lat="51.1187950" lon="-0.5710570">
    <ele>47.4</ele>
    <time>2020-06-21T14:33:37Z</time>
   </trkpt>
   <trkpt lat="51.1188250" lon="-0.5710900">
    <ele>47.8</ele>
    <time>2020-06-21T14:33:38Z</time>
   </trkpt>
   <trkpt lat="51.1188570" lon="-0.5711320">
    <ele>48.2</ele>
    <time>2020-06-21T14:33:39Z</time>
   </trkpt>
   <trkpt lat="51.1188830" lon="-0.5711720">
    <ele>48.5</ele>
    <time>2020-06-21T14:33:40Z</time>
   </trkpt>
   <trkpt lat="51.1189410" lon="-0.5712500">
    <ele>49.2</ele>
    <time>2020-06-21T14:33:41Z</time>
   </trkpt>
   <trkpt lat="51.1189720" lon="-0.5712820">
    <ele>49.4</ele>
    <time>2020-06-21T14:33:42Z</time>
   </trkpt>
   <trkpt lat="51.1189880" lon="-0.5713000">
    <ele>49.6</ele>
    <time>2020-06-21T14:33:43Z</time>
   </trkpt>
   <trkpt lat="51.1190230" lon="-0.5713360">
    <ele>49.8</ele>
    <time>2020-06-21T14:33:44Z</time>
   </trkpt>
   <trkpt lat="51.1190440" lon="-0.5713650">
    <ele>50.0</ele>
    <time>2020-06-21T14:33:46Z</time>
   </trkpt>
   <trkpt lat="51.1190770" lon="-0.5713950">
    <ele>50.2</ele>
    <time>2020-06-21T14:33:47Z</time>
   </trkpt>
   <trkpt lat="51.1191300" lon="-0.5714660">
    <ele>50.9</ele>
    <time>2020-06-21T14:33:49Z</time>
   </trkpt>
   <trkpt lat="51.1191510" lon="-0.5715100">
    <ele>50.9</ele>
    <time>2020-06-21T14:33:50Z</time>
   </trkpt>
   <trkpt lat="51.1191650" lon="-0.5716150">
    <ele>50.9</ele>
    <time>2020-06-21T14:33:52Z</time>
   </trkpt>
   <trkpt lat="51.1191680" lon="-0.5717020">
    <ele>50.8</ele>
    <time>2020-06-21T14:33:53Z</time>
   </trkpt>
   <trkpt lat="51.1191660" lon="-0.5717820">
    <ele>50.8</ele>
    <time>2020-06-21T14:33:54Z</time>
   </trkpt>
   <trkpt lat="51.1191620" lon="-0.5719020">
    <ele>50.7</ele>
    <time>2020-06-21T14:33:56Z</time>
   </trkpt>
   <trkpt lat="51.1191570" lon="-0.5719700">
    <ele>50.6</ele>
    <time>2020-06-21T14:33:57Z</time>
   </trkpt>
   <trkpt lat="51.1191490" lon="-0.5720570">
    <ele>50.5</ele>
    <time>2020-06-21T14:33:58Z</time>
   </trkpt>
   <trkpt lat="51.1191480" lon="-0.5721190">
    <ele>50.4</ele>
    <time>2020-06-21T14:34:00Z</time>
   </trkpt>
   <trkpt lat="51.1191510" lon="-0.5721760">
    <ele>50.3</ele>
    <time>2020-06-21T14:34:01Z</time>
   </trkpt>
   <trkpt lat="51.1191600" lon="-0.5722870">
    <ele>50.1</ele>
    <time>2020-06-21T14:34:03Z</time>
   </trkpt>
   <trkpt lat="51.1191650" lon="-0.5724020">
    <ele>49.9</ele>
    <time>2020-06-21T14:34:05Z</time>
   </trkpt>
   <trkpt lat="51.1191640" lon="-0.5724960">
    <ele>49.8</ele>
    <time>2020-06-21T14:34:06Z</time>
   </trkpt>
   <trkpt lat="51.1191500" lon="-0.5725940">
    <ele>49.8</ele>
    <time>2020-06-21T14:34:07Z</time>
   </trkpt>
   <trkpt lat="51.1191240" lon="-0.5726820">
    <ele>49.8</ele>
    <time>2020-06-21T14:34:08Z</time>
   </trkpt>
   <trkpt lat="51.1190980" lon="-0.5727720">
    <ele>49.9</ele>
    <time>2020-06-21T14:34:09Z</time>
   </trkpt>
   <trkpt lat="51.1190700" lon="-0.5728570">
    <ele>49.9</ele>
    <time>2020-06-21T14:34:10Z</time>
   </trkpt>
   <trkpt lat="51.1190310" lon="-0.5729300">
    <ele>50.0</ele>
    <time>2020-06-21T14:34:11Z</time>
   </trkpt>
   <trkpt lat="51.1189890" lon="-0.5729950">
    <ele>50.1</ele>
    <time>2020-06-21T14:34:12Z</time>
   </trkpt>
   <trkpt lat="51.1189540" lon="-0.5730660">
    <ele>50.2</ele>
    <time>2020-06-21T14:34:13Z</time>
   </trkpt>
   <trkpt lat="51.1189120" lon="-0.5731280">
    <ele>50.4</ele>
    <time>2020-06-21T14:34:14Z</time>
   </trkpt>
   <trkpt lat="51.1188640" lon="-0.5731820">
    <ele>50.5</ele>
    <time>2020-06-21T14:34:15Z</time>
   </trkpt>
   <trkpt lat="51.1188210" lon="-0.5732320">
    <ele>50.6</ele>
    <time>2020-06-21T14:34:16Z</time>
   </trkpt>
   <trkpt lat="51.1187780" lon="-0.5732770">
    <ele>50.8</ele>
    <time>2020-06-21T14:34:17Z</time>
   </trkpt>
   <trkpt lat="51.1187320" lon="-0.5733130">
    <ele>51.0</ele>
    <time>2020-06-21T14:34:18Z</time>
   </trkpt>
   <trkpt lat="51.1187050" lon="-0.5733350">
    <ele>51.1</ele>
    <time>2020-06-21T14:34:19Z</time>
   </trkpt>
   <trkpt lat="51.1186730" lon="-0.5733700">
    <ele>51.2</ele>
    <time>2020-06-21T14:34:20Z</time>
   </trkpt>
   <trkpt lat="51.1186520" lon="-0.5733900">
    <ele>51.3</ele>
    <time>2020-06-21T14:34:21Z</time>
   </trkpt>
   <trkpt lat="51.1186050" lon="-0.5734380">
    <ele>51.5</ele>
    <time>2020-06-21T14:34:22Z</time>
   </trkpt>
   <trkpt lat="51.1185630" lon="-0.5734850">
    <ele>51.6</ele>
    <time>2020-06-21T14:34:23Z</time>
   </trkpt>
   <trkpt lat="51.1185450" lon="-0.5735190">
    <ele>51.7</ele>
    <time>2020-06-21T14:34:24Z</time>
   </trkpt>
   <trkpt lat="51.1185340" lon="-0.5735460">
    <ele>51.7</ele>
    <time>2020-06-21T14:34:25Z</time>
   </trkpt>
   <trkpt lat="51.1185190" lon="-0.5735660">
    <ele>51.7</ele>
    <time>2020-06-21T14:34:26Z</time>
   </trkpt>
   <trkpt lat="51.1185040" lon="-0.5735870">
    <ele>51.7</ele>
    <time>2020-06-21T14:34:27Z</time>
   </trkpt>
   <trkpt lat="51.1184620" lon="-0.5736410">
    <ele>51.8</ele>
    <time>2020-06-21T14:34:28Z</time>
   </trkpt>
   <trkpt lat="51.1184450" lon="-0.5737080">
    <ele>51.8</ele>
    <time>2020-06-21T14:34:29Z</time>
   </trkpt>
   <trkpt lat="51.1184600" lon="-0.5737990">
    <ele>51.7</ele>
    <time>2020-06-21T14:34:31Z</time>
   </trkpt>
   <trkpt lat="51.1184610" lon="-0.5738280">
    <ele>51.7</ele>
    <time>2020-06-21T14:34:32Z</time>
   </trkpt>
   <trkpt lat="51.1184680" lon="-0.5738410">
    <ele>51.7</ele>
    <time>2020-06-21T14:34:33Z</time>
   </trkpt>
   <trkpt lat="51.1184710" lon="-0.5738460">
    <ele>51.7</ele>
    <time>2020-06-21T14:34:34Z</time>
   </trkpt>
   <trkpt lat="51.1184730" lon="-0.5738460">
    <ele>51.7</ele>
    <time>2020-06-21T14:34:35Z</time>
   </trkpt>
   <trkpt lat="51.1184760" lon="-0.5738420">
    <ele>51.6</ele>
    <time>2020-06-21T14:34:36Z</time>
   </trkpt>
   <trkpt lat="51.1184780" lon="-0.5738390">
    <ele>51.6</ele>
    <time>2020-06-21T14:34:37Z</time>
   </trkpt>
   <trkpt lat="51.1184880" lon="-0.5738210">
    <ele>51.6</ele>
    <time>2020-06-21T14:34:38Z</time>
   </trkpt>
   <trkpt lat="51.1184870" lon="-0.5738220">
    <ele>51.6</ele>
    <time>2020-06-21T14:34:39Z</time>
   </trkpt>
   <trkpt lat="51.1184870" lon="-0.5738230">
    <ele>51.6</ele>
    <time>2020-06-21T14:34:40Z</time>
   </trkpt>
   <trkpt lat="51.1184850" lon="-0.5738240">
    <ele>51.6</ele>
    <time>2020-06-21T14:34:41Z</time>
   </trkpt>
   <trkpt lat="51.1184850" lon="-0.5738240">
    <ele>51.6</ele>
    <time>2020-06-21T14:34:42Z</time>
   </trkpt>
   <trkpt lat="51.1184850" lon="-0.5738230">
    <ele>51.6</ele>
    <time>2020-06-21T14:34:43Z</time>
   </trkpt>
   <trkpt lat="51.1184850" lon="-0.5738230">
    <ele>51.6</ele>
    <time>2020-06-21T14:34:44Z</time>
   </trkpt>
  </trkseg>
 </trk>
</gpx>
