<?xml version="1.0" encoding="UTF-8"?>
<gpx creator="StravaGPX" version="1.1" xmlns="http://www.topografix.com/GPX/1/1" xmlns:xsi="http://www.w3.org/2001/XMLSchema-instance" xsi:schemaLocation="http://www.topografix.com/GPX/1/1 http://www.topografix.com/GPX/1/1/gpx.xsd">
 <metadata>
  <time>2020-07-28T11:44:21Z</time>
 </metadata>
 <trk>
  <name>First ride of funemployment</name>
  <type>cycling</type>
  <trkseg>
   <trkpt lat="51.1185220" lon="-0.5737740">
    <ele>51.7</ele>
    <time>2020-07-28T11:44:21Z</time>
   </trkpt>
   <trkpt lat="51.1185340" lon="-0.5737500">
    <ele>51.7</ele>
    <time>2020-07-28T11:44:22Z</time>
   </trkpt>
   <trkpt lat="51.1185270" lon="-0.5737230">
    <ele>51.7</ele>
    <time>2020-07-28T11:44:24Z</time>
   </trkpt>
   <trkpt lat="51.1185090" lon="-0.5737150">
    <ele>51.7</ele>
    <time>2020-07-28T11:44:25Z</time>
   </trkpt>
   <trkpt lat="51.1184930" lon="-0.5737060">
    <ele>51.8</ele>
    <time>2020-07-28T11:44:26Z</time>
   </trkpt>
   <trkpt lat="51.1184860" lon="-0.5736960">
    <ele>51.8</ele>
    <time>2020-07-28T11:44:28Z</time>
   </trkpt>
   <trkpt lat="51.1184930" lon="-0.5736950">
    <ele>51.8</ele>
    <time>2020-07-28T11:44:29Z</time>
   </trkpt>
   <trkpt lat="51.1185000" lon="-0.5736950">
    <ele>51.8</ele>
    <time>2020-07-28T11:44:30Z</time>
   </trkpt>
   <trkpt lat="51.1185040" lon="-0.5736920">
    <ele>51.8</ele>
    <time>2020-07-28T11:44:32Z</time>
   </trkpt>
   <trkpt lat="51.1185030" lon="-0.5736900">
    <ele>51.8</ele>
    <time>2020-07-28T11:44:34Z</time>
   </trkpt>
   <trkpt lat="51.1185080" lon="-0.5736840">
    <ele>51.8</ele>
    <time>2020-07-28T11:44:36Z</time>
   </trkpt>
   <trkpt lat="51.1185070" lon="-0.5736630">
    <ele>51.8</ele>
    <time>2020-07-28T11:44:38Z</time>
   </trkpt>
   <trkpt lat="51.1185130" lon="-0.5736500">
    <ele>51.8</ele>
    <time>2020-07-28T11:44:40Z</time>
   </trkpt>
   <trkpt lat="51.1185090" lon="-0.5736440">
    <ele>51.8</ele>
    <time>2020-07-28T11:44:42Z</time>
   </trkpt>
   <trkpt lat="51.1185050" lon="-0.5736400">
    <ele>51.8</ele>
    <time>2020-07-28T11:44:43Z</time>
   </trkpt>
   <trkpt lat="51.1185060" lon="-0.5736270">
    <ele>51.7</ele>
    <time>2020-07-28T11:44:44Z</time>
   </trkpt>
   <trkpt lat="51.1185080" lon="-0.5736190">
    <ele>51.7</ele>
    <time>2020-07-28T11:44:45Z</time>
   </trkpt>
   <trkpt lat="51.1185220" lon="-0.5735980">
    <ele>51.7</ele>
    <time>2020-07-28T11:44:46Z</time>
   </trkpt>
   <trkpt lat="51.1185350" lon="-0.5735770">
    <ele>51.7</ele>
    <time>2020-07-28T11:44:48Z</time>
   </trkpt>
   <trkpt lat="51.1185490" lon="-0.5735560">
    <ele>51.7</ele>
    <time>2020-07-28T11:44:49Z</time>
   </trkpt>
   <trkpt lat="51.1185330" lon="-0.5735570">
    <ele>51.7</ele>
    <time>2020-07-28T11:44:51Z</time>
   </trkpt>
   <trkpt lat="51.1185470" lon="-0.5735460">
    <ele>51.6</ele>
    <time>2020-07-28T11:44:52Z</time>
   </trkpt>
   <trkpt lat="51.1185600" lon="-0.5735340">
    <ele>51.6</ele>
    <time>2020-07-28T11:44:53Z</time>
   </trkpt>
   <trkpt lat="51.1186220" lon="-0.5734820">
    <ele>51.4</ele>
    <time>2020-07-28T11:44:55Z</time>
   </trkpt>
   <trkpt lat="51.1186910" lon="-0.5733530">
    <ele>51.0</ele>
    <time>2020-07-28T11:44:56Z</time>
   </trkpt>
   <trkpt lat="51.1187610" lon="-0.5732600">
    <ele>50.7</ele>
    <time>2020-07-28T11:44:57Z</time>
   </trkpt>
   <trkpt lat="51.1188320" lon="-0.5731740">
    <ele>50.5</ele>
    <time>2020-07-28T11:44:58Z</time>
   </trkpt>
   <trkpt lat="51.1189560" lon="-0.5730370">
    <ele>50.1</ele>
    <time>2020-07-28T11:45:00Z</time>
   </trkpt>
   <trkpt lat="51.1190780" lon="-0.5728750">
    <ele>49.9</ele>
    <time>2020-07-28T11:45:02Z</time>
   </trkpt>
   <trkpt lat="51.1191540" lon="-0.5726860">
    <ele>49.8</ele>
    <time>2020-07-28T11:45:04Z</time>
   </trkpt>
   <trkpt lat="51.1191710" lon="-0.5725850">
    <ele>49.8</ele>
    <time>2020-07-28T11:45:05Z</time>
   </trkpt>
   <trkpt lat="51.1191870" lon="-0.5723890">
    <ele>50.0</ele>
    <time>2020-07-28T11:45:07Z</time>
   </trkpt>
   <trkpt lat="51.1191790" lon="-0.5722190">
    <ele>50.3</ele>
    <time>2020-07-28T11:45:09Z</time>
   </trkpt>
   <trkpt lat="51.1191910" lon="-0.5720890">
    <ele>50.5</ele>
    <time>2020-07-28T11:45:11Z</time>
   </trkpt>
   <trkpt lat="51.1191980" lon="-0.5720080">
    <ele>50.7</ele>
    <time>2020-07-28T11:45:12Z</time>
   </trkpt>
   <trkpt lat="51.1192080" lon="-0.5718710">
    <ele>50.8</ele>
    <time>2020-07-28T11:45:14Z</time>
   </trkpt>
   <trkpt lat="51.1192200" lon="-0.5717840">
    <ele>50.8</ele>
    <time>2020-07-28T11:45:15Z</time>
   </trkpt>
   <trkpt lat="51.1192280" lon="-0.5716220">
    <ele>50.9</ele>
    <time>2020-07-28T11:45:17Z</time>
   </trkpt>
   <trkpt lat="51.1192180" lon="-0.5715040">
    <ele>50.9</ele>
    <time>2020-07-28T11:45:19Z</time>
   </trkpt>
   <trkpt lat="51.1192010" lon="-0.5714530">
    <ele>51.0</ele>
    <time>2020-07-28T11:45:20Z</time>
   </trkpt>
   <trkpt lat="51.1191180" lon="-0.5713390">
    <ele>50.4</ele>
    <time>2020-07-28T11:45:22Z</time>
   </trkpt>
   <trkpt lat="51.1190660" lon="-0.5712900">
    <ele>50.0</ele>
    <time>2020-07-28T11:45:23Z</time>
   </trkpt>
   <trkpt lat="51.1190150" lon="-0.5712460">
    <ele>49.6</ele>
    <time>2020-07-28T11:45:24Z</time>
   </trkpt>
   <trkpt lat="51.1189570" lon="-0.5712000">
    <ele>49.1</ele>
    <time>2020-07-28T11:45:25Z</time>
   </trkpt>
   <trkpt lat="51.1188460" lon="-0.5710650">
    <ele>47.9</ele>
    <time>2020-07-28T11:45:27Z</time>
   </trkpt>
   <trkpt lat="51.1187490" lon="-0.5709140">
    <ele>46.1</ele>
    <time>2020-07-28T11:45:29Z</time>
   </trkpt>
   <trkpt lat="51.1186630" lon="-0.5707650">
    <ele>43.9</ele>
    <time>2020-07-28T11:45:31Z</time>
   </trkpt>
   <trkpt lat="51.1186210" lon="-0.5706820">
    <ele>42.6</ele>
    <time>2020-07-28T11:45:32Z</time>
   </trkpt>
   <trkpt lat="51.1185140" lon="-0.5705070">
    <ele>39.6</ele>
    <time>2020-07-28T11:45:34Z</time>
   </trkpt>
   <trkpt lat="51.1184670" lon="-0.5704200">
    <ele>38.4</ele>
    <time>2020-07-28T11:45:35Z</time>
   </trkpt>
   <trkpt lat="51.1183430" lon="-0.5702180">
    <ele>36.1</ele>
    <time>2020-07-28T11:45:37Z</time>
   </trkpt>
   <trkpt lat="51.1182770" lon="-0.5701050">
    <ele>35.4</ele>
    <time>2020-07-28T11:45:38Z</time>
   </trkpt>
   <trkpt lat="51.1181510" lon="-0.5698730">
    <ele>34.8</ele>
    <time>2020-07-28T11:45:40Z</time>
   </trkpt>
   <trkpt lat="51.1180980" lon="-0.5697480">
    <ele>34.8</ele>
    <time>2020-07-28T11:45:41Z</time>
   </trkpt>
   <trkpt lat="51.1180290" lon="-0.5695120">
    <ele>35.6</ele>
    <time>2020-07-28T11:45:43Z</time>
   </trkpt>
   <trkpt lat="51.1180190" lon="-0.5693890">
    <ele>36.1</ele>
    <time>2020-07-28T11:45:44Z</time>
   </trkpt>
   <trkpt lat="51.1180330" lon="-0.5692640">
    <ele>36.6</ele>
    <time>2020-07-28T11:45:45Z</time>
   </trkpt>
   <trkpt lat="51.1180440" lon="-0.5691550">
    <ele>37.2</ele>
    <time>2020-07-28T11:45:46Z</time>
   </trkpt>
   <trkpt lat="51.1180610" lon="-0.5689500">
    <ele>38.5</ele>
    <time>2020-07-28T11:45:48Z</time>
   </trkpt>
   <trkpt lat="51.1180780" lon="-0.5688440">
    <ele>39.3</ele>
    <time>2020-07-28T11:45:49Z</time>
   </trkpt>
   <trkpt lat="51.1180960" lon="-0.5687500">
    <ele>40.0</ele>
    <time>2020-07-28T11:45:50Z</time>
   </trkpt>
   <trkpt lat="51.1181100" lon="-0.5686630">
    <ele>40.7</ele>
    <time>2020-07-28T11:45:51Z</time>
   </trkpt>
   <trkpt lat="51.1181500" lon="-0.5684800">
    <ele>42.1</ele>
    <time>2020-07-28T11:45:53Z</time>
   </trkpt>
   <trkpt lat="51.1181700" lon="-0.5683990">
    <ele>42.8</ele>
    <time>2020-07-28T11:45:54Z</time>
   </trkpt>
   <trkpt lat="51.1182040" lon="-0.5682700">
    <ele>43.8</ele>
    <time>2020-07-28T11:45:56Z</time>
   </trkpt>
   <trkpt lat="51.1182220" lon="-0.5681770">
    <ele>44.5</ele>
    <time>2020-07-28T11:45:57Z</time>
   </trkpt>
   <trkpt lat="51.1182250" lon="-0.5680920">
    <ele>45.1</ele>
    <time>2020-07-28T11:45:58Z</time>
   </trkpt>
   <trkpt lat="51.1182710" lon="-0.5679750">
    <ele>46.1</ele>
    <time>2020-07-28T11:46:00Z</time>
   </trkpt>
   <trkpt lat="51.1182930" lon="-0.5678990">
    <ele>46.7</ele>
    <time>2020-07-28T11:46:01Z</time>
   </trkpt>
   <trkpt lat="51.1183110" lon="-0.5678290">
    <ele>47.3</ele>
    <time>2020-07-28T11:46:02Z</time>
   </trkpt>
   <trkpt lat="51.1183310" lon="-0.5677570">
    <ele>47.9</ele>
    <time>2020-07-28T11:46:03Z</time>
   </trkpt>
   <trkpt lat="51.1183660" lon="-0.5676170">
    <ele>49.1</ele>
    <time>2020-07-28T11:46:05Z</time>
   </trkpt>
   <trkpt lat="51.1184090" lon="-0.5674890">
    <ele>50.3</ele>
    <time>2020-07-28T11:46:07Z</time>
   </trkpt>
   <trkpt lat="51.1184310" lon="-0.5674220">
    <ele>50.9</ele>
    <time>2020-07-28T11:46:08Z</time>
   </trkpt>
   <trkpt lat="51.1184480" lon="-0.5673580">
    <ele>51.5</ele>
    <time>2020-07-28T11:46:09Z</time>
   </trkpt>
   <trkpt lat="51.1184700" lon="-0.5673130">
    <ele>52.0</ele>
    <time>2020-07-28T11:46:10Z</time>
   </trkpt>
   <trkpt lat="51.1184980" lon="-0.5672800">
    <ele>52.5</ele>
    <time>2020-07-28T11:46:12Z</time>
   </trkpt>
   <trkpt lat="51.1185030" lon="-0.5672670">
    <ele>52.6</ele>
    <time>2020-07-28T11:46:13Z</time>
   </trkpt>
   <trkpt lat="51.1185100" lon="-0.5672290">
    <ele>52.9</ele>
    <time>2020-07-28T11:46:14Z</time>
   </trkpt>
   <trkpt lat="51.1185280" lon="-0.5671710">
    <ele>53.4</ele>
    <time>2020-07-28T11:46:16Z</time>
   </trkpt>
   <trkpt lat="51.1185570" lon="-0.5670920">
    <ele>54.0</ele>
    <time>2020-07-28T11:46:17Z</time>
   </trkpt>
   <trkpt lat="51.1185640" lon="-0.5670700">
    <ele>54.1</ele>
    <time>2020-07-28T11:46:18Z</time>
   </trkpt>
   <trkpt lat="51.1185930" lon="-0.5669830">
    <ele>54.5</ele>
    <time>2020-07-28T11:46:20Z</time>
   </trkpt>
   <trkpt lat="51.1186230" lon="-0.5668670">
    <ele>54.9</ele>
    <time>2020-07-28T11:46:21Z</time>
   </trkpt>
   <trkpt lat="51.1186610" lon="-0.5667360">
    <ele>55.2</ele>
    <time>2020-07-28T11:46:23Z</time>
   </trkpt>
   <trkpt lat="51.1186840" lon="-0.5666640">
    <ele>55.4</ele>
    <time>2020-07-28T11:46:24Z</time>
   </trkpt>
   <trkpt lat="51.1187150" lon="-0.5665680">
    <ele>55.5</ele>
    <time>2020-07-28T11:46:25Z</time>
   </trkpt>
   <trkpt lat="51.1187340" lon="-0.5665090">
    <ele>55.6</ele>
    <time>2020-07-28T11:46:27Z</time>
   </trkpt>
   <trkpt lat="51.1187560" lon="-0.5664530">
    <ele>55.6</ele>
    <time>2020-07-28T11:46:28Z</time>
   </trkpt>
   <trkpt lat="51.1187650" lon="-0.5664270">
    <ele>55.6</ele>
    <time>2020-07-28T11:46:29Z</time>
   </trkpt>
   <trkpt lat="51.1187790" lon="-0.5663820">
    <ele>55.6</ele>
    <time>2020-07-28T11:46:30Z</time>
   </trkpt>
   <trkpt lat="51.1187980" lon="-0.5663300">
    <ele>55.6</ele>
    <time>2020-07-28T11:46:32Z</time>
   </trkpt>
   <trkpt lat="51.1188220" lon="-0.5662700">
    <ele>55.6</ele>
    <time>2020-07-28T11:46:33Z</time>
   </trkpt>
   <trkpt lat="51.1188390" lon="-0.5662070">
    <ele>55.5</ele>
    <time>2020-07-28T11:46:34Z</time>
   </trkpt>
   <trkpt lat="51.1188960" lon="-0.5660540">
    <ele>55.4</ele>
    <time>2020-07-28T11:46:36Z</time>
   </trkpt>
   <trkpt lat="51.1189240" lon="-0.5659990">
    <ele>55.4</ele>
    <time>2020-07-28T11:46:37Z</time>
   </trkpt>
   <trkpt lat="51.1189310" lon="-0.5659670">
    <ele>55.4</ele>
    <time>2020-07-28T11:46:38Z</time>
   </trkpt>
   <trkpt lat="51.1189850" lon="-0.5657980">
    <ele>55.3</ele>
    <time>2020-07-28T11:46:40Z</time>
   </trkpt>
   <trkpt lat="51.1190390" lon="-0.5656110">
    <ele>55.3</ele>
    <time>2020-07-28T11:46:42Z</time>
   </trkpt>
   <trkpt lat="51.1190680" lon="-0.5654550">
    <ele>55.2</ele>
    <time>2020-07-28T11:46:44Z</time>
   </trkpt>
   <trkpt lat="51.1190810" lon="-0.5653790">
    <ele>55.2</ele>
    <time>2020-07-28T11:46:45Z</time>
   </trkpt>
   <trkpt lat="51.1190990" lon="-0.5653270">
    <ele>55.2</ele>
    <time>2020-07-28T11:46:46Z</time>
   </trkpt>
   <trkpt lat="51.1191020" lon="-0.5653080">
    <ele>55.2</ele>
    <time>2020-07-28T11:46:47Z</time>
   </trkpt>
   <trkpt lat="51.1191100" lon="-0.5652460">
    <ele>55.1</ele>
    <time>2020-07-28T11:46:48Z</time>
   </trkpt>
   <trkpt lat="51.1191190" lon="-0.5651610">
    <ele>55.1</ele>
    <time>2020-07-28T11:46:50Z</time>
   </trkpt>
   <trkpt lat="51.1191400" lon="-0.5650580">
    <ele>55.1</ele>
    <time>2020-07-28T11:46:51Z</time>
   </trkpt>
   <trkpt lat="51.1191540" lon="-0.5649500">
    <ele>55.0</ele>
    <time>2020-07-28T11:46:52Z</time>
   </trkpt>
   <trkpt lat="51.1191660" lon="-0.5648310">
    <ele>55.0</ele>
    <time>2020-07-28T11:46:54Z</time>
   </trkpt>
   <trkpt lat="51.1191860" lon="-0.5646910">
    <ele>54.9</ele>
    <time>2020-07-28T11:46:56Z</time>
   </trkpt>
   <trkpt lat="51.1192160" lon="-0.5644460">
    <ele>54.8</ele>
    <time>2020-07-28T11:46:57Z</time>
   </trkpt>
   <trkpt lat="51.1192440" lon="-0.5642230">
    <ele>54.5</ele>
    <time>2020-07-28T11:46:59Z</time>
   </trkpt>
   <trkpt lat="51.1192570" lon="-0.5641310">
    <ele>54.4</ele>
    <time>2020-07-28T11:47:00Z</time>
   </trkpt>
   <trkpt lat="51.1192800" lon="-0.5639710">
    <ele>54.2</ele>
    <time>2020-07-28T11:47:02Z</time>
   </trkpt>
   <trkpt lat="51.1193040" lon="-0.5638330">
    <ele>54.1</ele>
    <time>2020-07-28T11:47:04Z</time>
   </trkpt>
   <trkpt lat="51.1193130" lon="-0.5637830">
    <ele>54.1</ele>
    <time>2020-07-28T11:47:05Z</time>
   </trkpt>
   <trkpt lat="51.1193160" lon="-0.5637650">
    <ele>54.1</ele>
    <time>2020-07-28T11:47:06Z</time>
   </trkpt>
   <trkpt lat="51.1193220" lon="-0.5636690">
    <ele>54.0</ele>
    <time>2020-07-28T11:47:08Z</time>
   </trkpt>
   <trkpt lat="51.1193400" lon="-0.5635970">
    <ele>54.0</ele>
    <time>2020-07-28T11:47:09Z</time>
   </trkpt>
   <trkpt lat="51.1194430" lon="-0.5635650">
    <ele>53.8</ele>
    <time>2020-07-28T11:47:11Z</time>
   </trkpt>
   <trkpt lat="51.1195460" lon="-0.5635710">
    <ele>53.6</ele>
    <time>2020-07-28T11:47:13Z</time>
   </trkpt>
   <trkpt lat="51.1196510" lon="-0.5635710">
    <ele>53.6</ele>
    <time>2020-07-28T11:47:15Z</time>
   </trkpt>
   <trkpt lat="51.1197600" lon="-0.5636100">
    <ele>53.6</ele>
    <time>2020-07-28T11:47:17Z</time>
   </trkpt>
   <trkpt lat="51.1198180" lon="-0.5636200">
    <ele>53.6</ele>
    <time>2020-07-28T11:47:18Z</time>
   </trkpt>
   <trkpt lat="51.1199370" lon="-0.5636280">
    <ele>53.7</ele>
    <time>2020-07-28T11:47:20Z</time>
   </trkpt>
   <trkpt lat="51.1200560" lon="-0.5636280">
    <ele>53.8</ele>
    <time>2020-07-28T11:47:22Z</time>
   </trkpt>
   <trkpt lat="51.1201800" lon="-0.5636330">
    <ele>54.0</ele>
    <time>2020-07-28T11:47:24Z</time>
   </trkpt>
   <trkpt lat="51.1202410" lon="-0.5636310">
    <ele>54.1</ele>
    <time>2020-07-28T11:47:25Z</time>
   </trkpt>
   <trkpt lat="51.1203660" lon="-0.5636210">
    <ele>54.3</ele>
    <time>2020-07-28T11:47:27Z</time>
   </trkpt>
   <trkpt lat="51.1204960" lon="-0.5636070">
    <ele>54.4</ele>
    <time>2020-07-28T11:47:29Z</time>
   </trkpt>
   <trkpt lat="51.1206210" lon="-0.5635990">
    <ele>54.6</ele>
    <time>2020-07-28T11:47:31Z</time>
   </trkpt>
   <trkpt lat="51.1207460" lon="-0.5635890">
    <ele>54.8</ele>
    <time>2020-07-28T11:47:33Z</time>
   </trkpt>
   <trkpt lat="51.1208660" lon="-0.5635640">
    <ele>55.0</ele>
    <time>2020-07-28T11:47:35Z</time>
   </trkpt>
   <trkpt lat="51.1209740" lon="-0.5635580">
    <ele>55.2</ele>
    <time>2020-07-28T11:47:37Z</time>
   </trkpt>
   <trkpt lat="51.1211060" lon="-0.5635310">
    <ele>55.5</ele>
    <time>2020-07-28T11:47:39Z</time>
   </trkpt>
   <trkpt lat="51.1211690" lon="-0.5635100">
    <ele>55.7</ele>
    <time>2020-07-28T11:47:40Z</time>
   </trkpt>
   <trkpt lat="51.1212970" lon="-0.5634920">
    <ele>56.3</ele>
    <time>2020-07-28T11:47:42Z</time>
   </trkpt>
   <trkpt lat="51.1214250" lon="-0.5634950">
    <ele>56.1</ele>
    <time>2020-07-28T11:47:44Z</time>
   </trkpt>
   <trkpt lat="51.1214820" lon="-0.5634840">
    <ele>56.1</ele>
    <time>2020-07-28T11:47:45Z</time>
   </trkpt>
   <trkpt lat="51.1215960" lon="-0.5634570">
    <ele>55.9</ele>
    <time>2020-07-28T11:47:47Z</time>
   </trkpt>
   <trkpt lat="51.1217120" lon="-0.5634260">
    <ele>55.9</ele>
    <time>2020-07-28T11:47:49Z</time>
   </trkpt>
   <trkpt lat="51.1217720" lon="-0.5634260">
    <ele>55.8</ele>
    <time>2020-07-28T11:47:50Z</time>
   </trkpt>
   <trkpt lat="51.1219040" lon="-0.5634040">
    <ele>55.7</ele>
    <time>2020-07-28T11:47:52Z</time>
   </trkpt>
   <trkpt lat="51.1220370" lon="-0.5633720">
    <ele>55.6</ele>
    <time>2020-07-28T11:47:54Z</time>
   </trkpt>
   <trkpt lat="51.1221020" lon="-0.5633550">
    <ele>55.6</ele>
    <time>2020-07-28T11:47:55Z</time>
   </trkpt>
   <trkpt lat="51.1221690" lon="-0.5633420">
    <ele>55.6</ele>
    <time>2020-07-28T11:47:56Z</time>
   </trkpt>
   <trkpt lat="51.1222290" lon="-0.5633290">
    <ele>55.6</ele>
    <time>2020-07-28T11:47:57Z</time>
   </trkpt>
   <trkpt lat="51.1222950" lon="-0.5633200">
    <ele>55.6</ele>
    <time>2020-07-28T11:47:58Z</time>
   </trkpt>
   <trkpt lat="51.1224150" lon="-0.5633030">
    <ele>55.7</ele>
    <time>2020-07-28T11:48:00Z</time>
   </trkpt>
   <trkpt lat="51.1225370" lon="-0.5632900">
    <ele>55.6</ele>
    <time>2020-07-28T11:48:02Z</time>
   </trkpt>
   <trkpt lat="51.1226720" lon="-0.5632710">
    <ele>55.6</ele>
    <time>2020-07-28T11:48:04Z</time>
   </trkpt>
   <trkpt lat="51.1227430" lon="-0.5632510">
    <ele>55.7</ele>
    <time>2020-07-28T11:48:05Z</time>
   </trkpt>
   <trkpt lat="51.1228110" lon="-0.5632300">
    <ele>55.8</ele>
    <time>2020-07-28T11:48:06Z</time>
   </trkpt>
   <trkpt lat="51.1228750" lon="-0.5632030">
    <ele>55.8</ele>
    <time>2020-07-28T11:48:07Z</time>
   </trkpt>
   <trkpt lat="51.1229400" lon="-0.5631690">
    <ele>55.9</ele>
    <time>2020-07-28T11:48:08Z</time>
   </trkpt>
   <trkpt lat="51.1230660" lon="-0.5630780">
    <ele>55.9</ele>
    <time>2020-07-28T11:48:10Z</time>
   </trkpt>
   <trkpt lat="51.1231810" lon="-0.5629220">
    <ele>56.2</ele>
    <time>2020-07-28T11:48:12Z</time>
   </trkpt>
   <trkpt lat="51.1232870" lon="-0.5627460">
    <ele>56.5</ele>
    <time>2020-07-28T11:48:14Z</time>
   </trkpt>
   <trkpt lat="51.1233820" lon="-0.5625790">
    <ele>56.9</ele>
    <time>2020-07-28T11:48:16Z</time>
   </trkpt>
   <trkpt lat="51.1234320" lon="-0.5624820">
    <ele>56.9</ele>
    <time>2020-07-28T11:48:17Z</time>
   </trkpt>
   <trkpt lat="51.1235260" lon="-0.5623060">
    <ele>56.8</ele>
    <time>2020-07-28T11:48:19Z</time>
   </trkpt>
   <trkpt lat="51.1235750" lon="-0.5622200">
    <ele>56.8</ele>
    <time>2020-07-28T11:48:20Z</time>
   </trkpt>
   <trkpt lat="51.1236660" lon="-0.5620540">
    <ele>56.8</ele>
    <time>2020-07-28T11:48:22Z</time>
   </trkpt>
   <trkpt lat="51.1237180" lon="-0.5619750">
    <ele>56.9</ele>
    <time>2020-07-28T11:48:23Z</time>
   </trkpt>
   <trkpt lat="51.1237660" lon="-0.5618940">
    <ele>57.0</ele>
    <time>2020-07-28T11:48:24Z</time>
   </trkpt>
   <trkpt lat="51.1238170" lon="-0.5618180">
    <ele>57.1</ele>
    <time>2020-07-28T11:48:25Z</time>
   </trkpt>
   <trkpt lat="51.1239150" lon="-0.5616710">
    <ele>57.4</ele>
    <time>2020-07-28T11:48:27Z</time>
   </trkpt>
   <trkpt lat="51.1239560" lon="-0.5616040">
    <ele>57.5</ele>
    <time>2020-07-28T11:48:28Z</time>
   </trkpt>
   <trkpt lat="51.1240550" lon="-0.5614650">
    <ele>57.8</ele>
    <time>2020-07-28T11:48:30Z</time>
   </trkpt>
   <trkpt lat="51.1241650" lon="-0.5613300">
    <ele>58.0</ele>
    <time>2020-07-28T11:48:32Z</time>
   </trkpt>
   <trkpt lat="51.1242670" lon="-0.5611880">
    <ele>58.2</ele>
    <time>2020-07-28T11:48:34Z</time>
   </trkpt>
   <trkpt lat="51.1243590" lon="-0.5610410">
    <ele>58.5</ele>
    <time>2020-07-28T11:48:36Z</time>
   </trkpt>
   <trkpt lat="51.1244590" lon="-0.5609100">
    <ele>58.8</ele>
    <time>2020-07-28T11:48:38Z</time>
   </trkpt>
   <trkpt lat="51.1245100" lon="-0.5608480">
    <ele>58.9</ele>
    <time>2020-07-28T11:48:39Z</time>
   </trkpt>
   <trkpt lat="51.1246220" lon="-0.5607180">
    <ele>59.2</ele>
    <time>2020-07-28T11:48:41Z</time>
   </trkpt>
   <trkpt lat="51.1247150" lon="-0.5605990">
    <ele>59.5</ele>
    <time>2020-07-28T11:48:43Z</time>
   </trkpt>
   <trkpt lat="51.1247530" lon="-0.5605420">
    <ele>59.6</ele>
    <time>2020-07-28T11:48:44Z</time>
   </trkpt>
   <trkpt lat="51.1248300" lon="-0.5604230">
    <ele>59.9</ele>
    <time>2020-07-28T11:48:46Z</time>
   </trkpt>
   <trkpt lat="51.1248730" lon="-0.5603610">
    <ele>60.0</ele>
    <time>2020-07-28T11:48:47Z</time>
   </trkpt>
   <trkpt lat="51.1249630" lon="-0.5602340">
    <ele>60.4</ele>
    <time>2020-07-28T11:48:49Z</time>
   </trkpt>
   <trkpt lat="51.1250610" lon="-0.5601160">
    <ele>60.6</ele>
    <time>2020-07-28T11:48:51Z</time>
   </trkpt>
   <trkpt lat="51.1251000" lon="-0.5600480">
    <ele>60.7</ele>
    <time>2020-07-28T11:48:52Z</time>
   </trkpt>
   <trkpt lat="51.1251370" lon="-0.5599930">
    <ele>60.8</ele>
    <time>2020-07-28T11:48:53Z</time>
   </trkpt>
   <trkpt lat="51.1252080" lon="-0.5598950">
    <ele>60.9</ele>
    <time>2020-07-28T11:48:55Z</time>
   </trkpt>
   <trkpt lat="51.1252460" lon="-0.5598260">
    <ele>60.9</ele>
    <time>2020-07-28T11:48:56Z</time>
   </trkpt>
   <trkpt lat="51.1252780" lon="-0.5597510">
    <ele>60.9</ele>
    <time>2020-07-28T11:48:57Z</time>
   </trkpt>
   <trkpt lat="51.1253190" lon="-0.5596890">
    <ele>61.0</ele>
    <time>2020-07-28T11:48:58Z</time>
   </trkpt>
   <trkpt lat="51.1254050" lon="-0.5595660">
    <ele>61.1</ele>
    <time>2020-07-28T11:49:00Z</time>
   </trkpt>
   <trkpt lat="51.1254940" lon="-0.5594440">
    <ele>61.2</ele>
    <time>2020-07-28T11:49:02Z</time>
   </trkpt>
   <trkpt lat="51.1255870" lon="-0.5593180">
    <ele>61.2</ele>
    <time>2020-07-28T11:49:04Z</time>
   </trkpt>
   <trkpt lat="51.1256940" lon="-0.5591930">
    <ele>61.3</ele>
    <time>2020-07-28T11:49:06Z</time>
   </trkpt>
   <trkpt lat="51.1257840" lon="-0.5590660">
    <ele>61.5</ele>
    <time>2020-07-28T11:49:08Z</time>
   </trkpt>
   <trkpt lat="51.1258610" lon="-0.5589300">
    <ele>61.6</ele>
    <time>2020-07-28T11:49:10Z</time>
   </trkpt>
   <trkpt lat="51.1259330" lon="-0.5587940">
    <ele>61.7</ele>
    <time>2020-07-28T11:49:12Z</time>
   </trkpt>
   <trkpt lat="51.1260290" lon="-0.5586540">
    <ele>61.8</ele>
    <time>2020-07-28T11:49:14Z</time>
   </trkpt>
   <trkpt lat="51.1261260" lon="-0.5585190">
    <ele>61.9</ele>
    <time>2020-07-28T11:49:16Z</time>
   </trkpt>
   <trkpt lat="51.1261820" lon="-0.5584530">
    <ele>62.0</ele>
    <time>2020-07-28T11:49:17Z</time>
   </trkpt>
   <trkpt lat="51.1262900" lon="-0.5582950">
    <ele>62.2</ele>
    <time>2020-07-28T11:49:19Z</time>
   </trkpt>
   <trkpt lat="51.1263960" lon="-0.5581540">
    <ele>62.2</ele>
    <time>2020-07-28T11:49:21Z</time>
   </trkpt>
   <trkpt lat="51.1264950" lon="-0.5580400">
    <ele>61.9</ele>
    <time>2020-07-28T11:49:23Z</time>
   </trkpt>
   <trkpt lat="51.1265820" lon="-0.5579110">
    <ele>61.7</ele>
    <time>2020-07-28T11:49:25Z</time>
   </trkpt>
   <trkpt lat="51.1266270" lon="-0.5578430">
    <ele>61.6</ele>
    <time>2020-07-28T11:49:26Z</time>
   </trkpt>
   <trkpt lat="51.1267240" lon="-0.5577160">
    <ele>61.7</ele>
    <time>2020-07-28T11:49:28Z</time>
   </trkpt>
   <trkpt lat="51.1267740" lon="-0.5576530">
    <ele>61.7</ele>
    <time>2020-07-28T11:49:29Z</time>
   </trkpt>
   <trkpt lat="51.1268160" lon="-0.5575970">
    <ele>61.8</ele>
    <time>2020-07-28T11:49:30Z</time>
   </trkpt>
   <trkpt lat="51.1268550" lon="-0.5575470">
    <ele>61.8</ele>
    <time>2020-07-28T11:49:31Z</time>
   </trkpt>
   <trkpt lat="51.1269460" lon="-0.5574370">
    <ele>61.9</ele>
    <time>2020-07-28T11:49:33Z</time>
   </trkpt>
   <trkpt lat="51.1270510" lon="-0.5573100">
    <ele>61.8</ele>
    <time>2020-07-28T11:49:35Z</time>
   </trkpt>
   <trkpt lat="51.1271580" lon="-0.5571860">
    <ele>61.8</ele>
    <time>2020-07-28T11:49:37Z</time>
   </trkpt>
   <trkpt lat="51.1272010" lon="-0.5571190">
    <ele>61.8</ele>
    <time>2020-07-28T11:49:38Z</time>
   </trkpt>
   <trkpt lat="51.1272980" lon="-0.5569720">
    <ele>62.0</ele>
    <time>2020-07-28T11:49:40Z</time>
   </trkpt>
   <trkpt lat="51.1273450" lon="-0.5569040">
    <ele>62.1</ele>
    <time>2020-07-28T11:49:41Z</time>
   </trkpt>
   <trkpt lat="51.1273940" lon="-0.5568300">
    <ele>62.2</ele>
    <time>2020-07-28T11:49:42Z</time>
   </trkpt>
   <trkpt lat="51.1274840" lon="-0.5567140">
    <ele>62.4</ele>
    <time>2020-07-28T11:49:44Z</time>
   </trkpt>
   <trkpt lat="51.1275270" lon="-0.5566540">
    <ele>62.6</ele>
    <time>2020-07-28T11:49:45Z</time>
   </trkpt>
   <trkpt lat="51.1276170" lon="-0.5565330">
    <ele>62.9</ele>
    <time>2020-07-28T11:49:47Z</time>
   </trkpt>
   <trkpt lat="51.1276620" lon="-0.5564740">
    <ele>63.0</ele>
    <time>2020-07-28T11:49:48Z</time>
   </trkpt>
   <trkpt lat="51.1277450" lon="-0.5563520">
    <ele>63.2</ele>
    <time>2020-07-28T11:49:50Z</time>
   </trkpt>
   <trkpt lat="51.1278140" lon="-0.5562220">
    <ele>63.3</ele>
    <time>2020-07-28T11:49:52Z</time>
   </trkpt>
   <trkpt lat="51.1278860" lon="-0.5561030">
    <ele>63.4</ele>
    <time>2020-07-28T11:49:54Z</time>
   </trkpt>
   <trkpt lat="51.1280090" lon="-0.5559500">
    <ele>63.5</ele>
    <time>2020-07-28T11:49:56Z</time>
   </trkpt>
   <trkpt lat="51.1280620" lon="-0.5558770">
    <ele>63.6</ele>
    <time>2020-07-28T11:49:57Z</time>
   </trkpt>
   <trkpt lat="51.1281420" lon="-0.5557230">
    <ele>63.8</ele>
    <time>2020-07-28T11:49:59Z</time>
   </trkpt>
   <trkpt lat="51.1281910" lon="-0.5556470">
    <ele>63.9</ele>
    <time>2020-07-28T11:50:00Z</time>
   </trkpt>
   <trkpt lat="51.1282390" lon="-0.5555710">
    <ele>64.0</ele>
    <time>2020-07-28T11:50:01Z</time>
   </trkpt>
   <trkpt lat="51.1283150" lon="-0.5554200">
    <ele>64.1</ele>
    <time>2020-07-28T11:50:03Z</time>
   </trkpt>
   <trkpt lat="51.1283470" lon="-0.5553430">
    <ele>64.2</ele>
    <time>2020-07-28T11:50:04Z</time>
   </trkpt>
   <trkpt lat="51.1283840" lon="-0.5552590">
    <ele>64.2</ele>
    <time>2020-07-28T11:50:05Z</time>
   </trkpt>
   <trkpt lat="51.1284490" lon="-0.5550910">
    <ele>64.4</ele>
    <time>2020-07-28T11:50:07Z</time>
   </trkpt>
   <trkpt lat="51.1284920" lon="-0.5550050">
    <ele>64.5</ele>
    <time>2020-07-28T11:50:08Z</time>
   </trkpt>
   <trkpt lat="51.1285360" lon="-0.5549290">
    <ele>64.6</ele>
    <time>2020-07-28T11:50:09Z</time>
   </trkpt>
   <trkpt lat="51.1286160" lon="-0.5547810">
    <ele>65.0</ele>
    <time>2020-07-28T11:50:11Z</time>
   </trkpt>
   <trkpt lat="51.1287150" lon="-0.5546610">
    <ele>65.5</ele>
    <time>2020-07-28T11:50:13Z</time>
   </trkpt>
   <trkpt lat="51.1287630" lon="-0.5546080">
    <ele>65.7</ele>
    <time>2020-07-28T11:50:14Z</time>
   </trkpt>
   <trkpt lat="51.1288040" lon="-0.5545610">
    <ele>65.9</ele>
    <time>2020-07-28T11:50:15Z</time>
   </trkpt>
   <trkpt lat="51.1288410" lon="-0.5545170">
    <ele>66.1</ele>
    <time>2020-07-28T11:50:16Z</time>
   </trkpt>
   <trkpt lat="51.1288790" lon="-0.5544820">
    <ele>66.3</ele>
    <time>2020-07-28T11:50:17Z</time>
   </trkpt>
   <trkpt lat="51.1289240" lon="-0.5544440">
    <ele>66.4</ele>
    <time>2020-07-28T11:50:19Z</time>
   </trkpt>
   <trkpt lat="51.1289290" lon="-0.5544330">
    <ele>66.4</ele>
    <time>2020-07-28T11:50:21Z</time>
   </trkpt>
   <trkpt lat="51.1289330" lon="-0.5544220">
    <ele>66.5</ele>
    <time>2020-07-28T11:50:22Z</time>
   </trkpt>
   <trkpt lat="51.1289560" lon="-0.5543600">
    <ele>66.5</ele>
    <time>2020-07-28T11:50:24Z</time>
   </trkpt>
   <trkpt lat="51.1289840" lon="-0.5542850">
    <ele>66.4</ele>
    <time>2020-07-28T11:50:25Z</time>
   </trkpt>
   <trkpt lat="51.1289750" lon="-0.5541320">
    <ele>66.3</ele>
    <time>2020-07-28T11:50:27Z</time>
   </trkpt>
   <trkpt lat="51.1289900" lon="-0.5539260">
    <ele>66.2</ele>
    <time>2020-07-28T11:50:29Z</time>
   </trkpt>
   <trkpt lat="51.1290070" lon="-0.5538260">
    <ele>66.2</ele>
    <time>2020-07-28T11:50:30Z</time>
   </trkpt>
   <trkpt lat="51.1290220" lon="-0.5537280">
    <ele>66.2</ele>
    <time>2020-07-28T11:50:31Z</time>
   </trkpt>
   <trkpt lat="51.1290530" lon="-0.5535380">
    <ele>66.2</ele>
    <time>2020-07-28T11:50:33Z</time>
   </trkpt>
   <trkpt lat="51.1290760" lon="-0.5534400">
    <ele>66.3</ele>
    <time>2020-07-28T11:50:34Z</time>
   </trkpt>
   <trkpt lat="51.1291210" lon="-0.5532330">
    <ele>66.5</ele>
    <time>2020-07-28T11:50:36Z</time>
   </trkpt>
   <trkpt lat="51.1291650" lon="-0.5530510">
    <ele>66.6</ele>
    <time>2020-07-28T11:50:38Z</time>
   </trkpt>
   <trkpt lat="51.1292070" lon="-0.5528780">
    <ele>66.7</ele>
    <time>2020-07-28T11:50:40Z</time>
   </trkpt>
   <trkpt lat="51.1292520" lon="-0.5527000">
    <ele>66.6</ele>
    <time>2020-07-28T11:50:42Z</time>
   </trkpt>
   <trkpt lat="51.1293020" lon="-0.5525070">
    <ele>66.5</ele>
    <time>2020-07-28T11:50:44Z</time>
   </trkpt>
   <trkpt lat="51.1293380" lon="-0.5524110">
    <ele>66.4</ele>
    <time>2020-07-28T11:50:45Z</time>
   </trkpt>
   <trkpt lat="51.1294020" lon="-0.5522060">
    <ele>66.0</ele>
    <time>2020-07-28T11:50:47Z</time>
   </trkpt>
   <trkpt lat="51.1294320" lon="-0.5520990">
    <ele>65.9</ele>
    <time>2020-07-28T11:50:48Z</time>
   </trkpt>
   <trkpt lat="51.1295220" lon="-0.5519080">
    <ele>65.6</ele>
    <time>2020-07-28T11:50:50Z</time>
   </trkpt>
   <trkpt lat="51.1295920" lon="-0.5517050">
    <ele>65.3</ele>
    <time>2020-07-28T11:50:52Z</time>
   </trkpt>
   <trkpt lat="51.1296460" lon="-0.5515080">
    <ele>65.2</ele>
    <time>2020-07-28T11:50:54Z</time>
   </trkpt>
   <trkpt lat="51.1296710" lon="-0.5513970">
    <ele>65.1</ele>
    <time>2020-07-28T11:50:55Z</time>
   </trkpt>
   <trkpt lat="51.1296960" lon="-0.5512810">
    <ele>65.1</ele>
    <time>2020-07-28T11:50:56Z</time>
   </trkpt>
   <trkpt lat="51.1297220" lon="-0.5511700">
    <ele>65.1</ele>
    <time>2020-07-28T11:50:57Z</time>
   </trkpt>
   <trkpt lat="51.1297760" lon="-0.5509570">
    <ele>65.2</ele>
    <time>2020-07-28T11:50:59Z</time>
   </trkpt>
   <trkpt lat="51.1298250" lon="-0.5507460">
    <ele>65.3</ele>
    <time>2020-07-28T11:51:01Z</time>
   </trkpt>
   <trkpt lat="51.1298470" lon="-0.5506390">
    <ele>65.1</ele>
    <time>2020-07-28T11:51:02Z</time>
   </trkpt>
   <trkpt lat="51.1299050" lon="-0.5504230">
    <ele>64.9</ele>
    <time>2020-07-28T11:51:04Z</time>
   </trkpt>
   <trkpt lat="51.1299430" lon="-0.5502010">
    <ele>64.8</ele>
    <time>2020-07-28T11:51:06Z</time>
   </trkpt>
   <trkpt lat="51.1299760" lon="-0.5499790">
    <ele>64.8</ele>
    <time>2020-07-28T11:51:08Z</time>
   </trkpt>
   <trkpt lat="51.1299910" lon="-0.5498690">
    <ele>64.9</ele>
    <time>2020-07-28T11:51:09Z</time>
   </trkpt>
   <trkpt lat="51.1300390" lon="-0.5496580">
    <ele>64.9</ele>
    <time>2020-07-28T11:51:11Z</time>
   </trkpt>
   <trkpt lat="51.1300660" lon="-0.5495490">
    <ele>64.9</ele>
    <time>2020-07-28T11:51:12Z</time>
   </trkpt>
   <trkpt lat="51.1301270" lon="-0.5493250">
    <ele>64.9</ele>
    <time>2020-07-28T11:51:14Z</time>
   </trkpt>
   <trkpt lat="51.1301730" lon="-0.5491130">
    <ele>64.9</ele>
    <time>2020-07-28T11:51:16Z</time>
   </trkpt>
   <trkpt lat="51.1302000" lon="-0.5490060">
    <ele>64.9</ele>
    <time>2020-07-28T11:51:17Z</time>
   </trkpt>
   <trkpt lat="51.1302550" lon="-0.5487910">
    <ele>65.0</ele>
    <time>2020-07-28T11:51:19Z</time>
   </trkpt>
   <trkpt lat="51.1303200" lon="-0.5485780">
    <ele>65.1</ele>
    <time>2020-07-28T11:51:21Z</time>
   </trkpt>
   <trkpt lat="51.1303880" lon="-0.5483700">
    <ele>65.4</ele>
    <time>2020-07-28T11:51:23Z</time>
   </trkpt>
   <trkpt lat="51.1304510" lon="-0.5481780">
    <ele>65.6</ele>
    <time>2020-07-28T11:51:25Z</time>
   </trkpt>
   <trkpt lat="51.1305270" lon="-0.5479990">
    <ele>65.8</ele>
    <time>2020-07-28T11:51:27Z</time>
   </trkpt>
   <trkpt lat="51.1305920" lon="-0.5478060">
    <ele>65.9</ele>
    <time>2020-07-28T11:51:29Z</time>
   </trkpt>
   <trkpt lat="51.1306640" lon="-0.5476270">
    <ele>66.1</ele>
    <time>2020-07-28T11:51:31Z</time>
   </trkpt>
   <trkpt lat="51.1306940" lon="-0.5475340">
    <ele>66.1</ele>
    <time>2020-07-28T11:51:32Z</time>
   </trkpt>
   <trkpt lat="51.1307610" lon="-0.5473380">
    <ele>66.3</ele>
    <time>2020-07-28T11:51:34Z</time>
   </trkpt>
   <trkpt lat="51.1308320" lon="-0.5471530">
    <ele>66.5</ele>
    <time>2020-07-28T11:51:36Z</time>
   </trkpt>
   <trkpt lat="51.1308790" lon="-0.5470630">
    <ele>66.6</ele>
    <time>2020-07-28T11:51:37Z</time>
   </trkpt>
   <trkpt lat="51.1309510" lon="-0.5468900">
    <ele>66.7</ele>
    <time>2020-07-28T11:51:39Z</time>
   </trkpt>
   <trkpt lat="51.1309830" lon="-0.5467960">
    <ele>66.7</ele>
    <time>2020-07-28T11:51:40Z</time>
   </trkpt>
   <trkpt lat="51.1310600" lon="-0.5466160">
    <ele>66.7</ele>
    <time>2020-07-28T11:51:42Z</time>
   </trkpt>
   <trkpt lat="51.1310940" lon="-0.5465190">
    <ele>66.7</ele>
    <time>2020-07-28T11:51:43Z</time>
   </trkpt>
   <trkpt lat="51.1311670" lon="-0.5463230">
    <ele>66.5</ele>
    <time>2020-07-28T11:51:45Z</time>
   </trkpt>
   <trkpt lat="51.1312040" lon="-0.5462390">
    <ele>66.4</ele>
    <time>2020-07-28T11:51:46Z</time>
   </trkpt>
   <trkpt lat="51.1312470" lon="-0.5461560">
    <ele>66.3</ele>
    <time>2020-07-28T11:51:47Z</time>
   </trkpt>
   <trkpt lat="51.1313180" lon="-0.5459790">
    <ele>66.0</ele>
    <time>2020-07-28T11:51:49Z</time>
   </trkpt>
   <trkpt lat="51.1314080" lon="-0.5457960">
    <ele>65.7</ele>
    <time>2020-07-28T11:51:51Z</time>
   </trkpt>
   <trkpt lat="51.1314870" lon="-0.5456120">
    <ele>65.5</ele>
    <time>2020-07-28T11:51:53Z</time>
   </trkpt>
   <trkpt lat="51.1315670" lon="-0.5454300">
    <ele>65.3</ele>
    <time>2020-07-28T11:51:55Z</time>
   </trkpt>
   <trkpt lat="51.1316050" lon="-0.5453380">
    <ele>65.1</ele>
    <time>2020-07-28T11:51:56Z</time>
   </trkpt>
   <trkpt lat="51.1316870" lon="-0.5451580">
    <ele>64.6</ele>
    <time>2020-07-28T11:51:58Z</time>
   </trkpt>
   <trkpt lat="51.1317250" lon="-0.5450730">
    <ele>64.4</ele>
    <time>2020-07-28T11:51:59Z</time>
   </trkpt>
   <trkpt lat="51.1317930" lon="-0.5448970">
    <ele>64.1</ele>
    <time>2020-07-28T11:52:01Z</time>
   </trkpt>
   <trkpt lat="51.1318670" lon="-0.5447020">
    <ele>63.8</ele>
    <time>2020-07-28T11:52:03Z</time>
   </trkpt>
   <trkpt lat="51.1319600" lon="-0.5445110">
    <ele>63.3</ele>
    <time>2020-07-28T11:52:05Z</time>
   </trkpt>
   <trkpt lat="51.1320640" lon="-0.5443360">
    <ele>62.8</ele>
    <time>2020-07-28T11:52:07Z</time>
   </trkpt>
   <trkpt lat="51.1321730" lon="-0.5441320">
    <ele>62.3</ele>
    <time>2020-07-28T11:52:09Z</time>
   </trkpt>
   <trkpt lat="51.1322780" lon="-0.5439170">
    <ele>61.8</ele>
    <time>2020-07-28T11:52:11Z</time>
   </trkpt>
   <trkpt lat="51.1323310" lon="-0.5438060">
    <ele>61.6</ele>
    <time>2020-07-28T11:52:12Z</time>
   </trkpt>
   <trkpt lat="51.1323870" lon="-0.5436950">
    <ele>61.3</ele>
    <time>2020-07-28T11:52:13Z</time>
   </trkpt>
   <trkpt lat="51.1324880" lon="-0.5434950">
    <ele>60.9</ele>
    <time>2020-07-28T11:52:15Z</time>
   </trkpt>
   <trkpt lat="51.1325930" lon="-0.5432840">
    <ele>60.5</ele>
    <time>2020-07-28T11:52:17Z</time>
   </trkpt>
   <trkpt lat="51.1326520" lon="-0.5431810">
    <ele>60.3</ele>
    <time>2020-07-28T11:52:18Z</time>
   </trkpt>
   <trkpt lat="51.1327120" lon="-0.5430810">
    <ele>60.1</ele>
    <time>2020-07-28T11:52:19Z</time>
   </trkpt>
   <trkpt lat="51.1327760" lon="-0.5429780">
    <ele>60.0</ele>
    <time>2020-07-28T11:52:20Z</time>
   </trkpt>
   <trkpt lat="51.1329020" lon="-0.5427650">
    <ele>59.7</ele>
    <time>2020-07-28T11:52:22Z</time>
   </trkpt>
   <trkpt lat="51.1329560" lon="-0.5426560">
    <ele>59.7</ele>
    <time>2020-07-28T11:52:23Z</time>
   </trkpt>
   <trkpt lat="51.1330580" lon="-0.5424450">
    <ele>59.5</ele>
    <time>2020-07-28T11:52:25Z</time>
   </trkpt>
   <trkpt lat="51.1331140" lon="-0.5423480">
    <ele>59.5</ele>
    <time>2020-07-28T11:52:26Z</time>
   </trkpt>
   <trkpt lat="51.1331670" lon="-0.5422520">
    <ele>59.5</ele>
    <time>2020-07-28T11:52:27Z</time>
   </trkpt>
   <trkpt lat="51.1332170" lon="-0.5421690">
    <ele>59.5</ele>
    <time>2020-07-28T11:52:28Z</time>
   </trkpt>
   <trkpt lat="51.1333310" lon="-0.5419760">
    <ele>59.6</ele>
    <time>2020-07-28T11:52:30Z</time>
   </trkpt>
   <trkpt lat="51.1334460" lon="-0.5417900">
    <ele>59.6</ele>
    <time>2020-07-28T11:52:32Z</time>
   </trkpt>
   <trkpt lat="51.1334960" lon="-0.5416980">
    <ele>59.7</ele>
    <time>2020-07-28T11:52:33Z</time>
   </trkpt>
   <trkpt lat="51.1335870" lon="-0.5415180">
    <ele>59.8</ele>
    <time>2020-07-28T11:52:35Z</time>
   </trkpt>
   <trkpt lat="51.1336860" lon="-0.5413350">
    <ele>60.0</ele>
    <time>2020-07-28T11:52:37Z</time>
   </trkpt>
   <trkpt lat="51.1337810" lon="-0.5411520">
    <ele>60.1</ele>
    <time>2020-07-28T11:52:39Z</time>
   </trkpt>
   <trkpt lat="51.1338800" lon="-0.5409610">
    <ele>60.4</ele>
    <time>2020-07-28T11:52:41Z</time>
   </trkpt>
   <trkpt lat="51.1339310" lon="-0.5408770">
    <ele>60.5</ele>
    <time>2020-07-28T11:52:42Z</time>
   </trkpt>
   <trkpt lat="51.1340230" lon="-0.5407000">
    <ele>60.9</ele>
    <time>2020-07-28T11:52:44Z</time>
   </trkpt>
   <trkpt lat="51.1340730" lon="-0.5406120">
    <ele>61.1</ele>
    <time>2020-07-28T11:52:45Z</time>
   </trkpt>
   <trkpt lat="51.1341200" lon="-0.5405280">
    <ele>61.3</ele>
    <time>2020-07-28T11:52:46Z</time>
   </trkpt>
   <trkpt lat="51.1342020" lon="-0.5403790">
    <ele>61.8</ele>
    <time>2020-07-28T11:52:48Z</time>
   </trkpt>
   <trkpt lat="51.1342420" lon="-0.5403060">
    <ele>62.0</ele>
    <time>2020-07-28T11:52:49Z</time>
   </trkpt>
   <trkpt lat="51.1343180" lon="-0.5401450">
    <ele>62.7</ele>
    <time>2020-07-28T11:52:51Z</time>
   </trkpt>
   <trkpt lat="51.1343500" lon="-0.5400670">
    <ele>63.0</ele>
    <time>2020-07-28T11:52:52Z</time>
   </trkpt>
   <trkpt lat="51.1344120" lon="-0.5399310">
    <ele>63.6</ele>
    <time>2020-07-28T11:52:54Z</time>
   </trkpt>
   <trkpt lat="51.1344680" lon="-0.5397970">
    <ele>64.2</ele>
    <time>2020-07-28T11:52:56Z</time>
   </trkpt>
   <trkpt lat="51.1344960" lon="-0.5397220">
    <ele>64.5</ele>
    <time>2020-07-28T11:52:57Z</time>
   </trkpt>
   <trkpt lat="51.1345150" lon="-0.5395880">
    <ele>64.8</ele>
    <time>2020-07-28T11:52:59Z</time>
   </trkpt>
   <trkpt lat="51.1345190" lon="-0.5395310">
    <ele>64.9</ele>
    <time>2020-07-28T11:53:00Z</time>
   </trkpt>
   <trkpt lat="51.1345190" lon="-0.5394740">
    <ele>64.9</ele>
    <time>2020-07-28T11:53:01Z</time>
   </trkpt>
   <trkpt lat="51.1345190" lon="-0.5394030">
    <ele>64.9</ele>
    <time>2020-07-28T11:53:02Z</time>
   </trkpt>
   <trkpt lat="51.1344670" lon="-0.5392910">
    <ele>64.7</ele>
    <time>2020-07-28T11:53:04Z</time>
   </trkpt>
   <trkpt lat="51.1343800" lon="-0.5391380">
    <ele>64.0</ele>
    <time>2020-07-28T11:53:06Z</time>
   </trkpt>
   <trkpt lat="51.1343350" lon="-0.5390830">
    <ele>63.6</ele>
    <time>2020-07-28T11:53:07Z</time>
   </trkpt>
   <trkpt lat="51.1342230" lon="-0.5389650">
    <ele>62.6</ele>
    <time>2020-07-28T11:53:09Z</time>
   </trkpt>
   <trkpt lat="51.1341610" lon="-0.5389090">
    <ele>62.1</ele>
    <time>2020-07-28T11:53:10Z</time>
   </trkpt>
   <trkpt lat="51.1340180" lon="-0.5387870">
    <ele>60.8</ele>
    <time>2020-07-28T11:53:12Z</time>
   </trkpt>
   <trkpt lat="51.1339420" lon="-0.5387230">
    <ele>60.3</ele>
    <time>2020-07-28T11:53:13Z</time>
   </trkpt>
   <trkpt lat="51.1337860" lon="-0.5385870">
    <ele>59.2</ele>
    <time>2020-07-28T11:53:15Z</time>
   </trkpt>
   <trkpt lat="51.1337060" lon="-0.5385190">
    <ele>58.6</ele>
    <time>2020-07-28T11:53:16Z</time>
   </trkpt>
   <trkpt lat="51.1335500" lon="-0.5383850">
    <ele>57.8</ele>
    <time>2020-07-28T11:53:18Z</time>
   </trkpt>
   <trkpt lat="51.1334710" lon="-0.5383110">
    <ele>57.5</ele>
    <time>2020-07-28T11:53:19Z</time>
   </trkpt>
   <trkpt lat="51.1333150" lon="-0.5381780">
    <ele>57.0</ele>
    <time>2020-07-28T11:53:21Z</time>
   </trkpt>
   <trkpt lat="51.1332430" lon="-0.5381210">
    <ele>56.7</ele>
    <time>2020-07-28T11:53:22Z</time>
   </trkpt>
   <trkpt lat="51.1331060" lon="-0.5379980">
    <ele>56.5</ele>
    <time>2020-07-28T11:53:24Z</time>
   </trkpt>
   <trkpt lat="51.1330430" lon="-0.5379320">
    <ele>56.5</ele>
    <time>2020-07-28T11:53:25Z</time>
   </trkpt>
   <trkpt lat="51.1329600" lon="-0.5377360">
    <ele>56.7</ele>
    <time>2020-07-28T11:53:27Z</time>
   </trkpt>
   <trkpt lat="51.1329980" lon="-0.5375250">
    <ele>56.6</ele>
    <time>2020-07-28T11:53:29Z</time>
   </trkpt>
   <trkpt lat="51.1331340" lon="-0.5373950">
    <ele>56.6</ele>
    <time>2020-07-28T11:53:31Z</time>
   </trkpt>
   <trkpt lat="51.1331980" lon="-0.5373450">
    <ele>56.7</ele>
    <time>2020-07-28T11:53:32Z</time>
   </trkpt>
   <trkpt lat="51.1333270" lon="-0.5372490">
    <ele>57.0</ele>
    <time>2020-07-28T11:53:34Z</time>
   </trkpt>
   <trkpt lat="51.1334490" lon="-0.5371390">
    <ele>57.4</ele>
    <time>2020-07-28T11:53:36Z</time>
   </trkpt>
   <trkpt lat="51.1335620" lon="-0.5370190">
    <ele>57.7</ele>
    <time>2020-07-28T11:53:38Z</time>
   </trkpt>
   <trkpt lat="51.1336220" lon="-0.5369560">
    <ele>57.9</ele>
    <time>2020-07-28T11:53:39Z</time>
   </trkpt>
   <trkpt lat="51.1336780" lon="-0.5368940">
    <ele>58.0</ele>
    <time>2020-07-28T11:53:40Z</time>
   </trkpt>
   <trkpt lat="51.1337920" lon="-0.5367730">
    <ele>58.0</ele>
    <time>2020-07-28T11:53:42Z</time>
   </trkpt>
   <trkpt lat="51.1338960" lon="-0.5366520">
    <ele>57.7</ele>
    <time>2020-07-28T11:53:44Z</time>
   </trkpt>
   <trkpt lat="51.1339950" lon="-0.5365270">
    <ele>57.4</ele>
    <time>2020-07-28T11:53:46Z</time>
   </trkpt>
   <trkpt lat="51.1340450" lon="-0.5364460">
    <ele>57.2</ele>
    <time>2020-07-28T11:53:47Z</time>
   </trkpt>
   <trkpt lat="51.1340930" lon="-0.5363700">
    <ele>57.0</ele>
    <time>2020-07-28T11:53:48Z</time>
   </trkpt>
   <trkpt lat="51.1341530" lon="-0.5362930">
    <ele>56.7</ele>
    <time>2020-07-28T11:53:49Z</time>
   </trkpt>
   <trkpt lat="51.1342620" lon="-0.5361250">
    <ele>56.3</ele>
    <time>2020-07-28T11:53:51Z</time>
   </trkpt>
   <trkpt lat="51.1343630" lon="-0.5359460">
    <ele>56.0</ele>
    <time>2020-07-28T11:53:53Z</time>
   </trkpt>
   <trkpt lat="51.1344070" lon="-0.5358490">
    <ele>55.9</ele>
    <time>2020-07-28T11:53:54Z</time>
   </trkpt>
   <trkpt lat="51.1344590" lon="-0.5357340">
    <ele>55.7</ele>
    <time>2020-07-28T11:53:55Z</time>
   </trkpt>
   <trkpt lat="51.1345410" lon="-0.5355200">
    <ele>55.6</ele>
    <time>2020-07-28T11:53:57Z</time>
   </trkpt>
   <trkpt lat="51.1345830" lon="-0.5354180">
    <ele>55.5</ele>
    <time>2020-07-28T11:53:58Z</time>
   </trkpt>
   <trkpt lat="51.1346680" lon="-0.5352210">
    <ele>55.5</ele>
    <time>2020-07-28T11:54:00Z</time>
   </trkpt>
   <trkpt lat="51.1347470" lon="-0.5350260">
    <ele>55.5</ele>
    <time>2020-07-28T11:54:02Z</time>
   </trkpt>
   <trkpt lat="51.1347890" lon="-0.5349270">
    <ele>55.6</ele>
    <time>2020-07-28T11:54:03Z</time>
   </trkpt>
   <trkpt lat="51.1348700" lon="-0.5347350">
    <ele>55.8</ele>
    <time>2020-07-28T11:54:05Z</time>
   </trkpt>
   <trkpt lat="51.1349110" lon="-0.5346440">
    <ele>55.9</ele>
    <time>2020-07-28T11:54:06Z</time>
   </trkpt>
   <trkpt lat="51.1349990" lon="-0.5344670">
    <ele>56.2</ele>
    <time>2020-07-28T11:54:08Z</time>
   </trkpt>
   <trkpt lat="51.1350880" lon="-0.5342980">
    <ele>56.5</ele>
    <time>2020-07-28T11:54:10Z</time>
   </trkpt>
   <trkpt lat="51.1351310" lon="-0.5342150">
    <ele>56.6</ele>
    <time>2020-07-28T11:54:11Z</time>
   </trkpt>
   <trkpt lat="51.1352240" lon="-0.5340580">
    <ele>56.8</ele>
    <time>2020-07-28T11:54:13Z</time>
   </trkpt>
   <trkpt lat="51.1352740" lon="-0.5339840">
    <ele>56.9</ele>
    <time>2020-07-28T11:54:14Z</time>
   </trkpt>
   <trkpt lat="51.1353640" lon="-0.5338660">
    <ele>57.1</ele>
    <time>2020-07-28T11:54:16Z</time>
   </trkpt>
   <trkpt lat="51.1354690" lon="-0.5337420">
    <ele>57.3</ele>
    <time>2020-07-28T11:54:18Z</time>
   </trkpt>
   <trkpt lat="51.1355290" lon="-0.5336800">
    <ele>57.4</ele>
    <time>2020-07-28T11:54:19Z</time>
   </trkpt>
   <trkpt lat="51.1355870" lon="-0.5336160">
    <ele>57.5</ele>
    <time>2020-07-28T11:54:20Z</time>
   </trkpt>
   <trkpt lat="51.1356450" lon="-0.5335570">
    <ele>57.6</ele>
    <time>2020-07-28T11:54:21Z</time>
   </trkpt>
   <trkpt lat="51.1357600" lon="-0.5334400">
    <ele>57.7</ele>
    <time>2020-07-28T11:54:23Z</time>
   </trkpt>
   <trkpt lat="51.1358760" lon="-0.5333280">
    <ele>57.7</ele>
    <time>2020-07-28T11:54:25Z</time>
   </trkpt>
   <trkpt lat="51.1359380" lon="-0.5332730">
    <ele>57.7</ele>
    <time>2020-07-28T11:54:26Z</time>
   </trkpt>
   <trkpt lat="51.1360600" lon="-0.5331620">
    <ele>57.7</ele>
    <time>2020-07-28T11:54:28Z</time>
   </trkpt>
   <trkpt lat="51.1361800" lon="-0.5330540">
    <ele>57.6</ele>
    <time>2020-07-28T11:54:30Z</time>
   </trkpt>
   <trkpt lat="51.1363050" lon="-0.5329730">
    <ele>57.4</ele>
    <time>2020-07-28T11:54:32Z</time>
   </trkpt>
   <trkpt lat="51.1363770" lon="-0.5329340">
    <ele>57.3</ele>
    <time>2020-07-28T11:54:33Z</time>
   </trkpt>
   <trkpt lat="51.1364480" lon="-0.5329040">
    <ele>57.3</ele>
    <time>2020-07-28T11:54:34Z</time>
   </trkpt>
   <trkpt lat="51.1365930" lon="-0.5328730">
    <ele>57.1</ele>
    <time>2020-07-28T11:54:36Z</time>
   </trkpt>
   <trkpt lat="51.1367410" lon="-0.5328710">
    <ele>56.8</ele>
    <time>2020-07-28T11:54:38Z</time>
   </trkpt>
   <trkpt lat="51.1368890" lon="-0.5328770">
    <ele>56.7</ele>
    <time>2020-07-28T11:54:40Z</time>
   </trkpt>
   <trkpt lat="51.1370410" lon="-0.5329030">
    <ele>56.8</ele>
    <time>2020-07-28T11:54:42Z</time>
   </trkpt>
   <trkpt lat="51.1371810" lon="-0.5329180">
    <ele>56.7</ele>
    <time>2020-07-28T11:54:44Z</time>
   </trkpt>
   <trkpt lat="51.1373110" lon="-0.5328220">
    <ele>56.4</ele>
    <time>2020-07-28T11:54:46Z</time>
   </trkpt>
   <trkpt lat="51.1374050" lon="-0.5326170">
    <ele>56.1</ele>
    <time>2020-07-28T11:54:48Z</time>
   </trkpt>
   <trkpt lat="51.1374550" lon="-0.5325040">
    <ele>56.0</ele>
    <time>2020-07-28T11:54:49Z</time>
   </trkpt>
   <trkpt lat="51.1375050" lon="-0.5324030">
    <ele>55.9</ele>
    <time>2020-07-28T11:54:50Z</time>
   </trkpt>
   <trkpt lat="51.1375570" lon="-0.5323040">
    <ele>55.8</ele>
    <time>2020-07-28T11:54:51Z</time>
   </trkpt>
   <trkpt lat="51.1376520" lon="-0.5321070">
    <ele>55.6</ele>
    <time>2020-07-28T11:54:53Z</time>
   </trkpt>
   <trkpt lat="51.1377500" lon="-0.5319120">
    <ele>55.6</ele>
    <time>2020-07-28T11:54:55Z</time>
   </trkpt>
   <trkpt lat="51.1378360" lon="-0.5317030">
    <ele>55.7</ele>
    <time>2020-07-28T11:54:57Z</time>
   </trkpt>
   <trkpt lat="51.1379020" lon="-0.5314840">
    <ele>55.8</ele>
    <time>2020-07-28T11:54:59Z</time>
   </trkpt>
   <trkpt lat="51.1379560" lon="-0.5312500">
    <ele>55.8</ele>
    <time>2020-07-28T11:55:01Z</time>
   </trkpt>
   <trkpt lat="51.1379590" lon="-0.5311530">
    <ele>55.8</ele>
    <time>2020-07-28T11:55:02Z</time>
   </trkpt>
   <trkpt lat="51.1379610" lon="-0.5310450">
    <ele>55.9</ele>
    <time>2020-07-28T11:55:03Z</time>
   </trkpt>
   <trkpt lat="51.1379680" lon="-0.5309320">
    <ele>55.9</ele>
    <time>2020-07-28T11:55:04Z</time>
   </trkpt>
   <trkpt lat="51.1379770" lon="-0.5307000">
    <ele>56.1</ele>
    <time>2020-07-28T11:55:06Z</time>
   </trkpt>
   <trkpt lat="51.1379790" lon="-0.5305930">
    <ele>56.3</ele>
    <time>2020-07-28T11:55:07Z</time>
   </trkpt>
   <trkpt lat="51.1380110" lon="-0.5304890">
    <ele>56.5</ele>
    <time>2020-07-28T11:55:08Z</time>
   </trkpt>
   <trkpt lat="51.1380770" lon="-0.5302900">
    <ele>57.0</ele>
    <time>2020-07-28T11:55:10Z</time>
   </trkpt>
   <trkpt lat="51.1381150" lon="-0.5301930">
    <ele>57.2</ele>
    <time>2020-07-28T11:55:11Z</time>
   </trkpt>
   <trkpt lat="51.1382100" lon="-0.5300140">
    <ele>57.8</ele>
    <time>2020-07-28T11:55:13Z</time>
   </trkpt>
   <trkpt lat="51.1382870" lon="-0.5298690">
    <ele>58.4</ele>
    <time>2020-07-28T11:55:15Z</time>
   </trkpt>
   <trkpt lat="51.1383550" lon="-0.5297260">
    <ele>58.9</ele>
    <time>2020-07-28T11:55:17Z</time>
   </trkpt>
   <trkpt lat="51.1383850" lon="-0.5296540">
    <ele>59.2</ele>
    <time>2020-07-28T11:55:18Z</time>
   </trkpt>
   <trkpt lat="51.1384170" lon="-0.5295890">
    <ele>59.5</ele>
    <time>2020-07-28T11:55:19Z</time>
   </trkpt>
   <trkpt lat="51.1384840" lon="-0.5294630">
    <ele>60.1</ele>
    <time>2020-07-28T11:55:21Z</time>
   </trkpt>
   <trkpt lat="51.1385180" lon="-0.5293990">
    <ele>60.4</ele>
    <time>2020-07-28T11:55:22Z</time>
   </trkpt>
   <trkpt lat="51.1385880" lon="-0.5293060">
    <ele>61.0</ele>
    <time>2020-07-28T11:55:24Z</time>
   </trkpt>
   <trkpt lat="51.1386090" lon="-0.5292340">
    <ele>61.4</ele>
    <time>2020-07-28T11:55:25Z</time>
   </trkpt>
   <trkpt lat="51.1386410" lon="-0.5291640">
    <ele>61.8</ele>
    <time>2020-07-28T11:55:26Z</time>
   </trkpt>
   <trkpt lat="51.1386710" lon="-0.5290950">
    <ele>62.2</ele>
    <time>2020-07-28T11:55:27Z</time>
   </trkpt>
   <trkpt lat="51.1387220" lon="-0.5289790">
    <ele>62.9</ele>
    <time>2020-07-28T11:55:29Z</time>
   </trkpt>
   <trkpt lat="51.1387430" lon="-0.5289280">
    <ele>63.2</ele>
    <time>2020-07-28T11:55:30Z</time>
   </trkpt>
   <trkpt lat="51.1387830" lon="-0.5288510">
    <ele>63.7</ele>
    <time>2020-07-28T11:55:32Z</time>
   </trkpt>
   <trkpt lat="51.1388310" lon="-0.5287530">
    <ele>64.3</ele>
    <time>2020-07-28T11:55:34Z</time>
   </trkpt>
   <trkpt lat="51.1388990" lon="-0.5286100">
    <ele>65.1</ele>
    <time>2020-07-28T11:55:36Z</time>
   </trkpt>
   <trkpt lat="51.1389580" lon="-0.5284630">
    <ele>65.6</ele>
    <time>2020-07-28T11:55:38Z</time>
   </trkpt>
   <trkpt lat="51.1389810" lon="-0.5283910">
    <ele>65.7</ele>
    <time>2020-07-28T11:55:39Z</time>
   </trkpt>
   <trkpt lat="51.1390000" lon="-0.5283240">
    <ele>65.8</ele>
    <time>2020-07-28T11:55:41Z</time>
   </trkpt>
   <trkpt lat="51.1389900" lon="-0.5282940">
    <ele>65.8</ele>
    <time>2020-07-28T11:55:42Z</time>
   </trkpt>
   <trkpt lat="51.1389540" lon="-0.5281600">
    <ele>65.8</ele>
    <time>2020-07-28T11:55:44Z</time>
   </trkpt>
   <trkpt lat="51.1389050" lon="-0.5280750">
    <ele>65.8</ele>
    <time>2020-07-28T11:55:46Z</time>
   </trkpt>
   <trkpt lat="51.1388790" lon="-0.5280380">
    <ele>65.8</ele>
    <time>2020-07-28T11:55:47Z</time>
   </trkpt>
   <trkpt lat="51.1388520" lon="-0.5280050">
    <ele>65.7</ele>
    <time>2020-07-28T11:55:48Z</time>
   </trkpt>
   <trkpt lat="51.1388220" lon="-0.5279800">
    <ele>65.7</ele>
    <time>2020-07-28T11:55:49Z</time>
   </trkpt>
   <trkpt lat="51.1387960" lon="-0.5279480">
    <ele>65.7</ele>
    <time>2020-07-28T11:55:51Z</time>
   </trkpt>
   <trkpt lat="51.1387310" lon="-0.5278540">
    <ele>65.7</ele>
    <time>2020-07-28T11:55:53Z</time>
   </trkpt>
   <trkpt lat="51.1386910" lon="-0.5278000">
    <ele>65.6</ele>
    <time>2020-07-28T11:55:54Z</time>
   </trkpt>
   <trkpt lat="51.1386410" lon="-0.5277400">
    <ele>65.5</ele>
    <time>2020-07-28T11:55:55Z</time>
   </trkpt>
   <trkpt lat="51.1385800" lon="-0.5276810">
    <ele>65.3</ele>
    <time>2020-07-28T11:55:56Z</time>
   </trkpt>
   <trkpt lat="51.1384440" lon="-0.5275900">
    <ele>64.7</ele>
    <time>2020-07-28T11:55:58Z</time>
   </trkpt>
   <trkpt lat="51.1383120" lon="-0.5275110">
    <ele>64.0</ele>
    <time>2020-07-28T11:56:00Z</time>
   </trkpt>
   <trkpt lat="51.1382520" lon="-0.5274740">
    <ele>63.6</ele>
    <time>2020-07-28T11:56:01Z</time>
   </trkpt>
   <trkpt lat="51.1381310" lon="-0.5273940">
    <ele>62.9</ele>
    <time>2020-07-28T11:56:03Z</time>
   </trkpt>
   <trkpt lat="51.1380060" lon="-0.5273030">
    <ele>62.1</ele>
    <time>2020-07-28T11:56:05Z</time>
   </trkpt>
   <trkpt lat="51.1379370" lon="-0.5272550">
    <ele>61.7</ele>
    <time>2020-07-28T11:56:06Z</time>
   </trkpt>
   <trkpt lat="51.1378650" lon="-0.5272080">
    <ele>61.3</ele>
    <time>2020-07-28T11:56:07Z</time>
   </trkpt>
   <trkpt lat="51.1377040" lon="-0.5271060">
    <ele>60.4</ele>
    <time>2020-07-28T11:56:09Z</time>
   </trkpt>
   <trkpt lat="51.1376180" lon="-0.5270530">
    <ele>59.9</ele>
    <time>2020-07-28T11:56:10Z</time>
   </trkpt>
   <trkpt lat="51.1374520" lon="-0.5269380">
    <ele>58.8</ele>
    <time>2020-07-28T11:56:12Z</time>
   </trkpt>
   <trkpt lat="51.1372820" lon="-0.5268280">
    <ele>57.9</ele>
    <time>2020-07-28T11:56:14Z</time>
   </trkpt>
   <trkpt lat="51.1371950" lon="-0.5267720">
    <ele>57.6</ele>
    <time>2020-07-28T11:56:15Z</time>
   </trkpt>
   <trkpt lat="51.1371190" lon="-0.5267200">
    <ele>57.2</ele>
    <time>2020-07-28T11:56:16Z</time>
   </trkpt>
   <trkpt lat="51.1370470" lon="-0.5266600">
    <ele>56.9</ele>
    <time>2020-07-28T11:56:17Z</time>
   </trkpt>
   <trkpt lat="51.1369620" lon="-0.5265960">
    <ele>56.6</ele>
    <time>2020-07-28T11:56:18Z</time>
   </trkpt>
   <trkpt lat="51.1367860" lon="-0.5264620">
    <ele>55.7</ele>
    <time>2020-07-28T11:56:20Z</time>
   </trkpt>
   <trkpt lat="51.1366930" lon="-0.5263810">
    <ele>55.3</ele>
    <time>2020-07-28T11:56:21Z</time>
   </trkpt>
   <trkpt lat="51.1365190" lon="-0.5262390">
    <ele>54.5</ele>
    <time>2020-07-28T11:56:23Z</time>
   </trkpt>
   <trkpt lat="51.1364270" lon="-0.5261850">
    <ele>54.1</ele>
    <time>2020-07-28T11:56:24Z</time>
   </trkpt>
   <trkpt lat="51.1362390" lon="-0.5260360">
    <ele>53.3</ele>
    <time>2020-07-28T11:56:26Z</time>
   </trkpt>
   <trkpt lat="51.1360700" lon="-0.5259000">
    <ele>52.5</ele>
    <time>2020-07-28T11:56:28Z</time>
   </trkpt>
   <trkpt lat="51.1359800" lon="-0.5258310">
    <ele>52.2</ele>
    <time>2020-07-28T11:56:29Z</time>
   </trkpt>
   <trkpt lat="51.1358030" lon="-0.5256900">
    <ele>51.6</ele>
    <time>2020-07-28T11:56:31Z</time>
   </trkpt>
   <trkpt lat="51.1357220" lon="-0.5256190">
    <ele>51.4</ele>
    <time>2020-07-28T11:56:32Z</time>
   </trkpt>
   <trkpt lat="51.1355410" lon="-0.5254790">
    <ele>50.9</ele>
    <time>2020-07-28T11:56:34Z</time>
   </trkpt>
   <trkpt lat="51.1354500" lon="-0.5254090">
    <ele>50.7</ele>
    <time>2020-07-28T11:56:35Z</time>
   </trkpt>
   <trkpt lat="51.1352820" lon="-0.5252760">
    <ele>50.4</ele>
    <time>2020-07-28T11:56:37Z</time>
   </trkpt>
   <trkpt lat="51.1351930" lon="-0.5252110">
    <ele>50.2</ele>
    <time>2020-07-28T11:56:38Z</time>
   </trkpt>
   <trkpt lat="51.1351060" lon="-0.5251490">
    <ele>50.1</ele>
    <time>2020-07-28T11:56:39Z</time>
   </trkpt>
   <trkpt lat="51.1349460" lon="-0.5250280">
    <ele>49.9</ele>
    <time>2020-07-28T11:56:41Z</time>
   </trkpt>
   <trkpt lat="51.1347600" lon="-0.5249240">
    <ele>49.7</ele>
    <time>2020-07-28T11:56:43Z</time>
   </trkpt>
   <trkpt lat="51.1346680" lon="-0.5248860">
    <ele>49.6</ele>
    <time>2020-07-28T11:56:44Z</time>
   </trkpt>
   <trkpt lat="51.1344990" lon="-0.5248060">
    <ele>49.4</ele>
    <time>2020-07-28T11:56:46Z</time>
   </trkpt>
   <trkpt lat="51.1343200" lon="-0.5247550">
    <ele>49.2</ele>
    <time>2020-07-28T11:56:48Z</time>
   </trkpt>
   <trkpt lat="51.1342320" lon="-0.5247280">
    <ele>49.2</ele>
    <time>2020-07-28T11:56:49Z</time>
   </trkpt>
   <trkpt lat="51.1340510" lon="-0.5246890">
    <ele>49.1</ele>
    <time>2020-07-28T11:56:51Z</time>
   </trkpt>
   <trkpt lat="51.1339620" lon="-0.5246730">
    <ele>49.0</ele>
    <time>2020-07-28T11:56:52Z</time>
   </trkpt>
   <trkpt lat="51.1337740" lon="-0.5246630">
    <ele>49.0</ele>
    <time>2020-07-28T11:56:54Z</time>
   </trkpt>
   <trkpt lat="51.1336780" lon="-0.5246640">
    <ele>48.9</ele>
    <time>2020-07-28T11:56:55Z</time>
   </trkpt>
   <trkpt lat="51.1335020" lon="-0.5246520">
    <ele>48.8</ele>
    <time>2020-07-28T11:56:57Z</time>
   </trkpt>
   <trkpt lat="51.1333250" lon="-0.5246540">
    <ele>48.8</ele>
    <time>2020-07-28T11:56:59Z</time>
   </trkpt>
   <trkpt lat="51.1332370" lon="-0.5246550">
    <ele>48.8</ele>
    <time>2020-07-28T11:57:00Z</time>
   </trkpt>
   <trkpt lat="51.1330600" lon="-0.5246560">
    <ele>48.9</ele>
    <time>2020-07-28T11:57:02Z</time>
   </trkpt>
   <trkpt lat="51.1329750" lon="-0.5246570">
    <ele>49.0</ele>
    <time>2020-07-28T11:57:03Z</time>
   </trkpt>
   <trkpt lat="51.1328890" lon="-0.5246550">
    <ele>49.1</ele>
    <time>2020-07-28T11:57:04Z</time>
   </trkpt>
   <trkpt lat="51.1328050" lon="-0.5246560">
    <ele>49.3</ele>
    <time>2020-07-28T11:57:05Z</time>
   </trkpt>
   <trkpt lat="51.1326430" lon="-0.5246660">
    <ele>49.5</ele>
    <time>2020-07-28T11:57:07Z</time>
   </trkpt>
   <trkpt lat="51.1324740" lon="-0.5246500">
    <ele>49.6</ele>
    <time>2020-07-28T11:57:09Z</time>
   </trkpt>
   <trkpt lat="51.1323950" lon="-0.5246430">
    <ele>49.7</ele>
    <time>2020-07-28T11:57:10Z</time>
   </trkpt>
   <trkpt lat="51.1322400" lon="-0.5246130">
    <ele>50.0</ele>
    <time>2020-07-28T11:57:12Z</time>
   </trkpt>
   <trkpt lat="51.1321660" lon="-0.5246050">
    <ele>50.1</ele>
    <time>2020-07-28T11:57:13Z</time>
   </trkpt>
   <trkpt lat="51.1320200" lon="-0.5245860">
    <ele>50.3</ele>
    <time>2020-07-28T11:57:15Z</time>
   </trkpt>
   <trkpt lat="51.1319470" lon="-0.5245740">
    <ele>50.4</ele>
    <time>2020-07-28T11:57:16Z</time>
   </trkpt>
   <trkpt lat="51.1318070" lon="-0.5245480">
    <ele>50.7</ele>
    <time>2020-07-28T11:57:18Z</time>
   </trkpt>
   <trkpt lat="51.1316680" lon="-0.5244900">
    <ele>51.0</ele>
    <time>2020-07-28T11:57:20Z</time>
   </trkpt>
   <trkpt lat="51.1316020" lon="-0.5244610">
    <ele>51.1</ele>
    <time>2020-07-28T11:57:21Z</time>
   </trkpt>
   <trkpt lat="51.1315340" lon="-0.5244330">
    <ele>51.2</ele>
    <time>2020-07-28T11:57:22Z</time>
   </trkpt>
   <trkpt lat="51.1314010" lon="-0.5243840">
    <ele>51.5</ele>
    <time>2020-07-28T11:57:24Z</time>
   </trkpt>
   <trkpt lat="51.1313340" lon="-0.5243520">
    <ele>51.6</ele>
    <time>2020-07-28T11:57:25Z</time>
   </trkpt>
   <trkpt lat="51.1312700" lon="-0.5243160">
    <ele>51.7</ele>
    <time>2020-07-28T11:57:26Z</time>
   </trkpt>
   <trkpt lat="51.1311480" lon="-0.5242450">
    <ele>51.9</ele>
    <time>2020-07-28T11:57:28Z</time>
   </trkpt>
   <trkpt lat="51.1310840" lon="-0.5242010">
    <ele>52.0</ele>
    <time>2020-07-28T11:57:29Z</time>
   </trkpt>
   <trkpt lat="51.1309600" lon="-0.5241150">
    <ele>52.3</ele>
    <time>2020-07-28T11:57:31Z</time>
   </trkpt>
   <trkpt lat="51.1308990" lon="-0.5240700">
    <ele>52.4</ele>
    <time>2020-07-28T11:57:32Z</time>
   </trkpt>
   <trkpt lat="51.1308370" lon="-0.5240200">
    <ele>52.5</ele>
    <time>2020-07-28T11:57:33Z</time>
   </trkpt>
   <trkpt lat="51.1307140" lon="-0.5239260">
    <ele>52.7</ele>
    <time>2020-07-28T11:57:35Z</time>
   </trkpt>
   <trkpt lat="51.1306540" lon="-0.5238810">
    <ele>52.8</ele>
    <time>2020-07-28T11:57:36Z</time>
   </trkpt>
   <trkpt lat="51.1305970" lon="-0.5238350">
    <ele>53.0</ele>
    <time>2020-07-28T11:57:37Z</time>
   </trkpt>
   <trkpt lat="51.1305420" lon="-0.5237870">
    <ele>53.1</ele>
    <time>2020-07-28T11:57:38Z</time>
   </trkpt>
   <trkpt lat="51.1304160" lon="-0.5236940">
    <ele>53.3</ele>
    <time>2020-07-28T11:57:40Z</time>
   </trkpt>
   <trkpt lat="51.1303550" lon="-0.5236500">
    <ele>53.5</ele>
    <time>2020-07-28T11:57:41Z</time>
   </trkpt>
   <trkpt lat="51.1302980" lon="-0.5236050">
    <ele>53.6</ele>
    <time>2020-07-28T11:57:42Z</time>
   </trkpt>
   <trkpt lat="51.1302460" lon="-0.5235620">
    <ele>53.7</ele>
    <time>2020-07-28T11:57:43Z</time>
   </trkpt>
   <trkpt lat="51.1301920" lon="-0.5235170">
    <ele>53.8</ele>
    <time>2020-07-28T11:57:44Z</time>
   </trkpt>
   <trkpt lat="51.1300900" lon="-0.5234320">
    <ele>54.0</ele>
    <time>2020-07-28T11:57:46Z</time>
   </trkpt>
   <trkpt lat="51.1300430" lon="-0.5233890">
    <ele>54.1</ele>
    <time>2020-07-28T11:57:47Z</time>
   </trkpt>
   <trkpt lat="51.1299440" lon="-0.5233010">
    <ele>54.2</ele>
    <time>2020-07-28T11:57:49Z</time>
   </trkpt>
   <trkpt lat="51.1298400" lon="-0.5232220">
    <ele>54.4</ele>
    <time>2020-07-28T11:57:51Z</time>
   </trkpt>
   <trkpt lat="51.1297410" lon="-0.5231480">
    <ele>54.5</ele>
    <time>2020-07-28T11:57:53Z</time>
   </trkpt>
   <trkpt lat="51.1296870" lon="-0.5231060">
    <ele>54.6</ele>
    <time>2020-07-28T11:57:54Z</time>
   </trkpt>
   <trkpt lat="51.1295670" lon="-0.5230310">
    <ele>54.8</ele>
    <time>2020-07-28T11:57:56Z</time>
   </trkpt>
   <trkpt lat="51.1295190" lon="-0.5230000">
    <ele>54.8</ele>
    <time>2020-07-28T11:57:57Z</time>
   </trkpt>
   <trkpt lat="51.1294730" lon="-0.5229570">
    <ele>54.8</ele>
    <time>2020-07-28T11:57:58Z</time>
   </trkpt>
   <trkpt lat="51.1294330" lon="-0.5229160">
    <ele>54.8</ele>
    <time>2020-07-28T11:57:59Z</time>
   </trkpt>
   <trkpt lat="51.1293560" lon="-0.5228480">
    <ele>54.7</ele>
    <time>2020-07-28T11:58:01Z</time>
   </trkpt>
   <trkpt lat="51.1293210" lon="-0.5227980">
    <ele>54.6</ele>
    <time>2020-07-28T11:58:02Z</time>
   </trkpt>
   <trkpt lat="51.1292110" lon="-0.5227160">
    <ele>54.5</ele>
    <time>2020-07-28T11:58:04Z</time>
   </trkpt>
   <trkpt lat="51.1290950" lon="-0.5226370">
    <ele>54.3</ele>
    <time>2020-07-28T11:58:06Z</time>
   </trkpt>
   <trkpt lat="51.1290440" lon="-0.5225920">
    <ele>54.1</ele>
    <time>2020-07-28T11:58:07Z</time>
   </trkpt>
   <trkpt lat="51.1289330" lon="-0.5224910">
    <ele>53.8</ele>
    <time>2020-07-28T11:58:09Z</time>
   </trkpt>
   <trkpt lat="51.1288830" lon="-0.5224260">
    <ele>53.6</ele>
    <time>2020-07-28T11:58:10Z</time>
   </trkpt>
   <trkpt lat="51.1288360" lon="-0.5223610">
    <ele>53.4</ele>
    <time>2020-07-28T11:58:11Z</time>
   </trkpt>
   <trkpt lat="51.1287230" lon="-0.5222270">
    <ele>52.9</ele>
    <time>2020-07-28T11:58:13Z</time>
   </trkpt>
   <trkpt lat="51.1286730" lon="-0.5221600">
    <ele>52.7</ele>
    <time>2020-07-28T11:58:14Z</time>
   </trkpt>
   <trkpt lat="51.1285830" lon="-0.5220210">
    <ele>52.4</ele>
    <time>2020-07-28T11:58:16Z</time>
   </trkpt>
   <trkpt lat="51.1285310" lon="-0.5219440">
    <ele>52.3</ele>
    <time>2020-07-28T11:58:17Z</time>
   </trkpt>
   <trkpt lat="51.1284230" lon="-0.5218190">
    <ele>52.0</ele>
    <time>2020-07-28T11:58:19Z</time>
   </trkpt>
   <trkpt lat="51.1283660" lon="-0.5217520">
    <ele>51.9</ele>
    <time>2020-07-28T11:58:20Z</time>
   </trkpt>
   <trkpt lat="51.1282630" lon="-0.5215870">
    <ele>51.4</ele>
    <time>2020-07-28T11:58:22Z</time>
   </trkpt>
   <trkpt lat="51.1282140" lon="-0.5214960">
    <ele>51.1</ele>
    <time>2020-07-28T11:58:23Z</time>
   </trkpt>
   <trkpt lat="51.1281670" lon="-0.5214140">
    <ele>50.9</ele>
    <time>2020-07-28T11:58:24Z</time>
   </trkpt>
   <trkpt lat="51.1280570" lon="-0.5212400">
    <ele>50.4</ele>
    <time>2020-07-28T11:58:26Z</time>
   </trkpt>
   <trkpt lat="51.1280070" lon="-0.5211510">
    <ele>50.2</ele>
    <time>2020-07-28T11:58:27Z</time>
   </trkpt>
   <trkpt lat="51.1279580" lon="-0.5210690">
    <ele>50.0</ele>
    <time>2020-07-28T11:58:28Z</time>
   </trkpt>
   <trkpt lat="51.1278950" lon="-0.5209850">
    <ele>49.9</ele>
    <time>2020-07-28T11:58:29Z</time>
   </trkpt>
   <trkpt lat="51.1277830" lon="-0.5208110">
    <ele>49.6</ele>
    <time>2020-07-28T11:58:31Z</time>
   </trkpt>
   <trkpt lat="51.1277140" lon="-0.5207240">
    <ele>49.4</ele>
    <time>2020-07-28T11:58:32Z</time>
   </trkpt>
   <trkpt lat="51.1275930" lon="-0.5205410">
    <ele>49.0</ele>
    <time>2020-07-28T11:58:34Z</time>
   </trkpt>
   <trkpt lat="51.1274780" lon="-0.5203490">
    <ele>48.7</ele>
    <time>2020-07-28T11:58:36Z</time>
   </trkpt>
   <trkpt lat="51.1274130" lon="-0.5202540">
    <ele>48.5</ele>
    <time>2020-07-28T11:58:37Z</time>
   </trkpt>
   <trkpt lat="51.1272850" lon="-0.5200720">
    <ele>48.1</ele>
    <time>2020-07-28T11:58:39Z</time>
   </trkpt>
   <trkpt lat="51.1271740" lon="-0.5198870">
    <ele>47.8</ele>
    <time>2020-07-28T11:58:41Z</time>
   </trkpt>
   <trkpt lat="51.1271150" lon="-0.5197930">
    <ele>47.6</ele>
    <time>2020-07-28T11:58:42Z</time>
   </trkpt>
   <trkpt lat="51.1270510" lon="-0.5197060">
    <ele>47.4</ele>
    <time>2020-07-28T11:58:43Z</time>
   </trkpt>
   <trkpt lat="51.1269900" lon="-0.5196260">
    <ele>47.3</ele>
    <time>2020-07-28T11:58:44Z</time>
   </trkpt>
   <trkpt lat="51.1269310" lon="-0.5195500">
    <ele>47.1</ele>
    <time>2020-07-28T11:58:45Z</time>
   </trkpt>
   <trkpt lat="51.1268860" lon="-0.5194630">
    <ele>47.0</ele>
    <time>2020-07-28T11:58:46Z</time>
   </trkpt>
   <trkpt lat="51.1267800" lon="-0.5192900">
    <ele>46.9</ele>
    <time>2020-07-28T11:58:48Z</time>
   </trkpt>
   <trkpt lat="51.1266500" lon="-0.5191440">
    <ele>47.2</ele>
    <time>2020-07-28T11:58:50Z</time>
   </trkpt>
   <trkpt lat="51.1265840" lon="-0.5190770">
    <ele>47.0</ele>
    <time>2020-07-28T11:58:51Z</time>
   </trkpt>
   <trkpt lat="51.1264470" lon="-0.5189580">
    <ele>46.7</ele>
    <time>2020-07-28T11:58:53Z</time>
   </trkpt>
   <trkpt lat="51.1263800" lon="-0.5188900">
    <ele>46.7</ele>
    <time>2020-07-28T11:58:54Z</time>
   </trkpt>
   <trkpt lat="51.1262450" lon="-0.5187660">
    <ele>46.8</ele>
    <time>2020-07-28T11:58:56Z</time>
   </trkpt>
   <trkpt lat="51.1261210" lon="-0.5186390">
    <ele>46.9</ele>
    <time>2020-07-28T11:58:58Z</time>
   </trkpt>
   <trkpt lat="51.1259760" lon="-0.5185230">
    <ele>47.1</ele>
    <time>2020-07-28T11:59:00Z</time>
   </trkpt>
   <trkpt lat="51.1259130" lon="-0.5184600">
    <ele>47.2</ele>
    <time>2020-07-28T11:59:01Z</time>
   </trkpt>
   <trkpt lat="51.1258490" lon="-0.5184050">
    <ele>47.3</ele>
    <time>2020-07-28T11:59:02Z</time>
   </trkpt>
   <trkpt lat="51.1257140" lon="-0.5183120">
    <ele>47.4</ele>
    <time>2020-07-28T11:59:04Z</time>
   </trkpt>
   <trkpt lat="51.1256470" lon="-0.5182620">
    <ele>47.4</ele>
    <time>2020-07-28T11:59:05Z</time>
   </trkpt>
   <trkpt lat="51.1255800" lon="-0.5182170">
    <ele>47.5</ele>
    <time>2020-07-28T11:59:06Z</time>
   </trkpt>
   <trkpt lat="51.1254450" lon="-0.5181190">
    <ele>47.6</ele>
    <time>2020-07-28T11:59:08Z</time>
   </trkpt>
   <trkpt lat="51.1253790" lon="-0.5180750">
    <ele>47.7</ele>
    <time>2020-07-28T11:59:09Z</time>
   </trkpt>
   <trkpt lat="51.1253110" lon="-0.5180300">
    <ele>47.8</ele>
    <time>2020-07-28T11:59:10Z</time>
   </trkpt>
   <trkpt lat="51.1252440" lon="-0.5179880">
    <ele>47.9</ele>
    <time>2020-07-28T11:59:11Z</time>
   </trkpt>
   <trkpt lat="51.1251160" lon="-0.5178970">
    <ele>48.2</ele>
    <time>2020-07-28T11:59:13Z</time>
   </trkpt>
   <trkpt lat="51.1250580" lon="-0.5178460">
    <ele>48.3</ele>
    <time>2020-07-28T11:59:14Z</time>
   </trkpt>
   <trkpt lat="51.1249290" lon="-0.5177580">
    <ele>48.5</ele>
    <time>2020-07-28T11:59:16Z</time>
   </trkpt>
   <trkpt lat="51.1248610" lon="-0.5177160">
    <ele>48.6</ele>
    <time>2020-07-28T11:59:17Z</time>
   </trkpt>
   <trkpt lat="51.1248010" lon="-0.5176720">
    <ele>48.7</ele>
    <time>2020-07-28T11:59:18Z</time>
   </trkpt>
   <trkpt lat="51.1246720" lon="-0.5175840">
    <ele>48.8</ele>
    <time>2020-07-28T11:59:20Z</time>
   </trkpt>
   <trkpt lat="51.1245550" lon="-0.5174990">
    <ele>48.8</ele>
    <time>2020-07-28T11:59:22Z</time>
   </trkpt>
   <trkpt lat="51.1245010" lon="-0.5174500">
    <ele>48.8</ele>
    <time>2020-07-28T11:59:23Z</time>
   </trkpt>
   <trkpt lat="51.1244520" lon="-0.5174060">
    <ele>48.8</ele>
    <time>2020-07-28T11:59:24Z</time>
   </trkpt>
   <trkpt lat="51.1243890" lon="-0.5173660">
    <ele>48.8</ele>
    <time>2020-07-28T11:59:25Z</time>
   </trkpt>
   <trkpt lat="51.1243130" lon="-0.5173250">
    <ele>48.9</ele>
    <time>2020-07-28T11:59:26Z</time>
   </trkpt>
   <trkpt lat="51.1241760" lon="-0.5172340">
    <ele>48.9</ele>
    <time>2020-07-28T11:59:28Z</time>
   </trkpt>
   <trkpt lat="51.1241030" lon="-0.5171900">
    <ele>48.9</ele>
    <time>2020-07-28T11:59:29Z</time>
   </trkpt>
   <trkpt lat="51.1239640" lon="-0.5171070">
    <ele>48.8</ele>
    <time>2020-07-28T11:59:31Z</time>
   </trkpt>
   <trkpt lat="51.1238960" lon="-0.5170570">
    <ele>48.8</ele>
    <time>2020-07-28T11:59:32Z</time>
   </trkpt>
   <trkpt lat="51.1237680" lon="-0.5169690">
    <ele>48.7</ele>
    <time>2020-07-28T11:59:34Z</time>
   </trkpt>
   <trkpt lat="51.1237060" lon="-0.5169220">
    <ele>48.7</ele>
    <time>2020-07-28T11:59:35Z</time>
   </trkpt>
   <trkpt lat="51.1235810" lon="-0.5168310">
    <ele>48.7</ele>
    <time>2020-07-28T11:59:37Z</time>
   </trkpt>
   <trkpt lat="51.1235120" lon="-0.5167860">
    <ele>48.7</ele>
    <time>2020-07-28T11:59:38Z</time>
   </trkpt>
   <trkpt lat="51.1233700" lon="-0.5166930">
    <ele>48.7</ele>
    <time>2020-07-28T11:59:40Z</time>
   </trkpt>
   <trkpt lat="51.1232270" lon="-0.5166020">
    <ele>48.7</ele>
    <time>2020-07-28T11:59:42Z</time>
   </trkpt>
   <trkpt lat="51.1231550" lon="-0.5165520">
    <ele>48.7</ele>
    <time>2020-07-28T11:59:43Z</time>
   </trkpt>
   <trkpt lat="51.1230160" lon="-0.5164520">
    <ele>48.7</ele>
    <time>2020-07-28T11:59:45Z</time>
   </trkpt>
   <trkpt lat="51.1229450" lon="-0.5164020">
    <ele>48.8</ele>
    <time>2020-07-28T11:59:46Z</time>
   </trkpt>
   <trkpt lat="51.1228140" lon="-0.5163040">
    <ele>48.8</ele>
    <time>2020-07-28T11:59:48Z</time>
   </trkpt>
   <trkpt lat="51.1227510" lon="-0.5162610">
    <ele>48.9</ele>
    <time>2020-07-28T11:59:49Z</time>
   </trkpt>
   <trkpt lat="51.1226770" lon="-0.5162200">
    <ele>48.9</ele>
    <time>2020-07-28T11:59:50Z</time>
   </trkpt>
   <trkpt lat="51.1225500" lon="-0.5161320">
    <ele>49.0</ele>
    <time>2020-07-28T11:59:52Z</time>
   </trkpt>
   <trkpt lat="51.1224920" lon="-0.5160880">
    <ele>49.0</ele>
    <time>2020-07-28T11:59:53Z</time>
   </trkpt>
   <trkpt lat="51.1224350" lon="-0.5160420">
    <ele>49.1</ele>
    <time>2020-07-28T11:59:54Z</time>
   </trkpt>
   <trkpt lat="51.1223150" lon="-0.5159570">
    <ele>49.2</ele>
    <time>2020-07-28T11:59:56Z</time>
   </trkpt>
   <trkpt lat="51.1221890" lon="-0.5158620">
    <ele>49.2</ele>
    <time>2020-07-28T11:59:58Z</time>
   </trkpt>
   <trkpt lat="51.1220650" lon="-0.5157800">
    <ele>49.3</ele>
    <time>2020-07-28T12:00:00Z</time>
   </trkpt>
   <trkpt lat="51.1219970" lon="-0.5157380">
    <ele>49.3</ele>
    <time>2020-07-28T12:00:01Z</time>
   </trkpt>
   <trkpt lat="51.1218720" lon="-0.5156480">
    <ele>49.4</ele>
    <time>2020-07-28T12:00:03Z</time>
   </trkpt>
   <trkpt lat="51.1217410" lon="-0.5155720">
    <ele>49.5</ele>
    <time>2020-07-28T12:00:05Z</time>
   </trkpt>
   <trkpt lat="51.1216190" lon="-0.5154940">
    <ele>49.5</ele>
    <time>2020-07-28T12:00:07Z</time>
   </trkpt>
   <trkpt lat="51.1215570" lon="-0.5154600">
    <ele>49.5</ele>
    <time>2020-07-28T12:00:08Z</time>
   </trkpt>
   <trkpt lat="51.1214960" lon="-0.5154290">
    <ele>49.5</ele>
    <time>2020-07-28T12:00:09Z</time>
   </trkpt>
   <trkpt lat="51.1213740" lon="-0.5153770">
    <ele>49.6</ele>
    <time>2020-07-28T12:00:11Z</time>
   </trkpt>
   <trkpt lat="51.1213090" lon="-0.5153500">
    <ele>49.6</ele>
    <time>2020-07-28T12:00:12Z</time>
   </trkpt>
   <trkpt lat="51.1211770" lon="-0.5152970">
    <ele>49.9</ele>
    <time>2020-07-28T12:00:14Z</time>
   </trkpt>
   <trkpt lat="51.1210500" lon="-0.5152420">
    <ele>49.7</ele>
    <time>2020-07-28T12:00:16Z</time>
   </trkpt>
   <trkpt lat="51.1209130" lon="-0.5151880">
    <ele>49.5</ele>
    <time>2020-07-28T12:00:18Z</time>
   </trkpt>
   <trkpt lat="51.1207690" lon="-0.5151260">
    <ele>49.3</ele>
    <time>2020-07-28T12:00:20Z</time>
   </trkpt>
   <trkpt lat="51.1206260" lon="-0.5150720">
    <ele>49.2</ele>
    <time>2020-07-28T12:00:22Z</time>
   </trkpt>
   <trkpt lat="51.1205570" lon="-0.5150440">
    <ele>49.1</ele>
    <time>2020-07-28T12:00:23Z</time>
   </trkpt>
   <trkpt lat="51.1204130" lon="-0.5149810">
    <ele>49.0</ele>
    <time>2020-07-28T12:00:25Z</time>
   </trkpt>
   <trkpt lat="51.1202640" lon="-0.5149120">
    <ele>48.9</ele>
    <time>2020-07-28T12:00:27Z</time>
   </trkpt>
   <trkpt lat="51.1201920" lon="-0.5148720">
    <ele>48.8</ele>
    <time>2020-07-28T12:00:28Z</time>
   </trkpt>
   <trkpt lat="51.1200520" lon="-0.5147990">
    <ele>48.7</ele>
    <time>2020-07-28T12:00:30Z</time>
   </trkpt>
   <trkpt lat="51.1199150" lon="-0.5147170">
    <ele>48.6</ele>
    <time>2020-07-28T12:00:32Z</time>
   </trkpt>
   <trkpt lat="51.1197650" lon="-0.5146310">
    <ele>48.4</ele>
    <time>2020-07-28T12:00:34Z</time>
   </trkpt>
   <trkpt lat="51.1196180" lon="-0.5145350">
    <ele>48.3</ele>
    <time>2020-07-28T12:00:36Z</time>
   </trkpt>
   <trkpt lat="51.1194950" lon="-0.5144280">
    <ele>48.2</ele>
    <time>2020-07-28T12:00:38Z</time>
   </trkpt>
   <trkpt lat="51.1193720" lon="-0.5143220">
    <ele>47.9</ele>
    <time>2020-07-28T12:00:40Z</time>
   </trkpt>
   <trkpt lat="51.1193020" lon="-0.5142640">
    <ele>47.8</ele>
    <time>2020-07-28T12:00:41Z</time>
   </trkpt>
   <trkpt lat="51.1192310" lon="-0.5142060">
    <ele>47.7</ele>
    <time>2020-07-28T12:00:42Z</time>
   </trkpt>
   <trkpt lat="51.1190920" lon="-0.5140890">
    <ele>47.5</ele>
    <time>2020-07-28T12:00:44Z</time>
   </trkpt>
   <trkpt lat="51.1190240" lon="-0.5140210">
    <ele>47.4</ele>
    <time>2020-07-28T12:00:45Z</time>
   </trkpt>
   <trkpt lat="51.1189600" lon="-0.5139560">
    <ele>47.3</ele>
    <time>2020-07-28T12:00:46Z</time>
   </trkpt>
   <trkpt lat="51.1188300" lon="-0.5138320">
    <ele>47.2</ele>
    <time>2020-07-28T12:00:48Z</time>
   </trkpt>
   <trkpt lat="51.1187610" lon="-0.5137670">
    <ele>47.2</ele>
    <time>2020-07-28T12:00:49Z</time>
   </trkpt>
   <trkpt lat="51.1186980" lon="-0.5137010">
    <ele>47.1</ele>
    <time>2020-07-28T12:00:50Z</time>
   </trkpt>
   <trkpt lat="51.1186390" lon="-0.5136420">
    <ele>47.1</ele>
    <time>2020-07-28T12:00:51Z</time>
   </trkpt>
   <trkpt lat="51.1185750" lon="-0.5135720">
    <ele>47.1</ele>
    <time>2020-07-28T12:00:52Z</time>
   </trkpt>
   <trkpt lat="51.1184460" lon="-0.5134410">
    <ele>47.1</ele>
    <time>2020-07-28T12:00:54Z</time>
   </trkpt>
   <trkpt lat="51.1183870" lon="-0.5133740">
    <ele>47.2</ele>
    <time>2020-07-28T12:00:55Z</time>
   </trkpt>
   <trkpt lat="51.1182550" lon="-0.5132390">
    <ele>47.2</ele>
    <time>2020-07-28T12:00:57Z</time>
   </trkpt>
   <trkpt lat="51.1181320" lon="-0.5131140">
    <ele>47.3</ele>
    <time>2020-07-28T12:00:59Z</time>
   </trkpt>
   <trkpt lat="51.1180690" lon="-0.5130520">
    <ele>47.3</ele>
    <time>2020-07-28T12:01:00Z</time>
   </trkpt>
   <trkpt lat="51.1179440" lon="-0.5129320">
    <ele>47.3</ele>
    <time>2020-07-28T12:01:02Z</time>
   </trkpt>
   <trkpt lat="51.1178800" lon="-0.5128730">
    <ele>47.4</ele>
    <time>2020-07-28T12:01:03Z</time>
   </trkpt>
   <trkpt lat="51.1177510" lon="-0.5127660">
    <ele>47.4</ele>
    <time>2020-07-28T12:01:05Z</time>
   </trkpt>
   <trkpt lat="51.1176280" lon="-0.5126620">
    <ele>47.5</ele>
    <time>2020-07-28T12:01:07Z</time>
   </trkpt>
   <trkpt lat="51.1175710" lon="-0.5126090">
    <ele>47.5</ele>
    <time>2020-07-28T12:01:08Z</time>
   </trkpt>
   <trkpt lat="51.1175100" lon="-0.5125570">
    <ele>47.6</ele>
    <time>2020-07-28T12:01:09Z</time>
   </trkpt>
   <trkpt lat="51.1173860" lon="-0.5124720">
    <ele>47.7</ele>
    <time>2020-07-28T12:01:11Z</time>
   </trkpt>
   <trkpt lat="51.1173260" lon="-0.5124310">
    <ele>47.7</ele>
    <time>2020-07-28T12:01:12Z</time>
   </trkpt>
   <trkpt lat="51.1172620" lon="-0.5123870">
    <ele>47.8</ele>
    <time>2020-07-28T12:01:13Z</time>
   </trkpt>
   <trkpt lat="51.1171890" lon="-0.5123480">
    <ele>47.8</ele>
    <time>2020-07-28T12:01:14Z</time>
   </trkpt>
   <trkpt lat="51.1170500" lon="-0.5122820">
    <ele>47.8</ele>
    <time>2020-07-28T12:01:16Z</time>
   </trkpt>
   <trkpt lat="51.1169220" lon="-0.5122150">
    <ele>48.0</ele>
    <time>2020-07-28T12:01:18Z</time>
   </trkpt>
   <trkpt lat="51.1168010" lon="-0.5121410">
    <ele>48.0</ele>
    <time>2020-07-28T12:01:20Z</time>
   </trkpt>
   <trkpt lat="51.1167370" lon="-0.5121140">
    <ele>48.1</ele>
    <time>2020-07-28T12:01:21Z</time>
   </trkpt>
   <trkpt lat="51.1166090" lon="-0.5120590">
    <ele>48.1</ele>
    <time>2020-07-28T12:01:23Z</time>
   </trkpt>
   <trkpt lat="51.1165460" lon="-0.5120300">
    <ele>48.2</ele>
    <time>2020-07-28T12:01:24Z</time>
   </trkpt>
   <trkpt lat="51.1164170" lon="-0.5119840">
    <ele>48.2</ele>
    <time>2020-07-28T12:01:26Z</time>
   </trkpt>
   <trkpt lat="51.1162780" lon="-0.5119430">
    <ele>48.3</ele>
    <time>2020-07-28T12:01:28Z</time>
   </trkpt>
   <trkpt lat="51.1161400" lon="-0.5118700">
    <ele>48.3</ele>
    <time>2020-07-28T12:01:30Z</time>
   </trkpt>
   <trkpt lat="51.1160730" lon="-0.5118380">
    <ele>48.3</ele>
    <time>2020-07-28T12:01:31Z</time>
   </trkpt>
   <trkpt lat="51.1159580" lon="-0.5117970">
    <ele>48.4</ele>
    <time>2020-07-28T12:01:33Z</time>
   </trkpt>
   <trkpt lat="51.1158310" lon="-0.5117690">
    <ele>48.6</ele>
    <time>2020-07-28T12:01:35Z</time>
   </trkpt>
   <trkpt lat="51.1157710" lon="-0.5117480">
    <ele>48.7</ele>
    <time>2020-07-28T12:01:36Z</time>
   </trkpt>
   <trkpt lat="51.1156530" lon="-0.5117170">
    <ele>48.7</ele>
    <time>2020-07-28T12:01:38Z</time>
   </trkpt>
   <trkpt lat="51.1155930" lon="-0.5117080">
    <ele>48.8</ele>
    <time>2020-07-28T12:01:39Z</time>
   </trkpt>
   <trkpt lat="51.1155390" lon="-0.5116850">
    <ele>48.8</ele>
    <time>2020-07-28T12:01:40Z</time>
   </trkpt>
   <trkpt lat="51.1154290" lon="-0.5116450">
    <ele>49.0</ele>
    <time>2020-07-28T12:01:42Z</time>
   </trkpt>
   <trkpt lat="51.1153080" lon="-0.5116160">
    <ele>49.1</ele>
    <time>2020-07-28T12:01:44Z</time>
   </trkpt>
   <trkpt lat="51.1152040" lon="-0.5115790">
    <ele>49.2</ele>
    <time>2020-07-28T12:01:46Z</time>
   </trkpt>
   <trkpt lat="51.1151440" lon="-0.5115650">
    <ele>49.2</ele>
    <time>2020-07-28T12:01:47Z</time>
   </trkpt>
   <trkpt lat="51.1150250" lon="-0.5115330">
    <ele>49.4</ele>
    <time>2020-07-28T12:01:49Z</time>
   </trkpt>
   <trkpt lat="51.1149130" lon="-0.5115120">
    <ele>49.5</ele>
    <time>2020-07-28T12:01:51Z</time>
   </trkpt>
   <trkpt lat="51.1147960" lon="-0.5114800">
    <ele>49.7</ele>
    <time>2020-07-28T12:01:53Z</time>
   </trkpt>
   <trkpt lat="51.1147330" lon="-0.5114610">
    <ele>49.9</ele>
    <time>2020-07-28T12:01:54Z</time>
   </trkpt>
   <trkpt lat="51.1146670" lon="-0.5114570">
    <ele>50.0</ele>
    <time>2020-07-28T12:01:55Z</time>
   </trkpt>
   <trkpt lat="51.1145400" lon="-0.5114410">
    <ele>49.8</ele>
    <time>2020-07-28T12:01:57Z</time>
   </trkpt>
   <trkpt lat="51.1144260" lon="-0.5114200">
    <ele>49.6</ele>
    <time>2020-07-28T12:01:59Z</time>
   </trkpt>
   <trkpt lat="51.1142870" lon="-0.5114140">
    <ele>49.3</ele>
    <time>2020-07-28T12:02:01Z</time>
   </trkpt>
   <trkpt lat="51.1141800" lon="-0.5114150">
    <ele>49.1</ele>
    <time>2020-07-28T12:02:03Z</time>
   </trkpt>
   <trkpt lat="51.1141140" lon="-0.5114200">
    <ele>49.0</ele>
    <time>2020-07-28T12:02:04Z</time>
   </trkpt>
   <trkpt lat="51.1140430" lon="-0.5114220">
    <ele>48.9</ele>
    <time>2020-07-28T12:02:05Z</time>
   </trkpt>
   <trkpt lat="51.1139110" lon="-0.5114280">
    <ele>48.8</ele>
    <time>2020-07-28T12:02:07Z</time>
   </trkpt>
   <trkpt lat="51.1138010" lon="-0.5114470">
    <ele>48.8</ele>
    <time>2020-07-28T12:02:09Z</time>
   </trkpt>
   <trkpt lat="51.1137420" lon="-0.5114650">
    <ele>48.8</ele>
    <time>2020-07-28T12:02:10Z</time>
   </trkpt>
   <trkpt lat="51.1136220" lon="-0.5115000">
    <ele>48.6</ele>
    <time>2020-07-28T12:02:12Z</time>
   </trkpt>
   <trkpt lat="51.1134850" lon="-0.5115140">
    <ele>48.6</ele>
    <time>2020-07-28T12:02:14Z</time>
   </trkpt>
   <trkpt lat="51.1133320" lon="-0.5115380">
    <ele>48.6</ele>
    <time>2020-07-28T12:02:16Z</time>
   </trkpt>
   <trkpt lat="51.1132670" lon="-0.5115510">
    <ele>48.6</ele>
    <time>2020-07-28T12:02:17Z</time>
   </trkpt>
   <trkpt lat="51.1131480" lon="-0.5115920">
    <ele>48.7</ele>
    <time>2020-07-28T12:02:19Z</time>
   </trkpt>
   <trkpt lat="51.1130260" lon="-0.5116540">
    <ele>48.8</ele>
    <time>2020-07-28T12:02:21Z</time>
   </trkpt>
   <trkpt lat="51.1129670" lon="-0.5116840">
    <ele>48.8</ele>
    <time>2020-07-28T12:02:22Z</time>
   </trkpt>
   <trkpt lat="51.1129130" lon="-0.5117130">
    <ele>48.8</ele>
    <time>2020-07-28T12:02:23Z</time>
   </trkpt>
   <trkpt lat="51.1128030" lon="-0.5117740">
    <ele>48.9</ele>
    <time>2020-07-28T12:02:25Z</time>
   </trkpt>
   <trkpt lat="51.1127510" lon="-0.5118090">
    <ele>48.9</ele>
    <time>2020-07-28T12:02:26Z</time>
   </trkpt>
   <trkpt lat="51.1126840" lon="-0.5118450">
    <ele>49.0</ele>
    <time>2020-07-28T12:02:27Z</time>
   </trkpt>
   <trkpt lat="51.1125710" lon="-0.5119060">
    <ele>49.1</ele>
    <time>2020-07-28T12:02:29Z</time>
   </trkpt>
   <trkpt lat="51.1124670" lon="-0.5119790">
    <ele>49.1</ele>
    <time>2020-07-28T12:02:31Z</time>
   </trkpt>
   <trkpt lat="51.1124000" lon="-0.5120180">
    <ele>49.2</ele>
    <time>2020-07-28T12:02:32Z</time>
   </trkpt>
   <trkpt lat="51.1123350" lon="-0.5120530">
    <ele>49.2</ele>
    <time>2020-07-28T12:02:33Z</time>
   </trkpt>
   <trkpt lat="51.1122030" lon="-0.5121290">
    <ele>49.3</ele>
    <time>2020-07-28T12:02:35Z</time>
   </trkpt>
   <trkpt lat="51.1120880" lon="-0.5122140">
    <ele>49.4</ele>
    <time>2020-07-28T12:02:37Z</time>
   </trkpt>
   <trkpt lat="51.1120290" lon="-0.5122540">
    <ele>49.4</ele>
    <time>2020-07-28T12:02:38Z</time>
   </trkpt>
   <trkpt lat="51.1119110" lon="-0.5123380">
    <ele>49.6</ele>
    <time>2020-07-28T12:02:40Z</time>
   </trkpt>
   <trkpt lat="51.1118030" lon="-0.5124290">
    <ele>49.8</ele>
    <time>2020-07-28T12:02:42Z</time>
   </trkpt>
   <trkpt lat="51.1117440" lon="-0.5124710">
    <ele>49.9</ele>
    <time>2020-07-28T12:02:43Z</time>
   </trkpt>
   <trkpt lat="51.1116910" lon="-0.5125110">
    <ele>50.1</ele>
    <time>2020-07-28T12:02:44Z</time>
   </trkpt>
   <trkpt lat="51.1116410" lon="-0.5125550">
    <ele>50.2</ele>
    <time>2020-07-28T12:02:45Z</time>
   </trkpt>
   <trkpt lat="51.1115380" lon="-0.5126420">
    <ele>50.5</ele>
    <time>2020-07-28T12:02:47Z</time>
   </trkpt>
   <trkpt lat="51.1114730" lon="-0.5126880">
    <ele>50.7</ele>
    <time>2020-07-28T12:02:48Z</time>
   </trkpt>
   <trkpt lat="51.1113460" lon="-0.5127770">
    <ele>51.1</ele>
    <time>2020-07-28T12:02:50Z</time>
   </trkpt>
   <trkpt lat="51.1112830" lon="-0.5128350">
    <ele>51.3</ele>
    <time>2020-07-28T12:02:51Z</time>
   </trkpt>
   <trkpt lat="51.1111730" lon="-0.5129200">
    <ele>51.7</ele>
    <time>2020-07-28T12:02:53Z</time>
   </trkpt>
   <trkpt lat="51.1110770" lon="-0.5129990">
    <ele>52.2</ele>
    <time>2020-07-28T12:02:55Z</time>
   </trkpt>
   <trkpt lat="51.1110560" lon="-0.5130280">
    <ele>52.3</ele>
    <time>2020-07-28T12:02:56Z</time>
   </trkpt>
   <trkpt lat="51.1109490" lon="-0.5131110">
    <ele>52.8</ele>
    <time>2020-07-28T12:02:58Z</time>
   </trkpt>
   <trkpt lat="51.1108980" lon="-0.5131430">
    <ele>53.0</ele>
    <time>2020-07-28T12:02:59Z</time>
   </trkpt>
   <trkpt lat="51.1108550" lon="-0.5131700">
    <ele>53.2</ele>
    <time>2020-07-28T12:03:00Z</time>
   </trkpt>
   <trkpt lat="51.1107810" lon="-0.5132450">
    <ele>53.4</ele>
    <time>2020-07-28T12:03:02Z</time>
   </trkpt>
   <trkpt lat="51.1107290" lon="-0.5132740">
    <ele>53.5</ele>
    <time>2020-07-28T12:03:03Z</time>
   </trkpt>
   <trkpt lat="51.1106780" lon="-0.5133080">
    <ele>53.6</ele>
    <time>2020-07-28T12:03:04Z</time>
   </trkpt>
   <trkpt lat="51.1106090" lon="-0.5133720">
    <ele>53.8</ele>
    <time>2020-07-28T12:03:06Z</time>
   </trkpt>
   <trkpt lat="51.1105240" lon="-0.5134440">
    <ele>53.9</ele>
    <time>2020-07-28T12:03:08Z</time>
   </trkpt>
   <trkpt lat="51.1104770" lon="-0.5134840">
    <ele>53.9</ele>
    <time>2020-07-28T12:03:09Z</time>
   </trkpt>
   <trkpt lat="51.1104250" lon="-0.5135240">
    <ele>54.0</ele>
    <time>2020-07-28T12:03:10Z</time>
   </trkpt>
   <trkpt lat="51.1103210" lon="-0.5136020">
    <ele>54.2</ele>
    <time>2020-07-28T12:03:12Z</time>
   </trkpt>
   <trkpt lat="51.1102200" lon="-0.5136750">
    <ele>54.4</ele>
    <time>2020-07-28T12:03:14Z</time>
   </trkpt>
   <trkpt lat="51.1101740" lon="-0.5137210">
    <ele>54.5</ele>
    <time>2020-07-28T12:03:15Z</time>
   </trkpt>
   <trkpt lat="51.1101280" lon="-0.5137630">
    <ele>54.5</ele>
    <time>2020-07-28T12:03:16Z</time>
   </trkpt>
   <trkpt lat="51.1100340" lon="-0.5138450">
    <ele>54.6</ele>
    <time>2020-07-28T12:03:18Z</time>
   </trkpt>
   <trkpt lat="51.1099380" lon="-0.5139240">
    <ele>54.6</ele>
    <time>2020-07-28T12:03:20Z</time>
   </trkpt>
   <trkpt lat="51.1098520" lon="-0.5140030">
    <ele>54.6</ele>
    <time>2020-07-28T12:03:22Z</time>
   </trkpt>
   <trkpt lat="51.1098030" lon="-0.5140400">
    <ele>54.6</ele>
    <time>2020-07-28T12:03:23Z</time>
   </trkpt>
   <trkpt lat="51.1097050" lon="-0.5141090">
    <ele>54.6</ele>
    <time>2020-07-28T12:03:25Z</time>
   </trkpt>
   <trkpt lat="51.1096130" lon="-0.5141890">
    <ele>54.6</ele>
    <time>2020-07-28T12:03:27Z</time>
   </trkpt>
   <trkpt lat="51.1095640" lon="-0.5142190">
    <ele>54.6</ele>
    <time>2020-07-28T12:03:28Z</time>
   </trkpt>
   <trkpt lat="51.1094690" lon="-0.5142950">
    <ele>54.6</ele>
    <time>2020-07-28T12:03:30Z</time>
   </trkpt>
   <trkpt lat="51.1094270" lon="-0.5143300">
    <ele>54.6</ele>
    <time>2020-07-28T12:03:31Z</time>
   </trkpt>
   <trkpt lat="51.1093340" lon="-0.5144060">
    <ele>54.6</ele>
    <time>2020-07-28T12:03:33Z</time>
   </trkpt>
   <trkpt lat="51.1092900" lon="-0.5144460">
    <ele>54.6</ele>
    <time>2020-07-28T12:03:34Z</time>
   </trkpt>
   <trkpt lat="51.1092580" lon="-0.5144900">
    <ele>54.6</ele>
    <time>2020-07-28T12:03:35Z</time>
   </trkpt>
   <trkpt lat="51.1091750" lon="-0.5145440">
    <ele>54.7</ele>
    <time>2020-07-28T12:03:37Z</time>
   </trkpt>
   <trkpt lat="51.1090620" lon="-0.5145940">
    <ele>54.7</ele>
    <time>2020-07-28T12:03:39Z</time>
   </trkpt>
   <trkpt lat="51.1090100" lon="-0.5146240">
    <ele>54.8</ele>
    <time>2020-07-28T12:03:40Z</time>
   </trkpt>
   <trkpt lat="51.1089060" lon="-0.5146940">
    <ele>54.9</ele>
    <time>2020-07-28T12:03:42Z</time>
   </trkpt>
   <trkpt lat="51.1088060" lon="-0.5147540">
    <ele>55.1</ele>
    <time>2020-07-28T12:03:44Z</time>
   </trkpt>
   <trkpt lat="51.1087000" lon="-0.5148120">
    <ele>55.3</ele>
    <time>2020-07-28T12:03:46Z</time>
   </trkpt>
   <trkpt lat="51.1086500" lon="-0.5148440">
    <ele>55.3</ele>
    <time>2020-07-28T12:03:47Z</time>
   </trkpt>
   <trkpt lat="51.1085950" lon="-0.5148740">
    <ele>55.2</ele>
    <time>2020-07-28T12:03:48Z</time>
   </trkpt>
   <trkpt lat="51.1084940" lon="-0.5148980">
    <ele>55.2</ele>
    <time>2020-07-28T12:03:50Z</time>
   </trkpt>
   <trkpt lat="51.1084470" lon="-0.5149040">
    <ele>55.1</ele>
    <time>2020-07-28T12:03:51Z</time>
   </trkpt>
   <trkpt lat="51.1083220" lon="-0.5149250">
    <ele>55.0</ele>
    <time>2020-07-28T12:03:53Z</time>
   </trkpt>
   <trkpt lat="51.1082580" lon="-0.5149360">
    <ele>55.0</ele>
    <time>2020-07-28T12:03:54Z</time>
   </trkpt>
   <trkpt lat="51.1081270" lon="-0.5149570">
    <ele>54.6</ele>
    <time>2020-07-28T12:03:56Z</time>
   </trkpt>
   <trkpt lat="51.1080590" lon="-0.5149470">
    <ele>54.4</ele>
    <time>2020-07-28T12:03:57Z</time>
   </trkpt>
   <trkpt lat="51.1080060" lon="-0.5149120">
    <ele>54.2</ele>
    <time>2020-07-28T12:03:58Z</time>
   </trkpt>
   <trkpt lat="51.1079540" lon="-0.5148660">
    <ele>54.1</ele>
    <time>2020-07-28T12:03:59Z</time>
   </trkpt>
   <trkpt lat="51.1078620" lon="-0.5147720">
    <ele>54.0</ele>
    <time>2020-07-28T12:04:01Z</time>
   </trkpt>
   <trkpt lat="51.1077840" lon="-0.5146840">
    <ele>53.9</ele>
    <time>2020-07-28T12:04:03Z</time>
   </trkpt>
   <trkpt lat="51.1077390" lon="-0.5146760">
    <ele>53.9</ele>
    <time>2020-07-28T12:04:04Z</time>
   </trkpt>
   <trkpt lat="51.1076950" lon="-0.5147080">
    <ele>53.9</ele>
    <time>2020-07-28T12:04:05Z</time>
   </trkpt>
   <trkpt lat="51.1076280" lon="-0.5148420">
    <ele>54.0</ele>
    <time>2020-07-28T12:04:07Z</time>
   </trkpt>
   <trkpt lat="51.1075850" lon="-0.5148910">
    <ele>53.9</ele>
    <time>2020-07-28T12:04:08Z</time>
   </trkpt>
   <trkpt lat="51.1074720" lon="-0.5148980">
    <ele>53.6</ele>
    <time>2020-07-28T12:04:10Z</time>
   </trkpt>
   <trkpt lat="51.1074110" lon="-0.5148790">
    <ele>53.5</ele>
    <time>2020-07-28T12:04:11Z</time>
   </trkpt>
   <trkpt lat="51.1072880" lon="-0.5148920">
    <ele>53.3</ele>
    <time>2020-07-28T12:04:13Z</time>
   </trkpt>
   <trkpt lat="51.1072250" lon="-0.5149050">
    <ele>53.2</ele>
    <time>2020-07-28T12:04:14Z</time>
   </trkpt>
   <trkpt lat="51.1070980" lon="-0.5149310">
    <ele>53.0</ele>
    <time>2020-07-28T12:04:16Z</time>
   </trkpt>
   <trkpt lat="51.1069520" lon="-0.5149710">
    <ele>52.9</ele>
    <time>2020-07-28T12:04:18Z</time>
   </trkpt>
   <trkpt lat="51.1068830" lon="-0.5149910">
    <ele>52.9</ele>
    <time>2020-07-28T12:04:19Z</time>
   </trkpt>
   <trkpt lat="51.1067610" lon="-0.5150370">
    <ele>52.8</ele>
    <time>2020-07-28T12:04:21Z</time>
   </trkpt>
   <trkpt lat="51.1066400" lon="-0.5150950">
    <ele>52.7</ele>
    <time>2020-07-28T12:04:23Z</time>
   </trkpt>
   <trkpt lat="51.1065760" lon="-0.5151290">
    <ele>52.7</ele>
    <time>2020-07-28T12:04:24Z</time>
   </trkpt>
   <trkpt lat="51.1064510" lon="-0.5152030">
    <ele>52.6</ele>
    <time>2020-07-28T12:04:26Z</time>
   </trkpt>
   <trkpt lat="51.1063930" lon="-0.5152450">
    <ele>52.6</ele>
    <time>2020-07-28T12:04:27Z</time>
   </trkpt>
   <trkpt lat="51.1062780" lon="-0.5153210">
    <ele>52.5</ele>
    <time>2020-07-28T12:04:29Z</time>
   </trkpt>
   <trkpt lat="51.1062200" lon="-0.5153680">
    <ele>52.5</ele>
    <time>2020-07-28T12:04:30Z</time>
   </trkpt>
   <trkpt lat="51.1061610" lon="-0.5154190">
    <ele>52.6</ele>
    <time>2020-07-28T12:04:31Z</time>
   </trkpt>
   <trkpt lat="51.1060460" lon="-0.5155240">
    <ele>52.6</ele>
    <time>2020-07-28T12:04:33Z</time>
   </trkpt>
   <trkpt lat="51.1059240" lon="-0.5156170">
    <ele>52.7</ele>
    <time>2020-07-28T12:04:35Z</time>
   </trkpt>
   <trkpt lat="51.1058640" lon="-0.5156640">
    <ele>52.7</ele>
    <time>2020-07-28T12:04:36Z</time>
   </trkpt>
   <trkpt lat="51.1057400" lon="-0.5157510">
    <ele>52.8</ele>
    <time>2020-07-28T12:04:38Z</time>
   </trkpt>
   <trkpt lat="51.1056280" lon="-0.5158460">
    <ele>52.9</ele>
    <time>2020-07-28T12:04:40Z</time>
   </trkpt>
   <trkpt lat="51.1055800" lon="-0.5158900">
    <ele>52.9</ele>
    <time>2020-07-28T12:04:41Z</time>
   </trkpt>
   <trkpt lat="51.1054770" lon="-0.5159830">
    <ele>52.6</ele>
    <time>2020-07-28T12:04:43Z</time>
   </trkpt>
   <trkpt lat="51.1054200" lon="-0.5160260">
    <ele>52.4</ele>
    <time>2020-07-28T12:04:44Z</time>
   </trkpt>
   <trkpt lat="51.1053550" lon="-0.5160750">
    <ele>52.2</ele>
    <time>2020-07-28T12:04:45Z</time>
   </trkpt>
   <trkpt lat="51.1052230" lon="-0.5161780">
    <ele>52.1</ele>
    <time>2020-07-28T12:04:47Z</time>
   </trkpt>
   <trkpt lat="51.1050960" lon="-0.5162630">
    <ele>52.1</ele>
    <time>2020-07-28T12:04:49Z</time>
   </trkpt>
   <trkpt lat="51.1050330" lon="-0.5162960">
    <ele>52.1</ele>
    <time>2020-07-28T12:04:50Z</time>
   </trkpt>
   <trkpt lat="51.1049070" lon="-0.5163600">
    <ele>52.1</ele>
    <time>2020-07-28T12:04:52Z</time>
   </trkpt>
   <trkpt lat="51.1047790" lon="-0.5164260">
    <ele>52.0</ele>
    <time>2020-07-28T12:04:54Z</time>
   </trkpt>
   <trkpt lat="51.1047110" lon="-0.5164480">
    <ele>52.0</ele>
    <time>2020-07-28T12:04:55Z</time>
   </trkpt>
   <trkpt lat="51.1046340" lon="-0.5164730">
    <ele>52.1</ele>
    <time>2020-07-28T12:04:56Z</time>
   </trkpt>
   <trkpt lat="51.1045030" lon="-0.5165340">
    <ele>52.2</ele>
    <time>2020-07-28T12:04:58Z</time>
   </trkpt>
   <trkpt lat="51.1044380" lon="-0.5165580">
    <ele>52.2</ele>
    <time>2020-07-28T12:04:59Z</time>
   </trkpt>
   <trkpt lat="51.1043090" lon="-0.5166190">
    <ele>52.4</ele>
    <time>2020-07-28T12:05:01Z</time>
   </trkpt>
   <trkpt lat="51.1042460" lon="-0.5166500">
    <ele>52.4</ele>
    <time>2020-07-28T12:05:02Z</time>
   </trkpt>
   <trkpt lat="51.1041150" lon="-0.5166890">
    <ele>52.6</ele>
    <time>2020-07-28T12:05:04Z</time>
   </trkpt>
   <trkpt lat="51.1040490" lon="-0.5167150">
    <ele>52.6</ele>
    <time>2020-07-28T12:05:05Z</time>
   </trkpt>
   <trkpt lat="51.1039360" lon="-0.5167670">
    <ele>52.7</ele>
    <time>2020-07-28T12:05:07Z</time>
   </trkpt>
   <trkpt lat="51.1038260" lon="-0.5168200">
    <ele>52.8</ele>
    <time>2020-07-28T12:05:09Z</time>
   </trkpt>
   <trkpt lat="51.1037730" lon="-0.5168520">
    <ele>52.8</ele>
    <time>2020-07-28T12:05:10Z</time>
   </trkpt>
   <trkpt lat="51.1036550" lon="-0.5169030">
    <ele>52.9</ele>
    <time>2020-07-28T12:05:12Z</time>
   </trkpt>
   <trkpt lat="51.1035970" lon="-0.5169290">
    <ele>52.9</ele>
    <time>2020-07-28T12:05:13Z</time>
   </trkpt>
   <trkpt lat="51.1034920" lon="-0.5169850">
    <ele>53.1</ele>
    <time>2020-07-28T12:05:15Z</time>
   </trkpt>
   <trkpt lat="51.1034270" lon="-0.5170230">
    <ele>53.2</ele>
    <time>2020-07-28T12:05:16Z</time>
   </trkpt>
   <trkpt lat="51.1033000" lon="-0.5170820">
    <ele>53.0</ele>
    <time>2020-07-28T12:05:18Z</time>
   </trkpt>
   <trkpt lat="51.1032390" lon="-0.5171090">
    <ele>52.9</ele>
    <time>2020-07-28T12:05:19Z</time>
   </trkpt>
   <trkpt lat="51.1031190" lon="-0.5171720">
    <ele>53.0</ele>
    <time>2020-07-28T12:05:21Z</time>
   </trkpt>
   <trkpt lat="51.1030570" lon="-0.5172000">
    <ele>53.0</ele>
    <time>2020-07-28T12:05:22Z</time>
   </trkpt>
   <trkpt lat="51.1029080" lon="-0.5172360">
    <ele>53.0</ele>
    <time>2020-07-28T12:05:24Z</time>
   </trkpt>
   <trkpt lat="51.1027770" lon="-0.5172930">
    <ele>53.0</ele>
    <time>2020-07-28T12:05:26Z</time>
   </trkpt>
   <trkpt lat="51.1026450" lon="-0.5173650">
    <ele>53.0</ele>
    <time>2020-07-28T12:05:28Z</time>
   </trkpt>
   <trkpt lat="51.1025220" lon="-0.5174290">
    <ele>53.0</ele>
    <time>2020-07-28T12:05:30Z</time>
   </trkpt>
   <trkpt lat="51.1024610" lon="-0.5174580">
    <ele>53.1</ele>
    <time>2020-07-28T12:05:31Z</time>
   </trkpt>
   <trkpt lat="51.1024020" lon="-0.5174870">
    <ele>53.1</ele>
    <time>2020-07-28T12:05:32Z</time>
   </trkpt>
   <trkpt lat="51.1022900" lon="-0.5175590">
    <ele>53.2</ele>
    <time>2020-07-28T12:05:34Z</time>
   </trkpt>
   <trkpt lat="51.1022350" lon="-0.5176010">
    <ele>53.2</ele>
    <time>2020-07-28T12:05:35Z</time>
   </trkpt>
   <trkpt lat="51.1021310" lon="-0.5177060">
    <ele>53.3</ele>
    <time>2020-07-28T12:05:37Z</time>
   </trkpt>
   <trkpt lat="51.1020750" lon="-0.5177540">
    <ele>53.3</ele>
    <time>2020-07-28T12:05:38Z</time>
   </trkpt>
   <trkpt lat="51.1020200" lon="-0.5178040">
    <ele>53.4</ele>
    <time>2020-07-28T12:05:39Z</time>
   </trkpt>
   <trkpt lat="51.1019170" lon="-0.5179170">
    <ele>53.5</ele>
    <time>2020-07-28T12:05:41Z</time>
   </trkpt>
   <trkpt lat="51.1018660" lon="-0.5179670">
    <ele>53.6</ele>
    <time>2020-07-28T12:05:42Z</time>
   </trkpt>
   <trkpt lat="51.1017670" lon="-0.5180640">
    <ele>53.6</ele>
    <time>2020-07-28T12:05:44Z</time>
   </trkpt>
   <trkpt lat="51.1017080" lon="-0.5181140">
    <ele>53.6</ele>
    <time>2020-07-28T12:05:45Z</time>
   </trkpt>
   <trkpt lat="51.1015950" lon="-0.5182090">
    <ele>53.7</ele>
    <time>2020-07-28T12:05:47Z</time>
   </trkpt>
   <trkpt lat="51.1015280" lon="-0.5182440">
    <ele>53.8</ele>
    <time>2020-07-28T12:05:48Z</time>
   </trkpt>
   <trkpt lat="51.1013900" lon="-0.5182870">
    <ele>54.1</ele>
    <time>2020-07-28T12:05:50Z</time>
   </trkpt>
   <trkpt lat="51.1012620" lon="-0.5182950">
    <ele>54.4</ele>
    <time>2020-07-28T12:05:52Z</time>
   </trkpt>
   <trkpt lat="51.1011520" lon="-0.5182650">
    <ele>54.6</ele>
    <time>2020-07-28T12:05:54Z</time>
   </trkpt>
   <trkpt lat="51.1010480" lon="-0.5182240">
    <ele>54.8</ele>
    <time>2020-07-28T12:05:56Z</time>
   </trkpt>
   <trkpt lat="51.1009390" lon="-0.5181770">
    <ele>54.9</ele>
    <time>2020-07-28T12:05:58Z</time>
   </trkpt>
   <trkpt lat="51.1008830" lon="-0.5181590">
    <ele>55.0</ele>
    <time>2020-07-28T12:05:59Z</time>
   </trkpt>
   <trkpt lat="51.1007670" lon="-0.5181080">
    <ele>55.2</ele>
    <time>2020-07-28T12:06:01Z</time>
   </trkpt>
   <trkpt lat="51.1006560" lon="-0.5180580">
    <ele>55.5</ele>
    <time>2020-07-28T12:06:03Z</time>
   </trkpt>
   <trkpt lat="51.1005450" lon="-0.5180170">
    <ele>55.7</ele>
    <time>2020-07-28T12:06:05Z</time>
   </trkpt>
   <trkpt lat="51.1004860" lon="-0.5179980">
    <ele>55.8</ele>
    <time>2020-07-28T12:06:06Z</time>
   </trkpt>
   <trkpt lat="51.1003830" lon="-0.5179530">
    <ele>55.9</ele>
    <time>2020-07-28T12:06:08Z</time>
   </trkpt>
   <trkpt lat="51.1003260" lon="-0.5179410">
    <ele>56.0</ele>
    <time>2020-07-28T12:06:09Z</time>
   </trkpt>
   <trkpt lat="51.1002650" lon="-0.5179220">
    <ele>56.0</ele>
    <time>2020-07-28T12:06:10Z</time>
   </trkpt>
   <trkpt lat="51.1002050" lon="-0.5178990">
    <ele>56.0</ele>
    <time>2020-07-28T12:06:11Z</time>
   </trkpt>
   <trkpt lat="51.1000820" lon="-0.5178600">
    <ele>55.9</ele>
    <time>2020-07-28T12:06:13Z</time>
   </trkpt>
   <trkpt lat="51.0999640" lon="-0.5178260">
    <ele>55.8</ele>
    <time>2020-07-28T12:06:15Z</time>
   </trkpt>
   <trkpt lat="51.0999000" lon="-0.5178090">
    <ele>55.7</ele>
    <time>2020-07-28T12:06:16Z</time>
   </trkpt>
   <trkpt lat="51.0998380" lon="-0.5177900">
    <ele>55.6</ele>
    <time>2020-07-28T12:06:17Z</time>
   </trkpt>
   <trkpt lat="51.0997110" lon="-0.5177580">
    <ele>55.4</ele>
    <time>2020-07-28T12:06:19Z</time>
   </trkpt>
   <trkpt lat="51.0996480" lon="-0.5177430">
    <ele>55.4</ele>
    <time>2020-07-28T12:06:20Z</time>
   </trkpt>
   <trkpt lat="51.0995220" lon="-0.5177040">
    <ele>55.2</ele>
    <time>2020-07-28T12:06:22Z</time>
   </trkpt>
   <trkpt lat="51.0994640" lon="-0.5176880">
    <ele>55.0</ele>
    <time>2020-07-28T12:06:23Z</time>
   </trkpt>
   <trkpt lat="51.0993490" lon="-0.5176550">
    <ele>54.9</ele>
    <time>2020-07-28T12:06:25Z</time>
   </trkpt>
   <trkpt lat="51.0992820" lon="-0.5176410">
    <ele>54.8</ele>
    <time>2020-07-28T12:06:26Z</time>
   </trkpt>
   <trkpt lat="51.0992140" lon="-0.5176250">
    <ele>54.8</ele>
    <time>2020-07-28T12:06:27Z</time>
   </trkpt>
   <trkpt lat="51.0990860" lon="-0.5175880">
    <ele>54.7</ele>
    <time>2020-07-28T12:06:29Z</time>
   </trkpt>
   <trkpt lat="51.0989700" lon="-0.5175530">
    <ele>54.7</ele>
    <time>2020-07-28T12:06:31Z</time>
   </trkpt>
   <trkpt lat="51.0989120" lon="-0.5175350">
    <ele>54.7</ele>
    <time>2020-07-28T12:06:32Z</time>
   </trkpt>
   <trkpt lat="51.0988510" lon="-0.5175190">
    <ele>54.8</ele>
    <time>2020-07-28T12:06:33Z</time>
   </trkpt>
   <trkpt lat="51.0987280" lon="-0.5174860">
    <ele>54.9</ele>
    <time>2020-07-28T12:06:35Z</time>
   </trkpt>
   <trkpt lat="51.0986680" lon="-0.5174710">
    <ele>55.0</ele>
    <time>2020-07-28T12:06:36Z</time>
   </trkpt>
   <trkpt lat="51.0986090" lon="-0.5174550">
    <ele>55.1</ele>
    <time>2020-07-28T12:06:37Z</time>
   </trkpt>
   <trkpt lat="51.0985520" lon="-0.5174330">
    <ele>55.1</ele>
    <time>2020-07-28T12:06:38Z</time>
   </trkpt>
   <trkpt lat="51.0984970" lon="-0.5174000">
    <ele>55.2</ele>
    <time>2020-07-28T12:06:39Z</time>
   </trkpt>
   <trkpt lat="51.0983700" lon="-0.5173270">
    <ele>55.3</ele>
    <time>2020-07-28T12:06:41Z</time>
   </trkpt>
   <trkpt lat="51.0982400" lon="-0.5172480">
    <ele>55.5</ele>
    <time>2020-07-28T12:06:43Z</time>
   </trkpt>
   <trkpt lat="51.0981810" lon="-0.5172060">
    <ele>55.5</ele>
    <time>2020-07-28T12:06:44Z</time>
   </trkpt>
   <trkpt lat="51.0981250" lon="-0.5171610">
    <ele>55.6</ele>
    <time>2020-07-28T12:06:45Z</time>
   </trkpt>
   <trkpt lat="51.0980080" lon="-0.5170790">
    <ele>55.7</ele>
    <time>2020-07-28T12:06:47Z</time>
   </trkpt>
   <trkpt lat="51.0979470" lon="-0.5170350">
    <ele>55.7</ele>
    <time>2020-07-28T12:06:48Z</time>
   </trkpt>
   <trkpt lat="51.0978910" lon="-0.5169920">
    <ele>55.8</ele>
    <time>2020-07-28T12:06:49Z</time>
   </trkpt>
   <trkpt lat="51.0977740" lon="-0.5169150">
    <ele>55.9</ele>
    <time>2020-07-28T12:06:51Z</time>
   </trkpt>
   <trkpt lat="51.0976600" lon="-0.5168320">
    <ele>56.0</ele>
    <time>2020-07-28T12:06:53Z</time>
   </trkpt>
   <trkpt lat="51.0975350" lon="-0.5167540">
    <ele>56.2</ele>
    <time>2020-07-28T12:06:55Z</time>
   </trkpt>
   <trkpt lat="51.0974140" lon="-0.5166920">
    <ele>56.2</ele>
    <time>2020-07-28T12:06:57Z</time>
   </trkpt>
   <trkpt lat="51.0973560" lon="-0.5166650">
    <ele>56.3</ele>
    <time>2020-07-28T12:06:58Z</time>
   </trkpt>
   <trkpt lat="51.0972930" lon="-0.5166510">
    <ele>56.3</ele>
    <time>2020-07-28T12:06:59Z</time>
   </trkpt>
   <trkpt lat="51.0971740" lon="-0.5166320">
    <ele>56.3</ele>
    <time>2020-07-28T12:07:01Z</time>
   </trkpt>
   <trkpt lat="51.0971090" lon="-0.5166270">
    <ele>56.3</ele>
    <time>2020-07-28T12:07:02Z</time>
   </trkpt>
   <trkpt lat="51.0969970" lon="-0.5166290">
    <ele>56.5</ele>
    <time>2020-07-28T12:07:04Z</time>
   </trkpt>
   <trkpt lat="51.0969390" lon="-0.5166390">
    <ele>56.5</ele>
    <time>2020-07-28T12:07:05Z</time>
   </trkpt>
   <trkpt lat="51.0968250" lon="-0.5166610">
    <ele>56.6</ele>
    <time>2020-07-28T12:07:07Z</time>
   </trkpt>
   <trkpt lat="51.0967080" lon="-0.5166930">
    <ele>56.7</ele>
    <time>2020-07-28T12:07:09Z</time>
   </trkpt>
   <trkpt lat="51.0966000" lon="-0.5167450">
    <ele>56.7</ele>
    <time>2020-07-28T12:07:11Z</time>
   </trkpt>
   <trkpt lat="51.0965420" lon="-0.5167790">
    <ele>56.7</ele>
    <time>2020-07-28T12:07:12Z</time>
   </trkpt>
   <trkpt lat="51.0964840" lon="-0.5168130">
    <ele>56.7</ele>
    <time>2020-07-28T12:07:13Z</time>
   </trkpt>
   <trkpt lat="51.0963880" lon="-0.5168920">
    <ele>56.6</ele>
    <time>2020-07-28T12:07:15Z</time>
   </trkpt>
   <trkpt lat="51.0963390" lon="-0.5169440">
    <ele>56.6</ele>
    <time>2020-07-28T12:07:16Z</time>
   </trkpt>
   <trkpt lat="51.0962510" lon="-0.5170550">
    <ele>56.3</ele>
    <time>2020-07-28T12:07:18Z</time>
   </trkpt>
   <trkpt lat="51.0962100" lon="-0.5171200">
    <ele>56.1</ele>
    <time>2020-07-28T12:07:19Z</time>
   </trkpt>
   <trkpt lat="51.0961400" lon="-0.5172640">
    <ele>55.7</ele>
    <time>2020-07-28T12:07:21Z</time>
   </trkpt>
   <trkpt lat="51.0960860" lon="-0.5174440">
    <ele>55.0</ele>
    <time>2020-07-28T12:07:23Z</time>
   </trkpt>
   <trkpt lat="51.0960420" lon="-0.5176530">
    <ele>54.3</ele>
    <time>2020-07-28T12:07:25Z</time>
   </trkpt>
   <trkpt lat="51.0960190" lon="-0.5177740">
    <ele>53.9</ele>
    <time>2020-07-28T12:07:26Z</time>
   </trkpt>
   <trkpt lat="51.0959670" lon="-0.5180200">
    <ele>53.2</ele>
    <time>2020-07-28T12:07:28Z</time>
   </trkpt>
   <trkpt lat="51.0959380" lon="-0.5181370">
    <ele>52.9</ele>
    <time>2020-07-28T12:07:29Z</time>
   </trkpt>
   <trkpt lat="51.0958900" lon="-0.5183790">
    <ele>52.1</ele>
    <time>2020-07-28T12:07:31Z</time>
   </trkpt>
   <trkpt lat="51.0958220" lon="-0.5186240">
    <ele>51.2</ele>
    <time>2020-07-28T12:07:33Z</time>
   </trkpt>
   <trkpt lat="51.0957180" lon="-0.5188350">
    <ele>50.0</ele>
    <time>2020-07-28T12:07:35Z</time>
   </trkpt>
   <trkpt lat="51.0956520" lon="-0.5189370">
    <ele>49.4</ele>
    <time>2020-07-28T12:07:36Z</time>
   </trkpt>
   <trkpt lat="51.0954990" lon="-0.5191270">
    <ele>48.2</ele>
    <time>2020-07-28T12:07:38Z</time>
   </trkpt>
   <trkpt lat="51.0954190" lon="-0.5192120">
    <ele>47.5</ele>
    <time>2020-07-28T12:07:39Z</time>
   </trkpt>
   <trkpt lat="51.0953300" lon="-0.5192860">
    <ele>46.8</ele>
    <time>2020-07-28T12:07:40Z</time>
   </trkpt>
   <trkpt lat="51.0951480" lon="-0.5194150">
    <ele>45.4</ele>
    <time>2020-07-28T12:07:42Z</time>
   </trkpt>
   <trkpt lat="51.0950500" lon="-0.5194750">
    <ele>44.7</ele>
    <time>2020-07-28T12:07:43Z</time>
   </trkpt>
   <trkpt lat="51.0949440" lon="-0.5195410">
    <ele>43.7</ele>
    <time>2020-07-28T12:07:44Z</time>
   </trkpt>
   <trkpt lat="51.0948360" lon="-0.5195940">
    <ele>42.8</ele>
    <time>2020-07-28T12:07:45Z</time>
   </trkpt>
   <trkpt lat="51.0946250" lon="-0.5196990">
    <ele>40.8</ele>
    <time>2020-07-28T12:07:47Z</time>
   </trkpt>
   <trkpt lat="51.0945210" lon="-0.5197470">
    <ele>39.8</ele>
    <time>2020-07-28T12:07:48Z</time>
   </trkpt>
   <trkpt lat="51.0944040" lon="-0.5197810">
    <ele>38.9</ele>
    <time>2020-07-28T12:07:49Z</time>
   </trkpt>
   <trkpt lat="51.0942930" lon="-0.5198090">
    <ele>38.1</ele>
    <time>2020-07-28T12:07:50Z</time>
   </trkpt>
   <trkpt lat="51.0940850" lon="-0.5198580">
    <ele>36.8</ele>
    <time>2020-07-28T12:07:52Z</time>
   </trkpt>
   <trkpt lat="51.0938550" lon="-0.5199210">
    <ele>36.0</ele>
    <time>2020-07-28T12:07:54Z</time>
   </trkpt>
   <trkpt lat="51.0937490" lon="-0.5199490">
    <ele>35.8</ele>
    <time>2020-07-28T12:07:55Z</time>
   </trkpt>
   <trkpt lat="51.0936420" lon="-0.5199830">
    <ele>35.6</ele>
    <time>2020-07-28T12:07:56Z</time>
   </trkpt>
   <trkpt lat="51.0934360" lon="-0.5200660">
    <ele>35.3</ele>
    <time>2020-07-28T12:07:58Z</time>
   </trkpt>
   <trkpt lat="51.0933390" lon="-0.5201070">
    <ele>35.2</ele>
    <time>2020-07-28T12:07:59Z</time>
   </trkpt>
   <trkpt lat="51.0932370" lon="-0.5201470">
    <ele>35.0</ele>
    <time>2020-07-28T12:08:00Z</time>
   </trkpt>
   <trkpt lat="51.0930250" lon="-0.5202280">
    <ele>34.9</ele>
    <time>2020-07-28T12:08:02Z</time>
   </trkpt>
   <trkpt lat="51.0928310" lon="-0.5202980">
    <ele>34.9</ele>
    <time>2020-07-28T12:08:04Z</time>
   </trkpt>
   <trkpt lat="51.0927420" lon="-0.5203290">
    <ele>34.8</ele>
    <time>2020-07-28T12:08:05Z</time>
   </trkpt>
   <trkpt lat="51.0926420" lon="-0.5203610">
    <ele>34.7</ele>
    <time>2020-07-28T12:08:06Z</time>
   </trkpt>
   <trkpt lat="51.0925360" lon="-0.5203960">
    <ele>34.5</ele>
    <time>2020-07-28T12:08:07Z</time>
   </trkpt>
   <trkpt lat="51.0923350" lon="-0.5204820">
    <ele>34.4</ele>
    <time>2020-07-28T12:08:09Z</time>
   </trkpt>
   <trkpt lat="51.0922450" lon="-0.5205110">
    <ele>34.5</ele>
    <time>2020-07-28T12:08:10Z</time>
   </trkpt>
   <trkpt lat="51.0921490" lon="-0.5205390">
    <ele>34.4</ele>
    <time>2020-07-28T12:08:11Z</time>
   </trkpt>
   <trkpt lat="51.0919460" lon="-0.5205980">
    <ele>34.1</ele>
    <time>2020-07-28T12:08:13Z</time>
   </trkpt>
   <trkpt lat="51.0918490" lon="-0.5206270">
    <ele>34.0</ele>
    <time>2020-07-28T12:08:14Z</time>
   </trkpt>
   <trkpt lat="51.0916560" lon="-0.5206820">
    <ele>34.0</ele>
    <time>2020-07-28T12:08:16Z</time>
   </trkpt>
   <trkpt lat="51.0915630" lon="-0.5207090">
    <ele>34.0</ele>
    <time>2020-07-28T12:08:17Z</time>
   </trkpt>
   <trkpt lat="51.0913720" lon="-0.5207610">
    <ele>33.9</ele>
    <time>2020-07-28T12:08:19Z</time>
   </trkpt>
   <trkpt lat="51.0911830" lon="-0.5207860">
    <ele>33.5</ele>
    <time>2020-07-28T12:08:21Z</time>
   </trkpt>
   <trkpt lat="51.0910000" lon="-0.5207980">
    <ele>33.5</ele>
    <time>2020-07-28T12:08:23Z</time>
   </trkpt>
   <trkpt lat="51.0908230" lon="-0.5207990">
    <ele>33.7</ele>
    <time>2020-07-28T12:08:25Z</time>
   </trkpt>
   <trkpt lat="51.0906400" lon="-0.5207950">
    <ele>34.1</ele>
    <time>2020-07-28T12:08:27Z</time>
   </trkpt>
   <trkpt lat="51.0905470" lon="-0.5207990">
    <ele>34.3</ele>
    <time>2020-07-28T12:08:28Z</time>
   </trkpt>
   <trkpt lat="51.0904620" lon="-0.5208080">
    <ele>34.5</ele>
    <time>2020-07-28T12:08:29Z</time>
   </trkpt>
   <trkpt lat="51.0903720" lon="-0.5208110">
    <ele>34.7</ele>
    <time>2020-07-28T12:08:30Z</time>
   </trkpt>
   <trkpt lat="51.0902820" lon="-0.5208140">
    <ele>34.9</ele>
    <time>2020-07-28T12:08:31Z</time>
   </trkpt>
   <trkpt lat="51.0901050" lon="-0.5208200">
    <ele>35.3</ele>
    <time>2020-07-28T12:08:33Z</time>
   </trkpt>
   <trkpt lat="51.0900240" lon="-0.5208190">
    <ele>35.6</ele>
    <time>2020-07-28T12:08:34Z</time>
   </trkpt>
   <trkpt lat="51.0898620" lon="-0.5208070">
    <ele>36.2</ele>
    <time>2020-07-28T12:08:36Z</time>
   </trkpt>
   <trkpt lat="51.0897110" lon="-0.5207980">
    <ele>36.8</ele>
    <time>2020-07-28T12:08:38Z</time>
   </trkpt>
   <trkpt lat="51.0896380" lon="-0.5208040">
    <ele>36.9</ele>
    <time>2020-07-28T12:08:39Z</time>
   </trkpt>
   <trkpt lat="51.0895650" lon="-0.5208100">
    <ele>36.8</ele>
    <time>2020-07-28T12:08:40Z</time>
   </trkpt>
   <trkpt lat="51.0894280" lon="-0.5208100">
    <ele>36.6</ele>
    <time>2020-07-28T12:08:42Z</time>
   </trkpt>
   <trkpt lat="51.0893580" lon="-0.5208070">
    <ele>36.5</ele>
    <time>2020-07-28T12:08:43Z</time>
   </trkpt>
   <trkpt lat="51.0892030" lon="-0.5208090">
    <ele>36.4</ele>
    <time>2020-07-28T12:08:45Z</time>
   </trkpt>
   <trkpt lat="51.0891140" lon="-0.5208150">
    <ele>36.4</ele>
    <time>2020-07-28T12:08:46Z</time>
   </trkpt>
   <trkpt lat="51.0890410" lon="-0.5208180">
    <ele>36.4</ele>
    <time>2020-07-28T12:08:47Z</time>
   </trkpt>
   <trkpt lat="51.0889710" lon="-0.5208180">
    <ele>36.4</ele>
    <time>2020-07-28T12:08:48Z</time>
   </trkpt>
   <trkpt lat="51.0888180" lon="-0.5208280">
    <ele>36.3</ele>
    <time>2020-07-28T12:08:50Z</time>
   </trkpt>
   <trkpt lat="51.0886640" lon="-0.5208050">
    <ele>36.1</ele>
    <time>2020-07-28T12:08:52Z</time>
   </trkpt>
   <trkpt lat="51.0885870" lon="-0.5207980">
    <ele>35.9</ele>
    <time>2020-07-28T12:08:53Z</time>
   </trkpt>
   <trkpt lat="51.0884560" lon="-0.5208000">
    <ele>35.5</ele>
    <time>2020-07-28T12:08:55Z</time>
   </trkpt>
   <trkpt lat="51.0883840" lon="-0.5208100">
    <ele>35.2</ele>
    <time>2020-07-28T12:08:56Z</time>
   </trkpt>
   <trkpt lat="51.0882210" lon="-0.5208310">
    <ele>34.7</ele>
    <time>2020-07-28T12:08:58Z</time>
   </trkpt>
   <trkpt lat="51.0881370" lon="-0.5208460">
    <ele>34.5</ele>
    <time>2020-07-28T12:08:59Z</time>
   </trkpt>
   <trkpt lat="51.0880610" lon="-0.5208400">
    <ele>34.3</ele>
    <time>2020-07-28T12:09:00Z</time>
   </trkpt>
   <trkpt lat="51.0878980" lon="-0.5208530">
    <ele>33.9</ele>
    <time>2020-07-28T12:09:02Z</time>
   </trkpt>
   <trkpt lat="51.0878090" lon="-0.5208520">
    <ele>33.5</ele>
    <time>2020-07-28T12:09:03Z</time>
   </trkpt>
   <trkpt lat="51.0876310" lon="-0.5208430">
    <ele>32.9</ele>
    <time>2020-07-28T12:09:05Z</time>
   </trkpt>
   <trkpt lat="51.0875550" lon="-0.5208320">
    <ele>32.6</ele>
    <time>2020-07-28T12:09:06Z</time>
   </trkpt>
   <trkpt lat="51.0873750" lon="-0.5208490">
    <ele>32.1</ele>
    <time>2020-07-28T12:09:08Z</time>
   </trkpt>
   <trkpt lat="51.0872970" lon="-0.5208520">
    <ele>31.9</ele>
    <time>2020-07-28T12:09:09Z</time>
   </trkpt>
   <trkpt lat="51.0871390" lon="-0.5208410">
    <ele>31.5</ele>
    <time>2020-07-28T12:09:11Z</time>
   </trkpt>
   <trkpt lat="51.0869720" lon="-0.5208430">
    <ele>31.0</ele>
    <time>2020-07-28T12:09:13Z</time>
   </trkpt>
   <trkpt lat="51.0867920" lon="-0.5208340">
    <ele>30.5</ele>
    <time>2020-07-28T12:09:15Z</time>
   </trkpt>
   <trkpt lat="51.0867000" lon="-0.5208230">
    <ele>30.3</ele>
    <time>2020-07-28T12:09:16Z</time>
   </trkpt>
   <trkpt lat="51.0865320" lon="-0.5207900">
    <ele>29.8</ele>
    <time>2020-07-28T12:09:18Z</time>
   </trkpt>
   <trkpt lat="51.0864580" lon="-0.5207680">
    <ele>29.5</ele>
    <time>2020-07-28T12:09:19Z</time>
   </trkpt>
   <trkpt lat="51.0863610" lon="-0.5207330">
    <ele>29.2</ele>
    <time>2020-07-28T12:09:20Z</time>
   </trkpt>
   <trkpt lat="51.0861540" lon="-0.5206500">
    <ele>28.9</ele>
    <time>2020-07-28T12:09:22Z</time>
   </trkpt>
   <trkpt lat="51.0859660" lon="-0.5205360">
    <ele>29.1</ele>
    <time>2020-07-28T12:09:24Z</time>
   </trkpt>
   <trkpt lat="51.0858750" lon="-0.5204670">
    <ele>29.3</ele>
    <time>2020-07-28T12:09:25Z</time>
   </trkpt>
   <trkpt lat="51.0857600" lon="-0.5203830">
    <ele>29.7</ele>
    <time>2020-07-28T12:09:27Z</time>
   </trkpt>
   <trkpt lat="51.0856840" lon="-0.5203170">
    <ele>29.8</ele>
    <time>2020-07-28T12:09:28Z</time>
   </trkpt>
   <trkpt lat="51.0855600" lon="-0.5201790">
    <ele>30.0</ele>
    <time>2020-07-28T12:09:30Z</time>
   </trkpt>
   <trkpt lat="51.0854980" lon="-0.5201230">
    <ele>30.1</ele>
    <time>2020-07-28T12:09:31Z</time>
   </trkpt>
   <trkpt lat="51.0854350" lon="-0.5200610">
    <ele>30.1</ele>
    <time>2020-07-28T12:09:32Z</time>
   </trkpt>
   <trkpt lat="51.0853750" lon="-0.5199970">
    <ele>30.1</ele>
    <time>2020-07-28T12:09:33Z</time>
   </trkpt>
   <trkpt lat="51.0853130" lon="-0.5199340">
    <ele>30.1</ele>
    <time>2020-07-28T12:09:34Z</time>
   </trkpt>
   <trkpt lat="51.0851940" lon="-0.5198050">
    <ele>30.0</ele>
    <time>2020-07-28T12:09:36Z</time>
   </trkpt>
   <trkpt lat="51.0850630" lon="-0.5196970">
    <ele>29.8</ele>
    <time>2020-07-28T12:09:38Z</time>
   </trkpt>
   <trkpt lat="51.0849290" lon="-0.5195770">
    <ele>29.6</ele>
    <time>2020-07-28T12:09:40Z</time>
   </trkpt>
   <trkpt lat="51.0848590" lon="-0.5195220">
    <ele>29.5</ele>
    <time>2020-07-28T12:09:41Z</time>
   </trkpt>
   <trkpt lat="51.0847380" lon="-0.5194150">
    <ele>29.2</ele>
    <time>2020-07-28T12:09:43Z</time>
   </trkpt>
   <trkpt lat="51.0845930" lon="-0.5192940">
    <ele>28.8</ele>
    <time>2020-07-28T12:09:45Z</time>
   </trkpt>
   <trkpt lat="51.0845200" lon="-0.5192300">
    <ele>28.6</ele>
    <time>2020-07-28T12:09:46Z</time>
   </trkpt>
   <trkpt lat="51.0843790" lon="-0.5191010">
    <ele>28.1</ele>
    <time>2020-07-28T12:09:48Z</time>
   </trkpt>
   <trkpt lat="51.0843050" lon="-0.5190370">
    <ele>27.8</ele>
    <time>2020-07-28T12:09:49Z</time>
   </trkpt>
   <trkpt lat="51.0841500" lon="-0.5189020">
    <ele>27.3</ele>
    <time>2020-07-28T12:09:51Z</time>
   </trkpt>
   <trkpt lat="51.0840190" lon="-0.5187720">
    <ele>27.0</ele>
    <time>2020-07-28T12:09:53Z</time>
   </trkpt>
   <trkpt lat="51.0839590" lon="-0.5187010">
    <ele>26.9</ele>
    <time>2020-07-28T12:09:54Z</time>
   </trkpt>
   <trkpt lat="51.0838240" lon="-0.5185620">
    <ele>26.7</ele>
    <time>2020-07-28T12:09:56Z</time>
   </trkpt>
   <trkpt lat="51.0836840" lon="-0.5184350">
    <ele>26.7</ele>
    <time>2020-07-28T12:09:58Z</time>
   </trkpt>
   <trkpt lat="51.0836130" lon="-0.5183720">
    <ele>26.7</ele>
    <time>2020-07-28T12:09:59Z</time>
   </trkpt>
   <trkpt lat="51.0834660" lon="-0.5182370">
    <ele>26.7</ele>
    <time>2020-07-28T12:10:01Z</time>
   </trkpt>
   <trkpt lat="51.0833200" lon="-0.5181200">
    <ele>26.9</ele>
    <time>2020-07-28T12:10:03Z</time>
   </trkpt>
   <trkpt lat="51.0831840" lon="-0.5179900">
    <ele>27.1</ele>
    <time>2020-07-28T12:10:05Z</time>
   </trkpt>
   <trkpt lat="51.0830490" lon="-0.5178840">
    <ele>27.2</ele>
    <time>2020-07-28T12:10:07Z</time>
   </trkpt>
   <trkpt lat="51.0829980" lon="-0.5178380">
    <ele>27.3</ele>
    <time>2020-07-28T12:10:08Z</time>
   </trkpt>
   <trkpt lat="51.0829420" lon="-0.5177980">
    <ele>27.3</ele>
    <time>2020-07-28T12:10:09Z</time>
   </trkpt>
   <trkpt lat="51.0828090" lon="-0.5177150">
    <ele>27.4</ele>
    <time>2020-07-28T12:10:11Z</time>
   </trkpt>
   <trkpt lat="51.0826730" lon="-0.5176200">
    <ele>27.6</ele>
    <time>2020-07-28T12:10:13Z</time>
   </trkpt>
   <trkpt lat="51.0826010" lon="-0.5175890">
    <ele>27.7</ele>
    <time>2020-07-28T12:10:14Z</time>
   </trkpt>
   <trkpt lat="51.0825200" lon="-0.5175470">
    <ele>27.9</ele>
    <time>2020-07-28T12:10:15Z</time>
   </trkpt>
   <trkpt lat="51.0824490" lon="-0.5175060">
    <ele>28.1</ele>
    <time>2020-07-28T12:10:16Z</time>
   </trkpt>
   <trkpt lat="51.0823740" lon="-0.5174600">
    <ele>28.3</ele>
    <time>2020-07-28T12:10:17Z</time>
   </trkpt>
   <trkpt lat="51.0822230" lon="-0.5173660">
    <ele>28.3</ele>
    <time>2020-07-28T12:10:19Z</time>
   </trkpt>
   <trkpt lat="51.0821470" lon="-0.5173320">
    <ele>28.3</ele>
    <time>2020-07-28T12:10:20Z</time>
   </trkpt>
   <trkpt lat="51.0820120" lon="-0.5172570">
    <ele>28.4</ele>
    <time>2020-07-28T12:10:22Z</time>
   </trkpt>
   <trkpt lat="51.0819450" lon="-0.5172220">
    <ele>28.4</ele>
    <time>2020-07-28T12:10:23Z</time>
   </trkpt>
   <trkpt lat="51.0818800" lon="-0.5171870">
    <ele>28.5</ele>
    <time>2020-07-28T12:10:24Z</time>
   </trkpt>
   <trkpt lat="51.0818230" lon="-0.5171520">
    <ele>28.6</ele>
    <time>2020-07-28T12:10:25Z</time>
   </trkpt>
   <trkpt lat="51.0816900" lon="-0.5170710">
    <ele>28.8</ele>
    <time>2020-07-28T12:10:27Z</time>
   </trkpt>
   <trkpt lat="51.0816150" lon="-0.5170380">
    <ele>28.9</ele>
    <time>2020-07-28T12:10:28Z</time>
   </trkpt>
   <trkpt lat="51.0814620" lon="-0.5170010">
    <ele>29.2</ele>
    <time>2020-07-28T12:10:30Z</time>
   </trkpt>
   <trkpt lat="51.0813960" lon="-0.5169820">
    <ele>29.4</ele>
    <time>2020-07-28T12:10:31Z</time>
   </trkpt>
   <trkpt lat="51.0812710" lon="-0.5169370">
    <ele>29.7</ele>
    <time>2020-07-28T12:10:33Z</time>
   </trkpt>
   <trkpt lat="51.0812030" lon="-0.5169140">
    <ele>29.8</ele>
    <time>2020-07-28T12:10:34Z</time>
   </trkpt>
   <trkpt lat="51.0811350" lon="-0.5168770">
    <ele>29.8</ele>
    <time>2020-07-28T12:10:35Z</time>
   </trkpt>
   <trkpt lat="51.0810710" lon="-0.5168360">
    <ele>29.8</ele>
    <time>2020-07-28T12:10:36Z</time>
   </trkpt>
   <trkpt lat="51.0809480" lon="-0.5167690">
    <ele>29.7</ele>
    <time>2020-07-28T12:10:38Z</time>
   </trkpt>
   <trkpt lat="51.0808880" lon="-0.5167350">
    <ele>29.5</ele>
    <time>2020-07-28T12:10:39Z</time>
   </trkpt>
   <trkpt lat="51.0807550" lon="-0.5166860">
    <ele>29.1</ele>
    <time>2020-07-28T12:10:41Z</time>
   </trkpt>
   <trkpt lat="51.0806190" lon="-0.5166450">
    <ele>28.7</ele>
    <time>2020-07-28T12:10:43Z</time>
   </trkpt>
   <trkpt lat="51.0805470" lon="-0.5166270">
    <ele>28.5</ele>
    <time>2020-07-28T12:10:44Z</time>
   </trkpt>
   <trkpt lat="51.0804020" lon="-0.5166110">
    <ele>27.9</ele>
    <time>2020-07-28T12:10:46Z</time>
   </trkpt>
   <trkpt lat="51.0803260" lon="-0.5166180">
    <ele>27.6</ele>
    <time>2020-07-28T12:10:47Z</time>
   </trkpt>
   <trkpt lat="51.0801700" lon="-0.5166400">
    <ele>27.1</ele>
    <time>2020-07-28T12:10:49Z</time>
   </trkpt>
   <trkpt lat="51.0800930" lon="-0.5166660">
    <ele>26.9</ele>
    <time>2020-07-28T12:10:50Z</time>
   </trkpt>
   <trkpt lat="51.0800180" lon="-0.5166990">
    <ele>26.6</ele>
    <time>2020-07-28T12:10:51Z</time>
   </trkpt>
   <trkpt lat="51.0798680" lon="-0.5167940">
    <ele>26.2</ele>
    <time>2020-07-28T12:10:53Z</time>
   </trkpt>
   <trkpt lat="51.0797220" lon="-0.5169080">
    <ele>25.7</ele>
    <time>2020-07-28T12:10:55Z</time>
   </trkpt>
   <trkpt lat="51.0795720" lon="-0.5170520">
    <ele>25.3</ele>
    <time>2020-07-28T12:10:57Z</time>
   </trkpt>
   <trkpt lat="51.0794980" lon="-0.5171200">
    <ele>25.1</ele>
    <time>2020-07-28T12:10:58Z</time>
   </trkpt>
   <trkpt lat="51.0793600" lon="-0.5172770">
    <ele>24.7</ele>
    <time>2020-07-28T12:11:00Z</time>
   </trkpt>
   <trkpt lat="51.0792970" lon="-0.5173530">
    <ele>24.5</ele>
    <time>2020-07-28T12:11:01Z</time>
   </trkpt>
   <trkpt lat="51.0791740" lon="-0.5175090">
    <ele>24.2</ele>
    <time>2020-07-28T12:11:03Z</time>
   </trkpt>
   <trkpt lat="51.0791130" lon="-0.5175860">
    <ele>24.1</ele>
    <time>2020-07-28T12:11:04Z</time>
   </trkpt>
   <trkpt lat="51.0789840" lon="-0.5177440">
    <ele>23.7</ele>
    <time>2020-07-28T12:11:06Z</time>
   </trkpt>
   <trkpt lat="51.0788490" lon="-0.5179060">
    <ele>23.2</ele>
    <time>2020-07-28T12:11:08Z</time>
   </trkpt>
   <trkpt lat="51.0787090" lon="-0.5180670">
    <ele>22.8</ele>
    <time>2020-07-28T12:11:10Z</time>
   </trkpt>
   <trkpt lat="51.0786400" lon="-0.5181440">
    <ele>22.7</ele>
    <time>2020-07-28T12:11:11Z</time>
   </trkpt>
   <trkpt lat="51.0785020" lon="-0.5182800">
    <ele>22.3</ele>
    <time>2020-07-28T12:11:13Z</time>
   </trkpt>
   <trkpt lat="51.0784320" lon="-0.5183460">
    <ele>22.1</ele>
    <time>2020-07-28T12:11:14Z</time>
   </trkpt>
   <trkpt lat="51.0783010" lon="-0.5184420">
    <ele>22.0</ele>
    <time>2020-07-28T12:11:16Z</time>
   </trkpt>
   <trkpt lat="51.0781610" lon="-0.5185050">
    <ele>22.0</ele>
    <time>2020-07-28T12:11:18Z</time>
   </trkpt>
   <trkpt lat="51.0780060" lon="-0.5185390">
    <ele>22.2</ele>
    <time>2020-07-28T12:11:20Z</time>
   </trkpt>
   <trkpt lat="51.0779250" lon="-0.5185590">
    <ele>22.4</ele>
    <time>2020-07-28T12:11:21Z</time>
   </trkpt>
   <trkpt lat="51.0778470" lon="-0.5185750">
    <ele>22.5</ele>
    <time>2020-07-28T12:11:22Z</time>
   </trkpt>
   <trkpt lat="51.0776920" lon="-0.5186080">
    <ele>22.7</ele>
    <time>2020-07-28T12:11:24Z</time>
   </trkpt>
   <trkpt lat="51.0775450" lon="-0.5186510">
    <ele>22.8</ele>
    <time>2020-07-28T12:11:26Z</time>
   </trkpt>
   <trkpt lat="51.0774730" lon="-0.5186720">
    <ele>22.9</ele>
    <time>2020-07-28T12:11:27Z</time>
   </trkpt>
   <trkpt lat="51.0774050" lon="-0.5186900">
    <ele>23.1</ele>
    <time>2020-07-28T12:11:28Z</time>
   </trkpt>
   <trkpt lat="51.0772880" lon="-0.5187320">
    <ele>23.3</ele>
    <time>2020-07-28T12:11:30Z</time>
   </trkpt>
   <trkpt lat="51.0772280" lon="-0.5187540">
    <ele>23.4</ele>
    <time>2020-07-28T12:11:31Z</time>
   </trkpt>
   <trkpt lat="51.0770950" lon="-0.5188000">
    <ele>23.8</ele>
    <time>2020-07-28T12:11:33Z</time>
   </trkpt>
   <trkpt lat="51.0769590" lon="-0.5188470">
    <ele>24.3</ele>
    <time>2020-07-28T12:11:35Z</time>
   </trkpt>
   <trkpt lat="51.0768890" lon="-0.5188780">
    <ele>24.5</ele>
    <time>2020-07-28T12:11:36Z</time>
   </trkpt>
   <trkpt lat="51.0767610" lon="-0.5189410">
    <ele>25.0</ele>
    <time>2020-07-28T12:11:38Z</time>
   </trkpt>
   <trkpt lat="51.0766970" lon="-0.5189760">
    <ele>25.2</ele>
    <time>2020-07-28T12:11:39Z</time>
   </trkpt>
   <trkpt lat="51.0766270" lon="-0.5190080">
    <ele>25.5</ele>
    <time>2020-07-28T12:11:40Z</time>
   </trkpt>
   <trkpt lat="51.0764990" lon="-0.5190770">
    <ele>26.1</ele>
    <time>2020-07-28T12:11:42Z</time>
   </trkpt>
   <trkpt lat="51.0764410" lon="-0.5191100">
    <ele>26.4</ele>
    <time>2020-07-28T12:11:43Z</time>
   </trkpt>
   <trkpt lat="51.0763290" lon="-0.5191720">
    <ele>27.0</ele>
    <time>2020-07-28T12:11:45Z</time>
   </trkpt>
   <trkpt lat="51.0762640" lon="-0.5192030">
    <ele>27.3</ele>
    <time>2020-07-28T12:11:46Z</time>
   </trkpt>
   <trkpt lat="51.0762000" lon="-0.5192320">
    <ele>27.6</ele>
    <time>2020-07-28T12:11:47Z</time>
   </trkpt>
   <trkpt lat="51.0760930" lon="-0.5192740">
    <ele>28.2</ele>
    <time>2020-07-28T12:11:49Z</time>
   </trkpt>
   <trkpt lat="51.0760370" lon="-0.5193020">
    <ele>28.5</ele>
    <time>2020-07-28T12:11:50Z</time>
   </trkpt>
   <trkpt lat="51.0759400" lon="-0.5193560">
    <ele>29.1</ele>
    <time>2020-07-28T12:11:52Z</time>
   </trkpt>
   <trkpt lat="51.0758440" lon="-0.5194020">
    <ele>29.8</ele>
    <time>2020-07-28T12:11:54Z</time>
   </trkpt>
   <trkpt lat="51.0757450" lon="-0.5194500">
    <ele>30.6</ele>
    <time>2020-07-28T12:11:56Z</time>
   </trkpt>
   <trkpt lat="51.0756540" lon="-0.5194960">
    <ele>31.3</ele>
    <time>2020-07-28T12:11:58Z</time>
   </trkpt>
   <trkpt lat="51.0755550" lon="-0.5195130">
    <ele>32.2</ele>
    <time>2020-07-28T12:12:00Z</time>
   </trkpt>
   <trkpt lat="51.0755000" lon="-0.5195190">
    <ele>32.6</ele>
    <time>2020-07-28T12:12:01Z</time>
   </trkpt>
   <trkpt lat="51.0753990" lon="-0.5195330">
    <ele>33.4</ele>
    <time>2020-07-28T12:12:03Z</time>
   </trkpt>
   <trkpt lat="51.0753250" lon="-0.5195390">
    <ele>33.9</ele>
    <time>2020-07-28T12:12:05Z</time>
   </trkpt>
   <trkpt lat="51.0752480" lon="-0.5195510">
    <ele>33.8</ele>
    <time>2020-07-28T12:12:07Z</time>
   </trkpt>
   <trkpt lat="51.0751830" lon="-0.5195720">
    <ele>33.9</ele>
    <time>2020-07-28T12:12:09Z</time>
   </trkpt>
   <trkpt lat="51.0751530" lon="-0.5195840">
    <ele>33.9</ele>
    <time>2020-07-28T12:12:10Z</time>
   </trkpt>
   <trkpt lat="51.0751220" lon="-0.5196350">
    <ele>33.9</ele>
    <time>2020-07-28T12:12:11Z</time>
   </trkpt>
   <trkpt lat="51.0750300" lon="-0.5196120">
    <ele>33.8</ele>
    <time>2020-07-28T12:12:13Z</time>
   </trkpt>
   <trkpt lat="51.0749250" lon="-0.5195960">
    <ele>33.7</ele>
    <time>2020-07-28T12:12:15Z</time>
   </trkpt>
   <trkpt lat="51.0748660" lon="-0.5196000">
    <ele>33.6</ele>
    <time>2020-07-28T12:12:16Z</time>
   </trkpt>
   <trkpt lat="51.0747470" lon="-0.5195950">
    <ele>33.3</ele>
    <time>2020-07-28T12:12:18Z</time>
   </trkpt>
   <trkpt lat="51.0746960" lon="-0.5195920">
    <ele>33.2</ele>
    <time>2020-07-28T12:12:19Z</time>
   </trkpt>
   <trkpt lat="51.0746420" lon="-0.5195850">
    <ele>33.1</ele>
    <time>2020-07-28T12:12:20Z</time>
   </trkpt>
   <trkpt lat="51.0745330" lon="-0.5195600">
    <ele>33.0</ele>
    <time>2020-07-28T12:12:22Z</time>
   </trkpt>
   <trkpt lat="51.0744810" lon="-0.5195460">
    <ele>32.9</ele>
    <time>2020-07-28T12:12:23Z</time>
   </trkpt>
   <trkpt lat="51.0744320" lon="-0.5195340">
    <ele>32.9</ele>
    <time>2020-07-28T12:12:24Z</time>
   </trkpt>
   <trkpt lat="51.0743310" lon="-0.5195160">
    <ele>32.9</ele>
    <time>2020-07-28T12:12:26Z</time>
   </trkpt>
   <trkpt lat="51.0742170" lon="-0.5194940">
    <ele>32.7</ele>
    <time>2020-07-28T12:12:28Z</time>
   </trkpt>
   <trkpt lat="51.0741600" lon="-0.5194730">
    <ele>32.6</ele>
    <time>2020-07-28T12:12:29Z</time>
   </trkpt>
   <trkpt lat="51.0740450" lon="-0.5194140">
    <ele>32.5</ele>
    <time>2020-07-28T12:12:31Z</time>
   </trkpt>
   <trkpt lat="51.0739940" lon="-0.5193900">
    <ele>32.4</ele>
    <time>2020-07-28T12:12:32Z</time>
   </trkpt>
   <trkpt lat="51.0738800" lon="-0.5193610">
    <ele>32.3</ele>
    <time>2020-07-28T12:12:34Z</time>
   </trkpt>
   <trkpt lat="51.0738210" lon="-0.5193440">
    <ele>32.3</ele>
    <time>2020-07-28T12:12:35Z</time>
   </trkpt>
   <trkpt lat="51.0737090" lon="-0.5193230">
    <ele>32.3</ele>
    <time>2020-07-28T12:12:37Z</time>
   </trkpt>
   <trkpt lat="51.0736530" lon="-0.5193080">
    <ele>32.3</ele>
    <time>2020-07-28T12:12:38Z</time>
   </trkpt>
   <trkpt lat="51.0735510" lon="-0.5192790">
    <ele>32.3</ele>
    <time>2020-07-28T12:12:40Z</time>
   </trkpt>
   <trkpt lat="51.0734930" lon="-0.5192660">
    <ele>32.4</ele>
    <time>2020-07-28T12:12:41Z</time>
   </trkpt>
   <trkpt lat="51.0733720" lon="-0.5192390">
    <ele>32.5</ele>
    <time>2020-07-28T12:12:43Z</time>
   </trkpt>
   <trkpt lat="51.0733130" lon="-0.5192230">
    <ele>32.5</ele>
    <time>2020-07-28T12:12:44Z</time>
   </trkpt>
   <trkpt lat="51.0731940" lon="-0.5191920">
    <ele>32.4</ele>
    <time>2020-07-28T12:12:46Z</time>
   </trkpt>
   <trkpt lat="51.0730740" lon="-0.5191540">
    <ele>32.4</ele>
    <time>2020-07-28T12:12:48Z</time>
   </trkpt>
   <trkpt lat="51.0729520" lon="-0.5191080">
    <ele>32.3</ele>
    <time>2020-07-28T12:12:50Z</time>
   </trkpt>
   <trkpt lat="51.0728880" lon="-0.5190880">
    <ele>32.3</ele>
    <time>2020-07-28T12:12:51Z</time>
   </trkpt>
   <trkpt lat="51.0728240" lon="-0.5190600">
    <ele>32.3</ele>
    <time>2020-07-28T12:12:52Z</time>
   </trkpt>
   <trkpt lat="51.0727060" lon="-0.5190120">
    <ele>32.2</ele>
    <time>2020-07-28T12:12:54Z</time>
   </trkpt>
   <trkpt lat="51.0726450" lon="-0.5189840">
    <ele>32.2</ele>
    <time>2020-07-28T12:12:55Z</time>
   </trkpt>
   <trkpt lat="51.0725210" lon="-0.5189280">
    <ele>32.0</ele>
    <time>2020-07-28T12:12:57Z</time>
   </trkpt>
   <trkpt lat="51.0724570" lon="-0.5189010">
    <ele>31.9</ele>
    <time>2020-07-28T12:12:58Z</time>
   </trkpt>
   <trkpt lat="51.0723300" lon="-0.5188390">
    <ele>31.7</ele>
    <time>2020-07-28T12:13:00Z</time>
   </trkpt>
   <trkpt lat="51.0721990" lon="-0.5187670">
    <ele>31.5</ele>
    <time>2020-07-28T12:13:02Z</time>
   </trkpt>
   <trkpt lat="51.0721360" lon="-0.5187400">
    <ele>31.3</ele>
    <time>2020-07-28T12:13:03Z</time>
   </trkpt>
   <trkpt lat="51.0720700" lon="-0.5187130">
    <ele>31.1</ele>
    <time>2020-07-28T12:13:04Z</time>
   </trkpt>
   <trkpt lat="51.0719460" lon="-0.5186370">
    <ele>30.6</ele>
    <time>2020-07-28T12:13:06Z</time>
   </trkpt>
   <trkpt lat="51.0718750" lon="-0.5186020">
    <ele>30.2</ele>
    <time>2020-07-28T12:13:07Z</time>
   </trkpt>
   <trkpt lat="51.0717610" lon="-0.5184790">
    <ele>29.3</ele>
    <time>2020-07-28T12:13:09Z</time>
   </trkpt>
   <trkpt lat="51.0717050" lon="-0.5184010">
    <ele>28.7</ele>
    <time>2020-07-28T12:13:10Z</time>
   </trkpt>
   <trkpt lat="51.0715880" lon="-0.5182130">
    <ele>27.5</ele>
    <time>2020-07-28T12:13:12Z</time>
   </trkpt>
   <trkpt lat="51.0714820" lon="-0.5179800">
    <ele>26.3</ele>
    <time>2020-07-28T12:13:14Z</time>
   </trkpt>
   <trkpt lat="51.0713860" lon="-0.5177380">
    <ele>25.3</ele>
    <time>2020-07-28T12:13:16Z</time>
   </trkpt>
   <trkpt lat="51.0712940" lon="-0.5174760">
    <ele>24.3</ele>
    <time>2020-07-28T12:13:18Z</time>
   </trkpt>
   <trkpt lat="51.0712530" lon="-0.5173450">
    <ele>23.8</ele>
    <time>2020-07-28T12:13:19Z</time>
   </trkpt>
   <trkpt lat="51.0711850" lon="-0.5170910">
    <ele>22.9</ele>
    <time>2020-07-28T12:13:21Z</time>
   </trkpt>
   <trkpt lat="51.0711050" lon="-0.5168260">
    <ele>22.0</ele>
    <time>2020-07-28T12:13:23Z</time>
   </trkpt>
   <trkpt lat="51.0710120" lon="-0.5165540">
    <ele>21.1</ele>
    <time>2020-07-28T12:13:25Z</time>
   </trkpt>
   <trkpt lat="51.0709580" lon="-0.5164220">
    <ele>20.7</ele>
    <time>2020-07-28T12:13:26Z</time>
   </trkpt>
   <trkpt lat="51.0709010" lon="-0.5162950">
    <ele>20.4</ele>
    <time>2020-07-28T12:13:27Z</time>
   </trkpt>
   <trkpt lat="51.0707870" lon="-0.5160520">
    <ele>20.1</ele>
    <time>2020-07-28T12:13:29Z</time>
   </trkpt>
   <trkpt lat="51.0707260" lon="-0.5159420">
    <ele>19.9</ele>
    <time>2020-07-28T12:13:30Z</time>
   </trkpt>
   <trkpt lat="51.0706590" lon="-0.5158400">
    <ele>19.7</ele>
    <time>2020-07-28T12:13:31Z</time>
   </trkpt>
   <trkpt lat="51.0705880" lon="-0.5157470">
    <ele>19.3</ele>
    <time>2020-07-28T12:13:32Z</time>
   </trkpt>
   <trkpt lat="51.0704640" lon="-0.5155680">
    <ele>18.7</ele>
    <time>2020-07-28T12:13:34Z</time>
   </trkpt>
   <trkpt lat="51.0703150" lon="-0.5154090">
    <ele>18.2</ele>
    <time>2020-07-28T12:13:36Z</time>
   </trkpt>
   <trkpt lat="51.0701430" lon="-0.5152820">
    <ele>17.8</ele>
    <time>2020-07-28T12:13:38Z</time>
   </trkpt>
   <trkpt lat="51.0700560" lon="-0.5152280">
    <ele>17.8</ele>
    <time>2020-07-28T12:13:39Z</time>
   </trkpt>
   <trkpt lat="51.0698800" lon="-0.5151500">
    <ele>17.9</ele>
    <time>2020-07-28T12:13:41Z</time>
   </trkpt>
   <trkpt lat="51.0697090" lon="-0.5151140">
    <ele>18.4</ele>
    <time>2020-07-28T12:13:43Z</time>
   </trkpt>
   <trkpt lat="51.0695410" lon="-0.5151100">
    <ele>18.9</ele>
    <time>2020-07-28T12:13:45Z</time>
   </trkpt>
   <trkpt lat="51.0694670" lon="-0.5151090">
    <ele>19.2</ele>
    <time>2020-07-28T12:13:46Z</time>
   </trkpt>
   <trkpt lat="51.0693940" lon="-0.5151110">
    <ele>19.5</ele>
    <time>2020-07-28T12:13:47Z</time>
   </trkpt>
   <trkpt lat="51.0693240" lon="-0.5151170">
    <ele>19.7</ele>
    <time>2020-07-28T12:13:48Z</time>
   </trkpt>
   <trkpt lat="51.0692530" lon="-0.5151340">
    <ele>20.0</ele>
    <time>2020-07-28T12:13:49Z</time>
   </trkpt>
   <trkpt lat="51.0691010" lon="-0.5151630">
    <ele>20.7</ele>
    <time>2020-07-28T12:13:51Z</time>
   </trkpt>
   <trkpt lat="51.0689760" lon="-0.5152010">
    <ele>21.2</ele>
    <time>2020-07-28T12:13:53Z</time>
   </trkpt>
   <trkpt lat="51.0688600" lon="-0.5152510">
    <ele>21.7</ele>
    <time>2020-07-28T12:13:55Z</time>
   </trkpt>
   <trkpt lat="51.0687410" lon="-0.5153040">
    <ele>22.1</ele>
    <time>2020-07-28T12:13:57Z</time>
   </trkpt>
   <trkpt lat="51.0686860" lon="-0.5153250">
    <ele>22.2</ele>
    <time>2020-07-28T12:13:58Z</time>
   </trkpt>
   <trkpt lat="51.0686380" lon="-0.5153420">
    <ele>22.4</ele>
    <time>2020-07-28T12:13:59Z</time>
   </trkpt>
   <trkpt lat="51.0685280" lon="-0.5153850">
    <ele>22.7</ele>
    <time>2020-07-28T12:14:01Z</time>
   </trkpt>
   <trkpt lat="51.0684130" lon="-0.5154340">
    <ele>22.9</ele>
    <time>2020-07-28T12:14:03Z</time>
   </trkpt>
   <trkpt lat="51.0683560" lon="-0.5154600">
    <ele>23.0</ele>
    <time>2020-07-28T12:14:04Z</time>
   </trkpt>
   <trkpt lat="51.0682930" lon="-0.5154810">
    <ele>23.1</ele>
    <time>2020-07-28T12:14:05Z</time>
   </trkpt>
   <trkpt lat="51.0682310" lon="-0.5155040">
    <ele>23.2</ele>
    <time>2020-07-28T12:14:06Z</time>
   </trkpt>
   <trkpt lat="51.0681140" lon="-0.5155290">
    <ele>23.5</ele>
    <time>2020-07-28T12:14:08Z</time>
   </trkpt>
   <trkpt lat="51.0680480" lon="-0.5155420">
    <ele>23.6</ele>
    <time>2020-07-28T12:14:09Z</time>
   </trkpt>
   <trkpt lat="51.0679830" lon="-0.5155600">
    <ele>23.7</ele>
    <time>2020-07-28T12:14:10Z</time>
   </trkpt>
   <trkpt lat="51.0678610" lon="-0.5155840">
    <ele>23.8</ele>
    <time>2020-07-28T12:14:12Z</time>
   </trkpt>
   <trkpt lat="51.0678090" lon="-0.5156010">
    <ele>23.8</ele>
    <time>2020-07-28T12:14:13Z</time>
   </trkpt>
   <trkpt lat="51.0677230" lon="-0.5156490">
    <ele>23.9</ele>
    <time>2020-07-28T12:14:15Z</time>
   </trkpt>
   <trkpt lat="51.0676750" lon="-0.5156690">
    <ele>23.9</ele>
    <time>2020-07-28T12:14:16Z</time>
   </trkpt>
   <trkpt lat="51.0675590" lon="-0.5157050">
    <ele>24.0</ele>
    <time>2020-07-28T12:14:18Z</time>
   </trkpt>
   <trkpt lat="51.0674220" lon="-0.5157510">
    <ele>24.3</ele>
    <time>2020-07-28T12:14:20Z</time>
   </trkpt>
   <trkpt lat="51.0673000" lon="-0.5157910">
    <ele>24.7</ele>
    <time>2020-07-28T12:14:22Z</time>
   </trkpt>
   <trkpt lat="51.0671840" lon="-0.5158210">
    <ele>24.7</ele>
    <time>2020-07-28T12:14:24Z</time>
   </trkpt>
   <trkpt lat="51.0671230" lon="-0.5158400">
    <ele>24.8</ele>
    <time>2020-07-28T12:14:25Z</time>
   </trkpt>
   <trkpt lat="51.0670580" lon="-0.5158580">
    <ele>25.0</ele>
    <time>2020-07-28T12:14:26Z</time>
   </trkpt>
   <trkpt lat="51.0669530" lon="-0.5159050">
    <ele>25.3</ele>
    <time>2020-07-28T12:14:28Z</time>
   </trkpt>
   <trkpt lat="51.0669010" lon="-0.5159180">
    <ele>25.4</ele>
    <time>2020-07-28T12:14:29Z</time>
   </trkpt>
   <trkpt lat="51.0668010" lon="-0.5159410">
    <ele>25.9</ele>
    <time>2020-07-28T12:14:31Z</time>
   </trkpt>
   <trkpt lat="51.0667620" lon="-0.5159550">
    <ele>26.1</ele>
    <time>2020-07-28T12:14:32Z</time>
   </trkpt>
   <trkpt lat="51.0666710" lon="-0.5159870">
    <ele>26.6</ele>
    <time>2020-07-28T12:14:34Z</time>
   </trkpt>
   <trkpt lat="51.0665870" lon="-0.5160000">
    <ele>27.1</ele>
    <time>2020-07-28T12:14:36Z</time>
   </trkpt>
   <trkpt lat="51.0665400" lon="-0.5160050">
    <ele>27.4</ele>
    <time>2020-07-28T12:14:37Z</time>
   </trkpt>
   <trkpt lat="51.0664870" lon="-0.5160180">
    <ele>27.7</ele>
    <time>2020-07-28T12:14:38Z</time>
   </trkpt>
   <trkpt lat="51.0663790" lon="-0.5160540">
    <ele>28.5</ele>
    <time>2020-07-28T12:14:40Z</time>
   </trkpt>
   <trkpt lat="51.0663300" lon="-0.5160680">
    <ele>28.8</ele>
    <time>2020-07-28T12:14:41Z</time>
   </trkpt>
   <trkpt lat="51.0662410" lon="-0.5160810">
    <ele>29.4</ele>
    <time>2020-07-28T12:14:43Z</time>
   </trkpt>
   <trkpt lat="51.0661690" lon="-0.5160880">
    <ele>29.9</ele>
    <time>2020-07-28T12:14:45Z</time>
   </trkpt>
   <trkpt lat="51.0661290" lon="-0.5161000">
    <ele>30.2</ele>
    <time>2020-07-28T12:14:46Z</time>
   </trkpt>
   <trkpt lat="51.0660130" lon="-0.5161220">
    <ele>30.9</ele>
    <time>2020-07-28T12:14:48Z</time>
   </trkpt>
   <trkpt lat="51.0659500" lon="-0.5161330">
    <ele>31.3</ele>
    <time>2020-07-28T12:14:49Z</time>
   </trkpt>
   <trkpt lat="51.0658310" lon="-0.5161520">
    <ele>32.1</ele>
    <time>2020-07-28T12:14:51Z</time>
   </trkpt>
   <trkpt lat="51.0657390" lon="-0.5161630">
    <ele>32.7</ele>
    <time>2020-07-28T12:14:53Z</time>
   </trkpt>
   <trkpt lat="51.0656950" lon="-0.5161910">
    <ele>33.0</ele>
    <time>2020-07-28T12:14:54Z</time>
   </trkpt>
   <trkpt lat="51.0656640" lon="-0.5162080">
    <ele>33.2</ele>
    <time>2020-07-28T12:14:55Z</time>
   </trkpt>
   <trkpt lat="51.0655910" lon="-0.5162030">
    <ele>33.7</ele>
    <time>2020-07-28T12:14:57Z</time>
   </trkpt>
   <trkpt lat="51.0655600" lon="-0.5161930">
    <ele>33.9</ele>
    <time>2020-07-28T12:14:58Z</time>
   </trkpt>
   <trkpt lat="51.0654990" lon="-0.5161850">
    <ele>34.2</ele>
    <time>2020-07-28T12:15:00Z</time>
   </trkpt>
   <trkpt lat="51.0654170" lon="-0.5161790">
    <ele>34.7</ele>
    <time>2020-07-28T12:15:01Z</time>
   </trkpt>
   <trkpt lat="51.0653510" lon="-0.5161680">
    <ele>35.0</ele>
    <time>2020-07-28T12:15:03Z</time>
   </trkpt>
   <trkpt lat="51.0652840" lon="-0.5161410">
    <ele>35.3</ele>
    <time>2020-07-28T12:15:05Z</time>
   </trkpt>
   <trkpt lat="51.0652580" lon="-0.5161330">
    <ele>35.4</ele>
    <time>2020-07-28T12:15:06Z</time>
   </trkpt>
   <trkpt lat="51.0652450" lon="-0.5161300">
    <ele>35.4</ele>
    <time>2020-07-28T12:15:07Z</time>
   </trkpt>
   <trkpt lat="51.0651910" lon="-0.5161230">
    <ele>35.7</ele>
    <time>2020-07-28T12:15:09Z</time>
   </trkpt>
   <trkpt lat="51.0651430" lon="-0.5161110">
    <ele>35.8</ele>
    <time>2020-07-28T12:15:10Z</time>
   </trkpt>
   <trkpt lat="51.0650890" lon="-0.5160970">
    <ele>36.0</ele>
    <time>2020-07-28T12:15:11Z</time>
   </trkpt>
   <trkpt lat="51.0650490" lon="-0.5160840">
    <ele>36.2</ele>
    <time>2020-07-28T12:15:12Z</time>
   </trkpt>
   <trkpt lat="51.0649910" lon="-0.5160630">
    <ele>36.3</ele>
    <time>2020-07-28T12:15:14Z</time>
   </trkpt>
   <trkpt lat="51.0649370" lon="-0.5160430">
    <ele>36.4</ele>
    <time>2020-07-28T12:15:15Z</time>
   </trkpt>
   <trkpt lat="51.0648670" lon="-0.5160170">
    <ele>36.5</ele>
    <time>2020-07-28T12:15:17Z</time>
   </trkpt>
   <trkpt lat="51.0648160" lon="-0.5160020">
    <ele>36.6</ele>
    <time>2020-07-28T12:15:18Z</time>
   </trkpt>
   <trkpt lat="51.0647660" lon="-0.5159890">
    <ele>36.7</ele>
    <time>2020-07-28T12:15:19Z</time>
   </trkpt>
   <trkpt lat="51.0647070" lon="-0.5159740">
    <ele>36.8</ele>
    <time>2020-07-28T12:15:20Z</time>
   </trkpt>
   <trkpt lat="51.0646700" lon="-0.5159640">
    <ele>36.9</ele>
    <time>2020-07-28T12:15:21Z</time>
   </trkpt>
   <trkpt lat="51.0646130" lon="-0.5159430">
    <ele>36.9</ele>
    <time>2020-07-28T12:15:23Z</time>
   </trkpt>
   <trkpt lat="51.0645700" lon="-0.5159350">
    <ele>37.0</ele>
    <time>2020-07-28T12:15:24Z</time>
   </trkpt>
   <trkpt lat="51.0645430" lon="-0.5159340">
    <ele>37.0</ele>
    <time>2020-07-28T12:15:25Z</time>
   </trkpt>
   <trkpt lat="51.0644980" lon="-0.5159270">
    <ele>37.1</ele>
    <time>2020-07-28T12:15:27Z</time>
   </trkpt>
   <trkpt lat="51.0644780" lon="-0.5159230">
    <ele>37.1</ele>
    <time>2020-07-28T12:15:28Z</time>
   </trkpt>
   <trkpt lat="51.0644380" lon="-0.5159140">
    <ele>37.1</ele>
    <time>2020-07-28T12:15:29Z</time>
   </trkpt>
   <trkpt lat="51.0643970" lon="-0.5159030">
    <ele>37.1</ele>
    <time>2020-07-28T12:15:30Z</time>
   </trkpt>
   <trkpt lat="51.0643430" lon="-0.5158910">
    <ele>37.1</ele>
    <time>2020-07-28T12:15:32Z</time>
   </trkpt>
   <trkpt lat="51.0642670" lon="-0.5158680">
    <ele>37.2</ele>
    <time>2020-07-28T12:15:34Z</time>
   </trkpt>
   <trkpt lat="51.0641930" lon="-0.5158470">
    <ele>37.3</ele>
    <time>2020-07-28T12:15:35Z</time>
   </trkpt>
   <trkpt lat="51.0641150" lon="-0.5158270">
    <ele>37.4</ele>
    <time>2020-07-28T12:15:37Z</time>
   </trkpt>
   <trkpt lat="51.0640060" lon="-0.5157980">
    <ele>37.6</ele>
    <time>2020-07-28T12:15:39Z</time>
   </trkpt>
   <trkpt lat="51.0639100" lon="-0.5157870">
    <ele>37.8</ele>
    <time>2020-07-28T12:15:41Z</time>
   </trkpt>
   <trkpt lat="51.0638530" lon="-0.5157900">
    <ele>37.9</ele>
    <time>2020-07-28T12:15:42Z</time>
   </trkpt>
   <trkpt lat="51.0637580" lon="-0.5157620">
    <ele>38.0</ele>
    <time>2020-07-28T12:15:43Z</time>
   </trkpt>
   <trkpt lat="51.0636960" lon="-0.5157440">
    <ele>38.1</ele>
    <time>2020-07-28T12:15:45Z</time>
   </trkpt>
   <trkpt lat="51.0636390" lon="-0.5157370">
    <ele>38.2</ele>
    <time>2020-07-28T12:15:46Z</time>
   </trkpt>
   <trkpt lat="51.0635440" lon="-0.5158020">
    <ele>38.4</ele>
    <time>2020-07-28T12:15:48Z</time>
   </trkpt>
   <trkpt lat="51.0635090" lon="-0.5159070">
    <ele>38.0</ele>
    <time>2020-07-28T12:15:49Z</time>
   </trkpt>
   <trkpt lat="51.0634770" lon="-0.5160070">
    <ele>37.8</ele>
    <time>2020-07-28T12:15:51Z</time>
   </trkpt>
   <trkpt lat="51.0634640" lon="-0.5160860">
    <ele>37.6</ele>
    <time>2020-07-28T12:15:52Z</time>
   </trkpt>
   <trkpt lat="51.0634660" lon="-0.5161770">
    <ele>37.4</ele>
    <time>2020-07-28T12:15:53Z</time>
   </trkpt>
   <trkpt lat="51.0634620" lon="-0.5162620">
    <ele>37.2</ele>
    <time>2020-07-28T12:15:54Z</time>
   </trkpt>
   <trkpt lat="51.0634650" lon="-0.5163430">
    <ele>37.0</ele>
    <time>2020-07-28T12:15:56Z</time>
   </trkpt>
   <trkpt lat="51.0634720" lon="-0.5164140">
    <ele>36.9</ele>
    <time>2020-07-28T12:15:57Z</time>
   </trkpt>
   <trkpt lat="51.0634670" lon="-0.5166270">
    <ele>36.5</ele>
    <time>2020-07-28T12:15:59Z</time>
   </trkpt>
   <trkpt lat="51.0634630" lon="-0.5167650">
    <ele>36.2</ele>
    <time>2020-07-28T12:16:00Z</time>
   </trkpt>
   <trkpt lat="51.0634630" lon="-0.5168940">
    <ele>36.0</ele>
    <time>2020-07-28T12:16:01Z</time>
   </trkpt>
   <trkpt lat="51.0634720" lon="-0.5171330">
    <ele>35.4</ele>
    <time>2020-07-28T12:16:03Z</time>
   </trkpt>
   <trkpt lat="51.0635670" lon="-0.5173340">
    <ele>34.9</ele>
    <time>2020-07-28T12:16:05Z</time>
   </trkpt>
   <trkpt lat="51.0635900" lon="-0.5175340">
    <ele>34.6</ele>
    <time>2020-07-28T12:16:07Z</time>
   </trkpt>
   <trkpt lat="51.0635950" lon="-0.5176340">
    <ele>34.5</ele>
    <time>2020-07-28T12:16:08Z</time>
   </trkpt>
   <trkpt lat="51.0635930" lon="-0.5178340">
    <ele>34.5</ele>
    <time>2020-07-28T12:16:10Z</time>
   </trkpt>
   <trkpt lat="51.0635920" lon="-0.5179320">
    <ele>34.4</ele>
    <time>2020-07-28T12:16:11Z</time>
   </trkpt>
   <trkpt lat="51.0635920" lon="-0.5181270">
    <ele>34.1</ele>
    <time>2020-07-28T12:16:13Z</time>
   </trkpt>
   <trkpt lat="51.0635930" lon="-0.5183240">
    <ele>33.9</ele>
    <time>2020-07-28T12:16:15Z</time>
   </trkpt>
   <trkpt lat="51.0635950" lon="-0.5185160">
    <ele>33.7</ele>
    <time>2020-07-28T12:16:17Z</time>
   </trkpt>
   <trkpt lat="51.0635980" lon="-0.5186080">
    <ele>33.6</ele>
    <time>2020-07-28T12:16:18Z</time>
   </trkpt>
   <trkpt lat="51.0635950" lon="-0.5187020">
    <ele>33.5</ele>
    <time>2020-07-28T12:16:19Z</time>
   </trkpt>
   <trkpt lat="51.0635950" lon="-0.5187870">
    <ele>33.4</ele>
    <time>2020-07-28T12:16:20Z</time>
   </trkpt>
   <trkpt lat="51.0635980" lon="-0.5188650">
    <ele>33.4</ele>
    <time>2020-07-28T12:16:21Z</time>
   </trkpt>
   <trkpt lat="51.0636090" lon="-0.5190500">
    <ele>33.1</ele>
    <time>2020-07-28T12:16:23Z</time>
   </trkpt>
   <trkpt lat="51.0636140" lon="-0.5191400">
    <ele>32.9</ele>
    <time>2020-07-28T12:16:24Z</time>
   </trkpt>
   <trkpt lat="51.0636140" lon="-0.5193200">
    <ele>32.5</ele>
    <time>2020-07-28T12:16:26Z</time>
   </trkpt>
   <trkpt lat="51.0636260" lon="-0.5194920">
    <ele>32.2</ele>
    <time>2020-07-28T12:16:28Z</time>
   </trkpt>
   <trkpt lat="51.0636310" lon="-0.5195830">
    <ele>32.1</ele>
    <time>2020-07-28T12:16:29Z</time>
   </trkpt>
   <trkpt lat="51.0636370" lon="-0.5196720">
    <ele>31.9</ele>
    <time>2020-07-28T12:16:30Z</time>
   </trkpt>
   <trkpt lat="51.0636430" lon="-0.5198590">
    <ele>31.7</ele>
    <time>2020-07-28T12:16:32Z</time>
   </trkpt>
   <trkpt lat="51.0636420" lon="-0.5199450">
    <ele>31.6</ele>
    <time>2020-07-28T12:16:33Z</time>
   </trkpt>
   <trkpt lat="51.0636420" lon="-0.5200360">
    <ele>31.4</ele>
    <time>2020-07-28T12:16:34Z</time>
   </trkpt>
   <trkpt lat="51.0636510" lon="-0.5202150">
    <ele>31.2</ele>
    <time>2020-07-28T12:16:36Z</time>
   </trkpt>
   <trkpt lat="51.0636550" lon="-0.5203120">
    <ele>31.1</ele>
    <time>2020-07-28T12:16:37Z</time>
   </trkpt>
   <trkpt lat="51.0636630" lon="-0.5204110">
    <ele>31.0</ele>
    <time>2020-07-28T12:16:38Z</time>
   </trkpt>
   <trkpt lat="51.0636810" lon="-0.5206110">
    <ele>30.8</ele>
    <time>2020-07-28T12:16:40Z</time>
   </trkpt>
   <trkpt lat="51.0636900" lon="-0.5208220">
    <ele>30.6</ele>
    <time>2020-07-28T12:16:42Z</time>
   </trkpt>
   <trkpt lat="51.0636940" lon="-0.5209230">
    <ele>30.5</ele>
    <time>2020-07-28T12:16:43Z</time>
   </trkpt>
   <trkpt lat="51.0636980" lon="-0.5210300">
    <ele>30.5</ele>
    <time>2020-07-28T12:16:44Z</time>
   </trkpt>
   <trkpt lat="51.0637050" lon="-0.5212520">
    <ele>30.3</ele>
    <time>2020-07-28T12:16:46Z</time>
   </trkpt>
   <trkpt lat="51.0637180" lon="-0.5214610">
    <ele>30.2</ele>
    <time>2020-07-28T12:16:48Z</time>
   </trkpt>
   <trkpt lat="51.0637270" lon="-0.5215630">
    <ele>30.2</ele>
    <time>2020-07-28T12:16:49Z</time>
   </trkpt>
   <trkpt lat="51.0637420" lon="-0.5217610">
    <ele>30.1</ele>
    <time>2020-07-28T12:16:51Z</time>
   </trkpt>
   <trkpt lat="51.0637500" lon="-0.5219530">
    <ele>29.9</ele>
    <time>2020-07-28T12:16:53Z</time>
   </trkpt>
   <trkpt lat="51.0637550" lon="-0.5220400">
    <ele>29.8</ele>
    <time>2020-07-28T12:16:54Z</time>
   </trkpt>
   <trkpt lat="51.0637810" lon="-0.5222420">
    <ele>29.7</ele>
    <time>2020-07-28T12:16:56Z</time>
   </trkpt>
   <trkpt lat="51.0637990" lon="-0.5224310">
    <ele>29.5</ele>
    <time>2020-07-28T12:16:58Z</time>
   </trkpt>
   <trkpt lat="51.0638130" lon="-0.5226160">
    <ele>29.3</ele>
    <time>2020-07-28T12:17:00Z</time>
   </trkpt>
   <trkpt lat="51.0638290" lon="-0.5227990">
    <ele>29.1</ele>
    <time>2020-07-28T12:17:02Z</time>
   </trkpt>
   <trkpt lat="51.0638390" lon="-0.5228920">
    <ele>29.0</ele>
    <time>2020-07-28T12:17:03Z</time>
   </trkpt>
   <trkpt lat="51.0638580" lon="-0.5230720">
    <ele>28.8</ele>
    <time>2020-07-28T12:17:05Z</time>
   </trkpt>
   <trkpt lat="51.0638660" lon="-0.5231610">
    <ele>28.8</ele>
    <time>2020-07-28T12:17:06Z</time>
   </trkpt>
   <trkpt lat="51.0638760" lon="-0.5233290">
    <ele>28.6</ele>
    <time>2020-07-28T12:17:08Z</time>
   </trkpt>
   <trkpt lat="51.0638810" lon="-0.5234140">
    <ele>28.6</ele>
    <time>2020-07-28T12:17:09Z</time>
   </trkpt>
   <trkpt lat="51.0638870" lon="-0.5235020">
    <ele>28.6</ele>
    <time>2020-07-28T12:17:10Z</time>
   </trkpt>
   <trkpt lat="51.0638900" lon="-0.5235950">
    <ele>28.6</ele>
    <time>2020-07-28T12:17:11Z</time>
   </trkpt>
   <trkpt lat="51.0639080" lon="-0.5237920">
    <ele>28.7</ele>
    <time>2020-07-28T12:17:13Z</time>
   </trkpt>
   <trkpt lat="51.0639190" lon="-0.5240050">
    <ele>28.6</ele>
    <time>2020-07-28T12:17:15Z</time>
   </trkpt>
   <trkpt lat="51.0639300" lon="-0.5241180">
    <ele>28.5</ele>
    <time>2020-07-28T12:17:16Z</time>
   </trkpt>
   <trkpt lat="51.0639420" lon="-0.5243340">
    <ele>28.3</ele>
    <time>2020-07-28T12:17:18Z</time>
   </trkpt>
   <trkpt lat="51.0639430" lon="-0.5244290">
    <ele>28.2</ele>
    <time>2020-07-28T12:17:19Z</time>
   </trkpt>
   <trkpt lat="51.0639540" lon="-0.5246280">
    <ele>28.0</ele>
    <time>2020-07-28T12:17:21Z</time>
   </trkpt>
   <trkpt lat="51.0639660" lon="-0.5247310">
    <ele>27.8</ele>
    <time>2020-07-28T12:17:22Z</time>
   </trkpt>
   <trkpt lat="51.0639900" lon="-0.5249320">
    <ele>27.4</ele>
    <time>2020-07-28T12:17:24Z</time>
   </trkpt>
   <trkpt lat="51.0640010" lon="-0.5250320">
    <ele>27.2</ele>
    <time>2020-07-28T12:17:25Z</time>
   </trkpt>
   <trkpt lat="51.0640170" lon="-0.5251360">
    <ele>26.9</ele>
    <time>2020-07-28T12:17:26Z</time>
   </trkpt>
   <trkpt lat="51.0640520" lon="-0.5253360">
    <ele>26.2</ele>
    <time>2020-07-28T12:17:28Z</time>
   </trkpt>
   <trkpt lat="51.0640780" lon="-0.5254390">
    <ele>25.8</ele>
    <time>2020-07-28T12:17:29Z</time>
   </trkpt>
   <trkpt lat="51.0641150" lon="-0.5255510">
    <ele>25.1</ele>
    <time>2020-07-28T12:17:30Z</time>
   </trkpt>
   <trkpt lat="51.0641880" lon="-0.5257960">
    <ele>23.8</ele>
    <time>2020-07-28T12:17:32Z</time>
   </trkpt>
   <trkpt lat="51.0642260" lon="-0.5259240">
    <ele>23.2</ele>
    <time>2020-07-28T12:17:33Z</time>
   </trkpt>
   <trkpt lat="51.0642570" lon="-0.5260600">
    <ele>22.7</ele>
    <time>2020-07-28T12:17:34Z</time>
   </trkpt>
   <trkpt lat="51.0642920" lon="-0.5262000">
    <ele>22.3</ele>
    <time>2020-07-28T12:17:35Z</time>
   </trkpt>
   <trkpt lat="51.0643320" lon="-0.5263400">
    <ele>21.9</ele>
    <time>2020-07-28T12:17:36Z</time>
   </trkpt>
   <trkpt lat="51.0643690" lon="-0.5264830">
    <ele>21.7</ele>
    <time>2020-07-28T12:17:37Z</time>
   </trkpt>
   <trkpt lat="51.0644340" lon="-0.5267580">
    <ele>21.6</ele>
    <time>2020-07-28T12:17:39Z</time>
   </trkpt>
   <trkpt lat="51.0644570" lon="-0.5269100">
    <ele>21.7</ele>
    <time>2020-07-28T12:17:40Z</time>
   </trkpt>
   <trkpt lat="51.0644680" lon="-0.5270620">
    <ele>21.9</ele>
    <time>2020-07-28T12:17:41Z</time>
   </trkpt>
   <trkpt lat="51.0644820" lon="-0.5273540">
    <ele>22.7</ele>
    <time>2020-07-28T12:17:43Z</time>
   </trkpt>
   <trkpt lat="51.0644670" lon="-0.5274940">
    <ele>23.2</ele>
    <time>2020-07-28T12:17:44Z</time>
   </trkpt>
   <trkpt lat="51.0644560" lon="-0.5276300">
    <ele>23.7</ele>
    <time>2020-07-28T12:17:45Z</time>
   </trkpt>
   <trkpt lat="51.0644300" lon="-0.5278780">
    <ele>24.5</ele>
    <time>2020-07-28T12:17:47Z</time>
   </trkpt>
   <trkpt lat="51.0644180" lon="-0.5280020">
    <ele>24.7</ele>
    <time>2020-07-28T12:17:48Z</time>
   </trkpt>
   <trkpt lat="51.0644060" lon="-0.5281140">
    <ele>25.0</ele>
    <time>2020-07-28T12:17:49Z</time>
   </trkpt>
   <trkpt lat="51.0643920" lon="-0.5283120">
    <ele>25.4</ele>
    <time>2020-07-28T12:17:51Z</time>
   </trkpt>
   <trkpt lat="51.0643830" lon="-0.5284070">
    <ele>25.5</ele>
    <time>2020-07-28T12:17:52Z</time>
   </trkpt>
   <trkpt lat="51.0643730" lon="-0.5285040">
    <ele>25.7</ele>
    <time>2020-07-28T12:17:53Z</time>
   </trkpt>
   <trkpt lat="51.0643660" lon="-0.5285980">
    <ele>25.9</ele>
    <time>2020-07-28T12:17:54Z</time>
   </trkpt>
   <trkpt lat="51.0643590" lon="-0.5286930">
    <ele>26.1</ele>
    <time>2020-07-28T12:17:55Z</time>
   </trkpt>
   <trkpt lat="51.0643300" lon="-0.5288810">
    <ele>26.3</ele>
    <time>2020-07-28T12:17:57Z</time>
   </trkpt>
   <trkpt lat="51.0642850" lon="-0.5290770">
    <ele>26.5</ele>
    <time>2020-07-28T12:17:59Z</time>
   </trkpt>
   <trkpt lat="51.0642630" lon="-0.5292700">
    <ele>26.6</ele>
    <time>2020-07-28T12:18:01Z</time>
   </trkpt>
   <trkpt lat="51.0642340" lon="-0.5294630">
    <ele>26.7</ele>
    <time>2020-07-28T12:18:03Z</time>
   </trkpt>
   <trkpt lat="51.0642180" lon="-0.5295570">
    <ele>26.8</ele>
    <time>2020-07-28T12:18:04Z</time>
   </trkpt>
   <trkpt lat="51.0642020" lon="-0.5296490">
    <ele>26.9</ele>
    <time>2020-07-28T12:18:05Z</time>
   </trkpt>
   <trkpt lat="51.0641730" lon="-0.5298100">
    <ele>27.0</ele>
    <time>2020-07-28T12:18:07Z</time>
   </trkpt>
   <trkpt lat="51.0641600" lon="-0.5298980">
    <ele>27.1</ele>
    <time>2020-07-28T12:18:08Z</time>
   </trkpt>
   <trkpt lat="51.0641300" lon="-0.5300690">
    <ele>27.2</ele>
    <time>2020-07-28T12:18:10Z</time>
   </trkpt>
   <trkpt lat="51.0641130" lon="-0.5301490">
    <ele>27.3</ele>
    <time>2020-07-28T12:18:11Z</time>
   </trkpt>
   <trkpt lat="51.0640880" lon="-0.5303140">
    <ele>27.4</ele>
    <time>2020-07-28T12:18:13Z</time>
   </trkpt>
   <trkpt lat="51.0640740" lon="-0.5303960">
    <ele>27.5</ele>
    <time>2020-07-28T12:18:14Z</time>
   </trkpt>
   <trkpt lat="51.0640430" lon="-0.5305640">
    <ele>27.8</ele>
    <time>2020-07-28T12:18:16Z</time>
   </trkpt>
   <trkpt lat="51.0640200" lon="-0.5306520">
    <ele>28.1</ele>
    <time>2020-07-28T12:18:17Z</time>
   </trkpt>
   <trkpt lat="51.0639760" lon="-0.5308220">
    <ele>28.5</ele>
    <time>2020-07-28T12:18:19Z</time>
   </trkpt>
   <trkpt lat="51.0639530" lon="-0.5309900">
    <ele>28.5</ele>
    <time>2020-07-28T12:18:21Z</time>
   </trkpt>
   <trkpt lat="51.0639410" lon="-0.5311590">
    <ele>28.6</ele>
    <time>2020-07-28T12:18:23Z</time>
   </trkpt>
   <trkpt lat="51.0639320" lon="-0.5313290">
    <ele>28.7</ele>
    <time>2020-07-28T12:18:25Z</time>
   </trkpt>
   <trkpt lat="51.0639210" lon="-0.5314110">
    <ele>28.7</ele>
    <time>2020-07-28T12:18:26Z</time>
   </trkpt>
   <trkpt lat="51.0639110" lon="-0.5314890">
    <ele>28.7</ele>
    <time>2020-07-28T12:18:27Z</time>
   </trkpt>
   <trkpt lat="51.0638920" lon="-0.5316320">
    <ele>28.8</ele>
    <time>2020-07-28T12:18:29Z</time>
   </trkpt>
   <trkpt lat="51.0638840" lon="-0.5317780">
    <ele>28.8</ele>
    <time>2020-07-28T12:18:31Z</time>
   </trkpt>
   <trkpt lat="51.0638760" lon="-0.5318510">
    <ele>28.8</ele>
    <time>2020-07-28T12:18:32Z</time>
   </trkpt>
   <trkpt lat="51.0638720" lon="-0.5319290">
    <ele>28.9</ele>
    <time>2020-07-28T12:18:33Z</time>
   </trkpt>
   <trkpt lat="51.0638650" lon="-0.5320810">
    <ele>28.9</ele>
    <time>2020-07-28T12:18:35Z</time>
   </trkpt>
   <trkpt lat="51.0638780" lon="-0.5322490">
    <ele>29.0</ele>
    <time>2020-07-28T12:18:37Z</time>
   </trkpt>
   <trkpt lat="51.0638790" lon="-0.5323320">
    <ele>29.1</ele>
    <time>2020-07-28T12:18:38Z</time>
   </trkpt>
   <trkpt lat="51.0638690" lon="-0.5324160">
    <ele>29.1</ele>
    <time>2020-07-28T12:18:39Z</time>
   </trkpt>
   <trkpt lat="51.0638510" lon="-0.5325840">
    <ele>29.2</ele>
    <time>2020-07-28T12:18:41Z</time>
   </trkpt>
   <trkpt lat="51.0638440" lon="-0.5326720">
    <ele>29.3</ele>
    <time>2020-07-28T12:18:42Z</time>
   </trkpt>
   <trkpt lat="51.0638360" lon="-0.5327590">
    <ele>29.3</ele>
    <time>2020-07-28T12:18:43Z</time>
   </trkpt>
   <trkpt lat="51.0638330" lon="-0.5329140">
    <ele>29.4</ele>
    <time>2020-07-28T12:18:45Z</time>
   </trkpt>
   <trkpt lat="51.0638350" lon="-0.5330010">
    <ele>29.4</ele>
    <time>2020-07-28T12:18:46Z</time>
   </trkpt>
   <trkpt lat="51.0638350" lon="-0.5330890">
    <ele>29.4</ele>
    <time>2020-07-28T12:18:47Z</time>
   </trkpt>
   <trkpt lat="51.0638740" lon="-0.5332530">
    <ele>29.3</ele>
    <time>2020-07-28T12:18:49Z</time>
   </trkpt>
   <trkpt lat="51.0638900" lon="-0.5334120">
    <ele>29.2</ele>
    <time>2020-07-28T12:18:51Z</time>
   </trkpt>
   <trkpt lat="51.0639230" lon="-0.5335960">
    <ele>29.0</ele>
    <time>2020-07-28T12:18:53Z</time>
   </trkpt>
   <trkpt lat="51.0639440" lon="-0.5336860">
    <ele>28.9</ele>
    <time>2020-07-28T12:18:54Z</time>
   </trkpt>
   <trkpt lat="51.0640020" lon="-0.5338580">
    <ele>28.7</ele>
    <time>2020-07-28T12:18:56Z</time>
   </trkpt>
   <trkpt lat="51.0640300" lon="-0.5339560">
    <ele>28.7</ele>
    <time>2020-07-28T12:18:57Z</time>
   </trkpt>
   <trkpt lat="51.0640780" lon="-0.5341380">
    <ele>28.6</ele>
    <time>2020-07-28T12:18:59Z</time>
   </trkpt>
   <trkpt lat="51.0641380" lon="-0.5342940">
    <ele>28.6</ele>
    <time>2020-07-28T12:19:01Z</time>
   </trkpt>
   <trkpt lat="51.0641560" lon="-0.5343750">
    <ele>28.5</ele>
    <time>2020-07-28T12:19:02Z</time>
   </trkpt>
   <trkpt lat="51.0641810" lon="-0.5344670">
    <ele>28.5</ele>
    <time>2020-07-28T12:19:03Z</time>
   </trkpt>
   <trkpt lat="51.0642350" lon="-0.5346470">
    <ele>28.6</ele>
    <time>2020-07-28T12:19:05Z</time>
   </trkpt>
   <trkpt lat="51.0642630" lon="-0.5347280">
    <ele>28.8</ele>
    <time>2020-07-28T12:19:06Z</time>
   </trkpt>
   <trkpt lat="51.0642960" lon="-0.5348000">
    <ele>29.0</ele>
    <time>2020-07-28T12:19:07Z</time>
   </trkpt>
   <trkpt lat="51.0643490" lon="-0.5349470">
    <ele>29.4</ele>
    <time>2020-07-28T12:19:09Z</time>
   </trkpt>
   <trkpt lat="51.0644180" lon="-0.5351080">
    <ele>29.6</ele>
    <time>2020-07-28T12:19:11Z</time>
   </trkpt>
   <trkpt lat="51.0644540" lon="-0.5351960">
    <ele>29.7</ele>
    <time>2020-07-28T12:19:12Z</time>
   </trkpt>
   <trkpt lat="51.0644910" lon="-0.5352800">
    <ele>29.8</ele>
    <time>2020-07-28T12:19:13Z</time>
   </trkpt>
   <trkpt lat="51.0645640" lon="-0.5354350">
    <ele>30.1</ele>
    <time>2020-07-28T12:19:15Z</time>
   </trkpt>
   <trkpt lat="51.0646000" lon="-0.5355160">
    <ele>30.3</ele>
    <time>2020-07-28T12:19:16Z</time>
   </trkpt>
   <trkpt lat="51.0646760" lon="-0.5356650">
    <ele>30.7</ele>
    <time>2020-07-28T12:19:18Z</time>
   </trkpt>
   <trkpt lat="51.0647070" lon="-0.5357410">
    <ele>31.0</ele>
    <time>2020-07-28T12:19:19Z</time>
   </trkpt>
   <trkpt lat="51.0647630" lon="-0.5358980">
    <ele>31.5</ele>
    <time>2020-07-28T12:19:21Z</time>
   </trkpt>
   <trkpt lat="51.0647900" lon="-0.5359770">
    <ele>31.7</ele>
    <time>2020-07-28T12:19:22Z</time>
   </trkpt>
   <trkpt lat="51.0648150" lon="-0.5360540">
    <ele>31.8</ele>
    <time>2020-07-28T12:19:23Z</time>
   </trkpt>
   <trkpt lat="51.0648360" lon="-0.5361330">
    <ele>31.6</ele>
    <time>2020-07-28T12:19:24Z</time>
   </trkpt>
   <trkpt lat="51.0648790" lon="-0.5362900">
    <ele>31.2</ele>
    <time>2020-07-28T12:19:26Z</time>
   </trkpt>
   <trkpt lat="51.0649100" lon="-0.5364440">
    <ele>31.1</ele>
    <time>2020-07-28T12:19:28Z</time>
   </trkpt>
   <trkpt lat="51.0649230" lon="-0.5365270">
    <ele>31.0</ele>
    <time>2020-07-28T12:19:29Z</time>
   </trkpt>
   <trkpt lat="51.0649460" lon="-0.5366720">
    <ele>31.0</ele>
    <time>2020-07-28T12:19:31Z</time>
   </trkpt>
   <trkpt lat="51.0649730" lon="-0.5368120">
    <ele>31.1</ele>
    <time>2020-07-28T12:19:33Z</time>
   </trkpt>
   <trkpt lat="51.0649760" lon="-0.5369460">
    <ele>31.2</ele>
    <time>2020-07-28T12:19:35Z</time>
   </trkpt>
   <trkpt lat="51.0649790" lon="-0.5370420">
    <ele>31.3</ele>
    <time>2020-07-28T12:19:36Z</time>
   </trkpt>
   <trkpt lat="51.0649990" lon="-0.5372250">
    <ele>31.4</ele>
    <time>2020-07-28T12:19:38Z</time>
   </trkpt>
   <trkpt lat="51.0649940" lon="-0.5373030">
    <ele>31.5</ele>
    <time>2020-07-28T12:19:39Z</time>
   </trkpt>
   <trkpt lat="51.0649960" lon="-0.5374510">
    <ele>31.6</ele>
    <time>2020-07-28T12:19:41Z</time>
   </trkpt>
   <trkpt lat="51.0649980" lon="-0.5376200">
    <ele>31.7</ele>
    <time>2020-07-28T12:19:43Z</time>
   </trkpt>
   <trkpt lat="51.0649990" lon="-0.5376990">
    <ele>31.7</ele>
    <time>2020-07-28T12:19:44Z</time>
   </trkpt>
   <trkpt lat="51.0649960" lon="-0.5378810">
    <ele>31.8</ele>
    <time>2020-07-28T12:19:46Z</time>
   </trkpt>
   <trkpt lat="51.0649890" lon="-0.5379640">
    <ele>31.8</ele>
    <time>2020-07-28T12:19:47Z</time>
   </trkpt>
   <trkpt lat="51.0649900" lon="-0.5380500">
    <ele>31.8</ele>
    <time>2020-07-28T12:19:48Z</time>
   </trkpt>
   <trkpt lat="51.0649920" lon="-0.5381370">
    <ele>31.8</ele>
    <time>2020-07-28T12:19:49Z</time>
   </trkpt>
   <trkpt lat="51.0650130" lon="-0.5383080">
    <ele>31.9</ele>
    <time>2020-07-28T12:19:51Z</time>
   </trkpt>
   <trkpt lat="51.0650310" lon="-0.5383900">
    <ele>32.0</ele>
    <time>2020-07-28T12:19:52Z</time>
   </trkpt>
   <trkpt lat="51.0650570" lon="-0.5384720">
    <ele>32.1</ele>
    <time>2020-07-28T12:19:53Z</time>
   </trkpt>
   <trkpt lat="51.0651130" lon="-0.5386290">
    <ele>32.4</ele>
    <time>2020-07-28T12:19:55Z</time>
   </trkpt>
   <trkpt lat="51.0651420" lon="-0.5387030">
    <ele>32.5</ele>
    <time>2020-07-28T12:19:56Z</time>
   </trkpt>
   <trkpt lat="51.0652130" lon="-0.5388330">
    <ele>32.8</ele>
    <time>2020-07-28T12:19:58Z</time>
   </trkpt>
   <trkpt lat="51.0652510" lon="-0.5388900">
    <ele>32.9</ele>
    <time>2020-07-28T12:19:59Z</time>
   </trkpt>
   <trkpt lat="51.0652860" lon="-0.5389520">
    <ele>33.0</ele>
    <time>2020-07-28T12:20:00Z</time>
   </trkpt>
   <trkpt lat="51.0653210" lon="-0.5390140">
    <ele>33.1</ele>
    <time>2020-07-28T12:20:01Z</time>
   </trkpt>
   <trkpt lat="51.0653630" lon="-0.5390750">
    <ele>33.2</ele>
    <time>2020-07-28T12:20:02Z</time>
   </trkpt>
   <trkpt lat="51.0654390" lon="-0.5391940">
    <ele>33.5</ele>
    <time>2020-07-28T12:20:04Z</time>
   </trkpt>
   <trkpt lat="51.0654760" lon="-0.5392610">
    <ele>33.6</ele>
    <time>2020-07-28T12:20:05Z</time>
   </trkpt>
   <trkpt lat="51.0655140" lon="-0.5393290">
    <ele>33.7</ele>
    <time>2020-07-28T12:20:06Z</time>
   </trkpt>
   <trkpt lat="51.0655900" lon="-0.5394650">
    <ele>33.8</ele>
    <time>2020-07-28T12:20:08Z</time>
   </trkpt>
   <trkpt lat="51.0656660" lon="-0.5396120">
    <ele>33.6</ele>
    <time>2020-07-28T12:20:10Z</time>
   </trkpt>
   <trkpt lat="51.0657040" lon="-0.5396840">
    <ele>33.6</ele>
    <time>2020-07-28T12:20:11Z</time>
   </trkpt>
   <trkpt lat="51.0657420" lon="-0.5397560">
    <ele>33.5</ele>
    <time>2020-07-28T12:20:12Z</time>
   </trkpt>
   <trkpt lat="51.0658170" lon="-0.5399140">
    <ele>33.4</ele>
    <time>2020-07-28T12:20:14Z</time>
   </trkpt>
   <trkpt lat="51.0658520" lon="-0.5399910">
    <ele>33.4</ele>
    <time>2020-07-28T12:20:15Z</time>
   </trkpt>
   <trkpt lat="51.0659160" lon="-0.5401460">
    <ele>33.3</ele>
    <time>2020-07-28T12:20:17Z</time>
   </trkpt>
   <trkpt lat="51.0659820" lon="-0.5403030">
    <ele>33.2</ele>
    <time>2020-07-28T12:20:19Z</time>
   </trkpt>
   <trkpt lat="51.0660460" lon="-0.5404770">
    <ele>33.0</ele>
    <time>2020-07-28T12:20:21Z</time>
   </trkpt>
   <trkpt lat="51.0661080" lon="-0.5406560">
    <ele>32.8</ele>
    <time>2020-07-28T12:20:23Z</time>
   </trkpt>
   <trkpt lat="51.0661780" lon="-0.5408360">
    <ele>32.6</ele>
    <time>2020-07-28T12:20:25Z</time>
   </trkpt>
   <trkpt lat="51.0662500" lon="-0.5410140">
    <ele>32.4</ele>
    <time>2020-07-28T12:20:27Z</time>
   </trkpt>
   <trkpt lat="51.0662820" lon="-0.5411010">
    <ele>32.3</ele>
    <time>2020-07-28T12:20:28Z</time>
   </trkpt>
   <trkpt lat="51.0663160" lon="-0.5411800">
    <ele>32.1</ele>
    <time>2020-07-28T12:20:29Z</time>
   </trkpt>
   <trkpt lat="51.0663820" lon="-0.5413370">
    <ele>31.7</ele>
    <time>2020-07-28T12:20:31Z</time>
   </trkpt>
   <trkpt lat="51.0664560" lon="-0.5415000">
    <ele>31.3</ele>
    <time>2020-07-28T12:20:33Z</time>
   </trkpt>
   <trkpt lat="51.0664970" lon="-0.5415940">
    <ele>31.1</ele>
    <time>2020-07-28T12:20:34Z</time>
   </trkpt>
   <trkpt lat="51.0665350" lon="-0.5416900">
    <ele>31.0</ele>
    <time>2020-07-28T12:20:35Z</time>
   </trkpt>
   <trkpt lat="51.0665780" lon="-0.5417840">
    <ele>30.9</ele>
    <time>2020-07-28T12:20:36Z</time>
   </trkpt>
   <trkpt lat="51.0666180" lon="-0.5418650">
    <ele>30.8</ele>
    <time>2020-07-28T12:20:37Z</time>
   </trkpt>
   <trkpt lat="51.0667250" lon="-0.5420100">
    <ele>30.8</ele>
    <time>2020-07-28T12:20:39Z</time>
   </trkpt>
   <trkpt lat="51.0667870" lon="-0.5420750">
    <ele>30.6</ele>
    <time>2020-07-28T12:20:40Z</time>
   </trkpt>
   <trkpt lat="51.0668450" lon="-0.5421360">
    <ele>30.4</ele>
    <time>2020-07-28T12:20:41Z</time>
   </trkpt>
   <trkpt lat="51.0669060" lon="-0.5421990">
    <ele>30.3</ele>
    <time>2020-07-28T12:20:42Z</time>
   </trkpt>
   <trkpt lat="51.0669680" lon="-0.5422570">
    <ele>30.2</ele>
    <time>2020-07-28T12:20:43Z</time>
   </trkpt>
   <trkpt lat="51.0670810" lon="-0.5423980">
    <ele>30.2</ele>
    <time>2020-07-28T12:20:45Z</time>
   </trkpt>
   <trkpt lat="51.0671700" lon="-0.5425490">
    <ele>30.4</ele>
    <time>2020-07-28T12:20:47Z</time>
   </trkpt>
   <trkpt lat="51.0672100" lon="-0.5426270">
    <ele>30.5</ele>
    <time>2020-07-28T12:20:48Z</time>
   </trkpt>
   <trkpt lat="51.0672470" lon="-0.5427070">
    <ele>30.6</ele>
    <time>2020-07-28T12:20:49Z</time>
   </trkpt>
   <trkpt lat="51.0672840" lon="-0.5427800">
    <ele>30.7</ele>
    <time>2020-07-28T12:20:50Z</time>
   </trkpt>
   <trkpt lat="51.0673530" lon="-0.5429200">
    <ele>30.8</ele>
    <time>2020-07-28T12:20:52Z</time>
   </trkpt>
   <trkpt lat="51.0673870" lon="-0.5430000">
    <ele>30.8</ele>
    <time>2020-07-28T12:20:53Z</time>
   </trkpt>
   <trkpt lat="51.0674520" lon="-0.5431520">
    <ele>30.9</ele>
    <time>2020-07-28T12:20:55Z</time>
   </trkpt>
   <trkpt lat="51.0675300" lon="-0.5432740">
    <ele>31.0</ele>
    <time>2020-07-28T12:20:57Z</time>
   </trkpt>
   <trkpt lat="51.0676110" lon="-0.5434180">
    <ele>31.1</ele>
    <time>2020-07-28T12:20:59Z</time>
   </trkpt>
   <trkpt lat="51.0676380" lon="-0.5434790">
    <ele>31.2</ele>
    <time>2020-07-28T12:21:00Z</time>
   </trkpt>
   <trkpt lat="51.0676990" lon="-0.5435940">
    <ele>31.2</ele>
    <time>2020-07-28T12:21:02Z</time>
   </trkpt>
   <trkpt lat="51.0677440" lon="-0.5436510">
    <ele>31.2</ele>
    <time>2020-07-28T12:21:03Z</time>
   </trkpt>
   <trkpt lat="51.0678340" lon="-0.5437790">
    <ele>31.1</ele>
    <time>2020-07-28T12:21:05Z</time>
   </trkpt>
   <trkpt lat="51.0678710" lon="-0.5438330">
    <ele>31.0</ele>
    <time>2020-07-28T12:21:06Z</time>
   </trkpt>
   <trkpt lat="51.0679340" lon="-0.5438930">
    <ele>30.9</ele>
    <time>2020-07-28T12:21:08Z</time>
   </trkpt>
   <trkpt lat="51.0679810" lon="-0.5439420">
    <ele>30.9</ele>
    <time>2020-07-28T12:21:09Z</time>
   </trkpt>
   <trkpt lat="51.0681010" lon="-0.5440300">
    <ele>30.7</ele>
    <time>2020-07-28T12:21:11Z</time>
   </trkpt>
   <trkpt lat="51.0682190" lon="-0.5441010">
    <ele>30.5</ele>
    <time>2020-07-28T12:21:13Z</time>
   </trkpt>
   <trkpt lat="51.0683260" lon="-0.5442460">
    <ele>30.4</ele>
    <time>2020-07-28T12:21:15Z</time>
   </trkpt>
   <trkpt lat="51.0684120" lon="-0.5444040">
    <ele>30.5</ele>
    <time>2020-07-28T12:21:17Z</time>
   </trkpt>
   <trkpt lat="51.0684520" lon="-0.5444930">
    <ele>30.4</ele>
    <time>2020-07-28T12:21:18Z</time>
   </trkpt>
   <trkpt lat="51.0685190" lon="-0.5446670">
    <ele>30.3</ele>
    <time>2020-07-28T12:21:20Z</time>
   </trkpt>
   <trkpt lat="51.0685680" lon="-0.5448380">
    <ele>30.5</ele>
    <time>2020-07-28T12:21:22Z</time>
   </trkpt>
   <trkpt lat="51.0686000" lon="-0.5449200">
    <ele>30.6</ele>
    <time>2020-07-28T12:21:23Z</time>
   </trkpt>
   <trkpt lat="51.0686590" lon="-0.5450980">
    <ele>31.0</ele>
    <time>2020-07-28T12:21:25Z</time>
   </trkpt>
   <trkpt lat="51.0686870" lon="-0.5451830">
    <ele>31.2</ele>
    <time>2020-07-28T12:21:26Z</time>
   </trkpt>
   <trkpt lat="51.0687080" lon="-0.5452700">
    <ele>31.4</ele>
    <time>2020-07-28T12:21:27Z</time>
   </trkpt>
   <trkpt lat="51.0687270" lon="-0.5453550">
    <ele>31.7</ele>
    <time>2020-07-28T12:21:28Z</time>
   </trkpt>
   <trkpt lat="51.0687520" lon="-0.5454370">
    <ele>32.0</ele>
    <time>2020-07-28T12:21:29Z</time>
   </trkpt>
   <trkpt lat="51.0687870" lon="-0.5455830">
    <ele>32.5</ele>
    <time>2020-07-28T12:21:31Z</time>
   </trkpt>
   <trkpt lat="51.0688100" lon="-0.5456520">
    <ele>32.8</ele>
    <time>2020-07-28T12:21:32Z</time>
   </trkpt>
   <trkpt lat="51.0688300" lon="-0.5457250">
    <ele>33.1</ele>
    <time>2020-07-28T12:21:33Z</time>
   </trkpt>
   <trkpt lat="51.0688850" lon="-0.5458650">
    <ele>33.7</ele>
    <time>2020-07-28T12:21:35Z</time>
   </trkpt>
   <trkpt lat="51.0689000" lon="-0.5459080">
    <ele>33.9</ele>
    <time>2020-07-28T12:21:36Z</time>
   </trkpt>
   <trkpt lat="51.0689450" lon="-0.5460380">
    <ele>34.4</ele>
    <time>2020-07-28T12:21:38Z</time>
   </trkpt>
   <trkpt lat="51.0689870" lon="-0.5461430">
    <ele>34.9</ele>
    <time>2020-07-28T12:21:40Z</time>
   </trkpt>
   <trkpt lat="51.0690180" lon="-0.5462090">
    <ele>35.1</ele>
    <time>2020-07-28T12:21:41Z</time>
   </trkpt>
   <trkpt lat="51.0690380" lon="-0.5462590">
    <ele>35.3</ele>
    <time>2020-07-28T12:21:42Z</time>
   </trkpt>
   <trkpt lat="51.0690820" lon="-0.5463340">
    <ele>35.6</ele>
    <time>2020-07-28T12:21:43Z</time>
   </trkpt>
   <trkpt lat="51.0691500" lon="-0.5464050">
    <ele>35.9</ele>
    <time>2020-07-28T12:21:45Z</time>
   </trkpt>
   <trkpt lat="51.0691900" lon="-0.5464340">
    <ele>36.1</ele>
    <time>2020-07-28T12:21:46Z</time>
   </trkpt>
   <trkpt lat="51.0692530" lon="-0.5464970">
    <ele>36.3</ele>
    <time>2020-07-28T12:21:48Z</time>
   </trkpt>
   <trkpt lat="51.0692900" lon="-0.5465210">
    <ele>36.5</ele>
    <time>2020-07-28T12:21:49Z</time>
   </trkpt>
   <trkpt lat="51.0693570" lon="-0.5465820">
    <ele>36.7</ele>
    <time>2020-07-28T12:21:51Z</time>
   </trkpt>
   <trkpt lat="51.0694140" lon="-0.5466370">
    <ele>36.8</ele>
    <time>2020-07-28T12:21:52Z</time>
   </trkpt>
   <trkpt lat="51.0694730" lon="-0.5466780">
    <ele>36.9</ele>
    <time>2020-07-28T12:21:54Z</time>
   </trkpt>
   <trkpt lat="51.0695200" lon="-0.5467210">
    <ele>37.0</ele>
    <time>2020-07-28T12:21:55Z</time>
   </trkpt>
   <trkpt lat="51.0696150" lon="-0.5468010">
    <ele>37.1</ele>
    <time>2020-07-28T12:21:57Z</time>
   </trkpt>
   <trkpt lat="51.0696680" lon="-0.5468490">
    <ele>37.1</ele>
    <time>2020-07-28T12:21:59Z</time>
   </trkpt>
   <trkpt lat="51.0697360" lon="-0.5469090">
    <ele>37.2</ele>
    <time>2020-07-28T12:22:00Z</time>
   </trkpt>
   <trkpt lat="51.0698220" lon="-0.5470110">
    <ele>37.4</ele>
    <time>2020-07-28T12:22:02Z</time>
   </trkpt>
   <trkpt lat="51.0698920" lon="-0.5471360">
    <ele>37.7</ele>
    <time>2020-07-28T12:22:04Z</time>
   </trkpt>
   <trkpt lat="51.0699130" lon="-0.5472120">
    <ele>37.7</ele>
    <time>2020-07-28T12:22:05Z</time>
   </trkpt>
   <trkpt lat="51.0699200" lon="-0.5472910">
    <ele>37.7</ele>
    <time>2020-07-28T12:22:06Z</time>
   </trkpt>
   <trkpt lat="51.0699220" lon="-0.5473710">
    <ele>37.8</ele>
    <time>2020-07-28T12:22:07Z</time>
   </trkpt>
   <trkpt lat="51.0699130" lon="-0.5474470">
    <ele>37.9</ele>
    <time>2020-07-28T12:22:08Z</time>
   </trkpt>
   <trkpt lat="51.0699000" lon="-0.5475970">
    <ele>38.1</ele>
    <time>2020-07-28T12:22:10Z</time>
   </trkpt>
   <trkpt lat="51.0698930" lon="-0.5476730">
    <ele>38.3</ele>
    <time>2020-07-28T12:22:11Z</time>
   </trkpt>
   <trkpt lat="51.0698770" lon="-0.5478080">
    <ele>38.6</ele>
    <time>2020-07-28T12:22:13Z</time>
   </trkpt>
   <trkpt lat="51.0698680" lon="-0.5479500">
    <ele>39.0</ele>
    <time>2020-07-28T12:22:15Z</time>
   </trkpt>
   <trkpt lat="51.0698440" lon="-0.5480770">
    <ele>39.5</ele>
    <time>2020-07-28T12:22:17Z</time>
   </trkpt>
   <trkpt lat="51.0698310" lon="-0.5481430">
    <ele>39.8</ele>
    <time>2020-07-28T12:22:18Z</time>
   </trkpt>
   <trkpt lat="51.0697880" lon="-0.5483240">
    <ele>40.4</ele>
    <time>2020-07-28T12:22:20Z</time>
   </trkpt>
   <trkpt lat="51.0697520" lon="-0.5484720">
    <ele>41.0</ele>
    <time>2020-07-28T12:22:22Z</time>
   </trkpt>
   <trkpt lat="51.0697200" lon="-0.5485820">
    <ele>41.5</ele>
    <time>2020-07-28T12:22:24Z</time>
   </trkpt>
   <trkpt lat="51.0697040" lon="-0.5486310">
    <ele>41.7</ele>
    <time>2020-07-28T12:22:25Z</time>
   </trkpt>
   <trkpt lat="51.0696710" lon="-0.5487710">
    <ele>42.4</ele>
    <time>2020-07-28T12:22:27Z</time>
   </trkpt>
   <trkpt lat="51.0696510" lon="-0.5488430">
    <ele>42.7</ele>
    <time>2020-07-28T12:22:28Z</time>
   </trkpt>
   <trkpt lat="51.0696090" lon="-0.5489830">
    <ele>43.3</ele>
    <time>2020-07-28T12:22:30Z</time>
   </trkpt>
   <trkpt lat="51.0695680" lon="-0.5491180">
    <ele>43.9</ele>
    <time>2020-07-28T12:22:32Z</time>
   </trkpt>
   <trkpt lat="51.0695430" lon="-0.5491900">
    <ele>44.3</ele>
    <time>2020-07-28T12:22:33Z</time>
   </trkpt>
   <trkpt lat="51.0695010" lon="-0.5493400">
    <ele>45.1</ele>
    <time>2020-07-28T12:22:35Z</time>
   </trkpt>
   <trkpt lat="51.0694670" lon="-0.5494890">
    <ele>46.0</ele>
    <time>2020-07-28T12:22:37Z</time>
   </trkpt>
   <trkpt lat="51.0694510" lon="-0.5495570">
    <ele>46.4</ele>
    <time>2020-07-28T12:22:38Z</time>
   </trkpt>
   <trkpt lat="51.0694350" lon="-0.5496220">
    <ele>46.8</ele>
    <time>2020-07-28T12:22:39Z</time>
   </trkpt>
   <trkpt lat="51.0694110" lon="-0.5497200">
    <ele>47.6</ele>
    <time>2020-07-28T12:22:41Z</time>
   </trkpt>
   <trkpt lat="51.0693740" lon="-0.5498360">
    <ele>48.5</ele>
    <time>2020-07-28T12:22:43Z</time>
   </trkpt>
   <trkpt lat="51.0693340" lon="-0.5499370">
    <ele>49.3</ele>
    <time>2020-07-28T12:22:45Z</time>
   </trkpt>
   <trkpt lat="51.0693230" lon="-0.5500030">
    <ele>49.8</ele>
    <time>2020-07-28T12:22:46Z</time>
   </trkpt>
   <trkpt lat="51.0693460" lon="-0.5500460">
    <ele>50.1</ele>
    <time>2020-07-28T12:22:47Z</time>
   </trkpt>
   <trkpt lat="51.0693070" lon="-0.5501260">
    <ele>50.7</ele>
    <time>2020-07-28T12:22:49Z</time>
   </trkpt>
   <trkpt lat="51.0692540" lon="-0.5502050">
    <ele>51.4</ele>
    <time>2020-07-28T12:22:51Z</time>
   </trkpt>
   <trkpt lat="51.0692120" lon="-0.5502750">
    <ele>51.8</ele>
    <time>2020-07-28T12:22:52Z</time>
   </trkpt>
   <trkpt lat="51.0691870" lon="-0.5503270">
    <ele>52.1</ele>
    <time>2020-07-28T12:22:53Z</time>
   </trkpt>
   <trkpt lat="51.0691520" lon="-0.5503880">
    <ele>52.5</ele>
    <time>2020-07-28T12:22:55Z</time>
   </trkpt>
   <trkpt lat="51.0691180" lon="-0.5504520">
    <ele>52.8</ele>
    <time>2020-07-28T12:22:56Z</time>
   </trkpt>
   <trkpt lat="51.0690940" lon="-0.5504940">
    <ele>53.0</ele>
    <time>2020-07-28T12:22:57Z</time>
   </trkpt>
   <trkpt lat="51.0690460" lon="-0.5506010">
    <ele>53.5</ele>
    <time>2020-07-28T12:22:59Z</time>
   </trkpt>
   <trkpt lat="51.0690210" lon="-0.5506620">
    <ele>53.8</ele>
    <time>2020-07-28T12:23:00Z</time>
   </trkpt>
   <trkpt lat="51.0689920" lon="-0.5506870">
    <ele>54.0</ele>
    <time>2020-07-28T12:23:02Z</time>
   </trkpt>
   <trkpt lat="51.0689860" lon="-0.5507170">
    <ele>54.1</ele>
    <time>2020-07-28T12:23:03Z</time>
   </trkpt>
   <trkpt lat="51.0689570" lon="-0.5508160">
    <ele>54.4</ele>
    <time>2020-07-28T12:23:05Z</time>
   </trkpt>
   <trkpt lat="51.0689330" lon="-0.5508870">
    <ele>54.7</ele>
    <time>2020-07-28T12:23:06Z</time>
   </trkpt>
   <trkpt lat="51.0689010" lon="-0.5510030">
    <ele>55.0</ele>
    <time>2020-07-28T12:23:08Z</time>
   </trkpt>
   <trkpt lat="51.0688850" lon="-0.5510490">
    <ele>55.1</ele>
    <time>2020-07-28T12:23:09Z</time>
   </trkpt>
   <trkpt lat="51.0688650" lon="-0.5510910">
    <ele>55.3</ele>
    <time>2020-07-28T12:23:11Z</time>
   </trkpt>
   <trkpt lat="51.0688530" lon="-0.5511270">
    <ele>55.4</ele>
    <time>2020-07-28T12:23:12Z</time>
   </trkpt>
   <trkpt lat="51.0688300" lon="-0.5511780">
    <ele>55.5</ele>
    <time>2020-07-28T12:23:14Z</time>
   </trkpt>
   <trkpt lat="51.0688080" lon="-0.5512310">
    <ele>55.6</ele>
    <time>2020-07-28T12:23:15Z</time>
   </trkpt>
   <trkpt lat="51.0687920" lon="-0.5512880">
    <ele>55.7</ele>
    <time>2020-07-28T12:23:17Z</time>
   </trkpt>
   <trkpt lat="51.0687780" lon="-0.5513300">
    <ele>55.8</ele>
    <time>2020-07-28T12:23:18Z</time>
   </trkpt>
   <trkpt lat="51.0687480" lon="-0.5514180">
    <ele>55.9</ele>
    <time>2020-07-28T12:23:20Z</time>
   </trkpt>
   <trkpt lat="51.0687300" lon="-0.5514980">
    <ele>56.0</ele>
    <time>2020-07-28T12:23:21Z</time>
   </trkpt>
   <trkpt lat="51.0687140" lon="-0.5515640">
    <ele>56.0</ele>
    <time>2020-07-28T12:23:23Z</time>
   </trkpt>
   <trkpt lat="51.0686980" lon="-0.5516420">
    <ele>56.0</ele>
    <time>2020-07-28T12:23:24Z</time>
   </trkpt>
   <trkpt lat="51.0686850" lon="-0.5517060">
    <ele>56.0</ele>
    <time>2020-07-28T12:23:25Z</time>
   </trkpt>
   <trkpt lat="51.0686650" lon="-0.5517840">
    <ele>55.9</ele>
    <time>2020-07-28T12:23:27Z</time>
   </trkpt>
   <trkpt lat="51.0686550" lon="-0.5518370">
    <ele>55.9</ele>
    <time>2020-07-28T12:23:28Z</time>
   </trkpt>
   <trkpt lat="51.0686360" lon="-0.5519260">
    <ele>55.9</ele>
    <time>2020-07-28T12:23:30Z</time>
   </trkpt>
   <trkpt lat="51.0686220" lon="-0.5520000">
    <ele>55.9</ele>
    <time>2020-07-28T12:23:31Z</time>
   </trkpt>
   <trkpt lat="51.0686130" lon="-0.5520990">
    <ele>55.9</ele>
    <time>2020-07-28T12:23:32Z</time>
   </trkpt>
   <trkpt lat="51.0686050" lon="-0.5521690">
    <ele>55.9</ele>
    <time>2020-07-28T12:23:34Z</time>
   </trkpt>
   <trkpt lat="51.0686020" lon="-0.5521980">
    <ele>55.9</ele>
    <time>2020-07-28T12:23:35Z</time>
   </trkpt>
   <trkpt lat="51.0685940" lon="-0.5522670">
    <ele>56.0</ele>
    <time>2020-07-28T12:23:36Z</time>
   </trkpt>
   <trkpt lat="51.0685850" lon="-0.5523580">
    <ele>56.0</ele>
    <time>2020-07-28T12:23:37Z</time>
   </trkpt>
   <trkpt lat="51.0685770" lon="-0.5524390">
    <ele>56.1</ele>
    <time>2020-07-28T12:23:38Z</time>
   </trkpt>
   <trkpt lat="51.0685690" lon="-0.5525170">
    <ele>56.1</ele>
    <time>2020-07-28T12:23:39Z</time>
   </trkpt>
   <trkpt lat="51.0685610" lon="-0.5526080">
    <ele>56.1</ele>
    <time>2020-07-28T12:23:41Z</time>
   </trkpt>
   <trkpt lat="51.0685470" lon="-0.5528040">
    <ele>56.1</ele>
    <time>2020-07-28T12:23:43Z</time>
   </trkpt>
   <trkpt lat="51.0685410" lon="-0.5528820">
    <ele>56.1</ele>
    <time>2020-07-28T12:23:44Z</time>
   </trkpt>
   <trkpt lat="51.0685430" lon="-0.5529430">
    <ele>56.1</ele>
    <time>2020-07-28T12:23:45Z</time>
   </trkpt>
   <trkpt lat="51.0685410" lon="-0.5530140">
    <ele>56.1</ele>
    <time>2020-07-28T12:23:46Z</time>
   </trkpt>
   <trkpt lat="51.0685380" lon="-0.5531150">
    <ele>56.2</ele>
    <time>2020-07-28T12:23:48Z</time>
   </trkpt>
   <trkpt lat="51.0685370" lon="-0.5532920">
    <ele>56.3</ele>
    <time>2020-07-28T12:23:50Z</time>
   </trkpt>
   <trkpt lat="51.0685400" lon="-0.5533750">
    <ele>56.4</ele>
    <time>2020-07-28T12:23:51Z</time>
   </trkpt>
   <trkpt lat="51.0685460" lon="-0.5535330">
    <ele>56.6</ele>
    <time>2020-07-28T12:23:53Z</time>
   </trkpt>
   <trkpt lat="51.0685600" lon="-0.5536870">
    <ele>56.8</ele>
    <time>2020-07-28T12:23:55Z</time>
   </trkpt>
   <trkpt lat="51.0685680" lon="-0.5538280">
    <ele>57.0</ele>
    <time>2020-07-28T12:23:57Z</time>
   </trkpt>
   <trkpt lat="51.0685730" lon="-0.5539000">
    <ele>57.1</ele>
    <time>2020-07-28T12:23:58Z</time>
   </trkpt>
   <trkpt lat="51.0685890" lon="-0.5540390">
    <ele>57.4</ele>
    <time>2020-07-28T12:24:00Z</time>
   </trkpt>
   <trkpt lat="51.0686020" lon="-0.5541060">
    <ele>57.5</ele>
    <time>2020-07-28T12:24:01Z</time>
   </trkpt>
   <trkpt lat="51.0686130" lon="-0.5541720">
    <ele>57.6</ele>
    <time>2020-07-28T12:24:02Z</time>
   </trkpt>
   <trkpt lat="51.0686280" lon="-0.5542350">
    <ele>57.7</ele>
    <time>2020-07-28T12:24:03Z</time>
   </trkpt>
   <trkpt lat="51.0686390" lon="-0.5542990">
    <ele>57.8</ele>
    <time>2020-07-28T12:24:04Z</time>
   </trkpt>
   <trkpt lat="51.0686660" lon="-0.5544310">
    <ele>58.0</ele>
    <time>2020-07-28T12:24:06Z</time>
   </trkpt>
   <trkpt lat="51.0686840" lon="-0.5545620">
    <ele>58.2</ele>
    <time>2020-07-28T12:24:08Z</time>
   </trkpt>
   <trkpt lat="51.0687110" lon="-0.5546920">
    <ele>58.3</ele>
    <time>2020-07-28T12:24:10Z</time>
   </trkpt>
   <trkpt lat="51.0687210" lon="-0.5547600">
    <ele>58.4</ele>
    <time>2020-07-28T12:24:11Z</time>
   </trkpt>
   <trkpt lat="51.0687310" lon="-0.5548250">
    <ele>58.4</ele>
    <time>2020-07-28T12:24:12Z</time>
   </trkpt>
   <trkpt lat="51.0687460" lon="-0.5549220">
    <ele>58.4</ele>
    <time>2020-07-28T12:24:14Z</time>
   </trkpt>
   <trkpt lat="51.0687540" lon="-0.5549810">
    <ele>58.4</ele>
    <time>2020-07-28T12:24:15Z</time>
   </trkpt>
   <trkpt lat="51.0687710" lon="-0.5550930">
    <ele>58.4</ele>
    <time>2020-07-28T12:24:17Z</time>
   </trkpt>
   <trkpt lat="51.0687840" lon="-0.5551580">
    <ele>58.3</ele>
    <time>2020-07-28T12:24:18Z</time>
   </trkpt>
   <trkpt lat="51.0688040" lon="-0.5552380">
    <ele>58.3</ele>
    <time>2020-07-28T12:24:20Z</time>
   </trkpt>
   <trkpt lat="51.0688090" lon="-0.5552320">
    <ele>58.3</ele>
    <time>2020-07-28T12:24:21Z</time>
   </trkpt>
   <trkpt lat="51.0688280" lon="-0.5553840">
    <ele>58.2</ele>
    <time>2020-07-28T12:24:23Z</time>
   </trkpt>
   <trkpt lat="51.0688570" lon="-0.5555800">
    <ele>57.9</ele>
    <time>2020-07-28T12:24:25Z</time>
   </trkpt>
   <trkpt lat="51.0688730" lon="-0.5556790">
    <ele>57.8</ele>
    <time>2020-07-28T12:24:26Z</time>
   </trkpt>
   <trkpt lat="51.0688970" lon="-0.5558680">
    <ele>57.5</ele>
    <time>2020-07-28T12:24:28Z</time>
   </trkpt>
   <trkpt lat="51.0689300" lon="-0.5560560">
    <ele>57.1</ele>
    <time>2020-07-28T12:24:30Z</time>
   </trkpt>
   <trkpt lat="51.0689470" lon="-0.5561530">
    <ele>56.8</ele>
    <time>2020-07-28T12:24:31Z</time>
   </trkpt>
   <trkpt lat="51.0689600" lon="-0.5562560">
    <ele>56.4</ele>
    <time>2020-07-28T12:24:32Z</time>
   </trkpt>
   <trkpt lat="51.0689770" lon="-0.5564760">
    <ele>55.4</ele>
    <time>2020-07-28T12:24:34Z</time>
   </trkpt>
   <trkpt lat="51.0689870" lon="-0.5567130">
    <ele>54.2</ele>
    <time>2020-07-28T12:24:36Z</time>
   </trkpt>
   <trkpt lat="51.0689890" lon="-0.5568360">
    <ele>53.6</ele>
    <time>2020-07-28T12:24:37Z</time>
   </trkpt>
   <trkpt lat="51.0689940" lon="-0.5570960">
    <ele>52.3</ele>
    <time>2020-07-28T12:24:39Z</time>
   </trkpt>
   <trkpt lat="51.0689810" lon="-0.5572370">
    <ele>51.8</ele>
    <time>2020-07-28T12:24:40Z</time>
   </trkpt>
   <trkpt lat="51.0689520" lon="-0.5575260">
    <ele>51.0</ele>
    <time>2020-07-28T12:24:42Z</time>
   </trkpt>
   <trkpt lat="51.0689370" lon="-0.5576690">
    <ele>50.8</ele>
    <time>2020-07-28T12:24:43Z</time>
   </trkpt>
   <trkpt lat="51.0689200" lon="-0.5578040">
    <ele>50.8</ele>
    <time>2020-07-28T12:24:44Z</time>
   </trkpt>
   <trkpt lat="51.0688850" lon="-0.5580400">
    <ele>51.2</ele>
    <time>2020-07-28T12:24:46Z</time>
   </trkpt>
   <trkpt lat="51.0688420" lon="-0.5582530">
    <ele>51.9</ele>
    <time>2020-07-28T12:24:48Z</time>
   </trkpt>
   <trkpt lat="51.0688220" lon="-0.5583480">
    <ele>52.3</ele>
    <time>2020-07-28T12:24:49Z</time>
   </trkpt>
   <trkpt lat="51.0687970" lon="-0.5585370">
    <ele>52.8</ele>
    <time>2020-07-28T12:24:51Z</time>
   </trkpt>
   <trkpt lat="51.0687960" lon="-0.5586330">
    <ele>53.1</ele>
    <time>2020-07-28T12:24:52Z</time>
   </trkpt>
   <trkpt lat="51.0687850" lon="-0.5587210">
    <ele>53.3</ele>
    <time>2020-07-28T12:24:53Z</time>
   </trkpt>
   <trkpt lat="51.0687760" lon="-0.5589010">
    <ele>53.8</ele>
    <time>2020-07-28T12:24:55Z</time>
   </trkpt>
   <trkpt lat="51.0687720" lon="-0.5589820">
    <ele>54.1</ele>
    <time>2020-07-28T12:24:56Z</time>
   </trkpt>
   <trkpt lat="51.0687720" lon="-0.5590700">
    <ele>54.3</ele>
    <time>2020-07-28T12:24:57Z</time>
   </trkpt>
   <trkpt lat="51.0687630" lon="-0.5592310">
    <ele>54.7</ele>
    <time>2020-07-28T12:24:59Z</time>
   </trkpt>
   <trkpt lat="51.0687560" lon="-0.5593070">
    <ele>54.9</ele>
    <time>2020-07-28T12:25:00Z</time>
   </trkpt>
   <trkpt lat="51.0687560" lon="-0.5593870">
    <ele>55.2</ele>
    <time>2020-07-28T12:25:01Z</time>
   </trkpt>
   <trkpt lat="51.0687550" lon="-0.5595410">
    <ele>55.6</ele>
    <time>2020-07-28T12:25:03Z</time>
   </trkpt>
   <trkpt lat="51.0687610" lon="-0.5596070">
    <ele>55.8</ele>
    <time>2020-07-28T12:25:04Z</time>
   </trkpt>
   <trkpt lat="51.0687750" lon="-0.5597590">
    <ele>56.1</ele>
    <time>2020-07-28T12:25:06Z</time>
   </trkpt>
   <trkpt lat="51.0688030" lon="-0.5598910">
    <ele>56.5</ele>
    <time>2020-07-28T12:25:08Z</time>
   </trkpt>
   <trkpt lat="51.0688280" lon="-0.5600340">
    <ele>56.9</ele>
    <time>2020-07-28T12:25:10Z</time>
   </trkpt>
   <trkpt lat="51.0688380" lon="-0.5601190">
    <ele>57.2</ele>
    <time>2020-07-28T12:25:11Z</time>
   </trkpt>
   <trkpt lat="51.0688680" lon="-0.5602730">
    <ele>57.5</ele>
    <time>2020-07-28T12:25:13Z</time>
   </trkpt>
   <trkpt lat="51.0688920" lon="-0.5604210">
    <ele>57.8</ele>
    <time>2020-07-28T12:25:15Z</time>
   </trkpt>
   <trkpt lat="51.0689170" lon="-0.5605760">
    <ele>58.1</ele>
    <time>2020-07-28T12:25:17Z</time>
   </trkpt>
   <trkpt lat="51.0689270" lon="-0.5606500">
    <ele>58.3</ele>
    <time>2020-07-28T12:25:18Z</time>
   </trkpt>
   <trkpt lat="51.0689390" lon="-0.5608030">
    <ele>58.7</ele>
    <time>2020-07-28T12:25:20Z</time>
   </trkpt>
   <trkpt lat="51.0689390" lon="-0.5609650">
    <ele>59.1</ele>
    <time>2020-07-28T12:25:22Z</time>
   </trkpt>
   <trkpt lat="51.0689160" lon="-0.5611250">
    <ele>59.6</ele>
    <time>2020-07-28T12:25:24Z</time>
   </trkpt>
   <trkpt lat="51.0688840" lon="-0.5612440">
    <ele>60.1</ele>
    <time>2020-07-28T12:25:26Z</time>
   </trkpt>
   <trkpt lat="51.0688670" lon="-0.5612980">
    <ele>60.3</ele>
    <time>2020-07-28T12:25:27Z</time>
   </trkpt>
   <trkpt lat="51.0688470" lon="-0.5613480">
    <ele>60.5</ele>
    <time>2020-07-28T12:25:28Z</time>
   </trkpt>
   <trkpt lat="51.0688210" lon="-0.5614170">
    <ele>60.7</ele>
    <time>2020-07-28T12:25:29Z</time>
   </trkpt>
   <trkpt lat="51.0687790" lon="-0.5615290">
    <ele>61.2</ele>
    <time>2020-07-28T12:25:31Z</time>
   </trkpt>
   <trkpt lat="51.0687550" lon="-0.5615940">
    <ele>61.4</ele>
    <time>2020-07-28T12:25:32Z</time>
   </trkpt>
   <trkpt lat="51.0687050" lon="-0.5616840">
    <ele>61.8</ele>
    <time>2020-07-28T12:25:34Z</time>
   </trkpt>
   <trkpt lat="51.0686880" lon="-0.5617390">
    <ele>62.1</ele>
    <time>2020-07-28T12:25:35Z</time>
   </trkpt>
   <trkpt lat="51.0686590" lon="-0.5617930">
    <ele>62.3</ele>
    <time>2020-07-28T12:25:36Z</time>
   </trkpt>
   <trkpt lat="51.0686400" lon="-0.5618520">
    <ele>62.6</ele>
    <time>2020-07-28T12:25:37Z</time>
   </trkpt>
   <trkpt lat="51.0686120" lon="-0.5619220">
    <ele>62.9</ele>
    <time>2020-07-28T12:25:38Z</time>
   </trkpt>
   <trkpt lat="51.0685510" lon="-0.5620520">
    <ele>63.4</ele>
    <time>2020-07-28T12:25:40Z</time>
   </trkpt>
   <trkpt lat="51.0684920" lon="-0.5621770">
    <ele>64.0</ele>
    <time>2020-07-28T12:25:42Z</time>
   </trkpt>
   <trkpt lat="51.0684630" lon="-0.5622370">
    <ele>64.2</ele>
    <time>2020-07-28T12:25:43Z</time>
   </trkpt>
   <trkpt lat="51.0684130" lon="-0.5623620">
    <ele>64.7</ele>
    <time>2020-07-28T12:25:45Z</time>
   </trkpt>
   <trkpt lat="51.0683920" lon="-0.5624240">
    <ele>64.9</ele>
    <time>2020-07-28T12:25:46Z</time>
   </trkpt>
   <trkpt lat="51.0683700" lon="-0.5624860">
    <ele>65.1</ele>
    <time>2020-07-28T12:25:47Z</time>
   </trkpt>
   <trkpt lat="51.0683520" lon="-0.5625480">
    <ele>65.3</ele>
    <time>2020-07-28T12:25:48Z</time>
   </trkpt>
   <trkpt lat="51.0683310" lon="-0.5626380">
    <ele>65.5</ele>
    <time>2020-07-28T12:25:50Z</time>
   </trkpt>
   <trkpt lat="51.0683180" lon="-0.5627040">
    <ele>65.7</ele>
    <time>2020-07-28T12:25:51Z</time>
   </trkpt>
   <trkpt lat="51.0683050" lon="-0.5627830">
    <ele>65.9</ele>
    <time>2020-07-28T12:25:52Z</time>
   </trkpt>
   <trkpt lat="51.0682830" lon="-0.5629350">
    <ele>66.3</ele>
    <time>2020-07-28T12:25:54Z</time>
   </trkpt>
   <trkpt lat="51.0682750" lon="-0.5630160">
    <ele>66.6</ele>
    <time>2020-07-28T12:25:55Z</time>
   </trkpt>
   <trkpt lat="51.0682670" lon="-0.5631760">
    <ele>67.0</ele>
    <time>2020-07-28T12:25:57Z</time>
   </trkpt>
   <trkpt lat="51.0682680" lon="-0.5632590">
    <ele>67.2</ele>
    <time>2020-07-28T12:25:58Z</time>
   </trkpt>
   <trkpt lat="51.0682810" lon="-0.5633720">
    <ele>67.5</ele>
    <time>2020-07-28T12:26:00Z</time>
   </trkpt>
   <trkpt lat="51.0682960" lon="-0.5634260">
    <ele>67.6</ele>
    <time>2020-07-28T12:26:01Z</time>
   </trkpt>
   <trkpt lat="51.0682940" lon="-0.5634530">
    <ele>67.7</ele>
    <time>2020-07-28T12:26:02Z</time>
   </trkpt>
   <trkpt lat="51.0683010" lon="-0.5635330">
    <ele>67.8</ele>
    <time>2020-07-28T12:26:03Z</time>
   </trkpt>
   <trkpt lat="51.0683080" lon="-0.5636010">
    <ele>68.0</ele>
    <time>2020-07-28T12:26:05Z</time>
   </trkpt>
   <trkpt lat="51.0683130" lon="-0.5636980">
    <ele>68.1</ele>
    <time>2020-07-28T12:26:06Z</time>
   </trkpt>
   <trkpt lat="51.0683140" lon="-0.5637560">
    <ele>68.2</ele>
    <time>2020-07-28T12:26:08Z</time>
   </trkpt>
   <trkpt lat="51.0683130" lon="-0.5638280">
    <ele>68.4</ele>
    <time>2020-07-28T12:26:09Z</time>
   </trkpt>
   <trkpt lat="51.0683130" lon="-0.5638930">
    <ele>68.5</ele>
    <time>2020-07-28T12:26:10Z</time>
   </trkpt>
   <trkpt lat="51.0683090" lon="-0.5639600">
    <ele>68.6</ele>
    <time>2020-07-28T12:26:11Z</time>
   </trkpt>
   <trkpt lat="51.0683060" lon="-0.5640440">
    <ele>68.8</ele>
    <time>2020-07-28T12:26:12Z</time>
   </trkpt>
   <trkpt lat="51.0683050" lon="-0.5641450">
    <ele>69.0</ele>
    <time>2020-07-28T12:26:14Z</time>
   </trkpt>
   <trkpt lat="51.0683060" lon="-0.5642080">
    <ele>69.1</ele>
    <time>2020-07-28T12:26:15Z</time>
   </trkpt>
   <trkpt lat="51.0683070" lon="-0.5642670">
    <ele>69.2</ele>
    <time>2020-07-28T12:26:16Z</time>
   </trkpt>
   <trkpt lat="51.0683040" lon="-0.5643670">
    <ele>69.4</ele>
    <time>2020-07-28T12:26:17Z</time>
   </trkpt>
   <trkpt lat="51.0683060" lon="-0.5644570">
    <ele>69.7</ele>
    <time>2020-07-28T12:26:19Z</time>
   </trkpt>
   <trkpt lat="51.0683090" lon="-0.5645420">
    <ele>69.9</ele>
    <time>2020-07-28T12:26:20Z</time>
   </trkpt>
   <trkpt lat="51.0683160" lon="-0.5646240">
    <ele>70.0</ele>
    <time>2020-07-28T12:26:21Z</time>
   </trkpt>
   <trkpt lat="51.0683300" lon="-0.5647210">
    <ele>70.2</ele>
    <time>2020-07-28T12:26:23Z</time>
   </trkpt>
   <trkpt lat="51.0683410" lon="-0.5647910">
    <ele>70.5</ele>
    <time>2020-07-28T12:26:24Z</time>
   </trkpt>
   <trkpt lat="51.0683550" lon="-0.5648560">
    <ele>70.7</ele>
    <time>2020-07-28T12:26:25Z</time>
   </trkpt>
   <trkpt lat="51.0683750" lon="-0.5649330">
    <ele>71.0</ele>
    <time>2020-07-28T12:26:26Z</time>
   </trkpt>
   <trkpt lat="51.0683960" lon="-0.5649980">
    <ele>71.2</ele>
    <time>2020-07-28T12:26:28Z</time>
   </trkpt>
   <trkpt lat="51.0684280" lon="-0.5650760">
    <ele>71.4</ele>
    <time>2020-07-28T12:26:29Z</time>
   </trkpt>
   <trkpt lat="51.0684570" lon="-0.5651390">
    <ele>71.6</ele>
    <time>2020-07-28T12:26:31Z</time>
   </trkpt>
   <trkpt lat="51.0684820" lon="-0.5651820">
    <ele>71.8</ele>
    <time>2020-07-28T12:26:32Z</time>
   </trkpt>
   <trkpt lat="51.0685050" lon="-0.5652240">
    <ele>71.9</ele>
    <time>2020-07-28T12:26:33Z</time>
   </trkpt>
   <trkpt lat="51.0685290" lon="-0.5652750">
    <ele>72.1</ele>
    <time>2020-07-28T12:26:34Z</time>
   </trkpt>
   <trkpt lat="51.0685590" lon="-0.5653310">
    <ele>72.2</ele>
    <time>2020-07-28T12:26:35Z</time>
   </trkpt>
   <trkpt lat="51.0685800" lon="-0.5653680">
    <ele>72.4</ele>
    <time>2020-07-28T12:26:36Z</time>
   </trkpt>
   <trkpt lat="51.0686080" lon="-0.5654170">
    <ele>72.5</ele>
    <time>2020-07-28T12:26:38Z</time>
   </trkpt>
   <trkpt lat="51.0686300" lon="-0.5654580">
    <ele>72.6</ele>
    <time>2020-07-28T12:26:39Z</time>
   </trkpt>
   <trkpt lat="51.0686490" lon="-0.5654840">
    <ele>72.7</ele>
    <time>2020-07-28T12:26:40Z</time>
   </trkpt>
   <trkpt lat="51.0686710" lon="-0.5655130">
    <ele>72.7</ele>
    <time>2020-07-28T12:26:42Z</time>
   </trkpt>
   <trkpt lat="51.0687040" lon="-0.5655530">
    <ele>72.8</ele>
    <time>2020-07-28T12:26:44Z</time>
   </trkpt>
   <trkpt lat="51.0687230" lon="-0.5655770">
    <ele>72.9</ele>
    <time>2020-07-28T12:26:45Z</time>
   </trkpt>
   <trkpt lat="51.0687660" lon="-0.5656300">
    <ele>73.0</ele>
    <time>2020-07-28T12:26:47Z</time>
   </trkpt>
   <trkpt lat="51.0688500" lon="-0.5657270">
    <ele>73.1</ele>
    <time>2020-07-28T12:26:48Z</time>
   </trkpt>
   <trkpt lat="51.0689120" lon="-0.5658060">
    <ele>73.2</ele>
    <time>2020-07-28T12:26:50Z</time>
   </trkpt>
   <trkpt lat="51.0689480" lon="-0.5658430">
    <ele>73.2</ele>
    <time>2020-07-28T12:26:51Z</time>
   </trkpt>
   <trkpt lat="51.0690000" lon="-0.5658990">
    <ele>73.2</ele>
    <time>2020-07-28T12:26:52Z</time>
   </trkpt>
   <trkpt lat="51.0690360" lon="-0.5659340">
    <ele>73.2</ele>
    <time>2020-07-28T12:26:53Z</time>
   </trkpt>
   <trkpt lat="51.0690740" lon="-0.5659830">
    <ele>73.2</ele>
    <time>2020-07-28T12:26:54Z</time>
   </trkpt>
   <trkpt lat="51.0691120" lon="-0.5660390">
    <ele>73.2</ele>
    <time>2020-07-28T12:26:56Z</time>
   </trkpt>
   <trkpt lat="51.0691750" lon="-0.5661070">
    <ele>73.2</ele>
    <time>2020-07-28T12:26:58Z</time>
   </trkpt>
   <trkpt lat="51.0692130" lon="-0.5661810">
    <ele>73.2</ele>
    <time>2020-07-28T12:26:59Z</time>
   </trkpt>
   <trkpt lat="51.0692440" lon="-0.5662530">
    <ele>73.2</ele>
    <time>2020-07-28T12:27:01Z</time>
   </trkpt>
   <trkpt lat="51.0692580" lon="-0.5662940">
    <ele>73.1</ele>
    <time>2020-07-28T12:27:02Z</time>
   </trkpt>
   <trkpt lat="51.0692720" lon="-0.5663350">
    <ele>73.1</ele>
    <time>2020-07-28T12:27:03Z</time>
   </trkpt>
   <trkpt lat="51.0693010" lon="-0.5664400">
    <ele>73.1</ele>
    <time>2020-07-28T12:27:05Z</time>
   </trkpt>
   <trkpt lat="51.0693080" lon="-0.5665100">
    <ele>73.1</ele>
    <time>2020-07-28T12:27:06Z</time>
   </trkpt>
   <trkpt lat="51.0693190" lon="-0.5666040">
    <ele>73.1</ele>
    <time>2020-07-28T12:27:08Z</time>
   </trkpt>
   <trkpt lat="51.0693270" lon="-0.5666880">
    <ele>73.1</ele>
    <time>2020-07-28T12:27:09Z</time>
   </trkpt>
   <trkpt lat="51.0693330" lon="-0.5667640">
    <ele>73.1</ele>
    <time>2020-07-28T12:27:10Z</time>
   </trkpt>
   <trkpt lat="51.0693390" lon="-0.5668400">
    <ele>73.1</ele>
    <time>2020-07-28T12:27:11Z</time>
   </trkpt>
   <trkpt lat="51.0693470" lon="-0.5669630">
    <ele>73.0</ele>
    <time>2020-07-28T12:27:13Z</time>
   </trkpt>
   <trkpt lat="51.0693400" lon="-0.5670330">
    <ele>73.0</ele>
    <time>2020-07-28T12:27:14Z</time>
   </trkpt>
   <trkpt lat="51.0693420" lon="-0.5671220">
    <ele>73.1</ele>
    <time>2020-07-28T12:27:16Z</time>
   </trkpt>
   <trkpt lat="51.0693630" lon="-0.5672260">
    <ele>73.1</ele>
    <time>2020-07-28T12:27:17Z</time>
   </trkpt>
   <trkpt lat="51.0693710" lon="-0.5673020">
    <ele>73.2</ele>
    <time>2020-07-28T12:27:18Z</time>
   </trkpt>
   <trkpt lat="51.0693790" lon="-0.5673560">
    <ele>73.3</ele>
    <time>2020-07-28T12:27:19Z</time>
   </trkpt>
   <trkpt lat="51.0693830" lon="-0.5673920">
    <ele>73.3</ele>
    <time>2020-07-28T12:27:20Z</time>
   </trkpt>
   <trkpt lat="51.0693860" lon="-0.5675150">
    <ele>73.4</ele>
    <time>2020-07-28T12:27:22Z</time>
   </trkpt>
   <trkpt lat="51.0693890" lon="-0.5675950">
    <ele>73.6</ele>
    <time>2020-07-28T12:27:23Z</time>
   </trkpt>
   <trkpt lat="51.0693850" lon="-0.5676720">
    <ele>73.7</ele>
    <time>2020-07-28T12:27:24Z</time>
   </trkpt>
   <trkpt lat="51.0693880" lon="-0.5677480">
    <ele>73.8</ele>
    <time>2020-07-28T12:27:25Z</time>
   </trkpt>
   <trkpt lat="51.0694080" lon="-0.5678070">
    <ele>73.8</ele>
    <time>2020-07-28T12:27:26Z</time>
   </trkpt>
   <trkpt lat="51.0694560" lon="-0.5678550">
    <ele>73.7</ele>
    <time>2020-07-28T12:27:28Z</time>
   </trkpt>
   <trkpt lat="51.0694970" lon="-0.5678870">
    <ele>73.7</ele>
    <time>2020-07-28T12:27:29Z</time>
   </trkpt>
   <trkpt lat="51.0695520" lon="-0.5679320">
    <ele>73.6</ele>
    <time>2020-07-28T12:27:30Z</time>
   </trkpt>
   <trkpt lat="51.0695690" lon="-0.5679830">
    <ele>73.6</ele>
    <time>2020-07-28T12:27:32Z</time>
   </trkpt>
   <trkpt lat="51.0695770" lon="-0.5680390">
    <ele>73.6</ele>
    <time>2020-07-28T12:27:33Z</time>
   </trkpt>
   <trkpt lat="51.0695790" lon="-0.5680830">
    <ele>73.6</ele>
    <time>2020-07-28T12:27:34Z</time>
   </trkpt>
   <trkpt lat="51.0695720" lon="-0.5681820">
    <ele>73.5</ele>
    <time>2020-07-28T12:27:35Z</time>
   </trkpt>
   <trkpt lat="51.0695540" lon="-0.5683530">
    <ele>73.5</ele>
    <time>2020-07-28T12:27:37Z</time>
   </trkpt>
   <trkpt lat="51.0695430" lon="-0.5684500">
    <ele>73.5</ele>
    <time>2020-07-28T12:27:38Z</time>
   </trkpt>
   <trkpt lat="51.0695150" lon="-0.5686120">
    <ele>73.5</ele>
    <time>2020-07-28T12:27:40Z</time>
   </trkpt>
   <trkpt lat="51.0694980" lon="-0.5686820">
    <ele>73.6</ele>
    <time>2020-07-28T12:27:41Z</time>
   </trkpt>
   <trkpt lat="51.0694810" lon="-0.5688250">
    <ele>73.7</ele>
    <time>2020-07-28T12:27:43Z</time>
   </trkpt>
   <trkpt lat="51.0695040" lon="-0.5689110">
    <ele>73.8</ele>
    <time>2020-07-28T12:27:44Z</time>
   </trkpt>
   <trkpt lat="51.0694840" lon="-0.5690560">
    <ele>73.9</ele>
    <time>2020-07-28T12:27:46Z</time>
   </trkpt>
   <trkpt lat="51.0694780" lon="-0.5691290">
    <ele>74.0</ele>
    <time>2020-07-28T12:27:47Z</time>
   </trkpt>
   <trkpt lat="51.0694630" lon="-0.5692620">
    <ele>74.1</ele>
    <time>2020-07-28T12:27:48Z</time>
   </trkpt>
   <trkpt lat="51.0694540" lon="-0.5693690">
    <ele>74.1</ele>
    <time>2020-07-28T12:27:50Z</time>
   </trkpt>
   <trkpt lat="51.0694400" lon="-0.5694900">
    <ele>74.1</ele>
    <time>2020-07-28T12:27:51Z</time>
   </trkpt>
   <trkpt lat="51.0694150" lon="-0.5696760">
    <ele>74.0</ele>
    <time>2020-07-28T12:27:53Z</time>
   </trkpt>
   <trkpt lat="51.0694080" lon="-0.5697330">
    <ele>74.0</ele>
    <time>2020-07-28T12:27:54Z</time>
   </trkpt>
   <trkpt lat="51.0693960" lon="-0.5698200">
    <ele>73.8</ele>
    <time>2020-07-28T12:27:55Z</time>
   </trkpt>
   <trkpt lat="51.0693850" lon="-0.5699110">
    <ele>73.7</ele>
    <time>2020-07-28T12:27:56Z</time>
   </trkpt>
   <trkpt lat="51.0693550" lon="-0.5701340">
    <ele>73.6</ele>
    <time>2020-07-28T12:27:58Z</time>
   </trkpt>
   <trkpt lat="51.0693370" lon="-0.5702440">
    <ele>73.6</ele>
    <time>2020-07-28T12:27:59Z</time>
   </trkpt>
   <trkpt lat="51.0693210" lon="-0.5703440">
    <ele>73.6</ele>
    <time>2020-07-28T12:28:00Z</time>
   </trkpt>
   <trkpt lat="51.0693100" lon="-0.5704260">
    <ele>73.6</ele>
    <time>2020-07-28T12:28:01Z</time>
   </trkpt>
   <trkpt lat="51.0693110" lon="-0.5704320">
    <ele>73.6</ele>
    <time>2020-07-28T12:28:02Z</time>
   </trkpt>
   <trkpt lat="51.0693080" lon="-0.5704750">
    <ele>73.5</ele>
    <time>2020-07-28T12:28:03Z</time>
   </trkpt>
   <trkpt lat="51.0693000" lon="-0.5705320">
    <ele>73.5</ele>
    <time>2020-07-28T12:28:05Z</time>
   </trkpt>
   <trkpt lat="51.0692880" lon="-0.5706120">
    <ele>73.5</ele>
    <time>2020-07-28T12:28:06Z</time>
   </trkpt>
   <trkpt lat="51.0692780" lon="-0.5706920">
    <ele>73.5</ele>
    <time>2020-07-28T12:28:08Z</time>
   </trkpt>
   <trkpt lat="51.0692730" lon="-0.5707580">
    <ele>73.5</ele>
    <time>2020-07-28T12:28:09Z</time>
   </trkpt>
   <trkpt lat="51.0692530" lon="-0.5709010">
    <ele>73.5</ele>
    <time>2020-07-28T12:28:10Z</time>
   </trkpt>
   <trkpt lat="51.0692420" lon="-0.5710230">
    <ele>73.5</ele>
    <time>2020-07-28T12:28:11Z</time>
   </trkpt>
   <trkpt lat="51.0692330" lon="-0.5711230">
    <ele>73.6</ele>
    <time>2020-07-28T12:28:12Z</time>
   </trkpt>
   <trkpt lat="51.0692270" lon="-0.5712110">
    <ele>73.6</ele>
    <time>2020-07-28T12:28:13Z</time>
   </trkpt>
   <trkpt lat="51.0692300" lon="-0.5713650">
    <ele>73.5</ele>
    <time>2020-07-28T12:28:15Z</time>
   </trkpt>
   <trkpt lat="51.0692640" lon="-0.5715080">
    <ele>73.4</ele>
    <time>2020-07-28T12:28:17Z</time>
   </trkpt>
   <trkpt lat="51.0692950" lon="-0.5715710">
    <ele>73.4</ele>
    <time>2020-07-28T12:28:18Z</time>
   </trkpt>
   <trkpt lat="51.0693790" lon="-0.5716710">
    <ele>73.3</ele>
    <time>2020-07-28T12:28:20Z</time>
   </trkpt>
   <trkpt lat="51.0694830" lon="-0.5717460">
    <ele>73.1</ele>
    <time>2020-07-28T12:28:22Z</time>
   </trkpt>
   <trkpt lat="51.0695840" lon="-0.5718280">
    <ele>73.0</ele>
    <time>2020-07-28T12:28:24Z</time>
   </trkpt>
   <trkpt lat="51.0696860" lon="-0.5719040">
    <ele>72.8</ele>
    <time>2020-07-28T12:28:26Z</time>
   </trkpt>
   <trkpt lat="51.0697390" lon="-0.5719550">
    <ele>72.8</ele>
    <time>2020-07-28T12:28:27Z</time>
   </trkpt>
   <trkpt lat="51.0698200" lon="-0.5720840">
    <ele>72.7</ele>
    <time>2020-07-28T12:28:29Z</time>
   </trkpt>
   <trkpt lat="51.0698760" lon="-0.5722340">
    <ele>72.6</ele>
    <time>2020-07-28T12:28:31Z</time>
   </trkpt>
   <trkpt lat="51.0698970" lon="-0.5723120">
    <ele>72.6</ele>
    <time>2020-07-28T12:28:32Z</time>
   </trkpt>
   <trkpt lat="51.0699120" lon="-0.5724000">
    <ele>72.5</ele>
    <time>2020-07-28T12:28:33Z</time>
   </trkpt>
   <trkpt lat="51.0699340" lon="-0.5725770">
    <ele>72.4</ele>
    <time>2020-07-28T12:28:35Z</time>
   </trkpt>
   <trkpt lat="51.0699660" lon="-0.5727360">
    <ele>72.3</ele>
    <time>2020-07-28T12:28:37Z</time>
   </trkpt>
   <trkpt lat="51.0699850" lon="-0.5728110">
    <ele>72.3</ele>
    <time>2020-07-28T12:28:38Z</time>
   </trkpt>
   <trkpt lat="51.0700370" lon="-0.5729780">
    <ele>72.2</ele>
    <time>2020-07-28T12:28:40Z</time>
   </trkpt>
   <trkpt lat="51.0701110" lon="-0.5731300">
    <ele>72.2</ele>
    <time>2020-07-28T12:28:42Z</time>
   </trkpt>
   <trkpt lat="51.0701480" lon="-0.5732080">
    <ele>72.1</ele>
    <time>2020-07-28T12:28:43Z</time>
   </trkpt>
   <trkpt lat="51.0702360" lon="-0.5733480">
    <ele>72.0</ele>
    <time>2020-07-28T12:28:45Z</time>
   </trkpt>
   <trkpt lat="51.0703300" lon="-0.5734940">
    <ele>71.8</ele>
    <time>2020-07-28T12:28:47Z</time>
   </trkpt>
   <trkpt lat="51.0704220" lon="-0.5736310">
    <ele>71.6</ele>
    <time>2020-07-28T12:28:49Z</time>
   </trkpt>
   <trkpt lat="51.0704660" lon="-0.5736980">
    <ele>71.5</ele>
    <time>2020-07-28T12:28:50Z</time>
   </trkpt>
   <trkpt lat="51.0705120" lon="-0.5737680">
    <ele>71.4</ele>
    <time>2020-07-28T12:28:51Z</time>
   </trkpt>
   <trkpt lat="51.0705570" lon="-0.5738380">
    <ele>71.2</ele>
    <time>2020-07-28T12:28:52Z</time>
   </trkpt>
   <trkpt lat="51.0706520" lon="-0.5739900">
    <ele>70.9</ele>
    <time>2020-07-28T12:28:54Z</time>
   </trkpt>
   <trkpt lat="51.0707470" lon="-0.5741350">
    <ele>70.5</ele>
    <time>2020-07-28T12:28:56Z</time>
   </trkpt>
   <trkpt lat="51.0708510" lon="-0.5742780">
    <ele>70.0</ele>
    <time>2020-07-28T12:28:58Z</time>
   </trkpt>
   <trkpt lat="51.0709030" lon="-0.5743590">
    <ele>69.8</ele>
    <time>2020-07-28T12:28:59Z</time>
   </trkpt>
   <trkpt lat="51.0710090" lon="-0.5744670">
    <ele>69.4</ele>
    <time>2020-07-28T12:29:01Z</time>
   </trkpt>
   <trkpt lat="51.0710690" lon="-0.5745230">
    <ele>69.2</ele>
    <time>2020-07-28T12:29:02Z</time>
   </trkpt>
   <trkpt lat="51.0711370" lon="-0.5745760">
    <ele>68.9</ele>
    <time>2020-07-28T12:29:03Z</time>
   </trkpt>
   <trkpt lat="51.0712070" lon="-0.5746250">
    <ele>68.6</ele>
    <time>2020-07-28T12:29:04Z</time>
   </trkpt>
   <trkpt lat="51.0713510" lon="-0.5746900">
    <ele>68.1</ele>
    <time>2020-07-28T12:29:06Z</time>
   </trkpt>
   <trkpt lat="51.0714240" lon="-0.5747110">
    <ele>67.8</ele>
    <time>2020-07-28T12:29:07Z</time>
   </trkpt>
   <trkpt lat="51.0715760" lon="-0.5747410">
    <ele>67.2</ele>
    <time>2020-07-28T12:29:09Z</time>
   </trkpt>
   <trkpt lat="51.0716560" lon="-0.5747480">
    <ele>67.0</ele>
    <time>2020-07-28T12:29:10Z</time>
   </trkpt>
   <trkpt lat="51.0718050" lon="-0.5747750">
    <ele>66.7</ele>
    <time>2020-07-28T12:29:12Z</time>
   </trkpt>
   <trkpt lat="51.0718840" lon="-0.5747880">
    <ele>66.6</ele>
    <time>2020-07-28T12:29:13Z</time>
   </trkpt>
   <trkpt lat="51.0720450" lon="-0.5748110">
    <ele>66.5</ele>
    <time>2020-07-28T12:29:15Z</time>
   </trkpt>
   <trkpt lat="51.0721250" lon="-0.5748300">
    <ele>66.5</ele>
    <time>2020-07-28T12:29:16Z</time>
   </trkpt>
   <trkpt lat="51.0722790" lon="-0.5748710">
    <ele>66.1</ele>
    <time>2020-07-28T12:29:18Z</time>
   </trkpt>
   <trkpt lat="51.0723450" lon="-0.5748870">
    <ele>66.0</ele>
    <time>2020-07-28T12:29:19Z</time>
   </trkpt>
   <trkpt lat="51.0724850" lon="-0.5748970">
    <ele>66.0</ele>
    <time>2020-07-28T12:29:21Z</time>
   </trkpt>
   <trkpt lat="51.0726250" lon="-0.5749040">
    <ele>66.3</ele>
    <time>2020-07-28T12:29:23Z</time>
   </trkpt>
   <trkpt lat="51.0727590" lon="-0.5749540">
    <ele>66.6</ele>
    <time>2020-07-28T12:29:25Z</time>
   </trkpt>
   <trkpt lat="51.0728310" lon="-0.5749880">
    <ele>66.8</ele>
    <time>2020-07-28T12:29:26Z</time>
   </trkpt>
   <trkpt lat="51.0729590" lon="-0.5750710">
    <ele>67.3</ele>
    <time>2020-07-28T12:29:28Z</time>
   </trkpt>
   <trkpt lat="51.0730800" lon="-0.5751510">
    <ele>67.9</ele>
    <time>2020-07-28T12:29:30Z</time>
   </trkpt>
   <trkpt lat="51.0731330" lon="-0.5751880">
    <ele>68.2</ele>
    <time>2020-07-28T12:29:31Z</time>
   </trkpt>
   <trkpt lat="51.0731890" lon="-0.5752270">
    <ele>68.5</ele>
    <time>2020-07-28T12:29:32Z</time>
   </trkpt>
   <trkpt lat="51.0732970" lon="-0.5753050">
    <ele>68.9</ele>
    <time>2020-07-28T12:29:34Z</time>
   </trkpt>
   <trkpt lat="51.0733450" lon="-0.5753430">
    <ele>69.1</ele>
    <time>2020-07-28T12:29:35Z</time>
   </trkpt>
   <trkpt lat="51.0734440" lon="-0.5754210">
    <ele>69.4</ele>
    <time>2020-07-28T12:29:37Z</time>
   </trkpt>
   <trkpt lat="51.0735510" lon="-0.5754710">
    <ele>69.6</ele>
    <time>2020-07-28T12:29:39Z</time>
   </trkpt>
   <trkpt lat="51.0736590" lon="-0.5755030">
    <ele>69.8</ele>
    <time>2020-07-28T12:29:41Z</time>
   </trkpt>
   <trkpt lat="51.0737100" lon="-0.5755180">
    <ele>69.9</ele>
    <time>2020-07-28T12:29:42Z</time>
   </trkpt>
   <trkpt lat="51.0737600" lon="-0.5755250">
    <ele>70.0</ele>
    <time>2020-07-28T12:29:43Z</time>
   </trkpt>
   <trkpt lat="51.0738090" lon="-0.5755190">
    <ele>70.0</ele>
    <time>2020-07-28T12:29:44Z</time>
   </trkpt>
   <trkpt lat="51.0739080" lon="-0.5754810">
    <ele>70.0</ele>
    <time>2020-07-28T12:29:46Z</time>
   </trkpt>
   <trkpt lat="51.0739980" lon="-0.5754470">
    <ele>69.9</ele>
    <time>2020-07-28T12:29:48Z</time>
   </trkpt>
   <trkpt lat="51.0740490" lon="-0.5754190">
    <ele>69.9</ele>
    <time>2020-07-28T12:29:49Z</time>
   </trkpt>
   <trkpt lat="51.0741450" lon="-0.5753450">
    <ele>69.8</ele>
    <time>2020-07-28T12:29:51Z</time>
   </trkpt>
   <trkpt lat="51.0742560" lon="-0.5752840">
    <ele>69.6</ele>
    <time>2020-07-28T12:29:53Z</time>
   </trkpt>
   <trkpt lat="51.0743750" lon="-0.5752160">
    <ele>69.3</ele>
    <time>2020-07-28T12:29:55Z</time>
   </trkpt>
   <trkpt lat="51.0744450" lon="-0.5751940">
    <ele>69.1</ele>
    <time>2020-07-28T12:29:56Z</time>
   </trkpt>
   <trkpt lat="51.0745100" lon="-0.5751710">
    <ele>68.9</ele>
    <time>2020-07-28T12:29:57Z</time>
   </trkpt>
   <trkpt lat="51.0746340" lon="-0.5751270">
    <ele>68.7</ele>
    <time>2020-07-28T12:29:59Z</time>
   </trkpt>
   <trkpt lat="51.0747000" lon="-0.5751030">
    <ele>68.6</ele>
    <time>2020-07-28T12:30:00Z</time>
   </trkpt>
   <trkpt lat="51.0748320" lon="-0.5750610">
    <ele>68.4</ele>
    <time>2020-07-28T12:30:02Z</time>
   </trkpt>
   <trkpt lat="51.0748970" lon="-0.5750330">
    <ele>68.4</ele>
    <time>2020-07-28T12:30:03Z</time>
   </trkpt>
   <trkpt lat="51.0749600" lon="-0.5749980">
    <ele>68.3</ele>
    <time>2020-07-28T12:30:04Z</time>
   </trkpt>
   <trkpt lat="51.0750780" lon="-0.5749210">
    <ele>68.2</ele>
    <time>2020-07-28T12:30:06Z</time>
   </trkpt>
   <trkpt lat="51.0751360" lon="-0.5748740">
    <ele>68.1</ele>
    <time>2020-07-28T12:30:07Z</time>
   </trkpt>
   <trkpt lat="51.0752630" lon="-0.5748150">
    <ele>68.0</ele>
    <time>2020-07-28T12:30:09Z</time>
   </trkpt>
   <trkpt lat="51.0753250" lon="-0.5747820">
    <ele>67.9</ele>
    <time>2020-07-28T12:30:10Z</time>
   </trkpt>
   <trkpt lat="51.0754370" lon="-0.5747060">
    <ele>67.8</ele>
    <time>2020-07-28T12:30:12Z</time>
   </trkpt>
   <trkpt lat="51.0755610" lon="-0.5746300">
    <ele>67.7</ele>
    <time>2020-07-28T12:30:14Z</time>
   </trkpt>
   <trkpt lat="51.0756220" lon="-0.5745910">
    <ele>67.7</ele>
    <time>2020-07-28T12:30:15Z</time>
   </trkpt>
   <trkpt lat="51.0757490" lon="-0.5745360">
    <ele>67.6</ele>
    <time>2020-07-28T12:30:17Z</time>
   </trkpt>
   <trkpt lat="51.0758110" lon="-0.5744900">
    <ele>67.6</ele>
    <time>2020-07-28T12:30:18Z</time>
   </trkpt>
   <trkpt lat="51.0759450" lon="-0.5744210">
    <ele>67.6</ele>
    <time>2020-07-28T12:30:20Z</time>
   </trkpt>
   <trkpt lat="51.0760120" lon="-0.5743960">
    <ele>67.6</ele>
    <time>2020-07-28T12:30:21Z</time>
   </trkpt>
   <trkpt lat="51.0761370" lon="-0.5743560">
    <ele>67.6</ele>
    <time>2020-07-28T12:30:23Z</time>
   </trkpt>
   <trkpt lat="51.0762670" lon="-0.5743320">
    <ele>67.8</ele>
    <time>2020-07-28T12:30:25Z</time>
   </trkpt>
   <trkpt lat="51.0763310" lon="-0.5743310">
    <ele>67.9</ele>
    <time>2020-07-28T12:30:26Z</time>
   </trkpt>
   <trkpt lat="51.0764570" lon="-0.5743300">
    <ele>67.9</ele>
    <time>2020-07-28T12:30:28Z</time>
   </trkpt>
   <trkpt lat="51.0765780" lon="-0.5743400">
    <ele>67.8</ele>
    <time>2020-07-28T12:30:30Z</time>
   </trkpt>
   <trkpt lat="51.0767010" lon="-0.5743480">
    <ele>67.9</ele>
    <time>2020-07-28T12:30:32Z</time>
   </trkpt>
   <trkpt lat="51.0768120" lon="-0.5743340">
    <ele>68.0</ele>
    <time>2020-07-28T12:30:34Z</time>
   </trkpt>
   <trkpt lat="51.0768650" lon="-0.5743150">
    <ele>68.1</ele>
    <time>2020-07-28T12:30:35Z</time>
   </trkpt>
   <trkpt lat="51.0769270" lon="-0.5742980">
    <ele>68.0</ele>
    <time>2020-07-28T12:30:36Z</time>
   </trkpt>
   <trkpt lat="51.0769910" lon="-0.5742720">
    <ele>68.0</ele>
    <time>2020-07-28T12:30:37Z</time>
   </trkpt>
   <trkpt lat="51.0771060" lon="-0.5742040">
    <ele>67.9</ele>
    <time>2020-07-28T12:30:39Z</time>
   </trkpt>
   <trkpt lat="51.0771620" lon="-0.5741580">
    <ele>67.8</ele>
    <time>2020-07-28T12:30:40Z</time>
   </trkpt>
   <trkpt lat="51.0772820" lon="-0.5740600">
    <ele>67.6</ele>
    <time>2020-07-28T12:30:42Z</time>
   </trkpt>
   <trkpt lat="51.0773420" lon="-0.5740040">
    <ele>67.6</ele>
    <time>2020-07-28T12:30:43Z</time>
   </trkpt>
   <trkpt lat="51.0774510" lon="-0.5739080">
    <ele>67.5</ele>
    <time>2020-07-28T12:30:45Z</time>
   </trkpt>
   <trkpt lat="51.0775830" lon="-0.5738380">
    <ele>67.6</ele>
    <time>2020-07-28T12:30:47Z</time>
   </trkpt>
   <trkpt lat="51.0776590" lon="-0.5738450">
    <ele>67.6</ele>
    <time>2020-07-28T12:30:48Z</time>
   </trkpt>
   <trkpt lat="51.0777290" lon="-0.5738450">
    <ele>67.7</ele>
    <time>2020-07-28T12:30:49Z</time>
   </trkpt>
   <trkpt lat="51.0777910" lon="-0.5738440">
    <ele>67.8</ele>
    <time>2020-07-28T12:30:50Z</time>
   </trkpt>
   <trkpt lat="51.0778520" lon="-0.5738570">
    <ele>67.8</ele>
    <time>2020-07-28T12:30:51Z</time>
   </trkpt>
   <trkpt lat="51.0779670" lon="-0.5738970">
    <ele>67.9</ele>
    <time>2020-07-28T12:30:53Z</time>
   </trkpt>
   <trkpt lat="51.0780760" lon="-0.5739560">
    <ele>67.9</ele>
    <time>2020-07-28T12:30:55Z</time>
   </trkpt>
   <trkpt lat="51.0781290" lon="-0.5739860">
    <ele>68.0</ele>
    <time>2020-07-28T12:30:56Z</time>
   </trkpt>
   <trkpt lat="51.0782330" lon="-0.5740470">
    <ele>68.0</ele>
    <time>2020-07-28T12:30:58Z</time>
   </trkpt>
   <trkpt lat="51.0782970" lon="-0.5740790">
    <ele>68.1</ele>
    <time>2020-07-28T12:30:59Z</time>
   </trkpt>
   <trkpt lat="51.0783560" lon="-0.5741140">
    <ele>68.2</ele>
    <time>2020-07-28T12:31:00Z</time>
   </trkpt>
   <trkpt lat="51.0784710" lon="-0.5741890">
    <ele>68.4</ele>
    <time>2020-07-28T12:31:02Z</time>
   </trkpt>
   <trkpt lat="51.0785680" lon="-0.5742430">
    <ele>68.4</ele>
    <time>2020-07-28T12:31:04Z</time>
   </trkpt>
   <trkpt lat="51.0786140" lon="-0.5742750">
    <ele>68.5</ele>
    <time>2020-07-28T12:31:05Z</time>
   </trkpt>
   <trkpt lat="51.0786620" lon="-0.5743030">
    <ele>68.5</ele>
    <time>2020-07-28T12:31:06Z</time>
   </trkpt>
   <trkpt lat="51.0787130" lon="-0.5743160">
    <ele>68.5</ele>
    <time>2020-07-28T12:31:07Z</time>
   </trkpt>
   <trkpt lat="51.0788280" lon="-0.5743410">
    <ele>68.6</ele>
    <time>2020-07-28T12:31:09Z</time>
   </trkpt>
   <trkpt lat="51.0789350" lon="-0.5743500">
    <ele>68.6</ele>
    <time>2020-07-28T12:31:11Z</time>
   </trkpt>
   <trkpt lat="51.0789920" lon="-0.5743560">
    <ele>68.6</ele>
    <time>2020-07-28T12:31:12Z</time>
   </trkpt>
   <trkpt lat="51.0790460" lon="-0.5743480">
    <ele>68.6</ele>
    <time>2020-07-28T12:31:13Z</time>
   </trkpt>
   <trkpt lat="51.0791670" lon="-0.5743350">
    <ele>68.7</ele>
    <time>2020-07-28T12:31:15Z</time>
   </trkpt>
   <trkpt lat="51.0792290" lon="-0.5743360">
    <ele>68.7</ele>
    <time>2020-07-28T12:31:16Z</time>
   </trkpt>
   <trkpt lat="51.0793470" lon="-0.5743090">
    <ele>68.8</ele>
    <time>2020-07-28T12:31:18Z</time>
   </trkpt>
   <trkpt lat="51.0794650" lon="-0.5742980">
    <ele>68.9</ele>
    <time>2020-07-28T12:31:20Z</time>
   </trkpt>
   <trkpt lat="51.0795840" lon="-0.5742960">
    <ele>69.1</ele>
    <time>2020-07-28T12:31:22Z</time>
   </trkpt>
   <trkpt lat="51.0797120" lon="-0.5743010">
    <ele>69.4</ele>
    <time>2020-07-28T12:31:24Z</time>
   </trkpt>
   <trkpt lat="51.0798320" lon="-0.5743130">
    <ele>69.5</ele>
    <time>2020-07-28T12:31:26Z</time>
   </trkpt>
   <trkpt lat="51.0798900" lon="-0.5743200">
    <ele>69.6</ele>
    <time>2020-07-28T12:31:27Z</time>
   </trkpt>
   <trkpt lat="51.0799430" lon="-0.5743280">
    <ele>69.7</ele>
    <time>2020-07-28T12:31:28Z</time>
   </trkpt>
   <trkpt lat="51.0800560" lon="-0.5743420">
    <ele>69.8</ele>
    <time>2020-07-28T12:31:30Z</time>
   </trkpt>
   <trkpt lat="51.0801110" lon="-0.5743510">
    <ele>69.9</ele>
    <time>2020-07-28T12:31:31Z</time>
   </trkpt>
   <trkpt lat="51.0801650" lon="-0.5743630">
    <ele>70.0</ele>
    <time>2020-07-28T12:31:32Z</time>
   </trkpt>
   <trkpt lat="51.0802180" lon="-0.5743750">
    <ele>70.1</ele>
    <time>2020-07-28T12:31:33Z</time>
   </trkpt>
   <trkpt lat="51.0803200" lon="-0.5744110">
    <ele>70.2</ele>
    <time>2020-07-28T12:31:35Z</time>
   </trkpt>
   <trkpt lat="51.0804190" lon="-0.5744730">
    <ele>70.3</ele>
    <time>2020-07-28T12:31:37Z</time>
   </trkpt>
   <trkpt lat="51.0805090" lon="-0.5745750">
    <ele>70.4</ele>
    <time>2020-07-28T12:31:39Z</time>
   </trkpt>
   <trkpt lat="51.0805970" lon="-0.5746800">
    <ele>70.5</ele>
    <time>2020-07-28T12:31:41Z</time>
   </trkpt>
   <trkpt lat="51.0806370" lon="-0.5747400">
    <ele>70.5</ele>
    <time>2020-07-28T12:31:42Z</time>
   </trkpt>
   <trkpt lat="51.0807320" lon="-0.5748580">
    <ele>70.5</ele>
    <time>2020-07-28T12:31:44Z</time>
   </trkpt>
   <trkpt lat="51.0808360" lon="-0.5749640">
    <ele>70.4</ele>
    <time>2020-07-28T12:31:46Z</time>
   </trkpt>
   <trkpt lat="51.0808780" lon="-0.5750090">
    <ele>70.4</ele>
    <time>2020-07-28T12:31:47Z</time>
   </trkpt>
   <trkpt lat="51.0809680" lon="-0.5750950">
    <ele>70.4</ele>
    <time>2020-07-28T12:31:49Z</time>
   </trkpt>
   <trkpt lat="51.0810690" lon="-0.5751930">
    <ele>70.4</ele>
    <time>2020-07-28T12:31:51Z</time>
   </trkpt>
   <trkpt lat="51.0811730" lon="-0.5752830">
    <ele>70.4</ele>
    <time>2020-07-28T12:31:53Z</time>
   </trkpt>
   <trkpt lat="51.0812770" lon="-0.5753610">
    <ele>70.2</ele>
    <time>2020-07-28T12:31:55Z</time>
   </trkpt>
   <trkpt lat="51.0813310" lon="-0.5753960">
    <ele>70.1</ele>
    <time>2020-07-28T12:31:56Z</time>
   </trkpt>
   <trkpt lat="51.0814490" lon="-0.5754330">
    <ele>69.8</ele>
    <time>2020-07-28T12:31:58Z</time>
   </trkpt>
   <trkpt lat="51.0815050" lon="-0.5754560">
    <ele>69.7</ele>
    <time>2020-07-28T12:31:59Z</time>
   </trkpt>
   <trkpt lat="51.0815620" lon="-0.5754810">
    <ele>69.6</ele>
    <time>2020-07-28T12:32:00Z</time>
   </trkpt>
   <trkpt lat="51.0816240" lon="-0.5754950">
    <ele>69.5</ele>
    <time>2020-07-28T12:32:01Z</time>
   </trkpt>
   <trkpt lat="51.0817470" lon="-0.5755230">
    <ele>69.4</ele>
    <time>2020-07-28T12:32:03Z</time>
   </trkpt>
   <trkpt lat="51.0818760" lon="-0.5755470">
    <ele>69.4</ele>
    <time>2020-07-28T12:32:05Z</time>
   </trkpt>
   <trkpt lat="51.0819410" lon="-0.5755620">
    <ele>69.4</ele>
    <time>2020-07-28T12:32:06Z</time>
   </trkpt>
   <trkpt lat="51.0820620" lon="-0.5755930">
    <ele>69.4</ele>
    <time>2020-07-28T12:32:08Z</time>
   </trkpt>
   <trkpt lat="51.0821260" lon="-0.5755880">
    <ele>69.4</ele>
    <time>2020-07-28T12:32:09Z</time>
   </trkpt>
   <trkpt lat="51.0822540" lon="-0.5756170">
    <ele>69.3</ele>
    <time>2020-07-28T12:32:11Z</time>
   </trkpt>
   <trkpt lat="51.0823170" lon="-0.5756480">
    <ele>69.3</ele>
    <time>2020-07-28T12:32:12Z</time>
   </trkpt>
   <trkpt lat="51.0823830" lon="-0.5756690">
    <ele>69.3</ele>
    <time>2020-07-28T12:32:13Z</time>
   </trkpt>
   <trkpt lat="51.0824430" lon="-0.5756980">
    <ele>69.3</ele>
    <time>2020-07-28T12:32:14Z</time>
   </trkpt>
   <trkpt lat="51.0825600" lon="-0.5757550">
    <ele>69.4</ele>
    <time>2020-07-28T12:32:16Z</time>
   </trkpt>
   <trkpt lat="51.0826870" lon="-0.5757940">
    <ele>69.6</ele>
    <time>2020-07-28T12:32:18Z</time>
   </trkpt>
   <trkpt lat="51.0827510" lon="-0.5758170">
    <ele>69.5</ele>
    <time>2020-07-28T12:32:19Z</time>
   </trkpt>
   <trkpt lat="51.0828180" lon="-0.5758400">
    <ele>69.4</ele>
    <time>2020-07-28T12:32:20Z</time>
   </trkpt>
   <trkpt lat="51.0828840" lon="-0.5758640">
    <ele>69.3</ele>
    <time>2020-07-28T12:32:21Z</time>
   </trkpt>
   <trkpt lat="51.0829470" lon="-0.5758840">
    <ele>69.2</ele>
    <time>2020-07-28T12:32:22Z</time>
   </trkpt>
   <trkpt lat="51.0830090" lon="-0.5758950">
    <ele>69.2</ele>
    <time>2020-07-28T12:32:23Z</time>
   </trkpt>
   <trkpt lat="51.0831400" lon="-0.5759340">
    <ele>69.2</ele>
    <time>2020-07-28T12:32:25Z</time>
   </trkpt>
   <trkpt lat="51.0832760" lon="-0.5759540">
    <ele>69.2</ele>
    <time>2020-07-28T12:32:27Z</time>
   </trkpt>
   <trkpt lat="51.0833450" lon="-0.5759530">
    <ele>69.3</ele>
    <time>2020-07-28T12:32:28Z</time>
   </trkpt>
   <trkpt lat="51.0834160" lon="-0.5759760">
    <ele>69.3</ele>
    <time>2020-07-28T12:32:29Z</time>
   </trkpt>
   <trkpt lat="51.0835630" lon="-0.5760290">
    <ele>69.4</ele>
    <time>2020-07-28T12:32:31Z</time>
   </trkpt>
   <trkpt lat="51.0836280" lon="-0.5760450">
    <ele>69.4</ele>
    <time>2020-07-28T12:32:32Z</time>
   </trkpt>
   <trkpt lat="51.0836870" lon="-0.5760620">
    <ele>69.3</ele>
    <time>2020-07-28T12:32:33Z</time>
   </trkpt>
   <trkpt lat="51.0837510" lon="-0.5760820">
    <ele>69.3</ele>
    <time>2020-07-28T12:32:34Z</time>
   </trkpt>
   <trkpt lat="51.0838790" lon="-0.5761020">
    <ele>69.2</ele>
    <time>2020-07-28T12:32:36Z</time>
   </trkpt>
   <trkpt lat="51.0839480" lon="-0.5761000">
    <ele>69.2</ele>
    <time>2020-07-28T12:32:37Z</time>
   </trkpt>
   <trkpt lat="51.0840890" lon="-0.5760740">
    <ele>69.1</ele>
    <time>2020-07-28T12:32:39Z</time>
   </trkpt>
   <trkpt lat="51.0841550" lon="-0.5760720">
    <ele>69.0</ele>
    <time>2020-07-28T12:32:40Z</time>
   </trkpt>
   <trkpt lat="51.0842870" lon="-0.5760500">
    <ele>68.9</ele>
    <time>2020-07-28T12:32:42Z</time>
   </trkpt>
   <trkpt lat="51.0843610" lon="-0.5760480">
    <ele>68.9</ele>
    <time>2020-07-28T12:32:43Z</time>
   </trkpt>
   <trkpt lat="51.0845020" lon="-0.5760620">
    <ele>68.8</ele>
    <time>2020-07-28T12:32:45Z</time>
   </trkpt>
   <trkpt lat="51.0846340" lon="-0.5760730">
    <ele>68.9</ele>
    <time>2020-07-28T12:32:47Z</time>
   </trkpt>
   <trkpt lat="51.0847020" lon="-0.5760890">
    <ele>68.8</ele>
    <time>2020-07-28T12:32:48Z</time>
   </trkpt>
   <trkpt lat="51.0847630" lon="-0.5761070">
    <ele>68.7</ele>
    <time>2020-07-28T12:32:49Z</time>
   </trkpt>
   <trkpt lat="51.0848810" lon="-0.5761880">
    <ele>68.5</ele>
    <time>2020-07-28T12:32:51Z</time>
   </trkpt>
   <trkpt lat="51.0849970" lon="-0.5762880">
    <ele>68.5</ele>
    <time>2020-07-28T12:32:53Z</time>
   </trkpt>
   <trkpt lat="51.0850540" lon="-0.5763520">
    <ele>68.5</ele>
    <time>2020-07-28T12:32:54Z</time>
   </trkpt>
   <trkpt lat="51.0851600" lon="-0.5764870">
    <ele>68.6</ele>
    <time>2020-07-28T12:32:56Z</time>
   </trkpt>
   <trkpt lat="51.0852480" lon="-0.5766350">
    <ele>68.6</ele>
    <time>2020-07-28T12:32:58Z</time>
   </trkpt>
   <trkpt lat="51.0852830" lon="-0.5767150">
    <ele>68.6</ele>
    <time>2020-07-28T12:32:59Z</time>
   </trkpt>
   <trkpt lat="51.0853200" lon="-0.5767970">
    <ele>68.6</ele>
    <time>2020-07-28T12:33:00Z</time>
   </trkpt>
   <trkpt lat="51.0853940" lon="-0.5769540">
    <ele>68.8</ele>
    <time>2020-07-28T12:33:02Z</time>
   </trkpt>
   <trkpt lat="51.0854260" lon="-0.5770330">
    <ele>68.9</ele>
    <time>2020-07-28T12:33:03Z</time>
   </trkpt>
   <trkpt lat="51.0854590" lon="-0.5771070">
    <ele>69.0</ele>
    <time>2020-07-28T12:33:04Z</time>
   </trkpt>
   <trkpt lat="51.0855370" lon="-0.5772650">
    <ele>69.2</ele>
    <time>2020-07-28T12:33:06Z</time>
   </trkpt>
   <trkpt lat="51.0855720" lon="-0.5773440">
    <ele>69.4</ele>
    <time>2020-07-28T12:33:07Z</time>
   </trkpt>
   <trkpt lat="51.0856560" lon="-0.5774880">
    <ele>69.6</ele>
    <time>2020-07-28T12:33:09Z</time>
   </trkpt>
   <trkpt lat="51.0857010" lon="-0.5775530">
    <ele>69.7</ele>
    <time>2020-07-28T12:33:10Z</time>
   </trkpt>
   <trkpt lat="51.0858060" lon="-0.5776600">
    <ele>70.0</ele>
    <time>2020-07-28T12:33:12Z</time>
   </trkpt>
   <trkpt lat="51.0858650" lon="-0.5777090">
    <ele>70.1</ele>
    <time>2020-07-28T12:33:13Z</time>
   </trkpt>
   <trkpt lat="51.0859740" lon="-0.5777930">
    <ele>70.4</ele>
    <time>2020-07-28T12:33:15Z</time>
   </trkpt>
   <trkpt lat="51.0860210" lon="-0.5778240">
    <ele>70.6</ele>
    <time>2020-07-28T12:33:16Z</time>
   </trkpt>
   <trkpt lat="51.0860690" lon="-0.5778450">
    <ele>70.7</ele>
    <time>2020-07-28T12:33:17Z</time>
   </trkpt>
   <trkpt lat="51.0861170" lon="-0.5778840">
    <ele>70.9</ele>
    <time>2020-07-28T12:33:18Z</time>
   </trkpt>
   <trkpt lat="51.0862400" lon="-0.5779690">
    <ele>71.3</ele>
    <time>2020-07-28T12:33:20Z</time>
   </trkpt>
   <trkpt lat="51.0863400" lon="-0.5780370">
    <ele>71.6</ele>
    <time>2020-07-28T12:33:22Z</time>
   </trkpt>
   <trkpt lat="51.0864410" lon="-0.5781450">
    <ele>72.0</ele>
    <time>2020-07-28T12:33:24Z</time>
   </trkpt>
   <trkpt lat="51.0865150" lon="-0.5782420">
    <ele>72.2</ele>
    <time>2020-07-28T12:33:26Z</time>
   </trkpt>
   <trkpt lat="51.0865280" lon="-0.5783200">
    <ele>72.2</ele>
    <time>2020-07-28T12:33:27Z</time>
   </trkpt>
   <trkpt lat="51.0865170" lon="-0.5785000">
    <ele>72.1</ele>
    <time>2020-07-28T12:33:29Z</time>
   </trkpt>
   <trkpt lat="51.0864850" lon="-0.5786630">
    <ele>72.1</ele>
    <time>2020-07-28T12:33:31Z</time>
   </trkpt>
   <trkpt lat="51.0864550" lon="-0.5788100">
    <ele>71.9</ele>
    <time>2020-07-28T12:33:33Z</time>
   </trkpt>
   <trkpt lat="51.0864580" lon="-0.5788890">
    <ele>71.9</ele>
    <time>2020-07-28T12:33:34Z</time>
   </trkpt>
   <trkpt lat="51.0864770" lon="-0.5790520">
    <ele>71.6</ele>
    <time>2020-07-28T12:33:36Z</time>
   </trkpt>
   <trkpt lat="51.0864970" lon="-0.5791450">
    <ele>71.5</ele>
    <time>2020-07-28T12:33:37Z</time>
   </trkpt>
   <trkpt lat="51.0865260" lon="-0.5792290">
    <ele>71.3</ele>
    <time>2020-07-28T12:33:38Z</time>
   </trkpt>
   <trkpt lat="51.0865720" lon="-0.5793100">
    <ele>71.1</ele>
    <time>2020-07-28T12:33:39Z</time>
   </trkpt>
   <trkpt lat="51.0866580" lon="-0.5794840">
    <ele>70.8</ele>
    <time>2020-07-28T12:33:41Z</time>
   </trkpt>
   <trkpt lat="51.0867470" lon="-0.5796360">
    <ele>70.5</ele>
    <time>2020-07-28T12:33:43Z</time>
   </trkpt>
   <trkpt lat="51.0868450" lon="-0.5797910">
    <ele>70.1</ele>
    <time>2020-07-28T12:33:45Z</time>
   </trkpt>
   <trkpt lat="51.0868940" lon="-0.5798680">
    <ele>69.9</ele>
    <time>2020-07-28T12:33:46Z</time>
   </trkpt>
   <trkpt lat="51.0870070" lon="-0.5800220">
    <ele>69.3</ele>
    <time>2020-07-28T12:33:48Z</time>
   </trkpt>
   <trkpt lat="51.0870640" lon="-0.5800960">
    <ele>69.1</ele>
    <time>2020-07-28T12:33:49Z</time>
   </trkpt>
   <trkpt lat="51.0871200" lon="-0.5801750">
    <ele>68.9</ele>
    <time>2020-07-28T12:33:50Z</time>
   </trkpt>
   <trkpt lat="51.0872350" lon="-0.5803360">
    <ele>68.7</ele>
    <time>2020-07-28T12:33:52Z</time>
   </trkpt>
   <trkpt lat="51.0872900" lon="-0.5804130">
    <ele>68.6</ele>
    <time>2020-07-28T12:33:53Z</time>
   </trkpt>
   <trkpt lat="51.0873960" lon="-0.5805870">
    <ele>68.4</ele>
    <time>2020-07-28T12:33:55Z</time>
   </trkpt>
   <trkpt lat="51.0875080" lon="-0.5807500">
    <ele>68.2</ele>
    <time>2020-07-28T12:33:57Z</time>
   </trkpt>
   <trkpt lat="51.0875660" lon="-0.5808340">
    <ele>68.2</ele>
    <time>2020-07-28T12:33:58Z</time>
   </trkpt>
   <trkpt lat="51.0876220" lon="-0.5809130">
    <ele>68.2</ele>
    <time>2020-07-28T12:33:59Z</time>
   </trkpt>
   <trkpt lat="51.0876750" lon="-0.5809890">
    <ele>68.2</ele>
    <time>2020-07-28T12:34:00Z</time>
   </trkpt>
   <trkpt lat="51.0877850" lon="-0.5811480">
    <ele>68.2</ele>
    <time>2020-07-28T12:34:02Z</time>
   </trkpt>
   <trkpt lat="51.0878920" lon="-0.5813090">
    <ele>68.2</ele>
    <time>2020-07-28T12:34:04Z</time>
   </trkpt>
   <trkpt lat="51.0879450" lon="-0.5813860">
    <ele>68.2</ele>
    <time>2020-07-28T12:34:05Z</time>
   </trkpt>
   <trkpt lat="51.0880520" lon="-0.5815490">
    <ele>68.2</ele>
    <time>2020-07-28T12:34:07Z</time>
   </trkpt>
   <trkpt lat="51.0881020" lon="-0.5816300">
    <ele>68.2</ele>
    <time>2020-07-28T12:34:08Z</time>
   </trkpt>
   <trkpt lat="51.0881420" lon="-0.5817130">
    <ele>68.3</ele>
    <time>2020-07-28T12:34:09Z</time>
   </trkpt>
   <trkpt lat="51.0882250" lon="-0.5818780">
    <ele>68.4</ele>
    <time>2020-07-28T12:34:11Z</time>
   </trkpt>
   <trkpt lat="51.0882660" lon="-0.5819670">
    <ele>68.5</ele>
    <time>2020-07-28T12:34:12Z</time>
   </trkpt>
   <trkpt lat="51.0883140" lon="-0.5820580">
    <ele>68.6</ele>
    <time>2020-07-28T12:34:13Z</time>
   </trkpt>
   <trkpt lat="51.0884160" lon="-0.5821930">
    <ele>68.7</ele>
    <time>2020-07-28T12:34:15Z</time>
   </trkpt>
   <trkpt lat="51.0885350" lon="-0.5822650">
    <ele>68.6</ele>
    <time>2020-07-28T12:34:17Z</time>
   </trkpt>
   <trkpt lat="51.0886700" lon="-0.5822940">
    <ele>68.4</ele>
    <time>2020-07-28T12:34:19Z</time>
   </trkpt>
   <trkpt lat="51.0888000" lon="-0.5823140">
    <ele>68.3</ele>
    <time>2020-07-28T12:34:21Z</time>
   </trkpt>
   <trkpt lat="51.0889310" lon="-0.5823370">
    <ele>68.2</ele>
    <time>2020-07-28T12:34:23Z</time>
   </trkpt>
   <trkpt lat="51.0890000" lon="-0.5823420">
    <ele>68.2</ele>
    <time>2020-07-28T12:34:24Z</time>
   </trkpt>
   <trkpt lat="51.0891200" lon="-0.5823460">
    <ele>68.2</ele>
    <time>2020-07-28T12:34:26Z</time>
   </trkpt>
   <trkpt lat="51.0892280" lon="-0.5823430">
    <ele>68.1</ele>
    <time>2020-07-28T12:34:28Z</time>
   </trkpt>
   <trkpt lat="51.0892800" lon="-0.5823440">
    <ele>68.1</ele>
    <time>2020-07-28T12:34:29Z</time>
   </trkpt>
   <trkpt lat="51.0893980" lon="-0.5823400">
    <ele>68.1</ele>
    <time>2020-07-28T12:34:31Z</time>
   </trkpt>
   <trkpt lat="51.0895180" lon="-0.5823360">
    <ele>68.0</ele>
    <time>2020-07-28T12:34:33Z</time>
   </trkpt>
   <trkpt lat="51.0895890" lon="-0.5823360">
    <ele>67.8</ele>
    <time>2020-07-28T12:34:34Z</time>
   </trkpt>
   <trkpt lat="51.0896620" lon="-0.5823420">
    <ele>67.6</ele>
    <time>2020-07-28T12:34:35Z</time>
   </trkpt>
   <trkpt lat="51.0897920" lon="-0.5823510">
    <ele>67.2</ele>
    <time>2020-07-28T12:34:37Z</time>
   </trkpt>
   <trkpt lat="51.0898620" lon="-0.5823510">
    <ele>67.0</ele>
    <time>2020-07-28T12:34:38Z</time>
   </trkpt>
   <trkpt lat="51.0899310" lon="-0.5823510">
    <ele>66.8</ele>
    <time>2020-07-28T12:34:39Z</time>
   </trkpt>
   <trkpt lat="51.0900590" lon="-0.5823590">
    <ele>66.4</ele>
    <time>2020-07-28T12:34:41Z</time>
   </trkpt>
   <trkpt lat="51.0901920" lon="-0.5823580">
    <ele>65.9</ele>
    <time>2020-07-28T12:34:43Z</time>
   </trkpt>
   <trkpt lat="51.0903240" lon="-0.5823410">
    <ele>65.2</ele>
    <time>2020-07-28T12:34:45Z</time>
   </trkpt>
   <trkpt lat="51.0904680" lon="-0.5823460">
    <ele>64.5</ele>
    <time>2020-07-28T12:34:47Z</time>
   </trkpt>
   <trkpt lat="51.0905430" lon="-0.5823440">
    <ele>64.2</ele>
    <time>2020-07-28T12:34:48Z</time>
   </trkpt>
   <trkpt lat="51.0907000" lon="-0.5823620">
    <ele>63.5</ele>
    <time>2020-07-28T12:34:50Z</time>
   </trkpt>
   <trkpt lat="51.0907880" lon="-0.5823720">
    <ele>63.2</ele>
    <time>2020-07-28T12:34:51Z</time>
   </trkpt>
   <trkpt lat="51.0908740" lon="-0.5823700">
    <ele>62.8</ele>
    <time>2020-07-28T12:34:52Z</time>
   </trkpt>
   <trkpt lat="51.0909620" lon="-0.5823670">
    <ele>62.5</ele>
    <time>2020-07-28T12:34:53Z</time>
   </trkpt>
   <trkpt lat="51.0910490" lon="-0.5823670">
    <ele>62.2</ele>
    <time>2020-07-28T12:34:54Z</time>
   </trkpt>
   <trkpt lat="51.0912230" lon="-0.5823690">
    <ele>61.7</ele>
    <time>2020-07-28T12:34:56Z</time>
   </trkpt>
   <trkpt lat="51.0914080" lon="-0.5823650">
    <ele>61.2</ele>
    <time>2020-07-28T12:34:58Z</time>
   </trkpt>
   <trkpt lat="51.0915930" lon="-0.5823610">
    <ele>60.7</ele>
    <time>2020-07-28T12:35:00Z</time>
   </trkpt>
   <trkpt lat="51.0916860" lon="-0.5823610">
    <ele>60.4</ele>
    <time>2020-07-28T12:35:01Z</time>
   </trkpt>
   <trkpt lat="51.0917780" lon="-0.5823600">
    <ele>60.1</ele>
    <time>2020-07-28T12:35:02Z</time>
   </trkpt>
   <trkpt lat="51.0919600" lon="-0.5823430">
    <ele>59.6</ele>
    <time>2020-07-28T12:35:04Z</time>
   </trkpt>
   <trkpt lat="51.0920520" lon="-0.5823330">
    <ele>59.4</ele>
    <time>2020-07-28T12:35:05Z</time>
   </trkpt>
   <trkpt lat="51.0922270" lon="-0.5822810">
    <ele>59.2</ele>
    <time>2020-07-28T12:35:07Z</time>
   </trkpt>
   <trkpt lat="51.0924040" lon="-0.5822240">
    <ele>59.1</ele>
    <time>2020-07-28T12:35:09Z</time>
   </trkpt>
   <trkpt lat="51.0924900" lon="-0.5821930">
    <ele>59.0</ele>
    <time>2020-07-28T12:35:10Z</time>
   </trkpt>
   <trkpt lat="51.0926520" lon="-0.5821360">
    <ele>58.9</ele>
    <time>2020-07-28T12:35:12Z</time>
   </trkpt>
   <trkpt lat="51.0928170" lon="-0.5820500">
    <ele>58.9</ele>
    <time>2020-07-28T12:35:14Z</time>
   </trkpt>
   <trkpt lat="51.0929820" lon="-0.5819750">
    <ele>58.9</ele>
    <time>2020-07-28T12:35:16Z</time>
   </trkpt>
   <trkpt lat="51.0931430" lon="-0.5819010">
    <ele>58.9</ele>
    <time>2020-07-28T12:35:18Z</time>
   </trkpt>
   <trkpt lat="51.0932260" lon="-0.5818640">
    <ele>58.9</ele>
    <time>2020-07-28T12:35:19Z</time>
   </trkpt>
   <trkpt lat="51.0933170" lon="-0.5818230">
    <ele>59.0</ele>
    <time>2020-07-28T12:35:20Z</time>
   </trkpt>
   <trkpt lat="51.0934770" lon="-0.5817720">
    <ele>59.1</ele>
    <time>2020-07-28T12:35:22Z</time>
   </trkpt>
   <trkpt lat="51.0935560" lon="-0.5817540">
    <ele>59.2</ele>
    <time>2020-07-28T12:35:23Z</time>
   </trkpt>
   <trkpt lat="51.0937170" lon="-0.5817330">
    <ele>59.3</ele>
    <time>2020-07-28T12:35:25Z</time>
   </trkpt>
   <trkpt lat="51.0937950" lon="-0.5817220">
    <ele>59.3</ele>
    <time>2020-07-28T12:35:26Z</time>
   </trkpt>
   <trkpt lat="51.0939530" lon="-0.5817080">
    <ele>59.6</ele>
    <time>2020-07-28T12:35:28Z</time>
   </trkpt>
   <trkpt lat="51.0941160" lon="-0.5816770">
    <ele>59.9</ele>
    <time>2020-07-28T12:35:30Z</time>
   </trkpt>
   <trkpt lat="51.0942660" lon="-0.5816520">
    <ele>59.9</ele>
    <time>2020-07-28T12:35:32Z</time>
   </trkpt>
   <trkpt lat="51.0944170" lon="-0.5816360">
    <ele>59.9</ele>
    <time>2020-07-28T12:35:34Z</time>
   </trkpt>
   <trkpt lat="51.0944920" lon="-0.5816240">
    <ele>60.0</ele>
    <time>2020-07-28T12:35:35Z</time>
   </trkpt>
   <trkpt lat="51.0946190" lon="-0.5816010">
    <ele>60.2</ele>
    <time>2020-07-28T12:35:37Z</time>
   </trkpt>
   <trkpt lat="51.0946840" lon="-0.5815860">
    <ele>60.2</ele>
    <time>2020-07-28T12:35:38Z</time>
   </trkpt>
   <trkpt lat="51.0947480" lon="-0.5815670">
    <ele>60.3</ele>
    <time>2020-07-28T12:35:39Z</time>
   </trkpt>
   <trkpt lat="51.0948790" lon="-0.5815020">
    <ele>60.5</ele>
    <time>2020-07-28T12:35:41Z</time>
   </trkpt>
   <trkpt lat="51.0950120" lon="-0.5814370">
    <ele>60.7</ele>
    <time>2020-07-28T12:35:43Z</time>
   </trkpt>
   <trkpt lat="51.0950780" lon="-0.5813990">
    <ele>60.8</ele>
    <time>2020-07-28T12:35:44Z</time>
   </trkpt>
   <trkpt lat="51.0951420" lon="-0.5813710">
    <ele>60.8</ele>
    <time>2020-07-28T12:35:45Z</time>
   </trkpt>
   <trkpt lat="51.0952600" lon="-0.5813060">
    <ele>60.8</ele>
    <time>2020-07-28T12:35:47Z</time>
   </trkpt>
   <trkpt lat="51.0953190" lon="-0.5812700">
    <ele>60.9</ele>
    <time>2020-07-28T12:35:48Z</time>
   </trkpt>
   <trkpt lat="51.0953790" lon="-0.5812380">
    <ele>60.9</ele>
    <time>2020-07-28T12:35:49Z</time>
   </trkpt>
   <trkpt lat="51.0955050" lon="-0.5811640">
    <ele>61.0</ele>
    <time>2020-07-28T12:35:51Z</time>
   </trkpt>
   <trkpt lat="51.0955660" lon="-0.5811320">
    <ele>61.0</ele>
    <time>2020-07-28T12:35:52Z</time>
   </trkpt>
   <trkpt lat="51.0956860" lon="-0.5810710">
    <ele>61.1</ele>
    <time>2020-07-28T12:35:54Z</time>
   </trkpt>
   <trkpt lat="51.0957460" lon="-0.5810420">
    <ele>61.1</ele>
    <time>2020-07-28T12:35:55Z</time>
   </trkpt>
   <trkpt lat="51.0958700" lon="-0.5809810">
    <ele>61.1</ele>
    <time>2020-07-28T12:35:57Z</time>
   </trkpt>
   <trkpt lat="51.0959330" lon="-0.5809550">
    <ele>61.1</ele>
    <time>2020-07-28T12:35:58Z</time>
   </trkpt>
   <trkpt lat="51.0960550" lon="-0.5808910">
    <ele>61.1</ele>
    <time>2020-07-28T12:36:00Z</time>
   </trkpt>
   <trkpt lat="51.0961180" lon="-0.5808650">
    <ele>61.2</ele>
    <time>2020-07-28T12:36:01Z</time>
   </trkpt>
   <trkpt lat="51.0962460" lon="-0.5808350">
    <ele>61.2</ele>
    <time>2020-07-28T12:36:03Z</time>
   </trkpt>
   <trkpt lat="51.0963160" lon="-0.5808310">
    <ele>61.2</ele>
    <time>2020-07-28T12:36:04Z</time>
   </trkpt>
   <trkpt lat="51.0963860" lon="-0.5808330">
    <ele>61.2</ele>
    <time>2020-07-28T12:36:05Z</time>
   </trkpt>
   <trkpt lat="51.0965250" lon="-0.5808370">
    <ele>61.3</ele>
    <time>2020-07-28T12:36:07Z</time>
   </trkpt>
   <trkpt lat="51.0965930" lon="-0.5808350">
    <ele>61.4</ele>
    <time>2020-07-28T12:36:08Z</time>
   </trkpt>
   <trkpt lat="51.0966570" lon="-0.5808280">
    <ele>61.4</ele>
    <time>2020-07-28T12:36:09Z</time>
   </trkpt>
   <trkpt lat="51.0967270" lon="-0.5808260">
    <ele>61.3</ele>
    <time>2020-07-28T12:36:10Z</time>
   </trkpt>
   <trkpt lat="51.0967950" lon="-0.5808250">
    <ele>61.2</ele>
    <time>2020-07-28T12:36:11Z</time>
   </trkpt>
   <trkpt lat="51.0969210" lon="-0.5808200">
    <ele>60.9</ele>
    <time>2020-07-28T12:36:13Z</time>
   </trkpt>
   <trkpt lat="51.0969850" lon="-0.5808150">
    <ele>60.8</ele>
    <time>2020-07-28T12:36:14Z</time>
   </trkpt>
   <trkpt lat="51.0971130" lon="-0.5807920">
    <ele>60.6</ele>
    <time>2020-07-28T12:36:16Z</time>
   </trkpt>
   <trkpt lat="51.0971770" lon="-0.5807720">
    <ele>60.5</ele>
    <time>2020-07-28T12:36:17Z</time>
   </trkpt>
   <trkpt lat="51.0973110" lon="-0.5807260">
    <ele>60.3</ele>
    <time>2020-07-28T12:36:19Z</time>
   </trkpt>
   <trkpt lat="51.0974450" lon="-0.5806690">
    <ele>60.2</ele>
    <time>2020-07-28T12:36:21Z</time>
   </trkpt>
   <trkpt lat="51.0975140" lon="-0.5806430">
    <ele>60.1</ele>
    <time>2020-07-28T12:36:22Z</time>
   </trkpt>
   <trkpt lat="51.0975840" lon="-0.5806130">
    <ele>60.1</ele>
    <time>2020-07-28T12:36:23Z</time>
   </trkpt>
   <trkpt lat="51.0976490" lon="-0.5805910">
    <ele>60.0</ele>
    <time>2020-07-28T12:36:24Z</time>
   </trkpt>
   <trkpt lat="51.0977790" lon="-0.5805230">
    <ele>59.9</ele>
    <time>2020-07-28T12:36:26Z</time>
   </trkpt>
   <trkpt lat="51.0979080" lon="-0.5804520">
    <ele>59.7</ele>
    <time>2020-07-28T12:36:28Z</time>
   </trkpt>
   <trkpt lat="51.0980360" lon="-0.5803660">
    <ele>59.4</ele>
    <time>2020-07-28T12:36:30Z</time>
   </trkpt>
   <trkpt lat="51.0980990" lon="-0.5803210">
    <ele>59.3</ele>
    <time>2020-07-28T12:36:31Z</time>
   </trkpt>
   <trkpt lat="51.0982200" lon="-0.5802190">
    <ele>59.0</ele>
    <time>2020-07-28T12:36:33Z</time>
   </trkpt>
   <trkpt lat="51.0983220" lon="-0.5800720">
    <ele>58.6</ele>
    <time>2020-07-28T12:36:35Z</time>
   </trkpt>
   <trkpt lat="51.0984180" lon="-0.5798930">
    <ele>57.9</ele>
    <time>2020-07-28T12:36:37Z</time>
   </trkpt>
   <trkpt lat="51.0984600" lon="-0.5798010">
    <ele>57.5</ele>
    <time>2020-07-28T12:36:38Z</time>
   </trkpt>
   <trkpt lat="51.0985460" lon="-0.5795850">
    <ele>56.7</ele>
    <time>2020-07-28T12:36:40Z</time>
   </trkpt>
   <trkpt lat="51.0985950" lon="-0.5794680">
    <ele>56.2</ele>
    <time>2020-07-28T12:36:41Z</time>
   </trkpt>
   <trkpt lat="51.0987130" lon="-0.5792600">
    <ele>55.2</ele>
    <time>2020-07-28T12:36:43Z</time>
   </trkpt>
   <trkpt lat="51.0987800" lon="-0.5791630">
    <ele>54.7</ele>
    <time>2020-07-28T12:36:44Z</time>
   </trkpt>
   <trkpt lat="51.0989280" lon="-0.5790000">
    <ele>53.4</ele>
    <time>2020-07-28T12:36:46Z</time>
   </trkpt>
   <trkpt lat="51.0990110" lon="-0.5789290">
    <ele>52.6</ele>
    <time>2020-07-28T12:36:47Z</time>
   </trkpt>
   <trkpt lat="51.0990920" lon="-0.5788420">
    <ele>51.7</ele>
    <time>2020-07-28T12:36:48Z</time>
   </trkpt>
   <trkpt lat="51.0992460" lon="-0.5786310">
    <ele>49.8</ele>
    <time>2020-07-28T12:36:50Z</time>
   </trkpt>
   <trkpt lat="51.0993300" lon="-0.5785200">
    <ele>48.8</ele>
    <time>2020-07-28T12:36:51Z</time>
   </trkpt>
   <trkpt lat="51.0994130" lon="-0.5784060">
    <ele>47.9</ele>
    <time>2020-07-28T12:36:52Z</time>
   </trkpt>
   <trkpt lat="51.0995780" lon="-0.5781580">
    <ele>46.4</ele>
    <time>2020-07-28T12:36:54Z</time>
   </trkpt>
   <trkpt lat="51.0996660" lon="-0.5780430">
    <ele>45.9</ele>
    <time>2020-07-28T12:36:55Z</time>
   </trkpt>
   <trkpt lat="51.0997570" lon="-0.5779280">
    <ele>45.4</ele>
    <time>2020-07-28T12:36:56Z</time>
   </trkpt>
   <trkpt lat="51.0998480" lon="-0.5778200">
    <ele>45.2</ele>
    <time>2020-07-28T12:36:57Z</time>
   </trkpt>
   <trkpt lat="51.1000420" lon="-0.5776470">
    <ele>44.2</ele>
    <time>2020-07-28T12:36:59Z</time>
   </trkpt>
   <trkpt lat="51.1002360" lon="-0.5775010">
    <ele>43.1</ele>
    <time>2020-07-28T12:37:01Z</time>
   </trkpt>
   <trkpt lat="51.1003310" lon="-0.5774270">
    <ele>42.4</ele>
    <time>2020-07-28T12:37:02Z</time>
   </trkpt>
   <trkpt lat="51.1005150" lon="-0.5772620">
    <ele>41.1</ele>
    <time>2020-07-28T12:37:04Z</time>
   </trkpt>
   <trkpt lat="51.1006660" lon="-0.5770360">
    <ele>39.9</ele>
    <time>2020-07-28T12:37:06Z</time>
   </trkpt>
   <trkpt lat="51.1007630" lon="-0.5767600">
    <ele>39.1</ele>
    <time>2020-07-28T12:37:08Z</time>
   </trkpt>
   <trkpt lat="51.1008510" lon="-0.5764770">
    <ele>38.3</ele>
    <time>2020-07-28T12:37:10Z</time>
   </trkpt>
   <trkpt lat="51.1008920" lon="-0.5763310">
    <ele>38.0</ele>
    <time>2020-07-28T12:37:11Z</time>
   </trkpt>
   <trkpt lat="51.1009730" lon="-0.5760500">
    <ele>37.5</ele>
    <time>2020-07-28T12:37:13Z</time>
   </trkpt>
   <trkpt lat="51.1010480" lon="-0.5757830">
    <ele>37.2</ele>
    <time>2020-07-28T12:37:15Z</time>
   </trkpt>
   <trkpt lat="51.1011050" lon="-0.5755160">
    <ele>36.9</ele>
    <time>2020-07-28T12:37:17Z</time>
   </trkpt>
   <trkpt lat="51.1011320" lon="-0.5752510">
    <ele>36.7</ele>
    <time>2020-07-28T12:37:19Z</time>
   </trkpt>
   <trkpt lat="51.1011490" lon="-0.5749890">
    <ele>36.6</ele>
    <time>2020-07-28T12:37:21Z</time>
   </trkpt>
   <trkpt lat="51.1012050" lon="-0.5747490">
    <ele>36.4</ele>
    <time>2020-07-28T12:37:23Z</time>
   </trkpt>
   <trkpt lat="51.1013350" lon="-0.5745550">
    <ele>35.7</ele>
    <time>2020-07-28T12:37:25Z</time>
   </trkpt>
   <trkpt lat="51.1014850" lon="-0.5743810">
    <ele>35.4</ele>
    <time>2020-07-28T12:37:27Z</time>
   </trkpt>
   <trkpt lat="51.1016390" lon="-0.5742350">
    <ele>35.2</ele>
    <time>2020-07-28T12:37:29Z</time>
   </trkpt>
   <trkpt lat="51.1018010" lon="-0.5741310">
    <ele>34.9</ele>
    <time>2020-07-28T12:37:31Z</time>
   </trkpt>
   <trkpt lat="51.1019710" lon="-0.5740690">
    <ele>34.7</ele>
    <time>2020-07-28T12:37:33Z</time>
   </trkpt>
   <trkpt lat="51.1020620" lon="-0.5740560">
    <ele>34.5</ele>
    <time>2020-07-28T12:37:34Z</time>
   </trkpt>
   <trkpt lat="51.1021500" lon="-0.5740590">
    <ele>34.5</ele>
    <time>2020-07-28T12:37:35Z</time>
   </trkpt>
   <trkpt lat="51.1023120" lon="-0.5740830">
    <ele>34.4</ele>
    <time>2020-07-28T12:37:37Z</time>
   </trkpt>
   <trkpt lat="51.1024690" lon="-0.5740970">
    <ele>34.3</ele>
    <time>2020-07-28T12:37:39Z</time>
   </trkpt>
   <trkpt lat="51.1026240" lon="-0.5740910">
    <ele>34.1</ele>
    <time>2020-07-28T12:37:41Z</time>
   </trkpt>
   <trkpt lat="51.1027040" lon="-0.5740740">
    <ele>33.8</ele>
    <time>2020-07-28T12:37:42Z</time>
   </trkpt>
   <trkpt lat="51.1028700" lon="-0.5740180">
    <ele>33.2</ele>
    <time>2020-07-28T12:37:44Z</time>
   </trkpt>
   <trkpt lat="51.1030330" lon="-0.5739250">
    <ele>32.5</ele>
    <time>2020-07-28T12:37:46Z</time>
   </trkpt>
   <trkpt lat="51.1032050" lon="-0.5738460">
    <ele>31.7</ele>
    <time>2020-07-28T12:37:48Z</time>
   </trkpt>
   <trkpt lat="51.1032980" lon="-0.5738010">
    <ele>31.4</ele>
    <time>2020-07-28T12:37:49Z</time>
   </trkpt>
   <trkpt lat="51.1033880" lon="-0.5737590">
    <ele>31.3</ele>
    <time>2020-07-28T12:37:50Z</time>
   </trkpt>
   <trkpt lat="51.1034770" lon="-0.5737170">
    <ele>31.2</ele>
    <time>2020-07-28T12:37:51Z</time>
   </trkpt>
   <trkpt lat="51.1035620" lon="-0.5736790">
    <ele>31.2</ele>
    <time>2020-07-28T12:37:52Z</time>
   </trkpt>
   <trkpt lat="51.1036430" lon="-0.5736470">
    <ele>31.2</ele>
    <time>2020-07-28T12:37:53Z</time>
   </trkpt>
   <trkpt lat="51.1038040" lon="-0.5735810">
    <ele>31.6</ele>
    <time>2020-07-28T12:37:55Z</time>
   </trkpt>
   <trkpt lat="51.1039630" lon="-0.5734890">
    <ele>32.3</ele>
    <time>2020-07-28T12:37:57Z</time>
   </trkpt>
   <trkpt lat="51.1040400" lon="-0.5734320">
    <ele>32.4</ele>
    <time>2020-07-28T12:37:58Z</time>
   </trkpt>
   <trkpt lat="51.1041890" lon="-0.5733100">
    <ele>32.7</ele>
    <time>2020-07-28T12:38:00Z</time>
   </trkpt>
   <trkpt lat="51.1043480" lon="-0.5732070">
    <ele>33.3</ele>
    <time>2020-07-28T12:38:02Z</time>
   </trkpt>
   <trkpt lat="51.1044210" lon="-0.5731680">
    <ele>33.6</ele>
    <time>2020-07-28T12:38:03Z</time>
   </trkpt>
   <trkpt lat="51.1045450" lon="-0.5730930">
    <ele>34.3</ele>
    <time>2020-07-28T12:38:05Z</time>
   </trkpt>
   <trkpt lat="51.1046190" lon="-0.5730600">
    <ele>34.7</ele>
    <time>2020-07-28T12:38:06Z</time>
   </trkpt>
   <trkpt lat="51.1046870" lon="-0.5730350">
    <ele>35.1</ele>
    <time>2020-07-28T12:38:07Z</time>
   </trkpt>
   <trkpt lat="51.1048070" lon="-0.5729950">
    <ele>35.8</ele>
    <time>2020-07-28T12:38:09Z</time>
   </trkpt>
   <trkpt lat="51.1048660" lon="-0.5729700">
    <ele>36.2</ele>
    <time>2020-07-28T12:38:10Z</time>
   </trkpt>
   <trkpt lat="51.1049270" lon="-0.5729430">
    <ele>36.5</ele>
    <time>2020-07-28T12:38:11Z</time>
   </trkpt>
   <trkpt lat="51.1050380" lon="-0.5728680">
    <ele>36.9</ele>
    <time>2020-07-28T12:38:13Z</time>
   </trkpt>
   <trkpt lat="51.1051330" lon="-0.5727810">
    <ele>37.2</ele>
    <time>2020-07-28T12:38:15Z</time>
   </trkpt>
   <trkpt lat="51.1052350" lon="-0.5726940">
    <ele>37.5</ele>
    <time>2020-07-28T12:38:17Z</time>
   </trkpt>
   <trkpt lat="51.1052840" lon="-0.5726470">
    <ele>37.6</ele>
    <time>2020-07-28T12:38:18Z</time>
   </trkpt>
   <trkpt lat="51.1053830" lon="-0.5725540">
    <ele>37.8</ele>
    <time>2020-07-28T12:38:20Z</time>
   </trkpt>
   <trkpt lat="51.1054280" lon="-0.5725010">
    <ele>37.9</ele>
    <time>2020-07-28T12:38:21Z</time>
   </trkpt>
   <trkpt lat="51.1055140" lon="-0.5724120">
    <ele>38.2</ele>
    <time>2020-07-28T12:38:23Z</time>
   </trkpt>
   <trkpt lat="51.1055970" lon="-0.5723330">
    <ele>38.4</ele>
    <time>2020-07-28T12:38:25Z</time>
   </trkpt>
   <trkpt lat="51.1056390" lon="-0.5722910">
    <ele>38.5</ele>
    <time>2020-07-28T12:38:26Z</time>
   </trkpt>
   <trkpt lat="51.1057330" lon="-0.5722070">
    <ele>38.8</ele>
    <time>2020-07-28T12:38:28Z</time>
   </trkpt>
   <trkpt lat="51.1057850" lon="-0.5721720">
    <ele>38.9</ele>
    <time>2020-07-28T12:38:29Z</time>
   </trkpt>
   <trkpt lat="51.1058350" lon="-0.5721370">
    <ele>39.1</ele>
    <time>2020-07-28T12:38:30Z</time>
   </trkpt>
   <trkpt lat="51.1059210" lon="-0.5720660">
    <ele>39.3</ele>
    <time>2020-07-28T12:38:32Z</time>
   </trkpt>
   <trkpt lat="51.1060130" lon="-0.5720030">
    <ele>39.6</ele>
    <time>2020-07-28T12:38:34Z</time>
   </trkpt>
   <trkpt lat="51.1060490" lon="-0.5719600">
    <ele>39.7</ele>
    <time>2020-07-28T12:38:35Z</time>
   </trkpt>
   <trkpt lat="51.1061080" lon="-0.5718950">
    <ele>39.9</ele>
    <time>2020-07-28T12:38:37Z</time>
   </trkpt>
   <trkpt lat="51.1061430" lon="-0.5718620">
    <ele>40.0</ele>
    <time>2020-07-28T12:38:38Z</time>
   </trkpt>
   <trkpt lat="51.1062010" lon="-0.5718190">
    <ele>40.1</ele>
    <time>2020-07-28T12:38:39Z</time>
   </trkpt>
   <trkpt lat="51.1062970" lon="-0.5717480">
    <ele>40.4</ele>
    <time>2020-07-28T12:38:41Z</time>
   </trkpt>
   <trkpt lat="51.1063380" lon="-0.5717050">
    <ele>40.4</ele>
    <time>2020-07-28T12:38:42Z</time>
   </trkpt>
   <trkpt lat="51.1064350" lon="-0.5716100">
    <ele>40.5</ele>
    <time>2020-07-28T12:38:44Z</time>
   </trkpt>
   <trkpt lat="51.1064730" lon="-0.5715790">
    <ele>40.6</ele>
    <time>2020-07-28T12:38:45Z</time>
   </trkpt>
   <trkpt lat="51.1065050" lon="-0.5716000">
    <ele>40.6</ele>
    <time>2020-07-28T12:38:46Z</time>
   </trkpt>
   <trkpt lat="51.1065630" lon="-0.5715090">
    <ele>40.7</ele>
    <time>2020-07-28T12:38:48Z</time>
   </trkpt>
   <trkpt lat="51.1066010" lon="-0.5714600">
    <ele>40.7</ele>
    <time>2020-07-28T12:38:49Z</time>
   </trkpt>
   <trkpt lat="51.1066780" lon="-0.5713720">
    <ele>40.8</ele>
    <time>2020-07-28T12:38:51Z</time>
   </trkpt>
   <trkpt lat="51.1067020" lon="-0.5713380">
    <ele>40.8</ele>
    <time>2020-07-28T12:38:52Z</time>
   </trkpt>
   <trkpt lat="51.1067820" lon="-0.5712550">
    <ele>40.8</ele>
    <time>2020-07-28T12:38:54Z</time>
   </trkpt>
   <trkpt lat="51.1068260" lon="-0.5712110">
    <ele>40.8</ele>
    <time>2020-07-28T12:38:55Z</time>
   </trkpt>
   <trkpt lat="51.1069050" lon="-0.5711300">
    <ele>40.9</ele>
    <time>2020-07-28T12:38:57Z</time>
   </trkpt>
   <trkpt lat="51.1069820" lon="-0.5710480">
    <ele>40.9</ele>
    <time>2020-07-28T12:38:59Z</time>
   </trkpt>
   <trkpt lat="51.1070300" lon="-0.5709890">
    <ele>40.8</ele>
    <time>2020-07-28T12:39:01Z</time>
   </trkpt>
   <trkpt lat="51.1070440" lon="-0.5709780">
    <ele>40.8</ele>
    <time>2020-07-28T12:39:02Z</time>
   </trkpt>
   <trkpt lat="51.1070670" lon="-0.5709590">
    <ele>40.8</ele>
    <time>2020-07-28T12:39:03Z</time>
   </trkpt>
   <trkpt lat="51.1071430" lon="-0.5709030">
    <ele>40.6</ele>
    <time>2020-07-28T12:39:05Z</time>
   </trkpt>
   <trkpt lat="51.1071770" lon="-0.5708690">
    <ele>40.5</ele>
    <time>2020-07-28T12:39:06Z</time>
   </trkpt>
   <trkpt lat="51.1072930" lon="-0.5707790">
    <ele>39.9</ele>
    <time>2020-07-28T12:39:08Z</time>
   </trkpt>
   <trkpt lat="51.1073450" lon="-0.5707460">
    <ele>39.6</ele>
    <time>2020-07-28T12:39:09Z</time>
   </trkpt>
   <trkpt lat="51.1073950" lon="-0.5707020">
    <ele>39.3</ele>
    <time>2020-07-28T12:39:10Z</time>
   </trkpt>
   <trkpt lat="51.1075000" lon="-0.5706120">
    <ele>38.6</ele>
    <time>2020-07-28T12:39:12Z</time>
   </trkpt>
   <trkpt lat="51.1075520" lon="-0.5705660">
    <ele>38.2</ele>
    <time>2020-07-28T12:39:13Z</time>
   </trkpt>
   <trkpt lat="51.1076590" lon="-0.5704690">
    <ele>37.3</ele>
    <time>2020-07-28T12:39:15Z</time>
   </trkpt>
   <trkpt lat="51.1077110" lon="-0.5704150">
    <ele>36.9</ele>
    <time>2020-07-28T12:39:16Z</time>
   </trkpt>
   <trkpt lat="51.1077680" lon="-0.5703570">
    <ele>36.3</ele>
    <time>2020-07-28T12:39:17Z</time>
   </trkpt>
   <trkpt lat="51.1078290" lon="-0.5703030">
    <ele>35.8</ele>
    <time>2020-07-28T12:39:18Z</time>
   </trkpt>
   <trkpt lat="51.1078910" lon="-0.5702480">
    <ele>35.2</ele>
    <time>2020-07-28T12:39:19Z</time>
   </trkpt>
   <trkpt lat="51.1080150" lon="-0.5701320">
    <ele>33.9</ele>
    <time>2020-07-28T12:39:21Z</time>
   </trkpt>
   <trkpt lat="51.1080750" lon="-0.5700780">
    <ele>33.4</ele>
    <time>2020-07-28T12:39:22Z</time>
   </trkpt>
   <trkpt lat="51.1081800" lon="-0.5699500">
    <ele>32.7</ele>
    <time>2020-07-28T12:39:24Z</time>
   </trkpt>
   <trkpt lat="51.1082310" lon="-0.5698900">
    <ele>32.4</ele>
    <time>2020-07-28T12:39:25Z</time>
   </trkpt>
   <trkpt lat="51.1082750" lon="-0.5698490">
    <ele>32.2</ele>
    <time>2020-07-28T12:39:26Z</time>
   </trkpt>
   <trkpt lat="51.1083390" lon="-0.5697950">
    <ele>32.0</ele>
    <time>2020-07-28T12:39:28Z</time>
   </trkpt>
   <trkpt lat="51.1083860" lon="-0.5697620">
    <ele>31.8</ele>
    <time>2020-07-28T12:39:29Z</time>
   </trkpt>
   <trkpt lat="51.1084230" lon="-0.5697120">
    <ele>31.5</ele>
    <time>2020-07-28T12:39:30Z</time>
   </trkpt>
   <trkpt lat="51.1084470" lon="-0.5696360">
    <ele>31.3</ele>
    <time>2020-07-28T12:39:31Z</time>
   </trkpt>
   <trkpt lat="51.1085020" lon="-0.5694780">
    <ele>30.9</ele>
    <time>2020-07-28T12:39:33Z</time>
   </trkpt>
   <trkpt lat="51.1085340" lon="-0.5694000">
    <ele>30.8</ele>
    <time>2020-07-28T12:39:34Z</time>
   </trkpt>
   <trkpt lat="51.1085890" lon="-0.5692420">
    <ele>30.6</ele>
    <time>2020-07-28T12:39:36Z</time>
   </trkpt>
   <trkpt lat="51.1086440" lon="-0.5690790">
    <ele>30.5</ele>
    <time>2020-07-28T12:39:38Z</time>
   </trkpt>
   <trkpt lat="51.1086660" lon="-0.5689940">
    <ele>30.5</ele>
    <time>2020-07-28T12:39:39Z</time>
   </trkpt>
   <trkpt lat="51.1086850" lon="-0.5689040">
    <ele>30.6</ele>
    <time>2020-07-28T12:39:40Z</time>
   </trkpt>
   <trkpt lat="51.1087360" lon="-0.5687400">
    <ele>30.7</ele>
    <time>2020-07-28T12:39:42Z</time>
   </trkpt>
   <trkpt lat="51.1087580" lon="-0.5686640">
    <ele>30.8</ele>
    <time>2020-07-28T12:39:43Z</time>
   </trkpt>
   <trkpt lat="51.1087940" lon="-0.5685110">
    <ele>31.0</ele>
    <time>2020-07-28T12:39:45Z</time>
   </trkpt>
   <trkpt lat="51.1088330" lon="-0.5683520">
    <ele>31.2</ele>
    <time>2020-07-28T12:39:47Z</time>
   </trkpt>
   <trkpt lat="51.1088570" lon="-0.5682730">
    <ele>31.4</ele>
    <time>2020-07-28T12:39:48Z</time>
   </trkpt>
   <trkpt lat="51.1088800" lon="-0.5682000">
    <ele>31.5</ele>
    <time>2020-07-28T12:39:49Z</time>
   </trkpt>
   <trkpt lat="51.1089320" lon="-0.5680490">
    <ele>31.9</ele>
    <time>2020-07-28T12:39:51Z</time>
   </trkpt>
   <trkpt lat="51.1089890" lon="-0.5679130">
    <ele>32.4</ele>
    <time>2020-07-28T12:39:53Z</time>
   </trkpt>
   <trkpt lat="51.1090580" lon="-0.5678080">
    <ele>33.0</ele>
    <time>2020-07-28T12:39:55Z</time>
   </trkpt>
   <trkpt lat="51.1091260" lon="-0.5676980">
    <ele>33.8</ele>
    <time>2020-07-28T12:39:57Z</time>
   </trkpt>
   <trkpt lat="51.1091580" lon="-0.5676460">
    <ele>34.2</ele>
    <time>2020-07-28T12:39:58Z</time>
   </trkpt>
   <trkpt lat="51.1092230" lon="-0.5675430">
    <ele>35.2</ele>
    <time>2020-07-28T12:40:00Z</time>
   </trkpt>
   <trkpt lat="51.1092430" lon="-0.5675100">
    <ele>35.6</ele>
    <time>2020-07-28T12:40:01Z</time>
   </trkpt>
   <trkpt lat="51.1092690" lon="-0.5674650">
    <ele>36.1</ele>
    <time>2020-07-28T12:40:02Z</time>
   </trkpt>
   <trkpt lat="51.1093310" lon="-0.5673690">
    <ele>37.4</ele>
    <time>2020-07-28T12:40:04Z</time>
   </trkpt>
   <trkpt lat="51.1093610" lon="-0.5673150">
    <ele>38.1</ele>
    <time>2020-07-28T12:40:05Z</time>
   </trkpt>
   <trkpt lat="51.1094390" lon="-0.5671950">
    <ele>39.7</ele>
    <time>2020-07-28T12:40:07Z</time>
   </trkpt>
   <trkpt lat="51.1094650" lon="-0.5671490">
    <ele>40.3</ele>
    <time>2020-07-28T12:40:08Z</time>
   </trkpt>
   <trkpt lat="51.1094790" lon="-0.5671350">
    <ele>40.5</ele>
    <time>2020-07-28T12:40:09Z</time>
   </trkpt>
   <trkpt lat="51.1095070" lon="-0.5671120">
    <ele>41.0</ele>
    <time>2020-07-28T12:40:10Z</time>
   </trkpt>
   <trkpt lat="51.1095230" lon="-0.5670720">
    <ele>41.4</ele>
    <time>2020-07-28T12:40:11Z</time>
   </trkpt>
   <trkpt lat="51.1095440" lon="-0.5670280">
    <ele>41.8</ele>
    <time>2020-07-28T12:40:12Z</time>
   </trkpt>
   <trkpt lat="51.1096100" lon="-0.5669010">
    <ele>43.1</ele>
    <time>2020-07-28T12:40:14Z</time>
   </trkpt>
   <trkpt lat="51.1096680" lon="-0.5668050">
    <ele>44.1</ele>
    <time>2020-07-28T12:40:16Z</time>
   </trkpt>
   <trkpt lat="51.1097050" lon="-0.5667850">
    <ele>44.5</ele>
    <time>2020-07-28T12:40:17Z</time>
   </trkpt>
   <trkpt lat="51.1097350" lon="-0.5667370">
    <ele>45.0</ele>
    <time>2020-07-28T12:40:18Z</time>
   </trkpt>
   <trkpt lat="51.1098070" lon="-0.5666210">
    <ele>45.9</ele>
    <time>2020-07-28T12:40:20Z</time>
   </trkpt>
   <trkpt lat="51.1098500" lon="-0.5665540">
    <ele>46.5</ele>
    <time>2020-07-28T12:40:21Z</time>
   </trkpt>
   <trkpt lat="51.1099230" lon="-0.5664550">
    <ele>47.2</ele>
    <time>2020-07-28T12:40:23Z</time>
   </trkpt>
   <trkpt lat="51.1099450" lon="-0.5664580">
    <ele>47.4</ele>
    <time>2020-07-28T12:40:24Z</time>
   </trkpt>
   <trkpt lat="51.1099720" lon="-0.5664210">
    <ele>47.7</ele>
    <time>2020-07-28T12:40:26Z</time>
   </trkpt>
   <trkpt lat="51.1100110" lon="-0.5663630">
    <ele>48.1</ele>
    <time>2020-07-28T12:40:27Z</time>
   </trkpt>
   <trkpt lat="51.1100420" lon="-0.5663280">
    <ele>48.4</ele>
    <time>2020-07-28T12:40:28Z</time>
   </trkpt>
   <trkpt lat="51.1100730" lon="-0.5662960">
    <ele>48.8</ele>
    <time>2020-07-28T12:40:29Z</time>
   </trkpt>
   <trkpt lat="51.1101160" lon="-0.5662570">
    <ele>49.2</ele>
    <time>2020-07-28T12:40:31Z</time>
   </trkpt>
   <trkpt lat="51.1101530" lon="-0.5662100">
    <ele>49.6</ele>
    <time>2020-07-28T12:40:32Z</time>
   </trkpt>
   <trkpt lat="51.1102010" lon="-0.5661730">
    <ele>50.1</ele>
    <time>2020-07-28T12:40:34Z</time>
   </trkpt>
   <trkpt lat="51.1102310" lon="-0.5661420">
    <ele>50.4</ele>
    <time>2020-07-28T12:40:35Z</time>
   </trkpt>
   <trkpt lat="51.1102620" lon="-0.5661070">
    <ele>50.7</ele>
    <time>2020-07-28T12:40:36Z</time>
   </trkpt>
   <trkpt lat="51.1102860" lon="-0.5660710">
    <ele>50.9</ele>
    <time>2020-07-28T12:40:37Z</time>
   </trkpt>
   <trkpt lat="51.1103200" lon="-0.5660340">
    <ele>51.2</ele>
    <time>2020-07-28T12:40:39Z</time>
   </trkpt>
   <trkpt lat="51.1103540" lon="-0.5659980">
    <ele>51.4</ele>
    <time>2020-07-28T12:40:40Z</time>
   </trkpt>
   <trkpt lat="51.1103960" lon="-0.5659260">
    <ele>51.6</ele>
    <time>2020-07-28T12:40:42Z</time>
   </trkpt>
   <trkpt lat="51.1104360" lon="-0.5659030">
    <ele>51.7</ele>
    <time>2020-07-28T12:40:43Z</time>
   </trkpt>
   <trkpt lat="51.1104700" lon="-0.5658720">
    <ele>51.9</ele>
    <time>2020-07-28T12:40:44Z</time>
   </trkpt>
   <trkpt lat="51.1105180" lon="-0.5658270">
    <ele>52.0</ele>
    <time>2020-07-28T12:40:45Z</time>
   </trkpt>
   <trkpt lat="51.1105620" lon="-0.5658000">
    <ele>52.1</ele>
    <time>2020-07-28T12:40:47Z</time>
   </trkpt>
   <trkpt lat="51.1106370" lon="-0.5657450">
    <ele>52.2</ele>
    <time>2020-07-28T12:40:49Z</time>
   </trkpt>
   <trkpt lat="51.1106730" lon="-0.5657170">
    <ele>52.3</ele>
    <time>2020-07-28T12:40:50Z</time>
   </trkpt>
   <trkpt lat="51.1107060" lon="-0.5656840">
    <ele>52.3</ele>
    <time>2020-07-28T12:40:51Z</time>
   </trkpt>
   <trkpt lat="51.1107670" lon="-0.5656380">
    <ele>52.3</ele>
    <time>2020-07-28T12:40:53Z</time>
   </trkpt>
   <trkpt lat="51.1108250" lon="-0.5655980">
    <ele>52.3</ele>
    <time>2020-07-28T12:40:55Z</time>
   </trkpt>
   <trkpt lat="51.1108580" lon="-0.5655720">
    <ele>52.4</ele>
    <time>2020-07-28T12:40:56Z</time>
   </trkpt>
   <trkpt lat="51.1109170" lon="-0.5655280">
    <ele>52.4</ele>
    <time>2020-07-28T12:40:58Z</time>
   </trkpt>
   <trkpt lat="51.1109820" lon="-0.5654810">
    <ele>52.4</ele>
    <time>2020-07-28T12:40:59Z</time>
   </trkpt>
   <trkpt lat="51.1110560" lon="-0.5654030">
    <ele>52.4</ele>
    <time>2020-07-28T12:41:00Z</time>
   </trkpt>
   <trkpt lat="51.1110840" lon="-0.5653820">
    <ele>52.4</ele>
    <time>2020-07-28T12:41:01Z</time>
   </trkpt>
   <trkpt lat="51.1111190" lon="-0.5653620">
    <ele>52.4</ele>
    <time>2020-07-28T12:41:03Z</time>
   </trkpt>
   <trkpt lat="51.1111590" lon="-0.5653360">
    <ele>52.4</ele>
    <time>2020-07-28T12:41:04Z</time>
   </trkpt>
   <trkpt lat="51.1111980" lon="-0.5653100">
    <ele>52.4</ele>
    <time>2020-07-28T12:41:05Z</time>
   </trkpt>
   <trkpt lat="51.1112720" lon="-0.5652520">
    <ele>52.5</ele>
    <time>2020-07-28T12:41:07Z</time>
   </trkpt>
   <trkpt lat="51.1113450" lon="-0.5652090">
    <ele>52.5</ele>
    <time>2020-07-28T12:41:08Z</time>
   </trkpt>
   <trkpt lat="51.1114340" lon="-0.5651480">
    <ele>52.4</ele>
    <time>2020-07-28T12:41:10Z</time>
   </trkpt>
   <trkpt lat="51.1114770" lon="-0.5651140">
    <ele>52.4</ele>
    <time>2020-07-28T12:41:11Z</time>
   </trkpt>
   <trkpt lat="51.1115210" lon="-0.5650800">
    <ele>52.4</ele>
    <time>2020-07-28T12:41:12Z</time>
   </trkpt>
   <trkpt lat="51.1115650" lon="-0.5650470">
    <ele>52.4</ele>
    <time>2020-07-28T12:41:13Z</time>
   </trkpt>
   <trkpt lat="51.1116110" lon="-0.5650130">
    <ele>52.4</ele>
    <time>2020-07-28T12:41:14Z</time>
   </trkpt>
   <trkpt lat="51.1116530" lon="-0.5649760">
    <ele>52.5</ele>
    <time>2020-07-28T12:41:15Z</time>
   </trkpt>
   <trkpt lat="51.1117390" lon="-0.5649080">
    <ele>52.5</ele>
    <time>2020-07-28T12:41:17Z</time>
   </trkpt>
   <trkpt lat="51.1117820" lon="-0.5648770">
    <ele>52.5</ele>
    <time>2020-07-28T12:41:18Z</time>
   </trkpt>
   <trkpt lat="51.1118260" lon="-0.5648450">
    <ele>52.5</ele>
    <time>2020-07-28T12:41:19Z</time>
   </trkpt>
   <trkpt lat="51.1119140" lon="-0.5647910">
    <ele>52.6</ele>
    <time>2020-07-28T12:41:21Z</time>
   </trkpt>
   <trkpt lat="51.1119590" lon="-0.5647570">
    <ele>52.6</ele>
    <time>2020-07-28T12:41:22Z</time>
   </trkpt>
   <trkpt lat="51.1120010" lon="-0.5647160">
    <ele>52.5</ele>
    <time>2020-07-28T12:41:24Z</time>
   </trkpt>
   <trkpt lat="51.1120470" lon="-0.5646770">
    <ele>52.5</ele>
    <time>2020-07-28T12:41:25Z</time>
   </trkpt>
   <trkpt lat="51.1121260" lon="-0.5646130">
    <ele>52.5</ele>
    <time>2020-07-28T12:41:26Z</time>
   </trkpt>
   <trkpt lat="51.1122800" lon="-0.5644940">
    <ele>52.6</ele>
    <time>2020-07-28T12:41:28Z</time>
   </trkpt>
   <trkpt lat="51.1124000" lon="-0.5644130">
    <ele>52.6</ele>
    <time>2020-07-28T12:41:30Z</time>
   </trkpt>
   <trkpt lat="51.1124980" lon="-0.5643340">
    <ele>52.7</ele>
    <time>2020-07-28T12:41:32Z</time>
   </trkpt>
   <trkpt lat="51.1125450" lon="-0.5642980">
    <ele>52.7</ele>
    <time>2020-07-28T12:41:33Z</time>
   </trkpt>
   <trkpt lat="51.1125900" lon="-0.5642580">
    <ele>52.7</ele>
    <time>2020-07-28T12:41:34Z</time>
   </trkpt>
   <trkpt lat="51.1126820" lon="-0.5641860">
    <ele>52.7</ele>
    <time>2020-07-28T12:41:36Z</time>
   </trkpt>
   <trkpt lat="51.1127670" lon="-0.5641280">
    <ele>52.7</ele>
    <time>2020-07-28T12:41:38Z</time>
   </trkpt>
   <trkpt lat="51.1128550" lon="-0.5640790">
    <ele>52.8</ele>
    <time>2020-07-28T12:41:40Z</time>
   </trkpt>
   <trkpt lat="51.1129030" lon="-0.5640500">
    <ele>52.8</ele>
    <time>2020-07-28T12:41:41Z</time>
   </trkpt>
   <trkpt lat="51.1129520" lon="-0.5640150">
    <ele>52.8</ele>
    <time>2020-07-28T12:41:42Z</time>
   </trkpt>
   <trkpt lat="51.1130520" lon="-0.5639530">
    <ele>52.8</ele>
    <time>2020-07-28T12:41:44Z</time>
   </trkpt>
   <trkpt lat="51.1131590" lon="-0.5638750">
    <ele>52.7</ele>
    <time>2020-07-28T12:41:46Z</time>
   </trkpt>
   <trkpt lat="51.1132140" lon="-0.5638340">
    <ele>52.7</ele>
    <time>2020-07-28T12:41:47Z</time>
   </trkpt>
   <trkpt lat="51.1133200" lon="-0.5637540">
    <ele>52.7</ele>
    <time>2020-07-28T12:41:49Z</time>
   </trkpt>
   <trkpt lat="51.1134380" lon="-0.5637020">
    <ele>52.7</ele>
    <time>2020-07-28T12:41:51Z</time>
   </trkpt>
   <trkpt lat="51.1134900" lon="-0.5636650">
    <ele>52.7</ele>
    <time>2020-07-28T12:41:52Z</time>
   </trkpt>
   <trkpt lat="51.1135410" lon="-0.5636100">
    <ele>52.7</ele>
    <time>2020-07-28T12:41:53Z</time>
   </trkpt>
   <trkpt lat="51.1136360" lon="-0.5635270">
    <ele>52.8</ele>
    <time>2020-07-28T12:41:55Z</time>
   </trkpt>
   <trkpt lat="51.1137380" lon="-0.5634490">
    <ele>52.8</ele>
    <time>2020-07-28T12:41:57Z</time>
   </trkpt>
   <trkpt lat="51.1137920" lon="-0.5634110">
    <ele>52.7</ele>
    <time>2020-07-28T12:41:58Z</time>
   </trkpt>
   <trkpt lat="51.1138950" lon="-0.5633420">
    <ele>52.6</ele>
    <time>2020-07-28T12:42:00Z</time>
   </trkpt>
   <trkpt lat="51.1139420" lon="-0.5633040">
    <ele>52.6</ele>
    <time>2020-07-28T12:42:01Z</time>
   </trkpt>
   <trkpt lat="51.1140540" lon="-0.5632170">
    <ele>52.6</ele>
    <time>2020-07-28T12:42:03Z</time>
   </trkpt>
   <trkpt lat="51.1141140" lon="-0.5631720">
    <ele>52.6</ele>
    <time>2020-07-28T12:42:04Z</time>
   </trkpt>
   <trkpt lat="51.1142320" lon="-0.5630750">
    <ele>52.6</ele>
    <time>2020-07-28T12:42:06Z</time>
   </trkpt>
   <trkpt lat="51.1143410" lon="-0.5629920">
    <ele>52.6</ele>
    <time>2020-07-28T12:42:08Z</time>
   </trkpt>
   <trkpt lat="51.1144580" lon="-0.5629070">
    <ele>52.6</ele>
    <time>2020-07-28T12:42:10Z</time>
   </trkpt>
   <trkpt lat="51.1145110" lon="-0.5628660">
    <ele>52.7</ele>
    <time>2020-07-28T12:42:11Z</time>
   </trkpt>
   <trkpt lat="51.1146130" lon="-0.5627860">
    <ele>52.5</ele>
    <time>2020-07-28T12:42:13Z</time>
   </trkpt>
   <trkpt lat="51.1146660" lon="-0.5627510">
    <ele>52.4</ele>
    <time>2020-07-28T12:42:14Z</time>
   </trkpt>
   <trkpt lat="51.1147940" lon="-0.5626910">
    <ele>52.2</ele>
    <time>2020-07-28T12:42:16Z</time>
   </trkpt>
   <trkpt lat="51.1149130" lon="-0.5626310">
    <ele>52.1</ele>
    <time>2020-07-28T12:42:18Z</time>
   </trkpt>
   <trkpt lat="51.1150290" lon="-0.5625610">
    <ele>52.1</ele>
    <time>2020-07-28T12:42:20Z</time>
   </trkpt>
   <trkpt lat="51.1151520" lon="-0.5625120">
    <ele>52.1</ele>
    <time>2020-07-28T12:42:22Z</time>
   </trkpt>
   <trkpt lat="51.1152070" lon="-0.5624910">
    <ele>52.1</ele>
    <time>2020-07-28T12:42:23Z</time>
   </trkpt>
   <trkpt lat="51.1152650" lon="-0.5624700">
    <ele>52.1</ele>
    <time>2020-07-28T12:42:24Z</time>
   </trkpt>
   <trkpt lat="51.1153160" lon="-0.5624520">
    <ele>52.1</ele>
    <time>2020-07-28T12:42:25Z</time>
   </trkpt>
   <trkpt lat="51.1153780" lon="-0.5624310">
    <ele>52.2</ele>
    <time>2020-07-28T12:42:26Z</time>
   </trkpt>
   <trkpt lat="51.1154370" lon="-0.5624190">
    <ele>52.2</ele>
    <time>2020-07-28T12:42:27Z</time>
   </trkpt>
   <trkpt lat="51.1155490" lon="-0.5624140">
    <ele>52.3</ele>
    <time>2020-07-28T12:42:29Z</time>
   </trkpt>
   <trkpt lat="51.1156100" lon="-0.5624150">
    <ele>52.2</ele>
    <time>2020-07-28T12:42:30Z</time>
   </trkpt>
   <trkpt lat="51.1157450" lon="-0.5624170">
    <ele>52.1</ele>
    <time>2020-07-28T12:42:32Z</time>
   </trkpt>
   <trkpt lat="51.1158070" lon="-0.5624170">
    <ele>52.1</ele>
    <time>2020-07-28T12:42:33Z</time>
   </trkpt>
   <trkpt lat="51.1159230" lon="-0.5624250">
    <ele>52.0</ele>
    <time>2020-07-28T12:42:35Z</time>
   </trkpt>
   <trkpt lat="51.1159780" lon="-0.5624370">
    <ele>52.0</ele>
    <time>2020-07-28T12:42:36Z</time>
   </trkpt>
   <trkpt lat="51.1160340" lon="-0.5624550">
    <ele>52.1</ele>
    <time>2020-07-28T12:42:37Z</time>
   </trkpt>
   <trkpt lat="51.1160870" lon="-0.5624720">
    <ele>52.1</ele>
    <time>2020-07-28T12:42:38Z</time>
   </trkpt>
   <trkpt lat="51.1161950" lon="-0.5625100">
    <ele>52.2</ele>
    <time>2020-07-28T12:42:40Z</time>
   </trkpt>
   <trkpt lat="51.1162970" lon="-0.5625550">
    <ele>52.2</ele>
    <time>2020-07-28T12:42:42Z</time>
   </trkpt>
   <trkpt lat="51.1163460" lon="-0.5625780">
    <ele>52.2</ele>
    <time>2020-07-28T12:42:43Z</time>
   </trkpt>
   <trkpt lat="51.1164490" lon="-0.5626270">
    <ele>52.3</ele>
    <time>2020-07-28T12:42:45Z</time>
   </trkpt>
   <trkpt lat="51.1165480" lon="-0.5626870">
    <ele>52.3</ele>
    <time>2020-07-28T12:42:47Z</time>
   </trkpt>
   <trkpt lat="51.1166080" lon="-0.5627190">
    <ele>52.3</ele>
    <time>2020-07-28T12:42:48Z</time>
   </trkpt>
   <trkpt lat="51.1167250" lon="-0.5627850">
    <ele>52.3</ele>
    <time>2020-07-28T12:42:50Z</time>
   </trkpt>
   <trkpt lat="51.1168360" lon="-0.5628380">
    <ele>52.3</ele>
    <time>2020-07-28T12:42:52Z</time>
   </trkpt>
   <trkpt lat="51.1168950" lon="-0.5628670">
    <ele>52.4</ele>
    <time>2020-07-28T12:42:53Z</time>
   </trkpt>
   <trkpt lat="51.1169540" lon="-0.5628950">
    <ele>52.5</ele>
    <time>2020-07-28T12:42:54Z</time>
   </trkpt>
   <trkpt lat="51.1170050" lon="-0.5629250">
    <ele>52.5</ele>
    <time>2020-07-28T12:42:55Z</time>
   </trkpt>
   <trkpt lat="51.1171130" lon="-0.5629820">
    <ele>52.7</ele>
    <time>2020-07-28T12:42:57Z</time>
   </trkpt>
   <trkpt lat="51.1172320" lon="-0.5630560">
    <ele>52.9</ele>
    <time>2020-07-28T12:42:59Z</time>
   </trkpt>
   <trkpt lat="51.1172920" lon="-0.5630920">
    <ele>53.0</ele>
    <time>2020-07-28T12:43:00Z</time>
   </trkpt>
   <trkpt lat="51.1174000" lon="-0.5631550">
    <ele>52.9</ele>
    <time>2020-07-28T12:43:02Z</time>
   </trkpt>
   <trkpt lat="51.1174590" lon="-0.5631850">
    <ele>52.9</ele>
    <time>2020-07-28T12:43:03Z</time>
   </trkpt>
   <trkpt lat="51.1175620" lon="-0.5632440">
    <ele>52.9</ele>
    <time>2020-07-28T12:43:05Z</time>
   </trkpt>
   <trkpt lat="51.1176750" lon="-0.5632970">
    <ele>52.9</ele>
    <time>2020-07-28T12:43:07Z</time>
   </trkpt>
   <trkpt lat="51.1177850" lon="-0.5633370">
    <ele>53.0</ele>
    <time>2020-07-28T12:43:09Z</time>
   </trkpt>
   <trkpt lat="51.1178400" lon="-0.5633560">
    <ele>53.0</ele>
    <time>2020-07-28T12:43:10Z</time>
   </trkpt>
   <trkpt lat="51.1179470" lon="-0.5633860">
    <ele>53.1</ele>
    <time>2020-07-28T12:43:12Z</time>
   </trkpt>
   <trkpt lat="51.1180540" lon="-0.5634100">
    <ele>53.2</ele>
    <time>2020-07-28T12:43:14Z</time>
   </trkpt>
   <trkpt lat="51.1181670" lon="-0.5634320">
    <ele>53.5</ele>
    <time>2020-07-28T12:43:16Z</time>
   </trkpt>
   <trkpt lat="51.1182300" lon="-0.5634360">
    <ele>53.6</ele>
    <time>2020-07-28T12:43:17Z</time>
   </trkpt>
   <trkpt lat="51.1183490" lon="-0.5634400">
    <ele>53.7</ele>
    <time>2020-07-28T12:43:19Z</time>
   </trkpt>
   <trkpt lat="51.1184020" lon="-0.5634370">
    <ele>53.6</ele>
    <time>2020-07-28T12:43:20Z</time>
   </trkpt>
   <trkpt lat="51.1185050" lon="-0.5634490">
    <ele>53.5</ele>
    <time>2020-07-28T12:43:22Z</time>
   </trkpt>
   <trkpt lat="51.1185540" lon="-0.5634520">
    <ele>53.5</ele>
    <time>2020-07-28T12:43:23Z</time>
   </trkpt>
   <trkpt lat="51.1186060" lon="-0.5634590">
    <ele>53.6</ele>
    <time>2020-07-28T12:43:24Z</time>
   </trkpt>
   <trkpt lat="51.1187060" lon="-0.5634740">
    <ele>53.6</ele>
    <time>2020-07-28T12:43:26Z</time>
   </trkpt>
   <trkpt lat="51.1187540" lon="-0.5634860">
    <ele>53.6</ele>
    <time>2020-07-28T12:43:27Z</time>
   </trkpt>
   <trkpt lat="51.1188550" lon="-0.5635010">
    <ele>53.7</ele>
    <time>2020-07-28T12:43:29Z</time>
   </trkpt>
   <trkpt lat="51.1189620" lon="-0.5635070">
    <ele>53.7</ele>
    <time>2020-07-28T12:43:31Z</time>
   </trkpt>
   <trkpt lat="51.1190130" lon="-0.5635190">
    <ele>53.7</ele>
    <time>2020-07-28T12:43:32Z</time>
   </trkpt>
   <trkpt lat="51.1190600" lon="-0.5635230">
    <ele>53.7</ele>
    <time>2020-07-28T12:43:33Z</time>
   </trkpt>
   <trkpt lat="51.1191550" lon="-0.5635450">
    <ele>53.7</ele>
    <time>2020-07-28T12:43:35Z</time>
   </trkpt>
   <trkpt lat="51.1191990" lon="-0.5635560">
    <ele>53.7</ele>
    <time>2020-07-28T12:43:36Z</time>
   </trkpt>
   <trkpt lat="51.1192370" lon="-0.5635670">
    <ele>53.8</ele>
    <time>2020-07-28T12:43:37Z</time>
   </trkpt>
   <trkpt lat="51.1192990" lon="-0.5636360">
    <ele>53.9</ele>
    <time>2020-07-28T12:43:39Z</time>
   </trkpt>
   <trkpt lat="51.1192920" lon="-0.5637830">
    <ele>54.1</ele>
    <time>2020-07-28T12:43:41Z</time>
   </trkpt>
   <trkpt lat="51.1192670" lon="-0.5639590">
    <ele>54.2</ele>
    <time>2020-07-28T12:43:43Z</time>
   </trkpt>
   <trkpt lat="51.1192380" lon="-0.5640900">
    <ele>54.4</ele>
    <time>2020-07-28T12:43:45Z</time>
   </trkpt>
   <trkpt lat="51.1192130" lon="-0.5642360">
    <ele>54.6</ele>
    <time>2020-07-28T12:43:47Z</time>
   </trkpt>
   <trkpt lat="51.1191990" lon="-0.5643080">
    <ele>54.7</ele>
    <time>2020-07-28T12:43:48Z</time>
   </trkpt>
   <trkpt lat="51.1191740" lon="-0.5644510">
    <ele>54.8</ele>
    <time>2020-07-28T12:43:50Z</time>
   </trkpt>
   <trkpt lat="51.1191530" lon="-0.5646030">
    <ele>54.9</ele>
    <time>2020-07-28T12:43:52Z</time>
   </trkpt>
   <trkpt lat="51.1191440" lon="-0.5646880">
    <ele>54.9</ele>
    <time>2020-07-28T12:43:53Z</time>
   </trkpt>
   <trkpt lat="51.1191330" lon="-0.5647710">
    <ele>55.0</ele>
    <time>2020-07-28T12:43:54Z</time>
   </trkpt>
   <trkpt lat="51.1191220" lon="-0.5648520">
    <ele>55.0</ele>
    <time>2020-07-28T12:43:55Z</time>
   </trkpt>
   <trkpt lat="51.1190950" lon="-0.5650170">
    <ele>55.1</ele>
    <time>2020-07-28T12:43:57Z</time>
   </trkpt>
   <trkpt lat="51.1190660" lon="-0.5651790">
    <ele>55.1</ele>
    <time>2020-07-28T12:43:59Z</time>
   </trkpt>
   <trkpt lat="51.1190480" lon="-0.5652520">
    <ele>55.2</ele>
    <time>2020-07-28T12:44:00Z</time>
   </trkpt>
   <trkpt lat="51.1190160" lon="-0.5654110">
    <ele>55.2</ele>
    <time>2020-07-28T12:44:02Z</time>
   </trkpt>
   <trkpt lat="51.1190020" lon="-0.5654940">
    <ele>55.3</ele>
    <time>2020-07-28T12:44:03Z</time>
   </trkpt>
   <trkpt lat="51.1189870" lon="-0.5655770">
    <ele>55.3</ele>
    <time>2020-07-28T12:44:04Z</time>
   </trkpt>
   <trkpt lat="51.1189440" lon="-0.5657260">
    <ele>55.3</ele>
    <time>2020-07-28T12:44:06Z</time>
   </trkpt>
   <trkpt lat="51.1189210" lon="-0.5657980">
    <ele>55.3</ele>
    <time>2020-07-28T12:44:07Z</time>
   </trkpt>
   <trkpt lat="51.1188990" lon="-0.5658720">
    <ele>55.4</ele>
    <time>2020-07-28T12:44:08Z</time>
   </trkpt>
   <trkpt lat="51.1188570" lon="-0.5660040">
    <ele>55.4</ele>
    <time>2020-07-28T12:44:10Z</time>
   </trkpt>
   <trkpt lat="51.1188190" lon="-0.5661510">
    <ele>55.5</ele>
    <time>2020-07-28T12:44:12Z</time>
   </trkpt>
   <trkpt lat="51.1187690" lon="-0.5662850">
    <ele>55.6</ele>
    <time>2020-07-28T12:44:14Z</time>
   </trkpt>
   <trkpt lat="51.1187250" lon="-0.5663920">
    <ele>55.6</ele>
    <time>2020-07-28T12:44:16Z</time>
   </trkpt>
   <trkpt lat="51.1187000" lon="-0.5664500">
    <ele>55.6</ele>
    <time>2020-07-28T12:44:17Z</time>
   </trkpt>
   <trkpt lat="51.1186600" lon="-0.5665430">
    <ele>55.5</ele>
    <time>2020-07-28T12:44:19Z</time>
   </trkpt>
   <trkpt lat="51.1186330" lon="-0.5666120">
    <ele>55.4</ele>
    <time>2020-07-28T12:44:20Z</time>
   </trkpt>
   <trkpt lat="51.1185770" lon="-0.5667540">
    <ele>55.0</ele>
    <time>2020-07-28T12:44:22Z</time>
   </trkpt>
   <trkpt lat="51.1185470" lon="-0.5668270">
    <ele>54.8</ele>
    <time>2020-07-28T12:44:23Z</time>
   </trkpt>
   <trkpt lat="51.1185170" lon="-0.5669050">
    <ele>54.5</ele>
    <time>2020-07-28T12:44:24Z</time>
   </trkpt>
   <trkpt lat="51.1184610" lon="-0.5670740">
    <ele>53.7</ele>
    <time>2020-07-28T12:44:26Z</time>
   </trkpt>
   <trkpt lat="51.1184300" lon="-0.5671670">
    <ele>52.9</ele>
    <time>2020-07-28T12:44:27Z</time>
   </trkpt>
   <trkpt lat="51.1184000" lon="-0.5672650">
    <ele>52.0</ele>
    <time>2020-07-28T12:44:28Z</time>
   </trkpt>
   <trkpt lat="51.1183390" lon="-0.5674700">
    <ele>50.1</ele>
    <time>2020-07-28T12:44:30Z</time>
   </trkpt>
   <trkpt lat="51.1182840" lon="-0.5676800">
    <ele>48.3</ele>
    <time>2020-07-28T12:44:32Z</time>
   </trkpt>
   <trkpt lat="51.1181990" lon="-0.5678970">
    <ele>46.4</ele>
    <time>2020-07-28T12:44:34Z</time>
   </trkpt>
   <trkpt lat="51.1181620" lon="-0.5680130">
    <ele>45.5</ele>
    <time>2020-07-28T12:44:35Z</time>
   </trkpt>
   <trkpt lat="51.1181240" lon="-0.5681220">
    <ele>44.6</ele>
    <time>2020-07-28T12:44:36Z</time>
   </trkpt>
   <trkpt lat="51.1180660" lon="-0.5683510">
    <ele>42.8</ele>
    <time>2020-07-28T12:44:38Z</time>
   </trkpt>
   <trkpt lat="51.1180350" lon="-0.5684700">
    <ele>41.8</ele>
    <time>2020-07-28T12:44:39Z</time>
   </trkpt>
   <trkpt lat="51.1179790" lon="-0.5687000">
    <ele>40.1</ele>
    <time>2020-07-28T12:44:41Z</time>
   </trkpt>
   <trkpt lat="51.1179420" lon="-0.5689320">
    <ele>38.4</ele>
    <time>2020-07-28T12:44:43Z</time>
   </trkpt>
   <trkpt lat="51.1179260" lon="-0.5690700">
    <ele>37.5</ele>
    <time>2020-07-28T12:44:44Z</time>
   </trkpt>
   <trkpt lat="51.1179180" lon="-0.5692060">
    <ele>36.7</ele>
    <time>2020-07-28T12:44:45Z</time>
   </trkpt>
   <trkpt lat="51.1179130" lon="-0.5694640">
    <ele>35.8</ele>
    <time>2020-07-28T12:44:47Z</time>
   </trkpt>
   <trkpt lat="51.1179260" lon="-0.5695850">
    <ele>35.4</ele>
    <time>2020-07-28T12:44:48Z</time>
   </trkpt>
   <trkpt lat="51.1180220" lon="-0.5697890">
    <ele>34.8</ele>
    <time>2020-07-28T12:44:50Z</time>
   </trkpt>
   <trkpt lat="51.1181010" lon="-0.5699560">
    <ele>34.8</ele>
    <time>2020-07-28T12:44:52Z</time>
   </trkpt>
   <trkpt lat="51.1180980" lon="-0.5701390">
    <ele>34.8</ele>
    <time>2020-07-28T12:44:54Z</time>
   </trkpt>
   <trkpt lat="51.1180190" lon="-0.5703010">
    <ele>34.9</ele>
    <time>2020-07-28T12:44:56Z</time>
   </trkpt>
   <trkpt lat="51.1179500" lon="-0.5704570">
    <ele>35.0</ele>
    <time>2020-07-28T12:44:58Z</time>
   </trkpt>
   <trkpt lat="51.1178910" lon="-0.5705800">
    <ele>35.1</ele>
    <time>2020-07-28T12:45:00Z</time>
   </trkpt>
   <trkpt lat="51.1178660" lon="-0.5706390">
    <ele>35.2</ele>
    <time>2020-07-28T12:45:01Z</time>
   </trkpt>
   <trkpt lat="51.1178540" lon="-0.5706850">
    <ele>35.3</ele>
    <time>2020-07-28T12:45:02Z</time>
   </trkpt>
   <trkpt lat="51.1178220" lon="-0.5707590">
    <ele>35.3</ele>
    <time>2020-07-28T12:45:03Z</time>
   </trkpt>
   <trkpt lat="51.1177730" lon="-0.5709070">
    <ele>35.4</ele>
    <time>2020-07-28T12:45:05Z</time>
   </trkpt>
   <trkpt lat="51.1177190" lon="-0.5710500">
    <ele>35.3</ele>
    <time>2020-07-28T12:45:07Z</time>
   </trkpt>
   <trkpt lat="51.1176890" lon="-0.5711270">
    <ele>35.2</ele>
    <time>2020-07-28T12:45:08Z</time>
   </trkpt>
   <trkpt lat="51.1176270" lon="-0.5712730">
    <ele>35.2</ele>
    <time>2020-07-28T12:45:10Z</time>
   </trkpt>
   <trkpt lat="51.1175600" lon="-0.5713850">
    <ele>35.5</ele>
    <time>2020-07-28T12:45:12Z</time>
   </trkpt>
   <trkpt lat="51.1175430" lon="-0.5714520">
    <ele>35.7</ele>
    <time>2020-07-28T12:45:13Z</time>
   </trkpt>
   <trkpt lat="51.1175010" lon="-0.5715820">
    <ele>36.4</ele>
    <time>2020-07-28T12:45:15Z</time>
   </trkpt>
   <trkpt lat="51.1175050" lon="-0.5716400">
    <ele>36.8</ele>
    <time>2020-07-28T12:45:16Z</time>
   </trkpt>
   <trkpt lat="51.1174900" lon="-0.5717990">
    <ele>37.7</ele>
    <time>2020-07-28T12:45:18Z</time>
   </trkpt>
   <trkpt lat="51.1174820" lon="-0.5719530">
    <ele>38.6</ele>
    <time>2020-07-28T12:45:20Z</time>
   </trkpt>
   <trkpt lat="51.1174830" lon="-0.5720370">
    <ele>39.2</ele>
    <time>2020-07-28T12:45:21Z</time>
   </trkpt>
   <trkpt lat="51.1174720" lon="-0.5721730">
    <ele>40.2</ele>
    <time>2020-07-28T12:45:22Z</time>
   </trkpt>
   <trkpt lat="51.1174720" lon="-0.5722240">
    <ele>40.5</ele>
    <time>2020-07-28T12:45:23Z</time>
   </trkpt>
   <trkpt lat="51.1174690" lon="-0.5722920">
    <ele>41.0</ele>
    <time>2020-07-28T12:45:25Z</time>
   </trkpt>
   <trkpt lat="51.1174520" lon="-0.5723340">
    <ele>41.3</ele>
    <time>2020-07-28T12:45:26Z</time>
   </trkpt>
   <trkpt lat="51.1174500" lon="-0.5723440">
    <ele>41.4</ele>
    <time>2020-07-28T12:45:27Z</time>
   </trkpt>
   <trkpt lat="51.1174580" lon="-0.5724350">
    <ele>42.0</ele>
    <time>2020-07-28T12:45:28Z</time>
   </trkpt>
   <trkpt lat="51.1174660" lon="-0.5724860">
    <ele>42.3</ele>
    <time>2020-07-28T12:45:29Z</time>
   </trkpt>
   <trkpt lat="51.1174960" lon="-0.5726110">
    <ele>43.1</ele>
    <time>2020-07-28T12:45:31Z</time>
   </trkpt>
   <trkpt lat="51.1175330" lon="-0.5726980">
    <ele>43.8</ele>
    <time>2020-07-28T12:45:33Z</time>
   </trkpt>
   <trkpt lat="51.1175660" lon="-0.5727850">
    <ele>44.5</ele>
    <time>2020-07-28T12:45:34Z</time>
   </trkpt>
   <trkpt lat="51.1175890" lon="-0.5728460">
    <ele>45.0</ele>
    <time>2020-07-28T12:45:36Z</time>
   </trkpt>
   <trkpt lat="51.1176160" lon="-0.5729230">
    <ele>45.5</ele>
    <time>2020-07-28T12:45:37Z</time>
   </trkpt>
   <trkpt lat="51.1176350" lon="-0.5729750">
    <ele>45.8</ele>
    <time>2020-07-28T12:45:39Z</time>
   </trkpt>
   <trkpt lat="51.1176540" lon="-0.5730180">
    <ele>46.0</ele>
    <time>2020-07-28T12:45:40Z</time>
   </trkpt>
   <trkpt lat="51.1176730" lon="-0.5730590">
    <ele>46.2</ele>
    <time>2020-07-28T12:45:41Z</time>
   </trkpt>
   <trkpt lat="51.1177360" lon="-0.5731750">
    <ele>46.6</ele>
    <time>2020-07-28T12:45:43Z</time>
   </trkpt>
   <trkpt lat="51.1177960" lon="-0.5733050">
    <ele>47.0</ele>
    <time>2020-07-28T12:45:45Z</time>
   </trkpt>
   <trkpt lat="51.1178310" lon="-0.5733800">
    <ele>47.2</ele>
    <time>2020-07-28T12:45:47Z</time>
   </trkpt>
   <trkpt lat="51.1178510" lon="-0.5734090">
    <ele>47.3</ele>
    <time>2020-07-28T12:45:48Z</time>
   </trkpt>
   <trkpt lat="51.1178640" lon="-0.5734830">
    <ele>47.4</ele>
    <time>2020-07-28T12:45:50Z</time>
   </trkpt>
   <trkpt lat="51.1178670" lon="-0.5735590">
    <ele>47.6</ele>
    <time>2020-07-28T12:45:52Z</time>
   </trkpt>
   <trkpt lat="51.1178720" lon="-0.5736080">
    <ele>47.7</ele>
    <time>2020-07-28T12:45:53Z</time>
   </trkpt>
   <trkpt lat="51.1178760" lon="-0.5736530">
    <ele>47.8</ele>
    <time>2020-07-28T12:45:54Z</time>
   </trkpt>
   <trkpt lat="51.1178980" lon="-0.5737270">
    <ele>47.9</ele>
    <time>2020-07-28T12:45:56Z</time>
   </trkpt>
   <trkpt lat="51.1179100" lon="-0.5737870">
    <ele>48.0</ele>
    <time>2020-07-28T12:45:57Z</time>
   </trkpt>
   <trkpt lat="51.1179390" lon="-0.5738750">
    <ele>48.2</ele>
    <time>2020-07-28T12:45:59Z</time>
   </trkpt>
   <trkpt lat="51.1179620" lon="-0.5739180">
    <ele>48.3</ele>
    <time>2020-07-28T12:46:00Z</time>
   </trkpt>
   <trkpt lat="51.1179870" lon="-0.5739610">
    <ele>48.5</ele>
    <time>2020-07-28T12:46:01Z</time>
   </trkpt>
   <trkpt lat="51.1180100" lon="-0.5740000">
    <ele>48.7</ele>
    <time>2020-07-28T12:46:02Z</time>
   </trkpt>
   <trkpt lat="51.1180430" lon="-0.5740400">
    <ele>49.0</ele>
    <time>2020-07-28T12:46:03Z</time>
   </trkpt>
   <trkpt lat="51.1180660" lon="-0.5740630">
    <ele>49.2</ele>
    <time>2020-07-28T12:46:04Z</time>
   </trkpt>
   <trkpt lat="51.1180880" lon="-0.5740900">
    <ele>49.4</ele>
    <time>2020-07-28T12:46:05Z</time>
   </trkpt>
   <trkpt lat="51.1181210" lon="-0.5741260">
    <ele>49.6</ele>
    <time>2020-07-28T12:46:07Z</time>
   </trkpt>
   <trkpt lat="51.1181430" lon="-0.5741370">
    <ele>49.8</ele>
    <time>2020-07-28T12:46:08Z</time>
   </trkpt>
   <trkpt lat="51.1181880" lon="-0.5741160">
    <ele>50.1</ele>
    <time>2020-07-28T12:46:10Z</time>
   </trkpt>
   <trkpt lat="51.1182060" lon="-0.5740910">
    <ele>50.2</ele>
    <time>2020-07-28T12:46:11Z</time>
   </trkpt>
   <trkpt lat="51.1182290" lon="-0.5740230">
    <ele>50.5</ele>
    <time>2020-07-28T12:46:13Z</time>
   </trkpt>
   <trkpt lat="51.1182450" lon="-0.5739860">
    <ele>50.6</ele>
    <time>2020-07-28T12:46:14Z</time>
   </trkpt>
   <trkpt lat="51.1182720" lon="-0.5739070">
    <ele>50.8</ele>
    <time>2020-07-28T12:46:16Z</time>
   </trkpt>
   <trkpt lat="51.1182950" lon="-0.5738520">
    <ele>50.9</ele>
    <time>2020-07-28T12:46:17Z</time>
   </trkpt>
   <trkpt lat="51.1183160" lon="-0.5737970">
    <ele>51.0</ele>
    <time>2020-07-28T12:46:19Z</time>
   </trkpt>
   <trkpt lat="51.1183350" lon="-0.5737550">
    <ele>51.1</ele>
    <time>2020-07-28T12:46:20Z</time>
   </trkpt>
   <trkpt lat="51.1183590" lon="-0.5737270">
    <ele>51.2</ele>
    <time>2020-07-28T12:46:21Z</time>
   </trkpt>
   <trkpt lat="51.1183870" lon="-0.5737150">
    <ele>51.3</ele>
    <time>2020-07-28T12:46:22Z</time>
   </trkpt>
   <trkpt lat="51.1184160" lon="-0.5737680">
    <ele>51.4</ele>
    <time>2020-07-28T12:46:24Z</time>
   </trkpt>
   <trkpt lat="51.1184290" lon="-0.5738360">
    <ele>51.5</ele>
    <time>2020-07-28T12:46:25Z</time>
   </trkpt>
   <trkpt lat="51.1184350" lon="-0.5738550">
    <ele>51.5</ele>
    <time>2020-07-28T12:46:27Z</time>
   </trkpt>
   <trkpt lat="51.1184550" lon="-0.5738440">
    <ele>51.6</ele>
    <time>2020-07-28T12:46:28Z</time>
   </trkpt>
   <trkpt lat="51.1184660" lon="-0.5738380">
    <ele>51.6</ele>
    <time>2020-07-28T12:46:29Z</time>
   </trkpt>
   <trkpt lat="51.1184670" lon="-0.5738250">
    <ele>51.6</ele>
    <time>2020-07-28T12:46:31Z</time>
   </trkpt>
  </trkseg>
 </trk>
</gpx>
