<?xml version="1.0" encoding="UTF-8"?>
<gpx creator="StravaGPX" version="1.1" xmlns="http://www.topografix.com/GPX/1/1" xmlns:xsi="http://www.w3.org/2001/XMLSchema-instance" xsi:schemaLocation="http://www.topografix.com/GPX/1/1 http://www.topografix.com/GPX/1/1/gpx.xsd">
 <metadata>
  <time>2020-08-03T10:34:21Z</time>
 </metadata>
 <trk>
  <name>Final week of the bike in England</name>
  <type>cycling</type>
  <trkseg>
   <trkpt lat="51.1184480" lon="-0.5737810">
    <ele>51.6</ele>
    <time>2020-08-03T10:34:21Z</time>
   </trkpt>
   <trkpt lat="51.1184530" lon="-0.5737780">
    <ele>51.6</ele>
    <time>2020-08-03T10:34:22Z</time>
   </trkpt>
   <trkpt lat="51.1183970" lon="-0.5737330">
    <ele>51.7</ele>
    <time>2020-08-03T10:34:24Z</time>
   </trkpt>
   <trkpt lat="51.1184250" lon="-0.5737570">
    <ele>51.7</ele>
    <time>2020-08-03T10:34:26Z</time>
   </trkpt>
   <trkpt lat="51.1184350" lon="-0.5737630">
    <ele>51.7</ele>
    <time>2020-08-03T10:34:27Z</time>
   </trkpt>
   <trkpt lat="51.1184430" lon="-0.5737690">
    <ele>51.7</ele>
    <time>2020-08-03T10:34:28Z</time>
   </trkpt>
   <trkpt lat="51.1184460" lon="-0.5737750">
    <ele>51.7</ele>
    <time>2020-08-03T10:34:29Z</time>
   </trkpt>
   <trkpt lat="51.1184510" lon="-0.5737730">
    <ele>51.8</ele>
    <time>2020-08-03T10:34:30Z</time>
   </trkpt>
   <trkpt lat="51.1184570" lon="-0.5737700">
    <ele>51.8</ele>
    <time>2020-08-03T10:34:32Z</time>
   </trkpt>
   <trkpt lat="51.1184570" lon="-0.5737670">
    <ele>51.8</ele>
    <time>2020-08-03T10:34:34Z</time>
   </trkpt>
   <trkpt lat="51.1184610" lon="-0.5737620">
    <ele>51.8</ele>
    <time>2020-08-03T10:34:36Z</time>
   </trkpt>
   <trkpt lat="51.1184730" lon="-0.5737600">
    <ele>51.8</ele>
    <time>2020-08-03T10:34:37Z</time>
   </trkpt>
   <trkpt lat="51.1184840" lon="-0.5737560">
    <ele>51.8</ele>
    <time>2020-08-03T10:34:38Z</time>
   </trkpt>
   <trkpt lat="51.1185010" lon="-0.5737550">
    <ele>51.8</ele>
    <time>2020-08-03T10:34:40Z</time>
   </trkpt>
   <trkpt lat="51.1185150" lon="-0.5737390">
    <ele>51.8</ele>
    <time>2020-08-03T10:34:41Z</time>
   </trkpt>
   <trkpt lat="51.1185430" lon="-0.5736980">
    <ele>51.7</ele>
    <time>2020-08-03T10:34:43Z</time>
   </trkpt>
   <trkpt lat="51.1185520" lon="-0.5736840">
    <ele>51.7</ele>
    <time>2020-08-03T10:34:44Z</time>
   </trkpt>
   <trkpt lat="51.1185750" lon="-0.5736510">
    <ele>51.7</ele>
    <time>2020-08-03T10:34:45Z</time>
   </trkpt>
   <trkpt lat="51.1186470" lon="-0.5735270">
    <ele>51.4</ele>
    <time>2020-08-03T10:34:46Z</time>
   </trkpt>
   <trkpt lat="51.1187170" lon="-0.5734200">
    <ele>51.1</ele>
    <time>2020-08-03T10:34:47Z</time>
   </trkpt>
   <trkpt lat="51.1187760" lon="-0.5733370">
    <ele>50.9</ele>
    <time>2020-08-03T10:34:48Z</time>
   </trkpt>
   <trkpt lat="51.1188960" lon="-0.5731950">
    <ele>50.4</ele>
    <time>2020-08-03T10:34:50Z</time>
   </trkpt>
   <trkpt lat="51.1189550" lon="-0.5731150">
    <ele>50.3</ele>
    <time>2020-08-03T10:34:51Z</time>
   </trkpt>
   <trkpt lat="51.1190780" lon="-0.5729670">
    <ele>50.0</ele>
    <time>2020-08-03T10:34:53Z</time>
   </trkpt>
   <trkpt lat="51.1191220" lon="-0.5728710">
    <ele>49.9</ele>
    <time>2020-08-03T10:34:54Z</time>
   </trkpt>
   <trkpt lat="51.1191600" lon="-0.5727760">
    <ele>49.8</ele>
    <time>2020-08-03T10:34:55Z</time>
   </trkpt>
   <trkpt lat="51.1191960" lon="-0.5725850">
    <ele>49.8</ele>
    <time>2020-08-03T10:34:57Z</time>
   </trkpt>
   <trkpt lat="51.1192220" lon="-0.5724110">
    <ele>50.0</ele>
    <time>2020-08-03T10:34:59Z</time>
   </trkpt>
   <trkpt lat="51.1192240" lon="-0.5722580">
    <ele>50.2</ele>
    <time>2020-08-03T10:35:01Z</time>
   </trkpt>
   <trkpt lat="51.1192100" lon="-0.5721630">
    <ele>50.4</ele>
    <time>2020-08-03T10:35:03Z</time>
   </trkpt>
   <trkpt lat="51.1192100" lon="-0.5720810">
    <ele>50.5</ele>
    <time>2020-08-03T10:35:04Z</time>
   </trkpt>
   <trkpt lat="51.1191920" lon="-0.5719360">
    <ele>50.7</ele>
    <time>2020-08-03T10:35:06Z</time>
   </trkpt>
   <trkpt lat="51.1191980" lon="-0.5717900">
    <ele>50.8</ele>
    <time>2020-08-03T10:35:08Z</time>
   </trkpt>
   <trkpt lat="51.1192020" lon="-0.5716500">
    <ele>50.9</ele>
    <time>2020-08-03T10:35:10Z</time>
   </trkpt>
   <trkpt lat="51.1191890" lon="-0.5715510">
    <ele>50.9</ele>
    <time>2020-08-03T10:35:12Z</time>
   </trkpt>
   <trkpt lat="51.1191710" lon="-0.5714950">
    <ele>50.9</ele>
    <time>2020-08-03T10:35:13Z</time>
   </trkpt>
   <trkpt lat="51.1190980" lon="-0.5713920">
    <ele>50.4</ele>
    <time>2020-08-03T10:35:15Z</time>
   </trkpt>
   <trkpt lat="51.1190480" lon="-0.5713580">
    <ele>50.0</ele>
    <time>2020-08-03T10:35:16Z</time>
   </trkpt>
   <trkpt lat="51.1189460" lon="-0.5712580">
    <ele>49.2</ele>
    <time>2020-08-03T10:35:18Z</time>
   </trkpt>
   <trkpt lat="51.1188570" lon="-0.5711340">
    <ele>48.2</ele>
    <time>2020-08-03T10:35:20Z</time>
   </trkpt>
   <trkpt lat="51.1188080" lon="-0.5710670">
    <ele>47.5</ele>
    <time>2020-08-03T10:35:21Z</time>
   </trkpt>
   <trkpt lat="51.1187120" lon="-0.5709260">
    <ele>45.8</ele>
    <time>2020-08-03T10:35:23Z</time>
   </trkpt>
   <trkpt lat="51.1186290" lon="-0.5707970">
    <ele>43.7</ele>
    <time>2020-08-03T10:35:25Z</time>
   </trkpt>
   <trkpt lat="51.1185230" lon="-0.5706190">
    <ele>40.7</ele>
    <time>2020-08-03T10:35:27Z</time>
   </trkpt>
   <trkpt lat="51.1183920" lon="-0.5704250">
    <ele>37.6</ele>
    <time>2020-08-03T10:35:29Z</time>
   </trkpt>
   <trkpt lat="51.1182640" lon="-0.5702270">
    <ele>35.7</ele>
    <time>2020-08-03T10:35:31Z</time>
   </trkpt>
   <trkpt lat="51.1182010" lon="-0.5701190">
    <ele>35.2</ele>
    <time>2020-08-03T10:35:32Z</time>
   </trkpt>
   <trkpt lat="51.1180800" lon="-0.5699060">
    <ele>34.8</ele>
    <time>2020-08-03T10:35:34Z</time>
   </trkpt>
   <trkpt lat="51.1180310" lon="-0.5697840">
    <ele>34.9</ele>
    <time>2020-08-03T10:35:35Z</time>
   </trkpt>
   <trkpt lat="51.1179700" lon="-0.5695470">
    <ele>35.4</ele>
    <time>2020-08-03T10:35:37Z</time>
   </trkpt>
   <trkpt lat="51.1179480" lon="-0.5693210">
    <ele>36.3</ele>
    <time>2020-08-03T10:35:39Z</time>
   </trkpt>
   <trkpt lat="51.1179760" lon="-0.5692080">
    <ele>36.8</ele>
    <time>2020-08-03T10:35:40Z</time>
   </trkpt>
   <trkpt lat="51.1180120" lon="-0.5690160">
    <ele>37.9</ele>
    <time>2020-08-03T10:35:42Z</time>
   </trkpt>
   <trkpt lat="51.1180460" lon="-0.5688340">
    <ele>39.1</ele>
    <time>2020-08-03T10:35:44Z</time>
   </trkpt>
   <trkpt lat="51.1180690" lon="-0.5687530">
    <ele>39.8</ele>
    <time>2020-08-03T10:35:45Z</time>
   </trkpt>
   <trkpt lat="51.1180880" lon="-0.5686760">
    <ele>40.3</ele>
    <time>2020-08-03T10:35:46Z</time>
   </trkpt>
   <trkpt lat="51.1181240" lon="-0.5685220">
    <ele>41.5</ele>
    <time>2020-08-03T10:35:48Z</time>
   </trkpt>
   <trkpt lat="51.1181440" lon="-0.5684060">
    <ele>42.3</ele>
    <time>2020-08-03T10:35:50Z</time>
   </trkpt>
   <trkpt lat="51.1181530" lon="-0.5683530">
    <ele>42.7</ele>
    <time>2020-08-03T10:35:51Z</time>
   </trkpt>
   <trkpt lat="51.1181890" lon="-0.5682090">
    <ele>43.8</ele>
    <time>2020-08-03T10:35:53Z</time>
   </trkpt>
   <trkpt lat="51.1182400" lon="-0.5680740">
    <ele>44.9</ele>
    <time>2020-08-03T10:35:55Z</time>
   </trkpt>
   <trkpt lat="51.1182630" lon="-0.5680460">
    <ele>45.2</ele>
    <time>2020-08-03T10:35:56Z</time>
   </trkpt>
   <trkpt lat="51.1182860" lon="-0.5680010">
    <ele>45.6</ele>
    <time>2020-08-03T10:35:58Z</time>
   </trkpt>
   <trkpt lat="51.1182960" lon="-0.5679500">
    <ele>46.0</ele>
    <time>2020-08-03T10:35:59Z</time>
   </trkpt>
   <trkpt lat="51.1183600" lon="-0.5677490">
    <ele>47.5</ele>
    <time>2020-08-03T10:36:01Z</time>
   </trkpt>
   <trkpt lat="51.1183940" lon="-0.5676290">
    <ele>48.4</ele>
    <time>2020-08-03T10:36:02Z</time>
   </trkpt>
   <trkpt lat="51.1183460" lon="-0.5676440">
    <ele>49.0</ele>
    <time>2020-08-03T10:36:04Z</time>
   </trkpt>
   <trkpt lat="51.1183550" lon="-0.5676030">
    <ele>49.4</ele>
    <time>2020-08-03T10:36:05Z</time>
   </trkpt>
   <trkpt lat="51.1183670" lon="-0.5675790">
    <ele>49.6</ele>
    <time>2020-08-03T10:36:06Z</time>
   </trkpt>
   <trkpt lat="51.1183980" lon="-0.5675330">
    <ele>50.1</ele>
    <time>2020-08-03T10:36:07Z</time>
   </trkpt>
   <trkpt lat="51.1184380" lon="-0.5674360">
    <ele>51.1</ele>
    <time>2020-08-03T10:36:09Z</time>
   </trkpt>
   <trkpt lat="51.1184930" lon="-0.5672800">
    <ele>52.5</ele>
    <time>2020-08-03T10:36:10Z</time>
   </trkpt>
   <trkpt lat="51.1185260" lon="-0.5671860">
    <ele>53.3</ele>
    <time>2020-08-03T10:36:11Z</time>
   </trkpt>
   <trkpt lat="51.1185530" lon="-0.5671120">
    <ele>53.9</ele>
    <time>2020-08-03T10:36:13Z</time>
   </trkpt>
   <trkpt lat="51.1185820" lon="-0.5670430">
    <ele>54.2</ele>
    <time>2020-08-03T10:36:14Z</time>
   </trkpt>
   <trkpt lat="51.1186060" lon="-0.5669870">
    <ele>54.5</ele>
    <time>2020-08-03T10:36:15Z</time>
   </trkpt>
   <trkpt lat="51.1186260" lon="-0.5669240">
    <ele>54.7</ele>
    <time>2020-08-03T10:36:17Z</time>
   </trkpt>
   <trkpt lat="51.1186420" lon="-0.5668590">
    <ele>54.9</ele>
    <time>2020-08-03T10:36:18Z</time>
   </trkpt>
   <trkpt lat="51.1186550" lon="-0.5668050">
    <ele>55.1</ele>
    <time>2020-08-03T10:36:19Z</time>
   </trkpt>
   <trkpt lat="51.1186740" lon="-0.5667400">
    <ele>55.3</ele>
    <time>2020-08-03T10:36:21Z</time>
   </trkpt>
   <trkpt lat="51.1186990" lon="-0.5666820">
    <ele>55.4</ele>
    <time>2020-08-03T10:36:22Z</time>
   </trkpt>
   <trkpt lat="51.1187310" lon="-0.5666020">
    <ele>55.5</ele>
    <time>2020-08-03T10:36:24Z</time>
   </trkpt>
   <trkpt lat="51.1187560" lon="-0.5665400">
    <ele>55.6</ele>
    <time>2020-08-03T10:36:25Z</time>
   </trkpt>
   <trkpt lat="51.1187840" lon="-0.5664600">
    <ele>55.6</ele>
    <time>2020-08-03T10:36:27Z</time>
   </trkpt>
   <trkpt lat="51.1188110" lon="-0.5663850">
    <ele>55.6</ele>
    <time>2020-08-03T10:36:28Z</time>
   </trkpt>
   <trkpt lat="51.1188390" lon="-0.5662960">
    <ele>55.6</ele>
    <time>2020-08-03T10:36:29Z</time>
   </trkpt>
   <trkpt lat="51.1188640" lon="-0.5662060">
    <ele>55.5</ele>
    <time>2020-08-03T10:36:30Z</time>
   </trkpt>
   <trkpt lat="51.1189190" lon="-0.5660300">
    <ele>55.4</ele>
    <time>2020-08-03T10:36:32Z</time>
   </trkpt>
   <trkpt lat="51.1189480" lon="-0.5659470">
    <ele>55.4</ele>
    <time>2020-08-03T10:36:33Z</time>
   </trkpt>
   <trkpt lat="51.1189740" lon="-0.5658630">
    <ele>55.4</ele>
    <time>2020-08-03T10:36:34Z</time>
   </trkpt>
   <trkpt lat="51.1189980" lon="-0.5657750">
    <ele>55.3</ele>
    <time>2020-08-03T10:36:35Z</time>
   </trkpt>
   <trkpt lat="51.1190410" lon="-0.5655920">
    <ele>55.3</ele>
    <time>2020-08-03T10:36:37Z</time>
   </trkpt>
   <trkpt lat="51.1190590" lon="-0.5654830">
    <ele>55.2</ele>
    <time>2020-08-03T10:36:38Z</time>
   </trkpt>
   <trkpt lat="51.1190980" lon="-0.5652760">
    <ele>55.2</ele>
    <time>2020-08-03T10:36:40Z</time>
   </trkpt>
   <trkpt lat="51.1191320" lon="-0.5650630">
    <ele>55.1</ele>
    <time>2020-08-03T10:36:42Z</time>
   </trkpt>
   <trkpt lat="51.1191580" lon="-0.5648480">
    <ele>55.0</ele>
    <time>2020-08-03T10:36:44Z</time>
   </trkpt>
   <trkpt lat="51.1191890" lon="-0.5646310">
    <ele>54.9</ele>
    <time>2020-08-03T10:36:46Z</time>
   </trkpt>
   <trkpt lat="51.1192040" lon="-0.5645280">
    <ele>54.8</ele>
    <time>2020-08-03T10:36:47Z</time>
   </trkpt>
   <trkpt lat="51.1192350" lon="-0.5643220">
    <ele>54.7</ele>
    <time>2020-08-03T10:36:49Z</time>
   </trkpt>
   <trkpt lat="51.1192520" lon="-0.5642200">
    <ele>54.5</ele>
    <time>2020-08-03T10:36:50Z</time>
   </trkpt>
   <trkpt lat="51.1192860" lon="-0.5640070">
    <ele>54.3</ele>
    <time>2020-08-03T10:36:52Z</time>
   </trkpt>
   <trkpt lat="51.1193030" lon="-0.5639060">
    <ele>54.2</ele>
    <time>2020-08-03T10:36:53Z</time>
   </trkpt>
   <trkpt lat="51.1193250" lon="-0.5637140">
    <ele>54.1</ele>
    <time>2020-08-03T10:36:55Z</time>
   </trkpt>
   <trkpt lat="51.1193470" lon="-0.5636300">
    <ele>54.0</ele>
    <time>2020-08-03T10:36:56Z</time>
   </trkpt>
   <trkpt lat="51.1194500" lon="-0.5635700">
    <ele>53.8</ele>
    <time>2020-08-03T10:36:58Z</time>
   </trkpt>
   <trkpt lat="51.1195110" lon="-0.5635830">
    <ele>53.7</ele>
    <time>2020-08-03T10:36:59Z</time>
   </trkpt>
   <trkpt lat="51.1195730" lon="-0.5635950">
    <ele>53.6</ele>
    <time>2020-08-03T10:37:00Z</time>
   </trkpt>
   <trkpt lat="51.1197030" lon="-0.5636140">
    <ele>53.6</ele>
    <time>2020-08-03T10:37:02Z</time>
   </trkpt>
   <trkpt lat="51.1197690" lon="-0.5636170">
    <ele>53.6</ele>
    <time>2020-08-03T10:37:03Z</time>
   </trkpt>
   <trkpt lat="51.1198320" lon="-0.5636230">
    <ele>53.6</ele>
    <time>2020-08-03T10:37:04Z</time>
   </trkpt>
   <trkpt lat="51.1199540" lon="-0.5636470">
    <ele>53.7</ele>
    <time>2020-08-03T10:37:06Z</time>
   </trkpt>
   <trkpt lat="51.1200150" lon="-0.5636520">
    <ele>53.8</ele>
    <time>2020-08-03T10:37:07Z</time>
   </trkpt>
   <trkpt lat="51.1200750" lon="-0.5636540">
    <ele>53.9</ele>
    <time>2020-08-03T10:37:08Z</time>
   </trkpt>
   <trkpt lat="51.1201980" lon="-0.5636400">
    <ele>54.1</ele>
    <time>2020-08-03T10:37:10Z</time>
   </trkpt>
   <trkpt lat="51.1202590" lon="-0.5636330">
    <ele>54.1</ele>
    <time>2020-08-03T10:37:11Z</time>
   </trkpt>
   <trkpt lat="51.1203190" lon="-0.5636340">
    <ele>54.2</ele>
    <time>2020-08-03T10:37:12Z</time>
   </trkpt>
   <trkpt lat="51.1204390" lon="-0.5636330">
    <ele>54.4</ele>
    <time>2020-08-03T10:37:14Z</time>
   </trkpt>
   <trkpt lat="51.1205580" lon="-0.5636360">
    <ele>54.5</ele>
    <time>2020-08-03T10:37:16Z</time>
   </trkpt>
   <trkpt lat="51.1206810" lon="-0.5636190">
    <ele>54.7</ele>
    <time>2020-08-03T10:37:18Z</time>
   </trkpt>
   <trkpt lat="51.1207440" lon="-0.5636140">
    <ele>54.7</ele>
    <time>2020-08-03T10:37:19Z</time>
   </trkpt>
   <trkpt lat="51.1208040" lon="-0.5636060">
    <ele>54.8</ele>
    <time>2020-08-03T10:37:20Z</time>
   </trkpt>
   <trkpt lat="51.1209240" lon="-0.5635820">
    <ele>55.1</ele>
    <time>2020-08-03T10:37:22Z</time>
   </trkpt>
   <trkpt lat="51.1209830" lon="-0.5635770">
    <ele>55.2</ele>
    <time>2020-08-03T10:37:23Z</time>
   </trkpt>
   <trkpt lat="51.1210990" lon="-0.5635530">
    <ele>55.5</ele>
    <time>2020-08-03T10:37:25Z</time>
   </trkpt>
   <trkpt lat="51.1211570" lon="-0.5635440">
    <ele>55.7</ele>
    <time>2020-08-03T10:37:26Z</time>
   </trkpt>
   <trkpt lat="51.1212740" lon="-0.5635230">
    <ele>56.2</ele>
    <time>2020-08-03T10:37:28Z</time>
   </trkpt>
   <trkpt lat="51.1213290" lon="-0.5635090">
    <ele>56.3</ele>
    <time>2020-08-03T10:37:29Z</time>
   </trkpt>
   <trkpt lat="51.1214430" lon="-0.5634920">
    <ele>56.1</ele>
    <time>2020-08-03T10:37:31Z</time>
   </trkpt>
   <trkpt lat="51.1215570" lon="-0.5634760">
    <ele>56.0</ele>
    <time>2020-08-03T10:37:33Z</time>
   </trkpt>
   <trkpt lat="51.1216770" lon="-0.5634660">
    <ele>55.9</ele>
    <time>2020-08-03T10:37:35Z</time>
   </trkpt>
   <trkpt lat="51.1217410" lon="-0.5634530">
    <ele>55.9</ele>
    <time>2020-08-03T10:37:36Z</time>
   </trkpt>
   <trkpt lat="51.1218030" lon="-0.5634420">
    <ele>55.8</ele>
    <time>2020-08-03T10:37:37Z</time>
   </trkpt>
   <trkpt lat="51.1218690" lon="-0.5634300">
    <ele>55.8</ele>
    <time>2020-08-03T10:37:38Z</time>
   </trkpt>
   <trkpt lat="51.1219290" lon="-0.5634220">
    <ele>55.7</ele>
    <time>2020-08-03T10:37:39Z</time>
   </trkpt>
   <trkpt lat="51.1220560" lon="-0.5634040">
    <ele>55.6</ele>
    <time>2020-08-03T10:37:41Z</time>
   </trkpt>
   <trkpt lat="51.1221820" lon="-0.5633660">
    <ele>55.6</ele>
    <time>2020-08-03T10:37:43Z</time>
   </trkpt>
   <trkpt lat="51.1223030" lon="-0.5633440">
    <ele>55.6</ele>
    <time>2020-08-03T10:37:45Z</time>
   </trkpt>
   <trkpt lat="51.1223660" lon="-0.5633330">
    <ele>55.7</ele>
    <time>2020-08-03T10:37:46Z</time>
   </trkpt>
   <trkpt lat="51.1224960" lon="-0.5633010">
    <ele>55.7</ele>
    <time>2020-08-03T10:37:48Z</time>
   </trkpt>
   <trkpt lat="51.1226190" lon="-0.5632750">
    <ele>55.5</ele>
    <time>2020-08-03T10:37:50Z</time>
   </trkpt>
   <trkpt lat="51.1226730" lon="-0.5632660">
    <ele>55.6</ele>
    <time>2020-08-03T10:37:51Z</time>
   </trkpt>
   <trkpt lat="51.1227920" lon="-0.5632410">
    <ele>55.7</ele>
    <time>2020-08-03T10:37:53Z</time>
   </trkpt>
   <trkpt lat="51.1229050" lon="-0.5631900">
    <ele>55.8</ele>
    <time>2020-08-03T10:37:55Z</time>
   </trkpt>
   <trkpt lat="51.1230210" lon="-0.5631140">
    <ele>55.9</ele>
    <time>2020-08-03T10:37:57Z</time>
   </trkpt>
   <trkpt lat="51.1230760" lon="-0.5630560">
    <ele>56.0</ele>
    <time>2020-08-03T10:37:58Z</time>
   </trkpt>
   <trkpt lat="51.1231680" lon="-0.5629160">
    <ele>56.1</ele>
    <time>2020-08-03T10:38:00Z</time>
   </trkpt>
   <trkpt lat="51.1232110" lon="-0.5628480">
    <ele>56.3</ele>
    <time>2020-08-03T10:38:01Z</time>
   </trkpt>
   <trkpt lat="51.1232530" lon="-0.5627740">
    <ele>56.4</ele>
    <time>2020-08-03T10:38:02Z</time>
   </trkpt>
   <trkpt lat="51.1233320" lon="-0.5626380">
    <ele>56.7</ele>
    <time>2020-08-03T10:38:04Z</time>
   </trkpt>
   <trkpt lat="51.1234120" lon="-0.5624910">
    <ele>57.0</ele>
    <time>2020-08-03T10:38:06Z</time>
   </trkpt>
   <trkpt lat="51.1234890" lon="-0.5623470">
    <ele>56.8</ele>
    <time>2020-08-03T10:38:08Z</time>
   </trkpt>
   <trkpt lat="51.1235710" lon="-0.5622070">
    <ele>56.8</ele>
    <time>2020-08-03T10:38:10Z</time>
   </trkpt>
   <trkpt lat="51.1236140" lon="-0.5621450">
    <ele>56.8</ele>
    <time>2020-08-03T10:38:11Z</time>
   </trkpt>
   <trkpt lat="51.1236580" lon="-0.5620820">
    <ele>56.8</ele>
    <time>2020-08-03T10:38:12Z</time>
   </trkpt>
   <trkpt lat="51.1237400" lon="-0.5619490">
    <ele>56.9</ele>
    <time>2020-08-03T10:38:14Z</time>
   </trkpt>
   <trkpt lat="51.1237820" lon="-0.5618830">
    <ele>57.0</ele>
    <time>2020-08-03T10:38:15Z</time>
   </trkpt>
   <trkpt lat="51.1238620" lon="-0.5617460">
    <ele>57.2</ele>
    <time>2020-08-03T10:38:17Z</time>
   </trkpt>
   <trkpt lat="51.1239020" lon="-0.5616840">
    <ele>57.3</ele>
    <time>2020-08-03T10:38:18Z</time>
   </trkpt>
   <trkpt lat="51.1239410" lon="-0.5616240">
    <ele>57.4</ele>
    <time>2020-08-03T10:38:19Z</time>
   </trkpt>
   <trkpt lat="51.1240190" lon="-0.5615160">
    <ele>57.7</ele>
    <time>2020-08-03T10:38:21Z</time>
   </trkpt>
   <trkpt lat="51.1241040" lon="-0.5614220">
    <ele>57.9</ele>
    <time>2020-08-03T10:38:23Z</time>
   </trkpt>
   <trkpt lat="51.1241510" lon="-0.5613640">
    <ele>58.0</ele>
    <time>2020-08-03T10:38:24Z</time>
   </trkpt>
   <trkpt lat="51.1242400" lon="-0.5612450">
    <ele>58.2</ele>
    <time>2020-08-03T10:38:26Z</time>
   </trkpt>
   <trkpt lat="51.1242820" lon="-0.5611810">
    <ele>58.3</ele>
    <time>2020-08-03T10:38:27Z</time>
   </trkpt>
   <trkpt lat="51.1243210" lon="-0.5611220">
    <ele>58.4</ele>
    <time>2020-08-03T10:38:28Z</time>
   </trkpt>
   <trkpt lat="51.1243960" lon="-0.5610130">
    <ele>58.6</ele>
    <time>2020-08-03T10:38:30Z</time>
   </trkpt>
   <trkpt lat="51.1244330" lon="-0.5609620">
    <ele>58.7</ele>
    <time>2020-08-03T10:38:31Z</time>
   </trkpt>
   <trkpt lat="51.1244710" lon="-0.5609110">
    <ele>58.8</ele>
    <time>2020-08-03T10:38:32Z</time>
   </trkpt>
   <trkpt lat="51.1245430" lon="-0.5608060">
    <ele>59.0</ele>
    <time>2020-08-03T10:38:34Z</time>
   </trkpt>
   <trkpt lat="51.1245780" lon="-0.5607470">
    <ele>59.1</ele>
    <time>2020-08-03T10:38:35Z</time>
   </trkpt>
   <trkpt lat="51.1246560" lon="-0.5606400">
    <ele>59.3</ele>
    <time>2020-08-03T10:38:37Z</time>
   </trkpt>
   <trkpt lat="51.1246950" lon="-0.5605890">
    <ele>59.4</ele>
    <time>2020-08-03T10:38:38Z</time>
   </trkpt>
   <trkpt lat="51.1247760" lon="-0.5604810">
    <ele>59.7</ele>
    <time>2020-08-03T10:38:40Z</time>
   </trkpt>
   <trkpt lat="51.1248140" lon="-0.5604260">
    <ele>59.8</ele>
    <time>2020-08-03T10:38:41Z</time>
   </trkpt>
   <trkpt lat="51.1248920" lon="-0.5603170">
    <ele>60.1</ele>
    <time>2020-08-03T10:38:43Z</time>
   </trkpt>
   <trkpt lat="51.1249310" lon="-0.5602720">
    <ele>60.3</ele>
    <time>2020-08-03T10:38:44Z</time>
   </trkpt>
   <trkpt lat="51.1250080" lon="-0.5601600">
    <ele>60.5</ele>
    <time>2020-08-03T10:38:46Z</time>
   </trkpt>
   <trkpt lat="51.1250470" lon="-0.5600950">
    <ele>60.6</ele>
    <time>2020-08-03T10:38:47Z</time>
   </trkpt>
   <trkpt lat="51.1251180" lon="-0.5599740">
    <ele>60.8</ele>
    <time>2020-08-03T10:38:49Z</time>
   </trkpt>
   <trkpt lat="51.1251820" lon="-0.5598890">
    <ele>60.9</ele>
    <time>2020-08-03T10:38:51Z</time>
   </trkpt>
   <trkpt lat="51.1252710" lon="-0.5597440">
    <ele>60.9</ele>
    <time>2020-08-03T10:38:53Z</time>
   </trkpt>
   <trkpt lat="51.1253180" lon="-0.5596810">
    <ele>61.0</ele>
    <time>2020-08-03T10:38:54Z</time>
   </trkpt>
   <trkpt lat="51.1254010" lon="-0.5595640">
    <ele>61.1</ele>
    <time>2020-08-03T10:38:56Z</time>
   </trkpt>
   <trkpt lat="51.1254420" lon="-0.5595020">
    <ele>61.2</ele>
    <time>2020-08-03T10:38:57Z</time>
   </trkpt>
   <trkpt lat="51.1255180" lon="-0.5593720">
    <ele>61.2</ele>
    <time>2020-08-03T10:38:59Z</time>
   </trkpt>
   <trkpt lat="51.1255580" lon="-0.5593060">
    <ele>61.2</ele>
    <time>2020-08-03T10:39:00Z</time>
   </trkpt>
   <trkpt lat="51.1255970" lon="-0.5592330">
    <ele>61.3</ele>
    <time>2020-08-03T10:39:01Z</time>
   </trkpt>
   <trkpt lat="51.1256760" lon="-0.5591100">
    <ele>61.3</ele>
    <time>2020-08-03T10:39:03Z</time>
   </trkpt>
   <trkpt lat="51.1257610" lon="-0.5589830">
    <ele>61.5</ele>
    <time>2020-08-03T10:39:05Z</time>
   </trkpt>
   <trkpt lat="51.1258380" lon="-0.5588630">
    <ele>61.6</ele>
    <time>2020-08-03T10:39:07Z</time>
   </trkpt>
   <trkpt lat="51.1259210" lon="-0.5587530">
    <ele>61.7</ele>
    <time>2020-08-03T10:39:09Z</time>
   </trkpt>
   <trkpt lat="51.1259650" lon="-0.5586890">
    <ele>61.7</ele>
    <time>2020-08-03T10:39:10Z</time>
   </trkpt>
   <trkpt lat="51.1260500" lon="-0.5585720">
    <ele>61.8</ele>
    <time>2020-08-03T10:39:12Z</time>
   </trkpt>
   <trkpt lat="51.1261390" lon="-0.5584650">
    <ele>61.9</ele>
    <time>2020-08-03T10:39:14Z</time>
   </trkpt>
   <trkpt lat="51.1261830" lon="-0.5584110">
    <ele>62.0</ele>
    <time>2020-08-03T10:39:15Z</time>
   </trkpt>
   <trkpt lat="51.1262270" lon="-0.5583540">
    <ele>62.1</ele>
    <time>2020-08-03T10:39:16Z</time>
   </trkpt>
   <trkpt lat="51.1262770" lon="-0.5582920">
    <ele>62.2</ele>
    <time>2020-08-03T10:39:17Z</time>
   </trkpt>
   <trkpt lat="51.1263240" lon="-0.5582380">
    <ele>62.3</ele>
    <time>2020-08-03T10:39:18Z</time>
   </trkpt>
   <trkpt lat="51.1264180" lon="-0.5581180">
    <ele>62.1</ele>
    <time>2020-08-03T10:39:20Z</time>
   </trkpt>
   <trkpt lat="51.1265080" lon="-0.5580080">
    <ele>61.8</ele>
    <time>2020-08-03T10:39:22Z</time>
   </trkpt>
   <trkpt lat="51.1265970" lon="-0.5579080">
    <ele>61.6</ele>
    <time>2020-08-03T10:39:24Z</time>
   </trkpt>
   <trkpt lat="51.1266440" lon="-0.5578520">
    <ele>61.6</ele>
    <time>2020-08-03T10:39:25Z</time>
   </trkpt>
   <trkpt lat="51.1266890" lon="-0.5577950">
    <ele>61.6</ele>
    <time>2020-08-03T10:39:26Z</time>
   </trkpt>
   <trkpt lat="51.1267700" lon="-0.5576940">
    <ele>61.7</ele>
    <time>2020-08-03T10:39:28Z</time>
   </trkpt>
   <trkpt lat="51.1268660" lon="-0.5575800">
    <ele>61.8</ele>
    <time>2020-08-03T10:39:30Z</time>
   </trkpt>
   <trkpt lat="51.1269120" lon="-0.5575420">
    <ele>61.9</ele>
    <time>2020-08-03T10:39:31Z</time>
   </trkpt>
   <trkpt lat="51.1269720" lon="-0.5574850">
    <ele>61.9</ele>
    <time>2020-08-03T10:39:32Z</time>
   </trkpt>
   <trkpt lat="51.1270580" lon="-0.5573690">
    <ele>61.8</ele>
    <time>2020-08-03T10:39:34Z</time>
   </trkpt>
   <trkpt lat="51.1270950" lon="-0.5573010">
    <ele>61.8</ele>
    <time>2020-08-03T10:39:35Z</time>
   </trkpt>
   <trkpt lat="51.1271700" lon="-0.5571690">
    <ele>61.8</ele>
    <time>2020-08-03T10:39:37Z</time>
   </trkpt>
   <trkpt lat="51.1272520" lon="-0.5570330">
    <ele>61.9</ele>
    <time>2020-08-03T10:39:39Z</time>
   </trkpt>
   <trkpt lat="51.1273370" lon="-0.5569290">
    <ele>62.1</ele>
    <time>2020-08-03T10:39:41Z</time>
   </trkpt>
   <trkpt lat="51.1273840" lon="-0.5568710">
    <ele>62.2</ele>
    <time>2020-08-03T10:39:42Z</time>
   </trkpt>
   <trkpt lat="51.1274690" lon="-0.5567520">
    <ele>62.4</ele>
    <time>2020-08-03T10:39:44Z</time>
   </trkpt>
   <trkpt lat="51.1275050" lon="-0.5566870">
    <ele>62.5</ele>
    <time>2020-08-03T10:39:45Z</time>
   </trkpt>
   <trkpt lat="51.1275810" lon="-0.5565630">
    <ele>62.8</ele>
    <time>2020-08-03T10:39:47Z</time>
   </trkpt>
   <trkpt lat="51.1276220" lon="-0.5565010">
    <ele>62.9</ele>
    <time>2020-08-03T10:39:48Z</time>
   </trkpt>
   <trkpt lat="51.1276640" lon="-0.5564420">
    <ele>63.0</ele>
    <time>2020-08-03T10:39:49Z</time>
   </trkpt>
   <trkpt lat="51.1277030" lon="-0.5563790">
    <ele>63.1</ele>
    <time>2020-08-03T10:39:50Z</time>
   </trkpt>
   <trkpt lat="51.1277490" lon="-0.5563230">
    <ele>63.2</ele>
    <time>2020-08-03T10:39:51Z</time>
   </trkpt>
   <trkpt lat="51.1278300" lon="-0.5562140">
    <ele>63.3</ele>
    <time>2020-08-03T10:39:53Z</time>
   </trkpt>
   <trkpt lat="51.1278740" lon="-0.5561430">
    <ele>63.3</ele>
    <time>2020-08-03T10:39:54Z</time>
   </trkpt>
   <trkpt lat="51.1279190" lon="-0.5560750">
    <ele>63.4</ele>
    <time>2020-08-03T10:39:55Z</time>
   </trkpt>
   <trkpt lat="51.1279680" lon="-0.5560030">
    <ele>63.4</ele>
    <time>2020-08-03T10:39:56Z</time>
   </trkpt>
   <trkpt lat="51.1280590" lon="-0.5558740">
    <ele>63.6</ele>
    <time>2020-08-03T10:39:58Z</time>
   </trkpt>
   <trkpt lat="51.1281010" lon="-0.5558090">
    <ele>63.7</ele>
    <time>2020-08-03T10:39:59Z</time>
   </trkpt>
   <trkpt lat="51.1281740" lon="-0.5556820">
    <ele>63.9</ele>
    <time>2020-08-03T10:40:01Z</time>
   </trkpt>
   <trkpt lat="51.1282570" lon="-0.5555630">
    <ele>64.1</ele>
    <time>2020-08-03T10:40:03Z</time>
   </trkpt>
   <trkpt lat="51.1283240" lon="-0.5554240">
    <ele>64.2</ele>
    <time>2020-08-03T10:40:05Z</time>
   </trkpt>
   <trkpt lat="51.1283960" lon="-0.5552990">
    <ele>64.2</ele>
    <time>2020-08-03T10:40:07Z</time>
   </trkpt>
   <trkpt lat="51.1284600" lon="-0.5551450">
    <ele>64.4</ele>
    <time>2020-08-03T10:40:09Z</time>
   </trkpt>
   <trkpt lat="51.1285250" lon="-0.5549960">
    <ele>64.5</ele>
    <time>2020-08-03T10:40:11Z</time>
   </trkpt>
   <trkpt lat="51.1285610" lon="-0.5549220">
    <ele>64.7</ele>
    <time>2020-08-03T10:40:12Z</time>
   </trkpt>
   <trkpt lat="51.1286510" lon="-0.5547860">
    <ele>65.1</ele>
    <time>2020-08-03T10:40:14Z</time>
   </trkpt>
   <trkpt lat="51.1286900" lon="-0.5547210">
    <ele>65.3</ele>
    <time>2020-08-03T10:40:15Z</time>
   </trkpt>
   <trkpt lat="51.1287320" lon="-0.5546610">
    <ele>65.5</ele>
    <time>2020-08-03T10:40:16Z</time>
   </trkpt>
   <trkpt lat="51.1287750" lon="-0.5546020">
    <ele>65.8</ele>
    <time>2020-08-03T10:40:17Z</time>
   </trkpt>
   <trkpt lat="51.1288490" lon="-0.5545060">
    <ele>66.2</ele>
    <time>2020-08-03T10:40:19Z</time>
   </trkpt>
   <trkpt lat="51.1288770" lon="-0.5544790">
    <ele>66.3</ele>
    <time>2020-08-03T10:40:20Z</time>
   </trkpt>
   <trkpt lat="51.1289030" lon="-0.5544490">
    <ele>66.4</ele>
    <time>2020-08-03T10:40:21Z</time>
   </trkpt>
   <trkpt lat="51.1289680" lon="-0.5543840">
    <ele>66.5</ele>
    <time>2020-08-03T10:40:23Z</time>
   </trkpt>
   <trkpt lat="51.1289990" lon="-0.5542360">
    <ele>66.4</ele>
    <time>2020-08-03T10:40:25Z</time>
   </trkpt>
   <trkpt lat="51.1290010" lon="-0.5541490">
    <ele>66.3</ele>
    <time>2020-08-03T10:40:26Z</time>
   </trkpt>
   <trkpt lat="51.1290150" lon="-0.5539770">
    <ele>66.2</ele>
    <time>2020-08-03T10:40:28Z</time>
   </trkpt>
   <trkpt lat="51.1290260" lon="-0.5538940">
    <ele>66.2</ele>
    <time>2020-08-03T10:40:29Z</time>
   </trkpt>
   <trkpt lat="51.1290360" lon="-0.5538160">
    <ele>66.2</ele>
    <time>2020-08-03T10:40:30Z</time>
   </trkpt>
   <trkpt lat="51.1290440" lon="-0.5537330">
    <ele>66.2</ele>
    <time>2020-08-03T10:40:31Z</time>
   </trkpt>
   <trkpt lat="51.1290540" lon="-0.5536580">
    <ele>66.2</ele>
    <time>2020-08-03T10:40:32Z</time>
   </trkpt>
   <trkpt lat="51.1290870" lon="-0.5535120">
    <ele>66.3</ele>
    <time>2020-08-03T10:40:34Z</time>
   </trkpt>
   <trkpt lat="51.1290990" lon="-0.5534000">
    <ele>66.4</ele>
    <time>2020-08-03T10:40:36Z</time>
   </trkpt>
   <trkpt lat="51.1290940" lon="-0.5533210">
    <ele>66.4</ele>
    <time>2020-08-03T10:40:38Z</time>
   </trkpt>
   <trkpt lat="51.1291190" lon="-0.5532450">
    <ele>66.5</ele>
    <time>2020-08-03T10:40:39Z</time>
   </trkpt>
   <trkpt lat="51.1291610" lon="-0.5530550">
    <ele>66.6</ele>
    <time>2020-08-03T10:40:41Z</time>
   </trkpt>
   <trkpt lat="51.1292040" lon="-0.5528670">
    <ele>66.7</ele>
    <time>2020-08-03T10:40:43Z</time>
   </trkpt>
   <trkpt lat="51.1292680" lon="-0.5526860">
    <ele>66.6</ele>
    <time>2020-08-03T10:40:45Z</time>
   </trkpt>
   <trkpt lat="51.1293410" lon="-0.5524840">
    <ele>66.4</ele>
    <time>2020-08-03T10:40:47Z</time>
   </trkpt>
   <trkpt lat="51.1293830" lon="-0.5523790">
    <ele>66.3</ele>
    <time>2020-08-03T10:40:48Z</time>
   </trkpt>
   <trkpt lat="51.1294600" lon="-0.5521810">
    <ele>65.9</ele>
    <time>2020-08-03T10:40:50Z</time>
   </trkpt>
   <trkpt lat="51.1295410" lon="-0.5519680">
    <ele>65.6</ele>
    <time>2020-08-03T10:40:52Z</time>
   </trkpt>
   <trkpt lat="51.1296280" lon="-0.5517510">
    <ele>65.3</ele>
    <time>2020-08-03T10:40:54Z</time>
   </trkpt>
   <trkpt lat="51.1296650" lon="-0.5516360">
    <ele>65.2</ele>
    <time>2020-08-03T10:40:55Z</time>
   </trkpt>
   <trkpt lat="51.1297220" lon="-0.5514420">
    <ele>65.1</ele>
    <time>2020-08-03T10:40:57Z</time>
   </trkpt>
   <trkpt lat="51.1297390" lon="-0.5513420">
    <ele>65.1</ele>
    <time>2020-08-03T10:40:58Z</time>
   </trkpt>
   <trkpt lat="51.1297600" lon="-0.5512300">
    <ele>65.1</ele>
    <time>2020-08-03T10:40:59Z</time>
   </trkpt>
   <trkpt lat="51.1298090" lon="-0.5509860">
    <ele>65.2</ele>
    <time>2020-08-03T10:41:01Z</time>
   </trkpt>
   <trkpt lat="51.1298610" lon="-0.5507460">
    <ele>65.2</ele>
    <time>2020-08-03T10:41:03Z</time>
   </trkpt>
   <trkpt lat="51.1299040" lon="-0.5505050">
    <ele>65.0</ele>
    <time>2020-08-03T10:41:05Z</time>
   </trkpt>
   <trkpt lat="51.1299220" lon="-0.5503870">
    <ele>64.9</ele>
    <time>2020-08-03T10:41:06Z</time>
   </trkpt>
   <trkpt lat="51.1299420" lon="-0.5502750">
    <ele>64.8</ele>
    <time>2020-08-03T10:41:07Z</time>
   </trkpt>
   <trkpt lat="51.1299890" lon="-0.5500670">
    <ele>64.8</ele>
    <time>2020-08-03T10:41:09Z</time>
   </trkpt>
   <trkpt lat="51.1300040" lon="-0.5499580">
    <ele>64.8</ele>
    <time>2020-08-03T10:41:10Z</time>
   </trkpt>
   <trkpt lat="51.1300440" lon="-0.5497390">
    <ele>64.9</ele>
    <time>2020-08-03T10:41:12Z</time>
   </trkpt>
   <trkpt lat="51.1300920" lon="-0.5495350">
    <ele>64.9</ele>
    <time>2020-08-03T10:41:14Z</time>
   </trkpt>
   <trkpt lat="51.1301380" lon="-0.5493430">
    <ele>64.9</ele>
    <time>2020-08-03T10:41:16Z</time>
   </trkpt>
   <trkpt lat="51.1302040" lon="-0.5491120">
    <ele>64.9</ele>
    <time>2020-08-03T10:41:18Z</time>
   </trkpt>
   <trkpt lat="51.1302550" lon="-0.5489070">
    <ele>65.0</ele>
    <time>2020-08-03T10:41:20Z</time>
   </trkpt>
   <trkpt lat="51.1302840" lon="-0.5488080">
    <ele>65.0</ele>
    <time>2020-08-03T10:41:21Z</time>
   </trkpt>
   <trkpt lat="51.1303520" lon="-0.5486220">
    <ele>65.1</ele>
    <time>2020-08-03T10:41:23Z</time>
   </trkpt>
   <trkpt lat="51.1303820" lon="-0.5485220">
    <ele>65.2</ele>
    <time>2020-08-03T10:41:24Z</time>
   </trkpt>
   <trkpt lat="51.1304130" lon="-0.5484250">
    <ele>65.3</ele>
    <time>2020-08-03T10:41:25Z</time>
   </trkpt>
   <trkpt lat="51.1304460" lon="-0.5483270">
    <ele>65.5</ele>
    <time>2020-08-03T10:41:26Z</time>
   </trkpt>
   <trkpt lat="51.1304790" lon="-0.5482320">
    <ele>65.6</ele>
    <time>2020-08-03T10:41:27Z</time>
   </trkpt>
   <trkpt lat="51.1305480" lon="-0.5480310">
    <ele>65.8</ele>
    <time>2020-08-03T10:41:29Z</time>
   </trkpt>
   <trkpt lat="51.1306060" lon="-0.5478380">
    <ele>65.9</ele>
    <time>2020-08-03T10:41:31Z</time>
   </trkpt>
   <trkpt lat="51.1306730" lon="-0.5476520">
    <ele>66.0</ele>
    <time>2020-08-03T10:41:33Z</time>
   </trkpt>
   <trkpt lat="51.1307300" lon="-0.5474760">
    <ele>66.2</ele>
    <time>2020-08-03T10:41:35Z</time>
   </trkpt>
   <trkpt lat="51.1307600" lon="-0.5473930">
    <ele>66.3</ele>
    <time>2020-08-03T10:41:36Z</time>
   </trkpt>
   <trkpt lat="51.1308250" lon="-0.5472310">
    <ele>66.4</ele>
    <time>2020-08-03T10:41:38Z</time>
   </trkpt>
   <trkpt lat="51.1308830" lon="-0.5470720">
    <ele>66.5</ele>
    <time>2020-08-03T10:41:40Z</time>
   </trkpt>
   <trkpt lat="51.1309380" lon="-0.5469280">
    <ele>66.6</ele>
    <time>2020-08-03T10:41:42Z</time>
   </trkpt>
   <trkpt lat="51.1309690" lon="-0.5468520">
    <ele>66.7</ele>
    <time>2020-08-03T10:41:43Z</time>
   </trkpt>
   <trkpt lat="51.1310250" lon="-0.5466980">
    <ele>66.7</ele>
    <time>2020-08-03T10:41:45Z</time>
   </trkpt>
   <trkpt lat="51.1310540" lon="-0.5466140">
    <ele>66.7</ele>
    <time>2020-08-03T10:41:46Z</time>
   </trkpt>
   <trkpt lat="51.1311220" lon="-0.5464400">
    <ele>66.6</ele>
    <time>2020-08-03T10:41:48Z</time>
   </trkpt>
   <trkpt lat="51.1311530" lon="-0.5463600">
    <ele>66.6</ele>
    <time>2020-08-03T10:41:49Z</time>
   </trkpt>
   <trkpt lat="51.1311840" lon="-0.5462770">
    <ele>66.5</ele>
    <time>2020-08-03T10:41:50Z</time>
   </trkpt>
   <trkpt lat="51.1312460" lon="-0.5461200">
    <ele>66.3</ele>
    <time>2020-08-03T10:41:52Z</time>
   </trkpt>
   <trkpt lat="51.1313060" lon="-0.5459720">
    <ele>66.1</ele>
    <time>2020-08-03T10:41:54Z</time>
   </trkpt>
   <trkpt lat="51.1313400" lon="-0.5458930">
    <ele>65.9</ele>
    <time>2020-08-03T10:41:55Z</time>
   </trkpt>
   <trkpt lat="51.1313670" lon="-0.5458240">
    <ele>65.8</ele>
    <time>2020-08-03T10:41:56Z</time>
   </trkpt>
   <trkpt lat="51.1314330" lon="-0.5456690">
    <ele>65.6</ele>
    <time>2020-08-03T10:41:58Z</time>
   </trkpt>
   <trkpt lat="51.1314790" lon="-0.5455760">
    <ele>65.5</ele>
    <time>2020-08-03T10:41:59Z</time>
   </trkpt>
   <trkpt lat="51.1315590" lon="-0.5454210">
    <ele>65.3</ele>
    <time>2020-08-03T10:42:01Z</time>
   </trkpt>
   <trkpt lat="51.1316100" lon="-0.5453330">
    <ele>65.0</ele>
    <time>2020-08-03T10:42:02Z</time>
   </trkpt>
   <trkpt lat="51.1317180" lon="-0.5451570">
    <ele>64.6</ele>
    <time>2020-08-03T10:42:04Z</time>
   </trkpt>
   <trkpt lat="51.1317720" lon="-0.5450570">
    <ele>64.3</ele>
    <time>2020-08-03T10:42:05Z</time>
   </trkpt>
   <trkpt lat="51.1318260" lon="-0.5449550">
    <ele>64.1</ele>
    <time>2020-08-03T10:42:06Z</time>
   </trkpt>
   <trkpt lat="51.1318760" lon="-0.5448510">
    <ele>63.9</ele>
    <time>2020-08-03T10:42:07Z</time>
   </trkpt>
   <trkpt lat="51.1319220" lon="-0.5447530">
    <ele>63.7</ele>
    <time>2020-08-03T10:42:08Z</time>
   </trkpt>
   <trkpt lat="51.1320260" lon="-0.5445470">
    <ele>63.2</ele>
    <time>2020-08-03T10:42:10Z</time>
   </trkpt>
   <trkpt lat="51.1320780" lon="-0.5444390">
    <ele>63.0</ele>
    <time>2020-08-03T10:42:11Z</time>
   </trkpt>
   <trkpt lat="51.1321750" lon="-0.5442130">
    <ele>62.5</ele>
    <time>2020-08-03T10:42:13Z</time>
   </trkpt>
   <trkpt lat="51.1322260" lon="-0.5441070">
    <ele>62.2</ele>
    <time>2020-08-03T10:42:14Z</time>
   </trkpt>
   <trkpt lat="51.1322780" lon="-0.5440040">
    <ele>61.9</ele>
    <time>2020-08-03T10:42:15Z</time>
   </trkpt>
   <trkpt lat="51.1323860" lon="-0.5438210">
    <ele>61.5</ele>
    <time>2020-08-03T10:42:17Z</time>
   </trkpt>
   <trkpt lat="51.1324420" lon="-0.5437210">
    <ele>61.3</ele>
    <time>2020-08-03T10:42:18Z</time>
   </trkpt>
   <trkpt lat="51.1324960" lon="-0.5436220">
    <ele>61.0</ele>
    <time>2020-08-03T10:42:19Z</time>
   </trkpt>
   <trkpt lat="51.1325430" lon="-0.5435160">
    <ele>60.8</ele>
    <time>2020-08-03T10:42:20Z</time>
   </trkpt>
   <trkpt lat="51.1326510" lon="-0.5433040">
    <ele>60.4</ele>
    <time>2020-08-03T10:42:22Z</time>
   </trkpt>
   <trkpt lat="51.1327080" lon="-0.5432000">
    <ele>60.2</ele>
    <time>2020-08-03T10:42:23Z</time>
   </trkpt>
   <trkpt lat="51.1328300" lon="-0.5429880">
    <ele>60.0</ele>
    <time>2020-08-03T10:42:25Z</time>
   </trkpt>
   <trkpt lat="51.1329310" lon="-0.5427750">
    <ele>59.7</ele>
    <time>2020-08-03T10:42:27Z</time>
   </trkpt>
   <trkpt lat="51.1330470" lon="-0.5425730">
    <ele>59.6</ele>
    <time>2020-08-03T10:42:29Z</time>
   </trkpt>
   <trkpt lat="51.1331630" lon="-0.5423870">
    <ele>59.5</ele>
    <time>2020-08-03T10:42:31Z</time>
   </trkpt>
   <trkpt lat="51.1332880" lon="-0.5422140">
    <ele>59.5</ele>
    <time>2020-08-03T10:42:33Z</time>
   </trkpt>
   <trkpt lat="51.1333930" lon="-0.5420280">
    <ele>59.6</ele>
    <time>2020-08-03T10:42:35Z</time>
   </trkpt>
   <trkpt lat="51.1334460" lon="-0.5419340">
    <ele>59.6</ele>
    <time>2020-08-03T10:42:36Z</time>
   </trkpt>
   <trkpt lat="51.1335060" lon="-0.5418330">
    <ele>59.6</ele>
    <time>2020-08-03T10:42:37Z</time>
   </trkpt>
   <trkpt lat="51.1335590" lon="-0.5417350">
    <ele>59.7</ele>
    <time>2020-08-03T10:42:38Z</time>
   </trkpt>
   <trkpt lat="51.1336090" lon="-0.5416340">
    <ele>59.8</ele>
    <time>2020-08-03T10:42:39Z</time>
   </trkpt>
   <trkpt lat="51.1336580" lon="-0.5415320">
    <ele>59.9</ele>
    <time>2020-08-03T10:42:40Z</time>
   </trkpt>
   <trkpt lat="51.1337490" lon="-0.5413320">
    <ele>60.0</ele>
    <time>2020-08-03T10:42:42Z</time>
   </trkpt>
   <trkpt lat="51.1338460" lon="-0.5411450">
    <ele>60.2</ele>
    <time>2020-08-03T10:42:44Z</time>
   </trkpt>
   <trkpt lat="51.1338870" lon="-0.5410590">
    <ele>60.3</ele>
    <time>2020-08-03T10:42:45Z</time>
   </trkpt>
   <trkpt lat="51.1339730" lon="-0.5408720">
    <ele>60.6</ele>
    <time>2020-08-03T10:42:47Z</time>
   </trkpt>
   <trkpt lat="51.1340130" lon="-0.5407820">
    <ele>60.7</ele>
    <time>2020-08-03T10:42:48Z</time>
   </trkpt>
   <trkpt lat="51.1340980" lon="-0.5405930">
    <ele>61.1</ele>
    <time>2020-08-03T10:42:50Z</time>
   </trkpt>
   <trkpt lat="51.1341710" lon="-0.5404230">
    <ele>61.6</ele>
    <time>2020-08-03T10:42:52Z</time>
   </trkpt>
   <trkpt lat="51.1342540" lon="-0.5402670">
    <ele>62.1</ele>
    <time>2020-08-03T10:42:54Z</time>
   </trkpt>
   <trkpt lat="51.1342930" lon="-0.5401930">
    <ele>62.4</ele>
    <time>2020-08-03T10:42:55Z</time>
   </trkpt>
   <trkpt lat="51.1343240" lon="-0.5401150">
    <ele>62.7</ele>
    <time>2020-08-03T10:42:56Z</time>
   </trkpt>
   <trkpt lat="51.1343950" lon="-0.5399850">
    <ele>63.3</ele>
    <time>2020-08-03T10:42:58Z</time>
   </trkpt>
   <trkpt lat="51.1344570" lon="-0.5398510">
    <ele>63.9</ele>
    <time>2020-08-03T10:43:00Z</time>
   </trkpt>
   <trkpt lat="51.1345120" lon="-0.5397150">
    <ele>64.5</ele>
    <time>2020-08-03T10:43:02Z</time>
   </trkpt>
   <trkpt lat="51.1345510" lon="-0.5395710">
    <ele>64.8</ele>
    <time>2020-08-03T10:43:04Z</time>
   </trkpt>
   <trkpt lat="51.1345640" lon="-0.5394990">
    <ele>64.9</ele>
    <time>2020-08-03T10:43:05Z</time>
   </trkpt>
   <trkpt lat="51.1345600" lon="-0.5393440">
    <ele>64.9</ele>
    <time>2020-08-03T10:43:07Z</time>
   </trkpt>
   <trkpt lat="51.1345240" lon="-0.5392090">
    <ele>64.7</ele>
    <time>2020-08-03T10:43:09Z</time>
   </trkpt>
   <trkpt lat="51.1344410" lon="-0.5390900">
    <ele>64.0</ele>
    <time>2020-08-03T10:43:11Z</time>
   </trkpt>
   <trkpt lat="51.1343250" lon="-0.5389830">
    <ele>63.1</ele>
    <time>2020-08-03T10:43:13Z</time>
   </trkpt>
   <trkpt lat="51.1342580" lon="-0.5389310">
    <ele>62.5</ele>
    <time>2020-08-03T10:43:14Z</time>
   </trkpt>
   <trkpt lat="51.1341870" lon="-0.5388800">
    <ele>62.0</ele>
    <time>2020-08-03T10:43:15Z</time>
   </trkpt>
   <trkpt lat="51.1340350" lon="-0.5387590">
    <ele>60.7</ele>
    <time>2020-08-03T10:43:17Z</time>
   </trkpt>
   <trkpt lat="51.1339570" lon="-0.5386930">
    <ele>60.1</ele>
    <time>2020-08-03T10:43:18Z</time>
   </trkpt>
   <trkpt lat="51.1338090" lon="-0.5385550">
    <ele>59.1</ele>
    <time>2020-08-03T10:43:20Z</time>
   </trkpt>
   <trkpt lat="51.1336520" lon="-0.5384180">
    <ele>58.2</ele>
    <time>2020-08-03T10:43:22Z</time>
   </trkpt>
   <trkpt lat="51.1335700" lon="-0.5383430">
    <ele>57.8</ele>
    <time>2020-08-03T10:43:23Z</time>
   </trkpt>
   <trkpt lat="51.1334050" lon="-0.5382140">
    <ele>57.2</ele>
    <time>2020-08-03T10:43:25Z</time>
   </trkpt>
   <trkpt lat="51.1333220" lon="-0.5381490">
    <ele>56.9</ele>
    <time>2020-08-03T10:43:26Z</time>
   </trkpt>
   <trkpt lat="51.1331650" lon="-0.5380190">
    <ele>56.5</ele>
    <time>2020-08-03T10:43:28Z</time>
   </trkpt>
   <trkpt lat="51.1331020" lon="-0.5379530">
    <ele>56.5</ele>
    <time>2020-08-03T10:43:29Z</time>
   </trkpt>
   <trkpt lat="51.1330500" lon="-0.5378780">
    <ele>56.6</ele>
    <time>2020-08-03T10:43:30Z</time>
   </trkpt>
   <trkpt lat="51.1330020" lon="-0.5376760">
    <ele>56.7</ele>
    <time>2020-08-03T10:43:32Z</time>
   </trkpt>
   <trkpt lat="51.1330240" lon="-0.5375770">
    <ele>56.7</ele>
    <time>2020-08-03T10:43:33Z</time>
   </trkpt>
   <trkpt lat="51.1331380" lon="-0.5374320">
    <ele>56.6</ele>
    <time>2020-08-03T10:43:35Z</time>
   </trkpt>
   <trkpt lat="51.1331990" lon="-0.5373750">
    <ele>56.6</ele>
    <time>2020-08-03T10:43:36Z</time>
   </trkpt>
   <trkpt lat="51.1333150" lon="-0.5372770">
    <ele>56.9</ele>
    <time>2020-08-03T10:43:38Z</time>
   </trkpt>
   <trkpt lat="51.1334290" lon="-0.5371740">
    <ele>57.2</ele>
    <time>2020-08-03T10:43:40Z</time>
   </trkpt>
   <trkpt lat="51.1334830" lon="-0.5371130">
    <ele>57.4</ele>
    <time>2020-08-03T10:43:41Z</time>
   </trkpt>
   <trkpt lat="51.1335900" lon="-0.5369960">
    <ele>57.7</ele>
    <time>2020-08-03T10:43:43Z</time>
   </trkpt>
   <trkpt lat="51.1336990" lon="-0.5368740">
    <ele>58.0</ele>
    <time>2020-08-03T10:43:45Z</time>
   </trkpt>
   <trkpt lat="51.1338070" lon="-0.5367500">
    <ele>58.0</ele>
    <time>2020-08-03T10:43:47Z</time>
   </trkpt>
   <trkpt lat="51.1339080" lon="-0.5366120">
    <ele>57.7</ele>
    <time>2020-08-03T10:43:49Z</time>
   </trkpt>
   <trkpt lat="51.1339580" lon="-0.5365380">
    <ele>57.6</ele>
    <time>2020-08-03T10:43:50Z</time>
   </trkpt>
   <trkpt lat="51.1340560" lon="-0.5364030">
    <ele>57.2</ele>
    <time>2020-08-03T10:43:52Z</time>
   </trkpt>
   <trkpt lat="51.1341580" lon="-0.5362430">
    <ele>56.7</ele>
    <time>2020-08-03T10:43:54Z</time>
   </trkpt>
   <trkpt lat="51.1342140" lon="-0.5361510">
    <ele>56.5</ele>
    <time>2020-08-03T10:43:55Z</time>
   </trkpt>
   <trkpt lat="51.1343140" lon="-0.5359760">
    <ele>56.1</ele>
    <time>2020-08-03T10:43:57Z</time>
   </trkpt>
   <trkpt lat="51.1343970" lon="-0.5357750">
    <ele>55.8</ele>
    <time>2020-08-03T10:43:59Z</time>
   </trkpt>
   <trkpt lat="51.1344430" lon="-0.5356820">
    <ele>55.8</ele>
    <time>2020-08-03T10:44:00Z</time>
   </trkpt>
   <trkpt lat="51.1344910" lon="-0.5355970">
    <ele>55.7</ele>
    <time>2020-08-03T10:44:01Z</time>
   </trkpt>
   <trkpt lat="51.1345770" lon="-0.5353930">
    <ele>55.6</ele>
    <time>2020-08-03T10:44:03Z</time>
   </trkpt>
   <trkpt lat="51.1346660" lon="-0.5352000">
    <ele>55.5</ele>
    <time>2020-08-03T10:44:05Z</time>
   </trkpt>
   <trkpt lat="51.1347530" lon="-0.5350140">
    <ele>55.5</ele>
    <time>2020-08-03T10:44:07Z</time>
   </trkpt>
   <trkpt lat="51.1347940" lon="-0.5349190">
    <ele>55.5</ele>
    <time>2020-08-03T10:44:08Z</time>
   </trkpt>
   <trkpt lat="51.1348370" lon="-0.5348230">
    <ele>55.6</ele>
    <time>2020-08-03T10:44:09Z</time>
   </trkpt>
   <trkpt lat="51.1349260" lon="-0.5346400">
    <ele>55.9</ele>
    <time>2020-08-03T10:44:11Z</time>
   </trkpt>
   <trkpt lat="51.1349710" lon="-0.5345490">
    <ele>56.1</ele>
    <time>2020-08-03T10:44:12Z</time>
   </trkpt>
   <trkpt lat="51.1350130" lon="-0.5344620">
    <ele>56.2</ele>
    <time>2020-08-03T10:44:13Z</time>
   </trkpt>
   <trkpt lat="51.1350950" lon="-0.5342980">
    <ele>56.5</ele>
    <time>2020-08-03T10:44:15Z</time>
   </trkpt>
   <trkpt lat="51.1351400" lon="-0.5342200">
    <ele>56.6</ele>
    <time>2020-08-03T10:44:16Z</time>
   </trkpt>
   <trkpt lat="51.1352350" lon="-0.5340640">
    <ele>56.8</ele>
    <time>2020-08-03T10:44:18Z</time>
   </trkpt>
   <trkpt lat="51.1352860" lon="-0.5339910">
    <ele>56.9</ele>
    <time>2020-08-03T10:44:19Z</time>
   </trkpt>
   <trkpt lat="51.1353360" lon="-0.5339200">
    <ele>57.0</ele>
    <time>2020-08-03T10:44:20Z</time>
   </trkpt>
   <trkpt lat="51.1353900" lon="-0.5338610">
    <ele>57.1</ele>
    <time>2020-08-03T10:44:21Z</time>
   </trkpt>
   <trkpt lat="51.1354960" lon="-0.5337380">
    <ele>57.3</ele>
    <time>2020-08-03T10:44:23Z</time>
   </trkpt>
   <trkpt lat="51.1356060" lon="-0.5336130">
    <ele>57.5</ele>
    <time>2020-08-03T10:44:25Z</time>
   </trkpt>
   <trkpt lat="51.1357200" lon="-0.5335000">
    <ele>57.7</ele>
    <time>2020-08-03T10:44:27Z</time>
   </trkpt>
   <trkpt lat="51.1357710" lon="-0.5334470">
    <ele>57.7</ele>
    <time>2020-08-03T10:44:28Z</time>
   </trkpt>
   <trkpt lat="51.1358820" lon="-0.5333410">
    <ele>57.7</ele>
    <time>2020-08-03T10:44:30Z</time>
   </trkpt>
   <trkpt lat="51.1359400" lon="-0.5332960">
    <ele>57.7</ele>
    <time>2020-08-03T10:44:31Z</time>
   </trkpt>
   <trkpt lat="51.1359980" lon="-0.5332390">
    <ele>57.7</ele>
    <time>2020-08-03T10:44:32Z</time>
   </trkpt>
   <trkpt lat="51.1360520" lon="-0.5331940">
    <ele>57.7</ele>
    <time>2020-08-03T10:44:33Z</time>
   </trkpt>
   <trkpt lat="51.1361670" lon="-0.5331190">
    <ele>57.6</ele>
    <time>2020-08-03T10:44:35Z</time>
   </trkpt>
   <trkpt lat="51.1362230" lon="-0.5330740">
    <ele>57.6</ele>
    <time>2020-08-03T10:44:36Z</time>
   </trkpt>
   <trkpt lat="51.1362790" lon="-0.5330340">
    <ele>57.5</ele>
    <time>2020-08-03T10:44:37Z</time>
   </trkpt>
   <trkpt lat="51.1364010" lon="-0.5329600">
    <ele>57.3</ele>
    <time>2020-08-03T10:44:39Z</time>
   </trkpt>
   <trkpt lat="51.1364660" lon="-0.5329360">
    <ele>57.2</ele>
    <time>2020-08-03T10:44:40Z</time>
   </trkpt>
   <trkpt lat="51.1365300" lon="-0.5329200">
    <ele>57.2</ele>
    <time>2020-08-03T10:44:41Z</time>
   </trkpt>
   <trkpt lat="51.1365950" lon="-0.5329010">
    <ele>57.1</ele>
    <time>2020-08-03T10:44:42Z</time>
   </trkpt>
   <trkpt lat="51.1367320" lon="-0.5328930">
    <ele>56.9</ele>
    <time>2020-08-03T10:44:44Z</time>
   </trkpt>
   <trkpt lat="51.1368010" lon="-0.5328960">
    <ele>56.8</ele>
    <time>2020-08-03T10:44:45Z</time>
   </trkpt>
   <trkpt lat="51.1368720" lon="-0.5329020">
    <ele>56.7</ele>
    <time>2020-08-03T10:44:46Z</time>
   </trkpt>
   <trkpt lat="51.1369430" lon="-0.5329120">
    <ele>56.7</ele>
    <time>2020-08-03T10:44:47Z</time>
   </trkpt>
   <trkpt lat="51.1370820" lon="-0.5329240">
    <ele>56.8</ele>
    <time>2020-08-03T10:44:49Z</time>
   </trkpt>
   <trkpt lat="51.1371530" lon="-0.5329130">
    <ele>56.8</ele>
    <time>2020-08-03T10:44:50Z</time>
   </trkpt>
   <trkpt lat="51.1372900" lon="-0.5328340">
    <ele>56.5</ele>
    <time>2020-08-03T10:44:52Z</time>
   </trkpt>
   <trkpt lat="51.1373970" lon="-0.5326770">
    <ele>56.1</ele>
    <time>2020-08-03T10:44:54Z</time>
   </trkpt>
   <trkpt lat="51.1374440" lon="-0.5325850">
    <ele>56.0</ele>
    <time>2020-08-03T10:44:55Z</time>
   </trkpt>
   <trkpt lat="51.1374880" lon="-0.5325000">
    <ele>55.9</ele>
    <time>2020-08-03T10:44:56Z</time>
   </trkpt>
   <trkpt lat="51.1375780" lon="-0.5323090">
    <ele>55.7</ele>
    <time>2020-08-03T10:44:58Z</time>
   </trkpt>
   <trkpt lat="51.1376250" lon="-0.5322130">
    <ele>55.7</ele>
    <time>2020-08-03T10:44:59Z</time>
   </trkpt>
   <trkpt lat="51.1376740" lon="-0.5321200">
    <ele>55.6</ele>
    <time>2020-08-03T10:45:00Z</time>
   </trkpt>
   <trkpt lat="51.1377190" lon="-0.5320330">
    <ele>55.6</ele>
    <time>2020-08-03T10:45:01Z</time>
   </trkpt>
   <trkpt lat="51.1378090" lon="-0.5318320">
    <ele>55.7</ele>
    <time>2020-08-03T10:45:03Z</time>
   </trkpt>
   <trkpt lat="51.1378470" lon="-0.5317190">
    <ele>55.7</ele>
    <time>2020-08-03T10:45:04Z</time>
   </trkpt>
   <trkpt lat="51.1378760" lon="-0.5316080">
    <ele>55.8</ele>
    <time>2020-08-03T10:45:05Z</time>
   </trkpt>
   <trkpt lat="51.1379240" lon="-0.5313830">
    <ele>55.8</ele>
    <time>2020-08-03T10:45:07Z</time>
   </trkpt>
   <trkpt lat="51.1379630" lon="-0.5311480">
    <ele>55.8</ele>
    <time>2020-08-03T10:45:09Z</time>
   </trkpt>
   <trkpt lat="51.1379780" lon="-0.5309030">
    <ele>56.0</ele>
    <time>2020-08-03T10:45:11Z</time>
   </trkpt>
   <trkpt lat="51.1379980" lon="-0.5306630">
    <ele>56.2</ele>
    <time>2020-08-03T10:45:13Z</time>
   </trkpt>
   <trkpt lat="51.1380360" lon="-0.5304460">
    <ele>56.7</ele>
    <time>2020-08-03T10:45:15Z</time>
   </trkpt>
   <trkpt lat="51.1380980" lon="-0.5302470">
    <ele>57.2</ele>
    <time>2020-08-03T10:45:17Z</time>
   </trkpt>
   <trkpt lat="51.1381380" lon="-0.5301740">
    <ele>57.4</ele>
    <time>2020-08-03T10:45:18Z</time>
   </trkpt>
   <trkpt lat="51.1382090" lon="-0.5300150">
    <ele>58.0</ele>
    <time>2020-08-03T10:45:20Z</time>
   </trkpt>
   <trkpt lat="51.1382430" lon="-0.5299340">
    <ele>58.3</ele>
    <time>2020-08-03T10:45:21Z</time>
   </trkpt>
   <trkpt lat="51.1383070" lon="-0.5297920">
    <ele>58.8</ele>
    <time>2020-08-03T10:45:23Z</time>
   </trkpt>
   <trkpt lat="51.1383500" lon="-0.5297100">
    <ele>59.1</ele>
    <time>2020-08-03T10:45:24Z</time>
   </trkpt>
   <trkpt lat="51.1384300" lon="-0.5295750">
    <ele>59.7</ele>
    <time>2020-08-03T10:45:26Z</time>
   </trkpt>
   <trkpt lat="51.1385030" lon="-0.5294420">
    <ele>60.5</ele>
    <time>2020-08-03T10:45:28Z</time>
   </trkpt>
   <trkpt lat="51.1385380" lon="-0.5293860">
    <ele>60.8</ele>
    <time>2020-08-03T10:45:29Z</time>
   </trkpt>
   <trkpt lat="51.1385970" lon="-0.5292430">
    <ele>61.6</ele>
    <time>2020-08-03T10:45:31Z</time>
   </trkpt>
   <trkpt lat="51.1386280" lon="-0.5291790">
    <ele>61.9</ele>
    <time>2020-08-03T10:45:32Z</time>
   </trkpt>
   <trkpt lat="51.1386830" lon="-0.5290340">
    <ele>62.8</ele>
    <time>2020-08-03T10:45:34Z</time>
   </trkpt>
   <trkpt lat="51.1387130" lon="-0.5289640">
    <ele>63.2</ele>
    <time>2020-08-03T10:45:35Z</time>
   </trkpt>
   <trkpt lat="51.1387720" lon="-0.5288460">
    <ele>64.0</ele>
    <time>2020-08-03T10:45:37Z</time>
   </trkpt>
   <trkpt lat="51.1388220" lon="-0.5287480">
    <ele>64.6</ele>
    <time>2020-08-03T10:45:39Z</time>
   </trkpt>
   <trkpt lat="51.1388450" lon="-0.5286950">
    <ele>64.9</ele>
    <time>2020-08-03T10:45:40Z</time>
   </trkpt>
   <trkpt lat="51.1388810" lon="-0.5286040">
    <ele>65.3</ele>
    <time>2020-08-03T10:45:42Z</time>
   </trkpt>
   <trkpt lat="51.1388920" lon="-0.5285720">
    <ele>65.4</ele>
    <time>2020-08-03T10:45:43Z</time>
   </trkpt>
   <trkpt lat="51.1389250" lon="-0.5284960">
    <ele>65.6</ele>
    <time>2020-08-03T10:45:45Z</time>
   </trkpt>
   <trkpt lat="51.1389440" lon="-0.5284640">
    <ele>65.7</ele>
    <time>2020-08-03T10:45:46Z</time>
   </trkpt>
   <trkpt lat="51.1389740" lon="-0.5283900">
    <ele>65.8</ele>
    <time>2020-08-03T10:45:48Z</time>
   </trkpt>
   <trkpt lat="51.1389890" lon="-0.5283180">
    <ele>65.8</ele>
    <time>2020-08-03T10:45:49Z</time>
   </trkpt>
   <trkpt lat="51.1389830" lon="-0.5282480">
    <ele>65.8</ele>
    <time>2020-08-03T10:45:51Z</time>
   </trkpt>
   <trkpt lat="51.1389560" lon="-0.5281780">
    <ele>65.8</ele>
    <time>2020-08-03T10:45:53Z</time>
   </trkpt>
   <trkpt lat="51.1389090" lon="-0.5281100">
    <ele>65.8</ele>
    <time>2020-08-03T10:45:55Z</time>
   </trkpt>
   <trkpt lat="51.1388690" lon="-0.5280570">
    <ele>65.8</ele>
    <time>2020-08-03T10:45:57Z</time>
   </trkpt>
   <trkpt lat="51.1388420" lon="-0.5280140">
    <ele>65.7</ele>
    <time>2020-08-03T10:45:59Z</time>
   </trkpt>
   <trkpt lat="51.1388210" lon="-0.5279620">
    <ele>65.7</ele>
    <time>2020-08-03T10:46:01Z</time>
   </trkpt>
   <trkpt lat="51.1387960" lon="-0.5279130">
    <ele>65.7</ele>
    <time>2020-08-03T10:46:02Z</time>
   </trkpt>
   <trkpt lat="51.1387330" lon="-0.5278340">
    <ele>65.7</ele>
    <time>2020-08-03T10:46:03Z</time>
   </trkpt>
   <trkpt lat="51.1386840" lon="-0.5277820">
    <ele>65.6</ele>
    <time>2020-08-03T10:46:04Z</time>
   </trkpt>
   <trkpt lat="51.1385850" lon="-0.5276970">
    <ele>65.3</ele>
    <time>2020-08-03T10:46:06Z</time>
   </trkpt>
   <trkpt lat="51.1384740" lon="-0.5276170">
    <ele>64.9</ele>
    <time>2020-08-03T10:46:08Z</time>
   </trkpt>
   <trkpt lat="51.1384100" lon="-0.5275750">
    <ele>64.5</ele>
    <time>2020-08-03T10:46:09Z</time>
   </trkpt>
   <trkpt lat="51.1383490" lon="-0.5275230">
    <ele>64.2</ele>
    <time>2020-08-03T10:46:10Z</time>
   </trkpt>
   <trkpt lat="51.1382060" lon="-0.5274340">
    <ele>63.3</ele>
    <time>2020-08-03T10:46:12Z</time>
   </trkpt>
   <trkpt lat="51.1380520" lon="-0.5273240">
    <ele>62.4</ele>
    <time>2020-08-03T10:46:14Z</time>
   </trkpt>
   <trkpt lat="51.1378870" lon="-0.5272130">
    <ele>61.4</ele>
    <time>2020-08-03T10:46:16Z</time>
   </trkpt>
   <trkpt lat="51.1377340" lon="-0.5271040">
    <ele>60.5</ele>
    <time>2020-08-03T10:46:18Z</time>
   </trkpt>
   <trkpt lat="51.1375510" lon="-0.5269900">
    <ele>59.4</ele>
    <time>2020-08-03T10:46:20Z</time>
   </trkpt>
   <trkpt lat="51.1373820" lon="-0.5268530">
    <ele>58.4</ele>
    <time>2020-08-03T10:46:22Z</time>
   </trkpt>
   <trkpt lat="51.1371940" lon="-0.5267190">
    <ele>57.5</ele>
    <time>2020-08-03T10:46:24Z</time>
   </trkpt>
   <trkpt lat="51.1370080" lon="-0.5265790">
    <ele>56.7</ele>
    <time>2020-08-03T10:46:26Z</time>
   </trkpt>
   <trkpt lat="51.1369040" lon="-0.5265110">
    <ele>56.3</ele>
    <time>2020-08-03T10:46:27Z</time>
   </trkpt>
   <trkpt lat="51.1367180" lon="-0.5263670">
    <ele>55.4</ele>
    <time>2020-08-03T10:46:29Z</time>
   </trkpt>
   <trkpt lat="51.1366190" lon="-0.5262930">
    <ele>54.9</ele>
    <time>2020-08-03T10:46:30Z</time>
   </trkpt>
   <trkpt lat="51.1364380" lon="-0.5261470">
    <ele>54.1</ele>
    <time>2020-08-03T10:46:32Z</time>
   </trkpt>
   <trkpt lat="51.1363390" lon="-0.5260740">
    <ele>53.7</ele>
    <time>2020-08-03T10:46:33Z</time>
   </trkpt>
   <trkpt lat="51.1362320" lon="-0.5260130">
    <ele>53.2</ele>
    <time>2020-08-03T10:46:34Z</time>
   </trkpt>
   <trkpt lat="51.1360480" lon="-0.5258690">
    <ele>52.4</ele>
    <time>2020-08-03T10:46:36Z</time>
   </trkpt>
   <trkpt lat="51.1359590" lon="-0.5257870">
    <ele>52.1</ele>
    <time>2020-08-03T10:46:37Z</time>
   </trkpt>
   <trkpt lat="51.1357660" lon="-0.5256180">
    <ele>51.5</ele>
    <time>2020-08-03T10:46:39Z</time>
   </trkpt>
   <trkpt lat="51.1355690" lon="-0.5254760">
    <ele>51.0</ele>
    <time>2020-08-03T10:46:41Z</time>
   </trkpt>
   <trkpt lat="51.1354780" lon="-0.5254060">
    <ele>50.7</ele>
    <time>2020-08-03T10:46:42Z</time>
   </trkpt>
   <trkpt lat="51.1352860" lon="-0.5252620">
    <ele>50.4</ele>
    <time>2020-08-03T10:46:44Z</time>
   </trkpt>
   <trkpt lat="51.1351870" lon="-0.5251900">
    <ele>50.2</ele>
    <time>2020-08-03T10:46:45Z</time>
   </trkpt>
   <trkpt lat="51.1349950" lon="-0.5250740">
    <ele>50.0</ele>
    <time>2020-08-03T10:46:47Z</time>
   </trkpt>
   <trkpt lat="51.1348980" lon="-0.5250180">
    <ele>49.9</ele>
    <time>2020-08-03T10:46:48Z</time>
   </trkpt>
   <trkpt lat="51.1348010" lon="-0.5249680">
    <ele>49.8</ele>
    <time>2020-08-03T10:46:49Z</time>
   </trkpt>
   <trkpt lat="51.1347060" lon="-0.5249230">
    <ele>49.6</ele>
    <time>2020-08-03T10:46:50Z</time>
   </trkpt>
   <trkpt lat="51.1346090" lon="-0.5248710">
    <ele>49.5</ele>
    <time>2020-08-03T10:46:51Z</time>
   </trkpt>
   <trkpt lat="51.1344120" lon="-0.5247960">
    <ele>49.3</ele>
    <time>2020-08-03T10:46:53Z</time>
   </trkpt>
   <trkpt lat="51.1343080" lon="-0.5247630">
    <ele>49.2</ele>
    <time>2020-08-03T10:46:54Z</time>
   </trkpt>
   <trkpt lat="51.1342050" lon="-0.5247330">
    <ele>49.2</ele>
    <time>2020-08-03T10:46:55Z</time>
   </trkpt>
   <trkpt lat="51.1340210" lon="-0.5246980">
    <ele>49.1</ele>
    <time>2020-08-03T10:46:57Z</time>
   </trkpt>
   <trkpt lat="51.1338150" lon="-0.5246770">
    <ele>49.0</ele>
    <time>2020-08-03T10:46:59Z</time>
   </trkpt>
   <trkpt lat="51.1336080" lon="-0.5246700">
    <ele>48.9</ele>
    <time>2020-08-03T10:47:01Z</time>
   </trkpt>
   <trkpt lat="51.1335060" lon="-0.5246640">
    <ele>48.8</ele>
    <time>2020-08-03T10:47:02Z</time>
   </trkpt>
   <trkpt lat="51.1333130" lon="-0.5246510">
    <ele>48.8</ele>
    <time>2020-08-03T10:47:04Z</time>
   </trkpt>
   <trkpt lat="51.1331240" lon="-0.5246500">
    <ele>48.9</ele>
    <time>2020-08-03T10:47:06Z</time>
   </trkpt>
   <trkpt lat="51.1330320" lon="-0.5246560">
    <ele>48.9</ele>
    <time>2020-08-03T10:47:07Z</time>
   </trkpt>
   <trkpt lat="51.1329440" lon="-0.5246560">
    <ele>49.1</ele>
    <time>2020-08-03T10:47:08Z</time>
   </trkpt>
   <trkpt lat="51.1327690" lon="-0.5246510">
    <ele>49.3</ele>
    <time>2020-08-03T10:47:10Z</time>
   </trkpt>
   <trkpt lat="51.1326010" lon="-0.5246410">
    <ele>49.5</ele>
    <time>2020-08-03T10:47:12Z</time>
   </trkpt>
   <trkpt lat="51.1324300" lon="-0.5246250">
    <ele>49.7</ele>
    <time>2020-08-03T10:47:14Z</time>
   </trkpt>
   <trkpt lat="51.1323490" lon="-0.5246180">
    <ele>49.8</ele>
    <time>2020-08-03T10:47:15Z</time>
   </trkpt>
   <trkpt lat="51.1322680" lon="-0.5246130">
    <ele>49.9</ele>
    <time>2020-08-03T10:47:16Z</time>
   </trkpt>
   <trkpt lat="51.1320930" lon="-0.5245860">
    <ele>50.2</ele>
    <time>2020-08-03T10:47:18Z</time>
   </trkpt>
   <trkpt lat="51.1320090" lon="-0.5245780">
    <ele>50.3</ele>
    <time>2020-08-03T10:47:19Z</time>
   </trkpt>
   <trkpt lat="51.1318360" lon="-0.5245470">
    <ele>50.6</ele>
    <time>2020-08-03T10:47:21Z</time>
   </trkpt>
   <trkpt lat="51.1317530" lon="-0.5245120">
    <ele>50.8</ele>
    <time>2020-08-03T10:47:22Z</time>
   </trkpt>
   <trkpt lat="51.1315950" lon="-0.5244610">
    <ele>51.1</ele>
    <time>2020-08-03T10:47:24Z</time>
   </trkpt>
   <trkpt lat="51.1315200" lon="-0.5244390">
    <ele>51.3</ele>
    <time>2020-08-03T10:47:25Z</time>
   </trkpt>
   <trkpt lat="51.1314440" lon="-0.5244090">
    <ele>51.4</ele>
    <time>2020-08-03T10:47:26Z</time>
   </trkpt>
   <trkpt lat="51.1313060" lon="-0.5243370">
    <ele>51.6</ele>
    <time>2020-08-03T10:47:28Z</time>
   </trkpt>
   <trkpt lat="51.1311780" lon="-0.5242590">
    <ele>51.9</ele>
    <time>2020-08-03T10:47:30Z</time>
   </trkpt>
   <trkpt lat="51.1310490" lon="-0.5241760">
    <ele>52.1</ele>
    <time>2020-08-03T10:47:32Z</time>
   </trkpt>
   <trkpt lat="51.1309200" lon="-0.5240850">
    <ele>52.4</ele>
    <time>2020-08-03T10:47:34Z</time>
   </trkpt>
   <trkpt lat="51.1308010" lon="-0.5240000">
    <ele>52.6</ele>
    <time>2020-08-03T10:47:36Z</time>
   </trkpt>
   <trkpt lat="51.1307440" lon="-0.5239570">
    <ele>52.7</ele>
    <time>2020-08-03T10:47:37Z</time>
   </trkpt>
   <trkpt lat="51.1306310" lon="-0.5238650">
    <ele>52.9</ele>
    <time>2020-08-03T10:47:39Z</time>
   </trkpt>
   <trkpt lat="51.1305730" lon="-0.5238190">
    <ele>53.0</ele>
    <time>2020-08-03T10:47:40Z</time>
   </trkpt>
   <trkpt lat="51.1305170" lon="-0.5237760">
    <ele>53.1</ele>
    <time>2020-08-03T10:47:41Z</time>
   </trkpt>
   <trkpt lat="51.1304040" lon="-0.5236830">
    <ele>53.4</ele>
    <time>2020-08-03T10:47:43Z</time>
   </trkpt>
   <trkpt lat="51.1303490" lon="-0.5236280">
    <ele>53.5</ele>
    <time>2020-08-03T10:47:44Z</time>
   </trkpt>
   <trkpt lat="51.1302420" lon="-0.5235400">
    <ele>53.7</ele>
    <time>2020-08-03T10:47:46Z</time>
   </trkpt>
   <trkpt lat="51.1301850" lon="-0.5234960">
    <ele>53.8</ele>
    <time>2020-08-03T10:47:47Z</time>
   </trkpt>
   <trkpt lat="51.1300730" lon="-0.5234100">
    <ele>54.0</ele>
    <time>2020-08-03T10:47:49Z</time>
   </trkpt>
   <trkpt lat="51.1299580" lon="-0.5233210">
    <ele>54.2</ele>
    <time>2020-08-03T10:47:51Z</time>
   </trkpt>
   <trkpt lat="51.1298500" lon="-0.5232430">
    <ele>54.4</ele>
    <time>2020-08-03T10:47:53Z</time>
   </trkpt>
   <trkpt lat="51.1297940" lon="-0.5231980">
    <ele>54.5</ele>
    <time>2020-08-03T10:47:54Z</time>
   </trkpt>
   <trkpt lat="51.1296840" lon="-0.5231120">
    <ele>54.6</ele>
    <time>2020-08-03T10:47:56Z</time>
   </trkpt>
   <trkpt lat="51.1296320" lon="-0.5230610">
    <ele>54.7</ele>
    <time>2020-08-03T10:47:57Z</time>
   </trkpt>
   <trkpt lat="51.1295120" lon="-0.5229800">
    <ele>54.8</ele>
    <time>2020-08-03T10:47:59Z</time>
   </trkpt>
   <trkpt lat="51.1294030" lon="-0.5228830">
    <ele>54.7</ele>
    <time>2020-08-03T10:48:01Z</time>
   </trkpt>
   <trkpt lat="51.1293520" lon="-0.5228310">
    <ele>54.7</ele>
    <time>2020-08-03T10:48:02Z</time>
   </trkpt>
   <trkpt lat="51.1292320" lon="-0.5227310">
    <ele>54.5</ele>
    <time>2020-08-03T10:48:04Z</time>
   </trkpt>
   <trkpt lat="51.1291050" lon="-0.5226210">
    <ele>54.3</ele>
    <time>2020-08-03T10:48:06Z</time>
   </trkpt>
   <trkpt lat="51.1290450" lon="-0.5225680">
    <ele>54.1</ele>
    <time>2020-08-03T10:48:07Z</time>
   </trkpt>
   <trkpt lat="51.1289890" lon="-0.5225030">
    <ele>53.9</ele>
    <time>2020-08-03T10:48:08Z</time>
   </trkpt>
   <trkpt lat="51.1289310" lon="-0.5224380">
    <ele>53.7</ele>
    <time>2020-08-03T10:48:09Z</time>
   </trkpt>
   <trkpt lat="51.1288260" lon="-0.5223100">
    <ele>53.3</ele>
    <time>2020-08-03T10:48:11Z</time>
   </trkpt>
   <trkpt lat="51.1287190" lon="-0.5221750">
    <ele>52.9</ele>
    <time>2020-08-03T10:48:13Z</time>
   </trkpt>
   <trkpt lat="51.1286630" lon="-0.5220970">
    <ele>52.7</ele>
    <time>2020-08-03T10:48:14Z</time>
   </trkpt>
   <trkpt lat="51.1286040" lon="-0.5220270">
    <ele>52.5</ele>
    <time>2020-08-03T10:48:15Z</time>
   </trkpt>
   <trkpt lat="51.1284880" lon="-0.5218750">
    <ele>52.2</ele>
    <time>2020-08-03T10:48:17Z</time>
   </trkpt>
   <trkpt lat="51.1283800" lon="-0.5217200">
    <ele>51.9</ele>
    <time>2020-08-03T10:48:19Z</time>
   </trkpt>
   <trkpt lat="51.1282680" lon="-0.5215590">
    <ele>51.4</ele>
    <time>2020-08-03T10:48:21Z</time>
   </trkpt>
   <trkpt lat="51.1282070" lon="-0.5214800">
    <ele>51.1</ele>
    <time>2020-08-03T10:48:22Z</time>
   </trkpt>
   <trkpt lat="51.1280930" lon="-0.5213100">
    <ele>50.6</ele>
    <time>2020-08-03T10:48:24Z</time>
   </trkpt>
   <trkpt lat="51.1279760" lon="-0.5211280">
    <ele>50.1</ele>
    <time>2020-08-03T10:48:26Z</time>
   </trkpt>
   <trkpt lat="51.1278640" lon="-0.5209550">
    <ele>49.8</ele>
    <time>2020-08-03T10:48:28Z</time>
   </trkpt>
   <trkpt lat="51.1278080" lon="-0.5208660">
    <ele>49.6</ele>
    <time>2020-08-03T10:48:29Z</time>
   </trkpt>
   <trkpt lat="51.1276990" lon="-0.5206850">
    <ele>49.3</ele>
    <time>2020-08-03T10:48:31Z</time>
   </trkpt>
   <trkpt lat="51.1276480" lon="-0.5205900">
    <ele>49.2</ele>
    <time>2020-08-03T10:48:32Z</time>
   </trkpt>
   <trkpt lat="51.1275920" lon="-0.5205020">
    <ele>49.0</ele>
    <time>2020-08-03T10:48:33Z</time>
   </trkpt>
   <trkpt lat="51.1275400" lon="-0.5204140">
    <ele>48.9</ele>
    <time>2020-08-03T10:48:34Z</time>
   </trkpt>
   <trkpt lat="51.1274370" lon="-0.5202270">
    <ele>48.5</ele>
    <time>2020-08-03T10:48:36Z</time>
   </trkpt>
   <trkpt lat="51.1273290" lon="-0.5200460">
    <ele>48.1</ele>
    <time>2020-08-03T10:48:38Z</time>
   </trkpt>
   <trkpt lat="51.1272720" lon="-0.5199600">
    <ele>48.0</ele>
    <time>2020-08-03T10:48:39Z</time>
   </trkpt>
   <trkpt lat="51.1271670" lon="-0.5197840">
    <ele>47.7</ele>
    <time>2020-08-03T10:48:41Z</time>
   </trkpt>
   <trkpt lat="51.1270590" lon="-0.5196160">
    <ele>47.4</ele>
    <time>2020-08-03T10:48:43Z</time>
   </trkpt>
   <trkpt lat="51.1269480" lon="-0.5194520">
    <ele>47.1</ele>
    <time>2020-08-03T10:48:45Z</time>
   </trkpt>
   <trkpt lat="51.1268270" lon="-0.5193030">
    <ele>46.9</ele>
    <time>2020-08-03T10:48:47Z</time>
   </trkpt>
   <trkpt lat="51.1267050" lon="-0.5191550">
    <ele>47.1</ele>
    <time>2020-08-03T10:48:49Z</time>
   </trkpt>
   <trkpt lat="51.1266450" lon="-0.5190850">
    <ele>47.1</ele>
    <time>2020-08-03T10:48:50Z</time>
   </trkpt>
   <trkpt lat="51.1265890" lon="-0.5190160">
    <ele>46.9</ele>
    <time>2020-08-03T10:48:51Z</time>
   </trkpt>
   <trkpt lat="51.1264730" lon="-0.5189040">
    <ele>46.7</ele>
    <time>2020-08-03T10:48:53Z</time>
   </trkpt>
   <trkpt lat="51.1264140" lon="-0.5188410">
    <ele>46.7</ele>
    <time>2020-08-03T10:48:54Z</time>
   </trkpt>
   <trkpt lat="51.1262900" lon="-0.5187370">
    <ele>46.7</ele>
    <time>2020-08-03T10:48:56Z</time>
   </trkpt>
   <trkpt lat="51.1261750" lon="-0.5186410">
    <ele>46.9</ele>
    <time>2020-08-03T10:48:58Z</time>
   </trkpt>
   <trkpt lat="51.1261150" lon="-0.5185930">
    <ele>47.0</ele>
    <time>2020-08-03T10:48:59Z</time>
   </trkpt>
   <trkpt lat="51.1260540" lon="-0.5185470">
    <ele>47.0</ele>
    <time>2020-08-03T10:49:00Z</time>
   </trkpt>
   <trkpt lat="51.1259230" lon="-0.5184470">
    <ele>47.2</ele>
    <time>2020-08-03T10:49:02Z</time>
   </trkpt>
   <trkpt lat="51.1257990" lon="-0.5183480">
    <ele>47.3</ele>
    <time>2020-08-03T10:49:04Z</time>
   </trkpt>
   <trkpt lat="51.1257400" lon="-0.5183080">
    <ele>47.4</ele>
    <time>2020-08-03T10:49:05Z</time>
   </trkpt>
   <trkpt lat="51.1256810" lon="-0.5182680">
    <ele>47.4</ele>
    <time>2020-08-03T10:49:06Z</time>
   </trkpt>
   <trkpt lat="51.1255550" lon="-0.5181780">
    <ele>47.5</ele>
    <time>2020-08-03T10:49:08Z</time>
   </trkpt>
   <trkpt lat="51.1254340" lon="-0.5181000">
    <ele>47.7</ele>
    <time>2020-08-03T10:49:10Z</time>
   </trkpt>
   <trkpt lat="51.1253740" lon="-0.5180650">
    <ele>47.7</ele>
    <time>2020-08-03T10:49:11Z</time>
   </trkpt>
   <trkpt lat="51.1252490" lon="-0.5179900">
    <ele>47.9</ele>
    <time>2020-08-03T10:49:13Z</time>
   </trkpt>
   <trkpt lat="51.1251890" lon="-0.5179540">
    <ele>48.0</ele>
    <time>2020-08-03T10:49:14Z</time>
   </trkpt>
   <trkpt lat="51.1250750" lon="-0.5178710">
    <ele>48.3</ele>
    <time>2020-08-03T10:49:16Z</time>
   </trkpt>
   <trkpt lat="51.1250100" lon="-0.5178360">
    <ele>48.4</ele>
    <time>2020-08-03T10:49:17Z</time>
   </trkpt>
   <trkpt lat="51.1249450" lon="-0.5177980">
    <ele>48.5</ele>
    <time>2020-08-03T10:49:18Z</time>
   </trkpt>
   <trkpt lat="51.1248290" lon="-0.5177220">
    <ele>48.6</ele>
    <time>2020-08-03T10:49:20Z</time>
   </trkpt>
   <trkpt lat="51.1247690" lon="-0.5176740">
    <ele>48.7</ele>
    <time>2020-08-03T10:49:21Z</time>
   </trkpt>
   <trkpt lat="51.1247090" lon="-0.5176300">
    <ele>48.7</ele>
    <time>2020-08-03T10:49:22Z</time>
   </trkpt>
   <trkpt lat="51.1245980" lon="-0.5175450">
    <ele>48.8</ele>
    <time>2020-08-03T10:49:24Z</time>
   </trkpt>
   <trkpt lat="51.1245430" lon="-0.5174990">
    <ele>48.8</ele>
    <time>2020-08-03T10:49:25Z</time>
   </trkpt>
   <trkpt lat="51.1244200" lon="-0.5174160">
    <ele>48.8</ele>
    <time>2020-08-03T10:49:27Z</time>
   </trkpt>
   <trkpt lat="51.1243590" lon="-0.5173760">
    <ele>48.8</ele>
    <time>2020-08-03T10:49:28Z</time>
   </trkpt>
   <trkpt lat="51.1242340" lon="-0.5172750">
    <ele>48.9</ele>
    <time>2020-08-03T10:49:30Z</time>
   </trkpt>
   <trkpt lat="51.1241090" lon="-0.5171950">
    <ele>48.9</ele>
    <time>2020-08-03T10:49:32Z</time>
   </trkpt>
   <trkpt lat="51.1240470" lon="-0.5171500">
    <ele>48.8</ele>
    <time>2020-08-03T10:49:33Z</time>
   </trkpt>
   <trkpt lat="51.1239870" lon="-0.5171050">
    <ele>48.8</ele>
    <time>2020-08-03T10:49:34Z</time>
   </trkpt>
   <trkpt lat="51.1238650" lon="-0.5170250">
    <ele>48.7</ele>
    <time>2020-08-03T10:49:36Z</time>
   </trkpt>
   <trkpt lat="51.1238010" lon="-0.5169870">
    <ele>48.7</ele>
    <time>2020-08-03T10:49:37Z</time>
   </trkpt>
   <trkpt lat="51.1237410" lon="-0.5169430">
    <ele>48.7</ele>
    <time>2020-08-03T10:49:38Z</time>
   </trkpt>
   <trkpt lat="51.1236220" lon="-0.5168560">
    <ele>48.7</ele>
    <time>2020-08-03T10:49:40Z</time>
   </trkpt>
   <trkpt lat="51.1235590" lon="-0.5168150">
    <ele>48.7</ele>
    <time>2020-08-03T10:49:41Z</time>
   </trkpt>
   <trkpt lat="51.1234280" lon="-0.5167210">
    <ele>48.7</ele>
    <time>2020-08-03T10:49:43Z</time>
   </trkpt>
   <trkpt lat="51.1232950" lon="-0.5166270">
    <ele>48.7</ele>
    <time>2020-08-03T10:49:45Z</time>
   </trkpt>
   <trkpt lat="51.1231560" lon="-0.5165240">
    <ele>48.7</ele>
    <time>2020-08-03T10:49:47Z</time>
   </trkpt>
   <trkpt lat="51.1230230" lon="-0.5164230">
    <ele>48.7</ele>
    <time>2020-08-03T10:49:49Z</time>
   </trkpt>
   <trkpt lat="51.1229610" lon="-0.5163720">
    <ele>48.8</ele>
    <time>2020-08-03T10:49:50Z</time>
   </trkpt>
   <trkpt lat="51.1228950" lon="-0.5163220">
    <ele>48.8</ele>
    <time>2020-08-03T10:49:51Z</time>
   </trkpt>
   <trkpt lat="51.1228290" lon="-0.5162740">
    <ele>48.8</ele>
    <time>2020-08-03T10:49:52Z</time>
   </trkpt>
   <trkpt lat="51.1227600" lon="-0.5162290">
    <ele>48.9</ele>
    <time>2020-08-03T10:49:53Z</time>
   </trkpt>
   <trkpt lat="51.1226280" lon="-0.5161580">
    <ele>48.9</ele>
    <time>2020-08-03T10:49:55Z</time>
   </trkpt>
   <trkpt lat="51.1225570" lon="-0.5161240">
    <ele>49.0</ele>
    <time>2020-08-03T10:49:56Z</time>
   </trkpt>
   <trkpt lat="51.1224920" lon="-0.5160910">
    <ele>49.0</ele>
    <time>2020-08-03T10:49:57Z</time>
   </trkpt>
   <trkpt lat="51.1223600" lon="-0.5160150">
    <ele>49.2</ele>
    <time>2020-08-03T10:49:59Z</time>
   </trkpt>
   <trkpt lat="51.1222380" lon="-0.5159450">
    <ele>49.2</ele>
    <time>2020-08-03T10:50:01Z</time>
   </trkpt>
   <trkpt lat="51.1221770" lon="-0.5159080">
    <ele>49.2</ele>
    <time>2020-08-03T10:50:02Z</time>
   </trkpt>
   <trkpt lat="51.1220520" lon="-0.5158140">
    <ele>49.3</ele>
    <time>2020-08-03T10:50:04Z</time>
   </trkpt>
   <trkpt lat="51.1219290" lon="-0.5157130">
    <ele>49.4</ele>
    <time>2020-08-03T10:50:06Z</time>
   </trkpt>
   <trkpt lat="51.1218010" lon="-0.5156290">
    <ele>49.5</ele>
    <time>2020-08-03T10:50:08Z</time>
   </trkpt>
   <trkpt lat="51.1217340" lon="-0.5155850">
    <ele>49.5</ele>
    <time>2020-08-03T10:50:09Z</time>
   </trkpt>
   <trkpt lat="51.1216700" lon="-0.5155380">
    <ele>49.5</ele>
    <time>2020-08-03T10:50:10Z</time>
   </trkpt>
   <trkpt lat="51.1215460" lon="-0.5154610">
    <ele>49.5</ele>
    <time>2020-08-03T10:50:12Z</time>
   </trkpt>
   <trkpt lat="51.1214150" lon="-0.5153910">
    <ele>49.6</ele>
    <time>2020-08-03T10:50:14Z</time>
   </trkpt>
   <trkpt lat="51.1212850" lon="-0.5153330">
    <ele>49.7</ele>
    <time>2020-08-03T10:50:16Z</time>
   </trkpt>
   <trkpt lat="51.1212170" lon="-0.5153070">
    <ele>49.8</ele>
    <time>2020-08-03T10:50:17Z</time>
   </trkpt>
   <trkpt lat="51.1211480" lon="-0.5152860">
    <ele>49.9</ele>
    <time>2020-08-03T10:50:18Z</time>
   </trkpt>
   <trkpt lat="51.1210070" lon="-0.5152300">
    <ele>49.6</ele>
    <time>2020-08-03T10:50:20Z</time>
   </trkpt>
   <trkpt lat="51.1209330" lon="-0.5151990">
    <ele>49.5</ele>
    <time>2020-08-03T10:50:21Z</time>
   </trkpt>
   <trkpt lat="51.1207880" lon="-0.5151450">
    <ele>49.3</ele>
    <time>2020-08-03T10:50:23Z</time>
   </trkpt>
   <trkpt lat="51.1206450" lon="-0.5150950">
    <ele>49.2</ele>
    <time>2020-08-03T10:50:25Z</time>
   </trkpt>
   <trkpt lat="51.1205780" lon="-0.5150660">
    <ele>49.1</ele>
    <time>2020-08-03T10:50:26Z</time>
   </trkpt>
   <trkpt lat="51.1205100" lon="-0.5150320">
    <ele>49.1</ele>
    <time>2020-08-03T10:50:27Z</time>
   </trkpt>
   <trkpt lat="51.1203690" lon="-0.5149430">
    <ele>48.9</ele>
    <time>2020-08-03T10:50:29Z</time>
   </trkpt>
   <trkpt lat="51.1202990" lon="-0.5149010">
    <ele>48.9</ele>
    <time>2020-08-03T10:50:30Z</time>
   </trkpt>
   <trkpt lat="51.1202200" lon="-0.5148620">
    <ele>48.8</ele>
    <time>2020-08-03T10:50:31Z</time>
   </trkpt>
   <trkpt lat="51.1200680" lon="-0.5147880">
    <ele>48.7</ele>
    <time>2020-08-03T10:50:33Z</time>
   </trkpt>
   <trkpt lat="51.1199250" lon="-0.5147090">
    <ele>48.6</ele>
    <time>2020-08-03T10:50:35Z</time>
   </trkpt>
   <trkpt lat="51.1197750" lon="-0.5146230">
    <ele>48.4</ele>
    <time>2020-08-03T10:50:37Z</time>
   </trkpt>
   <trkpt lat="51.1196250" lon="-0.5145250">
    <ele>48.3</ele>
    <time>2020-08-03T10:50:39Z</time>
   </trkpt>
   <trkpt lat="51.1194750" lon="-0.5144120">
    <ele>48.2</ele>
    <time>2020-08-03T10:50:41Z</time>
   </trkpt>
   <trkpt lat="51.1194020" lon="-0.5143570">
    <ele>48.0</ele>
    <time>2020-08-03T10:50:42Z</time>
   </trkpt>
   <trkpt lat="51.1193320" lon="-0.5142930">
    <ele>47.9</ele>
    <time>2020-08-03T10:50:43Z</time>
   </trkpt>
   <trkpt lat="51.1191830" lon="-0.5141710">
    <ele>47.6</ele>
    <time>2020-08-03T10:50:45Z</time>
   </trkpt>
   <trkpt lat="51.1190450" lon="-0.5140400">
    <ele>47.4</ele>
    <time>2020-08-03T10:50:47Z</time>
   </trkpt>
   <trkpt lat="51.1189810" lon="-0.5139720">
    <ele>47.3</ele>
    <time>2020-08-03T10:50:48Z</time>
   </trkpt>
   <trkpt lat="51.1188470" lon="-0.5138320">
    <ele>47.2</ele>
    <time>2020-08-03T10:50:50Z</time>
   </trkpt>
   <trkpt lat="51.1187090" lon="-0.5136930">
    <ele>47.1</ele>
    <time>2020-08-03T10:50:52Z</time>
   </trkpt>
   <trkpt lat="51.1185820" lon="-0.5135500">
    <ele>47.1</ele>
    <time>2020-08-03T10:50:54Z</time>
   </trkpt>
   <trkpt lat="51.1184520" lon="-0.5134230">
    <ele>47.1</ele>
    <time>2020-08-03T10:50:56Z</time>
   </trkpt>
   <trkpt lat="51.1183930" lon="-0.5133580">
    <ele>47.2</ele>
    <time>2020-08-03T10:50:57Z</time>
   </trkpt>
   <trkpt lat="51.1183310" lon="-0.5132960">
    <ele>47.2</ele>
    <time>2020-08-03T10:50:58Z</time>
   </trkpt>
   <trkpt lat="51.1182090" lon="-0.5131650">
    <ele>47.3</ele>
    <time>2020-08-03T10:51:00Z</time>
   </trkpt>
   <trkpt lat="51.1181440" lon="-0.5131020">
    <ele>47.3</ele>
    <time>2020-08-03T10:51:01Z</time>
   </trkpt>
   <trkpt lat="51.1180810" lon="-0.5130430">
    <ele>47.3</ele>
    <time>2020-08-03T10:51:02Z</time>
   </trkpt>
   <trkpt lat="51.1179510" lon="-0.5129140">
    <ele>47.3</ele>
    <time>2020-08-03T10:51:04Z</time>
   </trkpt>
   <trkpt lat="51.1178870" lon="-0.5128470">
    <ele>47.4</ele>
    <time>2020-08-03T10:51:05Z</time>
   </trkpt>
   <trkpt lat="51.1177570" lon="-0.5127310">
    <ele>47.4</ele>
    <time>2020-08-03T10:51:07Z</time>
   </trkpt>
   <trkpt lat="51.1176850" lon="-0.5126740">
    <ele>47.4</ele>
    <time>2020-08-03T10:51:08Z</time>
   </trkpt>
   <trkpt lat="51.1175540" lon="-0.5125760">
    <ele>47.6</ele>
    <time>2020-08-03T10:51:10Z</time>
   </trkpt>
   <trkpt lat="51.1174800" lon="-0.5125300">
    <ele>47.6</ele>
    <time>2020-08-03T10:51:11Z</time>
   </trkpt>
   <trkpt lat="51.1173490" lon="-0.5124350">
    <ele>47.7</ele>
    <time>2020-08-03T10:51:13Z</time>
   </trkpt>
   <trkpt lat="51.1172820" lon="-0.5123930">
    <ele>47.8</ele>
    <time>2020-08-03T10:51:14Z</time>
   </trkpt>
   <trkpt lat="51.1171500" lon="-0.5123200">
    <ele>47.8</ele>
    <time>2020-08-03T10:51:16Z</time>
   </trkpt>
   <trkpt lat="51.1170140" lon="-0.5122370">
    <ele>47.9</ele>
    <time>2020-08-03T10:51:18Z</time>
   </trkpt>
   <trkpt lat="51.1169390" lon="-0.5121940">
    <ele>48.0</ele>
    <time>2020-08-03T10:51:19Z</time>
   </trkpt>
   <trkpt lat="51.1168090" lon="-0.5121290">
    <ele>48.0</ele>
    <time>2020-08-03T10:51:21Z</time>
   </trkpt>
   <trkpt lat="51.1166670" lon="-0.5120860">
    <ele>48.1</ele>
    <time>2020-08-03T10:51:23Z</time>
   </trkpt>
   <trkpt lat="51.1165990" lon="-0.5120640">
    <ele>48.1</ele>
    <time>2020-08-03T10:51:24Z</time>
   </trkpt>
   <trkpt lat="51.1165330" lon="-0.5120320">
    <ele>48.2</ele>
    <time>2020-08-03T10:51:25Z</time>
   </trkpt>
   <trkpt lat="51.1164700" lon="-0.5120050">
    <ele>48.2</ele>
    <time>2020-08-03T10:51:26Z</time>
   </trkpt>
   <trkpt lat="51.1163370" lon="-0.5119570">
    <ele>48.3</ele>
    <time>2020-08-03T10:51:28Z</time>
   </trkpt>
   <trkpt lat="51.1162710" lon="-0.5119300">
    <ele>48.3</ele>
    <time>2020-08-03T10:51:29Z</time>
   </trkpt>
   <trkpt lat="51.1162030" lon="-0.5119000">
    <ele>48.3</ele>
    <time>2020-08-03T10:51:30Z</time>
   </trkpt>
   <trkpt lat="51.1160840" lon="-0.5118500">
    <ele>48.3</ele>
    <time>2020-08-03T10:51:32Z</time>
   </trkpt>
   <trkpt lat="51.1160180" lon="-0.5118140">
    <ele>48.4</ele>
    <time>2020-08-03T10:51:33Z</time>
   </trkpt>
   <trkpt lat="51.1158680" lon="-0.5117690">
    <ele>48.6</ele>
    <time>2020-08-03T10:51:35Z</time>
   </trkpt>
   <trkpt lat="51.1157370" lon="-0.5117250">
    <ele>48.7</ele>
    <time>2020-08-03T10:51:37Z</time>
   </trkpt>
   <trkpt lat="51.1156710" lon="-0.5117100">
    <ele>48.7</ele>
    <time>2020-08-03T10:51:38Z</time>
   </trkpt>
   <trkpt lat="51.1156030" lon="-0.5116930">
    <ele>48.8</ele>
    <time>2020-08-03T10:51:39Z</time>
   </trkpt>
   <trkpt lat="51.1154730" lon="-0.5116410">
    <ele>48.9</ele>
    <time>2020-08-03T10:51:41Z</time>
   </trkpt>
   <trkpt lat="51.1153510" lon="-0.5116030">
    <ele>49.0</ele>
    <time>2020-08-03T10:51:43Z</time>
   </trkpt>
   <trkpt lat="51.1152180" lon="-0.5115680">
    <ele>49.2</ele>
    <time>2020-08-03T10:51:45Z</time>
   </trkpt>
   <trkpt lat="51.1150830" lon="-0.5115440">
    <ele>49.3</ele>
    <time>2020-08-03T10:51:47Z</time>
   </trkpt>
   <trkpt lat="51.1149390" lon="-0.5115150">
    <ele>49.5</ele>
    <time>2020-08-03T10:51:49Z</time>
   </trkpt>
   <trkpt lat="51.1148190" lon="-0.5114930">
    <ele>49.7</ele>
    <time>2020-08-03T10:51:51Z</time>
   </trkpt>
   <trkpt lat="51.1146980" lon="-0.5114680">
    <ele>49.9</ele>
    <time>2020-08-03T10:51:53Z</time>
   </trkpt>
   <trkpt lat="51.1146190" lon="-0.5114590">
    <ele>50.0</ele>
    <time>2020-08-03T10:51:54Z</time>
   </trkpt>
   <trkpt lat="51.1145450" lon="-0.5114550">
    <ele>49.9</ele>
    <time>2020-08-03T10:51:55Z</time>
   </trkpt>
   <trkpt lat="51.1144220" lon="-0.5114530">
    <ele>49.5</ele>
    <time>2020-08-03T10:51:57Z</time>
   </trkpt>
   <trkpt lat="51.1142970" lon="-0.5114580">
    <ele>49.3</ele>
    <time>2020-08-03T10:51:59Z</time>
   </trkpt>
   <trkpt lat="51.1141530" lon="-0.5114680">
    <ele>49.0</ele>
    <time>2020-08-03T10:52:01Z</time>
   </trkpt>
   <trkpt lat="51.1140040" lon="-0.5114790">
    <ele>48.9</ele>
    <time>2020-08-03T10:52:03Z</time>
   </trkpt>
   <trkpt lat="51.1138630" lon="-0.5114690">
    <ele>48.8</ele>
    <time>2020-08-03T10:52:05Z</time>
   </trkpt>
   <trkpt lat="51.1137400" lon="-0.5114760">
    <ele>48.8</ele>
    <time>2020-08-03T10:52:07Z</time>
   </trkpt>
   <trkpt lat="51.1136770" lon="-0.5114780">
    <ele>48.7</ele>
    <time>2020-08-03T10:52:08Z</time>
   </trkpt>
   <trkpt lat="51.1136130" lon="-0.5114760">
    <ele>48.6</ele>
    <time>2020-08-03T10:52:09Z</time>
   </trkpt>
   <trkpt lat="51.1134930" lon="-0.5114990">
    <ele>48.6</ele>
    <time>2020-08-03T10:52:11Z</time>
   </trkpt>
   <trkpt lat="51.1134250" lon="-0.5115160">
    <ele>48.6</ele>
    <time>2020-08-03T10:52:12Z</time>
   </trkpt>
   <trkpt lat="51.1133550" lon="-0.5115260">
    <ele>48.6</ele>
    <time>2020-08-03T10:52:13Z</time>
   </trkpt>
   <trkpt lat="51.1132860" lon="-0.5115540">
    <ele>48.6</ele>
    <time>2020-08-03T10:52:14Z</time>
   </trkpt>
   <trkpt lat="51.1131590" lon="-0.5115940">
    <ele>48.7</ele>
    <time>2020-08-03T10:52:16Z</time>
   </trkpt>
   <trkpt lat="51.1131020" lon="-0.5116190">
    <ele>48.7</ele>
    <time>2020-08-03T10:52:17Z</time>
   </trkpt>
   <trkpt lat="51.1129800" lon="-0.5116830">
    <ele>48.8</ele>
    <time>2020-08-03T10:52:19Z</time>
   </trkpt>
   <trkpt lat="51.1128380" lon="-0.5117560">
    <ele>48.9</ele>
    <time>2020-08-03T10:52:21Z</time>
   </trkpt>
   <trkpt lat="51.1127720" lon="-0.5117880">
    <ele>48.9</ele>
    <time>2020-08-03T10:52:22Z</time>
   </trkpt>
   <trkpt lat="51.1127070" lon="-0.5118280">
    <ele>49.0</ele>
    <time>2020-08-03T10:52:23Z</time>
   </trkpt>
   <trkpt lat="51.1125870" lon="-0.5118990">
    <ele>49.0</ele>
    <time>2020-08-03T10:52:25Z</time>
   </trkpt>
   <trkpt lat="51.1125200" lon="-0.5119440">
    <ele>49.1</ele>
    <time>2020-08-03T10:52:26Z</time>
   </trkpt>
   <trkpt lat="51.1124040" lon="-0.5120350">
    <ele>49.2</ele>
    <time>2020-08-03T10:52:28Z</time>
   </trkpt>
   <trkpt lat="51.1123420" lon="-0.5120810">
    <ele>49.2</ele>
    <time>2020-08-03T10:52:29Z</time>
   </trkpt>
   <trkpt lat="51.1122750" lon="-0.5121270">
    <ele>49.3</ele>
    <time>2020-08-03T10:52:30Z</time>
   </trkpt>
   <trkpt lat="51.1122040" lon="-0.5121790">
    <ele>49.3</ele>
    <time>2020-08-03T10:52:31Z</time>
   </trkpt>
   <trkpt lat="51.1120700" lon="-0.5122600">
    <ele>49.4</ele>
    <time>2020-08-03T10:52:33Z</time>
   </trkpt>
   <trkpt lat="51.1119490" lon="-0.5123500">
    <ele>49.5</ele>
    <time>2020-08-03T10:52:35Z</time>
   </trkpt>
   <trkpt lat="51.1118890" lon="-0.5123960">
    <ele>49.6</ele>
    <time>2020-08-03T10:52:36Z</time>
   </trkpt>
   <trkpt lat="51.1117670" lon="-0.5124810">
    <ele>49.9</ele>
    <time>2020-08-03T10:52:38Z</time>
   </trkpt>
   <trkpt lat="51.1116940" lon="-0.5125220">
    <ele>50.1</ele>
    <time>2020-08-03T10:52:39Z</time>
   </trkpt>
   <trkpt lat="51.1115560" lon="-0.5126080">
    <ele>50.4</ele>
    <time>2020-08-03T10:52:41Z</time>
   </trkpt>
   <trkpt lat="51.1114910" lon="-0.5126570">
    <ele>50.6</ele>
    <time>2020-08-03T10:52:42Z</time>
   </trkpt>
   <trkpt lat="51.1113710" lon="-0.5127440">
    <ele>51.0</ele>
    <time>2020-08-03T10:52:44Z</time>
   </trkpt>
   <trkpt lat="51.1112530" lon="-0.5128390">
    <ele>51.4</ele>
    <time>2020-08-03T10:52:46Z</time>
   </trkpt>
   <trkpt lat="51.1111330" lon="-0.5129270">
    <ele>51.9</ele>
    <time>2020-08-03T10:52:48Z</time>
   </trkpt>
   <trkpt lat="51.1110240" lon="-0.5130120">
    <ele>52.5</ele>
    <time>2020-08-03T10:52:50Z</time>
   </trkpt>
   <trkpt lat="51.1109660" lon="-0.5130530">
    <ele>52.7</ele>
    <time>2020-08-03T10:52:51Z</time>
   </trkpt>
   <trkpt lat="51.1108690" lon="-0.5131380">
    <ele>53.1</ele>
    <time>2020-08-03T10:52:53Z</time>
   </trkpt>
   <trkpt lat="51.1107760" lon="-0.5132070">
    <ele>53.4</ele>
    <time>2020-08-03T10:52:55Z</time>
   </trkpt>
   <trkpt lat="51.1106740" lon="-0.5133000">
    <ele>53.6</ele>
    <time>2020-08-03T10:52:57Z</time>
   </trkpt>
   <trkpt lat="51.1106280" lon="-0.5133420">
    <ele>53.7</ele>
    <time>2020-08-03T10:52:58Z</time>
   </trkpt>
   <trkpt lat="51.1105340" lon="-0.5134210">
    <ele>53.9</ele>
    <time>2020-08-03T10:53:00Z</time>
   </trkpt>
   <trkpt lat="51.1104210" lon="-0.5135220">
    <ele>54.0</ele>
    <time>2020-08-03T10:53:02Z</time>
   </trkpt>
   <trkpt lat="51.1103740" lon="-0.5135730">
    <ele>54.1</ele>
    <time>2020-08-03T10:53:03Z</time>
   </trkpt>
   <trkpt lat="51.1102890" lon="-0.5136650">
    <ele>54.3</ele>
    <time>2020-08-03T10:53:05Z</time>
   </trkpt>
   <trkpt lat="51.1101850" lon="-0.5137570">
    <ele>54.5</ele>
    <time>2020-08-03T10:53:07Z</time>
   </trkpt>
   <trkpt lat="51.1100690" lon="-0.5138480">
    <ele>54.5</ele>
    <time>2020-08-03T10:53:09Z</time>
   </trkpt>
   <trkpt lat="51.1100150" lon="-0.5138940">
    <ele>54.6</ele>
    <time>2020-08-03T10:53:10Z</time>
   </trkpt>
   <trkpt lat="51.1099680" lon="-0.5139370">
    <ele>54.6</ele>
    <time>2020-08-03T10:53:11Z</time>
   </trkpt>
   <trkpt lat="51.1098740" lon="-0.5140150">
    <ele>54.6</ele>
    <time>2020-08-03T10:53:13Z</time>
   </trkpt>
   <trkpt lat="51.1098240" lon="-0.5140550">
    <ele>54.6</ele>
    <time>2020-08-03T10:53:14Z</time>
   </trkpt>
   <trkpt lat="51.1097720" lon="-0.5140940">
    <ele>54.6</ele>
    <time>2020-08-03T10:53:15Z</time>
   </trkpt>
   <trkpt lat="51.1096670" lon="-0.5141720">
    <ele>54.6</ele>
    <time>2020-08-03T10:53:17Z</time>
   </trkpt>
   <trkpt lat="51.1096070" lon="-0.5142140">
    <ele>54.6</ele>
    <time>2020-08-03T10:53:18Z</time>
   </trkpt>
   <trkpt lat="51.1094820" lon="-0.5143020">
    <ele>54.6</ele>
    <time>2020-08-03T10:53:20Z</time>
   </trkpt>
   <trkpt lat="51.1094240" lon="-0.5143360">
    <ele>54.6</ele>
    <time>2020-08-03T10:53:21Z</time>
   </trkpt>
   <trkpt lat="51.1092900" lon="-0.5144090">
    <ele>54.6</ele>
    <time>2020-08-03T10:53:23Z</time>
   </trkpt>
   <trkpt lat="51.1091760" lon="-0.5144900">
    <ele>54.7</ele>
    <time>2020-08-03T10:53:25Z</time>
   </trkpt>
   <trkpt lat="51.1091200" lon="-0.5145290">
    <ele>54.7</ele>
    <time>2020-08-03T10:53:26Z</time>
   </trkpt>
   <trkpt lat="51.1090090" lon="-0.5146130">
    <ele>54.7</ele>
    <time>2020-08-03T10:53:28Z</time>
   </trkpt>
   <trkpt lat="51.1088880" lon="-0.5146790">
    <ele>54.9</ele>
    <time>2020-08-03T10:53:30Z</time>
   </trkpt>
   <trkpt lat="51.1088380" lon="-0.5147230">
    <ele>55.0</ele>
    <time>2020-08-03T10:53:31Z</time>
   </trkpt>
   <trkpt lat="51.1087860" lon="-0.5147750">
    <ele>55.2</ele>
    <time>2020-08-03T10:53:32Z</time>
   </trkpt>
   <trkpt lat="51.1086820" lon="-0.5148500">
    <ele>55.3</ele>
    <time>2020-08-03T10:53:34Z</time>
   </trkpt>
   <trkpt lat="51.1086210" lon="-0.5148790">
    <ele>55.2</ele>
    <time>2020-08-03T10:53:35Z</time>
   </trkpt>
   <trkpt lat="51.1084810" lon="-0.5149330">
    <ele>55.2</ele>
    <time>2020-08-03T10:53:37Z</time>
   </trkpt>
   <trkpt lat="51.1083350" lon="-0.5149790">
    <ele>55.0</ele>
    <time>2020-08-03T10:53:39Z</time>
   </trkpt>
   <trkpt lat="51.1082610" lon="-0.5149990">
    <ele>55.0</ele>
    <time>2020-08-03T10:53:40Z</time>
   </trkpt>
   <trkpt lat="51.1080990" lon="-0.5149820">
    <ele>54.5</ele>
    <time>2020-08-03T10:53:42Z</time>
   </trkpt>
   <trkpt lat="51.1079610" lon="-0.5148940">
    <ele>54.2</ele>
    <time>2020-08-03T10:53:44Z</time>
   </trkpt>
   <trkpt lat="51.1078350" lon="-0.5147740">
    <ele>54.0</ele>
    <time>2020-08-03T10:53:46Z</time>
   </trkpt>
   <trkpt lat="51.1077060" lon="-0.5147610">
    <ele>54.0</ele>
    <time>2020-08-03T10:53:48Z</time>
   </trkpt>
   <trkpt lat="51.1076550" lon="-0.5148230">
    <ele>54.0</ele>
    <time>2020-08-03T10:53:49Z</time>
   </trkpt>
   <trkpt lat="51.1075370" lon="-0.5149130">
    <ele>53.8</ele>
    <time>2020-08-03T10:53:51Z</time>
   </trkpt>
   <trkpt lat="51.1074700" lon="-0.5149130">
    <ele>53.6</ele>
    <time>2020-08-03T10:53:52Z</time>
   </trkpt>
   <trkpt lat="51.1074010" lon="-0.5149060">
    <ele>53.5</ele>
    <time>2020-08-03T10:53:53Z</time>
   </trkpt>
   <trkpt lat="51.1072690" lon="-0.5149150">
    <ele>53.3</ele>
    <time>2020-08-03T10:53:55Z</time>
   </trkpt>
   <trkpt lat="51.1071250" lon="-0.5149240">
    <ele>53.1</ele>
    <time>2020-08-03T10:53:57Z</time>
   </trkpt>
   <trkpt lat="51.1070550" lon="-0.5149370">
    <ele>53.0</ele>
    <time>2020-08-03T10:53:58Z</time>
   </trkpt>
   <trkpt lat="51.1069210" lon="-0.5149810">
    <ele>52.9</ele>
    <time>2020-08-03T10:54:00Z</time>
   </trkpt>
   <trkpt lat="51.1068510" lon="-0.5150100">
    <ele>52.9</ele>
    <time>2020-08-03T10:54:01Z</time>
   </trkpt>
   <trkpt lat="51.1067090" lon="-0.5150680">
    <ele>52.8</ele>
    <time>2020-08-03T10:54:03Z</time>
   </trkpt>
   <trkpt lat="51.1065810" lon="-0.5151340">
    <ele>52.7</ele>
    <time>2020-08-03T10:54:05Z</time>
   </trkpt>
   <trkpt lat="51.1064580" lon="-0.5152110">
    <ele>52.6</ele>
    <time>2020-08-03T10:54:07Z</time>
   </trkpt>
   <trkpt lat="51.1063340" lon="-0.5153090">
    <ele>52.6</ele>
    <time>2020-08-03T10:54:09Z</time>
   </trkpt>
   <trkpt lat="51.1062680" lon="-0.5153620">
    <ele>52.5</ele>
    <time>2020-08-03T10:54:10Z</time>
   </trkpt>
   <trkpt lat="51.1062010" lon="-0.5154090">
    <ele>52.5</ele>
    <time>2020-08-03T10:54:11Z</time>
   </trkpt>
   <trkpt lat="51.1060720" lon="-0.5154840">
    <ele>52.6</ele>
    <time>2020-08-03T10:54:13Z</time>
   </trkpt>
   <trkpt lat="51.1060020" lon="-0.5155340">
    <ele>52.7</ele>
    <time>2020-08-03T10:54:14Z</time>
   </trkpt>
   <trkpt lat="51.1058740" lon="-0.5156390">
    <ele>52.7</ele>
    <time>2020-08-03T10:54:16Z</time>
   </trkpt>
   <trkpt lat="51.1058180" lon="-0.5156880">
    <ele>52.7</ele>
    <time>2020-08-03T10:54:17Z</time>
   </trkpt>
   <trkpt lat="51.1057620" lon="-0.5157350">
    <ele>52.7</ele>
    <time>2020-08-03T10:54:18Z</time>
   </trkpt>
   <trkpt lat="51.1056460" lon="-0.5158200">
    <ele>52.9</ele>
    <time>2020-08-03T10:54:20Z</time>
   </trkpt>
   <trkpt lat="51.1055460" lon="-0.5159160">
    <ele>52.8</ele>
    <time>2020-08-03T10:54:22Z</time>
   </trkpt>
   <trkpt lat="51.1054270" lon="-0.5160210">
    <ele>52.4</ele>
    <time>2020-08-03T10:54:24Z</time>
   </trkpt>
   <trkpt lat="51.1053630" lon="-0.5160740">
    <ele>52.3</ele>
    <time>2020-08-03T10:54:25Z</time>
   </trkpt>
   <trkpt lat="51.1052990" lon="-0.5161260">
    <ele>52.2</ele>
    <time>2020-08-03T10:54:26Z</time>
   </trkpt>
   <trkpt lat="51.1051610" lon="-0.5162210">
    <ele>52.1</ele>
    <time>2020-08-03T10:54:28Z</time>
   </trkpt>
   <trkpt lat="51.1050940" lon="-0.5162650">
    <ele>52.1</ele>
    <time>2020-08-03T10:54:29Z</time>
   </trkpt>
   <trkpt lat="51.1050300" lon="-0.5163030">
    <ele>52.1</ele>
    <time>2020-08-03T10:54:30Z</time>
   </trkpt>
   <trkpt lat="51.1049620" lon="-0.5163460">
    <ele>52.1</ele>
    <time>2020-08-03T10:54:31Z</time>
   </trkpt>
   <trkpt lat="51.1048340" lon="-0.5164180">
    <ele>52.0</ele>
    <time>2020-08-03T10:54:33Z</time>
   </trkpt>
   <trkpt lat="51.1046890" lon="-0.5164810">
    <ele>52.1</ele>
    <time>2020-08-03T10:54:35Z</time>
   </trkpt>
   <trkpt lat="51.1045630" lon="-0.5165280">
    <ele>52.2</ele>
    <time>2020-08-03T10:54:37Z</time>
   </trkpt>
   <trkpt lat="51.1045000" lon="-0.5165540">
    <ele>52.2</ele>
    <time>2020-08-03T10:54:38Z</time>
   </trkpt>
   <trkpt lat="51.1044360" lon="-0.5165870">
    <ele>52.3</ele>
    <time>2020-08-03T10:54:39Z</time>
   </trkpt>
   <trkpt lat="51.1043100" lon="-0.5166510">
    <ele>52.4</ele>
    <time>2020-08-03T10:54:41Z</time>
   </trkpt>
   <trkpt lat="51.1041810" lon="-0.5167060">
    <ele>52.5</ele>
    <time>2020-08-03T10:54:43Z</time>
   </trkpt>
   <trkpt lat="51.1040560" lon="-0.5167610">
    <ele>52.6</ele>
    <time>2020-08-03T10:54:45Z</time>
   </trkpt>
   <trkpt lat="51.1039940" lon="-0.5167930">
    <ele>52.7</ele>
    <time>2020-08-03T10:54:46Z</time>
   </trkpt>
   <trkpt lat="51.1038790" lon="-0.5168580">
    <ele>52.7</ele>
    <time>2020-08-03T10:54:48Z</time>
   </trkpt>
   <trkpt lat="51.1038180" lon="-0.5168810">
    <ele>52.8</ele>
    <time>2020-08-03T10:54:49Z</time>
   </trkpt>
   <trkpt lat="51.1036930" lon="-0.5169330">
    <ele>52.9</ele>
    <time>2020-08-03T10:54:51Z</time>
   </trkpt>
   <trkpt lat="51.1036290" lon="-0.5169660">
    <ele>52.9</ele>
    <time>2020-08-03T10:54:52Z</time>
   </trkpt>
   <trkpt lat="51.1034830" lon="-0.5170310">
    <ele>53.2</ele>
    <time>2020-08-03T10:54:54Z</time>
   </trkpt>
   <trkpt lat="51.1034210" lon="-0.5170640">
    <ele>53.2</ele>
    <time>2020-08-03T10:54:55Z</time>
   </trkpt>
   <trkpt lat="51.1032890" lon="-0.5171360">
    <ele>52.9</ele>
    <time>2020-08-03T10:54:57Z</time>
   </trkpt>
   <trkpt lat="51.1032260" lon="-0.5171620">
    <ele>52.9</ele>
    <time>2020-08-03T10:54:58Z</time>
   </trkpt>
   <trkpt lat="51.1030950" lon="-0.5172240">
    <ele>53.0</ele>
    <time>2020-08-03T10:55:00Z</time>
   </trkpt>
   <trkpt lat="51.1029650" lon="-0.5172870">
    <ele>53.0</ele>
    <time>2020-08-03T10:55:02Z</time>
   </trkpt>
   <trkpt lat="51.1028520" lon="-0.5173680">
    <ele>53.0</ele>
    <time>2020-08-03T10:55:04Z</time>
   </trkpt>
   <trkpt lat="51.1027990" lon="-0.5174090">
    <ele>53.0</ele>
    <time>2020-08-03T10:55:05Z</time>
   </trkpt>
   <trkpt lat="51.1026890" lon="-0.5174530">
    <ele>53.0</ele>
    <time>2020-08-03T10:55:07Z</time>
   </trkpt>
   <trkpt lat="51.1026320" lon="-0.5174690">
    <ele>53.0</ele>
    <time>2020-08-03T10:55:08Z</time>
   </trkpt>
   <trkpt lat="51.1025730" lon="-0.5174830">
    <ele>53.0</ele>
    <time>2020-08-03T10:55:09Z</time>
   </trkpt>
   <trkpt lat="51.1024530" lon="-0.5175350">
    <ele>53.1</ele>
    <time>2020-08-03T10:55:11Z</time>
   </trkpt>
   <trkpt lat="51.1023320" lon="-0.5176110">
    <ele>53.2</ele>
    <time>2020-08-03T10:55:13Z</time>
   </trkpt>
   <trkpt lat="51.1022210" lon="-0.5176980">
    <ele>53.2</ele>
    <time>2020-08-03T10:55:15Z</time>
   </trkpt>
   <trkpt lat="51.1021620" lon="-0.5177440">
    <ele>53.3</ele>
    <time>2020-08-03T10:55:16Z</time>
   </trkpt>
   <trkpt lat="51.1020480" lon="-0.5178540">
    <ele>53.4</ele>
    <time>2020-08-03T10:55:18Z</time>
   </trkpt>
   <trkpt lat="51.1019920" lon="-0.5179040">
    <ele>53.5</ele>
    <time>2020-08-03T10:55:19Z</time>
   </trkpt>
   <trkpt lat="51.1019360" lon="-0.5179540">
    <ele>53.5</ele>
    <time>2020-08-03T10:55:20Z</time>
   </trkpt>
   <trkpt lat="51.1018250" lon="-0.5180540">
    <ele>53.6</ele>
    <time>2020-08-03T10:55:22Z</time>
   </trkpt>
   <trkpt lat="51.1017680" lon="-0.5181030">
    <ele>53.6</ele>
    <time>2020-08-03T10:55:23Z</time>
   </trkpt>
   <trkpt lat="51.1017090" lon="-0.5181560">
    <ele>53.6</ele>
    <time>2020-08-03T10:55:24Z</time>
   </trkpt>
   <trkpt lat="51.1015910" lon="-0.5182450">
    <ele>53.7</ele>
    <time>2020-08-03T10:55:26Z</time>
   </trkpt>
   <trkpt lat="51.1014780" lon="-0.5183090">
    <ele>53.9</ele>
    <time>2020-08-03T10:55:28Z</time>
   </trkpt>
   <trkpt lat="51.1014170" lon="-0.5183170">
    <ele>54.1</ele>
    <time>2020-08-03T10:55:29Z</time>
   </trkpt>
   <trkpt lat="51.1012910" lon="-0.5183050">
    <ele>54.3</ele>
    <time>2020-08-03T10:55:31Z</time>
   </trkpt>
   <trkpt lat="51.1011690" lon="-0.5182660">
    <ele>54.6</ele>
    <time>2020-08-03T10:55:33Z</time>
   </trkpt>
   <trkpt lat="51.1011110" lon="-0.5182370">
    <ele>54.7</ele>
    <time>2020-08-03T10:55:34Z</time>
   </trkpt>
   <trkpt lat="51.1009930" lon="-0.5181940">
    <ele>54.8</ele>
    <time>2020-08-03T10:55:36Z</time>
   </trkpt>
   <trkpt lat="51.1008660" lon="-0.5181500">
    <ele>55.1</ele>
    <time>2020-08-03T10:55:38Z</time>
   </trkpt>
   <trkpt lat="51.1008010" lon="-0.5181330">
    <ele>55.2</ele>
    <time>2020-08-03T10:55:39Z</time>
   </trkpt>
   <trkpt lat="51.1007380" lon="-0.5181170">
    <ele>55.3</ele>
    <time>2020-08-03T10:55:40Z</time>
   </trkpt>
   <trkpt lat="51.1006220" lon="-0.5180860">
    <ele>55.5</ele>
    <time>2020-08-03T10:55:42Z</time>
   </trkpt>
   <trkpt lat="51.1005090" lon="-0.5180480">
    <ele>55.8</ele>
    <time>2020-08-03T10:55:44Z</time>
   </trkpt>
   <trkpt lat="51.1004500" lon="-0.5180250">
    <ele>55.8</ele>
    <time>2020-08-03T10:55:45Z</time>
   </trkpt>
   <trkpt lat="51.1003350" lon="-0.5179860">
    <ele>56.0</ele>
    <time>2020-08-03T10:55:47Z</time>
   </trkpt>
   <trkpt lat="51.1002770" lon="-0.5179670">
    <ele>56.0</ele>
    <time>2020-08-03T10:55:48Z</time>
   </trkpt>
   <trkpt lat="51.1001580" lon="-0.5179240">
    <ele>55.9</ele>
    <time>2020-08-03T10:55:50Z</time>
   </trkpt>
   <trkpt lat="51.1000240" lon="-0.5178770">
    <ele>55.8</ele>
    <time>2020-08-03T10:55:52Z</time>
   </trkpt>
   <trkpt lat="51.0999010" lon="-0.5178280">
    <ele>55.7</ele>
    <time>2020-08-03T10:55:54Z</time>
   </trkpt>
   <trkpt lat="51.0997610" lon="-0.5177890">
    <ele>55.5</ele>
    <time>2020-08-03T10:55:56Z</time>
   </trkpt>
   <trkpt lat="51.0996950" lon="-0.5177670">
    <ele>55.4</ele>
    <time>2020-08-03T10:55:57Z</time>
   </trkpt>
   <trkpt lat="51.0996240" lon="-0.5177490">
    <ele>55.4</ele>
    <time>2020-08-03T10:55:58Z</time>
   </trkpt>
   <trkpt lat="51.0994810" lon="-0.5177070">
    <ele>55.1</ele>
    <time>2020-08-03T10:56:00Z</time>
   </trkpt>
   <trkpt lat="51.0993410" lon="-0.5176640">
    <ele>54.9</ele>
    <time>2020-08-03T10:56:02Z</time>
   </trkpt>
   <trkpt lat="51.0992650" lon="-0.5176460">
    <ele>54.8</ele>
    <time>2020-08-03T10:56:03Z</time>
   </trkpt>
   <trkpt lat="51.0991190" lon="-0.5176050">
    <ele>54.7</ele>
    <time>2020-08-03T10:56:05Z</time>
   </trkpt>
   <trkpt lat="51.0989760" lon="-0.5175690">
    <ele>54.7</ele>
    <time>2020-08-03T10:56:07Z</time>
   </trkpt>
   <trkpt lat="51.0989060" lon="-0.5175510">
    <ele>54.7</ele>
    <time>2020-08-03T10:56:08Z</time>
   </trkpt>
   <trkpt lat="51.0988280" lon="-0.5175300">
    <ele>54.8</ele>
    <time>2020-08-03T10:56:09Z</time>
   </trkpt>
   <trkpt lat="51.0987490" lon="-0.5175080">
    <ele>54.9</ele>
    <time>2020-08-03T10:56:10Z</time>
   </trkpt>
   <trkpt lat="51.0985990" lon="-0.5174560">
    <ele>55.1</ele>
    <time>2020-08-03T10:56:12Z</time>
   </trkpt>
   <trkpt lat="51.0985280" lon="-0.5174310">
    <ele>55.2</ele>
    <time>2020-08-03T10:56:13Z</time>
   </trkpt>
   <trkpt lat="51.0983830" lon="-0.5173700">
    <ele>55.3</ele>
    <time>2020-08-03T10:56:15Z</time>
   </trkpt>
   <trkpt lat="51.0983190" lon="-0.5173250">
    <ele>55.4</ele>
    <time>2020-08-03T10:56:16Z</time>
   </trkpt>
   <trkpt lat="51.0981920" lon="-0.5172320">
    <ele>55.5</ele>
    <time>2020-08-03T10:56:18Z</time>
   </trkpt>
   <trkpt lat="51.0981320" lon="-0.5171830">
    <ele>55.6</ele>
    <time>2020-08-03T10:56:19Z</time>
   </trkpt>
   <trkpt lat="51.0980610" lon="-0.5171320">
    <ele>55.6</ele>
    <time>2020-08-03T10:56:20Z</time>
   </trkpt>
   <trkpt lat="51.0979420" lon="-0.5170390">
    <ele>55.7</ele>
    <time>2020-08-03T10:56:22Z</time>
   </trkpt>
   <trkpt lat="51.0978760" lon="-0.5169980">
    <ele>55.8</ele>
    <time>2020-08-03T10:56:23Z</time>
   </trkpt>
   <trkpt lat="51.0978110" lon="-0.5169550">
    <ele>55.9</ele>
    <time>2020-08-03T10:56:24Z</time>
   </trkpt>
   <trkpt lat="51.0976850" lon="-0.5168710">
    <ele>56.0</ele>
    <time>2020-08-03T10:56:26Z</time>
   </trkpt>
   <trkpt lat="51.0975580" lon="-0.5168090">
    <ele>56.1</ele>
    <time>2020-08-03T10:56:28Z</time>
   </trkpt>
   <trkpt lat="51.0974890" lon="-0.5167800">
    <ele>56.2</ele>
    <time>2020-08-03T10:56:29Z</time>
   </trkpt>
   <trkpt lat="51.0973640" lon="-0.5167220">
    <ele>56.3</ele>
    <time>2020-08-03T10:56:31Z</time>
   </trkpt>
   <trkpt lat="51.0972970" lon="-0.5166930">
    <ele>56.3</ele>
    <time>2020-08-03T10:56:32Z</time>
   </trkpt>
   <trkpt lat="51.0971650" lon="-0.5166600">
    <ele>56.3</ele>
    <time>2020-08-03T10:56:34Z</time>
   </trkpt>
   <trkpt lat="51.0970370" lon="-0.5166390">
    <ele>56.4</ele>
    <time>2020-08-03T10:56:36Z</time>
   </trkpt>
   <trkpt lat="51.0969100" lon="-0.5166570">
    <ele>56.5</ele>
    <time>2020-08-03T10:56:38Z</time>
   </trkpt>
   <trkpt lat="51.0968410" lon="-0.5166750">
    <ele>56.6</ele>
    <time>2020-08-03T10:56:39Z</time>
   </trkpt>
   <trkpt lat="51.0967140" lon="-0.5167100">
    <ele>56.7</ele>
    <time>2020-08-03T10:56:41Z</time>
   </trkpt>
   <trkpt lat="51.0966480" lon="-0.5167400">
    <ele>56.7</ele>
    <time>2020-08-03T10:56:42Z</time>
   </trkpt>
   <trkpt lat="51.0965810" lon="-0.5167710">
    <ele>56.7</ele>
    <time>2020-08-03T10:56:43Z</time>
   </trkpt>
   <trkpt lat="51.0964620" lon="-0.5168390">
    <ele>56.7</ele>
    <time>2020-08-03T10:56:45Z</time>
   </trkpt>
   <trkpt lat="51.0963590" lon="-0.5169160">
    <ele>56.6</ele>
    <time>2020-08-03T10:56:47Z</time>
   </trkpt>
   <trkpt lat="51.0963000" lon="-0.5169630">
    <ele>56.5</ele>
    <time>2020-08-03T10:56:48Z</time>
   </trkpt>
   <trkpt lat="51.0961890" lon="-0.5170910">
    <ele>56.1</ele>
    <time>2020-08-03T10:56:50Z</time>
   </trkpt>
   <trkpt lat="51.0961570" lon="-0.5171700">
    <ele>55.9</ele>
    <time>2020-08-03T10:56:51Z</time>
   </trkpt>
   <trkpt lat="51.0961350" lon="-0.5172570">
    <ele>55.6</ele>
    <time>2020-08-03T10:56:53Z</time>
   </trkpt>
   <trkpt lat="51.0961140" lon="-0.5173020">
    <ele>55.4</ele>
    <time>2020-08-03T10:56:54Z</time>
   </trkpt>
   <trkpt lat="51.0961080" lon="-0.5173140">
    <ele>55.4</ele>
    <time>2020-08-03T10:56:55Z</time>
   </trkpt>
   <trkpt lat="51.0961010" lon="-0.5173380">
    <ele>55.3</ele>
    <time>2020-08-03T10:56:56Z</time>
   </trkpt>
   <trkpt lat="51.0960950" lon="-0.5173650">
    <ele>55.2</ele>
    <time>2020-08-03T10:56:57Z</time>
   </trkpt>
   <trkpt lat="51.0960760" lon="-0.5174530">
    <ele>54.9</ele>
    <time>2020-08-03T10:56:59Z</time>
   </trkpt>
   <trkpt lat="51.0960670" lon="-0.5175040">
    <ele>54.7</ele>
    <time>2020-08-03T10:57:00Z</time>
   </trkpt>
   <trkpt lat="51.0960340" lon="-0.5176490">
    <ele>54.2</ele>
    <time>2020-08-03T10:57:02Z</time>
   </trkpt>
   <trkpt lat="51.0959790" lon="-0.5178280">
    <ele>53.7</ele>
    <time>2020-08-03T10:57:04Z</time>
   </trkpt>
   <trkpt lat="51.0959190" lon="-0.5180420">
    <ele>53.0</ele>
    <time>2020-08-03T10:57:06Z</time>
   </trkpt>
   <trkpt lat="51.0958580" lon="-0.5182600">
    <ele>52.3</ele>
    <time>2020-08-03T10:57:08Z</time>
   </trkpt>
   <trkpt lat="51.0958300" lon="-0.5183750">
    <ele>52.0</ele>
    <time>2020-08-03T10:57:09Z</time>
   </trkpt>
   <trkpt lat="51.0958010" lon="-0.5184840">
    <ele>51.6</ele>
    <time>2020-08-03T10:57:10Z</time>
   </trkpt>
   <trkpt lat="51.0957530" lon="-0.5186500">
    <ele>50.9</ele>
    <time>2020-08-03T10:57:12Z</time>
   </trkpt>
   <trkpt lat="51.0957110" lon="-0.5187810">
    <ele>50.2</ele>
    <time>2020-08-03T10:57:14Z</time>
   </trkpt>
   <trkpt lat="51.0956700" lon="-0.5188880">
    <ele>49.7</ele>
    <time>2020-08-03T10:57:16Z</time>
   </trkpt>
   <trkpt lat="51.0955900" lon="-0.5190320">
    <ele>48.9</ele>
    <time>2020-08-03T10:57:18Z</time>
   </trkpt>
   <trkpt lat="51.0954410" lon="-0.5191550">
    <ele>47.8</ele>
    <time>2020-08-03T10:57:20Z</time>
   </trkpt>
   <trkpt lat="51.0952780" lon="-0.5192940">
    <ele>46.5</ele>
    <time>2020-08-03T10:57:22Z</time>
   </trkpt>
   <trkpt lat="51.0950860" lon="-0.5194110">
    <ele>45.0</ele>
    <time>2020-08-03T10:57:24Z</time>
   </trkpt>
   <trkpt lat="51.0949790" lon="-0.5194630">
    <ele>44.2</ele>
    <time>2020-08-03T10:57:25Z</time>
   </trkpt>
   <trkpt lat="51.0947680" lon="-0.5195760">
    <ele>42.2</ele>
    <time>2020-08-03T10:57:27Z</time>
   </trkpt>
   <trkpt lat="51.0945780" lon="-0.5196870">
    <ele>40.4</ele>
    <time>2020-08-03T10:57:29Z</time>
   </trkpt>
   <trkpt lat="51.0944950" lon="-0.5197350">
    <ele>39.7</ele>
    <time>2020-08-03T10:57:30Z</time>
   </trkpt>
   <trkpt lat="51.0942620" lon="-0.5198150">
    <ele>37.9</ele>
    <time>2020-08-03T10:57:32Z</time>
   </trkpt>
   <trkpt lat="51.0940260" lon="-0.5198920">
    <ele>36.6</ele>
    <time>2020-08-03T10:57:34Z</time>
   </trkpt>
   <trkpt lat="51.0939100" lon="-0.5199240">
    <ele>36.1</ele>
    <time>2020-08-03T10:57:35Z</time>
   </trkpt>
   <trkpt lat="51.0938000" lon="-0.5199590">
    <ele>35.9</ele>
    <time>2020-08-03T10:57:36Z</time>
   </trkpt>
   <trkpt lat="51.0935790" lon="-0.5200380">
    <ele>35.5</ele>
    <time>2020-08-03T10:57:38Z</time>
   </trkpt>
   <trkpt lat="51.0933730" lon="-0.5201040">
    <ele>35.2</ele>
    <time>2020-08-03T10:57:40Z</time>
   </trkpt>
   <trkpt lat="51.0931900" lon="-0.5201800">
    <ele>35.0</ele>
    <time>2020-08-03T10:57:42Z</time>
   </trkpt>
   <trkpt lat="51.0931020" lon="-0.5202110">
    <ele>34.9</ele>
    <time>2020-08-03T10:57:43Z</time>
   </trkpt>
   <trkpt lat="51.0929050" lon="-0.5202720">
    <ele>34.9</ele>
    <time>2020-08-03T10:57:45Z</time>
   </trkpt>
   <trkpt lat="51.0927960" lon="-0.5203050">
    <ele>34.9</ele>
    <time>2020-08-03T10:57:46Z</time>
   </trkpt>
   <trkpt lat="51.0925730" lon="-0.5203840">
    <ele>34.6</ele>
    <time>2020-08-03T10:57:48Z</time>
   </trkpt>
   <trkpt lat="51.0924570" lon="-0.5204270">
    <ele>34.5</ele>
    <time>2020-08-03T10:57:49Z</time>
   </trkpt>
   <trkpt lat="51.0922530" lon="-0.5205010">
    <ele>34.5</ele>
    <time>2020-08-03T10:57:51Z</time>
   </trkpt>
   <trkpt lat="51.0920370" lon="-0.5205690">
    <ele>34.2</ele>
    <time>2020-08-03T10:57:53Z</time>
   </trkpt>
   <trkpt lat="51.0919270" lon="-0.5206080">
    <ele>34.1</ele>
    <time>2020-08-03T10:57:54Z</time>
   </trkpt>
   <trkpt lat="51.0917360" lon="-0.5206560">
    <ele>34.0</ele>
    <time>2020-08-03T10:57:56Z</time>
   </trkpt>
   <trkpt lat="51.0915450" lon="-0.5207010">
    <ele>34.0</ele>
    <time>2020-08-03T10:57:58Z</time>
   </trkpt>
   <trkpt lat="51.0914470" lon="-0.5207320">
    <ele>34.1</ele>
    <time>2020-08-03T10:57:59Z</time>
   </trkpt>
   <trkpt lat="51.0912570" lon="-0.5207810">
    <ele>33.6</ele>
    <time>2020-08-03T10:58:01Z</time>
   </trkpt>
   <trkpt lat="51.0911590" lon="-0.5208050">
    <ele>33.4</ele>
    <time>2020-08-03T10:58:02Z</time>
   </trkpt>
   <trkpt lat="51.0910660" lon="-0.5208150">
    <ele>33.5</ele>
    <time>2020-08-03T10:58:03Z</time>
   </trkpt>
   <trkpt lat="51.0909720" lon="-0.5208230">
    <ele>33.5</ele>
    <time>2020-08-03T10:58:04Z</time>
   </trkpt>
   <trkpt lat="51.0907880" lon="-0.5208360">
    <ele>33.7</ele>
    <time>2020-08-03T10:58:06Z</time>
   </trkpt>
   <trkpt lat="51.0906960" lon="-0.5208430">
    <ele>33.9</ele>
    <time>2020-08-03T10:58:07Z</time>
   </trkpt>
   <trkpt lat="51.0905100" lon="-0.5208390">
    <ele>34.4</ele>
    <time>2020-08-03T10:58:09Z</time>
   </trkpt>
   <trkpt lat="51.0904220" lon="-0.5208350">
    <ele>34.6</ele>
    <time>2020-08-03T10:58:10Z</time>
   </trkpt>
   <trkpt lat="51.0903390" lon="-0.5208380">
    <ele>34.8</ele>
    <time>2020-08-03T10:58:11Z</time>
   </trkpt>
   <trkpt lat="51.0901540" lon="-0.5208470">
    <ele>35.2</ele>
    <time>2020-08-03T10:58:13Z</time>
   </trkpt>
   <trkpt lat="51.0899940" lon="-0.5208430">
    <ele>35.7</ele>
    <time>2020-08-03T10:58:15Z</time>
   </trkpt>
   <trkpt lat="51.0898390" lon="-0.5208410">
    <ele>36.3</ele>
    <time>2020-08-03T10:58:17Z</time>
   </trkpt>
   <trkpt lat="51.0897010" lon="-0.5208350">
    <ele>36.8</ele>
    <time>2020-08-03T10:58:19Z</time>
   </trkpt>
   <trkpt lat="51.0896320" lon="-0.5208320">
    <ele>36.9</ele>
    <time>2020-08-03T10:58:20Z</time>
   </trkpt>
   <trkpt lat="51.0895600" lon="-0.5208340">
    <ele>36.8</ele>
    <time>2020-08-03T10:58:21Z</time>
   </trkpt>
   <trkpt lat="51.0894230" lon="-0.5208290">
    <ele>36.5</ele>
    <time>2020-08-03T10:58:23Z</time>
   </trkpt>
   <trkpt lat="51.0892890" lon="-0.5208260">
    <ele>36.4</ele>
    <time>2020-08-03T10:58:25Z</time>
   </trkpt>
   <trkpt lat="51.0891420" lon="-0.5208370">
    <ele>36.4</ele>
    <time>2020-08-03T10:58:27Z</time>
   </trkpt>
   <trkpt lat="51.0889850" lon="-0.5208340">
    <ele>36.4</ele>
    <time>2020-08-03T10:58:29Z</time>
   </trkpt>
   <trkpt lat="51.0889170" lon="-0.5208350">
    <ele>36.3</ele>
    <time>2020-08-03T10:58:30Z</time>
   </trkpt>
   <trkpt lat="51.0887660" lon="-0.5208360">
    <ele>36.2</ele>
    <time>2020-08-03T10:58:32Z</time>
   </trkpt>
   <trkpt lat="51.0886910" lon="-0.5208360">
    <ele>36.1</ele>
    <time>2020-08-03T10:58:33Z</time>
   </trkpt>
   <trkpt lat="51.0886330" lon="-0.5208340">
    <ele>36.0</ele>
    <time>2020-08-03T10:58:34Z</time>
   </trkpt>
   <trkpt lat="51.0885220" lon="-0.5208220">
    <ele>35.7</ele>
    <time>2020-08-03T10:58:36Z</time>
   </trkpt>
   <trkpt lat="51.0883670" lon="-0.5208130">
    <ele>35.2</ele>
    <time>2020-08-03T10:58:38Z</time>
   </trkpt>
   <trkpt lat="51.0882860" lon="-0.5208140">
    <ele>34.9</ele>
    <time>2020-08-03T10:58:39Z</time>
   </trkpt>
   <trkpt lat="51.0881270" lon="-0.5208130">
    <ele>34.5</ele>
    <time>2020-08-03T10:58:41Z</time>
   </trkpt>
   <trkpt lat="51.0880430" lon="-0.5208150">
    <ele>34.3</ele>
    <time>2020-08-03T10:58:42Z</time>
   </trkpt>
   <trkpt lat="51.0878740" lon="-0.5208290">
    <ele>33.8</ele>
    <time>2020-08-03T10:58:44Z</time>
   </trkpt>
   <trkpt lat="51.0877870" lon="-0.5208320">
    <ele>33.4</ele>
    <time>2020-08-03T10:58:45Z</time>
   </trkpt>
   <trkpt lat="51.0876300" lon="-0.5208360">
    <ele>32.9</ele>
    <time>2020-08-03T10:58:47Z</time>
   </trkpt>
   <trkpt lat="51.0875490" lon="-0.5208360">
    <ele>32.6</ele>
    <time>2020-08-03T10:58:48Z</time>
   </trkpt>
   <trkpt lat="51.0873800" lon="-0.5208380">
    <ele>32.1</ele>
    <time>2020-08-03T10:58:50Z</time>
   </trkpt>
   <trkpt lat="51.0871930" lon="-0.5208410">
    <ele>31.6</ele>
    <time>2020-08-03T10:58:52Z</time>
   </trkpt>
   <trkpt lat="51.0871050" lon="-0.5208580">
    <ele>31.4</ele>
    <time>2020-08-03T10:58:53Z</time>
   </trkpt>
   <trkpt lat="51.0869360" lon="-0.5208670">
    <ele>30.9</ele>
    <time>2020-08-03T10:58:55Z</time>
   </trkpt>
   <trkpt lat="51.0868560" lon="-0.5208790">
    <ele>30.7</ele>
    <time>2020-08-03T10:58:56Z</time>
   </trkpt>
   <trkpt lat="51.0867710" lon="-0.5208800">
    <ele>30.5</ele>
    <time>2020-08-03T10:58:57Z</time>
   </trkpt>
   <trkpt lat="51.0865990" lon="-0.5208740">
    <ele>30.0</ele>
    <time>2020-08-03T10:58:59Z</time>
   </trkpt>
   <trkpt lat="51.0864230" lon="-0.5208140">
    <ele>29.5</ele>
    <time>2020-08-03T10:59:01Z</time>
   </trkpt>
   <trkpt lat="51.0863340" lon="-0.5207760">
    <ele>29.2</ele>
    <time>2020-08-03T10:59:02Z</time>
   </trkpt>
   <trkpt lat="51.0861500" lon="-0.5206890">
    <ele>28.9</ele>
    <time>2020-08-03T10:59:04Z</time>
   </trkpt>
   <trkpt lat="51.0860610" lon="-0.5206280">
    <ele>28.9</ele>
    <time>2020-08-03T10:59:05Z</time>
   </trkpt>
   <trkpt lat="51.0859780" lon="-0.5205670">
    <ele>29.1</ele>
    <time>2020-08-03T10:59:06Z</time>
   </trkpt>
   <trkpt lat="51.0858260" lon="-0.5204300">
    <ele>29.5</ele>
    <time>2020-08-03T10:59:08Z</time>
   </trkpt>
   <trkpt lat="51.0856760" lon="-0.5203010">
    <ele>29.9</ele>
    <time>2020-08-03T10:59:10Z</time>
   </trkpt>
   <trkpt lat="51.0856100" lon="-0.5202390">
    <ele>30.0</ele>
    <time>2020-08-03T10:59:11Z</time>
   </trkpt>
   <trkpt lat="51.0854880" lon="-0.5201090">
    <ele>30.1</ele>
    <time>2020-08-03T10:59:13Z</time>
   </trkpt>
   <trkpt lat="51.0854230" lon="-0.5200490">
    <ele>30.1</ele>
    <time>2020-08-03T10:59:14Z</time>
   </trkpt>
   <trkpt lat="51.0853510" lon="-0.5199930">
    <ele>30.1</ele>
    <time>2020-08-03T10:59:15Z</time>
   </trkpt>
   <trkpt lat="51.0852810" lon="-0.5199290">
    <ele>30.1</ele>
    <time>2020-08-03T10:59:16Z</time>
   </trkpt>
   <trkpt lat="51.0852150" lon="-0.5198660">
    <ele>30.0</ele>
    <time>2020-08-03T10:59:17Z</time>
   </trkpt>
   <trkpt lat="51.0850910" lon="-0.5197480">
    <ele>29.8</ele>
    <time>2020-08-03T10:59:19Z</time>
   </trkpt>
   <trkpt lat="51.0849550" lon="-0.5196270">
    <ele>29.7</ele>
    <time>2020-08-03T10:59:21Z</time>
   </trkpt>
   <trkpt lat="51.0848110" lon="-0.5195020">
    <ele>29.4</ele>
    <time>2020-08-03T10:59:23Z</time>
   </trkpt>
   <trkpt lat="51.0847400" lon="-0.5194390">
    <ele>29.2</ele>
    <time>2020-08-03T10:59:24Z</time>
   </trkpt>
   <trkpt lat="51.0846020" lon="-0.5193150">
    <ele>28.8</ele>
    <time>2020-08-03T10:59:26Z</time>
   </trkpt>
   <trkpt lat="51.0844600" lon="-0.5191840">
    <ele>28.4</ele>
    <time>2020-08-03T10:59:28Z</time>
   </trkpt>
   <trkpt lat="51.0843940" lon="-0.5191260">
    <ele>28.1</ele>
    <time>2020-08-03T10:59:29Z</time>
   </trkpt>
   <trkpt lat="51.0842430" lon="-0.5189910">
    <ele>27.6</ele>
    <time>2020-08-03T10:59:31Z</time>
   </trkpt>
   <trkpt lat="51.0841040" lon="-0.5188440">
    <ele>27.2</ele>
    <time>2020-08-03T10:59:33Z</time>
   </trkpt>
   <trkpt lat="51.0839600" lon="-0.5187090">
    <ele>26.9</ele>
    <time>2020-08-03T10:59:35Z</time>
   </trkpt>
   <trkpt lat="51.0838840" lon="-0.5186370">
    <ele>26.8</ele>
    <time>2020-08-03T10:59:36Z</time>
   </trkpt>
   <trkpt lat="51.0838110" lon="-0.5185670">
    <ele>26.7</ele>
    <time>2020-08-03T10:59:37Z</time>
   </trkpt>
   <trkpt lat="51.0836750" lon="-0.5184310">
    <ele>26.7</ele>
    <time>2020-08-03T10:59:39Z</time>
   </trkpt>
   <trkpt lat="51.0836080" lon="-0.5183590">
    <ele>26.7</ele>
    <time>2020-08-03T10:59:40Z</time>
   </trkpt>
   <trkpt lat="51.0834640" lon="-0.5182270">
    <ele>26.7</ele>
    <time>2020-08-03T10:59:42Z</time>
   </trkpt>
   <trkpt lat="51.0833910" lon="-0.5181660">
    <ele>26.8</ele>
    <time>2020-08-03T10:59:43Z</time>
   </trkpt>
   <trkpt lat="51.0833160" lon="-0.5181110">
    <ele>26.9</ele>
    <time>2020-08-03T10:59:44Z</time>
   </trkpt>
   <trkpt lat="51.0832420" lon="-0.5180620">
    <ele>27.0</ele>
    <time>2020-08-03T10:59:45Z</time>
   </trkpt>
   <trkpt lat="51.0830880" lon="-0.5179630">
    <ele>27.2</ele>
    <time>2020-08-03T10:59:47Z</time>
   </trkpt>
   <trkpt lat="51.0829360" lon="-0.5178780">
    <ele>27.3</ele>
    <time>2020-08-03T10:59:49Z</time>
   </trkpt>
   <trkpt lat="51.0827820" lon="-0.5177860">
    <ele>27.4</ele>
    <time>2020-08-03T10:59:51Z</time>
   </trkpt>
   <trkpt lat="51.0827270" lon="-0.5177340">
    <ele>27.5</ele>
    <time>2020-08-03T10:59:52Z</time>
   </trkpt>
   <trkpt lat="51.0825770" lon="-0.5176250">
    <ele>27.8</ele>
    <time>2020-08-03T10:59:54Z</time>
   </trkpt>
   <trkpt lat="51.0824290" lon="-0.5175440">
    <ele>28.1</ele>
    <time>2020-08-03T10:59:56Z</time>
   </trkpt>
   <trkpt lat="51.0823550" lon="-0.5175060">
    <ele>28.3</ele>
    <time>2020-08-03T10:59:57Z</time>
   </trkpt>
   <trkpt lat="51.0822080" lon="-0.5174330">
    <ele>28.3</ele>
    <time>2020-08-03T10:59:59Z</time>
   </trkpt>
   <trkpt lat="51.0820680" lon="-0.5173390">
    <ele>28.3</ele>
    <time>2020-08-03T11:00:01Z</time>
   </trkpt>
   <trkpt lat="51.0820000" lon="-0.5173050">
    <ele>28.4</ele>
    <time>2020-08-03T11:00:02Z</time>
   </trkpt>
   <trkpt lat="51.0819310" lon="-0.5172780">
    <ele>28.4</ele>
    <time>2020-08-03T11:00:03Z</time>
   </trkpt>
   <trkpt lat="51.0818120" lon="-0.5172080">
    <ele>28.6</ele>
    <time>2020-08-03T11:00:05Z</time>
   </trkpt>
   <trkpt lat="51.0817500" lon="-0.5171700">
    <ele>28.7</ele>
    <time>2020-08-03T11:00:06Z</time>
   </trkpt>
   <trkpt lat="51.0816240" lon="-0.5170860">
    <ele>28.9</ele>
    <time>2020-08-03T11:00:08Z</time>
   </trkpt>
   <trkpt lat="51.0815570" lon="-0.5170580">
    <ele>29.0</ele>
    <time>2020-08-03T11:00:09Z</time>
   </trkpt>
   <trkpt lat="51.0814350" lon="-0.5170270">
    <ele>29.3</ele>
    <time>2020-08-03T11:00:11Z</time>
   </trkpt>
   <trkpt lat="51.0813740" lon="-0.5169950">
    <ele>29.4</ele>
    <time>2020-08-03T11:00:12Z</time>
   </trkpt>
   <trkpt lat="51.0812480" lon="-0.5169380">
    <ele>29.7</ele>
    <time>2020-08-03T11:00:14Z</time>
   </trkpt>
   <trkpt lat="51.0811260" lon="-0.5168990">
    <ele>29.8</ele>
    <time>2020-08-03T11:00:16Z</time>
   </trkpt>
   <trkpt lat="51.0810660" lon="-0.5168730">
    <ele>29.8</ele>
    <time>2020-08-03T11:00:17Z</time>
   </trkpt>
   <trkpt lat="51.0810090" lon="-0.5168500">
    <ele>29.8</ele>
    <time>2020-08-03T11:00:18Z</time>
   </trkpt>
   <trkpt lat="51.0809070" lon="-0.5167970">
    <ele>29.6</ele>
    <time>2020-08-03T11:00:20Z</time>
   </trkpt>
   <trkpt lat="51.0808030" lon="-0.5167430">
    <ele>29.3</ele>
    <time>2020-08-03T11:00:22Z</time>
   </trkpt>
   <trkpt lat="51.0806800" lon="-0.5166930">
    <ele>28.9</ele>
    <time>2020-08-03T11:00:24Z</time>
   </trkpt>
   <trkpt lat="51.0805530" lon="-0.5166460">
    <ele>28.5</ele>
    <time>2020-08-03T11:00:26Z</time>
   </trkpt>
   <trkpt lat="51.0804290" lon="-0.5166260">
    <ele>28.0</ele>
    <time>2020-08-03T11:00:28Z</time>
   </trkpt>
   <trkpt lat="51.0803570" lon="-0.5166310">
    <ele>27.7</ele>
    <time>2020-08-03T11:00:29Z</time>
   </trkpt>
   <trkpt lat="51.0802130" lon="-0.5166570">
    <ele>27.3</ele>
    <time>2020-08-03T11:00:31Z</time>
   </trkpt>
   <trkpt lat="51.0801440" lon="-0.5166770">
    <ele>27.0</ele>
    <time>2020-08-03T11:00:32Z</time>
   </trkpt>
   <trkpt lat="51.0799960" lon="-0.5167450">
    <ele>26.5</ele>
    <time>2020-08-03T11:00:34Z</time>
   </trkpt>
   <trkpt lat="51.0799210" lon="-0.5167820">
    <ele>26.3</ele>
    <time>2020-08-03T11:00:35Z</time>
   </trkpt>
   <trkpt lat="51.0798480" lon="-0.5168290">
    <ele>26.1</ele>
    <time>2020-08-03T11:00:36Z</time>
   </trkpt>
   <trkpt lat="51.0797770" lon="-0.5168830">
    <ele>25.9</ele>
    <time>2020-08-03T11:00:37Z</time>
   </trkpt>
   <trkpt lat="51.0796310" lon="-0.5170120">
    <ele>25.4</ele>
    <time>2020-08-03T11:00:39Z</time>
   </trkpt>
   <trkpt lat="51.0795630" lon="-0.5170850">
    <ele>25.2</ele>
    <time>2020-08-03T11:00:40Z</time>
   </trkpt>
   <trkpt lat="51.0794360" lon="-0.5172190">
    <ele>24.9</ele>
    <time>2020-08-03T11:00:42Z</time>
   </trkpt>
   <trkpt lat="51.0793040" lon="-0.5173790">
    <ele>24.5</ele>
    <time>2020-08-03T11:00:44Z</time>
   </trkpt>
   <trkpt lat="51.0791670" lon="-0.5175420">
    <ele>24.1</ele>
    <time>2020-08-03T11:00:46Z</time>
   </trkpt>
   <trkpt lat="51.0790320" lon="-0.5176950">
    <ele>23.9</ele>
    <time>2020-08-03T11:00:48Z</time>
   </trkpt>
   <trkpt lat="51.0788930" lon="-0.5178420">
    <ele>23.4</ele>
    <time>2020-08-03T11:00:50Z</time>
   </trkpt>
   <trkpt lat="51.0788190" lon="-0.5179210">
    <ele>23.2</ele>
    <time>2020-08-03T11:00:51Z</time>
   </trkpt>
   <trkpt lat="51.0787520" lon="-0.5180050">
    <ele>23.0</ele>
    <time>2020-08-03T11:00:52Z</time>
   </trkpt>
   <trkpt lat="51.0786150" lon="-0.5181580">
    <ele>22.6</ele>
    <time>2020-08-03T11:00:54Z</time>
   </trkpt>
   <trkpt lat="51.0785430" lon="-0.5182250">
    <ele>22.4</ele>
    <time>2020-08-03T11:00:55Z</time>
   </trkpt>
   <trkpt lat="51.0783960" lon="-0.5183610">
    <ele>22.1</ele>
    <time>2020-08-03T11:00:57Z</time>
   </trkpt>
   <trkpt lat="51.0783190" lon="-0.5184210">
    <ele>22.0</ele>
    <time>2020-08-03T11:00:58Z</time>
   </trkpt>
   <trkpt lat="51.0781700" lon="-0.5185180">
    <ele>22.0</ele>
    <time>2020-08-03T11:01:00Z</time>
   </trkpt>
   <trkpt lat="51.0781010" lon="-0.5185430">
    <ele>22.1</ele>
    <time>2020-08-03T11:01:01Z</time>
   </trkpt>
   <trkpt lat="51.0780290" lon="-0.5185650">
    <ele>22.2</ele>
    <time>2020-08-03T11:01:02Z</time>
   </trkpt>
   <trkpt lat="51.0778780" lon="-0.5186010">
    <ele>22.5</ele>
    <time>2020-08-03T11:01:04Z</time>
   </trkpt>
   <trkpt lat="51.0777990" lon="-0.5186170">
    <ele>22.6</ele>
    <time>2020-08-03T11:01:05Z</time>
   </trkpt>
   <trkpt lat="51.0776400" lon="-0.5186500">
    <ele>22.7</ele>
    <time>2020-08-03T11:01:07Z</time>
   </trkpt>
   <trkpt lat="51.0774820" lon="-0.5186880">
    <ele>22.9</ele>
    <time>2020-08-03T11:01:09Z</time>
   </trkpt>
   <trkpt lat="51.0773230" lon="-0.5187260">
    <ele>23.3</ele>
    <time>2020-08-03T11:01:11Z</time>
   </trkpt>
   <trkpt lat="51.0772590" lon="-0.5187410">
    <ele>23.4</ele>
    <time>2020-08-03T11:01:12Z</time>
   </trkpt>
   <trkpt lat="51.0771380" lon="-0.5187910">
    <ele>23.7</ele>
    <time>2020-08-03T11:01:14Z</time>
   </trkpt>
   <trkpt lat="51.0770780" lon="-0.5188210">
    <ele>23.9</ele>
    <time>2020-08-03T11:01:15Z</time>
   </trkpt>
   <trkpt lat="51.0769430" lon="-0.5188860">
    <ele>24.4</ele>
    <time>2020-08-03T11:01:17Z</time>
   </trkpt>
   <trkpt lat="51.0768800" lon="-0.5189150">
    <ele>24.6</ele>
    <time>2020-08-03T11:01:18Z</time>
   </trkpt>
   <trkpt lat="51.0768170" lon="-0.5189490">
    <ele>24.8</ele>
    <time>2020-08-03T11:01:19Z</time>
   </trkpt>
   <trkpt lat="51.0767530" lon="-0.5189830">
    <ele>25.0</ele>
    <time>2020-08-03T11:01:20Z</time>
   </trkpt>
   <trkpt lat="51.0766210" lon="-0.5190430">
    <ele>25.6</ele>
    <time>2020-08-03T11:01:22Z</time>
   </trkpt>
   <trkpt lat="51.0765620" lon="-0.5190740">
    <ele>25.8</ele>
    <time>2020-08-03T11:01:23Z</time>
   </trkpt>
   <trkpt lat="51.0764440" lon="-0.5191310">
    <ele>26.4</ele>
    <time>2020-08-03T11:01:25Z</time>
   </trkpt>
   <trkpt lat="51.0763860" lon="-0.5191620">
    <ele>26.7</ele>
    <time>2020-08-03T11:01:26Z</time>
   </trkpt>
   <trkpt lat="51.0762640" lon="-0.5192310">
    <ele>27.3</ele>
    <time>2020-08-03T11:01:28Z</time>
   </trkpt>
   <trkpt lat="51.0761530" lon="-0.5192800">
    <ele>27.9</ele>
    <time>2020-08-03T11:01:30Z</time>
   </trkpt>
   <trkpt lat="51.0761010" lon="-0.5193070">
    <ele>28.2</ele>
    <time>2020-08-03T11:01:31Z</time>
   </trkpt>
   <trkpt lat="51.0760000" lon="-0.5193500">
    <ele>28.8</ele>
    <time>2020-08-03T11:01:33Z</time>
   </trkpt>
   <trkpt lat="51.0759550" lon="-0.5193670">
    <ele>29.0</ele>
    <time>2020-08-03T11:01:34Z</time>
   </trkpt>
   <trkpt lat="51.0759110" lon="-0.5193930">
    <ele>29.4</ele>
    <time>2020-08-03T11:01:35Z</time>
   </trkpt>
   <trkpt lat="51.0758080" lon="-0.5194430">
    <ele>30.1</ele>
    <time>2020-08-03T11:01:37Z</time>
   </trkpt>
   <trkpt lat="51.0757520" lon="-0.5194610">
    <ele>30.5</ele>
    <time>2020-08-03T11:01:38Z</time>
   </trkpt>
   <trkpt lat="51.0756610" lon="-0.5194800">
    <ele>31.3</ele>
    <time>2020-08-03T11:01:40Z</time>
   </trkpt>
   <trkpt lat="51.0756410" lon="-0.5194870">
    <ele>31.4</ele>
    <time>2020-08-03T11:01:41Z</time>
   </trkpt>
   <trkpt lat="51.0755790" lon="-0.5195160">
    <ele>32.0</ele>
    <time>2020-08-03T11:01:43Z</time>
   </trkpt>
   <trkpt lat="51.0755240" lon="-0.5195300">
    <ele>32.4</ele>
    <time>2020-08-03T11:01:44Z</time>
   </trkpt>
   <trkpt lat="51.0754260" lon="-0.5195510">
    <ele>33.2</ele>
    <time>2020-08-03T11:01:46Z</time>
   </trkpt>
   <trkpt lat="51.0753900" lon="-0.5195640">
    <ele>33.5</ele>
    <time>2020-08-03T11:01:47Z</time>
   </trkpt>
   <trkpt lat="51.0753270" lon="-0.5195940">
    <ele>33.9</ele>
    <time>2020-08-03T11:01:48Z</time>
   </trkpt>
   <trkpt lat="51.0752500" lon="-0.5195890">
    <ele>33.8</ele>
    <time>2020-08-03T11:01:50Z</time>
   </trkpt>
   <trkpt lat="51.0752160" lon="-0.5195820">
    <ele>33.9</ele>
    <time>2020-08-03T11:01:51Z</time>
   </trkpt>
   <trkpt lat="51.0751320" lon="-0.5195800">
    <ele>33.9</ele>
    <time>2020-08-03T11:01:53Z</time>
   </trkpt>
   <trkpt lat="51.0750820" lon="-0.5195670">
    <ele>33.8</ele>
    <time>2020-08-03T11:01:54Z</time>
   </trkpt>
   <trkpt lat="51.0750320" lon="-0.5195800">
    <ele>33.8</ele>
    <time>2020-08-03T11:01:56Z</time>
   </trkpt>
   <trkpt lat="51.0749930" lon="-0.5195910">
    <ele>33.8</ele>
    <time>2020-08-03T11:01:57Z</time>
   </trkpt>
   <trkpt lat="51.0748810" lon="-0.5195920">
    <ele>33.6</ele>
    <time>2020-08-03T11:01:59Z</time>
   </trkpt>
   <trkpt lat="51.0748250" lon="-0.5195860">
    <ele>33.5</ele>
    <time>2020-08-03T11:02:00Z</time>
   </trkpt>
   <trkpt lat="51.0747710" lon="-0.5195790">
    <ele>33.4</ele>
    <time>2020-08-03T11:02:01Z</time>
   </trkpt>
   <trkpt lat="51.0746680" lon="-0.5195670">
    <ele>33.2</ele>
    <time>2020-08-03T11:02:03Z</time>
   </trkpt>
   <trkpt lat="51.0746180" lon="-0.5195570">
    <ele>33.1</ele>
    <time>2020-08-03T11:02:04Z</time>
   </trkpt>
   <trkpt lat="51.0745210" lon="-0.5195390">
    <ele>33.0</ele>
    <time>2020-08-03T11:02:06Z</time>
   </trkpt>
   <trkpt lat="51.0743980" lon="-0.5195080">
    <ele>32.9</ele>
    <time>2020-08-03T11:02:08Z</time>
   </trkpt>
   <trkpt lat="51.0742770" lon="-0.5194890">
    <ele>32.8</ele>
    <time>2020-08-03T11:02:10Z</time>
   </trkpt>
   <trkpt lat="51.0741580" lon="-0.5194570">
    <ele>32.6</ele>
    <time>2020-08-03T11:02:12Z</time>
   </trkpt>
   <trkpt lat="51.0740390" lon="-0.5194190">
    <ele>32.5</ele>
    <time>2020-08-03T11:02:14Z</time>
   </trkpt>
   <trkpt lat="51.0739790" lon="-0.5194000">
    <ele>32.4</ele>
    <time>2020-08-03T11:02:15Z</time>
   </trkpt>
   <trkpt lat="51.0738560" lon="-0.5193490">
    <ele>32.3</ele>
    <time>2020-08-03T11:02:17Z</time>
   </trkpt>
   <trkpt lat="51.0737420" lon="-0.5193170">
    <ele>32.3</ele>
    <time>2020-08-03T11:02:19Z</time>
   </trkpt>
   <trkpt lat="51.0736810" lon="-0.5193060">
    <ele>32.3</ele>
    <time>2020-08-03T11:02:20Z</time>
   </trkpt>
   <trkpt lat="51.0735530" lon="-0.5192950">
    <ele>32.3</ele>
    <time>2020-08-03T11:02:22Z</time>
   </trkpt>
   <trkpt lat="51.0734880" lon="-0.5192910">
    <ele>32.4</ele>
    <time>2020-08-03T11:02:23Z</time>
   </trkpt>
   <trkpt lat="51.0733640" lon="-0.5192710">
    <ele>32.5</ele>
    <time>2020-08-03T11:02:25Z</time>
   </trkpt>
   <trkpt lat="51.0732960" lon="-0.5192570">
    <ele>32.5</ele>
    <time>2020-08-03T11:02:26Z</time>
   </trkpt>
   <trkpt lat="51.0732330" lon="-0.5192450">
    <ele>32.4</ele>
    <time>2020-08-03T11:02:27Z</time>
   </trkpt>
   <trkpt lat="51.0731670" lon="-0.5192250">
    <ele>32.4</ele>
    <time>2020-08-03T11:02:28Z</time>
   </trkpt>
   <trkpt lat="51.0730400" lon="-0.5191760">
    <ele>32.4</ele>
    <time>2020-08-03T11:02:30Z</time>
   </trkpt>
   <trkpt lat="51.0729250" lon="-0.5191220">
    <ele>32.3</ele>
    <time>2020-08-03T11:02:32Z</time>
   </trkpt>
   <trkpt lat="51.0728050" lon="-0.5190630">
    <ele>32.3</ele>
    <time>2020-08-03T11:02:34Z</time>
   </trkpt>
   <trkpt lat="51.0727500" lon="-0.5190370">
    <ele>32.2</ele>
    <time>2020-08-03T11:02:35Z</time>
   </trkpt>
   <trkpt lat="51.0726910" lon="-0.5190090">
    <ele>32.2</ele>
    <time>2020-08-03T11:02:36Z</time>
   </trkpt>
   <trkpt lat="51.0726310" lon="-0.5189790">
    <ele>32.2</ele>
    <time>2020-08-03T11:02:37Z</time>
   </trkpt>
   <trkpt lat="51.0725070" lon="-0.5189200">
    <ele>32.0</ele>
    <time>2020-08-03T11:02:39Z</time>
   </trkpt>
   <trkpt lat="51.0723900" lon="-0.5188750">
    <ele>31.8</ele>
    <time>2020-08-03T11:02:41Z</time>
   </trkpt>
   <trkpt lat="51.0723310" lon="-0.5188470">
    <ele>31.7</ele>
    <time>2020-08-03T11:02:42Z</time>
   </trkpt>
   <trkpt lat="51.0722670" lon="-0.5188200">
    <ele>31.6</ele>
    <time>2020-08-03T11:02:43Z</time>
   </trkpt>
   <trkpt lat="51.0721330" lon="-0.5187630">
    <ele>31.3</ele>
    <time>2020-08-03T11:02:45Z</time>
   </trkpt>
   <trkpt lat="51.0720090" lon="-0.5186940">
    <ele>30.9</ele>
    <time>2020-08-03T11:02:47Z</time>
   </trkpt>
   <trkpt lat="51.0718750" lon="-0.5186140">
    <ele>30.2</ele>
    <time>2020-08-03T11:02:49Z</time>
   </trkpt>
   <trkpt lat="51.0718140" lon="-0.5185610">
    <ele>29.8</ele>
    <time>2020-08-03T11:02:50Z</time>
   </trkpt>
   <trkpt lat="51.0717440" lon="-0.5184960">
    <ele>29.3</ele>
    <time>2020-08-03T11:02:51Z</time>
   </trkpt>
   <trkpt lat="51.0716200" lon="-0.5183450">
    <ele>28.0</ele>
    <time>2020-08-03T11:02:53Z</time>
   </trkpt>
   <trkpt lat="51.0715590" lon="-0.5182400">
    <ele>27.4</ele>
    <time>2020-08-03T11:02:54Z</time>
   </trkpt>
   <trkpt lat="51.0714470" lon="-0.5180080">
    <ele>26.3</ele>
    <time>2020-08-03T11:02:56Z</time>
   </trkpt>
   <trkpt lat="51.0714060" lon="-0.5178780">
    <ele>25.8</ele>
    <time>2020-08-03T11:02:57Z</time>
   </trkpt>
   <trkpt lat="51.0713640" lon="-0.5177530">
    <ele>25.3</ele>
    <time>2020-08-03T11:02:58Z</time>
   </trkpt>
   <trkpt lat="51.0712820" lon="-0.5174970">
    <ele>24.3</ele>
    <time>2020-08-03T11:03:00Z</time>
   </trkpt>
   <trkpt lat="51.0712420" lon="-0.5173660">
    <ele>23.8</ele>
    <time>2020-08-03T11:03:01Z</time>
   </trkpt>
   <trkpt lat="51.0712010" lon="-0.5172370">
    <ele>23.3</ele>
    <time>2020-08-03T11:03:02Z</time>
   </trkpt>
   <trkpt lat="51.0711270" lon="-0.5169700">
    <ele>22.4</ele>
    <time>2020-08-03T11:03:04Z</time>
   </trkpt>
   <trkpt lat="51.0710840" lon="-0.5168380">
    <ele>22.0</ele>
    <time>2020-08-03T11:03:05Z</time>
   </trkpt>
   <trkpt lat="51.0709870" lon="-0.5165730">
    <ele>21.1</ele>
    <time>2020-08-03T11:03:07Z</time>
   </trkpt>
   <trkpt lat="51.0709390" lon="-0.5164530">
    <ele>20.7</ele>
    <time>2020-08-03T11:03:08Z</time>
   </trkpt>
   <trkpt lat="51.0708290" lon="-0.5162020">
    <ele>20.2</ele>
    <time>2020-08-03T11:03:10Z</time>
   </trkpt>
   <trkpt lat="51.0707730" lon="-0.5160900">
    <ele>20.1</ele>
    <time>2020-08-03T11:03:11Z</time>
   </trkpt>
   <trkpt lat="51.0707090" lon="-0.5159830">
    <ele>19.9</ele>
    <time>2020-08-03T11:03:12Z</time>
   </trkpt>
   <trkpt lat="51.0705940" lon="-0.5157840">
    <ele>19.4</ele>
    <time>2020-08-03T11:03:14Z</time>
   </trkpt>
   <trkpt lat="51.0704600" lon="-0.5155900">
    <ele>18.7</ele>
    <time>2020-08-03T11:03:16Z</time>
   </trkpt>
   <trkpt lat="51.0703110" lon="-0.5154300">
    <ele>18.2</ele>
    <time>2020-08-03T11:03:18Z</time>
   </trkpt>
   <trkpt lat="51.0701400" lon="-0.5153010">
    <ele>17.8</ele>
    <time>2020-08-03T11:03:20Z</time>
   </trkpt>
   <trkpt lat="51.0699550" lon="-0.5152200">
    <ele>17.8</ele>
    <time>2020-08-03T11:03:22Z</time>
   </trkpt>
   <trkpt lat="51.0698600" lon="-0.5151810">
    <ele>18.0</ele>
    <time>2020-08-03T11:03:23Z</time>
   </trkpt>
   <trkpt lat="51.0697660" lon="-0.5151560">
    <ele>18.2</ele>
    <time>2020-08-03T11:03:24Z</time>
   </trkpt>
   <trkpt lat="51.0695860" lon="-0.5151340">
    <ele>18.7</ele>
    <time>2020-08-03T11:03:26Z</time>
   </trkpt>
   <trkpt lat="51.0694180" lon="-0.5151420">
    <ele>19.4</ele>
    <time>2020-08-03T11:03:28Z</time>
   </trkpt>
   <trkpt lat="51.0692680" lon="-0.5151560">
    <ele>19.9</ele>
    <time>2020-08-03T11:03:30Z</time>
   </trkpt>
   <trkpt lat="51.0691850" lon="-0.5151730">
    <ele>20.3</ele>
    <time>2020-08-03T11:03:31Z</time>
   </trkpt>
   <trkpt lat="51.0690420" lon="-0.5152080">
    <ele>20.9</ele>
    <time>2020-08-03T11:03:33Z</time>
   </trkpt>
   <trkpt lat="51.0689030" lon="-0.5152430">
    <ele>21.5</ele>
    <time>2020-08-03T11:03:35Z</time>
   </trkpt>
   <trkpt lat="51.0688370" lon="-0.5152660">
    <ele>21.7</ele>
    <time>2020-08-03T11:03:36Z</time>
   </trkpt>
   <trkpt lat="51.0687130" lon="-0.5153090">
    <ele>22.1</ele>
    <time>2020-08-03T11:03:38Z</time>
   </trkpt>
   <trkpt lat="51.0685930" lon="-0.5153460">
    <ele>22.5</ele>
    <time>2020-08-03T11:03:40Z</time>
   </trkpt>
   <trkpt lat="51.0685310" lon="-0.5153750">
    <ele>22.7</ele>
    <time>2020-08-03T11:03:41Z</time>
   </trkpt>
   <trkpt lat="51.0684230" lon="-0.5154130">
    <ele>22.9</ele>
    <time>2020-08-03T11:03:43Z</time>
   </trkpt>
   <trkpt lat="51.0683110" lon="-0.5154480">
    <ele>23.1</ele>
    <time>2020-08-03T11:03:45Z</time>
   </trkpt>
   <trkpt lat="51.0681950" lon="-0.5154900">
    <ele>23.3</ele>
    <time>2020-08-03T11:03:47Z</time>
   </trkpt>
   <trkpt lat="51.0680700" lon="-0.5155390">
    <ele>23.5</ele>
    <time>2020-08-03T11:03:49Z</time>
   </trkpt>
   <trkpt lat="51.0680160" lon="-0.5155510">
    <ele>23.6</ele>
    <time>2020-08-03T11:03:50Z</time>
   </trkpt>
   <trkpt lat="51.0679130" lon="-0.5155780">
    <ele>23.7</ele>
    <time>2020-08-03T11:03:52Z</time>
   </trkpt>
   <trkpt lat="51.0678520" lon="-0.5155980">
    <ele>23.8</ele>
    <time>2020-08-03T11:03:53Z</time>
   </trkpt>
   <trkpt lat="51.0677250" lon="-0.5156460">
    <ele>23.9</ele>
    <time>2020-08-03T11:03:55Z</time>
   </trkpt>
   <trkpt lat="51.0676070" lon="-0.5156730">
    <ele>23.9</ele>
    <time>2020-08-03T11:03:57Z</time>
   </trkpt>
   <trkpt lat="51.0675450" lon="-0.5156990">
    <ele>24.0</ele>
    <time>2020-08-03T11:03:58Z</time>
   </trkpt>
   <trkpt lat="51.0674290" lon="-0.5157370">
    <ele>24.3</ele>
    <time>2020-08-03T11:04:00Z</time>
   </trkpt>
   <trkpt lat="51.0673650" lon="-0.5157680">
    <ele>24.6</ele>
    <time>2020-08-03T11:04:01Z</time>
   </trkpt>
   <trkpt lat="51.0672530" lon="-0.5158110">
    <ele>24.6</ele>
    <time>2020-08-03T11:04:03Z</time>
   </trkpt>
   <trkpt lat="51.0672050" lon="-0.5158300">
    <ele>24.6</ele>
    <time>2020-08-03T11:04:04Z</time>
   </trkpt>
   <trkpt lat="51.0671000" lon="-0.5158670">
    <ele>24.9</ele>
    <time>2020-08-03T11:04:06Z</time>
   </trkpt>
   <trkpt lat="51.0669860" lon="-0.5159060">
    <ele>25.2</ele>
    <time>2020-08-03T11:04:08Z</time>
   </trkpt>
   <trkpt lat="51.0669310" lon="-0.5159230">
    <ele>25.3</ele>
    <time>2020-08-03T11:04:09Z</time>
   </trkpt>
   <trkpt lat="51.0668820" lon="-0.5159380">
    <ele>25.5</ele>
    <time>2020-08-03T11:04:10Z</time>
   </trkpt>
   <trkpt lat="51.0668530" lon="-0.5159490">
    <ele>25.6</ele>
    <time>2020-08-03T11:04:11Z</time>
   </trkpt>
   <trkpt lat="51.0667910" lon="-0.5159690">
    <ele>25.9</ele>
    <time>2020-08-03T11:04:12Z</time>
   </trkpt>
   <trkpt lat="51.0666810" lon="-0.5160080">
    <ele>26.5</ele>
    <time>2020-08-03T11:04:14Z</time>
   </trkpt>
   <trkpt lat="51.0665790" lon="-0.5160420">
    <ele>27.1</ele>
    <time>2020-08-03T11:04:16Z</time>
   </trkpt>
   <trkpt lat="51.0664810" lon="-0.5160710">
    <ele>27.8</ele>
    <time>2020-08-03T11:04:18Z</time>
   </trkpt>
   <trkpt lat="51.0664310" lon="-0.5160790">
    <ele>28.1</ele>
    <time>2020-08-03T11:04:19Z</time>
   </trkpt>
   <trkpt lat="51.0663370" lon="-0.5161010">
    <ele>28.7</ele>
    <time>2020-08-03T11:04:21Z</time>
   </trkpt>
   <trkpt lat="51.0662500" lon="-0.5161270">
    <ele>29.4</ele>
    <time>2020-08-03T11:04:23Z</time>
   </trkpt>
   <trkpt lat="51.0661640" lon="-0.5161360">
    <ele>30.0</ele>
    <time>2020-08-03T11:04:25Z</time>
   </trkpt>
   <trkpt lat="51.0660810" lon="-0.5161460">
    <ele>30.5</ele>
    <time>2020-08-03T11:04:27Z</time>
   </trkpt>
   <trkpt lat="51.0660340" lon="-0.5161480">
    <ele>30.8</ele>
    <time>2020-08-03T11:04:28Z</time>
   </trkpt>
   <trkpt lat="51.0659480" lon="-0.5161680">
    <ele>31.3</ele>
    <time>2020-08-03T11:04:30Z</time>
   </trkpt>
   <trkpt lat="51.0659500" lon="-0.5161780">
    <ele>31.4</ele>
    <time>2020-08-03T11:04:31Z</time>
   </trkpt>
   <trkpt lat="51.0658500" lon="-0.5162110">
    <ele>32.0</ele>
    <time>2020-08-03T11:04:33Z</time>
   </trkpt>
   <trkpt lat="51.0657570" lon="-0.5162150">
    <ele>32.6</ele>
    <time>2020-08-03T11:04:35Z</time>
   </trkpt>
   <trkpt lat="51.0656810" lon="-0.5162260">
    <ele>33.1</ele>
    <time>2020-08-03T11:04:36Z</time>
   </trkpt>
   <trkpt lat="51.0656350" lon="-0.5162260">
    <ele>33.4</ele>
    <time>2020-08-03T11:04:37Z</time>
   </trkpt>
   <trkpt lat="51.0655520" lon="-0.5162240">
    <ele>33.9</ele>
    <time>2020-08-03T11:04:39Z</time>
   </trkpt>
   <trkpt lat="51.0655250" lon="-0.5162210">
    <ele>34.1</ele>
    <time>2020-08-03T11:04:40Z</time>
   </trkpt>
   <trkpt lat="51.0654450" lon="-0.5162100">
    <ele>34.5</ele>
    <time>2020-08-03T11:04:42Z</time>
   </trkpt>
   <trkpt lat="51.0653490" lon="-0.5161520">
    <ele>35.0</ele>
    <time>2020-08-03T11:04:44Z</time>
   </trkpt>
   <trkpt lat="51.0653180" lon="-0.5161300">
    <ele>35.2</ele>
    <time>2020-08-03T11:04:45Z</time>
   </trkpt>
   <trkpt lat="51.0652720" lon="-0.5161150">
    <ele>35.4</ele>
    <time>2020-08-03T11:04:47Z</time>
   </trkpt>
   <trkpt lat="51.0652160" lon="-0.5161070">
    <ele>35.6</ele>
    <time>2020-08-03T11:04:48Z</time>
   </trkpt>
   <trkpt lat="51.0651660" lon="-0.5160970">
    <ele>35.8</ele>
    <time>2020-08-03T11:04:49Z</time>
   </trkpt>
   <trkpt lat="51.0651230" lon="-0.5160890">
    <ele>35.9</ele>
    <time>2020-08-03T11:04:50Z</time>
   </trkpt>
   <trkpt lat="51.0650520" lon="-0.5160770">
    <ele>36.2</ele>
    <time>2020-08-03T11:04:52Z</time>
   </trkpt>
   <trkpt lat="51.0650090" lon="-0.5160710">
    <ele>36.3</ele>
    <time>2020-08-03T11:04:53Z</time>
   </trkpt>
   <trkpt lat="51.0649780" lon="-0.5160680">
    <ele>36.3</ele>
    <time>2020-08-03T11:04:54Z</time>
   </trkpt>
   <trkpt lat="51.0649190" lon="-0.5160490">
    <ele>36.4</ele>
    <time>2020-08-03T11:04:55Z</time>
   </trkpt>
   <trkpt lat="51.0648590" lon="-0.5160320">
    <ele>36.5</ele>
    <time>2020-08-03T11:04:56Z</time>
   </trkpt>
   <trkpt lat="51.0647480" lon="-0.5160050">
    <ele>36.7</ele>
    <time>2020-08-03T11:04:58Z</time>
   </trkpt>
   <trkpt lat="51.0646970" lon="-0.5159900">
    <ele>36.8</ele>
    <time>2020-08-03T11:04:59Z</time>
   </trkpt>
   <trkpt lat="51.0646460" lon="-0.5159750">
    <ele>36.9</ele>
    <time>2020-08-03T11:05:00Z</time>
   </trkpt>
   <trkpt lat="51.0645480" lon="-0.5159440">
    <ele>37.0</ele>
    <time>2020-08-03T11:05:02Z</time>
   </trkpt>
   <trkpt lat="51.0645070" lon="-0.5159200">
    <ele>37.1</ele>
    <time>2020-08-03T11:05:03Z</time>
   </trkpt>
   <trkpt lat="51.0644770" lon="-0.5159070">
    <ele>37.1</ele>
    <time>2020-08-03T11:05:05Z</time>
   </trkpt>
   <trkpt lat="51.0644350" lon="-0.5159050">
    <ele>37.1</ele>
    <time>2020-08-03T11:05:06Z</time>
   </trkpt>
   <trkpt lat="51.0643840" lon="-0.5158970">
    <ele>37.1</ele>
    <time>2020-08-03T11:05:08Z</time>
   </trkpt>
   <trkpt lat="51.0643460" lon="-0.5158850">
    <ele>37.1</ele>
    <time>2020-08-03T11:05:09Z</time>
   </trkpt>
   <trkpt lat="51.0642900" lon="-0.5158760">
    <ele>37.2</ele>
    <time>2020-08-03T11:05:10Z</time>
   </trkpt>
   <trkpt lat="51.0642220" lon="-0.5158600">
    <ele>37.2</ele>
    <time>2020-08-03T11:05:12Z</time>
   </trkpt>
   <trkpt lat="51.0641680" lon="-0.5158440">
    <ele>37.3</ele>
    <time>2020-08-03T11:05:13Z</time>
   </trkpt>
   <trkpt lat="51.0641110" lon="-0.5158290">
    <ele>37.4</ele>
    <time>2020-08-03T11:05:14Z</time>
   </trkpt>
   <trkpt lat="51.0640650" lon="-0.5158160">
    <ele>37.5</ele>
    <time>2020-08-03T11:05:15Z</time>
   </trkpt>
   <trkpt lat="51.0640090" lon="-0.5157990">
    <ele>37.6</ele>
    <time>2020-08-03T11:05:16Z</time>
   </trkpt>
   <trkpt lat="51.0639290" lon="-0.5157760">
    <ele>37.8</ele>
    <time>2020-08-03T11:05:18Z</time>
   </trkpt>
   <trkpt lat="51.0638790" lon="-0.5157560">
    <ele>37.8</ele>
    <time>2020-08-03T11:05:19Z</time>
   </trkpt>
   <trkpt lat="51.0638110" lon="-0.5157500">
    <ele>37.9</ele>
    <time>2020-08-03T11:05:20Z</time>
   </trkpt>
   <trkpt lat="51.0637420" lon="-0.5157350">
    <ele>38.1</ele>
    <time>2020-08-03T11:05:22Z</time>
   </trkpt>
   <trkpt lat="51.0636760" lon="-0.5157200">
    <ele>38.2</ele>
    <time>2020-08-03T11:05:23Z</time>
   </trkpt>
   <trkpt lat="51.0635950" lon="-0.5157350">
    <ele>38.3</ele>
    <time>2020-08-03T11:05:24Z</time>
   </trkpt>
   <trkpt lat="51.0635460" lon="-0.5157800">
    <ele>38.4</ele>
    <time>2020-08-03T11:05:25Z</time>
   </trkpt>
   <trkpt lat="51.0635230" lon="-0.5158550">
    <ele>38.1</ele>
    <time>2020-08-03T11:05:27Z</time>
   </trkpt>
   <trkpt lat="51.0635140" lon="-0.5160130">
    <ele>37.8</ele>
    <time>2020-08-03T11:05:28Z</time>
   </trkpt>
   <trkpt lat="51.0635320" lon="-0.5162180">
    <ele>37.3</ele>
    <time>2020-08-03T11:05:30Z</time>
   </trkpt>
   <trkpt lat="51.0635490" lon="-0.5163980">
    <ele>36.9</ele>
    <time>2020-08-03T11:05:32Z</time>
   </trkpt>
   <trkpt lat="51.0635510" lon="-0.5164820">
    <ele>36.7</ele>
    <time>2020-08-03T11:05:33Z</time>
   </trkpt>
   <trkpt lat="51.0635730" lon="-0.5167310">
    <ele>36.2</ele>
    <time>2020-08-03T11:05:35Z</time>
   </trkpt>
   <trkpt lat="51.0635860" lon="-0.5168500">
    <ele>36.0</ele>
    <time>2020-08-03T11:05:36Z</time>
   </trkpt>
   <trkpt lat="51.0635970" lon="-0.5169600">
    <ele>35.8</ele>
    <time>2020-08-03T11:05:37Z</time>
   </trkpt>
   <trkpt lat="51.0635980" lon="-0.5171830">
    <ele>35.2</ele>
    <time>2020-08-03T11:05:39Z</time>
   </trkpt>
   <trkpt lat="51.0635980" lon="-0.5174140">
    <ele>34.7</ele>
    <time>2020-08-03T11:05:41Z</time>
   </trkpt>
   <trkpt lat="51.0636000" lon="-0.5176500">
    <ele>34.5</ele>
    <time>2020-08-03T11:05:43Z</time>
   </trkpt>
   <trkpt lat="51.0636080" lon="-0.5178790">
    <ele>34.4</ele>
    <time>2020-08-03T11:05:45Z</time>
   </trkpt>
   <trkpt lat="51.0636170" lon="-0.5180970">
    <ele>34.2</ele>
    <time>2020-08-03T11:05:47Z</time>
   </trkpt>
   <trkpt lat="51.0636220" lon="-0.5182070">
    <ele>34.0</ele>
    <time>2020-08-03T11:05:48Z</time>
   </trkpt>
   <trkpt lat="51.0636200" lon="-0.5183180">
    <ele>33.9</ele>
    <time>2020-08-03T11:05:49Z</time>
   </trkpt>
   <trkpt lat="51.0636160" lon="-0.5184240">
    <ele>33.8</ele>
    <time>2020-08-03T11:05:50Z</time>
   </trkpt>
   <trkpt lat="51.0636150" lon="-0.5186360">
    <ele>33.6</ele>
    <time>2020-08-03T11:05:52Z</time>
   </trkpt>
   <trkpt lat="51.0636230" lon="-0.5187430">
    <ele>33.5</ele>
    <time>2020-08-03T11:05:53Z</time>
   </trkpt>
   <trkpt lat="51.0636370" lon="-0.5189610">
    <ele>33.3</ele>
    <time>2020-08-03T11:05:55Z</time>
   </trkpt>
   <trkpt lat="51.0636390" lon="-0.5190770">
    <ele>33.1</ele>
    <time>2020-08-03T11:05:56Z</time>
   </trkpt>
   <trkpt lat="51.0636390" lon="-0.5191960">
    <ele>32.8</ele>
    <time>2020-08-03T11:05:57Z</time>
   </trkpt>
   <trkpt lat="51.0636370" lon="-0.5194240">
    <ele>32.3</ele>
    <time>2020-08-03T11:05:59Z</time>
   </trkpt>
   <trkpt lat="51.0636380" lon="-0.5195430">
    <ele>32.1</ele>
    <time>2020-08-03T11:06:00Z</time>
   </trkpt>
   <trkpt lat="51.0636370" lon="-0.5197660">
    <ele>31.8</ele>
    <time>2020-08-03T11:06:02Z</time>
   </trkpt>
   <trkpt lat="51.0636200" lon="-0.5198980">
    <ele>31.6</ele>
    <time>2020-08-03T11:06:03Z</time>
   </trkpt>
   <trkpt lat="51.0635890" lon="-0.5201320">
    <ele>31.3</ele>
    <time>2020-08-03T11:06:05Z</time>
   </trkpt>
   <trkpt lat="51.0635880" lon="-0.5202430">
    <ele>31.2</ele>
    <time>2020-08-03T11:06:06Z</time>
   </trkpt>
   <trkpt lat="51.0635890" lon="-0.5203490">
    <ele>31.1</ele>
    <time>2020-08-03T11:06:07Z</time>
   </trkpt>
   <trkpt lat="51.0635900" lon="-0.5204550">
    <ele>31.0</ele>
    <time>2020-08-03T11:06:08Z</time>
   </trkpt>
   <trkpt lat="51.0635900" lon="-0.5206760">
    <ele>30.7</ele>
    <time>2020-08-03T11:06:10Z</time>
   </trkpt>
   <trkpt lat="51.0636070" lon="-0.5208830">
    <ele>30.6</ele>
    <time>2020-08-03T11:06:12Z</time>
   </trkpt>
   <trkpt lat="51.0636190" lon="-0.5209940">
    <ele>30.5</ele>
    <time>2020-08-03T11:06:13Z</time>
   </trkpt>
   <trkpt lat="51.0636400" lon="-0.5212170">
    <ele>30.3</ele>
    <time>2020-08-03T11:06:15Z</time>
   </trkpt>
   <trkpt lat="51.0636540" lon="-0.5214360">
    <ele>30.2</ele>
    <time>2020-08-03T11:06:17Z</time>
   </trkpt>
   <trkpt lat="51.0636630" lon="-0.5215510">
    <ele>30.2</ele>
    <time>2020-08-03T11:06:18Z</time>
   </trkpt>
   <trkpt lat="51.0636820" lon="-0.5217580">
    <ele>30.1</ele>
    <time>2020-08-03T11:06:20Z</time>
   </trkpt>
   <trkpt lat="51.0636940" lon="-0.5219720">
    <ele>29.9</ele>
    <time>2020-08-03T11:06:22Z</time>
   </trkpt>
   <trkpt lat="51.0637130" lon="-0.5221870">
    <ele>29.7</ele>
    <time>2020-08-03T11:06:24Z</time>
   </trkpt>
   <trkpt lat="51.0637340" lon="-0.5224100">
    <ele>29.5</ele>
    <time>2020-08-03T11:06:26Z</time>
   </trkpt>
   <trkpt lat="51.0637500" lon="-0.5226320">
    <ele>29.3</ele>
    <time>2020-08-03T11:06:28Z</time>
   </trkpt>
   <trkpt lat="51.0637520" lon="-0.5227460">
    <ele>29.2</ele>
    <time>2020-08-03T11:06:29Z</time>
   </trkpt>
   <trkpt lat="51.0637690" lon="-0.5229520">
    <ele>29.0</ele>
    <time>2020-08-03T11:06:31Z</time>
   </trkpt>
   <trkpt lat="51.0637950" lon="-0.5231670">
    <ele>28.8</ele>
    <time>2020-08-03T11:06:33Z</time>
   </trkpt>
   <trkpt lat="51.0638120" lon="-0.5232710">
    <ele>28.7</ele>
    <time>2020-08-03T11:06:34Z</time>
   </trkpt>
   <trkpt lat="51.0638230" lon="-0.5233780">
    <ele>28.6</ele>
    <time>2020-08-03T11:06:35Z</time>
   </trkpt>
   <trkpt lat="51.0638470" lon="-0.5235860">
    <ele>28.6</ele>
    <time>2020-08-03T11:06:37Z</time>
   </trkpt>
   <trkpt lat="51.0638570" lon="-0.5236970">
    <ele>28.6</ele>
    <time>2020-08-03T11:06:38Z</time>
   </trkpt>
   <trkpt lat="51.0638710" lon="-0.5239260">
    <ele>28.7</ele>
    <time>2020-08-03T11:06:40Z</time>
   </trkpt>
   <trkpt lat="51.0638780" lon="-0.5240350">
    <ele>28.6</ele>
    <time>2020-08-03T11:06:41Z</time>
   </trkpt>
   <trkpt lat="51.0638910" lon="-0.5242550">
    <ele>28.4</ele>
    <time>2020-08-03T11:06:43Z</time>
   </trkpt>
   <trkpt lat="51.0638870" lon="-0.5243640">
    <ele>28.2</ele>
    <time>2020-08-03T11:06:44Z</time>
   </trkpt>
   <trkpt lat="51.0638910" lon="-0.5245900">
    <ele>28.0</ele>
    <time>2020-08-03T11:06:46Z</time>
   </trkpt>
   <trkpt lat="51.0639000" lon="-0.5246970">
    <ele>27.9</ele>
    <time>2020-08-03T11:06:47Z</time>
   </trkpt>
   <trkpt lat="51.0639270" lon="-0.5249100">
    <ele>27.5</ele>
    <time>2020-08-03T11:06:49Z</time>
   </trkpt>
   <trkpt lat="51.0639380" lon="-0.5250200">
    <ele>27.2</ele>
    <time>2020-08-03T11:06:50Z</time>
   </trkpt>
   <trkpt lat="51.0639590" lon="-0.5252210">
    <ele>26.7</ele>
    <time>2020-08-03T11:06:52Z</time>
   </trkpt>
   <trkpt lat="51.0640090" lon="-0.5254300">
    <ele>25.8</ele>
    <time>2020-08-03T11:06:54Z</time>
   </trkpt>
   <trkpt lat="51.0640300" lon="-0.5255430">
    <ele>25.3</ele>
    <time>2020-08-03T11:06:55Z</time>
   </trkpt>
   <trkpt lat="51.0640880" lon="-0.5257770">
    <ele>24.0</ele>
    <time>2020-08-03T11:06:57Z</time>
   </trkpt>
   <trkpt lat="51.0641770" lon="-0.5260250">
    <ele>22.9</ele>
    <time>2020-08-03T11:06:59Z</time>
   </trkpt>
   <trkpt lat="51.0642640" lon="-0.5262780">
    <ele>22.1</ele>
    <time>2020-08-03T11:07:01Z</time>
   </trkpt>
   <trkpt lat="51.0643040" lon="-0.5264150">
    <ele>21.8</ele>
    <time>2020-08-03T11:07:02Z</time>
   </trkpt>
   <trkpt lat="51.0643460" lon="-0.5265400">
    <ele>21.7</ele>
    <time>2020-08-03T11:07:03Z</time>
   </trkpt>
   <trkpt lat="51.0644120" lon="-0.5268030">
    <ele>21.6</ele>
    <time>2020-08-03T11:07:05Z</time>
   </trkpt>
   <trkpt lat="51.0644220" lon="-0.5269380">
    <ele>21.8</ele>
    <time>2020-08-03T11:07:06Z</time>
   </trkpt>
   <trkpt lat="51.0644330" lon="-0.5270750">
    <ele>22.0</ele>
    <time>2020-08-03T11:07:07Z</time>
   </trkpt>
   <trkpt lat="51.0644440" lon="-0.5273360">
    <ele>22.6</ele>
    <time>2020-08-03T11:07:09Z</time>
   </trkpt>
   <trkpt lat="51.0644400" lon="-0.5274640">
    <ele>23.1</ele>
    <time>2020-08-03T11:07:10Z</time>
   </trkpt>
   <trkpt lat="51.0644380" lon="-0.5276960">
    <ele>24.0</ele>
    <time>2020-08-03T11:07:12Z</time>
   </trkpt>
   <trkpt lat="51.0644350" lon="-0.5278020">
    <ele>24.3</ele>
    <time>2020-08-03T11:07:13Z</time>
   </trkpt>
   <trkpt lat="51.0644310" lon="-0.5278910">
    <ele>24.5</ele>
    <time>2020-08-03T11:07:14Z</time>
   </trkpt>
   <trkpt lat="51.0644070" lon="-0.5280660">
    <ele>24.9</ele>
    <time>2020-08-03T11:07:16Z</time>
   </trkpt>
   <trkpt lat="51.0643970" lon="-0.5281550">
    <ele>25.0</ele>
    <time>2020-08-03T11:07:17Z</time>
   </trkpt>
   <trkpt lat="51.0643640" lon="-0.5283420">
    <ele>25.4</ele>
    <time>2020-08-03T11:07:19Z</time>
   </trkpt>
   <trkpt lat="51.0643350" lon="-0.5285080">
    <ele>25.8</ele>
    <time>2020-08-03T11:07:21Z</time>
   </trkpt>
   <trkpt lat="51.0643270" lon="-0.5285950">
    <ele>25.9</ele>
    <time>2020-08-03T11:07:22Z</time>
   </trkpt>
   <trkpt lat="51.0643150" lon="-0.5287560">
    <ele>26.2</ele>
    <time>2020-08-03T11:07:24Z</time>
   </trkpt>
   <trkpt lat="51.0643060" lon="-0.5289180">
    <ele>26.3</ele>
    <time>2020-08-03T11:07:26Z</time>
   </trkpt>
   <trkpt lat="51.0642970" lon="-0.5290850">
    <ele>26.4</ele>
    <time>2020-08-03T11:07:28Z</time>
   </trkpt>
   <trkpt lat="51.0642730" lon="-0.5292520">
    <ele>26.6</ele>
    <time>2020-08-03T11:07:30Z</time>
   </trkpt>
   <trkpt lat="51.0642620" lon="-0.5294220">
    <ele>26.7</ele>
    <time>2020-08-03T11:07:32Z</time>
   </trkpt>
   <trkpt lat="51.0642640" lon="-0.5295060">
    <ele>26.7</ele>
    <time>2020-08-03T11:07:33Z</time>
   </trkpt>
   <trkpt lat="51.0642380" lon="-0.5296830">
    <ele>26.9</ele>
    <time>2020-08-03T11:07:35Z</time>
   </trkpt>
   <trkpt lat="51.0642240" lon="-0.5297640">
    <ele>26.9</ele>
    <time>2020-08-03T11:07:36Z</time>
   </trkpt>
   <trkpt lat="51.0641900" lon="-0.5299240">
    <ele>27.1</ele>
    <time>2020-08-03T11:07:38Z</time>
   </trkpt>
   <trkpt lat="51.0641770" lon="-0.5299980">
    <ele>27.1</ele>
    <time>2020-08-03T11:07:39Z</time>
   </trkpt>
   <trkpt lat="51.0641340" lon="-0.5301600">
    <ele>27.3</ele>
    <time>2020-08-03T11:07:41Z</time>
   </trkpt>
   <trkpt lat="51.0640880" lon="-0.5303030">
    <ele>27.4</ele>
    <time>2020-08-03T11:07:43Z</time>
   </trkpt>
   <trkpt lat="51.0640830" lon="-0.5303830">
    <ele>27.5</ele>
    <time>2020-08-03T11:07:44Z</time>
   </trkpt>
   <trkpt lat="51.0640730" lon="-0.5305620">
    <ele>27.8</ele>
    <time>2020-08-03T11:07:46Z</time>
   </trkpt>
   <trkpt lat="51.0640380" lon="-0.5307310">
    <ele>28.2</ele>
    <time>2020-08-03T11:07:48Z</time>
   </trkpt>
   <trkpt lat="51.0640130" lon="-0.5308170">
    <ele>28.5</ele>
    <time>2020-08-03T11:07:49Z</time>
   </trkpt>
   <trkpt lat="51.0639900" lon="-0.5308990">
    <ele>28.5</ele>
    <time>2020-08-03T11:07:50Z</time>
   </trkpt>
   <trkpt lat="51.0639470" lon="-0.5310560">
    <ele>28.5</ele>
    <time>2020-08-03T11:07:52Z</time>
   </trkpt>
   <trkpt lat="51.0639250" lon="-0.5311320">
    <ele>28.6</ele>
    <time>2020-08-03T11:07:53Z</time>
   </trkpt>
   <trkpt lat="51.0639040" lon="-0.5313000">
    <ele>28.7</ele>
    <time>2020-08-03T11:07:55Z</time>
   </trkpt>
   <trkpt lat="51.0638860" lon="-0.5314580">
    <ele>28.7</ele>
    <time>2020-08-03T11:07:57Z</time>
   </trkpt>
   <trkpt lat="51.0638650" lon="-0.5316210">
    <ele>28.8</ele>
    <time>2020-08-03T11:07:59Z</time>
   </trkpt>
   <trkpt lat="51.0638570" lon="-0.5317950">
    <ele>28.8</ele>
    <time>2020-08-03T11:08:01Z</time>
   </trkpt>
   <trkpt lat="51.0638510" lon="-0.5318860">
    <ele>28.9</ele>
    <time>2020-08-03T11:08:02Z</time>
   </trkpt>
   <trkpt lat="51.0638430" lon="-0.5320590">
    <ele>28.9</ele>
    <time>2020-08-03T11:08:04Z</time>
   </trkpt>
   <trkpt lat="51.0638400" lon="-0.5322430">
    <ele>29.0</ele>
    <time>2020-08-03T11:08:06Z</time>
   </trkpt>
   <trkpt lat="51.0638360" lon="-0.5323390">
    <ele>29.1</ele>
    <time>2020-08-03T11:08:07Z</time>
   </trkpt>
   <trkpt lat="51.0638220" lon="-0.5325300">
    <ele>29.2</ele>
    <time>2020-08-03T11:08:09Z</time>
   </trkpt>
   <trkpt lat="51.0638090" lon="-0.5326280">
    <ele>29.3</ele>
    <time>2020-08-03T11:08:10Z</time>
   </trkpt>
   <trkpt lat="51.0638060" lon="-0.5327190">
    <ele>29.3</ele>
    <time>2020-08-03T11:08:11Z</time>
   </trkpt>
   <trkpt lat="51.0638040" lon="-0.5328070">
    <ele>29.4</ele>
    <time>2020-08-03T11:08:12Z</time>
   </trkpt>
   <trkpt lat="51.0637980" lon="-0.5328880">
    <ele>29.4</ele>
    <time>2020-08-03T11:08:13Z</time>
   </trkpt>
   <trkpt lat="51.0637990" lon="-0.5330640">
    <ele>29.4</ele>
    <time>2020-08-03T11:08:15Z</time>
   </trkpt>
   <trkpt lat="51.0638200" lon="-0.5332500">
    <ele>29.3</ele>
    <time>2020-08-03T11:08:17Z</time>
   </trkpt>
   <trkpt lat="51.0638310" lon="-0.5333460">
    <ele>29.3</ele>
    <time>2020-08-03T11:08:18Z</time>
   </trkpt>
   <trkpt lat="51.0638710" lon="-0.5335360">
    <ele>29.1</ele>
    <time>2020-08-03T11:08:20Z</time>
   </trkpt>
   <trkpt lat="51.0639000" lon="-0.5336380">
    <ele>29.0</ele>
    <time>2020-08-03T11:08:21Z</time>
   </trkpt>
   <trkpt lat="51.0639380" lon="-0.5338130">
    <ele>28.8</ele>
    <time>2020-08-03T11:08:23Z</time>
   </trkpt>
   <trkpt lat="51.0639760" lon="-0.5339820">
    <ele>28.7</ele>
    <time>2020-08-03T11:08:25Z</time>
   </trkpt>
   <trkpt lat="51.0640040" lon="-0.5340830">
    <ele>28.7</ele>
    <time>2020-08-03T11:08:26Z</time>
   </trkpt>
   <trkpt lat="51.0640290" lon="-0.5341860">
    <ele>28.6</ele>
    <time>2020-08-03T11:08:27Z</time>
   </trkpt>
   <trkpt lat="51.0640520" lon="-0.5342910">
    <ele>28.6</ele>
    <time>2020-08-03T11:08:28Z</time>
   </trkpt>
   <trkpt lat="51.0641010" lon="-0.5344650">
    <ele>28.5</ele>
    <time>2020-08-03T11:08:30Z</time>
   </trkpt>
   <trkpt lat="51.0641330" lon="-0.5345490">
    <ele>28.5</ele>
    <time>2020-08-03T11:08:31Z</time>
   </trkpt>
   <trkpt lat="51.0642070" lon="-0.5347200">
    <ele>28.7</ele>
    <time>2020-08-03T11:08:33Z</time>
   </trkpt>
   <trkpt lat="51.0642400" lon="-0.5347970">
    <ele>28.9</ele>
    <time>2020-08-03T11:08:34Z</time>
   </trkpt>
   <trkpt lat="51.0642730" lon="-0.5348740">
    <ele>29.1</ele>
    <time>2020-08-03T11:08:35Z</time>
   </trkpt>
   <trkpt lat="51.0643440" lon="-0.5350400">
    <ele>29.5</ele>
    <time>2020-08-03T11:08:37Z</time>
   </trkpt>
   <trkpt lat="51.0643860" lon="-0.5351130">
    <ele>29.6</ele>
    <time>2020-08-03T11:08:38Z</time>
   </trkpt>
   <trkpt lat="51.0644220" lon="-0.5351910">
    <ele>29.6</ele>
    <time>2020-08-03T11:08:39Z</time>
   </trkpt>
   <trkpt lat="51.0644960" lon="-0.5353720">
    <ele>30.0</ele>
    <time>2020-08-03T11:08:41Z</time>
   </trkpt>
   <trkpt lat="51.0645600" lon="-0.5355370">
    <ele>30.3</ele>
    <time>2020-08-03T11:08:43Z</time>
   </trkpt>
   <trkpt lat="51.0646380" lon="-0.5357030">
    <ele>30.7</ele>
    <time>2020-08-03T11:08:45Z</time>
   </trkpt>
   <trkpt lat="51.0646700" lon="-0.5357780">
    <ele>31.0</ele>
    <time>2020-08-03T11:08:46Z</time>
   </trkpt>
   <trkpt lat="51.0647010" lon="-0.5358500">
    <ele>31.2</ele>
    <time>2020-08-03T11:08:47Z</time>
   </trkpt>
   <trkpt lat="51.0647550" lon="-0.5359980">
    <ele>31.7</ele>
    <time>2020-08-03T11:08:49Z</time>
   </trkpt>
   <trkpt lat="51.0647950" lon="-0.5361590">
    <ele>31.6</ele>
    <time>2020-08-03T11:08:51Z</time>
   </trkpt>
   <trkpt lat="51.0648130" lon="-0.5362440">
    <ele>31.4</ele>
    <time>2020-08-03T11:08:52Z</time>
   </trkpt>
   <trkpt lat="51.0648360" lon="-0.5363310">
    <ele>31.2</ele>
    <time>2020-08-03T11:08:53Z</time>
   </trkpt>
   <trkpt lat="51.0648810" lon="-0.5365030">
    <ele>31.0</ele>
    <time>2020-08-03T11:08:55Z</time>
   </trkpt>
   <trkpt lat="51.0648990" lon="-0.5365930">
    <ele>31.0</ele>
    <time>2020-08-03T11:08:56Z</time>
   </trkpt>
   <trkpt lat="51.0649300" lon="-0.5367650">
    <ele>31.1</ele>
    <time>2020-08-03T11:08:58Z</time>
   </trkpt>
   <trkpt lat="51.0649360" lon="-0.5368530">
    <ele>31.1</ele>
    <time>2020-08-03T11:08:59Z</time>
   </trkpt>
   <trkpt lat="51.0649510" lon="-0.5369450">
    <ele>31.2</ele>
    <time>2020-08-03T11:09:00Z</time>
   </trkpt>
   <trkpt lat="51.0649710" lon="-0.5371230">
    <ele>31.4</ele>
    <time>2020-08-03T11:09:02Z</time>
   </trkpt>
   <trkpt lat="51.0649770" lon="-0.5372890">
    <ele>31.5</ele>
    <time>2020-08-03T11:09:04Z</time>
   </trkpt>
   <trkpt lat="51.0649960" lon="-0.5374710">
    <ele>31.6</ele>
    <time>2020-08-03T11:09:06Z</time>
   </trkpt>
   <trkpt lat="51.0650030" lon="-0.5375590">
    <ele>31.6</ele>
    <time>2020-08-03T11:09:07Z</time>
   </trkpt>
   <trkpt lat="51.0650150" lon="-0.5377550">
    <ele>31.8</ele>
    <time>2020-08-03T11:09:09Z</time>
   </trkpt>
   <trkpt lat="51.0650120" lon="-0.5379350">
    <ele>31.8</ele>
    <time>2020-08-03T11:09:11Z</time>
   </trkpt>
   <trkpt lat="51.0650070" lon="-0.5380200">
    <ele>31.8</ele>
    <time>2020-08-03T11:09:12Z</time>
   </trkpt>
   <trkpt lat="51.0650140" lon="-0.5381960">
    <ele>31.8</ele>
    <time>2020-08-03T11:09:14Z</time>
   </trkpt>
   <trkpt lat="51.0650240" lon="-0.5383720">
    <ele>32.0</ele>
    <time>2020-08-03T11:09:16Z</time>
   </trkpt>
   <trkpt lat="51.0650600" lon="-0.5385320">
    <ele>32.2</ele>
    <time>2020-08-03T11:09:18Z</time>
   </trkpt>
   <trkpt lat="51.0651120" lon="-0.5386830">
    <ele>32.5</ele>
    <time>2020-08-03T11:09:20Z</time>
   </trkpt>
   <trkpt lat="51.0651900" lon="-0.5388060">
    <ele>32.7</ele>
    <time>2020-08-03T11:09:22Z</time>
   </trkpt>
   <trkpt lat="51.0652560" lon="-0.5389360">
    <ele>33.0</ele>
    <time>2020-08-03T11:09:24Z</time>
   </trkpt>
   <trkpt lat="51.0653280" lon="-0.5390520">
    <ele>33.2</ele>
    <time>2020-08-03T11:09:26Z</time>
   </trkpt>
   <trkpt lat="51.0653690" lon="-0.5391130">
    <ele>33.3</ele>
    <time>2020-08-03T11:09:27Z</time>
   </trkpt>
   <trkpt lat="51.0654430" lon="-0.5392330">
    <ele>33.5</ele>
    <time>2020-08-03T11:09:29Z</time>
   </trkpt>
   <trkpt lat="51.0654960" lon="-0.5393600">
    <ele>33.7</ele>
    <time>2020-08-03T11:09:31Z</time>
   </trkpt>
   <trkpt lat="51.0655650" lon="-0.5394580">
    <ele>33.8</ele>
    <time>2020-08-03T11:09:33Z</time>
   </trkpt>
   <trkpt lat="51.0656080" lon="-0.5395190">
    <ele>33.7</ele>
    <time>2020-08-03T11:09:34Z</time>
   </trkpt>
   <trkpt lat="51.0656890" lon="-0.5396440">
    <ele>33.6</ele>
    <time>2020-08-03T11:09:36Z</time>
   </trkpt>
   <trkpt lat="51.0657240" lon="-0.5397080">
    <ele>33.6</ele>
    <time>2020-08-03T11:09:37Z</time>
   </trkpt>
   <trkpt lat="51.0657540" lon="-0.5397750">
    <ele>33.5</ele>
    <time>2020-08-03T11:09:38Z</time>
   </trkpt>
   <trkpt lat="51.0658190" lon="-0.5399240">
    <ele>33.4</ele>
    <time>2020-08-03T11:09:40Z</time>
   </trkpt>
   <trkpt lat="51.0658490" lon="-0.5399960">
    <ele>33.4</ele>
    <time>2020-08-03T11:09:41Z</time>
   </trkpt>
   <trkpt lat="51.0658790" lon="-0.5400660">
    <ele>33.3</ele>
    <time>2020-08-03T11:09:42Z</time>
   </trkpt>
   <trkpt lat="51.0659060" lon="-0.5401370">
    <ele>33.3</ele>
    <time>2020-08-03T11:09:43Z</time>
   </trkpt>
   <trkpt lat="51.0659680" lon="-0.5402820">
    <ele>33.2</ele>
    <time>2020-08-03T11:09:45Z</time>
   </trkpt>
   <trkpt lat="51.0660000" lon="-0.5403620">
    <ele>33.1</ele>
    <time>2020-08-03T11:09:46Z</time>
   </trkpt>
   <trkpt lat="51.0660360" lon="-0.5404430">
    <ele>33.1</ele>
    <time>2020-08-03T11:09:47Z</time>
   </trkpt>
   <trkpt lat="51.0660980" lon="-0.5406080">
    <ele>32.9</ele>
    <time>2020-08-03T11:09:49Z</time>
   </trkpt>
   <trkpt lat="51.0661280" lon="-0.5406870">
    <ele>32.8</ele>
    <time>2020-08-03T11:09:50Z</time>
   </trkpt>
   <trkpt lat="51.0661960" lon="-0.5408360">
    <ele>32.6</ele>
    <time>2020-08-03T11:09:52Z</time>
   </trkpt>
   <trkpt lat="51.0662230" lon="-0.5408730">
    <ele>32.6</ele>
    <time>2020-08-03T11:09:53Z</time>
   </trkpt>
   <trkpt lat="51.0662460" lon="-0.5409370">
    <ele>32.5</ele>
    <time>2020-08-03T11:09:55Z</time>
   </trkpt>
   <trkpt lat="51.0662650" lon="-0.5410180">
    <ele>32.4</ele>
    <time>2020-08-03T11:09:56Z</time>
   </trkpt>
   <trkpt lat="51.0663270" lon="-0.5412170">
    <ele>32.0</ele>
    <time>2020-08-03T11:09:58Z</time>
   </trkpt>
   <trkpt lat="51.0664030" lon="-0.5414060">
    <ele>31.6</ele>
    <time>2020-08-03T11:10:00Z</time>
   </trkpt>
   <trkpt lat="51.0664680" lon="-0.5415960">
    <ele>31.2</ele>
    <time>2020-08-03T11:10:02Z</time>
   </trkpt>
   <trkpt lat="51.0664930" lon="-0.5416800">
    <ele>31.0</ele>
    <time>2020-08-03T11:10:03Z</time>
   </trkpt>
   <trkpt lat="51.0665790" lon="-0.5418510">
    <ele>30.8</ele>
    <time>2020-08-03T11:10:05Z</time>
   </trkpt>
   <trkpt lat="51.0666260" lon="-0.5419220">
    <ele>30.8</ele>
    <time>2020-08-03T11:10:06Z</time>
   </trkpt>
   <trkpt lat="51.0667370" lon="-0.5420620">
    <ele>30.7</ele>
    <time>2020-08-03T11:10:08Z</time>
   </trkpt>
   <trkpt lat="51.0667940" lon="-0.5421200">
    <ele>30.6</ele>
    <time>2020-08-03T11:10:09Z</time>
   </trkpt>
   <trkpt lat="51.0669090" lon="-0.5422200">
    <ele>30.3</ele>
    <time>2020-08-03T11:10:11Z</time>
   </trkpt>
   <trkpt lat="51.0670120" lon="-0.5423610">
    <ele>30.2</ele>
    <time>2020-08-03T11:10:13Z</time>
   </trkpt>
   <trkpt lat="51.0671130" lon="-0.5425230">
    <ele>30.3</ele>
    <time>2020-08-03T11:10:15Z</time>
   </trkpt>
   <trkpt lat="51.0671480" lon="-0.5426080">
    <ele>30.4</ele>
    <time>2020-08-03T11:10:16Z</time>
   </trkpt>
   <trkpt lat="51.0671850" lon="-0.5426850">
    <ele>30.5</ele>
    <time>2020-08-03T11:10:17Z</time>
   </trkpt>
   <trkpt lat="51.0672670" lon="-0.5428260">
    <ele>30.7</ele>
    <time>2020-08-03T11:10:19Z</time>
   </trkpt>
   <trkpt lat="51.0672960" lon="-0.5428920">
    <ele>30.7</ele>
    <time>2020-08-03T11:10:20Z</time>
   </trkpt>
   <trkpt lat="51.0673700" lon="-0.5430360">
    <ele>30.9</ele>
    <time>2020-08-03T11:10:22Z</time>
   </trkpt>
   <trkpt lat="51.0674470" lon="-0.5431520">
    <ele>30.9</ele>
    <time>2020-08-03T11:10:24Z</time>
   </trkpt>
   <trkpt lat="51.0675290" lon="-0.5432840">
    <ele>31.0</ele>
    <time>2020-08-03T11:10:26Z</time>
   </trkpt>
   <trkpt lat="51.0676180" lon="-0.5434320">
    <ele>31.1</ele>
    <time>2020-08-03T11:10:28Z</time>
   </trkpt>
   <trkpt lat="51.0676940" lon="-0.5435470">
    <ele>31.2</ele>
    <time>2020-08-03T11:10:30Z</time>
   </trkpt>
   <trkpt lat="51.0677700" lon="-0.5436600">
    <ele>31.2</ele>
    <time>2020-08-03T11:10:32Z</time>
   </trkpt>
   <trkpt lat="51.0678100" lon="-0.5437220">
    <ele>31.2</ele>
    <time>2020-08-03T11:10:33Z</time>
   </trkpt>
   <trkpt lat="51.0678850" lon="-0.5438190">
    <ele>31.0</ele>
    <time>2020-08-03T11:10:35Z</time>
   </trkpt>
   <trkpt lat="51.0679230" lon="-0.5438640">
    <ele>31.0</ele>
    <time>2020-08-03T11:10:36Z</time>
   </trkpt>
   <trkpt lat="51.0680120" lon="-0.5439460">
    <ele>30.8</ele>
    <time>2020-08-03T11:10:38Z</time>
   </trkpt>
   <trkpt lat="51.0680580" lon="-0.5439900">
    <ele>30.8</ele>
    <time>2020-08-03T11:10:39Z</time>
   </trkpt>
   <trkpt lat="51.0681590" lon="-0.5440560">
    <ele>30.6</ele>
    <time>2020-08-03T11:10:41Z</time>
   </trkpt>
   <trkpt lat="51.0682160" lon="-0.5440990">
    <ele>30.5</ele>
    <time>2020-08-03T11:10:42Z</time>
   </trkpt>
   <trkpt lat="51.0683110" lon="-0.5442180">
    <ele>30.4</ele>
    <time>2020-08-03T11:10:44Z</time>
   </trkpt>
   <trkpt lat="51.0683520" lon="-0.5442940">
    <ele>30.5</ele>
    <time>2020-08-03T11:10:45Z</time>
   </trkpt>
   <trkpt lat="51.0684190" lon="-0.5444610">
    <ele>30.4</ele>
    <time>2020-08-03T11:10:47Z</time>
   </trkpt>
   <trkpt lat="51.0684530" lon="-0.5445470">
    <ele>30.4</ele>
    <time>2020-08-03T11:10:48Z</time>
   </trkpt>
   <trkpt lat="51.0685200" lon="-0.5447200">
    <ele>30.4</ele>
    <time>2020-08-03T11:10:50Z</time>
   </trkpt>
   <trkpt lat="51.0685510" lon="-0.5448050">
    <ele>30.4</ele>
    <time>2020-08-03T11:10:51Z</time>
   </trkpt>
   <trkpt lat="51.0685740" lon="-0.5448820">
    <ele>30.5</ele>
    <time>2020-08-03T11:10:52Z</time>
   </trkpt>
   <trkpt lat="51.0685960" lon="-0.5449570">
    <ele>30.7</ele>
    <time>2020-08-03T11:10:53Z</time>
   </trkpt>
   <trkpt lat="51.0686550" lon="-0.5451140">
    <ele>31.0</ele>
    <time>2020-08-03T11:10:55Z</time>
   </trkpt>
   <trkpt lat="51.0686950" lon="-0.5452510">
    <ele>31.4</ele>
    <time>2020-08-03T11:10:57Z</time>
   </trkpt>
   <trkpt lat="51.0687210" lon="-0.5453280">
    <ele>31.6</ele>
    <time>2020-08-03T11:10:58Z</time>
   </trkpt>
   <trkpt lat="51.0687580" lon="-0.5454730">
    <ele>32.1</ele>
    <time>2020-08-03T11:11:00Z</time>
   </trkpt>
   <trkpt lat="51.0687770" lon="-0.5455470">
    <ele>32.3</ele>
    <time>2020-08-03T11:11:01Z</time>
   </trkpt>
   <trkpt lat="51.0688020" lon="-0.5456510">
    <ele>32.7</ele>
    <time>2020-08-03T11:11:03Z</time>
   </trkpt>
   <trkpt lat="51.0688180" lon="-0.5457220">
    <ele>33.0</ele>
    <time>2020-08-03T11:11:04Z</time>
   </trkpt>
   <trkpt lat="51.0688410" lon="-0.5458250">
    <ele>33.4</ele>
    <time>2020-08-03T11:11:06Z</time>
   </trkpt>
   <trkpt lat="51.0688800" lon="-0.5459740">
    <ele>34.0</ele>
    <time>2020-08-03T11:11:08Z</time>
   </trkpt>
   <trkpt lat="51.0688910" lon="-0.5460210">
    <ele>34.2</ele>
    <time>2020-08-03T11:11:09Z</time>
   </trkpt>
   <trkpt lat="51.0689130" lon="-0.5460850">
    <ele>34.5</ele>
    <time>2020-08-03T11:11:10Z</time>
   </trkpt>
   <trkpt lat="51.0689580" lon="-0.5461700">
    <ele>34.8</ele>
    <time>2020-08-03T11:11:12Z</time>
   </trkpt>
   <trkpt lat="51.0689900" lon="-0.5461930">
    <ele>35.0</ele>
    <time>2020-08-03T11:11:13Z</time>
   </trkpt>
   <trkpt lat="51.0690050" lon="-0.5462220">
    <ele>35.2</ele>
    <time>2020-08-03T11:11:14Z</time>
   </trkpt>
   <trkpt lat="51.0690370" lon="-0.5462810">
    <ele>35.4</ele>
    <time>2020-08-03T11:11:15Z</time>
   </trkpt>
   <trkpt lat="51.0690820" lon="-0.5463490">
    <ele>35.6</ele>
    <time>2020-08-03T11:11:16Z</time>
   </trkpt>
   <trkpt lat="51.0691200" lon="-0.5464040">
    <ele>35.8</ele>
    <time>2020-08-03T11:11:17Z</time>
   </trkpt>
   <trkpt lat="51.0691590" lon="-0.5464510">
    <ele>36.0</ele>
    <time>2020-08-03T11:11:19Z</time>
   </trkpt>
   <trkpt lat="51.0692200" lon="-0.5465160">
    <ele>36.3</ele>
    <time>2020-08-03T11:11:20Z</time>
   </trkpt>
   <trkpt lat="51.0692770" lon="-0.5465700">
    <ele>36.5</ele>
    <time>2020-08-03T11:11:21Z</time>
   </trkpt>
   <trkpt lat="51.0693170" lon="-0.5466120">
    <ele>36.6</ele>
    <time>2020-08-03T11:11:22Z</time>
   </trkpt>
   <trkpt lat="51.0693690" lon="-0.5466620">
    <ele>36.8</ele>
    <time>2020-08-03T11:11:24Z</time>
   </trkpt>
   <trkpt lat="51.0694080" lon="-0.5466980">
    <ele>36.8</ele>
    <time>2020-08-03T11:11:25Z</time>
   </trkpt>
   <trkpt lat="51.0694870" lon="-0.5467640">
    <ele>37.0</ele>
    <time>2020-08-03T11:11:26Z</time>
   </trkpt>
   <trkpt lat="51.0695800" lon="-0.5468370">
    <ele>37.1</ele>
    <time>2020-08-03T11:11:28Z</time>
   </trkpt>
   <trkpt lat="51.0696230" lon="-0.5468680">
    <ele>37.1</ele>
    <time>2020-08-03T11:11:29Z</time>
   </trkpt>
   <trkpt lat="51.0696660" lon="-0.5468980">
    <ele>37.1</ele>
    <time>2020-08-03T11:11:30Z</time>
   </trkpt>
   <trkpt lat="51.0697490" lon="-0.5469580">
    <ele>37.3</ele>
    <time>2020-08-03T11:11:32Z</time>
   </trkpt>
   <trkpt lat="51.0697920" lon="-0.5469950">
    <ele>37.3</ele>
    <time>2020-08-03T11:11:33Z</time>
   </trkpt>
   <trkpt lat="51.0698350" lon="-0.5470370">
    <ele>37.4</ele>
    <time>2020-08-03T11:11:34Z</time>
   </trkpt>
   <trkpt lat="51.0698760" lon="-0.5470850">
    <ele>37.6</ele>
    <time>2020-08-03T11:11:35Z</time>
   </trkpt>
   <trkpt lat="51.0699440" lon="-0.5472110">
    <ele>37.7</ele>
    <time>2020-08-03T11:11:37Z</time>
   </trkpt>
   <trkpt lat="51.0699390" lon="-0.5473890">
    <ele>37.8</ele>
    <time>2020-08-03T11:11:39Z</time>
   </trkpt>
   <trkpt lat="51.0698940" lon="-0.5475540">
    <ele>38.0</ele>
    <time>2020-08-03T11:11:41Z</time>
   </trkpt>
   <trkpt lat="51.0698750" lon="-0.5476330">
    <ele>38.2</ele>
    <time>2020-08-03T11:11:42Z</time>
   </trkpt>
   <trkpt lat="51.0698600" lon="-0.5477090">
    <ele>38.4</ele>
    <time>2020-08-03T11:11:43Z</time>
   </trkpt>
   <trkpt lat="51.0698500" lon="-0.5478610">
    <ele>38.8</ele>
    <time>2020-08-03T11:11:45Z</time>
   </trkpt>
   <trkpt lat="51.0698430" lon="-0.5479340">
    <ele>39.0</ele>
    <time>2020-08-03T11:11:46Z</time>
   </trkpt>
   <trkpt lat="51.0698330" lon="-0.5480800">
    <ele>39.6</ele>
    <time>2020-08-03T11:11:48Z</time>
   </trkpt>
   <trkpt lat="51.0698180" lon="-0.5482240">
    <ele>40.1</ele>
    <time>2020-08-03T11:11:50Z</time>
   </trkpt>
   <trkpt lat="51.0698050" lon="-0.5482930">
    <ele>40.3</ele>
    <time>2020-08-03T11:11:51Z</time>
   </trkpt>
   <trkpt lat="51.0697720" lon="-0.5484260">
    <ele>40.8</ele>
    <time>2020-08-03T11:11:53Z</time>
   </trkpt>
   <trkpt lat="51.0697590" lon="-0.5484980">
    <ele>41.1</ele>
    <time>2020-08-03T11:11:54Z</time>
   </trkpt>
   <trkpt lat="51.0697160" lon="-0.5486240">
    <ele>41.6</ele>
    <time>2020-08-03T11:11:56Z</time>
   </trkpt>
   <trkpt lat="51.0696930" lon="-0.5486890">
    <ele>42.0</ele>
    <time>2020-08-03T11:11:57Z</time>
   </trkpt>
   <trkpt lat="51.0696730" lon="-0.5487540">
    <ele>42.3</ele>
    <time>2020-08-03T11:11:58Z</time>
   </trkpt>
   <trkpt lat="51.0696250" lon="-0.5488740">
    <ele>42.9</ele>
    <time>2020-08-03T11:12:00Z</time>
   </trkpt>
   <trkpt lat="51.0696050" lon="-0.5489370">
    <ele>43.2</ele>
    <time>2020-08-03T11:12:01Z</time>
   </trkpt>
   <trkpt lat="51.0695910" lon="-0.5489810">
    <ele>43.3</ele>
    <time>2020-08-03T11:12:02Z</time>
   </trkpt>
   <trkpt lat="51.0695750" lon="-0.5490350">
    <ele>43.6</ele>
    <time>2020-08-03T11:12:03Z</time>
   </trkpt>
   <trkpt lat="51.0695380" lon="-0.5491520">
    <ele>44.2</ele>
    <time>2020-08-03T11:12:05Z</time>
   </trkpt>
   <trkpt lat="51.0695000" lon="-0.5492700">
    <ele>44.8</ele>
    <time>2020-08-03T11:12:07Z</time>
   </trkpt>
   <trkpt lat="51.0694740" lon="-0.5493730">
    <ele>45.4</ele>
    <time>2020-08-03T11:12:08Z</time>
   </trkpt>
   <trkpt lat="51.0694660" lon="-0.5493500">
    <ele>45.5</ele>
    <time>2020-08-03T11:12:10Z</time>
   </trkpt>
   <trkpt lat="51.0694490" lon="-0.5494140">
    <ele>45.9</ele>
    <time>2020-08-03T11:12:11Z</time>
   </trkpt>
   <trkpt lat="51.0694240" lon="-0.5495020">
    <ele>46.5</ele>
    <time>2020-08-03T11:12:12Z</time>
   </trkpt>
   <trkpt lat="51.0693990" lon="-0.5495820">
    <ele>47.0</ele>
    <time>2020-08-03T11:12:13Z</time>
   </trkpt>
   <trkpt lat="51.0693770" lon="-0.5496470">
    <ele>47.6</ele>
    <time>2020-08-03T11:12:14Z</time>
   </trkpt>
   <trkpt lat="51.0693520" lon="-0.5497150">
    <ele>48.1</ele>
    <time>2020-08-03T11:12:15Z</time>
   </trkpt>
   <trkpt lat="51.0693270" lon="-0.5497900">
    <ele>48.7</ele>
    <time>2020-08-03T11:12:16Z</time>
   </trkpt>
   <trkpt lat="51.0693050" lon="-0.5498530">
    <ele>49.2</ele>
    <time>2020-08-03T11:12:17Z</time>
   </trkpt>
   <trkpt lat="51.0692750" lon="-0.5499640">
    <ele>50.0</ele>
    <time>2020-08-03T11:12:19Z</time>
   </trkpt>
   <trkpt lat="51.0692590" lon="-0.5500380">
    <ele>50.5</ele>
    <time>2020-08-03T11:12:20Z</time>
   </trkpt>
   <trkpt lat="51.0692580" lon="-0.5501110">
    <ele>50.9</ele>
    <time>2020-08-03T11:12:21Z</time>
   </trkpt>
   <trkpt lat="51.0692490" lon="-0.5501700">
    <ele>51.2</ele>
    <time>2020-08-03T11:12:23Z</time>
   </trkpt>
   <trkpt lat="51.0692390" lon="-0.5502290">
    <ele>51.6</ele>
    <time>2020-08-03T11:12:24Z</time>
   </trkpt>
   <trkpt lat="51.0692280" lon="-0.5503160">
    <ele>52.0</ele>
    <time>2020-08-03T11:12:26Z</time>
   </trkpt>
   <trkpt lat="51.0692020" lon="-0.5503720">
    <ele>52.2</ele>
    <time>2020-08-03T11:12:27Z</time>
   </trkpt>
   <trkpt lat="51.0691820" lon="-0.5504210">
    <ele>52.5</ele>
    <time>2020-08-03T11:12:28Z</time>
   </trkpt>
   <trkpt lat="51.0691610" lon="-0.5504730">
    <ele>52.7</ele>
    <time>2020-08-03T11:12:29Z</time>
   </trkpt>
   <trkpt lat="51.0691160" lon="-0.5505530">
    <ele>53.2</ele>
    <time>2020-08-03T11:12:31Z</time>
   </trkpt>
   <trkpt lat="51.0690890" lon="-0.5506150">
    <ele>53.4</ele>
    <time>2020-08-03T11:12:32Z</time>
   </trkpt>
   <trkpt lat="51.0690650" lon="-0.5506610">
    <ele>53.6</ele>
    <time>2020-08-03T11:12:33Z</time>
   </trkpt>
   <trkpt lat="51.0690220" lon="-0.5507660">
    <ele>54.1</ele>
    <time>2020-08-03T11:12:35Z</time>
   </trkpt>
   <trkpt lat="51.0689910" lon="-0.5508210">
    <ele>54.3</ele>
    <time>2020-08-03T11:12:36Z</time>
   </trkpt>
   <trkpt lat="51.0689520" lon="-0.5508870">
    <ele>54.6</ele>
    <time>2020-08-03T11:12:37Z</time>
   </trkpt>
   <trkpt lat="51.0689150" lon="-0.5509640">
    <ele>54.9</ele>
    <time>2020-08-03T11:12:39Z</time>
   </trkpt>
   <trkpt lat="51.0688700" lon="-0.5510720">
    <ele>55.2</ele>
    <time>2020-08-03T11:12:41Z</time>
   </trkpt>
   <trkpt lat="51.0688430" lon="-0.5511320">
    <ele>55.4</ele>
    <time>2020-08-03T11:12:43Z</time>
   </trkpt>
   <trkpt lat="51.0688220" lon="-0.5511570">
    <ele>55.5</ele>
    <time>2020-08-03T11:12:44Z</time>
   </trkpt>
   <trkpt lat="51.0688130" lon="-0.5511690">
    <ele>55.5</ele>
    <time>2020-08-03T11:12:45Z</time>
   </trkpt>
   <trkpt lat="51.0687810" lon="-0.5512340">
    <ele>55.7</ele>
    <time>2020-08-03T11:12:47Z</time>
   </trkpt>
   <trkpt lat="51.0687590" lon="-0.5512850">
    <ele>55.7</ele>
    <time>2020-08-03T11:12:48Z</time>
   </trkpt>
   <trkpt lat="51.0687470" lon="-0.5513350">
    <ele>55.8</ele>
    <time>2020-08-03T11:12:49Z</time>
   </trkpt>
   <trkpt lat="51.0687270" lon="-0.5513990">
    <ele>55.9</ele>
    <time>2020-08-03T11:12:51Z</time>
   </trkpt>
   <trkpt lat="51.0687080" lon="-0.5514710">
    <ele>56.0</ele>
    <time>2020-08-03T11:12:53Z</time>
   </trkpt>
   <trkpt lat="51.0686910" lon="-0.5515360">
    <ele>56.0</ele>
    <time>2020-08-03T11:12:54Z</time>
   </trkpt>
   <trkpt lat="51.0686720" lon="-0.5516070">
    <ele>56.0</ele>
    <time>2020-08-03T11:12:55Z</time>
   </trkpt>
   <trkpt lat="51.0686390" lon="-0.5517200">
    <ele>55.9</ele>
    <time>2020-08-03T11:12:57Z</time>
   </trkpt>
   <trkpt lat="51.0686140" lon="-0.5518440">
    <ele>55.9</ele>
    <time>2020-08-03T11:12:59Z</time>
   </trkpt>
   <trkpt lat="51.0686000" lon="-0.5519030">
    <ele>55.9</ele>
    <time>2020-08-03T11:13:00Z</time>
   </trkpt>
   <trkpt lat="51.0685800" lon="-0.5519950">
    <ele>55.9</ele>
    <time>2020-08-03T11:13:02Z</time>
   </trkpt>
   <trkpt lat="51.0685660" lon="-0.5520580">
    <ele>55.9</ele>
    <time>2020-08-03T11:13:03Z</time>
   </trkpt>
   <trkpt lat="51.0685560" lon="-0.5521400">
    <ele>55.9</ele>
    <time>2020-08-03T11:13:04Z</time>
   </trkpt>
   <trkpt lat="51.0685450" lon="-0.5522490">
    <ele>56.0</ele>
    <time>2020-08-03T11:13:06Z</time>
   </trkpt>
   <trkpt lat="51.0685320" lon="-0.5523620">
    <ele>56.1</ele>
    <time>2020-08-03T11:13:07Z</time>
   </trkpt>
   <trkpt lat="51.0685260" lon="-0.5524280">
    <ele>56.1</ele>
    <time>2020-08-03T11:13:08Z</time>
   </trkpt>
   <trkpt lat="51.0685110" lon="-0.5525710">
    <ele>56.1</ele>
    <time>2020-08-03T11:13:10Z</time>
   </trkpt>
   <trkpt lat="51.0685070" lon="-0.5526710">
    <ele>56.1</ele>
    <time>2020-08-03T11:13:12Z</time>
   </trkpt>
   <trkpt lat="51.0685050" lon="-0.5527410">
    <ele>56.1</ele>
    <time>2020-08-03T11:13:13Z</time>
   </trkpt>
   <trkpt lat="51.0685010" lon="-0.5528140">
    <ele>56.1</ele>
    <time>2020-08-03T11:13:15Z</time>
   </trkpt>
   <trkpt lat="51.0684960" lon="-0.5528920">
    <ele>56.1</ele>
    <time>2020-08-03T11:13:16Z</time>
   </trkpt>
   <trkpt lat="51.0684960" lon="-0.5529820">
    <ele>56.1</ele>
    <time>2020-08-03T11:13:17Z</time>
   </trkpt>
   <trkpt lat="51.0685010" lon="-0.5530880">
    <ele>56.2</ele>
    <time>2020-08-03T11:13:18Z</time>
   </trkpt>
   <trkpt lat="51.0685060" lon="-0.5532570">
    <ele>56.3</ele>
    <time>2020-08-03T11:13:20Z</time>
   </trkpt>
   <trkpt lat="51.0685130" lon="-0.5534340">
    <ele>56.5</ele>
    <time>2020-08-03T11:13:22Z</time>
   </trkpt>
   <trkpt lat="51.0685170" lon="-0.5535170">
    <ele>56.6</ele>
    <time>2020-08-03T11:13:23Z</time>
   </trkpt>
   <trkpt lat="51.0685290" lon="-0.5536690">
    <ele>56.8</ele>
    <time>2020-08-03T11:13:25Z</time>
   </trkpt>
   <trkpt lat="51.0685360" lon="-0.5537410">
    <ele>56.9</ele>
    <time>2020-08-03T11:13:26Z</time>
   </trkpt>
   <trkpt lat="51.0685450" lon="-0.5538130">
    <ele>57.0</ele>
    <time>2020-08-03T11:13:27Z</time>
   </trkpt>
   <trkpt lat="51.0685660" lon="-0.5539460">
    <ele>57.2</ele>
    <time>2020-08-03T11:13:29Z</time>
   </trkpt>
   <trkpt lat="51.0685940" lon="-0.5540760">
    <ele>57.5</ele>
    <time>2020-08-03T11:13:31Z</time>
   </trkpt>
   <trkpt lat="51.0686050" lon="-0.5541410">
    <ele>57.6</ele>
    <time>2020-08-03T11:13:32Z</time>
   </trkpt>
   <trkpt lat="51.0686360" lon="-0.5542520">
    <ele>57.8</ele>
    <time>2020-08-03T11:13:34Z</time>
   </trkpt>
   <trkpt lat="51.0686770" lon="-0.5543540">
    <ele>58.0</ele>
    <time>2020-08-03T11:13:36Z</time>
   </trkpt>
   <trkpt lat="51.0686910" lon="-0.5543950">
    <ele>58.1</ele>
    <time>2020-08-03T11:13:37Z</time>
   </trkpt>
   <trkpt lat="51.0687170" lon="-0.5545160">
    <ele>58.2</ele>
    <time>2020-08-03T11:13:39Z</time>
   </trkpt>
   <trkpt lat="51.0687270" lon="-0.5545580">
    <ele>58.3</ele>
    <time>2020-08-03T11:13:40Z</time>
   </trkpt>
   <trkpt lat="51.0687380" lon="-0.5546130">
    <ele>58.3</ele>
    <time>2020-08-03T11:13:41Z</time>
   </trkpt>
   <trkpt lat="51.0687910" lon="-0.5547150">
    <ele>58.4</ele>
    <time>2020-08-03T11:13:43Z</time>
   </trkpt>
   <trkpt lat="51.0688010" lon="-0.5547500">
    <ele>58.4</ele>
    <time>2020-08-03T11:13:44Z</time>
   </trkpt>
   <trkpt lat="51.0687850" lon="-0.5548490">
    <ele>58.4</ele>
    <time>2020-08-03T11:13:46Z</time>
   </trkpt>
   <trkpt lat="51.0687850" lon="-0.5549890">
    <ele>58.4</ele>
    <time>2020-08-03T11:13:48Z</time>
   </trkpt>
   <trkpt lat="51.0687900" lon="-0.5550700">
    <ele>58.4</ele>
    <time>2020-08-03T11:13:50Z</time>
   </trkpt>
   <trkpt lat="51.0687960" lon="-0.5551480">
    <ele>58.3</ele>
    <time>2020-08-03T11:13:51Z</time>
   </trkpt>
   <trkpt lat="51.0688100" lon="-0.5552330">
    <ele>58.3</ele>
    <time>2020-08-03T11:13:53Z</time>
   </trkpt>
   <trkpt lat="51.0688240" lon="-0.5553600">
    <ele>58.2</ele>
    <time>2020-08-03T11:13:54Z</time>
   </trkpt>
   <trkpt lat="51.0688330" lon="-0.5554450">
    <ele>58.1</ele>
    <time>2020-08-03T11:13:55Z</time>
   </trkpt>
   <trkpt lat="51.0688430" lon="-0.5555170">
    <ele>58.0</ele>
    <time>2020-08-03T11:13:56Z</time>
   </trkpt>
   <trkpt lat="51.0688690" lon="-0.5555730">
    <ele>57.9</ele>
    <time>2020-08-03T11:13:58Z</time>
   </trkpt>
   <trkpt lat="51.0688750" lon="-0.5556700">
    <ele>57.7</ele>
    <time>2020-08-03T11:13:59Z</time>
   </trkpt>
   <trkpt lat="51.0688700" lon="-0.5557790">
    <ele>57.6</ele>
    <time>2020-08-03T11:14:00Z</time>
   </trkpt>
   <trkpt lat="51.0688770" lon="-0.5558770">
    <ele>57.4</ele>
    <time>2020-08-03T11:14:01Z</time>
   </trkpt>
   <trkpt lat="51.0688850" lon="-0.5559720">
    <ele>57.2</ele>
    <time>2020-08-03T11:14:02Z</time>
   </trkpt>
   <trkpt lat="51.0688880" lon="-0.5560590">
    <ele>57.0</ele>
    <time>2020-08-03T11:14:03Z</time>
   </trkpt>
   <trkpt lat="51.0688950" lon="-0.5562350">
    <ele>56.4</ele>
    <time>2020-08-03T11:14:05Z</time>
   </trkpt>
   <trkpt lat="51.0689130" lon="-0.5564730">
    <ele>55.3</ele>
    <time>2020-08-03T11:14:07Z</time>
   </trkpt>
   <trkpt lat="51.0689130" lon="-0.5565910">
    <ele>54.7</ele>
    <time>2020-08-03T11:14:08Z</time>
   </trkpt>
   <trkpt lat="51.0689280" lon="-0.5568370">
    <ele>53.4</ele>
    <time>2020-08-03T11:14:10Z</time>
   </trkpt>
   <trkpt lat="51.0689330" lon="-0.5571090">
    <ele>52.2</ele>
    <time>2020-08-03T11:14:12Z</time>
   </trkpt>
   <trkpt lat="51.0689280" lon="-0.5573960">
    <ele>51.2</ele>
    <time>2020-08-03T11:14:14Z</time>
   </trkpt>
   <trkpt lat="51.0689140" lon="-0.5575390">
    <ele>50.9</ele>
    <time>2020-08-03T11:14:15Z</time>
   </trkpt>
   <trkpt lat="51.0688830" lon="-0.5578020">
    <ele>50.8</ele>
    <time>2020-08-03T11:14:17Z</time>
   </trkpt>
   <trkpt lat="51.0688680" lon="-0.5579200">
    <ele>50.9</ele>
    <time>2020-08-03T11:14:18Z</time>
   </trkpt>
   <trkpt lat="51.0688540" lon="-0.5580410">
    <ele>51.2</ele>
    <time>2020-08-03T11:14:19Z</time>
   </trkpt>
   <trkpt lat="51.0688170" lon="-0.5582700">
    <ele>52.0</ele>
    <time>2020-08-03T11:14:21Z</time>
   </trkpt>
   <trkpt lat="51.0687970" lon="-0.5584780">
    <ele>52.7</ele>
    <time>2020-08-03T11:14:23Z</time>
   </trkpt>
   <trkpt lat="51.0687850" lon="-0.5586750">
    <ele>53.2</ele>
    <time>2020-08-03T11:14:25Z</time>
   </trkpt>
   <trkpt lat="51.0687740" lon="-0.5588550">
    <ele>53.7</ele>
    <time>2020-08-03T11:14:27Z</time>
   </trkpt>
   <trkpt lat="51.0687620" lon="-0.5590320">
    <ele>54.2</ele>
    <time>2020-08-03T11:14:29Z</time>
   </trkpt>
   <trkpt lat="51.0687600" lon="-0.5591220">
    <ele>54.4</ele>
    <time>2020-08-03T11:14:30Z</time>
   </trkpt>
   <trkpt lat="51.0687570" lon="-0.5592050">
    <ele>54.7</ele>
    <time>2020-08-03T11:14:31Z</time>
   </trkpt>
   <trkpt lat="51.0687500" lon="-0.5593670">
    <ele>55.1</ele>
    <time>2020-08-03T11:14:33Z</time>
   </trkpt>
   <trkpt lat="51.0687520" lon="-0.5595310">
    <ele>55.6</ele>
    <time>2020-08-03T11:14:35Z</time>
   </trkpt>
   <trkpt lat="51.0687560" lon="-0.5596070">
    <ele>55.8</ele>
    <time>2020-08-03T11:14:36Z</time>
   </trkpt>
   <trkpt lat="51.0687630" lon="-0.5596850">
    <ele>56.0</ele>
    <time>2020-08-03T11:14:37Z</time>
   </trkpt>
   <trkpt lat="51.0687790" lon="-0.5598360">
    <ele>56.3</ele>
    <time>2020-08-03T11:14:39Z</time>
   </trkpt>
   <trkpt lat="51.0687810" lon="-0.5599110">
    <ele>56.5</ele>
    <time>2020-08-03T11:14:40Z</time>
   </trkpt>
   <trkpt lat="51.0688060" lon="-0.5600500">
    <ele>56.9</ele>
    <time>2020-08-03T11:14:42Z</time>
   </trkpt>
   <trkpt lat="51.0688160" lon="-0.5601240">
    <ele>57.2</ele>
    <time>2020-08-03T11:14:43Z</time>
   </trkpt>
   <trkpt lat="51.0688330" lon="-0.5602010">
    <ele>57.4</ele>
    <time>2020-08-03T11:14:44Z</time>
   </trkpt>
   <trkpt lat="51.0688560" lon="-0.5603580">
    <ele>57.7</ele>
    <time>2020-08-03T11:14:46Z</time>
   </trkpt>
   <trkpt lat="51.0688680" lon="-0.5604370">
    <ele>57.8</ele>
    <time>2020-08-03T11:14:47Z</time>
   </trkpt>
   <trkpt lat="51.0688860" lon="-0.5605140">
    <ele>58.0</ele>
    <time>2020-08-03T11:14:48Z</time>
   </trkpt>
   <trkpt lat="51.0688980" lon="-0.5605930">
    <ele>58.2</ele>
    <time>2020-08-03T11:14:49Z</time>
   </trkpt>
   <trkpt lat="51.0689170" lon="-0.5607500">
    <ele>58.6</ele>
    <time>2020-08-03T11:14:51Z</time>
   </trkpt>
   <trkpt lat="51.0689250" lon="-0.5609070">
    <ele>59.0</ele>
    <time>2020-08-03T11:14:53Z</time>
   </trkpt>
   <trkpt lat="51.0689250" lon="-0.5609820">
    <ele>59.2</ele>
    <time>2020-08-03T11:14:54Z</time>
   </trkpt>
   <trkpt lat="51.0689110" lon="-0.5611030">
    <ele>59.6</ele>
    <time>2020-08-03T11:14:56Z</time>
   </trkpt>
   <trkpt lat="51.0688990" lon="-0.5611670">
    <ele>59.8</ele>
    <time>2020-08-03T11:14:57Z</time>
   </trkpt>
   <trkpt lat="51.0688720" lon="-0.5613020">
    <ele>60.2</ele>
    <time>2020-08-03T11:14:59Z</time>
   </trkpt>
   <trkpt lat="51.0688360" lon="-0.5614310">
    <ele>60.7</ele>
    <time>2020-08-03T11:15:01Z</time>
   </trkpt>
   <trkpt lat="51.0688000" lon="-0.5614980">
    <ele>61.0</ele>
    <time>2020-08-03T11:15:02Z</time>
   </trkpt>
   <trkpt lat="51.0687430" lon="-0.5615950">
    <ele>61.5</ele>
    <time>2020-08-03T11:15:04Z</time>
   </trkpt>
   <trkpt lat="51.0686830" lon="-0.5616940">
    <ele>61.9</ele>
    <time>2020-08-03T11:15:06Z</time>
   </trkpt>
   <trkpt lat="51.0686470" lon="-0.5617690">
    <ele>62.3</ele>
    <time>2020-08-03T11:15:08Z</time>
   </trkpt>
   <trkpt lat="51.0686030" lon="-0.5619220">
    <ele>62.9</ele>
    <time>2020-08-03T11:15:10Z</time>
   </trkpt>
   <trkpt lat="51.0685690" lon="-0.5620020">
    <ele>63.2</ele>
    <time>2020-08-03T11:15:12Z</time>
   </trkpt>
   <trkpt lat="51.0685290" lon="-0.5620780">
    <ele>63.6</ele>
    <time>2020-08-03T11:15:13Z</time>
   </trkpt>
   <trkpt lat="51.0685030" lon="-0.5621280">
    <ele>63.8</ele>
    <time>2020-08-03T11:15:14Z</time>
   </trkpt>
   <trkpt lat="51.0684870" lon="-0.5621640">
    <ele>63.9</ele>
    <time>2020-08-03T11:15:15Z</time>
   </trkpt>
   <trkpt lat="51.0684590" lon="-0.5622360">
    <ele>64.2</ele>
    <time>2020-08-03T11:15:16Z</time>
   </trkpt>
   <trkpt lat="51.0684130" lon="-0.5623850">
    <ele>64.7</ele>
    <time>2020-08-03T11:15:18Z</time>
   </trkpt>
   <trkpt lat="51.0683790" lon="-0.5624640">
    <ele>65.0</ele>
    <time>2020-08-03T11:15:19Z</time>
   </trkpt>
   <trkpt lat="51.0683570" lon="-0.5625370">
    <ele>65.3</ele>
    <time>2020-08-03T11:15:21Z</time>
   </trkpt>
   <trkpt lat="51.0683510" lon="-0.5625940">
    <ele>65.4</ele>
    <time>2020-08-03T11:15:22Z</time>
   </trkpt>
   <trkpt lat="51.0683350" lon="-0.5627080">
    <ele>65.7</ele>
    <time>2020-08-03T11:15:23Z</time>
   </trkpt>
   <trkpt lat="51.0683040" lon="-0.5628740">
    <ele>66.2</ele>
    <time>2020-08-03T11:15:25Z</time>
   </trkpt>
   <trkpt lat="51.0682940" lon="-0.5629520">
    <ele>66.4</ele>
    <time>2020-08-03T11:15:26Z</time>
   </trkpt>
   <trkpt lat="51.0682860" lon="-0.5630350">
    <ele>66.6</ele>
    <time>2020-08-03T11:15:27Z</time>
   </trkpt>
   <trkpt lat="51.0682750" lon="-0.5631400">
    <ele>66.9</ele>
    <time>2020-08-03T11:15:29Z</time>
   </trkpt>
   <trkpt lat="51.0682700" lon="-0.5631950">
    <ele>67.1</ele>
    <time>2020-08-03T11:15:30Z</time>
   </trkpt>
   <trkpt lat="51.0682710" lon="-0.5632860">
    <ele>67.3</ele>
    <time>2020-08-03T11:15:32Z</time>
   </trkpt>
   <trkpt lat="51.0682740" lon="-0.5633650">
    <ele>67.5</ele>
    <time>2020-08-03T11:15:33Z</time>
   </trkpt>
   <trkpt lat="51.0682770" lon="-0.5634420">
    <ele>67.6</ele>
    <time>2020-08-03T11:15:34Z</time>
   </trkpt>
   <trkpt lat="51.0682780" lon="-0.5635020">
    <ele>67.8</ele>
    <time>2020-08-03T11:15:35Z</time>
   </trkpt>
   <trkpt lat="51.0682800" lon="-0.5635640">
    <ele>67.9</ele>
    <time>2020-08-03T11:15:36Z</time>
   </trkpt>
   <trkpt lat="51.0682810" lon="-0.5636470">
    <ele>68.0</ele>
    <time>2020-08-03T11:15:37Z</time>
   </trkpt>
   <trkpt lat="51.0682860" lon="-0.5637210">
    <ele>68.2</ele>
    <time>2020-08-03T11:15:39Z</time>
   </trkpt>
   <trkpt lat="51.0682900" lon="-0.5638130">
    <ele>68.3</ele>
    <time>2020-08-03T11:15:40Z</time>
   </trkpt>
   <trkpt lat="51.0682890" lon="-0.5638970">
    <ele>68.5</ele>
    <time>2020-08-03T11:15:41Z</time>
   </trkpt>
   <trkpt lat="51.0682830" lon="-0.5640490">
    <ele>68.8</ele>
    <time>2020-08-03T11:15:43Z</time>
   </trkpt>
   <trkpt lat="51.0682770" lon="-0.5641230">
    <ele>68.9</ele>
    <time>2020-08-03T11:15:44Z</time>
   </trkpt>
   <trkpt lat="51.0682750" lon="-0.5642030">
    <ele>69.1</ele>
    <time>2020-08-03T11:15:46Z</time>
   </trkpt>
   <trkpt lat="51.0682800" lon="-0.5642670">
    <ele>69.2</ele>
    <time>2020-08-03T11:15:47Z</time>
   </trkpt>
   <trkpt lat="51.0682840" lon="-0.5643280">
    <ele>69.4</ele>
    <time>2020-08-03T11:15:48Z</time>
   </trkpt>
   <trkpt lat="51.0682890" lon="-0.5644030">
    <ele>69.5</ele>
    <time>2020-08-03T11:15:49Z</time>
   </trkpt>
   <trkpt lat="51.0682900" lon="-0.5645000">
    <ele>69.7</ele>
    <time>2020-08-03T11:15:50Z</time>
   </trkpt>
   <trkpt lat="51.0683000" lon="-0.5645800">
    <ele>69.9</ele>
    <time>2020-08-03T11:15:51Z</time>
   </trkpt>
   <trkpt lat="51.0683140" lon="-0.5646510">
    <ele>70.1</ele>
    <time>2020-08-03T11:15:52Z</time>
   </trkpt>
   <trkpt lat="51.0683190" lon="-0.5646860">
    <ele>70.2</ele>
    <time>2020-08-03T11:15:53Z</time>
   </trkpt>
   <trkpt lat="51.0683360" lon="-0.5647580">
    <ele>70.4</ele>
    <time>2020-08-03T11:15:55Z</time>
   </trkpt>
   <trkpt lat="51.0683590" lon="-0.5648550">
    <ele>70.7</ele>
    <time>2020-08-03T11:15:56Z</time>
   </trkpt>
   <trkpt lat="51.0683900" lon="-0.5649550">
    <ele>71.0</ele>
    <time>2020-08-03T11:15:58Z</time>
   </trkpt>
   <trkpt lat="51.0684150" lon="-0.5650310">
    <ele>71.3</ele>
    <time>2020-08-03T11:15:59Z</time>
   </trkpt>
   <trkpt lat="51.0684560" lon="-0.5651320">
    <ele>71.6</ele>
    <time>2020-08-03T11:16:01Z</time>
   </trkpt>
   <trkpt lat="51.0685150" lon="-0.5652270">
    <ele>71.9</ele>
    <time>2020-08-03T11:16:03Z</time>
   </trkpt>
   <trkpt lat="51.0685410" lon="-0.5652760">
    <ele>72.1</ele>
    <time>2020-08-03T11:16:04Z</time>
   </trkpt>
   <trkpt lat="51.0685790" lon="-0.5653340">
    <ele>72.3</ele>
    <time>2020-08-03T11:16:05Z</time>
   </trkpt>
   <trkpt lat="51.0686270" lon="-0.5654100">
    <ele>72.5</ele>
    <time>2020-08-03T11:16:07Z</time>
   </trkpt>
   <trkpt lat="51.0686630" lon="-0.5654580">
    <ele>72.6</ele>
    <time>2020-08-03T11:16:08Z</time>
   </trkpt>
   <trkpt lat="51.0686960" lon="-0.5654990">
    <ele>72.7</ele>
    <time>2020-08-03T11:16:09Z</time>
   </trkpt>
   <trkpt lat="51.0687370" lon="-0.5655480">
    <ele>72.9</ele>
    <time>2020-08-03T11:16:10Z</time>
   </trkpt>
   <trkpt lat="51.0687850" lon="-0.5655990">
    <ele>73.0</ele>
    <time>2020-08-03T11:16:11Z</time>
   </trkpt>
   <trkpt lat="51.0688220" lon="-0.5656400">
    <ele>73.1</ele>
    <time>2020-08-03T11:16:13Z</time>
   </trkpt>
   <trkpt lat="51.0688560" lon="-0.5656750">
    <ele>73.1</ele>
    <time>2020-08-03T11:16:14Z</time>
   </trkpt>
   <trkpt lat="51.0689120" lon="-0.5657420">
    <ele>73.2</ele>
    <time>2020-08-03T11:16:15Z</time>
   </trkpt>
   <trkpt lat="51.0689540" lon="-0.5657940">
    <ele>73.2</ele>
    <time>2020-08-03T11:16:17Z</time>
   </trkpt>
   <trkpt lat="51.0689870" lon="-0.5658370">
    <ele>73.2</ele>
    <time>2020-08-03T11:16:18Z</time>
   </trkpt>
   <trkpt lat="51.0690280" lon="-0.5658880">
    <ele>73.2</ele>
    <time>2020-08-03T11:16:20Z</time>
   </trkpt>
   <trkpt lat="51.0690670" lon="-0.5659250">
    <ele>73.2</ele>
    <time>2020-08-03T11:16:21Z</time>
   </trkpt>
   <trkpt lat="51.0690990" lon="-0.5659580">
    <ele>73.2</ele>
    <time>2020-08-03T11:16:22Z</time>
   </trkpt>
   <trkpt lat="51.0691610" lon="-0.5660270">
    <ele>73.2</ele>
    <time>2020-08-03T11:16:24Z</time>
   </trkpt>
   <trkpt lat="51.0692120" lon="-0.5660940">
    <ele>73.2</ele>
    <time>2020-08-03T11:16:25Z</time>
   </trkpt>
   <trkpt lat="51.0692580" lon="-0.5661850">
    <ele>73.2</ele>
    <time>2020-08-03T11:16:26Z</time>
   </trkpt>
   <trkpt lat="51.0692790" lon="-0.5662560">
    <ele>73.1</ele>
    <time>2020-08-03T11:16:27Z</time>
   </trkpt>
   <trkpt lat="51.0693210" lon="-0.5664010">
    <ele>73.1</ele>
    <time>2020-08-03T11:16:29Z</time>
   </trkpt>
   <trkpt lat="51.0693350" lon="-0.5664600">
    <ele>73.1</ele>
    <time>2020-08-03T11:16:30Z</time>
   </trkpt>
   <trkpt lat="51.0693460" lon="-0.5665110">
    <ele>73.1</ele>
    <time>2020-08-03T11:16:31Z</time>
   </trkpt>
   <trkpt lat="51.0693470" lon="-0.5665610">
    <ele>73.1</ele>
    <time>2020-08-03T11:16:33Z</time>
   </trkpt>
   <trkpt lat="51.0693480" lon="-0.5666120">
    <ele>73.1</ele>
    <time>2020-08-03T11:16:34Z</time>
   </trkpt>
   <trkpt lat="51.0693520" lon="-0.5667420">
    <ele>73.1</ele>
    <time>2020-08-03T11:16:35Z</time>
   </trkpt>
   <trkpt lat="51.0693620" lon="-0.5668540">
    <ele>73.0</ele>
    <time>2020-08-03T11:16:36Z</time>
   </trkpt>
   <trkpt lat="51.0693770" lon="-0.5670350">
    <ele>73.0</ele>
    <time>2020-08-03T11:16:38Z</time>
   </trkpt>
   <trkpt lat="51.0693800" lon="-0.5671980">
    <ele>73.1</ele>
    <time>2020-08-03T11:16:40Z</time>
   </trkpt>
   <trkpt lat="51.0693820" lon="-0.5672780">
    <ele>73.2</ele>
    <time>2020-08-03T11:16:41Z</time>
   </trkpt>
   <trkpt lat="51.0693940" lon="-0.5674270">
    <ele>73.3</ele>
    <time>2020-08-03T11:16:43Z</time>
   </trkpt>
   <trkpt lat="51.0694020" lon="-0.5675780">
    <ele>73.5</ele>
    <time>2020-08-03T11:16:45Z</time>
   </trkpt>
   <trkpt lat="51.0694030" lon="-0.5676890">
    <ele>73.7</ele>
    <time>2020-08-03T11:16:47Z</time>
   </trkpt>
   <trkpt lat="51.0694050" lon="-0.5677030">
    <ele>73.7</ele>
    <time>2020-08-03T11:16:48Z</time>
   </trkpt>
   <trkpt lat="51.0694430" lon="-0.5677920">
    <ele>73.7</ele>
    <time>2020-08-03T11:16:50Z</time>
   </trkpt>
   <trkpt lat="51.0695040" lon="-0.5678450">
    <ele>73.7</ele>
    <time>2020-08-03T11:16:52Z</time>
   </trkpt>
   <trkpt lat="51.0695700" lon="-0.5679590">
    <ele>73.6</ele>
    <time>2020-08-03T11:16:53Z</time>
   </trkpt>
   <trkpt lat="51.0695970" lon="-0.5681190">
    <ele>73.5</ele>
    <time>2020-08-03T11:16:55Z</time>
   </trkpt>
   <trkpt lat="51.0695830" lon="-0.5682770">
    <ele>73.5</ele>
    <time>2020-08-03T11:16:57Z</time>
   </trkpt>
   <trkpt lat="51.0695530" lon="-0.5684410">
    <ele>73.5</ele>
    <time>2020-08-03T11:16:59Z</time>
   </trkpt>
   <trkpt lat="51.0695320" lon="-0.5685920">
    <ele>73.5</ele>
    <time>2020-08-03T11:17:01Z</time>
   </trkpt>
   <trkpt lat="51.0695150" lon="-0.5687450">
    <ele>73.6</ele>
    <time>2020-08-03T11:17:03Z</time>
   </trkpt>
   <trkpt lat="51.0694990" lon="-0.5689030">
    <ele>73.8</ele>
    <time>2020-08-03T11:17:05Z</time>
   </trkpt>
   <trkpt lat="51.0695000" lon="-0.5690630">
    <ele>73.9</ele>
    <time>2020-08-03T11:17:07Z</time>
   </trkpt>
   <trkpt lat="51.0694860" lon="-0.5692230">
    <ele>74.0</ele>
    <time>2020-08-03T11:17:09Z</time>
   </trkpt>
   <trkpt lat="51.0694680" lon="-0.5693720">
    <ele>74.1</ele>
    <time>2020-08-03T11:17:11Z</time>
   </trkpt>
   <trkpt lat="51.0694380" lon="-0.5695200">
    <ele>74.1</ele>
    <time>2020-08-03T11:17:13Z</time>
   </trkpt>
   <trkpt lat="51.0693970" lon="-0.5696820">
    <ele>74.0</ele>
    <time>2020-08-03T11:17:15Z</time>
   </trkpt>
   <trkpt lat="51.0693790" lon="-0.5697660">
    <ele>73.9</ele>
    <time>2020-08-03T11:17:16Z</time>
   </trkpt>
   <trkpt lat="51.0693450" lon="-0.5699440">
    <ele>73.7</ele>
    <time>2020-08-03T11:17:18Z</time>
   </trkpt>
   <trkpt lat="51.0693270" lon="-0.5700250">
    <ele>73.7</ele>
    <time>2020-08-03T11:17:19Z</time>
   </trkpt>
   <trkpt lat="51.0693110" lon="-0.5701100">
    <ele>73.6</ele>
    <time>2020-08-03T11:17:20Z</time>
   </trkpt>
   <trkpt lat="51.0692930" lon="-0.5701900">
    <ele>73.6</ele>
    <time>2020-08-03T11:17:21Z</time>
   </trkpt>
   <trkpt lat="51.0692830" lon="-0.5702640">
    <ele>73.6</ele>
    <time>2020-08-03T11:17:22Z</time>
   </trkpt>
   <trkpt lat="51.0692560" lon="-0.5704370">
    <ele>73.6</ele>
    <time>2020-08-03T11:17:24Z</time>
   </trkpt>
   <trkpt lat="51.0692410" lon="-0.5706050">
    <ele>73.5</ele>
    <time>2020-08-03T11:17:26Z</time>
   </trkpt>
   <trkpt lat="51.0692280" lon="-0.5707750">
    <ele>73.5</ele>
    <time>2020-08-03T11:17:28Z</time>
   </trkpt>
   <trkpt lat="51.0692200" lon="-0.5709500">
    <ele>73.5</ele>
    <time>2020-08-03T11:17:30Z</time>
   </trkpt>
   <trkpt lat="51.0691940" lon="-0.5711210">
    <ele>73.6</ele>
    <time>2020-08-03T11:17:32Z</time>
   </trkpt>
   <trkpt lat="51.0691710" lon="-0.5713030">
    <ele>73.6</ele>
    <time>2020-08-03T11:17:34Z</time>
   </trkpt>
   <trkpt lat="51.0691970" lon="-0.5714730">
    <ele>73.5</ele>
    <time>2020-08-03T11:17:36Z</time>
   </trkpt>
   <trkpt lat="51.0692700" lon="-0.5716080">
    <ele>73.4</ele>
    <time>2020-08-03T11:17:38Z</time>
   </trkpt>
   <trkpt lat="51.0693190" lon="-0.5716590">
    <ele>73.3</ele>
    <time>2020-08-03T11:17:39Z</time>
   </trkpt>
   <trkpt lat="51.0694290" lon="-0.5717480">
    <ele>73.2</ele>
    <time>2020-08-03T11:17:41Z</time>
   </trkpt>
   <trkpt lat="51.0694880" lon="-0.5717860">
    <ele>73.1</ele>
    <time>2020-08-03T11:17:42Z</time>
   </trkpt>
   <trkpt lat="51.0695470" lon="-0.5718270">
    <ele>73.1</ele>
    <time>2020-08-03T11:17:43Z</time>
   </trkpt>
   <trkpt lat="51.0696650" lon="-0.5719160">
    <ele>72.9</ele>
    <time>2020-08-03T11:17:45Z</time>
   </trkpt>
   <trkpt lat="51.0697170" lon="-0.5719710">
    <ele>72.8</ele>
    <time>2020-08-03T11:17:46Z</time>
   </trkpt>
   <trkpt lat="51.0698110" lon="-0.5721090">
    <ele>72.7</ele>
    <time>2020-08-03T11:17:48Z</time>
   </trkpt>
   <trkpt lat="51.0698800" lon="-0.5722650">
    <ele>72.6</ele>
    <time>2020-08-03T11:17:50Z</time>
   </trkpt>
   <trkpt lat="51.0699010" lon="-0.5723520">
    <ele>72.6</ele>
    <time>2020-08-03T11:17:51Z</time>
   </trkpt>
   <trkpt lat="51.0699170" lon="-0.5724520">
    <ele>72.5</ele>
    <time>2020-08-03T11:17:52Z</time>
   </trkpt>
   <trkpt lat="51.0699520" lon="-0.5726430">
    <ele>72.4</ele>
    <time>2020-08-03T11:17:54Z</time>
   </trkpt>
   <trkpt lat="51.0699740" lon="-0.5727360">
    <ele>72.3</ele>
    <time>2020-08-03T11:17:55Z</time>
   </trkpt>
   <trkpt lat="51.0700300" lon="-0.5729020">
    <ele>72.3</ele>
    <time>2020-08-03T11:17:57Z</time>
   </trkpt>
   <trkpt lat="51.0700960" lon="-0.5730650">
    <ele>72.2</ele>
    <time>2020-08-03T11:17:59Z</time>
   </trkpt>
   <trkpt lat="51.0701680" lon="-0.5732080">
    <ele>72.1</ele>
    <time>2020-08-03T11:18:01Z</time>
   </trkpt>
   <trkpt lat="51.0702530" lon="-0.5733610">
    <ele>72.0</ele>
    <time>2020-08-03T11:18:03Z</time>
   </trkpt>
   <trkpt lat="51.0703350" lon="-0.5735080">
    <ele>71.8</ele>
    <time>2020-08-03T11:18:05Z</time>
   </trkpt>
   <trkpt lat="51.0704170" lon="-0.5736430">
    <ele>71.6</ele>
    <time>2020-08-03T11:18:07Z</time>
   </trkpt>
   <trkpt lat="51.0704610" lon="-0.5737050">
    <ele>71.5</ele>
    <time>2020-08-03T11:18:08Z</time>
   </trkpt>
   <trkpt lat="51.0705050" lon="-0.5737750">
    <ele>71.4</ele>
    <time>2020-08-03T11:18:09Z</time>
   </trkpt>
   <trkpt lat="51.0705880" lon="-0.5739090">
    <ele>71.1</ele>
    <time>2020-08-03T11:18:11Z</time>
   </trkpt>
   <trkpt lat="51.0706320" lon="-0.5739820">
    <ele>70.9</ele>
    <time>2020-08-03T11:18:12Z</time>
   </trkpt>
   <trkpt lat="51.0706820" lon="-0.5740540">
    <ele>70.8</ele>
    <time>2020-08-03T11:18:13Z</time>
   </trkpt>
   <trkpt lat="51.0707690" lon="-0.5741870">
    <ele>70.4</ele>
    <time>2020-08-03T11:18:15Z</time>
   </trkpt>
   <trkpt lat="51.0708130" lon="-0.5742550">
    <ele>70.2</ele>
    <time>2020-08-03T11:18:16Z</time>
   </trkpt>
   <trkpt lat="51.0709040" lon="-0.5743850">
    <ele>69.8</ele>
    <time>2020-08-03T11:18:18Z</time>
   </trkpt>
   <trkpt lat="51.0709580" lon="-0.5744510">
    <ele>69.6</ele>
    <time>2020-08-03T11:18:19Z</time>
   </trkpt>
   <trkpt lat="51.0710130" lon="-0.5745050">
    <ele>69.4</ele>
    <time>2020-08-03T11:18:20Z</time>
   </trkpt>
   <trkpt lat="51.0710700" lon="-0.5745550">
    <ele>69.2</ele>
    <time>2020-08-03T11:18:21Z</time>
   </trkpt>
   <trkpt lat="51.0711310" lon="-0.5746080">
    <ele>68.9</ele>
    <time>2020-08-03T11:18:22Z</time>
   </trkpt>
   <trkpt lat="51.0712820" lon="-0.5746790">
    <ele>68.3</ele>
    <time>2020-08-03T11:18:24Z</time>
   </trkpt>
   <trkpt lat="51.0713570" lon="-0.5746980">
    <ele>68.1</ele>
    <time>2020-08-03T11:18:25Z</time>
   </trkpt>
   <trkpt lat="51.0714980" lon="-0.5747460">
    <ele>67.5</ele>
    <time>2020-08-03T11:18:27Z</time>
   </trkpt>
   <trkpt lat="51.0715730" lon="-0.5747590">
    <ele>67.3</ele>
    <time>2020-08-03T11:18:28Z</time>
   </trkpt>
   <trkpt lat="51.0717100" lon="-0.5747880">
    <ele>66.9</ele>
    <time>2020-08-03T11:18:30Z</time>
   </trkpt>
   <trkpt lat="51.0717820" lon="-0.5747980">
    <ele>66.8</ele>
    <time>2020-08-03T11:18:31Z</time>
   </trkpt>
   <trkpt lat="51.0719200" lon="-0.5748270">
    <ele>66.6</ele>
    <time>2020-08-03T11:18:33Z</time>
   </trkpt>
   <trkpt lat="51.0719910" lon="-0.5748390">
    <ele>66.5</ele>
    <time>2020-08-03T11:18:34Z</time>
   </trkpt>
   <trkpt lat="51.0721250" lon="-0.5749010">
    <ele>66.5</ele>
    <time>2020-08-03T11:18:36Z</time>
   </trkpt>
   <trkpt lat="51.0721790" lon="-0.5749730">
    <ele>66.3</ele>
    <time>2020-08-03T11:18:37Z</time>
   </trkpt>
   <trkpt lat="51.0722380" lon="-0.5751810">
    <ele>65.9</ele>
    <time>2020-08-03T11:18:39Z</time>
   </trkpt>
   <trkpt lat="51.0722340" lon="-0.5754120">
    <ele>65.6</ele>
    <time>2020-08-03T11:18:41Z</time>
   </trkpt>
   <trkpt lat="51.0722370" lon="-0.5756370">
    <ele>65.4</ele>
    <time>2020-08-03T11:18:43Z</time>
   </trkpt>
   <trkpt lat="51.0722460" lon="-0.5758690">
    <ele>65.5</ele>
    <time>2020-08-03T11:18:45Z</time>
   </trkpt>
   <trkpt lat="51.0722600" lon="-0.5759710">
    <ele>65.6</ele>
    <time>2020-08-03T11:18:46Z</time>
   </trkpt>
   <trkpt lat="51.0723040" lon="-0.5761710">
    <ele>65.7</ele>
    <time>2020-08-03T11:18:48Z</time>
   </trkpt>
   <trkpt lat="51.0723400" lon="-0.5763440">
    <ele>65.9</ele>
    <time>2020-08-03T11:18:50Z</time>
   </trkpt>
   <trkpt lat="51.0724010" lon="-0.5765020">
    <ele>66.2</ele>
    <time>2020-08-03T11:18:52Z</time>
   </trkpt>
   <trkpt lat="51.0724610" lon="-0.5766640">
    <ele>66.3</ele>
    <time>2020-08-03T11:18:54Z</time>
   </trkpt>
   <trkpt lat="51.0724830" lon="-0.5767450">
    <ele>66.4</ele>
    <time>2020-08-03T11:18:55Z</time>
   </trkpt>
   <trkpt lat="51.0725170" lon="-0.5769030">
    <ele>66.4</ele>
    <time>2020-08-03T11:18:57Z</time>
   </trkpt>
   <trkpt lat="51.0725390" lon="-0.5769870">
    <ele>66.5</ele>
    <time>2020-08-03T11:18:58Z</time>
   </trkpt>
   <trkpt lat="51.0725600" lon="-0.5770740">
    <ele>66.5</ele>
    <time>2020-08-03T11:18:59Z</time>
   </trkpt>
   <trkpt lat="51.0725930" lon="-0.5772470">
    <ele>66.5</ele>
    <time>2020-08-03T11:19:01Z</time>
   </trkpt>
   <trkpt lat="51.0726120" lon="-0.5773400">
    <ele>66.6</ele>
    <time>2020-08-03T11:19:02Z</time>
   </trkpt>
   <trkpt lat="51.0726560" lon="-0.5775020">
    <ele>66.6</ele>
    <time>2020-08-03T11:19:04Z</time>
   </trkpt>
   <trkpt lat="51.0726780" lon="-0.5775840">
    <ele>66.5</ele>
    <time>2020-08-03T11:19:05Z</time>
   </trkpt>
   <trkpt lat="51.0727250" lon="-0.5777460">
    <ele>66.5</ele>
    <time>2020-08-03T11:19:07Z</time>
   </trkpt>
   <trkpt lat="51.0727780" lon="-0.5779080">
    <ele>66.6</ele>
    <time>2020-08-03T11:19:09Z</time>
   </trkpt>
   <trkpt lat="51.0728330" lon="-0.5780740">
    <ele>66.3</ele>
    <time>2020-08-03T11:19:11Z</time>
   </trkpt>
   <trkpt lat="51.0728970" lon="-0.5782490">
    <ele>66.0</ele>
    <time>2020-08-03T11:19:13Z</time>
   </trkpt>
   <trkpt lat="51.0729250" lon="-0.5783370">
    <ele>65.7</ele>
    <time>2020-08-03T11:19:14Z</time>
   </trkpt>
   <trkpt lat="51.0729910" lon="-0.5785100">
    <ele>65.2</ele>
    <time>2020-08-03T11:19:16Z</time>
   </trkpt>
   <trkpt lat="51.0730440" lon="-0.5786940">
    <ele>64.8</ele>
    <time>2020-08-03T11:19:18Z</time>
   </trkpt>
   <trkpt lat="51.0730990" lon="-0.5789020">
    <ele>64.4</ele>
    <time>2020-08-03T11:19:20Z</time>
   </trkpt>
   <trkpt lat="51.0731530" lon="-0.5791370">
    <ele>63.9</ele>
    <time>2020-08-03T11:19:22Z</time>
   </trkpt>
   <trkpt lat="51.0732080" lon="-0.5793840">
    <ele>63.4</ele>
    <time>2020-08-03T11:19:24Z</time>
   </trkpt>
   <trkpt lat="51.0732690" lon="-0.5796220">
    <ele>63.1</ele>
    <time>2020-08-03T11:19:26Z</time>
   </trkpt>
   <trkpt lat="51.0733250" lon="-0.5798500">
    <ele>62.8</ele>
    <time>2020-08-03T11:19:28Z</time>
   </trkpt>
   <trkpt lat="51.0733490" lon="-0.5799680">
    <ele>62.6</ele>
    <time>2020-08-03T11:19:29Z</time>
   </trkpt>
   <trkpt lat="51.0734060" lon="-0.5802110">
    <ele>62.3</ele>
    <time>2020-08-03T11:19:31Z</time>
   </trkpt>
   <trkpt lat="51.0734270" lon="-0.5803380">
    <ele>62.0</ele>
    <time>2020-08-03T11:19:32Z</time>
   </trkpt>
   <trkpt lat="51.0734610" lon="-0.5805940">
    <ele>61.5</ele>
    <time>2020-08-03T11:19:34Z</time>
   </trkpt>
   <trkpt lat="51.0734860" lon="-0.5807240">
    <ele>61.3</ele>
    <time>2020-08-03T11:19:35Z</time>
   </trkpt>
   <trkpt lat="51.0735290" lon="-0.5809870">
    <ele>60.9</ele>
    <time>2020-08-03T11:19:37Z</time>
   </trkpt>
   <trkpt lat="51.0735670" lon="-0.5812400">
    <ele>60.6</ele>
    <time>2020-08-03T11:19:39Z</time>
   </trkpt>
   <trkpt lat="51.0736060" lon="-0.5814960">
    <ele>60.4</ele>
    <time>2020-08-03T11:19:41Z</time>
   </trkpt>
   <trkpt lat="51.0736450" lon="-0.5817560">
    <ele>60.2</ele>
    <time>2020-08-03T11:19:43Z</time>
   </trkpt>
   <trkpt lat="51.0736870" lon="-0.5820130">
    <ele>60.0</ele>
    <time>2020-08-03T11:19:45Z</time>
   </trkpt>
   <trkpt lat="51.0737120" lon="-0.5821350">
    <ele>59.9</ele>
    <time>2020-08-03T11:19:46Z</time>
   </trkpt>
   <trkpt lat="51.0737580" lon="-0.5823880">
    <ele>59.7</ele>
    <time>2020-08-03T11:19:48Z</time>
   </trkpt>
   <trkpt lat="51.0737740" lon="-0.5825140">
    <ele>59.6</ele>
    <time>2020-08-03T11:19:49Z</time>
   </trkpt>
   <trkpt lat="51.0737890" lon="-0.5826370">
    <ele>59.5</ele>
    <time>2020-08-03T11:19:50Z</time>
   </trkpt>
   <trkpt lat="51.0738310" lon="-0.5828950">
    <ele>59.3</ele>
    <time>2020-08-03T11:19:52Z</time>
   </trkpt>
   <trkpt lat="51.0738880" lon="-0.5831410">
    <ele>59.1</ele>
    <time>2020-08-03T11:19:54Z</time>
   </trkpt>
   <trkpt lat="51.0739270" lon="-0.5833880">
    <ele>59.1</ele>
    <time>2020-08-03T11:19:56Z</time>
   </trkpt>
   <trkpt lat="51.0739600" lon="-0.5836310">
    <ele>58.9</ele>
    <time>2020-08-03T11:19:58Z</time>
   </trkpt>
   <trkpt lat="51.0739780" lon="-0.5837550">
    <ele>58.7</ele>
    <time>2020-08-03T11:19:59Z</time>
   </trkpt>
   <trkpt lat="51.0740090" lon="-0.5840210">
    <ele>58.2</ele>
    <time>2020-08-03T11:20:01Z</time>
   </trkpt>
   <trkpt lat="51.0740250" lon="-0.5841550">
    <ele>57.9</ele>
    <time>2020-08-03T11:20:02Z</time>
   </trkpt>
   <trkpt lat="51.0740430" lon="-0.5842850">
    <ele>57.7</ele>
    <time>2020-08-03T11:20:03Z</time>
   </trkpt>
   <trkpt lat="51.0740780" lon="-0.5845610">
    <ele>57.0</ele>
    <time>2020-08-03T11:20:05Z</time>
   </trkpt>
   <trkpt lat="51.0741020" lon="-0.5846990">
    <ele>56.7</ele>
    <time>2020-08-03T11:20:06Z</time>
   </trkpt>
   <trkpt lat="51.0741180" lon="-0.5849670">
    <ele>56.2</ele>
    <time>2020-08-03T11:20:08Z</time>
   </trkpt>
   <trkpt lat="51.0741100" lon="-0.5852390">
    <ele>55.7</ele>
    <time>2020-08-03T11:20:10Z</time>
   </trkpt>
   <trkpt lat="51.0741310" lon="-0.5855100">
    <ele>55.1</ele>
    <time>2020-08-03T11:20:12Z</time>
   </trkpt>
   <trkpt lat="51.0741520" lon="-0.5856470">
    <ele>54.8</ele>
    <time>2020-08-03T11:20:13Z</time>
   </trkpt>
   <trkpt lat="51.0741820" lon="-0.5859240">
    <ele>54.2</ele>
    <time>2020-08-03T11:20:15Z</time>
   </trkpt>
   <trkpt lat="51.0742090" lon="-0.5862200">
    <ele>53.6</ele>
    <time>2020-08-03T11:20:17Z</time>
   </trkpt>
   <trkpt lat="51.0742450" lon="-0.5865200">
    <ele>52.9</ele>
    <time>2020-08-03T11:20:19Z</time>
   </trkpt>
   <trkpt lat="51.0742830" lon="-0.5868410">
    <ele>52.0</ele>
    <time>2020-08-03T11:20:21Z</time>
   </trkpt>
   <trkpt lat="51.0742910" lon="-0.5869910">
    <ele>51.6</ele>
    <time>2020-08-03T11:20:22Z</time>
   </trkpt>
   <trkpt lat="51.0742920" lon="-0.5872910">
    <ele>50.7</ele>
    <time>2020-08-03T11:20:24Z</time>
   </trkpt>
   <trkpt lat="51.0743000" lon="-0.5875920">
    <ele>50.0</ele>
    <time>2020-08-03T11:20:26Z</time>
   </trkpt>
   <trkpt lat="51.0743140" lon="-0.5878870">
    <ele>49.4</ele>
    <time>2020-08-03T11:20:28Z</time>
   </trkpt>
   <trkpt lat="51.0743190" lon="-0.5881900">
    <ele>48.9</ele>
    <time>2020-08-03T11:20:30Z</time>
   </trkpt>
   <trkpt lat="51.0743230" lon="-0.5884910">
    <ele>48.4</ele>
    <time>2020-08-03T11:20:32Z</time>
   </trkpt>
   <trkpt lat="51.0743280" lon="-0.5887960">
    <ele>48.0</ele>
    <time>2020-08-03T11:20:34Z</time>
   </trkpt>
   <trkpt lat="51.0743460" lon="-0.5891010">
    <ele>47.3</ele>
    <time>2020-08-03T11:20:36Z</time>
   </trkpt>
   <trkpt lat="51.0743780" lon="-0.5892460">
    <ele>46.8</ele>
    <time>2020-08-03T11:20:37Z</time>
   </trkpt>
   <trkpt lat="51.0744590" lon="-0.5895110">
    <ele>46.2</ele>
    <time>2020-08-03T11:20:39Z</time>
   </trkpt>
   <trkpt lat="51.0745820" lon="-0.5897430">
    <ele>45.4</ele>
    <time>2020-08-03T11:20:41Z</time>
   </trkpt>
   <trkpt lat="51.0746570" lon="-0.5898520">
    <ele>44.8</ele>
    <time>2020-08-03T11:20:42Z</time>
   </trkpt>
   <trkpt lat="51.0748100" lon="-0.5900730">
    <ele>43.6</ele>
    <time>2020-08-03T11:20:44Z</time>
   </trkpt>
   <trkpt lat="51.0749530" lon="-0.5903160">
    <ele>42.6</ele>
    <time>2020-08-03T11:20:46Z</time>
   </trkpt>
   <trkpt lat="51.0750800" lon="-0.5905800">
    <ele>42.6</ele>
    <time>2020-08-03T11:20:48Z</time>
   </trkpt>
   <trkpt lat="51.0751370" lon="-0.5907120">
    <ele>42.9</ele>
    <time>2020-08-03T11:20:49Z</time>
   </trkpt>
   <trkpt lat="51.0752450" lon="-0.5909830">
    <ele>43.8</ele>
    <time>2020-08-03T11:20:51Z</time>
   </trkpt>
   <trkpt lat="51.0753380" lon="-0.5912340">
    <ele>44.9</ele>
    <time>2020-08-03T11:20:53Z</time>
   </trkpt>
   <trkpt lat="51.0754040" lon="-0.5914570">
    <ele>45.8</ele>
    <time>2020-08-03T11:20:55Z</time>
   </trkpt>
   <trkpt lat="51.0754600" lon="-0.5916490">
    <ele>46.3</ele>
    <time>2020-08-03T11:20:57Z</time>
   </trkpt>
   <trkpt lat="51.0755050" lon="-0.5918310">
    <ele>46.8</ele>
    <time>2020-08-03T11:20:59Z</time>
   </trkpt>
   <trkpt lat="51.0755610" lon="-0.5920440">
    <ele>47.3</ele>
    <time>2020-08-03T11:21:01Z</time>
   </trkpt>
   <trkpt lat="51.0755860" lon="-0.5921430">
    <ele>47.5</ele>
    <time>2020-08-03T11:21:02Z</time>
   </trkpt>
   <trkpt lat="51.0756050" lon="-0.5922410">
    <ele>47.7</ele>
    <time>2020-08-03T11:21:03Z</time>
   </trkpt>
   <trkpt lat="51.0756330" lon="-0.5924300">
    <ele>48.0</ele>
    <time>2020-08-03T11:21:05Z</time>
   </trkpt>
   <trkpt lat="51.0756580" lon="-0.5926210">
    <ele>48.2</ele>
    <time>2020-08-03T11:21:07Z</time>
   </trkpt>
   <trkpt lat="51.0756830" lon="-0.5928180">
    <ele>48.4</ele>
    <time>2020-08-03T11:21:09Z</time>
   </trkpt>
   <trkpt lat="51.0757120" lon="-0.5930060">
    <ele>48.5</ele>
    <time>2020-08-03T11:21:11Z</time>
   </trkpt>
   <trkpt lat="51.0757270" lon="-0.5931100">
    <ele>48.6</ele>
    <time>2020-08-03T11:21:12Z</time>
   </trkpt>
   <trkpt lat="51.0757400" lon="-0.5932130">
    <ele>48.6</ele>
    <time>2020-08-03T11:21:13Z</time>
   </trkpt>
   <trkpt lat="51.0757720" lon="-0.5934200">
    <ele>48.7</ele>
    <time>2020-08-03T11:21:15Z</time>
   </trkpt>
   <trkpt lat="51.0758100" lon="-0.5936190">
    <ele>48.9</ele>
    <time>2020-08-03T11:21:17Z</time>
   </trkpt>
   <trkpt lat="51.0758460" lon="-0.5938050">
    <ele>49.0</ele>
    <time>2020-08-03T11:21:19Z</time>
   </trkpt>
   <trkpt lat="51.0758790" lon="-0.5939860">
    <ele>49.2</ele>
    <time>2020-08-03T11:21:21Z</time>
   </trkpt>
   <trkpt lat="51.0759130" lon="-0.5941550">
    <ele>49.3</ele>
    <time>2020-08-03T11:21:23Z</time>
   </trkpt>
   <trkpt lat="51.0759310" lon="-0.5942420">
    <ele>49.4</ele>
    <time>2020-08-03T11:21:24Z</time>
   </trkpt>
   <trkpt lat="51.0759490" lon="-0.5943270">
    <ele>49.4</ele>
    <time>2020-08-03T11:21:25Z</time>
   </trkpt>
   <trkpt lat="51.0759610" lon="-0.5944150">
    <ele>49.5</ele>
    <time>2020-08-03T11:21:26Z</time>
   </trkpt>
   <trkpt lat="51.0759760" lon="-0.5945010">
    <ele>49.6</ele>
    <time>2020-08-03T11:21:27Z</time>
   </trkpt>
   <trkpt lat="51.0760100" lon="-0.5946590">
    <ele>49.7</ele>
    <time>2020-08-03T11:21:29Z</time>
   </trkpt>
   <trkpt lat="51.0760270" lon="-0.5947410">
    <ele>49.8</ele>
    <time>2020-08-03T11:21:30Z</time>
   </trkpt>
   <trkpt lat="51.0760410" lon="-0.5948350">
    <ele>49.8</ele>
    <time>2020-08-03T11:21:31Z</time>
   </trkpt>
   <trkpt lat="51.0760640" lon="-0.5949890">
    <ele>49.9</ele>
    <time>2020-08-03T11:21:33Z</time>
   </trkpt>
   <trkpt lat="51.0760820" lon="-0.5951270">
    <ele>50.0</ele>
    <time>2020-08-03T11:21:35Z</time>
   </trkpt>
   <trkpt lat="51.0760940" lon="-0.5952000">
    <ele>50.0</ele>
    <time>2020-08-03T11:21:36Z</time>
   </trkpt>
   <trkpt lat="51.0761220" lon="-0.5953580">
    <ele>50.0</ele>
    <time>2020-08-03T11:21:38Z</time>
   </trkpt>
   <trkpt lat="51.0761360" lon="-0.5954370">
    <ele>50.0</ele>
    <time>2020-08-03T11:21:39Z</time>
   </trkpt>
   <trkpt lat="51.0761550" lon="-0.5956130">
    <ele>50.1</ele>
    <time>2020-08-03T11:21:41Z</time>
   </trkpt>
   <trkpt lat="51.0761670" lon="-0.5957020">
    <ele>50.1</ele>
    <time>2020-08-03T11:21:42Z</time>
   </trkpt>
   <trkpt lat="51.0761820" lon="-0.5957860">
    <ele>50.2</ele>
    <time>2020-08-03T11:21:43Z</time>
   </trkpt>
   <trkpt lat="51.0762010" lon="-0.5959620">
    <ele>50.1</ele>
    <time>2020-08-03T11:21:45Z</time>
   </trkpt>
   <trkpt lat="51.0762140" lon="-0.5961390">
    <ele>49.8</ele>
    <time>2020-08-03T11:21:47Z</time>
   </trkpt>
   <trkpt lat="51.0762190" lon="-0.5962200">
    <ele>49.7</ele>
    <time>2020-08-03T11:21:48Z</time>
   </trkpt>
   <trkpt lat="51.0762270" lon="-0.5963090">
    <ele>49.6</ele>
    <time>2020-08-03T11:21:49Z</time>
   </trkpt>
   <trkpt lat="51.0762510" lon="-0.5965000">
    <ele>49.5</ele>
    <time>2020-08-03T11:21:51Z</time>
   </trkpt>
   <trkpt lat="51.0762730" lon="-0.5966940">
    <ele>49.4</ele>
    <time>2020-08-03T11:21:53Z</time>
   </trkpt>
   <trkpt lat="51.0762870" lon="-0.5967910">
    <ele>49.3</ele>
    <time>2020-08-03T11:21:54Z</time>
   </trkpt>
   <trkpt lat="51.0763020" lon="-0.5968950">
    <ele>49.3</ele>
    <time>2020-08-03T11:21:55Z</time>
   </trkpt>
   <trkpt lat="51.0763210" lon="-0.5971000">
    <ele>49.3</ele>
    <time>2020-08-03T11:21:57Z</time>
   </trkpt>
   <trkpt lat="51.0763320" lon="-0.5972110">
    <ele>49.3</ele>
    <time>2020-08-03T11:21:58Z</time>
   </trkpt>
   <trkpt lat="51.0763440" lon="-0.5973150">
    <ele>49.3</ele>
    <time>2020-08-03T11:21:59Z</time>
   </trkpt>
   <trkpt lat="51.0763740" lon="-0.5975240">
    <ele>49.3</ele>
    <time>2020-08-03T11:22:01Z</time>
   </trkpt>
   <trkpt lat="51.0763950" lon="-0.5977120">
    <ele>49.2</ele>
    <time>2020-08-03T11:22:03Z</time>
   </trkpt>
   <trkpt lat="51.0764140" lon="-0.5979190">
    <ele>49.1</ele>
    <time>2020-08-03T11:22:05Z</time>
   </trkpt>
   <trkpt lat="51.0764280" lon="-0.5981290">
    <ele>49.1</ele>
    <time>2020-08-03T11:22:07Z</time>
   </trkpt>
   <trkpt lat="51.0764380" lon="-0.5983270">
    <ele>49.1</ele>
    <time>2020-08-03T11:22:09Z</time>
   </trkpt>
   <trkpt lat="51.0764380" lon="-0.5985330">
    <ele>49.1</ele>
    <time>2020-08-03T11:22:11Z</time>
   </trkpt>
   <trkpt lat="51.0764480" lon="-0.5987140">
    <ele>49.1</ele>
    <time>2020-08-03T11:22:13Z</time>
   </trkpt>
   <trkpt lat="51.0764520" lon="-0.5989120">
    <ele>49.2</ele>
    <time>2020-08-03T11:22:15Z</time>
   </trkpt>
   <trkpt lat="51.0764440" lon="-0.5990940">
    <ele>49.3</ele>
    <time>2020-08-03T11:22:17Z</time>
   </trkpt>
   <trkpt lat="51.0764500" lon="-0.5991940">
    <ele>49.4</ele>
    <time>2020-08-03T11:22:18Z</time>
   </trkpt>
   <trkpt lat="51.0764500" lon="-0.5992930">
    <ele>49.4</ele>
    <time>2020-08-03T11:22:19Z</time>
   </trkpt>
   <trkpt lat="51.0764640" lon="-0.5994970">
    <ele>49.3</ele>
    <time>2020-08-03T11:22:21Z</time>
   </trkpt>
   <trkpt lat="51.0764860" lon="-0.5997000">
    <ele>49.4</ele>
    <time>2020-08-03T11:22:23Z</time>
   </trkpt>
   <trkpt lat="51.0764980" lon="-0.5998960">
    <ele>49.5</ele>
    <time>2020-08-03T11:22:25Z</time>
   </trkpt>
   <trkpt lat="51.0765050" lon="-0.6000010">
    <ele>49.7</ele>
    <time>2020-08-03T11:22:26Z</time>
   </trkpt>
   <trkpt lat="51.0765180" lon="-0.6001960">
    <ele>50.1</ele>
    <time>2020-08-03T11:22:28Z</time>
   </trkpt>
   <trkpt lat="51.0765280" lon="-0.6002890">
    <ele>50.3</ele>
    <time>2020-08-03T11:22:29Z</time>
   </trkpt>
   <trkpt lat="51.0765310" lon="-0.6004770">
    <ele>50.8</ele>
    <time>2020-08-03T11:22:31Z</time>
   </trkpt>
   <trkpt lat="51.0765240" lon="-0.6006500">
    <ele>51.3</ele>
    <time>2020-08-03T11:22:33Z</time>
   </trkpt>
   <trkpt lat="51.0765250" lon="-0.6008110">
    <ele>51.8</ele>
    <time>2020-08-03T11:22:35Z</time>
   </trkpt>
   <trkpt lat="51.0765250" lon="-0.6009360">
    <ele>52.2</ele>
    <time>2020-08-03T11:22:37Z</time>
   </trkpt>
   <trkpt lat="51.0765280" lon="-0.6010220">
    <ele>52.4</ele>
    <time>2020-08-03T11:22:38Z</time>
   </trkpt>
   <trkpt lat="51.0765460" lon="-0.6011910">
    <ele>53.0</ele>
    <time>2020-08-03T11:22:40Z</time>
   </trkpt>
   <trkpt lat="51.0765440" lon="-0.6013310">
    <ele>53.4</ele>
    <time>2020-08-03T11:22:42Z</time>
   </trkpt>
   <trkpt lat="51.0765360" lon="-0.6014020">
    <ele>53.6</ele>
    <time>2020-08-03T11:22:43Z</time>
   </trkpt>
   <trkpt lat="51.0765250" lon="-0.6014760">
    <ele>53.9</ele>
    <time>2020-08-03T11:22:44Z</time>
   </trkpt>
   <trkpt lat="51.0765190" lon="-0.6015350">
    <ele>54.0</ele>
    <time>2020-08-03T11:22:45Z</time>
   </trkpt>
   <trkpt lat="51.0765250" lon="-0.6016810">
    <ele>54.4</ele>
    <time>2020-08-03T11:22:47Z</time>
   </trkpt>
   <trkpt lat="51.0765310" lon="-0.6018430">
    <ele>54.8</ele>
    <time>2020-08-03T11:22:49Z</time>
   </trkpt>
   <trkpt lat="51.0765360" lon="-0.6019200">
    <ele>55.0</ele>
    <time>2020-08-03T11:22:50Z</time>
   </trkpt>
   <trkpt lat="51.0765960" lon="-0.6020020">
    <ele>55.2</ele>
    <time>2020-08-03T11:22:51Z</time>
   </trkpt>
   <trkpt lat="51.0765770" lon="-0.6021260">
    <ele>55.5</ele>
    <time>2020-08-03T11:22:53Z</time>
   </trkpt>
   <trkpt lat="51.0765650" lon="-0.6022750">
    <ele>55.7</ele>
    <time>2020-08-03T11:22:55Z</time>
   </trkpt>
   <trkpt lat="51.0765650" lon="-0.6023620">
    <ele>55.9</ele>
    <time>2020-08-03T11:22:56Z</time>
   </trkpt>
   <trkpt lat="51.0765670" lon="-0.6024470">
    <ele>56.1</ele>
    <time>2020-08-03T11:22:57Z</time>
   </trkpt>
   <trkpt lat="51.0765720" lon="-0.6025250">
    <ele>56.2</ele>
    <time>2020-08-03T11:22:58Z</time>
   </trkpt>
   <trkpt lat="51.0765760" lon="-0.6026020">
    <ele>56.4</ele>
    <time>2020-08-03T11:22:59Z</time>
   </trkpt>
   <trkpt lat="51.0765760" lon="-0.6026790">
    <ele>56.5</ele>
    <time>2020-08-03T11:23:00Z</time>
   </trkpt>
   <trkpt lat="51.0765790" lon="-0.6028120">
    <ele>56.9</ele>
    <time>2020-08-03T11:23:02Z</time>
   </trkpt>
   <trkpt lat="51.0765760" lon="-0.6028920">
    <ele>57.2</ele>
    <time>2020-08-03T11:23:03Z</time>
   </trkpt>
   <trkpt lat="51.0765710" lon="-0.6029860">
    <ele>57.5</ele>
    <time>2020-08-03T11:23:04Z</time>
   </trkpt>
   <trkpt lat="51.0765610" lon="-0.6031540">
    <ele>58.1</ele>
    <time>2020-08-03T11:23:06Z</time>
   </trkpt>
   <trkpt lat="51.0765670" lon="-0.6032320">
    <ele>58.4</ele>
    <time>2020-08-03T11:23:07Z</time>
   </trkpt>
   <trkpt lat="51.0765680" lon="-0.6033080">
    <ele>58.8</ele>
    <time>2020-08-03T11:23:08Z</time>
   </trkpt>
   <trkpt lat="51.0765700" lon="-0.6033800">
    <ele>59.1</ele>
    <time>2020-08-03T11:23:09Z</time>
   </trkpt>
   <trkpt lat="51.0765660" lon="-0.6034160">
    <ele>59.3</ele>
    <time>2020-08-03T11:23:10Z</time>
   </trkpt>
   <trkpt lat="51.0765700" lon="-0.6034880">
    <ele>59.7</ele>
    <time>2020-08-03T11:23:12Z</time>
   </trkpt>
   <trkpt lat="51.0765730" lon="-0.6036010">
    <ele>60.4</ele>
    <time>2020-08-03T11:23:13Z</time>
   </trkpt>
   <trkpt lat="51.0765750" lon="-0.6036820">
    <ele>60.9</ele>
    <time>2020-08-03T11:23:14Z</time>
   </trkpt>
   <trkpt lat="51.0765810" lon="-0.6037530">
    <ele>61.4</ele>
    <time>2020-08-03T11:23:15Z</time>
   </trkpt>
   <trkpt lat="51.0765810" lon="-0.6038350">
    <ele>61.9</ele>
    <time>2020-08-03T11:23:17Z</time>
   </trkpt>
   <trkpt lat="51.0765770" lon="-0.6039060">
    <ele>62.3</ele>
    <time>2020-08-03T11:23:18Z</time>
   </trkpt>
   <trkpt lat="51.0765720" lon="-0.6039820">
    <ele>62.6</ele>
    <time>2020-08-03T11:23:19Z</time>
   </trkpt>
   <trkpt lat="51.0765740" lon="-0.6040460">
    <ele>62.9</ele>
    <time>2020-08-03T11:23:20Z</time>
   </trkpt>
   <trkpt lat="51.0765730" lon="-0.6041440">
    <ele>63.2</ele>
    <time>2020-08-03T11:23:22Z</time>
   </trkpt>
   <trkpt lat="51.0765700" lon="-0.6041810">
    <ele>63.3</ele>
    <time>2020-08-03T11:23:23Z</time>
   </trkpt>
   <trkpt lat="51.0765590" lon="-0.6042840">
    <ele>63.6</ele>
    <time>2020-08-03T11:23:25Z</time>
   </trkpt>
   <trkpt lat="51.0765490" lon="-0.6043980">
    <ele>63.7</ele>
    <time>2020-08-03T11:23:27Z</time>
   </trkpt>
   <trkpt lat="51.0765470" lon="-0.6044500">
    <ele>63.8</ele>
    <time>2020-08-03T11:23:28Z</time>
   </trkpt>
   <trkpt lat="51.0765460" lon="-0.6044670">
    <ele>63.8</ele>
    <time>2020-08-03T11:23:29Z</time>
   </trkpt>
   <trkpt lat="51.0765470" lon="-0.6045630">
    <ele>63.9</ele>
    <time>2020-08-03T11:23:31Z</time>
   </trkpt>
   <trkpt lat="51.0765460" lon="-0.6046200">
    <ele>63.9</ele>
    <time>2020-08-03T11:23:33Z</time>
   </trkpt>
   <trkpt lat="51.0765530" lon="-0.6047350">
    <ele>63.8</ele>
    <time>2020-08-03T11:23:35Z</time>
   </trkpt>
   <trkpt lat="51.0765720" lon="-0.6048250">
    <ele>63.6</ele>
    <time>2020-08-03T11:23:37Z</time>
   </trkpt>
   <trkpt lat="51.0765870" lon="-0.6049120">
    <ele>63.3</ele>
    <time>2020-08-03T11:23:38Z</time>
   </trkpt>
   <trkpt lat="51.0765990" lon="-0.6050070">
    <ele>63.0</ele>
    <time>2020-08-03T11:23:39Z</time>
   </trkpt>
   <trkpt lat="51.0766090" lon="-0.6050850">
    <ele>62.6</ele>
    <time>2020-08-03T11:23:40Z</time>
   </trkpt>
   <trkpt lat="51.0766130" lon="-0.6051640">
    <ele>62.2</ele>
    <time>2020-08-03T11:23:41Z</time>
   </trkpt>
   <trkpt lat="51.0766450" lon="-0.6053460">
    <ele>61.4</ele>
    <time>2020-08-03T11:23:43Z</time>
   </trkpt>
   <trkpt lat="51.0766920" lon="-0.6055540">
    <ele>60.4</ele>
    <time>2020-08-03T11:23:45Z</time>
   </trkpt>
   <trkpt lat="51.0767200" lon="-0.6056600">
    <ele>60.0</ele>
    <time>2020-08-03T11:23:46Z</time>
   </trkpt>
   <trkpt lat="51.0767480" lon="-0.6057670">
    <ele>59.6</ele>
    <time>2020-08-03T11:23:47Z</time>
   </trkpt>
   <trkpt lat="51.0768060" lon="-0.6059940">
    <ele>58.9</ele>
    <time>2020-08-03T11:23:49Z</time>
   </trkpt>
   <trkpt lat="51.0768330" lon="-0.6061130">
    <ele>58.6</ele>
    <time>2020-08-03T11:23:50Z</time>
   </trkpt>
   <trkpt lat="51.0768550" lon="-0.6062330">
    <ele>58.2</ele>
    <time>2020-08-03T11:23:51Z</time>
   </trkpt>
   <trkpt lat="51.0768930" lon="-0.6064730">
    <ele>57.6</ele>
    <time>2020-08-03T11:23:53Z</time>
   </trkpt>
   <trkpt lat="51.0769380" lon="-0.6067080">
    <ele>57.1</ele>
    <time>2020-08-03T11:23:55Z</time>
   </trkpt>
   <trkpt lat="51.0769830" lon="-0.6069360">
    <ele>56.5</ele>
    <time>2020-08-03T11:23:57Z</time>
   </trkpt>
   <trkpt lat="51.0770040" lon="-0.6070520">
    <ele>56.2</ele>
    <time>2020-08-03T11:23:58Z</time>
   </trkpt>
   <trkpt lat="51.0770350" lon="-0.6072910">
    <ele>55.5</ele>
    <time>2020-08-03T11:24:00Z</time>
   </trkpt>
   <trkpt lat="51.0770450" lon="-0.6074150">
    <ele>55.1</ele>
    <time>2020-08-03T11:24:01Z</time>
   </trkpt>
   <trkpt lat="51.0770630" lon="-0.6075460">
    <ele>54.8</ele>
    <time>2020-08-03T11:24:02Z</time>
   </trkpt>
   <trkpt lat="51.0770820" lon="-0.6076790">
    <ele>54.5</ele>
    <time>2020-08-03T11:24:03Z</time>
   </trkpt>
   <trkpt lat="51.0771160" lon="-0.6079500">
    <ele>54.2</ele>
    <time>2020-08-03T11:24:05Z</time>
   </trkpt>
   <trkpt lat="51.0771280" lon="-0.6080920">
    <ele>54.0</ele>
    <time>2020-08-03T11:24:06Z</time>
   </trkpt>
   <trkpt lat="51.0771590" lon="-0.6083590">
    <ele>53.9</ele>
    <time>2020-08-03T11:24:08Z</time>
   </trkpt>
   <trkpt lat="51.0771730" lon="-0.6084920">
    <ele>53.9</ele>
    <time>2020-08-03T11:24:09Z</time>
   </trkpt>
   <trkpt lat="51.0771930" lon="-0.6087580">
    <ele>54.0</ele>
    <time>2020-08-03T11:24:11Z</time>
   </trkpt>
   <trkpt lat="51.0772100" lon="-0.6088910">
    <ele>54.0</ele>
    <time>2020-08-03T11:24:12Z</time>
   </trkpt>
   <trkpt lat="51.0772260" lon="-0.6090170">
    <ele>53.9</ele>
    <time>2020-08-03T11:24:13Z</time>
   </trkpt>
   <trkpt lat="51.0772280" lon="-0.6091350">
    <ele>53.8</ele>
    <time>2020-08-03T11:24:14Z</time>
   </trkpt>
   <trkpt lat="51.0772380" lon="-0.6092580">
    <ele>53.7</ele>
    <time>2020-08-03T11:24:15Z</time>
   </trkpt>
   <trkpt lat="51.0772640" lon="-0.6095020">
    <ele>53.6</ele>
    <time>2020-08-03T11:24:17Z</time>
   </trkpt>
   <trkpt lat="51.0773010" lon="-0.6097440">
    <ele>53.4</ele>
    <time>2020-08-03T11:24:19Z</time>
   </trkpt>
   <trkpt lat="51.0773330" lon="-0.6099700">
    <ele>53.3</ele>
    <time>2020-08-03T11:24:21Z</time>
   </trkpt>
   <trkpt lat="51.0773640" lon="-0.6102110">
    <ele>53.3</ele>
    <time>2020-08-03T11:24:23Z</time>
   </trkpt>
   <trkpt lat="51.0774070" lon="-0.6104270">
    <ele>53.2</ele>
    <time>2020-08-03T11:24:25Z</time>
   </trkpt>
   <trkpt lat="51.0774260" lon="-0.6105430">
    <ele>53.2</ele>
    <time>2020-08-03T11:24:26Z</time>
   </trkpt>
   <trkpt lat="51.0774570" lon="-0.6107700">
    <ele>53.3</ele>
    <time>2020-08-03T11:24:28Z</time>
   </trkpt>
   <trkpt lat="51.0774740" lon="-0.6108810">
    <ele>53.3</ele>
    <time>2020-08-03T11:24:29Z</time>
   </trkpt>
   <trkpt lat="51.0774930" lon="-0.6109910">
    <ele>53.3</ele>
    <time>2020-08-03T11:24:30Z</time>
   </trkpt>
   <trkpt lat="51.0775090" lon="-0.6110990">
    <ele>53.3</ele>
    <time>2020-08-03T11:24:31Z</time>
   </trkpt>
   <trkpt lat="51.0775410" lon="-0.6113100">
    <ele>53.5</ele>
    <time>2020-08-03T11:24:33Z</time>
   </trkpt>
   <trkpt lat="51.0775770" lon="-0.6115240">
    <ele>53.7</ele>
    <time>2020-08-03T11:24:35Z</time>
   </trkpt>
   <trkpt lat="51.0776100" lon="-0.6117330">
    <ele>53.9</ele>
    <time>2020-08-03T11:24:37Z</time>
   </trkpt>
   <trkpt lat="51.0776260" lon="-0.6118290">
    <ele>54.0</ele>
    <time>2020-08-03T11:24:38Z</time>
   </trkpt>
   <trkpt lat="51.0776440" lon="-0.6119310">
    <ele>54.2</ele>
    <time>2020-08-03T11:24:39Z</time>
   </trkpt>
   <trkpt lat="51.0776620" lon="-0.6120320">
    <ele>54.3</ele>
    <time>2020-08-03T11:24:40Z</time>
   </trkpt>
   <trkpt lat="51.0776890" lon="-0.6122390">
    <ele>54.7</ele>
    <time>2020-08-03T11:24:42Z</time>
   </trkpt>
   <trkpt lat="51.0777050" lon="-0.6123340">
    <ele>54.9</ele>
    <time>2020-08-03T11:24:43Z</time>
   </trkpt>
   <trkpt lat="51.0777360" lon="-0.6125280">
    <ele>55.3</ele>
    <time>2020-08-03T11:24:45Z</time>
   </trkpt>
   <trkpt lat="51.0777700" lon="-0.6127090">
    <ele>55.8</ele>
    <time>2020-08-03T11:24:47Z</time>
   </trkpt>
   <trkpt lat="51.0777890" lon="-0.6128860">
    <ele>56.4</ele>
    <time>2020-08-03T11:24:49Z</time>
   </trkpt>
   <trkpt lat="51.0778180" lon="-0.6130620">
    <ele>57.1</ele>
    <time>2020-08-03T11:24:51Z</time>
   </trkpt>
   <trkpt lat="51.0778320" lon="-0.6131420">
    <ele>57.5</ele>
    <time>2020-08-03T11:24:52Z</time>
   </trkpt>
   <trkpt lat="51.0778560" lon="-0.6132890">
    <ele>58.1</ele>
    <time>2020-08-03T11:24:54Z</time>
   </trkpt>
   <trkpt lat="51.0778670" lon="-0.6133550">
    <ele>58.4</ele>
    <time>2020-08-03T11:24:55Z</time>
   </trkpt>
   <trkpt lat="51.0778790" lon="-0.6133940">
    <ele>58.6</ele>
    <time>2020-08-03T11:24:56Z</time>
   </trkpt>
   <trkpt lat="51.0778950" lon="-0.6135150">
    <ele>59.2</ele>
    <time>2020-08-03T11:24:58Z</time>
   </trkpt>
   <trkpt lat="51.0779160" lon="-0.6136550">
    <ele>59.8</ele>
    <time>2020-08-03T11:25:00Z</time>
   </trkpt>
   <trkpt lat="51.0779260" lon="-0.6137080">
    <ele>60.0</ele>
    <time>2020-08-03T11:25:01Z</time>
   </trkpt>
   <trkpt lat="51.0779450" lon="-0.6137880">
    <ele>60.3</ele>
    <time>2020-08-03T11:25:02Z</time>
   </trkpt>
   <trkpt lat="51.0779250" lon="-0.6138200">
    <ele>60.5</ele>
    <time>2020-08-03T11:25:04Z</time>
   </trkpt>
   <trkpt lat="51.0779430" lon="-0.6138830">
    <ele>60.6</ele>
    <time>2020-08-03T11:25:05Z</time>
   </trkpt>
   <trkpt lat="51.0779730" lon="-0.6139800">
    <ele>60.8</ele>
    <time>2020-08-03T11:25:07Z</time>
   </trkpt>
   <trkpt lat="51.0779920" lon="-0.6140900">
    <ele>60.8</ele>
    <time>2020-08-03T11:25:08Z</time>
   </trkpt>
   <trkpt lat="51.0780080" lon="-0.6142930">
    <ele>60.5</ele>
    <time>2020-08-03T11:25:10Z</time>
   </trkpt>
   <trkpt lat="51.0780250" lon="-0.6143990">
    <ele>60.2</ele>
    <time>2020-08-03T11:25:11Z</time>
   </trkpt>
   <trkpt lat="51.0780660" lon="-0.6145950">
    <ele>59.6</ele>
    <time>2020-08-03T11:25:13Z</time>
   </trkpt>
   <trkpt lat="51.0780960" lon="-0.6146830">
    <ele>59.3</ele>
    <time>2020-08-03T11:25:14Z</time>
   </trkpt>
   <trkpt lat="51.0781300" lon="-0.6147720">
    <ele>59.0</ele>
    <time>2020-08-03T11:25:15Z</time>
   </trkpt>
   <trkpt lat="51.0782020" lon="-0.6149660">
    <ele>58.2</ele>
    <time>2020-08-03T11:25:17Z</time>
   </trkpt>
   <trkpt lat="51.0782310" lon="-0.6150560">
    <ele>57.8</ele>
    <time>2020-08-03T11:25:18Z</time>
   </trkpt>
   <trkpt lat="51.0783010" lon="-0.6152540">
    <ele>56.8</ele>
    <time>2020-08-03T11:25:20Z</time>
   </trkpt>
   <trkpt lat="51.0783560" lon="-0.6154410">
    <ele>55.7</ele>
    <time>2020-08-03T11:25:22Z</time>
   </trkpt>
   <trkpt lat="51.0783970" lon="-0.6155500">
    <ele>55.1</ele>
    <time>2020-08-03T11:25:23Z</time>
   </trkpt>
   <trkpt lat="51.0784850" lon="-0.6157910">
    <ele>54.1</ele>
    <time>2020-08-03T11:25:25Z</time>
   </trkpt>
   <trkpt lat="51.0785310" lon="-0.6158980">
    <ele>53.7</ele>
    <time>2020-08-03T11:25:26Z</time>
   </trkpt>
   <trkpt lat="51.0786470" lon="-0.6160910">
    <ele>53.2</ele>
    <time>2020-08-03T11:25:28Z</time>
   </trkpt>
   <trkpt lat="51.0787080" lon="-0.6161850">
    <ele>53.0</ele>
    <time>2020-08-03T11:25:29Z</time>
   </trkpt>
   <trkpt lat="51.0787660" lon="-0.6162790">
    <ele>52.8</ele>
    <time>2020-08-03T11:25:30Z</time>
   </trkpt>
   <trkpt lat="51.0788710" lon="-0.6164750">
    <ele>52.6</ele>
    <time>2020-08-03T11:25:32Z</time>
   </trkpt>
   <trkpt lat="51.0789120" lon="-0.6167340">
    <ele>52.4</ele>
    <time>2020-08-03T11:25:34Z</time>
   </trkpt>
   <trkpt lat="51.0789040" lon="-0.6168650">
    <ele>52.2</ele>
    <time>2020-08-03T11:25:35Z</time>
   </trkpt>
   <trkpt lat="51.0788560" lon="-0.6171050">
    <ele>52.0</ele>
    <time>2020-08-03T11:25:37Z</time>
   </trkpt>
   <trkpt lat="51.0787940" lon="-0.6173310">
    <ele>51.8</ele>
    <time>2020-08-03T11:25:39Z</time>
   </trkpt>
   <trkpt lat="51.0787490" lon="-0.6175630">
    <ele>51.8</ele>
    <time>2020-08-03T11:25:41Z</time>
   </trkpt>
   <trkpt lat="51.0787270" lon="-0.6176820">
    <ele>51.9</ele>
    <time>2020-08-03T11:25:42Z</time>
   </trkpt>
   <trkpt lat="51.0786810" lon="-0.6179080">
    <ele>52.2</ele>
    <time>2020-08-03T11:25:44Z</time>
   </trkpt>
   <trkpt lat="51.0786380" lon="-0.6181280">
    <ele>52.6</ele>
    <time>2020-08-03T11:25:46Z</time>
   </trkpt>
   <trkpt lat="51.0786170" lon="-0.6183430">
    <ele>53.1</ele>
    <time>2020-08-03T11:25:48Z</time>
   </trkpt>
   <trkpt lat="51.0786130" lon="-0.6184530">
    <ele>53.3</ele>
    <time>2020-08-03T11:25:49Z</time>
   </trkpt>
   <trkpt lat="51.0786150" lon="-0.6186620">
    <ele>53.7</ele>
    <time>2020-08-03T11:25:51Z</time>
   </trkpt>
   <trkpt lat="51.0786060" lon="-0.6187600">
    <ele>53.8</ele>
    <time>2020-08-03T11:25:52Z</time>
   </trkpt>
   <trkpt lat="51.0785920" lon="-0.6189440">
    <ele>54.0</ele>
    <time>2020-08-03T11:25:54Z</time>
   </trkpt>
   <trkpt lat="51.0785940" lon="-0.6190390">
    <ele>54.1</ele>
    <time>2020-08-03T11:25:55Z</time>
   </trkpt>
   <trkpt lat="51.0785970" lon="-0.6191390">
    <ele>54.2</ele>
    <time>2020-08-03T11:25:56Z</time>
   </trkpt>
   <trkpt lat="51.0785960" lon="-0.6193280">
    <ele>54.4</ele>
    <time>2020-08-03T11:25:58Z</time>
   </trkpt>
   <trkpt lat="51.0785930" lon="-0.6195080">
    <ele>54.4</ele>
    <time>2020-08-03T11:26:00Z</time>
   </trkpt>
   <trkpt lat="51.0785930" lon="-0.6195950">
    <ele>54.3</ele>
    <time>2020-08-03T11:26:01Z</time>
   </trkpt>
   <trkpt lat="51.0785970" lon="-0.6196840">
    <ele>54.2</ele>
    <time>2020-08-03T11:26:02Z</time>
   </trkpt>
   <trkpt lat="51.0786010" lon="-0.6197760">
    <ele>54.0</ele>
    <time>2020-08-03T11:26:03Z</time>
   </trkpt>
   <trkpt lat="51.0786030" lon="-0.6198780">
    <ele>53.8</ele>
    <time>2020-08-03T11:26:04Z</time>
   </trkpt>
   <trkpt lat="51.0786070" lon="-0.6200960">
    <ele>53.4</ele>
    <time>2020-08-03T11:26:06Z</time>
   </trkpt>
   <trkpt lat="51.0785930" lon="-0.6203330">
    <ele>53.4</ele>
    <time>2020-08-03T11:26:08Z</time>
   </trkpt>
   <trkpt lat="51.0786030" lon="-0.6205760">
    <ele>53.6</ele>
    <time>2020-08-03T11:26:10Z</time>
   </trkpt>
   <trkpt lat="51.0786140" lon="-0.6208100">
    <ele>54.0</ele>
    <time>2020-08-03T11:26:12Z</time>
   </trkpt>
   <trkpt lat="51.0786320" lon="-0.6210240">
    <ele>54.4</ele>
    <time>2020-08-03T11:26:14Z</time>
   </trkpt>
   <trkpt lat="51.0786370" lon="-0.6211280">
    <ele>54.6</ele>
    <time>2020-08-03T11:26:15Z</time>
   </trkpt>
   <trkpt lat="51.0786540" lon="-0.6213420">
    <ele>55.3</ele>
    <time>2020-08-03T11:26:17Z</time>
   </trkpt>
   <trkpt lat="51.0786870" lon="-0.6215540">
    <ele>56.2</ele>
    <time>2020-08-03T11:26:19Z</time>
   </trkpt>
   <trkpt lat="51.0786990" lon="-0.6216510">
    <ele>56.7</ele>
    <time>2020-08-03T11:26:20Z</time>
   </trkpt>
   <trkpt lat="51.0787310" lon="-0.6218330">
    <ele>57.9</ele>
    <time>2020-08-03T11:26:22Z</time>
   </trkpt>
   <trkpt lat="51.0787510" lon="-0.6220150">
    <ele>59.0</ele>
    <time>2020-08-03T11:26:24Z</time>
   </trkpt>
   <trkpt lat="51.0787660" lon="-0.6221690">
    <ele>59.9</ele>
    <time>2020-08-03T11:26:26Z</time>
   </trkpt>
   <trkpt lat="51.0787930" lon="-0.6223030">
    <ele>60.7</ele>
    <time>2020-08-03T11:26:28Z</time>
   </trkpt>
   <trkpt lat="51.0788090" lon="-0.6224190">
    <ele>61.5</ele>
    <time>2020-08-03T11:26:30Z</time>
   </trkpt>
   <trkpt lat="51.0788250" lon="-0.6225500">
    <ele>62.3</ele>
    <time>2020-08-03T11:26:32Z</time>
   </trkpt>
   <trkpt lat="51.0788240" lon="-0.6226540">
    <ele>63.0</ele>
    <time>2020-08-03T11:26:34Z</time>
   </trkpt>
   <trkpt lat="51.0788330" lon="-0.6227120">
    <ele>63.3</ele>
    <time>2020-08-03T11:26:35Z</time>
   </trkpt>
   <trkpt lat="51.0788600" lon="-0.6228350">
    <ele>64.0</ele>
    <time>2020-08-03T11:26:37Z</time>
   </trkpt>
   <trkpt lat="51.0788620" lon="-0.6229280">
    <ele>64.5</ele>
    <time>2020-08-03T11:26:39Z</time>
   </trkpt>
   <trkpt lat="51.0788770" lon="-0.6229960">
    <ele>64.9</ele>
    <time>2020-08-03T11:26:40Z</time>
   </trkpt>
   <trkpt lat="51.0788870" lon="-0.6230760">
    <ele>65.3</ele>
    <time>2020-08-03T11:26:41Z</time>
   </trkpt>
   <trkpt lat="51.0789000" lon="-0.6231630">
    <ele>65.7</ele>
    <time>2020-08-03T11:26:42Z</time>
   </trkpt>
   <trkpt lat="51.0789110" lon="-0.6232330">
    <ele>66.0</ele>
    <time>2020-08-03T11:26:43Z</time>
   </trkpt>
   <trkpt lat="51.0789350" lon="-0.6233450">
    <ele>66.4</ele>
    <time>2020-08-03T11:26:45Z</time>
   </trkpt>
   <trkpt lat="51.0789520" lon="-0.6233980">
    <ele>66.5</ele>
    <time>2020-08-03T11:26:46Z</time>
   </trkpt>
   <trkpt lat="51.0789840" lon="-0.6234590">
    <ele>66.7</ele>
    <time>2020-08-03T11:26:47Z</time>
   </trkpt>
   <trkpt lat="51.0790270" lon="-0.6235080">
    <ele>66.8</ele>
    <time>2020-08-03T11:26:49Z</time>
   </trkpt>
   <trkpt lat="51.0790910" lon="-0.6235510">
    <ele>67.0</ele>
    <time>2020-08-03T11:26:51Z</time>
   </trkpt>
   <trkpt lat="51.0791490" lon="-0.6235720">
    <ele>67.1</ele>
    <time>2020-08-03T11:26:52Z</time>
   </trkpt>
   <trkpt lat="51.0792160" lon="-0.6235930">
    <ele>67.2</ele>
    <time>2020-08-03T11:26:54Z</time>
   </trkpt>
   <trkpt lat="51.0792610" lon="-0.6236000">
    <ele>67.2</ele>
    <time>2020-08-03T11:26:55Z</time>
   </trkpt>
   <trkpt lat="51.0793010" lon="-0.6236020">
    <ele>67.3</ele>
    <time>2020-08-03T11:26:56Z</time>
   </trkpt>
   <trkpt lat="51.0793530" lon="-0.6236000">
    <ele>67.3</ele>
    <time>2020-08-03T11:26:57Z</time>
   </trkpt>
   <trkpt lat="51.0794210" lon="-0.6235990">
    <ele>67.4</ele>
    <time>2020-08-03T11:26:59Z</time>
   </trkpt>
   <trkpt lat="51.0794740" lon="-0.6236060">
    <ele>67.5</ele>
    <time>2020-08-03T11:27:00Z</time>
   </trkpt>
   <trkpt lat="51.0795570" lon="-0.6236120">
    <ele>67.6</ele>
    <time>2020-08-03T11:27:02Z</time>
   </trkpt>
   <trkpt lat="51.0796110" lon="-0.6236190">
    <ele>67.7</ele>
    <time>2020-08-03T11:27:03Z</time>
   </trkpt>
   <trkpt lat="51.0796840" lon="-0.6236280">
    <ele>67.8</ele>
    <time>2020-08-03T11:27:05Z</time>
   </trkpt>
   <trkpt lat="51.0797410" lon="-0.6236370">
    <ele>67.9</ele>
    <time>2020-08-03T11:27:06Z</time>
   </trkpt>
   <trkpt lat="51.0797900" lon="-0.6236450">
    <ele>68.0</ele>
    <time>2020-08-03T11:27:07Z</time>
   </trkpt>
   <trkpt lat="51.0798690" lon="-0.6236530">
    <ele>68.2</ele>
    <time>2020-08-03T11:27:09Z</time>
   </trkpt>
   <trkpt lat="51.0799070" lon="-0.6236610">
    <ele>68.2</ele>
    <time>2020-08-03T11:27:10Z</time>
   </trkpt>
   <trkpt lat="51.0799670" lon="-0.6236680">
    <ele>68.3</ele>
    <time>2020-08-03T11:27:12Z</time>
   </trkpt>
   <trkpt lat="51.0800120" lon="-0.6236850">
    <ele>68.3</ele>
    <time>2020-08-03T11:27:13Z</time>
   </trkpt>
   <trkpt lat="51.0800480" lon="-0.6236990">
    <ele>68.4</ele>
    <time>2020-08-03T11:27:14Z</time>
   </trkpt>
   <trkpt lat="51.0800880" lon="-0.6237140">
    <ele>68.4</ele>
    <time>2020-08-03T11:27:15Z</time>
   </trkpt>
   <trkpt lat="51.0801520" lon="-0.6237490">
    <ele>68.5</ele>
    <time>2020-08-03T11:27:17Z</time>
   </trkpt>
   <trkpt lat="51.0801810" lon="-0.6237650">
    <ele>68.6</ele>
    <time>2020-08-03T11:27:18Z</time>
   </trkpt>
   <trkpt lat="51.0802190" lon="-0.6237710">
    <ele>68.6</ele>
    <time>2020-08-03T11:27:19Z</time>
   </trkpt>
   <trkpt lat="51.0803050" lon="-0.6237680">
    <ele>68.8</ele>
    <time>2020-08-03T11:27:21Z</time>
   </trkpt>
   <trkpt lat="51.0803690" lon="-0.6237630">
    <ele>68.9</ele>
    <time>2020-08-03T11:27:22Z</time>
   </trkpt>
   <trkpt lat="51.0804380" lon="-0.6237560">
    <ele>69.0</ele>
    <time>2020-08-03T11:27:23Z</time>
   </trkpt>
   <trkpt lat="51.0805240" lon="-0.6237610">
    <ele>69.2</ele>
    <time>2020-08-03T11:27:25Z</time>
   </trkpt>
   <trkpt lat="51.0805880" lon="-0.6237520">
    <ele>69.3</ele>
    <time>2020-08-03T11:27:26Z</time>
   </trkpt>
   <trkpt lat="51.0806600" lon="-0.6237480">
    <ele>69.5</ele>
    <time>2020-08-03T11:27:28Z</time>
   </trkpt>
   <trkpt lat="51.0807120" lon="-0.6237390">
    <ele>69.6</ele>
    <time>2020-08-03T11:27:29Z</time>
   </trkpt>
   <trkpt lat="51.0808120" lon="-0.6236980">
    <ele>69.7</ele>
    <time>2020-08-03T11:27:30Z</time>
   </trkpt>
   <trkpt lat="51.0809140" lon="-0.6235880">
    <ele>69.8</ele>
    <time>2020-08-03T11:27:32Z</time>
   </trkpt>
   <trkpt lat="51.0809990" lon="-0.6234780">
    <ele>69.9</ele>
    <time>2020-08-03T11:27:34Z</time>
   </trkpt>
   <trkpt lat="51.0810350" lon="-0.6234310">
    <ele>70.0</ele>
    <time>2020-08-03T11:27:35Z</time>
   </trkpt>
   <trkpt lat="51.0810950" lon="-0.6233330">
    <ele>69.9</ele>
    <time>2020-08-03T11:27:37Z</time>
   </trkpt>
   <trkpt lat="51.0811500" lon="-0.6232390">
    <ele>69.9</ele>
    <time>2020-08-03T11:27:39Z</time>
   </trkpt>
   <trkpt lat="51.0811730" lon="-0.6231990">
    <ele>69.9</ele>
    <time>2020-08-03T11:27:40Z</time>
   </trkpt>
   <trkpt lat="51.0811970" lon="-0.6231670">
    <ele>70.0</ele>
    <time>2020-08-03T11:27:41Z</time>
   </trkpt>
   <trkpt lat="51.0812350" lon="-0.6231120">
    <ele>70.0</ele>
    <time>2020-08-03T11:27:43Z</time>
   </trkpt>
   <trkpt lat="51.0812990" lon="-0.6230260">
    <ele>70.1</ele>
    <time>2020-08-03T11:27:45Z</time>
   </trkpt>
   <trkpt lat="51.0813350" lon="-0.6229820">
    <ele>70.1</ele>
    <time>2020-08-03T11:27:46Z</time>
   </trkpt>
   <trkpt lat="51.0813710" lon="-0.6229370">
    <ele>70.1</ele>
    <time>2020-08-03T11:27:47Z</time>
   </trkpt>
   <trkpt lat="51.0814440" lon="-0.6228410">
    <ele>70.2</ele>
    <time>2020-08-03T11:27:49Z</time>
   </trkpt>
   <trkpt lat="51.0815150" lon="-0.6227340">
    <ele>70.3</ele>
    <time>2020-08-03T11:27:51Z</time>
   </trkpt>
   <trkpt lat="51.0815900" lon="-0.6226150">
    <ele>70.5</ele>
    <time>2020-08-03T11:27:53Z</time>
   </trkpt>
   <trkpt lat="51.0816270" lon="-0.6225540">
    <ele>70.6</ele>
    <time>2020-08-03T11:27:54Z</time>
   </trkpt>
   <trkpt lat="51.0816640" lon="-0.6224950">
    <ele>70.6</ele>
    <time>2020-08-03T11:27:55Z</time>
   </trkpt>
   <trkpt lat="51.0817390" lon="-0.6223790">
    <ele>70.8</ele>
    <time>2020-08-03T11:27:57Z</time>
   </trkpt>
   <trkpt lat="51.0817760" lon="-0.6223230">
    <ele>70.8</ele>
    <time>2020-08-03T11:27:58Z</time>
   </trkpt>
   <trkpt lat="51.0818460" lon="-0.6222160">
    <ele>71.0</ele>
    <time>2020-08-03T11:28:00Z</time>
   </trkpt>
   <trkpt lat="51.0818810" lon="-0.6221640">
    <ele>71.0</ele>
    <time>2020-08-03T11:28:01Z</time>
   </trkpt>
   <trkpt lat="51.0819460" lon="-0.6220570">
    <ele>71.1</ele>
    <time>2020-08-03T11:28:03Z</time>
   </trkpt>
   <trkpt lat="51.0819790" lon="-0.6220040">
    <ele>71.2</ele>
    <time>2020-08-03T11:28:04Z</time>
   </trkpt>
   <trkpt lat="51.0820430" lon="-0.6219010">
    <ele>71.4</ele>
    <time>2020-08-03T11:28:06Z</time>
   </trkpt>
   <trkpt lat="51.0821080" lon="-0.6217970">
    <ele>71.7</ele>
    <time>2020-08-03T11:28:08Z</time>
   </trkpt>
   <trkpt lat="51.0821420" lon="-0.6217440">
    <ele>71.8</ele>
    <time>2020-08-03T11:28:09Z</time>
   </trkpt>
   <trkpt lat="51.0822200" lon="-0.6216190">
    <ele>72.0</ele>
    <time>2020-08-03T11:28:11Z</time>
   </trkpt>
   <trkpt lat="51.0822590" lon="-0.6215610">
    <ele>72.1</ele>
    <time>2020-08-03T11:28:12Z</time>
   </trkpt>
   <trkpt lat="51.0823210" lon="-0.6214570">
    <ele>72.3</ele>
    <time>2020-08-03T11:28:14Z</time>
   </trkpt>
   <trkpt lat="51.0823460" lon="-0.6214090">
    <ele>72.4</ele>
    <time>2020-08-03T11:28:15Z</time>
   </trkpt>
   <trkpt lat="51.0823670" lon="-0.6213740">
    <ele>72.4</ele>
    <time>2020-08-03T11:28:16Z</time>
   </trkpt>
   <trkpt lat="51.0824080" lon="-0.6213290">
    <ele>72.5</ele>
    <time>2020-08-03T11:28:18Z</time>
   </trkpt>
   <trkpt lat="51.0824560" lon="-0.6212790">
    <ele>72.7</ele>
    <time>2020-08-03T11:28:20Z</time>
   </trkpt>
   <trkpt lat="51.0824900" lon="-0.6212070">
    <ele>72.8</ele>
    <time>2020-08-03T11:28:21Z</time>
   </trkpt>
   <trkpt lat="51.0825540" lon="-0.6210520">
    <ele>73.0</ele>
    <time>2020-08-03T11:28:23Z</time>
   </trkpt>
   <trkpt lat="51.0826170" lon="-0.6209220">
    <ele>73.3</ele>
    <time>2020-08-03T11:28:25Z</time>
   </trkpt>
   <trkpt lat="51.0826420" lon="-0.6208570">
    <ele>73.4</ele>
    <time>2020-08-03T11:28:26Z</time>
   </trkpt>
   <trkpt lat="51.0827100" lon="-0.6207500">
    <ele>73.5</ele>
    <time>2020-08-03T11:28:28Z</time>
   </trkpt>
   <trkpt lat="51.0827510" lon="-0.6207010">
    <ele>73.6</ele>
    <time>2020-08-03T11:28:29Z</time>
   </trkpt>
   <trkpt lat="51.0828300" lon="-0.6206030">
    <ele>73.8</ele>
    <time>2020-08-03T11:28:31Z</time>
   </trkpt>
   <trkpt lat="51.0828710" lon="-0.6205550">
    <ele>73.8</ele>
    <time>2020-08-03T11:28:32Z</time>
   </trkpt>
   <trkpt lat="51.0829470" lon="-0.6204460">
    <ele>74.0</ele>
    <time>2020-08-03T11:28:34Z</time>
   </trkpt>
   <trkpt lat="51.0830230" lon="-0.6203370">
    <ele>74.1</ele>
    <time>2020-08-03T11:28:36Z</time>
   </trkpt>
   <trkpt lat="51.0830600" lon="-0.6202810">
    <ele>74.2</ele>
    <time>2020-08-03T11:28:37Z</time>
   </trkpt>
   <trkpt lat="51.0831340" lon="-0.6201790">
    <ele>74.3</ele>
    <time>2020-08-03T11:28:39Z</time>
   </trkpt>
   <trkpt lat="51.0832210" lon="-0.6201070">
    <ele>74.4</ele>
    <time>2020-08-03T11:28:41Z</time>
   </trkpt>
   <trkpt lat="51.0833210" lon="-0.6200760">
    <ele>74.4</ele>
    <time>2020-08-03T11:28:43Z</time>
   </trkpt>
   <trkpt lat="51.0834160" lon="-0.6200800">
    <ele>74.6</ele>
    <time>2020-08-03T11:28:45Z</time>
   </trkpt>
   <trkpt lat="51.0835040" lon="-0.6200760">
    <ele>74.7</ele>
    <time>2020-08-03T11:28:47Z</time>
   </trkpt>
   <trkpt lat="51.0835840" lon="-0.6201330">
    <ele>74.8</ele>
    <time>2020-08-03T11:28:49Z</time>
   </trkpt>
   <trkpt lat="51.0836590" lon="-0.6202200">
    <ele>74.7</ele>
    <time>2020-08-03T11:28:51Z</time>
   </trkpt>
   <trkpt lat="51.0837380" lon="-0.6203010">
    <ele>74.7</ele>
    <time>2020-08-03T11:28:53Z</time>
   </trkpt>
   <trkpt lat="51.0838110" lon="-0.6203940">
    <ele>74.8</ele>
    <time>2020-08-03T11:28:55Z</time>
   </trkpt>
   <trkpt lat="51.0838940" lon="-0.6204930">
    <ele>74.8</ele>
    <time>2020-08-03T11:28:57Z</time>
   </trkpt>
   <trkpt lat="51.0839320" lon="-0.6205410">
    <ele>74.9</ele>
    <time>2020-08-03T11:28:58Z</time>
   </trkpt>
   <trkpt lat="51.0840100" lon="-0.6206360">
    <ele>75.0</ele>
    <time>2020-08-03T11:29:00Z</time>
   </trkpt>
   <trkpt lat="51.0840940" lon="-0.6207160">
    <ele>75.1</ele>
    <time>2020-08-03T11:29:02Z</time>
   </trkpt>
   <trkpt lat="51.0841380" lon="-0.6207560">
    <ele>75.2</ele>
    <time>2020-08-03T11:29:03Z</time>
   </trkpt>
   <trkpt lat="51.0842150" lon="-0.6208330">
    <ele>75.3</ele>
    <time>2020-08-03T11:29:05Z</time>
   </trkpt>
   <trkpt lat="51.0842380" lon="-0.6208630">
    <ele>75.3</ele>
    <time>2020-08-03T11:29:06Z</time>
   </trkpt>
   <trkpt lat="51.0843110" lon="-0.6209360">
    <ele>75.3</ele>
    <time>2020-08-03T11:29:08Z</time>
   </trkpt>
   <trkpt lat="51.0843400" lon="-0.6209670">
    <ele>75.3</ele>
    <time>2020-08-03T11:29:09Z</time>
   </trkpt>
   <trkpt lat="51.0843880" lon="-0.6210100">
    <ele>75.4</ele>
    <time>2020-08-03T11:29:10Z</time>
   </trkpt>
   <trkpt lat="51.0844840" lon="-0.6210900">
    <ele>75.5</ele>
    <time>2020-08-03T11:29:12Z</time>
   </trkpt>
   <trkpt lat="51.0845730" lon="-0.6211460">
    <ele>75.6</ele>
    <time>2020-08-03T11:29:14Z</time>
   </trkpt>
   <trkpt lat="51.0846330" lon="-0.6212020">
    <ele>75.6</ele>
    <time>2020-08-03T11:29:16Z</time>
   </trkpt>
   <trkpt lat="51.0846450" lon="-0.6212100">
    <ele>75.6</ele>
    <time>2020-08-03T11:29:17Z</time>
   </trkpt>
   <trkpt lat="51.0846700" lon="-0.6212070">
    <ele>75.6</ele>
    <time>2020-08-03T11:29:18Z</time>
   </trkpt>
   <trkpt lat="51.0847490" lon="-0.6211600">
    <ele>75.5</ele>
    <time>2020-08-03T11:29:20Z</time>
   </trkpt>
   <trkpt lat="51.0848710" lon="-0.6210500">
    <ele>75.5</ele>
    <time>2020-08-03T11:29:22Z</time>
   </trkpt>
   <trkpt lat="51.0849210" lon="-0.6209950">
    <ele>75.5</ele>
    <time>2020-08-03T11:29:23Z</time>
   </trkpt>
   <trkpt lat="51.0849810" lon="-0.6209450">
    <ele>75.6</ele>
    <time>2020-08-03T11:29:25Z</time>
   </trkpt>
   <trkpt lat="51.0850110" lon="-0.6209130">
    <ele>75.7</ele>
    <time>2020-08-03T11:29:26Z</time>
   </trkpt>
   <trkpt lat="51.0850780" lon="-0.6208510">
    <ele>75.8</ele>
    <time>2020-08-03T11:29:27Z</time>
   </trkpt>
   <trkpt lat="51.0851540" lon="-0.6207940">
    <ele>75.9</ele>
    <time>2020-08-03T11:29:28Z</time>
   </trkpt>
   <trkpt lat="51.0852670" lon="-0.6206910">
    <ele>76.1</ele>
    <time>2020-08-03T11:29:30Z</time>
   </trkpt>
   <trkpt lat="51.0853580" lon="-0.6205950">
    <ele>76.3</ele>
    <time>2020-08-03T11:29:32Z</time>
   </trkpt>
   <trkpt lat="51.0854410" lon="-0.6205020">
    <ele>76.5</ele>
    <time>2020-08-03T11:29:34Z</time>
   </trkpt>
   <trkpt lat="51.0854830" lon="-0.6204570">
    <ele>76.6</ele>
    <time>2020-08-03T11:29:35Z</time>
   </trkpt>
   <trkpt lat="51.0855260" lon="-0.6204130">
    <ele>76.7</ele>
    <time>2020-08-03T11:29:36Z</time>
   </trkpt>
   <trkpt lat="51.0856090" lon="-0.6203150">
    <ele>76.9</ele>
    <time>2020-08-03T11:29:38Z</time>
   </trkpt>
   <trkpt lat="51.0856920" lon="-0.6202160">
    <ele>77.1</ele>
    <time>2020-08-03T11:29:40Z</time>
   </trkpt>
   <trkpt lat="51.0857750" lon="-0.6201230">
    <ele>77.3</ele>
    <time>2020-08-03T11:29:42Z</time>
   </trkpt>
   <trkpt lat="51.0858110" lon="-0.6200610">
    <ele>77.5</ele>
    <time>2020-08-03T11:29:43Z</time>
   </trkpt>
   <trkpt lat="51.0858560" lon="-0.6200120">
    <ele>77.7</ele>
    <time>2020-08-03T11:29:44Z</time>
   </trkpt>
   <trkpt lat="51.0859400" lon="-0.6199200">
    <ele>78.0</ele>
    <time>2020-08-03T11:29:46Z</time>
   </trkpt>
   <trkpt lat="51.0859860" lon="-0.6198760">
    <ele>78.1</ele>
    <time>2020-08-03T11:29:47Z</time>
   </trkpt>
   <trkpt lat="51.0860770" lon="-0.6197870">
    <ele>78.5</ele>
    <time>2020-08-03T11:29:49Z</time>
   </trkpt>
   <trkpt lat="51.0861160" lon="-0.6197460">
    <ele>78.6</ele>
    <time>2020-08-03T11:29:50Z</time>
   </trkpt>
   <trkpt lat="51.0861580" lon="-0.6197030">
    <ele>78.8</ele>
    <time>2020-08-03T11:29:51Z</time>
   </trkpt>
   <trkpt lat="51.0862590" lon="-0.6196130">
    <ele>79.3</ele>
    <time>2020-08-03T11:29:53Z</time>
   </trkpt>
   <trkpt lat="51.0863320" lon="-0.6195560">
    <ele>79.7</ele>
    <time>2020-08-03T11:29:55Z</time>
   </trkpt>
   <trkpt lat="51.0863780" lon="-0.6195130">
    <ele>80.0</ele>
    <time>2020-08-03T11:29:56Z</time>
   </trkpt>
   <trkpt lat="51.0864680" lon="-0.6194540">
    <ele>80.4</ele>
    <time>2020-08-03T11:29:58Z</time>
   </trkpt>
   <trkpt lat="51.0864950" lon="-0.6194400">
    <ele>80.6</ele>
    <time>2020-08-03T11:29:59Z</time>
   </trkpt>
   <trkpt lat="51.0865330" lon="-0.6194200">
    <ele>80.8</ele>
    <time>2020-08-03T11:30:00Z</time>
   </trkpt>
   <trkpt lat="51.0866370" lon="-0.6193820">
    <ele>81.4</ele>
    <time>2020-08-03T11:30:02Z</time>
   </trkpt>
   <trkpt lat="51.0866720" lon="-0.6193670">
    <ele>81.5</ele>
    <time>2020-08-03T11:30:03Z</time>
   </trkpt>
   <trkpt lat="51.0867180" lon="-0.6193490">
    <ele>81.8</ele>
    <time>2020-08-03T11:30:04Z</time>
   </trkpt>
   <trkpt lat="51.0868030" lon="-0.6193440">
    <ele>82.2</ele>
    <time>2020-08-03T11:30:06Z</time>
   </trkpt>
   <trkpt lat="51.0869010" lon="-0.6193230">
    <ele>82.6</ele>
    <time>2020-08-03T11:30:08Z</time>
   </trkpt>
   <trkpt lat="51.0869840" lon="-0.6193390">
    <ele>83.0</ele>
    <time>2020-08-03T11:30:10Z</time>
   </trkpt>
   <trkpt lat="51.0870240" lon="-0.6193470">
    <ele>83.1</ele>
    <time>2020-08-03T11:30:11Z</time>
   </trkpt>
   <trkpt lat="51.0870400" lon="-0.6193470">
    <ele>83.2</ele>
    <time>2020-08-03T11:30:12Z</time>
   </trkpt>
   <trkpt lat="51.0870840" lon="-0.6193510">
    <ele>83.4</ele>
    <time>2020-08-03T11:30:13Z</time>
   </trkpt>
   <trkpt lat="51.0871330" lon="-0.6193540">
    <ele>83.6</ele>
    <time>2020-08-03T11:30:14Z</time>
   </trkpt>
   <trkpt lat="51.0872040" lon="-0.6193580">
    <ele>83.8</ele>
    <time>2020-08-03T11:30:16Z</time>
   </trkpt>
   <trkpt lat="51.0872650" lon="-0.6193510">
    <ele>83.8</ele>
    <time>2020-08-03T11:30:18Z</time>
   </trkpt>
   <trkpt lat="51.0873390" lon="-0.6193380">
    <ele>83.9</ele>
    <time>2020-08-03T11:30:19Z</time>
   </trkpt>
   <trkpt lat="51.0874140" lon="-0.6193190">
    <ele>83.9</ele>
    <time>2020-08-03T11:30:21Z</time>
   </trkpt>
   <trkpt lat="51.0874710" lon="-0.6192820">
    <ele>83.9</ele>
    <time>2020-08-03T11:30:23Z</time>
   </trkpt>
   <trkpt lat="51.0875330" lon="-0.6192950">
    <ele>83.9</ele>
    <time>2020-08-03T11:30:25Z</time>
   </trkpt>
   <trkpt lat="51.0875770" lon="-0.6193170">
    <ele>83.8</ele>
    <time>2020-08-03T11:30:26Z</time>
   </trkpt>
   <trkpt lat="51.0876920" lon="-0.6193450">
    <ele>83.5</ele>
    <time>2020-08-03T11:30:28Z</time>
   </trkpt>
   <trkpt lat="51.0877450" lon="-0.6193630">
    <ele>83.3</ele>
    <time>2020-08-03T11:30:29Z</time>
   </trkpt>
   <trkpt lat="51.0878000" lon="-0.6193720">
    <ele>83.0</ele>
    <time>2020-08-03T11:30:30Z</time>
   </trkpt>
   <trkpt lat="51.0878530" lon="-0.6193740">
    <ele>82.8</ele>
    <time>2020-08-03T11:30:31Z</time>
   </trkpt>
   <trkpt lat="51.0879180" lon="-0.6193720">
    <ele>82.5</ele>
    <time>2020-08-03T11:30:32Z</time>
   </trkpt>
   <trkpt lat="51.0879860" lon="-0.6193780">
    <ele>82.1</ele>
    <time>2020-08-03T11:30:33Z</time>
   </trkpt>
   <trkpt lat="51.0880850" lon="-0.6193840">
    <ele>81.5</ele>
    <time>2020-08-03T11:30:35Z</time>
   </trkpt>
   <trkpt lat="51.0881550" lon="-0.6193850">
    <ele>81.0</ele>
    <time>2020-08-03T11:30:36Z</time>
   </trkpt>
   <trkpt lat="51.0882700" lon="-0.6193730">
    <ele>80.3</ele>
    <time>2020-08-03T11:30:38Z</time>
   </trkpt>
   <trkpt lat="51.0883440" lon="-0.6194120">
    <ele>79.9</ele>
    <time>2020-08-03T11:30:40Z</time>
   </trkpt>
   <trkpt lat="51.0884580" lon="-0.6194310">
    <ele>79.1</ele>
    <time>2020-08-03T11:30:42Z</time>
   </trkpt>
   <trkpt lat="51.0885700" lon="-0.6194600">
    <ele>78.3</ele>
    <time>2020-08-03T11:30:44Z</time>
   </trkpt>
   <trkpt lat="51.0886760" lon="-0.6194730">
    <ele>77.5</ele>
    <time>2020-08-03T11:30:46Z</time>
   </trkpt>
   <trkpt lat="51.0888320" lon="-0.6194990">
    <ele>76.2</ele>
    <time>2020-08-03T11:30:48Z</time>
   </trkpt>
   <trkpt lat="51.0889100" lon="-0.6195000">
    <ele>75.5</ele>
    <time>2020-08-03T11:30:49Z</time>
   </trkpt>
   <trkpt lat="51.0889800" lon="-0.6194900">
    <ele>74.9</ele>
    <time>2020-08-03T11:30:50Z</time>
   </trkpt>
   <trkpt lat="51.0891160" lon="-0.6194680">
    <ele>73.5</ele>
    <time>2020-08-03T11:30:52Z</time>
   </trkpt>
   <trkpt lat="51.0892370" lon="-0.6194160">
    <ele>71.8</ele>
    <time>2020-08-03T11:30:54Z</time>
   </trkpt>
   <trkpt lat="51.0893640" lon="-0.6193270">
    <ele>69.7</ele>
    <time>2020-08-03T11:30:56Z</time>
   </trkpt>
   <trkpt lat="51.0894210" lon="-0.6192660">
    <ele>68.5</ele>
    <time>2020-08-03T11:30:57Z</time>
   </trkpt>
   <trkpt lat="51.0895490" lon="-0.6191270">
    <ele>66.1</ele>
    <time>2020-08-03T11:30:59Z</time>
   </trkpt>
   <trkpt lat="51.0896360" lon="-0.6190510">
    <ele>64.8</ele>
    <time>2020-08-03T11:31:00Z</time>
   </trkpt>
   <trkpt lat="51.0897320" lon="-0.6189720">
    <ele>63.5</ele>
    <time>2020-08-03T11:31:01Z</time>
   </trkpt>
   <trkpt lat="51.0898280" lon="-0.6188850">
    <ele>62.2</ele>
    <time>2020-08-03T11:31:02Z</time>
   </trkpt>
   <trkpt lat="51.0900360" lon="-0.6187130">
    <ele>59.9</ele>
    <time>2020-08-03T11:31:04Z</time>
   </trkpt>
   <trkpt lat="51.0902340" lon="-0.6185650">
    <ele>58.8</ele>
    <time>2020-08-03T11:31:06Z</time>
   </trkpt>
   <trkpt lat="51.0904170" lon="-0.6184400">
    <ele>58.1</ele>
    <time>2020-08-03T11:31:08Z</time>
   </trkpt>
   <trkpt lat="51.0905790" lon="-0.6183130">
    <ele>57.7</ele>
    <time>2020-08-03T11:31:10Z</time>
   </trkpt>
   <trkpt lat="51.0906510" lon="-0.6182510">
    <ele>57.5</ele>
    <time>2020-08-03T11:31:11Z</time>
   </trkpt>
   <trkpt lat="51.0907660" lon="-0.6181530">
    <ele>57.3</ele>
    <time>2020-08-03T11:31:13Z</time>
   </trkpt>
   <trkpt lat="51.0908570" lon="-0.6180750">
    <ele>57.2</ele>
    <time>2020-08-03T11:31:15Z</time>
   </trkpt>
   <trkpt lat="51.0909030" lon="-0.6180610">
    <ele>57.5</ele>
    <time>2020-08-03T11:31:16Z</time>
   </trkpt>
   <trkpt lat="51.0910090" lon="-0.6180910">
    <ele>57.7</ele>
    <time>2020-08-03T11:31:18Z</time>
   </trkpt>
   <trkpt lat="51.0910600" lon="-0.6181190">
    <ele>57.8</ele>
    <time>2020-08-03T11:31:19Z</time>
   </trkpt>
   <trkpt lat="51.0911130" lon="-0.6181530">
    <ele>58.0</ele>
    <time>2020-08-03T11:31:20Z</time>
   </trkpt>
   <trkpt lat="51.0912190" lon="-0.6182360">
    <ele>58.4</ele>
    <time>2020-08-03T11:31:22Z</time>
   </trkpt>
   <trkpt lat="51.0913110" lon="-0.6182900">
    <ele>58.7</ele>
    <time>2020-08-03T11:31:24Z</time>
   </trkpt>
   <trkpt lat="51.0913560" lon="-0.6183160">
    <ele>58.9</ele>
    <time>2020-08-03T11:31:25Z</time>
   </trkpt>
   <trkpt lat="51.0914010" lon="-0.6183500">
    <ele>59.0</ele>
    <time>2020-08-03T11:31:26Z</time>
   </trkpt>
   <trkpt lat="51.0914470" lon="-0.6183880">
    <ele>59.2</ele>
    <time>2020-08-03T11:31:27Z</time>
   </trkpt>
   <trkpt lat="51.0915260" lon="-0.6184650">
    <ele>59.4</ele>
    <time>2020-08-03T11:31:29Z</time>
   </trkpt>
   <trkpt lat="51.0915710" lon="-0.6185030">
    <ele>59.5</ele>
    <time>2020-08-03T11:31:30Z</time>
   </trkpt>
   <trkpt lat="51.0916240" lon="-0.6185490">
    <ele>59.6</ele>
    <time>2020-08-03T11:31:31Z</time>
   </trkpt>
   <trkpt lat="51.0916730" lon="-0.6185860">
    <ele>59.6</ele>
    <time>2020-08-03T11:31:32Z</time>
   </trkpt>
   <trkpt lat="51.0917230" lon="-0.6186270">
    <ele>59.6</ele>
    <time>2020-08-03T11:31:33Z</time>
   </trkpt>
   <trkpt lat="51.0917730" lon="-0.6186690">
    <ele>59.6</ele>
    <time>2020-08-03T11:31:34Z</time>
   </trkpt>
   <trkpt lat="51.0918740" lon="-0.6187440">
    <ele>59.8</ele>
    <time>2020-08-03T11:31:36Z</time>
   </trkpt>
   <trkpt lat="51.0919810" lon="-0.6188400">
    <ele>60.0</ele>
    <time>2020-08-03T11:31:38Z</time>
   </trkpt>
   <trkpt lat="51.0920300" lon="-0.6188760">
    <ele>60.2</ele>
    <time>2020-08-03T11:31:39Z</time>
   </trkpt>
   <trkpt lat="51.0920780" lon="-0.6189190">
    <ele>60.3</ele>
    <time>2020-08-03T11:31:40Z</time>
   </trkpt>
   <trkpt lat="51.0921660" lon="-0.6189890">
    <ele>60.5</ele>
    <time>2020-08-03T11:31:42Z</time>
   </trkpt>
   <trkpt lat="51.0922580" lon="-0.6190690">
    <ele>60.7</ele>
    <time>2020-08-03T11:31:44Z</time>
   </trkpt>
   <trkpt lat="51.0923040" lon="-0.6191140">
    <ele>60.9</ele>
    <time>2020-08-03T11:31:45Z</time>
   </trkpt>
   <trkpt lat="51.0923930" lon="-0.6192050">
    <ele>61.1</ele>
    <time>2020-08-03T11:31:47Z</time>
   </trkpt>
   <trkpt lat="51.0924420" lon="-0.6192490">
    <ele>61.3</ele>
    <time>2020-08-03T11:31:48Z</time>
   </trkpt>
   <trkpt lat="51.0924940" lon="-0.6192910">
    <ele>61.5</ele>
    <time>2020-08-03T11:31:49Z</time>
   </trkpt>
   <trkpt lat="51.0925860" lon="-0.6193740">
    <ele>62.0</ele>
    <time>2020-08-03T11:31:51Z</time>
   </trkpt>
   <trkpt lat="51.0926760" lon="-0.6194680">
    <ele>62.5</ele>
    <time>2020-08-03T11:31:53Z</time>
   </trkpt>
   <trkpt lat="51.0927260" lon="-0.6195130">
    <ele>62.8</ele>
    <time>2020-08-03T11:31:54Z</time>
   </trkpt>
   <trkpt lat="51.0928230" lon="-0.6195800">
    <ele>63.3</ele>
    <time>2020-08-03T11:31:56Z</time>
   </trkpt>
   <trkpt lat="51.0929110" lon="-0.6196560">
    <ele>63.6</ele>
    <time>2020-08-03T11:31:58Z</time>
   </trkpt>
   <trkpt lat="51.0929970" lon="-0.6197340">
    <ele>63.9</ele>
    <time>2020-08-03T11:32:00Z</time>
   </trkpt>
   <trkpt lat="51.0930830" lon="-0.6198110">
    <ele>64.1</ele>
    <time>2020-08-03T11:32:02Z</time>
   </trkpt>
   <trkpt lat="51.0931200" lon="-0.6198480">
    <ele>64.1</ele>
    <time>2020-08-03T11:32:03Z</time>
   </trkpt>
   <trkpt lat="51.0931650" lon="-0.6198870">
    <ele>64.2</ele>
    <time>2020-08-03T11:32:04Z</time>
   </trkpt>
   <trkpt lat="51.0932460" lon="-0.6199600">
    <ele>64.3</ele>
    <time>2020-08-03T11:32:06Z</time>
   </trkpt>
   <trkpt lat="51.0933350" lon="-0.6200390">
    <ele>64.3</ele>
    <time>2020-08-03T11:32:08Z</time>
   </trkpt>
   <trkpt lat="51.0934190" lon="-0.6201050">
    <ele>64.3</ele>
    <time>2020-08-03T11:32:10Z</time>
   </trkpt>
   <trkpt lat="51.0934610" lon="-0.6201350">
    <ele>64.3</ele>
    <time>2020-08-03T11:32:11Z</time>
   </trkpt>
   <trkpt lat="51.0935470" lon="-0.6202010">
    <ele>64.3</ele>
    <time>2020-08-03T11:32:13Z</time>
   </trkpt>
   <trkpt lat="51.0936320" lon="-0.6202630">
    <ele>64.2</ele>
    <time>2020-08-03T11:32:15Z</time>
   </trkpt>
   <trkpt lat="51.0937190" lon="-0.6203210">
    <ele>64.2</ele>
    <time>2020-08-03T11:32:17Z</time>
   </trkpt>
   <trkpt lat="51.0938190" lon="-0.6203910">
    <ele>64.1</ele>
    <time>2020-08-03T11:32:19Z</time>
   </trkpt>
   <trkpt lat="51.0938640" lon="-0.6204250">
    <ele>64.1</ele>
    <time>2020-08-03T11:32:20Z</time>
   </trkpt>
   <trkpt lat="51.0939120" lon="-0.6204630">
    <ele>64.0</ele>
    <time>2020-08-03T11:32:21Z</time>
   </trkpt>
   <trkpt lat="51.0939640" lon="-0.6204990">
    <ele>63.9</ele>
    <time>2020-08-03T11:32:22Z</time>
   </trkpt>
   <trkpt lat="51.0940550" lon="-0.6205650">
    <ele>63.8</ele>
    <time>2020-08-03T11:32:24Z</time>
   </trkpt>
   <trkpt lat="51.0941070" lon="-0.6205970">
    <ele>63.8</ele>
    <time>2020-08-03T11:32:25Z</time>
   </trkpt>
   <trkpt lat="51.0942160" lon="-0.6206550">
    <ele>63.8</ele>
    <time>2020-08-03T11:32:27Z</time>
   </trkpt>
   <trkpt lat="51.0942700" lon="-0.6206770">
    <ele>63.8</ele>
    <time>2020-08-03T11:32:28Z</time>
   </trkpt>
   <trkpt lat="51.0943220" lon="-0.6207110">
    <ele>63.8</ele>
    <time>2020-08-03T11:32:29Z</time>
   </trkpt>
   <trkpt lat="51.0944240" lon="-0.6207450">
    <ele>63.8</ele>
    <time>2020-08-03T11:32:31Z</time>
   </trkpt>
   <trkpt lat="51.0944760" lon="-0.6207620">
    <ele>63.8</ele>
    <time>2020-08-03T11:32:32Z</time>
   </trkpt>
   <trkpt lat="51.0945640" lon="-0.6207970">
    <ele>63.9</ele>
    <time>2020-08-03T11:32:34Z</time>
   </trkpt>
   <trkpt lat="51.0946070" lon="-0.6208150">
    <ele>64.0</ele>
    <time>2020-08-03T11:32:35Z</time>
   </trkpt>
   <trkpt lat="51.0946700" lon="-0.6208500">
    <ele>64.0</ele>
    <time>2020-08-03T11:32:37Z</time>
   </trkpt>
   <trkpt lat="51.0947740" lon="-0.6208840">
    <ele>64.1</ele>
    <time>2020-08-03T11:32:39Z</time>
   </trkpt>
   <trkpt lat="51.0948230" lon="-0.6208850">
    <ele>64.2</ele>
    <time>2020-08-03T11:32:40Z</time>
   </trkpt>
   <trkpt lat="51.0949270" lon="-0.6209040">
    <ele>64.3</ele>
    <time>2020-08-03T11:32:42Z</time>
   </trkpt>
   <trkpt lat="51.0949810" lon="-0.6209120">
    <ele>64.3</ele>
    <time>2020-08-03T11:32:43Z</time>
   </trkpt>
   <trkpt lat="51.0950830" lon="-0.6209280">
    <ele>64.4</ele>
    <time>2020-08-03T11:32:45Z</time>
   </trkpt>
   <trkpt lat="51.0951370" lon="-0.6209400">
    <ele>64.5</ele>
    <time>2020-08-03T11:32:46Z</time>
   </trkpt>
   <trkpt lat="51.0952440" lon="-0.6209730">
    <ele>64.6</ele>
    <time>2020-08-03T11:32:48Z</time>
   </trkpt>
   <trkpt lat="51.0953480" lon="-0.6210030">
    <ele>64.7</ele>
    <time>2020-08-03T11:32:50Z</time>
   </trkpt>
   <trkpt lat="51.0954610" lon="-0.6210290">
    <ele>64.7</ele>
    <time>2020-08-03T11:32:52Z</time>
   </trkpt>
   <trkpt lat="51.0955680" lon="-0.6210560">
    <ele>64.5</ele>
    <time>2020-08-03T11:32:54Z</time>
   </trkpt>
   <trkpt lat="51.0956670" lon="-0.6210650">
    <ele>64.3</ele>
    <time>2020-08-03T11:32:56Z</time>
   </trkpt>
   <trkpt lat="51.0957170" lon="-0.6210580">
    <ele>64.3</ele>
    <time>2020-08-03T11:32:57Z</time>
   </trkpt>
   <trkpt lat="51.0958220" lon="-0.6210330">
    <ele>64.1</ele>
    <time>2020-08-03T11:32:59Z</time>
   </trkpt>
   <trkpt lat="51.0958810" lon="-0.6210250">
    <ele>64.0</ele>
    <time>2020-08-03T11:33:00Z</time>
   </trkpt>
   <trkpt lat="51.0959470" lon="-0.6209990">
    <ele>63.9</ele>
    <time>2020-08-03T11:33:01Z</time>
   </trkpt>
   <trkpt lat="51.0960090" lon="-0.6209490">
    <ele>63.8</ele>
    <time>2020-08-03T11:33:02Z</time>
   </trkpt>
   <trkpt lat="51.0961010" lon="-0.6208040">
    <ele>63.6</ele>
    <time>2020-08-03T11:33:04Z</time>
   </trkpt>
   <trkpt lat="51.0961350" lon="-0.6206720">
    <ele>63.6</ele>
    <time>2020-08-03T11:33:05Z</time>
   </trkpt>
   <trkpt lat="51.0961970" lon="-0.6204420">
    <ele>63.2</ele>
    <time>2020-08-03T11:33:07Z</time>
   </trkpt>
   <trkpt lat="51.0962110" lon="-0.6203320">
    <ele>63.0</ele>
    <time>2020-08-03T11:33:08Z</time>
   </trkpt>
   <trkpt lat="51.0962390" lon="-0.6201170">
    <ele>62.7</ele>
    <time>2020-08-03T11:33:10Z</time>
   </trkpt>
   <trkpt lat="51.0962770" lon="-0.6199050">
    <ele>62.6</ele>
    <time>2020-08-03T11:33:12Z</time>
   </trkpt>
   <trkpt lat="51.0962950" lon="-0.6197920">
    <ele>62.5</ele>
    <time>2020-08-03T11:33:13Z</time>
   </trkpt>
   <trkpt lat="51.0963320" lon="-0.6195650">
    <ele>62.5</ele>
    <time>2020-08-03T11:33:15Z</time>
   </trkpt>
   <trkpt lat="51.0963500" lon="-0.6194510">
    <ele>62.6</ele>
    <time>2020-08-03T11:33:16Z</time>
   </trkpt>
   <trkpt lat="51.0963730" lon="-0.6193400">
    <ele>62.7</ele>
    <time>2020-08-03T11:33:17Z</time>
   </trkpt>
   <trkpt lat="51.0964230" lon="-0.6191210">
    <ele>62.9</ele>
    <time>2020-08-03T11:33:19Z</time>
   </trkpt>
   <trkpt lat="51.0964880" lon="-0.6189150">
    <ele>63.1</ele>
    <time>2020-08-03T11:33:21Z</time>
   </trkpt>
   <trkpt lat="51.0965230" lon="-0.6188120">
    <ele>63.2</ele>
    <time>2020-08-03T11:33:22Z</time>
   </trkpt>
   <trkpt lat="51.0965560" lon="-0.6187160">
    <ele>63.3</ele>
    <time>2020-08-03T11:33:23Z</time>
   </trkpt>
   <trkpt lat="51.0966090" lon="-0.6185360">
    <ele>63.4</ele>
    <time>2020-08-03T11:33:25Z</time>
   </trkpt>
   <trkpt lat="51.0966640" lon="-0.6183580">
    <ele>63.3</ele>
    <time>2020-08-03T11:33:27Z</time>
   </trkpt>
   <trkpt lat="51.0967310" lon="-0.6181610">
    <ele>62.9</ele>
    <time>2020-08-03T11:33:29Z</time>
   </trkpt>
   <trkpt lat="51.0967710" lon="-0.6180630">
    <ele>62.7</ele>
    <time>2020-08-03T11:33:30Z</time>
   </trkpt>
   <trkpt lat="51.0968360" lon="-0.6178670">
    <ele>62.2</ele>
    <time>2020-08-03T11:33:32Z</time>
   </trkpt>
   <trkpt lat="51.0968560" lon="-0.6177710">
    <ele>62.0</ele>
    <time>2020-08-03T11:33:33Z</time>
   </trkpt>
   <trkpt lat="51.0969300" lon="-0.6175680">
    <ele>61.6</ele>
    <time>2020-08-03T11:33:35Z</time>
   </trkpt>
   <trkpt lat="51.0969670" lon="-0.6174550">
    <ele>61.3</ele>
    <time>2020-08-03T11:33:36Z</time>
   </trkpt>
   <trkpt lat="51.0970070" lon="-0.6173530">
    <ele>61.1</ele>
    <time>2020-08-03T11:33:37Z</time>
   </trkpt>
   <trkpt lat="51.0970520" lon="-0.6172560">
    <ele>60.8</ele>
    <time>2020-08-03T11:33:38Z</time>
   </trkpt>
   <trkpt lat="51.0970930" lon="-0.6171520">
    <ele>60.5</ele>
    <time>2020-08-03T11:33:39Z</time>
   </trkpt>
   <trkpt lat="51.0971830" lon="-0.6169430">
    <ele>59.9</ele>
    <time>2020-08-03T11:33:41Z</time>
   </trkpt>
   <trkpt lat="51.0972230" lon="-0.6168310">
    <ele>59.6</ele>
    <time>2020-08-03T11:33:42Z</time>
   </trkpt>
   <trkpt lat="51.0973050" lon="-0.6166120">
    <ele>59.0</ele>
    <time>2020-08-03T11:33:44Z</time>
   </trkpt>
   <trkpt lat="51.0973410" lon="-0.6165000">
    <ele>58.6</ele>
    <time>2020-08-03T11:33:45Z</time>
   </trkpt>
   <trkpt lat="51.0974030" lon="-0.6162600">
    <ele>58.0</ele>
    <time>2020-08-03T11:33:47Z</time>
   </trkpt>
   <trkpt lat="51.0974360" lon="-0.6161360">
    <ele>57.6</ele>
    <time>2020-08-03T11:33:48Z</time>
   </trkpt>
   <trkpt lat="51.0975120" lon="-0.6158800">
    <ele>57.0</ele>
    <time>2020-08-03T11:33:50Z</time>
   </trkpt>
   <trkpt lat="51.0975510" lon="-0.6157560">
    <ele>56.8</ele>
    <time>2020-08-03T11:33:51Z</time>
   </trkpt>
   <trkpt lat="51.0976250" lon="-0.6155250">
    <ele>56.4</ele>
    <time>2020-08-03T11:33:53Z</time>
   </trkpt>
   <trkpt lat="51.0976990" lon="-0.6152800">
    <ele>56.1</ele>
    <time>2020-08-03T11:33:55Z</time>
   </trkpt>
   <trkpt lat="51.0977860" lon="-0.6150570">
    <ele>55.8</ele>
    <time>2020-08-03T11:33:57Z</time>
   </trkpt>
   <trkpt lat="51.0978390" lon="-0.6149560">
    <ele>55.8</ele>
    <time>2020-08-03T11:33:58Z</time>
   </trkpt>
   <trkpt lat="51.0979630" lon="-0.6147870">
    <ele>55.8</ele>
    <time>2020-08-03T11:34:00Z</time>
   </trkpt>
   <trkpt lat="51.0980340" lon="-0.6147260">
    <ele>55.8</ele>
    <time>2020-08-03T11:34:01Z</time>
   </trkpt>
   <trkpt lat="51.0981090" lon="-0.6146760">
    <ele>56.0</ele>
    <time>2020-08-03T11:34:02Z</time>
   </trkpt>
   <trkpt lat="51.0982550" lon="-0.6145980">
    <ele>55.8</ele>
    <time>2020-08-03T11:34:04Z</time>
   </trkpt>
   <trkpt lat="51.0984010" lon="-0.6145330">
    <ele>55.7</ele>
    <time>2020-08-03T11:34:06Z</time>
   </trkpt>
   <trkpt lat="51.0984780" lon="-0.6145030">
    <ele>55.6</ele>
    <time>2020-08-03T11:34:07Z</time>
   </trkpt>
   <trkpt lat="51.0985560" lon="-0.6144790">
    <ele>55.6</ele>
    <time>2020-08-03T11:34:08Z</time>
   </trkpt>
   <trkpt lat="51.0987060" lon="-0.6144500">
    <ele>55.4</ele>
    <time>2020-08-03T11:34:10Z</time>
   </trkpt>
   <trkpt lat="51.0987790" lon="-0.6144310">
    <ele>55.4</ele>
    <time>2020-08-03T11:34:11Z</time>
   </trkpt>
   <trkpt lat="51.0989210" lon="-0.6144210">
    <ele>55.3</ele>
    <time>2020-08-03T11:34:13Z</time>
   </trkpt>
   <trkpt lat="51.0990520" lon="-0.6144500">
    <ele>55.4</ele>
    <time>2020-08-03T11:34:15Z</time>
   </trkpt>
   <trkpt lat="51.0991710" lon="-0.6144930">
    <ele>55.4</ele>
    <time>2020-08-03T11:34:17Z</time>
   </trkpt>
   <trkpt lat="51.0992690" lon="-0.6145390">
    <ele>55.4</ele>
    <time>2020-08-03T11:34:19Z</time>
   </trkpt>
   <trkpt lat="51.0993510" lon="-0.6145560">
    <ele>55.4</ele>
    <time>2020-08-03T11:34:21Z</time>
   </trkpt>
   <trkpt lat="51.0994050" lon="-0.6144520">
    <ele>55.4</ele>
    <time>2020-08-03T11:34:23Z</time>
   </trkpt>
   <trkpt lat="51.0994350" lon="-0.6142400">
    <ele>54.2</ele>
    <time>2020-08-03T11:34:25Z</time>
   </trkpt>
   <trkpt lat="51.0994610" lon="-0.6141230">
    <ele>53.7</ele>
    <time>2020-08-03T11:34:26Z</time>
   </trkpt>
   <trkpt lat="51.0995120" lon="-0.6139020">
    <ele>53.0</ele>
    <time>2020-08-03T11:34:28Z</time>
   </trkpt>
   <trkpt lat="51.0995730" lon="-0.6136740">
    <ele>52.4</ele>
    <time>2020-08-03T11:34:30Z</time>
   </trkpt>
   <trkpt lat="51.0996300" lon="-0.6134300">
    <ele>52.0</ele>
    <time>2020-08-03T11:34:32Z</time>
   </trkpt>
   <trkpt lat="51.0996550" lon="-0.6133070">
    <ele>51.9</ele>
    <time>2020-08-03T11:34:33Z</time>
   </trkpt>
   <trkpt lat="51.0997040" lon="-0.6130820">
    <ele>51.7</ele>
    <time>2020-08-03T11:34:35Z</time>
   </trkpt>
   <trkpt lat="51.0997560" lon="-0.6128500">
    <ele>51.9</ele>
    <time>2020-08-03T11:34:37Z</time>
   </trkpt>
   <trkpt lat="51.0998110" lon="-0.6126220">
    <ele>52.4</ele>
    <time>2020-08-03T11:34:39Z</time>
   </trkpt>
   <trkpt lat="51.0998370" lon="-0.6125090">
    <ele>52.6</ele>
    <time>2020-08-03T11:34:40Z</time>
   </trkpt>
   <trkpt lat="51.0998840" lon="-0.6122930">
    <ele>52.8</ele>
    <time>2020-08-03T11:34:42Z</time>
   </trkpt>
   <trkpt lat="51.0999490" lon="-0.6120940">
    <ele>53.0</ele>
    <time>2020-08-03T11:34:44Z</time>
   </trkpt>
   <trkpt lat="51.0999730" lon="-0.6119920">
    <ele>53.2</ele>
    <time>2020-08-03T11:34:45Z</time>
   </trkpt>
   <trkpt lat="51.0999990" lon="-0.6118960">
    <ele>53.4</ele>
    <time>2020-08-03T11:34:46Z</time>
   </trkpt>
   <trkpt lat="51.1000230" lon="-0.6118090">
    <ele>53.6</ele>
    <time>2020-08-03T11:34:47Z</time>
   </trkpt>
   <trkpt lat="51.1000770" lon="-0.6116340">
    <ele>53.9</ele>
    <time>2020-08-03T11:34:49Z</time>
   </trkpt>
   <trkpt lat="51.1001260" lon="-0.6114680">
    <ele>54.3</ele>
    <time>2020-08-03T11:34:51Z</time>
   </trkpt>
   <trkpt lat="51.1001870" lon="-0.6113210">
    <ele>54.5</ele>
    <time>2020-08-03T11:34:53Z</time>
   </trkpt>
   <trkpt lat="51.1002120" lon="-0.6112520">
    <ele>54.6</ele>
    <time>2020-08-03T11:34:54Z</time>
   </trkpt>
   <trkpt lat="51.1002440" lon="-0.6111910">
    <ele>54.7</ele>
    <time>2020-08-03T11:34:55Z</time>
   </trkpt>
   <trkpt lat="51.1003180" lon="-0.6110570">
    <ele>54.8</ele>
    <time>2020-08-03T11:34:57Z</time>
   </trkpt>
   <trkpt lat="51.1003620" lon="-0.6109900">
    <ele>54.8</ele>
    <time>2020-08-03T11:34:58Z</time>
   </trkpt>
   <trkpt lat="51.1004510" lon="-0.6108530">
    <ele>54.6</ele>
    <time>2020-08-03T11:35:00Z</time>
   </trkpt>
   <trkpt lat="51.1004890" lon="-0.6107820">
    <ele>54.4</ele>
    <time>2020-08-03T11:35:01Z</time>
   </trkpt>
   <trkpt lat="51.1005300" lon="-0.6107100">
    <ele>54.3</ele>
    <time>2020-08-03T11:35:02Z</time>
   </trkpt>
   <trkpt lat="51.1006050" lon="-0.6105670">
    <ele>54.1</ele>
    <time>2020-08-03T11:35:04Z</time>
   </trkpt>
   <trkpt lat="51.1006430" lon="-0.6104950">
    <ele>54.0</ele>
    <time>2020-08-03T11:35:05Z</time>
   </trkpt>
   <trkpt lat="51.1006890" lon="-0.6104270">
    <ele>54.0</ele>
    <time>2020-08-03T11:35:06Z</time>
   </trkpt>
   <trkpt lat="51.1007750" lon="-0.6102890">
    <ele>53.9</ele>
    <time>2020-08-03T11:35:08Z</time>
   </trkpt>
   <trkpt lat="51.1008610" lon="-0.6101540">
    <ele>53.8</ele>
    <time>2020-08-03T11:35:10Z</time>
   </trkpt>
   <trkpt lat="51.1009050" lon="-0.6100870">
    <ele>53.8</ele>
    <time>2020-08-03T11:35:11Z</time>
   </trkpt>
   <trkpt lat="51.1010050" lon="-0.6099410">
    <ele>53.7</ele>
    <time>2020-08-03T11:35:13Z</time>
   </trkpt>
   <trkpt lat="51.1010950" lon="-0.6097880">
    <ele>53.7</ele>
    <time>2020-08-03T11:35:15Z</time>
   </trkpt>
   <trkpt lat="51.1011890" lon="-0.6096380">
    <ele>53.7</ele>
    <time>2020-08-03T11:35:17Z</time>
   </trkpt>
   <trkpt lat="51.1012770" lon="-0.6094990">
    <ele>53.7</ele>
    <time>2020-08-03T11:35:19Z</time>
   </trkpt>
   <trkpt lat="51.1013700" lon="-0.6093490">
    <ele>53.8</ele>
    <time>2020-08-03T11:35:21Z</time>
   </trkpt>
   <trkpt lat="51.1014140" lon="-0.6092680">
    <ele>53.9</ele>
    <time>2020-08-03T11:35:22Z</time>
   </trkpt>
   <trkpt lat="51.1015040" lon="-0.6091140">
    <ele>54.0</ele>
    <time>2020-08-03T11:35:24Z</time>
   </trkpt>
   <trkpt lat="51.1015490" lon="-0.6090400">
    <ele>54.1</ele>
    <time>2020-08-03T11:35:25Z</time>
   </trkpt>
   <trkpt lat="51.1015960" lon="-0.6089690">
    <ele>54.1</ele>
    <time>2020-08-03T11:35:26Z</time>
   </trkpt>
   <trkpt lat="51.1016390" lon="-0.6089060">
    <ele>54.2</ele>
    <time>2020-08-03T11:35:27Z</time>
   </trkpt>
   <trkpt lat="51.1017450" lon="-0.6087770">
    <ele>54.3</ele>
    <time>2020-08-03T11:35:29Z</time>
   </trkpt>
   <trkpt lat="51.1017890" lon="-0.6087080">
    <ele>54.3</ele>
    <time>2020-08-03T11:35:30Z</time>
   </trkpt>
   <trkpt lat="51.1018720" lon="-0.6085770">
    <ele>54.4</ele>
    <time>2020-08-03T11:35:32Z</time>
   </trkpt>
   <trkpt lat="51.1019120" lon="-0.6085050">
    <ele>54.4</ele>
    <time>2020-08-03T11:35:33Z</time>
   </trkpt>
   <trkpt lat="51.1019880" lon="-0.6083760">
    <ele>54.4</ele>
    <time>2020-08-03T11:35:35Z</time>
   </trkpt>
   <trkpt lat="51.1020730" lon="-0.6082220">
    <ele>54.4</ele>
    <time>2020-08-03T11:35:37Z</time>
   </trkpt>
   <trkpt lat="51.1021560" lon="-0.6080680">
    <ele>54.5</ele>
    <time>2020-08-03T11:35:39Z</time>
   </trkpt>
   <trkpt lat="51.1021970" lon="-0.6079860">
    <ele>54.5</ele>
    <time>2020-08-03T11:35:40Z</time>
   </trkpt>
   <trkpt lat="51.1022870" lon="-0.6078280">
    <ele>54.7</ele>
    <time>2020-08-03T11:35:42Z</time>
   </trkpt>
   <trkpt lat="51.1023690" lon="-0.6076860">
    <ele>54.8</ele>
    <time>2020-08-03T11:35:44Z</time>
   </trkpt>
   <trkpt lat="51.1024530" lon="-0.6075350">
    <ele>54.9</ele>
    <time>2020-08-03T11:35:46Z</time>
   </trkpt>
   <trkpt lat="51.1024990" lon="-0.6074550">
    <ele>54.9</ele>
    <time>2020-08-03T11:35:47Z</time>
   </trkpt>
   <trkpt lat="51.1025390" lon="-0.6073780">
    <ele>54.9</ele>
    <time>2020-08-03T11:35:48Z</time>
   </trkpt>
   <trkpt lat="51.1026290" lon="-0.6072280">
    <ele>55.0</ele>
    <time>2020-08-03T11:35:50Z</time>
   </trkpt>
   <trkpt lat="51.1026700" lon="-0.6071570">
    <ele>55.0</ele>
    <time>2020-08-03T11:35:51Z</time>
   </trkpt>
   <trkpt lat="51.1027530" lon="-0.6070100">
    <ele>55.1</ele>
    <time>2020-08-03T11:35:53Z</time>
   </trkpt>
   <trkpt lat="51.1028470" lon="-0.6068660">
    <ele>55.3</ele>
    <time>2020-08-03T11:35:55Z</time>
   </trkpt>
   <trkpt lat="51.1029420" lon="-0.6067140">
    <ele>55.8</ele>
    <time>2020-08-03T11:35:57Z</time>
   </trkpt>
   <trkpt lat="51.1029830" lon="-0.6066400">
    <ele>56.2</ele>
    <time>2020-08-03T11:35:58Z</time>
   </trkpt>
   <trkpt lat="51.1030230" lon="-0.6065680">
    <ele>56.5</ele>
    <time>2020-08-03T11:35:59Z</time>
   </trkpt>
   <trkpt lat="51.1031040" lon="-0.6064380">
    <ele>57.0</ele>
    <time>2020-08-03T11:36:01Z</time>
   </trkpt>
   <trkpt lat="51.1031410" lon="-0.6063730">
    <ele>56.9</ele>
    <time>2020-08-03T11:36:02Z</time>
   </trkpt>
   <trkpt lat="51.1032170" lon="-0.6062430">
    <ele>57.2</ele>
    <time>2020-08-03T11:36:04Z</time>
   </trkpt>
   <trkpt lat="51.1032560" lon="-0.6061760">
    <ele>57.3</ele>
    <time>2020-08-03T11:36:05Z</time>
   </trkpt>
   <trkpt lat="51.1033360" lon="-0.6060790">
    <ele>57.6</ele>
    <time>2020-08-03T11:36:07Z</time>
   </trkpt>
   <trkpt lat="51.1033640" lon="-0.6060320">
    <ele>57.7</ele>
    <time>2020-08-03T11:36:08Z</time>
   </trkpt>
   <trkpt lat="51.1034460" lon="-0.6059030">
    <ele>58.1</ele>
    <time>2020-08-03T11:36:10Z</time>
   </trkpt>
   <trkpt lat="51.1034890" lon="-0.6058430">
    <ele>58.2</ele>
    <time>2020-08-03T11:36:11Z</time>
   </trkpt>
   <trkpt lat="51.1035220" lon="-0.6057810">
    <ele>58.4</ele>
    <time>2020-08-03T11:36:12Z</time>
   </trkpt>
   <trkpt lat="51.1035840" lon="-0.6056540">
    <ele>58.7</ele>
    <time>2020-08-03T11:36:14Z</time>
   </trkpt>
   <trkpt lat="51.1036170" lon="-0.6055970">
    <ele>58.9</ele>
    <time>2020-08-03T11:36:15Z</time>
   </trkpt>
   <trkpt lat="51.1036450" lon="-0.6055460">
    <ele>59.0</ele>
    <time>2020-08-03T11:36:16Z</time>
   </trkpt>
   <trkpt lat="51.1037070" lon="-0.6054340">
    <ele>59.2</ele>
    <time>2020-08-03T11:36:18Z</time>
   </trkpt>
   <trkpt lat="51.1037650" lon="-0.6053140">
    <ele>59.4</ele>
    <time>2020-08-03T11:36:20Z</time>
   </trkpt>
   <trkpt lat="51.1038000" lon="-0.6052530">
    <ele>59.5</ele>
    <time>2020-08-03T11:36:21Z</time>
   </trkpt>
   <trkpt lat="51.1038460" lon="-0.6051490">
    <ele>59.7</ele>
    <time>2020-08-03T11:36:23Z</time>
   </trkpt>
   <trkpt lat="51.1038730" lon="-0.6050840">
    <ele>59.7</ele>
    <time>2020-08-03T11:36:24Z</time>
   </trkpt>
   <trkpt lat="51.1039360" lon="-0.6049610">
    <ele>59.8</ele>
    <time>2020-08-03T11:36:26Z</time>
   </trkpt>
   <trkpt lat="51.1039600" lon="-0.6048920">
    <ele>59.8</ele>
    <time>2020-08-03T11:36:28Z</time>
   </trkpt>
   <trkpt lat="51.1039680" lon="-0.6048870">
    <ele>59.8</ele>
    <time>2020-08-03T11:36:29Z</time>
   </trkpt>
   <trkpt lat="51.1040050" lon="-0.6048060">
    <ele>59.8</ele>
    <time>2020-08-03T11:36:31Z</time>
   </trkpt>
   <trkpt lat="51.1041190" lon="-0.6045500">
    <ele>59.7</ele>
    <time>2020-08-03T11:36:33Z</time>
   </trkpt>
   <trkpt lat="51.1041590" lon="-0.6044450">
    <ele>59.5</ele>
    <time>2020-08-03T11:36:34Z</time>
   </trkpt>
   <trkpt lat="51.1042040" lon="-0.6043640">
    <ele>59.4</ele>
    <time>2020-08-03T11:36:35Z</time>
   </trkpt>
   <trkpt lat="51.1042410" lon="-0.6043040">
    <ele>59.3</ele>
    <time>2020-08-03T11:36:36Z</time>
   </trkpt>
   <trkpt lat="51.1042470" lon="-0.6042900">
    <ele>59.3</ele>
    <time>2020-08-03T11:36:37Z</time>
   </trkpt>
   <trkpt lat="51.1042720" lon="-0.6042590">
    <ele>59.3</ele>
    <time>2020-08-03T11:36:39Z</time>
   </trkpt>
   <trkpt lat="51.1042920" lon="-0.6042060">
    <ele>59.2</ele>
    <time>2020-08-03T11:36:40Z</time>
   </trkpt>
   <trkpt lat="51.1043130" lon="-0.6041490">
    <ele>59.1</ele>
    <time>2020-08-03T11:36:41Z</time>
   </trkpt>
   <trkpt lat="51.1043450" lon="-0.6040560">
    <ele>59.1</ele>
    <time>2020-08-03T11:36:42Z</time>
   </trkpt>
   <trkpt lat="51.1044590" lon="-0.6037870">
    <ele>58.8</ele>
    <time>2020-08-03T11:36:44Z</time>
   </trkpt>
   <trkpt lat="51.1045790" lon="-0.6034970">
    <ele>58.4</ele>
    <time>2020-08-03T11:36:46Z</time>
   </trkpt>
   <trkpt lat="51.1046580" lon="-0.6033000">
    <ele>58.1</ele>
    <time>2020-08-03T11:36:48Z</time>
   </trkpt>
   <trkpt lat="51.1046960" lon="-0.6032130">
    <ele>58.0</ele>
    <time>2020-08-03T11:36:49Z</time>
   </trkpt>
   <trkpt lat="51.1047750" lon="-0.6030340">
    <ele>57.8</ele>
    <time>2020-08-03T11:36:51Z</time>
   </trkpt>
   <trkpt lat="51.1048640" lon="-0.6028580">
    <ele>57.7</ele>
    <time>2020-08-03T11:36:53Z</time>
   </trkpt>
   <trkpt lat="51.1049080" lon="-0.6027730">
    <ele>57.5</ele>
    <time>2020-08-03T11:36:54Z</time>
   </trkpt>
   <trkpt lat="51.1049560" lon="-0.6026890">
    <ele>57.4</ele>
    <time>2020-08-03T11:36:55Z</time>
   </trkpt>
   <trkpt lat="51.1050530" lon="-0.6025260">
    <ele>57.1</ele>
    <time>2020-08-03T11:36:57Z</time>
   </trkpt>
   <trkpt lat="51.1051110" lon="-0.6024530">
    <ele>56.9</ele>
    <time>2020-08-03T11:36:58Z</time>
   </trkpt>
   <trkpt lat="51.1051560" lon="-0.6023720">
    <ele>56.7</ele>
    <time>2020-08-03T11:36:59Z</time>
   </trkpt>
   <trkpt lat="51.1052470" lon="-0.6022050">
    <ele>56.3</ele>
    <time>2020-08-03T11:37:01Z</time>
   </trkpt>
   <trkpt lat="51.1052860" lon="-0.6021060">
    <ele>56.2</ele>
    <time>2020-08-03T11:37:02Z</time>
   </trkpt>
   <trkpt lat="51.1053180" lon="-0.6020050">
    <ele>56.1</ele>
    <time>2020-08-03T11:37:03Z</time>
   </trkpt>
   <trkpt lat="51.1053790" lon="-0.6018080">
    <ele>55.9</ele>
    <time>2020-08-03T11:37:05Z</time>
   </trkpt>
   <trkpt lat="51.1054030" lon="-0.6017060">
    <ele>55.9</ele>
    <time>2020-08-03T11:37:06Z</time>
   </trkpt>
   <trkpt lat="51.1054310" lon="-0.6015990">
    <ele>55.9</ele>
    <time>2020-08-03T11:37:07Z</time>
   </trkpt>
   <trkpt lat="51.1054950" lon="-0.6013790">
    <ele>56.0</ele>
    <time>2020-08-03T11:37:09Z</time>
   </trkpt>
   <trkpt lat="51.1055310" lon="-0.6012700">
    <ele>56.2</ele>
    <time>2020-08-03T11:37:10Z</time>
   </trkpt>
   <trkpt lat="51.1055970" lon="-0.6010730">
    <ele>56.4</ele>
    <time>2020-08-03T11:37:12Z</time>
   </trkpt>
   <trkpt lat="51.1056310" lon="-0.6009720">
    <ele>56.5</ele>
    <time>2020-08-03T11:37:13Z</time>
   </trkpt>
   <trkpt lat="51.1056590" lon="-0.6008630">
    <ele>56.6</ele>
    <time>2020-08-03T11:37:14Z</time>
   </trkpt>
   <trkpt lat="51.1056850" lon="-0.6007550">
    <ele>56.7</ele>
    <time>2020-08-03T11:37:15Z</time>
   </trkpt>
   <trkpt lat="51.1057500" lon="-0.6005460">
    <ele>56.9</ele>
    <time>2020-08-03T11:37:17Z</time>
   </trkpt>
   <trkpt lat="51.1058200" lon="-0.6003350">
    <ele>57.2</ele>
    <time>2020-08-03T11:37:19Z</time>
   </trkpt>
   <trkpt lat="51.1058500" lon="-0.6002390">
    <ele>57.3</ele>
    <time>2020-08-03T11:37:20Z</time>
   </trkpt>
   <trkpt lat="51.1059240" lon="-0.6000500">
    <ele>57.8</ele>
    <time>2020-08-03T11:37:22Z</time>
   </trkpt>
   <trkpt lat="51.1059600" lon="-0.5999590">
    <ele>58.0</ele>
    <time>2020-08-03T11:37:23Z</time>
   </trkpt>
   <trkpt lat="51.1060340" lon="-0.5997860">
    <ele>58.2</ele>
    <time>2020-08-03T11:37:25Z</time>
   </trkpt>
   <trkpt lat="51.1060770" lon="-0.5996980">
    <ele>58.2</ele>
    <time>2020-08-03T11:37:26Z</time>
   </trkpt>
   <trkpt lat="51.1061160" lon="-0.5996090">
    <ele>58.3</ele>
    <time>2020-08-03T11:37:27Z</time>
   </trkpt>
   <trkpt lat="51.1062030" lon="-0.5994440">
    <ele>58.4</ele>
    <time>2020-08-03T11:37:29Z</time>
   </trkpt>
   <trkpt lat="51.1062870" lon="-0.5993050">
    <ele>58.5</ele>
    <time>2020-08-03T11:37:31Z</time>
   </trkpt>
   <trkpt lat="51.1063840" lon="-0.5991750">
    <ele>58.7</ele>
    <time>2020-08-03T11:37:33Z</time>
   </trkpt>
   <trkpt lat="51.1064820" lon="-0.5990560">
    <ele>58.9</ele>
    <time>2020-08-03T11:37:35Z</time>
   </trkpt>
   <trkpt lat="51.1065290" lon="-0.5989930">
    <ele>59.0</ele>
    <time>2020-08-03T11:37:36Z</time>
   </trkpt>
   <trkpt lat="51.1066280" lon="-0.5988690">
    <ele>59.2</ele>
    <time>2020-08-03T11:37:38Z</time>
   </trkpt>
   <trkpt lat="51.1066760" lon="-0.5988030">
    <ele>59.3</ele>
    <time>2020-08-03T11:37:39Z</time>
   </trkpt>
   <trkpt lat="51.1067780" lon="-0.5986950">
    <ele>59.4</ele>
    <time>2020-08-03T11:37:41Z</time>
   </trkpt>
   <trkpt lat="51.1068260" lon="-0.5986350">
    <ele>59.5</ele>
    <time>2020-08-03T11:37:42Z</time>
   </trkpt>
   <trkpt lat="51.1068760" lon="-0.5985780">
    <ele>59.6</ele>
    <time>2020-08-03T11:37:43Z</time>
   </trkpt>
   <trkpt lat="51.1069770" lon="-0.5984620">
    <ele>59.8</ele>
    <time>2020-08-03T11:37:45Z</time>
   </trkpt>
   <trkpt lat="51.1070240" lon="-0.5984050">
    <ele>59.8</ele>
    <time>2020-08-03T11:37:46Z</time>
   </trkpt>
   <trkpt lat="51.1070650" lon="-0.5983510">
    <ele>59.9</ele>
    <time>2020-08-03T11:37:47Z</time>
   </trkpt>
   <trkpt lat="51.1071500" lon="-0.5982350">
    <ele>60.0</ele>
    <time>2020-08-03T11:37:49Z</time>
   </trkpt>
   <trkpt lat="51.1072430" lon="-0.5981290">
    <ele>60.1</ele>
    <time>2020-08-03T11:37:51Z</time>
   </trkpt>
   <trkpt lat="51.1072930" lon="-0.5980760">
    <ele>60.2</ele>
    <time>2020-08-03T11:37:52Z</time>
   </trkpt>
   <trkpt lat="51.1073810" lon="-0.5979720">
    <ele>60.4</ele>
    <time>2020-08-03T11:37:54Z</time>
   </trkpt>
   <trkpt lat="51.1074310" lon="-0.5979130">
    <ele>60.4</ele>
    <time>2020-08-03T11:37:55Z</time>
   </trkpt>
   <trkpt lat="51.1075180" lon="-0.5977980">
    <ele>60.6</ele>
    <time>2020-08-03T11:37:57Z</time>
   </trkpt>
   <trkpt lat="51.1076050" lon="-0.5976730">
    <ele>60.7</ele>
    <time>2020-08-03T11:37:59Z</time>
   </trkpt>
   <trkpt lat="51.1076530" lon="-0.5976180">
    <ele>60.7</ele>
    <time>2020-08-03T11:38:00Z</time>
   </trkpt>
   <trkpt lat="51.1077460" lon="-0.5975170">
    <ele>60.7</ele>
    <time>2020-08-03T11:38:02Z</time>
   </trkpt>
   <trkpt lat="51.1078540" lon="-0.5974050">
    <ele>60.7</ele>
    <time>2020-08-03T11:38:04Z</time>
   </trkpt>
   <trkpt lat="51.1079130" lon="-0.5973580">
    <ele>60.8</ele>
    <time>2020-08-03T11:38:05Z</time>
   </trkpt>
   <trkpt lat="51.1080270" lon="-0.5972650">
    <ele>60.9</ele>
    <time>2020-08-03T11:38:07Z</time>
   </trkpt>
   <trkpt lat="51.1081340" lon="-0.5971640">
    <ele>60.9</ele>
    <time>2020-08-03T11:38:09Z</time>
   </trkpt>
   <trkpt lat="51.1081850" lon="-0.5971080">
    <ele>61.0</ele>
    <time>2020-08-03T11:38:10Z</time>
   </trkpt>
   <trkpt lat="51.1082390" lon="-0.5970470">
    <ele>61.0</ele>
    <time>2020-08-03T11:38:11Z</time>
   </trkpt>
   <trkpt lat="51.1082920" lon="-0.5969870">
    <ele>61.1</ele>
    <time>2020-08-03T11:38:12Z</time>
   </trkpt>
   <trkpt lat="51.1083930" lon="-0.5968910">
    <ele>61.2</ele>
    <time>2020-08-03T11:38:14Z</time>
   </trkpt>
   <trkpt lat="51.1084930" lon="-0.5967950">
    <ele>61.3</ele>
    <time>2020-08-03T11:38:16Z</time>
   </trkpt>
   <trkpt lat="51.1085410" lon="-0.5967420">
    <ele>61.4</ele>
    <time>2020-08-03T11:38:17Z</time>
   </trkpt>
   <trkpt lat="51.1086440" lon="-0.5966340">
    <ele>61.7</ele>
    <time>2020-08-03T11:38:19Z</time>
   </trkpt>
   <trkpt lat="51.1087350" lon="-0.5965360">
    <ele>61.8</ele>
    <time>2020-08-03T11:38:21Z</time>
   </trkpt>
   <trkpt lat="51.1087860" lon="-0.5964940">
    <ele>61.8</ele>
    <time>2020-08-03T11:38:22Z</time>
   </trkpt>
   <trkpt lat="51.1088880" lon="-0.5964060">
    <ele>61.8</ele>
    <time>2020-08-03T11:38:24Z</time>
   </trkpt>
   <trkpt lat="51.1089230" lon="-0.5963430">
    <ele>61.8</ele>
    <time>2020-08-03T11:38:25Z</time>
   </trkpt>
   <trkpt lat="51.1089620" lon="-0.5962840">
    <ele>61.8</ele>
    <time>2020-08-03T11:38:26Z</time>
   </trkpt>
   <trkpt lat="51.1090340" lon="-0.5961770">
    <ele>61.9</ele>
    <time>2020-08-03T11:38:28Z</time>
   </trkpt>
   <trkpt lat="51.1090740" lon="-0.5961280">
    <ele>61.9</ele>
    <time>2020-08-03T11:38:29Z</time>
   </trkpt>
   <trkpt lat="51.1091120" lon="-0.5960770">
    <ele>61.9</ele>
    <time>2020-08-03T11:38:30Z</time>
   </trkpt>
   <trkpt lat="51.1091520" lon="-0.5960190">
    <ele>61.8</ele>
    <time>2020-08-03T11:38:31Z</time>
   </trkpt>
   <trkpt lat="51.1092230" lon="-0.5959120">
    <ele>61.8</ele>
    <time>2020-08-03T11:38:33Z</time>
   </trkpt>
   <trkpt lat="51.1092640" lon="-0.5958570">
    <ele>61.8</ele>
    <time>2020-08-03T11:38:34Z</time>
   </trkpt>
   <trkpt lat="51.1093460" lon="-0.5957590">
    <ele>61.7</ele>
    <time>2020-08-03T11:38:36Z</time>
   </trkpt>
   <trkpt lat="51.1093880" lon="-0.5957090">
    <ele>61.7</ele>
    <time>2020-08-03T11:38:37Z</time>
   </trkpt>
   <trkpt lat="51.1094300" lon="-0.5956570">
    <ele>61.7</ele>
    <time>2020-08-03T11:38:38Z</time>
   </trkpt>
   <trkpt lat="51.1094690" lon="-0.5956010">
    <ele>61.7</ele>
    <time>2020-08-03T11:38:39Z</time>
   </trkpt>
   <trkpt lat="51.1095500" lon="-0.5955020">
    <ele>61.8</ele>
    <time>2020-08-03T11:38:41Z</time>
   </trkpt>
   <trkpt lat="51.1096360" lon="-0.5954020">
    <ele>61.8</ele>
    <time>2020-08-03T11:38:43Z</time>
   </trkpt>
   <trkpt lat="51.1096750" lon="-0.5953480">
    <ele>61.7</ele>
    <time>2020-08-03T11:38:44Z</time>
   </trkpt>
   <trkpt lat="51.1097640" lon="-0.5952320">
    <ele>61.5</ele>
    <time>2020-08-03T11:38:46Z</time>
   </trkpt>
   <trkpt lat="51.1098550" lon="-0.5951210">
    <ele>61.3</ele>
    <time>2020-08-03T11:38:48Z</time>
   </trkpt>
   <trkpt lat="51.1099490" lon="-0.5950160">
    <ele>61.1</ele>
    <time>2020-08-03T11:38:50Z</time>
   </trkpt>
   <trkpt lat="51.1099950" lon="-0.5949570">
    <ele>61.0</ele>
    <time>2020-08-03T11:38:51Z</time>
   </trkpt>
   <trkpt lat="51.1100800" lon="-0.5948420">
    <ele>60.9</ele>
    <time>2020-08-03T11:38:53Z</time>
   </trkpt>
   <trkpt lat="51.1101320" lon="-0.5947720">
    <ele>60.8</ele>
    <time>2020-08-03T11:38:54Z</time>
   </trkpt>
   <trkpt lat="51.1101750" lon="-0.5947070">
    <ele>60.7</ele>
    <time>2020-08-03T11:38:55Z</time>
   </trkpt>
   <trkpt lat="51.1102790" lon="-0.5945870">
    <ele>60.5</ele>
    <time>2020-08-03T11:38:57Z</time>
   </trkpt>
   <trkpt lat="51.1103640" lon="-0.5944640">
    <ele>60.2</ele>
    <time>2020-08-03T11:38:59Z</time>
   </trkpt>
   <trkpt lat="51.1104040" lon="-0.5943930">
    <ele>60.1</ele>
    <time>2020-08-03T11:39:00Z</time>
   </trkpt>
   <trkpt lat="51.1104810" lon="-0.5942480">
    <ele>59.9</ele>
    <time>2020-08-03T11:39:02Z</time>
   </trkpt>
   <trkpt lat="51.1105270" lon="-0.5941640">
    <ele>59.8</ele>
    <time>2020-08-03T11:39:03Z</time>
   </trkpt>
   <trkpt lat="51.1105710" lon="-0.5940800">
    <ele>59.7</ele>
    <time>2020-08-03T11:39:04Z</time>
   </trkpt>
   <trkpt lat="51.1106540" lon="-0.5939100">
    <ele>59.6</ele>
    <time>2020-08-03T11:39:06Z</time>
   </trkpt>
   <trkpt lat="51.1107330" lon="-0.5937500">
    <ele>59.5</ele>
    <time>2020-08-03T11:39:08Z</time>
   </trkpt>
   <trkpt lat="51.1107720" lon="-0.5936670">
    <ele>59.4</ele>
    <time>2020-08-03T11:39:09Z</time>
   </trkpt>
   <trkpt lat="51.1108510" lon="-0.5934960">
    <ele>59.2</ele>
    <time>2020-08-03T11:39:11Z</time>
   </trkpt>
   <trkpt lat="51.1108900" lon="-0.5934110">
    <ele>59.0</ele>
    <time>2020-08-03T11:39:12Z</time>
   </trkpt>
   <trkpt lat="51.1109760" lon="-0.5932510">
    <ele>58.8</ele>
    <time>2020-08-03T11:39:14Z</time>
   </trkpt>
   <trkpt lat="51.1110140" lon="-0.5931760">
    <ele>58.7</ele>
    <time>2020-08-03T11:39:15Z</time>
   </trkpt>
   <trkpt lat="51.1110860" lon="-0.5930020">
    <ele>58.6</ele>
    <time>2020-08-03T11:39:17Z</time>
   </trkpt>
   <trkpt lat="51.1111640" lon="-0.5928170">
    <ele>58.5</ele>
    <time>2020-08-03T11:39:19Z</time>
   </trkpt>
   <trkpt lat="51.1112020" lon="-0.5927290">
    <ele>58.4</ele>
    <time>2020-08-03T11:39:20Z</time>
   </trkpt>
   <trkpt lat="51.1112630" lon="-0.5925620">
    <ele>58.3</ele>
    <time>2020-08-03T11:39:22Z</time>
   </trkpt>
   <trkpt lat="51.1113250" lon="-0.5923920">
    <ele>58.2</ele>
    <time>2020-08-03T11:39:24Z</time>
   </trkpt>
   <trkpt lat="51.1113500" lon="-0.5922990">
    <ele>58.2</ele>
    <time>2020-08-03T11:39:25Z</time>
   </trkpt>
   <trkpt lat="51.1114070" lon="-0.5921280">
    <ele>58.1</ele>
    <time>2020-08-03T11:39:27Z</time>
   </trkpt>
   <trkpt lat="51.1114290" lon="-0.5920360">
    <ele>58.1</ele>
    <time>2020-08-03T11:39:28Z</time>
   </trkpt>
   <trkpt lat="51.1114770" lon="-0.5918450">
    <ele>58.0</ele>
    <time>2020-08-03T11:39:30Z</time>
   </trkpt>
   <trkpt lat="51.1115090" lon="-0.5916630">
    <ele>57.8</ele>
    <time>2020-08-03T11:39:32Z</time>
   </trkpt>
   <trkpt lat="51.1115310" lon="-0.5915660">
    <ele>57.7</ele>
    <time>2020-08-03T11:39:33Z</time>
   </trkpt>
   <trkpt lat="51.1115570" lon="-0.5914710">
    <ele>57.6</ele>
    <time>2020-08-03T11:39:34Z</time>
   </trkpt>
   <trkpt lat="51.1116120" lon="-0.5912770">
    <ele>57.4</ele>
    <time>2020-08-03T11:39:36Z</time>
   </trkpt>
   <trkpt lat="51.1116390" lon="-0.5911850">
    <ele>57.3</ele>
    <time>2020-08-03T11:39:37Z</time>
   </trkpt>
   <trkpt lat="51.1116690" lon="-0.5910900">
    <ele>57.1</ele>
    <time>2020-08-03T11:39:38Z</time>
   </trkpt>
   <trkpt lat="51.1117200" lon="-0.5909080">
    <ele>56.8</ele>
    <time>2020-08-03T11:39:40Z</time>
   </trkpt>
   <trkpt lat="51.1117770" lon="-0.5907260">
    <ele>56.4</ele>
    <time>2020-08-03T11:39:42Z</time>
   </trkpt>
   <trkpt lat="51.1118460" lon="-0.5905600">
    <ele>55.9</ele>
    <time>2020-08-03T11:39:44Z</time>
   </trkpt>
   <trkpt lat="51.1118770" lon="-0.5904650">
    <ele>55.6</ele>
    <time>2020-08-03T11:39:45Z</time>
   </trkpt>
   <trkpt lat="51.1119420" lon="-0.5902640">
    <ele>55.0</ele>
    <time>2020-08-03T11:39:47Z</time>
   </trkpt>
   <trkpt lat="51.1119730" lon="-0.5901670">
    <ele>54.7</ele>
    <time>2020-08-03T11:39:48Z</time>
   </trkpt>
   <trkpt lat="51.1120300" lon="-0.5899740">
    <ele>54.2</ele>
    <time>2020-08-03T11:39:50Z</time>
   </trkpt>
   <trkpt lat="51.1120650" lon="-0.5898670">
    <ele>53.9</ele>
    <time>2020-08-03T11:39:51Z</time>
   </trkpt>
   <trkpt lat="51.1121330" lon="-0.5896520">
    <ele>53.3</ele>
    <time>2020-08-03T11:39:53Z</time>
   </trkpt>
   <trkpt lat="51.1121990" lon="-0.5894160">
    <ele>52.8</ele>
    <time>2020-08-03T11:39:55Z</time>
   </trkpt>
   <trkpt lat="51.1122160" lon="-0.5893020">
    <ele>52.6</ele>
    <time>2020-08-03T11:39:56Z</time>
   </trkpt>
   <trkpt lat="51.1122370" lon="-0.5891870">
    <ele>52.3</ele>
    <time>2020-08-03T11:39:57Z</time>
   </trkpt>
   <trkpt lat="51.1122490" lon="-0.5889470">
    <ele>51.7</ele>
    <time>2020-08-03T11:39:59Z</time>
   </trkpt>
   <trkpt lat="51.1122470" lon="-0.5888200">
    <ele>51.4</ele>
    <time>2020-08-03T11:40:00Z</time>
   </trkpt>
   <trkpt lat="51.1122300" lon="-0.5885710">
    <ele>51.0</ele>
    <time>2020-08-03T11:40:02Z</time>
   </trkpt>
   <trkpt lat="51.1122050" lon="-0.5883280">
    <ele>50.7</ele>
    <time>2020-08-03T11:40:04Z</time>
   </trkpt>
   <trkpt lat="51.1121780" lon="-0.5881080">
    <ele>50.5</ele>
    <time>2020-08-03T11:40:06Z</time>
   </trkpt>
   <trkpt lat="51.1120920" lon="-0.5879230">
    <ele>50.2</ele>
    <time>2020-08-03T11:40:08Z</time>
   </trkpt>
   <trkpt lat="51.1120380" lon="-0.5878420">
    <ele>50.1</ele>
    <time>2020-08-03T11:40:09Z</time>
   </trkpt>
   <trkpt lat="51.1119030" lon="-0.5877270">
    <ele>50.1</ele>
    <time>2020-08-03T11:40:11Z</time>
   </trkpt>
   <trkpt lat="51.1118270" lon="-0.5876720">
    <ele>50.1</ele>
    <time>2020-08-03T11:40:12Z</time>
   </trkpt>
   <trkpt lat="51.1116930" lon="-0.5875600">
    <ele>50.3</ele>
    <time>2020-08-03T11:40:14Z</time>
   </trkpt>
   <trkpt lat="51.1116240" lon="-0.5875000">
    <ele>50.4</ele>
    <time>2020-08-03T11:40:15Z</time>
   </trkpt>
   <trkpt lat="51.1115590" lon="-0.5874440">
    <ele>50.5</ele>
    <time>2020-08-03T11:40:16Z</time>
   </trkpt>
   <trkpt lat="51.1114450" lon="-0.5873170">
    <ele>50.8</ele>
    <time>2020-08-03T11:40:18Z</time>
   </trkpt>
   <trkpt lat="51.1113440" lon="-0.5871750">
    <ele>51.1</ele>
    <time>2020-08-03T11:40:20Z</time>
   </trkpt>
   <trkpt lat="51.1113000" lon="-0.5870990">
    <ele>51.3</ele>
    <time>2020-08-03T11:40:21Z</time>
   </trkpt>
   <trkpt lat="51.1112120" lon="-0.5869570">
    <ele>51.6</ele>
    <time>2020-08-03T11:40:23Z</time>
   </trkpt>
   <trkpt lat="51.1111730" lon="-0.5868810">
    <ele>51.7</ele>
    <time>2020-08-03T11:40:24Z</time>
   </trkpt>
   <trkpt lat="51.1111330" lon="-0.5868020">
    <ele>51.7</ele>
    <time>2020-08-03T11:40:25Z</time>
   </trkpt>
   <trkpt lat="51.1111070" lon="-0.5867150">
    <ele>51.7</ele>
    <time>2020-08-03T11:40:26Z</time>
   </trkpt>
   <trkpt lat="51.1110700" lon="-0.5866470">
    <ele>51.8</ele>
    <time>2020-08-03T11:40:27Z</time>
   </trkpt>
   <trkpt lat="51.1109840" lon="-0.5864970">
    <ele>51.9</ele>
    <time>2020-08-03T11:40:29Z</time>
   </trkpt>
   <trkpt lat="51.1108720" lon="-0.5863990">
    <ele>51.9</ele>
    <time>2020-08-03T11:40:31Z</time>
   </trkpt>
   <trkpt lat="51.1107440" lon="-0.5863640">
    <ele>52.1</ele>
    <time>2020-08-03T11:40:33Z</time>
   </trkpt>
   <trkpt lat="51.1106820" lon="-0.5863510">
    <ele>52.2</ele>
    <time>2020-08-03T11:40:34Z</time>
   </trkpt>
   <trkpt lat="51.1105550" lon="-0.5863260">
    <ele>52.3</ele>
    <time>2020-08-03T11:40:36Z</time>
   </trkpt>
   <trkpt lat="51.1104620" lon="-0.5862570">
    <ele>52.1</ele>
    <time>2020-08-03T11:40:38Z</time>
   </trkpt>
   <trkpt lat="51.1104170" lon="-0.5861920">
    <ele>52.0</ele>
    <time>2020-08-03T11:40:39Z</time>
   </trkpt>
   <trkpt lat="51.1103070" lon="-0.5860410">
    <ele>51.5</ele>
    <time>2020-08-03T11:40:41Z</time>
   </trkpt>
   <trkpt lat="51.1102600" lon="-0.5859610">
    <ele>51.3</ele>
    <time>2020-08-03T11:40:42Z</time>
   </trkpt>
   <trkpt lat="51.1102200" lon="-0.5858820">
    <ele>51.1</ele>
    <time>2020-08-03T11:40:43Z</time>
   </trkpt>
   <trkpt lat="51.1101420" lon="-0.5857170">
    <ele>50.8</ele>
    <time>2020-08-03T11:40:45Z</time>
   </trkpt>
   <trkpt lat="51.1100370" lon="-0.5855430">
    <ele>50.4</ele>
    <time>2020-08-03T11:40:47Z</time>
   </trkpt>
   <trkpt lat="51.1099870" lon="-0.5854540">
    <ele>50.2</ele>
    <time>2020-08-03T11:40:48Z</time>
   </trkpt>
   <trkpt lat="51.1098820" lon="-0.5852760">
    <ele>49.7</ele>
    <time>2020-08-03T11:40:50Z</time>
   </trkpt>
   <trkpt lat="51.1097780" lon="-0.5850980">
    <ele>49.3</ele>
    <time>2020-08-03T11:40:52Z</time>
   </trkpt>
   <trkpt lat="51.1097220" lon="-0.5850000">
    <ele>49.1</ele>
    <time>2020-08-03T11:40:53Z</time>
   </trkpt>
   <trkpt lat="51.1096200" lon="-0.5848020">
    <ele>48.9</ele>
    <time>2020-08-03T11:40:55Z</time>
   </trkpt>
   <trkpt lat="51.1095250" lon="-0.5846070">
    <ele>48.7</ele>
    <time>2020-08-03T11:40:57Z</time>
   </trkpt>
   <trkpt lat="51.1094780" lon="-0.5845050">
    <ele>48.7</ele>
    <time>2020-08-03T11:40:58Z</time>
   </trkpt>
   <trkpt lat="51.1093750" lon="-0.5842920">
    <ele>48.3</ele>
    <time>2020-08-03T11:41:00Z</time>
   </trkpt>
   <trkpt lat="51.1092670" lon="-0.5840790">
    <ele>48.1</ele>
    <time>2020-08-03T11:41:02Z</time>
   </trkpt>
   <trkpt lat="51.1091600" lon="-0.5838810">
    <ele>48.1</ele>
    <time>2020-08-03T11:41:04Z</time>
   </trkpt>
   <trkpt lat="51.1090520" lon="-0.5836850">
    <ele>48.2</ele>
    <time>2020-08-03T11:41:06Z</time>
   </trkpt>
   <trkpt lat="51.1089970" lon="-0.5835830">
    <ele>48.2</ele>
    <time>2020-08-03T11:41:07Z</time>
   </trkpt>
   <trkpt lat="51.1089010" lon="-0.5833670">
    <ele>48.3</ele>
    <time>2020-08-03T11:41:09Z</time>
   </trkpt>
   <trkpt lat="51.1088520" lon="-0.5832590">
    <ele>48.3</ele>
    <time>2020-08-03T11:41:10Z</time>
   </trkpt>
   <trkpt lat="51.1087540" lon="-0.5830570">
    <ele>48.3</ele>
    <time>2020-08-03T11:41:12Z</time>
   </trkpt>
   <trkpt lat="51.1087230" lon="-0.5829480">
    <ele>48.3</ele>
    <time>2020-08-03T11:41:13Z</time>
   </trkpt>
   <trkpt lat="51.1086900" lon="-0.5827050">
    <ele>48.1</ele>
    <time>2020-08-03T11:41:15Z</time>
   </trkpt>
   <trkpt lat="51.1087040" lon="-0.5824520">
    <ele>47.9</ele>
    <time>2020-08-03T11:41:17Z</time>
   </trkpt>
   <trkpt lat="51.1087210" lon="-0.5823160">
    <ele>47.8</ele>
    <time>2020-08-03T11:41:18Z</time>
   </trkpt>
   <trkpt lat="51.1087420" lon="-0.5821760">
    <ele>47.8</ele>
    <time>2020-08-03T11:41:19Z</time>
   </trkpt>
   <trkpt lat="51.1087570" lon="-0.5820410">
    <ele>47.7</ele>
    <time>2020-08-03T11:41:20Z</time>
   </trkpt>
   <trkpt lat="51.1087670" lon="-0.5817860">
    <ele>47.6</ele>
    <time>2020-08-03T11:41:22Z</time>
   </trkpt>
   <trkpt lat="51.1087750" lon="-0.5814990">
    <ele>47.7</ele>
    <time>2020-08-03T11:41:24Z</time>
   </trkpt>
   <trkpt lat="51.1087710" lon="-0.5813600">
    <ele>47.8</ele>
    <time>2020-08-03T11:41:25Z</time>
   </trkpt>
   <trkpt lat="51.1087690" lon="-0.5811130">
    <ele>48.0</ele>
    <time>2020-08-03T11:41:27Z</time>
   </trkpt>
   <trkpt lat="51.1087750" lon="-0.5808820">
    <ele>48.0</ele>
    <time>2020-08-03T11:41:29Z</time>
   </trkpt>
   <trkpt lat="51.1087920" lon="-0.5806420">
    <ele>47.8</ele>
    <time>2020-08-03T11:41:31Z</time>
   </trkpt>
   <trkpt lat="51.1087950" lon="-0.5805150">
    <ele>47.8</ele>
    <time>2020-08-03T11:41:32Z</time>
   </trkpt>
   <trkpt lat="51.1088050" lon="-0.5802700">
    <ele>47.7</ele>
    <time>2020-08-03T11:41:34Z</time>
   </trkpt>
   <trkpt lat="51.1088210" lon="-0.5800320">
    <ele>47.7</ele>
    <time>2020-08-03T11:41:36Z</time>
   </trkpt>
   <trkpt lat="51.1088380" lon="-0.5798020">
    <ele>47.6</ele>
    <time>2020-08-03T11:41:38Z</time>
   </trkpt>
   <trkpt lat="51.1088740" lon="-0.5795760">
    <ele>47.4</ele>
    <time>2020-08-03T11:41:40Z</time>
   </trkpt>
   <trkpt lat="51.1088830" lon="-0.5794680">
    <ele>47.2</ele>
    <time>2020-08-03T11:41:41Z</time>
   </trkpt>
   <trkpt lat="51.1088900" lon="-0.5792740">
    <ele>47.0</ele>
    <time>2020-08-03T11:41:43Z</time>
   </trkpt>
   <trkpt lat="51.1088980" lon="-0.5791670">
    <ele>46.8</ele>
    <time>2020-08-03T11:41:44Z</time>
   </trkpt>
   <trkpt lat="51.1088980" lon="-0.5789670">
    <ele>46.5</ele>
    <time>2020-08-03T11:41:46Z</time>
   </trkpt>
   <trkpt lat="51.1089030" lon="-0.5787690">
    <ele>46.2</ele>
    <time>2020-08-03T11:41:48Z</time>
   </trkpt>
   <trkpt lat="51.1089030" lon="-0.5785590">
    <ele>45.8</ele>
    <time>2020-08-03T11:41:50Z</time>
   </trkpt>
   <trkpt lat="51.1088950" lon="-0.5784510">
    <ele>45.6</ele>
    <time>2020-08-03T11:41:51Z</time>
   </trkpt>
   <trkpt lat="51.1088780" lon="-0.5783350">
    <ele>45.4</ele>
    <time>2020-08-03T11:41:52Z</time>
   </trkpt>
   <trkpt lat="51.1088460" lon="-0.5781200">
    <ele>45.1</ele>
    <time>2020-08-03T11:41:54Z</time>
   </trkpt>
   <trkpt lat="51.1088180" lon="-0.5778960">
    <ele>44.8</ele>
    <time>2020-08-03T11:41:56Z</time>
   </trkpt>
   <trkpt lat="51.1088090" lon="-0.5776600">
    <ele>44.5</ele>
    <time>2020-08-03T11:41:58Z</time>
   </trkpt>
   <trkpt lat="51.1087990" lon="-0.5774250">
    <ele>44.2</ele>
    <time>2020-08-03T11:42:00Z</time>
   </trkpt>
   <trkpt lat="51.1087920" lon="-0.5773070">
    <ele>44.2</ele>
    <time>2020-08-03T11:42:01Z</time>
   </trkpt>
   <trkpt lat="51.1087990" lon="-0.5771820">
    <ele>44.1</ele>
    <time>2020-08-03T11:42:02Z</time>
   </trkpt>
   <trkpt lat="51.1087960" lon="-0.5770630">
    <ele>44.2</ele>
    <time>2020-08-03T11:42:03Z</time>
   </trkpt>
   <trkpt lat="51.1087830" lon="-0.5769520">
    <ele>44.2</ele>
    <time>2020-08-03T11:42:04Z</time>
   </trkpt>
   <trkpt lat="51.1087520" lon="-0.5767300">
    <ele>44.2</ele>
    <time>2020-08-03T11:42:06Z</time>
   </trkpt>
   <trkpt lat="51.1087280" lon="-0.5766180">
    <ele>44.0</ele>
    <time>2020-08-03T11:42:07Z</time>
   </trkpt>
   <trkpt lat="51.1087110" lon="-0.5765130">
    <ele>43.9</ele>
    <time>2020-08-03T11:42:08Z</time>
   </trkpt>
   <trkpt lat="51.1086830" lon="-0.5762870">
    <ele>43.6</ele>
    <time>2020-08-03T11:42:10Z</time>
   </trkpt>
   <trkpt lat="51.1086720" lon="-0.5761700">
    <ele>43.4</ele>
    <time>2020-08-03T11:42:11Z</time>
   </trkpt>
   <trkpt lat="51.1086410" lon="-0.5759660">
    <ele>43.1</ele>
    <time>2020-08-03T11:42:13Z</time>
   </trkpt>
   <trkpt lat="51.1086260" lon="-0.5758640">
    <ele>43.0</ele>
    <time>2020-08-03T11:42:14Z</time>
   </trkpt>
   <trkpt lat="51.1086320" lon="-0.5756240">
    <ele>42.8</ele>
    <time>2020-08-03T11:42:16Z</time>
   </trkpt>
   <trkpt lat="51.1086440" lon="-0.5753640">
    <ele>42.5</ele>
    <time>2020-08-03T11:42:18Z</time>
   </trkpt>
   <trkpt lat="51.1086540" lon="-0.5750970">
    <ele>42.1</ele>
    <time>2020-08-03T11:42:20Z</time>
   </trkpt>
   <trkpt lat="51.1086620" lon="-0.5749710">
    <ele>42.0</ele>
    <time>2020-08-03T11:42:21Z</time>
   </trkpt>
   <trkpt lat="51.1086700" lon="-0.5748500">
    <ele>41.8</ele>
    <time>2020-08-03T11:42:22Z</time>
   </trkpt>
   <trkpt lat="51.1086830" lon="-0.5746050">
    <ele>41.5</ele>
    <time>2020-08-03T11:42:24Z</time>
   </trkpt>
   <trkpt lat="51.1087070" lon="-0.5743750">
    <ele>41.4</ele>
    <time>2020-08-03T11:42:26Z</time>
   </trkpt>
   <trkpt lat="51.1087160" lon="-0.5742570">
    <ele>41.3</ele>
    <time>2020-08-03T11:42:27Z</time>
   </trkpt>
   <trkpt lat="51.1087200" lon="-0.5740310">
    <ele>41.0</ele>
    <time>2020-08-03T11:42:29Z</time>
   </trkpt>
   <trkpt lat="51.1087100" lon="-0.5739240">
    <ele>40.9</ele>
    <time>2020-08-03T11:42:30Z</time>
   </trkpt>
   <trkpt lat="51.1087060" lon="-0.5738150">
    <ele>40.6</ele>
    <time>2020-08-03T11:42:31Z</time>
   </trkpt>
   <trkpt lat="51.1087210" lon="-0.5735800">
    <ele>40.1</ele>
    <time>2020-08-03T11:42:33Z</time>
   </trkpt>
   <trkpt lat="51.1087380" lon="-0.5734530">
    <ele>39.8</ele>
    <time>2020-08-03T11:42:34Z</time>
   </trkpt>
   <trkpt lat="51.1087570" lon="-0.5733300">
    <ele>39.5</ele>
    <time>2020-08-03T11:42:35Z</time>
   </trkpt>
   <trkpt lat="51.1087940" lon="-0.5730720">
    <ele>38.9</ele>
    <time>2020-08-03T11:42:37Z</time>
   </trkpt>
   <trkpt lat="51.1088130" lon="-0.5729320">
    <ele>38.6</ele>
    <time>2020-08-03T11:42:38Z</time>
   </trkpt>
   <trkpt lat="51.1088330" lon="-0.5726670">
    <ele>38.2</ele>
    <time>2020-08-03T11:42:40Z</time>
   </trkpt>
   <trkpt lat="51.1088400" lon="-0.5725400">
    <ele>38.2</ele>
    <time>2020-08-03T11:42:41Z</time>
   </trkpt>
   <trkpt lat="51.1088450" lon="-0.5723140">
    <ele>38.1</ele>
    <time>2020-08-03T11:42:43Z</time>
   </trkpt>
   <trkpt lat="51.1088380" lon="-0.5721070">
    <ele>38.0</ele>
    <time>2020-08-03T11:42:45Z</time>
   </trkpt>
   <trkpt lat="51.1088360" lon="-0.5720090">
    <ele>38.0</ele>
    <time>2020-08-03T11:42:46Z</time>
   </trkpt>
   <trkpt lat="51.1088260" lon="-0.5718170">
    <ele>37.7</ele>
    <time>2020-08-03T11:42:48Z</time>
   </trkpt>
   <trkpt lat="51.1088050" lon="-0.5716150">
    <ele>36.9</ele>
    <time>2020-08-03T11:42:50Z</time>
   </trkpt>
   <trkpt lat="51.1087940" lon="-0.5715050">
    <ele>36.4</ele>
    <time>2020-08-03T11:42:51Z</time>
   </trkpt>
   <trkpt lat="51.1087880" lon="-0.5713930">
    <ele>35.9</ele>
    <time>2020-08-03T11:42:52Z</time>
   </trkpt>
   <trkpt lat="51.1087440" lon="-0.5711380">
    <ele>34.6</ele>
    <time>2020-08-03T11:42:54Z</time>
   </trkpt>
   <trkpt lat="51.1086530" lon="-0.5708770">
    <ele>33.4</ele>
    <time>2020-08-03T11:42:56Z</time>
   </trkpt>
   <trkpt lat="51.1085430" lon="-0.5706280">
    <ele>32.7</ele>
    <time>2020-08-03T11:42:58Z</time>
   </trkpt>
   <trkpt lat="51.1084930" lon="-0.5705000">
    <ele>32.3</ele>
    <time>2020-08-03T11:42:59Z</time>
   </trkpt>
   <trkpt lat="51.1084230" lon="-0.5702250">
    <ele>31.9</ele>
    <time>2020-08-03T11:43:01Z</time>
   </trkpt>
   <trkpt lat="51.1084070" lon="-0.5700850">
    <ele>31.8</ele>
    <time>2020-08-03T11:43:02Z</time>
   </trkpt>
   <trkpt lat="51.1084250" lon="-0.5698020">
    <ele>31.7</ele>
    <time>2020-08-03T11:43:04Z</time>
   </trkpt>
   <trkpt lat="51.1085030" lon="-0.5695580">
    <ele>31.1</ele>
    <time>2020-08-03T11:43:06Z</time>
   </trkpt>
   <trkpt lat="51.1085500" lon="-0.5694520">
    <ele>30.8</ele>
    <time>2020-08-03T11:43:07Z</time>
   </trkpt>
   <trkpt lat="51.1086350" lon="-0.5692350">
    <ele>30.6</ele>
    <time>2020-08-03T11:43:09Z</time>
   </trkpt>
   <trkpt lat="51.1086720" lon="-0.5691180">
    <ele>30.5</ele>
    <time>2020-08-03T11:43:10Z</time>
   </trkpt>
   <trkpt lat="51.1087360" lon="-0.5688820">
    <ele>30.6</ele>
    <time>2020-08-03T11:43:12Z</time>
   </trkpt>
   <trkpt lat="51.1087880" lon="-0.5686490">
    <ele>30.8</ele>
    <time>2020-08-03T11:43:14Z</time>
   </trkpt>
   <trkpt lat="51.1088240" lon="-0.5685330">
    <ele>31.0</ele>
    <time>2020-08-03T11:43:15Z</time>
   </trkpt>
   <trkpt lat="51.1088930" lon="-0.5683180">
    <ele>31.3</ele>
    <time>2020-08-03T11:43:17Z</time>
   </trkpt>
   <trkpt lat="51.1089330" lon="-0.5682160">
    <ele>31.6</ele>
    <time>2020-08-03T11:43:18Z</time>
   </trkpt>
   <trkpt lat="51.1090110" lon="-0.5680320">
    <ele>32.1</ele>
    <time>2020-08-03T11:43:20Z</time>
   </trkpt>
   <trkpt lat="51.1090560" lon="-0.5679400">
    <ele>32.4</ele>
    <time>2020-08-03T11:43:21Z</time>
   </trkpt>
   <trkpt lat="51.1091460" lon="-0.5677620">
    <ele>33.5</ele>
    <time>2020-08-03T11:43:23Z</time>
   </trkpt>
   <trkpt lat="51.1092380" lon="-0.5676440">
    <ele>34.6</ele>
    <time>2020-08-03T11:43:25Z</time>
   </trkpt>
   <trkpt lat="51.1093090" lon="-0.5675200">
    <ele>35.9</ele>
    <time>2020-08-03T11:43:27Z</time>
   </trkpt>
   <trkpt lat="51.1093480" lon="-0.5674660">
    <ele>36.6</ele>
    <time>2020-08-03T11:43:28Z</time>
   </trkpt>
   <trkpt lat="51.1093910" lon="-0.5674130">
    <ele>37.4</ele>
    <time>2020-08-03T11:43:29Z</time>
   </trkpt>
   <trkpt lat="51.1094330" lon="-0.5673430">
    <ele>38.4</ele>
    <time>2020-08-03T11:43:31Z</time>
   </trkpt>
   <trkpt lat="51.1094740" lon="-0.5672400">
    <ele>39.5</ele>
    <time>2020-08-03T11:43:33Z</time>
   </trkpt>
   <trkpt lat="51.1095250" lon="-0.5671750">
    <ele>40.5</ele>
    <time>2020-08-03T11:43:35Z</time>
   </trkpt>
   <trkpt lat="51.1095460" lon="-0.5671390">
    <ele>40.9</ele>
    <time>2020-08-03T11:43:36Z</time>
   </trkpt>
   <trkpt lat="51.1095220" lon="-0.5671100">
    <ele>41.3</ele>
    <time>2020-08-03T11:43:37Z</time>
   </trkpt>
   <trkpt lat="51.1095540" lon="-0.5670560">
    <ele>41.9</ele>
    <time>2020-08-03T11:43:38Z</time>
   </trkpt>
   <trkpt lat="51.1095860" lon="-0.5669890">
    <ele>42.6</ele>
    <time>2020-08-03T11:43:40Z</time>
   </trkpt>
   <trkpt lat="51.1096300" lon="-0.5669450">
    <ele>43.2</ele>
    <time>2020-08-03T11:43:41Z</time>
   </trkpt>
   <trkpt lat="51.1096630" lon="-0.5669080">
    <ele>43.7</ele>
    <time>2020-08-03T11:43:42Z</time>
   </trkpt>
   <trkpt lat="51.1096860" lon="-0.5668810">
    <ele>44.0</ele>
    <time>2020-08-03T11:43:43Z</time>
   </trkpt>
   <trkpt lat="51.1097080" lon="-0.5668420">
    <ele>44.4</ele>
    <time>2020-08-03T11:43:44Z</time>
   </trkpt>
   <trkpt lat="51.1097330" lon="-0.5667970">
    <ele>44.8</ele>
    <time>2020-08-03T11:43:45Z</time>
   </trkpt>
   <trkpt lat="51.1097640" lon="-0.5667470">
    <ele>45.2</ele>
    <time>2020-08-03T11:43:46Z</time>
   </trkpt>
   <trkpt lat="51.1097890" lon="-0.5667100">
    <ele>45.6</ele>
    <time>2020-08-03T11:43:47Z</time>
   </trkpt>
   <trkpt lat="51.1098160" lon="-0.5666700">
    <ele>45.9</ele>
    <time>2020-08-03T11:43:49Z</time>
   </trkpt>
   <trkpt lat="51.1098490" lon="-0.5666190">
    <ele>46.3</ele>
    <time>2020-08-03T11:43:50Z</time>
   </trkpt>
   <trkpt lat="51.1099010" lon="-0.5665440">
    <ele>46.9</ele>
    <time>2020-08-03T11:43:51Z</time>
   </trkpt>
   <trkpt lat="51.1099130" lon="-0.5665410">
    <ele>47.0</ele>
    <time>2020-08-03T11:43:52Z</time>
   </trkpt>
   <trkpt lat="51.1099520" lon="-0.5665030">
    <ele>47.3</ele>
    <time>2020-08-03T11:43:54Z</time>
   </trkpt>
   <trkpt lat="51.1099870" lon="-0.5664660">
    <ele>47.7</ele>
    <time>2020-08-03T11:43:55Z</time>
   </trkpt>
   <trkpt lat="51.1100590" lon="-0.5663810">
    <ele>48.4</ele>
    <time>2020-08-03T11:43:57Z</time>
   </trkpt>
   <trkpt lat="51.1101330" lon="-0.5662940">
    <ele>49.2</ele>
    <time>2020-08-03T11:43:58Z</time>
   </trkpt>
   <trkpt lat="51.1102090" lon="-0.5662300">
    <ele>49.9</ele>
    <time>2020-08-03T11:43:59Z</time>
   </trkpt>
   <trkpt lat="51.1102540" lon="-0.5661800">
    <ele>50.4</ele>
    <time>2020-08-03T11:44:01Z</time>
   </trkpt>
   <trkpt lat="51.1103060" lon="-0.5661170">
    <ele>50.9</ele>
    <time>2020-08-03T11:44:02Z</time>
   </trkpt>
   <trkpt lat="51.1103290" lon="-0.5660820">
    <ele>51.1</ele>
    <time>2020-08-03T11:44:03Z</time>
   </trkpt>
   <trkpt lat="51.1103580" lon="-0.5660410">
    <ele>51.3</ele>
    <time>2020-08-03T11:44:04Z</time>
   </trkpt>
   <trkpt lat="51.1103870" lon="-0.5660100">
    <ele>51.4</ele>
    <time>2020-08-03T11:44:06Z</time>
   </trkpt>
   <trkpt lat="51.1103940" lon="-0.5660030">
    <ele>51.5</ele>
    <time>2020-08-03T11:44:07Z</time>
   </trkpt>
   <trkpt lat="51.1104150" lon="-0.5659860">
    <ele>51.6</ele>
    <time>2020-08-03T11:44:08Z</time>
   </trkpt>
   <trkpt lat="51.1104270" lon="-0.5659760">
    <ele>51.6</ele>
    <time>2020-08-03T11:44:09Z</time>
   </trkpt>
   <trkpt lat="51.1104620" lon="-0.5659470">
    <ele>51.8</ele>
    <time>2020-08-03T11:44:11Z</time>
   </trkpt>
   <trkpt lat="51.1104730" lon="-0.5659380">
    <ele>51.8</ele>
    <time>2020-08-03T11:44:12Z</time>
   </trkpt>
   <trkpt lat="51.1104960" lon="-0.5659200">
    <ele>51.9</ele>
    <time>2020-08-03T11:44:13Z</time>
   </trkpt>
   <trkpt lat="51.1105330" lon="-0.5658890">
    <ele>52.0</ele>
    <time>2020-08-03T11:44:15Z</time>
   </trkpt>
   <trkpt lat="51.1105760" lon="-0.5658520">
    <ele>52.1</ele>
    <time>2020-08-03T11:44:17Z</time>
   </trkpt>
   <trkpt lat="51.1106190" lon="-0.5658190">
    <ele>52.2</ele>
    <time>2020-08-03T11:44:18Z</time>
   </trkpt>
   <trkpt lat="51.1107240" lon="-0.5657280">
    <ele>52.3</ele>
    <time>2020-08-03T11:44:20Z</time>
   </trkpt>
   <trkpt lat="51.1107660" lon="-0.5656880">
    <ele>52.3</ele>
    <time>2020-08-03T11:44:21Z</time>
   </trkpt>
   <trkpt lat="51.1108460" lon="-0.5656190">
    <ele>52.3</ele>
    <time>2020-08-03T11:44:23Z</time>
   </trkpt>
   <trkpt lat="51.1108890" lon="-0.5655800">
    <ele>52.4</ele>
    <time>2020-08-03T11:44:24Z</time>
   </trkpt>
   <trkpt lat="51.1109340" lon="-0.5655460">
    <ele>52.4</ele>
    <time>2020-08-03T11:44:25Z</time>
   </trkpt>
   <trkpt lat="51.1109730" lon="-0.5655160">
    <ele>52.4</ele>
    <time>2020-08-03T11:44:26Z</time>
   </trkpt>
   <trkpt lat="51.1110100" lon="-0.5654970">
    <ele>52.4</ele>
    <time>2020-08-03T11:44:27Z</time>
   </trkpt>
   <trkpt lat="51.1110230" lon="-0.5654880">
    <ele>52.4</ele>
    <time>2020-08-03T11:44:28Z</time>
   </trkpt>
   <trkpt lat="51.1110810" lon="-0.5654460">
    <ele>52.4</ele>
    <time>2020-08-03T11:44:30Z</time>
   </trkpt>
   <trkpt lat="51.1111670" lon="-0.5653840">
    <ele>52.4</ele>
    <time>2020-08-03T11:44:31Z</time>
   </trkpt>
   <trkpt lat="51.1112630" lon="-0.5653060">
    <ele>52.5</ele>
    <time>2020-08-03T11:44:33Z</time>
   </trkpt>
   <trkpt lat="51.1113150" lon="-0.5652670">
    <ele>52.5</ele>
    <time>2020-08-03T11:44:35Z</time>
   </trkpt>
   <trkpt lat="51.1113500" lon="-0.5652470">
    <ele>52.5</ele>
    <time>2020-08-03T11:44:36Z</time>
   </trkpt>
   <trkpt lat="51.1114000" lon="-0.5652190">
    <ele>52.4</ele>
    <time>2020-08-03T11:44:37Z</time>
   </trkpt>
   <trkpt lat="51.1114510" lon="-0.5651770">
    <ele>52.4</ele>
    <time>2020-08-03T11:44:39Z</time>
   </trkpt>
   <trkpt lat="51.1114910" lon="-0.5651460">
    <ele>52.4</ele>
    <time>2020-08-03T11:44:40Z</time>
   </trkpt>
   <trkpt lat="51.1115410" lon="-0.5651040">
    <ele>52.4</ele>
    <time>2020-08-03T11:44:41Z</time>
   </trkpt>
   <trkpt lat="51.1115810" lon="-0.5650760">
    <ele>52.4</ele>
    <time>2020-08-03T11:44:43Z</time>
   </trkpt>
   <trkpt lat="51.1116040" lon="-0.5650620">
    <ele>52.4</ele>
    <time>2020-08-03T11:44:44Z</time>
   </trkpt>
   <trkpt lat="51.1116740" lon="-0.5650060">
    <ele>52.5</ele>
    <time>2020-08-03T11:44:46Z</time>
   </trkpt>
   <trkpt lat="51.1117530" lon="-0.5649410">
    <ele>52.5</ele>
    <time>2020-08-03T11:44:47Z</time>
   </trkpt>
   <trkpt lat="51.1118000" lon="-0.5649270">
    <ele>52.5</ele>
    <time>2020-08-03T11:44:49Z</time>
   </trkpt>
   <trkpt lat="51.1118120" lon="-0.5649100">
    <ele>52.5</ele>
    <time>2020-08-03T11:44:50Z</time>
   </trkpt>
   <trkpt lat="51.1118250" lon="-0.5648930">
    <ele>52.5</ele>
    <time>2020-08-03T11:44:51Z</time>
   </trkpt>
   <trkpt lat="51.1118560" lon="-0.5648540">
    <ele>52.5</ele>
    <time>2020-08-03T11:44:52Z</time>
   </trkpt>
   <trkpt lat="51.1119280" lon="-0.5647780">
    <ele>52.6</ele>
    <time>2020-08-03T11:44:54Z</time>
   </trkpt>
   <trkpt lat="51.1120020" lon="-0.5647210">
    <ele>52.5</ele>
    <time>2020-08-03T11:44:55Z</time>
   </trkpt>
   <trkpt lat="51.1121270" lon="-0.5646290">
    <ele>52.5</ele>
    <time>2020-08-03T11:44:57Z</time>
   </trkpt>
   <trkpt lat="51.1121910" lon="-0.5645860">
    <ele>52.5</ele>
    <time>2020-08-03T11:44:58Z</time>
   </trkpt>
   <trkpt lat="51.1122750" lon="-0.5645320">
    <ele>52.5</ele>
    <time>2020-08-03T11:45:00Z</time>
   </trkpt>
   <trkpt lat="51.1123080" lon="-0.5645280">
    <ele>52.6</ele>
    <time>2020-08-03T11:45:01Z</time>
   </trkpt>
   <trkpt lat="51.1123470" lon="-0.5644920">
    <ele>52.6</ele>
    <time>2020-08-03T11:45:02Z</time>
   </trkpt>
   <trkpt lat="51.1123990" lon="-0.5644400">
    <ele>52.6</ele>
    <time>2020-08-03T11:45:03Z</time>
   </trkpt>
   <trkpt lat="51.1124530" lon="-0.5644020">
    <ele>52.6</ele>
    <time>2020-08-03T11:45:05Z</time>
   </trkpt>
   <trkpt lat="51.1124960" lon="-0.5643760">
    <ele>52.6</ele>
    <time>2020-08-03T11:45:06Z</time>
   </trkpt>
   <trkpt lat="51.1125570" lon="-0.5643290">
    <ele>52.7</ele>
    <time>2020-08-03T11:45:08Z</time>
   </trkpt>
   <trkpt lat="51.1126150" lon="-0.5642750">
    <ele>52.7</ele>
    <time>2020-08-03T11:45:09Z</time>
   </trkpt>
   <trkpt lat="51.1127220" lon="-0.5641650">
    <ele>52.7</ele>
    <time>2020-08-03T11:45:10Z</time>
   </trkpt>
   <trkpt lat="51.1128490" lon="-0.5640580">
    <ele>52.8</ele>
    <time>2020-08-03T11:45:12Z</time>
   </trkpt>
   <trkpt lat="51.1129230" lon="-0.5639960">
    <ele>52.8</ele>
    <time>2020-08-03T11:45:13Z</time>
   </trkpt>
   <trkpt lat="51.1130630" lon="-0.5638920">
    <ele>52.8</ele>
    <time>2020-08-03T11:45:15Z</time>
   </trkpt>
   <trkpt lat="51.1131880" lon="-0.5637860">
    <ele>52.7</ele>
    <time>2020-08-03T11:45:17Z</time>
   </trkpt>
   <trkpt lat="51.1132540" lon="-0.5637430">
    <ele>52.7</ele>
    <time>2020-08-03T11:45:18Z</time>
   </trkpt>
   <trkpt lat="51.1133790" lon="-0.5636820">
    <ele>52.7</ele>
    <time>2020-08-03T11:45:20Z</time>
   </trkpt>
   <trkpt lat="51.1134970" lon="-0.5636200">
    <ele>52.7</ele>
    <time>2020-08-03T11:45:22Z</time>
   </trkpt>
   <trkpt lat="51.1136120" lon="-0.5635640">
    <ele>52.8</ele>
    <time>2020-08-03T11:45:24Z</time>
   </trkpt>
   <trkpt lat="51.1137210" lon="-0.5634990">
    <ele>52.8</ele>
    <time>2020-08-03T11:45:26Z</time>
   </trkpt>
   <trkpt lat="51.1137660" lon="-0.5634670">
    <ele>52.7</ele>
    <time>2020-08-03T11:45:27Z</time>
   </trkpt>
   <trkpt lat="51.1138620" lon="-0.5633900">
    <ele>52.7</ele>
    <time>2020-08-03T11:45:29Z</time>
   </trkpt>
   <trkpt lat="51.1139340" lon="-0.5633390">
    <ele>52.6</ele>
    <time>2020-08-03T11:45:31Z</time>
   </trkpt>
   <trkpt lat="51.1140220" lon="-0.5632930">
    <ele>52.6</ele>
    <time>2020-08-03T11:45:33Z</time>
   </trkpt>
   <trkpt lat="51.1140650" lon="-0.5632640">
    <ele>52.6</ele>
    <time>2020-08-03T11:45:34Z</time>
   </trkpt>
   <trkpt lat="51.1141490" lon="-0.5632030">
    <ele>52.6</ele>
    <time>2020-08-03T11:45:36Z</time>
   </trkpt>
   <trkpt lat="51.1142290" lon="-0.5631320">
    <ele>52.6</ele>
    <time>2020-08-03T11:45:38Z</time>
   </trkpt>
   <trkpt lat="51.1142750" lon="-0.5631170">
    <ele>52.6</ele>
    <time>2020-08-03T11:45:39Z</time>
   </trkpt>
   <trkpt lat="51.1143590" lon="-0.5630510">
    <ele>52.6</ele>
    <time>2020-08-03T11:45:41Z</time>
   </trkpt>
   <trkpt lat="51.1144530" lon="-0.5630080">
    <ele>52.6</ele>
    <time>2020-08-03T11:45:43Z</time>
   </trkpt>
   <trkpt lat="51.1145000" lon="-0.5629760">
    <ele>52.7</ele>
    <time>2020-08-03T11:45:44Z</time>
   </trkpt>
   <trkpt lat="51.1145970" lon="-0.5629020">
    <ele>52.6</ele>
    <time>2020-08-03T11:45:46Z</time>
   </trkpt>
   <trkpt lat="51.1146460" lon="-0.5628650">
    <ele>52.5</ele>
    <time>2020-08-03T11:45:47Z</time>
   </trkpt>
   <trkpt lat="51.1147450" lon="-0.5627930">
    <ele>52.2</ele>
    <time>2020-08-03T11:45:49Z</time>
   </trkpt>
   <trkpt lat="51.1148530" lon="-0.5627190">
    <ele>52.1</ele>
    <time>2020-08-03T11:45:51Z</time>
   </trkpt>
   <trkpt lat="51.1149560" lon="-0.5626500">
    <ele>52.1</ele>
    <time>2020-08-03T11:45:53Z</time>
   </trkpt>
   <trkpt lat="51.1150670" lon="-0.5625980">
    <ele>52.1</ele>
    <time>2020-08-03T11:45:55Z</time>
   </trkpt>
   <trkpt lat="51.1151220" lon="-0.5625720">
    <ele>52.1</ele>
    <time>2020-08-03T11:45:56Z</time>
   </trkpt>
   <trkpt lat="51.1152220" lon="-0.5625380">
    <ele>52.1</ele>
    <time>2020-08-03T11:45:58Z</time>
   </trkpt>
   <trkpt lat="51.1152730" lon="-0.5625200">
    <ele>52.1</ele>
    <time>2020-08-03T11:45:59Z</time>
   </trkpt>
   <trkpt lat="51.1153850" lon="-0.5624840">
    <ele>52.2</ele>
    <time>2020-08-03T11:46:01Z</time>
   </trkpt>
   <trkpt lat="51.1155090" lon="-0.5624650">
    <ele>52.3</ele>
    <time>2020-08-03T11:46:03Z</time>
   </trkpt>
   <trkpt lat="51.1156270" lon="-0.5624580">
    <ele>52.2</ele>
    <time>2020-08-03T11:46:05Z</time>
   </trkpt>
   <trkpt lat="51.1157530" lon="-0.5624510">
    <ele>52.1</ele>
    <time>2020-08-03T11:46:07Z</time>
   </trkpt>
   <trkpt lat="51.1158640" lon="-0.5624480">
    <ele>52.1</ele>
    <time>2020-08-03T11:46:09Z</time>
   </trkpt>
   <trkpt lat="51.1159860" lon="-0.5624710">
    <ele>52.0</ele>
    <time>2020-08-03T11:46:11Z</time>
   </trkpt>
   <trkpt lat="51.1160990" lon="-0.5624980">
    <ele>52.1</ele>
    <time>2020-08-03T11:46:13Z</time>
   </trkpt>
   <trkpt lat="51.1162100" lon="-0.5625310">
    <ele>52.2</ele>
    <time>2020-08-03T11:46:15Z</time>
   </trkpt>
   <trkpt lat="51.1163220" lon="-0.5625860">
    <ele>52.2</ele>
    <time>2020-08-03T11:46:17Z</time>
   </trkpt>
   <trkpt lat="51.1163740" lon="-0.5626150">
    <ele>52.2</ele>
    <time>2020-08-03T11:46:18Z</time>
   </trkpt>
   <trkpt lat="51.1164270" lon="-0.5626390">
    <ele>52.2</ele>
    <time>2020-08-03T11:46:19Z</time>
   </trkpt>
   <trkpt lat="51.1165260" lon="-0.5626910">
    <ele>52.3</ele>
    <time>2020-08-03T11:46:21Z</time>
   </trkpt>
   <trkpt lat="51.1166350" lon="-0.5627480">
    <ele>52.3</ele>
    <time>2020-08-03T11:46:23Z</time>
   </trkpt>
   <trkpt lat="51.1166910" lon="-0.5627730">
    <ele>52.3</ele>
    <time>2020-08-03T11:46:24Z</time>
   </trkpt>
   <trkpt lat="51.1168040" lon="-0.5628260">
    <ele>52.3</ele>
    <time>2020-08-03T11:46:26Z</time>
   </trkpt>
   <trkpt lat="51.1168600" lon="-0.5628490">
    <ele>52.4</ele>
    <time>2020-08-03T11:46:27Z</time>
   </trkpt>
   <trkpt lat="51.1169160" lon="-0.5628820">
    <ele>52.4</ele>
    <time>2020-08-03T11:46:28Z</time>
   </trkpt>
   <trkpt lat="51.1169710" lon="-0.5629150">
    <ele>52.5</ele>
    <time>2020-08-03T11:46:29Z</time>
   </trkpt>
   <trkpt lat="51.1170780" lon="-0.5629730">
    <ele>52.6</ele>
    <time>2020-08-03T11:46:31Z</time>
   </trkpt>
   <trkpt lat="51.1171930" lon="-0.5630400">
    <ele>52.8</ele>
    <time>2020-08-03T11:46:33Z</time>
   </trkpt>
   <trkpt lat="51.1172530" lon="-0.5630710">
    <ele>52.9</ele>
    <time>2020-08-03T11:46:34Z</time>
   </trkpt>
   <trkpt lat="51.1173620" lon="-0.5631320">
    <ele>53.0</ele>
    <time>2020-08-03T11:46:36Z</time>
   </trkpt>
   <trkpt lat="51.1174150" lon="-0.5631610">
    <ele>52.9</ele>
    <time>2020-08-03T11:46:37Z</time>
   </trkpt>
   <trkpt lat="51.1175170" lon="-0.5632240">
    <ele>52.9</ele>
    <time>2020-08-03T11:46:39Z</time>
   </trkpt>
   <trkpt lat="51.1175650" lon="-0.5632550">
    <ele>52.9</ele>
    <time>2020-08-03T11:46:40Z</time>
   </trkpt>
   <trkpt lat="51.1176140" lon="-0.5632840">
    <ele>52.9</ele>
    <time>2020-08-03T11:46:41Z</time>
   </trkpt>
   <trkpt lat="51.1177180" lon="-0.5633290">
    <ele>52.9</ele>
    <time>2020-08-03T11:46:43Z</time>
   </trkpt>
   <trkpt lat="51.1178380" lon="-0.5633600">
    <ele>53.0</ele>
    <time>2020-08-03T11:46:45Z</time>
   </trkpt>
   <trkpt lat="51.1178960" lon="-0.5633770">
    <ele>53.1</ele>
    <time>2020-08-03T11:46:46Z</time>
   </trkpt>
   <trkpt lat="51.1179960" lon="-0.5633950">
    <ele>53.2</ele>
    <time>2020-08-03T11:46:48Z</time>
   </trkpt>
   <trkpt lat="51.1181010" lon="-0.5634140">
    <ele>53.3</ele>
    <time>2020-08-03T11:46:50Z</time>
   </trkpt>
   <trkpt lat="51.1181550" lon="-0.5634240">
    <ele>53.4</ele>
    <time>2020-08-03T11:46:51Z</time>
   </trkpt>
   <trkpt lat="51.1182070" lon="-0.5634320">
    <ele>53.5</ele>
    <time>2020-08-03T11:46:52Z</time>
   </trkpt>
   <trkpt lat="51.1183140" lon="-0.5634380">
    <ele>53.7</ele>
    <time>2020-08-03T11:46:54Z</time>
   </trkpt>
   <trkpt lat="51.1184120" lon="-0.5634720">
    <ele>53.6</ele>
    <time>2020-08-03T11:46:56Z</time>
   </trkpt>
   <trkpt lat="51.1184570" lon="-0.5634830">
    <ele>53.6</ele>
    <time>2020-08-03T11:46:57Z</time>
   </trkpt>
   <trkpt lat="51.1185070" lon="-0.5634930">
    <ele>53.5</ele>
    <time>2020-08-03T11:46:58Z</time>
   </trkpt>
   <trkpt lat="51.1186090" lon="-0.5635210">
    <ele>53.6</ele>
    <time>2020-08-03T11:47:00Z</time>
   </trkpt>
   <trkpt lat="51.1187150" lon="-0.5635310">
    <ele>53.6</ele>
    <time>2020-08-03T11:47:02Z</time>
   </trkpt>
   <trkpt lat="51.1188170" lon="-0.5635470">
    <ele>53.7</ele>
    <time>2020-08-03T11:47:04Z</time>
   </trkpt>
   <trkpt lat="51.1188650" lon="-0.5635540">
    <ele>53.7</ele>
    <time>2020-08-03T11:47:05Z</time>
   </trkpt>
   <trkpt lat="51.1189630" lon="-0.5635600">
    <ele>53.7</ele>
    <time>2020-08-03T11:47:07Z</time>
   </trkpt>
   <trkpt lat="51.1190100" lon="-0.5635770">
    <ele>53.7</ele>
    <time>2020-08-03T11:47:08Z</time>
   </trkpt>
   <trkpt lat="51.1190670" lon="-0.5635860">
    <ele>53.7</ele>
    <time>2020-08-03T11:47:09Z</time>
   </trkpt>
   <trkpt lat="51.1191610" lon="-0.5635990">
    <ele>53.7</ele>
    <time>2020-08-03T11:47:11Z</time>
   </trkpt>
   <trkpt lat="51.1192430" lon="-0.5636110">
    <ele>53.8</ele>
    <time>2020-08-03T11:47:13Z</time>
   </trkpt>
   <trkpt lat="51.1192980" lon="-0.5636780">
    <ele>53.9</ele>
    <time>2020-08-03T11:47:15Z</time>
   </trkpt>
   <trkpt lat="51.1193260" lon="-0.5637940">
    <ele>54.1</ele>
    <time>2020-08-03T11:47:17Z</time>
   </trkpt>
   <trkpt lat="51.1193130" lon="-0.5638690">
    <ele>54.1</ele>
    <time>2020-08-03T11:47:18Z</time>
   </trkpt>
   <trkpt lat="51.1192980" lon="-0.5639290">
    <ele>54.2</ele>
    <time>2020-08-03T11:47:19Z</time>
   </trkpt>
   <trkpt lat="51.1192710" lon="-0.5640400">
    <ele>54.3</ele>
    <time>2020-08-03T11:47:21Z</time>
   </trkpt>
   <trkpt lat="51.1192600" lon="-0.5641550">
    <ele>54.4</ele>
    <time>2020-08-03T11:47:22Z</time>
   </trkpt>
   <trkpt lat="51.1192510" lon="-0.5642390">
    <ele>54.6</ele>
    <time>2020-08-03T11:47:23Z</time>
   </trkpt>
   <trkpt lat="51.1192390" lon="-0.5643200">
    <ele>54.7</ele>
    <time>2020-08-03T11:47:24Z</time>
   </trkpt>
   <trkpt lat="51.1192130" lon="-0.5644800">
    <ele>54.8</ele>
    <time>2020-08-03T11:47:26Z</time>
   </trkpt>
   <trkpt lat="51.1191810" lon="-0.5646270">
    <ele>54.9</ele>
    <time>2020-08-03T11:47:28Z</time>
   </trkpt>
   <trkpt lat="51.1191500" lon="-0.5647800">
    <ele>55.0</ele>
    <time>2020-08-03T11:47:30Z</time>
   </trkpt>
   <trkpt lat="51.1191290" lon="-0.5649360">
    <ele>55.0</ele>
    <time>2020-08-03T11:47:32Z</time>
   </trkpt>
   <trkpt lat="51.1190990" lon="-0.5650960">
    <ele>55.1</ele>
    <time>2020-08-03T11:47:34Z</time>
   </trkpt>
   <trkpt lat="51.1190740" lon="-0.5652480">
    <ele>55.1</ele>
    <time>2020-08-03T11:47:36Z</time>
   </trkpt>
   <trkpt lat="51.1190460" lon="-0.5653900">
    <ele>55.2</ele>
    <time>2020-08-03T11:47:38Z</time>
   </trkpt>
   <trkpt lat="51.1190250" lon="-0.5655430">
    <ele>55.3</ele>
    <time>2020-08-03T11:47:40Z</time>
   </trkpt>
   <trkpt lat="51.1189890" lon="-0.5656940">
    <ele>55.3</ele>
    <time>2020-08-03T11:47:42Z</time>
   </trkpt>
   <trkpt lat="51.1189660" lon="-0.5657680">
    <ele>55.3</ele>
    <time>2020-08-03T11:47:43Z</time>
   </trkpt>
   <trkpt lat="51.1189290" lon="-0.5659270">
    <ele>55.4</ele>
    <time>2020-08-03T11:47:45Z</time>
   </trkpt>
   <trkpt lat="51.1188860" lon="-0.5660580">
    <ele>55.5</ele>
    <time>2020-08-03T11:47:47Z</time>
   </trkpt>
   <trkpt lat="51.1188440" lon="-0.5661840">
    <ele>55.5</ele>
    <time>2020-08-03T11:47:49Z</time>
   </trkpt>
   <trkpt lat="51.1188120" lon="-0.5662770">
    <ele>55.6</ele>
    <time>2020-08-03T11:47:51Z</time>
   </trkpt>
   <trkpt lat="51.1187840" lon="-0.5663650">
    <ele>55.6</ele>
    <time>2020-08-03T11:47:53Z</time>
   </trkpt>
   <trkpt lat="51.1187620" lon="-0.5664190">
    <ele>55.6</ele>
    <time>2020-08-03T11:47:54Z</time>
   </trkpt>
   <trkpt lat="51.1187190" lon="-0.5665150">
    <ele>55.6</ele>
    <time>2020-08-03T11:47:56Z</time>
   </trkpt>
   <trkpt lat="51.1186630" lon="-0.5666170">
    <ele>55.4</ele>
    <time>2020-08-03T11:47:58Z</time>
   </trkpt>
   <trkpt lat="51.1186450" lon="-0.5666730">
    <ele>55.3</ele>
    <time>2020-08-03T11:47:59Z</time>
   </trkpt>
   <trkpt lat="51.1186040" lon="-0.5668070">
    <ele>55.0</ele>
    <time>2020-08-03T11:48:01Z</time>
   </trkpt>
   <trkpt lat="51.1185730" lon="-0.5668810">
    <ele>54.7</ele>
    <time>2020-08-03T11:48:02Z</time>
   </trkpt>
   <trkpt lat="51.1185100" lon="-0.5670390">
    <ele>54.0</ele>
    <time>2020-08-03T11:48:04Z</time>
   </trkpt>
   <trkpt lat="51.1184760" lon="-0.5671270">
    <ele>53.4</ele>
    <time>2020-08-03T11:48:05Z</time>
   </trkpt>
   <trkpt lat="51.1184390" lon="-0.5672210">
    <ele>52.5</ele>
    <time>2020-08-03T11:48:06Z</time>
   </trkpt>
   <trkpt lat="51.1183670" lon="-0.5674220">
    <ele>50.6</ele>
    <time>2020-08-03T11:48:08Z</time>
   </trkpt>
   <trkpt lat="51.1183320" lon="-0.5675270">
    <ele>49.6</ele>
    <time>2020-08-03T11:48:09Z</time>
   </trkpt>
   <trkpt lat="51.1182920" lon="-0.5676340">
    <ele>48.6</ele>
    <time>2020-08-03T11:48:10Z</time>
   </trkpt>
   <trkpt lat="51.1182190" lon="-0.5678510">
    <ele>46.8</ele>
    <time>2020-08-03T11:48:12Z</time>
   </trkpt>
   <trkpt lat="51.1181830" lon="-0.5679640">
    <ele>45.9</ele>
    <time>2020-08-03T11:48:13Z</time>
   </trkpt>
   <trkpt lat="51.1181550" lon="-0.5680840">
    <ele>44.9</ele>
    <time>2020-08-03T11:48:14Z</time>
   </trkpt>
   <trkpt lat="51.1181320" lon="-0.5682070">
    <ele>44.0</ele>
    <time>2020-08-03T11:48:15Z</time>
   </trkpt>
   <trkpt lat="51.1181010" lon="-0.5683250">
    <ele>43.1</ele>
    <time>2020-08-03T11:48:16Z</time>
   </trkpt>
   <trkpt lat="51.1180680" lon="-0.5685600">
    <ele>41.3</ele>
    <time>2020-08-03T11:48:18Z</time>
   </trkpt>
   <trkpt lat="51.1180640" lon="-0.5686860">
    <ele>40.4</ele>
    <time>2020-08-03T11:48:19Z</time>
   </trkpt>
   <trkpt lat="51.1180280" lon="-0.5689330">
    <ele>38.5</ele>
    <time>2020-08-03T11:48:21Z</time>
   </trkpt>
   <trkpt lat="51.1180060" lon="-0.5690520">
    <ele>37.7</ele>
    <time>2020-08-03T11:48:22Z</time>
   </trkpt>
   <trkpt lat="51.1179820" lon="-0.5691830">
    <ele>36.9</ele>
    <time>2020-08-03T11:48:23Z</time>
   </trkpt>
   <trkpt lat="51.1179620" lon="-0.5694480">
    <ele>35.8</ele>
    <time>2020-08-03T11:48:25Z</time>
   </trkpt>
   <trkpt lat="51.1179720" lon="-0.5695840">
    <ele>35.3</ele>
    <time>2020-08-03T11:48:26Z</time>
   </trkpt>
   <trkpt lat="51.1180180" lon="-0.5698230">
    <ele>34.8</ele>
    <time>2020-08-03T11:48:28Z</time>
   </trkpt>
   <trkpt lat="51.1180660" lon="-0.5699230">
    <ele>34.8</ele>
    <time>2020-08-03T11:48:29Z</time>
   </trkpt>
   <trkpt lat="51.1181090" lon="-0.5700230">
    <ele>34.8</ele>
    <time>2020-08-03T11:48:30Z</time>
   </trkpt>
   <trkpt lat="51.1181180" lon="-0.5702010">
    <ele>34.8</ele>
    <time>2020-08-03T11:48:32Z</time>
   </trkpt>
   <trkpt lat="51.1180630" lon="-0.5703430">
    <ele>34.9</ele>
    <time>2020-08-03T11:48:34Z</time>
   </trkpt>
   <trkpt lat="51.1180320" lon="-0.5704000">
    <ele>34.9</ele>
    <time>2020-08-03T11:48:35Z</time>
   </trkpt>
   <trkpt lat="51.1179570" lon="-0.5705400">
    <ele>35.0</ele>
    <time>2020-08-03T11:48:37Z</time>
   </trkpt>
   <trkpt lat="51.1178850" lon="-0.5706610">
    <ele>35.2</ele>
    <time>2020-08-03T11:48:39Z</time>
   </trkpt>
   <trkpt lat="51.1178240" lon="-0.5707820">
    <ele>35.3</ele>
    <time>2020-08-03T11:48:41Z</time>
   </trkpt>
   <trkpt lat="51.1177750" lon="-0.5709260">
    <ele>35.4</ele>
    <time>2020-08-03T11:48:43Z</time>
   </trkpt>
   <trkpt lat="51.1177430" lon="-0.5709920">
    <ele>35.4</ele>
    <time>2020-08-03T11:48:44Z</time>
   </trkpt>
   <trkpt lat="51.1177100" lon="-0.5710610">
    <ele>35.4</ele>
    <time>2020-08-03T11:48:45Z</time>
   </trkpt>
   <trkpt lat="51.1176540" lon="-0.5712150">
    <ele>35.2</ele>
    <time>2020-08-03T11:48:47Z</time>
   </trkpt>
   <trkpt lat="51.1176310" lon="-0.5712840">
    <ele>35.2</ele>
    <time>2020-08-03T11:48:48Z</time>
   </trkpt>
   <trkpt lat="51.1175870" lon="-0.5713930">
    <ele>35.3</ele>
    <time>2020-08-03T11:48:50Z</time>
   </trkpt>
   <trkpt lat="51.1175310" lon="-0.5714990">
    <ele>35.5</ele>
    <time>2020-08-03T11:48:51Z</time>
   </trkpt>
   <trkpt lat="51.1174300" lon="-0.5716690">
    <ele>36.6</ele>
    <time>2020-08-03T11:48:53Z</time>
   </trkpt>
   <trkpt lat="51.1173850" lon="-0.5717480">
    <ele>37.1</ele>
    <time>2020-08-03T11:48:54Z</time>
   </trkpt>
   <trkpt lat="51.1173460" lon="-0.5719420">
    <ele>38.2</ele>
    <time>2020-08-03T11:48:56Z</time>
   </trkpt>
   <trkpt lat="51.1173480" lon="-0.5721570">
    <ele>39.6</ele>
    <time>2020-08-03T11:48:58Z</time>
   </trkpt>
   <trkpt lat="51.1173610" lon="-0.5723440">
    <ele>40.8</ele>
    <time>2020-08-03T11:49:00Z</time>
   </trkpt>
   <trkpt lat="51.1173670" lon="-0.5724200">
    <ele>41.3</ele>
    <time>2020-08-03T11:49:01Z</time>
   </trkpt>
   <trkpt lat="51.1173820" lon="-0.5725320">
    <ele>42.0</ele>
    <time>2020-08-03T11:49:03Z</time>
   </trkpt>
   <trkpt lat="51.1173910" lon="-0.5725890">
    <ele>42.3</ele>
    <time>2020-08-03T11:49:04Z</time>
   </trkpt>
   <trkpt lat="51.1174010" lon="-0.5726460">
    <ele>42.7</ele>
    <time>2020-08-03T11:49:05Z</time>
   </trkpt>
   <trkpt lat="51.1174350" lon="-0.5727560">
    <ele>43.4</ele>
    <time>2020-08-03T11:49:07Z</time>
   </trkpt>
   <trkpt lat="51.1174780" lon="-0.5728530">
    <ele>44.1</ele>
    <time>2020-08-03T11:49:09Z</time>
   </trkpt>
   <trkpt lat="51.1175170" lon="-0.5729280">
    <ele>44.8</ele>
    <time>2020-08-03T11:49:11Z</time>
   </trkpt>
   <trkpt lat="51.1175710" lon="-0.5730170">
    <ele>45.4</ele>
    <time>2020-08-03T11:49:13Z</time>
   </trkpt>
   <trkpt lat="51.1175900" lon="-0.5730550">
    <ele>45.7</ele>
    <time>2020-08-03T11:49:14Z</time>
   </trkpt>
   <trkpt lat="51.1175420" lon="-0.5730560">
    <ele>46.0</ele>
    <time>2020-08-03T11:49:16Z</time>
   </trkpt>
   <trkpt lat="51.1176160" lon="-0.5731050">
    <ele>46.4</ele>
    <time>2020-08-03T11:49:17Z</time>
   </trkpt>
   <trkpt lat="51.1176900" lon="-0.5731860">
    <ele>46.8</ele>
    <time>2020-08-03T11:49:19Z</time>
   </trkpt>
   <trkpt lat="51.1177220" lon="-0.5732360">
    <ele>46.9</ele>
    <time>2020-08-03T11:49:20Z</time>
   </trkpt>
   <trkpt lat="51.1177470" lon="-0.5732930">
    <ele>47.0</ele>
    <time>2020-08-03T11:49:21Z</time>
   </trkpt>
   <trkpt lat="51.1177720" lon="-0.5733590">
    <ele>47.2</ele>
    <time>2020-08-03T11:49:22Z</time>
   </trkpt>
   <trkpt lat="51.1177990" lon="-0.5734370">
    <ele>47.3</ele>
    <time>2020-08-03T11:49:24Z</time>
   </trkpt>
   <trkpt lat="51.1178190" lon="-0.5735170">
    <ele>47.5</ele>
    <time>2020-08-03T11:49:25Z</time>
   </trkpt>
   <trkpt lat="51.1178320" lon="-0.5735710">
    <ele>47.6</ele>
    <time>2020-08-03T11:49:26Z</time>
   </trkpt>
   <trkpt lat="51.1178550" lon="-0.5736560">
    <ele>47.8</ele>
    <time>2020-08-03T11:49:28Z</time>
   </trkpt>
   <trkpt lat="51.1178680" lon="-0.5737060">
    <ele>47.9</ele>
    <time>2020-08-03T11:49:29Z</time>
   </trkpt>
   <trkpt lat="51.1178800" lon="-0.5737600">
    <ele>48.0</ele>
    <time>2020-08-03T11:49:30Z</time>
   </trkpt>
   <trkpt lat="51.1178910" lon="-0.5738190">
    <ele>48.1</ele>
    <time>2020-08-03T11:49:31Z</time>
   </trkpt>
   <trkpt lat="51.1179030" lon="-0.5738750">
    <ele>48.2</ele>
    <time>2020-08-03T11:49:32Z</time>
   </trkpt>
   <trkpt lat="51.1179190" lon="-0.5739270">
    <ele>48.3</ele>
    <time>2020-08-03T11:49:34Z</time>
   </trkpt>
   <trkpt lat="51.1179430" lon="-0.5739860">
    <ele>48.3</ele>
    <time>2020-08-03T11:49:35Z</time>
   </trkpt>
   <trkpt lat="51.1179710" lon="-0.5740590">
    <ele>48.6</ele>
    <time>2020-08-03T11:49:37Z</time>
   </trkpt>
   <trkpt lat="51.1180060" lon="-0.5741020">
    <ele>48.9</ele>
    <time>2020-08-03T11:49:38Z</time>
   </trkpt>
   <trkpt lat="51.1180350" lon="-0.5741290">
    <ele>49.1</ele>
    <time>2020-08-03T11:49:39Z</time>
   </trkpt>
   <trkpt lat="51.1180750" lon="-0.5741600">
    <ele>49.4</ele>
    <time>2020-08-03T11:49:40Z</time>
   </trkpt>
   <trkpt lat="51.1181190" lon="-0.5741940">
    <ele>49.6</ele>
    <time>2020-08-03T11:49:42Z</time>
   </trkpt>
   <trkpt lat="51.1181590" lon="-0.5742050">
    <ele>49.8</ele>
    <time>2020-08-03T11:49:43Z</time>
   </trkpt>
   <trkpt lat="51.1182050" lon="-0.5741650">
    <ele>50.1</ele>
    <time>2020-08-03T11:49:45Z</time>
   </trkpt>
   <trkpt lat="51.1182390" lon="-0.5741260">
    <ele>50.3</ele>
    <time>2020-08-03T11:49:46Z</time>
   </trkpt>
   <trkpt lat="51.1182850" lon="-0.5740620">
    <ele>50.6</ele>
    <time>2020-08-03T11:49:48Z</time>
   </trkpt>
   <trkpt lat="51.1183090" lon="-0.5740240">
    <ele>50.7</ele>
    <time>2020-08-03T11:49:49Z</time>
   </trkpt>
   <trkpt lat="51.1183480" lon="-0.5739640">
    <ele>50.9</ele>
    <time>2020-08-03T11:49:51Z</time>
   </trkpt>
   <trkpt lat="51.1183750" lon="-0.5739180">
    <ele>51.0</ele>
    <time>2020-08-03T11:49:52Z</time>
   </trkpt>
   <trkpt lat="51.1184040" lon="-0.5738560">
    <ele>51.1</ele>
    <time>2020-08-03T11:49:54Z</time>
   </trkpt>
   <trkpt lat="51.1184350" lon="-0.5738120">
    <ele>51.2</ele>
    <time>2020-08-03T11:49:55Z</time>
   </trkpt>
   <trkpt lat="51.1184690" lon="-0.5738130">
    <ele>51.3</ele>
    <time>2020-08-03T11:49:56Z</time>
   </trkpt>
   <trkpt lat="51.1184780" lon="-0.5738390">
    <ele>51.4</ele>
    <time>2020-08-03T11:49:57Z</time>
   </trkpt>
   <trkpt lat="51.1184840" lon="-0.5738950">
    <ele>51.5</ele>
    <time>2020-08-03T11:49:59Z</time>
   </trkpt>
   <trkpt lat="51.1184850" lon="-0.5739190">
    <ele>51.5</ele>
    <time>2020-08-03T11:50:00Z</time>
   </trkpt>
   <trkpt lat="51.1184840" lon="-0.5739110">
    <ele>51.5</ele>
    <time>2020-08-03T11:50:02Z</time>
   </trkpt>
   <trkpt lat="51.1184830" lon="-0.5739060">
    <ele>51.5</ele>
    <time>2020-08-03T11:50:03Z</time>
   </trkpt>
   <trkpt lat="51.1184790" lon="-0.5739000">
    <ele>51.5</ele>
    <time>2020-08-03T11:50:04Z</time>
   </trkpt>
  </trkseg>
 </trk>
</gpx>
