<?xml version="1.0" encoding="UTF-8"?>
<gpx creator="StravaGPX" version="1.1" xmlns="http://www.topografix.com/GPX/1/1" xmlns:xsi="http://www.w3.org/2001/XMLSchema-instance" xsi:schemaLocation="http://www.topografix.com/GPX/1/1 http://www.topografix.com/GPX/1/1/gpx.xsd">
 <metadata>
  <time>2021-05-18T14:38:35Z</time>
 </metadata>
 <trk>
  <name>Final ride before the UK trip</name>
  <type>cycling</type>
  <trkseg>
   <trkpt lat="52.0784010" lon="4.3151000">
    <ele>6.2</ele>
    <time>2021-05-18T14:38:35Z</time>
   </trkpt>
   <trkpt lat="52.0784070" lon="4.3151150">
    <ele>6.2</ele>
    <time>2021-05-18T14:38:36Z</time>
   </trkpt>
   <trkpt lat="52.0784160" lon="4.3151180">
    <ele>6.2</ele>
    <time>2021-05-18T14:38:37Z</time>
   </trkpt>
   <trkpt lat="52.0784250" lon="4.3151220">
    <ele>6.2</ele>
    <time>2021-05-18T14:38:38Z</time>
   </trkpt>
   <trkpt lat="52.0784340" lon="4.3151260">
    <ele>6.2</ele>
    <time>2021-05-18T14:38:40Z</time>
   </trkpt>
   <trkpt lat="52.0784440" lon="4.3151290">
    <ele>6.3</ele>
    <time>2021-05-18T14:38:41Z</time>
   </trkpt>
   <trkpt lat="52.0784530" lon="4.3151330">
    <ele>6.3</ele>
    <time>2021-05-18T14:38:42Z</time>
   </trkpt>
   <trkpt lat="52.0784620" lon="4.3151370">
    <ele>6.3</ele>
    <time>2021-05-18T14:38:44Z</time>
   </trkpt>
   <trkpt lat="52.0784710" lon="4.3151400">
    <ele>6.3</ele>
    <time>2021-05-18T14:38:46Z</time>
   </trkpt>
   <trkpt lat="52.0784800" lon="4.3151440">
    <ele>6.3</ele>
    <time>2021-05-18T14:38:47Z</time>
   </trkpt>
   <trkpt lat="52.0784980" lon="4.3152140">
    <ele>6.4</ele>
    <time>2021-05-18T14:38:48Z</time>
   </trkpt>
   <trkpt lat="52.0785100" lon="4.3152770">
    <ele>6.4</ele>
    <time>2021-05-18T14:38:50Z</time>
   </trkpt>
   <trkpt lat="52.0784960" lon="4.3153590">
    <ele>6.5</ele>
    <time>2021-05-18T14:38:51Z</time>
   </trkpt>
   <trkpt lat="52.0784020" lon="4.3154150">
    <ele>6.3</ele>
    <time>2021-05-18T14:38:53Z</time>
   </trkpt>
   <trkpt lat="52.0783750" lon="4.3154820">
    <ele>6.1</ele>
    <time>2021-05-18T14:38:54Z</time>
   </trkpt>
   <trkpt lat="52.0783580" lon="4.3155100">
    <ele>6.0</ele>
    <time>2021-05-18T14:38:55Z</time>
   </trkpt>
   <trkpt lat="52.0783190" lon="4.3155540">
    <ele>5.8</ele>
    <time>2021-05-18T14:38:57Z</time>
   </trkpt>
   <trkpt lat="52.0783160" lon="4.3155620">
    <ele>5.8</ele>
    <time>2021-05-18T14:38:58Z</time>
   </trkpt>
   <trkpt lat="52.0783010" lon="4.3156040">
    <ele>5.6</ele>
    <time>2021-05-18T14:38:59Z</time>
   </trkpt>
   <trkpt lat="52.0782740" lon="4.3156500">
    <ele>5.5</ele>
    <time>2021-05-18T14:39:00Z</time>
   </trkpt>
   <trkpt lat="52.0781970" lon="4.3156910">
    <ele>5.2</ele>
    <time>2021-05-18T14:39:02Z</time>
   </trkpt>
   <trkpt lat="52.0781430" lon="4.3157510">
    <ele>4.9</ele>
    <time>2021-05-18T14:39:04Z</time>
   </trkpt>
   <trkpt lat="52.0781030" lon="4.3157690">
    <ele>4.8</ele>
    <time>2021-05-18T14:39:05Z</time>
   </trkpt>
   <trkpt lat="52.0780600" lon="4.3157590">
    <ele>4.6</ele>
    <time>2021-05-18T14:39:06Z</time>
   </trkpt>
   <trkpt lat="52.0780230" lon="4.3157450">
    <ele>4.5</ele>
    <time>2021-05-18T14:39:08Z</time>
   </trkpt>
   <trkpt lat="52.0779500" lon="4.3156310">
    <ele>3.9</ele>
    <time>2021-05-18T14:39:09Z</time>
   </trkpt>
   <trkpt lat="52.0778960" lon="4.3155290">
    <ele>3.9</ele>
    <time>2021-05-18T14:39:11Z</time>
   </trkpt>
   <trkpt lat="52.0778650" lon="4.3154640">
    <ele>3.9</ele>
    <time>2021-05-18T14:39:12Z</time>
   </trkpt>
   <trkpt lat="52.0778350" lon="4.3154200">
    <ele>3.9</ele>
    <time>2021-05-18T14:39:13Z</time>
   </trkpt>
   <trkpt lat="52.0778060" lon="4.3153760">
    <ele>3.9</ele>
    <time>2021-05-18T14:39:15Z</time>
   </trkpt>
   <trkpt lat="52.0777810" lon="4.3153120">
    <ele>3.9</ele>
    <time>2021-05-18T14:39:16Z</time>
   </trkpt>
   <trkpt lat="52.0777330" lon="4.3152710">
    <ele>3.9</ele>
    <time>2021-05-18T14:39:17Z</time>
   </trkpt>
   <trkpt lat="52.0776300" lon="4.3152590">
    <ele>3.7</ele>
    <time>2021-05-18T14:39:19Z</time>
   </trkpt>
   <trkpt lat="52.0775650" lon="4.3152030">
    <ele>3.6</ele>
    <time>2021-05-18T14:39:20Z</time>
   </trkpt>
   <trkpt lat="52.0775160" lon="4.3151690">
    <ele>3.6</ele>
    <time>2021-05-18T14:39:21Z</time>
   </trkpt>
   <trkpt lat="52.0774490" lon="4.3151400">
    <ele>3.6</ele>
    <time>2021-05-18T14:39:23Z</time>
   </trkpt>
   <trkpt lat="52.0774130" lon="4.3151510">
    <ele>3.6</ele>
    <time>2021-05-18T14:39:24Z</time>
   </trkpt>
   <trkpt lat="52.0774010" lon="4.3152140">
    <ele>3.6</ele>
    <time>2021-05-18T14:39:26Z</time>
   </trkpt>
   <trkpt lat="52.0773520" lon="4.3153230">
    <ele>3.7</ele>
    <time>2021-05-18T14:39:28Z</time>
   </trkpt>
   <trkpt lat="52.0773190" lon="4.3153720">
    <ele>3.7</ele>
    <time>2021-05-18T14:39:29Z</time>
   </trkpt>
   <trkpt lat="52.0773020" lon="4.3154070">
    <ele>3.7</ele>
    <time>2021-05-18T14:39:30Z</time>
   </trkpt>
   <trkpt lat="52.0772980" lon="4.3154230">
    <ele>3.7</ele>
    <time>2021-05-18T14:39:31Z</time>
   </trkpt>
   <trkpt lat="52.0772940" lon="4.3154380">
    <ele>3.7</ele>
    <time>2021-05-18T14:39:32Z</time>
   </trkpt>
   <trkpt lat="52.0772650" lon="4.3154950">
    <ele>3.7</ele>
    <time>2021-05-18T14:39:34Z</time>
   </trkpt>
   <trkpt lat="52.0772430" lon="4.3155430">
    <ele>3.7</ele>
    <time>2021-05-18T14:39:35Z</time>
   </trkpt>
   <trkpt lat="52.0771640" lon="4.3157400">
    <ele>3.6</ele>
    <time>2021-05-18T14:39:37Z</time>
   </trkpt>
   <trkpt lat="52.0771150" lon="4.3158920">
    <ele>3.5</ele>
    <time>2021-05-18T14:39:39Z</time>
   </trkpt>
   <trkpt lat="52.0770880" lon="4.3160380">
    <ele>3.4</ele>
    <time>2021-05-18T14:39:40Z</time>
   </trkpt>
   <trkpt lat="52.0770180" lon="4.3164230">
    <ele>3.2</ele>
    <time>2021-05-18T14:39:42Z</time>
   </trkpt>
   <trkpt lat="52.0768900" lon="4.3166320">
    <ele>3.2</ele>
    <time>2021-05-18T14:39:45Z</time>
   </trkpt>
   <trkpt lat="52.0767360" lon="4.3167460">
    <ele>3.3</ele>
    <time>2021-05-18T14:39:47Z</time>
   </trkpt>
   <trkpt lat="52.0766940" lon="4.3168080">
    <ele>3.3</ele>
    <time>2021-05-18T14:39:49Z</time>
   </trkpt>
   <trkpt lat="52.0766540" lon="4.3168670">
    <ele>3.3</ele>
    <time>2021-05-18T14:39:50Z</time>
   </trkpt>
   <trkpt lat="52.0765630" lon="4.3169860">
    <ele>3.3</ele>
    <time>2021-05-18T14:39:51Z</time>
   </trkpt>
   <trkpt lat="52.0764790" lon="4.3171120">
    <ele>3.3</ele>
    <time>2021-05-18T14:39:53Z</time>
   </trkpt>
   <trkpt lat="52.0764370" lon="4.3171750">
    <ele>3.3</ele>
    <time>2021-05-18T14:39:54Z</time>
   </trkpt>
   <trkpt lat="52.0763910" lon="4.3172240">
    <ele>3.4</ele>
    <time>2021-05-18T14:39:55Z</time>
   </trkpt>
   <trkpt lat="52.0763490" lon="4.3172730">
    <ele>3.4</ele>
    <time>2021-05-18T14:39:56Z</time>
   </trkpt>
   <trkpt lat="52.0762710" lon="4.3174160">
    <ele>3.4</ele>
    <time>2021-05-18T14:39:58Z</time>
   </trkpt>
   <trkpt lat="52.0762320" lon="4.3174830">
    <ele>3.4</ele>
    <time>2021-05-18T14:39:59Z</time>
   </trkpt>
   <trkpt lat="52.0761550" lon="4.3176000">
    <ele>3.4</ele>
    <time>2021-05-18T14:40:02Z</time>
   </trkpt>
   <trkpt lat="52.0760860" lon="4.3177190">
    <ele>3.4</ele>
    <time>2021-05-18T14:40:03Z</time>
   </trkpt>
   <trkpt lat="52.0760580" lon="4.3178010">
    <ele>3.4</ele>
    <time>2021-05-18T14:40:04Z</time>
   </trkpt>
   <trkpt lat="52.0760040" lon="4.3179450">
    <ele>3.3</ele>
    <time>2021-05-18T14:40:06Z</time>
   </trkpt>
   <trkpt lat="52.0759440" lon="4.3180990">
    <ele>3.2</ele>
    <time>2021-05-18T14:40:08Z</time>
   </trkpt>
   <trkpt lat="52.0758840" lon="4.3182510">
    <ele>3.1</ele>
    <time>2021-05-18T14:40:10Z</time>
   </trkpt>
   <trkpt lat="52.0758530" lon="4.3183420">
    <ele>3.1</ele>
    <time>2021-05-18T14:40:11Z</time>
   </trkpt>
   <trkpt lat="52.0757690" lon="4.3185010">
    <ele>3.0</ele>
    <time>2021-05-18T14:40:13Z</time>
   </trkpt>
   <trkpt lat="52.0757240" lon="4.3185770">
    <ele>3.0</ele>
    <time>2021-05-18T14:40:15Z</time>
   </trkpt>
   <trkpt lat="52.0756290" lon="4.3187370">
    <ele>2.9</ele>
    <time>2021-05-18T14:40:17Z</time>
   </trkpt>
   <trkpt lat="52.0755400" lon="4.3189030">
    <ele>2.9</ele>
    <time>2021-05-18T14:40:19Z</time>
   </trkpt>
   <trkpt lat="52.0754460" lon="4.3190660">
    <ele>3.0</ele>
    <time>2021-05-18T14:40:20Z</time>
   </trkpt>
   <trkpt lat="52.0754000" lon="4.3191470">
    <ele>3.1</ele>
    <time>2021-05-18T14:40:21Z</time>
   </trkpt>
   <trkpt lat="52.0753030" lon="4.3193030">
    <ele>3.3</ele>
    <time>2021-05-18T14:40:23Z</time>
   </trkpt>
   <trkpt lat="52.0752510" lon="4.3193830">
    <ele>3.4</ele>
    <time>2021-05-18T14:40:25Z</time>
   </trkpt>
   <trkpt lat="52.0751130" lon="4.3196130">
    <ele>3.8</ele>
    <time>2021-05-18T14:40:27Z</time>
   </trkpt>
   <trkpt lat="52.0750720" lon="4.3196900">
    <ele>4.0</ele>
    <time>2021-05-18T14:40:29Z</time>
   </trkpt>
   <trkpt lat="52.0749930" lon="4.3198410">
    <ele>4.2</ele>
    <time>2021-05-18T14:40:31Z</time>
   </trkpt>
   <trkpt lat="52.0749120" lon="4.3199930">
    <ele>4.6</ele>
    <time>2021-05-18T14:40:33Z</time>
   </trkpt>
   <trkpt lat="52.0748320" lon="4.3201570">
    <ele>4.4</ele>
    <time>2021-05-18T14:40:34Z</time>
   </trkpt>
   <trkpt lat="52.0747900" lon="4.3202450">
    <ele>4.2</ele>
    <time>2021-05-18T14:40:36Z</time>
   </trkpt>
   <trkpt lat="52.0746990" lon="4.3204250">
    <ele>3.8</ele>
    <time>2021-05-18T14:40:38Z</time>
   </trkpt>
   <trkpt lat="52.0746100" lon="4.3206070">
    <ele>3.4</ele>
    <time>2021-05-18T14:40:39Z</time>
   </trkpt>
   <trkpt lat="52.0745610" lon="4.3207010">
    <ele>3.2</ele>
    <time>2021-05-18T14:40:40Z</time>
   </trkpt>
   <trkpt lat="52.0745120" lon="4.3207990">
    <ele>3.1</ele>
    <time>2021-05-18T14:40:41Z</time>
   </trkpt>
   <trkpt lat="52.0744650" lon="4.3208990">
    <ele>2.9</ele>
    <time>2021-05-18T14:40:43Z</time>
   </trkpt>
   <trkpt lat="52.0743680" lon="4.3211020">
    <ele>2.8</ele>
    <time>2021-05-18T14:40:45Z</time>
   </trkpt>
   <trkpt lat="52.0743150" lon="4.3212140">
    <ele>2.8</ele>
    <time>2021-05-18T14:40:46Z</time>
   </trkpt>
   <trkpt lat="52.0742200" lon="4.3214270">
    <ele>2.8</ele>
    <time>2021-05-18T14:40:47Z</time>
   </trkpt>
   <trkpt lat="52.0741690" lon="4.3215270">
    <ele>2.8</ele>
    <time>2021-05-18T14:40:49Z</time>
   </trkpt>
   <trkpt lat="52.0740750" lon="4.3217160">
    <ele>2.8</ele>
    <time>2021-05-18T14:40:51Z</time>
   </trkpt>
   <trkpt lat="52.0740270" lon="4.3218170">
    <ele>2.8</ele>
    <time>2021-05-18T14:40:52Z</time>
   </trkpt>
   <trkpt lat="52.0739270" lon="4.3220190">
    <ele>2.8</ele>
    <time>2021-05-18T14:40:53Z</time>
   </trkpt>
   <trkpt lat="52.0738790" lon="4.3221170">
    <ele>2.8</ele>
    <time>2021-05-18T14:40:55Z</time>
   </trkpt>
   <trkpt lat="52.0738310" lon="4.3222110">
    <ele>2.8</ele>
    <time>2021-05-18T14:40:56Z</time>
   </trkpt>
   <trkpt lat="52.0737390" lon="4.3223880">
    <ele>2.9</ele>
    <time>2021-05-18T14:40:57Z</time>
   </trkpt>
   <trkpt lat="52.0736390" lon="4.3225710">
    <ele>3.0</ele>
    <time>2021-05-18T14:40:59Z</time>
   </trkpt>
   <trkpt lat="52.0735370" lon="4.3227630">
    <ele>3.0</ele>
    <time>2021-05-18T14:41:02Z</time>
   </trkpt>
   <trkpt lat="52.0734840" lon="4.3228500">
    <ele>2.9</ele>
    <time>2021-05-18T14:41:03Z</time>
   </trkpt>
   <trkpt lat="52.0734320" lon="4.3229300">
    <ele>2.9</ele>
    <time>2021-05-18T14:41:04Z</time>
   </trkpt>
   <trkpt lat="52.0733280" lon="4.3230870">
    <ele>2.9</ele>
    <time>2021-05-18T14:41:06Z</time>
   </trkpt>
   <trkpt lat="52.0732350" lon="4.3232450">
    <ele>3.0</ele>
    <time>2021-05-18T14:41:08Z</time>
   </trkpt>
   <trkpt lat="52.0731350" lon="4.3233920">
    <ele>3.1</ele>
    <time>2021-05-18T14:41:10Z</time>
   </trkpt>
   <trkpt lat="52.0730420" lon="4.3235310">
    <ele>3.2</ele>
    <time>2021-05-18T14:41:12Z</time>
   </trkpt>
   <trkpt lat="52.0729410" lon="4.3236420">
    <ele>3.3</ele>
    <time>2021-05-18T14:41:13Z</time>
   </trkpt>
   <trkpt lat="52.0728240" lon="4.3236720">
    <ele>3.5</ele>
    <time>2021-05-18T14:41:15Z</time>
   </trkpt>
   <trkpt lat="52.0727260" lon="4.3235720">
    <ele>3.4</ele>
    <time>2021-05-18T14:41:17Z</time>
   </trkpt>
   <trkpt lat="52.0726940" lon="4.3234980">
    <ele>3.4</ele>
    <time>2021-05-18T14:41:19Z</time>
   </trkpt>
   <trkpt lat="52.0726370" lon="4.3233550">
    <ele>3.4</ele>
    <time>2021-05-18T14:41:20Z</time>
   </trkpt>
   <trkpt lat="52.0725810" lon="4.3232190">
    <ele>3.3</ele>
    <time>2021-05-18T14:41:22Z</time>
   </trkpt>
   <trkpt lat="52.0725450" lon="4.3231150">
    <ele>3.3</ele>
    <time>2021-05-18T14:41:25Z</time>
   </trkpt>
   <trkpt lat="52.0724890" lon="4.3231170">
    <ele>3.3</ele>
    <time>2021-05-18T14:41:26Z</time>
   </trkpt>
   <trkpt lat="52.0724350" lon="4.3231970">
    <ele>3.2</ele>
    <time>2021-05-18T14:41:29Z</time>
   </trkpt>
   <trkpt lat="52.0723730" lon="4.3233160">
    <ele>3.0</ele>
    <time>2021-05-18T14:41:31Z</time>
   </trkpt>
   <trkpt lat="52.0723810" lon="4.3233400">
    <ele>3.0</ele>
    <time>2021-05-18T14:41:32Z</time>
   </trkpt>
   <trkpt lat="52.0722620" lon="4.3234590">
    <ele>2.7</ele>
    <time>2021-05-18T14:41:34Z</time>
   </trkpt>
   <trkpt lat="52.0721730" lon="4.3235480">
    <ele>2.7</ele>
    <time>2021-05-18T14:41:36Z</time>
   </trkpt>
   <trkpt lat="52.0720730" lon="4.3236310">
    <ele>2.8</ele>
    <time>2021-05-18T14:41:37Z</time>
   </trkpt>
   <trkpt lat="52.0720280" lon="4.3236640">
    <ele>2.9</ele>
    <time>2021-05-18T14:41:38Z</time>
   </trkpt>
   <trkpt lat="52.0719810" lon="4.3236950">
    <ele>3.0</ele>
    <time>2021-05-18T14:41:39Z</time>
   </trkpt>
   <trkpt lat="52.0719360" lon="4.3237240">
    <ele>3.2</ele>
    <time>2021-05-18T14:41:40Z</time>
   </trkpt>
   <trkpt lat="52.0718920" lon="4.3237480">
    <ele>3.3</ele>
    <time>2021-05-18T14:41:42Z</time>
   </trkpt>
   <trkpt lat="52.0718580" lon="4.3238080">
    <ele>3.5</ele>
    <time>2021-05-18T14:41:43Z</time>
   </trkpt>
   <trkpt lat="52.0718360" lon="4.3238800">
    <ele>3.5</ele>
    <time>2021-05-18T14:41:44Z</time>
   </trkpt>
   <trkpt lat="52.0718470" lon="4.3239820">
    <ele>3.5</ele>
    <time>2021-05-18T14:41:45Z</time>
   </trkpt>
   <trkpt lat="52.0718520" lon="4.3240600">
    <ele>3.6</ele>
    <time>2021-05-18T14:41:47Z</time>
   </trkpt>
   <trkpt lat="52.0718550" lon="4.3241190">
    <ele>3.6</ele>
    <time>2021-05-18T14:41:48Z</time>
   </trkpt>
   <trkpt lat="52.0718230" lon="4.3242370">
    <ele>3.4</ele>
    <time>2021-05-18T14:41:49Z</time>
   </trkpt>
   <trkpt lat="52.0717940" lon="4.3242870">
    <ele>3.4</ele>
    <time>2021-05-18T14:41:51Z</time>
   </trkpt>
   <trkpt lat="52.0716990" lon="4.3243670">
    <ele>3.1</ele>
    <time>2021-05-18T14:41:53Z</time>
   </trkpt>
   <trkpt lat="52.0715950" lon="4.3244530">
    <ele>2.9</ele>
    <time>2021-05-18T14:41:55Z</time>
   </trkpt>
   <trkpt lat="52.0715030" lon="4.3245600">
    <ele>2.7</ele>
    <time>2021-05-18T14:41:56Z</time>
   </trkpt>
   <trkpt lat="52.0714530" lon="4.3246120">
    <ele>2.6</ele>
    <time>2021-05-18T14:41:58Z</time>
   </trkpt>
   <trkpt lat="52.0713950" lon="4.3246580">
    <ele>2.5</ele>
    <time>2021-05-18T14:41:59Z</time>
   </trkpt>
   <trkpt lat="52.0712640" lon="4.3247510">
    <ele>2.4</ele>
    <time>2021-05-18T14:42:01Z</time>
   </trkpt>
   <trkpt lat="52.0711410" lon="4.3248670">
    <ele>2.4</ele>
    <time>2021-05-18T14:42:03Z</time>
   </trkpt>
   <trkpt lat="52.0710400" lon="4.3249340">
    <ele>2.4</ele>
    <time>2021-05-18T14:42:04Z</time>
   </trkpt>
   <trkpt lat="52.0709400" lon="4.3249960">
    <ele>2.4</ele>
    <time>2021-05-18T14:42:06Z</time>
   </trkpt>
   <trkpt lat="52.0708680" lon="4.3250420">
    <ele>2.4</ele>
    <time>2021-05-18T14:42:08Z</time>
   </trkpt>
   <trkpt lat="52.0707790" lon="4.3251060">
    <ele>2.4</ele>
    <time>2021-05-18T14:42:09Z</time>
   </trkpt>
   <trkpt lat="52.0706810" lon="4.3253020">
    <ele>2.5</ele>
    <time>2021-05-18T14:42:10Z</time>
   </trkpt>
   <trkpt lat="52.0705950" lon="4.3254550">
    <ele>2.5</ele>
    <time>2021-05-18T14:42:12Z</time>
   </trkpt>
   <trkpt lat="52.0705390" lon="4.3255090">
    <ele>2.6</ele>
    <time>2021-05-18T14:42:13Z</time>
   </trkpt>
   <trkpt lat="52.0704880" lon="4.3255660">
    <ele>2.6</ele>
    <time>2021-05-18T14:42:15Z</time>
   </trkpt>
   <trkpt lat="52.0703810" lon="4.3256580">
    <ele>2.7</ele>
    <time>2021-05-18T14:42:16Z</time>
   </trkpt>
   <trkpt lat="52.0703360" lon="4.3256980">
    <ele>2.8</ele>
    <time>2021-05-18T14:42:17Z</time>
   </trkpt>
   <trkpt lat="52.0702940" lon="4.3257310">
    <ele>2.8</ele>
    <time>2021-05-18T14:42:19Z</time>
   </trkpt>
   <trkpt lat="52.0702560" lon="4.3257550">
    <ele>2.8</ele>
    <time>2021-05-18T14:42:20Z</time>
   </trkpt>
   <trkpt lat="52.0701920" lon="4.3257980">
    <ele>2.8</ele>
    <time>2021-05-18T14:42:21Z</time>
   </trkpt>
   <trkpt lat="52.0701640" lon="4.3258170">
    <ele>2.8</ele>
    <time>2021-05-18T14:42:24Z</time>
   </trkpt>
   <trkpt lat="52.0701520" lon="4.3258030">
    <ele>2.8</ele>
    <time>2021-05-18T14:42:26Z</time>
   </trkpt>
   <trkpt lat="52.0701590" lon="4.3258070">
    <ele>2.8</ele>
    <time>2021-05-18T14:42:27Z</time>
   </trkpt>
   <trkpt lat="52.0701660" lon="4.3258090">
    <ele>2.8</ele>
    <time>2021-05-18T14:42:28Z</time>
   </trkpt>
   <trkpt lat="52.0701740" lon="4.3258140">
    <ele>2.8</ele>
    <time>2021-05-18T14:42:29Z</time>
   </trkpt>
   <trkpt lat="52.0701890" lon="4.3258240">
    <ele>2.8</ele>
    <time>2021-05-18T14:42:31Z</time>
   </trkpt>
   <trkpt lat="52.0701890" lon="4.3258300">
    <ele>2.7</ele>
    <time>2021-05-18T14:42:32Z</time>
   </trkpt>
   <trkpt lat="52.0701920" lon="4.3258360">
    <ele>2.7</ele>
    <time>2021-05-18T14:42:33Z</time>
   </trkpt>
   <trkpt lat="52.0701880" lon="4.3258390">
    <ele>2.7</ele>
    <time>2021-05-18T14:42:34Z</time>
   </trkpt>
   <trkpt lat="52.0701680" lon="4.3258540">
    <ele>2.7</ele>
    <time>2021-05-18T14:42:36Z</time>
   </trkpt>
   <trkpt lat="52.0701550" lon="4.3258760">
    <ele>2.7</ele>
    <time>2021-05-18T14:42:38Z</time>
   </trkpt>
   <trkpt lat="52.0701550" lon="4.3258760">
    <ele>2.7</ele>
    <time>2021-05-18T14:42:39Z</time>
   </trkpt>
   <trkpt lat="52.0701570" lon="4.3258710">
    <ele>2.7</ele>
    <time>2021-05-18T14:42:41Z</time>
   </trkpt>
   <trkpt lat="52.0701580" lon="4.3258690">
    <ele>2.7</ele>
    <time>2021-05-18T14:42:43Z</time>
   </trkpt>
   <trkpt lat="52.0701500" lon="4.3258150">
    <ele>2.7</ele>
    <time>2021-05-18T14:42:53Z</time>
   </trkpt>
   <trkpt lat="52.0701150" lon="4.3258420">
    <ele>2.7</ele>
    <time>2021-05-18T14:42:55Z</time>
   </trkpt>
   <trkpt lat="52.0700690" lon="4.3258890">
    <ele>2.7</ele>
    <time>2021-05-18T14:42:57Z</time>
   </trkpt>
   <trkpt lat="52.0700100" lon="4.3259520">
    <ele>2.7</ele>
    <time>2021-05-18T14:42:58Z</time>
   </trkpt>
   <trkpt lat="52.0699610" lon="4.3260020">
    <ele>2.7</ele>
    <time>2021-05-18T14:42:59Z</time>
   </trkpt>
   <trkpt lat="52.0699000" lon="4.3260820">
    <ele>2.7</ele>
    <time>2021-05-18T14:43:00Z</time>
   </trkpt>
   <trkpt lat="52.0698570" lon="4.3261270">
    <ele>2.6</ele>
    <time>2021-05-18T14:43:01Z</time>
   </trkpt>
   <trkpt lat="52.0697750" lon="4.3262270">
    <ele>2.6</ele>
    <time>2021-05-18T14:43:03Z</time>
   </trkpt>
   <trkpt lat="52.0697300" lon="4.3262770">
    <ele>2.6</ele>
    <time>2021-05-18T14:43:04Z</time>
   </trkpt>
   <trkpt lat="52.0696830" lon="4.3263280">
    <ele>2.5</ele>
    <time>2021-05-18T14:43:06Z</time>
   </trkpt>
   <trkpt lat="52.0695840" lon="4.3264300">
    <ele>2.5</ele>
    <time>2021-05-18T14:43:08Z</time>
   </trkpt>
   <trkpt lat="52.0694760" lon="4.3265190">
    <ele>2.5</ele>
    <time>2021-05-18T14:43:10Z</time>
   </trkpt>
   <trkpt lat="52.0693600" lon="4.3266060">
    <ele>2.6</ele>
    <time>2021-05-18T14:43:11Z</time>
   </trkpt>
   <trkpt lat="52.0692520" lon="4.3266720">
    <ele>2.6</ele>
    <time>2021-05-18T14:43:13Z</time>
   </trkpt>
   <trkpt lat="52.0691990" lon="4.3267290">
    <ele>2.5</ele>
    <time>2021-05-18T14:43:14Z</time>
   </trkpt>
   <trkpt lat="52.0690910" lon="4.3268560">
    <ele>2.5</ele>
    <time>2021-05-18T14:43:16Z</time>
   </trkpt>
   <trkpt lat="52.0690330" lon="4.3269080">
    <ele>2.4</ele>
    <time>2021-05-18T14:43:17Z</time>
   </trkpt>
   <trkpt lat="52.0689130" lon="4.3269940">
    <ele>2.4</ele>
    <time>2021-05-18T14:43:19Z</time>
   </trkpt>
   <trkpt lat="52.0688560" lon="4.3270400">
    <ele>2.5</ele>
    <time>2021-05-18T14:43:20Z</time>
   </trkpt>
   <trkpt lat="52.0686910" lon="4.3271920">
    <ele>2.6</ele>
    <time>2021-05-18T14:43:23Z</time>
   </trkpt>
   <trkpt lat="52.0685660" lon="4.3272920">
    <ele>2.7</ele>
    <time>2021-05-18T14:43:25Z</time>
   </trkpt>
   <trkpt lat="52.0684980" lon="4.3273410">
    <ele>2.8</ele>
    <time>2021-05-18T14:43:27Z</time>
   </trkpt>
   <trkpt lat="52.0683820" lon="4.3274440">
    <ele>2.9</ele>
    <time>2021-05-18T14:43:28Z</time>
   </trkpt>
   <trkpt lat="52.0682590" lon="4.3275340">
    <ele>3.0</ele>
    <time>2021-05-18T14:43:31Z</time>
   </trkpt>
   <trkpt lat="52.0681420" lon="4.3276150">
    <ele>3.2</ele>
    <time>2021-05-18T14:43:33Z</time>
   </trkpt>
   <trkpt lat="52.0680400" lon="4.3277140">
    <ele>3.3</ele>
    <time>2021-05-18T14:43:34Z</time>
   </trkpt>
   <trkpt lat="52.0679910" lon="4.3277730">
    <ele>3.4</ele>
    <time>2021-05-18T14:43:36Z</time>
   </trkpt>
   <trkpt lat="52.0678880" lon="4.3278890">
    <ele>3.7</ele>
    <time>2021-05-18T14:43:38Z</time>
   </trkpt>
   <trkpt lat="52.0677950" lon="4.3279550">
    <ele>3.9</ele>
    <time>2021-05-18T14:43:39Z</time>
   </trkpt>
   <trkpt lat="52.0677020" lon="4.3280580">
    <ele>4.2</ele>
    <time>2021-05-18T14:43:41Z</time>
   </trkpt>
   <trkpt lat="52.0676570" lon="4.3281120">
    <ele>4.4</ele>
    <time>2021-05-18T14:43:42Z</time>
   </trkpt>
   <trkpt lat="52.0676130" lon="4.3281680">
    <ele>4.5</ele>
    <time>2021-05-18T14:43:43Z</time>
   </trkpt>
   <trkpt lat="52.0675230" lon="4.3282760">
    <ele>4.7</ele>
    <time>2021-05-18T14:43:45Z</time>
   </trkpt>
   <trkpt lat="52.0674790" lon="4.3283300">
    <ele>4.8</ele>
    <time>2021-05-18T14:43:47Z</time>
   </trkpt>
   <trkpt lat="52.0674340" lon="4.3283780">
    <ele>4.9</ele>
    <time>2021-05-18T14:43:48Z</time>
   </trkpt>
   <trkpt lat="52.0673500" lon="4.3284690">
    <ele>4.9</ele>
    <time>2021-05-18T14:43:50Z</time>
   </trkpt>
   <trkpt lat="52.0672620" lon="4.3285670">
    <ele>4.8</ele>
    <time>2021-05-18T14:43:52Z</time>
   </trkpt>
   <trkpt lat="52.0671830" lon="4.3286470">
    <ele>4.7</ele>
    <time>2021-05-18T14:43:54Z</time>
   </trkpt>
   <trkpt lat="52.0671340" lon="4.3287090">
    <ele>4.6</ele>
    <time>2021-05-18T14:43:56Z</time>
   </trkpt>
   <trkpt lat="52.0670280" lon="4.3288240">
    <ele>4.3</ele>
    <time>2021-05-18T14:43:57Z</time>
   </trkpt>
   <trkpt lat="52.0669640" lon="4.3288660">
    <ele>4.1</ele>
    <time>2021-05-18T14:43:58Z</time>
   </trkpt>
   <trkpt lat="52.0668510" lon="4.3289460">
    <ele>3.8</ele>
    <time>2021-05-18T14:44:01Z</time>
   </trkpt>
   <trkpt lat="52.0667500" lon="4.3290170">
    <ele>3.4</ele>
    <time>2021-05-18T14:44:03Z</time>
   </trkpt>
   <trkpt lat="52.0666890" lon="4.3290470">
    <ele>3.1</ele>
    <time>2021-05-18T14:44:05Z</time>
   </trkpt>
   <trkpt lat="52.0666550" lon="4.3290820">
    <ele>3.0</ele>
    <time>2021-05-18T14:44:07Z</time>
   </trkpt>
   <trkpt lat="52.0666470" lon="4.3291010">
    <ele>3.0</ele>
    <time>2021-05-18T14:44:08Z</time>
   </trkpt>
   <trkpt lat="52.0666550" lon="4.3291090">
    <ele>3.0</ele>
    <time>2021-05-18T14:44:10Z</time>
   </trkpt>
   <trkpt lat="52.0666620" lon="4.3291180">
    <ele>3.0</ele>
    <time>2021-05-18T14:44:12Z</time>
   </trkpt>
   <trkpt lat="52.0666690" lon="4.3291260">
    <ele>3.0</ele>
    <time>2021-05-18T14:44:14Z</time>
   </trkpt>
   <trkpt lat="52.0666760" lon="4.3291340">
    <ele>3.0</ele>
    <time>2021-05-18T14:44:15Z</time>
   </trkpt>
   <trkpt lat="52.0666840" lon="4.3291420">
    <ele>2.9</ele>
    <time>2021-05-18T14:44:16Z</time>
   </trkpt>
   <trkpt lat="52.0666910" lon="4.3291510">
    <ele>2.9</ele>
    <time>2021-05-18T14:44:19Z</time>
   </trkpt>
   <trkpt lat="52.0666980" lon="4.3291590">
    <ele>2.9</ele>
    <time>2021-05-18T14:44:20Z</time>
   </trkpt>
   <trkpt lat="52.0667050" lon="4.3291670">
    <ele>2.9</ele>
    <time>2021-05-18T14:44:22Z</time>
   </trkpt>
   <trkpt lat="52.0667130" lon="4.3291750">
    <ele>2.9</ele>
    <time>2021-05-18T14:44:48Z</time>
   </trkpt>
   <trkpt lat="52.0667200" lon="4.3291840">
    <ele>2.9</ele>
    <time>2021-05-18T14:44:50Z</time>
   </trkpt>
   <trkpt lat="52.0667270" lon="4.3291920">
    <ele>2.9</ele>
    <time>2021-05-18T14:44:51Z</time>
   </trkpt>
   <trkpt lat="52.0667530" lon="4.3292660">
    <ele>2.8</ele>
    <time>2021-05-18T14:44:53Z</time>
   </trkpt>
   <trkpt lat="52.0667850" lon="4.3293420">
    <ele>2.7</ele>
    <time>2021-05-18T14:44:56Z</time>
   </trkpt>
   <trkpt lat="52.0668150" lon="4.3294070">
    <ele>2.7</ele>
    <time>2021-05-18T14:44:57Z</time>
   </trkpt>
   <trkpt lat="52.0668490" lon="4.3294500">
    <ele>2.7</ele>
    <time>2021-05-18T14:44:59Z</time>
   </trkpt>
   <trkpt lat="52.0668820" lon="4.3295460">
    <ele>2.6</ele>
    <time>2021-05-18T14:45:00Z</time>
   </trkpt>
   <trkpt lat="52.0669530" lon="4.3297140">
    <ele>2.5</ele>
    <time>2021-05-18T14:45:01Z</time>
   </trkpt>
   <trkpt lat="52.0669920" lon="4.3298190">
    <ele>2.5</ele>
    <time>2021-05-18T14:45:03Z</time>
   </trkpt>
   <trkpt lat="52.0670340" lon="4.3299110">
    <ele>2.5</ele>
    <time>2021-05-18T14:45:04Z</time>
   </trkpt>
   <trkpt lat="52.0671050" lon="4.3301110">
    <ele>2.5</ele>
    <time>2021-05-18T14:45:06Z</time>
   </trkpt>
   <trkpt lat="52.0671350" lon="4.3302000">
    <ele>2.5</ele>
    <time>2021-05-18T14:45:07Z</time>
   </trkpt>
   <trkpt lat="52.0671980" lon="4.3303740">
    <ele>2.4</ele>
    <time>2021-05-18T14:45:08Z</time>
   </trkpt>
   <trkpt lat="52.0672270" lon="4.3304540">
    <ele>2.4</ele>
    <time>2021-05-18T14:45:09Z</time>
   </trkpt>
   <trkpt lat="52.0673020" lon="4.3306320">
    <ele>2.4</ele>
    <time>2021-05-18T14:45:12Z</time>
   </trkpt>
   <trkpt lat="52.0673440" lon="4.3307150">
    <ele>2.4</ele>
    <time>2021-05-18T14:45:13Z</time>
   </trkpt>
   <trkpt lat="52.0674150" lon="4.3308650">
    <ele>2.4</ele>
    <time>2021-05-18T14:45:15Z</time>
   </trkpt>
   <trkpt lat="52.0674840" lon="4.3310420">
    <ele>2.4</ele>
    <time>2021-05-18T14:45:17Z</time>
   </trkpt>
   <trkpt lat="52.0675860" lon="4.3313110">
    <ele>2.5</ele>
    <time>2021-05-18T14:45:19Z</time>
   </trkpt>
   <trkpt lat="52.0676440" lon="4.3314680">
    <ele>2.5</ele>
    <time>2021-05-18T14:45:21Z</time>
   </trkpt>
   <trkpt lat="52.0677090" lon="4.3316160">
    <ele>2.6</ele>
    <time>2021-05-18T14:45:23Z</time>
   </trkpt>
   <trkpt lat="52.0677410" lon="4.3316870">
    <ele>2.7</ele>
    <time>2021-05-18T14:45:25Z</time>
   </trkpt>
   <trkpt lat="52.0677950" lon="4.3318060">
    <ele>2.7</ele>
    <time>2021-05-18T14:45:27Z</time>
   </trkpt>
   <trkpt lat="52.0678190" lon="4.3318640">
    <ele>2.8</ele>
    <time>2021-05-18T14:45:28Z</time>
   </trkpt>
   <trkpt lat="52.0678520" lon="4.3319340">
    <ele>2.8</ele>
    <time>2021-05-18T14:45:29Z</time>
   </trkpt>
   <trkpt lat="52.0677940" lon="4.3320660">
    <ele>2.8</ele>
    <time>2021-05-18T14:45:31Z</time>
   </trkpt>
   <trkpt lat="52.0677450" lon="4.3320940">
    <ele>2.8</ele>
    <time>2021-05-18T14:45:32Z</time>
   </trkpt>
   <trkpt lat="52.0676460" lon="4.3321680">
    <ele>2.8</ele>
    <time>2021-05-18T14:45:33Z</time>
   </trkpt>
   <trkpt lat="52.0676120" lon="4.3322420">
    <ele>2.8</ele>
    <time>2021-05-18T14:45:34Z</time>
   </trkpt>
   <trkpt lat="52.0675950" lon="4.3323360">
    <ele>2.8</ele>
    <time>2021-05-18T14:45:36Z</time>
   </trkpt>
   <trkpt lat="52.0675890" lon="4.3324390">
    <ele>2.8</ele>
    <time>2021-05-18T14:45:37Z</time>
   </trkpt>
   <trkpt lat="52.0675660" lon="4.3326280">
    <ele>2.8</ele>
    <time>2021-05-18T14:45:38Z</time>
   </trkpt>
   <trkpt lat="52.0675430" lon="4.3328250">
    <ele>2.7</ele>
    <time>2021-05-18T14:45:41Z</time>
   </trkpt>
   <trkpt lat="52.0675320" lon="4.3329260">
    <ele>2.7</ele>
    <time>2021-05-18T14:45:42Z</time>
   </trkpt>
   <trkpt lat="52.0675170" lon="4.3330190">
    <ele>2.7</ele>
    <time>2021-05-18T14:45:43Z</time>
   </trkpt>
   <trkpt lat="52.0674540" lon="4.3331800">
    <ele>2.6</ele>
    <time>2021-05-18T14:45:44Z</time>
   </trkpt>
   <trkpt lat="52.0672900" lon="4.3333370">
    <ele>2.6</ele>
    <time>2021-05-18T14:45:47Z</time>
   </trkpt>
   <trkpt lat="52.0672290" lon="4.3333900">
    <ele>2.6</ele>
    <time>2021-05-18T14:45:49Z</time>
   </trkpt>
   <trkpt lat="52.0671230" lon="4.3334990">
    <ele>2.5</ele>
    <time>2021-05-18T14:45:50Z</time>
   </trkpt>
   <trkpt lat="52.0670680" lon="4.3335590">
    <ele>2.4</ele>
    <time>2021-05-18T14:45:52Z</time>
   </trkpt>
   <trkpt lat="52.0670110" lon="4.3336160">
    <ele>2.4</ele>
    <time>2021-05-18T14:45:53Z</time>
   </trkpt>
   <trkpt lat="52.0669070" lon="4.3337570">
    <ele>2.3</ele>
    <time>2021-05-18T14:45:55Z</time>
   </trkpt>
   <trkpt lat="52.0668340" lon="4.3339290">
    <ele>2.1</ele>
    <time>2021-05-18T14:45:57Z</time>
   </trkpt>
   <trkpt lat="52.0667720" lon="4.3341030">
    <ele>2.0</ele>
    <time>2021-05-18T14:45:58Z</time>
   </trkpt>
   <trkpt lat="52.0666690" lon="4.3342510">
    <ele>2.1</ele>
    <time>2021-05-18T14:46:01Z</time>
   </trkpt>
   <trkpt lat="52.0665460" lon="4.3343940">
    <ele>2.1</ele>
    <time>2021-05-18T14:46:03Z</time>
   </trkpt>
   <trkpt lat="52.0664880" lon="4.3344640">
    <ele>2.2</ele>
    <time>2021-05-18T14:46:04Z</time>
   </trkpt>
   <trkpt lat="52.0663740" lon="4.3346170">
    <ele>2.2</ele>
    <time>2021-05-18T14:46:06Z</time>
   </trkpt>
   <trkpt lat="52.0662390" lon="4.3347870">
    <ele>2.3</ele>
    <time>2021-05-18T14:46:07Z</time>
   </trkpt>
   <trkpt lat="52.0661700" lon="4.3348810">
    <ele>2.3</ele>
    <time>2021-05-18T14:46:09Z</time>
   </trkpt>
   <trkpt lat="52.0660990" lon="4.3349670">
    <ele>2.3</ele>
    <time>2021-05-18T14:46:10Z</time>
   </trkpt>
   <trkpt lat="52.0659600" lon="4.3351360">
    <ele>2.3</ele>
    <time>2021-05-18T14:46:11Z</time>
   </trkpt>
   <trkpt lat="52.0658890" lon="4.3352220">
    <ele>2.3</ele>
    <time>2021-05-18T14:46:12Z</time>
   </trkpt>
   <trkpt lat="52.0657500" lon="4.3353890">
    <ele>2.3</ele>
    <time>2021-05-18T14:46:15Z</time>
   </trkpt>
   <trkpt lat="52.0656220" lon="4.3355600">
    <ele>2.3</ele>
    <time>2021-05-18T14:46:17Z</time>
   </trkpt>
   <trkpt lat="52.0654860" lon="4.3357180">
    <ele>2.3</ele>
    <time>2021-05-18T14:46:18Z</time>
   </trkpt>
   <trkpt lat="52.0654120" lon="4.3358010">
    <ele>2.3</ele>
    <time>2021-05-18T14:46:19Z</time>
   </trkpt>
   <trkpt lat="52.0653410" lon="4.3358800">
    <ele>2.3</ele>
    <time>2021-05-18T14:46:20Z</time>
   </trkpt>
   <trkpt lat="52.0652060" lon="4.3360380">
    <ele>2.3</ele>
    <time>2021-05-18T14:46:22Z</time>
   </trkpt>
   <trkpt lat="52.0651390" lon="4.3361190">
    <ele>2.3</ele>
    <time>2021-05-18T14:46:23Z</time>
   </trkpt>
   <trkpt lat="52.0650810" lon="4.3362090">
    <ele>2.3</ele>
    <time>2021-05-18T14:46:24Z</time>
   </trkpt>
   <trkpt lat="52.0650200" lon="4.3362880">
    <ele>2.3</ele>
    <time>2021-05-18T14:46:25Z</time>
   </trkpt>
   <trkpt lat="52.0648890" lon="4.3364270">
    <ele>2.3</ele>
    <time>2021-05-18T14:46:28Z</time>
   </trkpt>
   <trkpt lat="52.0647600" lon="4.3365620">
    <ele>2.3</ele>
    <time>2021-05-18T14:46:29Z</time>
   </trkpt>
   <trkpt lat="52.0646390" lon="4.3367020">
    <ele>2.3</ele>
    <time>2021-05-18T14:46:31Z</time>
   </trkpt>
   <trkpt lat="52.0645120" lon="4.3368400">
    <ele>2.3</ele>
    <time>2021-05-18T14:46:34Z</time>
   </trkpt>
   <trkpt lat="52.0643930" lon="4.3369990">
    <ele>2.3</ele>
    <time>2021-05-18T14:46:35Z</time>
   </trkpt>
   <trkpt lat="52.0643340" lon="4.3370860">
    <ele>2.2</ele>
    <time>2021-05-18T14:46:36Z</time>
   </trkpt>
   <trkpt lat="52.0642200" lon="4.3372460">
    <ele>2.2</ele>
    <time>2021-05-18T14:46:39Z</time>
   </trkpt>
   <trkpt lat="52.0641550" lon="4.3373250">
    <ele>2.2</ele>
    <time>2021-05-18T14:46:40Z</time>
   </trkpt>
   <trkpt lat="52.0640430" lon="4.3374780">
    <ele>2.2</ele>
    <time>2021-05-18T14:46:41Z</time>
   </trkpt>
   <trkpt lat="52.0639040" lon="4.3376190">
    <ele>2.1</ele>
    <time>2021-05-18T14:46:43Z</time>
   </trkpt>
   <trkpt lat="52.0638470" lon="4.3376900">
    <ele>2.1</ele>
    <time>2021-05-18T14:46:44Z</time>
   </trkpt>
   <trkpt lat="52.0637860" lon="4.3377640">
    <ele>2.1</ele>
    <time>2021-05-18T14:46:46Z</time>
   </trkpt>
   <trkpt lat="52.0636740" lon="4.3379010">
    <ele>2.1</ele>
    <time>2021-05-18T14:46:47Z</time>
   </trkpt>
   <trkpt lat="52.0636090" lon="4.3379700">
    <ele>2.1</ele>
    <time>2021-05-18T14:46:49Z</time>
   </trkpt>
   <trkpt lat="52.0635540" lon="4.3380470">
    <ele>2.1</ele>
    <time>2021-05-18T14:46:50Z</time>
   </trkpt>
   <trkpt lat="52.0634390" lon="4.3381680">
    <ele>2.2</ele>
    <time>2021-05-18T14:46:52Z</time>
   </trkpt>
   <trkpt lat="52.0633240" lon="4.3382960">
    <ele>2.2</ele>
    <time>2021-05-18T14:46:53Z</time>
   </trkpt>
   <trkpt lat="52.0632750" lon="4.3383540">
    <ele>2.2</ele>
    <time>2021-05-18T14:46:54Z</time>
   </trkpt>
   <trkpt lat="52.0632370" lon="4.3384000">
    <ele>2.2</ele>
    <time>2021-05-18T14:46:56Z</time>
   </trkpt>
   <trkpt lat="52.0631610" lon="4.3384920">
    <ele>2.2</ele>
    <time>2021-05-18T14:46:58Z</time>
   </trkpt>
   <trkpt lat="52.0631060" lon="4.3385570">
    <ele>2.2</ele>
    <time>2021-05-18T14:47:00Z</time>
   </trkpt>
   <trkpt lat="52.0630630" lon="4.3386200">
    <ele>2.2</ele>
    <time>2021-05-18T14:47:01Z</time>
   </trkpt>
   <trkpt lat="52.0629510" lon="4.3387650">
    <ele>2.2</ele>
    <time>2021-05-18T14:47:02Z</time>
   </trkpt>
   <trkpt lat="52.0628830" lon="4.3388440">
    <ele>2.2</ele>
    <time>2021-05-18T14:47:03Z</time>
   </trkpt>
   <trkpt lat="52.0627450" lon="4.3389930">
    <ele>2.2</ele>
    <time>2021-05-18T14:47:05Z</time>
   </trkpt>
   <trkpt lat="52.0626740" lon="4.3390670">
    <ele>2.2</ele>
    <time>2021-05-18T14:47:07Z</time>
   </trkpt>
   <trkpt lat="52.0625290" lon="4.3392330">
    <ele>2.2</ele>
    <time>2021-05-18T14:47:09Z</time>
   </trkpt>
   <trkpt lat="52.0624050" lon="4.3393950">
    <ele>2.2</ele>
    <time>2021-05-18T14:47:10Z</time>
   </trkpt>
   <trkpt lat="52.0623390" lon="4.3394750">
    <ele>2.2</ele>
    <time>2021-05-18T14:47:11Z</time>
   </trkpt>
   <trkpt lat="52.0622030" lon="4.3396330">
    <ele>2.2</ele>
    <time>2021-05-18T14:47:13Z</time>
   </trkpt>
   <trkpt lat="52.0621380" lon="4.3397130">
    <ele>2.3</ele>
    <time>2021-05-18T14:47:15Z</time>
   </trkpt>
   <trkpt lat="52.0620100" lon="4.3398750">
    <ele>2.3</ele>
    <time>2021-05-18T14:47:16Z</time>
   </trkpt>
   <trkpt lat="52.0619470" lon="4.3399540">
    <ele>2.3</ele>
    <time>2021-05-18T14:47:17Z</time>
   </trkpt>
   <trkpt lat="52.0618880" lon="4.3400370">
    <ele>2.3</ele>
    <time>2021-05-18T14:47:19Z</time>
   </trkpt>
   <trkpt lat="52.0617780" lon="4.3402210">
    <ele>2.3</ele>
    <time>2021-05-18T14:47:20Z</time>
   </trkpt>
   <trkpt lat="52.0616670" lon="4.3404190">
    <ele>2.3</ele>
    <time>2021-05-18T14:47:22Z</time>
   </trkpt>
   <trkpt lat="52.0616150" lon="4.3405160">
    <ele>2.3</ele>
    <time>2021-05-18T14:47:23Z</time>
   </trkpt>
   <trkpt lat="52.0615640" lon="4.3406160">
    <ele>2.4</ele>
    <time>2021-05-18T14:47:24Z</time>
   </trkpt>
   <trkpt lat="52.0615110" lon="4.3407110">
    <ele>2.4</ele>
    <time>2021-05-18T14:47:25Z</time>
   </trkpt>
   <trkpt lat="52.0614010" lon="4.3408950">
    <ele>2.4</ele>
    <time>2021-05-18T14:47:27Z</time>
   </trkpt>
   <trkpt lat="52.0612920" lon="4.3410640">
    <ele>2.4</ele>
    <time>2021-05-18T14:47:29Z</time>
   </trkpt>
   <trkpt lat="52.0612380" lon="4.3411560">
    <ele>2.4</ele>
    <time>2021-05-18T14:47:31Z</time>
   </trkpt>
   <trkpt lat="52.0611340" lon="4.3413230">
    <ele>2.4</ele>
    <time>2021-05-18T14:47:32Z</time>
   </trkpt>
   <trkpt lat="52.0610290" lon="4.3415000">
    <ele>2.5</ele>
    <time>2021-05-18T14:47:34Z</time>
   </trkpt>
   <trkpt lat="52.0609770" lon="4.3415850">
    <ele>2.5</ele>
    <time>2021-05-18T14:47:36Z</time>
   </trkpt>
   <trkpt lat="52.0608720" lon="4.3417490">
    <ele>2.5</ele>
    <time>2021-05-18T14:47:37Z</time>
   </trkpt>
   <trkpt lat="52.0608190" lon="4.3418230">
    <ele>2.5</ele>
    <time>2021-05-18T14:47:38Z</time>
   </trkpt>
   <trkpt lat="52.0607010" lon="4.3419930">
    <ele>2.5</ele>
    <time>2021-05-18T14:47:40Z</time>
   </trkpt>
   <trkpt lat="52.0606520" lon="4.3420660">
    <ele>2.5</ele>
    <time>2021-05-18T14:47:41Z</time>
   </trkpt>
   <trkpt lat="52.0605980" lon="4.3421500">
    <ele>2.5</ele>
    <time>2021-05-18T14:47:43Z</time>
   </trkpt>
   <trkpt lat="52.0604920" lon="4.3423110">
    <ele>2.5</ele>
    <time>2021-05-18T14:47:44Z</time>
   </trkpt>
   <trkpt lat="52.0603790" lon="4.3424650">
    <ele>2.4</ele>
    <time>2021-05-18T14:47:46Z</time>
   </trkpt>
   <trkpt lat="52.0602680" lon="4.3426140">
    <ele>2.3</ele>
    <time>2021-05-18T14:47:48Z</time>
   </trkpt>
   <trkpt lat="52.0602140" lon="4.3426850">
    <ele>2.3</ele>
    <time>2021-05-18T14:47:49Z</time>
   </trkpt>
   <trkpt lat="52.0601600" lon="4.3427540">
    <ele>2.2</ele>
    <time>2021-05-18T14:47:50Z</time>
   </trkpt>
   <trkpt lat="52.0600550" lon="4.3428890">
    <ele>2.2</ele>
    <time>2021-05-18T14:47:52Z</time>
   </trkpt>
   <trkpt lat="52.0600010" lon="4.3429530">
    <ele>2.2</ele>
    <time>2021-05-18T14:47:53Z</time>
   </trkpt>
   <trkpt lat="52.0598960" lon="4.3430890">
    <ele>2.3</ele>
    <time>2021-05-18T14:47:56Z</time>
   </trkpt>
   <trkpt lat="52.0598450" lon="4.3431520">
    <ele>2.3</ele>
    <time>2021-05-18T14:47:57Z</time>
   </trkpt>
   <trkpt lat="52.0597440" lon="4.3432760">
    <ele>2.4</ele>
    <time>2021-05-18T14:47:59Z</time>
   </trkpt>
   <trkpt lat="52.0596950" lon="4.3433360">
    <ele>2.5</ele>
    <time>2021-05-18T14:48:00Z</time>
   </trkpt>
   <trkpt lat="52.0596040" lon="4.3434510">
    <ele>2.8</ele>
    <time>2021-05-18T14:48:01Z</time>
   </trkpt>
   <trkpt lat="52.0595240" lon="4.3435550">
    <ele>3.1</ele>
    <time>2021-05-18T14:48:03Z</time>
   </trkpt>
   <trkpt lat="52.0594600" lon="4.3436450">
    <ele>3.4</ele>
    <time>2021-05-18T14:48:05Z</time>
   </trkpt>
   <trkpt lat="52.0594170" lon="4.3437000">
    <ele>3.6</ele>
    <time>2021-05-18T14:48:07Z</time>
   </trkpt>
   <trkpt lat="52.0594140" lon="4.3437110">
    <ele>3.6</ele>
    <time>2021-05-18T14:48:09Z</time>
   </trkpt>
   <trkpt lat="52.0594130" lon="4.3437140">
    <ele>3.6</ele>
    <time>2021-05-18T14:48:11Z</time>
   </trkpt>
   <trkpt lat="52.0594170" lon="4.3437190">
    <ele>3.6</ele>
    <time>2021-05-18T14:48:13Z</time>
   </trkpt>
   <trkpt lat="52.0594160" lon="4.3437230">
    <ele>3.6</ele>
    <time>2021-05-18T14:48:15Z</time>
   </trkpt>
   <trkpt lat="52.0594150" lon="4.3437210">
    <ele>3.6</ele>
    <time>2021-05-18T14:48:17Z</time>
   </trkpt>
   <trkpt lat="52.0594120" lon="4.3437200">
    <ele>3.6</ele>
    <time>2021-05-18T14:48:18Z</time>
   </trkpt>
   <trkpt lat="52.0594110" lon="4.3437190">
    <ele>3.6</ele>
    <time>2021-05-18T14:48:20Z</time>
   </trkpt>
   <trkpt lat="52.0593920" lon="4.3437600">
    <ele>3.7</ele>
    <time>2021-05-18T14:48:46Z</time>
   </trkpt>
   <trkpt lat="52.0593630" lon="4.3437980">
    <ele>3.8</ele>
    <time>2021-05-18T14:48:48Z</time>
   </trkpt>
   <trkpt lat="52.0593310" lon="4.3438340">
    <ele>3.8</ele>
    <time>2021-05-18T14:48:50Z</time>
   </trkpt>
   <trkpt lat="52.0593180" lon="4.3438560">
    <ele>3.7</ele>
    <time>2021-05-18T14:48:51Z</time>
   </trkpt>
   <trkpt lat="52.0592980" lon="4.3439080">
    <ele>3.7</ele>
    <time>2021-05-18T14:48:52Z</time>
   </trkpt>
   <trkpt lat="52.0592800" lon="4.3439850">
    <ele>3.6</ele>
    <time>2021-05-18T14:48:54Z</time>
   </trkpt>
   <trkpt lat="52.0592730" lon="4.3440880">
    <ele>3.7</ele>
    <time>2021-05-18T14:48:56Z</time>
   </trkpt>
   <trkpt lat="52.0592920" lon="4.3441190">
    <ele>3.8</ele>
    <time>2021-05-18T14:48:57Z</time>
   </trkpt>
   <trkpt lat="52.0593190" lon="4.3441560">
    <ele>3.8</ele>
    <time>2021-05-18T14:48:58Z</time>
   </trkpt>
   <trkpt lat="52.0593620" lon="4.3442010">
    <ele>4.0</ele>
    <time>2021-05-18T14:49:00Z</time>
   </trkpt>
   <trkpt lat="52.0594250" lon="4.3442870">
    <ele>4.0</ele>
    <time>2021-05-18T14:49:01Z</time>
   </trkpt>
   <trkpt lat="52.0594860" lon="4.3443790">
    <ele>4.0</ele>
    <time>2021-05-18T14:49:04Z</time>
   </trkpt>
   <trkpt lat="52.0595130" lon="4.3444270">
    <ele>4.0</ele>
    <time>2021-05-18T14:49:05Z</time>
   </trkpt>
   <trkpt lat="52.0595520" lon="4.3445000">
    <ele>4.0</ele>
    <time>2021-05-18T14:49:06Z</time>
   </trkpt>
   <trkpt lat="52.0595930" lon="4.3445650">
    <ele>4.0</ele>
    <time>2021-05-18T14:49:08Z</time>
   </trkpt>
   <trkpt lat="52.0595760" lon="4.3447090">
    <ele>3.5</ele>
    <time>2021-05-18T14:49:10Z</time>
   </trkpt>
   <trkpt lat="52.0595390" lon="4.3447860">
    <ele>3.3</ele>
    <time>2021-05-18T14:49:11Z</time>
   </trkpt>
   <trkpt lat="52.0595210" lon="4.3448690">
    <ele>3.0</ele>
    <time>2021-05-18T14:49:12Z</time>
   </trkpt>
   <trkpt lat="52.0594310" lon="4.3448840">
    <ele>2.7</ele>
    <time>2021-05-18T14:49:13Z</time>
   </trkpt>
   <trkpt lat="52.0593280" lon="4.3449910">
    <ele>2.3</ele>
    <time>2021-05-18T14:49:15Z</time>
   </trkpt>
   <trkpt lat="52.0592690" lon="4.3450580">
    <ele>2.1</ele>
    <time>2021-05-18T14:49:16Z</time>
   </trkpt>
   <trkpt lat="52.0591960" lon="4.3451350">
    <ele>2.0</ele>
    <time>2021-05-18T14:49:18Z</time>
   </trkpt>
   <trkpt lat="52.0591320" lon="4.3452050">
    <ele>1.9</ele>
    <time>2021-05-18T14:49:19Z</time>
   </trkpt>
   <trkpt lat="52.0590080" lon="4.3453500">
    <ele>1.8</ele>
    <time>2021-05-18T14:49:21Z</time>
   </trkpt>
   <trkpt lat="52.0589480" lon="4.3454200">
    <ele>1.8</ele>
    <time>2021-05-18T14:49:22Z</time>
   </trkpt>
   <trkpt lat="52.0588360" lon="4.3455570">
    <ele>1.8</ele>
    <time>2021-05-18T14:49:24Z</time>
   </trkpt>
   <trkpt lat="52.0587770" lon="4.3456230">
    <ele>1.8</ele>
    <time>2021-05-18T14:49:25Z</time>
   </trkpt>
   <trkpt lat="52.0587130" lon="4.3457010">
    <ele>1.8</ele>
    <time>2021-05-18T14:49:26Z</time>
   </trkpt>
   <trkpt lat="52.0585860" lon="4.3458310">
    <ele>1.8</ele>
    <time>2021-05-18T14:49:28Z</time>
   </trkpt>
   <trkpt lat="52.0585190" lon="4.3458980">
    <ele>1.8</ele>
    <time>2021-05-18T14:49:29Z</time>
   </trkpt>
   <trkpt lat="52.0583320" lon="4.3461140">
    <ele>1.9</ele>
    <time>2021-05-18T14:49:31Z</time>
   </trkpt>
   <trkpt lat="52.0582090" lon="4.3462470">
    <ele>2.0</ele>
    <time>2021-05-18T14:49:34Z</time>
   </trkpt>
   <trkpt lat="52.0581460" lon="4.3463160">
    <ele>2.0</ele>
    <time>2021-05-18T14:49:35Z</time>
   </trkpt>
   <trkpt lat="52.0580330" lon="4.3464530">
    <ele>2.1</ele>
    <time>2021-05-18T14:49:37Z</time>
   </trkpt>
   <trkpt lat="52.0579740" lon="4.3465200">
    <ele>2.1</ele>
    <time>2021-05-18T14:49:38Z</time>
   </trkpt>
   <trkpt lat="52.0579130" lon="4.3465800">
    <ele>2.1</ele>
    <time>2021-05-18T14:49:39Z</time>
   </trkpt>
   <trkpt lat="52.0577950" lon="4.3467050">
    <ele>2.1</ele>
    <time>2021-05-18T14:49:41Z</time>
   </trkpt>
   <trkpt lat="52.0576750" lon="4.3468330">
    <ele>2.2</ele>
    <time>2021-05-18T14:49:43Z</time>
   </trkpt>
   <trkpt lat="52.0575540" lon="4.3469600">
    <ele>2.3</ele>
    <time>2021-05-18T14:49:45Z</time>
   </trkpt>
   <trkpt lat="52.0574970" lon="4.3470270">
    <ele>2.4</ele>
    <time>2021-05-18T14:49:46Z</time>
   </trkpt>
   <trkpt lat="52.0573950" lon="4.3471400">
    <ele>2.3</ele>
    <time>2021-05-18T14:49:48Z</time>
   </trkpt>
   <trkpt lat="52.0572860" lon="4.3472260">
    <ele>2.2</ele>
    <time>2021-05-18T14:49:49Z</time>
   </trkpt>
   <trkpt lat="52.0572330" lon="4.3472780">
    <ele>2.2</ele>
    <time>2021-05-18T14:49:50Z</time>
   </trkpt>
   <trkpt lat="52.0571790" lon="4.3473320">
    <ele>2.2</ele>
    <time>2021-05-18T14:49:51Z</time>
   </trkpt>
   <trkpt lat="52.0571310" lon="4.3473840">
    <ele>2.1</ele>
    <time>2021-05-18T14:49:52Z</time>
   </trkpt>
   <trkpt lat="52.0570810" lon="4.3474330">
    <ele>2.1</ele>
    <time>2021-05-18T14:49:53Z</time>
   </trkpt>
   <trkpt lat="52.0570020" lon="4.3475610">
    <ele>2.1</ele>
    <time>2021-05-18T14:49:56Z</time>
   </trkpt>
   <trkpt lat="52.0569640" lon="4.3476290">
    <ele>2.1</ele>
    <time>2021-05-18T14:49:57Z</time>
   </trkpt>
   <trkpt lat="52.0569030" lon="4.3477580">
    <ele>2.3</ele>
    <time>2021-05-18T14:49:58Z</time>
   </trkpt>
   <trkpt lat="52.0568420" lon="4.3478860">
    <ele>2.5</ele>
    <time>2021-05-18T14:50:00Z</time>
   </trkpt>
   <trkpt lat="52.0567890" lon="4.3479870">
    <ele>2.7</ele>
    <time>2021-05-18T14:50:02Z</time>
   </trkpt>
   <trkpt lat="52.0567730" lon="4.3480320">
    <ele>2.8</ele>
    <time>2021-05-18T14:50:04Z</time>
   </trkpt>
   <trkpt lat="52.0567580" lon="4.3480840">
    <ele>2.9</ele>
    <time>2021-05-18T14:50:05Z</time>
   </trkpt>
   <trkpt lat="52.0567540" lon="4.3480880">
    <ele>2.9</ele>
    <time>2021-05-18T14:50:06Z</time>
   </trkpt>
   <trkpt lat="52.0567450" lon="4.3480900">
    <ele>2.9</ele>
    <time>2021-05-18T14:50:09Z</time>
   </trkpt>
   <trkpt lat="52.0567350" lon="4.3480930">
    <ele>2.9</ele>
    <time>2021-05-18T14:50:10Z</time>
   </trkpt>
   <trkpt lat="52.0567260" lon="4.3480960">
    <ele>2.9</ele>
    <time>2021-05-18T14:50:12Z</time>
   </trkpt>
   <trkpt lat="52.0567170" lon="4.3480980">
    <ele>2.9</ele>
    <time>2021-05-18T14:50:14Z</time>
   </trkpt>
   <trkpt lat="52.0567080" lon="4.3481010">
    <ele>2.9</ele>
    <time>2021-05-18T14:50:15Z</time>
   </trkpt>
   <trkpt lat="52.0566980" lon="4.3481030">
    <ele>2.9</ele>
    <time>2021-05-18T14:50:16Z</time>
   </trkpt>
   <trkpt lat="52.0566890" lon="4.3481060">
    <ele>2.9</ele>
    <time>2021-05-18T14:50:17Z</time>
   </trkpt>
   <trkpt lat="52.0566600" lon="4.3481200">
    <ele>2.9</ele>
    <time>2021-05-18T14:50:19Z</time>
   </trkpt>
   <trkpt lat="52.0566540" lon="4.3481270">
    <ele>2.9</ele>
    <time>2021-05-18T14:50:20Z</time>
   </trkpt>
   <trkpt lat="52.0566460" lon="4.3481380">
    <ele>2.9</ele>
    <time>2021-05-18T14:50:22Z</time>
   </trkpt>
   <trkpt lat="52.0566390" lon="4.3481590">
    <ele>2.9</ele>
    <time>2021-05-18T14:50:23Z</time>
   </trkpt>
   <trkpt lat="52.0566280" lon="4.3482000">
    <ele>2.8</ele>
    <time>2021-05-18T14:50:24Z</time>
   </trkpt>
   <trkpt lat="52.0566260" lon="4.3482180">
    <ele>2.6</ele>
    <time>2021-05-18T14:50:26Z</time>
   </trkpt>
   <trkpt lat="52.0566240" lon="4.3482350">
    <ele>2.6</ele>
    <time>2021-05-18T14:50:27Z</time>
   </trkpt>
   <trkpt lat="52.0566220" lon="4.3482530">
    <ele>2.6</ele>
    <time>2021-05-18T14:50:28Z</time>
   </trkpt>
   <trkpt lat="52.0566200" lon="4.3482700">
    <ele>2.6</ele>
    <time>2021-05-18T14:50:29Z</time>
   </trkpt>
   <trkpt lat="52.0566170" lon="4.3482940">
    <ele>2.6</ele>
    <time>2021-05-18T14:50:31Z</time>
   </trkpt>
   <trkpt lat="52.0566140" lon="4.3483080">
    <ele>2.6</ele>
    <time>2021-05-18T14:50:32Z</time>
   </trkpt>
   <trkpt lat="52.0566090" lon="4.3483190">
    <ele>2.6</ele>
    <time>2021-05-18T14:50:33Z</time>
   </trkpt>
   <trkpt lat="52.0565910" lon="4.3483290">
    <ele>2.6</ele>
    <time>2021-05-18T14:50:34Z</time>
   </trkpt>
   <trkpt lat="52.0565840" lon="4.3483250">
    <ele>2.6</ele>
    <time>2021-05-18T14:50:36Z</time>
   </trkpt>
   <trkpt lat="52.0565760" lon="4.3483200">
    <ele>2.6</ele>
    <time>2021-05-18T14:50:37Z</time>
   </trkpt>
   <trkpt lat="52.0565690" lon="4.3483160">
    <ele>2.6</ele>
    <time>2021-05-18T14:50:38Z</time>
   </trkpt>
   <trkpt lat="52.0565580" lon="4.3482990">
    <ele>2.6</ele>
    <time>2021-05-18T14:50:40Z</time>
   </trkpt>
   <trkpt lat="52.0565600" lon="4.3482760">
    <ele>2.6</ele>
    <time>2021-05-18T14:50:42Z</time>
   </trkpt>
   <trkpt lat="52.0565620" lon="4.3482640">
    <ele>2.6</ele>
    <time>2021-05-18T14:50:43Z</time>
   </trkpt>
   <trkpt lat="52.0565640" lon="4.3482540">
    <ele>2.6</ele>
    <time>2021-05-18T14:50:44Z</time>
   </trkpt>
   <trkpt lat="52.0565600" lon="4.3482200">
    <ele>2.6</ele>
    <time>2021-05-18T14:50:46Z</time>
   </trkpt>
   <trkpt lat="52.0565530" lon="4.3481770">
    <ele>1.9</ele>
    <time>2021-05-18T14:50:48Z</time>
   </trkpt>
   <trkpt lat="52.0565390" lon="4.3481370">
    <ele>1.9</ele>
    <time>2021-05-18T14:50:50Z</time>
   </trkpt>
   <trkpt lat="52.0564950" lon="4.3480630">
    <ele>1.9</ele>
    <time>2021-05-18T14:50:52Z</time>
   </trkpt>
   <trkpt lat="52.0564220" lon="4.3479680">
    <ele>1.9</ele>
    <time>2021-05-18T14:50:53Z</time>
   </trkpt>
   <trkpt lat="52.0563180" lon="4.3478630">
    <ele>1.8</ele>
    <time>2021-05-18T14:50:54Z</time>
   </trkpt>
   <trkpt lat="52.0562730" lon="4.3478070">
    <ele>1.8</ele>
    <time>2021-05-18T14:50:56Z</time>
   </trkpt>
   <trkpt lat="52.0562360" lon="4.3477440">
    <ele>1.8</ele>
    <time>2021-05-18T14:50:58Z</time>
   </trkpt>
   <trkpt lat="52.0561540" lon="4.3476670">
    <ele>1.7</ele>
    <time>2021-05-18T14:50:59Z</time>
   </trkpt>
   <trkpt lat="52.0560900" lon="4.3476140">
    <ele>1.7</ele>
    <time>2021-05-18T14:51:00Z</time>
   </trkpt>
   <trkpt lat="52.0560250" lon="4.3475600">
    <ele>1.6</ele>
    <time>2021-05-18T14:51:01Z</time>
   </trkpt>
   <trkpt lat="52.0559180" lon="4.3474430">
    <ele>1.5</ele>
    <time>2021-05-18T14:51:03Z</time>
   </trkpt>
   <trkpt lat="52.0558300" lon="4.3473260">
    <ele>1.5</ele>
    <time>2021-05-18T14:51:05Z</time>
   </trkpt>
   <trkpt lat="52.0557820" lon="4.3472670">
    <ele>1.5</ele>
    <time>2021-05-18T14:51:06Z</time>
   </trkpt>
   <trkpt lat="52.0557320" lon="4.3472070">
    <ele>1.5</ele>
    <time>2021-05-18T14:51:07Z</time>
   </trkpt>
   <trkpt lat="52.0556270" lon="4.3470910">
    <ele>1.5</ele>
    <time>2021-05-18T14:51:09Z</time>
   </trkpt>
   <trkpt lat="52.0555230" lon="4.3469850">
    <ele>1.5</ele>
    <time>2021-05-18T14:51:10Z</time>
   </trkpt>
   <trkpt lat="52.0554210" lon="4.3468650">
    <ele>1.5</ele>
    <time>2021-05-18T14:51:12Z</time>
   </trkpt>
   <trkpt lat="52.0553700" lon="4.3468000">
    <ele>1.5</ele>
    <time>2021-05-18T14:51:13Z</time>
   </trkpt>
   <trkpt lat="52.0553160" lon="4.3467340">
    <ele>1.6</ele>
    <time>2021-05-18T14:51:15Z</time>
   </trkpt>
   <trkpt lat="52.0552090" lon="4.3465940">
    <ele>1.6</ele>
    <time>2021-05-18T14:51:16Z</time>
   </trkpt>
   <trkpt lat="52.0551570" lon="4.3465230">
    <ele>1.6</ele>
    <time>2021-05-18T14:51:17Z</time>
   </trkpt>
   <trkpt lat="52.0551090" lon="4.3464500">
    <ele>1.7</ele>
    <time>2021-05-18T14:51:18Z</time>
   </trkpt>
   <trkpt lat="52.0550000" lon="4.3463140">
    <ele>1.7</ele>
    <time>2021-05-18T14:51:20Z</time>
   </trkpt>
   <trkpt lat="52.0549470" lon="4.3462460">
    <ele>1.7</ele>
    <time>2021-05-18T14:51:22Z</time>
   </trkpt>
   <trkpt lat="52.0548370" lon="4.3460990">
    <ele>1.8</ele>
    <time>2021-05-18T14:51:24Z</time>
   </trkpt>
   <trkpt lat="52.0547260" lon="4.3459580">
    <ele>1.8</ele>
    <time>2021-05-18T14:51:26Z</time>
   </trkpt>
   <trkpt lat="52.0546090" lon="4.3458320">
    <ele>1.9</ele>
    <time>2021-05-18T14:51:27Z</time>
   </trkpt>
   <trkpt lat="52.0545070" lon="4.3456810">
    <ele>1.9</ele>
    <time>2021-05-18T14:51:29Z</time>
   </trkpt>
   <trkpt lat="52.0544530" lon="4.3456060">
    <ele>1.9</ele>
    <time>2021-05-18T14:51:31Z</time>
   </trkpt>
   <trkpt lat="52.0543470" lon="4.3454660">
    <ele>1.9</ele>
    <time>2021-05-18T14:51:32Z</time>
   </trkpt>
   <trkpt lat="52.0542390" lon="4.3453200">
    <ele>1.9</ele>
    <time>2021-05-18T14:51:34Z</time>
   </trkpt>
   <trkpt lat="52.0541410" lon="4.3451850">
    <ele>1.9</ele>
    <time>2021-05-18T14:51:36Z</time>
   </trkpt>
   <trkpt lat="52.0540900" lon="4.3451130">
    <ele>1.9</ele>
    <time>2021-05-18T14:51:37Z</time>
   </trkpt>
   <trkpt lat="52.0539870" lon="4.3449720">
    <ele>1.9</ele>
    <time>2021-05-18T14:51:39Z</time>
   </trkpt>
   <trkpt lat="52.0539380" lon="4.3449010">
    <ele>1.9</ele>
    <time>2021-05-18T14:51:41Z</time>
   </trkpt>
   <trkpt lat="52.0538390" lon="4.3447750">
    <ele>1.9</ele>
    <time>2021-05-18T14:51:42Z</time>
   </trkpt>
   <trkpt lat="52.0537270" lon="4.3446470">
    <ele>1.9</ele>
    <time>2021-05-18T14:51:44Z</time>
   </trkpt>
   <trkpt lat="52.0536100" lon="4.3445110">
    <ele>1.8</ele>
    <time>2021-05-18T14:51:46Z</time>
   </trkpt>
   <trkpt lat="52.0535490" lon="4.3444500">
    <ele>1.8</ele>
    <time>2021-05-18T14:51:47Z</time>
   </trkpt>
   <trkpt lat="52.0534330" lon="4.3443130">
    <ele>1.8</ele>
    <time>2021-05-18T14:51:50Z</time>
   </trkpt>
   <trkpt lat="52.0533810" lon="4.3442460">
    <ele>1.8</ele>
    <time>2021-05-18T14:51:51Z</time>
   </trkpt>
   <trkpt lat="52.0532760" lon="4.3441190">
    <ele>1.8</ele>
    <time>2021-05-18T14:51:52Z</time>
   </trkpt>
   <trkpt lat="52.0532220" lon="4.3440570">
    <ele>1.7</ele>
    <time>2021-05-18T14:51:53Z</time>
   </trkpt>
   <trkpt lat="52.0531680" lon="4.3439980">
    <ele>1.7</ele>
    <time>2021-05-18T14:51:54Z</time>
   </trkpt>
   <trkpt lat="52.0530540" lon="4.3438710">
    <ele>1.7</ele>
    <time>2021-05-18T14:51:57Z</time>
   </trkpt>
   <trkpt lat="52.0528730" lon="4.3437340">
    <ele>1.7</ele>
    <time>2021-05-18T14:51:59Z</time>
   </trkpt>
   <trkpt lat="52.0526720" lon="4.3436470">
    <ele>1.7</ele>
    <time>2021-05-18T14:52:02Z</time>
   </trkpt>
   <trkpt lat="52.0526040" lon="4.3436280">
    <ele>1.7</ele>
    <time>2021-05-18T14:52:04Z</time>
   </trkpt>
   <trkpt lat="52.0524770" lon="4.3435960">
    <ele>1.6</ele>
    <time>2021-05-18T14:52:05Z</time>
   </trkpt>
   <trkpt lat="52.0524130" lon="4.3435760">
    <ele>1.6</ele>
    <time>2021-05-18T14:52:06Z</time>
   </trkpt>
   <trkpt lat="52.0522820" lon="4.3435420">
    <ele>1.6</ele>
    <time>2021-05-18T14:52:08Z</time>
   </trkpt>
   <trkpt lat="52.0522130" lon="4.3435430">
    <ele>1.6</ele>
    <time>2021-05-18T14:52:09Z</time>
   </trkpt>
   <trkpt lat="52.0520790" lon="4.3435080">
    <ele>1.5</ele>
    <time>2021-05-18T14:52:11Z</time>
   </trkpt>
   <trkpt lat="52.0520110" lon="4.3434940">
    <ele>1.4</ele>
    <time>2021-05-18T14:52:12Z</time>
   </trkpt>
   <trkpt lat="52.0518680" lon="4.3435210">
    <ele>1.3</ele>
    <time>2021-05-18T14:52:15Z</time>
   </trkpt>
   <trkpt lat="52.0517210" lon="4.3435150">
    <ele>1.2</ele>
    <time>2021-05-18T14:52:16Z</time>
   </trkpt>
   <trkpt lat="52.0516460" lon="4.3435110">
    <ele>1.2</ele>
    <time>2021-05-18T14:52:17Z</time>
   </trkpt>
   <trkpt lat="52.0514950" lon="4.3434780">
    <ele>1.2</ele>
    <time>2021-05-18T14:52:19Z</time>
   </trkpt>
   <trkpt lat="52.0514260" lon="4.3434350">
    <ele>1.2</ele>
    <time>2021-05-18T14:52:20Z</time>
   </trkpt>
   <trkpt lat="52.0513680" lon="4.3433620">
    <ele>1.3</ele>
    <time>2021-05-18T14:52:22Z</time>
   </trkpt>
   <trkpt lat="52.0512500" lon="4.3432820">
    <ele>1.5</ele>
    <time>2021-05-18T14:52:23Z</time>
   </trkpt>
   <trkpt lat="52.0510790" lon="4.3432410">
    <ele>1.6</ele>
    <time>2021-05-18T14:52:26Z</time>
   </trkpt>
   <trkpt lat="52.0510260" lon="4.3432320">
    <ele>1.6</ele>
    <time>2021-05-18T14:52:28Z</time>
   </trkpt>
   <trkpt lat="52.0509160" lon="4.3432300">
    <ele>1.7</ele>
    <time>2021-05-18T14:52:29Z</time>
   </trkpt>
   <trkpt lat="52.0507920" lon="4.3432700">
    <ele>1.7</ele>
    <time>2021-05-18T14:52:31Z</time>
   </trkpt>
   <trkpt lat="52.0507200" lon="4.3432720">
    <ele>1.7</ele>
    <time>2021-05-18T14:52:32Z</time>
   </trkpt>
   <trkpt lat="52.0506480" lon="4.3432600">
    <ele>1.7</ele>
    <time>2021-05-18T14:52:34Z</time>
   </trkpt>
   <trkpt lat="52.0505070" lon="4.3432820">
    <ele>1.8</ele>
    <time>2021-05-18T14:52:35Z</time>
   </trkpt>
   <trkpt lat="52.0503550" lon="4.3433090">
    <ele>1.8</ele>
    <time>2021-05-18T14:52:37Z</time>
   </trkpt>
   <trkpt lat="52.0502760" lon="4.3433100">
    <ele>1.7</ele>
    <time>2021-05-18T14:52:38Z</time>
   </trkpt>
   <trkpt lat="52.0501910" lon="4.3433140">
    <ele>1.7</ele>
    <time>2021-05-18T14:52:40Z</time>
   </trkpt>
   <trkpt lat="52.0500250" lon="4.3433270">
    <ele>1.7</ele>
    <time>2021-05-18T14:52:41Z</time>
   </trkpt>
   <trkpt lat="52.0498550" lon="4.3433460">
    <ele>1.7</ele>
    <time>2021-05-18T14:52:43Z</time>
   </trkpt>
   <trkpt lat="52.0497680" lon="4.3433620">
    <ele>1.6</ele>
    <time>2021-05-18T14:52:44Z</time>
   </trkpt>
   <trkpt lat="52.0496760" lon="4.3433740">
    <ele>1.5</ele>
    <time>2021-05-18T14:52:46Z</time>
   </trkpt>
   <trkpt lat="52.0494980" lon="4.3433930">
    <ele>1.5</ele>
    <time>2021-05-18T14:52:47Z</time>
   </trkpt>
   <trkpt lat="52.0494090" lon="4.3434060">
    <ele>1.6</ele>
    <time>2021-05-18T14:52:48Z</time>
   </trkpt>
   <trkpt lat="52.0492280" lon="4.3434490">
    <ele>1.6</ele>
    <time>2021-05-18T14:52:50Z</time>
   </trkpt>
   <trkpt lat="52.0491500" lon="4.3434790">
    <ele>1.6</ele>
    <time>2021-05-18T14:52:51Z</time>
   </trkpt>
   <trkpt lat="52.0490650" lon="4.3435120">
    <ele>1.6</ele>
    <time>2021-05-18T14:52:52Z</time>
   </trkpt>
   <trkpt lat="52.0488780" lon="4.3435430">
    <ele>1.5</ele>
    <time>2021-05-18T14:52:54Z</time>
   </trkpt>
   <trkpt lat="52.0487800" lon="4.3435630">
    <ele>1.5</ele>
    <time>2021-05-18T14:52:56Z</time>
   </trkpt>
   <trkpt lat="52.0486070" lon="4.3436040">
    <ele>1.5</ele>
    <time>2021-05-18T14:52:57Z</time>
   </trkpt>
   <trkpt lat="52.0485200" lon="4.3436220">
    <ele>1.5</ele>
    <time>2021-05-18T14:52:59Z</time>
   </trkpt>
   <trkpt lat="52.0483430" lon="4.3436360">
    <ele>1.5</ele>
    <time>2021-05-18T14:53:01Z</time>
   </trkpt>
   <trkpt lat="52.0481610" lon="4.3436420">
    <ele>1.6</ele>
    <time>2021-05-18T14:53:03Z</time>
   </trkpt>
   <trkpt lat="52.0479890" lon="4.3436460">
    <ele>1.6</ele>
    <time>2021-05-18T14:53:04Z</time>
   </trkpt>
   <trkpt lat="52.0478210" lon="4.3436530">
    <ele>1.6</ele>
    <time>2021-05-18T14:53:07Z</time>
   </trkpt>
   <trkpt lat="52.0477280" lon="4.3436390">
    <ele>1.7</ele>
    <time>2021-05-18T14:53:08Z</time>
   </trkpt>
   <trkpt lat="52.0475530" lon="4.3436250">
    <ele>1.7</ele>
    <time>2021-05-18T14:53:10Z</time>
   </trkpt>
   <trkpt lat="52.0473750" lon="4.3436380">
    <ele>1.7</ele>
    <time>2021-05-18T14:53:11Z</time>
   </trkpt>
   <trkpt lat="52.0472870" lon="4.3436520">
    <ele>1.8</ele>
    <time>2021-05-18T14:53:13Z</time>
   </trkpt>
   <trkpt lat="52.0471170" lon="4.3436750">
    <ele>1.9</ele>
    <time>2021-05-18T14:53:14Z</time>
   </trkpt>
   <trkpt lat="52.0469490" lon="4.3436970">
    <ele>1.9</ele>
    <time>2021-05-18T14:53:16Z</time>
   </trkpt>
   <trkpt lat="52.0468660" lon="4.3437090">
    <ele>2.0</ele>
    <time>2021-05-18T14:53:17Z</time>
   </trkpt>
   <trkpt lat="52.0466950" lon="4.3437350">
    <ele>2.1</ele>
    <time>2021-05-18T14:53:20Z</time>
   </trkpt>
   <trkpt lat="52.0465320" lon="4.3437570">
    <ele>2.3</ele>
    <time>2021-05-18T14:53:21Z</time>
   </trkpt>
   <trkpt lat="52.0463640" lon="4.3437990">
    <ele>2.4</ele>
    <time>2021-05-18T14:53:23Z</time>
   </trkpt>
   <trkpt lat="52.0462810" lon="4.3438310">
    <ele>2.5</ele>
    <time>2021-05-18T14:53:24Z</time>
   </trkpt>
   <trkpt lat="52.0461990" lon="4.3438590">
    <ele>2.6</ele>
    <time>2021-05-18T14:53:26Z</time>
   </trkpt>
   <trkpt lat="52.0461150" lon="4.3438840">
    <ele>2.7</ele>
    <time>2021-05-18T14:53:27Z</time>
   </trkpt>
   <trkpt lat="52.0459450" lon="4.3439160">
    <ele>2.7</ele>
    <time>2021-05-18T14:53:28Z</time>
   </trkpt>
   <trkpt lat="52.0458590" lon="4.3439280">
    <ele>2.6</ele>
    <time>2021-05-18T14:53:30Z</time>
   </trkpt>
   <trkpt lat="52.0455950" lon="4.3439770">
    <ele>2.3</ele>
    <time>2021-05-18T14:53:32Z</time>
   </trkpt>
   <trkpt lat="52.0454190" lon="4.3440170">
    <ele>2.2</ele>
    <time>2021-05-18T14:53:34Z</time>
   </trkpt>
   <trkpt lat="52.0453300" lon="4.3440200">
    <ele>2.1</ele>
    <time>2021-05-18T14:53:35Z</time>
   </trkpt>
   <trkpt lat="52.0452380" lon="4.3440170">
    <ele>2.0</ele>
    <time>2021-05-18T14:53:37Z</time>
   </trkpt>
   <trkpt lat="52.0451470" lon="4.3440310">
    <ele>2.0</ele>
    <time>2021-05-18T14:53:38Z</time>
   </trkpt>
   <trkpt lat="52.0449710" lon="4.3440640">
    <ele>1.9</ele>
    <time>2021-05-18T14:53:39Z</time>
   </trkpt>
   <trkpt lat="52.0448850" lon="4.3440870">
    <ele>1.8</ele>
    <time>2021-05-18T14:53:41Z</time>
   </trkpt>
   <trkpt lat="52.0447970" lon="4.3441040">
    <ele>1.8</ele>
    <time>2021-05-18T14:53:42Z</time>
   </trkpt>
   <trkpt lat="52.0446260" lon="4.3441440">
    <ele>1.8</ele>
    <time>2021-05-18T14:53:43Z</time>
   </trkpt>
   <trkpt lat="52.0445390" lon="4.3441660">
    <ele>1.8</ele>
    <time>2021-05-18T14:53:44Z</time>
   </trkpt>
   <trkpt lat="52.0444520" lon="4.3441850">
    <ele>1.8</ele>
    <time>2021-05-18T14:53:45Z</time>
   </trkpt>
   <trkpt lat="52.0443650" lon="4.3442100">
    <ele>1.8</ele>
    <time>2021-05-18T14:53:47Z</time>
   </trkpt>
   <trkpt lat="52.0442770" lon="4.3442370">
    <ele>1.7</ele>
    <time>2021-05-18T14:53:48Z</time>
   </trkpt>
   <trkpt lat="52.0441860" lon="4.3442520">
    <ele>1.7</ele>
    <time>2021-05-18T14:53:49Z</time>
   </trkpt>
   <trkpt lat="52.0440130" lon="4.3442760">
    <ele>1.7</ele>
    <time>2021-05-18T14:53:50Z</time>
   </trkpt>
   <trkpt lat="52.0438350" lon="4.3442900">
    <ele>1.7</ele>
    <time>2021-05-18T14:53:52Z</time>
   </trkpt>
   <trkpt lat="52.0437490" lon="4.3443010">
    <ele>1.7</ele>
    <time>2021-05-18T14:53:54Z</time>
   </trkpt>
   <trkpt lat="52.0436480" lon="4.3443050">
    <ele>1.7</ele>
    <time>2021-05-18T14:53:55Z</time>
   </trkpt>
   <trkpt lat="52.0434670" lon="4.3443050">
    <ele>1.7</ele>
    <time>2021-05-18T14:53:57Z</time>
   </trkpt>
   <trkpt lat="52.0432900" lon="4.3443090">
    <ele>1.7</ele>
    <time>2021-05-18T14:53:58Z</time>
   </trkpt>
   <trkpt lat="52.0431110" lon="4.3443080">
    <ele>1.7</ele>
    <time>2021-05-18T14:54:01Z</time>
   </trkpt>
   <trkpt lat="52.0429330" lon="4.3443140">
    <ele>1.7</ele>
    <time>2021-05-18T14:54:03Z</time>
   </trkpt>
   <trkpt lat="52.0426620" lon="4.3443630">
    <ele>1.7</ele>
    <time>2021-05-18T14:54:05Z</time>
   </trkpt>
   <trkpt lat="52.0424810" lon="4.3443980">
    <ele>1.7</ele>
    <time>2021-05-18T14:54:08Z</time>
   </trkpt>
   <trkpt lat="52.0422980" lon="4.3444280">
    <ele>1.8</ele>
    <time>2021-05-18T14:54:09Z</time>
   </trkpt>
   <trkpt lat="52.0421090" lon="4.3444530">
    <ele>1.8</ele>
    <time>2021-05-18T14:54:11Z</time>
   </trkpt>
   <trkpt lat="52.0419410" lon="4.3444880">
    <ele>1.7</ele>
    <time>2021-05-18T14:54:13Z</time>
   </trkpt>
   <trkpt lat="52.0418540" lon="4.3445110">
    <ele>1.7</ele>
    <time>2021-05-18T14:54:14Z</time>
   </trkpt>
   <trkpt lat="52.0417720" lon="4.3445290">
    <ele>1.7</ele>
    <time>2021-05-18T14:54:15Z</time>
   </trkpt>
   <trkpt lat="52.0416940" lon="4.3445310">
    <ele>1.8</ele>
    <time>2021-05-18T14:54:16Z</time>
   </trkpt>
   <trkpt lat="52.0411730" lon="4.3445720">
    <ele>2.0</ele>
    <time>2021-05-18T14:54:26Z</time>
   </trkpt>
   <trkpt lat="52.0406410" lon="4.3446380">
    <ele>1.8</ele>
    <time>2021-05-18T14:54:28Z</time>
   </trkpt>
   <trkpt lat="52.0405450" lon="4.3446800">
    <ele>1.8</ele>
    <time>2021-05-18T14:54:29Z</time>
   </trkpt>
   <trkpt lat="52.0403360" lon="4.3447510">
    <ele>1.8</ele>
    <time>2021-05-18T14:54:31Z</time>
   </trkpt>
   <trkpt lat="52.0402640" lon="4.3447730">
    <ele>1.7</ele>
    <time>2021-05-18T14:54:33Z</time>
   </trkpt>
   <trkpt lat="52.0400880" lon="4.3448080">
    <ele>1.7</ele>
    <time>2021-05-18T14:54:35Z</time>
   </trkpt>
   <trkpt lat="52.0399200" lon="4.3448430">
    <ele>1.7</ele>
    <time>2021-05-18T14:54:37Z</time>
   </trkpt>
   <trkpt lat="52.0397500" lon="4.3448740">
    <ele>1.7</ele>
    <time>2021-05-18T14:54:39Z</time>
   </trkpt>
   <trkpt lat="52.0395740" lon="4.3449150">
    <ele>1.7</ele>
    <time>2021-05-18T14:54:41Z</time>
   </trkpt>
   <trkpt lat="52.0393920" lon="4.3449540">
    <ele>1.7</ele>
    <time>2021-05-18T14:54:43Z</time>
   </trkpt>
   <trkpt lat="52.0392410" lon="4.3449790">
    <ele>1.7</ele>
    <time>2021-05-18T14:54:45Z</time>
   </trkpt>
   <trkpt lat="52.0390670" lon="4.3450060">
    <ele>1.7</ele>
    <time>2021-05-18T14:54:47Z</time>
   </trkpt>
   <trkpt lat="52.0389000" lon="4.3450390">
    <ele>1.7</ele>
    <time>2021-05-18T14:54:48Z</time>
   </trkpt>
   <trkpt lat="52.0386620" lon="4.3450830">
    <ele>1.7</ele>
    <time>2021-05-18T14:54:51Z</time>
   </trkpt>
   <trkpt lat="52.0385830" lon="4.3450940">
    <ele>1.7</ele>
    <time>2021-05-18T14:54:53Z</time>
   </trkpt>
   <trkpt lat="52.0384290" lon="4.3451270">
    <ele>1.7</ele>
    <time>2021-05-18T14:54:54Z</time>
   </trkpt>
   <trkpt lat="52.0383530" lon="4.3451350">
    <ele>1.7</ele>
    <time>2021-05-18T14:54:55Z</time>
   </trkpt>
   <trkpt lat="52.0382720" lon="4.3451540">
    <ele>1.7</ele>
    <time>2021-05-18T14:54:56Z</time>
   </trkpt>
   <trkpt lat="52.0381920" lon="4.3451690">
    <ele>1.7</ele>
    <time>2021-05-18T14:54:58Z</time>
   </trkpt>
   <trkpt lat="52.0381100" lon="4.3451840">
    <ele>1.7</ele>
    <time>2021-05-18T14:54:59Z</time>
   </trkpt>
   <trkpt lat="52.0380280" lon="4.3451950">
    <ele>1.7</ele>
    <time>2021-05-18T14:55:00Z</time>
   </trkpt>
   <trkpt lat="52.0379460" lon="4.3452040">
    <ele>1.7</ele>
    <time>2021-05-18T14:55:01Z</time>
   </trkpt>
   <trkpt lat="52.0377840" lon="4.3452330">
    <ele>1.7</ele>
    <time>2021-05-18T14:55:02Z</time>
   </trkpt>
   <trkpt lat="52.0376990" lon="4.3452450">
    <ele>1.6</ele>
    <time>2021-05-18T14:55:04Z</time>
   </trkpt>
   <trkpt lat="52.0376190" lon="4.3452540">
    <ele>1.6</ele>
    <time>2021-05-18T14:55:05Z</time>
   </trkpt>
   <trkpt lat="52.0374520" lon="4.3452730">
    <ele>1.6</ele>
    <time>2021-05-18T14:55:06Z</time>
   </trkpt>
   <trkpt lat="52.0373690" lon="4.3452840">
    <ele>1.6</ele>
    <time>2021-05-18T14:55:08Z</time>
   </trkpt>
   <trkpt lat="52.0372860" lon="4.3452980">
    <ele>1.6</ele>
    <time>2021-05-18T14:55:09Z</time>
   </trkpt>
   <trkpt lat="52.0371170" lon="4.3453200">
    <ele>1.6</ele>
    <time>2021-05-18T14:55:11Z</time>
   </trkpt>
   <trkpt lat="52.0369550" lon="4.3453390">
    <ele>1.6</ele>
    <time>2021-05-18T14:55:13Z</time>
   </trkpt>
   <trkpt lat="52.0367930" lon="4.3453630">
    <ele>1.6</ele>
    <time>2021-05-18T14:55:15Z</time>
   </trkpt>
   <trkpt lat="52.0366260" lon="4.3453810">
    <ele>1.6</ele>
    <time>2021-05-18T14:55:17Z</time>
   </trkpt>
   <trkpt lat="52.0365440" lon="4.3454010">
    <ele>1.6</ele>
    <time>2021-05-18T14:55:18Z</time>
   </trkpt>
   <trkpt lat="52.0363720" lon="4.3454280">
    <ele>1.6</ele>
    <time>2021-05-18T14:55:20Z</time>
   </trkpt>
   <trkpt lat="52.0362850" lon="4.3454450">
    <ele>1.6</ele>
    <time>2021-05-18T14:55:21Z</time>
   </trkpt>
   <trkpt lat="52.0362010" lon="4.3454680">
    <ele>1.6</ele>
    <time>2021-05-18T14:55:22Z</time>
   </trkpt>
   <trkpt lat="52.0360360" lon="4.3455280">
    <ele>1.6</ele>
    <time>2021-05-18T14:55:23Z</time>
   </trkpt>
   <trkpt lat="52.0358750" lon="4.3455620">
    <ele>1.6</ele>
    <time>2021-05-18T14:55:25Z</time>
   </trkpt>
   <trkpt lat="52.0357940" lon="4.3455810">
    <ele>1.7</ele>
    <time>2021-05-18T14:55:27Z</time>
   </trkpt>
   <trkpt lat="52.0356280" lon="4.3456260">
    <ele>1.7</ele>
    <time>2021-05-18T14:55:28Z</time>
   </trkpt>
   <trkpt lat="52.0355440" lon="4.3456420">
    <ele>1.6</ele>
    <time>2021-05-18T14:55:30Z</time>
   </trkpt>
   <trkpt lat="52.0353740" lon="4.3456760">
    <ele>1.6</ele>
    <time>2021-05-18T14:55:31Z</time>
   </trkpt>
   <trkpt lat="52.0352010" lon="4.3456930">
    <ele>1.6</ele>
    <time>2021-05-18T14:55:34Z</time>
   </trkpt>
   <trkpt lat="52.0350280" lon="4.3457120">
    <ele>1.5</ele>
    <time>2021-05-18T14:55:35Z</time>
   </trkpt>
   <trkpt lat="52.0349410" lon="4.3457280">
    <ele>1.5</ele>
    <time>2021-05-18T14:55:37Z</time>
   </trkpt>
   <trkpt lat="52.0347650" lon="4.3457460">
    <ele>1.5</ele>
    <time>2021-05-18T14:55:39Z</time>
   </trkpt>
   <trkpt lat="52.0345990" lon="4.3457510">
    <ele>1.5</ele>
    <time>2021-05-18T14:55:40Z</time>
   </trkpt>
   <trkpt lat="52.0344280" lon="4.3457610">
    <ele>1.5</ele>
    <time>2021-05-18T14:55:43Z</time>
   </trkpt>
   <trkpt lat="52.0342590" lon="4.3457720">
    <ele>1.5</ele>
    <time>2021-05-18T14:55:44Z</time>
   </trkpt>
   <trkpt lat="52.0341740" lon="4.3457840">
    <ele>1.5</ele>
    <time>2021-05-18T14:55:46Z</time>
   </trkpt>
   <trkpt lat="52.0340900" lon="4.3457990">
    <ele>1.6</ele>
    <time>2021-05-18T14:55:47Z</time>
   </trkpt>
   <trkpt lat="52.0339250" lon="4.3458180">
    <ele>1.5</ele>
    <time>2021-05-18T14:55:49Z</time>
   </trkpt>
   <trkpt lat="52.0338360" lon="4.3458340">
    <ele>1.5</ele>
    <time>2021-05-18T14:55:50Z</time>
   </trkpt>
   <trkpt lat="52.0336700" lon="4.3458850">
    <ele>1.5</ele>
    <time>2021-05-18T14:55:51Z</time>
   </trkpt>
   <trkpt lat="52.0335830" lon="4.3459250">
    <ele>1.6</ele>
    <time>2021-05-18T14:55:53Z</time>
   </trkpt>
   <trkpt lat="52.0334100" lon="4.3459810">
    <ele>1.6</ele>
    <time>2021-05-18T14:55:55Z</time>
   </trkpt>
   <trkpt lat="52.0332370" lon="4.3460310">
    <ele>1.6</ele>
    <time>2021-05-18T14:55:57Z</time>
   </trkpt>
   <trkpt lat="52.0330650" lon="4.3460810">
    <ele>1.6</ele>
    <time>2021-05-18T14:55:59Z</time>
   </trkpt>
   <trkpt lat="52.0329740" lon="4.3460920">
    <ele>1.5</ele>
    <time>2021-05-18T14:56:00Z</time>
   </trkpt>
   <trkpt lat="52.0327960" lon="4.3461160">
    <ele>1.5</ele>
    <time>2021-05-18T14:56:02Z</time>
   </trkpt>
   <trkpt lat="52.0326170" lon="4.3461410">
    <ele>1.5</ele>
    <time>2021-05-18T14:56:04Z</time>
   </trkpt>
   <trkpt lat="52.0324420" lon="4.3461730">
    <ele>1.5</ele>
    <time>2021-05-18T14:56:05Z</time>
   </trkpt>
   <trkpt lat="52.0323510" lon="4.3461920">
    <ele>1.5</ele>
    <time>2021-05-18T14:56:07Z</time>
   </trkpt>
   <trkpt lat="52.0321690" lon="4.3462180">
    <ele>1.5</ele>
    <time>2021-05-18T14:56:08Z</time>
   </trkpt>
   <trkpt lat="52.0320780" lon="4.3462290">
    <ele>1.5</ele>
    <time>2021-05-18T14:56:09Z</time>
   </trkpt>
   <trkpt lat="52.0319840" lon="4.3462420">
    <ele>1.5</ele>
    <time>2021-05-18T14:56:11Z</time>
   </trkpt>
   <trkpt lat="52.0317950" lon="4.3462750">
    <ele>1.5</ele>
    <time>2021-05-18T14:56:13Z</time>
   </trkpt>
   <trkpt lat="52.0316160" lon="4.3462970">
    <ele>1.5</ele>
    <time>2021-05-18T14:56:14Z</time>
   </trkpt>
   <trkpt lat="52.0315230" lon="4.3463110">
    <ele>1.5</ele>
    <time>2021-05-18T14:56:16Z</time>
   </trkpt>
   <trkpt lat="52.0313430" lon="4.3463480">
    <ele>1.5</ele>
    <time>2021-05-18T14:56:18Z</time>
   </trkpt>
   <trkpt lat="52.0311620" lon="4.3463760">
    <ele>1.5</ele>
    <time>2021-05-18T14:56:19Z</time>
   </trkpt>
   <trkpt lat="52.0308980" lon="4.3464270">
    <ele>1.5</ele>
    <time>2021-05-18T14:56:22Z</time>
   </trkpt>
   <trkpt lat="52.0307170" lon="4.3464660">
    <ele>1.6</ele>
    <time>2021-05-18T14:56:25Z</time>
   </trkpt>
   <trkpt lat="52.0305500" lon="4.3465060">
    <ele>1.6</ele>
    <time>2021-05-18T14:56:27Z</time>
   </trkpt>
   <trkpt lat="52.0303770" lon="4.3465500">
    <ele>1.5</ele>
    <time>2021-05-18T14:56:28Z</time>
   </trkpt>
   <trkpt lat="52.0302890" lon="4.3465770">
    <ele>1.5</ele>
    <time>2021-05-18T14:56:29Z</time>
   </trkpt>
   <trkpt lat="52.0301990" lon="4.3465950">
    <ele>1.5</ele>
    <time>2021-05-18T14:56:31Z</time>
   </trkpt>
   <trkpt lat="52.0300240" lon="4.3466360">
    <ele>1.6</ele>
    <time>2021-05-18T14:56:32Z</time>
   </trkpt>
   <trkpt lat="52.0299340" lon="4.3466390">
    <ele>1.6</ele>
    <time>2021-05-18T14:56:33Z</time>
   </trkpt>
   <trkpt lat="52.0296730" lon="4.3466750">
    <ele>1.6</ele>
    <time>2021-05-18T14:56:36Z</time>
   </trkpt>
   <trkpt lat="52.0295880" lon="4.3466990">
    <ele>1.6</ele>
    <time>2021-05-18T14:56:37Z</time>
   </trkpt>
   <trkpt lat="52.0294150" lon="4.3467360">
    <ele>1.6</ele>
    <time>2021-05-18T14:56:39Z</time>
   </trkpt>
   <trkpt lat="52.0293260" lon="4.3467520">
    <ele>1.6</ele>
    <time>2021-05-18T14:56:40Z</time>
   </trkpt>
   <trkpt lat="52.0292410" lon="4.3467760">
    <ele>1.6</ele>
    <time>2021-05-18T14:56:42Z</time>
   </trkpt>
   <trkpt lat="52.0290800" lon="4.3468040">
    <ele>1.6</ele>
    <time>2021-05-18T14:56:43Z</time>
   </trkpt>
   <trkpt lat="52.0289950" lon="4.3468180">
    <ele>1.6</ele>
    <time>2021-05-18T14:56:45Z</time>
   </trkpt>
   <trkpt lat="52.0288270" lon="4.3468620">
    <ele>1.6</ele>
    <time>2021-05-18T14:56:47Z</time>
   </trkpt>
   <trkpt lat="52.0286720" lon="4.3468760">
    <ele>1.6</ele>
    <time>2021-05-18T14:56:49Z</time>
   </trkpt>
   <trkpt lat="52.0285950" lon="4.3468690">
    <ele>1.6</ele>
    <time>2021-05-18T14:56:50Z</time>
   </trkpt>
   <trkpt lat="52.0284380" lon="4.3468650">
    <ele>1.6</ele>
    <time>2021-05-18T14:56:51Z</time>
   </trkpt>
   <trkpt lat="52.0283590" lon="4.3468830">
    <ele>1.6</ele>
    <time>2021-05-18T14:56:53Z</time>
   </trkpt>
   <trkpt lat="52.0282790" lon="4.3469030">
    <ele>1.6</ele>
    <time>2021-05-18T14:56:54Z</time>
   </trkpt>
   <trkpt lat="52.0281150" lon="4.3469270">
    <ele>1.6</ele>
    <time>2021-05-18T14:56:55Z</time>
   </trkpt>
   <trkpt lat="52.0279530" lon="4.3469450">
    <ele>1.5</ele>
    <time>2021-05-18T14:56:57Z</time>
   </trkpt>
   <trkpt lat="52.0278690" lon="4.3469540">
    <ele>1.5</ele>
    <time>2021-05-18T14:56:58Z</time>
   </trkpt>
   <trkpt lat="52.0277810" lon="4.3469720">
    <ele>1.5</ele>
    <time>2021-05-18T14:57:00Z</time>
   </trkpt>
   <trkpt lat="52.0276210" lon="4.3470020">
    <ele>1.5</ele>
    <time>2021-05-18T14:57:02Z</time>
   </trkpt>
   <trkpt lat="52.0275400" lon="4.3470160">
    <ele>1.5</ele>
    <time>2021-05-18T14:57:03Z</time>
   </trkpt>
   <trkpt lat="52.0273840" lon="4.3470380">
    <ele>1.5</ele>
    <time>2021-05-18T14:57:05Z</time>
   </trkpt>
   <trkpt lat="52.0273060" lon="4.3470450">
    <ele>1.5</ele>
    <time>2021-05-18T14:57:06Z</time>
   </trkpt>
   <trkpt lat="52.0271540" lon="4.3470580">
    <ele>1.6</ele>
    <time>2021-05-18T14:57:07Z</time>
   </trkpt>
   <trkpt lat="52.0270750" lon="4.3470700">
    <ele>1.6</ele>
    <time>2021-05-18T14:57:09Z</time>
   </trkpt>
   <trkpt lat="52.0269210" lon="4.3470920">
    <ele>1.6</ele>
    <time>2021-05-18T14:57:11Z</time>
   </trkpt>
   <trkpt lat="52.0268470" lon="4.3471040">
    <ele>1.5</ele>
    <time>2021-05-18T14:57:12Z</time>
   </trkpt>
   <trkpt lat="52.0267780" lon="4.3471220">
    <ele>1.5</ele>
    <time>2021-05-18T14:57:13Z</time>
   </trkpt>
   <trkpt lat="52.0266410" lon="4.3471670">
    <ele>1.6</ele>
    <time>2021-05-18T14:57:15Z</time>
   </trkpt>
   <trkpt lat="52.0265720" lon="4.3472060">
    <ele>1.6</ele>
    <time>2021-05-18T14:57:16Z</time>
   </trkpt>
   <trkpt lat="52.0265060" lon="4.3472520">
    <ele>1.6</ele>
    <time>2021-05-18T14:57:17Z</time>
   </trkpt>
   <trkpt lat="52.0263980" lon="4.3474160">
    <ele>1.6</ele>
    <time>2021-05-18T14:57:19Z</time>
   </trkpt>
   <trkpt lat="52.0263050" lon="4.3476050">
    <ele>1.6</ele>
    <time>2021-05-18T14:57:20Z</time>
   </trkpt>
   <trkpt lat="52.0262610" lon="4.3476950">
    <ele>1.6</ele>
    <time>2021-05-18T14:57:21Z</time>
   </trkpt>
   <trkpt lat="52.0262190" lon="4.3477930">
    <ele>1.5</ele>
    <time>2021-05-18T14:57:22Z</time>
   </trkpt>
   <trkpt lat="52.0261230" lon="4.3479750">
    <ele>1.5</ele>
    <time>2021-05-18T14:57:24Z</time>
   </trkpt>
   <trkpt lat="52.0260750" lon="4.3480640">
    <ele>1.5</ele>
    <time>2021-05-18T14:57:26Z</time>
   </trkpt>
   <trkpt lat="52.0260250" lon="4.3481550">
    <ele>1.5</ele>
    <time>2021-05-18T14:57:27Z</time>
   </trkpt>
   <trkpt lat="52.0259220" lon="4.3483280">
    <ele>1.5</ele>
    <time>2021-05-18T14:57:29Z</time>
   </trkpt>
   <trkpt lat="52.0258270" lon="4.3485100">
    <ele>1.5</ele>
    <time>2021-05-18T14:57:30Z</time>
   </trkpt>
   <trkpt lat="52.0257770" lon="4.3485970">
    <ele>1.5</ele>
    <time>2021-05-18T14:57:31Z</time>
   </trkpt>
   <trkpt lat="52.0257270" lon="4.3486780">
    <ele>1.6</ele>
    <time>2021-05-18T14:57:32Z</time>
   </trkpt>
   <trkpt lat="52.0256780" lon="4.3487490">
    <ele>1.6</ele>
    <time>2021-05-18T14:57:33Z</time>
   </trkpt>
   <trkpt lat="52.0255340" lon="4.3489910">
    <ele>1.6</ele>
    <time>2021-05-18T14:57:36Z</time>
   </trkpt>
   <trkpt lat="52.0254500" lon="4.3491430">
    <ele>1.7</ele>
    <time>2021-05-18T14:57:39Z</time>
   </trkpt>
   <trkpt lat="52.0253680" lon="4.3492900">
    <ele>1.7</ele>
    <time>2021-05-18T14:57:41Z</time>
   </trkpt>
   <trkpt lat="52.0253250" lon="4.3493650">
    <ele>1.7</ele>
    <time>2021-05-18T14:57:42Z</time>
   </trkpt>
   <trkpt lat="52.0252320" lon="4.3495090">
    <ele>1.7</ele>
    <time>2021-05-18T14:57:43Z</time>
   </trkpt>
   <trkpt lat="52.0251880" lon="4.3495860">
    <ele>1.7</ele>
    <time>2021-05-18T14:57:45Z</time>
   </trkpt>
   <trkpt lat="52.0250930" lon="4.3497460">
    <ele>1.8</ele>
    <time>2021-05-18T14:57:47Z</time>
   </trkpt>
   <trkpt lat="52.0249880" lon="4.3499220">
    <ele>1.8</ele>
    <time>2021-05-18T14:57:48Z</time>
   </trkpt>
   <trkpt lat="52.0249370" lon="4.3500110">
    <ele>1.8</ele>
    <time>2021-05-18T14:57:49Z</time>
   </trkpt>
   <trkpt lat="52.0248360" lon="4.3501940">
    <ele>1.8</ele>
    <time>2021-05-18T14:57:51Z</time>
   </trkpt>
   <trkpt lat="52.0247840" lon="4.3502860">
    <ele>1.8</ele>
    <time>2021-05-18T14:57:52Z</time>
   </trkpt>
   <trkpt lat="52.0247300" lon="4.3503720">
    <ele>1.8</ele>
    <time>2021-05-18T14:57:53Z</time>
   </trkpt>
   <trkpt lat="52.0246280" lon="4.3505550">
    <ele>1.9</ele>
    <time>2021-05-18T14:57:55Z</time>
   </trkpt>
   <trkpt lat="52.0245240" lon="4.3507280">
    <ele>1.9</ele>
    <time>2021-05-18T14:57:57Z</time>
   </trkpt>
   <trkpt lat="52.0244730" lon="4.3508130">
    <ele>2.0</ele>
    <time>2021-05-18T14:57:59Z</time>
   </trkpt>
   <trkpt lat="52.0243720" lon="4.3509770">
    <ele>2.0</ele>
    <time>2021-05-18T14:58:00Z</time>
   </trkpt>
   <trkpt lat="52.0243090" lon="4.3510410">
    <ele>2.1</ele>
    <time>2021-05-18T14:58:02Z</time>
   </trkpt>
   <trkpt lat="52.0241760" lon="4.3511280">
    <ele>2.2</ele>
    <time>2021-05-18T14:58:04Z</time>
   </trkpt>
   <trkpt lat="52.0241110" lon="4.3511740">
    <ele>2.3</ele>
    <time>2021-05-18T14:58:05Z</time>
   </trkpt>
   <trkpt lat="52.0240200" lon="4.3512960">
    <ele>2.4</ele>
    <time>2021-05-18T14:58:06Z</time>
   </trkpt>
   <trkpt lat="52.0239600" lon="4.3513660">
    <ele>2.4</ele>
    <time>2021-05-18T14:58:08Z</time>
   </trkpt>
   <trkpt lat="52.0238940" lon="4.3514080">
    <ele>2.4</ele>
    <time>2021-05-18T14:58:09Z</time>
   </trkpt>
   <trkpt lat="52.0237630" lon="4.3514920">
    <ele>2.3</ele>
    <time>2021-05-18T14:58:11Z</time>
   </trkpt>
   <trkpt lat="52.0236310" lon="4.3515730">
    <ele>2.2</ele>
    <time>2021-05-18T14:58:13Z</time>
   </trkpt>
   <trkpt lat="52.0235570" lon="4.3516200">
    <ele>2.1</ele>
    <time>2021-05-18T14:58:14Z</time>
   </trkpt>
   <trkpt lat="52.0234130" lon="4.3517070">
    <ele>1.9</ele>
    <time>2021-05-18T14:58:16Z</time>
   </trkpt>
   <trkpt lat="52.0232780" lon="4.3517960">
    <ele>1.7</ele>
    <time>2021-05-18T14:58:17Z</time>
   </trkpt>
   <trkpt lat="52.0232140" lon="4.3518370">
    <ele>1.5</ele>
    <time>2021-05-18T14:58:18Z</time>
   </trkpt>
   <trkpt lat="52.0231530" lon="4.3518770">
    <ele>1.4</ele>
    <time>2021-05-18T14:58:19Z</time>
   </trkpt>
   <trkpt lat="52.0230470" lon="4.3519510">
    <ele>1.0</ele>
    <time>2021-05-18T14:58:22Z</time>
   </trkpt>
   <trkpt lat="52.0229970" lon="4.3519910">
    <ele>0.9</ele>
    <time>2021-05-18T14:58:23Z</time>
   </trkpt>
   <trkpt lat="52.0229500" lon="4.3520330">
    <ele>0.9</ele>
    <time>2021-05-18T14:58:24Z</time>
   </trkpt>
   <trkpt lat="52.0228610" lon="4.3520900">
    <ele>0.8</ele>
    <time>2021-05-18T14:58:25Z</time>
   </trkpt>
   <trkpt lat="52.0228150" lon="4.3521250">
    <ele>0.8</ele>
    <time>2021-05-18T14:58:27Z</time>
   </trkpt>
   <trkpt lat="52.0227660" lon="4.3521530">
    <ele>0.8</ele>
    <time>2021-05-18T14:58:28Z</time>
   </trkpt>
   <trkpt lat="52.0226560" lon="4.3522200">
    <ele>0.8</ele>
    <time>2021-05-18T14:58:29Z</time>
   </trkpt>
   <trkpt lat="52.0225960" lon="4.3522490">
    <ele>0.8</ele>
    <time>2021-05-18T14:58:31Z</time>
   </trkpt>
   <trkpt lat="52.0225320" lon="4.3522770">
    <ele>0.8</ele>
    <time>2021-05-18T14:58:32Z</time>
   </trkpt>
   <trkpt lat="52.0223950" lon="4.3523200">
    <ele>0.8</ele>
    <time>2021-05-18T14:58:33Z</time>
   </trkpt>
   <trkpt lat="52.0223230" lon="4.3523260">
    <ele>0.8</ele>
    <time>2021-05-18T14:58:35Z</time>
   </trkpt>
   <trkpt lat="52.0221710" lon="4.3523270">
    <ele>0.9</ele>
    <time>2021-05-18T14:58:37Z</time>
   </trkpt>
   <trkpt lat="52.0220180" lon="4.3523430">
    <ele>1.0</ele>
    <time>2021-05-18T14:58:39Z</time>
   </trkpt>
   <trkpt lat="52.0218660" lon="4.3523500">
    <ele>1.1</ele>
    <time>2021-05-18T14:58:40Z</time>
   </trkpt>
   <trkpt lat="52.0217920" lon="4.3523490">
    <ele>1.1</ele>
    <time>2021-05-18T14:58:41Z</time>
   </trkpt>
   <trkpt lat="52.0217130" lon="4.3523480">
    <ele>1.2</ele>
    <time>2021-05-18T14:58:42Z</time>
   </trkpt>
   <trkpt lat="52.0216350" lon="4.3523530">
    <ele>1.3</ele>
    <time>2021-05-18T14:58:44Z</time>
   </trkpt>
   <trkpt lat="52.0215590" lon="4.3523520">
    <ele>1.4</ele>
    <time>2021-05-18T14:58:45Z</time>
   </trkpt>
   <trkpt lat="52.0214170" lon="4.3523610">
    <ele>1.5</ele>
    <time>2021-05-18T14:58:46Z</time>
   </trkpt>
   <trkpt lat="52.0212700" lon="4.3523710">
    <ele>1.7</ele>
    <time>2021-05-18T14:58:48Z</time>
   </trkpt>
   <trkpt lat="52.0211950" lon="4.3523820">
    <ele>1.8</ele>
    <time>2021-05-18T14:58:49Z</time>
   </trkpt>
   <trkpt lat="52.0210520" lon="4.3523900">
    <ele>2.1</ele>
    <time>2021-05-18T14:58:51Z</time>
   </trkpt>
   <trkpt lat="52.0209110" lon="4.3524010">
    <ele>2.3</ele>
    <time>2021-05-18T14:58:53Z</time>
   </trkpt>
   <trkpt lat="52.0208410" lon="4.3524140">
    <ele>2.4</ele>
    <time>2021-05-18T14:58:54Z</time>
   </trkpt>
   <trkpt lat="52.0207680" lon="4.3524090">
    <ele>2.5</ele>
    <time>2021-05-18T14:58:56Z</time>
   </trkpt>
   <trkpt lat="52.0206340" lon="4.3524040">
    <ele>2.7</ele>
    <time>2021-05-18T14:58:57Z</time>
   </trkpt>
   <trkpt lat="52.0205730" lon="4.3524090">
    <ele>2.8</ele>
    <time>2021-05-18T14:58:58Z</time>
   </trkpt>
   <trkpt lat="52.0204440" lon="4.3524220">
    <ele>3.1</ele>
    <time>2021-05-18T14:59:00Z</time>
   </trkpt>
   <trkpt lat="52.0203070" lon="4.3524300">
    <ele>3.4</ele>
    <time>2021-05-18T14:59:02Z</time>
   </trkpt>
   <trkpt lat="52.0201750" lon="4.3524370">
    <ele>3.7</ele>
    <time>2021-05-18T14:59:05Z</time>
   </trkpt>
   <trkpt lat="52.0200480" lon="4.3524380">
    <ele>3.9</ele>
    <time>2021-05-18T14:59:06Z</time>
   </trkpt>
   <trkpt lat="52.0199880" lon="4.3524430">
    <ele>4.0</ele>
    <time>2021-05-18T14:59:08Z</time>
   </trkpt>
   <trkpt lat="52.0198670" lon="4.3524550">
    <ele>4.2</ele>
    <time>2021-05-18T14:59:09Z</time>
   </trkpt>
   <trkpt lat="52.0197290" lon="4.3524820">
    <ele>4.3</ele>
    <time>2021-05-18T14:59:12Z</time>
   </trkpt>
   <trkpt lat="52.0195070" lon="4.3524790">
    <ele>4.3</ele>
    <time>2021-05-18T14:59:14Z</time>
   </trkpt>
   <trkpt lat="52.0193520" lon="4.3524720">
    <ele>4.3</ele>
    <time>2021-05-18T14:59:17Z</time>
   </trkpt>
   <trkpt lat="52.0192040" lon="4.3524870">
    <ele>4.1</ele>
    <time>2021-05-18T14:59:18Z</time>
   </trkpt>
   <trkpt lat="52.0190600" lon="4.3525220">
    <ele>3.8</ele>
    <time>2021-05-18T14:59:20Z</time>
   </trkpt>
   <trkpt lat="52.0188940" lon="4.3525350">
    <ele>3.4</ele>
    <time>2021-05-18T14:59:22Z</time>
   </trkpt>
   <trkpt lat="52.0188150" lon="4.3525390">
    <ele>3.2</ele>
    <time>2021-05-18T14:59:23Z</time>
   </trkpt>
   <trkpt lat="52.0187410" lon="4.3525450">
    <ele>3.1</ele>
    <time>2021-05-18T14:59:24Z</time>
   </trkpt>
   <trkpt lat="52.0185920" lon="4.3525530">
    <ele>2.8</ele>
    <time>2021-05-18T14:59:26Z</time>
   </trkpt>
   <trkpt lat="52.0185240" lon="4.3525550">
    <ele>2.7</ele>
    <time>2021-05-18T14:59:27Z</time>
   </trkpt>
   <trkpt lat="52.0183860" lon="4.3525620">
    <ele>2.5</ele>
    <time>2021-05-18T14:59:30Z</time>
   </trkpt>
   <trkpt lat="52.0182440" lon="4.3525740">
    <ele>2.3</ele>
    <time>2021-05-18T14:59:32Z</time>
   </trkpt>
   <trkpt lat="52.0181120" lon="4.3525820">
    <ele>2.2</ele>
    <time>2021-05-18T14:59:33Z</time>
   </trkpt>
   <trkpt lat="52.0180140" lon="4.3525800">
    <ele>2.2</ele>
    <time>2021-05-18T14:59:36Z</time>
   </trkpt>
   <trkpt lat="52.0179860" lon="4.3525700">
    <ele>2.2</ele>
    <time>2021-05-18T14:59:37Z</time>
   </trkpt>
   <trkpt lat="52.0179560" lon="4.3525550">
    <ele>2.2</ele>
    <time>2021-05-18T14:59:38Z</time>
   </trkpt>
   <trkpt lat="52.0179060" lon="4.3525120">
    <ele>2.3</ele>
    <time>2021-05-18T14:59:40Z</time>
   </trkpt>
   <trkpt lat="52.0179070" lon="4.3525060">
    <ele>2.3</ele>
    <time>2021-05-18T14:59:43Z</time>
   </trkpt>
   <trkpt lat="52.0179170" lon="4.3525100">
    <ele>2.3</ele>
    <time>2021-05-18T14:59:45Z</time>
   </trkpt>
   <trkpt lat="52.0179230" lon="4.3525160">
    <ele>2.3</ele>
    <time>2021-05-18T14:59:46Z</time>
   </trkpt>
   <trkpt lat="52.0179290" lon="4.3525170">
    <ele>2.3</ele>
    <time>2021-05-18T14:59:48Z</time>
   </trkpt>
   <trkpt lat="52.0179300" lon="4.3525150">
    <ele>2.3</ele>
    <time>2021-05-18T14:59:50Z</time>
   </trkpt>
   <trkpt lat="52.0179290" lon="4.3525150">
    <ele>2.3</ele>
    <time>2021-05-18T14:59:51Z</time>
   </trkpt>
   <trkpt lat="52.0179210" lon="4.3525140">
    <ele>2.3</ele>
    <time>2021-05-18T14:59:52Z</time>
   </trkpt>
   <trkpt lat="52.0179170" lon="4.3525110">
    <ele>2.3</ele>
    <time>2021-05-18T14:59:53Z</time>
   </trkpt>
   <trkpt lat="52.0179020" lon="4.3525000">
    <ele>2.3</ele>
    <time>2021-05-18T14:59:55Z</time>
   </trkpt>
   <trkpt lat="52.0178780" lon="4.3524950">
    <ele>2.3</ele>
    <time>2021-05-18T14:59:56Z</time>
   </trkpt>
   <trkpt lat="52.0178290" lon="4.3524860">
    <ele>2.4</ele>
    <time>2021-05-18T14:59:58Z</time>
   </trkpt>
   <trkpt lat="52.0177830" lon="4.3524780">
    <ele>2.4</ele>
    <time>2021-05-18T14:59:59Z</time>
   </trkpt>
   <trkpt lat="52.0177280" lon="4.3524620">
    <ele>2.4</ele>
    <time>2021-05-18T15:00:00Z</time>
   </trkpt>
   <trkpt lat="52.0176290" lon="4.3523860">
    <ele>2.3</ele>
    <time>2021-05-18T15:00:02Z</time>
   </trkpt>
   <trkpt lat="52.0175830" lon="4.3523640">
    <ele>2.3</ele>
    <time>2021-05-18T15:00:03Z</time>
   </trkpt>
   <trkpt lat="52.0174840" lon="4.3522960">
    <ele>2.3</ele>
    <time>2021-05-18T15:00:04Z</time>
   </trkpt>
   <trkpt lat="52.0174300" lon="4.3522600">
    <ele>2.3</ele>
    <time>2021-05-18T15:00:05Z</time>
   </trkpt>
   <trkpt lat="52.0173740" lon="4.3522280">
    <ele>2.4</ele>
    <time>2021-05-18T15:00:07Z</time>
   </trkpt>
   <trkpt lat="52.0172700" lon="4.3521390">
    <ele>2.4</ele>
    <time>2021-05-18T15:00:08Z</time>
   </trkpt>
   <trkpt lat="52.0172200" lon="4.3520830">
    <ele>2.5</ele>
    <time>2021-05-18T15:00:09Z</time>
   </trkpt>
   <trkpt lat="52.0171720" lon="4.3520210">
    <ele>2.5</ele>
    <time>2021-05-18T15:00:11Z</time>
   </trkpt>
   <trkpt lat="52.0170760" lon="4.3518870">
    <ele>2.6</ele>
    <time>2021-05-18T15:00:12Z</time>
   </trkpt>
   <trkpt lat="52.0169820" lon="4.3517630">
    <ele>2.6</ele>
    <time>2021-05-18T15:00:15Z</time>
   </trkpt>
   <trkpt lat="52.0168890" lon="4.3516360">
    <ele>2.6</ele>
    <time>2021-05-18T15:00:16Z</time>
   </trkpt>
   <trkpt lat="52.0168430" lon="4.3515730">
    <ele>2.5</ele>
    <time>2021-05-18T15:00:17Z</time>
   </trkpt>
   <trkpt lat="52.0167440" lon="4.3514500">
    <ele>2.4</ele>
    <time>2021-05-18T15:00:20Z</time>
   </trkpt>
   <trkpt lat="52.0166450" lon="4.3513290">
    <ele>2.3</ele>
    <time>2021-05-18T15:00:21Z</time>
   </trkpt>
   <trkpt lat="52.0165470" lon="4.3512010">
    <ele>2.1</ele>
    <time>2021-05-18T15:00:23Z</time>
   </trkpt>
   <trkpt lat="52.0165010" lon="4.3511400">
    <ele>2.1</ele>
    <time>2021-05-18T15:00:24Z</time>
   </trkpt>
   <trkpt lat="52.0164510" lon="4.3510830">
    <ele>2.0</ele>
    <time>2021-05-18T15:00:26Z</time>
   </trkpt>
   <trkpt lat="52.0163990" lon="4.3510280">
    <ele>1.9</ele>
    <time>2021-05-18T15:00:27Z</time>
   </trkpt>
   <trkpt lat="52.0163020" lon="4.3509050">
    <ele>1.8</ele>
    <time>2021-05-18T15:00:28Z</time>
   </trkpt>
   <trkpt lat="52.0162020" lon="4.3507950">
    <ele>1.7</ele>
    <time>2021-05-18T15:00:30Z</time>
   </trkpt>
   <trkpt lat="52.0161500" lon="4.3507600">
    <ele>1.7</ele>
    <time>2021-05-18T15:00:31Z</time>
   </trkpt>
   <trkpt lat="52.0160980" lon="4.3507300">
    <ele>1.7</ele>
    <time>2021-05-18T15:00:33Z</time>
   </trkpt>
   <trkpt lat="52.0159910" lon="4.3506830">
    <ele>1.7</ele>
    <time>2021-05-18T15:00:35Z</time>
   </trkpt>
   <trkpt lat="52.0159400" lon="4.3506640">
    <ele>1.7</ele>
    <time>2021-05-18T15:00:36Z</time>
   </trkpt>
   <trkpt lat="52.0158330" lon="4.3506340">
    <ele>1.8</ele>
    <time>2021-05-18T15:00:37Z</time>
   </trkpt>
   <trkpt lat="52.0157260" lon="4.3506130">
    <ele>1.8</ele>
    <time>2021-05-18T15:00:39Z</time>
   </trkpt>
   <trkpt lat="52.0156740" lon="4.3505990">
    <ele>1.9</ele>
    <time>2021-05-18T15:00:41Z</time>
   </trkpt>
   <trkpt lat="52.0155950" lon="4.3505650">
    <ele>2.0</ele>
    <time>2021-05-18T15:00:43Z</time>
   </trkpt>
   <trkpt lat="52.0155530" lon="4.3505520">
    <ele>2.0</ele>
    <time>2021-05-18T15:00:45Z</time>
   </trkpt>
   <trkpt lat="52.0155490" lon="4.3505630">
    <ele>2.0</ele>
    <time>2021-05-18T15:00:46Z</time>
   </trkpt>
   <trkpt lat="52.0155620" lon="4.3505540">
    <ele>2.0</ele>
    <time>2021-05-18T15:00:49Z</time>
   </trkpt>
   <trkpt lat="52.0155630" lon="4.3505520">
    <ele>2.0</ele>
    <time>2021-05-18T15:00:51Z</time>
   </trkpt>
   <trkpt lat="52.0155640" lon="4.3505510">
    <ele>2.0</ele>
    <time>2021-05-18T15:00:52Z</time>
   </trkpt>
   <trkpt lat="52.0155640" lon="4.3505520">
    <ele>2.0</ele>
    <time>2021-05-18T15:00:53Z</time>
   </trkpt>
   <trkpt lat="52.0155640" lon="4.3505530">
    <ele>2.0</ele>
    <time>2021-05-18T15:00:55Z</time>
   </trkpt>
   <trkpt lat="52.0155640" lon="4.3505510">
    <ele>2.0</ele>
    <time>2021-05-18T15:00:56Z</time>
   </trkpt>
   <trkpt lat="52.0155520" lon="4.3505820">
    <ele>2.2</ele>
    <time>2021-05-18T15:01:49Z</time>
   </trkpt>
   <trkpt lat="52.0155450" lon="4.3505880">
    <ele>2.2</ele>
    <time>2021-05-18T15:01:52Z</time>
   </trkpt>
   <trkpt lat="52.0155460" lon="4.3505910">
    <ele>2.2</ele>
    <time>2021-05-18T15:01:53Z</time>
   </trkpt>
   <trkpt lat="52.0155420" lon="4.3505940">
    <ele>2.2</ele>
    <time>2021-05-18T15:01:56Z</time>
   </trkpt>
   <trkpt lat="52.0155430" lon="4.3505960">
    <ele>2.2</ele>
    <time>2021-05-18T15:01:58Z</time>
   </trkpt>
   <trkpt lat="52.0155440" lon="4.3506020">
    <ele>2.2</ele>
    <time>2021-05-18T15:01:59Z</time>
   </trkpt>
   <trkpt lat="52.0155450" lon="4.3506030">
    <ele>2.2</ele>
    <time>2021-05-18T15:02:01Z</time>
   </trkpt>
   <trkpt lat="52.0155380" lon="4.3506170">
    <ele>2.3</ele>
    <time>2021-05-18T15:02:02Z</time>
   </trkpt>
   <trkpt lat="52.0155230" lon="4.3506840">
    <ele>2.4</ele>
    <time>2021-05-18T15:02:04Z</time>
   </trkpt>
   <trkpt lat="52.0155230" lon="4.3507680">
    <ele>2.5</ele>
    <time>2021-05-18T15:02:06Z</time>
   </trkpt>
   <trkpt lat="52.0155140" lon="4.3507990">
    <ele>2.6</ele>
    <time>2021-05-18T15:02:07Z</time>
   </trkpt>
   <trkpt lat="52.0155060" lon="4.3508290">
    <ele>2.5</ele>
    <time>2021-05-18T15:02:08Z</time>
   </trkpt>
   <trkpt lat="52.0154980" lon="4.3508960">
    <ele>2.5</ele>
    <time>2021-05-18T15:02:10Z</time>
   </trkpt>
   <trkpt lat="52.0154820" lon="4.3509480">
    <ele>2.5</ele>
    <time>2021-05-18T15:02:11Z</time>
   </trkpt>
   <trkpt lat="52.0154470" lon="4.3509500">
    <ele>2.5</ele>
    <time>2021-05-18T15:02:12Z</time>
   </trkpt>
   <trkpt lat="52.0154160" lon="4.3509420">
    <ele>2.5</ele>
    <time>2021-05-18T15:02:13Z</time>
   </trkpt>
   <trkpt lat="52.0153740" lon="4.3509430">
    <ele>2.5</ele>
    <time>2021-05-18T15:02:14Z</time>
   </trkpt>
   <trkpt lat="52.0153310" lon="4.3509450">
    <ele>2.5</ele>
    <time>2021-05-18T15:02:15Z</time>
   </trkpt>
   <trkpt lat="52.0152800" lon="4.3509270">
    <ele>2.5</ele>
    <time>2021-05-18T15:02:17Z</time>
   </trkpt>
   <trkpt lat="52.0151700" lon="4.3508760">
    <ele>2.5</ele>
    <time>2021-05-18T15:02:19Z</time>
   </trkpt>
   <trkpt lat="52.0151140" lon="4.3508720">
    <ele>2.5</ele>
    <time>2021-05-18T15:02:20Z</time>
   </trkpt>
   <trkpt lat="52.0150270" lon="4.3508410">
    <ele>2.5</ele>
    <time>2021-05-18T15:02:21Z</time>
   </trkpt>
   <trkpt lat="52.0149740" lon="4.3508270">
    <ele>2.4</ele>
    <time>2021-05-18T15:02:22Z</time>
   </trkpt>
   <trkpt lat="52.0149190" lon="4.3508130">
    <ele>2.4</ele>
    <time>2021-05-18T15:02:24Z</time>
   </trkpt>
   <trkpt lat="52.0148620" lon="4.3508000">
    <ele>2.4</ele>
    <time>2021-05-18T15:02:25Z</time>
   </trkpt>
   <trkpt lat="52.0147400" lon="4.3507900">
    <ele>2.4</ele>
    <time>2021-05-18T15:02:27Z</time>
   </trkpt>
   <trkpt lat="52.0146230" lon="4.3508300">
    <ele>2.4</ele>
    <time>2021-05-18T15:02:28Z</time>
   </trkpt>
   <trkpt lat="52.0145180" lon="4.3509130">
    <ele>2.4</ele>
    <time>2021-05-18T15:02:30Z</time>
   </trkpt>
   <trkpt lat="52.0144600" lon="4.3509610">
    <ele>2.5</ele>
    <time>2021-05-18T15:02:31Z</time>
   </trkpt>
   <trkpt lat="52.0144000" lon="4.3510210">
    <ele>2.5</ele>
    <time>2021-05-18T15:02:33Z</time>
   </trkpt>
   <trkpt lat="52.0143410" lon="4.3510790">
    <ele>2.5</ele>
    <time>2021-05-18T15:02:34Z</time>
   </trkpt>
   <trkpt lat="52.0142830" lon="4.3511360">
    <ele>2.6</ele>
    <time>2021-05-18T15:02:35Z</time>
   </trkpt>
   <trkpt lat="52.0141780" lon="4.3512470">
    <ele>2.6</ele>
    <time>2021-05-18T15:02:36Z</time>
   </trkpt>
   <trkpt lat="52.0141210" lon="4.3512920">
    <ele>2.6</ele>
    <time>2021-05-18T15:02:38Z</time>
   </trkpt>
   <trkpt lat="52.0140660" lon="4.3513420">
    <ele>2.6</ele>
    <time>2021-05-18T15:02:39Z</time>
   </trkpt>
   <trkpt lat="52.0139650" lon="4.3514440">
    <ele>2.6</ele>
    <time>2021-05-18T15:02:41Z</time>
   </trkpt>
   <trkpt lat="52.0138510" lon="4.3515190">
    <ele>2.5</ele>
    <time>2021-05-18T15:02:42Z</time>
   </trkpt>
   <trkpt lat="52.0137890" lon="4.3515530">
    <ele>2.5</ele>
    <time>2021-05-18T15:02:43Z</time>
   </trkpt>
   <trkpt lat="52.0136630" lon="4.3516320">
    <ele>2.5</ele>
    <time>2021-05-18T15:02:46Z</time>
   </trkpt>
   <trkpt lat="52.0136000" lon="4.3516690">
    <ele>2.5</ele>
    <time>2021-05-18T15:02:47Z</time>
   </trkpt>
   <trkpt lat="52.0134750" lon="4.3517760">
    <ele>2.4</ele>
    <time>2021-05-18T15:02:48Z</time>
   </trkpt>
   <trkpt lat="52.0133660" lon="4.3519150">
    <ele>2.4</ele>
    <time>2021-05-18T15:02:50Z</time>
   </trkpt>
   <trkpt lat="52.0133100" lon="4.3519930">
    <ele>2.4</ele>
    <time>2021-05-18T15:02:51Z</time>
   </trkpt>
   <trkpt lat="52.0132550" lon="4.3520660">
    <ele>2.4</ele>
    <time>2021-05-18T15:02:52Z</time>
   </trkpt>
   <trkpt lat="52.0131430" lon="4.3522180">
    <ele>2.3</ele>
    <time>2021-05-18T15:02:54Z</time>
   </trkpt>
   <trkpt lat="52.0130830" lon="4.3522830">
    <ele>2.3</ele>
    <time>2021-05-18T15:02:55Z</time>
   </trkpt>
   <trkpt lat="52.0129550" lon="4.3523960">
    <ele>2.3</ele>
    <time>2021-05-18T15:02:57Z</time>
   </trkpt>
   <trkpt lat="52.0128350" lon="4.3525310">
    <ele>2.4</ele>
    <time>2021-05-18T15:02:59Z</time>
   </trkpt>
   <trkpt lat="52.0126890" lon="4.3526490">
    <ele>2.5</ele>
    <time>2021-05-18T15:03:02Z</time>
   </trkpt>
   <trkpt lat="52.0126310" lon="4.3527080">
    <ele>2.5</ele>
    <time>2021-05-18T15:03:03Z</time>
   </trkpt>
   <trkpt lat="52.0125860" lon="4.3527710">
    <ele>2.5</ele>
    <time>2021-05-18T15:03:04Z</time>
   </trkpt>
   <trkpt lat="52.0125130" lon="4.3529190">
    <ele>2.5</ele>
    <time>2021-05-18T15:03:06Z</time>
   </trkpt>
   <trkpt lat="52.0124250" lon="4.3530700">
    <ele>2.6</ele>
    <time>2021-05-18T15:03:07Z</time>
   </trkpt>
   <trkpt lat="52.0123070" lon="4.3532050">
    <ele>2.6</ele>
    <time>2021-05-18T15:03:09Z</time>
   </trkpt>
   <trkpt lat="52.0122540" lon="4.3532690">
    <ele>2.6</ele>
    <time>2021-05-18T15:03:11Z</time>
   </trkpt>
   <trkpt lat="52.0121260" lon="4.3533810">
    <ele>2.6</ele>
    <time>2021-05-18T15:03:13Z</time>
   </trkpt>
   <trkpt lat="52.0120780" lon="4.3534410">
    <ele>2.6</ele>
    <time>2021-05-18T15:03:14Z</time>
   </trkpt>
   <trkpt lat="52.0120340" lon="4.3535000">
    <ele>2.6</ele>
    <time>2021-05-18T15:03:15Z</time>
   </trkpt>
   <trkpt lat="52.0119880" lon="4.3535470">
    <ele>2.7</ele>
    <time>2021-05-18T15:03:16Z</time>
   </trkpt>
   <trkpt lat="52.0117970" lon="4.3536930">
    <ele>2.7</ele>
    <time>2021-05-18T15:03:18Z</time>
   </trkpt>
   <trkpt lat="52.0116910" lon="4.3538120">
    <ele>2.8</ele>
    <time>2021-05-18T15:03:20Z</time>
   </trkpt>
   <trkpt lat="52.0115790" lon="4.3539120">
    <ele>2.8</ele>
    <time>2021-05-18T15:03:22Z</time>
   </trkpt>
   <trkpt lat="52.0114690" lon="4.3540080">
    <ele>2.8</ele>
    <time>2021-05-18T15:03:24Z</time>
   </trkpt>
   <trkpt lat="52.0113660" lon="4.3541060">
    <ele>2.8</ele>
    <time>2021-05-18T15:03:26Z</time>
   </trkpt>
   <trkpt lat="52.0112620" lon="4.3542170">
    <ele>2.9</ele>
    <time>2021-05-18T15:03:29Z</time>
   </trkpt>
   <trkpt lat="52.0111680" lon="4.3543240">
    <ele>2.9</ele>
    <time>2021-05-18T15:03:30Z</time>
   </trkpt>
   <trkpt lat="52.0111240" lon="4.3543720">
    <ele>2.9</ele>
    <time>2021-05-18T15:03:32Z</time>
   </trkpt>
   <trkpt lat="52.0110340" lon="4.3544560">
    <ele>2.9</ele>
    <time>2021-05-18T15:03:34Z</time>
   </trkpt>
   <trkpt lat="52.0109990" lon="4.3544980">
    <ele>2.9</ele>
    <time>2021-05-18T15:03:35Z</time>
   </trkpt>
   <trkpt lat="52.0109310" lon="4.3545690">
    <ele>3.0</ele>
    <time>2021-05-18T15:03:36Z</time>
   </trkpt>
   <trkpt lat="52.0108500" lon="4.3546420">
    <ele>3.0</ele>
    <time>2021-05-18T15:03:38Z</time>
   </trkpt>
   <trkpt lat="52.0107850" lon="4.3546880">
    <ele>3.0</ele>
    <time>2021-05-18T15:03:40Z</time>
   </trkpt>
   <trkpt lat="52.0106790" lon="4.3547960">
    <ele>3.1</ele>
    <time>2021-05-18T15:03:41Z</time>
   </trkpt>
   <trkpt lat="52.0106240" lon="4.3548520">
    <ele>3.1</ele>
    <time>2021-05-18T15:03:43Z</time>
   </trkpt>
   <trkpt lat="52.0105240" lon="4.3549450">
    <ele>3.1</ele>
    <time>2021-05-18T15:03:45Z</time>
   </trkpt>
   <trkpt lat="52.0104800" lon="4.3549890">
    <ele>3.1</ele>
    <time>2021-05-18T15:03:46Z</time>
   </trkpt>
   <trkpt lat="52.0103980" lon="4.3550680">
    <ele>3.1</ele>
    <time>2021-05-18T15:03:47Z</time>
   </trkpt>
   <trkpt lat="52.0103490" lon="4.3551000">
    <ele>3.1</ele>
    <time>2021-05-18T15:03:48Z</time>
   </trkpt>
   <trkpt lat="52.0103020" lon="4.3551410">
    <ele>3.0</ele>
    <time>2021-05-18T15:03:49Z</time>
   </trkpt>
   <trkpt lat="52.0102550" lon="4.3551910">
    <ele>3.0</ele>
    <time>2021-05-18T15:03:50Z</time>
   </trkpt>
   <trkpt lat="52.0102070" lon="4.3552360">
    <ele>3.0</ele>
    <time>2021-05-18T15:03:52Z</time>
   </trkpt>
   <trkpt lat="52.0101170" lon="4.3553260">
    <ele>3.0</ele>
    <time>2021-05-18T15:03:54Z</time>
   </trkpt>
   <trkpt lat="52.0100670" lon="4.3553660">
    <ele>3.0</ele>
    <time>2021-05-18T15:03:55Z</time>
   </trkpt>
   <trkpt lat="52.0099800" lon="4.3554540">
    <ele>3.0</ele>
    <time>2021-05-18T15:03:56Z</time>
   </trkpt>
   <trkpt lat="52.0099060" lon="4.3555570">
    <ele>3.0</ele>
    <time>2021-05-18T15:03:58Z</time>
   </trkpt>
   <trkpt lat="52.0098670" lon="4.3556080">
    <ele>3.0</ele>
    <time>2021-05-18T15:04:00Z</time>
   </trkpt>
   <trkpt lat="52.0097720" lon="4.3557070">
    <ele>3.0</ele>
    <time>2021-05-18T15:04:02Z</time>
   </trkpt>
   <trkpt lat="52.0097220" lon="4.3557610">
    <ele>3.0</ele>
    <time>2021-05-18T15:04:03Z</time>
   </trkpt>
   <trkpt lat="52.0096250" lon="4.3558380">
    <ele>3.0</ele>
    <time>2021-05-18T15:04:04Z</time>
   </trkpt>
   <trkpt lat="52.0095820" lon="4.3558810">
    <ele>3.0</ele>
    <time>2021-05-18T15:04:06Z</time>
   </trkpt>
   <trkpt lat="52.0095240" lon="4.3559430">
    <ele>3.0</ele>
    <time>2021-05-18T15:04:08Z</time>
   </trkpt>
   <trkpt lat="52.0094880" lon="4.3559600">
    <ele>3.0</ele>
    <time>2021-05-18T15:04:09Z</time>
   </trkpt>
   <trkpt lat="52.0094300" lon="4.3560020">
    <ele>3.0</ele>
    <time>2021-05-18T15:04:10Z</time>
   </trkpt>
   <trkpt lat="52.0093630" lon="4.3559400">
    <ele>3.1</ele>
    <time>2021-05-18T15:04:13Z</time>
   </trkpt>
   <trkpt lat="52.0092990" lon="4.3558170">
    <ele>3.2</ele>
    <time>2021-05-18T15:04:14Z</time>
   </trkpt>
   <trkpt lat="52.0092830" lon="4.3557560">
    <ele>3.2</ele>
    <time>2021-05-18T15:04:15Z</time>
   </trkpt>
   <trkpt lat="52.0092550" lon="4.3557020">
    <ele>3.3</ele>
    <time>2021-05-18T15:04:16Z</time>
   </trkpt>
   <trkpt lat="52.0092090" lon="4.3556190">
    <ele>3.3</ele>
    <time>2021-05-18T15:04:17Z</time>
   </trkpt>
   <trkpt lat="52.0091550" lon="4.3555520">
    <ele>3.3</ele>
    <time>2021-05-18T15:04:19Z</time>
   </trkpt>
   <trkpt lat="52.0091000" lon="4.3554720">
    <ele>3.3</ele>
    <time>2021-05-18T15:04:21Z</time>
   </trkpt>
   <trkpt lat="52.0090670" lon="4.3555250">
    <ele>3.4</ele>
    <time>2021-05-18T15:04:22Z</time>
   </trkpt>
   <trkpt lat="52.0089960" lon="4.3556250">
    <ele>3.4</ele>
    <time>2021-05-18T15:04:23Z</time>
   </trkpt>
   <trkpt lat="52.0089430" lon="4.3556700">
    <ele>3.3</ele>
    <time>2021-05-18T15:04:25Z</time>
   </trkpt>
   <trkpt lat="52.0088430" lon="4.3557570">
    <ele>3.2</ele>
    <time>2021-05-18T15:04:26Z</time>
   </trkpt>
   <trkpt lat="52.0087360" lon="4.3558570">
    <ele>3.2</ele>
    <time>2021-05-18T15:04:28Z</time>
   </trkpt>
   <trkpt lat="52.0086790" lon="4.3559070">
    <ele>3.2</ele>
    <time>2021-05-18T15:04:29Z</time>
   </trkpt>
   <trkpt lat="52.0086250" lon="4.3559590">
    <ele>3.1</ele>
    <time>2021-05-18T15:04:31Z</time>
   </trkpt>
   <trkpt lat="52.0085180" lon="4.3560770">
    <ele>3.1</ele>
    <time>2021-05-18T15:04:32Z</time>
   </trkpt>
   <trkpt lat="52.0083570" lon="4.3562420">
    <ele>3.2</ele>
    <time>2021-05-18T15:04:35Z</time>
   </trkpt>
   <trkpt lat="52.0082490" lon="4.3563640">
    <ele>3.2</ele>
    <time>2021-05-18T15:04:37Z</time>
   </trkpt>
   <trkpt lat="52.0081910" lon="4.3564190">
    <ele>3.2</ele>
    <time>2021-05-18T15:04:38Z</time>
   </trkpt>
   <trkpt lat="52.0080740" lon="4.3565280">
    <ele>3.0</ele>
    <time>2021-05-18T15:04:40Z</time>
   </trkpt>
   <trkpt lat="52.0080170" lon="4.3565780">
    <ele>3.0</ele>
    <time>2021-05-18T15:04:41Z</time>
   </trkpt>
   <trkpt lat="52.0078940" lon="4.3566740">
    <ele>2.8</ele>
    <time>2021-05-18T15:04:43Z</time>
   </trkpt>
   <trkpt lat="52.0078320" lon="4.3567210">
    <ele>2.7</ele>
    <time>2021-05-18T15:04:44Z</time>
   </trkpt>
   <trkpt lat="52.0077100" lon="4.3568120">
    <ele>2.4</ele>
    <time>2021-05-18T15:04:46Z</time>
   </trkpt>
   <trkpt lat="52.0075830" lon="4.3569180">
    <ele>2.0</ele>
    <time>2021-05-18T15:04:49Z</time>
   </trkpt>
   <trkpt lat="52.0074480" lon="4.3570300">
    <ele>1.6</ele>
    <time>2021-05-18T15:04:51Z</time>
   </trkpt>
   <trkpt lat="52.0073750" lon="4.3570880">
    <ele>1.4</ele>
    <time>2021-05-18T15:04:52Z</time>
   </trkpt>
   <trkpt lat="52.0072270" lon="4.3572020">
    <ele>1.1</ele>
    <time>2021-05-18T15:04:53Z</time>
   </trkpt>
   <trkpt lat="52.0071510" lon="4.3572430">
    <ele>0.9</ele>
    <time>2021-05-18T15:04:55Z</time>
   </trkpt>
   <trkpt lat="52.0070020" lon="4.3573450">
    <ele>0.8</ele>
    <time>2021-05-18T15:04:56Z</time>
   </trkpt>
   <trkpt lat="52.0069250" lon="4.3574050">
    <ele>0.8</ele>
    <time>2021-05-18T15:04:57Z</time>
   </trkpt>
   <trkpt lat="52.0068460" lon="4.3574720">
    <ele>0.8</ele>
    <time>2021-05-18T15:04:58Z</time>
   </trkpt>
   <trkpt lat="52.0066170" lon="4.3576580">
    <ele>1.0</ele>
    <time>2021-05-18T15:05:01Z</time>
   </trkpt>
   <trkpt lat="52.0064850" lon="4.3577930">
    <ele>1.3</ele>
    <time>2021-05-18T15:05:03Z</time>
   </trkpt>
   <trkpt lat="52.0064200" lon="4.3578520">
    <ele>1.5</ele>
    <time>2021-05-18T15:05:04Z</time>
   </trkpt>
   <trkpt lat="52.0063540" lon="4.3579130">
    <ele>1.6</ele>
    <time>2021-05-18T15:05:06Z</time>
   </trkpt>
   <trkpt lat="52.0062380" lon="4.3580030">
    <ele>1.7</ele>
    <time>2021-05-18T15:05:08Z</time>
   </trkpt>
   <trkpt lat="52.0061170" lon="4.3580930">
    <ele>1.7</ele>
    <time>2021-05-18T15:05:10Z</time>
   </trkpt>
   <trkpt lat="52.0060570" lon="4.3581390">
    <ele>1.7</ele>
    <time>2021-05-18T15:05:11Z</time>
   </trkpt>
   <trkpt lat="52.0059430" lon="4.3582380">
    <ele>1.6</ele>
    <time>2021-05-18T15:05:12Z</time>
   </trkpt>
   <trkpt lat="52.0058360" lon="4.3583440">
    <ele>1.6</ele>
    <time>2021-05-18T15:05:15Z</time>
   </trkpt>
   <trkpt lat="52.0057200" lon="4.3584350">
    <ele>1.5</ele>
    <time>2021-05-18T15:05:16Z</time>
   </trkpt>
   <trkpt lat="52.0056040" lon="4.3585200">
    <ele>1.5</ele>
    <time>2021-05-18T15:05:18Z</time>
   </trkpt>
   <trkpt lat="52.0055510" lon="4.3585640">
    <ele>1.5</ele>
    <time>2021-05-18T15:05:20Z</time>
   </trkpt>
   <trkpt lat="52.0054510" lon="4.3586510">
    <ele>1.4</ele>
    <time>2021-05-18T15:05:21Z</time>
   </trkpt>
   <trkpt lat="52.0054040" lon="4.3587010">
    <ele>1.4</ele>
    <time>2021-05-18T15:05:22Z</time>
   </trkpt>
   <trkpt lat="52.0053240" lon="4.3588020">
    <ele>1.2</ele>
    <time>2021-05-18T15:05:24Z</time>
   </trkpt>
   <trkpt lat="52.0052700" lon="4.3589340">
    <ele>1.1</ele>
    <time>2021-05-18T15:05:27Z</time>
   </trkpt>
   <trkpt lat="52.0052200" lon="4.3590940">
    <ele>1.0</ele>
    <time>2021-05-18T15:05:28Z</time>
   </trkpt>
   <trkpt lat="52.0051960" lon="4.3591740">
    <ele>1.0</ele>
    <time>2021-05-18T15:05:30Z</time>
   </trkpt>
   <trkpt lat="52.0050030" lon="4.3596540">
    <ele>1.3</ele>
    <time>2021-05-18T15:05:38Z</time>
   </trkpt>
   <trkpt lat="52.0049620" lon="4.3597170">
    <ele>1.4</ele>
    <time>2021-05-18T15:05:39Z</time>
   </trkpt>
   <trkpt lat="52.0049130" lon="4.3597530">
    <ele>1.5</ele>
    <time>2021-05-18T15:05:40Z</time>
   </trkpt>
   <trkpt lat="52.0048280" lon="4.3597160">
    <ele>1.7</ele>
    <time>2021-05-18T15:05:42Z</time>
   </trkpt>
   <trkpt lat="52.0047860" lon="4.3597330">
    <ele>1.8</ele>
    <time>2021-05-18T15:05:43Z</time>
   </trkpt>
   <trkpt lat="52.0047710" lon="4.3597480">
    <ele>1.8</ele>
    <time>2021-05-18T15:05:44Z</time>
   </trkpt>
   <trkpt lat="52.0047440" lon="4.3597850">
    <ele>1.8</ele>
    <time>2021-05-18T15:05:45Z</time>
   </trkpt>
   <trkpt lat="52.0047410" lon="4.3598930">
    <ele>2.0</ele>
    <time>2021-05-18T15:05:47Z</time>
   </trkpt>
   <trkpt lat="52.0047570" lon="4.3599870">
    <ele>2.0</ele>
    <time>2021-05-18T15:05:48Z</time>
   </trkpt>
   <trkpt lat="52.0047210" lon="4.3601370">
    <ele>1.9</ele>
    <time>2021-05-18T15:05:49Z</time>
   </trkpt>
   <trkpt lat="52.0046980" lon="4.3603400">
    <ele>1.9</ele>
    <time>2021-05-18T15:05:51Z</time>
   </trkpt>
   <trkpt lat="52.0046940" lon="4.3604460">
    <ele>1.8</ele>
    <time>2021-05-18T15:05:52Z</time>
   </trkpt>
   <trkpt lat="52.0046880" lon="4.3605610">
    <ele>1.8</ele>
    <time>2021-05-18T15:05:54Z</time>
   </trkpt>
   <trkpt lat="52.0046560" lon="4.3608190">
    <ele>1.8</ele>
    <time>2021-05-18T15:05:55Z</time>
   </trkpt>
   <trkpt lat="52.0046300" lon="4.3609580">
    <ele>1.8</ele>
    <time>2021-05-18T15:05:56Z</time>
   </trkpt>
   <trkpt lat="52.0046050" lon="4.3612220">
    <ele>1.7</ele>
    <time>2021-05-18T15:05:59Z</time>
   </trkpt>
   <trkpt lat="52.0045230" lon="4.3614200">
    <ele>1.7</ele>
    <time>2021-05-18T15:06:01Z</time>
   </trkpt>
   <trkpt lat="52.0043750" lon="4.3615540">
    <ele>1.7</ele>
    <time>2021-05-18T15:06:02Z</time>
   </trkpt>
   <trkpt lat="52.0042940" lon="4.3615960">
    <ele>1.7</ele>
    <time>2021-05-18T15:06:04Z</time>
   </trkpt>
   <trkpt lat="52.0041310" lon="4.3616640">
    <ele>1.7</ele>
    <time>2021-05-18T15:06:05Z</time>
   </trkpt>
   <trkpt lat="52.0040520" lon="4.3617010">
    <ele>1.6</ele>
    <time>2021-05-18T15:06:06Z</time>
   </trkpt>
   <trkpt lat="52.0039760" lon="4.3617360">
    <ele>1.6</ele>
    <time>2021-05-18T15:06:07Z</time>
   </trkpt>
   <trkpt lat="52.0039020" lon="4.3617740">
    <ele>1.6</ele>
    <time>2021-05-18T15:06:08Z</time>
   </trkpt>
   <trkpt lat="52.0037490" lon="4.3618450">
    <ele>1.6</ele>
    <time>2021-05-18T15:06:10Z</time>
   </trkpt>
   <trkpt lat="52.0035950" lon="4.3619110">
    <ele>1.6</ele>
    <time>2021-05-18T15:06:12Z</time>
   </trkpt>
   <trkpt lat="52.0035210" lon="4.3619470">
    <ele>1.6</ele>
    <time>2021-05-18T15:06:13Z</time>
   </trkpt>
   <trkpt lat="52.0034470" lon="4.3619780">
    <ele>1.6</ele>
    <time>2021-05-18T15:06:14Z</time>
   </trkpt>
   <trkpt lat="52.0033740" lon="4.3620130">
    <ele>1.6</ele>
    <time>2021-05-18T15:06:15Z</time>
   </trkpt>
   <trkpt lat="52.0033000" lon="4.3620500">
    <ele>1.6</ele>
    <time>2021-05-18T15:06:16Z</time>
   </trkpt>
   <trkpt lat="52.0031580" lon="4.3621320">
    <ele>1.6</ele>
    <time>2021-05-18T15:06:19Z</time>
   </trkpt>
   <trkpt lat="52.0030840" lon="4.3621660">
    <ele>1.6</ele>
    <time>2021-05-18T15:06:20Z</time>
   </trkpt>
   <trkpt lat="52.0029430" lon="4.3622580">
    <ele>1.5</ele>
    <time>2021-05-18T15:06:21Z</time>
   </trkpt>
   <trkpt lat="52.0028690" lon="4.3623040">
    <ele>1.5</ele>
    <time>2021-05-18T15:06:22Z</time>
   </trkpt>
   <trkpt lat="52.0027970" lon="4.3623510">
    <ele>1.5</ele>
    <time>2021-05-18T15:06:24Z</time>
   </trkpt>
   <trkpt lat="52.0026510" lon="4.3624380">
    <ele>1.5</ele>
    <time>2021-05-18T15:06:26Z</time>
   </trkpt>
   <trkpt lat="52.0025820" lon="4.3624910">
    <ele>1.5</ele>
    <time>2021-05-18T15:06:27Z</time>
   </trkpt>
   <trkpt lat="52.0024460" lon="4.3625970">
    <ele>1.5</ele>
    <time>2021-05-18T15:06:28Z</time>
   </trkpt>
   <trkpt lat="52.0023130" lon="4.3626830">
    <ele>1.5</ele>
    <time>2021-05-18T15:06:30Z</time>
   </trkpt>
   <trkpt lat="52.0022460" lon="4.3627240">
    <ele>1.5</ele>
    <time>2021-05-18T15:06:31Z</time>
   </trkpt>
   <trkpt lat="52.0020550" lon="4.3628490">
    <ele>1.5</ele>
    <time>2021-05-18T15:06:34Z</time>
   </trkpt>
   <trkpt lat="52.0019270" lon="4.3629390">
    <ele>1.6</ele>
    <time>2021-05-18T15:06:37Z</time>
   </trkpt>
   <trkpt lat="52.0018080" lon="4.3630310">
    <ele>1.6</ele>
    <time>2021-05-18T15:06:38Z</time>
   </trkpt>
   <trkpt lat="52.0017470" lon="4.3630800">
    <ele>1.6</ele>
    <time>2021-05-18T15:06:40Z</time>
   </trkpt>
   <trkpt lat="52.0016420" lon="4.3631440">
    <ele>1.7</ele>
    <time>2021-05-18T15:06:41Z</time>
   </trkpt>
   <trkpt lat="52.0015990" lon="4.3631730">
    <ele>1.7</ele>
    <time>2021-05-18T15:06:42Z</time>
   </trkpt>
   <trkpt lat="52.0015060" lon="4.3632460">
    <ele>1.7</ele>
    <time>2021-05-18T15:06:45Z</time>
   </trkpt>
   <trkpt lat="52.0013820" lon="4.3633430">
    <ele>1.7</ele>
    <time>2021-05-18T15:06:46Z</time>
   </trkpt>
   <trkpt lat="52.0012360" lon="4.3634310">
    <ele>1.5</ele>
    <time>2021-05-18T15:06:48Z</time>
   </trkpt>
   <trkpt lat="52.0011610" lon="4.3634880">
    <ele>1.5</ele>
    <time>2021-05-18T15:06:49Z</time>
   </trkpt>
   <trkpt lat="52.0010090" lon="4.3636160">
    <ele>1.4</ele>
    <time>2021-05-18T15:06:51Z</time>
   </trkpt>
   <trkpt lat="52.0009350" lon="4.3636810">
    <ele>1.4</ele>
    <time>2021-05-18T15:06:52Z</time>
   </trkpt>
   <trkpt lat="52.0007900" lon="4.3638090">
    <ele>1.4</ele>
    <time>2021-05-18T15:06:55Z</time>
   </trkpt>
   <trkpt lat="52.0005900" lon="4.3639750">
    <ele>1.4</ele>
    <time>2021-05-18T15:06:57Z</time>
   </trkpt>
   <trkpt lat="52.0005250" lon="4.3640340">
    <ele>1.4</ele>
    <time>2021-05-18T15:06:59Z</time>
   </trkpt>
   <trkpt lat="52.0003960" lon="4.3641480">
    <ele>1.3</ele>
    <time>2021-05-18T15:07:00Z</time>
   </trkpt>
   <trkpt lat="52.0003300" lon="4.3641960">
    <ele>1.3</ele>
    <time>2021-05-18T15:07:01Z</time>
   </trkpt>
   <trkpt lat="52.0001990" lon="4.3642830">
    <ele>1.3</ele>
    <time>2021-05-18T15:07:03Z</time>
   </trkpt>
   <trkpt lat="52.0001370" lon="4.3643250">
    <ele>1.4</ele>
    <time>2021-05-18T15:07:04Z</time>
   </trkpt>
   <trkpt lat="52.0000820" lon="4.3643610">
    <ele>1.3</ele>
    <time>2021-05-18T15:07:06Z</time>
   </trkpt>
   <trkpt lat="52.0000290" lon="4.3643980">
    <ele>1.3</ele>
    <time>2021-05-18T15:07:07Z</time>
   </trkpt>
   <trkpt lat="51.9999060" lon="4.3644930">
    <ele>1.2</ele>
    <time>2021-05-18T15:07:09Z</time>
   </trkpt>
   <trkpt lat="51.9997680" lon="4.3646100">
    <ele>1.1</ele>
    <time>2021-05-18T15:07:10Z</time>
   </trkpt>
   <trkpt lat="51.9996960" lon="4.3646680">
    <ele>1.1</ele>
    <time>2021-05-18T15:07:11Z</time>
   </trkpt>
   <trkpt lat="51.9996220" lon="4.3647200">
    <ele>1.1</ele>
    <time>2021-05-18T15:07:12Z</time>
   </trkpt>
   <trkpt lat="51.9995480" lon="4.3647720">
    <ele>1.1</ele>
    <time>2021-05-18T15:07:14Z</time>
   </trkpt>
   <trkpt lat="51.9994760" lon="4.3648280">
    <ele>1.1</ele>
    <time>2021-05-18T15:07:15Z</time>
   </trkpt>
   <trkpt lat="51.9993280" lon="4.3649340">
    <ele>1.1</ele>
    <time>2021-05-18T15:07:16Z</time>
   </trkpt>
   <trkpt lat="51.9991690" lon="4.3650490">
    <ele>1.1</ele>
    <time>2021-05-18T15:07:19Z</time>
   </trkpt>
   <trkpt lat="51.9990110" lon="4.3651570">
    <ele>1.1</ele>
    <time>2021-05-18T15:07:20Z</time>
   </trkpt>
   <trkpt lat="51.9989340" lon="4.3652090">
    <ele>1.1</ele>
    <time>2021-05-18T15:07:21Z</time>
   </trkpt>
   <trkpt lat="51.9988560" lon="4.3652600">
    <ele>1.1</ele>
    <time>2021-05-18T15:07:22Z</time>
   </trkpt>
   <trkpt lat="51.9987060" lon="4.3653630">
    <ele>1.1</ele>
    <time>2021-05-18T15:07:25Z</time>
   </trkpt>
   <trkpt lat="51.9985550" lon="4.3654770">
    <ele>1.1</ele>
    <time>2021-05-18T15:07:26Z</time>
   </trkpt>
   <trkpt lat="51.9984020" lon="4.3655890">
    <ele>1.1</ele>
    <time>2021-05-18T15:07:29Z</time>
   </trkpt>
   <trkpt lat="51.9982520" lon="4.3657140">
    <ele>1.1</ele>
    <time>2021-05-18T15:07:30Z</time>
   </trkpt>
   <trkpt lat="51.9981020" lon="4.3658330">
    <ele>1.1</ele>
    <time>2021-05-18T15:07:32Z</time>
   </trkpt>
   <trkpt lat="51.9980240" lon="4.3658850">
    <ele>1.1</ele>
    <time>2021-05-18T15:07:33Z</time>
   </trkpt>
   <trkpt lat="51.9979450" lon="4.3659430">
    <ele>1.1</ele>
    <time>2021-05-18T15:07:35Z</time>
   </trkpt>
   <trkpt lat="51.9977940" lon="4.3660520">
    <ele>1.1</ele>
    <time>2021-05-18T15:07:36Z</time>
   </trkpt>
   <trkpt lat="51.9977160" lon="4.3660920">
    <ele>1.1</ele>
    <time>2021-05-18T15:07:38Z</time>
   </trkpt>
   <trkpt lat="51.9976410" lon="4.3661340">
    <ele>1.1</ele>
    <time>2021-05-18T15:07:39Z</time>
   </trkpt>
   <trkpt lat="51.9975680" lon="4.3661800">
    <ele>1.1</ele>
    <time>2021-05-18T15:07:40Z</time>
   </trkpt>
   <trkpt lat="51.9974930" lon="4.3662210">
    <ele>1.1</ele>
    <time>2021-05-18T15:07:41Z</time>
   </trkpt>
   <trkpt lat="51.9973410" lon="4.3663030">
    <ele>1.1</ele>
    <time>2021-05-18T15:07:43Z</time>
   </trkpt>
   <trkpt lat="51.9971920" lon="4.3664040">
    <ele>1.0</ele>
    <time>2021-05-18T15:07:45Z</time>
   </trkpt>
   <trkpt lat="51.9971200" lon="4.3664570">
    <ele>1.0</ele>
    <time>2021-05-18T15:07:46Z</time>
   </trkpt>
   <trkpt lat="51.9969750" lon="4.3665590">
    <ele>1.0</ele>
    <time>2021-05-18T15:07:48Z</time>
   </trkpt>
   <trkpt lat="51.9969000" lon="4.3666090">
    <ele>1.0</ele>
    <time>2021-05-18T15:07:49Z</time>
   </trkpt>
   <trkpt lat="51.9968280" lon="4.3666580">
    <ele>1.0</ele>
    <time>2021-05-18T15:07:50Z</time>
   </trkpt>
   <trkpt lat="51.9966820" lon="4.3667550">
    <ele>1.0</ele>
    <time>2021-05-18T15:07:51Z</time>
   </trkpt>
   <trkpt lat="51.9966090" lon="4.3667980">
    <ele>1.0</ele>
    <time>2021-05-18T15:07:53Z</time>
   </trkpt>
   <trkpt lat="51.9964620" lon="4.3668910">
    <ele>1.0</ele>
    <time>2021-05-18T15:07:54Z</time>
   </trkpt>
   <trkpt lat="51.9963180" lon="4.3669870">
    <ele>1.0</ele>
    <time>2021-05-18T15:07:56Z</time>
   </trkpt>
   <trkpt lat="51.9962440" lon="4.3670370">
    <ele>1.0</ele>
    <time>2021-05-18T15:07:57Z</time>
   </trkpt>
   <trkpt lat="51.9961740" lon="4.3670880">
    <ele>1.0</ele>
    <time>2021-05-18T15:07:59Z</time>
   </trkpt>
   <trkpt lat="51.9960350" lon="4.3671830">
    <ele>1.0</ele>
    <time>2021-05-18T15:08:00Z</time>
   </trkpt>
   <trkpt lat="51.9959650" lon="4.3672300">
    <ele>1.0</ele>
    <time>2021-05-18T15:08:01Z</time>
   </trkpt>
   <trkpt lat="51.9958920" lon="4.3672830">
    <ele>1.0</ele>
    <time>2021-05-18T15:08:02Z</time>
   </trkpt>
   <trkpt lat="51.9958180" lon="4.3673330">
    <ele>1.0</ele>
    <time>2021-05-18T15:08:03Z</time>
   </trkpt>
   <trkpt lat="51.9956640" lon="4.3674310">
    <ele>1.0</ele>
    <time>2021-05-18T15:08:06Z</time>
   </trkpt>
   <trkpt lat="51.9955200" lon="4.3675300">
    <ele>1.0</ele>
    <time>2021-05-18T15:08:07Z</time>
   </trkpt>
   <trkpt lat="51.9954470" lon="4.3675880">
    <ele>1.0</ele>
    <time>2021-05-18T15:08:08Z</time>
   </trkpt>
   <trkpt lat="51.9953710" lon="4.3676470">
    <ele>1.0</ele>
    <time>2021-05-18T15:08:09Z</time>
   </trkpt>
   <trkpt lat="51.9952950" lon="4.3677000">
    <ele>1.0</ele>
    <time>2021-05-18T15:08:10Z</time>
   </trkpt>
   <trkpt lat="51.9952210" lon="4.3677560">
    <ele>1.0</ele>
    <time>2021-05-18T15:08:12Z</time>
   </trkpt>
   <trkpt lat="51.9950700" lon="4.3678520">
    <ele>1.0</ele>
    <time>2021-05-18T15:08:13Z</time>
   </trkpt>
   <trkpt lat="51.9949920" lon="4.3678960">
    <ele>1.0</ele>
    <time>2021-05-18T15:08:14Z</time>
   </trkpt>
   <trkpt lat="51.9949180" lon="4.3679510">
    <ele>1.0</ele>
    <time>2021-05-18T15:08:15Z</time>
   </trkpt>
   <trkpt lat="51.9948450" lon="4.3680050">
    <ele>1.0</ele>
    <time>2021-05-18T15:08:16Z</time>
   </trkpt>
   <trkpt lat="51.9946980" lon="4.3680890">
    <ele>1.1</ele>
    <time>2021-05-18T15:08:18Z</time>
   </trkpt>
   <trkpt lat="51.9945580" lon="4.3681740">
    <ele>1.1</ele>
    <time>2021-05-18T15:08:21Z</time>
   </trkpt>
   <trkpt lat="51.9945010" lon="4.3682470">
    <ele>1.1</ele>
    <time>2021-05-18T15:08:22Z</time>
   </trkpt>
   <trkpt lat="51.9944370" lon="4.3684720">
    <ele>1.1</ele>
    <time>2021-05-18T15:08:24Z</time>
   </trkpt>
   <trkpt lat="51.9943560" lon="4.3686520">
    <ele>1.0</ele>
    <time>2021-05-18T15:08:25Z</time>
   </trkpt>
   <trkpt lat="51.9942540" lon="4.3687280">
    <ele>1.0</ele>
    <time>2021-05-18T15:08:27Z</time>
   </trkpt>
   <trkpt lat="51.9941690" lon="4.3687650">
    <ele>1.0</ele>
    <time>2021-05-18T15:08:30Z</time>
   </trkpt>
   <trkpt lat="51.9941080" lon="4.3687960">
    <ele>1.0</ele>
    <time>2021-05-18T15:08:31Z</time>
   </trkpt>
   <trkpt lat="51.9940650" lon="4.3688450">
    <ele>1.0</ele>
    <time>2021-05-18T15:08:33Z</time>
   </trkpt>
   <trkpt lat="51.9940390" lon="4.3688890">
    <ele>1.0</ele>
    <time>2021-05-18T15:08:35Z</time>
   </trkpt>
   <trkpt lat="51.9940190" lon="4.3689590">
    <ele>1.1</ele>
    <time>2021-05-18T15:08:36Z</time>
   </trkpt>
   <trkpt lat="51.9939880" lon="4.3690410">
    <ele>1.1</ele>
    <time>2021-05-18T15:08:37Z</time>
   </trkpt>
   <trkpt lat="51.9938820" lon="4.3691440">
    <ele>1.1</ele>
    <time>2021-05-18T15:08:38Z</time>
   </trkpt>
   <trkpt lat="51.9938210" lon="4.3691710">
    <ele>1.1</ele>
    <time>2021-05-18T15:08:39Z</time>
   </trkpt>
   <trkpt lat="51.9937600" lon="4.3692010">
    <ele>1.2</ele>
    <time>2021-05-18T15:08:41Z</time>
   </trkpt>
   <trkpt lat="51.9936450" lon="4.3692820">
    <ele>1.3</ele>
    <time>2021-05-18T15:08:43Z</time>
   </trkpt>
   <trkpt lat="51.9935220" lon="4.3693190">
    <ele>1.4</ele>
    <time>2021-05-18T15:08:44Z</time>
   </trkpt>
   <trkpt lat="51.9934000" lon="4.3693730">
    <ele>1.5</ele>
    <time>2021-05-18T15:08:47Z</time>
   </trkpt>
   <trkpt lat="51.9932840" lon="4.3694810">
    <ele>1.7</ele>
    <time>2021-05-18T15:08:48Z</time>
   </trkpt>
   <trkpt lat="51.9932240" lon="4.3695280">
    <ele>1.7</ele>
    <time>2021-05-18T15:08:49Z</time>
   </trkpt>
   <trkpt lat="51.9931680" lon="4.3695740">
    <ele>1.8</ele>
    <time>2021-05-18T15:08:51Z</time>
   </trkpt>
   <trkpt lat="51.9930590" lon="4.3696490">
    <ele>2.0</ele>
    <time>2021-05-18T15:08:52Z</time>
   </trkpt>
   <trkpt lat="51.9930060" lon="4.3696920">
    <ele>1.9</ele>
    <time>2021-05-18T15:08:54Z</time>
   </trkpt>
   <trkpt lat="51.9929020" lon="4.3697950">
    <ele>1.7</ele>
    <time>2021-05-18T15:08:55Z</time>
   </trkpt>
   <trkpt lat="51.9928480" lon="4.3698420">
    <ele>1.7</ele>
    <time>2021-05-18T15:08:57Z</time>
   </trkpt>
   <trkpt lat="51.9927830" lon="4.3698850">
    <ele>1.6</ele>
    <time>2021-05-18T15:08:58Z</time>
   </trkpt>
   <trkpt lat="51.9926660" lon="4.3699780">
    <ele>1.4</ele>
    <time>2021-05-18T15:08:59Z</time>
   </trkpt>
   <trkpt lat="51.9926050" lon="4.3700370">
    <ele>1.4</ele>
    <time>2021-05-18T15:09:00Z</time>
   </trkpt>
   <trkpt lat="51.9924750" lon="4.3701370">
    <ele>1.3</ele>
    <time>2021-05-18T15:09:02Z</time>
   </trkpt>
   <trkpt lat="51.9923380" lon="4.3702230">
    <ele>1.2</ele>
    <time>2021-05-18T15:09:04Z</time>
   </trkpt>
   <trkpt lat="51.9922040" lon="4.3703100">
    <ele>1.2</ele>
    <time>2021-05-18T15:09:06Z</time>
   </trkpt>
   <trkpt lat="51.9921380" lon="4.3703520">
    <ele>1.2</ele>
    <time>2021-05-18T15:09:07Z</time>
   </trkpt>
   <trkpt lat="51.9920690" lon="4.3703890">
    <ele>1.2</ele>
    <time>2021-05-18T15:09:09Z</time>
   </trkpt>
   <trkpt lat="51.9919960" lon="4.3704240">
    <ele>1.2</ele>
    <time>2021-05-18T15:09:10Z</time>
   </trkpt>
   <trkpt lat="51.9915180" lon="4.3706770">
    <ele>1.0</ele>
    <time>2021-05-18T15:09:16Z</time>
   </trkpt>
   <trkpt lat="51.9914560" lon="4.3706980">
    <ele>1.0</ele>
    <time>2021-05-18T15:09:17Z</time>
   </trkpt>
   <trkpt lat="51.9913330" lon="4.3707580">
    <ele>1.0</ele>
    <time>2021-05-18T15:09:20Z</time>
   </trkpt>
   <trkpt lat="51.9912040" lon="4.3708320">
    <ele>1.0</ele>
    <time>2021-05-18T15:09:21Z</time>
   </trkpt>
   <trkpt lat="51.9911390" lon="4.3708700">
    <ele>1.0</ele>
    <time>2021-05-18T15:09:22Z</time>
   </trkpt>
   <trkpt lat="51.9910710" lon="4.3709170">
    <ele>1.0</ele>
    <time>2021-05-18T15:09:24Z</time>
   </trkpt>
   <trkpt lat="51.9909320" lon="4.3710080">
    <ele>1.0</ele>
    <time>2021-05-18T15:09:25Z</time>
   </trkpt>
   <trkpt lat="51.9908620" lon="4.3710590">
    <ele>1.0</ele>
    <time>2021-05-18T15:09:26Z</time>
   </trkpt>
   <trkpt lat="51.9907930" lon="4.3711040">
    <ele>1.0</ele>
    <time>2021-05-18T15:09:27Z</time>
   </trkpt>
   <trkpt lat="51.9906510" lon="4.3711830">
    <ele>1.0</ele>
    <time>2021-05-18T15:09:29Z</time>
   </trkpt>
   <trkpt lat="51.9905800" lon="4.3712180">
    <ele>1.1</ele>
    <time>2021-05-18T15:09:31Z</time>
   </trkpt>
   <trkpt lat="51.9904500" lon="4.3713130">
    <ele>1.1</ele>
    <time>2021-05-18T15:09:33Z</time>
   </trkpt>
   <trkpt lat="51.9903390" lon="4.3714350">
    <ele>1.1</ele>
    <time>2021-05-18T15:09:35Z</time>
   </trkpt>
   <trkpt lat="51.9902730" lon="4.3714840">
    <ele>1.1</ele>
    <time>2021-05-18T15:09:36Z</time>
   </trkpt>
   <trkpt lat="51.9901590" lon="4.3716300">
    <ele>1.1</ele>
    <time>2021-05-18T15:09:37Z</time>
   </trkpt>
   <trkpt lat="51.9900990" lon="4.3717240">
    <ele>1.1</ele>
    <time>2021-05-18T15:09:39Z</time>
   </trkpt>
   <trkpt lat="51.9899010" lon="4.3719170">
    <ele>1.1</ele>
    <time>2021-05-18T15:09:41Z</time>
   </trkpt>
   <trkpt lat="51.9897780" lon="4.3720690">
    <ele>1.1</ele>
    <time>2021-05-18T15:09:43Z</time>
   </trkpt>
   <trkpt lat="51.9896560" lon="4.3722160">
    <ele>1.1</ele>
    <time>2021-05-18T15:09:45Z</time>
   </trkpt>
   <trkpt lat="51.9895960" lon="4.3722890">
    <ele>1.1</ele>
    <time>2021-05-18T15:09:47Z</time>
   </trkpt>
   <trkpt lat="51.9894580" lon="4.3724310">
    <ele>1.1</ele>
    <time>2021-05-18T15:09:48Z</time>
   </trkpt>
   <trkpt lat="51.9893840" lon="4.3724940">
    <ele>1.0</ele>
    <time>2021-05-18T15:09:49Z</time>
   </trkpt>
   <trkpt lat="51.9893060" lon="4.3725510">
    <ele>1.0</ele>
    <time>2021-05-18T15:09:51Z</time>
   </trkpt>
   <trkpt lat="51.9892250" lon="4.3726090">
    <ele>1.0</ele>
    <time>2021-05-18T15:09:52Z</time>
   </trkpt>
   <trkpt lat="51.9891440" lon="4.3726720">
    <ele>0.9</ele>
    <time>2021-05-18T15:09:53Z</time>
   </trkpt>
   <trkpt lat="51.9889810" lon="4.3727800">
    <ele>1.0</ele>
    <time>2021-05-18T15:09:55Z</time>
   </trkpt>
   <trkpt lat="51.9888990" lon="4.3728420">
    <ele>1.0</ele>
    <time>2021-05-18T15:09:56Z</time>
   </trkpt>
   <trkpt lat="51.9887390" lon="4.3729780">
    <ele>1.0</ele>
    <time>2021-05-18T15:09:57Z</time>
   </trkpt>
   <trkpt lat="51.9885790" lon="4.3731090">
    <ele>0.9</ele>
    <time>2021-05-18T15:09:59Z</time>
   </trkpt>
   <trkpt lat="51.9885000" lon="4.3731810">
    <ele>0.9</ele>
    <time>2021-05-18T15:10:01Z</time>
   </trkpt>
   <trkpt lat="51.9883460" lon="4.3733230">
    <ele>1.0</ele>
    <time>2021-05-18T15:10:03Z</time>
   </trkpt>
   <trkpt lat="51.9881910" lon="4.3734620">
    <ele>1.0</ele>
    <time>2021-05-18T15:10:05Z</time>
   </trkpt>
   <trkpt lat="51.9880330" lon="4.3735860">
    <ele>1.0</ele>
    <time>2021-05-18T15:10:06Z</time>
   </trkpt>
   <trkpt lat="51.9879560" lon="4.3736450">
    <ele>1.0</ele>
    <time>2021-05-18T15:10:08Z</time>
   </trkpt>
   <trkpt lat="51.9877920" lon="4.3737420">
    <ele>1.0</ele>
    <time>2021-05-18T15:10:09Z</time>
   </trkpt>
   <trkpt lat="51.9876330" lon="4.3738580">
    <ele>1.0</ele>
    <time>2021-05-18T15:10:11Z</time>
   </trkpt>
   <trkpt lat="51.9874700" lon="4.3739820">
    <ele>1.0</ele>
    <time>2021-05-18T15:10:14Z</time>
   </trkpt>
   <trkpt lat="51.9873160" lon="4.3741180">
    <ele>1.1</ele>
    <time>2021-05-18T15:10:16Z</time>
   </trkpt>
   <trkpt lat="51.9871550" lon="4.3742490">
    <ele>1.1</ele>
    <time>2021-05-18T15:10:18Z</time>
   </trkpt>
   <trkpt lat="51.9870000" lon="4.3743730">
    <ele>1.1</ele>
    <time>2021-05-18T15:10:20Z</time>
   </trkpt>
   <trkpt lat="51.9868460" lon="4.3744940">
    <ele>1.0</ele>
    <time>2021-05-18T15:10:21Z</time>
   </trkpt>
   <trkpt lat="51.9867690" lon="4.3745500">
    <ele>1.0</ele>
    <time>2021-05-18T15:10:22Z</time>
   </trkpt>
   <trkpt lat="51.9866920" lon="4.3746090">
    <ele>0.9</ele>
    <time>2021-05-18T15:10:23Z</time>
   </trkpt>
   <trkpt lat="51.9866120" lon="4.3746650">
    <ele>0.9</ele>
    <time>2021-05-18T15:10:24Z</time>
   </trkpt>
   <trkpt lat="51.9865280" lon="4.3747170">
    <ele>0.9</ele>
    <time>2021-05-18T15:10:26Z</time>
   </trkpt>
   <trkpt lat="51.9863720" lon="4.3748110">
    <ele>0.9</ele>
    <time>2021-05-18T15:10:28Z</time>
   </trkpt>
   <trkpt lat="51.9862140" lon="4.3749070">
    <ele>0.8</ele>
    <time>2021-05-18T15:10:29Z</time>
   </trkpt>
   <trkpt lat="51.9860540" lon="4.3750010">
    <ele>0.8</ele>
    <time>2021-05-18T15:10:32Z</time>
   </trkpt>
   <trkpt lat="51.9858950" lon="4.3751020">
    <ele>0.7</ele>
    <time>2021-05-18T15:10:34Z</time>
   </trkpt>
   <trkpt lat="51.9857330" lon="4.3751600">
    <ele>0.7</ele>
    <time>2021-05-18T15:10:35Z</time>
   </trkpt>
   <trkpt lat="51.9855670" lon="4.3752290">
    <ele>0.7</ele>
    <time>2021-05-18T15:10:37Z</time>
   </trkpt>
   <trkpt lat="51.9854840" lon="4.3752620">
    <ele>0.7</ele>
    <time>2021-05-18T15:10:38Z</time>
   </trkpt>
   <trkpt lat="51.9853210" lon="4.3753380">
    <ele>0.7</ele>
    <time>2021-05-18T15:10:41Z</time>
   </trkpt>
   <trkpt lat="51.9851550" lon="4.3754240">
    <ele>0.6</ele>
    <time>2021-05-18T15:10:43Z</time>
   </trkpt>
   <trkpt lat="51.9849990" lon="4.3755320">
    <ele>0.6</ele>
    <time>2021-05-18T15:10:45Z</time>
   </trkpt>
   <trkpt lat="51.9849170" lon="4.3755900">
    <ele>0.5</ele>
    <time>2021-05-18T15:10:46Z</time>
   </trkpt>
   <trkpt lat="51.9847610" lon="4.3757100">
    <ele>0.5</ele>
    <time>2021-05-18T15:10:47Z</time>
   </trkpt>
   <trkpt lat="51.9846760" lon="4.3757730">
    <ele>0.5</ele>
    <time>2021-05-18T15:10:49Z</time>
   </trkpt>
   <trkpt lat="51.9845230" lon="4.3758950">
    <ele>0.5</ele>
    <time>2021-05-18T15:10:51Z</time>
   </trkpt>
   <trkpt lat="51.9844430" lon="4.3759610">
    <ele>0.5</ele>
    <time>2021-05-18T15:10:52Z</time>
   </trkpt>
   <trkpt lat="51.9842840" lon="4.3760900">
    <ele>0.5</ele>
    <time>2021-05-18T15:10:53Z</time>
   </trkpt>
   <trkpt lat="51.9842050" lon="4.3761620">
    <ele>0.5</ele>
    <time>2021-05-18T15:10:55Z</time>
   </trkpt>
   <trkpt lat="51.9840530" lon="4.3763000">
    <ele>0.5</ele>
    <time>2021-05-18T15:10:57Z</time>
   </trkpt>
   <trkpt lat="51.9838970" lon="4.3764300">
    <ele>0.4</ele>
    <time>2021-05-18T15:10:58Z</time>
   </trkpt>
   <trkpt lat="51.9838210" lon="4.3764930">
    <ele>0.5</ele>
    <time>2021-05-18T15:10:59Z</time>
   </trkpt>
   <trkpt lat="51.9836750" lon="4.3766190">
    <ele>0.5</ele>
    <time>2021-05-18T15:11:01Z</time>
   </trkpt>
   <trkpt lat="51.9836050" lon="4.3766820">
    <ele>0.5</ele>
    <time>2021-05-18T15:11:03Z</time>
   </trkpt>
   <trkpt lat="51.9835340" lon="4.3767450">
    <ele>0.5</ele>
    <time>2021-05-18T15:11:04Z</time>
   </trkpt>
   <trkpt lat="51.9833980" lon="4.3768720">
    <ele>0.5</ele>
    <time>2021-05-18T15:11:05Z</time>
   </trkpt>
   <trkpt lat="51.9832650" lon="4.3769930">
    <ele>0.4</ele>
    <time>2021-05-18T15:11:08Z</time>
   </trkpt>
   <trkpt lat="51.9831300" lon="4.3771060">
    <ele>0.5</ele>
    <time>2021-05-18T15:11:09Z</time>
   </trkpt>
   <trkpt lat="51.9830090" lon="4.3772190">
    <ele>0.5</ele>
    <time>2021-05-18T15:11:12Z</time>
   </trkpt>
   <trkpt lat="51.9829520" lon="4.3772780">
    <ele>0.5</ele>
    <time>2021-05-18T15:11:13Z</time>
   </trkpt>
   <trkpt lat="51.9828280" lon="4.3773760">
    <ele>0.6</ele>
    <time>2021-05-18T15:11:14Z</time>
   </trkpt>
   <trkpt lat="51.9827570" lon="4.3774190">
    <ele>0.6</ele>
    <time>2021-05-18T15:11:15Z</time>
   </trkpt>
   <trkpt lat="51.9825490" lon="4.3776140">
    <ele>0.6</ele>
    <time>2021-05-18T15:11:18Z</time>
   </trkpt>
   <trkpt lat="51.9824100" lon="4.3777210">
    <ele>0.6</ele>
    <time>2021-05-18T15:11:20Z</time>
   </trkpt>
   <trkpt lat="51.9823370" lon="4.3777760">
    <ele>0.6</ele>
    <time>2021-05-18T15:11:21Z</time>
   </trkpt>
   <trkpt lat="51.9821900" lon="4.3778880">
    <ele>0.7</ele>
    <time>2021-05-18T15:11:23Z</time>
   </trkpt>
   <trkpt lat="51.9821180" lon="4.3779510">
    <ele>0.7</ele>
    <time>2021-05-18T15:11:25Z</time>
   </trkpt>
   <trkpt lat="51.9820410" lon="4.3780160">
    <ele>0.7</ele>
    <time>2021-05-18T15:11:26Z</time>
   </trkpt>
   <trkpt lat="51.9818920" lon="4.3781310">
    <ele>0.7</ele>
    <time>2021-05-18T15:11:27Z</time>
   </trkpt>
   <trkpt lat="51.9817390" lon="4.3782590">
    <ele>0.7</ele>
    <time>2021-05-18T15:11:29Z</time>
   </trkpt>
   <trkpt lat="51.9815840" lon="4.3783900">
    <ele>0.6</ele>
    <time>2021-05-18T15:11:31Z</time>
   </trkpt>
   <trkpt lat="51.9815080" lon="4.3784570">
    <ele>0.6</ele>
    <time>2021-05-18T15:11:32Z</time>
   </trkpt>
   <trkpt lat="51.9813630" lon="4.3785870">
    <ele>0.6</ele>
    <time>2021-05-18T15:11:35Z</time>
   </trkpt>
   <trkpt lat="51.9812200" lon="4.3787230">
    <ele>0.6</ele>
    <time>2021-05-18T15:11:37Z</time>
   </trkpt>
   <trkpt lat="51.9810790" lon="4.3788570">
    <ele>0.7</ele>
    <time>2021-05-18T15:11:38Z</time>
   </trkpt>
   <trkpt lat="51.9810040" lon="4.3789110">
    <ele>0.7</ele>
    <time>2021-05-18T15:11:40Z</time>
   </trkpt>
   <trkpt lat="51.9808490" lon="4.3790030">
    <ele>0.8</ele>
    <time>2021-05-18T15:11:41Z</time>
   </trkpt>
   <trkpt lat="51.9807720" lon="4.3790560">
    <ele>0.8</ele>
    <time>2021-05-18T15:11:42Z</time>
   </trkpt>
   <trkpt lat="51.9806170" lon="4.3791650">
    <ele>0.9</ele>
    <time>2021-05-18T15:11:45Z</time>
   </trkpt>
   <trkpt lat="51.9804620" lon="4.3792730">
    <ele>0.9</ele>
    <time>2021-05-18T15:11:47Z</time>
   </trkpt>
   <trkpt lat="51.9803060" lon="4.3793850">
    <ele>0.9</ele>
    <time>2021-05-18T15:11:48Z</time>
   </trkpt>
   <trkpt lat="51.9801540" lon="4.3795050">
    <ele>0.9</ele>
    <time>2021-05-18T15:11:51Z</time>
   </trkpt>
   <trkpt lat="51.9800000" lon="4.3796340">
    <ele>0.8</ele>
    <time>2021-05-18T15:11:53Z</time>
   </trkpt>
   <trkpt lat="51.9798500" lon="4.3797570">
    <ele>0.8</ele>
    <time>2021-05-18T15:11:54Z</time>
   </trkpt>
   <trkpt lat="51.9797730" lon="4.3798250">
    <ele>0.8</ele>
    <time>2021-05-18T15:11:55Z</time>
   </trkpt>
   <trkpt lat="51.9796290" lon="4.3799620">
    <ele>0.8</ele>
    <time>2021-05-18T15:11:58Z</time>
   </trkpt>
   <trkpt lat="51.9794850" lon="4.3801040">
    <ele>0.8</ele>
    <time>2021-05-18T15:11:59Z</time>
   </trkpt>
   <trkpt lat="51.9794160" lon="4.3801790">
    <ele>0.8</ele>
    <time>2021-05-18T15:12:00Z</time>
   </trkpt>
   <trkpt lat="51.9792800" lon="4.3803250">
    <ele>0.8</ele>
    <time>2021-05-18T15:12:02Z</time>
   </trkpt>
   <trkpt lat="51.9792100" lon="4.3804000">
    <ele>0.8</ele>
    <time>2021-05-18T15:12:04Z</time>
   </trkpt>
   <trkpt lat="51.9790640" lon="4.3805440">
    <ele>0.8</ele>
    <time>2021-05-18T15:12:06Z</time>
   </trkpt>
   <trkpt lat="51.9789130" lon="4.3806830">
    <ele>0.7</ele>
    <time>2021-05-18T15:12:07Z</time>
   </trkpt>
   <trkpt lat="51.9788380" lon="4.3807520">
    <ele>0.7</ele>
    <time>2021-05-18T15:12:09Z</time>
   </trkpt>
   <trkpt lat="51.9787620" lon="4.3808200">
    <ele>0.7</ele>
    <time>2021-05-18T15:12:10Z</time>
   </trkpt>
   <trkpt lat="51.9786150" lon="4.3809680">
    <ele>0.6</ele>
    <time>2021-05-18T15:12:12Z</time>
   </trkpt>
   <trkpt lat="51.9785360" lon="4.3810360">
    <ele>0.6</ele>
    <time>2021-05-18T15:12:13Z</time>
   </trkpt>
   <trkpt lat="51.9783750" lon="4.3811650">
    <ele>0.6</ele>
    <time>2021-05-18T15:12:15Z</time>
   </trkpt>
   <trkpt lat="51.9782180" lon="4.3812980">
    <ele>0.7</ele>
    <time>2021-05-18T15:12:17Z</time>
   </trkpt>
   <trkpt lat="51.9780590" lon="4.3814330">
    <ele>0.7</ele>
    <time>2021-05-18T15:12:18Z</time>
   </trkpt>
   <trkpt lat="51.9779010" lon="4.3815620">
    <ele>0.7</ele>
    <time>2021-05-18T15:12:20Z</time>
   </trkpt>
   <trkpt lat="51.9777400" lon="4.3816780">
    <ele>0.7</ele>
    <time>2021-05-18T15:12:22Z</time>
   </trkpt>
   <trkpt lat="51.9776590" lon="4.3817320">
    <ele>0.7</ele>
    <time>2021-05-18T15:12:23Z</time>
   </trkpt>
   <trkpt lat="51.9774980" lon="4.3818430">
    <ele>0.7</ele>
    <time>2021-05-18T15:12:25Z</time>
   </trkpt>
   <trkpt lat="51.9774130" lon="4.3818930">
    <ele>0.7</ele>
    <time>2021-05-18T15:12:27Z</time>
   </trkpt>
   <trkpt lat="51.9773270" lon="4.3819470">
    <ele>0.7</ele>
    <time>2021-05-18T15:12:28Z</time>
   </trkpt>
   <trkpt lat="51.9771750" lon="4.3820560">
    <ele>0.8</ele>
    <time>2021-05-18T15:12:29Z</time>
   </trkpt>
   <trkpt lat="51.9770990" lon="4.3821160">
    <ele>0.8</ele>
    <time>2021-05-18T15:12:30Z</time>
   </trkpt>
   <trkpt lat="51.9769550" lon="4.3822480">
    <ele>0.8</ele>
    <time>2021-05-18T15:12:32Z</time>
   </trkpt>
   <trkpt lat="51.9768750" lon="4.3823170">
    <ele>0.8</ele>
    <time>2021-05-18T15:12:34Z</time>
   </trkpt>
   <trkpt lat="51.9767360" lon="4.3824600">
    <ele>0.7</ele>
    <time>2021-05-18T15:12:36Z</time>
   </trkpt>
   <trkpt lat="51.9766550" lon="4.3825210">
    <ele>0.6</ele>
    <time>2021-05-18T15:12:37Z</time>
   </trkpt>
   <trkpt lat="51.9764990" lon="4.3826400">
    <ele>0.5</ele>
    <time>2021-05-18T15:12:38Z</time>
   </trkpt>
   <trkpt lat="51.9764260" lon="4.3827080">
    <ele>0.5</ele>
    <time>2021-05-18T15:12:40Z</time>
   </trkpt>
   <trkpt lat="51.9762740" lon="4.3828400">
    <ele>0.5</ele>
    <time>2021-05-18T15:12:41Z</time>
   </trkpt>
   <trkpt lat="51.9761980" lon="4.3829000">
    <ele>0.5</ele>
    <time>2021-05-18T15:12:42Z</time>
   </trkpt>
   <trkpt lat="51.9760460" lon="4.3830170">
    <ele>0.5</ele>
    <time>2021-05-18T15:12:45Z</time>
   </trkpt>
   <trkpt lat="51.9759650" lon="4.3830790">
    <ele>0.5</ele>
    <time>2021-05-18T15:12:46Z</time>
   </trkpt>
   <trkpt lat="51.9758150" lon="4.3831880">
    <ele>0.5</ele>
    <time>2021-05-18T15:12:47Z</time>
   </trkpt>
   <trkpt lat="51.9757380" lon="4.3832450">
    <ele>0.5</ele>
    <time>2021-05-18T15:12:49Z</time>
   </trkpt>
   <trkpt lat="51.9755850" lon="4.3833570">
    <ele>0.5</ele>
    <time>2021-05-18T15:12:51Z</time>
   </trkpt>
   <trkpt lat="51.9755050" lon="4.3834180">
    <ele>0.5</ele>
    <time>2021-05-18T15:12:52Z</time>
   </trkpt>
   <trkpt lat="51.9753520" lon="4.3835150">
    <ele>0.6</ele>
    <time>2021-05-18T15:12:53Z</time>
   </trkpt>
   <trkpt lat="51.9751920" lon="4.3836140">
    <ele>0.7</ele>
    <time>2021-05-18T15:12:55Z</time>
   </trkpt>
   <trkpt lat="51.9750380" lon="4.3837180">
    <ele>0.7</ele>
    <time>2021-05-18T15:12:57Z</time>
   </trkpt>
   <trkpt lat="51.9748850" lon="4.3838250">
    <ele>0.7</ele>
    <time>2021-05-18T15:13:00Z</time>
   </trkpt>
   <trkpt lat="51.9747190" lon="4.3839250">
    <ele>0.6</ele>
    <time>2021-05-18T15:13:01Z</time>
   </trkpt>
   <trkpt lat="51.9746380" lon="4.3839780">
    <ele>0.6</ele>
    <time>2021-05-18T15:13:02Z</time>
   </trkpt>
   <trkpt lat="51.9745590" lon="4.3840370">
    <ele>0.6</ele>
    <time>2021-05-18T15:13:03Z</time>
   </trkpt>
   <trkpt lat="51.9743970" lon="4.3841450">
    <ele>0.6</ele>
    <time>2021-05-18T15:13:05Z</time>
   </trkpt>
   <trkpt lat="51.9742360" lon="4.3842560">
    <ele>0.6</ele>
    <time>2021-05-18T15:13:07Z</time>
   </trkpt>
   <trkpt lat="51.9741570" lon="4.3843150">
    <ele>0.6</ele>
    <time>2021-05-18T15:13:08Z</time>
   </trkpt>
   <trkpt lat="51.9740800" lon="4.3843740">
    <ele>0.6</ele>
    <time>2021-05-18T15:13:10Z</time>
   </trkpt>
   <trkpt lat="51.9739280" lon="4.3845030">
    <ele>0.6</ele>
    <time>2021-05-18T15:13:11Z</time>
   </trkpt>
   <trkpt lat="51.9738500" lon="4.3845640">
    <ele>0.6</ele>
    <time>2021-05-18T15:13:12Z</time>
   </trkpt>
   <trkpt lat="51.9736920" lon="4.3846950">
    <ele>0.4</ele>
    <time>2021-05-18T15:13:15Z</time>
   </trkpt>
   <trkpt lat="51.9736100" lon="4.3847660">
    <ele>0.4</ele>
    <time>2021-05-18T15:13:16Z</time>
   </trkpt>
   <trkpt lat="51.9734690" lon="4.3848960">
    <ele>0.3</ele>
    <time>2021-05-18T15:13:17Z</time>
   </trkpt>
   <trkpt lat="51.9733940" lon="4.3849580">
    <ele>0.2</ele>
    <time>2021-05-18T15:13:19Z</time>
   </trkpt>
   <trkpt lat="51.9732480" lon="4.3850920">
    <ele>0.1</ele>
    <time>2021-05-18T15:13:21Z</time>
   </trkpt>
   <trkpt lat="51.9731720" lon="4.3851580">
    <ele>0.0</ele>
    <time>2021-05-18T15:13:22Z</time>
   </trkpt>
   <trkpt lat="51.9730300" lon="4.3852790">
    <ele>-0.1</ele>
    <time>2021-05-18T15:13:23Z</time>
   </trkpt>
   <trkpt lat="51.9729540" lon="4.3853380">
    <ele>-0.2</ele>
    <time>2021-05-18T15:13:24Z</time>
   </trkpt>
   <trkpt lat="51.9728000" lon="4.3854400">
    <ele>-0.4</ele>
    <time>2021-05-18T15:13:26Z</time>
   </trkpt>
   <trkpt lat="51.9727240" lon="4.3854930">
    <ele>-0.5</ele>
    <time>2021-05-18T15:13:27Z</time>
   </trkpt>
   <trkpt lat="51.9725700" lon="4.3855960">
    <ele>-0.6</ele>
    <time>2021-05-18T15:13:30Z</time>
   </trkpt>
   <trkpt lat="51.9724150" lon="4.3856830">
    <ele>-0.5</ele>
    <time>2021-05-18T15:13:31Z</time>
   </trkpt>
   <trkpt lat="51.9723350" lon="4.3857290">
    <ele>-0.5</ele>
    <time>2021-05-18T15:13:32Z</time>
   </trkpt>
   <trkpt lat="51.9721690" lon="4.3857990">
    <ele>-0.6</ele>
    <time>2021-05-18T15:13:35Z</time>
   </trkpt>
   <trkpt lat="51.9719960" lon="4.3858280">
    <ele>-0.7</ele>
    <time>2021-05-18T15:13:36Z</time>
   </trkpt>
   <trkpt lat="51.9719080" lon="4.3858270">
    <ele>-0.7</ele>
    <time>2021-05-18T15:13:37Z</time>
   </trkpt>
   <trkpt lat="51.9718200" lon="4.3858340">
    <ele>-0.7</ele>
    <time>2021-05-18T15:13:39Z</time>
   </trkpt>
   <trkpt lat="51.9716540" lon="4.3859280">
    <ele>-0.7</ele>
    <time>2021-05-18T15:13:41Z</time>
   </trkpt>
   <trkpt lat="51.9715050" lon="4.3860830">
    <ele>-0.7</ele>
    <time>2021-05-18T15:13:42Z</time>
   </trkpt>
   <trkpt lat="51.9713600" lon="4.3862510">
    <ele>-0.7</ele>
    <time>2021-05-18T15:13:44Z</time>
   </trkpt>
   <trkpt lat="51.9712870" lon="4.3863330">
    <ele>-0.7</ele>
    <time>2021-05-18T15:13:45Z</time>
   </trkpt>
   <trkpt lat="51.9712130" lon="4.3864170">
    <ele>-0.7</ele>
    <time>2021-05-18T15:13:47Z</time>
   </trkpt>
   <trkpt lat="51.9710720" lon="4.3865830">
    <ele>-0.7</ele>
    <time>2021-05-18T15:13:48Z</time>
   </trkpt>
   <trkpt lat="51.9709200" lon="4.3867270">
    <ele>-0.7</ele>
    <time>2021-05-18T15:13:50Z</time>
   </trkpt>
   <trkpt lat="51.9707620" lon="4.3868490">
    <ele>-0.6</ele>
    <time>2021-05-18T15:13:52Z</time>
   </trkpt>
   <trkpt lat="51.9706800" lon="4.3869010">
    <ele>-0.6</ele>
    <time>2021-05-18T15:13:53Z</time>
   </trkpt>
   <trkpt lat="51.9704400" lon="4.3870420">
    <ele>-0.5</ele>
    <time>2021-05-18T15:13:56Z</time>
   </trkpt>
   <trkpt lat="51.9702860" lon="4.3871730">
    <ele>-0.5</ele>
    <time>2021-05-18T15:13:59Z</time>
   </trkpt>
   <trkpt lat="51.9701300" lon="4.3873050">
    <ele>-0.5</ele>
    <time>2021-05-18T15:14:01Z</time>
   </trkpt>
   <trkpt lat="51.9699810" lon="4.3874520">
    <ele>-0.4</ele>
    <time>2021-05-18T15:14:02Z</time>
   </trkpt>
   <trkpt lat="51.9699090" lon="4.3875290">
    <ele>-0.4</ele>
    <time>2021-05-18T15:14:04Z</time>
   </trkpt>
   <trkpt lat="51.9697620" lon="4.3876880">
    <ele>-0.3</ele>
    <time>2021-05-18T15:14:05Z</time>
   </trkpt>
   <trkpt lat="51.9696920" lon="4.3877650">
    <ele>-0.3</ele>
    <time>2021-05-18T15:14:06Z</time>
   </trkpt>
   <trkpt lat="51.9696140" lon="4.3878390">
    <ele>-0.2</ele>
    <time>2021-05-18T15:14:08Z</time>
   </trkpt>
   <trkpt lat="51.9694650" lon="4.3879670">
    <ele>-0.2</ele>
    <time>2021-05-18T15:14:09Z</time>
   </trkpt>
   <trkpt lat="51.9693120" lon="4.3880850">
    <ele>-0.2</ele>
    <time>2021-05-18T15:14:11Z</time>
   </trkpt>
   <trkpt lat="51.9692300" lon="4.3881380">
    <ele>-0.2</ele>
    <time>2021-05-18T15:14:12Z</time>
   </trkpt>
   <trkpt lat="51.9690720" lon="4.3882410">
    <ele>-0.2</ele>
    <time>2021-05-18T15:14:14Z</time>
   </trkpt>
   <trkpt lat="51.9689930" lon="4.3882930">
    <ele>-0.3</ele>
    <time>2021-05-18T15:14:15Z</time>
   </trkpt>
   <trkpt lat="51.9689160" lon="4.3883440">
    <ele>-0.3</ele>
    <time>2021-05-18T15:14:16Z</time>
   </trkpt>
   <trkpt lat="51.9687590" lon="4.3884450">
    <ele>-0.3</ele>
    <time>2021-05-18T15:14:18Z</time>
   </trkpt>
   <trkpt lat="51.9686040" lon="4.3885520">
    <ele>-0.2</ele>
    <time>2021-05-18T15:14:21Z</time>
   </trkpt>
   <trkpt lat="51.9684560" lon="4.3886600">
    <ele>-0.2</ele>
    <time>2021-05-18T15:14:22Z</time>
   </trkpt>
   <trkpt lat="51.9683830" lon="4.3887160">
    <ele>-0.2</ele>
    <time>2021-05-18T15:14:24Z</time>
   </trkpt>
   <trkpt lat="51.9681550" lon="4.3888850">
    <ele>-0.2</ele>
    <time>2021-05-18T15:14:26Z</time>
   </trkpt>
   <trkpt lat="51.9680760" lon="4.3889400">
    <ele>-0.2</ele>
    <time>2021-05-18T15:14:27Z</time>
   </trkpt>
   <trkpt lat="51.9679230" lon="4.3890540">
    <ele>-0.1</ele>
    <time>2021-05-18T15:14:29Z</time>
   </trkpt>
   <trkpt lat="51.9678490" lon="4.3891110">
    <ele>-0.1</ele>
    <time>2021-05-18T15:14:30Z</time>
   </trkpt>
   <trkpt lat="51.9677750" lon="4.3891680">
    <ele>-0.1</ele>
    <time>2021-05-18T15:14:31Z</time>
   </trkpt>
   <trkpt lat="51.9675480" lon="4.3893180">
    <ele>0.0</ele>
    <time>2021-05-18T15:14:34Z</time>
   </trkpt>
   <trkpt lat="51.9674700" lon="4.3893650">
    <ele>0.0</ele>
    <time>2021-05-18T15:14:35Z</time>
   </trkpt>
   <trkpt lat="51.9673140" lon="4.3894480">
    <ele>0.0</ele>
    <time>2021-05-18T15:14:38Z</time>
   </trkpt>
   <trkpt lat="51.9672370" lon="4.3894880">
    <ele>0.0</ele>
    <time>2021-05-18T15:14:39Z</time>
   </trkpt>
   <trkpt lat="51.9670870" lon="4.3895630">
    <ele>0.0</ele>
    <time>2021-05-18T15:14:40Z</time>
   </trkpt>
   <trkpt lat="51.9670100" lon="4.3896030">
    <ele>0.0</ele>
    <time>2021-05-18T15:14:41Z</time>
   </trkpt>
   <trkpt lat="51.9669310" lon="4.3896480">
    <ele>0.0</ele>
    <time>2021-05-18T15:14:43Z</time>
   </trkpt>
   <trkpt lat="51.9667820" lon="4.3897320">
    <ele>0.1</ele>
    <time>2021-05-18T15:14:45Z</time>
   </trkpt>
   <trkpt lat="51.9666320" lon="4.3898380">
    <ele>0.1</ele>
    <time>2021-05-18T15:14:46Z</time>
   </trkpt>
   <trkpt lat="51.9664880" lon="4.3899620">
    <ele>0.1</ele>
    <time>2021-05-18T15:14:48Z</time>
   </trkpt>
   <trkpt lat="51.9663430" lon="4.3900870">
    <ele>0.2</ele>
    <time>2021-05-18T15:14:51Z</time>
   </trkpt>
   <trkpt lat="51.9662700" lon="4.3901490">
    <ele>0.2</ele>
    <time>2021-05-18T15:14:52Z</time>
   </trkpt>
   <trkpt lat="51.9661970" lon="4.3902100">
    <ele>0.2</ele>
    <time>2021-05-18T15:14:53Z</time>
   </trkpt>
   <trkpt lat="51.9660540" lon="4.3903410">
    <ele>0.1</ele>
    <time>2021-05-18T15:14:54Z</time>
   </trkpt>
   <trkpt lat="51.9659840" lon="4.3904090">
    <ele>0.1</ele>
    <time>2021-05-18T15:14:55Z</time>
   </trkpt>
   <trkpt lat="51.9659150" lon="4.3904770">
    <ele>0.2</ele>
    <time>2021-05-18T15:14:56Z</time>
   </trkpt>
   <trkpt lat="51.9657650" lon="4.3906020">
    <ele>0.2</ele>
    <time>2021-05-18T15:14:59Z</time>
   </trkpt>
   <trkpt lat="51.9656260" lon="4.3907140">
    <ele>0.2</ele>
    <time>2021-05-18T15:15:00Z</time>
   </trkpt>
   <trkpt lat="51.9655540" lon="4.3907700">
    <ele>0.2</ele>
    <time>2021-05-18T15:15:01Z</time>
   </trkpt>
   <trkpt lat="51.9654120" lon="4.3908800">
    <ele>0.3</ele>
    <time>2021-05-18T15:15:03Z</time>
   </trkpt>
   <trkpt lat="51.9652700" lon="4.3909820">
    <ele>0.3</ele>
    <time>2021-05-18T15:15:05Z</time>
   </trkpt>
   <trkpt lat="51.9651300" lon="4.3910900">
    <ele>0.3</ele>
    <time>2021-05-18T15:15:07Z</time>
   </trkpt>
   <trkpt lat="51.9650620" lon="4.3911420">
    <ele>0.4</ele>
    <time>2021-05-18T15:15:08Z</time>
   </trkpt>
   <trkpt lat="51.9649230" lon="4.3912450">
    <ele>0.5</ele>
    <time>2021-05-18T15:15:11Z</time>
   </trkpt>
   <trkpt lat="51.9647790" lon="4.3913230">
    <ele>0.6</ele>
    <time>2021-05-18T15:15:12Z</time>
   </trkpt>
   <trkpt lat="51.9646400" lon="4.3913870">
    <ele>0.7</ele>
    <time>2021-05-18T15:15:14Z</time>
   </trkpt>
   <trkpt lat="51.9645730" lon="4.3914200">
    <ele>0.6</ele>
    <time>2021-05-18T15:15:15Z</time>
   </trkpt>
   <trkpt lat="51.9645010" lon="4.3914630">
    <ele>0.6</ele>
    <time>2021-05-18T15:15:17Z</time>
   </trkpt>
   <trkpt lat="51.9643650" lon="4.3915490">
    <ele>0.5</ele>
    <time>2021-05-18T15:15:18Z</time>
   </trkpt>
   <trkpt lat="51.9642950" lon="4.3916040">
    <ele>0.4</ele>
    <time>2021-05-18T15:15:19Z</time>
   </trkpt>
   <trkpt lat="51.9641620" lon="4.3917140">
    <ele>0.4</ele>
    <time>2021-05-18T15:15:21Z</time>
   </trkpt>
   <trkpt lat="51.9640180" lon="4.3918150">
    <ele>0.3</ele>
    <time>2021-05-18T15:15:23Z</time>
   </trkpt>
   <trkpt lat="51.9639460" lon="4.3918650">
    <ele>0.3</ele>
    <time>2021-05-18T15:15:24Z</time>
   </trkpt>
   <trkpt lat="51.9638730" lon="4.3919110">
    <ele>0.3</ele>
    <time>2021-05-18T15:15:26Z</time>
   </trkpt>
   <trkpt lat="51.9637300" lon="4.3919870">
    <ele>0.4</ele>
    <time>2021-05-18T15:15:27Z</time>
   </trkpt>
   <trkpt lat="51.9636600" lon="4.3920410">
    <ele>0.4</ele>
    <time>2021-05-18T15:15:29Z</time>
   </trkpt>
   <trkpt lat="51.9635320" lon="4.3921560">
    <ele>0.4</ele>
    <time>2021-05-18T15:15:30Z</time>
   </trkpt>
   <trkpt lat="51.9634690" lon="4.3922280">
    <ele>0.3</ele>
    <time>2021-05-18T15:15:31Z</time>
   </trkpt>
   <trkpt lat="51.9634040" lon="4.3923020">
    <ele>0.3</ele>
    <time>2021-05-18T15:15:32Z</time>
   </trkpt>
   <trkpt lat="51.9633340" lon="4.3923700">
    <ele>0.3</ele>
    <time>2021-05-18T15:15:33Z</time>
   </trkpt>
   <trkpt lat="51.9631870" lon="4.3924810">
    <ele>0.3</ele>
    <time>2021-05-18T15:15:35Z</time>
   </trkpt>
   <trkpt lat="51.9631130" lon="4.3925360">
    <ele>0.3</ele>
    <time>2021-05-18T15:15:36Z</time>
   </trkpt>
   <trkpt lat="51.9629670" lon="4.3926330">
    <ele>0.1</ele>
    <time>2021-05-18T15:15:38Z</time>
   </trkpt>
   <trkpt lat="51.9628940" lon="4.3926820">
    <ele>0.0</ele>
    <time>2021-05-18T15:15:40Z</time>
   </trkpt>
   <trkpt lat="51.9627500" lon="4.3927800">
    <ele>0.0</ele>
    <time>2021-05-18T15:15:41Z</time>
   </trkpt>
   <trkpt lat="51.9626780" lon="4.3928280">
    <ele>0.0</ele>
    <time>2021-05-18T15:15:42Z</time>
   </trkpt>
   <trkpt lat="51.9625360" lon="4.3929270">
    <ele>0.0</ele>
    <time>2021-05-18T15:15:44Z</time>
   </trkpt>
   <trkpt lat="51.9623980" lon="4.3930290">
    <ele>0.1</ele>
    <time>2021-05-18T15:15:46Z</time>
   </trkpt>
   <trkpt lat="51.9622590" lon="4.3931390">
    <ele>0.1</ele>
    <time>2021-05-18T15:15:48Z</time>
   </trkpt>
   <trkpt lat="51.9621900" lon="4.3931980">
    <ele>0.0</ele>
    <time>2021-05-18T15:15:49Z</time>
   </trkpt>
   <trkpt lat="51.9621190" lon="4.3932500">
    <ele>0.0</ele>
    <time>2021-05-18T15:15:51Z</time>
   </trkpt>
   <trkpt lat="51.9619830" lon="4.3933620">
    <ele>0.0</ele>
    <time>2021-05-18T15:15:53Z</time>
   </trkpt>
   <trkpt lat="51.9618460" lon="4.3934800">
    <ele>0.0</ele>
    <time>2021-05-18T15:15:54Z</time>
   </trkpt>
   <trkpt lat="51.9617760" lon="4.3935430">
    <ele>0.0</ele>
    <time>2021-05-18T15:15:55Z</time>
   </trkpt>
   <trkpt lat="51.9615720" lon="4.3937460">
    <ele>0.0</ele>
    <time>2021-05-18T15:15:58Z</time>
   </trkpt>
   <trkpt lat="51.9614350" lon="4.3938880">
    <ele>0.0</ele>
    <time>2021-05-18T15:16:00Z</time>
   </trkpt>
   <trkpt lat="51.9612980" lon="4.3940260">
    <ele>0.1</ele>
    <time>2021-05-18T15:16:02Z</time>
   </trkpt>
   <trkpt lat="51.9612280" lon="4.3940870">
    <ele>0.1</ele>
    <time>2021-05-18T15:16:03Z</time>
   </trkpt>
   <trkpt lat="51.9610880" lon="4.3942090">
    <ele>0.2</ele>
    <time>2021-05-18T15:16:05Z</time>
   </trkpt>
   <trkpt lat="51.9610100" lon="4.3942520">
    <ele>0.2</ele>
    <time>2021-05-18T15:16:06Z</time>
   </trkpt>
   <trkpt lat="51.9609330" lon="4.3942920">
    <ele>0.2</ele>
    <time>2021-05-18T15:16:07Z</time>
   </trkpt>
   <trkpt lat="51.9607750" lon="4.3943560">
    <ele>0.1</ele>
    <time>2021-05-18T15:16:09Z</time>
   </trkpt>
   <trkpt lat="51.9606930" lon="4.3943850">
    <ele>0.0</ele>
    <time>2021-05-18T15:16:11Z</time>
   </trkpt>
   <trkpt lat="51.9606070" lon="4.3944130">
    <ele>0.0</ele>
    <time>2021-05-18T15:16:12Z</time>
   </trkpt>
   <trkpt lat="51.9604510" lon="4.3944830">
    <ele>-0.1</ele>
    <time>2021-05-18T15:16:13Z</time>
   </trkpt>
   <trkpt lat="51.9603730" lon="4.3945330">
    <ele>-0.1</ele>
    <time>2021-05-18T15:16:14Z</time>
   </trkpt>
   <trkpt lat="51.9602960" lon="4.3945850">
    <ele>-0.2</ele>
    <time>2021-05-18T15:16:15Z</time>
   </trkpt>
   <trkpt lat="51.9601420" lon="4.3946950">
    <ele>-0.2</ele>
    <time>2021-05-18T15:16:18Z</time>
   </trkpt>
   <trkpt lat="51.9600610" lon="4.3947470">
    <ele>-0.2</ele>
    <time>2021-05-18T15:16:19Z</time>
   </trkpt>
   <trkpt lat="51.9599800" lon="4.3948040">
    <ele>-0.2</ele>
    <time>2021-05-18T15:16:20Z</time>
   </trkpt>
   <trkpt lat="51.9598990" lon="4.3948550">
    <ele>-0.2</ele>
    <time>2021-05-18T15:16:21Z</time>
   </trkpt>
   <trkpt lat="51.9597340" lon="4.3949630">
    <ele>-0.1</ele>
    <time>2021-05-18T15:16:22Z</time>
   </trkpt>
   <trkpt lat="51.9595850" lon="4.3950860">
    <ele>-0.1</ele>
    <time>2021-05-18T15:16:24Z</time>
   </trkpt>
   <trkpt lat="51.9595160" lon="4.3951540">
    <ele>0.0</ele>
    <time>2021-05-18T15:16:26Z</time>
   </trkpt>
   <trkpt lat="51.9593790" lon="4.3953050">
    <ele>0.0</ele>
    <time>2021-05-18T15:16:27Z</time>
   </trkpt>
   <trkpt lat="51.9593140" lon="4.3953910">
    <ele>0.1</ele>
    <time>2021-05-18T15:16:28Z</time>
   </trkpt>
   <trkpt lat="51.9591820" lon="4.3955640">
    <ele>0.2</ele>
    <time>2021-05-18T15:16:30Z</time>
   </trkpt>
   <trkpt lat="51.9590500" lon="4.3957190">
    <ele>0.2</ele>
    <time>2021-05-18T15:16:32Z</time>
   </trkpt>
   <trkpt lat="51.9589130" lon="4.3958490">
    <ele>0.2</ele>
    <time>2021-05-18T15:16:34Z</time>
   </trkpt>
   <trkpt lat="51.9588430" lon="4.3959090">
    <ele>0.1</ele>
    <time>2021-05-18T15:16:36Z</time>
   </trkpt>
   <trkpt lat="51.9587760" lon="4.3959700">
    <ele>0.1</ele>
    <time>2021-05-18T15:16:37Z</time>
   </trkpt>
   <trkpt lat="51.9586470" lon="4.3960940">
    <ele>-0.1</ele>
    <time>2021-05-18T15:16:38Z</time>
   </trkpt>
   <trkpt lat="51.9585890" lon="4.3961710">
    <ele>-0.2</ele>
    <time>2021-05-18T15:16:40Z</time>
   </trkpt>
   <trkpt lat="51.9584750" lon="4.3963170">
    <ele>-0.3</ele>
    <time>2021-05-18T15:16:42Z</time>
   </trkpt>
   <trkpt lat="51.9583720" lon="4.3964250">
    <ele>-0.4</ele>
    <time>2021-05-18T15:16:43Z</time>
   </trkpt>
   <trkpt lat="51.9583320" lon="4.3964490">
    <ele>-0.4</ele>
    <time>2021-05-18T15:16:45Z</time>
   </trkpt>
   <trkpt lat="51.9582880" lon="4.3964380">
    <ele>-0.4</ele>
    <time>2021-05-18T15:16:47Z</time>
   </trkpt>
   <trkpt lat="51.9582820" lon="4.3964290">
    <ele>-0.4</ele>
    <time>2021-05-18T15:16:48Z</time>
   </trkpt>
   <trkpt lat="51.9582830" lon="4.3964160">
    <ele>-0.4</ele>
    <time>2021-05-18T15:16:49Z</time>
   </trkpt>
   <trkpt lat="51.9582870" lon="4.3964110">
    <ele>-0.4</ele>
    <time>2021-05-18T15:16:50Z</time>
   </trkpt>
   <trkpt lat="51.9582900" lon="4.3964060">
    <ele>-0.4</ele>
    <time>2021-05-18T15:16:51Z</time>
   </trkpt>
   <trkpt lat="51.9582860" lon="4.3964020">
    <ele>-0.4</ele>
    <time>2021-05-18T15:16:53Z</time>
   </trkpt>
   <trkpt lat="51.9582800" lon="4.3963980">
    <ele>-0.4</ele>
    <time>2021-05-18T15:16:54Z</time>
   </trkpt>
   <trkpt lat="51.9582790" lon="4.3963930">
    <ele>-0.4</ele>
    <time>2021-05-18T15:16:55Z</time>
   </trkpt>
   <trkpt lat="51.9582890" lon="4.3963910">
    <ele>-0.4</ele>
    <time>2021-05-18T15:16:57Z</time>
   </trkpt>
   <trkpt lat="51.9582900" lon="4.3963950">
    <ele>-0.4</ele>
    <time>2021-05-18T15:16:59Z</time>
   </trkpt>
   <trkpt lat="51.9582910" lon="4.3963980">
    <ele>-0.4</ele>
    <time>2021-05-18T15:17:00Z</time>
   </trkpt>
   <trkpt lat="51.9582920" lon="4.3964020">
    <ele>-0.4</ele>
    <time>2021-05-18T15:17:03Z</time>
   </trkpt>
   <trkpt lat="51.9582940" lon="4.3964050">
    <ele>-0.4</ele>
    <time>2021-05-18T15:17:04Z</time>
   </trkpt>
   <trkpt lat="51.9582950" lon="4.3964090">
    <ele>-0.4</ele>
    <time>2021-05-18T15:17:05Z</time>
   </trkpt>
   <trkpt lat="51.9582960" lon="4.3964120">
    <ele>-0.4</ele>
    <time>2021-05-18T15:17:07Z</time>
   </trkpt>
   <trkpt lat="51.9582970" lon="4.3964160">
    <ele>-0.4</ele>
    <time>2021-05-18T15:18:24Z</time>
   </trkpt>
   <trkpt lat="51.9582980" lon="4.3964190">
    <ele>-0.4</ele>
    <time>2021-05-18T15:18:25Z</time>
   </trkpt>
   <trkpt lat="51.9583250" lon="4.3964050">
    <ele>-0.4</ele>
    <time>2021-05-18T15:18:26Z</time>
   </trkpt>
   <trkpt lat="51.9583610" lon="4.3963890">
    <ele>-0.4</ele>
    <time>2021-05-18T15:18:27Z</time>
   </trkpt>
   <trkpt lat="51.9584170" lon="4.3963460">
    <ele>-0.3</ele>
    <time>2021-05-18T15:18:29Z</time>
   </trkpt>
   <trkpt lat="51.9584590" lon="4.3963230">
    <ele>-0.3</ele>
    <time>2021-05-18T15:18:31Z</time>
   </trkpt>
   <trkpt lat="51.9585190" lon="4.3963110">
    <ele>-0.2</ele>
    <time>2021-05-18T15:18:33Z</time>
   </trkpt>
   <trkpt lat="51.9585700" lon="4.3962730">
    <ele>-0.2</ele>
    <time>2021-05-18T15:18:34Z</time>
   </trkpt>
   <trkpt lat="51.9586710" lon="4.3961680">
    <ele>-0.1</ele>
    <time>2021-05-18T15:18:36Z</time>
   </trkpt>
   <trkpt lat="51.9587470" lon="4.3960690">
    <ele>0.0</ele>
    <time>2021-05-18T15:18:37Z</time>
   </trkpt>
   <trkpt lat="51.9587960" lon="4.3960370">
    <ele>0.1</ele>
    <time>2021-05-18T15:18:38Z</time>
   </trkpt>
   <trkpt lat="51.9588440" lon="4.3960110">
    <ele>0.1</ele>
    <time>2021-05-18T15:18:39Z</time>
   </trkpt>
   <trkpt lat="51.9588970" lon="4.3959800">
    <ele>0.1</ele>
    <time>2021-05-18T15:18:40Z</time>
   </trkpt>
   <trkpt lat="51.9590100" lon="4.3958980">
    <ele>0.2</ele>
    <time>2021-05-18T15:18:42Z</time>
   </trkpt>
   <trkpt lat="51.9590600" lon="4.3958460">
    <ele>0.2</ele>
    <time>2021-05-18T15:18:43Z</time>
   </trkpt>
   <trkpt lat="51.9591130" lon="4.3957930">
    <ele>0.2</ele>
    <time>2021-05-18T15:18:45Z</time>
   </trkpt>
   <trkpt lat="51.9592170" lon="4.3956710">
    <ele>0.2</ele>
    <time>2021-05-18T15:18:46Z</time>
   </trkpt>
   <trkpt lat="51.9592640" lon="4.3956110">
    <ele>0.1</ele>
    <time>2021-05-18T15:18:47Z</time>
   </trkpt>
   <trkpt lat="51.9593090" lon="4.3955470">
    <ele>0.1</ele>
    <time>2021-05-18T15:18:48Z</time>
   </trkpt>
   <trkpt lat="51.9593970" lon="4.3954250">
    <ele>0.0</ele>
    <time>2021-05-18T15:18:50Z</time>
   </trkpt>
   <trkpt lat="51.9594440" lon="4.3953680">
    <ele>0.0</ele>
    <time>2021-05-18T15:18:51Z</time>
   </trkpt>
   <trkpt lat="51.9594950" lon="4.3953150">
    <ele>0.0</ele>
    <time>2021-05-18T15:18:52Z</time>
   </trkpt>
   <trkpt lat="51.9595510" lon="4.3952570">
    <ele>0.0</ele>
    <time>2021-05-18T15:18:54Z</time>
   </trkpt>
   <trkpt lat="51.9596660" lon="4.3951490">
    <ele>-0.1</ele>
    <time>2021-05-18T15:18:56Z</time>
   </trkpt>
   <trkpt lat="51.9597810" lon="4.3950660">
    <ele>-0.1</ele>
    <time>2021-05-18T15:18:57Z</time>
   </trkpt>
   <trkpt lat="51.9598390" lon="4.3950330">
    <ele>-0.2</ele>
    <time>2021-05-18T15:18:58Z</time>
   </trkpt>
   <trkpt lat="51.9599680" lon="4.3949630">
    <ele>-0.2</ele>
    <time>2021-05-18T15:19:00Z</time>
   </trkpt>
   <trkpt lat="51.9600880" lon="4.3948920">
    <ele>-0.2</ele>
    <time>2021-05-18T15:19:02Z</time>
   </trkpt>
   <trkpt lat="51.9602040" lon="4.3948370">
    <ele>-0.2</ele>
    <time>2021-05-18T15:19:04Z</time>
   </trkpt>
   <trkpt lat="51.9602710" lon="4.3948020">
    <ele>-0.2</ele>
    <time>2021-05-18T15:19:06Z</time>
   </trkpt>
   <trkpt lat="51.9603850" lon="4.3947420">
    <ele>-0.2</ele>
    <time>2021-05-18T15:19:07Z</time>
   </trkpt>
   <trkpt lat="51.9605120" lon="4.3946680">
    <ele>-0.1</ele>
    <time>2021-05-18T15:19:09Z</time>
   </trkpt>
   <trkpt lat="51.9605730" lon="4.3946330">
    <ele>-0.1</ele>
    <time>2021-05-18T15:19:11Z</time>
   </trkpt>
   <trkpt lat="51.9606950" lon="4.3945740">
    <ele>0.0</ele>
    <time>2021-05-18T15:19:12Z</time>
   </trkpt>
   <trkpt lat="51.9607980" lon="4.3945440">
    <ele>0.1</ele>
    <time>2021-05-18T15:19:14Z</time>
   </trkpt>
   <trkpt lat="51.9608530" lon="4.3945320">
    <ele>0.1</ele>
    <time>2021-05-18T15:19:15Z</time>
   </trkpt>
   <trkpt lat="51.9609190" lon="4.3945140">
    <ele>0.1</ele>
    <time>2021-05-18T15:19:17Z</time>
   </trkpt>
   <trkpt lat="51.9610460" lon="4.3944450">
    <ele>0.2</ele>
    <time>2021-05-18T15:19:18Z</time>
   </trkpt>
   <trkpt lat="51.9611640" lon="4.3943490">
    <ele>0.2</ele>
    <time>2021-05-18T15:19:20Z</time>
   </trkpt>
   <trkpt lat="51.9612250" lon="4.3942890">
    <ele>0.2</ele>
    <time>2021-05-18T15:19:21Z</time>
   </trkpt>
   <trkpt lat="51.9613190" lon="4.3941990">
    <ele>0.1</ele>
    <time>2021-05-18T15:19:23Z</time>
   </trkpt>
   <trkpt lat="51.9613720" lon="4.3941760">
    <ele>0.1</ele>
    <time>2021-05-18T15:19:24Z</time>
   </trkpt>
   <trkpt lat="51.9614540" lon="4.3940690">
    <ele>0.1</ele>
    <time>2021-05-18T15:19:26Z</time>
   </trkpt>
   <trkpt lat="51.9615010" lon="4.3940010">
    <ele>0.0</ele>
    <time>2021-05-18T15:19:27Z</time>
   </trkpt>
   <trkpt lat="51.9615960" lon="4.3939080">
    <ele>0.0</ele>
    <time>2021-05-18T15:19:29Z</time>
   </trkpt>
   <trkpt lat="51.9616500" lon="4.3938430">
    <ele>0.0</ele>
    <time>2021-05-18T15:19:30Z</time>
   </trkpt>
   <trkpt lat="51.9617690" lon="4.3937200">
    <ele>0.0</ele>
    <time>2021-05-18T15:19:32Z</time>
   </trkpt>
   <trkpt lat="51.9618300" lon="4.3936690">
    <ele>0.0</ele>
    <time>2021-05-18T15:19:33Z</time>
   </trkpt>
   <trkpt lat="51.9619560" lon="4.3935410">
    <ele>0.0</ele>
    <time>2021-05-18T15:19:35Z</time>
   </trkpt>
   <trkpt lat="51.9621370" lon="4.3934350">
    <ele>0.0</ele>
    <time>2021-05-18T15:19:37Z</time>
   </trkpt>
   <trkpt lat="51.9622930" lon="4.3933240">
    <ele>0.0</ele>
    <time>2021-05-18T15:19:39Z</time>
   </trkpt>
   <trkpt lat="51.9623600" lon="4.3932610">
    <ele>0.1</ele>
    <time>2021-05-18T15:19:41Z</time>
   </trkpt>
   <trkpt lat="51.9624850" lon="4.3931420">
    <ele>0.1</ele>
    <time>2021-05-18T15:19:43Z</time>
   </trkpt>
   <trkpt lat="51.9625530" lon="4.3930950">
    <ele>0.0</ele>
    <time>2021-05-18T15:19:44Z</time>
   </trkpt>
   <trkpt lat="51.9626170" lon="4.3930510">
    <ele>0.0</ele>
    <time>2021-05-18T15:19:45Z</time>
   </trkpt>
   <trkpt lat="51.9626860" lon="4.3930210">
    <ele>0.0</ele>
    <time>2021-05-18T15:19:46Z</time>
   </trkpt>
   <trkpt lat="51.9628300" lon="4.3929500">
    <ele>0.0</ele>
    <time>2021-05-18T15:19:47Z</time>
   </trkpt>
   <trkpt lat="51.9629020" lon="4.3929090">
    <ele>0.0</ele>
    <time>2021-05-18T15:19:48Z</time>
   </trkpt>
   <trkpt lat="51.9629700" lon="4.3928680">
    <ele>0.0</ele>
    <time>2021-05-18T15:19:49Z</time>
   </trkpt>
   <trkpt lat="51.9631020" lon="4.3928040">
    <ele>0.3</ele>
    <time>2021-05-18T15:19:51Z</time>
   </trkpt>
   <trkpt lat="51.9632390" lon="4.3927600">
    <ele>0.3</ele>
    <time>2021-05-18T15:19:54Z</time>
   </trkpt>
   <trkpt lat="51.9633080" lon="4.3927370">
    <ele>0.3</ele>
    <time>2021-05-18T15:19:55Z</time>
   </trkpt>
   <trkpt lat="51.9634300" lon="4.3926500">
    <ele>0.3</ele>
    <time>2021-05-18T15:19:56Z</time>
   </trkpt>
   <trkpt lat="51.9634890" lon="4.3926010">
    <ele>0.3</ele>
    <time>2021-05-18T15:19:57Z</time>
   </trkpt>
   <trkpt lat="51.9636030" lon="4.3925130">
    <ele>0.4</ele>
    <time>2021-05-18T15:19:59Z</time>
   </trkpt>
   <trkpt lat="51.9636510" lon="4.3924600">
    <ele>0.4</ele>
    <time>2021-05-18T15:20:01Z</time>
   </trkpt>
   <trkpt lat="51.9637640" lon="4.3923390">
    <ele>0.4</ele>
    <time>2021-05-18T15:20:03Z</time>
   </trkpt>
   <trkpt lat="51.9638750" lon="4.3922480">
    <ele>0.4</ele>
    <time>2021-05-18T15:20:04Z</time>
   </trkpt>
   <trkpt lat="51.9640050" lon="4.3921590">
    <ele>0.3</ele>
    <time>2021-05-18T15:20:06Z</time>
   </trkpt>
   <trkpt lat="51.9640740" lon="4.3921020">
    <ele>0.3</ele>
    <time>2021-05-18T15:20:07Z</time>
   </trkpt>
   <trkpt lat="51.9641350" lon="4.3920480">
    <ele>0.3</ele>
    <time>2021-05-18T15:20:09Z</time>
   </trkpt>
   <trkpt lat="51.9642370" lon="4.3919000">
    <ele>0.4</ele>
    <time>2021-05-18T15:20:11Z</time>
   </trkpt>
   <trkpt lat="51.9642930" lon="4.3918280">
    <ele>0.4</ele>
    <time>2021-05-18T15:20:12Z</time>
   </trkpt>
   <trkpt lat="51.9644320" lon="4.3917470">
    <ele>0.5</ele>
    <time>2021-05-18T15:20:13Z</time>
   </trkpt>
   <trkpt lat="51.9645030" lon="4.3917310">
    <ele>0.5</ele>
    <time>2021-05-18T15:20:14Z</time>
   </trkpt>
   <trkpt lat="51.9645760" lon="4.3917070">
    <ele>0.6</ele>
    <time>2021-05-18T15:20:15Z</time>
   </trkpt>
   <trkpt lat="51.9646460" lon="4.3916730">
    <ele>0.8</ele>
    <time>2021-05-18T15:20:16Z</time>
   </trkpt>
   <trkpt lat="51.9647140" lon="4.3916340">
    <ele>0.8</ele>
    <time>2021-05-18T15:20:18Z</time>
   </trkpt>
   <trkpt lat="51.9648440" lon="4.3915510">
    <ele>0.5</ele>
    <time>2021-05-18T15:20:19Z</time>
   </trkpt>
   <trkpt lat="51.9649070" lon="4.3914900">
    <ele>0.4</ele>
    <time>2021-05-18T15:20:21Z</time>
   </trkpt>
   <trkpt lat="51.9650350" lon="4.3913940">
    <ele>0.4</ele>
    <time>2021-05-18T15:20:23Z</time>
   </trkpt>
   <trkpt lat="51.9651740" lon="4.3913130">
    <ele>0.4</ele>
    <time>2021-05-18T15:20:24Z</time>
   </trkpt>
   <trkpt lat="51.9652390" lon="4.3912670">
    <ele>0.4</ele>
    <time>2021-05-18T15:20:26Z</time>
   </trkpt>
   <trkpt lat="51.9653580" lon="4.3911510">
    <ele>0.5</ele>
    <time>2021-05-18T15:20:28Z</time>
   </trkpt>
   <trkpt lat="51.9654910" lon="4.3910310">
    <ele>0.5</ele>
    <time>2021-05-18T15:20:29Z</time>
   </trkpt>
   <trkpt lat="51.9655510" lon="4.3909840">
    <ele>0.5</ele>
    <time>2021-05-18T15:20:31Z</time>
   </trkpt>
   <trkpt lat="51.9656800" lon="4.3908800">
    <ele>0.5</ele>
    <time>2021-05-18T15:20:33Z</time>
   </trkpt>
   <trkpt lat="51.9657980" lon="4.3907660">
    <ele>0.5</ele>
    <time>2021-05-18T15:20:35Z</time>
   </trkpt>
   <trkpt lat="51.9658590" lon="4.3907070">
    <ele>0.5</ele>
    <time>2021-05-18T15:20:36Z</time>
   </trkpt>
   <trkpt lat="51.9659250" lon="4.3906530">
    <ele>0.5</ele>
    <time>2021-05-18T15:20:37Z</time>
   </trkpt>
   <trkpt lat="51.9660490" lon="4.3905640">
    <ele>0.5</ele>
    <time>2021-05-18T15:20:38Z</time>
   </trkpt>
   <trkpt lat="51.9661060" lon="4.3904990">
    <ele>0.5</ele>
    <time>2021-05-18T15:20:39Z</time>
   </trkpt>
   <trkpt lat="51.9661810" lon="4.3904380">
    <ele>0.4</ele>
    <time>2021-05-18T15:20:41Z</time>
   </trkpt>
   <trkpt lat="51.9663020" lon="4.3903300">
    <ele>0.4</ele>
    <time>2021-05-18T15:20:43Z</time>
   </trkpt>
   <trkpt lat="51.9664250" lon="4.3902360">
    <ele>0.4</ele>
    <time>2021-05-18T15:20:45Z</time>
   </trkpt>
   <trkpt lat="51.9665510" lon="4.3901350">
    <ele>0.4</ele>
    <time>2021-05-18T15:20:46Z</time>
   </trkpt>
   <trkpt lat="51.9666110" lon="4.3900850">
    <ele>0.4</ele>
    <time>2021-05-18T15:20:48Z</time>
   </trkpt>
   <trkpt lat="51.9667420" lon="4.3899660">
    <ele>0.3</ele>
    <time>2021-05-18T15:20:49Z</time>
   </trkpt>
   <trkpt lat="51.9668750" lon="4.3898690">
    <ele>0.3</ele>
    <time>2021-05-18T15:20:52Z</time>
   </trkpt>
   <trkpt lat="51.9670090" lon="4.3897900">
    <ele>0.3</ele>
    <time>2021-05-18T15:20:54Z</time>
   </trkpt>
   <trkpt lat="51.9671430" lon="4.3897190">
    <ele>0.3</ele>
    <time>2021-05-18T15:20:55Z</time>
   </trkpt>
   <trkpt lat="51.9672710" lon="4.3896570">
    <ele>0.3</ele>
    <time>2021-05-18T15:20:57Z</time>
   </trkpt>
   <trkpt lat="51.9673370" lon="4.3896210">
    <ele>0.3</ele>
    <time>2021-05-18T15:20:58Z</time>
   </trkpt>
   <trkpt lat="51.9674040" lon="4.3895940">
    <ele>0.3</ele>
    <time>2021-05-18T15:21:00Z</time>
   </trkpt>
   <trkpt lat="51.9675370" lon="4.3895280">
    <ele>0.3</ele>
    <time>2021-05-18T15:21:01Z</time>
   </trkpt>
   <trkpt lat="51.9676090" lon="4.3894850">
    <ele>0.2</ele>
    <time>2021-05-18T15:21:02Z</time>
   </trkpt>
   <trkpt lat="51.9677440" lon="4.3894200">
    <ele>0.0</ele>
    <time>2021-05-18T15:21:04Z</time>
   </trkpt>
   <trkpt lat="51.9678080" lon="4.3893790">
    <ele>-0.1</ele>
    <time>2021-05-18T15:21:06Z</time>
   </trkpt>
   <trkpt lat="51.9679310" lon="4.3892810">
    <ele>-0.2</ele>
    <time>2021-05-18T15:21:08Z</time>
   </trkpt>
   <trkpt lat="51.9680530" lon="4.3891770">
    <ele>-0.3</ele>
    <time>2021-05-18T15:21:09Z</time>
   </trkpt>
   <trkpt lat="51.9681590" lon="4.3890750">
    <ele>-0.4</ele>
    <time>2021-05-18T15:21:11Z</time>
   </trkpt>
   <trkpt lat="51.9682160" lon="4.3890190">
    <ele>-0.5</ele>
    <time>2021-05-18T15:21:12Z</time>
   </trkpt>
   <trkpt lat="51.9683400" lon="4.3889110">
    <ele>-0.5</ele>
    <time>2021-05-18T15:21:14Z</time>
   </trkpt>
   <trkpt lat="51.9684730" lon="4.3888110">
    <ele>-0.6</ele>
    <time>2021-05-18T15:21:16Z</time>
   </trkpt>
   <trkpt lat="51.9685430" lon="4.3887620">
    <ele>-0.6</ele>
    <time>2021-05-18T15:21:17Z</time>
   </trkpt>
   <trkpt lat="51.9686100" lon="4.3887200">
    <ele>-0.6</ele>
    <time>2021-05-18T15:21:19Z</time>
   </trkpt>
   <trkpt lat="51.9687410" lon="4.3886280">
    <ele>-0.6</ele>
    <time>2021-05-18T15:21:20Z</time>
   </trkpt>
   <trkpt lat="51.9688130" lon="4.3885800">
    <ele>-0.6</ele>
    <time>2021-05-18T15:21:22Z</time>
   </trkpt>
   <trkpt lat="51.9689400" lon="4.3884840">
    <ele>-0.6</ele>
    <time>2021-05-18T15:21:24Z</time>
   </trkpt>
   <trkpt lat="51.9690750" lon="4.3883970">
    <ele>-0.6</ele>
    <time>2021-05-18T15:21:25Z</time>
   </trkpt>
   <trkpt lat="51.9691390" lon="4.3883550">
    <ele>-0.6</ele>
    <time>2021-05-18T15:21:26Z</time>
   </trkpt>
   <trkpt lat="51.9691950" lon="4.3883150">
    <ele>-0.6</ele>
    <time>2021-05-18T15:21:27Z</time>
   </trkpt>
   <trkpt lat="51.9693170" lon="4.3882240">
    <ele>-0.6</ele>
    <time>2021-05-18T15:21:30Z</time>
   </trkpt>
   <trkpt lat="51.9694470" lon="4.3881480">
    <ele>-0.6</ele>
    <time>2021-05-18T15:21:31Z</time>
   </trkpt>
   <trkpt lat="51.9695130" lon="4.3881050">
    <ele>-0.6</ele>
    <time>2021-05-18T15:21:33Z</time>
   </trkpt>
   <trkpt lat="51.9696320" lon="4.3880140">
    <ele>-0.6</ele>
    <time>2021-05-18T15:21:34Z</time>
   </trkpt>
   <trkpt lat="51.9697480" lon="4.3878980">
    <ele>-0.6</ele>
    <time>2021-05-18T15:21:36Z</time>
   </trkpt>
   <trkpt lat="51.9698110" lon="4.3878420">
    <ele>-0.7</ele>
    <time>2021-05-18T15:21:37Z</time>
   </trkpt>
   <trkpt lat="51.9698770" lon="4.3877800">
    <ele>-0.7</ele>
    <time>2021-05-18T15:21:39Z</time>
   </trkpt>
   <trkpt lat="51.9699950" lon="4.3876510">
    <ele>-0.7</ele>
    <time>2021-05-18T15:21:40Z</time>
   </trkpt>
   <trkpt lat="51.9701200" lon="4.3875240">
    <ele>-0.7</ele>
    <time>2021-05-18T15:21:42Z</time>
   </trkpt>
   <trkpt lat="51.9701810" lon="4.3874540">
    <ele>-0.7</ele>
    <time>2021-05-18T15:21:43Z</time>
   </trkpt>
   <trkpt lat="51.9702410" lon="4.3873960">
    <ele>-0.7</ele>
    <time>2021-05-18T15:21:45Z</time>
   </trkpt>
   <trkpt lat="51.9703530" lon="4.3872830">
    <ele>-0.7</ele>
    <time>2021-05-18T15:21:46Z</time>
   </trkpt>
   <trkpt lat="51.9704660" lon="4.3871430">
    <ele>-0.7</ele>
    <time>2021-05-18T15:21:48Z</time>
   </trkpt>
   <trkpt lat="51.9705240" lon="4.3870970">
    <ele>-0.7</ele>
    <time>2021-05-18T15:21:49Z</time>
   </trkpt>
   <trkpt lat="51.9705840" lon="4.3870540">
    <ele>-0.7</ele>
    <time>2021-05-18T15:21:50Z</time>
   </trkpt>
   <trkpt lat="51.9707080" lon="4.3869750">
    <ele>-0.8</ele>
    <time>2021-05-18T15:21:52Z</time>
   </trkpt>
   <trkpt lat="51.9707660" lon="4.3869440">
    <ele>-0.8</ele>
    <time>2021-05-18T15:21:53Z</time>
   </trkpt>
   <trkpt lat="51.9708280" lon="4.3869080">
    <ele>-0.8</ele>
    <time>2021-05-18T15:21:54Z</time>
   </trkpt>
   <trkpt lat="51.9708830" lon="4.3868670">
    <ele>-0.8</ele>
    <time>2021-05-18T15:21:55Z</time>
   </trkpt>
   <trkpt lat="51.9709870" lon="4.3867740">
    <ele>-0.8</ele>
    <time>2021-05-18T15:21:57Z</time>
   </trkpt>
   <trkpt lat="51.9710400" lon="4.3867290">
    <ele>-0.8</ele>
    <time>2021-05-18T15:21:58Z</time>
   </trkpt>
   <trkpt lat="51.9711520" lon="4.3866250">
    <ele>-0.8</ele>
    <time>2021-05-18T15:22:00Z</time>
   </trkpt>
   <trkpt lat="51.9712050" lon="4.3865660">
    <ele>-0.8</ele>
    <time>2021-05-18T15:22:01Z</time>
   </trkpt>
   <trkpt lat="51.9713190" lon="4.3864220">
    <ele>-0.8</ele>
    <time>2021-05-18T15:22:04Z</time>
   </trkpt>
   <trkpt lat="51.9714850" lon="4.3862160">
    <ele>-0.8</ele>
    <time>2021-05-18T15:22:06Z</time>
   </trkpt>
   <trkpt lat="51.9715960" lon="4.3860880">
    <ele>-0.8</ele>
    <time>2021-05-18T15:22:08Z</time>
   </trkpt>
   <trkpt lat="51.9717130" lon="4.3859690">
    <ele>-0.8</ele>
    <time>2021-05-18T15:22:10Z</time>
   </trkpt>
   <trkpt lat="51.9718510" lon="4.3859060">
    <ele>-0.9</ele>
    <time>2021-05-18T15:22:12Z</time>
   </trkpt>
   <trkpt lat="51.9720590" lon="4.3859010">
    <ele>-0.8</ele>
    <time>2021-05-18T15:22:15Z</time>
   </trkpt>
   <trkpt lat="51.9721820" lon="4.3858830">
    <ele>-0.6</ele>
    <time>2021-05-18T15:22:17Z</time>
   </trkpt>
   <trkpt lat="51.9722490" lon="4.3858610">
    <ele>-0.5</ele>
    <time>2021-05-18T15:22:18Z</time>
   </trkpt>
   <trkpt lat="51.9723090" lon="4.3858310">
    <ele>-0.4</ele>
    <time>2021-05-18T15:22:20Z</time>
   </trkpt>
   <trkpt lat="51.9723710" lon="4.3858050">
    <ele>-0.2</ele>
    <time>2021-05-18T15:22:21Z</time>
   </trkpt>
   <trkpt lat="51.9725050" lon="4.3857560">
    <ele>-0.1</ele>
    <time>2021-05-18T15:22:23Z</time>
   </trkpt>
   <trkpt lat="51.9725660" lon="4.3857150">
    <ele>-0.1</ele>
    <time>2021-05-18T15:22:24Z</time>
   </trkpt>
   <trkpt lat="51.9726270" lon="4.3856720">
    <ele>-0.1</ele>
    <time>2021-05-18T15:22:25Z</time>
   </trkpt>
   <trkpt lat="51.9726890" lon="4.3856430">
    <ele>-0.1</ele>
    <time>2021-05-18T15:22:26Z</time>
   </trkpt>
   <trkpt lat="51.9728160" lon="4.3855740">
    <ele>-0.1</ele>
    <time>2021-05-18T15:22:27Z</time>
   </trkpt>
   <trkpt lat="51.9728860" lon="4.3855310">
    <ele>-0.1</ele>
    <time>2021-05-18T15:22:29Z</time>
   </trkpt>
   <trkpt lat="51.9730070" lon="4.3854320">
    <ele>-0.1</ele>
    <time>2021-05-18T15:22:30Z</time>
   </trkpt>
   <trkpt lat="51.9730700" lon="4.3853840">
    <ele>-0.1</ele>
    <time>2021-05-18T15:22:31Z</time>
   </trkpt>
   <trkpt lat="51.9731320" lon="4.3853310">
    <ele>-0.1</ele>
    <time>2021-05-18T15:22:32Z</time>
   </trkpt>
   <trkpt lat="51.9732500" lon="4.3852230">
    <ele>-0.1</ele>
    <time>2021-05-18T15:22:34Z</time>
   </trkpt>
   <trkpt lat="51.9733100" lon="4.3851630">
    <ele>0.0</ele>
    <time>2021-05-18T15:22:35Z</time>
   </trkpt>
   <trkpt lat="51.9734230" lon="4.3850620">
    <ele>0.2</ele>
    <time>2021-05-18T15:22:37Z</time>
   </trkpt>
   <trkpt lat="51.9734790" lon="4.3850090">
    <ele>0.3</ele>
    <time>2021-05-18T15:22:38Z</time>
   </trkpt>
   <trkpt lat="51.9735830" lon="4.3848940">
    <ele>0.4</ele>
    <time>2021-05-18T15:22:41Z</time>
   </trkpt>
   <trkpt lat="51.9737730" lon="4.3847560">
    <ele>0.5</ele>
    <time>2021-05-18T15:22:43Z</time>
   </trkpt>
   <trkpt lat="51.9738390" lon="4.3847040">
    <ele>0.5</ele>
    <time>2021-05-18T15:22:45Z</time>
   </trkpt>
   <trkpt lat="51.9739750" lon="4.3846000">
    <ele>0.5</ele>
    <time>2021-05-18T15:22:46Z</time>
   </trkpt>
   <trkpt lat="51.9740480" lon="4.3845450">
    <ele>0.5</ele>
    <time>2021-05-18T15:22:48Z</time>
   </trkpt>
   <trkpt lat="51.9741810" lon="4.3844460">
    <ele>0.4</ele>
    <time>2021-05-18T15:22:49Z</time>
   </trkpt>
   <trkpt lat="51.9743100" lon="4.3843590">
    <ele>0.4</ele>
    <time>2021-05-18T15:22:51Z</time>
   </trkpt>
   <trkpt lat="51.9744960" lon="4.3842550">
    <ele>0.3</ele>
    <time>2021-05-18T15:22:54Z</time>
   </trkpt>
   <trkpt lat="51.9745610" lon="4.3842160">
    <ele>0.3</ele>
    <time>2021-05-18T15:22:55Z</time>
   </trkpt>
   <trkpt lat="51.9746870" lon="4.3841350">
    <ele>0.2</ele>
    <time>2021-05-18T15:22:57Z</time>
   </trkpt>
   <trkpt lat="51.9748120" lon="4.3840050">
    <ele>0.1</ele>
    <time>2021-05-18T15:23:00Z</time>
   </trkpt>
   <trkpt lat="51.9749330" lon="4.3838940">
    <ele>0.0</ele>
    <time>2021-05-18T15:23:01Z</time>
   </trkpt>
   <trkpt lat="51.9750680" lon="4.3838010">
    <ele>0.0</ele>
    <time>2021-05-18T15:23:03Z</time>
   </trkpt>
   <trkpt lat="51.9751330" lon="4.3837520">
    <ele>0.0</ele>
    <time>2021-05-18T15:23:04Z</time>
   </trkpt>
   <trkpt lat="51.9751970" lon="4.3837020">
    <ele>0.0</ele>
    <time>2021-05-18T15:23:06Z</time>
   </trkpt>
   <trkpt lat="51.9753220" lon="4.3836080">
    <ele>0.1</ele>
    <time>2021-05-18T15:23:07Z</time>
   </trkpt>
   <trkpt lat="51.9755310" lon="4.3834900">
    <ele>0.2</ele>
    <time>2021-05-18T15:23:10Z</time>
   </trkpt>
   <trkpt lat="51.9756030" lon="4.3834600">
    <ele>0.2</ele>
    <time>2021-05-18T15:23:12Z</time>
   </trkpt>
   <trkpt lat="51.9757280" lon="4.3833750">
    <ele>0.3</ele>
    <time>2021-05-18T15:23:13Z</time>
   </trkpt>
   <trkpt lat="51.9757940" lon="4.3833300">
    <ele>0.4</ele>
    <time>2021-05-18T15:23:15Z</time>
   </trkpt>
   <trkpt lat="51.9758530" lon="4.3832830">
    <ele>0.4</ele>
    <time>2021-05-18T15:23:16Z</time>
   </trkpt>
   <trkpt lat="51.9759650" lon="4.3832020">
    <ele>0.3</ele>
    <time>2021-05-18T15:23:17Z</time>
   </trkpt>
   <trkpt lat="51.9760260" lon="4.3831630">
    <ele>0.3</ele>
    <time>2021-05-18T15:23:18Z</time>
   </trkpt>
   <trkpt lat="51.9761520" lon="4.3830930">
    <ele>0.3</ele>
    <time>2021-05-18T15:23:20Z</time>
   </trkpt>
   <trkpt lat="51.9762150" lon="4.3830510">
    <ele>0.3</ele>
    <time>2021-05-18T15:23:21Z</time>
   </trkpt>
   <trkpt lat="51.9762770" lon="4.3830050">
    <ele>0.3</ele>
    <time>2021-05-18T15:23:23Z</time>
   </trkpt>
   <trkpt lat="51.9763400" lon="4.3829570">
    <ele>0.3</ele>
    <time>2021-05-18T15:23:24Z</time>
   </trkpt>
   <trkpt lat="51.9764000" lon="4.3829180">
    <ele>0.3</ele>
    <time>2021-05-18T15:23:25Z</time>
   </trkpt>
   <trkpt lat="51.9764620" lon="4.3828670">
    <ele>0.3</ele>
    <time>2021-05-18T15:23:26Z</time>
   </trkpt>
   <trkpt lat="51.9765700" lon="4.3827710">
    <ele>0.3</ele>
    <time>2021-05-18T15:23:28Z</time>
   </trkpt>
   <trkpt lat="51.9766780" lon="4.3826460">
    <ele>0.3</ele>
    <time>2021-05-18T15:23:29Z</time>
   </trkpt>
   <trkpt lat="51.9768450" lon="4.3824500">
    <ele>0.3</ele>
    <time>2021-05-18T15:23:32Z</time>
   </trkpt>
   <trkpt lat="51.9769590" lon="4.3823390">
    <ele>0.3</ele>
    <time>2021-05-18T15:23:34Z</time>
   </trkpt>
   <trkpt lat="51.9770270" lon="4.3822950">
    <ele>0.3</ele>
    <time>2021-05-18T15:23:35Z</time>
   </trkpt>
   <trkpt lat="51.9770910" lon="4.3822590">
    <ele>0.3</ele>
    <time>2021-05-18T15:23:36Z</time>
   </trkpt>
   <trkpt lat="51.9772230" lon="4.3821820">
    <ele>0.3</ele>
    <time>2021-05-18T15:23:39Z</time>
   </trkpt>
   <trkpt lat="51.9772870" lon="4.3821450">
    <ele>0.2</ele>
    <time>2021-05-18T15:23:40Z</time>
   </trkpt>
   <trkpt lat="51.9773470" lon="4.3820950">
    <ele>0.2</ele>
    <time>2021-05-18T15:23:41Z</time>
   </trkpt>
   <trkpt lat="51.9774800" lon="4.3820130">
    <ele>0.2</ele>
    <time>2021-05-18T15:23:42Z</time>
   </trkpt>
   <trkpt lat="51.9776130" lon="4.3819480">
    <ele>0.2</ele>
    <time>2021-05-18T15:23:44Z</time>
   </trkpt>
   <trkpt lat="51.9776760" lon="4.3818960">
    <ele>0.2</ele>
    <time>2021-05-18T15:23:45Z</time>
   </trkpt>
   <trkpt lat="51.9778080" lon="4.3818020">
    <ele>0.2</ele>
    <time>2021-05-18T15:23:47Z</time>
   </trkpt>
   <trkpt lat="51.9778780" lon="4.3817560">
    <ele>0.2</ele>
    <time>2021-05-18T15:23:49Z</time>
   </trkpt>
   <trkpt lat="51.9779520" lon="4.3817060">
    <ele>0.2</ele>
    <time>2021-05-18T15:23:50Z</time>
   </trkpt>
   <trkpt lat="51.9780850" lon="4.3816130">
    <ele>0.2</ele>
    <time>2021-05-18T15:23:51Z</time>
   </trkpt>
   <trkpt lat="51.9781430" lon="4.3815540">
    <ele>0.2</ele>
    <time>2021-05-18T15:23:52Z</time>
   </trkpt>
   <trkpt lat="51.9782090" lon="4.3814840">
    <ele>0.2</ele>
    <time>2021-05-18T15:23:54Z</time>
   </trkpt>
   <trkpt lat="51.9783200" lon="4.3813600">
    <ele>0.2</ele>
    <time>2021-05-18T15:23:56Z</time>
   </trkpt>
   <trkpt lat="51.9784350" lon="4.3812550">
    <ele>0.2</ele>
    <time>2021-05-18T15:23:57Z</time>
   </trkpt>
   <trkpt lat="51.9784920" lon="4.3812040">
    <ele>0.2</ele>
    <time>2021-05-18T15:23:59Z</time>
   </trkpt>
   <trkpt lat="51.9785500" lon="4.3811520">
    <ele>0.2</ele>
    <time>2021-05-18T15:24:00Z</time>
   </trkpt>
   <trkpt lat="51.9786780" lon="4.3810410">
    <ele>0.2</ele>
    <time>2021-05-18T15:24:02Z</time>
   </trkpt>
   <trkpt lat="51.9787880" lon="4.3809220">
    <ele>0.2</ele>
    <time>2021-05-18T15:24:04Z</time>
   </trkpt>
   <trkpt lat="51.9789150" lon="4.3808240">
    <ele>0.2</ele>
    <time>2021-05-18T15:24:05Z</time>
   </trkpt>
   <trkpt lat="51.9789820" lon="4.3807750">
    <ele>0.3</ele>
    <time>2021-05-18T15:24:06Z</time>
   </trkpt>
   <trkpt lat="51.9790430" lon="4.3807210">
    <ele>0.4</ele>
    <time>2021-05-18T15:24:07Z</time>
   </trkpt>
   <trkpt lat="51.9791720" lon="4.3806160">
    <ele>0.5</ele>
    <time>2021-05-18T15:24:09Z</time>
   </trkpt>
   <trkpt lat="51.9792360" lon="4.3805580">
    <ele>0.6</ele>
    <time>2021-05-18T15:24:10Z</time>
   </trkpt>
   <trkpt lat="51.9792900" lon="4.3805000">
    <ele>0.6</ele>
    <time>2021-05-18T15:24:11Z</time>
   </trkpt>
   <trkpt lat="51.9793390" lon="4.3804400">
    <ele>0.7</ele>
    <time>2021-05-18T15:24:13Z</time>
   </trkpt>
   <trkpt lat="51.9794410" lon="4.3803140">
    <ele>0.7</ele>
    <time>2021-05-18T15:24:15Z</time>
   </trkpt>
   <trkpt lat="51.9795440" lon="4.3801960">
    <ele>0.8</ele>
    <time>2021-05-18T15:24:16Z</time>
   </trkpt>
   <trkpt lat="51.9796050" lon="4.3801330">
    <ele>0.8</ele>
    <time>2021-05-18T15:24:18Z</time>
   </trkpt>
   <trkpt lat="51.9797250" lon="4.3800210">
    <ele>0.8</ele>
    <time>2021-05-18T15:24:19Z</time>
   </trkpt>
   <trkpt lat="51.9797790" lon="4.3799550">
    <ele>0.8</ele>
    <time>2021-05-18T15:24:20Z</time>
   </trkpt>
   <trkpt lat="51.9798370" lon="4.3798930">
    <ele>0.8</ele>
    <time>2021-05-18T15:24:21Z</time>
   </trkpt>
   <trkpt lat="51.9799020" lon="4.3798520">
    <ele>0.8</ele>
    <time>2021-05-18T15:24:22Z</time>
   </trkpt>
   <trkpt lat="51.9799650" lon="4.3797960">
    <ele>0.8</ele>
    <time>2021-05-18T15:24:24Z</time>
   </trkpt>
   <trkpt lat="51.9800790" lon="4.3796980">
    <ele>0.8</ele>
    <time>2021-05-18T15:24:26Z</time>
   </trkpt>
   <trkpt lat="51.9801340" lon="4.3796470">
    <ele>0.8</ele>
    <time>2021-05-18T15:24:27Z</time>
   </trkpt>
   <trkpt lat="51.9802620" lon="4.3795690">
    <ele>0.8</ele>
    <time>2021-05-18T15:24:28Z</time>
   </trkpt>
   <trkpt lat="51.9803350" lon="4.3795340">
    <ele>0.8</ele>
    <time>2021-05-18T15:24:29Z</time>
   </trkpt>
   <trkpt lat="51.9804610" lon="4.3794380">
    <ele>0.8</ele>
    <time>2021-05-18T15:24:31Z</time>
   </trkpt>
   <trkpt lat="51.9805230" lon="4.3793900">
    <ele>0.7</ele>
    <time>2021-05-18T15:24:32Z</time>
   </trkpt>
   <trkpt lat="51.9806500" lon="4.3792950">
    <ele>0.7</ele>
    <time>2021-05-18T15:24:35Z</time>
   </trkpt>
   <trkpt lat="51.9807600" lon="4.3791990">
    <ele>0.7</ele>
    <time>2021-05-18T15:24:36Z</time>
   </trkpt>
   <trkpt lat="51.9808110" lon="4.3791570">
    <ele>0.7</ele>
    <time>2021-05-18T15:24:37Z</time>
   </trkpt>
   <trkpt lat="51.9809340" lon="4.3790540">
    <ele>0.7</ele>
    <time>2021-05-18T15:24:39Z</time>
   </trkpt>
   <trkpt lat="51.9810600" lon="4.3789420">
    <ele>0.7</ele>
    <time>2021-05-18T15:24:41Z</time>
   </trkpt>
   <trkpt lat="51.9811880" lon="4.3788310">
    <ele>0.7</ele>
    <time>2021-05-18T15:24:43Z</time>
   </trkpt>
   <trkpt lat="51.9813120" lon="4.3787300">
    <ele>0.7</ele>
    <time>2021-05-18T15:24:45Z</time>
   </trkpt>
   <trkpt lat="51.9813790" lon="4.3786720">
    <ele>0.7</ele>
    <time>2021-05-18T15:24:47Z</time>
   </trkpt>
   <trkpt lat="51.9814920" lon="4.3785850">
    <ele>0.6</ele>
    <time>2021-05-18T15:24:48Z</time>
   </trkpt>
   <trkpt lat="51.9816600" lon="4.3784010">
    <ele>0.6</ele>
    <time>2021-05-18T15:24:51Z</time>
   </trkpt>
   <trkpt lat="51.9817920" lon="4.3782930">
    <ele>0.6</ele>
    <time>2021-05-18T15:24:53Z</time>
   </trkpt>
   <trkpt lat="51.9818530" lon="4.3782400">
    <ele>0.6</ele>
    <time>2021-05-18T15:24:55Z</time>
   </trkpt>
   <trkpt lat="51.9819740" lon="4.3781460">
    <ele>0.6</ele>
    <time>2021-05-18T15:24:57Z</time>
   </trkpt>
   <trkpt lat="51.9820360" lon="4.3781080">
    <ele>0.6</ele>
    <time>2021-05-18T15:24:58Z</time>
   </trkpt>
   <trkpt lat="51.9821580" lon="4.3780280">
    <ele>0.6</ele>
    <time>2021-05-18T15:25:00Z</time>
   </trkpt>
   <trkpt lat="51.9822880" lon="4.3779350">
    <ele>0.6</ele>
    <time>2021-05-18T15:25:01Z</time>
   </trkpt>
   <trkpt lat="51.9823370" lon="4.3778910">
    <ele>0.6</ele>
    <time>2021-05-18T15:25:02Z</time>
   </trkpt>
   <trkpt lat="51.9823900" lon="4.3778460">
    <ele>0.6</ele>
    <time>2021-05-18T15:25:03Z</time>
   </trkpt>
   <trkpt lat="51.9824480" lon="4.3777990">
    <ele>0.6</ele>
    <time>2021-05-18T15:25:05Z</time>
   </trkpt>
   <trkpt lat="51.9825630" lon="4.3777350">
    <ele>0.6</ele>
    <time>2021-05-18T15:25:06Z</time>
   </trkpt>
   <trkpt lat="51.9826220" lon="4.3776960">
    <ele>0.6</ele>
    <time>2021-05-18T15:25:08Z</time>
   </trkpt>
   <trkpt lat="51.9827410" lon="4.3776130">
    <ele>0.6</ele>
    <time>2021-05-18T15:25:09Z</time>
   </trkpt>
   <trkpt lat="51.9827940" lon="4.3775440">
    <ele>0.6</ele>
    <time>2021-05-18T15:25:11Z</time>
   </trkpt>
   <trkpt lat="51.9829000" lon="4.3774180">
    <ele>0.6</ele>
    <time>2021-05-18T15:25:13Z</time>
   </trkpt>
   <trkpt lat="51.9830170" lon="4.3773630">
    <ele>0.5</ele>
    <time>2021-05-18T15:25:15Z</time>
   </trkpt>
   <trkpt lat="51.9830860" lon="4.3773290">
    <ele>0.5</ele>
    <time>2021-05-18T15:25:16Z</time>
   </trkpt>
   <trkpt lat="51.9831470" lon="4.3772850">
    <ele>0.5</ele>
    <time>2021-05-18T15:25:17Z</time>
   </trkpt>
   <trkpt lat="51.9832560" lon="4.3771910">
    <ele>0.4</ele>
    <time>2021-05-18T15:25:18Z</time>
   </trkpt>
   <trkpt lat="51.9833670" lon="4.3770980">
    <ele>0.4</ele>
    <time>2021-05-18T15:25:20Z</time>
   </trkpt>
   <trkpt lat="51.9834230" lon="4.3770410">
    <ele>0.5</ele>
    <time>2021-05-18T15:25:21Z</time>
   </trkpt>
   <trkpt lat="51.9834840" lon="4.3769840">
    <ele>0.5</ele>
    <time>2021-05-18T15:25:23Z</time>
   </trkpt>
   <trkpt lat="51.9835980" lon="4.3768860">
    <ele>0.5</ele>
    <time>2021-05-18T15:25:25Z</time>
   </trkpt>
   <trkpt lat="51.9837160" lon="4.3767840">
    <ele>0.5</ele>
    <time>2021-05-18T15:25:26Z</time>
   </trkpt>
   <trkpt lat="51.9838290" lon="4.3766650">
    <ele>0.5</ele>
    <time>2021-05-18T15:25:29Z</time>
   </trkpt>
   <trkpt lat="51.9838800" lon="4.3766080">
    <ele>0.5</ele>
    <time>2021-05-18T15:25:30Z</time>
   </trkpt>
   <trkpt lat="51.9840000" lon="4.3764900">
    <ele>0.4</ele>
    <time>2021-05-18T15:25:31Z</time>
   </trkpt>
   <trkpt lat="51.9841250" lon="4.3763800">
    <ele>0.5</ele>
    <time>2021-05-18T15:25:34Z</time>
   </trkpt>
   <trkpt lat="51.9842530" lon="4.3762950">
    <ele>0.5</ele>
    <time>2021-05-18T15:25:36Z</time>
   </trkpt>
   <trkpt lat="51.9843780" lon="4.3762000">
    <ele>0.5</ele>
    <time>2021-05-18T15:25:37Z</time>
   </trkpt>
   <trkpt lat="51.9844430" lon="4.3761610">
    <ele>0.5</ele>
    <time>2021-05-18T15:25:39Z</time>
   </trkpt>
   <trkpt lat="51.9845700" lon="4.3760700">
    <ele>0.5</ele>
    <time>2021-05-18T15:25:41Z</time>
   </trkpt>
   <trkpt lat="51.9846940" lon="4.3759640">
    <ele>0.5</ele>
    <time>2021-05-18T15:25:43Z</time>
   </trkpt>
   <trkpt lat="51.9848200" lon="4.3758650">
    <ele>0.5</ele>
    <time>2021-05-18T15:25:45Z</time>
   </trkpt>
   <trkpt lat="51.9849550" lon="4.3757910">
    <ele>0.5</ele>
    <time>2021-05-18T15:25:46Z</time>
   </trkpt>
   <trkpt lat="51.9850810" lon="4.3757080">
    <ele>0.6</ele>
    <time>2021-05-18T15:25:48Z</time>
   </trkpt>
   <trkpt lat="51.9851430" lon="4.3756580">
    <ele>0.6</ele>
    <time>2021-05-18T15:25:49Z</time>
   </trkpt>
   <trkpt lat="51.9852030" lon="4.3756210">
    <ele>0.6</ele>
    <time>2021-05-18T15:25:50Z</time>
   </trkpt>
   <trkpt lat="51.9853260" lon="4.3755710">
    <ele>0.7</ele>
    <time>2021-05-18T15:25:53Z</time>
   </trkpt>
   <trkpt lat="51.9854560" lon="4.3755070">
    <ele>0.7</ele>
    <time>2021-05-18T15:25:54Z</time>
   </trkpt>
   <trkpt lat="51.9855200" lon="4.3754750">
    <ele>0.7</ele>
    <time>2021-05-18T15:25:55Z</time>
   </trkpt>
   <trkpt lat="51.9857170" lon="4.3754000">
    <ele>0.7</ele>
    <time>2021-05-18T15:25:58Z</time>
   </trkpt>
   <trkpt lat="51.9858490" lon="4.3753290">
    <ele>0.7</ele>
    <time>2021-05-18T15:26:00Z</time>
   </trkpt>
   <trkpt lat="51.9859970" lon="4.3752650">
    <ele>0.8</ele>
    <time>2021-05-18T15:26:03Z</time>
   </trkpt>
   <trkpt lat="51.9861360" lon="4.3751800">
    <ele>0.8</ele>
    <time>2021-05-18T15:26:04Z</time>
   </trkpt>
   <trkpt lat="51.9862000" lon="4.3751460">
    <ele>0.8</ele>
    <time>2021-05-18T15:26:05Z</time>
   </trkpt>
   <trkpt lat="51.9862610" lon="4.3751210">
    <ele>0.8</ele>
    <time>2021-05-18T15:26:06Z</time>
   </trkpt>
   <trkpt lat="51.9863270" lon="4.3750890">
    <ele>0.9</ele>
    <time>2021-05-18T15:26:07Z</time>
   </trkpt>
   <trkpt lat="51.9864570" lon="4.3750050">
    <ele>0.9</ele>
    <time>2021-05-18T15:26:10Z</time>
   </trkpt>
   <trkpt lat="51.9865770" lon="4.3749240">
    <ele>0.9</ele>
    <time>2021-05-18T15:26:11Z</time>
   </trkpt>
   <trkpt lat="51.9866830" lon="4.3748220">
    <ele>0.9</ele>
    <time>2021-05-18T15:26:13Z</time>
   </trkpt>
   <trkpt lat="51.9868040" lon="4.3747290">
    <ele>1.0</ele>
    <time>2021-05-18T15:26:16Z</time>
   </trkpt>
   <trkpt lat="51.9869260" lon="4.3746390">
    <ele>1.0</ele>
    <time>2021-05-18T15:26:17Z</time>
   </trkpt>
   <trkpt lat="51.9870440" lon="4.3745440">
    <ele>1.1</ele>
    <time>2021-05-18T15:26:19Z</time>
   </trkpt>
   <trkpt lat="51.9871460" lon="4.3744080">
    <ele>1.1</ele>
    <time>2021-05-18T15:26:21Z</time>
   </trkpt>
   <trkpt lat="51.9872020" lon="4.3743460">
    <ele>1.1</ele>
    <time>2021-05-18T15:26:22Z</time>
   </trkpt>
   <trkpt lat="51.9873190" lon="4.3742410">
    <ele>1.1</ele>
    <time>2021-05-18T15:26:24Z</time>
   </trkpt>
   <trkpt lat="51.9873790" lon="4.3741930">
    <ele>1.1</ele>
    <time>2021-05-18T15:26:25Z</time>
   </trkpt>
   <trkpt lat="51.9874390" lon="4.3741550">
    <ele>1.1</ele>
    <time>2021-05-18T15:26:26Z</time>
   </trkpt>
   <trkpt lat="51.9875560" lon="4.3740540">
    <ele>1.0</ele>
    <time>2021-05-18T15:26:28Z</time>
   </trkpt>
   <trkpt lat="51.9876780" lon="4.3739390">
    <ele>1.0</ele>
    <time>2021-05-18T15:26:31Z</time>
   </trkpt>
   <trkpt lat="51.9877980" lon="4.3738420">
    <ele>1.0</ele>
    <time>2021-05-18T15:26:32Z</time>
   </trkpt>
   <trkpt lat="51.9879370" lon="4.3737460">
    <ele>1.0</ele>
    <time>2021-05-18T15:26:35Z</time>
   </trkpt>
   <trkpt lat="51.9880550" lon="4.3736480">
    <ele>1.0</ele>
    <time>2021-05-18T15:26:37Z</time>
   </trkpt>
   <trkpt lat="51.9881890" lon="4.3735410">
    <ele>1.0</ele>
    <time>2021-05-18T15:26:38Z</time>
   </trkpt>
   <trkpt lat="51.9883150" lon="4.3734670">
    <ele>1.0</ele>
    <time>2021-05-18T15:26:40Z</time>
   </trkpt>
   <trkpt lat="51.9883750" lon="4.3734280">
    <ele>1.0</ele>
    <time>2021-05-18T15:26:42Z</time>
   </trkpt>
   <trkpt lat="51.9884350" lon="4.3733830">
    <ele>1.0</ele>
    <time>2021-05-18T15:26:43Z</time>
   </trkpt>
   <trkpt lat="51.9884850" lon="4.3733360">
    <ele>1.0</ele>
    <time>2021-05-18T15:26:44Z</time>
   </trkpt>
   <trkpt lat="51.9885940" lon="4.3732470">
    <ele>0.9</ele>
    <time>2021-05-18T15:26:45Z</time>
   </trkpt>
   <trkpt lat="51.9886530" lon="4.3732030">
    <ele>0.9</ele>
    <time>2021-05-18T15:26:47Z</time>
   </trkpt>
   <trkpt lat="51.9887680" lon="4.3731110">
    <ele>1.0</ele>
    <time>2021-05-18T15:26:48Z</time>
   </trkpt>
   <trkpt lat="51.9888300" lon="4.3730630">
    <ele>1.0</ele>
    <time>2021-05-18T15:26:49Z</time>
   </trkpt>
   <trkpt lat="51.9889530" lon="4.3729620">
    <ele>1.0</ele>
    <time>2021-05-18T15:26:52Z</time>
   </trkpt>
   <trkpt lat="51.9890150" lon="4.3729000">
    <ele>1.0</ele>
    <time>2021-05-18T15:26:53Z</time>
   </trkpt>
   <trkpt lat="51.9892080" lon="4.3727470">
    <ele>1.0</ele>
    <time>2021-05-18T15:26:55Z</time>
   </trkpt>
   <trkpt lat="51.9893390" lon="4.3726500">
    <ele>1.0</ele>
    <time>2021-05-18T15:26:58Z</time>
   </trkpt>
   <trkpt lat="51.9894010" lon="4.3726150">
    <ele>1.0</ele>
    <time>2021-05-18T15:26:59Z</time>
   </trkpt>
   <trkpt lat="51.9895530" lon="4.3724550">
    <ele>1.1</ele>
    <time>2021-05-18T15:27:01Z</time>
   </trkpt>
   <trkpt lat="51.9897050" lon="4.3722880">
    <ele>1.1</ele>
    <time>2021-05-18T15:27:04Z</time>
   </trkpt>
   <trkpt lat="51.9897550" lon="4.3722210">
    <ele>1.1</ele>
    <time>2021-05-18T15:27:05Z</time>
   </trkpt>
   <trkpt lat="51.9898020" lon="4.3721620">
    <ele>1.1</ele>
    <time>2021-05-18T15:27:07Z</time>
   </trkpt>
   <trkpt lat="51.9899000" lon="4.3720470">
    <ele>1.1</ele>
    <time>2021-05-18T15:27:09Z</time>
   </trkpt>
   <trkpt lat="51.9900030" lon="4.3719390">
    <ele>1.1</ele>
    <time>2021-05-18T15:27:10Z</time>
   </trkpt>
   <trkpt lat="51.9900540" lon="4.3718820">
    <ele>1.1</ele>
    <time>2021-05-18T15:27:11Z</time>
   </trkpt>
   <trkpt lat="51.9901010" lon="4.3718310">
    <ele>1.1</ele>
    <time>2021-05-18T15:27:12Z</time>
   </trkpt>
   <trkpt lat="51.9901770" lon="4.3717000">
    <ele>1.1</ele>
    <time>2021-05-18T15:27:14Z</time>
   </trkpt>
   <trkpt lat="51.9902800" lon="4.3715920">
    <ele>1.1</ele>
    <time>2021-05-18T15:27:16Z</time>
   </trkpt>
   <trkpt lat="51.9903410" lon="4.3715490">
    <ele>1.1</ele>
    <time>2021-05-18T15:27:17Z</time>
   </trkpt>
   <trkpt lat="51.9904480" lon="4.3714560">
    <ele>1.1</ele>
    <time>2021-05-18T15:27:19Z</time>
   </trkpt>
   <trkpt lat="51.9905030" lon="4.3713990">
    <ele>1.1</ele>
    <time>2021-05-18T15:27:20Z</time>
   </trkpt>
   <trkpt lat="51.9906310" lon="4.3713140">
    <ele>1.1</ele>
    <time>2021-05-18T15:27:22Z</time>
   </trkpt>
   <trkpt lat="51.9906880" lon="4.3712730">
    <ele>1.0</ele>
    <time>2021-05-18T15:27:23Z</time>
   </trkpt>
   <trkpt lat="51.9907540" lon="4.3712360">
    <ele>1.0</ele>
    <time>2021-05-18T15:27:24Z</time>
   </trkpt>
   <trkpt lat="51.9908220" lon="4.3712010">
    <ele>1.0</ele>
    <time>2021-05-18T15:27:25Z</time>
   </trkpt>
   <trkpt lat="51.9909520" lon="4.3711150">
    <ele>1.0</ele>
    <time>2021-05-18T15:27:27Z</time>
   </trkpt>
   <trkpt lat="51.9910780" lon="4.3710350">
    <ele>1.0</ele>
    <time>2021-05-18T15:27:29Z</time>
   </trkpt>
   <trkpt lat="51.9911400" lon="4.3709850">
    <ele>1.0</ele>
    <time>2021-05-18T15:27:30Z</time>
   </trkpt>
   <trkpt lat="51.9911900" lon="4.3709210">
    <ele>1.0</ele>
    <time>2021-05-18T15:27:31Z</time>
   </trkpt>
   <trkpt lat="51.9912990" lon="4.3708140">
    <ele>1.0</ele>
    <time>2021-05-18T15:27:34Z</time>
   </trkpt>
   <trkpt lat="51.9914180" lon="4.3707610">
    <ele>1.0</ele>
    <time>2021-05-18T15:27:35Z</time>
   </trkpt>
   <trkpt lat="51.9914990" lon="4.3707430">
    <ele>1.0</ele>
    <time>2021-05-18T15:27:36Z</time>
   </trkpt>
   <trkpt lat="51.9915770" lon="4.3707150">
    <ele>1.0</ele>
    <time>2021-05-18T15:27:38Z</time>
   </trkpt>
   <trkpt lat="51.9917800" lon="4.3705900">
    <ele>1.1</ele>
    <time>2021-05-18T15:27:40Z</time>
   </trkpt>
   <trkpt lat="51.9919090" lon="4.3704950">
    <ele>1.2</ele>
    <time>2021-05-18T15:27:42Z</time>
   </trkpt>
   <trkpt lat="51.9919990" lon="4.3704150">
    <ele>1.2</ele>
    <time>2021-05-18T15:27:44Z</time>
   </trkpt>
   <trkpt lat="51.9920440" lon="4.3703770">
    <ele>1.2</ele>
    <time>2021-05-18T15:27:45Z</time>
   </trkpt>
   <trkpt lat="51.9921480" lon="4.3702610">
    <ele>1.2</ele>
    <time>2021-05-18T15:27:47Z</time>
   </trkpt>
   <trkpt lat="51.9922740" lon="4.3702530">
    <ele>1.2</ele>
    <time>2021-05-18T15:27:49Z</time>
   </trkpt>
   <trkpt lat="51.9923280" lon="4.3702040">
    <ele>1.2</ele>
    <time>2021-05-18T15:27:51Z</time>
   </trkpt>
   <trkpt lat="51.9924790" lon="4.3701280">
    <ele>1.3</ele>
    <time>2021-05-18T15:27:52Z</time>
   </trkpt>
   <trkpt lat="51.9926040" lon="4.3700280">
    <ele>1.4</ele>
    <time>2021-05-18T15:27:54Z</time>
   </trkpt>
   <trkpt lat="51.9926650" lon="4.3699760">
    <ele>1.4</ele>
    <time>2021-05-18T15:27:55Z</time>
   </trkpt>
   <trkpt lat="51.9927240" lon="4.3699360">
    <ele>1.5</ele>
    <time>2021-05-18T15:27:56Z</time>
   </trkpt>
   <trkpt lat="51.9927860" lon="4.3698970">
    <ele>1.6</ele>
    <time>2021-05-18T15:27:58Z</time>
   </trkpt>
   <trkpt lat="51.9928430" lon="4.3698480">
    <ele>1.7</ele>
    <time>2021-05-18T15:27:59Z</time>
   </trkpt>
   <trkpt lat="51.9929480" lon="4.3697630">
    <ele>1.8</ele>
    <time>2021-05-18T15:28:01Z</time>
   </trkpt>
   <trkpt lat="51.9930520" lon="4.3696900">
    <ele>2.0</ele>
    <time>2021-05-18T15:28:02Z</time>
   </trkpt>
   <trkpt lat="51.9930960" lon="4.3696590">
    <ele>1.9</ele>
    <time>2021-05-18T15:28:03Z</time>
   </trkpt>
   <trkpt lat="51.9931440" lon="4.3696280">
    <ele>1.9</ele>
    <time>2021-05-18T15:28:04Z</time>
   </trkpt>
   <trkpt lat="51.9931960" lon="4.3696040">
    <ele>1.8</ele>
    <time>2021-05-18T15:28:06Z</time>
   </trkpt>
   <trkpt lat="51.9933060" lon="4.3695180">
    <ele>1.6</ele>
    <time>2021-05-18T15:28:08Z</time>
   </trkpt>
   <trkpt lat="51.9934100" lon="4.3694130">
    <ele>1.5</ele>
    <time>2021-05-18T15:28:10Z</time>
   </trkpt>
   <trkpt lat="51.9934550" lon="4.3693620">
    <ele>1.5</ele>
    <time>2021-05-18T15:28:11Z</time>
   </trkpt>
   <trkpt lat="51.9935440" lon="4.3692950">
    <ele>1.4</ele>
    <time>2021-05-18T15:28:12Z</time>
   </trkpt>
   <trkpt lat="51.9936680" lon="4.3692650">
    <ele>1.3</ele>
    <time>2021-05-18T15:28:14Z</time>
   </trkpt>
   <trkpt lat="51.9937280" lon="4.3692330">
    <ele>1.2</ele>
    <time>2021-05-18T15:28:15Z</time>
   </trkpt>
   <trkpt lat="51.9939030" lon="4.3690970">
    <ele>1.1</ele>
    <time>2021-05-18T15:28:18Z</time>
   </trkpt>
   <trkpt lat="51.9940190" lon="4.3689930">
    <ele>1.1</ele>
    <time>2021-05-18T15:28:20Z</time>
   </trkpt>
   <trkpt lat="51.9940820" lon="4.3689360">
    <ele>1.0</ele>
    <time>2021-05-18T15:28:21Z</time>
   </trkpt>
   <trkpt lat="51.9942060" lon="4.3688530">
    <ele>1.0</ele>
    <time>2021-05-18T15:28:23Z</time>
   </trkpt>
   <trkpt lat="51.9943300" lon="4.3687710">
    <ele>1.0</ele>
    <time>2021-05-18T15:28:25Z</time>
   </trkpt>
   <trkpt lat="51.9943890" lon="4.3687270">
    <ele>1.0</ele>
    <time>2021-05-18T15:28:26Z</time>
   </trkpt>
   <trkpt lat="51.9944430" lon="4.3686700">
    <ele>1.0</ele>
    <time>2021-05-18T15:28:27Z</time>
   </trkpt>
   <trkpt lat="51.9945180" lon="4.3685100">
    <ele>1.1</ele>
    <time>2021-05-18T15:28:29Z</time>
   </trkpt>
   <trkpt lat="51.9945430" lon="4.3684160">
    <ele>1.1</ele>
    <time>2021-05-18T15:28:30Z</time>
   </trkpt>
   <trkpt lat="51.9945740" lon="4.3683260">
    <ele>1.1</ele>
    <time>2021-05-18T15:28:31Z</time>
   </trkpt>
   <trkpt lat="51.9946650" lon="4.3681730">
    <ele>1.1</ele>
    <time>2021-05-18T15:28:34Z</time>
   </trkpt>
   <trkpt lat="51.9947910" lon="4.3681020">
    <ele>1.1</ele>
    <time>2021-05-18T15:28:36Z</time>
   </trkpt>
   <trkpt lat="51.9949130" lon="4.3680220">
    <ele>1.0</ele>
    <time>2021-05-18T15:28:37Z</time>
   </trkpt>
   <trkpt lat="51.9949730" lon="4.3679830">
    <ele>1.0</ele>
    <time>2021-05-18T15:28:38Z</time>
   </trkpt>
   <trkpt lat="51.9950940" lon="4.3679100">
    <ele>1.0</ele>
    <time>2021-05-18T15:28:40Z</time>
   </trkpt>
   <trkpt lat="51.9951530" lon="4.3678720">
    <ele>1.0</ele>
    <time>2021-05-18T15:28:41Z</time>
   </trkpt>
   <trkpt lat="51.9952680" lon="4.3677890">
    <ele>1.0</ele>
    <time>2021-05-18T15:28:43Z</time>
   </trkpt>
   <trkpt lat="51.9953270" lon="4.3677480">
    <ele>1.0</ele>
    <time>2021-05-18T15:28:45Z</time>
   </trkpt>
   <trkpt lat="51.9954480" lon="4.3676770">
    <ele>1.0</ele>
    <time>2021-05-18T15:28:46Z</time>
   </trkpt>
   <trkpt lat="51.9955690" lon="4.3676010">
    <ele>1.0</ele>
    <time>2021-05-18T15:28:49Z</time>
   </trkpt>
   <trkpt lat="51.9956910" lon="4.3675310">
    <ele>1.0</ele>
    <time>2021-05-18T15:28:50Z</time>
   </trkpt>
   <trkpt lat="51.9958090" lon="4.3674520">
    <ele>1.0</ele>
    <time>2021-05-18T15:28:52Z</time>
   </trkpt>
   <trkpt lat="51.9959280" lon="4.3673650">
    <ele>1.0</ele>
    <time>2021-05-18T15:28:55Z</time>
   </trkpt>
   <trkpt lat="51.9961140" lon="4.3672550">
    <ele>1.0</ele>
    <time>2021-05-18T15:28:57Z</time>
   </trkpt>
   <trkpt lat="51.9962360" lon="4.3671800">
    <ele>1.0</ele>
    <time>2021-05-18T15:28:59Z</time>
   </trkpt>
   <trkpt lat="51.9963570" lon="4.3671080">
    <ele>1.0</ele>
    <time>2021-05-18T15:29:01Z</time>
   </trkpt>
   <trkpt lat="51.9964830" lon="4.3670300">
    <ele>1.0</ele>
    <time>2021-05-18T15:29:03Z</time>
   </trkpt>
   <trkpt lat="51.9965990" lon="4.3669370">
    <ele>1.0</ele>
    <time>2021-05-18T15:29:05Z</time>
   </trkpt>
   <trkpt lat="51.9967220" lon="4.3668640">
    <ele>1.0</ele>
    <time>2021-05-18T15:29:07Z</time>
   </trkpt>
   <trkpt lat="51.9967830" lon="4.3668280">
    <ele>1.0</ele>
    <time>2021-05-18T15:29:08Z</time>
   </trkpt>
   <trkpt lat="51.9968450" lon="4.3667890">
    <ele>1.0</ele>
    <time>2021-05-18T15:29:09Z</time>
   </trkpt>
   <trkpt lat="51.9969630" lon="4.3667140">
    <ele>1.0</ele>
    <time>2021-05-18T15:29:11Z</time>
   </trkpt>
   <trkpt lat="51.9970220" lon="4.3666830">
    <ele>1.0</ele>
    <time>2021-05-18T15:29:12Z</time>
   </trkpt>
   <trkpt lat="51.9971390" lon="4.3666080">
    <ele>1.0</ele>
    <time>2021-05-18T15:29:14Z</time>
   </trkpt>
   <trkpt lat="51.9972000" lon="4.3665670">
    <ele>1.0</ele>
    <time>2021-05-18T15:29:16Z</time>
   </trkpt>
   <trkpt lat="51.9973130" lon="4.3664950">
    <ele>1.1</ele>
    <time>2021-05-18T15:29:17Z</time>
   </trkpt>
   <trkpt lat="51.9974310" lon="4.3664160">
    <ele>1.1</ele>
    <time>2021-05-18T15:29:19Z</time>
   </trkpt>
   <trkpt lat="51.9974900" lon="4.3663790">
    <ele>1.1</ele>
    <time>2021-05-18T15:29:20Z</time>
   </trkpt>
   <trkpt lat="51.9975530" lon="4.3663470">
    <ele>1.1</ele>
    <time>2021-05-18T15:29:21Z</time>
   </trkpt>
   <trkpt lat="51.9976150" lon="4.3663080">
    <ele>1.1</ele>
    <time>2021-05-18T15:29:22Z</time>
   </trkpt>
   <trkpt lat="51.9977360" lon="4.3662400">
    <ele>1.1</ele>
    <time>2021-05-18T15:29:24Z</time>
   </trkpt>
   <trkpt lat="51.9977970" lon="4.3661980">
    <ele>1.1</ele>
    <time>2021-05-18T15:29:25Z</time>
   </trkpt>
   <trkpt lat="51.9979180" lon="4.3661220">
    <ele>1.1</ele>
    <time>2021-05-18T15:29:27Z</time>
   </trkpt>
   <trkpt lat="51.9979790" lon="4.3660820">
    <ele>1.1</ele>
    <time>2021-05-18T15:29:28Z</time>
   </trkpt>
   <trkpt lat="51.9980960" lon="4.3659890">
    <ele>1.1</ele>
    <time>2021-05-18T15:29:30Z</time>
   </trkpt>
   <trkpt lat="51.9981530" lon="4.3659380">
    <ele>1.1</ele>
    <time>2021-05-18T15:29:31Z</time>
   </trkpt>
   <trkpt lat="51.9982120" lon="4.3658900">
    <ele>1.1</ele>
    <time>2021-05-18T15:29:32Z</time>
   </trkpt>
   <trkpt lat="51.9983350" lon="4.3658020">
    <ele>1.1</ele>
    <time>2021-05-18T15:29:34Z</time>
   </trkpt>
   <trkpt lat="51.9983940" lon="4.3657560">
    <ele>1.1</ele>
    <time>2021-05-18T15:29:35Z</time>
   </trkpt>
   <trkpt lat="51.9984500" lon="4.3657090">
    <ele>1.1</ele>
    <time>2021-05-18T15:29:36Z</time>
   </trkpt>
   <trkpt lat="51.9985640" lon="4.3656170">
    <ele>1.1</ele>
    <time>2021-05-18T15:29:38Z</time>
   </trkpt>
   <trkpt lat="51.9986250" lon="4.3655730">
    <ele>1.1</ele>
    <time>2021-05-18T15:29:39Z</time>
   </trkpt>
   <trkpt lat="51.9987440" lon="4.3654850">
    <ele>1.1</ele>
    <time>2021-05-18T15:29:41Z</time>
   </trkpt>
   <trkpt lat="51.9988030" lon="4.3654380">
    <ele>1.1</ele>
    <time>2021-05-18T15:29:43Z</time>
   </trkpt>
   <trkpt lat="51.9989120" lon="4.3653570">
    <ele>1.1</ele>
    <time>2021-05-18T15:29:44Z</time>
   </trkpt>
   <trkpt lat="51.9990160" lon="4.3652560">
    <ele>1.1</ele>
    <time>2021-05-18T15:29:46Z</time>
   </trkpt>
   <trkpt lat="51.9990700" lon="4.3652110">
    <ele>1.1</ele>
    <time>2021-05-18T15:29:47Z</time>
   </trkpt>
   <trkpt lat="51.9991310" lon="4.3651640">
    <ele>1.1</ele>
    <time>2021-05-18T15:29:49Z</time>
   </trkpt>
   <trkpt lat="51.9992380" lon="4.3650680">
    <ele>1.1</ele>
    <time>2021-05-18T15:29:51Z</time>
   </trkpt>
   <trkpt lat="51.9993490" lon="4.3649800">
    <ele>1.1</ele>
    <time>2021-05-18T15:29:53Z</time>
   </trkpt>
   <trkpt lat="51.9994640" lon="4.3648880">
    <ele>1.1</ele>
    <time>2021-05-18T15:29:55Z</time>
   </trkpt>
   <trkpt lat="51.9995730" lon="4.3647980">
    <ele>1.1</ele>
    <time>2021-05-18T15:29:56Z</time>
   </trkpt>
   <trkpt lat="51.9996850" lon="4.3647040">
    <ele>1.1</ele>
    <time>2021-05-18T15:29:58Z</time>
   </trkpt>
   <trkpt lat="51.9998510" lon="4.3645810">
    <ele>1.1</ele>
    <time>2021-05-18T15:30:01Z</time>
   </trkpt>
   <trkpt lat="51.9999060" lon="4.3645410">
    <ele>1.2</ele>
    <time>2021-05-18T15:30:02Z</time>
   </trkpt>
   <trkpt lat="52.0000170" lon="4.3644580">
    <ele>1.3</ele>
    <time>2021-05-18T15:30:04Z</time>
   </trkpt>
   <trkpt lat="52.0001550" lon="4.3643470">
    <ele>1.4</ele>
    <time>2021-05-18T15:30:07Z</time>
   </trkpt>
   <trkpt lat="52.0002620" lon="4.3642540">
    <ele>1.3</ele>
    <time>2021-05-18T15:30:10Z</time>
   </trkpt>
   <trkpt lat="52.0003720" lon="4.3641530">
    <ele>1.3</ele>
    <time>2021-05-18T15:30:11Z</time>
   </trkpt>
   <trkpt lat="52.0004870" lon="4.3640730">
    <ele>1.3</ele>
    <time>2021-05-18T15:30:13Z</time>
   </trkpt>
   <trkpt lat="52.0005940" lon="4.3639930">
    <ele>1.4</ele>
    <time>2021-05-18T15:30:15Z</time>
   </trkpt>
   <trkpt lat="52.0006460" lon="4.3639520">
    <ele>1.4</ele>
    <time>2021-05-18T15:30:16Z</time>
   </trkpt>
   <trkpt lat="52.0007470" lon="4.3638650">
    <ele>1.4</ele>
    <time>2021-05-18T15:30:18Z</time>
   </trkpt>
   <trkpt lat="52.0008470" lon="4.3637670">
    <ele>1.4</ele>
    <time>2021-05-18T15:30:21Z</time>
   </trkpt>
   <trkpt lat="52.0009430" lon="4.3636710">
    <ele>1.4</ele>
    <time>2021-05-18T15:30:22Z</time>
   </trkpt>
   <trkpt lat="52.0009940" lon="4.3636340">
    <ele>1.4</ele>
    <time>2021-05-18T15:30:24Z</time>
   </trkpt>
   <trkpt lat="52.0010900" lon="4.3635720">
    <ele>1.4</ele>
    <time>2021-05-18T15:30:26Z</time>
   </trkpt>
   <trkpt lat="52.0011800" lon="4.3635100">
    <ele>1.5</ele>
    <time>2021-05-18T15:30:27Z</time>
   </trkpt>
   <trkpt lat="52.0012180" lon="4.3634730">
    <ele>1.5</ele>
    <time>2021-05-18T15:30:29Z</time>
   </trkpt>
   <trkpt lat="52.0012440" lon="4.3634470">
    <ele>1.5</ele>
    <time>2021-05-18T15:30:30Z</time>
   </trkpt>
   <trkpt lat="52.0012800" lon="4.3634300">
    <ele>1.5</ele>
    <time>2021-05-18T15:30:31Z</time>
   </trkpt>
   <trkpt lat="52.0013380" lon="4.3633890">
    <ele>1.6</ele>
    <time>2021-05-18T15:30:33Z</time>
   </trkpt>
   <trkpt lat="52.0013580" lon="4.3633610">
    <ele>1.6</ele>
    <time>2021-05-18T15:30:34Z</time>
   </trkpt>
   <trkpt lat="52.0013960" lon="4.3633110">
    <ele>1.7</ele>
    <time>2021-05-18T15:30:36Z</time>
   </trkpt>
   <trkpt lat="52.0014470" lon="4.3632410">
    <ele>1.7</ele>
    <time>2021-05-18T15:30:37Z</time>
   </trkpt>
   <trkpt lat="52.0014510" lon="4.3632670">
    <ele>1.7</ele>
    <time>2021-05-18T15:30:38Z</time>
   </trkpt>
   <trkpt lat="52.0014580" lon="4.3632600">
    <ele>1.7</ele>
    <time>2021-05-18T15:30:41Z</time>
   </trkpt>
   <trkpt lat="52.0014650" lon="4.3632520">
    <ele>1.7</ele>
    <time>2021-05-18T15:30:42Z</time>
   </trkpt>
   <trkpt lat="52.0014710" lon="4.3632440">
    <ele>1.7</ele>
    <time>2021-05-18T15:30:44Z</time>
   </trkpt>
   <trkpt lat="52.0014780" lon="4.3632360">
    <ele>1.7</ele>
    <time>2021-05-18T15:30:46Z</time>
   </trkpt>
   <trkpt lat="52.0014850" lon="4.3632290">
    <ele>1.7</ele>
    <time>2021-05-18T15:30:47Z</time>
   </trkpt>
   <trkpt lat="52.0014920" lon="4.3632210">
    <ele>1.7</ele>
    <time>2021-05-18T15:30:48Z</time>
   </trkpt>
   <trkpt lat="52.0015730" lon="4.3631870">
    <ele>1.7</ele>
    <time>2021-05-18T15:30:49Z</time>
   </trkpt>
   <trkpt lat="52.0016220" lon="4.3631590">
    <ele>1.7</ele>
    <time>2021-05-18T15:30:51Z</time>
   </trkpt>
   <trkpt lat="52.0016620" lon="4.3631270">
    <ele>1.6</ele>
    <time>2021-05-18T15:30:52Z</time>
   </trkpt>
   <trkpt lat="52.0017490" lon="4.3630650">
    <ele>1.6</ele>
    <time>2021-05-18T15:30:53Z</time>
   </trkpt>
   <trkpt lat="52.0018520" lon="4.3629960">
    <ele>1.6</ele>
    <time>2021-05-18T15:30:55Z</time>
   </trkpt>
   <trkpt lat="52.0019030" lon="4.3629610">
    <ele>1.6</ele>
    <time>2021-05-18T15:30:56Z</time>
   </trkpt>
   <trkpt lat="52.0020050" lon="4.3628820">
    <ele>1.5</ele>
    <time>2021-05-18T15:30:58Z</time>
   </trkpt>
   <trkpt lat="52.0020560" lon="4.3628500">
    <ele>1.5</ele>
    <time>2021-05-18T15:31:00Z</time>
   </trkpt>
   <trkpt lat="52.0021630" lon="4.3627640">
    <ele>1.5</ele>
    <time>2021-05-18T15:31:01Z</time>
   </trkpt>
   <trkpt lat="52.0022180" lon="4.3627200">
    <ele>1.5</ele>
    <time>2021-05-18T15:31:02Z</time>
   </trkpt>
   <trkpt lat="52.0023300" lon="4.3626330">
    <ele>1.5</ele>
    <time>2021-05-18T15:31:04Z</time>
   </trkpt>
   <trkpt lat="52.0024450" lon="4.3625450">
    <ele>1.5</ele>
    <time>2021-05-18T15:31:07Z</time>
   </trkpt>
   <trkpt lat="52.0025060" lon="4.3625010">
    <ele>1.5</ele>
    <time>2021-05-18T15:31:08Z</time>
   </trkpt>
   <trkpt lat="52.0026210" lon="4.3624160">
    <ele>1.5</ele>
    <time>2021-05-18T15:31:09Z</time>
   </trkpt>
   <trkpt lat="52.0027340" lon="4.3623400">
    <ele>1.5</ele>
    <time>2021-05-18T15:31:11Z</time>
   </trkpt>
   <trkpt lat="52.0027880" lon="4.3623030">
    <ele>1.5</ele>
    <time>2021-05-18T15:31:12Z</time>
   </trkpt>
   <trkpt lat="52.0028480" lon="4.3622700">
    <ele>1.5</ele>
    <time>2021-05-18T15:31:14Z</time>
   </trkpt>
   <trkpt lat="52.0029620" lon="4.3622170">
    <ele>1.5</ele>
    <time>2021-05-18T15:31:15Z</time>
   </trkpt>
   <trkpt lat="52.0030190" lon="4.3621780">
    <ele>1.5</ele>
    <time>2021-05-18T15:31:16Z</time>
   </trkpt>
   <trkpt lat="52.0031320" lon="4.3621060">
    <ele>1.6</ele>
    <time>2021-05-18T15:31:18Z</time>
   </trkpt>
   <trkpt lat="52.0032480" lon="4.3620340">
    <ele>1.6</ele>
    <time>2021-05-18T15:31:20Z</time>
   </trkpt>
   <trkpt lat="52.0033810" lon="4.3619760">
    <ele>1.6</ele>
    <time>2021-05-18T15:31:22Z</time>
   </trkpt>
   <trkpt lat="52.0035220" lon="4.3619060">
    <ele>1.6</ele>
    <time>2021-05-18T15:31:24Z</time>
   </trkpt>
   <trkpt lat="52.0036520" lon="4.3618360">
    <ele>1.6</ele>
    <time>2021-05-18T15:31:26Z</time>
   </trkpt>
   <trkpt lat="52.0038440" lon="4.3617410">
    <ele>1.6</ele>
    <time>2021-05-18T15:31:29Z</time>
   </trkpt>
   <trkpt lat="52.0039640" lon="4.3616750">
    <ele>1.6</ele>
    <time>2021-05-18T15:31:31Z</time>
   </trkpt>
   <trkpt lat="52.0040210" lon="4.3616490">
    <ele>1.6</ele>
    <time>2021-05-18T15:31:32Z</time>
   </trkpt>
   <trkpt lat="52.0040820" lon="4.3616250">
    <ele>1.7</ele>
    <time>2021-05-18T15:31:33Z</time>
   </trkpt>
   <trkpt lat="52.0042150" lon="4.3615610">
    <ele>1.7</ele>
    <time>2021-05-18T15:31:35Z</time>
   </trkpt>
   <trkpt lat="52.0043480" lon="4.3614830">
    <ele>1.7</ele>
    <time>2021-05-18T15:31:37Z</time>
   </trkpt>
   <trkpt lat="52.0044090" lon="4.3614460">
    <ele>1.7</ele>
    <time>2021-05-18T15:31:38Z</time>
   </trkpt>
   <trkpt lat="52.0045140" lon="4.3613370">
    <ele>1.7</ele>
    <time>2021-05-18T15:31:41Z</time>
   </trkpt>
   <trkpt lat="52.0045580" lon="4.3611580">
    <ele>1.8</ele>
    <time>2021-05-18T15:31:42Z</time>
   </trkpt>
   <trkpt lat="52.0045700" lon="4.3609470">
    <ele>1.8</ele>
    <time>2021-05-18T15:31:44Z</time>
   </trkpt>
   <trkpt lat="52.0045840" lon="4.3608460">
    <ele>1.8</ele>
    <time>2021-05-18T15:31:45Z</time>
   </trkpt>
   <trkpt lat="52.0046060" lon="4.3606460">
    <ele>1.8</ele>
    <time>2021-05-18T15:31:48Z</time>
   </trkpt>
   <trkpt lat="52.0046310" lon="4.3604680">
    <ele>1.8</ele>
    <time>2021-05-18T15:31:49Z</time>
   </trkpt>
   <trkpt lat="52.0046440" lon="4.3603870">
    <ele>1.8</ele>
    <time>2021-05-18T15:31:51Z</time>
   </trkpt>
   <trkpt lat="52.0046410" lon="4.3602320">
    <ele>1.9</ele>
    <time>2021-05-18T15:31:52Z</time>
   </trkpt>
   <trkpt lat="52.0046500" lon="4.3601640">
    <ele>1.9</ele>
    <time>2021-05-18T15:31:54Z</time>
   </trkpt>
   <trkpt lat="52.0046620" lon="4.3600500">
    <ele>2.0</ele>
    <time>2021-05-18T15:31:55Z</time>
   </trkpt>
   <trkpt lat="52.0046680" lon="4.3599310">
    <ele>2.0</ele>
    <time>2021-05-18T15:31:57Z</time>
   </trkpt>
   <trkpt lat="52.0046720" lon="4.3598680">
    <ele>2.0</ele>
    <time>2021-05-18T15:31:58Z</time>
   </trkpt>
   <trkpt lat="52.0046910" lon="4.3597170">
    <ele>2.0</ele>
    <time>2021-05-18T15:32:00Z</time>
   </trkpt>
   <trkpt lat="52.0047190" lon="4.3596800">
    <ele>1.9</ele>
    <time>2021-05-18T15:32:01Z</time>
   </trkpt>
   <trkpt lat="52.0047980" lon="4.3597100">
    <ele>1.6</ele>
    <time>2021-05-18T15:32:03Z</time>
   </trkpt>
   <trkpt lat="52.0048690" lon="4.3597270">
    <ele>1.6</ele>
    <time>2021-05-18T15:32:06Z</time>
   </trkpt>
   <trkpt lat="52.0049610" lon="4.3595650">
    <ele>1.2</ele>
    <time>2021-05-18T15:32:08Z</time>
   </trkpt>
   <trkpt lat="52.0049850" lon="4.3595050">
    <ele>1.1</ele>
    <time>2021-05-18T15:32:10Z</time>
   </trkpt>
   <trkpt lat="52.0049980" lon="4.3594450">
    <ele>1.1</ele>
    <time>2021-05-18T15:32:11Z</time>
   </trkpt>
   <trkpt lat="52.0050050" lon="4.3594140">
    <ele>1.1</ele>
    <time>2021-05-18T15:32:12Z</time>
   </trkpt>
   <trkpt lat="52.0049730" lon="4.3593690">
    <ele>1.0</ele>
    <time>2021-05-18T15:32:14Z</time>
   </trkpt>
   <trkpt lat="52.0049410" lon="4.3593480">
    <ele>1.0</ele>
    <time>2021-05-18T15:32:15Z</time>
   </trkpt>
   <trkpt lat="52.0051090" lon="4.3590390">
    <ele>1.0</ele>
    <time>2021-05-18T15:32:16Z</time>
   </trkpt>
   <trkpt lat="52.0053350" lon="4.3587930">
    <ele>1.2</ele>
    <time>2021-05-18T15:32:18Z</time>
   </trkpt>
   <trkpt lat="52.0054170" lon="4.3587490">
    <ele>1.4</ele>
    <time>2021-05-18T15:32:19Z</time>
   </trkpt>
   <trkpt lat="52.0054860" lon="4.3587020">
    <ele>1.4</ele>
    <time>2021-05-18T15:32:20Z</time>
   </trkpt>
   <trkpt lat="52.0055500" lon="4.3586510">
    <ele>1.5</ele>
    <time>2021-05-18T15:32:22Z</time>
   </trkpt>
   <trkpt lat="52.0056720" lon="4.3585470">
    <ele>1.5</ele>
    <time>2021-05-18T15:32:23Z</time>
   </trkpt>
   <trkpt lat="52.0057310" lon="4.3585010">
    <ele>1.5</ele>
    <time>2021-05-18T15:32:24Z</time>
   </trkpt>
   <trkpt lat="52.0057880" lon="4.3584550">
    <ele>1.5</ele>
    <time>2021-05-18T15:32:25Z</time>
   </trkpt>
   <trkpt lat="52.0059020" lon="4.3583610">
    <ele>1.6</ele>
    <time>2021-05-18T15:32:27Z</time>
   </trkpt>
   <trkpt lat="52.0059610" lon="4.3583140">
    <ele>1.6</ele>
    <time>2021-05-18T15:32:28Z</time>
   </trkpt>
   <trkpt lat="52.0060140" lon="4.3582580">
    <ele>1.6</ele>
    <time>2021-05-18T15:32:29Z</time>
   </trkpt>
   <trkpt lat="52.0060730" lon="4.3582070">
    <ele>1.7</ele>
    <time>2021-05-18T15:32:30Z</time>
   </trkpt>
   <trkpt lat="52.0061280" lon="4.3581560">
    <ele>1.7</ele>
    <time>2021-05-18T15:32:31Z</time>
   </trkpt>
   <trkpt lat="52.0061820" lon="4.3581020">
    <ele>1.7</ele>
    <time>2021-05-18T15:32:32Z</time>
   </trkpt>
   <trkpt lat="52.0062430" lon="4.3580510">
    <ele>1.7</ele>
    <time>2021-05-18T15:32:33Z</time>
   </trkpt>
   <trkpt lat="52.0063080" lon="4.3579960">
    <ele>1.7</ele>
    <time>2021-05-18T15:32:34Z</time>
   </trkpt>
   <trkpt lat="52.0063700" lon="4.3579440">
    <ele>1.6</ele>
    <time>2021-05-18T15:32:36Z</time>
   </trkpt>
   <trkpt lat="52.0064840" lon="4.3578350">
    <ele>1.4</ele>
    <time>2021-05-18T15:32:37Z</time>
   </trkpt>
   <trkpt lat="52.0065410" lon="4.3577700">
    <ele>1.2</ele>
    <time>2021-05-18T15:32:38Z</time>
   </trkpt>
   <trkpt lat="52.0065990" lon="4.3577040">
    <ele>1.0</ele>
    <time>2021-05-18T15:32:40Z</time>
   </trkpt>
   <trkpt lat="52.0066610" lon="4.3576510">
    <ele>0.9</ele>
    <time>2021-05-18T15:32:41Z</time>
   </trkpt>
   <trkpt lat="52.0067850" lon="4.3575620">
    <ele>0.8</ele>
    <time>2021-05-18T15:32:42Z</time>
   </trkpt>
   <trkpt lat="52.0068510" lon="4.3575070">
    <ele>0.8</ele>
    <time>2021-05-18T15:32:43Z</time>
   </trkpt>
   <trkpt lat="52.0069800" lon="4.3574050">
    <ele>0.8</ele>
    <time>2021-05-18T15:32:45Z</time>
   </trkpt>
   <trkpt lat="52.0071050" lon="4.3573080">
    <ele>0.9</ele>
    <time>2021-05-18T15:32:47Z</time>
   </trkpt>
   <trkpt lat="52.0072360" lon="4.3572160">
    <ele>1.1</ele>
    <time>2021-05-18T15:32:49Z</time>
   </trkpt>
   <trkpt lat="52.0072980" lon="4.3571520">
    <ele>1.2</ele>
    <time>2021-05-18T15:32:51Z</time>
   </trkpt>
   <trkpt lat="52.0074310" lon="4.3570220">
    <ele>1.6</ele>
    <time>2021-05-18T15:32:52Z</time>
   </trkpt>
   <trkpt lat="52.0074860" lon="4.3569720">
    <ele>1.8</ele>
    <time>2021-05-18T15:32:53Z</time>
   </trkpt>
   <trkpt lat="52.0075960" lon="4.3568660">
    <ele>2.1</ele>
    <time>2021-05-18T15:32:55Z</time>
   </trkpt>
   <trkpt lat="52.0076990" lon="4.3567680">
    <ele>2.4</ele>
    <time>2021-05-18T15:32:57Z</time>
   </trkpt>
   <trkpt lat="52.0077960" lon="4.3566880">
    <ele>2.7</ele>
    <time>2021-05-18T15:32:59Z</time>
   </trkpt>
   <trkpt lat="52.0078450" lon="4.3566480">
    <ele>2.8</ele>
    <time>2021-05-18T15:33:01Z</time>
   </trkpt>
   <trkpt lat="52.0079270" lon="4.3565450">
    <ele>2.9</ele>
    <time>2021-05-18T15:33:02Z</time>
   </trkpt>
   <trkpt lat="52.0079600" lon="4.3565010">
    <ele>2.9</ele>
    <time>2021-05-18T15:33:04Z</time>
   </trkpt>
   <trkpt lat="52.0080320" lon="4.3564040">
    <ele>3.0</ele>
    <time>2021-05-18T15:33:05Z</time>
   </trkpt>
   <trkpt lat="52.0081160" lon="4.3562990">
    <ele>3.2</ele>
    <time>2021-05-18T15:33:08Z</time>
   </trkpt>
   <trkpt lat="52.0082270" lon="4.3562110">
    <ele>3.2</ele>
    <time>2021-05-18T15:33:09Z</time>
   </trkpt>
   <trkpt lat="52.0082900" lon="4.3561650">
    <ele>3.2</ele>
    <time>2021-05-18T15:33:10Z</time>
   </trkpt>
   <trkpt lat="52.0083520" lon="4.3561250">
    <ele>3.2</ele>
    <time>2021-05-18T15:33:12Z</time>
   </trkpt>
   <trkpt lat="52.0084110" lon="4.3560760">
    <ele>3.2</ele>
    <time>2021-05-18T15:33:13Z</time>
   </trkpt>
   <trkpt lat="52.0085190" lon="4.3559830">
    <ele>3.1</ele>
    <time>2021-05-18T15:33:14Z</time>
   </trkpt>
   <trkpt lat="52.0085760" lon="4.3559410">
    <ele>3.1</ele>
    <time>2021-05-18T15:33:15Z</time>
   </trkpt>
   <trkpt lat="52.0086280" lon="4.3558940">
    <ele>3.1</ele>
    <time>2021-05-18T15:33:16Z</time>
   </trkpt>
   <trkpt lat="52.0087220" lon="4.3557970">
    <ele>3.2</ele>
    <time>2021-05-18T15:33:18Z</time>
   </trkpt>
   <trkpt lat="52.0087720" lon="4.3557430">
    <ele>3.2</ele>
    <time>2021-05-18T15:33:19Z</time>
   </trkpt>
   <trkpt lat="52.0088230" lon="4.3556980">
    <ele>3.2</ele>
    <time>2021-05-18T15:33:21Z</time>
   </trkpt>
   <trkpt lat="52.0088730" lon="4.3556630">
    <ele>3.3</ele>
    <time>2021-05-18T15:33:22Z</time>
   </trkpt>
   <trkpt lat="52.0089490" lon="4.3556010">
    <ele>3.4</ele>
    <time>2021-05-18T15:33:24Z</time>
   </trkpt>
   <trkpt lat="52.0089730" lon="4.3555780">
    <ele>3.4</ele>
    <time>2021-05-18T15:33:25Z</time>
   </trkpt>
   <trkpt lat="52.0090330" lon="4.3555140">
    <ele>3.3</ele>
    <time>2021-05-18T15:33:26Z</time>
   </trkpt>
   <trkpt lat="52.0091130" lon="4.3555200">
    <ele>3.3</ele>
    <time>2021-05-18T15:33:29Z</time>
   </trkpt>
   <trkpt lat="52.0091790" lon="4.3557500">
    <ele>3.3</ele>
    <time>2021-05-18T15:33:31Z</time>
   </trkpt>
   <trkpt lat="52.0092190" lon="4.3558350">
    <ele>3.2</ele>
    <time>2021-05-18T15:33:33Z</time>
   </trkpt>
   <trkpt lat="52.0092420" lon="4.3558820">
    <ele>3.2</ele>
    <time>2021-05-18T15:33:34Z</time>
   </trkpt>
   <trkpt lat="52.0092650" lon="4.3559200">
    <ele>3.1</ele>
    <time>2021-05-18T15:33:35Z</time>
   </trkpt>
   <trkpt lat="52.0092830" lon="4.3559560">
    <ele>3.1</ele>
    <time>2021-05-18T15:33:36Z</time>
   </trkpt>
   <trkpt lat="52.0093360" lon="4.3560420">
    <ele>3.1</ele>
    <time>2021-05-18T15:33:39Z</time>
   </trkpt>
   <trkpt lat="52.0093810" lon="4.3560090">
    <ele>3.1</ele>
    <time>2021-05-18T15:33:41Z</time>
   </trkpt>
   <trkpt lat="52.0094320" lon="4.3559820">
    <ele>3.0</ele>
    <time>2021-05-18T15:33:43Z</time>
   </trkpt>
   <trkpt lat="52.0094960" lon="4.3559430">
    <ele>3.0</ele>
    <time>2021-05-18T15:33:44Z</time>
   </trkpt>
   <trkpt lat="52.0095840" lon="4.3558740">
    <ele>3.0</ele>
    <time>2021-05-18T15:33:46Z</time>
   </trkpt>
   <trkpt lat="52.0096380" lon="4.3558280">
    <ele>3.0</ele>
    <time>2021-05-18T15:33:48Z</time>
   </trkpt>
   <trkpt lat="52.0096850" lon="4.3557930">
    <ele>3.0</ele>
    <time>2021-05-18T15:33:49Z</time>
   </trkpt>
   <trkpt lat="52.0097520" lon="4.3556820">
    <ele>3.0</ele>
    <time>2021-05-18T15:33:50Z</time>
   </trkpt>
   <trkpt lat="52.0098070" lon="4.3556310">
    <ele>3.0</ele>
    <time>2021-05-18T15:33:51Z</time>
   </trkpt>
   <trkpt lat="52.0098590" lon="4.3555690">
    <ele>3.0</ele>
    <time>2021-05-18T15:33:52Z</time>
   </trkpt>
   <trkpt lat="52.0099120" lon="4.3555110">
    <ele>3.0</ele>
    <time>2021-05-18T15:33:54Z</time>
   </trkpt>
   <trkpt lat="52.0100090" lon="4.3553870">
    <ele>3.0</ele>
    <time>2021-05-18T15:33:55Z</time>
   </trkpt>
   <trkpt lat="52.0100570" lon="4.3553280">
    <ele>3.0</ele>
    <time>2021-05-18T15:33:56Z</time>
   </trkpt>
   <trkpt lat="52.0101110" lon="4.3552730">
    <ele>3.0</ele>
    <time>2021-05-18T15:33:58Z</time>
   </trkpt>
   <trkpt lat="52.0102090" lon="4.3551550">
    <ele>3.0</ele>
    <time>2021-05-18T15:34:00Z</time>
   </trkpt>
   <trkpt lat="52.0103560" lon="4.3549950">
    <ele>3.1</ele>
    <time>2021-05-18T15:34:02Z</time>
   </trkpt>
   <trkpt lat="52.0104530" lon="4.3548980">
    <ele>3.1</ele>
    <time>2021-05-18T15:34:04Z</time>
   </trkpt>
   <trkpt lat="52.0105010" lon="4.3548510">
    <ele>3.1</ele>
    <time>2021-05-18T15:34:05Z</time>
   </trkpt>
   <trkpt lat="52.0105530" lon="4.3548060">
    <ele>3.1</ele>
    <time>2021-05-18T15:34:06Z</time>
   </trkpt>
   <trkpt lat="52.0106440" lon="4.3547070">
    <ele>3.1</ele>
    <time>2021-05-18T15:34:08Z</time>
   </trkpt>
   <trkpt lat="52.0106940" lon="4.3546570">
    <ele>3.0</ele>
    <time>2021-05-18T15:34:09Z</time>
   </trkpt>
   <trkpt lat="52.0108050" lon="4.3545600">
    <ele>3.0</ele>
    <time>2021-05-18T15:34:11Z</time>
   </trkpt>
   <trkpt lat="52.0108600" lon="4.3545090">
    <ele>3.0</ele>
    <time>2021-05-18T15:34:12Z</time>
   </trkpt>
   <trkpt lat="52.0109150" lon="4.3544520">
    <ele>3.0</ele>
    <time>2021-05-18T15:34:14Z</time>
   </trkpt>
   <trkpt lat="52.0110270" lon="4.3543450">
    <ele>2.9</ele>
    <time>2021-05-18T15:34:16Z</time>
   </trkpt>
   <trkpt lat="52.0110820" lon="4.3542900">
    <ele>2.9</ele>
    <time>2021-05-18T15:34:17Z</time>
   </trkpt>
   <trkpt lat="52.0111880" lon="4.3541780">
    <ele>2.9</ele>
    <time>2021-05-18T15:34:18Z</time>
   </trkpt>
   <trkpt lat="52.0112420" lon="4.3541230">
    <ele>2.9</ele>
    <time>2021-05-18T15:34:19Z</time>
   </trkpt>
   <trkpt lat="52.0112930" lon="4.3540660">
    <ele>2.8</ele>
    <time>2021-05-18T15:34:20Z</time>
   </trkpt>
   <trkpt lat="52.0113460" lon="4.3540100">
    <ele>2.8</ele>
    <time>2021-05-18T15:34:21Z</time>
   </trkpt>
   <trkpt lat="52.0114490" lon="4.3538960">
    <ele>2.8</ele>
    <time>2021-05-18T15:34:23Z</time>
   </trkpt>
   <trkpt lat="52.0116220" lon="4.3537430">
    <ele>2.8</ele>
    <time>2021-05-18T15:34:26Z</time>
   </trkpt>
   <trkpt lat="52.0117330" lon="4.3536260">
    <ele>2.7</ele>
    <time>2021-05-18T15:34:28Z</time>
   </trkpt>
   <trkpt lat="52.0117890" lon="4.3535710">
    <ele>2.7</ele>
    <time>2021-05-18T15:34:29Z</time>
   </trkpt>
   <trkpt lat="52.0118450" lon="4.3535130">
    <ele>2.7</ele>
    <time>2021-05-18T15:34:30Z</time>
   </trkpt>
   <trkpt lat="52.0119020" lon="4.3534590">
    <ele>2.7</ele>
    <time>2021-05-18T15:34:31Z</time>
   </trkpt>
   <trkpt lat="52.0119590" lon="4.3534010">
    <ele>2.7</ele>
    <time>2021-05-18T15:34:33Z</time>
   </trkpt>
   <trkpt lat="52.0120680" lon="4.3532840">
    <ele>2.6</ele>
    <time>2021-05-18T15:34:34Z</time>
   </trkpt>
   <trkpt lat="52.0121850" lon="4.3531680">
    <ele>2.6</ele>
    <time>2021-05-18T15:34:36Z</time>
   </trkpt>
   <trkpt lat="52.0122380" lon="4.3531040">
    <ele>2.6</ele>
    <time>2021-05-18T15:34:37Z</time>
   </trkpt>
   <trkpt lat="52.0123400" lon="4.3529770">
    <ele>2.6</ele>
    <time>2021-05-18T15:34:39Z</time>
   </trkpt>
   <trkpt lat="52.0123970" lon="4.3529180">
    <ele>2.5</ele>
    <time>2021-05-18T15:34:41Z</time>
   </trkpt>
   <trkpt lat="52.0125070" lon="4.3528100">
    <ele>2.5</ele>
    <time>2021-05-18T15:34:42Z</time>
   </trkpt>
   <trkpt lat="52.0126640" lon="4.3526350">
    <ele>2.5</ele>
    <time>2021-05-18T15:34:45Z</time>
   </trkpt>
   <trkpt lat="52.0127210" lon="4.3525770">
    <ele>2.5</ele>
    <time>2021-05-18T15:34:46Z</time>
   </trkpt>
   <trkpt lat="52.0128350" lon="4.3524660">
    <ele>2.4</ele>
    <time>2021-05-18T15:34:48Z</time>
   </trkpt>
   <trkpt lat="52.0129500" lon="4.3523500">
    <ele>2.3</ele>
    <time>2021-05-18T15:34:51Z</time>
   </trkpt>
   <trkpt lat="52.0130570" lon="4.3522330">
    <ele>2.3</ele>
    <time>2021-05-18T15:34:52Z</time>
   </trkpt>
   <trkpt lat="52.0131670" lon="4.3521170">
    <ele>2.4</ele>
    <time>2021-05-18T15:34:54Z</time>
   </trkpt>
   <trkpt lat="52.0132770" lon="4.3520110">
    <ele>2.4</ele>
    <time>2021-05-18T15:34:57Z</time>
   </trkpt>
   <trkpt lat="52.0133750" lon="4.3518960">
    <ele>2.4</ele>
    <time>2021-05-18T15:34:58Z</time>
   </trkpt>
   <trkpt lat="52.0134300" lon="4.3518350">
    <ele>2.4</ele>
    <time>2021-05-18T15:34:59Z</time>
   </trkpt>
   <trkpt lat="52.0135400" lon="4.3517260">
    <ele>2.5</ele>
    <time>2021-05-18T15:35:01Z</time>
   </trkpt>
   <trkpt lat="52.0136630" lon="4.3516510">
    <ele>2.5</ele>
    <time>2021-05-18T15:35:03Z</time>
   </trkpt>
   <trkpt lat="52.0137260" lon="4.3516160">
    <ele>2.5</ele>
    <time>2021-05-18T15:35:05Z</time>
   </trkpt>
   <trkpt lat="52.0138410" lon="4.3515520">
    <ele>2.5</ele>
    <time>2021-05-18T15:35:06Z</time>
   </trkpt>
   <trkpt lat="52.0139530" lon="4.3514880">
    <ele>2.5</ele>
    <time>2021-05-18T15:35:08Z</time>
   </trkpt>
   <trkpt lat="52.0140520" lon="4.3514010">
    <ele>2.6</ele>
    <time>2021-05-18T15:35:10Z</time>
   </trkpt>
   <trkpt lat="52.0141000" lon="4.3513510">
    <ele>2.6</ele>
    <time>2021-05-18T15:35:11Z</time>
   </trkpt>
   <trkpt lat="52.0141970" lon="4.3512490">
    <ele>2.6</ele>
    <time>2021-05-18T15:35:13Z</time>
   </trkpt>
   <trkpt lat="52.0142500" lon="4.3511970">
    <ele>2.6</ele>
    <time>2021-05-18T15:35:14Z</time>
   </trkpt>
   <trkpt lat="52.0143520" lon="4.3510860">
    <ele>2.5</ele>
    <time>2021-05-18T15:35:16Z</time>
   </trkpt>
   <trkpt lat="52.0144070" lon="4.3510320">
    <ele>2.5</ele>
    <time>2021-05-18T15:35:17Z</time>
   </trkpt>
   <trkpt lat="52.0145080" lon="4.3509170">
    <ele>2.4</ele>
    <time>2021-05-18T15:35:19Z</time>
   </trkpt>
   <trkpt lat="52.0145600" lon="4.3508670">
    <ele>2.4</ele>
    <time>2021-05-18T15:35:20Z</time>
   </trkpt>
   <trkpt lat="52.0146710" lon="4.3508060">
    <ele>2.4</ele>
    <time>2021-05-18T15:35:22Z</time>
   </trkpt>
   <trkpt lat="52.0147340" lon="4.3507980">
    <ele>2.4</ele>
    <time>2021-05-18T15:35:24Z</time>
   </trkpt>
   <trkpt lat="52.0148520" lon="4.3508140">
    <ele>2.4</ele>
    <time>2021-05-18T15:35:25Z</time>
   </trkpt>
   <trkpt lat="52.0149110" lon="4.3508330">
    <ele>2.4</ele>
    <time>2021-05-18T15:35:26Z</time>
   </trkpt>
   <trkpt lat="52.0149650" lon="4.3508470">
    <ele>2.4</ele>
    <time>2021-05-18T15:35:27Z</time>
   </trkpt>
   <trkpt lat="52.0150230" lon="4.3508640">
    <ele>2.5</ele>
    <time>2021-05-18T15:35:28Z</time>
   </trkpt>
   <trkpt lat="52.0150810" lon="4.3508800">
    <ele>2.5</ele>
    <time>2021-05-18T15:35:30Z</time>
   </trkpt>
   <trkpt lat="52.0151960" lon="4.3508910">
    <ele>2.5</ele>
    <time>2021-05-18T15:35:31Z</time>
   </trkpt>
   <trkpt lat="52.0152560" lon="4.3508870">
    <ele>2.5</ele>
    <time>2021-05-18T15:35:32Z</time>
   </trkpt>
   <trkpt lat="52.0153160" lon="4.3508940">
    <ele>2.5</ele>
    <time>2021-05-18T15:35:33Z</time>
   </trkpt>
   <trkpt lat="52.0153770" lon="4.3509130">
    <ele>2.5</ele>
    <time>2021-05-18T15:35:34Z</time>
   </trkpt>
   <trkpt lat="52.0154980" lon="4.3509650">
    <ele>2.4</ele>
    <time>2021-05-18T15:35:36Z</time>
   </trkpt>
   <trkpt lat="52.0156180" lon="4.3509910">
    <ele>2.3</ele>
    <time>2021-05-18T15:35:38Z</time>
   </trkpt>
   <trkpt lat="52.0157470" lon="4.3510370">
    <ele>2.2</ele>
    <time>2021-05-18T15:35:40Z</time>
   </trkpt>
   <trkpt lat="52.0158090" lon="4.3510570">
    <ele>2.2</ele>
    <time>2021-05-18T15:35:41Z</time>
   </trkpt>
   <trkpt lat="52.0158730" lon="4.3510650">
    <ele>2.2</ele>
    <time>2021-05-18T15:35:42Z</time>
   </trkpt>
   <trkpt lat="52.0160080" lon="4.3511070">
    <ele>2.1</ele>
    <time>2021-05-18T15:35:45Z</time>
   </trkpt>
   <trkpt lat="52.0160720" lon="4.3511630">
    <ele>2.1</ele>
    <time>2021-05-18T15:35:46Z</time>
   </trkpt>
   <trkpt lat="52.0161920" lon="4.3512990">
    <ele>2.0</ele>
    <time>2021-05-18T15:35:47Z</time>
   </trkpt>
   <trkpt lat="52.0162540" lon="4.3513470">
    <ele>2.0</ele>
    <time>2021-05-18T15:35:49Z</time>
   </trkpt>
   <trkpt lat="52.0163440" lon="4.3514550">
    <ele>2.1</ele>
    <time>2021-05-18T15:35:51Z</time>
   </trkpt>
   <trkpt lat="52.0164240" lon="4.3515640">
    <ele>2.2</ele>
    <time>2021-05-18T15:35:52Z</time>
   </trkpt>
   <trkpt lat="52.0164640" lon="4.3516050">
    <ele>2.2</ele>
    <time>2021-05-18T15:35:54Z</time>
   </trkpt>
   <trkpt lat="52.0165130" lon="4.3516900">
    <ele>2.3</ele>
    <time>2021-05-18T15:35:56Z</time>
   </trkpt>
   <trkpt lat="52.0165700" lon="4.3517700">
    <ele>2.4</ele>
    <time>2021-05-18T15:35:57Z</time>
   </trkpt>
   <trkpt lat="52.0166090" lon="4.3518100">
    <ele>2.5</ele>
    <time>2021-05-18T15:35:58Z</time>
   </trkpt>
   <trkpt lat="52.0166740" lon="4.3518800">
    <ele>2.6</ele>
    <time>2021-05-18T15:36:00Z</time>
   </trkpt>
   <trkpt lat="52.0167270" lon="4.3519420">
    <ele>2.7</ele>
    <time>2021-05-18T15:36:01Z</time>
   </trkpt>
   <trkpt lat="52.0167530" lon="4.3519740">
    <ele>2.7</ele>
    <time>2021-05-18T15:36:02Z</time>
   </trkpt>
   <trkpt lat="52.0167980" lon="4.3520280">
    <ele>2.7</ele>
    <time>2021-05-18T15:36:05Z</time>
   </trkpt>
   <trkpt lat="52.0168550" lon="4.3520980">
    <ele>2.7</ele>
    <time>2021-05-18T15:36:06Z</time>
   </trkpt>
   <trkpt lat="52.0169310" lon="4.3521930">
    <ele>2.7</ele>
    <time>2021-05-18T15:36:09Z</time>
   </trkpt>
   <trkpt lat="52.0170070" lon="4.3523050">
    <ele>2.6</ele>
    <time>2021-05-18T15:36:10Z</time>
   </trkpt>
   <trkpt lat="52.0170470" lon="4.3523690">
    <ele>2.6</ele>
    <time>2021-05-18T15:36:12Z</time>
   </trkpt>
   <trkpt lat="52.0171230" lon="4.3524790">
    <ele>2.6</ele>
    <time>2021-05-18T15:36:13Z</time>
   </trkpt>
   <trkpt lat="52.0171880" lon="4.3525870">
    <ele>2.6</ele>
    <time>2021-05-18T15:36:15Z</time>
   </trkpt>
   <trkpt lat="52.0172230" lon="4.3526340">
    <ele>2.5</ele>
    <time>2021-05-18T15:36:17Z</time>
   </trkpt>
   <trkpt lat="52.0173140" lon="4.3527310">
    <ele>2.5</ele>
    <time>2021-05-18T15:36:18Z</time>
   </trkpt>
   <trkpt lat="52.0173980" lon="4.3528370">
    <ele>2.5</ele>
    <time>2021-05-18T15:36:20Z</time>
   </trkpt>
   <trkpt lat="52.0174420" lon="4.3528850">
    <ele>2.5</ele>
    <time>2021-05-18T15:36:21Z</time>
   </trkpt>
   <trkpt lat="52.0175340" lon="4.3529570">
    <ele>2.3</ele>
    <time>2021-05-18T15:36:23Z</time>
   </trkpt>
   <trkpt lat="52.0175940" lon="4.3529720">
    <ele>2.3</ele>
    <time>2021-05-18T15:36:24Z</time>
   </trkpt>
   <trkpt lat="52.0176560" lon="4.3529620">
    <ele>2.2</ele>
    <time>2021-05-18T15:36:25Z</time>
   </trkpt>
   <trkpt lat="52.0177200" lon="4.3529630">
    <ele>2.2</ele>
    <time>2021-05-18T15:36:26Z</time>
   </trkpt>
   <trkpt lat="52.0178000" lon="4.3529530">
    <ele>2.1</ele>
    <time>2021-05-18T15:36:28Z</time>
   </trkpt>
   <trkpt lat="52.0179760" lon="4.3529210">
    <ele>2.1</ele>
    <time>2021-05-18T15:36:29Z</time>
   </trkpt>
   <trkpt lat="52.0180670" lon="4.3529030">
    <ele>2.2</ele>
    <time>2021-05-18T15:36:31Z</time>
   </trkpt>
   <trkpt lat="52.0183280" lon="4.3528360">
    <ele>2.4</ele>
    <time>2021-05-18T15:36:33Z</time>
   </trkpt>
   <trkpt lat="52.0184190" lon="4.3528140">
    <ele>2.5</ele>
    <time>2021-05-18T15:36:34Z</time>
   </trkpt>
   <trkpt lat="52.0185130" lon="4.3527950">
    <ele>2.7</ele>
    <time>2021-05-18T15:36:35Z</time>
   </trkpt>
   <trkpt lat="52.0186920" lon="4.3527270">
    <ele>3.0</ele>
    <time>2021-05-18T15:36:38Z</time>
   </trkpt>
   <trkpt lat="52.0188730" lon="4.3527000">
    <ele>3.3</ele>
    <time>2021-05-18T15:36:40Z</time>
   </trkpt>
   <trkpt lat="52.0190210" lon="4.3526660">
    <ele>3.7</ele>
    <time>2021-05-18T15:36:42Z</time>
   </trkpt>
   <trkpt lat="52.0191510" lon="4.3526540">
    <ele>4.0</ele>
    <time>2021-05-18T15:36:43Z</time>
   </trkpt>
   <trkpt lat="52.0192240" lon="4.3526600">
    <ele>4.1</ele>
    <time>2021-05-18T15:36:44Z</time>
   </trkpt>
   <trkpt lat="52.0192980" lon="4.3526530">
    <ele>4.2</ele>
    <time>2021-05-18T15:36:45Z</time>
   </trkpt>
   <trkpt lat="52.0194290" lon="4.3526330">
    <ele>4.3</ele>
    <time>2021-05-18T15:36:47Z</time>
   </trkpt>
   <trkpt lat="52.0195020" lon="4.3526390">
    <ele>4.3</ele>
    <time>2021-05-18T15:36:48Z</time>
   </trkpt>
   <trkpt lat="52.0195870" lon="4.3526620">
    <ele>4.3</ele>
    <time>2021-05-18T15:36:49Z</time>
   </trkpt>
   <trkpt lat="52.0196570" lon="4.3526700">
    <ele>4.3</ele>
    <time>2021-05-18T15:36:51Z</time>
   </trkpt>
   <trkpt lat="52.0197770" lon="4.3526650">
    <ele>4.2</ele>
    <time>2021-05-18T15:36:52Z</time>
   </trkpt>
   <trkpt lat="52.0198360" lon="4.3526630">
    <ele>4.2</ele>
    <time>2021-05-18T15:36:53Z</time>
   </trkpt>
   <trkpt lat="52.0199030" lon="4.3526540">
    <ele>4.1</ele>
    <time>2021-05-18T15:36:54Z</time>
   </trkpt>
   <trkpt lat="52.0201000" lon="4.3526290">
    <ele>3.8</ele>
    <time>2021-05-18T15:36:57Z</time>
   </trkpt>
   <trkpt lat="52.0201670" lon="4.3526290">
    <ele>3.7</ele>
    <time>2021-05-18T15:36:58Z</time>
   </trkpt>
   <trkpt lat="52.0203100" lon="4.3526270">
    <ele>3.4</ele>
    <time>2021-05-18T15:37:00Z</time>
   </trkpt>
   <trkpt lat="52.0203810" lon="4.3526280">
    <ele>3.2</ele>
    <time>2021-05-18T15:37:01Z</time>
   </trkpt>
   <trkpt lat="52.0205240" lon="4.3526420">
    <ele>2.9</ele>
    <time>2021-05-18T15:37:03Z</time>
   </trkpt>
   <trkpt lat="52.0205990" lon="4.3526470">
    <ele>2.8</ele>
    <time>2021-05-18T15:37:04Z</time>
   </trkpt>
   <trkpt lat="52.0206700" lon="4.3526550">
    <ele>2.7</ele>
    <time>2021-05-18T15:37:05Z</time>
   </trkpt>
   <trkpt lat="52.0208190" lon="4.3526810">
    <ele>2.4</ele>
    <time>2021-05-18T15:37:07Z</time>
   </trkpt>
   <trkpt lat="52.0208930" lon="4.3526820">
    <ele>2.3</ele>
    <time>2021-05-18T15:37:09Z</time>
   </trkpt>
   <trkpt lat="52.0210410" lon="4.3526690">
    <ele>2.1</ele>
    <time>2021-05-18T15:37:10Z</time>
   </trkpt>
   <trkpt lat="52.0211130" lon="4.3526580">
    <ele>2.0</ele>
    <time>2021-05-18T15:37:11Z</time>
   </trkpt>
   <trkpt lat="52.0211850" lon="4.3526430">
    <ele>1.8</ele>
    <time>2021-05-18T15:37:12Z</time>
   </trkpt>
   <trkpt lat="52.0212540" lon="4.3526370">
    <ele>1.7</ele>
    <time>2021-05-18T15:37:13Z</time>
   </trkpt>
   <trkpt lat="52.0213190" lon="4.3526340">
    <ele>1.6</ele>
    <time>2021-05-18T15:37:15Z</time>
   </trkpt>
   <trkpt lat="52.0214240" lon="4.3526230">
    <ele>1.5</ele>
    <time>2021-05-18T15:37:16Z</time>
   </trkpt>
   <trkpt lat="52.0214780" lon="4.3526200">
    <ele>1.6</ele>
    <time>2021-05-18T15:37:17Z</time>
   </trkpt>
   <trkpt lat="52.0215740" lon="4.3526530">
    <ele>1.6</ele>
    <time>2021-05-18T15:37:19Z</time>
   </trkpt>
   <trkpt lat="52.0216230" lon="4.3526640">
    <ele>1.7</ele>
    <time>2021-05-18T15:37:21Z</time>
   </trkpt>
   <trkpt lat="52.0216830" lon="4.3526870">
    <ele>1.8</ele>
    <time>2021-05-18T15:37:22Z</time>
   </trkpt>
   <trkpt lat="52.0217280" lon="4.3527090">
    <ele>1.8</ele>
    <time>2021-05-18T15:37:24Z</time>
   </trkpt>
   <trkpt lat="52.0217440" lon="4.3527140">
    <ele>1.8</ele>
    <time>2021-05-18T15:37:26Z</time>
   </trkpt>
   <trkpt lat="52.0217330" lon="4.3527080">
    <ele>1.8</ele>
    <time>2021-05-18T15:37:27Z</time>
   </trkpt>
   <trkpt lat="52.0217270" lon="4.3527150">
    <ele>1.8</ele>
    <time>2021-05-18T15:37:28Z</time>
   </trkpt>
   <trkpt lat="52.0217280" lon="4.3527190">
    <ele>1.8</ele>
    <time>2021-05-18T15:37:29Z</time>
   </trkpt>
   <trkpt lat="52.0217620" lon="4.3527240">
    <ele>1.8</ele>
    <time>2021-05-18T15:37:31Z</time>
   </trkpt>
   <trkpt lat="52.0217830" lon="4.3527180">
    <ele>1.8</ele>
    <time>2021-05-18T15:37:32Z</time>
   </trkpt>
   <trkpt lat="52.0218130" lon="4.3527270">
    <ele>1.8</ele>
    <time>2021-05-18T15:37:34Z</time>
   </trkpt>
   <trkpt lat="52.0218540" lon="4.3527240">
    <ele>1.8</ele>
    <time>2021-05-18T15:37:35Z</time>
   </trkpt>
   <trkpt lat="52.0219020" lon="4.3527080">
    <ele>1.8</ele>
    <time>2021-05-18T15:37:36Z</time>
   </trkpt>
   <trkpt lat="52.0220330" lon="4.3526920">
    <ele>1.7</ele>
    <time>2021-05-18T15:37:38Z</time>
   </trkpt>
   <trkpt lat="52.0221640" lon="4.3526880">
    <ele>1.5</ele>
    <time>2021-05-18T15:37:40Z</time>
   </trkpt>
   <trkpt lat="52.0222880" lon="4.3526490">
    <ele>1.4</ele>
    <time>2021-05-18T15:37:42Z</time>
   </trkpt>
   <trkpt lat="52.0224040" lon="4.3526180">
    <ele>1.3</ele>
    <time>2021-05-18T15:37:44Z</time>
   </trkpt>
   <trkpt lat="52.0224630" lon="4.3525900">
    <ele>1.3</ele>
    <time>2021-05-18T15:37:45Z</time>
   </trkpt>
   <trkpt lat="52.0225170" lon="4.3525540">
    <ele>1.2</ele>
    <time>2021-05-18T15:37:46Z</time>
   </trkpt>
   <trkpt lat="52.0225740" lon="4.3525070">
    <ele>1.2</ele>
    <time>2021-05-18T15:37:47Z</time>
   </trkpt>
   <trkpt lat="52.0226880" lon="4.3524350">
    <ele>1.1</ele>
    <time>2021-05-18T15:37:49Z</time>
   </trkpt>
   <trkpt lat="52.0227970" lon="4.3523730">
    <ele>1.0</ele>
    <time>2021-05-18T15:37:51Z</time>
   </trkpt>
   <trkpt lat="52.0229960" lon="4.3522800">
    <ele>0.8</ele>
    <time>2021-05-18T15:37:54Z</time>
   </trkpt>
   <trkpt lat="52.0231040" lon="4.3522250">
    <ele>0.7</ele>
    <time>2021-05-18T15:37:56Z</time>
   </trkpt>
   <trkpt lat="52.0231490" lon="4.3522100">
    <ele>0.7</ele>
    <time>2021-05-18T15:37:57Z</time>
   </trkpt>
   <trkpt lat="52.0231930" lon="4.3521950">
    <ele>0.7</ele>
    <time>2021-05-18T15:37:58Z</time>
   </trkpt>
   <trkpt lat="52.0232570" lon="4.3521690">
    <ele>0.8</ele>
    <time>2021-05-18T15:38:00Z</time>
   </trkpt>
   <trkpt lat="52.0233780" lon="4.3521150">
    <ele>0.9</ele>
    <time>2021-05-18T15:38:01Z</time>
   </trkpt>
   <trkpt lat="52.0234400" lon="4.3520810">
    <ele>0.9</ele>
    <time>2021-05-18T15:38:02Z</time>
   </trkpt>
   <trkpt lat="52.0235500" lon="4.3520270">
    <ele>1.1</ele>
    <time>2021-05-18T15:38:04Z</time>
   </trkpt>
   <trkpt lat="52.0236100" lon="4.3520050">
    <ele>1.2</ele>
    <time>2021-05-18T15:38:06Z</time>
   </trkpt>
   <trkpt lat="52.0237100" lon="4.3519480">
    <ele>1.4</ele>
    <time>2021-05-18T15:38:07Z</time>
   </trkpt>
   <trkpt lat="52.0237600" lon="4.3519170">
    <ele>1.5</ele>
    <time>2021-05-18T15:38:08Z</time>
   </trkpt>
   <trkpt lat="52.0238530" lon="4.3518520">
    <ele>1.7</ele>
    <time>2021-05-18T15:38:10Z</time>
   </trkpt>
   <trkpt lat="52.0238750" lon="4.3517560">
    <ele>1.8</ele>
    <time>2021-05-18T15:38:12Z</time>
   </trkpt>
   <trkpt lat="52.0239610" lon="4.3516750">
    <ele>2.0</ele>
    <time>2021-05-18T15:38:13Z</time>
   </trkpt>
   <trkpt lat="52.0240370" lon="4.3516640">
    <ele>2.1</ele>
    <time>2021-05-18T15:38:14Z</time>
   </trkpt>
   <trkpt lat="52.0241390" lon="4.3516010">
    <ele>2.2</ele>
    <time>2021-05-18T15:38:16Z</time>
   </trkpt>
   <trkpt lat="52.0242160" lon="4.3515050">
    <ele>2.2</ele>
    <time>2021-05-18T15:38:18Z</time>
   </trkpt>
   <trkpt lat="52.0242600" lon="4.3514550">
    <ele>2.2</ele>
    <time>2021-05-18T15:38:19Z</time>
   </trkpt>
   <trkpt lat="52.0243550" lon="4.3514010">
    <ele>2.3</ele>
    <time>2021-05-18T15:38:21Z</time>
   </trkpt>
   <trkpt lat="52.0244550" lon="4.3513420">
    <ele>2.3</ele>
    <time>2021-05-18T15:38:23Z</time>
   </trkpt>
   <trkpt lat="52.0244930" lon="4.3513050">
    <ele>2.3</ele>
    <time>2021-05-18T15:38:24Z</time>
   </trkpt>
   <trkpt lat="52.0245680" lon="4.3512380">
    <ele>2.2</ele>
    <time>2021-05-18T15:38:26Z</time>
   </trkpt>
   <trkpt lat="52.0246560" lon="4.3511370">
    <ele>2.2</ele>
    <time>2021-05-18T15:38:28Z</time>
   </trkpt>
   <trkpt lat="52.0247270" lon="4.3510260">
    <ele>2.1</ele>
    <time>2021-05-18T15:38:30Z</time>
   </trkpt>
   <trkpt lat="52.0247970" lon="4.3509190">
    <ele>2.1</ele>
    <time>2021-05-18T15:38:33Z</time>
   </trkpt>
   <trkpt lat="52.0248630" lon="4.3508420">
    <ele>2.1</ele>
    <time>2021-05-18T15:38:35Z</time>
   </trkpt>
   <trkpt lat="52.0249220" lon="4.3507280">
    <ele>2.0</ele>
    <time>2021-05-18T15:38:36Z</time>
   </trkpt>
   <trkpt lat="52.0249790" lon="4.3506080">
    <ele>2.1</ele>
    <time>2021-05-18T15:38:38Z</time>
   </trkpt>
   <trkpt lat="52.0249950" lon="4.3505720">
    <ele>2.1</ele>
    <time>2021-05-18T15:38:39Z</time>
   </trkpt>
   <trkpt lat="52.0250240" lon="4.3504770">
    <ele>2.1</ele>
    <time>2021-05-18T15:38:41Z</time>
   </trkpt>
   <trkpt lat="52.0250220" lon="4.3504810">
    <ele>2.1</ele>
    <time>2021-05-18T15:38:43Z</time>
   </trkpt>
   <trkpt lat="52.0250170" lon="4.3504940">
    <ele>2.1</ele>
    <time>2021-05-18T15:38:45Z</time>
   </trkpt>
   <trkpt lat="52.0250030" lon="4.3505090">
    <ele>2.1</ele>
    <time>2021-05-18T15:38:46Z</time>
   </trkpt>
   <trkpt lat="52.0249940" lon="4.3505160">
    <ele>2.1</ele>
    <time>2021-05-18T15:38:47Z</time>
   </trkpt>
   <trkpt lat="52.0249880" lon="4.3505250">
    <ele>2.1</ele>
    <time>2021-05-18T15:38:48Z</time>
   </trkpt>
   <trkpt lat="52.0249840" lon="4.3505300">
    <ele>2.1</ele>
    <time>2021-05-18T15:38:52Z</time>
   </trkpt>
   <trkpt lat="52.0250090" lon="4.3504420">
    <ele>2.2</ele>
    <time>2021-05-18T15:39:00Z</time>
   </trkpt>
   <trkpt lat="52.0250180" lon="4.3503770">
    <ele>2.2</ele>
    <time>2021-05-18T15:39:01Z</time>
   </trkpt>
   <trkpt lat="52.0250360" lon="4.3503040">
    <ele>2.2</ele>
    <time>2021-05-18T15:39:02Z</time>
   </trkpt>
   <trkpt lat="52.0250540" lon="4.3502440">
    <ele>2.1</ele>
    <time>2021-05-18T15:39:03Z</time>
   </trkpt>
   <trkpt lat="52.0251000" lon="4.3501400">
    <ele>2.0</ele>
    <time>2021-05-18T15:39:05Z</time>
   </trkpt>
   <trkpt lat="52.0251480" lon="4.3498920">
    <ele>1.8</ele>
    <time>2021-05-18T15:39:07Z</time>
   </trkpt>
   <trkpt lat="52.0251930" lon="4.3497520">
    <ele>1.8</ele>
    <time>2021-05-18T15:39:09Z</time>
   </trkpt>
   <trkpt lat="52.0252090" lon="4.3496800">
    <ele>1.7</ele>
    <time>2021-05-18T15:39:11Z</time>
   </trkpt>
   <trkpt lat="52.0252240" lon="4.3495990">
    <ele>1.7</ele>
    <time>2021-05-18T15:39:12Z</time>
   </trkpt>
   <trkpt lat="52.0252420" lon="4.3494860">
    <ele>1.7</ele>
    <time>2021-05-18T15:39:13Z</time>
   </trkpt>
   <trkpt lat="52.0253430" lon="4.3493320">
    <ele>1.7</ele>
    <time>2021-05-18T15:39:16Z</time>
   </trkpt>
   <trkpt lat="52.0254290" lon="4.3491730">
    <ele>1.7</ele>
    <time>2021-05-18T15:39:18Z</time>
   </trkpt>
   <trkpt lat="52.0254880" lon="4.3490160">
    <ele>1.7</ele>
    <time>2021-05-18T15:39:19Z</time>
   </trkpt>
   <trkpt lat="52.0255950" lon="4.3488610">
    <ele>1.6</ele>
    <time>2021-05-18T15:39:21Z</time>
   </trkpt>
   <trkpt lat="52.0257080" lon="4.3487010">
    <ele>1.6</ele>
    <time>2021-05-18T15:39:23Z</time>
   </trkpt>
   <trkpt lat="52.0257670" lon="4.3486060">
    <ele>1.5</ele>
    <time>2021-05-18T15:39:25Z</time>
   </trkpt>
   <trkpt lat="52.0258630" lon="4.3484300">
    <ele>1.5</ele>
    <time>2021-05-18T15:39:26Z</time>
   </trkpt>
   <trkpt lat="52.0259520" lon="4.3482460">
    <ele>1.5</ele>
    <time>2021-05-18T15:39:28Z</time>
   </trkpt>
   <trkpt lat="52.0260500" lon="4.3480630">
    <ele>1.5</ele>
    <time>2021-05-18T15:39:30Z</time>
   </trkpt>
   <trkpt lat="52.0261070" lon="4.3479920">
    <ele>1.5</ele>
    <time>2021-05-18T15:39:32Z</time>
   </trkpt>
   <trkpt lat="52.0262020" lon="4.3478460">
    <ele>1.5</ele>
    <time>2021-05-18T15:39:33Z</time>
   </trkpt>
   <trkpt lat="52.0262830" lon="4.3476900">
    <ele>1.6</ele>
    <time>2021-05-18T15:39:35Z</time>
   </trkpt>
   <trkpt lat="52.0263200" lon="4.3476090">
    <ele>1.6</ele>
    <time>2021-05-18T15:39:36Z</time>
   </trkpt>
   <trkpt lat="52.0263960" lon="4.3474740">
    <ele>1.6</ele>
    <time>2021-05-18T15:39:38Z</time>
   </trkpt>
   <trkpt lat="52.0264910" lon="4.3473370">
    <ele>1.6</ele>
    <time>2021-05-18T15:39:40Z</time>
   </trkpt>
   <trkpt lat="52.0265960" lon="4.3472040">
    <ele>1.6</ele>
    <time>2021-05-18T15:39:42Z</time>
   </trkpt>
   <trkpt lat="52.0266630" lon="4.3471630">
    <ele>1.6</ele>
    <time>2021-05-18T15:39:43Z</time>
   </trkpt>
   <trkpt lat="52.0267330" lon="4.3471400">
    <ele>1.5</ele>
    <time>2021-05-18T15:39:44Z</time>
   </trkpt>
   <trkpt lat="52.0268700" lon="4.3471230">
    <ele>1.6</ele>
    <time>2021-05-18T15:39:46Z</time>
   </trkpt>
   <trkpt lat="52.0269370" lon="4.3471050">
    <ele>1.6</ele>
    <time>2021-05-18T15:39:47Z</time>
   </trkpt>
   <trkpt lat="52.0270090" lon="4.3470880">
    <ele>1.6</ele>
    <time>2021-05-18T15:39:48Z</time>
   </trkpt>
   <trkpt lat="52.0270800" lon="4.3470820">
    <ele>1.6</ele>
    <time>2021-05-18T15:39:49Z</time>
   </trkpt>
   <trkpt lat="52.0271490" lon="4.3470770">
    <ele>1.6</ele>
    <time>2021-05-18T15:39:50Z</time>
   </trkpt>
   <trkpt lat="52.0272810" lon="4.3470520">
    <ele>1.5</ele>
    <time>2021-05-18T15:39:52Z</time>
   </trkpt>
   <trkpt lat="52.0273510" lon="4.3470390">
    <ele>1.5</ele>
    <time>2021-05-18T15:39:53Z</time>
   </trkpt>
   <trkpt lat="52.0274220" lon="4.3470280">
    <ele>1.5</ele>
    <time>2021-05-18T15:39:54Z</time>
   </trkpt>
   <trkpt lat="52.0274900" lon="4.3470110">
    <ele>1.5</ele>
    <time>2021-05-18T15:39:55Z</time>
   </trkpt>
   <trkpt lat="52.0275520" lon="4.3469950">
    <ele>1.5</ele>
    <time>2021-05-18T15:39:56Z</time>
   </trkpt>
   <trkpt lat="52.0277650" lon="4.3469380">
    <ele>1.5</ele>
    <time>2021-05-18T15:39:59Z</time>
   </trkpt>
   <trkpt lat="52.0278350" lon="4.3469260">
    <ele>1.5</ele>
    <time>2021-05-18T15:40:00Z</time>
   </trkpt>
   <trkpt lat="52.0279030" lon="4.3469100">
    <ele>1.5</ele>
    <time>2021-05-18T15:40:01Z</time>
   </trkpt>
   <trkpt lat="52.0280320" lon="4.3469090">
    <ele>1.6</ele>
    <time>2021-05-18T15:40:03Z</time>
   </trkpt>
   <trkpt lat="52.0280940" lon="4.3469100">
    <ele>1.6</ele>
    <time>2021-05-18T15:40:04Z</time>
   </trkpt>
   <trkpt lat="52.0282200" lon="4.3468930">
    <ele>1.6</ele>
    <time>2021-05-18T15:40:06Z</time>
   </trkpt>
   <trkpt lat="52.0282850" lon="4.3468900">
    <ele>1.6</ele>
    <time>2021-05-18T15:40:07Z</time>
   </trkpt>
   <trkpt lat="52.0284170" lon="4.3468730">
    <ele>1.6</ele>
    <time>2021-05-18T15:40:09Z</time>
   </trkpt>
   <trkpt lat="52.0285490" lon="4.3468370">
    <ele>1.6</ele>
    <time>2021-05-18T15:40:11Z</time>
   </trkpt>
   <trkpt lat="52.0286170" lon="4.3468270">
    <ele>1.6</ele>
    <time>2021-05-18T15:40:12Z</time>
   </trkpt>
   <trkpt lat="52.0287530" lon="4.3468180">
    <ele>1.6</ele>
    <time>2021-05-18T15:40:15Z</time>
   </trkpt>
   <trkpt lat="52.0289600" lon="4.3467790">
    <ele>1.6</ele>
    <time>2021-05-18T15:40:17Z</time>
   </trkpt>
   <trkpt lat="52.0290980" lon="4.3467570">
    <ele>1.6</ele>
    <time>2021-05-18T15:40:19Z</time>
   </trkpt>
   <trkpt lat="52.0291650" lon="4.3467550">
    <ele>1.6</ele>
    <time>2021-05-18T15:40:21Z</time>
   </trkpt>
   <trkpt lat="52.0293800" lon="4.3467210">
    <ele>1.6</ele>
    <time>2021-05-18T15:40:23Z</time>
   </trkpt>
   <trkpt lat="52.0295240" lon="4.3466980">
    <ele>1.6</ele>
    <time>2021-05-18T15:40:25Z</time>
   </trkpt>
   <trkpt lat="52.0295990" lon="4.3466930">
    <ele>1.6</ele>
    <time>2021-05-18T15:40:26Z</time>
   </trkpt>
   <trkpt lat="52.0298190" lon="4.3466520">
    <ele>1.6</ele>
    <time>2021-05-18T15:40:29Z</time>
   </trkpt>
   <trkpt lat="52.0299660" lon="4.3466310">
    <ele>1.6</ele>
    <time>2021-05-18T15:40:31Z</time>
   </trkpt>
   <trkpt lat="52.0300390" lon="4.3466200">
    <ele>1.6</ele>
    <time>2021-05-18T15:40:32Z</time>
   </trkpt>
   <trkpt lat="52.0301830" lon="4.3466110">
    <ele>1.5</ele>
    <time>2021-05-18T15:40:34Z</time>
   </trkpt>
   <trkpt lat="52.0303320" lon="4.3465800">
    <ele>1.5</ele>
    <time>2021-05-18T15:40:36Z</time>
   </trkpt>
   <trkpt lat="52.0304840" lon="4.3465490">
    <ele>1.5</ele>
    <time>2021-05-18T15:40:38Z</time>
   </trkpt>
   <trkpt lat="52.0305600" lon="4.3465310">
    <ele>1.6</ele>
    <time>2021-05-18T15:40:39Z</time>
   </trkpt>
   <trkpt lat="52.0306350" lon="4.3465090">
    <ele>1.6</ele>
    <time>2021-05-18T15:40:40Z</time>
   </trkpt>
   <trkpt lat="52.0307120" lon="4.3464910">
    <ele>1.6</ele>
    <time>2021-05-18T15:40:41Z</time>
   </trkpt>
   <trkpt lat="52.0307890" lon="4.3464770">
    <ele>1.5</ele>
    <time>2021-05-18T15:40:42Z</time>
   </trkpt>
   <trkpt lat="52.0308660" lon="4.3464640">
    <ele>1.5</ele>
    <time>2021-05-18T15:40:43Z</time>
   </trkpt>
   <trkpt lat="52.0309430" lon="4.3464460">
    <ele>1.5</ele>
    <time>2021-05-18T15:40:44Z</time>
   </trkpt>
   <trkpt lat="52.0310210" lon="4.3464280">
    <ele>1.5</ele>
    <time>2021-05-18T15:40:45Z</time>
   </trkpt>
   <trkpt lat="52.0311670" lon="4.3463960">
    <ele>1.5</ele>
    <time>2021-05-18T15:40:47Z</time>
   </trkpt>
   <trkpt lat="52.0312410" lon="4.3463850">
    <ele>1.5</ele>
    <time>2021-05-18T15:40:48Z</time>
   </trkpt>
   <trkpt lat="52.0313140" lon="4.3463740">
    <ele>1.5</ele>
    <time>2021-05-18T15:40:49Z</time>
   </trkpt>
   <trkpt lat="52.0313860" lon="4.3463620">
    <ele>1.5</ele>
    <time>2021-05-18T15:40:51Z</time>
   </trkpt>
   <trkpt lat="52.0314590" lon="4.3463490">
    <ele>1.5</ele>
    <time>2021-05-18T15:40:52Z</time>
   </trkpt>
   <trkpt lat="52.0315970" lon="4.3463310">
    <ele>1.5</ele>
    <time>2021-05-18T15:40:53Z</time>
   </trkpt>
   <trkpt lat="52.0317430" lon="4.3463110">
    <ele>1.5</ele>
    <time>2021-05-18T15:40:55Z</time>
   </trkpt>
   <trkpt lat="52.0318150" lon="4.3463040">
    <ele>1.5</ele>
    <time>2021-05-18T15:40:56Z</time>
   </trkpt>
   <trkpt lat="52.0319610" lon="4.3462900">
    <ele>1.5</ele>
    <time>2021-05-18T15:40:58Z</time>
   </trkpt>
   <trkpt lat="52.0320350" lon="4.3462830">
    <ele>1.5</ele>
    <time>2021-05-18T15:40:59Z</time>
   </trkpt>
   <trkpt lat="52.0321840" lon="4.3462670">
    <ele>1.5</ele>
    <time>2021-05-18T15:41:01Z</time>
   </trkpt>
   <trkpt lat="52.0322590" lon="4.3462590">
    <ele>1.5</ele>
    <time>2021-05-18T15:41:02Z</time>
   </trkpt>
   <trkpt lat="52.0324050" lon="4.3462380">
    <ele>1.5</ele>
    <time>2021-05-18T15:41:04Z</time>
   </trkpt>
   <trkpt lat="52.0324780" lon="4.3462210">
    <ele>1.5</ele>
    <time>2021-05-18T15:41:05Z</time>
   </trkpt>
   <trkpt lat="52.0326250" lon="4.3461850">
    <ele>1.5</ele>
    <time>2021-05-18T15:41:07Z</time>
   </trkpt>
   <trkpt lat="52.0327740" lon="4.3461620">
    <ele>1.5</ele>
    <time>2021-05-18T15:41:09Z</time>
   </trkpt>
   <trkpt lat="52.0329230" lon="4.3461360">
    <ele>1.5</ele>
    <time>2021-05-18T15:41:11Z</time>
   </trkpt>
   <trkpt lat="52.0329980" lon="4.3461250">
    <ele>1.5</ele>
    <time>2021-05-18T15:41:12Z</time>
   </trkpt>
   <trkpt lat="52.0330690" lon="4.3461150">
    <ele>1.6</ele>
    <time>2021-05-18T15:41:13Z</time>
   </trkpt>
   <trkpt lat="52.0331430" lon="4.3461030">
    <ele>1.6</ele>
    <time>2021-05-18T15:41:14Z</time>
   </trkpt>
   <trkpt lat="52.0332850" lon="4.3460640">
    <ele>1.6</ele>
    <time>2021-05-18T15:41:17Z</time>
   </trkpt>
   <trkpt lat="52.0334190" lon="4.3460230">
    <ele>1.6</ele>
    <time>2021-05-18T15:41:18Z</time>
   </trkpt>
   <trkpt lat="52.0335600" lon="4.3459870">
    <ele>1.6</ele>
    <time>2021-05-18T15:41:20Z</time>
   </trkpt>
   <trkpt lat="52.0336290" lon="4.3459650">
    <ele>1.5</ele>
    <time>2021-05-18T15:41:21Z</time>
   </trkpt>
   <trkpt lat="52.0337020" lon="4.3459360">
    <ele>1.5</ele>
    <time>2021-05-18T15:41:23Z</time>
   </trkpt>
   <trkpt lat="52.0338310" lon="4.3458900">
    <ele>1.5</ele>
    <time>2021-05-18T15:41:24Z</time>
   </trkpt>
   <trkpt lat="52.0338970" lon="4.3458780">
    <ele>1.5</ele>
    <time>2021-05-18T15:41:25Z</time>
   </trkpt>
   <trkpt lat="52.0339660" lon="4.3458680">
    <ele>1.5</ele>
    <time>2021-05-18T15:41:26Z</time>
   </trkpt>
   <trkpt lat="52.0340340" lon="4.3458580">
    <ele>1.6</ele>
    <time>2021-05-18T15:41:27Z</time>
   </trkpt>
   <trkpt lat="52.0341750" lon="4.3458360">
    <ele>1.5</ele>
    <time>2021-05-18T15:41:30Z</time>
   </trkpt>
   <trkpt lat="52.0343180" lon="4.3458220">
    <ele>1.5</ele>
    <time>2021-05-18T15:41:31Z</time>
   </trkpt>
   <trkpt lat="52.0344540" lon="4.3458070">
    <ele>1.5</ele>
    <time>2021-05-18T15:41:33Z</time>
   </trkpt>
   <trkpt lat="52.0345210" lon="4.3458010">
    <ele>1.5</ele>
    <time>2021-05-18T15:41:34Z</time>
   </trkpt>
   <trkpt lat="52.0346590" lon="4.3458030">
    <ele>1.5</ele>
    <time>2021-05-18T15:41:36Z</time>
   </trkpt>
   <trkpt lat="52.0347290" lon="4.3457980">
    <ele>1.5</ele>
    <time>2021-05-18T15:41:37Z</time>
   </trkpt>
   <trkpt lat="52.0348000" lon="4.3457970">
    <ele>1.5</ele>
    <time>2021-05-18T15:41:38Z</time>
   </trkpt>
   <trkpt lat="52.0348740" lon="4.3457960">
    <ele>1.5</ele>
    <time>2021-05-18T15:41:40Z</time>
   </trkpt>
   <trkpt lat="52.0350060" lon="4.3457800">
    <ele>1.5</ele>
    <time>2021-05-18T15:41:41Z</time>
   </trkpt>
   <trkpt lat="52.0351440" lon="4.3457610">
    <ele>1.6</ele>
    <time>2021-05-18T15:41:43Z</time>
   </trkpt>
   <trkpt lat="52.0352110" lon="4.3457500">
    <ele>1.6</ele>
    <time>2021-05-18T15:41:45Z</time>
   </trkpt>
   <trkpt lat="52.0353530" lon="4.3457370">
    <ele>1.6</ele>
    <time>2021-05-18T15:41:46Z</time>
   </trkpt>
   <trkpt lat="52.0354230" lon="4.3457320">
    <ele>1.6</ele>
    <time>2021-05-18T15:41:47Z</time>
   </trkpt>
   <trkpt lat="52.0354980" lon="4.3457240">
    <ele>1.6</ele>
    <time>2021-05-18T15:41:48Z</time>
   </trkpt>
   <trkpt lat="52.0356410" lon="4.3456930">
    <ele>1.7</ele>
    <time>2021-05-18T15:41:50Z</time>
   </trkpt>
   <trkpt lat="52.0357770" lon="4.3456570">
    <ele>1.7</ele>
    <time>2021-05-18T15:41:52Z</time>
   </trkpt>
   <trkpt lat="52.0358440" lon="4.3456370">
    <ele>1.7</ele>
    <time>2021-05-18T15:41:53Z</time>
   </trkpt>
   <trkpt lat="52.0359790" lon="4.3455960">
    <ele>1.6</ele>
    <time>2021-05-18T15:41:55Z</time>
   </trkpt>
   <trkpt lat="52.0360470" lon="4.3455770">
    <ele>1.6</ele>
    <time>2021-05-18T15:41:57Z</time>
   </trkpt>
   <trkpt lat="52.0361740" lon="4.3455390">
    <ele>1.6</ele>
    <time>2021-05-18T15:41:58Z</time>
   </trkpt>
   <trkpt lat="52.0362420" lon="4.3455170">
    <ele>1.6</ele>
    <time>2021-05-18T15:41:59Z</time>
   </trkpt>
   <trkpt lat="52.0363100" lon="4.3454940">
    <ele>1.6</ele>
    <time>2021-05-18T15:42:00Z</time>
   </trkpt>
   <trkpt lat="52.0365240" lon="4.3454600">
    <ele>1.6</ele>
    <time>2021-05-18T15:42:03Z</time>
   </trkpt>
   <trkpt lat="52.0366690" lon="4.3454350">
    <ele>1.6</ele>
    <time>2021-05-18T15:42:05Z</time>
   </trkpt>
   <trkpt lat="52.0367410" lon="4.3454190">
    <ele>1.6</ele>
    <time>2021-05-18T15:42:06Z</time>
   </trkpt>
   <trkpt lat="52.0368170" lon="4.3454050">
    <ele>1.6</ele>
    <time>2021-05-18T15:42:07Z</time>
   </trkpt>
   <trkpt lat="52.0369670" lon="4.3453790">
    <ele>1.6</ele>
    <time>2021-05-18T15:42:10Z</time>
   </trkpt>
   <trkpt lat="52.0371180" lon="4.3453470">
    <ele>1.6</ele>
    <time>2021-05-18T15:42:11Z</time>
   </trkpt>
   <trkpt lat="52.0371970" lon="4.3453350">
    <ele>1.6</ele>
    <time>2021-05-18T15:42:12Z</time>
   </trkpt>
   <trkpt lat="52.0373520" lon="4.3453140">
    <ele>1.6</ele>
    <time>2021-05-18T15:42:14Z</time>
   </trkpt>
   <trkpt lat="52.0375070" lon="4.3452930">
    <ele>1.6</ele>
    <time>2021-05-18T15:42:16Z</time>
   </trkpt>
   <trkpt lat="52.0375820" lon="4.3452770">
    <ele>1.6</ele>
    <time>2021-05-18T15:42:17Z</time>
   </trkpt>
   <trkpt lat="52.0378140" lon="4.3452440">
    <ele>1.7</ele>
    <time>2021-05-18T15:42:20Z</time>
   </trkpt>
   <trkpt lat="52.0378910" lon="4.3452340">
    <ele>1.7</ele>
    <time>2021-05-18T15:42:21Z</time>
   </trkpt>
   <trkpt lat="52.0379690" lon="4.3452230">
    <ele>1.7</ele>
    <time>2021-05-18T15:42:22Z</time>
   </trkpt>
   <trkpt lat="52.0381250" lon="4.3451940">
    <ele>1.7</ele>
    <time>2021-05-18T15:42:25Z</time>
   </trkpt>
   <trkpt lat="52.0382780" lon="4.3451620">
    <ele>1.7</ele>
    <time>2021-05-18T15:42:26Z</time>
   </trkpt>
   <trkpt lat="52.0384260" lon="4.3451280">
    <ele>1.7</ele>
    <time>2021-05-18T15:42:28Z</time>
   </trkpt>
   <trkpt lat="52.0386460" lon="4.3450750">
    <ele>1.7</ele>
    <time>2021-05-18T15:42:31Z</time>
   </trkpt>
   <trkpt lat="52.0387960" lon="4.3450380">
    <ele>1.7</ele>
    <time>2021-05-18T15:42:33Z</time>
   </trkpt>
   <trkpt lat="52.0388740" lon="4.3450200">
    <ele>1.7</ele>
    <time>2021-05-18T15:42:34Z</time>
   </trkpt>
   <trkpt lat="52.0391080" lon="4.3449820">
    <ele>1.7</ele>
    <time>2021-05-18T15:42:37Z</time>
   </trkpt>
   <trkpt lat="52.0392640" lon="4.3449560">
    <ele>1.7</ele>
    <time>2021-05-18T15:42:39Z</time>
   </trkpt>
   <trkpt lat="52.0394170" lon="4.3449310">
    <ele>1.7</ele>
    <time>2021-05-18T15:42:42Z</time>
   </trkpt>
   <trkpt lat="52.0395650" lon="4.3449060">
    <ele>1.7</ele>
    <time>2021-05-18T15:42:43Z</time>
   </trkpt>
   <trkpt lat="52.0397110" lon="4.3448890">
    <ele>1.7</ele>
    <time>2021-05-18T15:42:45Z</time>
   </trkpt>
   <trkpt lat="52.0397800" lon="4.3448760">
    <ele>1.7</ele>
    <time>2021-05-18T15:42:46Z</time>
   </trkpt>
   <trkpt lat="52.0399250" lon="4.3448620">
    <ele>1.7</ele>
    <time>2021-05-18T15:42:48Z</time>
   </trkpt>
   <trkpt lat="52.0399970" lon="4.3448480">
    <ele>1.7</ele>
    <time>2021-05-18T15:42:49Z</time>
   </trkpt>
   <trkpt lat="52.0400680" lon="4.3448400">
    <ele>1.7</ele>
    <time>2021-05-18T15:42:50Z</time>
   </trkpt>
   <trkpt lat="52.0402100" lon="4.3448030">
    <ele>1.7</ele>
    <time>2021-05-18T15:42:52Z</time>
   </trkpt>
   <trkpt lat="52.0402860" lon="4.3447750">
    <ele>1.7</ele>
    <time>2021-05-18T15:42:53Z</time>
   </trkpt>
   <trkpt lat="52.0403690" lon="4.3447660">
    <ele>1.8</ele>
    <time>2021-05-18T15:42:54Z</time>
   </trkpt>
   <trkpt lat="52.0404560" lon="4.3447510">
    <ele>1.8</ele>
    <time>2021-05-18T15:42:55Z</time>
   </trkpt>
   <trkpt lat="52.0405440" lon="4.3447400">
    <ele>1.8</ele>
    <time>2021-05-18T15:42:56Z</time>
   </trkpt>
   <trkpt lat="52.0406270" lon="4.3447230">
    <ele>1.8</ele>
    <time>2021-05-18T15:42:57Z</time>
   </trkpt>
   <trkpt lat="52.0407140" lon="4.3447120">
    <ele>1.7</ele>
    <time>2021-05-18T15:42:58Z</time>
   </trkpt>
   <trkpt lat="52.0408020" lon="4.3446980">
    <ele>1.8</ele>
    <time>2021-05-18T15:42:59Z</time>
   </trkpt>
   <trkpt lat="52.0409730" lon="4.3447050">
    <ele>2.0</ele>
    <time>2021-05-18T15:43:01Z</time>
   </trkpt>
   <trkpt lat="52.0410480" lon="4.3447000">
    <ele>2.0</ele>
    <time>2021-05-18T15:43:02Z</time>
   </trkpt>
   <trkpt lat="52.0411740" lon="4.3446860">
    <ele>2.0</ele>
    <time>2021-05-18T15:43:04Z</time>
   </trkpt>
   <trkpt lat="52.0412960" lon="4.3446830">
    <ele>1.9</ele>
    <time>2021-05-18T15:43:06Z</time>
   </trkpt>
   <trkpt lat="52.0413560" lon="4.3446840">
    <ele>1.9</ele>
    <time>2021-05-18T15:43:07Z</time>
   </trkpt>
   <trkpt lat="52.0414150" lon="4.3446850">
    <ele>1.9</ele>
    <time>2021-05-18T15:43:08Z</time>
   </trkpt>
   <trkpt lat="52.0415260" lon="4.3446860">
    <ele>1.9</ele>
    <time>2021-05-18T15:43:10Z</time>
   </trkpt>
   <trkpt lat="52.0416740" lon="4.3446430">
    <ele>1.8</ele>
    <time>2021-05-18T15:43:12Z</time>
   </trkpt>
   <trkpt lat="52.0418140" lon="4.3445260">
    <ele>1.7</ele>
    <time>2021-05-18T15:43:14Z</time>
   </trkpt>
   <trkpt lat="52.0420080" lon="4.3444860">
    <ele>1.7</ele>
    <time>2021-05-18T15:43:16Z</time>
   </trkpt>
   <trkpt lat="52.0421690" lon="4.3444480">
    <ele>1.8</ele>
    <time>2021-05-18T15:43:17Z</time>
   </trkpt>
   <trkpt lat="52.0423120" lon="4.3444060">
    <ele>1.8</ele>
    <time>2021-05-18T15:43:19Z</time>
   </trkpt>
   <trkpt lat="52.0423880" lon="4.3443830">
    <ele>1.8</ele>
    <time>2021-05-18T15:43:20Z</time>
   </trkpt>
   <trkpt lat="52.0424650" lon="4.3443760">
    <ele>1.7</ele>
    <time>2021-05-18T15:43:21Z</time>
   </trkpt>
   <trkpt lat="52.0425390" lon="4.3443670">
    <ele>1.7</ele>
    <time>2021-05-18T15:43:22Z</time>
   </trkpt>
   <trkpt lat="52.0426100" lon="4.3443530">
    <ele>1.7</ele>
    <time>2021-05-18T15:43:23Z</time>
   </trkpt>
   <trkpt lat="52.0428240" lon="4.3443300">
    <ele>1.7</ele>
    <time>2021-05-18T15:43:26Z</time>
   </trkpt>
   <trkpt lat="52.0429620" lon="4.3443000">
    <ele>1.7</ele>
    <time>2021-05-18T15:43:28Z</time>
   </trkpt>
   <trkpt lat="52.0431050" lon="4.3442940">
    <ele>1.7</ele>
    <time>2021-05-18T15:43:30Z</time>
   </trkpt>
   <trkpt lat="52.0432480" lon="4.3442790">
    <ele>1.7</ele>
    <time>2021-05-18T15:43:32Z</time>
   </trkpt>
   <trkpt lat="52.0433190" lon="4.3442820">
    <ele>1.7</ele>
    <time>2021-05-18T15:43:34Z</time>
   </trkpt>
   <trkpt lat="52.0434660" lon="4.3442880">
    <ele>1.7</ele>
    <time>2021-05-18T15:43:35Z</time>
   </trkpt>
   <trkpt lat="52.0435420" lon="4.3442960">
    <ele>1.7</ele>
    <time>2021-05-18T15:43:36Z</time>
   </trkpt>
   <trkpt lat="52.0436890" lon="4.3442910">
    <ele>1.7</ele>
    <time>2021-05-18T15:43:38Z</time>
   </trkpt>
   <trkpt lat="52.0437590" lon="4.3442840">
    <ele>1.7</ele>
    <time>2021-05-18T15:43:39Z</time>
   </trkpt>
   <trkpt lat="52.0438300" lon="4.3442740">
    <ele>1.7</ele>
    <time>2021-05-18T15:43:40Z</time>
   </trkpt>
   <trkpt lat="52.0439760" lon="4.3442540">
    <ele>1.7</ele>
    <time>2021-05-18T15:43:43Z</time>
   </trkpt>
   <trkpt lat="52.0440520" lon="4.3442410">
    <ele>1.7</ele>
    <time>2021-05-18T15:43:44Z</time>
   </trkpt>
   <trkpt lat="52.0442660" lon="4.3442080">
    <ele>1.7</ele>
    <time>2021-05-18T15:43:46Z</time>
   </trkpt>
   <trkpt lat="52.0443350" lon="4.3441940">
    <ele>1.7</ele>
    <time>2021-05-18T15:43:47Z</time>
   </trkpt>
   <trkpt lat="52.0444020" lon="4.3441740">
    <ele>1.8</ele>
    <time>2021-05-18T15:43:48Z</time>
   </trkpt>
   <trkpt lat="52.0444750" lon="4.3441480">
    <ele>1.8</ele>
    <time>2021-05-18T15:43:50Z</time>
   </trkpt>
   <trkpt lat="52.0446130" lon="4.3441180">
    <ele>1.8</ele>
    <time>2021-05-18T15:43:51Z</time>
   </trkpt>
   <trkpt lat="52.0446850" lon="4.3441080">
    <ele>1.8</ele>
    <time>2021-05-18T15:43:52Z</time>
   </trkpt>
   <trkpt lat="52.0448260" lon="4.3440760">
    <ele>1.8</ele>
    <time>2021-05-18T15:43:54Z</time>
   </trkpt>
   <trkpt lat="52.0449630" lon="4.3440460">
    <ele>1.9</ele>
    <time>2021-05-18T15:43:56Z</time>
   </trkpt>
   <trkpt lat="52.0450980" lon="4.3440070">
    <ele>1.9</ele>
    <time>2021-05-18T15:43:58Z</time>
   </trkpt>
   <trkpt lat="52.0452330" lon="4.3439720">
    <ele>2.0</ele>
    <time>2021-05-18T15:44:01Z</time>
   </trkpt>
   <trkpt lat="52.0453690" lon="4.3439650">
    <ele>2.2</ele>
    <time>2021-05-18T15:44:02Z</time>
   </trkpt>
   <trkpt lat="52.0454930" lon="4.3439410">
    <ele>2.3</ele>
    <time>2021-05-18T15:44:05Z</time>
   </trkpt>
   <trkpt lat="52.0456210" lon="4.3439300">
    <ele>2.4</ele>
    <time>2021-05-18T15:44:06Z</time>
   </trkpt>
   <trkpt lat="52.0456900" lon="4.3439230">
    <ele>2.4</ele>
    <time>2021-05-18T15:44:08Z</time>
   </trkpt>
   <trkpt lat="52.0458210" lon="4.3439070">
    <ele>2.5</ele>
    <time>2021-05-18T15:44:09Z</time>
   </trkpt>
   <trkpt lat="52.0459530" lon="4.3438940">
    <ele>2.7</ele>
    <time>2021-05-18T15:44:11Z</time>
   </trkpt>
   <trkpt lat="52.0460160" lon="4.3438820">
    <ele>2.7</ele>
    <time>2021-05-18T15:44:13Z</time>
   </trkpt>
   <trkpt lat="52.0461390" lon="4.3438480">
    <ele>2.7</ele>
    <time>2021-05-18T15:44:14Z</time>
   </trkpt>
   <trkpt lat="52.0462010" lon="4.3438240">
    <ele>2.6</ele>
    <time>2021-05-18T15:44:15Z</time>
   </trkpt>
   <trkpt lat="52.0462640" lon="4.3438060">
    <ele>2.5</ele>
    <time>2021-05-18T15:44:16Z</time>
   </trkpt>
   <trkpt lat="52.0463250" lon="4.3437820">
    <ele>2.5</ele>
    <time>2021-05-18T15:44:17Z</time>
   </trkpt>
   <trkpt lat="52.0464600" lon="4.3437660">
    <ele>2.3</ele>
    <time>2021-05-18T15:44:19Z</time>
   </trkpt>
   <trkpt lat="52.0465230" lon="4.3437510">
    <ele>2.3</ele>
    <time>2021-05-18T15:44:21Z</time>
   </trkpt>
   <trkpt lat="52.0466530" lon="4.3437280">
    <ele>2.1</ele>
    <time>2021-05-18T15:44:23Z</time>
   </trkpt>
   <trkpt lat="52.0467790" lon="4.3436960">
    <ele>2.0</ele>
    <time>2021-05-18T15:44:24Z</time>
   </trkpt>
   <trkpt lat="52.0469020" lon="4.3436670">
    <ele>2.0</ele>
    <time>2021-05-18T15:44:26Z</time>
   </trkpt>
   <trkpt lat="52.0470310" lon="4.3436330">
    <ele>1.9</ele>
    <time>2021-05-18T15:44:28Z</time>
   </trkpt>
   <trkpt lat="52.0471610" lon="4.3435950">
    <ele>1.8</ele>
    <time>2021-05-18T15:44:30Z</time>
   </trkpt>
   <trkpt lat="52.0472320" lon="4.3435890">
    <ele>1.8</ele>
    <time>2021-05-18T15:44:31Z</time>
   </trkpt>
   <trkpt lat="52.0473050" lon="4.3435800">
    <ele>1.8</ele>
    <time>2021-05-18T15:44:32Z</time>
   </trkpt>
   <trkpt lat="52.0474560" lon="4.3435680">
    <ele>1.7</ele>
    <time>2021-05-18T15:44:34Z</time>
   </trkpt>
   <trkpt lat="52.0475210" lon="4.3435590">
    <ele>1.7</ele>
    <time>2021-05-18T15:44:35Z</time>
   </trkpt>
   <trkpt lat="52.0476600" lon="4.3435530">
    <ele>1.7</ele>
    <time>2021-05-18T15:44:37Z</time>
   </trkpt>
   <trkpt lat="52.0477310" lon="4.3435650">
    <ele>1.7</ele>
    <time>2021-05-18T15:44:38Z</time>
   </trkpt>
   <trkpt lat="52.0478020" lon="4.3435830">
    <ele>1.6</ele>
    <time>2021-05-18T15:44:39Z</time>
   </trkpt>
   <trkpt lat="52.0479430" lon="4.3435950">
    <ele>1.6</ele>
    <time>2021-05-18T15:44:41Z</time>
   </trkpt>
   <trkpt lat="52.0480810" lon="4.3435950">
    <ele>1.6</ele>
    <time>2021-05-18T15:44:43Z</time>
   </trkpt>
   <trkpt lat="52.0481440" lon="4.3435910">
    <ele>1.6</ele>
    <time>2021-05-18T15:44:44Z</time>
   </trkpt>
   <trkpt lat="52.0483430" lon="4.3435850">
    <ele>1.5</ele>
    <time>2021-05-18T15:44:47Z</time>
   </trkpt>
   <trkpt lat="52.0484710" lon="4.3435720">
    <ele>1.5</ele>
    <time>2021-05-18T15:44:49Z</time>
   </trkpt>
   <trkpt lat="52.0485360" lon="4.3435590">
    <ele>1.5</ele>
    <time>2021-05-18T15:44:50Z</time>
   </trkpt>
   <trkpt lat="52.0486040" lon="4.3435500">
    <ele>1.5</ele>
    <time>2021-05-18T15:44:51Z</time>
   </trkpt>
   <trkpt lat="52.0487390" lon="4.3435150">
    <ele>1.5</ele>
    <time>2021-05-18T15:44:53Z</time>
   </trkpt>
   <trkpt lat="52.0489450" lon="4.3434650">
    <ele>1.5</ele>
    <time>2021-05-18T15:44:56Z</time>
   </trkpt>
   <trkpt lat="52.0490100" lon="4.3434510">
    <ele>1.5</ele>
    <time>2021-05-18T15:44:57Z</time>
   </trkpt>
   <trkpt lat="52.0491430" lon="4.3434260">
    <ele>1.6</ele>
    <time>2021-05-18T15:44:59Z</time>
   </trkpt>
   <trkpt lat="52.0492840" lon="4.3434040">
    <ele>1.6</ele>
    <time>2021-05-18T15:45:02Z</time>
   </trkpt>
   <trkpt lat="52.0494180" lon="4.3433860">
    <ele>1.6</ele>
    <time>2021-05-18T15:45:03Z</time>
   </trkpt>
   <trkpt lat="52.0494810" lon="4.3433740">
    <ele>1.5</ele>
    <time>2021-05-18T15:45:04Z</time>
   </trkpt>
   <trkpt lat="52.0495430" lon="4.3433670">
    <ele>1.5</ele>
    <time>2021-05-18T15:45:05Z</time>
   </trkpt>
   <trkpt lat="52.0496080" lon="4.3433570">
    <ele>1.5</ele>
    <time>2021-05-18T15:45:06Z</time>
   </trkpt>
   <trkpt lat="52.0497370" lon="4.3433300">
    <ele>1.6</ele>
    <time>2021-05-18T15:45:09Z</time>
   </trkpt>
   <trkpt lat="52.0498760" lon="4.3433150">
    <ele>1.7</ele>
    <time>2021-05-18T15:45:10Z</time>
   </trkpt>
   <trkpt lat="52.0500070" lon="4.3432910">
    <ele>1.7</ele>
    <time>2021-05-18T15:45:12Z</time>
   </trkpt>
   <trkpt lat="52.0501390" lon="4.3432790">
    <ele>1.7</ele>
    <time>2021-05-18T15:45:14Z</time>
   </trkpt>
   <trkpt lat="52.0502690" lon="4.3432500">
    <ele>1.7</ele>
    <time>2021-05-18T15:45:16Z</time>
   </trkpt>
   <trkpt lat="52.0504010" lon="4.3432490">
    <ele>1.8</ele>
    <time>2021-05-18T15:45:18Z</time>
   </trkpt>
   <trkpt lat="52.0504710" lon="4.3432480">
    <ele>1.8</ele>
    <time>2021-05-18T15:45:19Z</time>
   </trkpt>
   <trkpt lat="52.0506060" lon="4.3432560">
    <ele>1.8</ele>
    <time>2021-05-18T15:45:21Z</time>
   </trkpt>
   <trkpt lat="52.0507270" lon="4.3432780">
    <ele>1.7</ele>
    <time>2021-05-18T15:45:24Z</time>
   </trkpt>
   <trkpt lat="52.0508360" lon="4.3432600">
    <ele>1.7</ele>
    <time>2021-05-18T15:45:25Z</time>
   </trkpt>
   <trkpt lat="52.0508760" lon="4.3432250">
    <ele>1.7</ele>
    <time>2021-05-18T15:45:27Z</time>
   </trkpt>
   <trkpt lat="52.0509420" lon="4.3432300">
    <ele>1.7</ele>
    <time>2021-05-18T15:45:28Z</time>
   </trkpt>
   <trkpt lat="52.0509780" lon="4.3432410">
    <ele>1.7</ele>
    <time>2021-05-18T15:45:30Z</time>
   </trkpt>
   <trkpt lat="52.0510920" lon="4.3432510">
    <ele>1.6</ele>
    <time>2021-05-18T15:45:31Z</time>
   </trkpt>
   <trkpt lat="52.0512400" lon="4.3432920">
    <ele>1.5</ele>
    <time>2021-05-18T15:45:33Z</time>
   </trkpt>
   <trkpt lat="52.0513130" lon="4.3433280">
    <ele>1.4</ele>
    <time>2021-05-18T15:45:34Z</time>
   </trkpt>
   <trkpt lat="52.0514590" lon="4.3433840">
    <ele>1.2</ele>
    <time>2021-05-18T15:45:36Z</time>
   </trkpt>
   <trkpt lat="52.0516000" lon="4.3434230">
    <ele>1.1</ele>
    <time>2021-05-18T15:45:38Z</time>
   </trkpt>
   <trkpt lat="52.0516630" lon="4.3434430">
    <ele>1.2</ele>
    <time>2021-05-18T15:45:39Z</time>
   </trkpt>
   <trkpt lat="52.0517980" lon="4.3434750">
    <ele>1.3</ele>
    <time>2021-05-18T15:45:41Z</time>
   </trkpt>
   <trkpt lat="52.0519580" lon="4.3434920">
    <ele>1.4</ele>
    <time>2021-05-18T15:45:43Z</time>
   </trkpt>
   <trkpt lat="52.0520310" lon="4.3434980">
    <ele>1.4</ele>
    <time>2021-05-18T15:45:44Z</time>
   </trkpt>
   <trkpt lat="52.0521590" lon="4.3435170">
    <ele>1.5</ele>
    <time>2021-05-18T15:45:46Z</time>
   </trkpt>
   <trkpt lat="52.0522210" lon="4.3435240">
    <ele>1.6</ele>
    <time>2021-05-18T15:45:47Z</time>
   </trkpt>
   <trkpt lat="52.0523430" lon="4.3435370">
    <ele>1.6</ele>
    <time>2021-05-18T15:45:49Z</time>
   </trkpt>
   <trkpt lat="52.0524070" lon="4.3435610">
    <ele>1.6</ele>
    <time>2021-05-18T15:45:50Z</time>
   </trkpt>
   <trkpt lat="52.0524700" lon="4.3435830">
    <ele>1.6</ele>
    <time>2021-05-18T15:45:51Z</time>
   </trkpt>
   <trkpt lat="52.0525340" lon="4.3436040">
    <ele>1.7</ele>
    <time>2021-05-18T15:45:52Z</time>
   </trkpt>
   <trkpt lat="52.0526010" lon="4.3436230">
    <ele>1.7</ele>
    <time>2021-05-18T15:45:53Z</time>
   </trkpt>
   <trkpt lat="52.0527350" lon="4.3436650">
    <ele>1.7</ele>
    <time>2021-05-18T15:45:55Z</time>
   </trkpt>
   <trkpt lat="52.0528670" lon="4.3437180">
    <ele>1.7</ele>
    <time>2021-05-18T15:45:57Z</time>
   </trkpt>
   <trkpt lat="52.0529880" lon="4.3438130">
    <ele>1.7</ele>
    <time>2021-05-18T15:45:59Z</time>
   </trkpt>
   <trkpt lat="52.0530440" lon="4.3438730">
    <ele>1.7</ele>
    <time>2021-05-18T15:46:00Z</time>
   </trkpt>
   <trkpt lat="52.0531020" lon="4.3439360">
    <ele>1.7</ele>
    <time>2021-05-18T15:46:02Z</time>
   </trkpt>
   <trkpt lat="52.0532140" lon="4.3440590">
    <ele>1.7</ele>
    <time>2021-05-18T15:46:03Z</time>
   </trkpt>
   <trkpt lat="52.0532720" lon="4.3441230">
    <ele>1.8</ele>
    <time>2021-05-18T15:46:04Z</time>
   </trkpt>
   <trkpt lat="52.0533850" lon="4.3442600">
    <ele>1.8</ele>
    <time>2021-05-18T15:46:06Z</time>
   </trkpt>
   <trkpt lat="52.0534430" lon="4.3443270">
    <ele>1.8</ele>
    <time>2021-05-18T15:46:07Z</time>
   </trkpt>
   <trkpt lat="52.0535000" lon="4.3443950">
    <ele>1.8</ele>
    <time>2021-05-18T15:46:08Z</time>
   </trkpt>
   <trkpt lat="52.0535580" lon="4.3444600">
    <ele>1.8</ele>
    <time>2021-05-18T15:46:09Z</time>
   </trkpt>
   <trkpt lat="52.0536160" lon="4.3445280">
    <ele>1.8</ele>
    <time>2021-05-18T15:46:10Z</time>
   </trkpt>
   <trkpt lat="52.0537250" lon="4.3446670">
    <ele>1.9</ele>
    <time>2021-05-18T15:46:12Z</time>
   </trkpt>
   <trkpt lat="52.0537800" lon="4.3447320">
    <ele>1.9</ele>
    <time>2021-05-18T15:46:13Z</time>
   </trkpt>
   <trkpt lat="52.0538850" lon="4.3448600">
    <ele>1.9</ele>
    <time>2021-05-18T15:46:15Z</time>
   </trkpt>
   <trkpt lat="52.0539370" lon="4.3449250">
    <ele>1.9</ele>
    <time>2021-05-18T15:46:16Z</time>
   </trkpt>
   <trkpt lat="52.0539880" lon="4.3449980">
    <ele>1.9</ele>
    <time>2021-05-18T15:46:17Z</time>
   </trkpt>
   <trkpt lat="52.0540430" lon="4.3450690">
    <ele>1.9</ele>
    <time>2021-05-18T15:46:18Z</time>
   </trkpt>
   <trkpt lat="52.0540980" lon="4.3451390">
    <ele>1.9</ele>
    <time>2021-05-18T15:46:19Z</time>
   </trkpt>
   <trkpt lat="52.0542120" lon="4.3452910">
    <ele>1.9</ele>
    <time>2021-05-18T15:46:21Z</time>
   </trkpt>
   <trkpt lat="52.0543170" lon="4.3454350">
    <ele>1.9</ele>
    <time>2021-05-18T15:46:23Z</time>
   </trkpt>
   <trkpt lat="52.0544270" lon="4.3455820">
    <ele>1.9</ele>
    <time>2021-05-18T15:46:25Z</time>
   </trkpt>
   <trkpt lat="52.0544820" lon="4.3456540">
    <ele>1.9</ele>
    <time>2021-05-18T15:46:26Z</time>
   </trkpt>
   <trkpt lat="52.0545380" lon="4.3457300">
    <ele>1.9</ele>
    <time>2021-05-18T15:46:28Z</time>
   </trkpt>
   <trkpt lat="52.0546480" lon="4.3458750">
    <ele>1.9</ele>
    <time>2021-05-18T15:46:29Z</time>
   </trkpt>
   <trkpt lat="52.0547640" lon="4.3460160">
    <ele>1.8</ele>
    <time>2021-05-18T15:46:31Z</time>
   </trkpt>
   <trkpt lat="52.0548770" lon="4.3461580">
    <ele>1.8</ele>
    <time>2021-05-18T15:46:33Z</time>
   </trkpt>
   <trkpt lat="52.0549310" lon="4.3462360">
    <ele>1.7</ele>
    <time>2021-05-18T15:46:34Z</time>
   </trkpt>
   <trkpt lat="52.0549830" lon="4.3463130">
    <ele>1.7</ele>
    <time>2021-05-18T15:46:35Z</time>
   </trkpt>
   <trkpt lat="52.0550340" lon="4.3463850">
    <ele>1.7</ele>
    <time>2021-05-18T15:46:36Z</time>
   </trkpt>
   <trkpt lat="52.0550870" lon="4.3464470">
    <ele>1.7</ele>
    <time>2021-05-18T15:46:37Z</time>
   </trkpt>
   <trkpt lat="52.0551890" lon="4.3465810">
    <ele>1.6</ele>
    <time>2021-05-18T15:46:39Z</time>
   </trkpt>
   <trkpt lat="52.0552980" lon="4.3467140">
    <ele>1.6</ele>
    <time>2021-05-18T15:46:41Z</time>
   </trkpt>
   <trkpt lat="52.0553570" lon="4.3467810">
    <ele>1.5</ele>
    <time>2021-05-18T15:46:42Z</time>
   </trkpt>
   <trkpt lat="52.0554760" lon="4.3469260">
    <ele>1.5</ele>
    <time>2021-05-18T15:46:45Z</time>
   </trkpt>
   <trkpt lat="52.0555930" lon="4.3470770">
    <ele>1.5</ele>
    <time>2021-05-18T15:46:46Z</time>
   </trkpt>
   <trkpt lat="52.0557100" lon="4.3472200">
    <ele>1.5</ele>
    <time>2021-05-18T15:46:48Z</time>
   </trkpt>
   <trkpt lat="52.0557680" lon="4.3472880">
    <ele>1.5</ele>
    <time>2021-05-18T15:46:49Z</time>
   </trkpt>
   <trkpt lat="52.0558780" lon="4.3474220">
    <ele>1.5</ele>
    <time>2021-05-18T15:46:51Z</time>
   </trkpt>
   <trkpt lat="52.0559820" lon="4.3475400">
    <ele>1.6</ele>
    <time>2021-05-18T15:46:53Z</time>
   </trkpt>
   <trkpt lat="52.0560750" lon="4.3476520">
    <ele>1.7</ele>
    <time>2021-05-18T15:46:55Z</time>
   </trkpt>
   <trkpt lat="52.0561170" lon="4.3477010">
    <ele>1.7</ele>
    <time>2021-05-18T15:46:56Z</time>
   </trkpt>
   <trkpt lat="52.0562060" lon="4.3477960">
    <ele>1.8</ele>
    <time>2021-05-18T15:46:58Z</time>
   </trkpt>
   <trkpt lat="52.0562470" lon="4.3478410">
    <ele>1.8</ele>
    <time>2021-05-18T15:46:59Z</time>
   </trkpt>
   <trkpt lat="52.0562880" lon="4.3478900">
    <ele>1.8</ele>
    <time>2021-05-18T15:47:00Z</time>
   </trkpt>
   <trkpt lat="52.0563610" lon="4.3479850">
    <ele>1.9</ele>
    <time>2021-05-18T15:47:02Z</time>
   </trkpt>
   <trkpt lat="52.0564280" lon="4.3480880">
    <ele>1.9</ele>
    <time>2021-05-18T15:47:04Z</time>
   </trkpt>
   <trkpt lat="52.0564590" lon="4.3481390">
    <ele>1.9</ele>
    <time>2021-05-18T15:47:06Z</time>
   </trkpt>
   <trkpt lat="52.0565050" lon="4.3482310">
    <ele>1.9</ele>
    <time>2021-05-18T15:47:08Z</time>
   </trkpt>
   <trkpt lat="52.0565630" lon="4.3483010">
    <ele>2.0</ele>
    <time>2021-05-18T15:47:09Z</time>
   </trkpt>
   <trkpt lat="52.0565800" lon="4.3483110">
    <ele>2.0</ele>
    <time>2021-05-18T15:47:10Z</time>
   </trkpt>
   <trkpt lat="52.0565770" lon="4.3483040">
    <ele>2.0</ele>
    <time>2021-05-18T15:47:13Z</time>
   </trkpt>
   <trkpt lat="52.0565770" lon="4.3483080">
    <ele>2.0</ele>
    <time>2021-05-18T15:47:14Z</time>
   </trkpt>
   <trkpt lat="52.0565910" lon="4.3483180">
    <ele>2.0</ele>
    <time>2021-05-18T15:47:15Z</time>
   </trkpt>
   <trkpt lat="52.0565960" lon="4.3483380">
    <ele>2.6</ele>
    <time>2021-05-18T15:47:16Z</time>
   </trkpt>
   <trkpt lat="52.0566030" lon="4.3483580">
    <ele>2.6</ele>
    <time>2021-05-18T15:47:17Z</time>
   </trkpt>
   <trkpt lat="52.0566020" lon="4.3483570">
    <ele>2.7</ele>
    <time>2021-05-18T15:47:18Z</time>
   </trkpt>
   <trkpt lat="52.0566080" lon="4.3483620">
    <ele>2.7</ele>
    <time>2021-05-18T15:47:20Z</time>
   </trkpt>
   <trkpt lat="52.0566140" lon="4.3483600">
    <ele>2.7</ele>
    <time>2021-05-18T15:47:21Z</time>
   </trkpt>
   <trkpt lat="52.0566270" lon="4.3483660">
    <ele>2.7</ele>
    <time>2021-05-18T15:47:23Z</time>
   </trkpt>
   <trkpt lat="52.0566340" lon="4.3483650">
    <ele>2.7</ele>
    <time>2021-05-18T15:47:24Z</time>
   </trkpt>
   <trkpt lat="52.0566550" lon="4.3483440">
    <ele>2.8</ele>
    <time>2021-05-18T15:47:25Z</time>
   </trkpt>
   <trkpt lat="52.0566650" lon="4.3483220">
    <ele>2.8</ele>
    <time>2021-05-18T15:47:26Z</time>
   </trkpt>
   <trkpt lat="52.0566760" lon="4.3483010">
    <ele>2.8</ele>
    <time>2021-05-18T15:47:27Z</time>
   </trkpt>
   <trkpt lat="52.0566960" lon="4.3482840">
    <ele>2.9</ele>
    <time>2021-05-18T15:47:29Z</time>
   </trkpt>
   <trkpt lat="52.0567060" lon="4.3482840">
    <ele>2.9</ele>
    <time>2021-05-18T15:47:31Z</time>
   </trkpt>
   <trkpt lat="52.0567150" lon="4.3482850">
    <ele>2.9</ele>
    <time>2021-05-18T15:47:32Z</time>
   </trkpt>
   <trkpt lat="52.0567300" lon="4.3482830">
    <ele>2.9</ele>
    <time>2021-05-18T15:47:33Z</time>
   </trkpt>
   <trkpt lat="52.0567390" lon="4.3482760">
    <ele>2.9</ele>
    <time>2021-05-18T15:47:34Z</time>
   </trkpt>
   <trkpt lat="52.0567490" lon="4.3482670">
    <ele>2.9</ele>
    <time>2021-05-18T15:47:35Z</time>
   </trkpt>
   <trkpt lat="52.0567640" lon="4.3482320">
    <ele>2.9</ele>
    <time>2021-05-18T15:47:36Z</time>
   </trkpt>
   <trkpt lat="52.0567690" lon="4.3482040">
    <ele>2.9</ele>
    <time>2021-05-18T15:47:37Z</time>
   </trkpt>
   <trkpt lat="52.0567760" lon="4.3481620">
    <ele>2.9</ele>
    <time>2021-05-18T15:47:38Z</time>
   </trkpt>
   <trkpt lat="52.0567800" lon="4.3481450">
    <ele>2.9</ele>
    <time>2021-05-18T15:47:40Z</time>
   </trkpt>
   <trkpt lat="52.0567840" lon="4.3481270">
    <ele>2.9</ele>
    <time>2021-05-18T15:47:42Z</time>
   </trkpt>
   <trkpt lat="52.0567880" lon="4.3481100">
    <ele>2.9</ele>
    <time>2021-05-18T15:47:43Z</time>
   </trkpt>
   <trkpt lat="52.0567920" lon="4.3480930">
    <ele>2.8</ele>
    <time>2021-05-18T15:47:44Z</time>
   </trkpt>
   <trkpt lat="52.0567900" lon="4.3480650">
    <ele>2.8</ele>
    <time>2021-05-18T15:47:46Z</time>
   </trkpt>
   <trkpt lat="52.0567800" lon="4.3480440">
    <ele>2.7</ele>
    <time>2021-05-18T15:47:47Z</time>
   </trkpt>
   <trkpt lat="52.0567730" lon="4.3480190">
    <ele>2.7</ele>
    <time>2021-05-18T15:47:48Z</time>
   </trkpt>
   <trkpt lat="52.0567710" lon="4.3480160">
    <ele>2.7</ele>
    <time>2021-05-18T15:47:49Z</time>
   </trkpt>
   <trkpt lat="52.0567640" lon="4.3479950">
    <ele>2.6</ele>
    <time>2021-05-18T15:47:51Z</time>
   </trkpt>
   <trkpt lat="52.0567600" lon="4.3479580">
    <ele>2.6</ele>
    <time>2021-05-18T15:47:53Z</time>
   </trkpt>
   <trkpt lat="52.0567600" lon="4.3479460">
    <ele>2.5</ele>
    <time>2021-05-18T15:47:54Z</time>
   </trkpt>
   <trkpt lat="52.0567630" lon="4.3479290">
    <ele>2.5</ele>
    <time>2021-05-18T15:47:55Z</time>
   </trkpt>
   <trkpt lat="52.0567680" lon="4.3478930">
    <ele>2.5</ele>
    <time>2021-05-18T15:47:56Z</time>
   </trkpt>
   <trkpt lat="52.0567870" lon="4.3478460">
    <ele>2.4</ele>
    <time>2021-05-18T15:47:58Z</time>
   </trkpt>
   <trkpt lat="52.0567990" lon="4.3478220">
    <ele>2.3</ele>
    <time>2021-05-18T15:47:59Z</time>
   </trkpt>
   <trkpt lat="52.0568420" lon="4.3477490">
    <ele>2.2</ele>
    <time>2021-05-18T15:48:01Z</time>
   </trkpt>
   <trkpt lat="52.0568590" lon="4.3477140">
    <ele>2.2</ele>
    <time>2021-05-18T15:48:02Z</time>
   </trkpt>
   <trkpt lat="52.0569160" lon="4.3476210">
    <ele>2.1</ele>
    <time>2021-05-18T15:48:03Z</time>
   </trkpt>
   <trkpt lat="52.0569510" lon="4.3475680">
    <ele>2.1</ele>
    <time>2021-05-18T15:48:05Z</time>
   </trkpt>
   <trkpt lat="52.0570170" lon="4.3474750">
    <ele>2.1</ele>
    <time>2021-05-18T15:48:06Z</time>
   </trkpt>
   <trkpt lat="52.0570640" lon="4.3474090">
    <ele>2.1</ele>
    <time>2021-05-18T15:48:07Z</time>
   </trkpt>
   <trkpt lat="52.0571300" lon="4.3473220">
    <ele>2.2</ele>
    <time>2021-05-18T15:48:09Z</time>
   </trkpt>
   <trkpt lat="52.0571600" lon="4.3472870">
    <ele>2.2</ele>
    <time>2021-05-18T15:48:10Z</time>
   </trkpt>
   <trkpt lat="52.0572090" lon="4.3472280">
    <ele>2.2</ele>
    <time>2021-05-18T15:48:12Z</time>
   </trkpt>
   <trkpt lat="52.0572630" lon="4.3471650">
    <ele>2.2</ele>
    <time>2021-05-18T15:48:13Z</time>
   </trkpt>
   <trkpt lat="52.0573100" lon="4.3471350">
    <ele>2.2</ele>
    <time>2021-05-18T15:48:15Z</time>
   </trkpt>
   <trkpt lat="52.0574550" lon="4.3470550">
    <ele>2.3</ele>
    <time>2021-05-18T15:48:16Z</time>
   </trkpt>
   <trkpt lat="52.0575470" lon="4.3469740">
    <ele>2.3</ele>
    <time>2021-05-18T15:48:18Z</time>
   </trkpt>
   <trkpt lat="52.0576370" lon="4.3468620">
    <ele>2.3</ele>
    <time>2021-05-18T15:48:20Z</time>
   </trkpt>
   <trkpt lat="52.0576810" lon="4.3468030">
    <ele>2.2</ele>
    <time>2021-05-18T15:48:21Z</time>
   </trkpt>
   <trkpt lat="52.0577820" lon="4.3466690">
    <ele>2.1</ele>
    <time>2021-05-18T15:48:23Z</time>
   </trkpt>
   <trkpt lat="52.0578880" lon="4.3465680">
    <ele>2.1</ele>
    <time>2021-05-18T15:48:25Z</time>
   </trkpt>
   <trkpt lat="52.0579410" lon="4.3465140">
    <ele>2.1</ele>
    <time>2021-05-18T15:48:26Z</time>
   </trkpt>
   <trkpt lat="52.0580420" lon="4.3464020">
    <ele>2.0</ele>
    <time>2021-05-18T15:48:28Z</time>
   </trkpt>
   <trkpt lat="52.0581390" lon="4.3462970">
    <ele>2.0</ele>
    <time>2021-05-18T15:48:30Z</time>
   </trkpt>
   <trkpt lat="52.0582410" lon="4.3461880">
    <ele>2.0</ele>
    <time>2021-05-18T15:48:32Z</time>
   </trkpt>
   <trkpt lat="52.0582900" lon="4.3461350">
    <ele>1.9</ele>
    <time>2021-05-18T15:48:33Z</time>
   </trkpt>
   <trkpt lat="52.0583350" lon="4.3460760">
    <ele>1.9</ele>
    <time>2021-05-18T15:48:34Z</time>
   </trkpt>
   <trkpt lat="52.0584140" lon="4.3459590">
    <ele>1.9</ele>
    <time>2021-05-18T15:48:36Z</time>
   </trkpt>
   <trkpt lat="52.0585120" lon="4.3458440">
    <ele>1.8</ele>
    <time>2021-05-18T15:48:38Z</time>
   </trkpt>
   <trkpt lat="52.0586100" lon="4.3457280">
    <ele>1.8</ele>
    <time>2021-05-18T15:48:40Z</time>
   </trkpt>
   <trkpt lat="52.0586560" lon="4.3456670">
    <ele>1.8</ele>
    <time>2021-05-18T15:48:41Z</time>
   </trkpt>
   <trkpt lat="52.0587050" lon="4.3456090">
    <ele>1.8</ele>
    <time>2021-05-18T15:48:42Z</time>
   </trkpt>
   <trkpt lat="52.0587530" lon="4.3455560">
    <ele>1.8</ele>
    <time>2021-05-18T15:48:43Z</time>
   </trkpt>
   <trkpt lat="52.0588110" lon="4.3455020">
    <ele>1.8</ele>
    <time>2021-05-18T15:48:44Z</time>
   </trkpt>
   <trkpt lat="52.0588650" lon="4.3454430">
    <ele>1.8</ele>
    <time>2021-05-18T15:48:45Z</time>
   </trkpt>
   <trkpt lat="52.0589650" lon="4.3453340">
    <ele>1.8</ele>
    <time>2021-05-18T15:48:47Z</time>
   </trkpt>
   <trkpt lat="52.0590130" lon="4.3452730">
    <ele>1.8</ele>
    <time>2021-05-18T15:48:48Z</time>
   </trkpt>
   <trkpt lat="52.0590650" lon="4.3452150">
    <ele>1.8</ele>
    <time>2021-05-18T15:48:49Z</time>
   </trkpt>
   <trkpt lat="52.0591630" lon="4.3450860">
    <ele>2.0</ele>
    <time>2021-05-18T15:48:51Z</time>
   </trkpt>
   <trkpt lat="52.0592050" lon="4.3450240">
    <ele>2.1</ele>
    <time>2021-05-18T15:48:52Z</time>
   </trkpt>
   <trkpt lat="52.0593020" lon="4.3449230">
    <ele>2.3</ele>
    <time>2021-05-18T15:48:54Z</time>
   </trkpt>
   <trkpt lat="52.0593490" lon="4.3448790">
    <ele>2.5</ele>
    <time>2021-05-18T15:48:55Z</time>
   </trkpt>
   <trkpt lat="52.0593900" lon="4.3448270">
    <ele>2.7</ele>
    <time>2021-05-18T15:48:56Z</time>
   </trkpt>
   <trkpt lat="52.0594310" lon="4.3447880">
    <ele>2.9</ele>
    <time>2021-05-18T15:48:57Z</time>
   </trkpt>
   <trkpt lat="52.0595250" lon="4.3447050">
    <ele>3.3</ele>
    <time>2021-05-18T15:49:00Z</time>
   </trkpt>
   <trkpt lat="52.0595740" lon="4.3446620">
    <ele>3.5</ele>
    <time>2021-05-18T15:49:02Z</time>
   </trkpt>
   <trkpt lat="52.0595750" lon="4.3446430">
    <ele>3.6</ele>
    <time>2021-05-18T15:49:05Z</time>
   </trkpt>
   <trkpt lat="52.0595750" lon="4.3446310">
    <ele>3.6</ele>
    <time>2021-05-18T15:49:08Z</time>
   </trkpt>
   <trkpt lat="52.0595760" lon="4.3446180">
    <ele>3.6</ele>
    <time>2021-05-18T15:49:09Z</time>
   </trkpt>
   <trkpt lat="52.0595770" lon="4.3446050">
    <ele>3.7</ele>
    <time>2021-05-18T15:49:10Z</time>
   </trkpt>
   <trkpt lat="52.0595780" lon="4.3445920">
    <ele>3.7</ele>
    <time>2021-05-18T15:49:13Z</time>
   </trkpt>
   <trkpt lat="52.0595780" lon="4.3445800">
    <ele>3.7</ele>
    <time>2021-05-18T15:49:53Z</time>
   </trkpt>
   <trkpt lat="52.0595790" lon="4.3445670">
    <ele>3.8</ele>
    <time>2021-05-18T15:49:54Z</time>
   </trkpt>
   <trkpt lat="52.0595880" lon="4.3445380">
    <ele>3.8</ele>
    <time>2021-05-18T15:49:55Z</time>
   </trkpt>
   <trkpt lat="52.0596030" lon="4.3444660">
    <ele>4.0</ele>
    <time>2021-05-18T15:49:57Z</time>
   </trkpt>
   <trkpt lat="52.0596050" lon="4.3444160">
    <ele>4.0</ele>
    <time>2021-05-18T15:49:58Z</time>
   </trkpt>
   <trkpt lat="52.0595970" lon="4.3443650">
    <ele>4.0</ele>
    <time>2021-05-18T15:49:59Z</time>
   </trkpt>
   <trkpt lat="52.0595610" lon="4.3443050">
    <ele>4.0</ele>
    <time>2021-05-18T15:50:01Z</time>
   </trkpt>
   <trkpt lat="52.0595150" lon="4.3442460">
    <ele>4.0</ele>
    <time>2021-05-18T15:50:02Z</time>
   </trkpt>
   <trkpt lat="52.0594850" lon="4.3442000">
    <ele>4.0</ele>
    <time>2021-05-18T15:50:04Z</time>
   </trkpt>
   <trkpt lat="52.0594380" lon="4.3441240">
    <ele>4.0</ele>
    <time>2021-05-18T15:50:05Z</time>
   </trkpt>
   <trkpt lat="52.0594010" lon="4.3440390">
    <ele>3.9</ele>
    <time>2021-05-18T15:50:06Z</time>
   </trkpt>
   <trkpt lat="52.0593610" lon="4.3439250">
    <ele>3.9</ele>
    <time>2021-05-18T15:50:08Z</time>
   </trkpt>
   <trkpt lat="52.0593530" lon="4.3438710">
    <ele>3.9</ele>
    <time>2021-05-18T15:50:09Z</time>
   </trkpt>
   <trkpt lat="52.0593530" lon="4.3438320">
    <ele>3.8</ele>
    <time>2021-05-18T15:50:10Z</time>
   </trkpt>
   <trkpt lat="52.0593540" lon="4.3437780">
    <ele>3.8</ele>
    <time>2021-05-18T15:50:12Z</time>
   </trkpt>
   <trkpt lat="52.0594120" lon="4.3436970">
    <ele>3.6</ele>
    <time>2021-05-18T15:50:13Z</time>
   </trkpt>
   <trkpt lat="52.0595070" lon="4.3435600">
    <ele>3.1</ele>
    <time>2021-05-18T15:50:16Z</time>
   </trkpt>
   <trkpt lat="52.0596090" lon="4.3434100">
    <ele>2.7</ele>
    <time>2021-05-18T15:50:17Z</time>
   </trkpt>
   <trkpt lat="52.0597250" lon="4.3432690">
    <ele>2.5</ele>
    <time>2021-05-18T15:50:19Z</time>
   </trkpt>
   <trkpt lat="52.0597780" lon="4.3432010">
    <ele>2.4</ele>
    <time>2021-05-18T15:50:20Z</time>
   </trkpt>
   <trkpt lat="52.0598240" lon="4.3431380">
    <ele>2.3</ele>
    <time>2021-05-18T15:50:21Z</time>
   </trkpt>
   <trkpt lat="52.0599180" lon="4.3430060">
    <ele>2.3</ele>
    <time>2021-05-18T15:50:23Z</time>
   </trkpt>
   <trkpt lat="52.0599680" lon="4.3429360">
    <ele>2.2</ele>
    <time>2021-05-18T15:50:24Z</time>
   </trkpt>
   <trkpt lat="52.0600950" lon="4.3428040">
    <ele>2.2</ele>
    <time>2021-05-18T15:50:27Z</time>
   </trkpt>
   <trkpt lat="52.0601560" lon="4.3427430">
    <ele>2.2</ele>
    <time>2021-05-18T15:50:28Z</time>
   </trkpt>
   <trkpt lat="52.0602540" lon="4.3426270">
    <ele>2.3</ele>
    <time>2021-05-18T15:50:29Z</time>
   </trkpt>
   <trkpt lat="52.0603530" lon="4.3424930">
    <ele>2.4</ele>
    <time>2021-05-18T15:50:31Z</time>
   </trkpt>
   <trkpt lat="52.0604110" lon="4.3424340">
    <ele>2.4</ele>
    <time>2021-05-18T15:50:33Z</time>
   </trkpt>
   <trkpt lat="52.0605130" lon="4.3422980">
    <ele>2.5</ele>
    <time>2021-05-18T15:50:34Z</time>
   </trkpt>
   <trkpt lat="52.0605520" lon="4.3422250">
    <ele>2.5</ele>
    <time>2021-05-18T15:50:36Z</time>
   </trkpt>
   <trkpt lat="52.0606400" lon="4.3420880">
    <ele>2.5</ele>
    <time>2021-05-18T15:50:37Z</time>
   </trkpt>
   <trkpt lat="52.0606860" lon="4.3420160">
    <ele>2.5</ele>
    <time>2021-05-18T15:50:39Z</time>
   </trkpt>
   <trkpt lat="52.0607850" lon="4.3418640">
    <ele>2.5</ele>
    <time>2021-05-18T15:50:40Z</time>
   </trkpt>
   <trkpt lat="52.0608700" lon="4.3417090">
    <ele>2.5</ele>
    <time>2021-05-18T15:50:42Z</time>
   </trkpt>
   <trkpt lat="52.0610080" lon="4.3414830">
    <ele>2.5</ele>
    <time>2021-05-18T15:50:45Z</time>
   </trkpt>
   <trkpt lat="52.0610590" lon="4.3414130">
    <ele>2.5</ele>
    <time>2021-05-18T15:50:46Z</time>
   </trkpt>
   <trkpt lat="52.0611550" lon="4.3412840">
    <ele>2.4</ele>
    <time>2021-05-18T15:50:48Z</time>
   </trkpt>
   <trkpt lat="52.0612040" lon="4.3412040">
    <ele>2.4</ele>
    <time>2021-05-18T15:50:49Z</time>
   </trkpt>
   <trkpt lat="52.0612500" lon="4.3411260">
    <ele>2.4</ele>
    <time>2021-05-18T15:50:51Z</time>
   </trkpt>
   <trkpt lat="52.0613420" lon="4.3409670">
    <ele>2.4</ele>
    <time>2021-05-18T15:50:52Z</time>
   </trkpt>
   <trkpt lat="52.0614660" lon="4.3408180">
    <ele>2.4</ele>
    <time>2021-05-18T15:50:54Z</time>
   </trkpt>
   <trkpt lat="52.0615150" lon="4.3407450">
    <ele>2.4</ele>
    <time>2021-05-18T15:50:55Z</time>
   </trkpt>
   <trkpt lat="52.0616150" lon="4.3405880">
    <ele>2.3</ele>
    <time>2021-05-18T15:50:57Z</time>
   </trkpt>
   <trkpt lat="52.0616790" lon="4.3404360">
    <ele>2.3</ele>
    <time>2021-05-18T15:50:59Z</time>
   </trkpt>
   <trkpt lat="52.0617340" lon="4.3402900">
    <ele>2.3</ele>
    <time>2021-05-18T15:51:01Z</time>
   </trkpt>
   <trkpt lat="52.0618160" lon="4.3401460">
    <ele>2.3</ele>
    <time>2021-05-18T15:51:03Z</time>
   </trkpt>
   <trkpt lat="52.0619060" lon="4.3399770">
    <ele>2.3</ele>
    <time>2021-05-18T15:51:05Z</time>
   </trkpt>
   <trkpt lat="52.0619500" lon="4.3399040">
    <ele>2.3</ele>
    <time>2021-05-18T15:51:06Z</time>
   </trkpt>
   <trkpt lat="52.0620000" lon="4.3398250">
    <ele>2.3</ele>
    <time>2021-05-18T15:51:07Z</time>
   </trkpt>
   <trkpt lat="52.0621030" lon="4.3396850">
    <ele>2.3</ele>
    <time>2021-05-18T15:51:09Z</time>
   </trkpt>
   <trkpt lat="52.0622150" lon="4.3395170">
    <ele>2.2</ele>
    <time>2021-05-18T15:51:11Z</time>
   </trkpt>
   <trkpt lat="52.0623530" lon="4.3393440">
    <ele>2.2</ele>
    <time>2021-05-18T15:51:14Z</time>
   </trkpt>
   <trkpt lat="52.0624170" lon="4.3392590">
    <ele>2.2</ele>
    <time>2021-05-18T15:51:15Z</time>
   </trkpt>
   <trkpt lat="52.0625590" lon="4.3390850">
    <ele>2.2</ele>
    <time>2021-05-18T15:51:16Z</time>
   </trkpt>
   <trkpt lat="52.0626340" lon="4.3390020">
    <ele>2.2</ele>
    <time>2021-05-18T15:51:17Z</time>
   </trkpt>
   <trkpt lat="52.0628360" lon="4.3387880">
    <ele>2.2</ele>
    <time>2021-05-18T15:51:20Z</time>
   </trkpt>
   <trkpt lat="52.0629790" lon="4.3386140">
    <ele>2.2</ele>
    <time>2021-05-18T15:51:22Z</time>
   </trkpt>
   <trkpt lat="52.0630590" lon="4.3385430">
    <ele>2.2</ele>
    <time>2021-05-18T15:51:23Z</time>
   </trkpt>
   <trkpt lat="52.0631720" lon="4.3383980">
    <ele>2.2</ele>
    <time>2021-05-18T15:51:26Z</time>
   </trkpt>
   <trkpt lat="52.0632840" lon="4.3382530">
    <ele>2.2</ele>
    <time>2021-05-18T15:51:27Z</time>
   </trkpt>
   <trkpt lat="52.0633990" lon="4.3381290">
    <ele>2.2</ele>
    <time>2021-05-18T15:51:29Z</time>
   </trkpt>
   <trkpt lat="52.0635240" lon="4.3380140">
    <ele>2.1</ele>
    <time>2021-05-18T15:51:32Z</time>
   </trkpt>
   <trkpt lat="52.0636360" lon="4.3378680">
    <ele>2.1</ele>
    <time>2021-05-18T15:51:33Z</time>
   </trkpt>
   <trkpt lat="52.0637040" lon="4.3378010">
    <ele>2.1</ele>
    <time>2021-05-18T15:51:34Z</time>
   </trkpt>
   <trkpt lat="52.0637680" lon="4.3377320">
    <ele>2.1</ele>
    <time>2021-05-18T15:51:35Z</time>
   </trkpt>
   <trkpt lat="52.0638800" lon="4.3375800">
    <ele>2.1</ele>
    <time>2021-05-18T15:51:37Z</time>
   </trkpt>
   <trkpt lat="52.0639340" lon="4.3375080">
    <ele>2.2</ele>
    <time>2021-05-18T15:51:38Z</time>
   </trkpt>
   <trkpt lat="52.0639820" lon="4.3374350">
    <ele>2.2</ele>
    <time>2021-05-18T15:51:39Z</time>
   </trkpt>
   <trkpt lat="52.0640810" lon="4.3372910">
    <ele>2.2</ele>
    <time>2021-05-18T15:51:41Z</time>
   </trkpt>
   <trkpt lat="52.0641460" lon="4.3372230">
    <ele>2.2</ele>
    <time>2021-05-18T15:51:42Z</time>
   </trkpt>
   <trkpt lat="52.0642090" lon="4.3371550">
    <ele>2.2</ele>
    <time>2021-05-18T15:51:43Z</time>
   </trkpt>
   <trkpt lat="52.0643730" lon="4.3369490">
    <ele>2.3</ele>
    <time>2021-05-18T15:51:46Z</time>
   </trkpt>
   <trkpt lat="52.0644780" lon="4.3368220">
    <ele>2.3</ele>
    <time>2021-05-18T15:51:48Z</time>
   </trkpt>
   <trkpt lat="52.0645800" lon="4.3366870">
    <ele>2.3</ele>
    <time>2021-05-18T15:51:50Z</time>
   </trkpt>
   <trkpt lat="52.0646170" lon="4.3366280">
    <ele>2.3</ele>
    <time>2021-05-18T15:51:52Z</time>
   </trkpt>
   <trkpt lat="52.0646970" lon="4.3365230">
    <ele>2.3</ele>
    <time>2021-05-18T15:51:53Z</time>
   </trkpt>
   <trkpt lat="52.0648110" lon="4.3363950">
    <ele>2.3</ele>
    <time>2021-05-18T15:51:55Z</time>
   </trkpt>
   <trkpt lat="52.0649260" lon="4.3362480">
    <ele>2.3</ele>
    <time>2021-05-18T15:51:57Z</time>
   </trkpt>
   <trkpt lat="52.0649900" lon="4.3361820">
    <ele>2.3</ele>
    <time>2021-05-18T15:51:58Z</time>
   </trkpt>
   <trkpt lat="52.0650490" lon="4.3361090">
    <ele>2.3</ele>
    <time>2021-05-18T15:51:59Z</time>
   </trkpt>
   <trkpt lat="52.0651100" lon="4.3360410">
    <ele>2.3</ele>
    <time>2021-05-18T15:52:00Z</time>
   </trkpt>
   <trkpt lat="52.0652180" lon="4.3358850">
    <ele>2.3</ele>
    <time>2021-05-18T15:52:02Z</time>
   </trkpt>
   <trkpt lat="52.0653200" lon="4.3357460">
    <ele>2.3</ele>
    <time>2021-05-18T15:52:04Z</time>
   </trkpt>
   <trkpt lat="52.0654400" lon="4.3355900">
    <ele>2.3</ele>
    <time>2021-05-18T15:52:06Z</time>
   </trkpt>
   <trkpt lat="52.0654980" lon="4.3355270">
    <ele>2.3</ele>
    <time>2021-05-18T15:52:07Z</time>
   </trkpt>
   <trkpt lat="52.0655540" lon="4.3354610">
    <ele>2.3</ele>
    <time>2021-05-18T15:52:08Z</time>
   </trkpt>
   <trkpt lat="52.0656650" lon="4.3353200">
    <ele>2.3</ele>
    <time>2021-05-18T15:52:10Z</time>
   </trkpt>
   <trkpt lat="52.0657200" lon="4.3352560">
    <ele>2.3</ele>
    <time>2021-05-18T15:52:11Z</time>
   </trkpt>
   <trkpt lat="52.0658280" lon="4.3351150">
    <ele>2.3</ele>
    <time>2021-05-18T15:52:13Z</time>
   </trkpt>
   <trkpt lat="52.0658880" lon="4.3350490">
    <ele>2.3</ele>
    <time>2021-05-18T15:52:15Z</time>
   </trkpt>
   <trkpt lat="52.0659940" lon="4.3349250">
    <ele>2.3</ele>
    <time>2021-05-18T15:52:16Z</time>
   </trkpt>
   <trkpt lat="52.0660500" lon="4.3348640">
    <ele>2.3</ele>
    <time>2021-05-18T15:52:17Z</time>
   </trkpt>
   <trkpt lat="52.0661540" lon="4.3347310">
    <ele>2.3</ele>
    <time>2021-05-18T15:52:19Z</time>
   </trkpt>
   <trkpt lat="52.0662060" lon="4.3346580">
    <ele>2.3</ele>
    <time>2021-05-18T15:52:21Z</time>
   </trkpt>
   <trkpt lat="52.0663080" lon="4.3345280">
    <ele>2.2</ele>
    <time>2021-05-18T15:52:22Z</time>
   </trkpt>
   <trkpt lat="52.0664140" lon="4.3343910">
    <ele>2.2</ele>
    <time>2021-05-18T15:52:24Z</time>
   </trkpt>
   <trkpt lat="52.0664740" lon="4.3343300">
    <ele>2.2</ele>
    <time>2021-05-18T15:52:25Z</time>
   </trkpt>
   <trkpt lat="52.0665270" lon="4.3342610">
    <ele>2.1</ele>
    <time>2021-05-18T15:52:27Z</time>
   </trkpt>
   <trkpt lat="52.0666320" lon="4.3341310">
    <ele>2.1</ele>
    <time>2021-05-18T15:52:28Z</time>
   </trkpt>
   <trkpt lat="52.0666840" lon="4.3340770">
    <ele>2.1</ele>
    <time>2021-05-18T15:52:29Z</time>
   </trkpt>
   <trkpt lat="52.0667350" lon="4.3340100">
    <ele>2.0</ele>
    <time>2021-05-18T15:52:30Z</time>
   </trkpt>
   <trkpt lat="52.0667750" lon="4.3339380">
    <ele>2.0</ele>
    <time>2021-05-18T15:52:31Z</time>
   </trkpt>
   <trkpt lat="52.0668410" lon="4.3337660">
    <ele>2.2</ele>
    <time>2021-05-18T15:52:33Z</time>
   </trkpt>
   <trkpt lat="52.0668820" lon="4.3336840">
    <ele>2.3</ele>
    <time>2021-05-18T15:52:34Z</time>
   </trkpt>
   <trkpt lat="52.0669820" lon="4.3335760">
    <ele>2.4</ele>
    <time>2021-05-18T15:52:36Z</time>
   </trkpt>
   <trkpt lat="52.0670400" lon="4.3335370">
    <ele>2.4</ele>
    <time>2021-05-18T15:52:37Z</time>
   </trkpt>
   <trkpt lat="52.0671460" lon="4.3334390">
    <ele>2.6</ele>
    <time>2021-05-18T15:52:39Z</time>
   </trkpt>
   <trkpt lat="52.0671920" lon="4.3333700">
    <ele>2.6</ele>
    <time>2021-05-18T15:52:40Z</time>
   </trkpt>
   <trkpt lat="52.0673010" lon="4.3332720">
    <ele>2.6</ele>
    <time>2021-05-18T15:52:42Z</time>
   </trkpt>
   <trkpt lat="52.0674000" lon="4.3331750">
    <ele>2.6</ele>
    <time>2021-05-18T15:52:44Z</time>
   </trkpt>
   <trkpt lat="52.0674890" lon="4.3330720">
    <ele>2.7</ele>
    <time>2021-05-18T15:52:47Z</time>
   </trkpt>
   <trkpt lat="52.0675120" lon="4.3330120">
    <ele>2.7</ele>
    <time>2021-05-18T15:52:48Z</time>
   </trkpt>
   <trkpt lat="52.0675630" lon="4.3328480">
    <ele>2.7</ele>
    <time>2021-05-18T15:52:49Z</time>
   </trkpt>
   <trkpt lat="52.0675540" lon="4.3327630">
    <ele>2.7</ele>
    <time>2021-05-18T15:52:50Z</time>
   </trkpt>
   <trkpt lat="52.0675440" lon="4.3325900">
    <ele>2.8</ele>
    <time>2021-05-18T15:52:52Z</time>
   </trkpt>
   <trkpt lat="52.0675510" lon="4.3325140">
    <ele>2.8</ele>
    <time>2021-05-18T15:52:53Z</time>
   </trkpt>
   <trkpt lat="52.0675560" lon="4.3323420">
    <ele>2.8</ele>
    <time>2021-05-18T15:52:55Z</time>
   </trkpt>
   <trkpt lat="52.0675630" lon="4.3322620">
    <ele>2.8</ele>
    <time>2021-05-18T15:52:56Z</time>
   </trkpt>
   <trkpt lat="52.0676180" lon="4.3321230">
    <ele>2.8</ele>
    <time>2021-05-18T15:52:59Z</time>
   </trkpt>
   <trkpt lat="52.0676670" lon="4.3320900">
    <ele>2.8</ele>
    <time>2021-05-18T15:53:00Z</time>
   </trkpt>
   <trkpt lat="52.0677590" lon="4.3320180">
    <ele>2.8</ele>
    <time>2021-05-18T15:53:02Z</time>
   </trkpt>
   <trkpt lat="52.0678250" lon="4.3319490">
    <ele>2.8</ele>
    <time>2021-05-18T15:53:03Z</time>
   </trkpt>
   <trkpt lat="52.0678340" lon="4.3318710">
    <ele>2.8</ele>
    <time>2021-05-18T15:53:05Z</time>
   </trkpt>
   <trkpt lat="52.0677780" lon="4.3317820">
    <ele>2.7</ele>
    <time>2021-05-18T15:53:06Z</time>
   </trkpt>
   <trkpt lat="52.0677250" lon="4.3316350">
    <ele>2.6</ele>
    <time>2021-05-18T15:53:08Z</time>
   </trkpt>
   <trkpt lat="52.0676930" lon="4.3315630">
    <ele>2.6</ele>
    <time>2021-05-18T15:53:09Z</time>
   </trkpt>
   <trkpt lat="52.0676590" lon="4.3314920">
    <ele>2.6</ele>
    <time>2021-05-18T15:53:10Z</time>
   </trkpt>
   <trkpt lat="52.0676220" lon="4.3314250">
    <ele>2.5</ele>
    <time>2021-05-18T15:53:11Z</time>
   </trkpt>
   <trkpt lat="52.0675880" lon="4.3313550">
    <ele>2.5</ele>
    <time>2021-05-18T15:53:12Z</time>
   </trkpt>
   <trkpt lat="52.0675620" lon="4.3312880">
    <ele>2.5</ele>
    <time>2021-05-18T15:53:13Z</time>
   </trkpt>
   <trkpt lat="52.0675330" lon="4.3312120">
    <ele>2.5</ele>
    <time>2021-05-18T15:53:14Z</time>
   </trkpt>
   <trkpt lat="52.0675040" lon="4.3311380">
    <ele>2.5</ele>
    <time>2021-05-18T15:53:15Z</time>
   </trkpt>
   <trkpt lat="52.0674430" lon="4.3310000">
    <ele>2.4</ele>
    <time>2021-05-18T15:53:17Z</time>
   </trkpt>
   <trkpt lat="52.0674100" lon="4.3309330">
    <ele>2.4</ele>
    <time>2021-05-18T15:53:18Z</time>
   </trkpt>
   <trkpt lat="52.0673480" lon="4.3307740">
    <ele>2.4</ele>
    <time>2021-05-18T15:53:21Z</time>
   </trkpt>
   <trkpt lat="52.0672810" lon="4.3305980">
    <ele>2.4</ele>
    <time>2021-05-18T15:53:22Z</time>
   </trkpt>
   <trkpt lat="52.0672510" lon="4.3305080">
    <ele>2.4</ele>
    <time>2021-05-18T15:53:23Z</time>
   </trkpt>
   <trkpt lat="52.0671940" lon="4.3303290">
    <ele>2.4</ele>
    <time>2021-05-18T15:53:25Z</time>
   </trkpt>
   <trkpt lat="52.0671280" lon="4.3301780">
    <ele>2.5</ele>
    <time>2021-05-18T15:53:27Z</time>
   </trkpt>
   <trkpt lat="52.0670990" lon="4.3301040">
    <ele>2.5</ele>
    <time>2021-05-18T15:53:28Z</time>
   </trkpt>
   <trkpt lat="52.0670470" lon="4.3299530">
    <ele>2.5</ele>
    <time>2021-05-18T15:53:30Z</time>
   </trkpt>
   <trkpt lat="52.0670180" lon="4.3298780">
    <ele>2.5</ele>
    <time>2021-05-18T15:53:31Z</time>
   </trkpt>
   <trkpt lat="52.0669860" lon="4.3298020">
    <ele>2.5</ele>
    <time>2021-05-18T15:53:33Z</time>
   </trkpt>
   <trkpt lat="52.0669250" lon="4.3296640">
    <ele>2.6</ele>
    <time>2021-05-18T15:53:34Z</time>
   </trkpt>
   <trkpt lat="52.0668730" lon="4.3295240">
    <ele>2.6</ele>
    <time>2021-05-18T15:53:36Z</time>
   </trkpt>
   <trkpt lat="52.0668550" lon="4.3294590">
    <ele>2.6</ele>
    <time>2021-05-18T15:53:38Z</time>
   </trkpt>
   <trkpt lat="52.0668730" lon="4.3293650">
    <ele>2.7</ele>
    <time>2021-05-18T15:53:39Z</time>
   </trkpt>
   <trkpt lat="52.0669100" lon="4.3293340">
    <ele>2.8</ele>
    <time>2021-05-18T15:53:40Z</time>
   </trkpt>
   <trkpt lat="52.0669650" lon="4.3292950">
    <ele>2.8</ele>
    <time>2021-05-18T15:53:41Z</time>
   </trkpt>
   <trkpt lat="52.0670290" lon="4.3292380">
    <ele>2.9</ele>
    <time>2021-05-18T15:53:42Z</time>
   </trkpt>
   <trkpt lat="52.0671620" lon="4.3291170">
    <ele>3.2</ele>
    <time>2021-05-18T15:53:44Z</time>
   </trkpt>
   <trkpt lat="52.0672340" lon="4.3290590">
    <ele>3.4</ele>
    <time>2021-05-18T15:53:45Z</time>
   </trkpt>
   <trkpt lat="52.0673480" lon="4.3289260">
    <ele>3.8</ele>
    <time>2021-05-18T15:53:47Z</time>
   </trkpt>
   <trkpt lat="52.0674020" lon="4.3288640">
    <ele>3.9</ele>
    <time>2021-05-18T15:53:48Z</time>
   </trkpt>
   <trkpt lat="52.0674520" lon="4.3288040">
    <ele>4.0</ele>
    <time>2021-05-18T15:53:49Z</time>
   </trkpt>
   <trkpt lat="52.0675000" lon="4.3287530">
    <ele>4.0</ele>
    <time>2021-05-18T15:53:50Z</time>
   </trkpt>
   <trkpt lat="52.0675860" lon="4.3286600">
    <ele>4.1</ele>
    <time>2021-05-18T15:53:52Z</time>
   </trkpt>
   <trkpt lat="52.0676310" lon="4.3286100">
    <ele>4.1</ele>
    <time>2021-05-18T15:53:53Z</time>
   </trkpt>
   <trkpt lat="52.0677200" lon="4.3285060">
    <ele>4.2</ele>
    <time>2021-05-18T15:53:55Z</time>
   </trkpt>
   <trkpt lat="52.0678000" lon="4.3284190">
    <ele>4.2</ele>
    <time>2021-05-18T15:53:58Z</time>
   </trkpt>
   <trkpt lat="52.0678600" lon="4.3283330">
    <ele>4.2</ele>
    <time>2021-05-18T15:53:59Z</time>
   </trkpt>
   <trkpt lat="52.0678990" lon="4.3282860">
    <ele>4.2</ele>
    <time>2021-05-18T15:54:00Z</time>
   </trkpt>
   <trkpt lat="52.0679380" lon="4.3282250">
    <ele>4.2</ele>
    <time>2021-05-18T15:54:01Z</time>
   </trkpt>
   <trkpt lat="52.0680160" lon="4.3280830">
    <ele>3.9</ele>
    <time>2021-05-18T15:54:04Z</time>
   </trkpt>
   <trkpt lat="52.0681190" lon="4.3279670">
    <ele>3.6</ele>
    <time>2021-05-18T15:54:05Z</time>
   </trkpt>
   <trkpt lat="52.0681690" lon="4.3279060">
    <ele>3.4</ele>
    <time>2021-05-18T15:54:06Z</time>
   </trkpt>
   <trkpt lat="52.0682240" lon="4.3278440">
    <ele>3.3</ele>
    <time>2021-05-18T15:54:07Z</time>
   </trkpt>
   <trkpt lat="52.0683320" lon="4.3277280">
    <ele>2.9</ele>
    <time>2021-05-18T15:54:10Z</time>
   </trkpt>
   <trkpt lat="52.0684260" lon="4.3276470">
    <ele>2.8</ele>
    <time>2021-05-18T15:54:11Z</time>
   </trkpt>
   <trkpt lat="52.0685300" lon="4.3275510">
    <ele>2.6</ele>
    <time>2021-05-18T15:54:14Z</time>
   </trkpt>
   <trkpt lat="52.0685910" lon="4.3275020">
    <ele>2.5</ele>
    <time>2021-05-18T15:54:16Z</time>
   </trkpt>
   <trkpt lat="52.0686170" lon="4.3274780">
    <ele>2.5</ele>
    <time>2021-05-18T15:54:17Z</time>
   </trkpt>
   <trkpt lat="52.0686770" lon="4.3274290">
    <ele>2.4</ele>
    <time>2021-05-18T15:54:19Z</time>
   </trkpt>
   <trkpt lat="52.0687720" lon="4.3273300">
    <ele>2.3</ele>
    <time>2021-05-18T15:54:21Z</time>
   </trkpt>
   <trkpt lat="52.0688840" lon="4.3272290">
    <ele>2.2</ele>
    <time>2021-05-18T15:54:23Z</time>
   </trkpt>
   <trkpt lat="52.0690160" lon="4.3271170">
    <ele>2.1</ele>
    <time>2021-05-18T15:54:25Z</time>
   </trkpt>
   <trkpt lat="52.0690850" lon="4.3270640">
    <ele>2.0</ele>
    <time>2021-05-18T15:54:26Z</time>
   </trkpt>
   <trkpt lat="52.0692210" lon="4.3269720">
    <ele>2.0</ele>
    <time>2021-05-18T15:54:28Z</time>
   </trkpt>
   <trkpt lat="52.0692830" lon="4.3269150">
    <ele>2.0</ele>
    <time>2021-05-18T15:54:29Z</time>
   </trkpt>
   <trkpt lat="52.0694040" lon="4.3267870">
    <ele>2.1</ele>
    <time>2021-05-18T15:54:31Z</time>
   </trkpt>
   <trkpt lat="52.0694540" lon="4.3267380">
    <ele>2.1</ele>
    <time>2021-05-18T15:54:32Z</time>
   </trkpt>
   <trkpt lat="52.0695100" lon="4.3266820">
    <ele>2.1</ele>
    <time>2021-05-18T15:54:33Z</time>
   </trkpt>
   <trkpt lat="52.0696100" lon="4.3265770">
    <ele>2.2</ele>
    <time>2021-05-18T15:54:35Z</time>
   </trkpt>
   <trkpt lat="52.0696590" lon="4.3265200">
    <ele>2.2</ele>
    <time>2021-05-18T15:54:36Z</time>
   </trkpt>
   <trkpt lat="52.0697680" lon="4.3264240">
    <ele>2.2</ele>
    <time>2021-05-18T15:54:38Z</time>
   </trkpt>
   <trkpt lat="52.0698270" lon="4.3263780">
    <ele>2.3</ele>
    <time>2021-05-18T15:54:39Z</time>
   </trkpt>
   <trkpt lat="52.0698820" lon="4.3263280">
    <ele>2.3</ele>
    <time>2021-05-18T15:54:41Z</time>
   </trkpt>
   <trkpt lat="52.0699820" lon="4.3262180">
    <ele>2.3</ele>
    <time>2021-05-18T15:54:42Z</time>
   </trkpt>
   <trkpt lat="52.0700350" lon="4.3261660">
    <ele>2.4</ele>
    <time>2021-05-18T15:54:43Z</time>
   </trkpt>
   <trkpt lat="52.0701480" lon="4.3260580">
    <ele>2.4</ele>
    <time>2021-05-18T15:54:45Z</time>
   </trkpt>
   <trkpt lat="52.0702080" lon="4.3260140">
    <ele>2.3</ele>
    <time>2021-05-18T15:54:46Z</time>
   </trkpt>
   <trkpt lat="52.0703290" lon="4.3259230">
    <ele>2.3</ele>
    <time>2021-05-18T15:54:48Z</time>
   </trkpt>
   <trkpt lat="52.0704350" lon="4.3258220">
    <ele>2.2</ele>
    <time>2021-05-18T15:54:50Z</time>
   </trkpt>
   <trkpt lat="52.0704870" lon="4.3257770">
    <ele>2.2</ele>
    <time>2021-05-18T15:54:51Z</time>
   </trkpt>
   <trkpt lat="52.0706010" lon="4.3256760">
    <ele>2.2</ele>
    <time>2021-05-18T15:54:53Z</time>
   </trkpt>
   <trkpt lat="52.0706550" lon="4.3256220">
    <ele>2.1</ele>
    <time>2021-05-18T15:54:54Z</time>
   </trkpt>
   <trkpt lat="52.0707590" lon="4.3254900">
    <ele>2.1</ele>
    <time>2021-05-18T15:54:57Z</time>
   </trkpt>
   <trkpt lat="52.0708800" lon="4.3253810">
    <ele>2.0</ele>
    <time>2021-05-18T15:54:58Z</time>
   </trkpt>
   <trkpt lat="52.0709360" lon="4.3253220">
    <ele>2.0</ele>
    <time>2021-05-18T15:54:59Z</time>
   </trkpt>
   <trkpt lat="52.0710560" lon="4.3252070">
    <ele>1.9</ele>
    <time>2021-05-18T15:55:01Z</time>
   </trkpt>
   <trkpt lat="52.0713890" lon="4.3248760">
    <ele>2.0</ele>
    <time>2021-05-18T15:55:07Z</time>
   </trkpt>
   <trkpt lat="52.0714400" lon="4.3248200">
    <ele>2.0</ele>
    <time>2021-05-18T15:55:09Z</time>
   </trkpt>
   <trkpt lat="52.0715450" lon="4.3247190">
    <ele>2.1</ele>
    <time>2021-05-18T15:55:10Z</time>
   </trkpt>
   <trkpt lat="52.0715990" lon="4.3246710">
    <ele>2.2</ele>
    <time>2021-05-18T15:55:11Z</time>
   </trkpt>
   <trkpt lat="52.0717070" lon="4.3245810">
    <ele>2.3</ele>
    <time>2021-05-18T15:55:13Z</time>
   </trkpt>
   <trkpt lat="52.0717630" lon="4.3245330">
    <ele>2.4</ele>
    <time>2021-05-18T15:55:15Z</time>
   </trkpt>
   <trkpt lat="52.0718860" lon="4.3244570">
    <ele>2.5</ele>
    <time>2021-05-18T15:55:16Z</time>
   </trkpt>
   <trkpt lat="52.0719350" lon="4.3244180">
    <ele>2.6</ele>
    <time>2021-05-18T15:55:17Z</time>
   </trkpt>
   <trkpt lat="52.0720280" lon="4.3243170">
    <ele>2.9</ele>
    <time>2021-05-18T15:55:19Z</time>
   </trkpt>
   <trkpt lat="52.0721430" lon="4.3242480">
    <ele>3.0</ele>
    <time>2021-05-18T15:55:22Z</time>
   </trkpt>
   <trkpt lat="52.0722620" lon="4.3241880">
    <ele>3.1</ele>
    <time>2021-05-18T15:55:23Z</time>
   </trkpt>
   <trkpt lat="52.0723120" lon="4.3241640">
    <ele>3.1</ele>
    <time>2021-05-18T15:55:24Z</time>
   </trkpt>
   <trkpt lat="52.0723620" lon="4.3241520">
    <ele>3.2</ele>
    <time>2021-05-18T15:55:25Z</time>
   </trkpt>
   <trkpt lat="52.0724220" lon="4.3241460">
    <ele>3.3</ele>
    <time>2021-05-18T15:55:27Z</time>
   </trkpt>
   <trkpt lat="52.0725380" lon="4.3241720">
    <ele>3.6</ele>
    <time>2021-05-18T15:55:28Z</time>
   </trkpt>
   <trkpt lat="52.0726390" lon="4.3242280">
    <ele>3.9</ele>
    <time>2021-05-18T15:55:31Z</time>
   </trkpt>
   <trkpt lat="52.0727030" lon="4.3243280">
    <ele>4.1</ele>
    <time>2021-05-18T15:55:33Z</time>
   </trkpt>
   <trkpt lat="52.0727710" lon="4.3244480">
    <ele>4.3</ele>
    <time>2021-05-18T15:55:34Z</time>
   </trkpt>
   <trkpt lat="52.0727920" lon="4.3244840">
    <ele>4.4</ele>
    <time>2021-05-18T15:55:35Z</time>
   </trkpt>
   <trkpt lat="52.0728450" lon="4.3245480">
    <ele>4.4</ele>
    <time>2021-05-18T15:55:38Z</time>
   </trkpt>
   <trkpt lat="52.0728570" lon="4.3245560">
    <ele>4.4</ele>
    <time>2021-05-18T15:55:39Z</time>
   </trkpt>
   <trkpt lat="52.0728760" lon="4.3245720">
    <ele>4.5</ele>
    <time>2021-05-18T15:55:40Z</time>
   </trkpt>
   <trkpt lat="52.0728470" lon="4.3245770">
    <ele>4.5</ele>
    <time>2021-05-18T15:55:42Z</time>
   </trkpt>
   <trkpt lat="52.0728390" lon="4.3245820">
    <ele>4.5</ele>
    <time>2021-05-18T15:55:43Z</time>
   </trkpt>
   <trkpt lat="52.0728360" lon="4.3245820">
    <ele>4.5</ele>
    <time>2021-05-18T15:55:45Z</time>
   </trkpt>
   <trkpt lat="52.0728330" lon="4.3245790">
    <ele>4.5</ele>
    <time>2021-05-18T15:55:46Z</time>
   </trkpt>
   <trkpt lat="52.0728300" lon="4.3245810">
    <ele>4.5</ele>
    <time>2021-05-18T15:55:48Z</time>
   </trkpt>
   <trkpt lat="52.0728290" lon="4.3245830">
    <ele>4.5</ele>
    <time>2021-05-18T15:55:49Z</time>
   </trkpt>
   <trkpt lat="52.0728600" lon="4.3245370">
    <ele>4.5</ele>
    <time>2021-05-18T15:56:01Z</time>
   </trkpt>
   <trkpt lat="52.0728610" lon="4.3245410">
    <ele>4.5</ele>
    <time>2021-05-18T15:56:04Z</time>
   </trkpt>
   <trkpt lat="52.0728650" lon="4.3245380">
    <ele>4.5</ele>
    <time>2021-05-18T15:56:06Z</time>
   </trkpt>
   <trkpt lat="52.0728650" lon="4.3245400">
    <ele>4.5</ele>
    <time>2021-05-18T15:56:08Z</time>
   </trkpt>
   <trkpt lat="52.0728650" lon="4.3245410">
    <ele>4.5</ele>
    <time>2021-05-18T15:56:09Z</time>
   </trkpt>
   <trkpt lat="52.0728620" lon="4.3245500">
    <ele>4.5</ele>
    <time>2021-05-18T15:56:11Z</time>
   </trkpt>
   <trkpt lat="52.0728850" lon="4.3245710">
    <ele>4.6</ele>
    <time>2021-05-18T15:56:13Z</time>
   </trkpt>
   <trkpt lat="52.0728930" lon="4.3245580">
    <ele>4.6</ele>
    <time>2021-05-18T15:56:14Z</time>
   </trkpt>
   <trkpt lat="52.0729130" lon="4.3245240">
    <ele>4.6</ele>
    <time>2021-05-18T15:56:16Z</time>
   </trkpt>
   <trkpt lat="52.0729530" lon="4.3244700">
    <ele>4.6</ele>
    <time>2021-05-18T15:56:17Z</time>
   </trkpt>
   <trkpt lat="52.0729910" lon="4.3244180">
    <ele>4.6</ele>
    <time>2021-05-18T15:56:18Z</time>
   </trkpt>
   <trkpt lat="52.0730890" lon="4.3243310">
    <ele>4.6</ele>
    <time>2021-05-18T15:56:20Z</time>
   </trkpt>
   <trkpt lat="52.0731650" lon="4.3242130">
    <ele>4.5</ele>
    <time>2021-05-18T15:56:22Z</time>
   </trkpt>
   <trkpt lat="52.0732330" lon="4.3240690">
    <ele>4.4</ele>
    <time>2021-05-18T15:56:24Z</time>
   </trkpt>
   <trkpt lat="52.0733230" lon="4.3239170">
    <ele>4.0</ele>
    <time>2021-05-18T15:56:26Z</time>
   </trkpt>
   <trkpt lat="52.0733700" lon="4.3238380">
    <ele>3.9</ele>
    <time>2021-05-18T15:56:27Z</time>
   </trkpt>
   <trkpt lat="52.0734680" lon="4.3236730">
    <ele>3.6</ele>
    <time>2021-05-18T15:56:29Z</time>
   </trkpt>
   <trkpt lat="52.0735890" lon="4.3235050">
    <ele>3.4</ele>
    <time>2021-05-18T15:56:31Z</time>
   </trkpt>
   <trkpt lat="52.0736400" lon="4.3234210">
    <ele>3.3</ele>
    <time>2021-05-18T15:56:32Z</time>
   </trkpt>
   <trkpt lat="52.0736930" lon="4.3233420">
    <ele>3.2</ele>
    <time>2021-05-18T15:56:33Z</time>
   </trkpt>
   <trkpt lat="52.0737940" lon="4.3231780">
    <ele>3.1</ele>
    <time>2021-05-18T15:56:35Z</time>
   </trkpt>
   <trkpt lat="52.0738410" lon="4.3230910">
    <ele>3.1</ele>
    <time>2021-05-18T15:56:36Z</time>
   </trkpt>
   <trkpt lat="52.0738840" lon="4.3230030">
    <ele>3.0</ele>
    <time>2021-05-18T15:56:37Z</time>
   </trkpt>
   <trkpt lat="52.0739640" lon="4.3228290">
    <ele>3.0</ele>
    <time>2021-05-18T15:56:39Z</time>
   </trkpt>
   <trkpt lat="52.0740490" lon="4.3226620">
    <ele>3.0</ele>
    <time>2021-05-18T15:56:41Z</time>
   </trkpt>
   <trkpt lat="52.0740910" lon="4.3225790">
    <ele>3.0</ele>
    <time>2021-05-18T15:56:42Z</time>
   </trkpt>
   <trkpt lat="52.0741310" lon="4.3224940">
    <ele>3.0</ele>
    <time>2021-05-18T15:56:44Z</time>
   </trkpt>
   <trkpt lat="52.0742090" lon="4.3223340">
    <ele>2.9</ele>
    <time>2021-05-18T15:56:45Z</time>
   </trkpt>
   <trkpt lat="52.0742490" lon="4.3222540">
    <ele>2.9</ele>
    <time>2021-05-18T15:56:46Z</time>
   </trkpt>
   <trkpt lat="52.0743300" lon="4.3221000">
    <ele>2.9</ele>
    <time>2021-05-18T15:56:48Z</time>
   </trkpt>
   <trkpt lat="52.0744160" lon="4.3219530">
    <ele>3.0</ele>
    <time>2021-05-18T15:56:50Z</time>
   </trkpt>
   <trkpt lat="52.0744520" lon="4.3218740">
    <ele>3.0</ele>
    <time>2021-05-18T15:56:51Z</time>
   </trkpt>
   <trkpt lat="52.0744870" lon="4.3217970">
    <ele>3.0</ele>
    <time>2021-05-18T15:56:52Z</time>
   </trkpt>
   <trkpt lat="52.0745700" lon="4.3216400">
    <ele>3.1</ele>
    <time>2021-05-18T15:56:54Z</time>
   </trkpt>
   <trkpt lat="52.0746600" lon="4.3214580">
    <ele>3.2</ele>
    <time>2021-05-18T15:56:56Z</time>
   </trkpt>
   <trkpt lat="52.0747810" lon="4.3212750">
    <ele>3.3</ele>
    <time>2021-05-18T15:56:58Z</time>
   </trkpt>
   <trkpt lat="52.0748490" lon="4.3211830">
    <ele>3.5</ele>
    <time>2021-05-18T15:56:59Z</time>
   </trkpt>
   <trkpt lat="52.0749670" lon="4.3210230">
    <ele>3.7</ele>
    <time>2021-05-18T15:57:01Z</time>
   </trkpt>
   <trkpt lat="52.0750710" lon="4.3208740">
    <ele>4.0</ele>
    <time>2021-05-18T15:57:03Z</time>
   </trkpt>
   <trkpt lat="52.0751590" lon="4.3207300">
    <ele>4.1</ele>
    <time>2021-05-18T15:57:05Z</time>
   </trkpt>
   <trkpt lat="52.0751960" lon="4.3206540">
    <ele>4.2</ele>
    <time>2021-05-18T15:57:06Z</time>
   </trkpt>
   <trkpt lat="52.0752170" lon="4.3205640">
    <ele>4.2</ele>
    <time>2021-05-18T15:57:07Z</time>
   </trkpt>
   <trkpt lat="52.0752070" lon="4.3203660">
    <ele>4.3</ele>
    <time>2021-05-18T15:57:09Z</time>
   </trkpt>
   <trkpt lat="52.0751900" lon="4.3201610">
    <ele>4.3</ele>
    <time>2021-05-18T15:57:11Z</time>
   </trkpt>
   <trkpt lat="52.0751920" lon="4.3200600">
    <ele>4.3</ele>
    <time>2021-05-18T15:57:12Z</time>
   </trkpt>
   <trkpt lat="52.0752070" lon="4.3199630">
    <ele>4.3</ele>
    <time>2021-05-18T15:57:13Z</time>
   </trkpt>
   <trkpt lat="52.0752620" lon="4.3197780">
    <ele>4.1</ele>
    <time>2021-05-18T15:57:15Z</time>
   </trkpt>
   <trkpt lat="52.0753770" lon="4.3195150">
    <ele>3.7</ele>
    <time>2021-05-18T15:57:18Z</time>
   </trkpt>
   <trkpt lat="52.0754720" lon="4.3193470">
    <ele>3.3</ele>
    <time>2021-05-18T15:57:21Z</time>
   </trkpt>
   <trkpt lat="52.0755670" lon="4.3191830">
    <ele>3.1</ele>
    <time>2021-05-18T15:57:22Z</time>
   </trkpt>
   <trkpt lat="52.0756580" lon="4.3190250">
    <ele>3.0</ele>
    <time>2021-05-18T15:57:24Z</time>
   </trkpt>
   <trkpt lat="52.0757820" lon="4.3187970">
    <ele>3.0</ele>
    <time>2021-05-18T15:57:27Z</time>
   </trkpt>
   <trkpt lat="52.0758570" lon="4.3186510">
    <ele>3.0</ele>
    <time>2021-05-18T15:57:29Z</time>
   </trkpt>
   <trkpt lat="52.0759300" lon="4.3185290">
    <ele>3.1</ele>
    <time>2021-05-18T15:57:31Z</time>
   </trkpt>
   <trkpt lat="52.0759780" lon="4.3184130">
    <ele>3.2</ele>
    <time>2021-05-18T15:57:34Z</time>
   </trkpt>
   <trkpt lat="52.0760100" lon="4.3183610">
    <ele>3.2</ele>
    <time>2021-05-18T15:57:35Z</time>
   </trkpt>
   <trkpt lat="52.0760690" lon="4.3183150">
    <ele>3.3</ele>
    <time>2021-05-18T15:57:36Z</time>
   </trkpt>
   <trkpt lat="52.0760860" lon="4.3183020">
    <ele>3.3</ele>
    <time>2021-05-18T15:57:37Z</time>
   </trkpt>
   <trkpt lat="52.0761190" lon="4.3182720">
    <ele>3.3</ele>
    <time>2021-05-18T15:57:39Z</time>
   </trkpt>
   <trkpt lat="52.0761240" lon="4.3182680">
    <ele>3.3</ele>
    <time>2021-05-18T15:57:41Z</time>
   </trkpt>
   <trkpt lat="52.0761300" lon="4.3182640">
    <ele>3.3</ele>
    <time>2021-05-18T15:57:42Z</time>
   </trkpt>
   <trkpt lat="52.0761230" lon="4.3182710">
    <ele>3.3</ele>
    <time>2021-05-18T15:57:43Z</time>
   </trkpt>
   <trkpt lat="52.0761010" lon="4.3182710">
    <ele>3.3</ele>
    <time>2021-05-18T15:57:45Z</time>
   </trkpt>
   <trkpt lat="52.0760850" lon="4.3182680">
    <ele>3.3</ele>
    <time>2021-05-18T15:57:47Z</time>
   </trkpt>
   <trkpt lat="52.0760800" lon="4.3182690">
    <ele>3.3</ele>
    <time>2021-05-18T15:57:49Z</time>
   </trkpt>
   <trkpt lat="52.0760720" lon="4.3182720">
    <ele>3.3</ele>
    <time>2021-05-18T15:57:50Z</time>
   </trkpt>
   <trkpt lat="52.0760730" lon="4.3182710">
    <ele>3.3</ele>
    <time>2021-05-18T15:57:51Z</time>
   </trkpt>
   <trkpt lat="52.0760750" lon="4.3182720">
    <ele>3.3</ele>
    <time>2021-05-18T15:57:52Z</time>
   </trkpt>
   <trkpt lat="52.0760800" lon="4.3182760">
    <ele>3.3</ele>
    <time>2021-05-18T15:57:54Z</time>
   </trkpt>
   <trkpt lat="52.0761010" lon="4.3182860">
    <ele>3.4</ele>
    <time>2021-05-18T15:57:56Z</time>
   </trkpt>
   <trkpt lat="52.0761130" lon="4.3182740">
    <ele>3.4</ele>
    <time>2021-05-18T15:57:57Z</time>
   </trkpt>
   <trkpt lat="52.0761200" lon="4.3182580">
    <ele>3.4</ele>
    <time>2021-05-18T15:58:00Z</time>
   </trkpt>
   <trkpt lat="52.0761250" lon="4.3182450">
    <ele>3.4</ele>
    <time>2021-05-18T15:58:01Z</time>
   </trkpt>
   <trkpt lat="52.0761310" lon="4.3182320">
    <ele>3.4</ele>
    <time>2021-05-18T15:58:03Z</time>
   </trkpt>
   <trkpt lat="52.0761360" lon="4.3182180">
    <ele>3.4</ele>
    <time>2021-05-18T15:58:04Z</time>
   </trkpt>
   <trkpt lat="52.0761410" lon="4.3182050">
    <ele>3.4</ele>
    <time>2021-05-18T15:58:06Z</time>
   </trkpt>
   <trkpt lat="52.0761460" lon="4.3181920">
    <ele>3.4</ele>
    <time>2021-05-18T15:58:07Z</time>
   </trkpt>
   <trkpt lat="52.0761680" lon="4.3181440">
    <ele>3.4</ele>
    <time>2021-05-18T15:58:08Z</time>
   </trkpt>
   <trkpt lat="52.0761900" lon="4.3180860">
    <ele>3.4</ele>
    <time>2021-05-18T15:58:09Z</time>
   </trkpt>
   <trkpt lat="52.0762210" lon="4.3179970">
    <ele>3.4</ele>
    <time>2021-05-18T15:58:11Z</time>
   </trkpt>
   <trkpt lat="52.0762500" lon="4.3179220">
    <ele>3.4</ele>
    <time>2021-05-18T15:58:12Z</time>
   </trkpt>
   <trkpt lat="52.0762550" lon="4.3178220">
    <ele>3.3</ele>
    <time>2021-05-18T15:58:13Z</time>
   </trkpt>
   <trkpt lat="52.0762800" lon="4.3177500">
    <ele>3.3</ele>
    <time>2021-05-18T15:58:14Z</time>
   </trkpt>
   <trkpt lat="52.0763490" lon="4.3176220">
    <ele>3.2</ele>
    <time>2021-05-18T15:58:16Z</time>
   </trkpt>
   <trkpt lat="52.0763870" lon="4.3175600">
    <ele>3.2</ele>
    <time>2021-05-18T15:58:17Z</time>
   </trkpt>
   <trkpt lat="52.0764670" lon="4.3174370">
    <ele>3.2</ele>
    <time>2021-05-18T15:58:19Z</time>
   </trkpt>
   <trkpt lat="52.0765050" lon="4.3173690">
    <ele>3.2</ele>
    <time>2021-05-18T15:58:20Z</time>
   </trkpt>
   <trkpt lat="52.0765770" lon="4.3172230">
    <ele>3.1</ele>
    <time>2021-05-18T15:58:22Z</time>
   </trkpt>
   <trkpt lat="52.0766490" lon="4.3170760">
    <ele>3.1</ele>
    <time>2021-05-18T15:58:24Z</time>
   </trkpt>
   <trkpt lat="52.0767190" lon="4.3169450">
    <ele>3.2</ele>
    <time>2021-05-18T15:58:26Z</time>
   </trkpt>
   <trkpt lat="52.0767870" lon="4.3167950">
    <ele>3.1</ele>
    <time>2021-05-18T15:58:28Z</time>
   </trkpt>
   <trkpt lat="52.0768180" lon="4.3167170">
    <ele>3.1</ele>
    <time>2021-05-18T15:58:29Z</time>
   </trkpt>
   <trkpt lat="52.0768480" lon="4.3166370">
    <ele>3.1</ele>
    <time>2021-05-18T15:58:30Z</time>
   </trkpt>
   <trkpt lat="52.0768910" lon="4.3165680">
    <ele>3.2</ele>
    <time>2021-05-18T15:58:31Z</time>
   </trkpt>
   <trkpt lat="52.0769340" lon="4.3165060">
    <ele>3.2</ele>
    <time>2021-05-18T15:58:32Z</time>
   </trkpt>
   <trkpt lat="52.0770100" lon="4.3163640">
    <ele>3.2</ele>
    <time>2021-05-18T15:58:34Z</time>
   </trkpt>
   <trkpt lat="52.0770530" lon="4.3162970">
    <ele>3.2</ele>
    <time>2021-05-18T15:58:35Z</time>
   </trkpt>
   <trkpt lat="52.0771350" lon="4.3161650">
    <ele>3.3</ele>
    <time>2021-05-18T15:58:37Z</time>
   </trkpt>
   <trkpt lat="52.0771760" lon="4.3161000">
    <ele>3.3</ele>
    <time>2021-05-18T15:58:38Z</time>
   </trkpt>
   <trkpt lat="52.0772500" lon="4.3159660">
    <ele>3.3</ele>
    <time>2021-05-18T15:58:40Z</time>
   </trkpt>
   <trkpt lat="52.0773400" lon="4.3158420">
    <ele>3.4</ele>
    <time>2021-05-18T15:58:42Z</time>
   </trkpt>
   <trkpt lat="52.0773720" lon="4.3157730">
    <ele>3.5</ele>
    <time>2021-05-18T15:58:43Z</time>
   </trkpt>
   <trkpt lat="52.0774610" lon="4.3155770">
    <ele>3.5</ele>
    <time>2021-05-18T15:58:46Z</time>
   </trkpt>
   <trkpt lat="52.0775230" lon="4.3154560">
    <ele>3.6</ele>
    <time>2021-05-18T15:58:48Z</time>
   </trkpt>
   <trkpt lat="52.0776180" lon="4.3153690">
    <ele>3.7</ele>
    <time>2021-05-18T15:58:50Z</time>
   </trkpt>
   <trkpt lat="52.0776650" lon="4.3154080">
    <ele>3.8</ele>
    <time>2021-05-18T15:58:51Z</time>
   </trkpt>
   <trkpt lat="52.0777140" lon="4.3155430">
    <ele>3.9</ele>
    <time>2021-05-18T15:58:53Z</time>
   </trkpt>
   <trkpt lat="52.0777310" lon="4.3155940">
    <ele>3.9</ele>
    <time>2021-05-18T15:58:54Z</time>
   </trkpt>
   <trkpt lat="52.0777810" lon="4.3157400">
    <ele>3.9</ele>
    <time>2021-05-18T15:58:56Z</time>
   </trkpt>
   <trkpt lat="52.0778030" lon="4.3158060">
    <ele>3.9</ele>
    <time>2021-05-18T15:58:58Z</time>
   </trkpt>
   <trkpt lat="52.0778480" lon="4.3158800">
    <ele>3.9</ele>
    <time>2021-05-18T15:58:59Z</time>
   </trkpt>
   <trkpt lat="52.0778820" lon="4.3159010">
    <ele>3.9</ele>
    <time>2021-05-18T15:59:00Z</time>
   </trkpt>
   <trkpt lat="52.0779600" lon="4.3158550">
    <ele>4.1</ele>
    <time>2021-05-18T15:59:01Z</time>
   </trkpt>
   <trkpt lat="52.0779540" lon="4.3158400">
    <ele>4.1</ele>
    <time>2021-05-18T15:59:02Z</time>
   </trkpt>
   <trkpt lat="52.0779790" lon="4.3158050">
    <ele>4.2</ele>
    <time>2021-05-18T15:59:04Z</time>
   </trkpt>
   <trkpt lat="52.0780280" lon="4.3157960">
    <ele>4.4</ele>
    <time>2021-05-18T15:59:05Z</time>
   </trkpt>
   <trkpt lat="52.0780460" lon="4.3158500">
    <ele>4.5</ele>
    <time>2021-05-18T15:59:07Z</time>
   </trkpt>
   <trkpt lat="52.0780560" lon="4.3158640">
    <ele>4.6</ele>
    <time>2021-05-18T15:59:08Z</time>
   </trkpt>
   <trkpt lat="52.0781210" lon="4.3157600">
    <ele>4.9</ele>
    <time>2021-05-18T15:59:09Z</time>
   </trkpt>
   <trkpt lat="52.0781540" lon="4.3156730">
    <ele>5.1</ele>
    <time>2021-05-18T15:59:10Z</time>
   </trkpt>
   <trkpt lat="52.0782400" lon="4.3155700">
    <ele>5.4</ele>
    <time>2021-05-18T15:59:12Z</time>
   </trkpt>
   <trkpt lat="52.0783040" lon="4.3154850">
    <ele>5.7</ele>
    <time>2021-05-18T15:59:14Z</time>
   </trkpt>
   <trkpt lat="52.0783430" lon="4.3154200">
    <ele>5.9</ele>
    <time>2021-05-18T15:59:16Z</time>
   </trkpt>
   <trkpt lat="52.0783660" lon="4.3153740">
    <ele>6.0</ele>
    <time>2021-05-18T15:59:17Z</time>
   </trkpt>
   <trkpt lat="52.0783640" lon="4.3153060">
    <ele>6.2</ele>
    <time>2021-05-18T15:59:19Z</time>
   </trkpt>
   <trkpt lat="52.0783420" lon="4.3152810">
    <ele>6.3</ele>
    <time>2021-05-18T15:59:20Z</time>
   </trkpt>
   <trkpt lat="52.0783360" lon="4.3152570">
    <ele>6.3</ele>
    <time>2021-05-18T15:59:22Z</time>
   </trkpt>
   <trkpt lat="52.0783570" lon="4.3152340">
    <ele>6.4</ele>
    <time>2021-05-18T15:59:23Z</time>
   </trkpt>
   <trkpt lat="52.0783600" lon="4.3152160">
    <ele>6.5</ele>
    <time>2021-05-18T15:59:24Z</time>
   </trkpt>
   <trkpt lat="52.0783620" lon="4.3151990">
    <ele>6.5</ele>
    <time>2021-05-18T15:59:26Z</time>
   </trkpt>
   <trkpt lat="52.0783640" lon="4.3151820">
    <ele>6.5</ele>
    <time>2021-05-18T15:59:27Z</time>
   </trkpt>
   <trkpt lat="52.0783670" lon="4.3151640">
    <ele>6.5</ele>
    <time>2021-05-18T15:59:29Z</time>
   </trkpt>
   <trkpt lat="52.0783690" lon="4.3151470">
    <ele>6.5</ele>
    <time>2021-05-18T15:59:30Z</time>
   </trkpt>
   <trkpt lat="52.0783650" lon="4.3151250">
    <ele>6.5</ele>
    <time>2021-05-18T15:59:32Z</time>
   </trkpt>
   <trkpt lat="52.0783640" lon="4.3151080">
    <ele>6.5</ele>
    <time>2021-05-18T15:59:33Z</time>
   </trkpt>
   <trkpt lat="52.0783640" lon="4.3151110">
    <ele>6.5</ele>
    <time>2021-05-18T15:59:34Z</time>
   </trkpt>
  </trkseg>
 </trk>
</gpx>
