<?xml version="1.0" encoding="UTF-8"?>
<gpx creator="StravaGPX" version="1.1" xmlns="http://www.topografix.com/GPX/1/1" xmlns:xsi="http://www.w3.org/2001/XMLSchema-instance" xsi:schemaLocation="http://www.topografix.com/GPX/1/1 http://www.topografix.com/GPX/1/1/gpx.xsd">
 <metadata>
  <name>Long Bodegraven, river and wiggles</name>
  <author>
   <name>Andrew Goudie</name>
  </author>
  <copyright author="OpenStreetMap contributors">
   <year>2020</year>
   <license>https://www.openstreetmap.org/copyright</license>
  </copyright>
 </metadata>
 <trk>
  <name>Long Bodegraven, river and wiggles</name>
  <link href=""/>
  <type>cycling</type>
  <trkseg>
   <trkpt lat="52.077540000000006" lon="4.31517">
    <ele>4.73</ele>
   </trkpt>
   <trkpt lat="52.07785667463985" lon="4.316139986273356">
    <ele>4.920000000000001</ele>
   </trkpt>
   <trkpt lat="52.07817334131821" lon="4.317109986309006">
    <ele>4.72</ele>
   </trkpt>
   <trkpt lat="52.07849" lon="4.31808">
    <ele>4.57</ele>
   </trkpt>
   <trkpt lat="52.07864000000001" lon="4.318510000000001">
    <ele>4.42</ele>
   </trkpt>
   <trkpt lat="52.07869" lon="4.318580000000001">
    <ele>4.3100000000000005</ele>
   </trkpt>
   <trkpt lat="52.07903" lon="4.3186100000000005">
    <ele>4.010000000000001</ele>
   </trkpt>
   <trkpt lat="52.079689999972864" lon="4.3184950017148935">
    <ele>3.95</ele>
   </trkpt>
   <trkpt lat="52.08035" lon="4.31838">
    <ele>4.37</ele>
   </trkpt>
   <trkpt lat="52.08044" lon="4.31841">
    <ele>4.24</ele>
   </trkpt>
   <trkpt lat="52.08088500418911" lon="4.319414989790462">
    <ele>4.220000000000001</ele>
   </trkpt>
   <trkpt lat="52.08133" lon="4.32042">
    <ele>5.3100000000000005</ele>
   </trkpt>
   <trkpt lat="52.081340000000004" lon="4.32059">
    <ele>4.930000000000001</ele>
   </trkpt>
   <trkpt lat="52.08171" lon="4.32141">
    <ele>3.5500000000000003</ele>
   </trkpt>
   <trkpt lat="52.08198" lon="4.322240000000001">
    <ele>3.93</ele>
   </trkpt>
   <trkpt lat="52.08224500204292" lon="4.322944995654949">
    <ele>3.72</ele>
   </trkpt>
   <trkpt lat="52.082510000000006" lon="4.323650000000001">
    <ele>3.72</ele>
   </trkpt>
   <trkpt lat="52.08278000000001" lon="4.32427">
    <ele>3.5500000000000003</ele>
   </trkpt>
   <trkpt lat="52.0831" lon="4.32505">
    <ele>3.69</ele>
   </trkpt>
   <trkpt lat="52.083270000000006" lon="4.325670000000001">
    <ele>3.6100000000000003</ele>
   </trkpt>
   <trkpt lat="52.08361000000001" lon="4.32648">
    <ele>3.7800000000000002</ele>
   </trkpt>
   <trkpt lat="52.08364" lon="4.32657">
    <ele>3.7900000000000005</ele>
   </trkpt>
   <trkpt lat="52.08368" lon="4.32662">
    <ele>3.7900000000000005</ele>
   </trkpt>
   <trkpt lat="52.08388000000001" lon="4.327050000000001">
    <ele>3.72</ele>
   </trkpt>
   <trkpt lat="52.08411" lon="4.32681">
    <ele>3.8300000000000005</ele>
   </trkpt>
   <trkpt lat="52.08462" lon="4.32619">
    <ele>4.920000000000001</ele>
   </trkpt>
   <trkpt lat="52.084700000000005" lon="4.32639">
    <ele>4.99</ele>
   </trkpt>
   <trkpt lat="52.08482000000001" lon="4.32657">
    <ele>5.1000000000000005</ele>
   </trkpt>
   <trkpt lat="52.084900000000005" lon="4.326650000000001">
    <ele>5.1000000000000005</ele>
   </trkpt>
   <trkpt lat="52.08511000000001" lon="4.32681">
    <ele>5.13</ele>
   </trkpt>
   <trkpt lat="52.08554" lon="4.326980000000001">
    <ele>5.580000000000001</ele>
   </trkpt>
   <trkpt lat="52.08572" lon="4.3271500000000005">
    <ele>5.5600000000000005</ele>
   </trkpt>
   <trkpt lat="52.08581" lon="4.327260000000001">
    <ele>5.580000000000001</ele>
   </trkpt>
   <trkpt lat="52.086000000000006" lon="4.32728">
    <ele>5.38</ele>
   </trkpt>
   <trkpt lat="52.086130000000004" lon="4.327260000000001">
    <ele>5.2700000000000005</ele>
   </trkpt>
   <trkpt lat="52.086600000000004" lon="4.3268200000000006">
    <ele>5.11</ele>
   </trkpt>
   <trkpt lat="52.08688" lon="4.32652">
    <ele>5.180000000000001</ele>
   </trkpt>
   <trkpt lat="52.087210003953395" lon="4.327484992904252">
    <ele>5.29</ele>
   </trkpt>
   <trkpt lat="52.087540000000004" lon="4.32845">
    <ele>5.3500000000000005</ele>
   </trkpt>
   <trkpt lat="52.087930006383225" lon="4.329316651580052">
    <ele>5.280000000000001</ele>
   </trkpt>
   <trkpt lat="52.08832000641146" lon="4.330183318309259">
    <ele>5.450000000000001</ele>
   </trkpt>
   <trkpt lat="52.088710000000006" lon="4.33105">
    <ele>5.790000000000001</ele>
   </trkpt>
   <trkpt lat="52.088860000000004" lon="4.3312800000000005">
    <ele>5.83</ele>
   </trkpt>
   <trkpt lat="52.08958000212265" lon="4.331969988970084">
    <ele>5.42</ele>
   </trkpt>
   <trkpt lat="52.090300000000006" lon="4.332660000000001">
    <ele>4.85</ele>
   </trkpt>
   <trkpt lat="52.09082" lon="4.33321">
    <ele>4.86</ele>
   </trkpt>
   <trkpt lat="52.09104000000001" lon="4.333550000000001">
    <ele>4.86</ele>
   </trkpt>
   <trkpt lat="52.09116" lon="4.33378">
    <ele>4.86</ele>
   </trkpt>
   <trkpt lat="52.091440000000006" lon="4.3345">
    <ele>4.61</ele>
   </trkpt>
   <trkpt lat="52.091750000000005" lon="4.3352">
    <ele>4.5</ele>
   </trkpt>
   <trkpt lat="52.092110000000005" lon="4.335870000000001">
    <ele>4.38</ele>
   </trkpt>
   <trkpt lat="52.09243000000001" lon="4.33636">
    <ele>4.4</ele>
   </trkpt>
   <trkpt lat="52.09254000000001" lon="4.33659">
    <ele>4.3100000000000005</ele>
   </trkpt>
   <trkpt lat="52.092960000000005" lon="4.33765">
    <ele>4.140000000000001</ele>
   </trkpt>
   <trkpt lat="52.09328000000001" lon="4.338380000000001">
    <ele>4.750000000000001</ele>
   </trkpt>
   <trkpt lat="52.09358500231379" lon="4.339114995043888">
    <ele>4.9799999999999995</ele>
   </trkpt>
   <trkpt lat="52.09389" lon="4.33985">
    <ele>4.83</ele>
   </trkpt>
   <trkpt lat="52.094010000000004" lon="4.34022">
    <ele>4.540000000000001</ele>
   </trkpt>
   <trkpt lat="52.09413000000001" lon="4.340540000000001">
    <ele>4.49</ele>
   </trkpt>
   <trkpt lat="52.094460002063066" lon="4.341254994495486">
    <ele>4.21</ele>
   </trkpt>
   <trkpt lat="52.09479" lon="4.341970000000001">
    <ele>4.430000000000001</ele>
   </trkpt>
   <trkpt lat="52.09487000000001" lon="4.342210000000001">
    <ele>4.430000000000001</ele>
   </trkpt>
   <trkpt lat="52.09498000000001" lon="4.342560000000001">
    <ele>3.7700000000000005</ele>
   </trkpt>
   <trkpt lat="52.09503" lon="4.34267">
    <ele>3.62</ele>
   </trkpt>
   <trkpt lat="52.09514000000001" lon="4.34281">
    <ele>3.5100000000000002</ele>
   </trkpt>
   <trkpt lat="52.095470000000006" lon="4.342910000000001">
    <ele>3.7700000000000005</ele>
   </trkpt>
   <trkpt lat="52.095530000000004" lon="4.342960000000001">
    <ele>3.7700000000000005</ele>
   </trkpt>
   <trkpt lat="52.09597" lon="4.3436200000000005">
    <ele>4.46</ele>
   </trkpt>
   <trkpt lat="52.09666000000001" lon="4.34419">
    <ele>4.94</ele>
   </trkpt>
   <trkpt lat="52.096720000000005" lon="4.344200000000001">
    <ele>4.94</ele>
   </trkpt>
   <trkpt lat="52.097260000000006" lon="4.34517">
    <ele>4.45</ele>
   </trkpt>
   <trkpt lat="52.09745" lon="4.34537">
    <ele>4.19</ele>
   </trkpt>
   <trkpt lat="52.09774" lon="4.345870000000001">
    <ele>3.6500000000000004</ele>
   </trkpt>
   <trkpt lat="52.097840000000005" lon="4.34598">
    <ele>3.49</ele>
   </trkpt>
   <trkpt lat="52.09846" lon="4.34639">
    <ele>3.43</ele>
   </trkpt>
   <trkpt lat="52.098490000000005" lon="4.34652">
    <ele>3.43</ele>
   </trkpt>
   <trkpt lat="52.09854000000001" lon="4.34665">
    <ele>3.43</ele>
   </trkpt>
   <trkpt lat="52.09906" lon="4.34701">
    <ele>3.34</ele>
   </trkpt>
   <trkpt lat="52.09915" lon="4.34726">
    <ele>2.86</ele>
   </trkpt>
   <trkpt lat="52.09953" lon="4.34795">
    <ele>1.68</ele>
   </trkpt>
   <trkpt lat="52.099610000000006" lon="4.34802">
    <ele>1.68</ele>
   </trkpt>
   <trkpt lat="52.099920000000004" lon="4.348190000000001">
    <ele>1.68</ele>
   </trkpt>
   <trkpt lat="52.1" lon="4.34829">
    <ele>1.9100000000000001</ele>
   </trkpt>
   <trkpt lat="52.100390000000004" lon="4.3491">
    <ele>2.74</ele>
   </trkpt>
   <trkpt lat="52.100590000000004" lon="4.3494600000000005">
    <ele>2.7700000000000005</ele>
   </trkpt>
   <trkpt lat="52.10069000000001" lon="4.3495800000000004">
    <ele>2.69</ele>
   </trkpt>
   <trkpt lat="52.10094" lon="4.35003">
    <ele>2.7600000000000002</ele>
   </trkpt>
   <trkpt lat="52.10142500362269" lon="4.350959989818403">
    <ele>2.89</ele>
   </trkpt>
   <trkpt lat="52.101910000000004" lon="4.35189">
    <ele>2.8100000000000005</ele>
   </trkpt>
   <trkpt lat="52.10248000000001" lon="4.35294">
    <ele>2.7700000000000005</ele>
   </trkpt>
   <trkpt lat="52.10278000139981" lon="4.353534995803908">
    <ele>2.7800000000000002</ele>
   </trkpt>
   <trkpt lat="52.103080000000006" lon="4.3541300000000005">
    <ele>2.8100000000000005</ele>
   </trkpt>
   <trkpt lat="52.10372" lon="4.355110000000001">
    <ele>2.74</ele>
   </trkpt>
   <trkpt lat="52.10418667109185" lon="4.35583331819365">
    <ele>2.5</ele>
   </trkpt>
   <trkpt lat="52.10465333775759" lon="4.356556651525311">
    <ele>2.33</ele>
   </trkpt>
   <trkpt lat="52.10512000000001" lon="4.35728">
    <ele>2.5500000000000003</ele>
   </trkpt>
   <trkpt lat="52.10537000000001" lon="4.3575">
    <ele>2.71</ele>
   </trkpt>
   <trkpt lat="52.105880000000006" lon="4.358370000000001">
    <ele>2.73</ele>
   </trkpt>
   <trkpt lat="52.106030000000004" lon="4.358490000000001">
    <ele>2.7700000000000005</ele>
   </trkpt>
   <trkpt lat="52.10604000000001" lon="4.358490000000001">
    <ele>2.7800000000000002</ele>
   </trkpt>
   <trkpt lat="52.10569" lon="4.35904">
    <ele>2.7600000000000002</ele>
   </trkpt>
   <trkpt lat="52.10562" lon="4.35913">
    <ele>2.7</ele>
   </trkpt>
   <trkpt lat="52.10553" lon="4.3591500000000005">
    <ele>2.7</ele>
   </trkpt>
   <trkpt lat="52.105500000000006" lon="4.35914">
    <ele>2.7</ele>
   </trkpt>
   <trkpt lat="52.105470000000004" lon="4.359170000000001">
    <ele>2.7</ele>
   </trkpt>
   <trkpt lat="52.10490000000001" lon="4.36003">
    <ele>2.0900000000000003</ele>
   </trkpt>
   <trkpt lat="52.10465000000001" lon="4.3604">
    <ele>1.86</ele>
   </trkpt>
   <trkpt lat="52.10443000000001" lon="4.360650000000001">
    <ele>1.86</ele>
   </trkpt>
   <trkpt lat="52.10428" lon="4.36085">
    <ele>1.6500000000000001</ele>
   </trkpt>
   <trkpt lat="52.104240000000004" lon="4.36097">
    <ele>1.6500000000000001</ele>
   </trkpt>
   <trkpt lat="52.10417" lon="4.36106">
    <ele>1.6500000000000001</ele>
   </trkpt>
   <trkpt lat="52.1041" lon="4.361140000000001">
    <ele>1.59</ele>
   </trkpt>
   <trkpt lat="52.10401" lon="4.361190000000001">
    <ele>1.59</ele>
   </trkpt>
   <trkpt lat="52.103570000000005" lon="4.361750000000001">
    <ele>1.52</ele>
   </trkpt>
   <trkpt lat="52.10324000000001" lon="4.362170000000001">
    <ele>1.2100000000000002</ele>
   </trkpt>
   <trkpt lat="52.103120000000004" lon="4.36235">
    <ele>1.2000000000000002</ele>
   </trkpt>
   <trkpt lat="52.10302" lon="4.36254">
    <ele>1.25</ele>
   </trkpt>
   <trkpt lat="52.10295000000001" lon="4.3627400000000005">
    <ele>1.25</ele>
   </trkpt>
   <trkpt lat="52.10271" lon="4.36373">
    <ele>1.99</ele>
   </trkpt>
   <trkpt lat="52.10255" lon="4.36402">
    <ele>2.1300000000000003</ele>
   </trkpt>
   <trkpt lat="52.102430000000005" lon="4.364120000000001">
    <ele>2.1300000000000003</ele>
   </trkpt>
   <trkpt lat="52.10230000000001" lon="4.36418">
    <ele>2.17</ele>
   </trkpt>
   <trkpt lat="52.1022" lon="4.3642">
    <ele>2.17</ele>
   </trkpt>
   <trkpt lat="52.102090000000004" lon="4.364190000000001">
    <ele>2.23</ele>
   </trkpt>
   <trkpt lat="52.10192000000001" lon="4.36411">
    <ele>2.2</ele>
   </trkpt>
   <trkpt lat="52.101710000000004" lon="4.364120000000001">
    <ele>2.1100000000000003</ele>
   </trkpt>
   <trkpt lat="52.101510000000005" lon="4.363860000000001">
    <ele>2.0500000000000003</ele>
   </trkpt>
   <trkpt lat="52.101440000000004" lon="4.3637500000000005">
    <ele>1.98</ele>
   </trkpt>
   <trkpt lat="52.10141" lon="4.363650000000001">
    <ele>1.98</ele>
   </trkpt>
   <trkpt lat="52.101400000000005" lon="4.36347">
    <ele>1.79</ele>
   </trkpt>
   <trkpt lat="52.101290000000006" lon="4.36327">
    <ele>1.6500000000000001</ele>
   </trkpt>
   <trkpt lat="52.10095500294008" lon="4.364100006169457">
    <ele>1.55</ele>
   </trkpt>
   <trkpt lat="52.100620000000006" lon="4.36493">
    <ele>3.0100000000000002</ele>
   </trkpt>
   <trkpt lat="52.100480000000005" lon="4.365200000000001">
    <ele>3.49</ele>
   </trkpt>
   <trkpt lat="52.10011" lon="4.365740000000001">
    <ele>3.8300000000000005</ele>
   </trkpt>
   <trkpt lat="52.09943001068105" lon="4.366534048401951">
    <ele>3.7900000000000005</ele>
   </trkpt>
   <trkpt lat="52.09875001602806" lon="4.367328072593842">
    <ele>3.73</ele>
   </trkpt>
   <trkpt lat="52.09807001604138" lon="4.368122072576816">
    <ele>3.6</ele>
   </trkpt>
   <trkpt lat="52.097390010721256" lon="4.368916048352014">
    <ele>3.89</ele>
   </trkpt>
   <trkpt lat="52.09671" lon="4.36971">
    <ele>3.85</ele>
   </trkpt>
   <trkpt lat="52.09653" lon="4.369940000000001">
    <ele>3.85</ele>
   </trkpt>
   <trkpt lat="52.09639000000001" lon="4.37018">
    <ele>3.7900000000000005</ele>
   </trkpt>
   <trkpt lat="52.0960900015838" lon="4.370775003830373">
    <ele>3.6500000000000004</ele>
   </trkpt>
   <trkpt lat="52.09579" lon="4.371370000000001">
    <ele>2.86</ele>
   </trkpt>
   <trkpt lat="52.09563000000001" lon="4.37161">
    <ele>1.8200000000000003</ele>
   </trkpt>
   <trkpt lat="52.09525000000001" lon="4.37211">
    <ele>1.4400000000000002</ele>
   </trkpt>
   <trkpt lat="52.09505000000001" lon="4.372330000000001">
    <ele>1.41</ele>
   </trkpt>
   <trkpt lat="52.09479" lon="4.3725700000000005">
    <ele>1.4500000000000002</ele>
   </trkpt>
   <trkpt lat="52.09409333602873" lon="4.37313335091856">
    <ele>1.27</ele>
   </trkpt>
   <trkpt lat="52.09339666937248" lon="4.373696684243117">
    <ele>-0.36000000000000004</ele>
   </trkpt>
   <trkpt lat="52.09270000000001" lon="4.3742600000000005">
    <ele>-2.23</ele>
   </trkpt>
   <trkpt lat="52.092560000000006" lon="4.37431">
    <ele>-1.93</ele>
   </trkpt>
   <trkpt lat="52.092510000000004" lon="4.374300000000001">
    <ele>-1.93</ele>
   </trkpt>
   <trkpt lat="52.09243000000001" lon="4.37425">
    <ele>-1.67</ele>
   </trkpt>
   <trkpt lat="52.09235" lon="4.3741200000000005">
    <ele>-0.68</ele>
   </trkpt>
   <trkpt lat="52.092110000000005" lon="4.373620000000001">
    <ele>0.0</ele>
   </trkpt>
   <trkpt lat="52.092060000000004" lon="4.373600000000001">
    <ele>0.34</ele>
   </trkpt>
   <trkpt lat="52.09197" lon="4.3736500000000005">
    <ele>0.38</ele>
   </trkpt>
   <trkpt lat="52.09245000000001" lon="4.37467">
    <ele>1.41</ele>
   </trkpt>
   <trkpt lat="52.092490000000005" lon="4.37485">
    <ele>1.29</ele>
   </trkpt>
   <trkpt lat="52.092530000000004" lon="4.37516">
    <ele>0.23</ele>
   </trkpt>
   <trkpt lat="52.092620000000004" lon="4.375380000000001">
    <ele>0.23</ele>
   </trkpt>
   <trkpt lat="52.093142786717216" lon="4.376565315647262">
    <ele>0.07</ele>
   </trkpt>
   <trkpt lat="52.09366556154733" lon="4.377750659073234">
    <ele>0.0</ele>
   </trkpt>
   <trkpt lat="52.094188324489885" lon="4.378936030278458">
    <ele>-0.04</ele>
   </trkpt>
   <trkpt lat="52.09471107554433" lon="4.380121429263477">
    <ele>-0.08</ele>
   </trkpt>
   <trkpt lat="52.0952338147102" lon="4.381306856028834">
    <ele>-0.08</ele>
   </trkpt>
   <trkpt lat="52.09575654198699" lon="4.38249231057507">
    <ele>-0.08</ele>
   </trkpt>
   <trkpt lat="52.09627925737417" lon="4.383677792902726">
    <ele>-0.11</ele>
   </trkpt>
   <trkpt lat="52.09680196087127" lon="4.384863303012346">
    <ele>-0.29</ele>
   </trkpt>
   <trkpt lat="52.09732465247775" lon="4.386048840904471">
    <ele>-0.15000000000000002</ele>
   </trkpt>
   <trkpt lat="52.097847332193155" lon="4.387234406579643">
    <ele>-0.19</ele>
   </trkpt>
   <trkpt lat="52.09837" lon="4.38842">
    <ele>-0.16</ele>
   </trkpt>
   <trkpt lat="52.098420000000004" lon="4.3885000000000005">
    <ele>-0.16</ele>
   </trkpt>
   <trkpt lat="52.09863000000001" lon="4.38867">
    <ele>-0.18000000000000002</ele>
   </trkpt>
   <trkpt lat="52.09899000000001" lon="4.38912">
    <ele>-0.16</ele>
   </trkpt>
   <trkpt lat="52.099450000000004" lon="4.39003">
    <ele>-0.19</ele>
   </trkpt>
   <trkpt lat="52.099610000000006" lon="4.39022">
    <ele>-0.25</ele>
   </trkpt>
   <trkpt lat="52.09967" lon="4.39032">
    <ele>-0.25</ele>
   </trkpt>
   <trkpt lat="52.10007000365385" lon="4.39124499178458">
    <ele>-0.38</ele>
   </trkpt>
   <trkpt lat="52.10047" lon="4.39217">
    <ele>-0.44</ele>
   </trkpt>
   <trkpt lat="52.10060000000001" lon="4.39245">
    <ele>-0.44</ele>
   </trkpt>
   <trkpt lat="52.100840000000005" lon="4.392860000000001">
    <ele>-0.4</ele>
   </trkpt>
   <trkpt lat="52.101020000000005" lon="4.393210000000001">
    <ele>-0.4</ele>
   </trkpt>
   <trkpt lat="52.101090000000006" lon="4.39344">
    <ele>-0.4</ele>
   </trkpt>
   <trkpt lat="52.1011" lon="4.39364">
    <ele>-0.38</ele>
   </trkpt>
   <trkpt lat="52.10103" lon="4.39395">
    <ele>-0.42</ele>
   </trkpt>
   <trkpt lat="52.10101" lon="4.394150000000001">
    <ele>-0.42</ele>
   </trkpt>
   <trkpt lat="52.101020000000005" lon="4.39424">
    <ele>-0.4</ele>
   </trkpt>
   <trkpt lat="52.101510000000005" lon="4.39536">
    <ele>-0.46</ele>
   </trkpt>
   <trkpt lat="52.101530000000004" lon="4.39559">
    <ele>-0.36000000000000004</ele>
   </trkpt>
   <trkpt lat="52.101850000000006" lon="4.3963600000000005">
    <ele>-0.4</ele>
   </trkpt>
   <trkpt lat="52.101890000000004" lon="4.39642">
    <ele>-0.4</ele>
   </trkpt>
   <trkpt lat="52.10195" lon="4.39642">
    <ele>-0.4</ele>
   </trkpt>
   <trkpt lat="52.102000000000004" lon="4.396450000000001">
    <ele>-0.4</ele>
   </trkpt>
   <trkpt lat="52.102410000000006" lon="4.39738">
    <ele>-0.4</ele>
   </trkpt>
   <trkpt lat="52.10278" lon="4.398280000000001">
    <ele>-0.38</ele>
   </trkpt>
   <trkpt lat="52.103" lon="4.398750000000001">
    <ele>-0.27</ele>
   </trkpt>
   <trkpt lat="52.103120000000004" lon="4.398840000000001">
    <ele>-0.27</ele>
   </trkpt>
   <trkpt lat="52.10331000000001" lon="4.3992700000000005">
    <ele>-0.25</ele>
   </trkpt>
   <trkpt lat="52.10371000000001" lon="4.4001600000000005">
    <ele>-0.05</ele>
   </trkpt>
   <trkpt lat="52.10381" lon="4.400740000000001">
    <ele>0.27</ele>
   </trkpt>
   <trkpt lat="52.10425751281894" lon="4.401744969751417">
    <ele>0.37000000000000005</ele>
   </trkpt>
   <trkpt lat="52.10470501709372" lon="4.402749959671903">
    <ele>0.43000000000000005</ele>
   </trkpt>
   <trkpt lat="52.10515251282403" lon="4.403754969761802">
    <ele>0.4</ele>
   </trkpt>
   <trkpt lat="52.1056" lon="4.4047600000000005">
    <ele>0.4900000000000001</ele>
   </trkpt>
   <trkpt lat="52.10595000000001" lon="4.405390000000001">
    <ele>0.44</ele>
   </trkpt>
   <trkpt lat="52.106400003987545" lon="4.406076652806196">
    <ele>0.38</ele>
   </trkpt>
   <trkpt lat="52.10685000398639" lon="4.406763319470907">
    <ele>0.23</ele>
   </trkpt>
   <trkpt lat="52.1073" lon="4.407450000000001">
    <ele>0.11</ele>
   </trkpt>
   <trkpt lat="52.107670000000006" lon="4.40798">
    <ele>0.15000000000000002</ele>
   </trkpt>
   <trkpt lat="52.10768" lon="4.4080900000000005">
    <ele>0.18000000000000002</ele>
   </trkpt>
   <trkpt lat="52.10723" lon="4.4091700000000005">
    <ele>-0.08</ele>
   </trkpt>
   <trkpt lat="52.10714" lon="4.409680000000001">
    <ele>-0.16</ele>
   </trkpt>
   <trkpt lat="52.106810002141536" lon="4.410395005336357">
    <ele>0.27</ele>
   </trkpt>
   <trkpt lat="52.106480000000005" lon="4.411110000000001">
    <ele>0.12000000000000001</ele>
   </trkpt>
   <trkpt lat="52.106270002387504" lon="4.411860003502424">
    <ele>0.25</ele>
   </trkpt>
   <trkpt lat="52.10606000000001" lon="4.41261">
    <ele>0.38</ele>
   </trkpt>
   <trkpt lat="52.105940000000004" lon="4.412800000000001">
    <ele>0.42</ele>
   </trkpt>
   <trkpt lat="52.105880000000006" lon="4.41284">
    <ele>0.42</ele>
   </trkpt>
   <trkpt lat="52.10551" lon="4.413">
    <ele>0.4</ele>
   </trkpt>
   <trkpt lat="52.1054" lon="4.41312">
    <ele>0.4</ele>
   </trkpt>
   <trkpt lat="52.104850000000006" lon="4.4142600000000005">
    <ele>0.36000000000000004</ele>
   </trkpt>
   <trkpt lat="52.104355012866286" lon="4.415267533577472">
    <ele>0.4900000000000001</ele>
   </trkpt>
   <trkpt lat="52.10386001714515" lon="4.416275044789316">
    <ele>0.63</ele>
   </trkpt>
   <trkpt lat="52.10336501283692" lon="4.4172825336360395">
    <ele>0.64</ele>
   </trkpt>
   <trkpt lat="52.10287" lon="4.418290000000001">
    <ele>0.46</ele>
   </trkpt>
   <trkpt lat="52.10278" lon="4.41854">
    <ele>0.33000000000000007</ele>
   </trkpt>
   <trkpt lat="52.103060000000006" lon="4.41878">
    <ele>0.26</ele>
   </trkpt>
   <trkpt lat="52.103320000000004" lon="4.41903">
    <ele>0.23</ele>
   </trkpt>
   <trkpt lat="52.1039" lon="4.419630000000001">
    <ele>0.37000000000000005</ele>
   </trkpt>
   <trkpt lat="52.104580000000006" lon="4.42046">
    <ele>0.26</ele>
   </trkpt>
   <trkpt lat="52.104940000000006" lon="4.42095">
    <ele>0.2</ele>
   </trkpt>
   <trkpt lat="52.105270000000004" lon="4.4214400000000005">
    <ele>0.24000000000000002</ele>
   </trkpt>
   <trkpt lat="52.10569500202824" lon="4.422134993352116">
    <ele>0.25</ele>
   </trkpt>
   <trkpt lat="52.106120000000004" lon="4.42283">
    <ele>0.24000000000000002</ele>
   </trkpt>
   <trkpt lat="52.106420001489475" lon="4.4234199960644105">
    <ele>0.31</ele>
   </trkpt>
   <trkpt lat="52.10672" lon="4.42401">
    <ele>0.21</ele>
   </trkpt>
   <trkpt lat="52.107060001352785" lon="4.42458499553859">
    <ele>0.17</ele>
   </trkpt>
   <trkpt lat="52.107400000000005" lon="4.42516">
    <ele>0.16</ele>
   </trkpt>
   <trkpt lat="52.10799500258921" lon="4.425939989612787">
    <ele>0.33000000000000007</ele>
   </trkpt>
   <trkpt lat="52.10859000000001" lon="4.42672">
    <ele>0.23</ele>
   </trkpt>
   <trkpt lat="52.109170000000006" lon="4.42738">
    <ele>-0.08</ele>
   </trkpt>
   <trkpt lat="52.109410000000004" lon="4.42757">
    <ele>-0.18000000000000002</ele>
   </trkpt>
   <trkpt lat="52.11016000000001" lon="4.42834">
    <ele>-1.04</ele>
   </trkpt>
   <trkpt lat="52.110170000000004" lon="4.4283600000000005">
    <ele>-1.07</ele>
   </trkpt>
   <trkpt lat="52.10976" lon="4.42915">
    <ele>-0.27</ele>
   </trkpt>
   <trkpt lat="52.10976" lon="4.42928">
    <ele>-0.25</ele>
   </trkpt>
   <trkpt lat="52.109266014764074" lon="4.430214041382038">
    <ele>0.05</ele>
   </trkpt>
   <trkpt lat="52.1087720221481" lon="4.431148062068189">
    <ele>-0.1</ele>
   </trkpt>
   <trkpt lat="52.10827802215242" lon="4.4320820620589725">
    <ele>-0.54</ele>
   </trkpt>
   <trkpt lat="52.10778401477729" lon="4.433016041354905">
    <ele>-0.88</ele>
   </trkpt>
   <trkpt lat="52.107290000000006" lon="4.43395">
    <ele>-0.88</ele>
   </trkpt>
   <trkpt lat="52.107350000000004" lon="4.43405">
    <ele>-0.9700000000000001</ele>
   </trkpt>
   <trkpt lat="52.10737" lon="4.434130000000001">
    <ele>-0.9700000000000001</ele>
   </trkpt>
   <trkpt lat="52.107020000000006" lon="4.434830000000001">
    <ele>-0.8500000000000001</ele>
   </trkpt>
   <trkpt lat="52.10685" lon="4.4359">
    <ele>0.31</ele>
   </trkpt>
   <trkpt lat="52.106770000000004" lon="4.43613">
    <ele>-0.34</ele>
   </trkpt>
   <trkpt lat="52.10667" lon="4.4363">
    <ele>-0.34</ele>
   </trkpt>
   <trkpt lat="52.10643" lon="4.43644">
    <ele>-0.58</ele>
   </trkpt>
   <trkpt lat="52.10638" lon="4.436450000000001">
    <ele>-0.58</ele>
   </trkpt>
   <trkpt lat="52.106300000000005" lon="4.43637">
    <ele>-0.71</ele>
   </trkpt>
   <trkpt lat="52.1062" lon="4.4361500000000005">
    <ele>-0.71</ele>
   </trkpt>
   <trkpt lat="52.10615000000001" lon="4.43609">
    <ele>-0.75</ele>
   </trkpt>
   <trkpt lat="52.106100000000005" lon="4.4360800000000005">
    <ele>-0.75</ele>
   </trkpt>
   <trkpt lat="52.10604000000001" lon="4.43611">
    <ele>-0.75</ele>
   </trkpt>
   <trkpt lat="52.10573" lon="4.43644">
    <ele>-0.99</ele>
   </trkpt>
   <trkpt lat="52.10566000000001" lon="4.43646">
    <ele>-0.99</ele>
   </trkpt>
   <trkpt lat="52.10533" lon="4.4367600000000005">
    <ele>-1.5</ele>
   </trkpt>
   <trkpt lat="52.10522" lon="4.43679">
    <ele>-1.58</ele>
   </trkpt>
   <trkpt lat="52.10519000000001" lon="4.43679">
    <ele>-1.58</ele>
   </trkpt>
   <trkpt lat="52.105140000000006" lon="4.4367">
    <ele>-1.58</ele>
   </trkpt>
   <trkpt lat="52.105070000000005" lon="4.436640000000001">
    <ele>-1.97</ele>
   </trkpt>
   <trkpt lat="52.105000000000004" lon="4.43667">
    <ele>-1.97</ele>
   </trkpt>
   <trkpt lat="52.10468" lon="4.43717">
    <ele>-2.4000000000000004</ele>
   </trkpt>
   <trkpt lat="52.10448" lon="4.43743">
    <ele>-2.4000000000000004</ele>
   </trkpt>
   <trkpt lat="52.10392" lon="4.438000000000001">
    <ele>-2.39</ele>
   </trkpt>
   <trkpt lat="52.103190000000005" lon="4.43881">
    <ele>-2.2700000000000005</ele>
   </trkpt>
   <trkpt lat="52.10311" lon="4.43888">
    <ele>-2.2700000000000005</ele>
   </trkpt>
   <trkpt lat="52.102970000000006" lon="4.43895">
    <ele>-2.25</ele>
   </trkpt>
   <trkpt lat="52.102810000000005" lon="4.43909">
    <ele>-2.2800000000000002</ele>
   </trkpt>
   <trkpt lat="52.10267" lon="4.43925">
    <ele>-2.31</ele>
   </trkpt>
   <trkpt lat="52.10248000000001" lon="4.43956">
    <ele>-2.3000000000000003</ele>
   </trkpt>
   <trkpt lat="52.10221000000001" lon="4.43986">
    <ele>-2.31</ele>
   </trkpt>
   <trkpt lat="52.101550001960675" lon="4.440535009954388">
    <ele>-2.4600000000000004</ele>
   </trkpt>
   <trkpt lat="52.10089000000001" lon="4.441210000000001">
    <ele>-2.1100000000000003</ele>
   </trkpt>
   <trkpt lat="52.100820000000006" lon="4.44141">
    <ele>-2.02</ele>
   </trkpt>
   <trkpt lat="52.10024000000001" lon="4.441890000000001">
    <ele>-0.88</ele>
   </trkpt>
   <trkpt lat="52.099920000000004" lon="4.442200000000001">
    <ele>0.9400000000000001</ele>
   </trkpt>
   <trkpt lat="52.099900000000005" lon="4.44224">
    <ele>0.9400000000000001</ele>
   </trkpt>
   <trkpt lat="52.09951500033991" lon="4.44262000354734">
    <ele>2.04</ele>
   </trkpt>
   <trkpt lat="52.09913" lon="4.4430000000000005">
    <ele>0.9600000000000001</ele>
   </trkpt>
   <trkpt lat="52.099090000000004" lon="4.443020000000001">
    <ele>0.6600000000000001</ele>
   </trkpt>
   <trkpt lat="52.09873" lon="4.44339">
    <ele>-0.4</ele>
   </trkpt>
   <trkpt lat="52.098310000000005" lon="4.4439">
    <ele>-1.93</ele>
   </trkpt>
   <trkpt lat="52.097910000000006" lon="4.444310000000001">
    <ele>-2.2</ele>
   </trkpt>
   <trkpt lat="52.09730500148563" lon="4.444890007806299">
    <ele>-2.2900000000000005</ele>
   </trkpt>
   <trkpt lat="52.096700000000006" lon="4.44547">
    <ele>-2.06</ele>
   </trkpt>
   <trkpt lat="52.09624500080937" lon="4.445890004225534">
    <ele>-1.93</ele>
   </trkpt>
   <trkpt lat="52.09579" lon="4.44631">
    <ele>-1.75</ele>
   </trkpt>
   <trkpt lat="52.095580000000005" lon="4.44658">
    <ele>-1.41</ele>
   </trkpt>
   <trkpt lat="52.095180000000006" lon="4.44695">
    <ele>-0.84</ele>
   </trkpt>
   <trkpt lat="52.0951" lon="4.4470600000000005">
    <ele>-0.84</ele>
   </trkpt>
   <trkpt lat="52.095000000000006" lon="4.44716">
    <ele>-0.62</ele>
   </trkpt>
   <trkpt lat="52.09519" lon="4.4477400000000005">
    <ele>-0.67</ele>
   </trkpt>
   <trkpt lat="52.09534000000001" lon="4.44857">
    <ele>-0.75</ele>
   </trkpt>
   <trkpt lat="52.09514000000001" lon="4.448840000000001">
    <ele>-2.2900000000000005</ele>
   </trkpt>
   <trkpt lat="52.09489000000001" lon="4.4493">
    <ele>-4.109999999999999</ele>
   </trkpt>
   <trkpt lat="52.09474" lon="4.449450000000001">
    <ele>-4.47</ele>
   </trkpt>
   <trkpt lat="52.09456" lon="4.449540000000001">
    <ele>-5.66</ele>
   </trkpt>
   <trkpt lat="52.094390000000004" lon="4.449680000000001">
    <ele>-6.0200000000000005</ele>
   </trkpt>
   <trkpt lat="52.09422000000001" lon="4.449870000000001">
    <ele>-6.1000000000000005</ele>
   </trkpt>
   <trkpt lat="52.09363000467335" lon="4.450613352995748">
    <ele>-5.82</ele>
   </trkpt>
   <trkpt lat="52.093040004671764" lon="4.451356686330722">
    <ele>-5.68</ele>
   </trkpt>
   <trkpt lat="52.09245000000001" lon="4.452100000000001">
    <ele>-5.44</ele>
   </trkpt>
   <trkpt lat="52.092030000832374" lon="4.452505003678955">
    <ele>-5.55</ele>
   </trkpt>
   <trkpt lat="52.09161" lon="4.45291">
    <ele>-4.890000000000001</ele>
   </trkpt>
   <trkpt lat="52.091240000000006" lon="4.45397">
    <ele>-5.0600000000000005</ele>
   </trkpt>
   <trkpt lat="52.091170000000005" lon="4.45408">
    <ele>-4.96</ele>
   </trkpt>
   <trkpt lat="52.09053500169996" lon="4.4547200091413295">
    <ele>-5.0</ele>
   </trkpt>
   <trkpt lat="52.08990000000001" lon="4.455360000000001">
    <ele>-5.0</ele>
   </trkpt>
   <trkpt lat="52.08929500152104" lon="4.455950007952415">
    <ele>-5.19</ele>
   </trkpt>
   <trkpt lat="52.08869000000001" lon="4.45654">
    <ele>-4.890000000000001</ele>
   </trkpt>
   <trkpt lat="52.0885" lon="4.45676">
    <ele>-5.4</ele>
   </trkpt>
   <trkpt lat="52.08797333573032" lon="4.457286679048637">
    <ele>-5.760000000000001</ele>
   </trkpt>
   <trkpt lat="52.0874466691137" lon="4.4578133456650635">
    <ele>-5.670000000000001</ele>
   </trkpt>
   <trkpt lat="52.086920000000006" lon="4.458340000000001">
    <ele>-3.2900000000000005</ele>
   </trkpt>
   <trkpt lat="52.086600000000004" lon="4.458760000000001">
    <ele>-2.1</ele>
   </trkpt>
   <trkpt lat="52.08662" lon="4.458740000000001">
    <ele>-2.1</ele>
   </trkpt>
   <trkpt lat="52.086600000000004" lon="4.45875">
    <ele>-2.0300000000000002</ele>
   </trkpt>
   <trkpt lat="52.086895001548584" lon="4.459334996332622">
    <ele>-2.17</ele>
   </trkpt>
   <trkpt lat="52.08719000000001" lon="4.45992">
    <ele>-2.0700000000000003</ele>
   </trkpt>
   <trkpt lat="52.0875150016114" lon="4.460539995456228">
    <ele>-2.16</ele>
   </trkpt>
   <trkpt lat="52.08784000000001" lon="4.4611600000000005">
    <ele>-2.15</ele>
   </trkpt>
   <trkpt lat="52.08822000000001" lon="4.46199">
    <ele>-2.16</ele>
   </trkpt>
   <trkpt lat="52.08852000256366" lon="4.46275499508096">
    <ele>-2.14</ele>
   </trkpt>
   <trkpt lat="52.088820000000005" lon="4.46352">
    <ele>-2.23</ele>
   </trkpt>
   <trkpt lat="52.08909500151631" lon="4.464114996373344">
    <ele>-2.17</ele>
   </trkpt>
   <trkpt lat="52.08937" lon="4.46471">
    <ele>-2.16</ele>
   </trkpt>
   <trkpt lat="52.08959" lon="4.4652400000000005">
    <ele>-2.2600000000000002</ele>
   </trkpt>
   <trkpt lat="52.08977" lon="4.465870000000001">
    <ele>-2.2600000000000002</ele>
   </trkpt>
   <trkpt lat="52.08991" lon="4.466430000000001">
    <ele>-2.14</ele>
   </trkpt>
   <trkpt lat="52.090180000000004" lon="4.467630000000001">
    <ele>-2.2800000000000002</ele>
   </trkpt>
   <trkpt lat="52.09024" lon="4.467840000000001">
    <ele>-2.2</ele>
   </trkpt>
   <trkpt lat="52.0904" lon="4.46821">
    <ele>-2.2</ele>
   </trkpt>
   <trkpt lat="52.090900000000005" lon="4.46928">
    <ele>-2.2</ele>
   </trkpt>
   <trkpt lat="52.09098" lon="4.46949">
    <ele>-2.32</ele>
   </trkpt>
   <trkpt lat="52.09120000000001" lon="4.4704500000000005">
    <ele>-2.4200000000000004</ele>
   </trkpt>
   <trkpt lat="52.09131000000001" lon="4.47114">
    <ele>-2.4899999999999998</ele>
   </trkpt>
   <trkpt lat="52.09140000000001" lon="4.47229">
    <ele>-2.24</ele>
   </trkpt>
   <trkpt lat="52.09140000000001" lon="4.472770000000001">
    <ele>-2.08</ele>
   </trkpt>
   <trkpt lat="52.09141" lon="4.47299">
    <ele>-2.08</ele>
   </trkpt>
   <trkpt lat="52.09143" lon="4.47304">
    <ele>-2.08</ele>
   </trkpt>
   <trkpt lat="52.091800000000006" lon="4.473310000000001">
    <ele>-2.15</ele>
   </trkpt>
   <trkpt lat="52.09192" lon="4.47334">
    <ele>-2.15</ele>
   </trkpt>
   <trkpt lat="52.092020000000005" lon="4.473330000000001">
    <ele>-2.48</ele>
   </trkpt>
   <trkpt lat="52.092130000000004" lon="4.47328">
    <ele>-2.48</ele>
   </trkpt>
   <trkpt lat="52.09219" lon="4.47322">
    <ele>-2.4899999999999998</ele>
   </trkpt>
   <trkpt lat="52.092240000000004" lon="4.4732">
    <ele>-2.4899999999999998</ele>
   </trkpt>
   <trkpt lat="52.09234000000001" lon="4.47323">
    <ele>-2.45</ele>
   </trkpt>
   <trkpt lat="52.09246" lon="4.4733600000000004">
    <ele>-2.14</ele>
   </trkpt>
   <trkpt lat="52.09254000000001" lon="4.47323">
    <ele>-2.14</ele>
   </trkpt>
   <trkpt lat="52.09268" lon="4.47308">
    <ele>-3.3800000000000003</ele>
   </trkpt>
   <trkpt lat="52.092850000000006" lon="4.473000000000001">
    <ele>-3.8100000000000005</ele>
   </trkpt>
   <trkpt lat="52.09302" lon="4.4729600000000005">
    <ele>-4.0600000000000005</ele>
   </trkpt>
   <trkpt lat="52.09315" lon="4.47285">
    <ele>-4.19</ele>
   </trkpt>
   <trkpt lat="52.09302" lon="4.4729600000000005">
    <ele>-4.0600000000000005</ele>
   </trkpt>
   <trkpt lat="52.092850000000006" lon="4.473000000000001">
    <ele>-3.8100000000000005</ele>
   </trkpt>
   <trkpt lat="52.09268" lon="4.47308">
    <ele>-3.3800000000000003</ele>
   </trkpt>
   <trkpt lat="52.09254000000001" lon="4.47323">
    <ele>-2.14</ele>
   </trkpt>
   <trkpt lat="52.09246" lon="4.4733600000000004">
    <ele>-2.14</ele>
   </trkpt>
   <trkpt lat="52.09239" lon="4.4736">
    <ele>-1.86</ele>
   </trkpt>
   <trkpt lat="52.092420000000004" lon="4.47383">
    <ele>-1.78</ele>
   </trkpt>
   <trkpt lat="52.09239" lon="4.47391">
    <ele>-1.79</ele>
   </trkpt>
   <trkpt lat="52.0923" lon="4.473990000000001">
    <ele>-3.37</ele>
   </trkpt>
   <trkpt lat="52.092290000000006" lon="4.47395">
    <ele>-3.2900000000000005</ele>
   </trkpt>
   <trkpt lat="52.09208" lon="4.47445">
    <ele>-3.54</ele>
   </trkpt>
   <trkpt lat="52.092090000000006" lon="4.474430000000001">
    <ele>-3.54</ele>
   </trkpt>
   <trkpt lat="52.09181" lon="4.47475">
    <ele>-2.23</ele>
   </trkpt>
   <trkpt lat="52.091800000000006" lon="4.47477">
    <ele>-2.23</ele>
   </trkpt>
   <trkpt lat="52.091950000000004" lon="4.475090000000001">
    <ele>-2.34</ele>
   </trkpt>
   <trkpt lat="52.092365004114356" lon="4.476084990568077">
    <ele>-2.48</ele>
   </trkpt>
   <trkpt lat="52.092780000000005" lon="4.47708">
    <ele>-1.9000000000000001</ele>
   </trkpt>
   <trkpt lat="52.09282" lon="4.477250000000001">
    <ele>-2.14</ele>
   </trkpt>
   <trkpt lat="52.092780000000005" lon="4.47797">
    <ele>-4.109999999999999</ele>
   </trkpt>
   <trkpt lat="52.09319333906125" lon="4.478793318063186">
    <ele>-4.85</ele>
   </trkpt>
   <trkpt lat="52.09360667238738" lon="4.4796166513819715">
    <ele>-4.94</ele>
   </trkpt>
   <trkpt lat="52.09402000000001" lon="4.480440000000001">
    <ele>-4.760000000000001</ele>
   </trkpt>
   <trkpt lat="52.094280000000005" lon="4.48106">
    <ele>-4.57</ele>
   </trkpt>
   <trkpt lat="52.094370000000005" lon="4.48134">
    <ele>-4.57</ele>
   </trkpt>
   <trkpt lat="52.09468001614451" lon="4.48246747653779">
    <ele>-4.4</ele>
   </trkpt>
   <trkpt lat="52.09499002153397" lon="4.483594968745427">
    <ele>-4.49</ele>
   </trkpt>
   <trkpt lat="52.0953000161681" lon="4.484722476622757">
    <ele>-4.53</ele>
   </trkpt>
   <trkpt lat="52.09561000000001" lon="4.48585">
    <ele>-4.44</ele>
   </trkpt>
   <trkpt lat="52.09599402260836" lon="4.487005960187617">
    <ele>-4.3</ele>
   </trkpt>
   <trkpt lat="52.09637803391147" lon="4.4881619402771555">
    <ele>-4.47</ele>
   </trkpt>
   <trkpt lat="52.09676203390899" lon="4.489317940268644">
    <ele>-4.4</ele>
   </trkpt>
   <trkpt lat="52.09714602260061" lon="4.490473960162117">
    <ele>-3.85</ele>
   </trkpt>
   <trkpt lat="52.097530000000006" lon="4.491630000000001">
    <ele>-3.58</ele>
   </trkpt>
   <trkpt lat="52.09761" lon="4.49192">
    <ele>-3.58</ele>
   </trkpt>
   <trkpt lat="52.09772" lon="4.49256">
    <ele>-3.58</ele>
   </trkpt>
   <trkpt lat="52.097820000000006" lon="4.49291">
    <ele>-3.6300000000000003</ele>
   </trkpt>
   <trkpt lat="52.09803" lon="4.49354">
    <ele>-3.67</ele>
   </trkpt>
   <trkpt lat="52.09852000000001" lon="4.49439">
    <ele>-4.090000000000001</ele>
   </trkpt>
   <trkpt lat="52.09859" lon="4.494560000000001">
    <ele>-4.090000000000001</ele>
   </trkpt>
   <trkpt lat="52.098780000000005" lon="4.495290000000001">
    <ele>-4.21</ele>
   </trkpt>
   <trkpt lat="52.09903751359" lon="4.496324982059423">
    <ele>-4.260000000000001</ele>
   </trkpt>
   <trkpt lat="52.09929501811753" lon="4.497359976068997">
    <ele>-4.34</ele>
   </trkpt>
   <trkpt lat="52.09955251358246" lon="4.498394982028549">
    <ele>-4.53</ele>
   </trkpt>
   <trkpt lat="52.099810000000005" lon="4.49943">
    <ele>-3.89</ele>
   </trkpt>
   <trkpt lat="52.09989" lon="4.499510000000001">
    <ele>-3.7900000000000005</ele>
   </trkpt>
   <trkpt lat="52.10029" lon="4.500170000000001">
    <ele>-2.0300000000000002</ele>
   </trkpt>
   <trkpt lat="52.100370000000005" lon="4.500240000000001">
    <ele>-1.4900000000000002</ele>
   </trkpt>
   <trkpt lat="52.10103666892526" lon="4.500756651221539">
    <ele>-1.62</ele>
   </trkpt>
   <trkpt lat="52.10170333559224" lon="4.501273317888159">
    <ele>-0.92</ele>
   </trkpt>
   <trkpt lat="52.10237000000001" lon="4.501790000000001">
    <ele>-1.04</ele>
   </trkpt>
   <trkpt lat="52.102985001050726" lon="4.502284993185633">
    <ele>-0.9600000000000001</ele>
   </trkpt>
   <trkpt lat="52.10360000000001" lon="4.5027800000000004">
    <ele>-0.77</ele>
   </trkpt>
   <trkpt lat="52.10403" lon="4.5030600000000005">
    <ele>-0.8</ele>
   </trkpt>
   <trkpt lat="52.10425000000001" lon="4.50316">
    <ele>-0.75</ele>
   </trkpt>
   <trkpt lat="52.10417" lon="4.5035300000000005">
    <ele>-1.16</ele>
   </trkpt>
   <trkpt lat="52.104020000000006" lon="4.50464">
    <ele>-2.31</ele>
   </trkpt>
   <trkpt lat="52.10386602789517" lon="4.5059240177293685">
    <ele>-2.74</ele>
   </trkpt>
   <trkpt lat="52.10371204184288" lon="4.507208026592235">
    <ele>-3.0700000000000003</ele>
   </trkpt>
   <trkpt lat="52.10355804184331" lon="4.508492026587908">
    <ele>-3.16</ele>
   </trkpt>
   <trkpt lat="52.10340402789663" lon="4.509776017715694">
    <ele>-3.62</ele>
   </trkpt>
   <trkpt lat="52.10325" lon="4.5110600000000005">
    <ele>-3.4800000000000004</ele>
   </trkpt>
   <trkpt lat="52.103170002700104" lon="4.511860001505353">
    <ele>-3.3200000000000003</ele>
   </trkpt>
   <trkpt lat="52.10309" lon="4.51266">
    <ele>-1.84</ele>
   </trkpt>
   <trkpt lat="52.10302" lon="4.512720000000001">
    <ele>-1.84</ele>
   </trkpt>
   <trkpt lat="52.103120000000004" lon="4.51314">
    <ele>-2.14</ele>
   </trkpt>
   <trkpt lat="52.103350000000006" lon="4.51437">
    <ele>-1.7400000000000002</ele>
   </trkpt>
   <trkpt lat="52.103640000000006" lon="4.515610000000001">
    <ele>-2.1300000000000003</ele>
   </trkpt>
   <trkpt lat="52.1037" lon="4.515750000000001">
    <ele>-2.0900000000000003</ele>
   </trkpt>
   <trkpt lat="52.104040000000005" lon="4.5161500000000006">
    <ele>-2.35</ele>
   </trkpt>
   <trkpt lat="52.104260000000004" lon="4.516380000000001">
    <ele>-2.45</ele>
   </trkpt>
   <trkpt lat="52.10486" lon="4.51691">
    <ele>-1.85</ele>
   </trkpt>
   <trkpt lat="52.10558000200929" lon="4.517574989391446">
    <ele>-1.53</ele>
   </trkpt>
   <trkpt lat="52.106300000000005" lon="4.5182400000000005">
    <ele>-1.16</ele>
   </trkpt>
   <trkpt lat="52.106480000000005" lon="4.51837">
    <ele>-1.1500000000000001</ele>
   </trkpt>
   <trkpt lat="52.107240000000004" lon="4.518820000000001">
    <ele>-1.36</ele>
   </trkpt>
   <trkpt lat="52.10764" lon="4.519080000000001">
    <ele>-1.41</ele>
   </trkpt>
   <trkpt lat="52.10821000000001" lon="4.51958">
    <ele>-1.3200000000000003</ele>
   </trkpt>
   <trkpt lat="52.10895000000001" lon="4.520160000000001">
    <ele>-1.28</ele>
   </trkpt>
   <trkpt lat="52.109700000000004" lon="4.5205400000000004">
    <ele>-1.9000000000000001</ele>
   </trkpt>
   <trkpt lat="52.11013500050214" lon="4.520839997156937">
    <ele>-1.85</ele>
   </trkpt>
   <trkpt lat="52.11057" lon="4.52114">
    <ele>-1.58</ele>
   </trkpt>
   <trkpt lat="52.111240001129126" lon="4.521654992266574">
    <ele>-2.02</ele>
   </trkpt>
   <trkpt lat="52.11191" lon="4.52217">
    <ele>-1.7000000000000002</ele>
   </trkpt>
   <trkpt lat="52.11253000000001" lon="4.52256">
    <ele>-1.29</ele>
   </trkpt>
   <trkpt lat="52.113200000000006" lon="4.52289">
    <ele>-1.16</ele>
   </trkpt>
   <trkpt lat="52.11386" lon="4.52315">
    <ele>-0.9700000000000001</ele>
   </trkpt>
   <trkpt lat="52.11451" lon="4.5235">
    <ele>-0.99</ele>
   </trkpt>
   <trkpt lat="52.115156667954984" lon="4.523896655132374">
    <ele>-1.1400000000000001</ele>
   </trkpt>
   <trkpt lat="52.11580333457905" lon="4.524293321772696">
    <ele>-1.01</ele>
   </trkpt>
   <trkpt lat="52.11645000000001" lon="4.5246900000000005">
    <ele>-0.79</ele>
   </trkpt>
   <trkpt lat="52.117050000000006" lon="4.5250200000000005">
    <ele>-0.7200000000000001</ele>
   </trkpt>
   <trkpt lat="52.11777000028944" lon="4.5252149968850865">
    <ele>-0.4</ele>
   </trkpt>
   <trkpt lat="52.11849" lon="4.52541">
    <ele>-0.34</ele>
   </trkpt>
   <trkpt lat="52.11900000000001" lon="4.5256300000000005">
    <ele>-0.34</ele>
   </trkpt>
   <trkpt lat="52.11968" lon="4.525980000000001">
    <ele>-0.64</ele>
   </trkpt>
   <trkpt lat="52.11984" lon="4.525790000000001">
    <ele>-0.84</ele>
   </trkpt>
   <trkpt lat="52.119960000000006" lon="4.52582">
    <ele>-0.9700000000000001</ele>
   </trkpt>
   <trkpt lat="52.11997" lon="4.526000000000001">
    <ele>-0.92</ele>
   </trkpt>
   <trkpt lat="52.12001000000001" lon="4.526070000000001">
    <ele>-0.92</ele>
   </trkpt>
   <trkpt lat="52.12044000018123" lon="4.526294997812095">
    <ele>-0.9600000000000001</ele>
   </trkpt>
   <trkpt lat="52.120870000000004" lon="4.5265200000000005">
    <ele>-0.67</ele>
   </trkpt>
   <trkpt lat="52.121" lon="4.52655">
    <ele>-0.54</ele>
   </trkpt>
   <trkpt lat="52.12116" lon="4.52653">
    <ele>-0.22</ele>
   </trkpt>
   <trkpt lat="52.121170000000006" lon="4.52698">
    <ele>-0.14</ele>
   </trkpt>
   <trkpt lat="52.121140000000004" lon="4.527220000000001">
    <ele>-0.19</ele>
   </trkpt>
   <trkpt lat="52.121100000000006" lon="4.5273200000000005">
    <ele>-0.36000000000000004</ele>
   </trkpt>
   <trkpt lat="52.12104000000001" lon="4.5273900000000005">
    <ele>-0.36000000000000004</ele>
   </trkpt>
   <trkpt lat="52.12078" lon="4.527830000000001">
    <ele>-1.01</ele>
   </trkpt>
   <trkpt lat="52.12064" lon="4.528250000000001">
    <ele>-1.5</ele>
   </trkpt>
   <trkpt lat="52.12034336252744" lon="4.5294250391090936">
    <ele>-2.4200000000000004</ele>
   </trkpt>
   <trkpt lat="52.12004671337626" lon="4.530600062577249">
    <ele>-2.5100000000000002</ele>
   </trkpt>
   <trkpt lat="52.11975005254674" lon="4.53177507040423">
    <ele>-2.97</ele>
   </trkpt>
   <trkpt lat="52.119453380039175" lon="4.5329500625897925">
    <ele>-3.2</ele>
   </trkpt>
   <trkpt lat="52.11915669585383" lon="4.534125039133699">
    <ele>-3.12</ele>
   </trkpt>
   <trkpt lat="52.118860000000005" lon="4.5353">
    <ele>-1.8200000000000003</ele>
   </trkpt>
   <trkpt lat="52.11881" lon="4.53545">
    <ele>-1.75</ele>
   </trkpt>
   <trkpt lat="52.11882000000001" lon="4.535550000000001">
    <ele>-1.75</ele>
   </trkpt>
   <trkpt lat="52.11882000000001" lon="4.5357400000000005">
    <ele>-2.14</ele>
   </trkpt>
   <trkpt lat="52.11889000000001" lon="4.53596">
    <ele>-2.14</ele>
   </trkpt>
   <trkpt lat="52.118950000000005" lon="4.53603">
    <ele>-2.25</ele>
   </trkpt>
   <trkpt lat="52.11901" lon="4.5360700000000005">
    <ele>-2.25</ele>
   </trkpt>
   <trkpt lat="52.11909000000001" lon="4.536090000000001">
    <ele>-2.2800000000000002</ele>
   </trkpt>
   <trkpt lat="52.11961" lon="4.5360700000000005">
    <ele>-1.84</ele>
   </trkpt>
   <trkpt lat="52.11968" lon="4.536110000000001">
    <ele>-1.84</ele>
   </trkpt>
   <trkpt lat="52.11975" lon="4.536180000000001">
    <ele>-1.78</ele>
   </trkpt>
   <trkpt lat="52.11983000000001" lon="4.53634">
    <ele>-1.78</ele>
   </trkpt>
   <trkpt lat="52.11983000000001" lon="4.53662">
    <ele>-1.93</ele>
   </trkpt>
   <trkpt lat="52.11952500678681" lon="4.537890008834375">
    <ele>-1.87</ele>
   </trkpt>
   <trkpt lat="52.119220000000006" lon="4.539160000000001">
    <ele>-1.93</ele>
   </trkpt>
   <trkpt lat="52.11903000243254" lon="4.539910002985589">
    <ele>-1.8200000000000003</ele>
   </trkpt>
   <trkpt lat="52.118840000000006" lon="4.540660000000001">
    <ele>-1.77</ele>
   </trkpt>
   <trkpt lat="52.118480000000005" lon="4.54192">
    <ele>-1.84</ele>
   </trkpt>
   <trkpt lat="52.118305004020876" lon="4.542900004076941">
    <ele>-1.8300000000000003</ele>
   </trkpt>
   <trkpt lat="52.11813" lon="4.543880000000001">
    <ele>-1.85</ele>
   </trkpt>
   <trkpt lat="52.118120000000005" lon="4.5441400000000005">
    <ele>-1.85</ele>
   </trkpt>
   <trkpt lat="52.118140000000004" lon="4.54439">
    <ele>-1.85</ele>
   </trkpt>
   <trkpt lat="52.11816" lon="4.54452">
    <ele>-2.25</ele>
   </trkpt>
   <trkpt lat="52.11826000000001" lon="4.54473">
    <ele>-2.25</ele>
   </trkpt>
   <trkpt lat="52.1184" lon="4.5449">
    <ele>-2.25</ele>
   </trkpt>
   <trkpt lat="52.11923" lon="4.54537">
    <ele>-2.31</ele>
   </trkpt>
   <trkpt lat="52.11983000071675" lon="4.545659992194942">
    <ele>-2.48</ele>
   </trkpt>
   <trkpt lat="52.12043000072215" lon="4.545949992197426">
    <ele>-2.48</ele>
   </trkpt>
   <trkpt lat="52.121030000000005" lon="4.54624">
    <ele>-1.9000000000000001</ele>
   </trkpt>
   <trkpt lat="52.121080000000006" lon="4.5463000000000005">
    <ele>-1.9000000000000001</ele>
   </trkpt>
   <trkpt lat="52.121120000000005" lon="4.5464">
    <ele>-1.93</ele>
   </trkpt>
   <trkpt lat="52.12115000000001" lon="4.54675">
    <ele>-1.9400000000000002</ele>
   </trkpt>
   <trkpt lat="52.12118" lon="4.54682">
    <ele>-1.9400000000000002</ele>
   </trkpt>
   <trkpt lat="52.12126000000001" lon="4.546880000000001">
    <ele>-1.9400000000000002</ele>
   </trkpt>
   <trkpt lat="52.121520000000004" lon="4.546860000000001">
    <ele>-2.4400000000000004</ele>
   </trkpt>
   <trkpt lat="52.12233500305318" lon="4.547239965254496">
    <ele>-2.85</ele>
   </trkpt>
   <trkpt lat="52.12315000488514" lon="4.5476199444059775">
    <ele>-2.82</ele>
   </trkpt>
   <trkpt lat="52.12396500549581" lon="4.547999937455342">
    <ele>-2.82</ele>
   </trkpt>
   <trkpt lat="52.12478000488512" lon="4.548379944403483">
    <ele>-2.82</ele>
   </trkpt>
   <trkpt lat="52.12559500305298" lon="4.548759965251296">
    <ele>-2.6300000000000003</ele>
   </trkpt>
   <trkpt lat="52.12641000000001" lon="4.54914">
    <ele>-1.93</ele>
   </trkpt>
   <trkpt lat="52.126560000000005" lon="4.549270000000001">
    <ele>-1.84</ele>
   </trkpt>
   <trkpt lat="52.1266" lon="4.549370000000001">
    <ele>-1.84</ele>
   </trkpt>
   <trkpt lat="52.12666" lon="4.55022">
    <ele>-2.45</ele>
   </trkpt>
   <trkpt lat="52.12666" lon="4.5502400000000005">
    <ele>-2.45</ele>
   </trkpt>
   <trkpt lat="52.12666" lon="4.55044">
    <ele>-2.4600000000000004</ele>
   </trkpt>
   <trkpt lat="52.12641000461778" lon="4.551485005864433">
    <ele>-2.2600000000000002</ele>
   </trkpt>
   <trkpt lat="52.126160000000006" lon="4.55253">
    <ele>-2.47</ele>
   </trkpt>
   <trkpt lat="52.12594000431688" lon="4.553535004754041">
    <ele>-2.16</ele>
   </trkpt>
   <trkpt lat="52.12572" lon="4.55454">
    <ele>-1.93</ele>
   </trkpt>
   <trkpt lat="52.12550667605133" lon="4.555593343417136">
    <ele>-1.93</ele>
   </trkpt>
   <trkpt lat="52.1252933427182" lon="4.556646676749254">
    <ele>-1.9400000000000002</ele>
   </trkpt>
   <trkpt lat="52.125080000000004" lon="4.5577000000000005">
    <ele>-1.78</ele>
   </trkpt>
   <trkpt lat="52.12484002078339" lon="4.5589800206989395">
    <ele>-2.12</ele>
   </trkpt>
   <trkpt lat="52.124600027708645" lon="4.560260027611509">
    <ele>-2.19</ele>
   </trkpt>
   <trkpt lat="52.12436002077605" lon="4.561540020737182">
    <ele>-2.08</ele>
   </trkpt>
   <trkpt lat="52.124120000000005" lon="4.56282">
    <ele>-1.76</ele>
   </trkpt>
   <trkpt lat="52.12406000000001" lon="4.5629800000000005">
    <ele>-1.75</ele>
   </trkpt>
   <trkpt lat="52.12397000000001" lon="4.563090000000001">
    <ele>-1.76</ele>
   </trkpt>
   <trkpt lat="52.12391" lon="4.5631200000000005">
    <ele>-1.76</ele>
   </trkpt>
   <trkpt lat="52.123850000000004" lon="4.5631200000000005">
    <ele>-1.76</ele>
   </trkpt>
   <trkpt lat="52.12302666716873" lon="4.562964985681555">
    <ele>-2.14</ele>
   </trkpt>
   <trkpt lat="52.122203334134205" lon="4.562809977090542">
    <ele>-2.4899999999999998</ele>
   </trkpt>
   <trkpt lat="52.12138000089645" lon="4.562654974226581">
    <ele>-2.8000000000000003</ele>
   </trkpt>
   <trkpt lat="52.120556667455475" lon="4.562499977089294">
    <ele>-2.7</ele>
   </trkpt>
   <trkpt lat="52.11973333381131" lon="4.562344985678298">
    <ele>-2.5100000000000002</ele>
   </trkpt>
   <trkpt lat="52.11891000000001" lon="4.56219">
    <ele>-2.1100000000000003</ele>
   </trkpt>
   <trkpt lat="52.11882000000001" lon="4.562130000000001">
    <ele>-1.9200000000000002</ele>
   </trkpt>
   <trkpt lat="52.118730000000006" lon="4.562">
    <ele>-1.9100000000000001</ele>
   </trkpt>
   <trkpt lat="52.118640000000006" lon="4.5621100000000006">
    <ele>-1.9100000000000001</ele>
   </trkpt>
   <trkpt lat="52.11853000000001" lon="4.56214">
    <ele>-2.24</ele>
   </trkpt>
   <trkpt lat="52.117863333541294" lon="4.562029996727089">
    <ele>-2.2600000000000002</ele>
   </trkpt>
   <trkpt lat="52.117196666980206" lon="4.561919996744571">
    <ele>-2.12</ele>
   </trkpt>
   <trkpt lat="52.116530000000004" lon="4.56181">
    <ele>-2.02</ele>
   </trkpt>
   <trkpt lat="52.116440000000004" lon="4.5618300000000005">
    <ele>-2.0900000000000003</ele>
   </trkpt>
   <trkpt lat="52.116310000000006" lon="4.5619000000000005">
    <ele>-2.0900000000000003</ele>
   </trkpt>
   <trkpt lat="52.11621" lon="4.562">
    <ele>-2.06</ele>
   </trkpt>
   <trkpt lat="52.11603" lon="4.56228">
    <ele>-2.06</ele>
   </trkpt>
   <trkpt lat="52.11598000000001" lon="4.56243">
    <ele>-2.06</ele>
   </trkpt>
   <trkpt lat="52.115930000000006" lon="4.562690000000001">
    <ele>-2.0700000000000003</ele>
   </trkpt>
   <trkpt lat="52.11583" lon="4.56388">
    <ele>-1.9200000000000002</ele>
   </trkpt>
   <trkpt lat="52.1159" lon="4.56507">
    <ele>-2.08</ele>
   </trkpt>
   <trkpt lat="52.11591000000001" lon="4.565530000000001">
    <ele>-2.0900000000000003</ele>
   </trkpt>
   <trkpt lat="52.11588668469711" lon="4.5669900015521305">
    <ele>-1.97</ele>
   </trkpt>
   <trkpt lat="52.11586335136339" lon="4.568450001576443">
    <ele>-1.85</ele>
   </trkpt>
   <trkpt lat="52.115840000000006" lon="4.56991">
    <ele>-1.76</ele>
   </trkpt>
   <trkpt lat="52.11581000623795" lon="4.5711250010447335">
    <ele>-1.77</ele>
   </trkpt>
   <trkpt lat="52.11578" lon="4.5723400000000005">
    <ele>-1.8300000000000003</ele>
   </trkpt>
   <trkpt lat="52.11576" lon="4.572500000000001">
    <ele>-1.93</ele>
   </trkpt>
   <trkpt lat="52.115640000000006" lon="4.57279">
    <ele>-2.02</ele>
   </trkpt>
   <trkpt lat="52.115550000000006" lon="4.572900000000001">
    <ele>-2.02</ele>
   </trkpt>
   <trkpt lat="52.11544000000001" lon="4.57296">
    <ele>-2.02</ele>
   </trkpt>
   <trkpt lat="52.11498" lon="4.573130000000001">
    <ele>-2.1100000000000003</ele>
   </trkpt>
   <trkpt lat="52.114850000000004" lon="4.57324">
    <ele>-2.1100000000000003</ele>
   </trkpt>
   <trkpt lat="52.11475" lon="4.57354">
    <ele>-2.1300000000000003</ele>
   </trkpt>
   <trkpt lat="52.114740000000005" lon="4.573650000000001">
    <ele>-2.1300000000000003</ele>
   </trkpt>
   <trkpt lat="52.11477000000001" lon="4.5738900000000005">
    <ele>-2.08</ele>
   </trkpt>
   <trkpt lat="52.11484" lon="4.574070000000001">
    <ele>-2.08</ele>
   </trkpt>
   <trkpt lat="52.11491" lon="4.57416">
    <ele>-1.99</ele>
   </trkpt>
   <trkpt lat="52.115" lon="4.5742">
    <ele>-1.99</ele>
   </trkpt>
   <trkpt lat="52.11531" lon="4.5742400000000005">
    <ele>-1.97</ele>
   </trkpt>
   <trkpt lat="52.11543" lon="4.5743">
    <ele>-1.97</ele>
   </trkpt>
   <trkpt lat="52.11558" lon="4.57451">
    <ele>-1.93</ele>
   </trkpt>
   <trkpt lat="52.115660000000005" lon="4.57477">
    <ele>-1.93</ele>
   </trkpt>
   <trkpt lat="52.11569" lon="4.57538">
    <ele>-1.9500000000000002</ele>
   </trkpt>
   <trkpt lat="52.115730000000006" lon="4.57631">
    <ele>-2.2600000000000002</ele>
   </trkpt>
   <trkpt lat="52.115710004272685" lon="4.57731500040799">
    <ele>-2.48</ele>
   </trkpt>
   <trkpt lat="52.11569" lon="4.578320000000001">
    <ele>-2.34</ele>
   </trkpt>
   <trkpt lat="52.11566000992838" lon="4.579403334755593">
    <ele>-2.24</ele>
   </trkpt>
   <trkpt lat="52.11563000992936" lon="4.580486668053322">
    <ele>-2.0100000000000002</ele>
   </trkpt>
   <trkpt lat="52.11560000000001" lon="4.58157">
    <ele>-2.14</ele>
   </trkpt>
   <trkpt lat="52.115635007313536" lon="4.582884998964816">
    <ele>-2.14</ele>
   </trkpt>
   <trkpt lat="52.11567" lon="4.5842">
    <ele>-2.14</ele>
   </trkpt>
   <trkpt lat="52.11563" lon="4.584650000000001">
    <ele>-2.1100000000000003</ele>
   </trkpt>
   <trkpt lat="52.11551000000001" lon="4.584980000000001">
    <ele>-2.2600000000000002</ele>
   </trkpt>
   <trkpt lat="52.11536" lon="4.58521">
    <ele>-2.2800000000000002</ele>
   </trkpt>
   <trkpt lat="52.11527" lon="4.5853">
    <ele>-2.2800000000000002</ele>
   </trkpt>
   <trkpt lat="52.11516" lon="4.58537">
    <ele>-2.2600000000000002</ele>
   </trkpt>
   <trkpt lat="52.114920000000005" lon="4.58546">
    <ele>-2.17</ele>
   </trkpt>
   <trkpt lat="52.114830000000005" lon="4.58553">
    <ele>-1.97</ele>
   </trkpt>
   <trkpt lat="52.11477000000001" lon="4.585640000000001">
    <ele>-1.97</ele>
   </trkpt>
   <trkpt lat="52.11471" lon="4.585990000000001">
    <ele>-1.84</ele>
   </trkpt>
   <trkpt lat="52.11469" lon="4.58636">
    <ele>-1.76</ele>
   </trkpt>
   <trkpt lat="52.11473" lon="4.58685">
    <ele>-1.36</ele>
   </trkpt>
   <trkpt lat="52.11478" lon="4.58708">
    <ele>-1.4800000000000002</ele>
   </trkpt>
   <trkpt lat="52.114760000000004" lon="4.58718">
    <ele>-1.5</ele>
   </trkpt>
   <trkpt lat="52.114830000000005" lon="4.58783">
    <ele>-1.9000000000000001</ele>
   </trkpt>
   <trkpt lat="52.114850000000004" lon="4.58847">
    <ele>-2.0900000000000003</ele>
   </trkpt>
   <trkpt lat="52.114810000000006" lon="4.589390000000001">
    <ele>-2.14</ele>
   </trkpt>
   <trkpt lat="52.11481500453048" lon="4.590424999837962">
    <ele>-2.34</ele>
   </trkpt>
   <trkpt lat="52.11482" lon="4.5914600000000005">
    <ele>-2.48</ele>
   </trkpt>
   <trkpt lat="52.11495000000001" lon="4.59219">
    <ele>-2.5100000000000002</ele>
   </trkpt>
   <trkpt lat="52.11498" lon="4.5924700000000005">
    <ele>-2.43</ele>
   </trkpt>
   <trkpt lat="52.115010000000005" lon="4.592890000000001">
    <ele>-2.4400000000000004</ele>
   </trkpt>
   <trkpt lat="52.115055002935236" lon="4.593724998903874">
    <ele>-2.6400000000000006</ele>
   </trkpt>
   <trkpt lat="52.115100000000005" lon="4.59456">
    <ele>-2.36</ele>
   </trkpt>
   <trkpt lat="52.11515000000001" lon="4.595070000000001">
    <ele>-2.4000000000000004</ele>
   </trkpt>
   <trkpt lat="52.11522" lon="4.59557">
    <ele>-2.25</ele>
   </trkpt>
   <trkpt lat="52.115260000000006" lon="4.595940000000001">
    <ele>-2.18</ele>
   </trkpt>
   <trkpt lat="52.11525" lon="4.5962000000000005">
    <ele>-2.18</ele>
   </trkpt>
   <trkpt lat="52.11516" lon="4.5972">
    <ele>-2.35</ele>
   </trkpt>
   <trkpt lat="52.11498" lon="4.59797">
    <ele>-2.2</ele>
   </trkpt>
   <trkpt lat="52.11496" lon="4.598190000000001">
    <ele>-2.2</ele>
   </trkpt>
   <trkpt lat="52.115030000000004" lon="4.5990400000000005">
    <ele>-2.15</ele>
   </trkpt>
   <trkpt lat="52.115050000000004" lon="4.599410000000001">
    <ele>-2.15</ele>
   </trkpt>
   <trkpt lat="52.11496" lon="4.600280000000001">
    <ele>-2.31</ele>
   </trkpt>
   <trkpt lat="52.114900000000006" lon="4.60053">
    <ele>-2.25</ele>
   </trkpt>
   <trkpt lat="52.114630000000005" lon="4.60153">
    <ele>-1.85</ele>
   </trkpt>
   <trkpt lat="52.11459000000001" lon="4.60172">
    <ele>-1.42</ele>
   </trkpt>
   <trkpt lat="52.114520000000006" lon="4.6028">
    <ele>-1.58</ele>
   </trkpt>
   <trkpt lat="52.11453" lon="4.60324">
    <ele>-1.93</ele>
   </trkpt>
   <trkpt lat="52.11459000000001" lon="4.60364">
    <ele>-1.9000000000000001</ele>
   </trkpt>
   <trkpt lat="52.11462" lon="4.6040600000000005">
    <ele>-2.0700000000000003</ele>
   </trkpt>
   <trkpt lat="52.11460000256299" lon="4.604840000747868">
    <ele>-2.14</ele>
   </trkpt>
   <trkpt lat="52.114580000000004" lon="4.60562">
    <ele>-1.9100000000000001</ele>
   </trkpt>
   <trkpt lat="52.114540000000005" lon="4.606120000000001">
    <ele>-1.97</ele>
   </trkpt>
   <trkpt lat="52.11444" lon="4.60721">
    <ele>-2.0</ele>
   </trkpt>
   <trkpt lat="52.1144" lon="4.60818">
    <ele>-2.0100000000000002</ele>
   </trkpt>
   <trkpt lat="52.11441000000001" lon="4.60878">
    <ele>-2.02</ele>
   </trkpt>
   <trkpt lat="52.114430000000006" lon="4.608910000000001">
    <ele>-2.02</ele>
   </trkpt>
   <trkpt lat="52.11450000000001" lon="4.609120000000001">
    <ele>-1.97</ele>
   </trkpt>
   <trkpt lat="52.114610000000006" lon="4.60932">
    <ele>-1.7400000000000002</ele>
   </trkpt>
   <trkpt lat="52.114700000000006" lon="4.6094100000000005">
    <ele>-1.67</ele>
   </trkpt>
   <trkpt lat="52.114830000000005" lon="4.60947">
    <ele>-1.6600000000000001</ele>
   </trkpt>
   <trkpt lat="52.114940000000004" lon="4.6094800000000005">
    <ele>-1.67</ele>
   </trkpt>
   <trkpt lat="52.115819999963165" lon="4.609460000395688">
    <ele>-1.75</ele>
   </trkpt>
   <trkpt lat="52.1167" lon="4.60944">
    <ele>-1.6900000000000002</ele>
   </trkpt>
   <trkpt lat="52.11681" lon="4.60946">
    <ele>-1.67</ele>
   </trkpt>
   <trkpt lat="52.11692000000001" lon="4.60953">
    <ele>-1.59</ele>
   </trkpt>
   <trkpt lat="52.11706" lon="4.609730000000001">
    <ele>-1.2100000000000002</ele>
   </trkpt>
   <trkpt lat="52.117140000000006" lon="4.60988">
    <ele>-1.2100000000000002</ele>
   </trkpt>
   <trkpt lat="52.11726" lon="4.61024">
    <ele>-1.09</ele>
   </trkpt>
   <trkpt lat="52.11739000000001" lon="4.610790000000001">
    <ele>-1.4500000000000002</ele>
   </trkpt>
   <trkpt lat="52.11746" lon="4.61129">
    <ele>-1.85</ele>
   </trkpt>
   <trkpt lat="52.117490000000004" lon="4.6116600000000005">
    <ele>-1.9500000000000002</ele>
   </trkpt>
   <trkpt lat="52.11751000874088" lon="4.612676665645751">
    <ele>-1.93</ele>
   </trkpt>
   <trkpt lat="52.11753000873874" lon="4.613693332204012">
    <ele>-1.85</ele>
   </trkpt>
   <trkpt lat="52.11755" lon="4.6147100000000005">
    <ele>-2.0</ele>
   </trkpt>
   <trkpt lat="52.117580000000004" lon="4.6152500000000005">
    <ele>-2.0</ele>
   </trkpt>
   <trkpt lat="52.117706679603465" lon="4.616486659644047">
    <ele>-1.9500000000000002</ele>
   </trkpt>
   <trkpt lat="52.11783334627078" lon="4.617723326316771">
    <ele>-1.76</ele>
   </trkpt>
   <trkpt lat="52.117960000000004" lon="4.61896">
    <ele>-1.59</ele>
   </trkpt>
   <trkpt lat="52.11807000278005" lon="4.619764998301328">
    <ele>-1.54</ele>
   </trkpt>
   <trkpt lat="52.11818" lon="4.620570000000001">
    <ele>-1.75</ele>
   </trkpt>
   <trkpt lat="52.118280000000006" lon="4.62115">
    <ele>-1.75</ele>
   </trkpt>
   <trkpt lat="52.11845500330806" lon="4.622034996502855">
    <ele>-1.61</ele>
   </trkpt>
   <trkpt lat="52.11863" lon="4.622920000000001">
    <ele>-1.62</ele>
   </trkpt>
   <trkpt lat="52.11876" lon="4.623460000000001">
    <ele>-1.6900000000000002</ele>
   </trkpt>
   <trkpt lat="52.11908500455868" lon="4.624494992542986">
    <ele>-2.1</ele>
   </trkpt>
   <trkpt lat="52.11941" lon="4.62553">
    <ele>-2.32</ele>
   </trkpt>
   <trkpt lat="52.11972" lon="4.62642">
    <ele>-2.15</ele>
   </trkpt>
   <trkpt lat="52.11988" lon="4.626810000000001">
    <ele>-2.3000000000000003</ele>
   </trkpt>
   <trkpt lat="52.12030000303955" lon="4.627649992195305">
    <ele>-2.35</ele>
   </trkpt>
   <trkpt lat="52.120720000000006" lon="4.62849">
    <ele>-2.3000000000000003</ele>
   </trkpt>
   <trkpt lat="52.120760000000004" lon="4.62856">
    <ele>-2.3000000000000003</ele>
   </trkpt>
   <trkpt lat="52.120830000000005" lon="4.628620000000001">
    <ele>-2.25</ele>
   </trkpt>
   <trkpt lat="52.12079000000001" lon="4.628950000000001">
    <ele>-2.23</ele>
   </trkpt>
   <trkpt lat="52.12075" lon="4.62901">
    <ele>-2.2800000000000002</ele>
   </trkpt>
   <trkpt lat="52.12032500032582" lon="4.629255002294684">
    <ele>-2.1300000000000003</ele>
   </trkpt>
   <trkpt lat="52.1199" lon="4.6295">
    <ele>-2.2</ele>
   </trkpt>
   <trkpt lat="52.11977" lon="4.6296">
    <ele>-2.39</ele>
   </trkpt>
   <trkpt lat="52.11966" lon="4.6296">
    <ele>-2.39</ele>
   </trkpt>
   <trkpt lat="52.1188675022339" lon="4.630020022404562">
    <ele>-2.5300000000000002</ele>
   </trkpt>
   <trkpt lat="52.11807500297558" lon="4.630440029873654">
    <ele>-2.56</ele>
   </trkpt>
   <trkpt lat="52.11728250222518" lon="4.630860022408207">
    <ele>-2.56</ele>
   </trkpt>
   <trkpt lat="52.116490000000006" lon="4.63128">
    <ele>-2.56</ele>
   </trkpt>
   <trkpt lat="52.11569500366827" lon="4.631696703821515">
    <ele>-2.69</ele>
   </trkpt>
   <trkpt lat="52.114900005867774" lon="4.632113392780549">
    <ele>-2.8100000000000005</ele>
   </trkpt>
   <trkpt lat="52.1141050065986" lon="4.63253006687803">
    <ele>-2.75</ele>
   </trkpt>
   <trkpt lat="52.113310005860875" lon="4.632946726114887">
    <ele>-2.9000000000000004</ele>
   </trkpt>
   <trkpt lat="52.11251500365467" lon="4.633363370492046">
    <ele>-2.86</ele>
   </trkpt>
   <trkpt lat="52.111720000000005" lon="4.633780000000001">
    <ele>-2.47</ele>
   </trkpt>
   <trkpt lat="52.11117" lon="4.63405">
    <ele>-3.0300000000000002</ele>
   </trkpt>
   <trkpt lat="52.11049250160936" lon="4.634402516051735">
    <ele>-3.0500000000000003</ele>
   </trkpt>
   <trkpt lat="52.10981500216756" lon="4.634755021390608">
    <ele>-3.0</ele>
   </trkpt>
   <trkpt lat="52.10913750167462" lon="4.635107516017185">
    <ele>-2.86</ele>
   </trkpt>
   <trkpt lat="52.10846" lon="4.63546">
    <ele>-2.9000000000000004</ele>
   </trkpt>
   <trkpt lat="52.107670002944765" lon="4.635878029627698">
    <ele>-2.85</ele>
   </trkpt>
   <trkpt lat="52.10688000441134" lon="4.636296044443666">
    <ele>-2.83</ele>
   </trkpt>
   <trkpt lat="52.10609000439975" lon="4.636714044448822">
    <ele>-2.82</ele>
   </trkpt>
   <trkpt lat="52.10530000291015" lon="4.637132029644086">
    <ele>-2.56</ele>
   </trkpt>
   <trkpt lat="52.104510000000005" lon="4.63755">
    <ele>-2.47</ele>
   </trkpt>
   <trkpt lat="52.104490000000006" lon="4.6376">
    <ele>-2.47</ele>
   </trkpt>
   <trkpt lat="52.103930000000005" lon="4.637930000000001">
    <ele>-2.48</ele>
   </trkpt>
   <trkpt lat="52.10381" lon="4.63801">
    <ele>-2.48</ele>
   </trkpt>
   <trkpt lat="52.103820000000006" lon="4.63801">
    <ele>-2.48</ele>
   </trkpt>
   <trkpt lat="52.104025006030156" lon="4.63920499444764">
    <ele>-2.48</ele>
   </trkpt>
   <trkpt lat="52.10423" lon="4.6404000000000005">
    <ele>-3.16</ele>
   </trkpt>
   <trkpt lat="52.104330000000004" lon="4.641170000000001">
    <ele>-3.1300000000000003</ele>
   </trkpt>
   <trkpt lat="52.104380000000006" lon="4.64125">
    <ele>-3.06</ele>
   </trkpt>
   <trkpt lat="52.10446" lon="4.6412700000000005">
    <ele>-3.06</ele>
   </trkpt>
   <trkpt lat="52.10502" lon="4.64092">
    <ele>-2.56</ele>
   </trkpt>
   <trkpt lat="52.10508" lon="4.6409">
    <ele>-2.6100000000000003</ele>
   </trkpt>
   <trkpt lat="52.10515" lon="4.6409400000000005">
    <ele>-2.6100000000000003</ele>
   </trkpt>
   <trkpt lat="52.10519000000001" lon="4.64104">
    <ele>-2.89</ele>
   </trkpt>
   <trkpt lat="52.105416701953764" lon="4.642331633853659">
    <ele>-2.73</ele>
   </trkpt>
   <trkpt lat="52.10564338979409" lon="4.643623280839251">
    <ele>-3.1400000000000006</ele>
   </trkpt>
   <trkpt lat="52.1058700635207" lon="4.644914940956201">
    <ele>-3.24</ele>
   </trkpt>
   <trkpt lat="52.106096723133334" lon="4.64620661420393">
    <ele>-2.66</ele>
   </trkpt>
   <trkpt lat="52.10632336863175" lon="4.647498300581861">
    <ele>-2.6400000000000006</ele>
   </trkpt>
   <trkpt lat="52.106550000000006" lon="4.64879">
    <ele>-2.6400000000000006</ele>
   </trkpt>
   <trkpt lat="52.10680000347884" lon="4.64969999481156">
    <ele>-2.56</ele>
   </trkpt>
   <trkpt lat="52.10705" lon="4.65061">
    <ele>-2.48</ele>
   </trkpt>
   <trkpt lat="52.10741500662938" lon="4.651864989615414">
    <ele>-2.5</ele>
   </trkpt>
   <trkpt lat="52.107780000000005" lon="4.65312">
    <ele>-2.52</ele>
   </trkpt>
   <trkpt lat="52.107850000000006" lon="4.65331">
    <ele>-2.52</ele>
   </trkpt>
   <trkpt lat="52.108050000000006" lon="4.653560000000001">
    <ele>-2.36</ele>
   </trkpt>
   <trkpt lat="52.108725002575476" lon="4.654344988080605">
    <ele>-2.4200000000000004</ele>
   </trkpt>
   <trkpt lat="52.1094" lon="4.655130000000001">
    <ele>-2.35</ele>
   </trkpt>
   <trkpt lat="52.10943" lon="4.6550400000000005">
    <ele>-2.31</ele>
   </trkpt>
   <trkpt lat="52.109480000000005" lon="4.65502">
    <ele>-2.31</ele>
   </trkpt>
   <trkpt lat="52.10958" lon="4.6551">
    <ele>-2.1300000000000003</ele>
   </trkpt>
   <trkpt lat="52.109680000000004" lon="4.655130000000001">
    <ele>-2.1300000000000003</ele>
   </trkpt>
   <trkpt lat="52.11016000000001" lon="4.65568">
    <ele>-1.98</ele>
   </trkpt>
   <trkpt lat="52.110240000000005" lon="4.65575">
    <ele>-2.19</ele>
   </trkpt>
   <trkpt lat="52.1103" lon="4.65578">
    <ele>-2.19</ele>
   </trkpt>
   <trkpt lat="52.11036000000001" lon="4.655900000000001">
    <ele>-2.2600000000000002</ele>
   </trkpt>
   <trkpt lat="52.11072000000001" lon="4.65643">
    <ele>-2.14</ele>
   </trkpt>
   <trkpt lat="52.1109" lon="4.65676">
    <ele>-2.0900000000000003</ele>
   </trkpt>
   <trkpt lat="52.110980000000005" lon="4.65693">
    <ele>-2.0900000000000003</ele>
   </trkpt>
   <trkpt lat="52.111290000000004" lon="4.657310000000001">
    <ele>-2.0700000000000003</ele>
   </trkpt>
   <trkpt lat="52.112020011946385" lon="4.658149944995057">
    <ele>-2.14</ele>
   </trkpt>
   <trkpt lat="52.112750017924625" lon="4.658989917496574">
    <ele>-2.2800000000000002</ele>
   </trkpt>
   <trkpt lat="52.113480017934336" lon="4.659829917505951">
    <ele>-2.35</ele>
   </trkpt>
   <trkpt lat="52.11421001197517" lon="4.660669945024588">
    <ele>-2.7900000000000005</ele>
   </trkpt>
   <trkpt lat="52.114940000000004" lon="4.661510000000001">
    <ele>-2.67</ele>
   </trkpt>
   <trkpt lat="52.11487" lon="4.6616800000000005">
    <ele>-2.67</ele>
   </trkpt>
   <trkpt lat="52.11488000000001" lon="4.66183">
    <ele>-2.6300000000000003</ele>
   </trkpt>
   <trkpt lat="52.11478" lon="4.6620800000000004">
    <ele>-2.32</ele>
   </trkpt>
   <trkpt lat="52.114790000000006" lon="4.66216">
    <ele>-2.2</ele>
   </trkpt>
   <trkpt lat="52.115430002361244" lon="4.6628949895356255">
    <ele>-0.67</ele>
   </trkpt>
   <trkpt lat="52.11607000000001" lon="4.66363">
    <ele>0.55</ele>
   </trkpt>
   <trkpt lat="52.116530000000004" lon="4.66422">
    <ele>1.8800000000000001</ele>
   </trkpt>
   <trkpt lat="52.11675" lon="4.664560000000001">
    <ele>2.6400000000000006</ele>
   </trkpt>
   <trkpt lat="52.117070000000005" lon="4.665170000000001">
    <ele>4.86</ele>
   </trkpt>
   <trkpt lat="52.117290000000004" lon="4.665660000000001">
    <ele>5.64</ele>
   </trkpt>
   <trkpt lat="52.11748000000001" lon="4.666200000000001">
    <ele>5.760000000000001</ele>
   </trkpt>
   <trkpt lat="52.11762000232005" lon="4.666944997514631">
    <ele>4.94</ele>
   </trkpt>
   <trkpt lat="52.117760000000004" lon="4.66769">
    <ele>2.97</ele>
   </trkpt>
   <trkpt lat="52.11784" lon="4.66854">
    <ele>1.7200000000000002</ele>
   </trkpt>
   <trkpt lat="52.117810000000006" lon="4.66877">
    <ele>1.3800000000000001</ele>
   </trkpt>
   <trkpt lat="52.117760000000004" lon="4.66901">
    <ele>1.2100000000000002</ele>
   </trkpt>
   <trkpt lat="52.11771" lon="4.67041">
    <ele>-0.93</ele>
   </trkpt>
   <trkpt lat="52.1178" lon="4.67082">
    <ele>-1.07</ele>
   </trkpt>
   <trkpt lat="52.11771" lon="4.670870000000001">
    <ele>-1.05</ele>
   </trkpt>
   <trkpt lat="52.11768000000001" lon="4.67093">
    <ele>-1.05</ele>
   </trkpt>
   <trkpt lat="52.11764" lon="4.671150000000001">
    <ele>-0.88</ele>
   </trkpt>
   <trkpt lat="52.11769" lon="4.67089">
    <ele>-0.54</ele>
   </trkpt>
   <trkpt lat="52.11771" lon="4.670870000000001">
    <ele>-0.54</ele>
   </trkpt>
   <trkpt lat="52.1178" lon="4.67082">
    <ele>-0.25</ele>
   </trkpt>
   <trkpt lat="52.11778" lon="4.671390000000001">
    <ele>-0.29</ele>
   </trkpt>
   <trkpt lat="52.11764500388829" lon="4.672350002974742">
    <ele>1.61</ele>
   </trkpt>
   <trkpt lat="52.11751" lon="4.673310000000001">
    <ele>2.7700000000000005</ele>
   </trkpt>
   <trkpt lat="52.1174" lon="4.673920000000001">
    <ele>3.6500000000000004</ele>
   </trkpt>
   <trkpt lat="52.11726" lon="4.67457">
    <ele>3.97</ele>
   </trkpt>
   <trkpt lat="52.117200000000004" lon="4.6748">
    <ele>4.03</ele>
   </trkpt>
   <trkpt lat="52.11710000000001" lon="4.67495">
    <ele>4.03</ele>
   </trkpt>
   <trkpt lat="52.117050000000006" lon="4.674980000000001">
    <ele>4.03</ele>
   </trkpt>
   <trkpt lat="52.11693" lon="4.67495">
    <ele>4.010000000000001</ele>
   </trkpt>
   <trkpt lat="52.11684" lon="4.674860000000001">
    <ele>4.010000000000001</ele>
   </trkpt>
   <trkpt lat="52.11663000000001" lon="4.6744900000000005">
    <ele>3.91</ele>
   </trkpt>
   <trkpt lat="52.11674000000001" lon="4.67433">
    <ele>3.91</ele>
   </trkpt>
   <trkpt lat="52.11679" lon="4.67429">
    <ele>3.25</ele>
   </trkpt>
   <trkpt lat="52.116910000000004" lon="4.67431">
    <ele>3.25</ele>
   </trkpt>
   <trkpt lat="52.116960000000006" lon="4.674390000000001">
    <ele>3.25</ele>
   </trkpt>
   <trkpt lat="52.11699" lon="4.67448">
    <ele>3.25</ele>
   </trkpt>
   <trkpt lat="52.11695" lon="4.6748400000000006">
    <ele>3.04</ele>
   </trkpt>
   <trkpt lat="52.11684" lon="4.67544">
    <ele>1.7300000000000002</ele>
   </trkpt>
   <trkpt lat="52.11703000000001" lon="4.6759">
    <ele>0.9400000000000001</ele>
   </trkpt>
   <trkpt lat="52.11719" lon="4.67623">
    <ele>0.76</ele>
   </trkpt>
   <trkpt lat="52.11703000000001" lon="4.6765300000000005">
    <ele>0.65</ele>
   </trkpt>
   <trkpt lat="52.11681" lon="4.67712">
    <ele>0.4900000000000001</ele>
   </trkpt>
   <trkpt lat="52.11677" lon="4.67738">
    <ele>0.2</ele>
   </trkpt>
   <trkpt lat="52.116780000000006" lon="4.6780100000000004">
    <ele>-0.42</ele>
   </trkpt>
   <trkpt lat="52.11693" lon="4.6780100000000004">
    <ele>-0.46</ele>
   </trkpt>
   <trkpt lat="52.11699" lon="4.67807">
    <ele>-0.44</ele>
   </trkpt>
   <trkpt lat="52.117020000000004" lon="4.67814">
    <ele>-0.44</ele>
   </trkpt>
   <trkpt lat="52.11715000282017" lon="4.67895999745943">
    <ele>-0.44</ele>
   </trkpt>
   <trkpt lat="52.11728" lon="4.67978">
    <ele>-0.38</ele>
   </trkpt>
   <trkpt lat="52.11728" lon="4.68004">
    <ele>-0.38</ele>
   </trkpt>
   <trkpt lat="52.117200000000004" lon="4.68034">
    <ele>-0.5</ele>
   </trkpt>
   <trkpt lat="52.11712000000001" lon="4.680470000000001">
    <ele>-0.5</ele>
   </trkpt>
   <trkpt lat="52.11712000000001" lon="4.680770000000001">
    <ele>-0.4</ele>
   </trkpt>
   <trkpt lat="52.117270000000005" lon="4.68099">
    <ele>-0.5</ele>
   </trkpt>
   <trkpt lat="52.11730000000001" lon="4.68106">
    <ele>-0.54</ele>
   </trkpt>
   <trkpt lat="52.117380000000004" lon="4.6814">
    <ele>-0.54</ele>
   </trkpt>
   <trkpt lat="52.11738002278269" lon="4.682740000001118">
    <ele>-0.77</ele>
   </trkpt>
   <trkpt lat="52.117380030376914" lon="4.684080000003149">
    <ele>-0.81</ele>
   </trkpt>
   <trkpt lat="52.11738002278269" lon="4.6854200000051796">
    <ele>-0.71</ele>
   </trkpt>
   <trkpt lat="52.117380000000004" lon="4.6867600000000005">
    <ele>-0.59</ele>
   </trkpt>
   <trkpt lat="52.117360000000005" lon="4.68754">
    <ele>-0.67</ele>
   </trkpt>
   <trkpt lat="52.11726" lon="4.68865">
    <ele>-0.64</ele>
   </trkpt>
   <trkpt lat="52.117180000000005" lon="4.68939">
    <ele>-0.75</ele>
   </trkpt>
   <trkpt lat="52.11708" lon="4.6898800000000005">
    <ele>-0.75</ele>
   </trkpt>
   <trkpt lat="52.11708" lon="4.68989">
    <ele>-0.68</ele>
   </trkpt>
   <trkpt lat="52.11699" lon="4.690320000000001">
    <ele>-0.54</ele>
   </trkpt>
   <trkpt lat="52.11685000000001" lon="4.69076">
    <ele>-0.4</ele>
   </trkpt>
   <trkpt lat="52.11645334263426" lon="4.691810018752686">
    <ele>-0.29</ele>
   </trkpt>
   <trkpt lat="52.116056675942524" lon="4.692860018818711">
    <ele>-0.18000000000000002</ele>
   </trkpt>
   <trkpt lat="52.115660000000005" lon="4.693910000000001">
    <ele>-0.17</ele>
   </trkpt>
   <trkpt lat="52.11543000178328" lon="4.694575003682742">
    <ele>-0.34</ele>
   </trkpt>
   <trkpt lat="52.1152" lon="4.69524">
    <ele>-0.17</ele>
   </trkpt>
   <trkpt lat="52.115140000000004" lon="4.69538">
    <ele>-0.17</ele>
   </trkpt>
   <trkpt lat="52.115050000000004" lon="4.69549">
    <ele>-0.19</ele>
   </trkpt>
   <trkpt lat="52.115" lon="4.695760000000001">
    <ele>-0.27</ele>
   </trkpt>
   <trkpt lat="52.11502" lon="4.695950000000001">
    <ele>-0.27</ele>
   </trkpt>
   <trkpt lat="52.115010000000005" lon="4.6961900000000005">
    <ele>-0.25</ele>
   </trkpt>
   <trkpt lat="52.11480000400267" lon="4.697155004251282">
    <ele>0.4</ele>
   </trkpt>
   <trkpt lat="52.11459000000001" lon="4.69812">
    <ele>0.38</ele>
   </trkpt>
   <trkpt lat="52.114360000000005" lon="4.699260000000001">
    <ele>0.17</ele>
   </trkpt>
   <trkpt lat="52.114122521368095" lon="4.700557520698913">
    <ele>-0.11</ele>
   </trkpt>
   <trkpt lat="52.1138850284952" lon="4.70185502757391">
    <ele>-0.23</ele>
   </trkpt>
   <trkpt lat="52.113647521381566" lon="4.703152520624433">
    <ele>-0.05</ele>
   </trkpt>
   <trkpt lat="52.11341" lon="4.7044500000000005">
    <ele>-0.2</ele>
   </trkpt>
   <trkpt lat="52.113290000000006" lon="4.705030000000001">
    <ele>-0.04</ele>
   </trkpt>
   <trkpt lat="52.11310000202151" lon="4.7057200029121535">
    <ele>-0.08</ele>
   </trkpt>
   <trkpt lat="52.11291000000001" lon="4.70641">
    <ele>-0.23</ele>
   </trkpt>
   <trkpt lat="52.11253000000001" lon="4.707470000000001">
    <ele>-0.36000000000000004</ele>
   </trkpt>
   <trkpt lat="52.112120000000004" lon="4.708410000000001">
    <ele>-0.27</ele>
   </trkpt>
   <trkpt lat="52.111850000000004" lon="4.708950000000001">
    <ele>-0.31</ele>
   </trkpt>
   <trkpt lat="52.11133000816697" lon="4.7099333562943855">
    <ele>-0.25</ele>
   </trkpt>
   <trkpt lat="52.11081000815424" lon="4.710916689651404">
    <ele>-0.16</ele>
   </trkpt>
   <trkpt lat="52.110290000000006" lon="4.7119">
    <ele>-0.31</ele>
   </trkpt>
   <trkpt lat="52.11012" lon="4.71236">
    <ele>-0.22</ele>
   </trkpt>
   <trkpt lat="52.10988667351529" lon="4.713260009432751">
    <ele>-0.29</ele>
   </trkpt>
   <trkpt lat="52.10965334017852" lon="4.714160009445944">
    <ele>-0.25</ele>
   </trkpt>
   <trkpt lat="52.10942000000001" lon="4.71506">
    <ele>-0.36000000000000004</ele>
   </trkpt>
   <trkpt lat="52.10926500201722" lon="4.715750002383076">
    <ele>-0.34</ele>
   </trkpt>
   <trkpt lat="52.10911" lon="4.71644">
    <ele>-0.31</ele>
   </trkpt>
   <trkpt lat="52.108955002399235" lon="4.717190002510111">
    <ele>-0.32</ele>
   </trkpt>
   <trkpt lat="52.1088" lon="4.7179400000000005">
    <ele>-0.4</ele>
   </trkpt>
   <trkpt lat="52.108560000000004" lon="4.7187600000000005">
    <ele>-0.29</ele>
   </trkpt>
   <trkpt lat="52.108200000000004" lon="4.7198400000000005">
    <ele>-0.42</ele>
   </trkpt>
   <trkpt lat="52.10802" lon="4.72027">
    <ele>-0.21</ele>
   </trkpt>
   <trkpt lat="52.107870000000005" lon="4.72037">
    <ele>-0.21</ele>
   </trkpt>
   <trkpt lat="52.107780000000005" lon="4.7205900000000005">
    <ele>-0.16</ele>
   </trkpt>
   <trkpt lat="52.10777" lon="4.72078">
    <ele>-0.16</ele>
   </trkpt>
   <trkpt lat="52.10783000000001" lon="4.72088">
    <ele>-0.08</ele>
   </trkpt>
   <trkpt lat="52.107870000000005" lon="4.72093">
    <ele>-0.08</ele>
   </trkpt>
   <trkpt lat="52.10804" lon="4.72102">
    <ele>-0.08</ele>
   </trkpt>
   <trkpt lat="52.10822" lon="4.721310000000001">
    <ele>-0.2</ele>
   </trkpt>
   <trkpt lat="52.10822" lon="4.72146">
    <ele>-0.2</ele>
   </trkpt>
   <trkpt lat="52.108020004512326" lon="4.722490004490873">
    <ele>-0.34</ele>
   </trkpt>
   <trkpt lat="52.107820000000004" lon="4.723520000000001">
    <ele>-0.5</ele>
   </trkpt>
   <trkpt lat="52.10747500578152" lon="4.724685008875659">
    <ele>-0.32</ele>
   </trkpt>
   <trkpt lat="52.107130000000005" lon="4.72585">
    <ele>-0.36000000000000004</ele>
   </trkpt>
   <trkpt lat="52.10689000000001" lon="4.726240000000001">
    <ele>-0.31</ele>
   </trkpt>
   <trkpt lat="52.106730000000006" lon="4.7264800000000005">
    <ele>-0.08</ele>
   </trkpt>
   <trkpt lat="52.106680000000004" lon="4.72654">
    <ele>-0.08</ele>
   </trkpt>
   <trkpt lat="52.106500000000004" lon="4.726660000000001">
    <ele>0.0</ele>
   </trkpt>
   <trkpt lat="52.106410000000004" lon="4.7266900000000005">
    <ele>-0.25</ele>
   </trkpt>
   <trkpt lat="52.106370000000005" lon="4.72667">
    <ele>-0.25</ele>
   </trkpt>
   <trkpt lat="52.10631000000001" lon="4.726800000000001">
    <ele>-0.25</ele>
   </trkpt>
   <trkpt lat="52.10602" lon="4.727180000000001">
    <ele>-0.21</ele>
   </trkpt>
   <trkpt lat="52.105920000000005" lon="4.72747">
    <ele>-0.09000000000000001</ele>
   </trkpt>
   <trkpt lat="52.10589" lon="4.727650000000001">
    <ele>-0.09000000000000001</ele>
   </trkpt>
   <trkpt lat="52.10589" lon="4.727880000000001">
    <ele>-0.09000000000000001</ele>
   </trkpt>
   <trkpt lat="52.10593" lon="4.728070000000001">
    <ele>-0.09000000000000001</ele>
   </trkpt>
   <trkpt lat="52.105900000000005" lon="4.7283">
    <ele>-0.09000000000000001</ele>
   </trkpt>
   <trkpt lat="52.1058" lon="4.728700000000001">
    <ele>-0.1</ele>
   </trkpt>
   <trkpt lat="52.1056" lon="4.72918">
    <ele>0.0</ele>
   </trkpt>
   <trkpt lat="52.10558" lon="4.729310000000001">
    <ele>0.0</ele>
   </trkpt>
   <trkpt lat="52.105520000000006" lon="4.729360000000001">
    <ele>-0.14</ele>
   </trkpt>
   <trkpt lat="52.10519000000001" lon="4.72984">
    <ele>-0.31</ele>
   </trkpt>
   <trkpt lat="52.10475500161417" lon="4.730440005726448">
    <ele>-0.54</ele>
   </trkpt>
   <trkpt lat="52.10432" lon="4.73104">
    <ele>-0.38</ele>
   </trkpt>
   <trkpt lat="52.10369000000001" lon="4.73186">
    <ele>0.16</ele>
   </trkpt>
   <trkpt lat="52.1032" lon="4.73244">
    <ele>-0.08</ele>
   </trkpt>
   <trkpt lat="52.102610000000006" lon="4.73305">
    <ele>-0.17</ele>
   </trkpt>
   <trkpt lat="52.102170000993155" lon="4.7334750039715185">
    <ele>-0.4</ele>
   </trkpt>
   <trkpt lat="52.10173" lon="4.7339">
    <ele>0.30000000000000004</ele>
   </trkpt>
   <trkpt lat="52.10165000000001" lon="4.73397">
    <ele>0.4</ele>
   </trkpt>
   <trkpt lat="52.10152" lon="4.7339400000000005">
    <ele>0.41000000000000003</ele>
   </trkpt>
   <trkpt lat="52.10134000000001" lon="4.733840000000001">
    <ele>0.41000000000000003</ele>
   </trkpt>
   <trkpt lat="52.10128" lon="4.73367">
    <ele>0.36000000000000004</ele>
   </trkpt>
   <trkpt lat="52.10121" lon="4.733630000000001">
    <ele>0.36000000000000004</ele>
   </trkpt>
   <trkpt lat="52.101150000000004" lon="4.733650000000001">
    <ele>0.36000000000000004</ele>
   </trkpt>
   <trkpt lat="52.1011" lon="4.733700000000001">
    <ele>0.21</ele>
   </trkpt>
   <trkpt lat="52.10107000000001" lon="4.73378">
    <ele>0.21</ele>
   </trkpt>
   <trkpt lat="52.10107000000001" lon="4.73393">
    <ele>0.21</ele>
   </trkpt>
   <trkpt lat="52.100970000000004" lon="4.73404">
    <ele>0.11</ele>
   </trkpt>
   <trkpt lat="52.1009" lon="4.73388">
    <ele>0.11</ele>
   </trkpt>
   <trkpt lat="52.100680000000004" lon="4.73423">
    <ele>0.1</ele>
   </trkpt>
   <trkpt lat="52.10042000000001" lon="4.73456">
    <ele>0.05</ele>
   </trkpt>
   <trkpt lat="52.100060000000006" lon="4.73496">
    <ele>0.05</ele>
   </trkpt>
   <trkpt lat="52.09975000000001" lon="4.7352300000000005">
    <ele>0.060000000000000005</ele>
   </trkpt>
   <trkpt lat="52.09915" lon="4.73564">
    <ele>0.060000000000000005</ele>
   </trkpt>
   <trkpt lat="52.098760000000006" lon="4.73585">
    <ele>0.25</ele>
   </trkpt>
   <trkpt lat="52.098490000000005" lon="4.7359800000000005">
    <ele>0.25</ele>
   </trkpt>
   <trkpt lat="52.09790500010866" lon="4.736210003061604">
    <ele>0.31</ele>
   </trkpt>
   <trkpt lat="52.09732" lon="4.73644">
    <ele>0.34</ele>
   </trkpt>
   <trkpt lat="52.09665500003638" lon="4.736610002556197">
    <ele>0.35000000000000003</ele>
   </trkpt>
   <trkpt lat="52.09599000000001" lon="4.73678">
    <ele>0.15000000000000002</ele>
   </trkpt>
   <trkpt lat="52.09523750055066" lon="4.736987510499066">
    <ele>0.35000000000000003</ele>
   </trkpt>
   <trkpt lat="52.09448500073702" lon="4.7371950139976935">
    <ele>0.0</ele>
   </trkpt>
   <trkpt lat="52.09373250055911" lon="4.737402510496307">
    <ele>-0.14</ele>
   </trkpt>
   <trkpt lat="52.092980000000004" lon="4.73761">
    <ele>-0.17</ele>
   </trkpt>
   <trkpt lat="52.09257" lon="4.73768">
    <ele>-0.22</ele>
   </trkpt>
   <trkpt lat="52.09193999997729" lon="4.73773000141551">
    <ele>-0.29</ele>
   </trkpt>
   <trkpt lat="52.091309999933436" lon="4.737780001418968">
    <ele>-0.58</ele>
   </trkpt>
   <trkpt lat="52.090680000000006" lon="4.737830000000001">
    <ele>-0.75</ele>
   </trkpt>
   <trkpt lat="52.089830000000006" lon="4.73793">
    <ele>-0.5</ele>
   </trkpt>
   <trkpt lat="52.089740000000006" lon="4.737920000000001">
    <ele>-0.5</ele>
   </trkpt>
   <trkpt lat="52.08964" lon="4.7378800000000005">
    <ele>-0.38</ele>
   </trkpt>
   <trkpt lat="52.08954000000001" lon="4.73775">
    <ele>0.030000000000000002</ele>
   </trkpt>
   <trkpt lat="52.089380000000006" lon="4.73728">
    <ele>0.8700000000000001</ele>
   </trkpt>
   <trkpt lat="52.089310000000005" lon="4.73716">
    <ele>1.5</ele>
   </trkpt>
   <trkpt lat="52.08925000000001" lon="4.737100000000001">
    <ele>1.5</ele>
   </trkpt>
   <trkpt lat="52.08917" lon="4.7370600000000005">
    <ele>1.62</ele>
   </trkpt>
   <trkpt lat="52.08905000000001" lon="4.73707">
    <ele>1.9400000000000002</ele>
   </trkpt>
   <trkpt lat="52.08879" lon="4.73716">
    <ele>2.5</ele>
   </trkpt>
   <trkpt lat="52.08872" lon="4.73714">
    <ele>2.5</ele>
   </trkpt>
   <trkpt lat="52.08863" lon="4.73698">
    <ele>2.5900000000000003</ele>
   </trkpt>
   <trkpt lat="52.088480000000004" lon="4.7370600000000005">
    <ele>2.5</ele>
   </trkpt>
   <trkpt lat="52.088440000000006" lon="4.737290000000001">
    <ele>2.39</ele>
   </trkpt>
   <trkpt lat="52.08840000000001" lon="4.73737">
    <ele>2.41</ele>
   </trkpt>
   <trkpt lat="52.088350000000005" lon="4.73742">
    <ele>2.41</ele>
   </trkpt>
   <trkpt lat="52.08812" lon="4.7376000000000005">
    <ele>2.12</ele>
   </trkpt>
   <trkpt lat="52.08802000000001" lon="4.7378">
    <ele>1.9500000000000002</ele>
   </trkpt>
   <trkpt lat="52.087970000000006" lon="4.738040000000001">
    <ele>1.85</ele>
   </trkpt>
   <trkpt lat="52.088010000000004" lon="4.73831">
    <ele>0.7200000000000001</ele>
   </trkpt>
   <trkpt lat="52.088150000000006" lon="4.738930000000001">
    <ele>0.16</ele>
   </trkpt>
   <trkpt lat="52.088150000000006" lon="4.73923">
    <ele>-0.25</ele>
   </trkpt>
   <trkpt lat="52.088100000000004" lon="4.7393">
    <ele>-0.25</ele>
   </trkpt>
   <trkpt lat="52.08769" lon="4.7396400000000005">
    <ele>-0.42</ele>
   </trkpt>
   <trkpt lat="52.087230000000005" lon="4.739990000000001">
    <ele>-0.34</ele>
   </trkpt>
   <trkpt lat="52.08662" lon="4.740410000000001">
    <ele>0.38</ele>
   </trkpt>
   <trkpt lat="52.086510000000004" lon="4.7404">
    <ele>0.5</ele>
   </trkpt>
   <trkpt lat="52.086490000000005" lon="4.74049">
    <ele>0.55</ele>
   </trkpt>
   <trkpt lat="52.08655" lon="4.74056">
    <ele>0.4900000000000001</ele>
   </trkpt>
   <trkpt lat="52.08639" lon="4.74068">
    <ele>0.2</ele>
   </trkpt>
   <trkpt lat="52.08615" lon="4.74094">
    <ele>-0.31</ele>
   </trkpt>
   <trkpt lat="52.08588" lon="4.74132">
    <ele>-0.75</ele>
   </trkpt>
   <trkpt lat="52.085640000000005" lon="4.741770000000001">
    <ele>-0.8500000000000001</ele>
   </trkpt>
   <trkpt lat="52.085570000000004" lon="4.74186">
    <ele>-0.75</ele>
   </trkpt>
   <trkpt lat="52.08556" lon="4.7419400000000005">
    <ele>-0.75</ele>
   </trkpt>
   <trkpt lat="52.08518" lon="4.742780000000001">
    <ele>-0.55</ele>
   </trkpt>
   <trkpt lat="52.08487000290823" lon="4.743615005911764">
    <ele>-0.62</ele>
   </trkpt>
   <trkpt lat="52.08456" lon="4.7444500000000005">
    <ele>-0.53</ele>
   </trkpt>
   <trkpt lat="52.08451" lon="4.744750000000001">
    <ele>-0.44</ele>
   </trkpt>
   <trkpt lat="52.08449" lon="4.7452000000000005">
    <ele>-0.08</ele>
   </trkpt>
   <trkpt lat="52.084370002832365" lon="4.746015002039953">
    <ele>0.08</ele>
   </trkpt>
   <trkpt lat="52.084250000000004" lon="4.74683">
    <ele>0.19</ele>
   </trkpt>
   <trkpt lat="52.08424" lon="4.74683">
    <ele>0.17</ele>
   </trkpt>
   <trkpt lat="52.08437000000001" lon="4.74687">
    <ele>0.35000000000000003</ele>
   </trkpt>
   <trkpt lat="52.084830000000004" lon="4.74713">
    <ele>0.9500000000000001</ele>
   </trkpt>
   <trkpt lat="52.085150000000006" lon="4.74728">
    <ele>0.8500000000000001</ele>
   </trkpt>
   <trkpt lat="52.085350000000005" lon="4.74624">
    <ele>0.65</ele>
   </trkpt>
   <trkpt lat="52.08547" lon="4.745830000000001">
    <ele>0.55</ele>
   </trkpt>
   <trkpt lat="52.08578000000001" lon="4.74504">
    <ele>0.46</ele>
   </trkpt>
   <trkpt lat="52.08574" lon="4.744960000000001">
    <ele>0.46</ele>
   </trkpt>
   <trkpt lat="52.08572" lon="4.744870000000001">
    <ele>0.36000000000000004</ele>
   </trkpt>
   <trkpt lat="52.085730000000005" lon="4.74474">
    <ele>0.36000000000000004</ele>
   </trkpt>
   <trkpt lat="52.08585000000001" lon="4.744090000000001">
    <ele>0.11</ele>
   </trkpt>
   <trkpt lat="52.08596000000001" lon="4.74368">
    <ele>-0.16</ele>
   </trkpt>
   <trkpt lat="52.086400000000005" lon="4.74267">
    <ele>-0.27</ele>
   </trkpt>
   <trkpt lat="52.086760000000005" lon="4.742050000000001">
    <ele>-0.22</ele>
   </trkpt>
   <trkpt lat="52.087175000613556" lon="4.7416450038448765">
    <ele>-0.34</ele>
   </trkpt>
   <trkpt lat="52.087590000000006" lon="4.74124">
    <ele>-0.38</ele>
   </trkpt>
   <trkpt lat="52.08813000000001" lon="4.740760000000001">
    <ele>-0.67</ele>
   </trkpt>
   <trkpt lat="52.088710000000006" lon="4.740360000000001">
    <ele>-1.01</ele>
   </trkpt>
   <trkpt lat="52.08898000000001" lon="4.74021">
    <ele>-1.26</ele>
   </trkpt>
   <trkpt lat="52.08957" lon="4.739940000000001">
    <ele>-0.8</ele>
   </trkpt>
   <trkpt lat="52.089710000000004" lon="4.739990000000001">
    <ele>-0.71</ele>
   </trkpt>
   <trkpt lat="52.08975" lon="4.73986">
    <ele>-0.67</ele>
   </trkpt>
   <trkpt lat="52.089830000000006" lon="4.73979">
    <ele>-0.67</ele>
   </trkpt>
   <trkpt lat="52.09017000000001" lon="4.73962">
    <ele>-0.5</ele>
   </trkpt>
   <trkpt lat="52.09069500009713" lon="4.739470001764408">
    <ele>-0.38</ele>
   </trkpt>
   <trkpt lat="52.09122000000001" lon="4.73932">
    <ele>-0.38</ele>
   </trkpt>
   <trkpt lat="52.091910000000006" lon="4.7392">
    <ele>-0.25</ele>
   </trkpt>
   <trkpt lat="52.092710000000004" lon="4.73902">
    <ele>-0.29</ele>
   </trkpt>
   <trkpt lat="52.09357000000001" lon="4.73894">
    <ele>-0.4</ele>
   </trkpt>
   <trkpt lat="52.09411000000509" lon="4.7389100003630515">
    <ele>-0.44</ele>
   </trkpt>
   <trkpt lat="52.09465" lon="4.73888">
    <ele>-0.42</ele>
   </trkpt>
   <trkpt lat="52.095420000084864" lon="4.738780001720509">
    <ele>-0.29</ele>
   </trkpt>
   <trkpt lat="52.09619000000001" lon="4.7386800000000004">
    <ele>-0.5</ele>
   </trkpt>
   <trkpt lat="52.09679999995748" lon="4.73863500061912">
    <ele>-0.5</ele>
   </trkpt>
   <trkpt lat="52.09741" lon="4.73859">
    <ele>-0.58</ele>
   </trkpt>
   <trkpt lat="52.09767" lon="4.73855">
    <ele>-0.79</ele>
   </trkpt>
   <trkpt lat="52.09772" lon="4.738460000000001">
    <ele>-0.79</ele>
   </trkpt>
   <trkpt lat="52.097750000000005" lon="4.73845">
    <ele>-0.9100000000000001</ele>
   </trkpt>
   <trkpt lat="52.09780000000001" lon="4.738460000000001">
    <ele>-0.9100000000000001</ele>
   </trkpt>
   <trkpt lat="52.097820000000006" lon="4.73848">
    <ele>-0.9100000000000001</ele>
   </trkpt>
   <trkpt lat="52.097840000000005" lon="4.7385">
    <ele>-0.92</ele>
   </trkpt>
   <trkpt lat="52.097860000000004" lon="4.738600000000001">
    <ele>-0.9600000000000001</ele>
   </trkpt>
   <trkpt lat="52.09780000000001" lon="4.7387500000000005">
    <ele>-0.93</ele>
   </trkpt>
   <trkpt lat="52.097820000000006" lon="4.73899">
    <ele>-1.06</ele>
   </trkpt>
   <trkpt lat="52.09822860902776" lon="4.740207075967636">
    <ele>-1.5</ele>
   </trkpt>
   <trkpt lat="52.0986372055235" lon="4.741424174232755">
    <ele>-2.16</ele>
   </trkpt>
   <trkpt lat="52.09904578948682" lon="4.74264129479541">
    <ele>-2.33</ele>
   </trkpt>
   <trkpt lat="52.0994543609173" lon="4.743858437655655">
    <ele>-2.0900000000000003</ele>
   </trkpt>
   <trkpt lat="52.09986291981451" lon="4.745075602813541">
    <ele>-2.25</ele>
   </trkpt>
   <trkpt lat="52.100271466178064" lon="4.746292790269122">
    <ele>-2.14</ele>
   </trkpt>
   <trkpt lat="52.100680000000004" lon="4.74751">
    <ele>-1.58</ele>
   </trkpt>
   <trkpt lat="52.100950000000005" lon="4.748290000000001">
    <ele>-1.4800000000000002</ele>
   </trkpt>
   <trkpt lat="52.100970000000004" lon="4.74852">
    <ele>-1.4800000000000002</ele>
   </trkpt>
   <trkpt lat="52.100930000000005" lon="4.7487">
    <ele>-1.4900000000000002</ele>
   </trkpt>
   <trkpt lat="52.10079" lon="4.74901">
    <ele>-1.4900000000000002</ele>
   </trkpt>
   <trkpt lat="52.100640000000006" lon="4.7495">
    <ele>-1.43</ele>
   </trkpt>
   <trkpt lat="52.100530000000006" lon="4.750120000000001">
    <ele>-1.5</ele>
   </trkpt>
   <trkpt lat="52.100550000000005" lon="4.750310000000001">
    <ele>-1.43</ele>
   </trkpt>
   <trkpt lat="52.10060000000001" lon="4.75046">
    <ele>-1.43</ele>
   </trkpt>
   <trkpt lat="52.10065" lon="4.75088">
    <ele>-1.6600000000000001</ele>
   </trkpt>
   <trkpt lat="52.1007" lon="4.75098">
    <ele>-1.6600000000000001</ele>
   </trkpt>
   <trkpt lat="52.10094" lon="4.751320000000001">
    <ele>-1.58</ele>
   </trkpt>
   <trkpt lat="52.101240001224184" lon="4.7518999957145">
    <ele>-1.5</ele>
   </trkpt>
   <trkpt lat="52.10154000000001" lon="4.75248">
    <ele>-1.6</ele>
   </trkpt>
   <trkpt lat="52.101940000000006" lon="4.75337">
    <ele>-1.62</ele>
   </trkpt>
   <trkpt lat="52.10208" lon="4.75361">
    <ele>-1.62</ele>
   </trkpt>
   <trkpt lat="52.10217" lon="4.75372">
    <ele>-1.53</ele>
   </trkpt>
   <trkpt lat="52.10228000000001" lon="4.75377">
    <ele>-1.53</ele>
   </trkpt>
   <trkpt lat="52.10239000000001" lon="4.7538">
    <ele>-1.58</ele>
   </trkpt>
   <trkpt lat="52.102990000000005" lon="4.7538">
    <ele>-1.5</ele>
   </trkpt>
   <trkpt lat="52.10338" lon="4.75382">
    <ele>-1.5700000000000003</ele>
   </trkpt>
   <trkpt lat="52.10361" lon="4.7538800000000005">
    <ele>-1.5700000000000003</ele>
   </trkpt>
   <trkpt lat="52.10380000000001" lon="4.754020000000001">
    <ele>-1.42</ele>
   </trkpt>
   <trkpt lat="52.104000000000006" lon="4.75419">
    <ele>-1.41</ele>
   </trkpt>
   <trkpt lat="52.104380000000006" lon="4.75464">
    <ele>-1.2300000000000002</ele>
   </trkpt>
   <trkpt lat="52.105000000000004" lon="4.754980000000001">
    <ele>-1.4000000000000001</ele>
   </trkpt>
   <trkpt lat="52.10526" lon="4.754980000000001">
    <ele>-1.41</ele>
   </trkpt>
   <trkpt lat="52.10569" lon="4.7548">
    <ele>-1.24</ele>
   </trkpt>
   <trkpt lat="52.10607" lon="4.75455">
    <ele>-1.24</ele>
   </trkpt>
   <trkpt lat="52.10622000000001" lon="4.75448">
    <ele>-1.4000000000000001</ele>
   </trkpt>
   <trkpt lat="52.106500000000004" lon="4.75448">
    <ele>-1.41</ele>
   </trkpt>
   <trkpt lat="52.10667" lon="4.75457">
    <ele>-1.4900000000000002</ele>
   </trkpt>
   <trkpt lat="52.1069" lon="4.754720000000001">
    <ele>-1.51</ele>
   </trkpt>
   <trkpt lat="52.10712" lon="4.754910000000001">
    <ele>-1.35</ele>
   </trkpt>
   <trkpt lat="52.10732" lon="4.75499">
    <ele>-1.33</ele>
   </trkpt>
   <trkpt lat="52.10752" lon="4.755000000000001">
    <ele>-1.34</ele>
   </trkpt>
   <trkpt lat="52.107620000000004" lon="4.75497">
    <ele>-1.4800000000000002</ele>
   </trkpt>
   <trkpt lat="52.107780000000005" lon="4.754860000000001">
    <ele>-1.4800000000000002</ele>
   </trkpt>
   <trkpt lat="52.108050000000006" lon="4.754460000000001">
    <ele>-1.43</ele>
   </trkpt>
   <trkpt lat="52.10821000000001" lon="4.75427">
    <ele>-1.43</ele>
   </trkpt>
   <trkpt lat="52.10828000000001" lon="4.754230000000001">
    <ele>-1.43</ele>
   </trkpt>
   <trkpt lat="52.10839000000001" lon="4.7542">
    <ele>-1.35</ele>
   </trkpt>
   <trkpt lat="52.108430000000006" lon="4.7542100000000005">
    <ele>-1.35</ele>
   </trkpt>
   <trkpt lat="52.10849" lon="4.754250000000001">
    <ele>-1.35</ele>
   </trkpt>
   <trkpt lat="52.108560000000004" lon="4.754320000000001">
    <ele>-1.2100000000000002</ele>
   </trkpt>
   <trkpt lat="52.10866000000001" lon="4.754460000000001">
    <ele>-1.2100000000000002</ele>
   </trkpt>
   <trkpt lat="52.108700000000006" lon="4.75455">
    <ele>-1.1500000000000001</ele>
   </trkpt>
   <trkpt lat="52.10884" lon="4.755070000000001">
    <ele>-1.16</ele>
   </trkpt>
   <trkpt lat="52.108920000000005" lon="4.75565">
    <ele>-1.2300000000000002</ele>
   </trkpt>
   <trkpt lat="52.108990000000006" lon="4.75591">
    <ele>-1.24</ele>
   </trkpt>
   <trkpt lat="52.109190000000005" lon="4.75654">
    <ele>-1.4000000000000001</ele>
   </trkpt>
   <trkpt lat="52.109390000000005" lon="4.75706">
    <ele>-1.36</ele>
   </trkpt>
   <trkpt lat="52.10951000000001" lon="4.75739">
    <ele>-1.35</ele>
   </trkpt>
   <trkpt lat="52.10971000000001" lon="4.75809">
    <ele>-1.34</ele>
   </trkpt>
   <trkpt lat="52.10994" lon="4.759110000000001">
    <ele>-1.4500000000000002</ele>
   </trkpt>
   <trkpt lat="52.110040000000005" lon="4.7593000000000005">
    <ele>-1.41</ele>
   </trkpt>
   <trkpt lat="52.1103" lon="4.75961">
    <ele>-1.4900000000000002</ele>
   </trkpt>
   <trkpt lat="52.11066" lon="4.75992">
    <ele>-1.4800000000000002</ele>
   </trkpt>
   <trkpt lat="52.111110000000004" lon="4.76016">
    <ele>-1.07</ele>
   </trkpt>
   <trkpt lat="52.111610000000006" lon="4.76046">
    <ele>-1.06</ele>
   </trkpt>
   <trkpt lat="52.112010000000005" lon="4.7607800000000005">
    <ele>-1.08</ele>
   </trkpt>
   <trkpt lat="52.112590000000004" lon="4.76128">
    <ele>-1.42</ele>
   </trkpt>
   <trkpt lat="52.11292" lon="4.76161">
    <ele>-1.42</ele>
   </trkpt>
   <trkpt lat="52.113330000000005" lon="4.76208">
    <ele>-1.29</ele>
   </trkpt>
   <trkpt lat="52.113490000000006" lon="4.762320000000001">
    <ele>-1.29</ele>
   </trkpt>
   <trkpt lat="52.113550000000004" lon="4.76254">
    <ele>-1.41</ele>
   </trkpt>
   <trkpt lat="52.11357" lon="4.762770000000001">
    <ele>-1.41</ele>
   </trkpt>
   <trkpt lat="52.11354000000001" lon="4.76304">
    <ele>-1.41</ele>
   </trkpt>
   <trkpt lat="52.113440000000004" lon="4.76349">
    <ele>-1.37</ele>
   </trkpt>
   <trkpt lat="52.11323500253608" lon="4.764265003579779">
    <ele>-1.37</ele>
   </trkpt>
   <trkpt lat="52.11303" lon="4.765040000000001">
    <ele>-1.34</ele>
   </trkpt>
   <trkpt lat="52.112950000000005" lon="4.76606">
    <ele>-1.5</ele>
   </trkpt>
   <trkpt lat="52.112980002811206" lon="4.766874999501713">
    <ele>-1.5700000000000003</ele>
   </trkpt>
   <trkpt lat="52.11301" lon="4.76769">
    <ele>-1.59</ele>
   </trkpt>
   <trkpt lat="52.113020000000006" lon="4.7685900000000006">
    <ele>-1.41</ele>
   </trkpt>
   <trkpt lat="52.11305" lon="4.769030000000001">
    <ele>-1.41</ele>
   </trkpt>
   <trkpt lat="52.113130000000005" lon="4.769360000000001">
    <ele>-1.33</ele>
   </trkpt>
   <trkpt lat="52.11337" lon="4.76965">
    <ele>-1.28</ele>
   </trkpt>
   <trkpt lat="52.11361" lon="4.7698100000000005">
    <ele>-1.17</ele>
   </trkpt>
   <trkpt lat="52.11374000000001" lon="4.769850000000001">
    <ele>-1.17</ele>
   </trkpt>
   <trkpt lat="52.114380000000004" lon="4.76996">
    <ele>-1.25</ele>
   </trkpt>
   <trkpt lat="52.114540000000005" lon="4.77001">
    <ele>-1.29</ele>
   </trkpt>
   <trkpt lat="52.114700000000006" lon="4.77013">
    <ele>-1.3200000000000003</ele>
   </trkpt>
   <trkpt lat="52.11488000000001" lon="4.77031">
    <ele>-1.2100000000000002</ele>
   </trkpt>
   <trkpt lat="52.114990000000006" lon="4.7705">
    <ele>-0.9700000000000001</ele>
   </trkpt>
   <trkpt lat="52.11502" lon="4.77066">
    <ele>-0.88</ele>
   </trkpt>
   <trkpt lat="52.114990000000006" lon="4.77135">
    <ele>-1.28</ele>
   </trkpt>
   <trkpt lat="52.11482" lon="4.77219">
    <ele>-1.58</ele>
   </trkpt>
   <trkpt lat="52.11464" lon="4.77348">
    <ele>-1.4900000000000002</ele>
   </trkpt>
   <trkpt lat="52.114560000000004" lon="4.77418">
    <ele>-1.42</ele>
   </trkpt>
   <trkpt lat="52.114580000000004" lon="4.7749500000000005">
    <ele>-1.5700000000000003</ele>
   </trkpt>
   <trkpt lat="52.114630000000005" lon="4.775250000000001">
    <ele>-1.5700000000000003</ele>
   </trkpt>
   <trkpt lat="52.11471" lon="4.77548">
    <ele>-1.6600000000000001</ele>
   </trkpt>
   <trkpt lat="52.11486000000001" lon="4.77569">
    <ele>-1.6600000000000001</ele>
   </trkpt>
   <trkpt lat="52.11549" lon="4.77616">
    <ele>-1.33</ele>
   </trkpt>
   <trkpt lat="52.115550000000006" lon="4.77622">
    <ele>-1.33</ele>
   </trkpt>
   <trkpt lat="52.11574" lon="4.7766">
    <ele>-1.37</ele>
   </trkpt>
   <trkpt lat="52.115770000000005" lon="4.776800000000001">
    <ele>-1.37</ele>
   </trkpt>
   <trkpt lat="52.11576" lon="4.777340000000001">
    <ele>-1.75</ele>
   </trkpt>
   <trkpt lat="52.11563" lon="4.778110000000001">
    <ele>-1.75</ele>
   </trkpt>
   <trkpt lat="52.115610000000004" lon="4.778390000000001">
    <ele>-1.4900000000000002</ele>
   </trkpt>
   <trkpt lat="52.11567" lon="4.77874">
    <ele>-1.58</ele>
   </trkpt>
   <trkpt lat="52.115750000000006" lon="4.77894">
    <ele>-1.58</ele>
   </trkpt>
   <trkpt lat="52.11580000000001" lon="4.77902">
    <ele>-1.53</ele>
   </trkpt>
   <trkpt lat="52.115880000000004" lon="4.77909">
    <ele>-1.53</ele>
   </trkpt>
   <trkpt lat="52.116310000000006" lon="4.77927">
    <ele>-1.5</ele>
   </trkpt>
   <trkpt lat="52.116510000000005" lon="4.779310000000001">
    <ele>-1.5</ele>
   </trkpt>
   <trkpt lat="52.11692000000001" lon="4.779310000000001">
    <ele>-1.4800000000000002</ele>
   </trkpt>
   <trkpt lat="52.117360000000005" lon="4.779400000000001">
    <ele>-1.43</ele>
   </trkpt>
   <trkpt lat="52.11746" lon="4.77944">
    <ele>-1.43</ele>
   </trkpt>
   <trkpt lat="52.1176" lon="4.7795700000000005">
    <ele>-1.4400000000000002</ele>
   </trkpt>
   <trkpt lat="52.117650000000005" lon="4.779660000000001">
    <ele>-1.41</ele>
   </trkpt>
   <trkpt lat="52.117700000000006" lon="4.77981">
    <ele>-1.41</ele>
   </trkpt>
   <trkpt lat="52.117740000000005" lon="4.78014">
    <ele>-1.34</ele>
   </trkpt>
   <trkpt lat="52.11773" lon="4.78045">
    <ele>-1.34</ele>
   </trkpt>
   <trkpt lat="52.117520003745796" lon="4.78138000399239">
    <ele>-1.2300000000000002</ele>
   </trkpt>
   <trkpt lat="52.11731" lon="4.782310000000001">
    <ele>-1.5</ele>
   </trkpt>
   <trkpt lat="52.117230000000006" lon="4.783060000000001">
    <ele>-1.4900000000000002</ele>
   </trkpt>
   <trkpt lat="52.117250000000006" lon="4.78371">
    <ele>-1.34</ele>
   </trkpt>
   <trkpt lat="52.11731" lon="4.78397">
    <ele>-1.34</ele>
   </trkpt>
   <trkpt lat="52.11741000000001" lon="4.784210000000001">
    <ele>-1.7000000000000002</ele>
   </trkpt>
   <trkpt lat="52.11759000000001" lon="4.78443">
    <ele>-1.7000000000000002</ele>
   </trkpt>
   <trkpt lat="52.11777000000001" lon="4.784540000000001">
    <ele>-1.84</ele>
   </trkpt>
   <trkpt lat="52.117940000000004" lon="4.784560000000001">
    <ele>-1.86</ele>
   </trkpt>
   <trkpt lat="52.11822" lon="4.784400000000001">
    <ele>-1.76</ele>
   </trkpt>
   <trkpt lat="52.11869500094793" lon="4.783915005216308">
    <ele>-1.7300000000000002</ele>
   </trkpt>
   <trkpt lat="52.119170000000004" lon="4.78343">
    <ele>-1.37</ele>
   </trkpt>
   <trkpt lat="52.11937" lon="4.78328">
    <ele>-1.41</ele>
   </trkpt>
   <trkpt lat="52.11954000000001" lon="4.783200000000001">
    <ele>-1.37</ele>
   </trkpt>
   <trkpt lat="52.119800000000005" lon="4.78312">
    <ele>-1.24</ele>
   </trkpt>
   <trkpt lat="52.119870000000006" lon="4.78312">
    <ele>-1.24</ele>
   </trkpt>
   <trkpt lat="52.120050000000006" lon="4.78322">
    <ele>-1.3200000000000003</ele>
   </trkpt>
   <trkpt lat="52.12026" lon="4.783440000000001">
    <ele>-1.3200000000000003</ele>
   </trkpt>
   <trkpt lat="52.12039000000001" lon="4.78369">
    <ele>-1.28</ele>
   </trkpt>
   <trkpt lat="52.12050000000001" lon="4.78416">
    <ele>-1.28</ele>
   </trkpt>
   <trkpt lat="52.120520000000006" lon="4.784630000000001">
    <ele>-1.43</ele>
   </trkpt>
   <trkpt lat="52.12041000000001" lon="4.785270000000001">
    <ele>-1.4500000000000002</ele>
   </trkpt>
   <trkpt lat="52.120180000000005" lon="4.78612">
    <ele>-1.5</ele>
   </trkpt>
   <trkpt lat="52.119960000000006" lon="4.7868200000000005">
    <ele>-1.5</ele>
   </trkpt>
   <trkpt lat="52.119870000000006" lon="4.787190000000001">
    <ele>-1.61</ele>
   </trkpt>
   <trkpt lat="52.119800000000005" lon="4.787610000000001">
    <ele>-1.62</ele>
   </trkpt>
   <trkpt lat="52.119780000000006" lon="4.7879000000000005">
    <ele>-1.67</ele>
   </trkpt>
   <trkpt lat="52.119780000000006" lon="4.78922">
    <ele>-1.84</ele>
   </trkpt>
   <trkpt lat="52.119910000000004" lon="4.789680000000001">
    <ele>-1.59</ele>
   </trkpt>
   <trkpt lat="52.11994000000001" lon="4.78988">
    <ele>-1.59</ele>
   </trkpt>
   <trkpt lat="52.12005500297736" lon="4.790714998053409">
    <ele>-1.58</ele>
   </trkpt>
   <trkpt lat="52.12017" lon="4.79155">
    <ele>-1.8300000000000003</ele>
   </trkpt>
   <trkpt lat="52.120360000000005" lon="4.79196">
    <ele>-1.7400000000000002</ele>
   </trkpt>
   <trkpt lat="52.120490000000004" lon="4.7921000000000005">
    <ele>-1.7000000000000002</ele>
   </trkpt>
   <trkpt lat="52.12068000000001" lon="4.79225">
    <ele>-1.7300000000000002</ele>
   </trkpt>
   <trkpt lat="52.12088000000001" lon="4.792330000000001">
    <ele>-1.59</ele>
   </trkpt>
   <trkpt lat="52.12154500001036" lon="4.79239999895446">
    <ele>-1.77</ele>
   </trkpt>
   <trkpt lat="52.12221" lon="4.792470000000001">
    <ele>-1.5</ele>
   </trkpt>
   <trkpt lat="52.122350000000004" lon="4.79241">
    <ele>-1.5</ele>
   </trkpt>
   <trkpt lat="52.122640000000004" lon="4.79241">
    <ele>-1.41</ele>
   </trkpt>
   <trkpt lat="52.122820000000004" lon="4.7925">
    <ele>-1.33</ele>
   </trkpt>
   <trkpt lat="52.12304" lon="4.792660000000001">
    <ele>-1.33</ele>
   </trkpt>
   <trkpt lat="52.12328" lon="4.7929200000000005">
    <ele>-1.33</ele>
   </trkpt>
   <trkpt lat="52.12350000000001" lon="4.793200000000001">
    <ele>-1.41</ele>
   </trkpt>
   <trkpt lat="52.123630000000006" lon="4.793430000000001">
    <ele>-1.33</ele>
   </trkpt>
   <trkpt lat="52.123760000000004" lon="4.79377">
    <ele>-1.33</ele>
   </trkpt>
   <trkpt lat="52.123900000000006" lon="4.79452">
    <ele>-1.2100000000000002</ele>
   </trkpt>
   <trkpt lat="52.12411" lon="4.795780000000001">
    <ele>-1.28</ele>
   </trkpt>
   <trkpt lat="52.1242" lon="4.79623">
    <ele>-1.28</ele>
   </trkpt>
   <trkpt lat="52.124460000000006" lon="4.79711">
    <ele>-1.53</ele>
   </trkpt>
   <trkpt lat="52.12465" lon="4.79762">
    <ele>-1.5</ele>
   </trkpt>
   <trkpt lat="52.12503" lon="4.79837">
    <ele>-1.33</ele>
   </trkpt>
   <trkpt lat="52.12507" lon="4.798570000000001">
    <ele>-1.4500000000000002</ele>
   </trkpt>
   <trkpt lat="52.12500000000001" lon="4.7993500000000004">
    <ele>-1.5</ele>
   </trkpt>
   <trkpt lat="52.12496" lon="4.799580000000001">
    <ele>-1.42</ele>
   </trkpt>
   <trkpt lat="52.124840000000006" lon="4.8002">
    <ele>-1.4800000000000002</ele>
   </trkpt>
   <trkpt lat="52.12458" lon="4.80147">
    <ele>-1.6600000000000001</ele>
   </trkpt>
   <trkpt lat="52.124550000000006" lon="4.801830000000001">
    <ele>-1.6600000000000001</ele>
   </trkpt>
   <trkpt lat="52.12458" lon="4.8021">
    <ele>-1.6600000000000001</ele>
   </trkpt>
   <trkpt lat="52.12471000000001" lon="4.80246">
    <ele>-1.67</ele>
   </trkpt>
   <trkpt lat="52.124860000000005" lon="4.802700000000001">
    <ele>-1.67</ele>
   </trkpt>
   <trkpt lat="52.125040000000006" lon="4.8029">
    <ele>-1.61</ele>
   </trkpt>
   <trkpt lat="52.12541" lon="4.80321">
    <ele>-1.75</ele>
   </trkpt>
   <trkpt lat="52.12579" lon="4.803400000000001">
    <ele>-1.77</ele>
   </trkpt>
   <trkpt lat="52.126360000000005" lon="4.80393">
    <ele>-1.51</ele>
   </trkpt>
   <trkpt lat="52.12657" lon="4.8043000000000005">
    <ele>-1.33</ele>
   </trkpt>
   <trkpt lat="52.12682" lon="4.805470000000001">
    <ele>-1.43</ele>
   </trkpt>
   <trkpt lat="52.12691" lon="4.805820000000001">
    <ele>-1.7400000000000002</ele>
   </trkpt>
   <trkpt lat="52.12697000000001" lon="4.80597">
    <ele>-1.7400000000000002</ele>
   </trkpt>
   <trkpt lat="52.12716" lon="4.80628">
    <ele>-1.7300000000000002</ele>
   </trkpt>
   <trkpt lat="52.127280000000006" lon="4.80644">
    <ele>-1.7300000000000002</ele>
   </trkpt>
   <trkpt lat="52.127665000722814" lon="4.80683999659189">
    <ele>-1.53</ele>
   </trkpt>
   <trkpt lat="52.12805" lon="4.80724">
    <ele>-1.4800000000000002</ele>
   </trkpt>
   <trkpt lat="52.128490000000006" lon="4.80792">
    <ele>-1.4400000000000002</ele>
   </trkpt>
   <trkpt lat="52.12872" lon="4.80825">
    <ele>-1.41</ele>
   </trkpt>
   <trkpt lat="52.12879" lon="4.808330000000001">
    <ele>-1.41</ele>
   </trkpt>
   <trkpt lat="52.12885000000001" lon="4.80836">
    <ele>-1.41</ele>
   </trkpt>
   <trkpt lat="52.12899" lon="4.8083800000000005">
    <ele>-1.41</ele>
   </trkpt>
   <trkpt lat="52.129070000000006" lon="4.80837">
    <ele>-1.67</ele>
   </trkpt>
   <trkpt lat="52.12955" lon="4.80806">
    <ele>-1.61</ele>
   </trkpt>
   <trkpt lat="52.129670000000004" lon="4.808000000000001">
    <ele>-1.52</ele>
   </trkpt>
   <trkpt lat="52.129850000000005" lon="4.807980000000001">
    <ele>-1.4000000000000001</ele>
   </trkpt>
   <trkpt lat="52.129940000000005" lon="4.80799">
    <ele>-1.4000000000000001</ele>
   </trkpt>
   <trkpt lat="52.13008000000001" lon="4.80804">
    <ele>-1.29</ele>
   </trkpt>
   <trkpt lat="52.130660000000006" lon="4.80846">
    <ele>-1.41</ele>
   </trkpt>
   <trkpt lat="52.130810000000004" lon="4.808520000000001">
    <ele>-1.41</ele>
   </trkpt>
   <trkpt lat="52.131220000000006" lon="4.808560000000001">
    <ele>-1.4500000000000002</ele>
   </trkpt>
   <trkpt lat="52.13139" lon="4.8086">
    <ele>-1.4500000000000002</ele>
   </trkpt>
   <trkpt lat="52.131510000000006" lon="4.808730000000001">
    <ele>-1.5</ele>
   </trkpt>
   <trkpt lat="52.13157" lon="4.8089">
    <ele>-1.5</ele>
   </trkpt>
   <trkpt lat="52.13161" lon="4.809080000000001">
    <ele>-1.5</ele>
   </trkpt>
   <trkpt lat="52.13159" lon="4.809740000000001">
    <ele>-1.58</ele>
   </trkpt>
   <trkpt lat="52.131620000000005" lon="4.80999">
    <ele>-1.58</ele>
   </trkpt>
   <trkpt lat="52.13167000000001" lon="4.81019">
    <ele>-1.53</ele>
   </trkpt>
   <trkpt lat="52.13181" lon="4.81048">
    <ele>-1.54</ele>
   </trkpt>
   <trkpt lat="52.131980000000006" lon="4.81066">
    <ele>-1.4800000000000002</ele>
   </trkpt>
   <trkpt lat="52.132110000000004" lon="4.810720000000001">
    <ele>-1.4800000000000002</ele>
   </trkpt>
   <trkpt lat="52.132270000000005" lon="4.81069">
    <ele>-1.4800000000000002</ele>
   </trkpt>
   <trkpt lat="52.13243000000001" lon="4.810580000000001">
    <ele>-1.4900000000000002</ele>
   </trkpt>
   <trkpt lat="52.132650000000005" lon="4.81006">
    <ele>-1.4900000000000002</ele>
   </trkpt>
   <trkpt lat="52.132870000000004" lon="4.809130000000001">
    <ele>-1.33</ele>
   </trkpt>
   <trkpt lat="52.13306000000001" lon="4.80867">
    <ele>-1.36</ele>
   </trkpt>
   <trkpt lat="52.13327" lon="4.80843">
    <ele>-1.4500000000000002</ele>
   </trkpt>
   <trkpt lat="52.1334" lon="4.808350000000001">
    <ele>-1.4500000000000002</ele>
   </trkpt>
   <trkpt lat="52.13423" lon="4.80811">
    <ele>-1.58</ele>
   </trkpt>
   <trkpt lat="52.134350000000005" lon="4.808050000000001">
    <ele>-1.58</ele>
   </trkpt>
   <trkpt lat="52.134710000000005" lon="4.80782">
    <ele>-1.58</ele>
   </trkpt>
   <trkpt lat="52.13481" lon="4.8078">
    <ele>-1.58</ele>
   </trkpt>
   <trkpt lat="52.13492" lon="4.8078">
    <ele>-1.58</ele>
   </trkpt>
   <trkpt lat="52.13503000000001" lon="4.807840000000001">
    <ele>-1.58</ele>
   </trkpt>
   <trkpt lat="52.13512000000001" lon="4.8079">
    <ele>-1.58</ele>
   </trkpt>
   <trkpt lat="52.13526" lon="4.8080300000000005">
    <ele>-1.78</ele>
   </trkpt>
   <trkpt lat="52.13534000000001" lon="4.80818">
    <ele>-1.78</ele>
   </trkpt>
   <trkpt lat="52.13552000000001" lon="4.8086400000000005">
    <ele>-1.78</ele>
   </trkpt>
   <trkpt lat="52.13562" lon="4.80883">
    <ele>-1.78</ele>
   </trkpt>
   <trkpt lat="52.135690000000004" lon="4.808940000000001">
    <ele>-1.99</ele>
   </trkpt>
   <trkpt lat="52.135830000000006" lon="4.80904">
    <ele>-1.99</ele>
   </trkpt>
   <trkpt lat="52.13597000000001" lon="4.809100000000001">
    <ele>-2.0100000000000002</ele>
   </trkpt>
   <trkpt lat="52.136160000000004" lon="4.80912">
    <ele>-2.0100000000000002</ele>
   </trkpt>
   <trkpt lat="52.136340000000004" lon="4.80909">
    <ele>-1.9100000000000001</ele>
   </trkpt>
   <trkpt lat="52.13703" lon="4.80888">
    <ele>-1.53</ele>
   </trkpt>
   <trkpt lat="52.137190000000004" lon="4.80893">
    <ele>-1.5</ele>
   </trkpt>
   <trkpt lat="52.1373" lon="4.80904">
    <ele>-1.51</ele>
   </trkpt>
   <trkpt lat="52.137370000000004" lon="4.80923">
    <ele>-1.67</ele>
   </trkpt>
   <trkpt lat="52.137420000000006" lon="4.80944">
    <ele>-1.67</ele>
   </trkpt>
   <trkpt lat="52.13743" lon="4.80959">
    <ele>-1.67</ele>
   </trkpt>
   <trkpt lat="52.13738000000001" lon="4.8102">
    <ele>-1.8200000000000003</ele>
   </trkpt>
   <trkpt lat="52.13739" lon="4.810510000000001">
    <ele>-2.0</ele>
   </trkpt>
   <trkpt lat="52.13741" lon="4.8106800000000005">
    <ele>-2.0</ele>
   </trkpt>
   <trkpt lat="52.137510000000006" lon="4.811000000000001">
    <ele>-2.0100000000000002</ele>
   </trkpt>
   <trkpt lat="52.13767000000001" lon="4.81118">
    <ele>-1.9200000000000002</ele>
   </trkpt>
   <trkpt lat="52.137800000000006" lon="4.81121">
    <ele>-1.9200000000000002</ele>
   </trkpt>
   <trkpt lat="52.137980000000006" lon="4.81114">
    <ele>-1.86</ele>
   </trkpt>
   <trkpt lat="52.13832000000001" lon="4.81085">
    <ele>-1.75</ele>
   </trkpt>
   <trkpt lat="52.138400000000004" lon="4.81083">
    <ele>-1.75</ele>
   </trkpt>
   <trkpt lat="52.13850000000001" lon="4.81083">
    <ele>-1.67</ele>
   </trkpt>
   <trkpt lat="52.13861000000001" lon="4.81088">
    <ele>-1.4900000000000002</ele>
   </trkpt>
   <trkpt lat="52.13877" lon="4.81107">
    <ele>-1.42</ele>
   </trkpt>
   <trkpt lat="52.138980000000004" lon="4.8116900000000005">
    <ele>-1.8200000000000003</ele>
   </trkpt>
   <trkpt lat="52.139140000000005" lon="4.812010000000001">
    <ele>-1.9200000000000002</ele>
   </trkpt>
   <trkpt lat="52.139230000000005" lon="4.812150000000001">
    <ele>-1.93</ele>
   </trkpt>
   <trkpt lat="52.139880000000005" lon="4.812950000000001">
    <ele>-1.7400000000000002</ele>
   </trkpt>
   <trkpt lat="52.140040000000006" lon="4.813300000000001">
    <ele>-1.41</ele>
   </trkpt>
   <trkpt lat="52.14005" lon="4.81331">
    <ele>-1.41</ele>
   </trkpt>
   <trkpt lat="52.14011000000001" lon="4.813770000000001">
    <ele>-1.25</ele>
   </trkpt>
   <trkpt lat="52.140080000000005" lon="4.81412">
    <ele>-1.26</ele>
   </trkpt>
   <trkpt lat="52.14003" lon="4.814360000000001">
    <ele>-1.34</ele>
   </trkpt>
   <trkpt lat="52.13994" lon="4.81461">
    <ele>-1.34</ele>
   </trkpt>
   <trkpt lat="52.139520000000005" lon="4.815460000000001">
    <ele>-1.86</ele>
   </trkpt>
   <trkpt lat="52.139300000000006" lon="4.81613">
    <ele>-2.0700000000000003</ele>
   </trkpt>
   <trkpt lat="52.139230000000005" lon="4.81651">
    <ele>-2.02</ele>
   </trkpt>
   <trkpt lat="52.13924" lon="4.8167">
    <ele>-2.02</ele>
   </trkpt>
   <trkpt lat="52.139300000000006" lon="4.816940000000001">
    <ele>-2.02</ele>
   </trkpt>
   <trkpt lat="52.139450000000004" lon="4.817220000000001">
    <ele>-2.0700000000000003</ele>
   </trkpt>
   <trkpt lat="52.13956" lon="4.8173200000000005">
    <ele>-2.06</ele>
   </trkpt>
   <trkpt lat="52.139920000000004" lon="4.817550000000001">
    <ele>-2.17</ele>
   </trkpt>
   <trkpt lat="52.14041" lon="4.81777">
    <ele>-2.0900000000000003</ele>
   </trkpt>
   <trkpt lat="52.1405" lon="4.81784">
    <ele>-2.0900000000000003</ele>
   </trkpt>
   <trkpt lat="52.1407" lon="4.81812">
    <ele>-1.84</ele>
   </trkpt>
   <trkpt lat="52.14111000248113" lon="4.818879993075521">
    <ele>-1.79</ele>
   </trkpt>
   <trkpt lat="52.14152000000001" lon="4.819640000000001">
    <ele>-1.86</ele>
   </trkpt>
   <trkpt lat="52.142" lon="4.820250000000001">
    <ele>-1.76</ele>
   </trkpt>
   <trkpt lat="52.14208000000001" lon="4.820410000000001">
    <ele>-1.77</ele>
   </trkpt>
   <trkpt lat="52.142120000000006" lon="4.82063">
    <ele>-1.75</ele>
   </trkpt>
   <trkpt lat="52.142100000000006" lon="4.820860000000001">
    <ele>-1.76</ele>
   </trkpt>
   <trkpt lat="52.14179000000001" lon="4.82183">
    <ele>-2.2600000000000002</ele>
   </trkpt>
   <trkpt lat="52.14177" lon="4.822">
    <ele>-2.34</ele>
   </trkpt>
   <trkpt lat="52.14181000000001" lon="4.82235">
    <ele>-2.33</ele>
   </trkpt>
   <trkpt lat="52.14208000000001" lon="4.8230200000000005">
    <ele>-1.85</ele>
   </trkpt>
   <trkpt lat="52.142120000000006" lon="4.823200000000001">
    <ele>-1.77</ele>
   </trkpt>
   <trkpt lat="52.14209000816687" lon="4.824590001069596">
    <ele>-1.8300000000000003</ele>
   </trkpt>
   <trkpt lat="52.14206" lon="4.82598">
    <ele>-1.84</ele>
   </trkpt>
   <trkpt lat="52.142100000000006" lon="4.826420000000001">
    <ele>-2.0300000000000002</ele>
   </trkpt>
   <trkpt lat="52.14229" lon="4.82721">
    <ele>-1.93</ele>
   </trkpt>
   <trkpt lat="52.142450000000004" lon="4.827660000000001">
    <ele>-2.0100000000000002</ele>
   </trkpt>
   <trkpt lat="52.14262" lon="4.82798">
    <ele>-2.02</ele>
   </trkpt>
   <trkpt lat="52.142810000000004" lon="4.82828">
    <ele>-1.93</ele>
   </trkpt>
   <trkpt lat="52.14293000000001" lon="4.82856">
    <ele>-1.86</ele>
   </trkpt>
   <trkpt lat="52.143010000000004" lon="4.828950000000001">
    <ele>-1.9500000000000002</ele>
   </trkpt>
   <trkpt lat="52.143080000000005" lon="4.8298000000000005">
    <ele>-2.02</ele>
   </trkpt>
   <trkpt lat="52.14314" lon="4.83004">
    <ele>-2.1300000000000003</ele>
   </trkpt>
   <trkpt lat="52.14322000000001" lon="4.8302700000000005">
    <ele>-2.14</ele>
   </trkpt>
   <trkpt lat="52.143330000000006" lon="4.83047">
    <ele>-2.1</ele>
   </trkpt>
   <trkpt lat="52.1435" lon="4.830690000000001">
    <ele>-2.1</ele>
   </trkpt>
   <trkpt lat="52.1437" lon="4.83101">
    <ele>-1.99</ele>
   </trkpt>
   <trkpt lat="52.143950000000004" lon="4.831670000000001">
    <ele>-2.02</ele>
   </trkpt>
   <trkpt lat="52.144040000000004" lon="4.831840000000001">
    <ele>-1.9500000000000002</ele>
   </trkpt>
   <trkpt lat="52.144180000000006" lon="4.83201">
    <ele>-1.9400000000000002</ele>
   </trkpt>
   <trkpt lat="52.144020000000005" lon="4.832400000000001">
    <ele>-2.7900000000000005</ele>
   </trkpt>
   <trkpt lat="52.14394000000001" lon="4.83251">
    <ele>-3.1500000000000004</ele>
   </trkpt>
   <trkpt lat="52.143860000000004" lon="4.83258">
    <ele>-3.2800000000000002</ele>
   </trkpt>
   <trkpt lat="52.14311500034795" lon="4.832845004414955">
    <ele>-3.3000000000000003</ele>
   </trkpt>
   <trkpt lat="52.14237000000001" lon="4.8331100000000005">
    <ele>-2.6100000000000003</ele>
   </trkpt>
   <trkpt lat="52.14169666719078" lon="4.833346673805079">
    <ele>-2.65</ele>
   </trkpt>
   <trkpt lat="52.14102333390787" lon="4.8335833404538935">
    <ele>-2.72</ele>
   </trkpt>
   <trkpt lat="52.140350000000005" lon="4.83382">
    <ele>-2.74</ele>
   </trkpt>
   <trkpt lat="52.14014" lon="4.8340000000000005">
    <ele>-2.82</ele>
   </trkpt>
   <trkpt lat="52.14003" lon="4.83419">
    <ele>-2.83</ele>
   </trkpt>
   <trkpt lat="52.139950000000006" lon="4.83457">
    <ele>-2.83</ele>
   </trkpt>
   <trkpt lat="52.13994" lon="4.83504">
    <ele>-2.74</ele>
   </trkpt>
   <trkpt lat="52.14018500781243" lon="4.836399992471094">
    <ele>-2.68</ele>
   </trkpt>
   <trkpt lat="52.14043" lon="4.83776">
    <ele>-2.65</ele>
   </trkpt>
   <trkpt lat="52.1405" lon="4.83805">
    <ele>-2.4600000000000004</ele>
   </trkpt>
   <trkpt lat="52.14059" lon="4.8383">
    <ele>-2.4600000000000004</ele>
   </trkpt>
   <trkpt lat="52.14072" lon="4.83856">
    <ele>-2.36</ele>
   </trkpt>
   <trkpt lat="52.141110000000005" lon="4.8392100000000005">
    <ele>-2.14</ele>
   </trkpt>
   <trkpt lat="52.14121" lon="4.83948">
    <ele>-1.9400000000000002</ele>
   </trkpt>
   <trkpt lat="52.14126" lon="4.83978">
    <ele>-1.9000000000000001</ele>
   </trkpt>
   <trkpt lat="52.14126" lon="4.840280000000001">
    <ele>-1.87</ele>
   </trkpt>
   <trkpt lat="52.14119" lon="4.84062">
    <ele>-1.75</ele>
   </trkpt>
   <trkpt lat="52.14106" lon="4.84095">
    <ele>-1.7000000000000002</ele>
   </trkpt>
   <trkpt lat="52.14092" lon="4.84117">
    <ele>-1.6600000000000001</ele>
   </trkpt>
   <trkpt lat="52.140800000000006" lon="4.841290000000001">
    <ele>-1.6600000000000001</ele>
   </trkpt>
   <trkpt lat="52.14068" lon="4.84138">
    <ele>-1.7000000000000002</ele>
   </trkpt>
   <trkpt lat="52.14024500013032" lon="4.841585002024511">
    <ele>-1.97</ele>
   </trkpt>
   <trkpt lat="52.139810000000004" lon="4.8417900000000005">
    <ele>-2.06</ele>
   </trkpt>
   <trkpt lat="52.139660000000006" lon="4.84189">
    <ele>-2.06</ele>
   </trkpt>
   <trkpt lat="52.13951" lon="4.8420700000000005">
    <ele>-1.9100000000000001</ele>
   </trkpt>
   <trkpt lat="52.13938" lon="4.842300000000001">
    <ele>-1.9100000000000001</ele>
   </trkpt>
   <trkpt lat="52.139320000000005" lon="4.84245">
    <ele>-1.9100000000000001</ele>
   </trkpt>
   <trkpt lat="52.13924" lon="4.84281">
    <ele>-1.9100000000000001</ele>
   </trkpt>
   <trkpt lat="52.139140000000005" lon="4.84367">
    <ele>-2.08</ele>
   </trkpt>
   <trkpt lat="52.13913" lon="4.84415">
    <ele>-2.33</ele>
   </trkpt>
   <trkpt lat="52.139160000000004" lon="4.844720000000001">
    <ele>-2.36</ele>
   </trkpt>
   <trkpt lat="52.139230000000005" lon="4.8455">
    <ele>-2.08</ele>
   </trkpt>
   <trkpt lat="52.13918" lon="4.84595">
    <ele>-2.0300000000000002</ele>
   </trkpt>
   <trkpt lat="52.13909" lon="4.84633">
    <ele>-2.06</ele>
   </trkpt>
   <trkpt lat="52.13882" lon="4.84705">
    <ele>-1.8300000000000003</ele>
   </trkpt>
   <trkpt lat="52.138760000000005" lon="4.8474">
    <ele>-1.97</ele>
   </trkpt>
   <trkpt lat="52.138760000000005" lon="4.84785">
    <ele>-2.0100000000000002</ele>
   </trkpt>
   <trkpt lat="52.13884" lon="4.848350000000001">
    <ele>-2.0100000000000002</ele>
   </trkpt>
   <trkpt lat="52.13897000000001" lon="4.848680000000001">
    <ele>-2.32</ele>
   </trkpt>
   <trkpt lat="52.13936" lon="4.84982">
    <ele>-2.39</ele>
   </trkpt>
   <trkpt lat="52.1394" lon="4.85022">
    <ele>-2.17</ele>
   </trkpt>
   <trkpt lat="52.13937000000001" lon="4.85069">
    <ele>-2.17</ele>
   </trkpt>
   <trkpt lat="52.13931" lon="4.85102">
    <ele>-2.15</ele>
   </trkpt>
   <trkpt lat="52.13927" lon="4.8511500000000005">
    <ele>-2.2</ele>
   </trkpt>
   <trkpt lat="52.139190000000006" lon="4.851380000000001">
    <ele>-2.23</ele>
   </trkpt>
   <trkpt lat="52.13908000000001" lon="4.85156">
    <ele>-2.19</ele>
   </trkpt>
   <trkpt lat="52.13895" lon="4.851710000000001">
    <ele>-2.08</ele>
   </trkpt>
   <trkpt lat="52.13879000000001" lon="4.8518300000000005">
    <ele>-2.06</ele>
   </trkpt>
   <trkpt lat="52.138490000000004" lon="4.852010000000001">
    <ele>-2.2600000000000002</ele>
   </trkpt>
   <trkpt lat="52.13828" lon="4.8521600000000005">
    <ele>-2.34</ele>
   </trkpt>
   <trkpt lat="52.137980000000006" lon="4.852460000000001">
    <ele>-2.56</ele>
   </trkpt>
   <trkpt lat="52.1377" lon="4.852930000000001">
    <ele>-2.58</ele>
   </trkpt>
   <trkpt lat="52.13759" lon="4.85315">
    <ele>-2.58</ele>
   </trkpt>
   <trkpt lat="52.13735500192325" lon="4.853830003680243">
    <ele>-2.39</ele>
   </trkpt>
   <trkpt lat="52.13712" lon="4.85451">
    <ele>-2.31</ele>
   </trkpt>
   <trkpt lat="52.13702000000001" lon="4.85491">
    <ele>-2.08</ele>
   </trkpt>
   <trkpt lat="52.136990000000004" lon="4.8552800000000005">
    <ele>-2.0900000000000003</ele>
   </trkpt>
   <trkpt lat="52.137060002289545" lon="4.8560099992294425">
    <ele>-2.2800000000000002</ele>
   </trkpt>
   <trkpt lat="52.137130000000006" lon="4.85674">
    <ele>-2.1100000000000003</ele>
   </trkpt>
   <trkpt lat="52.13714" lon="4.85782">
    <ele>-2.33</ele>
   </trkpt>
   <trkpt lat="52.13712" lon="4.85799">
    <ele>-2.33</ele>
   </trkpt>
   <trkpt lat="52.137080000000005" lon="4.85935">
    <ele>-3.02</ele>
   </trkpt>
   <trkpt lat="52.13714" lon="4.86052">
    <ele>-2.9899999999999998</ele>
   </trkpt>
   <trkpt lat="52.137100000000004" lon="4.8608">
    <ele>-3.0</ele>
   </trkpt>
   <trkpt lat="52.13693000000001" lon="4.86144">
    <ele>-2.5700000000000003</ele>
   </trkpt>
   <trkpt lat="52.136900000000004" lon="4.86174">
    <ele>-2.5700000000000003</ele>
   </trkpt>
   <trkpt lat="52.13745" lon="4.861770000000001">
    <ele>-2.65</ele>
   </trkpt>
   <trkpt lat="52.13801" lon="4.86172">
    <ele>-2.69</ele>
   </trkpt>
   <trkpt lat="52.13877142950129" lon="4.86152716264219">
    <ele>-2.82</ele>
   </trkpt>
   <trkpt lat="52.1395328586881" lon="4.861334318691195">
    <ele>-2.82</ele>
   </trkpt>
   <trkpt lat="52.14029428756039" lon="4.861141468146612">
    <ele>-2.67</ele>
   </trkpt>
   <trkpt lat="52.141055716118125" lon="4.860948611008038">
    <ele>-2.6400000000000006</ele>
   </trkpt>
   <trkpt lat="52.14181714436131" lon="4.86075574727507">
    <ele>-2.65</ele>
   </trkpt>
   <trkpt lat="52.14257857228993" lon="4.860562876947304">
    <ele>-2.6300000000000003</ele>
   </trkpt>
   <trkpt lat="52.14334" lon="4.8603700000000005">
    <ele>-2.7</ele>
   </trkpt>
   <trkpt lat="52.14422666705939" lon="4.8601566751599705">
    <ele>-2.72</ele>
   </trkpt>
   <trkpt lat="52.14511333373391" lon="4.85994334182495">
    <ele>-2.71</ele>
   </trkpt>
   <trkpt lat="52.146" lon="4.859730000000001">
    <ele>-2.43</ele>
   </trkpt>
   <trkpt lat="52.14649000000001" lon="4.85958">
    <ele>-2.6100000000000003</ele>
   </trkpt>
   <trkpt lat="52.147360000000006" lon="4.859260000000001">
    <ele>-2.6300000000000003</ele>
   </trkpt>
   <trkpt lat="52.147600000000004" lon="4.85923">
    <ele>-2.6300000000000003</ele>
   </trkpt>
   <trkpt lat="52.148190000293496" lon="4.859050002337368">
    <ele>-2.7800000000000002</ele>
   </trkpt>
   <trkpt lat="52.14878" lon="4.8588700000000005">
    <ele>-2.7</ele>
   </trkpt>
   <trkpt lat="52.149563334313456" lon="4.858655018912489">
    <ele>-2.8000000000000003</ele>
   </trkpt>
   <trkpt lat="52.15034666823605" lon="4.858440030260295">
    <ele>-2.56</ele>
   </trkpt>
   <trkpt lat="52.1511300017678" lon="4.85822503404294">
    <ele>-3.5</ele>
   </trkpt>
   <trkpt lat="52.15191333490865" lon="4.858010030259951">
    <ele>-3.4000000000000004</ele>
   </trkpt>
   <trkpt lat="52.15269666765861" lon="4.85779501891085">
    <ele>-2.95</ele>
   </trkpt>
   <trkpt lat="52.15348" lon="4.8575800000000005">
    <ele>-2.31</ele>
   </trkpt>
   <trkpt lat="52.15399000000001" lon="4.857410000000001">
    <ele>-2.1</ele>
   </trkpt>
   <trkpt lat="52.15422" lon="4.8573200000000005">
    <ele>-1.84</ele>
   </trkpt>
   <trkpt lat="52.15431" lon="4.85726">
    <ele>-1.84</ele>
   </trkpt>
   <trkpt lat="52.15444" lon="4.85724">
    <ele>-1.79</ele>
   </trkpt>
   <trkpt lat="52.154810000000005" lon="4.8571">
    <ele>-1.07</ele>
   </trkpt>
   <trkpt lat="52.155260000000006" lon="4.856870000000001">
    <ele>-1.78</ele>
   </trkpt>
   <trkpt lat="52.15538" lon="4.856730000000001">
    <ele>-1.7400000000000002</ele>
   </trkpt>
   <trkpt lat="52.155530000000006" lon="4.85662">
    <ele>-1.68</ele>
   </trkpt>
   <trkpt lat="52.155820000000006" lon="4.85651">
    <ele>-1.68</ele>
   </trkpt>
   <trkpt lat="52.15585" lon="4.856520000000001">
    <ele>-1.68</ele>
   </trkpt>
   <trkpt lat="52.15587000000001" lon="4.85663">
    <ele>-1.68</ele>
   </trkpt>
   <trkpt lat="52.15655" lon="4.85639">
    <ele>-2.0300000000000002</ele>
   </trkpt>
   <trkpt lat="52.15739571597133" lon="4.85613288645506">
    <ele>-1.97</ele>
   </trkpt>
   <trkpt lat="52.15824143138364" lon="4.855875763139639">
    <ele>-2.12</ele>
   </trkpt>
   <trkpt lat="52.15908714623691" lon="4.8556186300530735">
    <ele>-2.0300000000000002</ele>
   </trkpt>
   <trkpt lat="52.15993286053109" lon="4.855361487194702">
    <ele>-1.9400000000000002</ele>
   </trkpt>
   <trkpt lat="52.16077857426617" lon="4.855104334563863">
    <ele>-2.0</ele>
   </trkpt>
   <trkpt lat="52.16162428744207" lon="4.854847172159891">
    <ele>-2.17</ele>
   </trkpt>
   <trkpt lat="52.162470000000006" lon="4.85459">
    <ele>-1.97</ele>
   </trkpt>
   <trkpt lat="52.16333000056036" lon="4.854343342853879">
    <ele>-2.1100000000000003</ele>
   </trkpt>
   <trkpt lat="52.16419000060625" lon="4.854096676174267">
    <ele>-1.97</ele>
   </trkpt>
   <trkpt lat="52.16505" lon="4.85385">
    <ele>-2.15</ele>
   </trkpt>
   <trkpt lat="52.165090000000006" lon="4.854">
    <ele>-2.22</ele>
   </trkpt>
   <trkpt lat="52.1653" lon="4.853910000000001">
    <ele>-2.23</ele>
   </trkpt>
   <trkpt lat="52.165400000000005" lon="4.853820000000001">
    <ele>-2.14</ele>
   </trkpt>
   <trkpt lat="52.165530000000004" lon="4.853630000000001">
    <ele>-2.14</ele>
   </trkpt>
   <trkpt lat="52.165710000000004" lon="4.85337">
    <ele>-2.2700000000000005</ele>
   </trkpt>
   <trkpt lat="52.165910000000004" lon="4.853000000000001">
    <ele>-2.4400000000000004</ele>
   </trkpt>
   <trkpt lat="52.166340000000005" lon="4.85207">
    <ele>-2.32</ele>
   </trkpt>
   <trkpt lat="52.166410000000006" lon="4.85186">
    <ele>-2.14</ele>
   </trkpt>
   <trkpt lat="52.16648000000001" lon="4.85177">
    <ele>-2.14</ele>
   </trkpt>
   <trkpt lat="52.166520000000006" lon="4.85177">
    <ele>-2.14</ele>
   </trkpt>
   <trkpt lat="52.1666" lon="4.851710000000001">
    <ele>-2.3000000000000003</ele>
   </trkpt>
   <trkpt lat="52.1666" lon="4.85146">
    <ele>-2.31</ele>
   </trkpt>
   <trkpt lat="52.166560000000004" lon="4.8513">
    <ele>-2.3000000000000003</ele>
   </trkpt>
   <trkpt lat="52.16683752022138" lon="4.850037523589753">
    <ele>-2.5700000000000003</ele>
   </trkpt>
   <trkpt lat="52.16711502696661" lon="4.848775031431841">
    <ele>-2.08</ele>
   </trkpt>
   <trkpt lat="52.16739252023545" lon="4.847512523526675">
    <ele>-2.12</ele>
   </trkpt>
   <trkpt lat="52.16767" lon="4.84625">
    <ele>-2.0700000000000003</ele>
   </trkpt>
   <trkpt lat="52.16792001669627" lon="4.8451025193571216">
    <ele>-2.18</ele>
   </trkpt>
   <trkpt lat="52.168170022259716" lon="4.843955025818979">
    <ele>-2.23</ele>
   </trkpt>
   <trkpt lat="52.168420016690156" lon="4.842807519385889">
    <ele>-2.23</ele>
   </trkpt>
   <trkpt lat="52.168670000000006" lon="4.84166">
    <ele>-1.87</ele>
   </trkpt>
   <trkpt lat="52.168710000000004" lon="4.84128">
    <ele>-1.8300000000000003</ele>
   </trkpt>
   <trkpt lat="52.16879001092067" lon="4.840143337464728">
    <ele>-1.75</ele>
   </trkpt>
   <trkpt lat="52.168870010917594" lon="4.839006670841666">
    <ele>-1.78</ele>
   </trkpt>
   <trkpt lat="52.16895" lon="4.837870000000001">
    <ele>-1.76</ele>
   </trkpt>
   <trkpt lat="52.16905000437153" lon="4.836855002115356">
    <ele>-2.0300000000000002</ele>
   </trkpt>
   <trkpt lat="52.16915" lon="4.83584">
    <ele>-2.4600000000000004</ele>
   </trkpt>
   <trkpt lat="52.16923602884335" lon="4.83453401007054">
    <ele>-2.48</ele>
   </trkpt>
   <trkpt lat="52.169322043266035" lon="4.833228015091072">
    <ele>-2.47</ele>
   </trkpt>
   <trkpt lat="52.169408043267964" lon="4.83192201506241">
    <ele>-2.48</ele>
   </trkpt>
   <trkpt lat="52.16949402884905" lon="4.830616009985363">
    <ele>-2.4600000000000004</ele>
   </trkpt>
   <trkpt lat="52.16958" lon="4.82931">
    <ele>-2.2800000000000002</ele>
   </trkpt>
   <trkpt lat="52.1696" lon="4.82845">
    <ele>-2.17</ele>
   </trkpt>
   <trkpt lat="52.1696" lon="4.82866">
    <ele>-2.08</ele>
   </trkpt>
   <trkpt lat="52.169520000000006" lon="4.82868">
    <ele>-1.97</ele>
   </trkpt>
   <trkpt lat="52.169450000000005" lon="4.82868">
    <ele>-1.97</ele>
   </trkpt>
   <trkpt lat="52.169410000000006" lon="4.8286500000000006">
    <ele>-1.97</ele>
   </trkpt>
   <trkpt lat="52.16912000000001" lon="4.828740000000001">
    <ele>-1.97</ele>
   </trkpt>
   <trkpt lat="52.169090000000004" lon="4.828670000000001">
    <ele>-1.97</ele>
   </trkpt>
   <trkpt lat="52.168336000883485" lon="4.828900015593671">
    <ele>-2.47</ele>
   </trkpt>
   <trkpt lat="52.16758200131965" lon="4.829130023391727">
    <ele>-2.47</ele>
   </trkpt>
   <trkpt lat="52.166828001308524" lon="4.829360023394637">
    <ele>-2.3000000000000003</ele>
   </trkpt>
   <trkpt lat="52.16607400085016" lon="4.829590015602875">
    <ele>-2.18</ele>
   </trkpt>
   <trkpt lat="52.16532" lon="4.829820000000001">
    <ele>-1.79</ele>
   </trkpt>
   <trkpt lat="52.16517001238334" lon="4.828609991876256">
    <ele>-2.0100000000000002</ele>
   </trkpt>
   <trkpt lat="52.16502001238745" lon="4.827399991909693">
    <ele>-2.0900000000000003</ele>
   </trkpt>
   <trkpt lat="52.16487000000001" lon="4.82619">
    <ele>-1.77</ele>
   </trkpt>
   <trkpt lat="52.164770000000004" lon="4.82561">
    <ele>-1.67</ele>
   </trkpt>
   <trkpt lat="52.16465" lon="4.8251800000000005">
    <ele>-1.7000000000000002</ele>
   </trkpt>
   <trkpt lat="52.16460500423982" lon="4.824179999260423">
    <ele>-1.84</ele>
   </trkpt>
   <trkpt lat="52.16456" lon="4.823180000000001">
    <ele>-1.9000000000000001</ele>
   </trkpt>
   <trkpt lat="52.16454500273758" lon="4.822374999621242">
    <ele>-1.8200000000000003</ele>
   </trkpt>
   <trkpt lat="52.164530000000006" lon="4.82157">
    <ele>-1.7300000000000002</ele>
   </trkpt>
   <trkpt lat="52.16427001826078" lon="4.820369978954832">
    <ele>-1.75</ele>
   </trkpt>
   <trkpt lat="52.16401002434577" lon="4.819169971931512">
    <ele>-1.75</ele>
   </trkpt>
   <trkpt lat="52.163750018255286" lon="4.8179699789304005">
    <ele>-1.7400000000000002</ele>
   </trkpt>
   <trkpt lat="52.16349" lon="4.81677">
    <ele>-1.75</ele>
   </trkpt>
   <trkpt lat="52.16333" lon="4.81623">
    <ele>-1.8200000000000003</ele>
   </trkpt>
   <trkpt lat="52.16299000000001" lon="4.815250000000001">
    <ele>-1.8300000000000003</ele>
   </trkpt>
   <trkpt lat="52.16279" lon="4.8145500000000006">
    <ele>-1.84</ele>
   </trkpt>
   <trkpt lat="52.16265500294701" lon="4.813714997463271">
    <ele>-1.87</ele>
   </trkpt>
   <trkpt lat="52.16252000000001" lon="4.812880000000001">
    <ele>-1.84</ele>
   </trkpt>
   <trkpt lat="52.16239" lon="4.812270000000001">
    <ele>-1.76</ele>
   </trkpt>
   <trkpt lat="52.162290000000006" lon="4.8119700000000005">
    <ele>-1.76</ele>
   </trkpt>
   <trkpt lat="52.161950000000004" lon="4.81111">
    <ele>-1.8200000000000003</ele>
   </trkpt>
   <trkpt lat="52.16183" lon="4.81069">
    <ele>-1.7400000000000002</ele>
   </trkpt>
   <trkpt lat="52.161610004958604" lon="4.809609994795832">
    <ele>-1.75</ele>
   </trkpt>
   <trkpt lat="52.161390000000004" lon="4.80853">
    <ele>-1.85</ele>
   </trkpt>
   <trkpt lat="52.16127" lon="4.80808">
    <ele>-1.8200000000000003</ele>
   </trkpt>
   <trkpt lat="52.161170000000006" lon="4.80785">
    <ele>-1.8200000000000003</ele>
   </trkpt>
   <trkpt lat="52.16082" lon="4.80748">
    <ele>-1.8200000000000003</ele>
   </trkpt>
   <trkpt lat="52.16053" lon="4.80721">
    <ele>-1.97</ele>
   </trkpt>
   <trkpt lat="52.16048000000001" lon="4.807180000000001">
    <ele>-1.97</ele>
   </trkpt>
   <trkpt lat="52.160245002728075" lon="4.806379995851891">
    <ele>-1.97</ele>
   </trkpt>
   <trkpt lat="52.16001000000001" lon="4.80558">
    <ele>-2.08</ele>
   </trkpt>
   <trkpt lat="52.159753340398474" lon="4.804666656174354">
    <ele>-2.0300000000000002</ele>
   </trkpt>
   <trkpt lat="52.159496673743476" lon="4.80375332288264">
    <ele>-2.02</ele>
   </trkpt>
   <trkpt lat="52.159240000000004" lon="4.802840000000001">
    <ele>-2.0700000000000003</ele>
   </trkpt>
   <trkpt lat="52.15896500355025" lon="4.801919994221567">
    <ele>-2.24</ele>
   </trkpt>
   <trkpt lat="52.15869000000001" lon="4.801">
    <ele>-2.0</ele>
   </trkpt>
   <trkpt lat="52.15844000351098" lon="4.800094995091662">
    <ele>-2.18</ele>
   </trkpt>
   <trkpt lat="52.158190000000005" lon="4.79919">
    <ele>-2.2900000000000005</ele>
   </trkpt>
   <trkpt lat="52.15807" lon="4.7986">
    <ele>-2.23</ele>
   </trkpt>
   <trkpt lat="52.15782" lon="4.79786">
    <ele>-2.06</ele>
   </trkpt>
   <trkpt lat="52.157523342702845" lon="4.796806652582442">
    <ele>-2.02</ele>
   </trkpt>
   <trkpt lat="52.157226676023875" lon="4.795753319205658">
    <ele>-2.23</ele>
   </trkpt>
   <trkpt lat="52.15693" lon="4.794700000000001">
    <ele>-2.14</ele>
   </trkpt>
   <trkpt lat="52.15664251257102" lon="4.793704980768209">
    <ele>-2.0100000000000002</ele>
   </trkpt>
   <trkpt lat="52.156355016770384" lon="4.792709974389296">
    <ele>-2.18</ele>
   </trkpt>
   <trkpt lat="52.156067512598334" lon="4.791714980863338">
    <ele>-2.15</ele>
   </trkpt>
   <trkpt lat="52.15578000000001" lon="4.79072">
    <ele>-2.24</ele>
   </trkpt>
   <trkpt lat="52.15541000565781" lon="4.789564990454856">
    <ele>-2.18</ele>
   </trkpt>
   <trkpt lat="52.15504000000001" lon="4.788410000000001">
    <ele>-1.99</ele>
   </trkpt>
   <trkpt lat="52.15485" lon="4.78782">
    <ele>-1.87</ele>
   </trkpt>
   <trkpt lat="52.15478" lon="4.78774">
    <ele>-1.87</ele>
   </trkpt>
   <trkpt lat="52.15446000000001" lon="4.78683">
    <ele>-1.97</ele>
   </trkpt>
   <trkpt lat="52.15407333844216" lon="4.786056653336089">
    <ele>-2.19</ele>
   </trkpt>
   <trkpt lat="52.15368667182719" lon="4.78528332010634">
    <ele>-2.19</ele>
   </trkpt>
   <trkpt lat="52.1533" lon="4.78451">
    <ele>-2.2700000000000005</ele>
   </trkpt>
   <trkpt lat="52.153200000000005" lon="4.784280000000001">
    <ele>-2.52</ele>
   </trkpt>
   <trkpt lat="52.153200000000005" lon="4.78415">
    <ele>-2.52</ele>
   </trkpt>
   <trkpt lat="52.153000000000006" lon="4.78409">
    <ele>-1.97</ele>
   </trkpt>
   <trkpt lat="52.1529" lon="4.784020000000001">
    <ele>-1.84</ele>
   </trkpt>
   <trkpt lat="52.15281" lon="4.7839100000000006">
    <ele>-1.84</ele>
   </trkpt>
   <trkpt lat="52.15227334259086" lon="4.782863308086854">
    <ele>-1.86</ele>
   </trkpt>
   <trkpt lat="52.15173667591773" lon="4.781816641408092">
    <ele>-1.7000000000000002</ele>
   </trkpt>
   <trkpt lat="52.1512" lon="4.78077">
    <ele>-1.7300000000000002</ele>
   </trkpt>
   <trkpt lat="52.15086" lon="4.780130000000001">
    <ele>-1.7400000000000002</ele>
   </trkpt>
   <trkpt lat="52.15044" lon="4.77953">
    <ele>-1.36</ele>
   </trkpt>
   <trkpt lat="52.149910000000006" lon="4.778860000000001">
    <ele>-1.5</ele>
   </trkpt>
   <trkpt lat="52.14934" lon="4.7782800000000005">
    <ele>-1.6500000000000001</ele>
   </trkpt>
   <trkpt lat="52.14860750780505" lon="4.777494961245166">
    <ele>-1.84</ele>
   </trkpt>
   <trkpt lat="52.147875010398735" lon="4.776709948319437">
    <ele>-1.9000000000000001</ele>
   </trkpt>
   <trkpt lat="52.14714250778137" lon="4.775924961221464">
    <ele>-1.9200000000000002</ele>
   </trkpt>
   <trkpt lat="52.14641" lon="4.77514">
    <ele>-1.9200000000000002</ele>
   </trkpt>
   <trkpt lat="52.14634" lon="4.775040000000001">
    <ele>-1.9200000000000002</ele>
   </trkpt>
   <trkpt lat="52.14629000000001" lon="4.77484">
    <ele>-1.9200000000000002</ele>
   </trkpt>
   <trkpt lat="52.14621" lon="4.7748800000000005">
    <ele>-1.9400000000000002</ele>
   </trkpt>
   <trkpt lat="52.14616" lon="4.77487">
    <ele>-1.9400000000000002</ele>
   </trkpt>
   <trkpt lat="52.14549" lon="4.77421">
    <ele>-1.9100000000000001</ele>
   </trkpt>
   <trkpt lat="52.145020001035306" lon="4.773699994547304">
    <ele>-1.9400000000000002</ele>
   </trkpt>
   <trkpt lat="52.14455" lon="4.7731900000000005">
    <ele>-2.1100000000000003</ele>
   </trkpt>
   <trkpt lat="52.14382000236713" lon="4.77244498780848">
    <ele>-2.0700000000000003</ele>
   </trkpt>
   <trkpt lat="52.14309" lon="4.7717">
    <ele>-1.98</ele>
   </trkpt>
   <trkpt lat="52.14250250514136" lon="4.771062474755582">
    <ele>-2.0700000000000003</ele>
   </trkpt>
   <trkpt lat="52.14191500684561" lon="4.770424966331024">
    <ele>-1.97</ele>
   </trkpt>
   <trkpt lat="52.141327505112926" lon="4.769787474725624">
    <ele>-1.93</ele>
   </trkpt>
   <trkpt lat="52.14074" lon="4.769150000000001">
    <ele>-1.93</ele>
   </trkpt>
   <trkpt lat="52.140080000000005" lon="4.76846">
    <ele>-1.9400000000000002</ele>
   </trkpt>
   <trkpt lat="52.13984000000001" lon="4.76829">
    <ele>-1.93</ele>
   </trkpt>
   <trkpt lat="52.13908000000001" lon="4.7678400000000005">
    <ele>-1.93</ele>
   </trkpt>
   <trkpt lat="52.13863500017828" lon="4.7676099976786706">
    <ele>-1.9200000000000002</ele>
   </trkpt>
   <trkpt lat="52.13819" lon="4.76738">
    <ele>-1.84</ele>
   </trkpt>
   <trkpt lat="52.137367502176694" lon="4.766964977007042">
    <ele>-1.84</ele>
   </trkpt>
   <trkpt lat="52.13654500289673" lon="4.76654996934063">
    <ele>-1.9000000000000001</ele>
   </trkpt>
   <trkpt lat="52.13572250216021" lon="4.766134976999772">
    <ele>-1.84</ele>
   </trkpt>
   <trkpt lat="52.1349" lon="4.76572">
    <ele>-1.86</ele>
   </trkpt>
   <trkpt lat="52.134310000000006" lon="4.76522">
    <ele>-1.9100000000000001</ele>
   </trkpt>
   <trkpt lat="52.13387" lon="4.76482">
    <ele>-1.76</ele>
   </trkpt>
   <trkpt lat="52.13365" lon="4.76459">
    <ele>-1.76</ele>
   </trkpt>
   <trkpt lat="52.13353000000001" lon="4.764430000000001">
    <ele>-1.7300000000000002</ele>
   </trkpt>
   <trkpt lat="52.133190000000006" lon="4.763870000000001">
    <ele>-1.61</ele>
   </trkpt>
   <trkpt lat="52.13299000000001" lon="4.763520000000001">
    <ele>-1.6</ele>
   </trkpt>
   <trkpt lat="52.132720000000006" lon="4.7629600000000005">
    <ele>-1.76</ele>
   </trkpt>
   <trkpt lat="52.132490000000004" lon="4.76259">
    <ele>-1.8300000000000003</ele>
   </trkpt>
   <trkpt lat="52.13211667320162" lon="4.761713318722788">
    <ele>-1.8200000000000003</ele>
   </trkpt>
   <trkpt lat="52.13174333990306" lon="4.760836652138017">
    <ele>-1.75</ele>
   </trkpt>
   <trkpt lat="52.131370000000004" lon="4.75996">
    <ele>-1.7000000000000002</ele>
   </trkpt>
   <trkpt lat="52.1315" lon="4.7599">
    <ele>-1.7000000000000002</ele>
   </trkpt>
   <trkpt lat="52.13200000000291" lon="4.759815000958636">
    <ele>-1.85</ele>
   </trkpt>
   <trkpt lat="52.13250000000001" lon="4.75973">
    <ele>-1.84</ele>
   </trkpt>
   <trkpt lat="52.13318" lon="4.75957">
    <ele>-2.83</ele>
   </trkpt>
   <trkpt lat="52.13371000000001" lon="4.75952">
    <ele>-4.32</ele>
   </trkpt>
   <trkpt lat="52.134420000000006" lon="4.7593700000000005">
    <ele>-4.51</ele>
   </trkpt>
   <trkpt lat="52.135130000000004" lon="4.75914">
    <ele>-4.890000000000001</ele>
   </trkpt>
   <trkpt lat="52.13544" lon="4.758970000000001">
    <ele>-4.930000000000001</ele>
   </trkpt>
   <trkpt lat="52.13625430000965" lon="4.758460121202209">
    <ele>-5.0</ele>
   </trkpt>
   <trkpt lat="52.1370685978205" lon="4.7579502237626805">
    <ele>-5.23</ele>
   </trkpt>
   <trkpt lat="52.13788289343245" lon="4.7574403076802385">
    <ele>-5.4</ele>
   </trkpt>
   <trkpt lat="52.13869718684534" lon="4.756930372953703">
    <ele>-5.44</ele>
   </trkpt>
   <trkpt lat="52.139511478059" lon="4.756420419581898">
    <ele>-5.5</ele>
   </trkpt>
   <trkpt lat="52.14032576707331" lon="4.755910447563643">
    <ele>-5.72</ele>
   </trkpt>
   <trkpt lat="52.141140053888115" lon="4.755400456897762">
    <ele>-5.55</ele>
   </trkpt>
   <trkpt lat="52.14195433850328" lon="4.754890447583074">
    <ele>-5.55</ele>
   </trkpt>
   <trkpt lat="52.14276862091866" lon="4.7543804196184025">
    <ele>-5.55</ele>
   </trkpt>
   <trkpt lat="52.14358290113409" lon="4.7538703730025675">
    <ele>-5.64</ele>
   </trkpt>
   <trkpt lat="52.14439717914945" lon="4.7533603077343916">
    <ele>-5.46</ele>
   </trkpt>
   <trkpt lat="52.145211454964574" lon="4.752850223812694">
    <ele>-5.36</ele>
   </trkpt>
   <trkpt lat="52.14602572857933" lon="4.752340121236298">
    <ele>-5.38</ele>
   </trkpt>
   <trkpt lat="52.146840000000005" lon="4.75183">
    <ele>-5.15</ele>
   </trkpt>
   <trkpt lat="52.147040000000004" lon="4.7517700000000005">
    <ele>-5.0600000000000005</ele>
   </trkpt>
   <trkpt lat="52.14707000000001" lon="4.75183">
    <ele>-5.0600000000000005</ele>
   </trkpt>
   <trkpt lat="52.14712" lon="4.751860000000001">
    <ele>-4.890000000000001</ele>
   </trkpt>
   <trkpt lat="52.14717" lon="4.751860000000001">
    <ele>-4.890000000000001</ele>
   </trkpt>
   <trkpt lat="52.14723000000001" lon="4.75182">
    <ele>-4.890000000000001</ele>
   </trkpt>
   <trkpt lat="52.147290000000005" lon="4.75162">
    <ele>-4.930000000000001</ele>
   </trkpt>
   <trkpt lat="52.147470000000006" lon="4.75145">
    <ele>-4.890000000000001</ele>
   </trkpt>
   <trkpt lat="52.14786" lon="4.75119">
    <ele>-5.140000000000001</ele>
   </trkpt>
   <trkpt lat="52.14852750214117" lon="4.75077751856252">
    <ele>-5.34</ele>
   </trkpt>
   <trkpt lat="52.149195002843506" lon="4.750365024757518">
    <ele>-5.34</ele>
   </trkpt>
   <trkpt lat="52.149862502106956" lon="4.749952518584352">
    <ele>-5.19</ele>
   </trkpt>
   <trkpt lat="52.15053" lon="4.7495400000000005">
    <ele>-5.29</ele>
   </trkpt>
   <trkpt lat="52.15130778578447" lon="4.749053401353405">
    <ele>-5.42</ele>
   </trkpt>
   <trkpt lat="52.152085569566616" lon="4.748566785704769">
    <ele>-5.36</ele>
   </trkpt>
   <trkpt lat="52.15286335134633" lon="4.748080153053066">
    <ele>-5.57</ele>
   </trkpt>
   <trkpt lat="52.15364113112349" lon="4.747593503397271">
    <ele>-5.49</ele>
   </trkpt>
   <trkpt lat="52.154418908897966" lon="4.7471068367363545">
    <ele>-5.61</ele>
   </trkpt>
   <trkpt lat="52.15519668466965" lon="4.7466201530692915">
    <ele>-5.59</ele>
   </trkpt>
   <trkpt lat="52.15597445843838" lon="4.746133452395053">
    <ele>-5.19</ele>
   </trkpt>
   <trkpt lat="52.15675223020404" lon="4.745646734712616">
    <ele>-5.29</ele>
   </trkpt>
   <trkpt lat="52.15753" lon="4.74516">
    <ele>-5.19</ele>
   </trkpt>
   <trkpt lat="52.158350728614934" lon="4.744649408143979">
    <ele>-5.140000000000001</ele>
   </trkpt>
   <trkpt lat="52.15917145502538" lon="4.74413879745779">
    <ele>-5.19</ele>
   </trkpt>
   <trkpt lat="52.15999217923116" lon="4.743628167940234">
    <ele>-5.23</ele>
   </trkpt>
   <trkpt lat="52.16081290123217" lon="4.7431175195901085">
    <ele>-5.4</ele>
   </trkpt>
   <trkpt lat="52.16163362102822" lon="4.742606852406214">
    <ele>-5.4</ele>
   </trkpt>
   <trkpt lat="52.1624543386192" lon="4.742096166387349">
    <ele>-5.42</ele>
   </trkpt>
   <trkpt lat="52.16327505400494" lon="4.741585461532313">
    <ele>-5.83</ele>
   </trkpt>
   <trkpt lat="52.16409576718532" lon="4.741074737839905">
    <ele>-5.78</ele>
   </trkpt>
   <trkpt lat="52.16491647816017" lon="4.740563995308922">
    <ele>-5.78</ele>
   </trkpt>
   <trkpt lat="52.16573718692935" lon="4.740053233938164">
    <ele>-5.59</ele>
   </trkpt>
   <trkpt lat="52.16655789349271" lon="4.73954245372643">
    <ele>-5.7</ele>
   </trkpt>
   <trkpt lat="52.1673785978501" lon="4.739031654672518">
    <ele>-5.38</ele>
   </trkpt>
   <trkpt lat="52.16819930000138" lon="4.738520836775226">
    <ele>-5.0</ele>
   </trkpt>
   <trkpt lat="52.16902" lon="4.73801">
    <ele>-4.81</ele>
   </trkpt>
   <trkpt lat="52.16901000000001" lon="4.738">
    <ele>-4.82</ele>
   </trkpt>
   <trkpt lat="52.16870575337658" lon="4.736758520487925">
    <ele>-5.0200000000000005</ele>
   </trkpt>
   <trkpt lat="52.16840149372208" lon="4.735517057954648">
    <ele>-4.83</ele>
   </trkpt>
   <trkpt lat="52.16809722103689" lon="4.734275612400479">
    <ele>-4.750000000000001</ele>
   </trkpt>
   <trkpt lat="52.1677929353213" lon="4.733034183825725">
    <ele>-4.930000000000001</ele>
   </trkpt>
   <trkpt lat="52.16748863657562" lon="4.7317927722306985">
    <ele>-4.68</ele>
   </trkpt>
   <trkpt lat="52.167184324800225" lon="4.730551377615705">
    <ele>-4.34</ele>
   </trkpt>
   <trkpt lat="52.166880000000006" lon="4.729310000000001">
    <ele>-2.2</ele>
   </trkpt>
   <trkpt lat="52.16682" lon="4.72848">
    <ele>-2.0900000000000003</ele>
   </trkpt>
   <trkpt lat="52.16668202858063" lon="4.727179983897358">
    <ele>-2.8000000000000003</ele>
   </trkpt>
   <trkpt lat="52.166544042872026" lon="4.725879975857084">
    <ele>-3.3200000000000003</ele>
   </trkpt>
   <trkpt lat="52.166406042874364" lon="4.724579975879923">
    <ele>-3.37</ele>
   </trkpt>
   <trkpt lat="52.166268028587815" lon="4.723279983966621">
    <ele>-3.49</ele>
   </trkpt>
   <trkpt lat="52.16613" lon="4.72198">
    <ele>-3.5</ele>
   </trkpt>
   <trkpt lat="52.16602" lon="4.72067">
    <ele>-3.06</ele>
   </trkpt>
   <trkpt lat="52.165880018413816" lon="4.719464988611965">
    <ele>-2.89</ele>
   </trkpt>
   <trkpt lat="52.16574002455052" lon="4.718259984805705">
    <ele>-2.48</ele>
   </trkpt>
   <trkpt lat="52.165600018410245" lon="4.717054988581799">
    <ele>-2.2</ele>
   </trkpt>
   <trkpt lat="52.16546" lon="4.7158500000000005">
    <ele>-2.17</ele>
   </trkpt>
   <trkpt lat="52.16543500730932" lon="4.714534999205104">
    <ele>-2.08</ele>
   </trkpt>
   <trkpt lat="52.16541" lon="4.713220000000001">
    <ele>-1.93</ele>
   </trkpt>
   <trkpt lat="52.16539" lon="4.7129900000000005">
    <ele>-1.9400000000000002</ele>
   </trkpt>
   <trkpt lat="52.16538500511499" lon="4.711889999798533">
    <ele>-2.0100000000000002</ele>
   </trkpt>
   <trkpt lat="52.165380000000006" lon="4.71079">
    <ele>-1.24</ele>
   </trkpt>
   <trkpt lat="52.16532" lon="4.7107600000000005">
    <ele>-0.54</ele>
   </trkpt>
   <trkpt lat="52.165290000000006" lon="4.71068">
    <ele>-0.54</ele>
   </trkpt>
   <trkpt lat="52.16528" lon="4.71058">
    <ele>-0.32</ele>
   </trkpt>
   <trkpt lat="52.165290000000006" lon="4.71053">
    <ele>-0.04</ele>
   </trkpt>
   <trkpt lat="52.165330000000004" lon="4.710450000000001">
    <ele>-0.04</ele>
   </trkpt>
   <trkpt lat="52.16539" lon="4.71042">
    <ele>-0.01</ele>
   </trkpt>
   <trkpt lat="52.16543000000001" lon="4.7102200000000005">
    <ele>0.12000000000000001</ele>
   </trkpt>
   <trkpt lat="52.16548" lon="4.71014">
    <ele>0.12000000000000001</ele>
   </trkpt>
   <trkpt lat="52.16557" lon="4.70981">
    <ele>0.48000000000000004</ele>
   </trkpt>
   <trkpt lat="52.16561" lon="4.7096100000000005">
    <ele>0.39</ele>
   </trkpt>
   <trkpt lat="52.165580000000006" lon="4.7095400000000005">
    <ele>0.07</ele>
   </trkpt>
   <trkpt lat="52.165580000000006" lon="4.709440000000001">
    <ele>0.07</ele>
   </trkpt>
   <trkpt lat="52.165620000000004" lon="4.70934">
    <ele>-0.09000000000000001</ele>
   </trkpt>
   <trkpt lat="52.16566" lon="4.70929">
    <ele>-0.09000000000000001</ele>
   </trkpt>
   <trkpt lat="52.1657" lon="4.70929">
    <ele>-0.09000000000000001</ele>
   </trkpt>
   <trkpt lat="52.165820000000004" lon="4.70892">
    <ele>-0.31</ele>
   </trkpt>
   <trkpt lat="52.16608" lon="4.70844">
    <ele>-0.92</ele>
   </trkpt>
   <trkpt lat="52.16651" lon="4.70788">
    <ele>-1.37</ele>
   </trkpt>
   <trkpt lat="52.166810000000005" lon="4.7071000000000005">
    <ele>-1.52</ele>
   </trkpt>
   <trkpt lat="52.16727000553242" lon="4.706293349958325">
    <ele>-1.4900000000000002</ele>
   </trkpt>
   <trkpt lat="52.16773000556321" lon="4.705486683237919">
    <ele>-1.84</ele>
   </trkpt>
   <trkpt lat="52.16819" lon="4.704680000000001">
    <ele>-1.8200000000000003</ele>
   </trkpt>
   <trkpt lat="52.168580001922756" lon="4.704015005738105">
    <ele>-1.76</ele>
   </trkpt>
   <trkpt lat="52.16897" lon="4.70335">
    <ele>-1.61</ele>
   </trkpt>
   <trkpt lat="52.16903000000001" lon="4.7031600000000005">
    <ele>-1.5700000000000003</ele>
   </trkpt>
   <trkpt lat="52.16922" lon="4.70286">
    <ele>-1.5700000000000003</ele>
   </trkpt>
   <trkpt lat="52.16930000000001" lon="4.70282">
    <ele>-1.59</ele>
   </trkpt>
   <trkpt lat="52.16975000000001" lon="4.7020800000000005">
    <ele>-1.5</ele>
   </trkpt>
   <trkpt lat="52.17006000000001" lon="4.70153">
    <ele>-1.5</ele>
   </trkpt>
   <trkpt lat="52.17016" lon="4.7014000000000005">
    <ele>-1.67</ele>
   </trkpt>
   <trkpt lat="52.170120000000004" lon="4.7012100000000006">
    <ele>-1.67</ele>
   </trkpt>
   <trkpt lat="52.170120000000004" lon="4.7012">
    <ele>-1.67</ele>
   </trkpt>
   <trkpt lat="52.169990000000006" lon="4.700950000000001">
    <ele>-1.8200000000000003</ele>
   </trkpt>
   <trkpt lat="52.16989" lon="4.700900000000001">
    <ele>-1.8300000000000003</ele>
   </trkpt>
   <trkpt lat="52.16978" lon="4.700900000000001">
    <ele>-1.79</ele>
   </trkpt>
   <trkpt lat="52.16971" lon="4.7009300000000005">
    <ele>-1.79</ele>
   </trkpt>
   <trkpt lat="52.16959000000001" lon="4.70103">
    <ele>-1.4900000000000002</ele>
   </trkpt>
   <trkpt lat="52.169520000000006" lon="4.70105">
    <ele>-1.4900000000000002</ele>
   </trkpt>
   <trkpt lat="52.16946" lon="4.70103">
    <ele>-1.41</ele>
   </trkpt>
   <trkpt lat="52.16879" lon="4.70058">
    <ele>-1.43</ele>
   </trkpt>
   <trkpt lat="52.16803000233354" lon="4.700053315333515">
    <ele>-1.4000000000000001</ele>
   </trkpt>
   <trkpt lat="52.16727000232179" lon="4.699526648659091">
    <ele>-1.33</ele>
   </trkpt>
   <trkpt lat="52.16651" lon="4.699000000000001">
    <ele>-1.4800000000000002</ele>
   </trkpt>
   <trkpt lat="52.16607500037129" lon="4.6986899969445615">
    <ele>-1.41</ele>
   </trkpt>
   <trkpt lat="52.16564" lon="4.69838">
    <ele>-1.17</ele>
   </trkpt>
   <trkpt lat="52.16497000180349" lon="4.697916652706366">
    <ele>-0.99</ele>
   </trkpt>
   <trkpt lat="52.16430000179179" lon="4.697453319365205">
    <ele>-1.05</ele>
   </trkpt>
   <trkpt lat="52.163630000000005" lon="4.69699">
    <ele>-1.28</ele>
   </trkpt>
   <trkpt lat="52.16301000000001" lon="4.69653">
    <ele>-1.5700000000000003</ele>
   </trkpt>
   <trkpt lat="52.16233000077879" lon="4.696074992983215">
    <ele>-2.0</ele>
   </trkpt>
   <trkpt lat="52.16165" lon="4.695620000000001">
    <ele>-2.56</ele>
   </trkpt>
   <trkpt lat="52.161390000000004" lon="4.6955100000000005">
    <ele>-2.73</ele>
   </trkpt>
   <trkpt lat="52.161120000000004" lon="4.69533">
    <ele>-3.68</ele>
   </trkpt>
   <trkpt lat="52.1608" lon="4.6950400000000005">
    <ele>-4.62</ele>
   </trkpt>
   <trkpt lat="52.16062" lon="4.69493">
    <ele>-4.920000000000001</ele>
   </trkpt>
   <trkpt lat="52.160520000000005" lon="4.69489">
    <ele>-5.0200000000000005</ele>
   </trkpt>
   <trkpt lat="52.160230000000006" lon="4.69489">
    <ele>-5.0600000000000005</ele>
   </trkpt>
   <trkpt lat="52.160000000000004" lon="4.69496">
    <ele>-5.12</ele>
   </trkpt>
   <trkpt lat="52.159650000000006" lon="4.694990000000001">
    <ele>-4.920000000000001</ele>
   </trkpt>
   <trkpt lat="52.159580000000005" lon="4.6950400000000005">
    <ele>-4.890000000000001</ele>
   </trkpt>
   <trkpt lat="52.15939" lon="4.695320000000001">
    <ele>-4.95</ele>
   </trkpt>
   <trkpt lat="52.159150000000004" lon="4.695460000000001">
    <ele>-4.81</ele>
   </trkpt>
   <trkpt lat="52.159020000000005" lon="4.69557">
    <ele>-4.83</ele>
   </trkpt>
   <trkpt lat="52.15854500278959" lon="4.696390008842732">
    <ele>-5.04</ele>
   </trkpt>
   <trkpt lat="52.15807" lon="4.69721">
    <ele>-4.96</ele>
   </trkpt>
   <trkpt lat="52.158" lon="4.69723">
    <ele>-4.96</ele>
   </trkpt>
   <trkpt lat="52.157920000000004" lon="4.69725">
    <ele>-4.96</ele>
   </trkpt>
   <trkpt lat="52.157810000000005" lon="4.69723">
    <ele>-4.94</ele>
   </trkpt>
   <trkpt lat="52.157300001133336" lon="4.696714994111394">
    <ele>-4.79</ele>
   </trkpt>
   <trkpt lat="52.15679" lon="4.6962">
    <ele>-4.72</ele>
   </trkpt>
   <trkpt lat="52.15621" lon="4.69577">
    <ele>-4.79</ele>
   </trkpt>
   <trkpt lat="52.15574" lon="4.69521">
    <ele>-4.890000000000001</ele>
   </trkpt>
   <trkpt lat="52.15529" lon="4.694780000000001">
    <ele>-5.0</ele>
   </trkpt>
   <trkpt lat="52.154500000000006" lon="4.69413">
    <ele>-4.95</ele>
   </trkpt>
   <trkpt lat="52.1539750008928" lon="4.693654994342877">
    <ele>-4.87</ele>
   </trkpt>
   <trkpt lat="52.15345000000001" lon="4.693180000000001">
    <ele>-4.85</ele>
   </trkpt>
   <trkpt lat="52.15305000000001" lon="4.69275">
    <ele>-4.38</ele>
   </trkpt>
   <trkpt lat="52.15287000000001" lon="4.692480000000001">
    <ele>-3.72</ele>
   </trkpt>
   <trkpt lat="52.15254" lon="4.69223">
    <ele>-3.4400000000000004</ele>
   </trkpt>
   <trkpt lat="52.15245" lon="4.692200000000001">
    <ele>-3.62</ele>
   </trkpt>
   <trkpt lat="52.151810000000005" lon="4.69181">
    <ele>-4.81</ele>
   </trkpt>
   <trkpt lat="52.1516" lon="4.6916">
    <ele>-5.0200000000000005</ele>
   </trkpt>
   <trkpt lat="52.151" lon="4.69099">
    <ele>-4.96</ele>
   </trkpt>
   <trkpt lat="52.150870000000005" lon="4.69082">
    <ele>-4.83</ele>
   </trkpt>
   <trkpt lat="52.1505" lon="4.69012">
    <ele>-4.6000000000000005</ele>
   </trkpt>
   <trkpt lat="52.15003" lon="4.6896">
    <ele>-3.8800000000000003</ele>
   </trkpt>
   <trkpt lat="52.149950000000004" lon="4.689450000000001">
    <ele>-3.69</ele>
   </trkpt>
   <trkpt lat="52.14996000000001" lon="4.68947">
    <ele>-3.7</ele>
   </trkpt>
   <trkpt lat="52.14994" lon="4.68933">
    <ele>-3.67</ele>
   </trkpt>
   <trkpt lat="52.14997" lon="4.688750000000001">
    <ele>-2.5700000000000003</ele>
   </trkpt>
   <trkpt lat="52.14952" lon="4.687950000000001">
    <ele>-3.5100000000000002</ele>
   </trkpt>
   <trkpt lat="52.14925000410396" lon="4.6869649940330556">
    <ele>-2.02</ele>
   </trkpt>
   <trkpt lat="52.14898" lon="4.685980000000001">
    <ele>-1.5</ele>
   </trkpt>
   <trkpt lat="52.14876" lon="4.68496">
    <ele>-3.3100000000000005</ele>
   </trkpt>
   <trkpt lat="52.148630000000004" lon="4.6843900000000005">
    <ele>-3.6300000000000003</ele>
   </trkpt>
   <trkpt lat="52.14829000809666" lon="4.683409984961749">
    <ele>-3.62</ele>
   </trkpt>
   <trkpt lat="52.14795000807166" lon="4.682429984889957">
    <ele>-3.85</ele>
   </trkpt>
   <trkpt lat="52.14761000000001" lon="4.681450000000001">
    <ele>-3.62</ele>
   </trkpt>
   <trkpt lat="52.1475" lon="4.68107">
    <ele>-3.6300000000000003</ele>
   </trkpt>
   <trkpt lat="52.147420000000004" lon="4.68057">
    <ele>-3.5300000000000002</ele>
   </trkpt>
   <trkpt lat="52.14732000310123" lon="4.679714998167753">
    <ele>-3.5</ele>
   </trkpt>
   <trkpt lat="52.147220000000004" lon="4.67886">
    <ele>-3.4000000000000004</ele>
   </trkpt>
   <trkpt lat="52.147110000000005" lon="4.67835">
    <ele>-3.62</ele>
   </trkpt>
   <trkpt lat="52.147020000000005" lon="4.6772">
    <ele>-3.7</ele>
   </trkpt>
   <trkpt lat="52.147020000000005" lon="4.676810000000001">
    <ele>-3.62</ele>
   </trkpt>
   <trkpt lat="52.14717667480244" lon="4.675830006807271">
    <ele>-3.5700000000000003</ele>
   </trkpt>
   <trkpt lat="52.14733334148335" lon="4.674850006718324">
    <ele>-3.67</ele>
   </trkpt>
   <trkpt lat="52.147490000000005" lon="4.67387">
    <ele>-3.3200000000000003</ele>
   </trkpt>
   <trkpt lat="52.14746" lon="4.67279">
    <ele>-1.1300000000000001</ele>
   </trkpt>
   <trkpt lat="52.147656678377444" lon="4.671613343712634">
    <ele>-1.16</ele>
   </trkpt>
   <trkpt lat="52.14785334504668" lon="4.670436677030825">
    <ele>-0.9700000000000001</ele>
   </trkpt>
   <trkpt lat="52.148050000000005" lon="4.66926">
    <ele>-1.05</ele>
   </trkpt>
   <trkpt lat="52.148140000000005" lon="4.6689300000000005">
    <ele>-1.67</ele>
   </trkpt>
   <trkpt lat="52.148430000000005" lon="4.668290000000001">
    <ele>-3.85</ele>
   </trkpt>
   <trkpt lat="52.14868002217545" lon="4.666967522328325">
    <ele>-3.8800000000000003</ele>
   </trkpt>
   <trkpt lat="52.148930029560994" lon="4.66564502980487">
    <ele>-3.6400000000000006</ele>
   </trkpt>
   <trkpt lat="52.14918002215638" lon="4.664322522430216">
    <ele>-3.33</ele>
   </trkpt>
   <trkpt lat="52.14943" lon="4.663">
    <ele>-3.5</ele>
   </trkpt>
   <trkpt lat="52.14969000621695" lon="4.66178500721066">
    <ele>-3.41</ele>
   </trkpt>
   <trkpt lat="52.149950000000004" lon="4.660570000000001">
    <ele>-3.1300000000000003</ele>
   </trkpt>
   <trkpt lat="52.15001" lon="4.660270000000001">
    <ele>-3.04</ele>
   </trkpt>
   <trkpt lat="52.15006" lon="4.65984">
    <ele>-2.9800000000000004</ele>
   </trkpt>
   <trkpt lat="52.150420000000004" lon="4.659420000000001">
    <ele>-3.37</ele>
   </trkpt>
   <trkpt lat="52.150510000000004" lon="4.6593800000000005">
    <ele>-3.37</ele>
   </trkpt>
   <trkpt lat="52.15059" lon="4.658510000000001">
    <ele>-3.45</ele>
   </trkpt>
   <trkpt lat="52.150580000000005" lon="4.657360000000001">
    <ele>-1.08</ele>
   </trkpt>
   <trkpt lat="52.150600000000004" lon="4.6572000000000005">
    <ele>-0.8500000000000001</ele>
   </trkpt>
   <trkpt lat="52.15086402183392" lon="4.6560640269069165">
    <ele>-0.89</ele>
   </trkpt>
   <trkpt lat="52.15112803275554" lon="4.65492804034104">
    <ele>-1.08</ele>
   </trkpt>
   <trkpt lat="52.15139203276463" lon="4.653792040302639">
    <ele>-1.1400000000000001</ele>
   </trkpt>
   <trkpt lat="52.15165602186097" lon="4.652656026791982">
    <ele>-1.1500000000000001</ele>
   </trkpt>
   <trkpt lat="52.151920000000004" lon="4.6515200000000005">
    <ele>-0.88</ele>
   </trkpt>
   <trkpt lat="52.15187" lon="4.651470000000001">
    <ele>-0.84</ele>
   </trkpt>
   <trkpt lat="52.15167" lon="4.6513800000000005">
    <ele>-0.89</ele>
   </trkpt>
   <trkpt lat="52.15156" lon="4.65137">
    <ele>-0.89</ele>
   </trkpt>
   <trkpt lat="52.15081000000001" lon="4.651420000000001">
    <ele>-0.84</ele>
   </trkpt>
   <trkpt lat="52.150560000000006" lon="4.651400000000001">
    <ele>-0.79</ele>
   </trkpt>
   <trkpt lat="52.15023000000001" lon="4.651330000000001">
    <ele>-0.88</ele>
   </trkpt>
   <trkpt lat="52.150090000000006" lon="4.65127">
    <ele>-0.92</ele>
   </trkpt>
   <trkpt lat="52.149910000000006" lon="4.65116">
    <ele>-0.92</ele>
   </trkpt>
   <trkpt lat="52.149680000000004" lon="4.6511000000000005">
    <ele>-0.99</ele>
   </trkpt>
   <trkpt lat="52.149300000000004" lon="4.65106">
    <ele>-1.07</ele>
   </trkpt>
   <trkpt lat="52.148790000000005" lon="4.6511000000000005">
    <ele>-0.89</ele>
   </trkpt>
   <trkpt lat="52.14853" lon="4.651000000000001">
    <ele>-0.89</ele>
   </trkpt>
   <trkpt lat="52.148360000000004" lon="4.65089">
    <ele>-0.81</ele>
   </trkpt>
   <trkpt lat="52.1477949999528" lon="4.650859999616622">
    <ele>-0.7200000000000001</ele>
   </trkpt>
   <trkpt lat="52.14723000000001" lon="4.65083">
    <ele>-0.68</ele>
   </trkpt>
   <trkpt lat="52.14706" lon="4.65047">
    <ele>-0.88</ele>
   </trkpt>
   <trkpt lat="52.14697" lon="4.650600000000001">
    <ele>-0.92</ele>
   </trkpt>
   <trkpt lat="52.14646000019617" lon="4.65055499950116">
    <ele>-1.04</ele>
   </trkpt>
   <trkpt lat="52.145950000000006" lon="4.650510000000001">
    <ele>-1.05</ele>
   </trkpt>
   <trkpt lat="52.145720000000004" lon="4.65052">
    <ele>-0.99</ele>
   </trkpt>
   <trkpt lat="52.145520000000005" lon="4.65057">
    <ele>-0.99</ele>
   </trkpt>
   <trkpt lat="52.14524" lon="4.650670000000001">
    <ele>-0.99</ele>
   </trkpt>
   <trkpt lat="52.14470000000001" lon="4.650930000000001">
    <ele>-1.1</ele>
   </trkpt>
   <trkpt lat="52.14421" lon="4.6509100000000005">
    <ele>-1.07</ele>
   </trkpt>
   <trkpt lat="52.143350000000005" lon="4.65082">
    <ele>-0.84</ele>
   </trkpt>
   <trkpt lat="52.142920000000004" lon="4.65083">
    <ele>-0.5</ele>
   </trkpt>
   <trkpt lat="52.14287" lon="4.650810000000001">
    <ele>-0.5</ele>
   </trkpt>
   <trkpt lat="52.142830000000004" lon="4.65066">
    <ele>-0.62</ele>
   </trkpt>
   <trkpt lat="52.1428" lon="4.64972">
    <ele>-0.04</ele>
   </trkpt>
   <trkpt lat="52.142830000000004" lon="4.64944">
    <ele>0.2</ele>
   </trkpt>
   <trkpt lat="52.14300000000001" lon="4.6486">
    <ele>2.2600000000000002</ele>
   </trkpt>
   <trkpt lat="52.14302000000001" lon="4.6481200000000005">
    <ele>3.06</ele>
   </trkpt>
   <trkpt lat="52.14296" lon="4.6469700000000005">
    <ele>3.47</ele>
   </trkpt>
   <trkpt lat="52.14293000000001" lon="4.646660000000001">
    <ele>3.3800000000000003</ele>
   </trkpt>
   <trkpt lat="52.142860000000006" lon="4.64611">
    <ele>1.36</ele>
   </trkpt>
   <trkpt lat="52.142770000000006" lon="4.64578">
    <ele>1.36</ele>
   </trkpt>
   <trkpt lat="52.14266000000001" lon="4.645510000000001">
    <ele>1.36</ele>
   </trkpt>
   <trkpt lat="52.14244000000001" lon="4.6451400000000005">
    <ele>-0.16</ele>
   </trkpt>
   <trkpt lat="52.14199000000001" lon="4.64444">
    <ele>-0.75</ele>
   </trkpt>
   <trkpt lat="52.141890000000004" lon="4.64421">
    <ele>-0.75</ele>
   </trkpt>
   <trkpt lat="52.14175" lon="4.643680000000001">
    <ele>-0.54</ele>
   </trkpt>
   <trkpt lat="52.141690000000004" lon="4.64372">
    <ele>-0.54</ele>
   </trkpt>
   <trkpt lat="52.14151500208317" lon="4.643014997155367">
    <ele>-0.88</ele>
   </trkpt>
   <trkpt lat="52.14134000000001" lon="4.64231">
    <ele>-0.93</ele>
   </trkpt>
   <trkpt lat="52.141090000000005" lon="4.641170000000001">
    <ele>-0.99</ele>
   </trkpt>
   <trkpt lat="52.14081" lon="4.6397900000000005">
    <ele>-0.92</ele>
   </trkpt>
   <trkpt lat="52.14068" lon="4.63905">
    <ele>-0.9700000000000001</ele>
   </trkpt>
   <trkpt lat="52.14054000369257" lon="4.638114997033771">
    <ele>-0.84</ele>
   </trkpt>
   <trkpt lat="52.14040000000001" lon="4.637180000000001">
    <ele>-0.75</ele>
   </trkpt>
   <trkpt lat="52.14026751612379" lon="4.6360524899139195">
    <ele>-0.67</ele>
   </trkpt>
   <trkpt lat="52.14013502149647" lon="4.634924986535795">
    <ele>-0.54</ele>
   </trkpt>
   <trkpt lat="52.14000251611812" lon="4.633797489866097">
    <ele>-0.42</ele>
   </trkpt>
   <trkpt lat="52.13987" lon="4.63267">
    <ele>-0.44</ele>
   </trkpt>
   <trkpt lat="52.13975000000001" lon="4.63192">
    <ele>-0.42</ele>
   </trkpt>
   <trkpt lat="52.139540000000004" lon="4.63074">
    <ele>-0.16</ele>
   </trkpt>
   <trkpt lat="52.139390000000006" lon="4.63008">
    <ele>-0.27</ele>
   </trkpt>
   <trkpt lat="52.1392" lon="4.6294">
    <ele>-0.17</ele>
   </trkpt>
   <trkpt lat="52.13931" lon="4.6292100000000005">
    <ele>-0.25</ele>
   </trkpt>
   <trkpt lat="52.139390000000006" lon="4.62913">
    <ele>-0.25</ele>
   </trkpt>
   <trkpt lat="52.13947" lon="4.62913">
    <ele>-0.25</ele>
   </trkpt>
   <trkpt lat="52.13942" lon="4.62873">
    <ele>-0.38</ele>
   </trkpt>
   <trkpt lat="52.139430000000004" lon="4.6283900000000004">
    <ele>-0.5</ele>
   </trkpt>
   <trkpt lat="52.1392" lon="4.627540000000001">
    <ele>-0.34</ele>
   </trkpt>
   <trkpt lat="52.13933" lon="4.62723">
    <ele>-0.38</ele>
   </trkpt>
   <trkpt lat="52.13975000518907" lon="4.626450014629069">
    <ele>-0.54</ele>
   </trkpt>
   <trkpt lat="52.14017000523298" lon="4.625670014547726">
    <ele>-0.46</ele>
   </trkpt>
   <trkpt lat="52.14059" lon="4.624890000000001">
    <ele>-0.44</ele>
   </trkpt>
   <trkpt lat="52.14112" lon="4.62382">
    <ele>-0.4</ele>
   </trkpt>
   <trkpt lat="52.141510000000004" lon="4.62314">
    <ele>-0.34</ele>
   </trkpt>
   <trkpt lat="52.14175" lon="4.62258">
    <ele>-0.44</ele>
   </trkpt>
   <trkpt lat="52.141870000000004" lon="4.622240000000001">
    <ele>-0.5</ele>
   </trkpt>
   <trkpt lat="52.142030000000005" lon="4.62162">
    <ele>-0.59</ele>
   </trkpt>
   <trkpt lat="52.142175005052266" lon="4.620525003698959">
    <ele>-0.54</ele>
   </trkpt>
   <trkpt lat="52.142320000000005" lon="4.61943">
    <ele>-0.62</ele>
   </trkpt>
   <trkpt lat="52.14233" lon="4.619000000000001">
    <ele>-0.81</ele>
   </trkpt>
   <trkpt lat="52.142300000000006" lon="4.61869">
    <ele>-0.81</ele>
   </trkpt>
   <trkpt lat="52.14216500294223" lon="4.617849997196443">
    <ele>-0.81</ele>
   </trkpt>
   <trkpt lat="52.142030000000005" lon="4.6170100000000005">
    <ele>-0.71</ele>
   </trkpt>
   <trkpt lat="52.1418600036398" lon="4.616079996355041">
    <ele>-0.68</ele>
   </trkpt>
   <trkpt lat="52.141690000000004" lon="4.615150000000001">
    <ele>-0.64</ele>
   </trkpt>
   <trkpt lat="52.1413950071022" lon="4.613854991470502">
    <ele>-0.58</ele>
   </trkpt>
   <trkpt lat="52.1411" lon="4.61256">
    <ele>-0.59</ele>
   </trkpt>
   <trkpt lat="52.140840000000004" lon="4.6116">
    <ele>-0.67</ele>
   </trkpt>
   <trkpt lat="52.14057500351743" lon="4.610684994477241">
    <ele>-0.62</ele>
   </trkpt>
   <trkpt lat="52.14031000000001" lon="4.60977">
    <ele>-0.71</ele>
   </trkpt>
   <trkpt lat="52.139880000000005" lon="4.60853">
    <ele>-0.67</ele>
   </trkpt>
   <trkpt lat="52.139410000000005" lon="4.607340000000001">
    <ele>-0.54</ele>
   </trkpt>
   <trkpt lat="52.13900000399614" lon="4.6063699911125">
    <ele>-0.54</ele>
   </trkpt>
   <trkpt lat="52.13859000000001" lon="4.6054">
    <ele>-0.58</ele>
   </trkpt>
   <trkpt lat="52.138270000000006" lon="4.604760000000001">
    <ele>-0.42</ele>
   </trkpt>
   <trkpt lat="52.13781500414801" lon="4.603774990036485">
    <ele>-0.54</ele>
   </trkpt>
   <trkpt lat="52.13736" lon="4.602790000000001">
    <ele>-0.46</ele>
   </trkpt>
   <trkpt lat="52.136900000000004" lon="4.601640000000001">
    <ele>-0.46</ele>
   </trkpt>
   <trkpt lat="52.13662000000001" lon="4.6010800000000005">
    <ele>-0.53</ele>
   </trkpt>
   <trkpt lat="52.13629" lon="4.600300000000001">
    <ele>-0.42</ele>
   </trkpt>
   <trkpt lat="52.13602000226219" lon="4.599579995822757">
    <ele>-0.5</ele>
   </trkpt>
   <trkpt lat="52.13575" lon="4.59886">
    <ele>-0.55</ele>
   </trkpt>
   <trkpt lat="52.13548" lon="4.59802">
    <ele>-0.58</ele>
   </trkpt>
   <trkpt lat="52.135130000000004" lon="4.59722">
    <ele>-0.58</ele>
   </trkpt>
   <trkpt lat="52.13494000000001" lon="4.596710000000001">
    <ele>-0.58</ele>
   </trkpt>
   <trkpt lat="52.13483" lon="4.59635">
    <ele>-0.58</ele>
   </trkpt>
   <trkpt lat="52.1347" lon="4.595470000000001">
    <ele>-0.58</ele>
   </trkpt>
   <trkpt lat="52.13459" lon="4.5951200000000005">
    <ele>-0.59</ele>
   </trkpt>
   <trkpt lat="52.13449000000001" lon="4.59494">
    <ele>-0.54</ele>
   </trkpt>
   <trkpt lat="52.13429000000001" lon="4.59471">
    <ele>-0.54</ele>
   </trkpt>
   <trkpt lat="52.134150000000005" lon="4.59468">
    <ele>-0.54</ele>
   </trkpt>
   <trkpt lat="52.134080000000004" lon="4.59471">
    <ele>-0.62</ele>
   </trkpt>
   <trkpt lat="52.13400000000001" lon="4.5947700000000005">
    <ele>-0.62</ele>
   </trkpt>
   <trkpt lat="52.13327" lon="4.59558">
    <ele>-0.38</ele>
   </trkpt>
   <trkpt lat="52.13315000000001" lon="4.59564">
    <ele>-0.58</ele>
   </trkpt>
   <trkpt lat="52.133050000000004" lon="4.59565">
    <ele>-0.71</ele>
   </trkpt>
   <trkpt lat="52.132540000000006" lon="4.5955900000000005">
    <ele>-0.58</ele>
   </trkpt>
   <trkpt lat="52.132250000000006" lon="4.59558">
    <ele>-0.25</ele>
   </trkpt>
   <trkpt lat="52.132220000000004" lon="4.595230000000001">
    <ele>-0.5</ele>
   </trkpt>
   <trkpt lat="52.132290000000005" lon="4.59417">
    <ele>-0.08</ele>
   </trkpt>
   <trkpt lat="52.132450000000006" lon="4.5932200000000005">
    <ele>-0.4</ele>
   </trkpt>
   <trkpt lat="52.132470000000005" lon="4.5929">
    <ele>-0.4</ele>
   </trkpt>
   <trkpt lat="52.13246" lon="4.5925400000000005">
    <ele>-0.34</ele>
   </trkpt>
   <trkpt lat="52.13241000000001" lon="4.59225">
    <ele>-0.34</ele>
   </trkpt>
   <trkpt lat="52.13233" lon="4.591950000000001">
    <ele>-0.34</ele>
   </trkpt>
   <trkpt lat="52.13215" lon="4.59147">
    <ele>-0.05</ele>
   </trkpt>
   <trkpt lat="52.13169667753105" lon="4.5903366436053155">
    <ele>-0.29</ele>
   </trkpt>
   <trkpt lat="52.13124334419853" lon="4.589203310274429">
    <ele>-0.22</ele>
   </trkpt>
   <trkpt lat="52.130790000000005" lon="4.58807">
    <ele>-0.29</ele>
   </trkpt>
   <trkpt lat="52.1304600018957" lon="4.587409995218821">
    <ele>-0.36000000000000004</ele>
   </trkpt>
   <trkpt lat="52.13013" lon="4.58675">
    <ele>-0.34</ele>
   </trkpt>
   <trkpt lat="52.12970000000001" lon="4.585730000000001">
    <ele>-0.34</ele>
   </trkpt>
   <trkpt lat="52.12964" lon="4.58556">
    <ele>-0.67</ele>
   </trkpt>
   <trkpt lat="52.12968000000001" lon="4.58547">
    <ele>-0.67</ele>
   </trkpt>
   <trkpt lat="52.12941000000001" lon="4.58457">
    <ele>-0.67</ele>
   </trkpt>
   <trkpt lat="52.12917" lon="4.5837">
    <ele>-0.36000000000000004</ele>
   </trkpt>
   <trkpt lat="52.12903000000001" lon="4.58309">
    <ele>-0.34</ele>
   </trkpt>
   <trkpt lat="52.128890002445736" lon="4.582329997628897">
    <ele>-0.44</ele>
   </trkpt>
   <trkpt lat="52.128750000000004" lon="4.58157">
    <ele>-0.42</ele>
   </trkpt>
   <trkpt lat="52.128730000000004" lon="4.5812800000000005">
    <ele>-0.29</ele>
   </trkpt>
   <trkpt lat="52.128600000000006" lon="4.581300000000001">
    <ele>-0.29</ele>
   </trkpt>
   <trkpt lat="52.1285" lon="4.580150000000001">
    <ele>-0.4900000000000001</ele>
   </trkpt>
   <trkpt lat="52.12845" lon="4.578950000000001">
    <ele>-0.5</ele>
   </trkpt>
   <trkpt lat="52.12845500461793" lon="4.57790500015343">
    <ele>-0.42</ele>
   </trkpt>
   <trkpt lat="52.128460000000004" lon="4.576860000000001">
    <ele>-0.5</ele>
   </trkpt>
   <trkpt lat="52.128525004539775" lon="4.575825001356467">
    <ele>-0.5</ele>
   </trkpt>
   <trkpt lat="52.12859" lon="4.57479">
    <ele>-0.5</ele>
   </trkpt>
   <trkpt lat="52.12866" lon="4.57406">
    <ele>-0.4</ele>
   </trkpt>
   <trkpt lat="52.128800003273255" lon="4.573180002775243">
    <ele>-0.44</ele>
   </trkpt>
   <trkpt lat="52.12894000000001" lon="4.5723">
    <ele>-0.34</ele>
   </trkpt>
   <trkpt lat="52.12915" lon="4.57115">
    <ele>-0.23</ele>
   </trkpt>
   <trkpt lat="52.12926000253945" lon="4.570375001916968">
    <ele>-0.1</ele>
   </trkpt>
   <trkpt lat="52.12937" lon="4.5696">
    <ele>-0.05</ele>
   </trkpt>
   <trkpt lat="52.12947000310828" lon="4.568745001774821">
    <ele>-0.04</ele>
   </trkpt>
   <trkpt lat="52.12957" lon="4.56789">
    <ele>-0.04</ele>
   </trkpt>
   <trkpt lat="52.129765003966725" lon="4.566920004306126">
    <ele>-0.23</ele>
   </trkpt>
   <trkpt lat="52.129960000000004" lon="4.56595">
    <ele>-0.38</ele>
   </trkpt>
   <trkpt lat="52.13013500244327" lon="4.5651900029821695">
    <ele>-0.27</ele>
   </trkpt>
   <trkpt lat="52.13031" lon="4.564430000000001">
    <ele>-0.2</ele>
   </trkpt>
   <trkpt lat="52.13067" lon="4.5634500000000005">
    <ele>0.04</ele>
   </trkpt>
   <trkpt lat="52.130955001974826" lon="4.562760004507031">
    <ele>0.16</ele>
   </trkpt>
   <trkpt lat="52.131240000000005" lon="4.56207">
    <ele>0.030000000000000002</ele>
   </trkpt>
   <trkpt lat="52.13148" lon="4.561450000000001">
    <ele>0.11</ele>
   </trkpt>
   <trkpt lat="52.13194000000001" lon="4.56045">
    <ele>-0.27</ele>
   </trkpt>
   <trkpt lat="52.13215" lon="4.56005">
    <ele>-0.29</ele>
   </trkpt>
   <trkpt lat="52.13259500229981" lon="4.559340006823646">
    <ele>-0.34</ele>
   </trkpt>
   <trkpt lat="52.13304" lon="4.55863">
    <ele>0.060000000000000005</ele>
   </trkpt>
   <trkpt lat="52.133430000000004" lon="4.55809">
    <ele>-0.25</ele>
   </trkpt>
   <trkpt lat="52.13402500222886" lon="4.5573600097801785">
    <ele>-0.16</ele>
   </trkpt>
   <trkpt lat="52.134620000000005" lon="4.55663">
    <ele>-0.04</ele>
   </trkpt>
   <trkpt lat="52.135040000000004" lon="4.55614">
    <ele>0.04</ele>
   </trkpt>
   <trkpt lat="52.1353" lon="4.55586">
    <ele>0.15000000000000002</ele>
   </trkpt>
   <trkpt lat="52.135850001985645" lon="4.555180008358337">
    <ele>-0.34</ele>
   </trkpt>
   <trkpt lat="52.1364" lon="4.5545">
    <ele>-0.16</ele>
   </trkpt>
   <trkpt lat="52.13677500149976" lon="4.553900005087199">
    <ele>-0.25</ele>
   </trkpt>
   <trkpt lat="52.137150000000005" lon="4.5533">
    <ele>-0.05</ele>
   </trkpt>
   <trkpt lat="52.13748500114179" lon="4.552750004361951">
    <ele>-0.21</ele>
   </trkpt>
   <trkpt lat="52.137820000000005" lon="4.5522">
    <ele>-0.38</ele>
   </trkpt>
   <trkpt lat="52.138380000000005" lon="4.55114">
    <ele>0.17</ele>
   </trkpt>
   <trkpt lat="52.138745002446086" lon="4.550385006113084">
    <ele>-0.04</ele>
   </trkpt>
   <trkpt lat="52.13911" lon="4.5496300000000005">
    <ele>0.0</ele>
   </trkpt>
   <trkpt lat="52.139340000000004" lon="4.549110000000001">
    <ele>-0.09000000000000001</ele>
   </trkpt>
   <trkpt lat="52.13977000483298" lon="4.548040010350625">
    <ele>-0.04</ele>
   </trkpt>
   <trkpt lat="52.14020000000001" lon="4.54697">
    <ele>-0.11</ele>
   </trkpt>
   <trkpt lat="52.140425001854666" lon="4.54633500278557">
    <ele>-0.08</ele>
   </trkpt>
   <trkpt lat="52.14065" lon="4.5457">
    <ele>-0.15000000000000002</ele>
   </trkpt>
   <trkpt lat="52.14076000000001" lon="4.5453">
    <ele>-0.16</ele>
   </trkpt>
   <trkpt lat="52.14092500343703" lon="4.544395003496397">
    <ele>0.01</ele>
   </trkpt>
   <trkpt lat="52.141090000000005" lon="4.54349">
    <ele>-0.1</ele>
   </trkpt>
   <trkpt lat="52.14117" lon="4.5429">
    <ele>-0.11</ele>
   </trkpt>
   <trkpt lat="52.141220000000004" lon="4.54239">
    <ele>-0.08</ele>
   </trkpt>
   <trkpt lat="52.14125000000001" lon="4.54159">
    <ele>-0.02</ele>
   </trkpt>
   <trkpt lat="52.14122000330355" lon="4.540704999159245">
    <ele>-0.08</ele>
   </trkpt>
   <trkpt lat="52.14119" lon="4.539820000000001">
    <ele>0.22</ele>
   </trkpt>
   <trkpt lat="52.14112" lon="4.53857">
    <ele>0.27</ele>
   </trkpt>
   <trkpt lat="52.1411" lon="4.53739">
    <ele>-0.31</ele>
   </trkpt>
   <trkpt lat="52.14114000000001" lon="4.5361400000000005">
    <ele>-0.25</ele>
   </trkpt>
   <trkpt lat="52.14122500287025" lon="4.535315001649721">
    <ele>-0.25</ele>
   </trkpt>
   <trkpt lat="52.141310000000004" lon="4.534490000000001">
    <ele>0.21</ele>
   </trkpt>
   <trkpt lat="52.14148" lon="4.53324">
    <ele>0.1</ele>
   </trkpt>
   <trkpt lat="52.14159" lon="4.53258">
    <ele>-0.16</ele>
   </trkpt>
   <trkpt lat="52.14175" lon="4.53181">
    <ele>0.17</ele>
   </trkpt>
   <trkpt lat="52.142050000000005" lon="4.53207">
    <ele>0.38</ele>
   </trkpt>
   <trkpt lat="52.142210000000006" lon="4.53138">
    <ele>0.68</ele>
   </trkpt>
   <trkpt lat="52.14247" lon="4.530600000000001">
    <ele>0.36000000000000004</ele>
   </trkpt>
   <trkpt lat="52.14269" lon="4.53002">
    <ele>0.25</ele>
   </trkpt>
   <trkpt lat="52.14282000000001" lon="4.52974">
    <ele>0.25</ele>
   </trkpt>
   <trkpt lat="52.14300000000001" lon="4.529330000000001">
    <ele>0.27</ele>
   </trkpt>
   <trkpt lat="52.14352" lon="4.528390000000001">
    <ele>0.29</ele>
   </trkpt>
   <trkpt lat="52.143840000000004" lon="4.52791">
    <ele>0.39</ele>
   </trkpt>
   <trkpt lat="52.14420000091195" lon="4.527415004172198">
    <ele>0.37000000000000005</ele>
   </trkpt>
   <trkpt lat="52.144560000000006" lon="4.5269200000000005">
    <ele>0.29</ele>
   </trkpt>
   <trkpt lat="52.14481000000001" lon="4.52663">
    <ele>0.12000000000000001</ele>
   </trkpt>
   <trkpt lat="52.14530500059816" lon="4.5261850051615795">
    <ele>0.1</ele>
   </trkpt>
   <trkpt lat="52.1458" lon="4.525740000000001">
    <ele>0.13</ele>
   </trkpt>
   <trkpt lat="52.14656" lon="4.5251600000000005">
    <ele>0.12000000000000001</ele>
   </trkpt>
   <trkpt lat="52.14702000033339" lon="4.5249300023211685">
    <ele>0.23</ele>
   </trkpt>
   <trkpt lat="52.14748" lon="4.5247">
    <ele>0.52</ele>
   </trkpt>
   <trkpt lat="52.14744" lon="4.524520000000001">
    <ele>0.59</ele>
   </trkpt>
   <trkpt lat="52.147400000000005" lon="4.52447">
    <ele>0.68</ele>
   </trkpt>
   <trkpt lat="52.14735" lon="4.52447">
    <ele>0.8300000000000001</ele>
   </trkpt>
   <trkpt lat="52.14719" lon="4.5246200000000005">
    <ele>1.06</ele>
   </trkpt>
   <trkpt lat="52.14715" lon="4.5246200000000005">
    <ele>1.4900000000000002</ele>
   </trkpt>
   <trkpt lat="52.147110000000005" lon="4.524590000000001">
    <ele>1.4900000000000002</ele>
   </trkpt>
   <trkpt lat="52.147090000000006" lon="4.52454">
    <ele>1.54</ele>
   </trkpt>
   <trkpt lat="52.146820000000005" lon="4.52336">
    <ele>0.68</ele>
   </trkpt>
   <trkpt lat="52.14683" lon="4.523210000000001">
    <ele>0.68</ele>
   </trkpt>
   <trkpt lat="52.14687000000001" lon="4.5231200000000005">
    <ele>0.68</ele>
   </trkpt>
   <trkpt lat="52.14685000000001" lon="4.52299">
    <ele>0.67</ele>
   </trkpt>
   <trkpt lat="52.146800000000006" lon="4.522760000000001">
    <ele>0.67</ele>
   </trkpt>
   <trkpt lat="52.147020000000005" lon="4.52273">
    <ele>0.8</ele>
   </trkpt>
   <trkpt lat="52.14735" lon="4.52256">
    <ele>0.81</ele>
   </trkpt>
   <trkpt lat="52.14753" lon="4.522410000000001">
    <ele>0.8300000000000001</ele>
   </trkpt>
   <trkpt lat="52.14773" lon="4.52216">
    <ele>0.76</ele>
   </trkpt>
   <trkpt lat="52.14786" lon="4.52196">
    <ele>0.63</ele>
   </trkpt>
   <trkpt lat="52.147780000000004" lon="4.5218300000000005">
    <ele>0.48000000000000004</ele>
   </trkpt>
   <trkpt lat="52.14757" lon="4.52128">
    <ele>0.35000000000000003</ele>
   </trkpt>
   <trkpt lat="52.148030000000006" lon="4.5208">
    <ele>0.46</ele>
   </trkpt>
   <trkpt lat="52.148210000000006" lon="4.5202">
    <ele>0.62</ele>
   </trkpt>
   <trkpt lat="52.148250000000004" lon="4.5200000000000005">
    <ele>0.77</ele>
   </trkpt>
   <trkpt lat="52.148250000000004" lon="4.519640000000001">
    <ele>1.05</ele>
   </trkpt>
   <trkpt lat="52.14829" lon="4.519480000000001">
    <ele>1.12</ele>
   </trkpt>
   <trkpt lat="52.14887" lon="4.51893">
    <ele>0.64</ele>
   </trkpt>
   <trkpt lat="52.14918" lon="4.51977">
    <ele>0.8</ele>
   </trkpt>
   <trkpt lat="52.149390000000004" lon="4.5193">
    <ele>0.9600000000000001</ele>
   </trkpt>
   <trkpt lat="52.149733338907424" lon="4.5184866792572365">
    <ele>0.77</ele>
   </trkpt>
   <trkpt lat="52.150076672221026" lon="4.517673345970844">
    <ele>0.6600000000000001</ele>
   </trkpt>
   <trkpt lat="52.150420000000004" lon="4.51686">
    <ele>0.9700000000000001</ele>
   </trkpt>
   <trkpt lat="52.15053" lon="4.51649">
    <ele>1.01</ele>
   </trkpt>
   <trkpt lat="52.150450000000006" lon="4.516100000000001">
    <ele>1.01</ele>
   </trkpt>
   <trkpt lat="52.15032000000001" lon="4.51572">
    <ele>1.03</ele>
   </trkpt>
   <trkpt lat="52.15028" lon="4.515560000000001">
    <ele>1.02</ele>
   </trkpt>
   <trkpt lat="52.150180000000006" lon="4.51499">
    <ele>0.92</ele>
   </trkpt>
   <trkpt lat="52.150420000000004" lon="4.5148600000000005">
    <ele>0.8600000000000001</ele>
   </trkpt>
   <trkpt lat="52.150420000000004" lon="4.51485">
    <ele>0.8500000000000001</ele>
   </trkpt>
   <trkpt lat="52.150240002722356" lon="4.514054997007081">
    <ele>0.6900000000000001</ele>
   </trkpt>
   <trkpt lat="52.15006" lon="4.513260000000001">
    <ele>0.65</ele>
   </trkpt>
   <trkpt lat="52.149770000000004" lon="4.5131000000000006">
    <ele>0.6000000000000001</ele>
   </trkpt>
   <trkpt lat="52.14972" lon="4.51304">
    <ele>0.6000000000000001</ele>
   </trkpt>
   <trkpt lat="52.149480000000004" lon="4.51193">
    <ele>0.76</ele>
   </trkpt>
   <trkpt lat="52.14936" lon="4.51173">
    <ele>0.9</ele>
   </trkpt>
   <trkpt lat="52.14945" lon="4.511340000000001">
    <ele>0.89</ele>
   </trkpt>
   <trkpt lat="52.14958000000001" lon="4.51105">
    <ele>1.4600000000000002</ele>
   </trkpt>
   <trkpt lat="52.149330000000006" lon="4.51074">
    <ele>1.29</ele>
   </trkpt>
   <trkpt lat="52.14878" lon="4.50999">
    <ele>0.52</ele>
   </trkpt>
   <trkpt lat="52.14838500149841" lon="4.509369994300642">
    <ele>0.55</ele>
   </trkpt>
   <trkpt lat="52.14799000000001" lon="4.50875">
    <ele>0.8700000000000001</ele>
   </trkpt>
   <trkpt lat="52.14791" lon="4.508660000000001">
    <ele>0.88</ele>
   </trkpt>
   <trkpt lat="52.147580000000005" lon="4.50832">
    <ele>0.78</ele>
   </trkpt>
   <trkpt lat="52.14699" lon="4.507560000000001">
    <ele>0.6900000000000001</ele>
   </trkpt>
   <trkpt lat="52.14692" lon="4.50745">
    <ele>0.6900000000000001</ele>
   </trkpt>
   <trkpt lat="52.146800000000006" lon="4.50715">
    <ele>0.63</ele>
   </trkpt>
   <trkpt lat="52.1467" lon="4.50654">
    <ele>0.63</ele>
   </trkpt>
   <trkpt lat="52.14668" lon="4.50589">
    <ele>0.63</ele>
   </trkpt>
   <trkpt lat="52.14627" lon="4.5047500000000005">
    <ele>0.6600000000000001</ele>
   </trkpt>
   <trkpt lat="52.14585334705666" lon="4.503476642874172">
    <ele>0.77</ele>
   </trkpt>
   <trkpt lat="52.14543668040179" lon="4.502203309577327">
    <ele>0.56</ele>
   </trkpt>
   <trkpt lat="52.14502" lon="4.50093">
    <ele>0.14</ele>
   </trkpt>
   <trkpt lat="52.14472000000001" lon="4.500100000000001">
    <ele>0.84</ele>
   </trkpt>
   <trkpt lat="52.14464" lon="4.49999">
    <ele>1.6400000000000001</ele>
   </trkpt>
   <trkpt lat="52.14455" lon="4.4999400000000005">
    <ele>1.6400000000000001</ele>
   </trkpt>
   <trkpt lat="52.14455" lon="4.49978">
    <ele>1.9000000000000001</ele>
   </trkpt>
   <trkpt lat="52.14446" lon="4.4996100000000006">
    <ele>1.76</ele>
   </trkpt>
   <trkpt lat="52.14426" lon="4.4994000000000005">
    <ele>1.27</ele>
   </trkpt>
   <trkpt lat="52.14423000000001" lon="4.499230000000001">
    <ele>1.1</ele>
   </trkpt>
   <trkpt lat="52.14426" lon="4.4988">
    <ele>0.36000000000000004</ele>
   </trkpt>
   <trkpt lat="52.14423000000001" lon="4.49861">
    <ele>0.27</ele>
   </trkpt>
   <trkpt lat="52.144110000000005" lon="4.49817">
    <ele>0.060000000000000005</ele>
   </trkpt>
   <trkpt lat="52.14386500239192" lon="4.497414995789827">
    <ele>0.09000000000000001</ele>
   </trkpt>
   <trkpt lat="52.143620000000006" lon="4.49666">
    <ele>0.11</ele>
   </trkpt>
   <trkpt lat="52.143310002575916" lon="4.495879994578886">
    <ele>0.28</ele>
   </trkpt>
   <trkpt lat="52.14300000000001" lon="4.495100000000001">
    <ele>0.39</ele>
   </trkpt>
   <trkpt lat="52.142720000000004" lon="4.49429">
    <ele>0.4</ele>
   </trkpt>
   <trkpt lat="52.14267" lon="4.494070000000001">
    <ele>0.54</ele>
   </trkpt>
   <trkpt lat="52.142630000000004" lon="4.493530000000001">
    <ele>0.54</ele>
   </trkpt>
   <trkpt lat="52.14229001118192" lon="4.492379982433323">
    <ele>0.44</ele>
   </trkpt>
   <trkpt lat="52.14195001117952" lon="4.491229982425449">
    <ele>0.52</ele>
   </trkpt>
   <trkpt lat="52.14161000000001" lon="4.490080000000001">
    <ele>0.5700000000000001</ele>
   </trkpt>
   <trkpt lat="52.14153" lon="4.48989">
    <ele>0.5700000000000001</ele>
   </trkpt>
   <trkpt lat="52.14144" lon="4.48976">
    <ele>0.5700000000000001</ele>
   </trkpt>
   <trkpt lat="52.14125000000001" lon="4.48958">
    <ele>0.44</ele>
   </trkpt>
   <trkpt lat="52.14099500207752" lon="4.488884996116372">
    <ele>0.56</ele>
   </trkpt>
   <trkpt lat="52.14074" lon="4.48819">
    <ele>0.67</ele>
   </trkpt>
   <trkpt lat="52.140620000000006" lon="4.487780000000001">
    <ele>0.45</ele>
   </trkpt>
   <trkpt lat="52.14058000000001" lon="4.487550000000001">
    <ele>0.39</ele>
   </trkpt>
   <trkpt lat="52.140440000000005" lon="4.487240000000001">
    <ele>0.38</ele>
   </trkpt>
   <trkpt lat="52.14031000000001" lon="4.4870600000000005">
    <ele>0.38</ele>
   </trkpt>
   <trkpt lat="52.13991000000001" lon="4.48616">
    <ele>0.23</ele>
   </trkpt>
   <trkpt lat="52.139570000000006" lon="4.485580000000001">
    <ele>0.030000000000000002</ele>
   </trkpt>
   <trkpt lat="52.13922" lon="4.48486">
    <ele>0.16</ele>
   </trkpt>
   <trkpt lat="52.13870000000001" lon="4.48369">
    <ele>0.07</ele>
   </trkpt>
   <trkpt lat="52.13847000190429" lon="4.483029996770805">
    <ele>0.09000000000000001</ele>
   </trkpt>
   <trkpt lat="52.13824" lon="4.48237">
    <ele>0.05</ele>
   </trkpt>
   <trkpt lat="52.138000000000005" lon="4.48186">
    <ele>-0.22</ele>
   </trkpt>
   <trkpt lat="52.13759" lon="4.48066">
    <ele>0.0</ele>
   </trkpt>
   <trkpt lat="52.137550000000005" lon="4.480600000000001">
    <ele>0.01</ele>
   </trkpt>
   <trkpt lat="52.13743" lon="4.48052">
    <ele>0.01</ele>
   </trkpt>
   <trkpt lat="52.136990000000004" lon="4.48038">
    <ele>-0.58</ele>
   </trkpt>
   <trkpt lat="52.13693000000001" lon="4.48031">
    <ele>-0.63</ele>
   </trkpt>
   <trkpt lat="52.13687" lon="4.48019">
    <ele>-0.63</ele>
   </trkpt>
   <trkpt lat="52.13655000309296" lon="4.479334993862475">
    <ele>-0.44</ele>
   </trkpt>
   <trkpt lat="52.136230000000005" lon="4.47848">
    <ele>-0.34</ele>
   </trkpt>
   <trkpt lat="52.13611" lon="4.47797">
    <ele>-0.25</ele>
   </trkpt>
   <trkpt lat="52.135960000000004" lon="4.476780000000001">
    <ele>-0.32</ele>
   </trkpt>
   <trkpt lat="52.135920000000006" lon="4.4766">
    <ele>-0.32</ele>
   </trkpt>
   <trkpt lat="52.13565000217373" lon="4.475884995697899">
    <ele>-0.25</ele>
   </trkpt>
   <trkpt lat="52.135380000000005" lon="4.47517">
    <ele>-0.34</ele>
   </trkpt>
   <trkpt lat="52.135090000000005" lon="4.474480000000001">
    <ele>-0.34</ele>
   </trkpt>
   <trkpt lat="52.1347" lon="4.47409">
    <ele>-0.54</ele>
   </trkpt>
   <trkpt lat="52.134600000000006" lon="4.474010000000001">
    <ele>-0.89</ele>
   </trkpt>
   <trkpt lat="52.134190000000004" lon="4.473750000000001">
    <ele>-1.04</ele>
   </trkpt>
   <trkpt lat="52.13411000000001" lon="4.473680000000001">
    <ele>-1.04</ele>
   </trkpt>
   <trkpt lat="52.133970000000005" lon="4.47351">
    <ele>-1.0</ele>
   </trkpt>
   <trkpt lat="52.13376" lon="4.47297">
    <ele>-0.89</ele>
   </trkpt>
   <trkpt lat="52.133750000000006" lon="4.472860000000001">
    <ele>-0.84</ele>
   </trkpt>
   <trkpt lat="52.133770000000005" lon="4.472790000000001">
    <ele>-0.84</ele>
   </trkpt>
   <trkpt lat="52.13416" lon="4.472440000000001">
    <ele>-0.5</ele>
   </trkpt>
   <trkpt lat="52.13423" lon="4.47234">
    <ele>-0.5</ele>
   </trkpt>
   <trkpt lat="52.13423" lon="4.47229">
    <ele>-0.5</ele>
   </trkpt>
   <trkpt lat="52.13421" lon="4.4721400000000004">
    <ele>-0.5</ele>
   </trkpt>
   <trkpt lat="52.13391000000001" lon="4.47146">
    <ele>-0.23</ele>
   </trkpt>
   <trkpt lat="52.13374" lon="4.47105">
    <ele>-0.15000000000000002</ele>
   </trkpt>
   <trkpt lat="52.13351000168108" lon="4.4703999963458285">
    <ele>-0.16</ele>
   </trkpt>
   <trkpt lat="52.133280000000006" lon="4.46975">
    <ele>-0.16</ele>
   </trkpt>
   <trkpt lat="52.1332" lon="4.46957">
    <ele>-0.17</ele>
   </trkpt>
   <trkpt lat="52.13309" lon="4.46942">
    <ele>-0.17</ele>
   </trkpt>
   <trkpt lat="52.13289" lon="4.46926">
    <ele>-0.22</ele>
   </trkpt>
   <trkpt lat="52.13233" lon="4.46898">
    <ele>-0.15000000000000002</ele>
   </trkpt>
   <trkpt lat="52.13167000000001" lon="4.46858">
    <ele>-0.17</ele>
   </trkpt>
   <trkpt lat="52.13116" lon="4.46823">
    <ele>-0.16</ele>
   </trkpt>
   <trkpt lat="52.130880000000005" lon="4.4679400000000005">
    <ele>-0.16</ele>
   </trkpt>
   <trkpt lat="52.13033" lon="4.46727">
    <ele>0.02</ele>
   </trkpt>
   <trkpt lat="52.1298" lon="4.466900000000001">
    <ele>0.02</ele>
   </trkpt>
   <trkpt lat="52.12935" lon="4.4665300000000006">
    <ele>-0.11</ele>
   </trkpt>
   <trkpt lat="52.12874000000001" lon="4.465920000000001">
    <ele>-0.2</ele>
   </trkpt>
   <trkpt lat="52.12852" lon="4.465730000000001">
    <ele>-0.2</ele>
   </trkpt>
   <trkpt lat="52.12798" lon="4.46536">
    <ele>-0.22</ele>
   </trkpt>
   <trkpt lat="52.127520000000004" lon="4.46502">
    <ele>-0.25</ele>
   </trkpt>
   <trkpt lat="52.12735000000001" lon="4.46485">
    <ele>-0.25</ele>
   </trkpt>
   <trkpt lat="52.12715000000001" lon="4.46461">
    <ele>-0.19</ele>
   </trkpt>
   <trkpt lat="52.12659000000001" lon="4.46389">
    <ele>0.13</ele>
   </trkpt>
   <trkpt lat="52.12617000233753" lon="4.464635007038925">
    <ele>0.25</ele>
   </trkpt>
   <trkpt lat="52.125750000000004" lon="4.465380000000001">
    <ele>0.6100000000000001</ele>
   </trkpt>
   <trkpt lat="52.125600000000006" lon="4.465520000000001">
    <ele>0.41000000000000003</ele>
   </trkpt>
   <trkpt lat="52.125240000000005" lon="4.46619">
    <ele>0.58</ele>
   </trkpt>
   <trkpt lat="52.125310000000006" lon="4.466290000000001">
    <ele>0.58</ele>
   </trkpt>
   <trkpt lat="52.12511000000001" lon="4.4666500000000005">
    <ele>0.28</ele>
   </trkpt>
   <trkpt lat="52.12518000000001" lon="4.466760000000001">
    <ele>0.28</ele>
   </trkpt>
   <trkpt lat="52.12523" lon="4.46689">
    <ele>0.28</ele>
   </trkpt>
   <trkpt lat="52.125170000000004" lon="4.46732">
    <ele>0.22</ele>
   </trkpt>
   <trkpt lat="52.124990000000004" lon="4.4684">
    <ele>-0.34</ele>
   </trkpt>
   <trkpt lat="52.12496" lon="4.46847">
    <ele>-0.34</ele>
   </trkpt>
   <trkpt lat="52.12480000000001" lon="4.468710000000001">
    <ele>-0.27</ele>
   </trkpt>
   <trkpt lat="52.12474" lon="4.46902">
    <ele>-0.11</ele>
   </trkpt>
   <trkpt lat="52.12469" lon="4.46922">
    <ele>-0.27</ele>
   </trkpt>
   <trkpt lat="52.124570000000006" lon="4.4694">
    <ele>-0.32</ele>
   </trkpt>
   <trkpt lat="52.12454" lon="4.469480000000001">
    <ele>-0.32</ele>
   </trkpt>
   <trkpt lat="52.124520000000004" lon="4.46973">
    <ele>-0.25</ele>
   </trkpt>
   <trkpt lat="52.124500000000005" lon="4.46987">
    <ele>-0.25</ele>
   </trkpt>
   <trkpt lat="52.12447" lon="4.469930000000001">
    <ele>-0.25</ele>
   </trkpt>
   <trkpt lat="52.12442000000001" lon="4.46996">
    <ele>-0.25</ele>
   </trkpt>
   <trkpt lat="52.12422" lon="4.470020000000001">
    <ele>-0.29</ele>
   </trkpt>
   <trkpt lat="52.12413" lon="4.47008">
    <ele>-0.29</ele>
   </trkpt>
   <trkpt lat="52.12350000000001" lon="4.470680000000001">
    <ele>-0.11</ele>
   </trkpt>
   <trkpt lat="52.123450000000005" lon="4.47079">
    <ele>0.01</ele>
   </trkpt>
   <trkpt lat="52.12341000000001" lon="4.47118">
    <ele>0.01</ele>
   </trkpt>
   <trkpt lat="52.12339000000001" lon="4.47123">
    <ele>-0.04</ele>
   </trkpt>
   <trkpt lat="52.12335" lon="4.471290000000001">
    <ele>-0.04</ele>
   </trkpt>
   <trkpt lat="52.123180000000005" lon="4.47137">
    <ele>-0.31</ele>
   </trkpt>
   <trkpt lat="52.12299" lon="4.471430000000001">
    <ele>-0.5</ele>
   </trkpt>
   <trkpt lat="52.122240000000005" lon="4.471430000000001">
    <ele>-0.55</ele>
   </trkpt>
   <trkpt lat="52.122150000000005" lon="4.47142">
    <ele>-0.55</ele>
   </trkpt>
   <trkpt lat="52.121610000000004" lon="4.471220000000001">
    <ele>-0.88</ele>
   </trkpt>
   <trkpt lat="52.12153000000001" lon="4.47121">
    <ele>-0.88</ele>
   </trkpt>
   <trkpt lat="52.12145" lon="4.471220000000001">
    <ele>-1.1400000000000001</ele>
   </trkpt>
   <trkpt lat="52.12104000000001" lon="4.47135">
    <ele>-1.2300000000000002</ele>
   </trkpt>
   <trkpt lat="52.12088000000001" lon="4.47137">
    <ele>-1.07</ele>
   </trkpt>
   <trkpt lat="52.120760000000004" lon="4.471360000000001">
    <ele>-1.07</ele>
   </trkpt>
   <trkpt lat="52.12066" lon="4.471310000000001">
    <ele>-1.01</ele>
   </trkpt>
   <trkpt lat="52.11992500219376" lon="4.4705899881282445">
    <ele>-0.62</ele>
   </trkpt>
   <trkpt lat="52.11919" lon="4.46987">
    <ele>-0.46</ele>
   </trkpt>
   <trkpt lat="52.119040000000005" lon="4.46969">
    <ele>-0.46</ele>
   </trkpt>
   <trkpt lat="52.118745003067" lon="4.4688399944070865">
    <ele>-0.11</ele>
   </trkpt>
   <trkpt lat="52.11845" lon="4.46799">
    <ele>-0.5</ele>
   </trkpt>
   <trkpt lat="52.118210000000005" lon="4.46736">
    <ele>-0.62</ele>
   </trkpt>
   <trkpt lat="52.11809" lon="4.46718">
    <ele>-0.62</ele>
   </trkpt>
   <trkpt lat="52.118" lon="4.467110000000001">
    <ele>-0.62</ele>
   </trkpt>
   <trkpt lat="52.11787" lon="4.46706">
    <ele>-0.84</ele>
   </trkpt>
   <trkpt lat="52.11768000000001" lon="4.46703">
    <ele>-0.88</ele>
   </trkpt>
   <trkpt lat="52.11750000000001" lon="4.467040000000001">
    <ele>-0.92</ele>
   </trkpt>
   <trkpt lat="52.11721000000001" lon="4.467160000000001">
    <ele>-0.84</ele>
   </trkpt>
   <trkpt lat="52.11713" lon="4.467160000000001">
    <ele>-0.75</ele>
   </trkpt>
   <trkpt lat="52.11706" lon="4.46712">
    <ele>-0.75</ele>
   </trkpt>
   <trkpt lat="52.11697" lon="4.467020000000001">
    <ele>-0.54</ele>
   </trkpt>
   <trkpt lat="52.116820000000004" lon="4.4667900000000005">
    <ele>-0.42</ele>
   </trkpt>
   <trkpt lat="52.116800000000005" lon="4.46673">
    <ele>-0.42</ele>
   </trkpt>
   <trkpt lat="52.11679" lon="4.46664">
    <ele>-0.44</ele>
   </trkpt>
   <trkpt lat="52.11686" lon="4.46628">
    <ele>-0.62</ele>
   </trkpt>
   <trkpt lat="52.11685000000001" lon="4.46623">
    <ele>-0.62</ele>
   </trkpt>
   <trkpt lat="52.116800000000005" lon="4.46612">
    <ele>-0.62</ele>
   </trkpt>
   <trkpt lat="52.116350000000004" lon="4.46572">
    <ele>-0.67</ele>
   </trkpt>
   <trkpt lat="52.11607000000001" lon="4.46539">
    <ele>-0.36000000000000004</ele>
   </trkpt>
   <trkpt lat="52.11596" lon="4.46522">
    <ele>-0.23</ele>
   </trkpt>
   <trkpt lat="52.11574" lon="4.46478">
    <ele>-0.27</ele>
   </trkpt>
   <trkpt lat="52.115680000000005" lon="4.464700000000001">
    <ele>-0.27</ele>
   </trkpt>
   <trkpt lat="52.11529" lon="4.464320000000001">
    <ele>-0.55</ele>
   </trkpt>
   <trkpt lat="52.11489" lon="4.463990000000001">
    <ele>-0.59</ele>
   </trkpt>
   <trkpt lat="52.114375001780815" lon="4.463364992936078">
    <ele>-0.67</ele>
   </trkpt>
   <trkpt lat="52.11386" lon="4.46274">
    <ele>-0.9700000000000001</ele>
   </trkpt>
   <trkpt lat="52.113800000000005" lon="4.46272">
    <ele>-0.92</ele>
   </trkpt>
   <trkpt lat="52.11356000000001" lon="4.4627300000000005">
    <ele>-0.79</ele>
   </trkpt>
   <trkpt lat="52.11345000000001" lon="4.46272">
    <ele>-0.79</ele>
   </trkpt>
   <trkpt lat="52.113260000000004" lon="4.46262">
    <ele>-0.62</ele>
   </trkpt>
   <trkpt lat="52.11318000000001" lon="4.46253">
    <ele>-0.29</ele>
   </trkpt>
   <trkpt lat="52.11291000000001" lon="4.46194">
    <ele>-0.04</ele>
   </trkpt>
   <trkpt lat="52.11281" lon="4.4618">
    <ele>0.16</ele>
   </trkpt>
   <trkpt lat="52.11280000000001" lon="4.46166">
    <ele>0.19</ele>
   </trkpt>
   <trkpt lat="52.11301" lon="4.461270000000001">
    <ele>0.030000000000000002</ele>
   </trkpt>
   <trkpt lat="52.113020000000006" lon="4.46114">
    <ele>-0.21</ele>
   </trkpt>
   <trkpt lat="52.11294" lon="4.4609000000000005">
    <ele>-0.31</ele>
   </trkpt>
   <trkpt lat="52.112680000000005" lon="4.46041">
    <ele>-2.5500000000000003</ele>
   </trkpt>
   <trkpt lat="52.112280000000005" lon="4.46103">
    <ele>0.38</ele>
   </trkpt>
   <trkpt lat="52.11190000124706" lon="4.460479995265398">
    <ele>0.34</ele>
   </trkpt>
   <trkpt lat="52.111520000000006" lon="4.45993">
    <ele>0.21</ele>
   </trkpt>
   <trkpt lat="52.11109500584016" lon="4.458759988985706">
    <ele>-0.17</ele>
   </trkpt>
   <trkpt lat="52.110670000000006" lon="4.457590000000001">
    <ele>-0.4</ele>
   </trkpt>
   <trkpt lat="52.11063000000001" lon="4.45753">
    <ele>-0.4</ele>
   </trkpt>
   <trkpt lat="52.110580000000006" lon="4.45749">
    <ele>-0.4</ele>
   </trkpt>
   <trkpt lat="52.10990000021155" lon="4.457244996248288">
    <ele>-0.9700000000000001</ele>
   </trkpt>
   <trkpt lat="52.10922000000001" lon="4.457000000000001">
    <ele>-1.09</ele>
   </trkpt>
   <trkpt lat="52.10906000000001" lon="4.45688">
    <ele>-0.9700000000000001</ele>
   </trkpt>
   <trkpt lat="52.10895000000001" lon="4.456770000000001">
    <ele>-0.9700000000000001</ele>
   </trkpt>
   <trkpt lat="52.108295002975915" lon="4.455939987886511">
    <ele>-1.16</ele>
   </trkpt>
   <trkpt lat="52.10764" lon="4.45511">
    <ele>-0.84</ele>
   </trkpt>
   <trkpt lat="52.107530000000004" lon="4.45488">
    <ele>-0.67</ele>
   </trkpt>
   <trkpt lat="52.107310000000005" lon="4.4542600000000006">
    <ele>-0.42</ele>
   </trkpt>
   <trkpt lat="52.107220000000005" lon="4.454090000000001">
    <ele>-0.58</ele>
   </trkpt>
   <trkpt lat="52.107150000000004" lon="4.45403">
    <ele>-0.58</ele>
   </trkpt>
   <trkpt lat="52.106820000000006" lon="4.45392">
    <ele>-0.7200000000000001</ele>
   </trkpt>
   <trkpt lat="52.106750000000005" lon="4.45385">
    <ele>-0.75</ele>
   </trkpt>
   <trkpt lat="52.10645" lon="4.45331">
    <ele>-0.79</ele>
   </trkpt>
   <trkpt lat="52.106050002884594" lon="4.452469992255458">
    <ele>-0.75</ele>
   </trkpt>
   <trkpt lat="52.105650000000004" lon="4.451630000000001">
    <ele>-0.75</ele>
   </trkpt>
   <trkpt lat="52.105380007302756" lon="4.450699988690487">
    <ele>-0.75</ele>
   </trkpt>
   <trkpt lat="52.105110007288694" lon="4.449769988642266">
    <ele>-0.88</ele>
   </trkpt>
   <trkpt lat="52.10484" lon="4.448840000000001">
    <ele>-0.63</ele>
   </trkpt>
   <trkpt lat="52.104580000000006" lon="4.447850000000001">
    <ele>-0.58</ele>
   </trkpt>
   <trkpt lat="52.10452" lon="4.44775">
    <ele>-0.71</ele>
   </trkpt>
   <trkpt lat="52.10446" lon="4.447710000000001">
    <ele>-0.71</ele>
   </trkpt>
   <trkpt lat="52.10393999995178" lon="4.447494997392336">
    <ele>-0.8500000000000001</ele>
   </trkpt>
   <trkpt lat="52.10342000000001" lon="4.44728">
    <ele>-0.89</ele>
   </trkpt>
   <trkpt lat="52.10329" lon="4.44709">
    <ele>-0.89</ele>
   </trkpt>
   <trkpt lat="52.10305" lon="4.446470000000001">
    <ele>-1.04</ele>
   </trkpt>
   <trkpt lat="52.102850000000004" lon="4.44601">
    <ele>-1.06</ele>
   </trkpt>
   <trkpt lat="52.10244" lon="4.44482">
    <ele>-1.07</ele>
   </trkpt>
   <trkpt lat="52.102070000000005" lon="4.44411">
    <ele>-0.71</ele>
   </trkpt>
   <trkpt lat="52.101676676062866" lon="4.443056648114413">
    <ele>-0.76</ele>
   </trkpt>
   <trkpt lat="52.10128334273925" lon="4.442003314807386">
    <ele>-1.35</ele>
   </trkpt>
   <trkpt lat="52.10089000000001" lon="4.44095">
    <ele>-3.2</ele>
   </trkpt>
   <trkpt lat="52.10078000000001" lon="4.4407000000000005">
    <ele>-3.6500000000000004</ele>
   </trkpt>
   <trkpt lat="52.10063" lon="4.4404900000000005">
    <ele>-3.74</ele>
   </trkpt>
   <trkpt lat="52.100460000000005" lon="4.440320000000001">
    <ele>-4.13</ele>
   </trkpt>
   <trkpt lat="52.10040000000001" lon="4.44029">
    <ele>-4.23</ele>
   </trkpt>
   <trkpt lat="52.099940000000004" lon="4.44026">
    <ele>-4.34</ele>
   </trkpt>
   <trkpt lat="52.099250000000005" lon="4.4402800000000004">
    <ele>-4.109999999999999</ele>
   </trkpt>
   <trkpt lat="52.09919000000001" lon="4.44026">
    <ele>-4.109999999999999</ele>
   </trkpt>
   <trkpt lat="52.09913" lon="4.44021">
    <ele>-4.109999999999999</ele>
   </trkpt>
   <trkpt lat="52.0986400167036" lon="4.4392159562941105">
    <ele>-4.260000000000001</ele>
   </trkpt>
   <trkpt lat="52.09815002504777" lon="4.438221934426831">
    <ele>-4.1000000000000005</ele>
   </trkpt>
   <trkpt lat="52.097660025032816" lon="4.437227934397671">
    <ele>-4.090000000000001</ele>
   </trkpt>
   <trkpt lat="52.0971700166591" lon="4.436233956206138">
    <ele>-4.109999999999999</ele>
   </trkpt>
   <trkpt lat="52.096680000000006" lon="4.43524">
    <ele>-4.04</ele>
   </trkpt>
   <trkpt lat="52.09666000000001" lon="4.4351">
    <ele>-4.04</ele>
   </trkpt>
   <trkpt lat="52.096740000000004" lon="4.43402">
    <ele>-4.0</ele>
   </trkpt>
   <trkpt lat="52.096720000000005" lon="4.433750000000001">
    <ele>-4.1000000000000005</ele>
   </trkpt>
   <trkpt lat="52.09658" lon="4.43334">
    <ele>-4.0600000000000005</ele>
   </trkpt>
   <trkpt lat="52.096165012081556" lon="4.4323649728304515">
    <ele>-4.0600000000000005</ele>
   </trkpt>
   <trkpt lat="52.095750016120256" lon="4.431389963801556">
    <ele>-3.98</ele>
   </trkpt>
   <trkpt lat="52.09533501211636" lon="4.430414972913061">
    <ele>-4.1000000000000005</ele>
   </trkpt>
   <trkpt lat="52.09492" lon="4.4294400000000005">
    <ele>-4.0</ele>
   </trkpt>
   <trkpt lat="52.0949" lon="4.429130000000001">
    <ele>-3.94</ele>
   </trkpt>
   <trkpt lat="52.09499000280113" lon="4.428315001722709">
    <ele>-4.21</ele>
   </trkpt>
   <trkpt lat="52.09508" lon="4.4275">
    <ele>-3.98</ele>
   </trkpt>
   <trkpt lat="52.09508" lon="4.427350000000001">
    <ele>-3.98</ele>
   </trkpt>
   <trkpt lat="52.09503" lon="4.427180000000001">
    <ele>-3.94</ele>
   </trkpt>
   <trkpt lat="52.09471500157606" lon="4.426574995781377">
    <ele>-3.85</ele>
   </trkpt>
   <trkpt lat="52.09440000000001" lon="4.42597">
    <ele>-3.86</ele>
   </trkpt>
   <trkpt lat="52.09414" lon="4.42567">
    <ele>-3.86</ele>
   </trkpt>
   <trkpt lat="52.09371" lon="4.425260000000001">
    <ele>-3.96</ele>
   </trkpt>
   <trkpt lat="52.09346000000001" lon="4.42485">
    <ele>-4.3</ele>
   </trkpt>
   <trkpt lat="52.09294430924569" lon="4.42388707607787">
    <ele>-4.3</ele>
   </trkpt>
   <trkpt lat="52.092428610646785" lon="4.422924174415981">
    <ele>-4.68</ele>
   </trkpt>
   <trkpt lat="52.09191290420357" lon="4.4219612950137455">
    <ele>-4.0200000000000005</ele>
   </trkpt>
   <trkpt lat="52.0913971899164" lon="4.420998437870572">
    <ele>-3.8200000000000003</ele>
   </trkpt>
   <trkpt lat="52.09088146778559" lon="4.420035602985872">
    <ele>-3.7900000000000005</ele>
   </trkpt>
   <trkpt lat="52.09036573781149" lon="4.419072790359055">
    <ele>-4.34</ele>
   </trkpt>
   <trkpt lat="52.089850000000006" lon="4.41811">
    <ele>-3.67</ele>
   </trkpt>
   <trkpt lat="52.08936500418911" lon="4.417104988902794">
    <ele>-4.04</ele>
   </trkpt>
   <trkpt lat="52.08888" lon="4.4161">
    <ele>-3.85</ele>
   </trkpt>
   <trkpt lat="52.088860000000004" lon="4.4160200000000005">
    <ele>-3.85</ele>
   </trkpt>
   <trkpt lat="52.088860000000004" lon="4.41586">
    <ele>-3.85</ele>
   </trkpt>
   <trkpt lat="52.088930000000005" lon="4.41506">
    <ele>-3.58</ele>
   </trkpt>
   <trkpt lat="52.088930000000005" lon="4.414750000000001">
    <ele>-3.52</ele>
   </trkpt>
   <trkpt lat="52.088910000000006" lon="4.41467">
    <ele>-3.5</ele>
   </trkpt>
   <trkpt lat="52.088645001514244" lon="4.4140749965035795">
    <ele>-3.72</ele>
   </trkpt>
   <trkpt lat="52.08838" lon="4.413480000000001">
    <ele>-3.68</ele>
   </trkpt>
   <trkpt lat="52.08782001480761" lon="4.4123999593478125">
    <ele>-3.94</ele>
   </trkpt>
   <trkpt lat="52.087260019745926" lon="4.411319945802855">
    <ele>-4.3</ele>
   </trkpt>
   <trkpt lat="52.08670001481539" lon="4.41023995936438">
    <ele>-4.109999999999999</ele>
   </trkpt>
   <trkpt lat="52.08614000000001" lon="4.40916">
    <ele>-4.45</ele>
   </trkpt>
   <trkpt lat="52.08667000177224" lon="4.408510007738485">
    <ele>-4.51</ele>
   </trkpt>
   <trkpt lat="52.0872" lon="4.40786">
    <ele>-2.69</ele>
   </trkpt>
   <trkpt lat="52.087320000000005" lon="4.40765">
    <ele>-0.71</ele>
   </trkpt>
   <trkpt lat="52.087430000000005" lon="4.407360000000001">
    <ele>-0.71</ele>
   </trkpt>
   <trkpt lat="52.08702" lon="4.40702">
    <ele>-0.58</ele>
   </trkpt>
   <trkpt lat="52.086690000000004" lon="4.406680000000001">
    <ele>-0.53</ele>
   </trkpt>
   <trkpt lat="52.08633000137672" lon="4.4060949951652475">
    <ele>-0.44</ele>
   </trkpt>
   <trkpt lat="52.08597" lon="4.4055100000000005">
    <ele>-0.44</ele>
   </trkpt>
   <trkpt lat="52.08558000000001" lon="4.40491">
    <ele>-0.4900000000000001</ele>
   </trkpt>
   <trkpt lat="52.08534" lon="4.40463">
    <ele>-0.75</ele>
   </trkpt>
   <trkpt lat="52.085240000000006" lon="4.404540000000001">
    <ele>-0.75</ele>
   </trkpt>
   <trkpt lat="52.08484000000001" lon="4.4042900000000005">
    <ele>-0.89</ele>
   </trkpt>
   <trkpt lat="52.084720000000004" lon="4.40428">
    <ele>-0.8</ele>
   </trkpt>
   <trkpt lat="52.08464000000001" lon="4.4041500000000005">
    <ele>-0.71</ele>
   </trkpt>
   <trkpt lat="52.08391000314568" lon="4.403539980042294">
    <ele>-0.62</ele>
   </trkpt>
   <trkpt lat="52.083180003142836" lon="4.402929980040328">
    <ele>-0.38</ele>
   </trkpt>
   <trkpt lat="52.08245" lon="4.4023200000000005">
    <ele>-0.32</ele>
   </trkpt>
   <trkpt lat="52.08202000000001" lon="4.40202">
    <ele>0.26</ele>
   </trkpt>
   <trkpt lat="52.081950000000006" lon="4.4019900000000005">
    <ele>0.26</ele>
   </trkpt>
   <trkpt lat="52.08176" lon="4.401870000000001">
    <ele>0.17</ele>
   </trkpt>
   <trkpt lat="52.08166000000001" lon="4.40177">
    <ele>0.09000000000000001</ele>
   </trkpt>
   <trkpt lat="52.08124000147022" lon="4.40118499452634">
    <ele>-0.21</ele>
   </trkpt>
   <trkpt lat="52.08082" lon="4.400600000000001">
    <ele>-0.16</ele>
   </trkpt>
   <trkpt lat="52.08049000360383" lon="4.399689993548768">
    <ele>-0.1</ele>
   </trkpt>
   <trkpt lat="52.08016000000001" lon="4.39878">
    <ele>0.30000000000000004</ele>
   </trkpt>
   <trkpt lat="52.080110000000005" lon="4.39851">
    <ele>0.16</ele>
   </trkpt>
   <trkpt lat="52.07985000000001" lon="4.39796">
    <ele>0.38</ele>
   </trkpt>
   <trkpt lat="52.079800000000006" lon="4.397810000000001">
    <ele>0.44</ele>
   </trkpt>
   <trkpt lat="52.079640000000005" lon="4.39651">
    <ele>-0.08</ele>
   </trkpt>
   <trkpt lat="52.07947000000001" lon="4.39569">
    <ele>0.26</ele>
   </trkpt>
   <trkpt lat="52.079130000000006" lon="4.39442">
    <ele>0.23</ele>
   </trkpt>
   <trkpt lat="52.07885" lon="4.39363">
    <ele>0.32</ele>
   </trkpt>
   <trkpt lat="52.078550004335334" lon="4.3926249934537775">
    <ele>0.35000000000000003</ele>
   </trkpt>
   <trkpt lat="52.078250000000004" lon="4.3916200000000005">
    <ele>0.65</ele>
   </trkpt>
   <trkpt lat="52.07788000000001" lon="4.3904700000000005">
    <ele>0.64</ele>
   </trkpt>
   <trkpt lat="52.07764" lon="4.38984">
    <ele>0.81</ele>
   </trkpt>
   <trkpt lat="52.077220000000004" lon="4.3885700000000005">
    <ele>1.1900000000000002</ele>
   </trkpt>
   <trkpt lat="52.07715" lon="4.38828">
    <ele>0.8600000000000001</ele>
   </trkpt>
   <trkpt lat="52.076980000000006" lon="4.3883600000000005">
    <ele>0.88</ele>
   </trkpt>
   <trkpt lat="52.077000000000005" lon="4.38816">
    <ele>0.7300000000000001</ele>
   </trkpt>
   <trkpt lat="52.076930000000004" lon="4.3878200000000005">
    <ele>0.7200000000000001</ele>
   </trkpt>
   <trkpt lat="52.076710000000006" lon="4.3871">
    <ele>0.8</ele>
   </trkpt>
   <trkpt lat="52.07637500453232" lon="4.38605999205963">
    <ele>0.79</ele>
   </trkpt>
   <trkpt lat="52.076040000000006" lon="4.38502">
    <ele>0.76</ele>
   </trkpt>
   <trkpt lat="52.07585" lon="4.38455">
    <ele>0.7300000000000001</ele>
   </trkpt>
   <trkpt lat="52.07576" lon="4.38419">
    <ele>0.5700000000000001</ele>
   </trkpt>
   <trkpt lat="52.075480000000006" lon="4.38337">
    <ele>0.59</ele>
   </trkpt>
   <trkpt lat="52.075430000000004" lon="4.38318">
    <ele>0.59</ele>
   </trkpt>
   <trkpt lat="52.07508000000001" lon="4.3821200000000005">
    <ele>0.63</ele>
   </trkpt>
   <trkpt lat="52.07490000000001" lon="4.38161">
    <ele>0.6600000000000001</ele>
   </trkpt>
   <trkpt lat="52.07470000000001" lon="4.3812500000000005">
    <ele>0.63</ele>
   </trkpt>
   <trkpt lat="52.074540000000006" lon="4.380920000000001">
    <ele>0.6900000000000001</ele>
   </trkpt>
   <trkpt lat="52.07412000000001" lon="4.37974">
    <ele>0.4900000000000001</ele>
   </trkpt>
   <trkpt lat="52.07357000391685" lon="4.378789988466759">
    <ele>0.32</ele>
   </trkpt>
   <trkpt lat="52.07302000000001" lon="4.37784">
    <ele>1.3</ele>
   </trkpt>
   <trkpt lat="52.072970000000005" lon="4.377800000000001">
    <ele>1.3</ele>
   </trkpt>
   <trkpt lat="52.07283" lon="4.377730000000001">
    <ele>1.36</ele>
   </trkpt>
   <trkpt lat="52.072750000000006" lon="4.377630000000001">
    <ele>1.34</ele>
   </trkpt>
   <trkpt lat="52.072680000000005" lon="4.37741">
    <ele>1.28</ele>
   </trkpt>
   <trkpt lat="52.07264000000001" lon="4.3771700000000004">
    <ele>1.09</ele>
   </trkpt>
   <trkpt lat="52.072280000000006" lon="4.37654">
    <ele>0.9500000000000001</ele>
   </trkpt>
   <trkpt lat="52.07198" lon="4.37603">
    <ele>0.92</ele>
   </trkpt>
   <trkpt lat="52.07158000147766" lon="4.375409994215005">
    <ele>1.02</ele>
   </trkpt>
   <trkpt lat="52.071180000000005" lon="4.37479">
    <ele>0.9800000000000002</ele>
   </trkpt>
   <trkpt lat="52.07060000419597" lon="4.373799987223943">
    <ele>1.07</ele>
   </trkpt>
   <trkpt lat="52.07002000000001" lon="4.37281">
    <ele>1.07</ele>
   </trkpt>
   <trkpt lat="52.06974" lon="4.37237">
    <ele>1.09</ele>
   </trkpt>
   <trkpt lat="52.069610000000004" lon="4.3722">
    <ele>1.09</ele>
   </trkpt>
   <trkpt lat="52.06920500183651" lon="4.371554994271303">
    <ele>0.9600000000000001</ele>
   </trkpt>
   <trkpt lat="52.0688" lon="4.37091">
    <ele>0.7300000000000001</ele>
   </trkpt>
   <trkpt lat="52.06834500261887" lon="4.370109991691846">
    <ele>0.77</ele>
   </trkpt>
   <trkpt lat="52.067890000000006" lon="4.3693100000000005">
    <ele>0.88</ele>
   </trkpt>
   <trkpt lat="52.06781" lon="4.3692">
    <ele>0.88</ele>
   </trkpt>
   <trkpt lat="52.06772" lon="4.36911">
    <ele>0.9400000000000001</ele>
   </trkpt>
   <trkpt lat="52.06723" lon="4.3687700000000005">
    <ele>0.9800000000000002</ele>
   </trkpt>
   <trkpt lat="52.067170000000004" lon="4.3687000000000005">
    <ele>1.18</ele>
   </trkpt>
   <trkpt lat="52.066700000000004" lon="4.36791">
    <ele>0.93</ele>
   </trkpt>
   <trkpt lat="52.06664000000001" lon="4.36774">
    <ele>0.93</ele>
   </trkpt>
   <trkpt lat="52.06654" lon="4.3672">
    <ele>1.1300000000000001</ele>
   </trkpt>
   <trkpt lat="52.06645" lon="4.36692">
    <ele>1.59</ele>
   </trkpt>
   <trkpt lat="52.066390000000006" lon="4.36679">
    <ele>1.59</ele>
   </trkpt>
   <trkpt lat="52.06631" lon="4.3667300000000004">
    <ele>1.87</ele>
   </trkpt>
   <trkpt lat="52.06629" lon="4.366630000000001">
    <ele>1.87</ele>
   </trkpt>
   <trkpt lat="52.066030000000005" lon="4.36601">
    <ele>1.34</ele>
   </trkpt>
   <trkpt lat="52.06579000000001" lon="4.36549">
    <ele>1.1500000000000001</ele>
   </trkpt>
   <trkpt lat="52.06552000000001" lon="4.36496">
    <ele>1.17</ele>
   </trkpt>
   <trkpt lat="52.065310000000004" lon="4.364610000000001">
    <ele>1.35</ele>
   </trkpt>
   <trkpt lat="52.064890000000005" lon="4.36409">
    <ele>1.34</ele>
   </trkpt>
   <trkpt lat="52.064730000000004" lon="4.36392">
    <ele>1.4400000000000002</ele>
   </trkpt>
   <trkpt lat="52.064710000000005" lon="4.36381">
    <ele>1.4400000000000002</ele>
   </trkpt>
   <trkpt lat="52.064780000000006" lon="4.36364">
    <ele>1.26</ele>
   </trkpt>
   <trkpt lat="52.064530000000005" lon="4.36331">
    <ele>0.9700000000000001</ele>
   </trkpt>
   <trkpt lat="52.064310000000006" lon="4.36299">
    <ele>0.75</ele>
   </trkpt>
   <trkpt lat="52.06407" lon="4.36251">
    <ele>0.64</ele>
   </trkpt>
   <trkpt lat="52.0636280188653" lon="4.361453958175386">
    <ele>0.7200000000000001</ele>
   </trkpt>
   <trkpt lat="52.063186028292954" lon="4.360397937252256">
    <ele>0.76</ele>
   </trkpt>
   <trkpt lat="52.0627440282833" lon="4.359341937230309">
    <ele>0.9500000000000001</ele>
   </trkpt>
   <trkpt lat="52.0623020188367" lon="4.358285958109247">
    <ele>1.1300000000000001</ele>
   </trkpt>
   <trkpt lat="52.06186" lon="4.35723">
    <ele>0.9600000000000001</ele>
   </trkpt>
   <trkpt lat="52.06148" lon="4.35609">
    <ele>0.75</ele>
   </trkpt>
   <trkpt lat="52.061155002612274" lon="4.355299994182311">
    <ele>1.6400000000000001</ele>
   </trkpt>
   <trkpt lat="52.06083" lon="4.35451">
    <ele>2.0700000000000003</ele>
   </trkpt>
   <trkpt lat="52.06067" lon="4.35414">
    <ele>1.26</ele>
   </trkpt>
   <trkpt lat="52.06054" lon="4.35393">
    <ele>0.9100000000000001</ele>
   </trkpt>
   <trkpt lat="52.06008500153292" lon="4.35334999423144">
    <ele>0.27</ele>
   </trkpt>
   <trkpt lat="52.059630000000006" lon="4.3527700000000005">
    <ele>0.42</ele>
   </trkpt>
   <trkpt lat="52.05926500123407" lon="4.352259996019109">
    <ele>0.71</ele>
   </trkpt>
   <trkpt lat="52.0589" lon="4.35175">
    <ele>0.8500000000000001</ele>
   </trkpt>
   <trkpt lat="52.05875" lon="4.351590000000001">
    <ele>0.8500000000000001</ele>
   </trkpt>
   <trkpt lat="52.058440000000004" lon="4.35133">
    <ele>1.08</ele>
   </trkpt>
   <trkpt lat="52.05829000000001" lon="4.35118">
    <ele>1.08</ele>
   </trkpt>
   <trkpt lat="52.05796" lon="4.35072">
    <ele>1.1400000000000001</ele>
   </trkpt>
   <trkpt lat="52.05763" lon="4.350230000000001">
    <ele>1.08</ele>
   </trkpt>
   <trkpt lat="52.05708000395704" lon="4.349269988280485">
    <ele>1.1</ele>
   </trkpt>
   <trkpt lat="52.05653" lon="4.348310000000001">
    <ele>1.4900000000000002</ele>
   </trkpt>
   <trkpt lat="52.056540000000005" lon="4.34832">
    <ele>1.51</ele>
   </trkpt>
   <trkpt lat="52.05673" lon="4.3480300000000005">
    <ele>2.34</ele>
   </trkpt>
   <trkpt lat="52.057030000000005" lon="4.347440000000001">
    <ele>1.54</ele>
   </trkpt>
   <trkpt lat="52.05731" lon="4.34712">
    <ele>1.78</ele>
   </trkpt>
   <trkpt lat="52.0574" lon="4.34708">
    <ele>1.97</ele>
   </trkpt>
   <trkpt lat="52.057460000000006" lon="4.347">
    <ele>1.97</ele>
   </trkpt>
   <trkpt lat="52.05799666973427" lon="4.346396681177973">
    <ele>1.6400000000000001</ele>
   </trkpt>
   <trkpt lat="52.05853333638793" lon="4.345793347859489">
    <ele>1.55</ele>
   </trkpt>
   <trkpt lat="52.059070000000006" lon="4.3451900000000006">
    <ele>1.6400000000000001</ele>
   </trkpt>
   <trkpt lat="52.05955" lon="4.344670000000001">
    <ele>3.4600000000000004</ele>
   </trkpt>
   <trkpt lat="52.05962" lon="4.3445100000000005">
    <ele>3.8000000000000003</ele>
   </trkpt>
   <trkpt lat="52.05928" lon="4.34396">
    <ele>3.45</ele>
   </trkpt>
   <trkpt lat="52.05933" lon="4.3437600000000005">
    <ele>3.4200000000000004</ele>
   </trkpt>
   <trkpt lat="52.05990500249492" lon="4.34299500982299">
    <ele>2.17</ele>
   </trkpt>
   <trkpt lat="52.060480000000005" lon="4.342230000000001">
    <ele>2.19</ele>
   </trkpt>
   <trkpt lat="52.060930000000006" lon="4.34159">
    <ele>2.14</ele>
   </trkpt>
   <trkpt lat="52.06136000000001" lon="4.34091">
    <ele>2.0900000000000003</ele>
   </trkpt>
   <trkpt lat="52.06175" lon="4.34023">
    <ele>2.15</ele>
   </trkpt>
   <trkpt lat="52.06192000000001" lon="4.3399600000000005">
    <ele>2.15</ele>
   </trkpt>
   <trkpt lat="52.06260601176116" lon="4.339126051252657">
    <ele>2.0100000000000002</ele>
   </trkpt>
   <trkpt lat="52.06329201763652" lon="4.338292076886933">
    <ele>2.0500000000000003</ele>
   </trkpt>
   <trkpt lat="52.063978017625736" lon="4.337458076901629">
    <ele>1.97</ele>
   </trkpt>
   <trkpt lat="52.064664011728524" lon="4.336624051295544">
    <ele>1.98</ele>
   </trkpt>
   <trkpt lat="52.06535" lon="4.33579">
    <ele>2.02</ele>
   </trkpt>
   <trkpt lat="52.066025002865985" lon="4.334955012724994">
    <ele>1.99</ele>
   </trkpt>
   <trkpt lat="52.066700000000004" lon="4.33412">
    <ele>2.02</ele>
   </trkpt>
   <trkpt lat="52.06678" lon="4.334020000000001">
    <ele>2.04</ele>
   </trkpt>
   <trkpt lat="52.066900000000004" lon="4.333690000000001">
    <ele>2.04</ele>
   </trkpt>
   <trkpt lat="52.067220000000006" lon="4.33337">
    <ele>2.2600000000000002</ele>
   </trkpt>
   <trkpt lat="52.067460000000004" lon="4.3331100000000005">
    <ele>2.5100000000000002</ele>
   </trkpt>
   <trkpt lat="52.06749000000001" lon="4.33303">
    <ele>2.5100000000000002</ele>
   </trkpt>
   <trkpt lat="52.06761" lon="4.33222">
    <ele>2.5900000000000003</ele>
   </trkpt>
   <trkpt lat="52.06785000000001" lon="4.3319600000000005">
    <ele>2.7</ele>
   </trkpt>
   <trkpt lat="52.06759" lon="4.33143">
    <ele>2.25</ele>
   </trkpt>
   <trkpt lat="52.06719500433102" lon="4.3304199911039305">
    <ele>2.47</ele>
   </trkpt>
   <trkpt lat="52.06680000000001" lon="4.32941">
    <ele>2.45</ele>
   </trkpt>
   <trkpt lat="52.06665" lon="4.329070000000001">
    <ele>2.74</ele>
   </trkpt>
   <trkpt lat="52.066790000000005" lon="4.32897">
    <ele>3.37</ele>
   </trkpt>
   <trkpt lat="52.066790000000005" lon="4.328880000000001">
    <ele>3.37</ele>
   </trkpt>
   <trkpt lat="52.067400000000006" lon="4.32831">
    <ele>4.73</ele>
   </trkpt>
   <trkpt lat="52.0678050007764" lon="4.327890003778047">
    <ele>4.07</ele>
   </trkpt>
   <trkpt lat="52.06821000000001" lon="4.32747">
    <ele>3.25</ele>
   </trkpt>
   <trkpt lat="52.06881500102708" lon="4.326985006545636">
    <ele>3.08</ele>
   </trkpt>
   <trkpt lat="52.06942" lon="4.3265">
    <ele>3.16</ele>
   </trkpt>
   <trkpt lat="52.06967" lon="4.32627">
    <ele>3.17</ele>
   </trkpt>
   <trkpt lat="52.06993000000001" lon="4.325950000000001">
    <ele>3.1300000000000003</ele>
   </trkpt>
   <trkpt lat="52.07007" lon="4.32582">
    <ele>3.08</ele>
   </trkpt>
   <trkpt lat="52.07014" lon="4.3261400000000005">
    <ele>2.5900000000000003</ele>
   </trkpt>
   <trkpt lat="52.07020000000001" lon="4.32608">
    <ele>2.41</ele>
   </trkpt>
   <trkpt lat="52.07023" lon="4.32613">
    <ele>2.45</ele>
   </trkpt>
   <trkpt lat="52.07054" lon="4.32585">
    <ele>2.33</ele>
   </trkpt>
   <trkpt lat="52.070730000000005" lon="4.32565">
    <ele>2.0700000000000003</ele>
   </trkpt>
   <trkpt lat="52.070800000000006" lon="4.325550000000001">
    <ele>2.0100000000000002</ele>
   </trkpt>
   <trkpt lat="52.071250000000006" lon="4.32512">
    <ele>2.06</ele>
   </trkpt>
   <trkpt lat="52.07151" lon="4.32497">
    <ele>2.4000000000000004</ele>
   </trkpt>
   <trkpt lat="52.07202" lon="4.3245000000000005">
    <ele>2.7700000000000005</ele>
   </trkpt>
   <trkpt lat="52.07213" lon="4.324450000000001">
    <ele>2.9400000000000004</ele>
   </trkpt>
   <trkpt lat="52.071830000000006" lon="4.32413">
    <ele>3.4000000000000004</ele>
   </trkpt>
   <trkpt lat="52.07182" lon="4.32383">
    <ele>3.2700000000000005</ele>
   </trkpt>
   <trkpt lat="52.07143000000001" lon="4.32373">
    <ele>3.12</ele>
   </trkpt>
   <trkpt lat="52.0713" lon="4.32366">
    <ele>2.97</ele>
   </trkpt>
   <trkpt lat="52.07115" lon="4.3235">
    <ele>3.0100000000000002</ele>
   </trkpt>
   <trkpt lat="52.071180000000005" lon="4.32343">
    <ele>3.0100000000000002</ele>
   </trkpt>
   <trkpt lat="52.071360000000006" lon="4.323580000000001">
    <ele>3.0500000000000003</ele>
   </trkpt>
   <trkpt lat="52.07144" lon="4.32362">
    <ele>3.0500000000000003</ele>
   </trkpt>
   <trkpt lat="52.07157" lon="4.32366">
    <ele>3.1100000000000003</ele>
   </trkpt>
   <trkpt lat="52.07184" lon="4.323670000000001">
    <ele>3.17</ele>
   </trkpt>
   <trkpt lat="52.07195" lon="4.3236300000000005">
    <ele>2.7900000000000005</ele>
   </trkpt>
   <trkpt lat="52.07211" lon="4.323530000000001">
    <ele>2.71</ele>
   </trkpt>
   <trkpt lat="52.07247" lon="4.3230900000000005">
    <ele>3.1100000000000003</ele>
   </trkpt>
   <trkpt lat="52.07267" lon="4.32366">
    <ele>3.8300000000000005</ele>
   </trkpt>
   <trkpt lat="52.0728" lon="4.32383">
    <ele>4.07</ele>
   </trkpt>
   <trkpt lat="52.073130000000006" lon="4.32416">
    <ele>4.38</ele>
   </trkpt>
   <trkpt lat="52.073190000000004" lon="4.324070000000001">
    <ele>3.94</ele>
   </trkpt>
   <trkpt lat="52.073240000000006" lon="4.32394">
    <ele>3.69</ele>
   </trkpt>
   <trkpt lat="52.0735" lon="4.32348">
    <ele>3.2</ele>
   </trkpt>
   <trkpt lat="52.073820000000005" lon="4.32294">
    <ele>3.22</ele>
   </trkpt>
   <trkpt lat="52.07417000197939" lon="4.322260005286272">
    <ele>3.19</ele>
   </trkpt>
   <trkpt lat="52.07452000000001" lon="4.32158">
    <ele>3.33</ele>
   </trkpt>
   <trkpt lat="52.07475" lon="4.32117">
    <ele>3.9000000000000004</ele>
   </trkpt>
   <trkpt lat="52.07509" lon="4.32071">
    <ele>4.6000000000000005</ele>
   </trkpt>
   <trkpt lat="52.07513" lon="4.32063">
    <ele>4.62</ele>
   </trkpt>
   <trkpt lat="52.075140000000005" lon="4.320530000000001">
    <ele>4.62</ele>
   </trkpt>
   <trkpt lat="52.07504" lon="4.3197">
    <ele>4.410000000000001</ele>
   </trkpt>
   <trkpt lat="52.07509" lon="4.31956">
    <ele>4.3</ele>
   </trkpt>
   <trkpt lat="52.075475002203696" lon="4.3188500059923065">
    <ele>3.73</ele>
   </trkpt>
   <trkpt lat="52.075860000000006" lon="4.3181400000000005">
    <ele>3.89</ele>
   </trkpt>
   <trkpt lat="52.076100000000004" lon="4.31763">
    <ele>3.98</ele>
   </trkpt>
   <trkpt lat="52.07639500139588" lon="4.317065003646925">
    <ele>4.16</ele>
   </trkpt>
   <trkpt lat="52.076690000000006" lon="4.3165000000000004">
    <ele>4.410000000000001</ele>
   </trkpt>
   <trkpt lat="52.07709000243955" lon="4.315765006303112">
    <ele>4.3100000000000005</ele>
   </trkpt>
   <trkpt lat="52.077490000000004" lon="4.31503">
    <ele>4.73</ele>
   </trkpt>
   <trkpt lat="52.07753" lon="4.3151600000000006">
    <ele>4.73</ele>
   </trkpt>
  </trkseg>
 </trk>
</gpx>
