<?xml version="1.0" encoding="UTF-8"?>
<gpx creator="StravaGPX" version="1.1" xmlns="http://www.topografix.com/GPX/1/1" xmlns:xsi="http://www.w3.org/2001/XMLSchema-instance" xsi:schemaLocation="http://www.topografix.com/GPX/1/1 http://www.topografix.com/GPX/1/1/gpx.xsd">
 <metadata>
  <name>Reverse bodegraven </name>
  <author>
   <name>Andrew Goudie</name>
  </author>
  <copyright author="OpenStreetMap contributors">
   <year>2020</year>
   <license>https://www.openstreetmap.org/copyright</license>
  </copyright>
 </metadata>
 <trk>
  <name>Reverse bodegraven </name>
  <link href=""/>
  <type>cycling</type>
  <trkseg>
   <trkpt lat="52.074850000000005" lon="4.31996">
    <ele>5.0</ele>
   </trkpt>
   <trkpt lat="52.0743450047314" lon="4.321015011887219">
    <ele>3.2900000000000005</ele>
   </trkpt>
   <trkpt lat="52.073840000000004" lon="4.32207">
    <ele>3.24</ele>
   </trkpt>
   <trkpt lat="52.07339" lon="4.3228800000000005">
    <ele>3.2</ele>
   </trkpt>
   <trkpt lat="52.07292" lon="4.32362">
    <ele>3.62</ele>
   </trkpt>
   <trkpt lat="52.072860000000006" lon="4.323650000000001">
    <ele>3.6600000000000006</ele>
   </trkpt>
   <trkpt lat="52.07276" lon="4.3236300000000005">
    <ele>3.56</ele>
   </trkpt>
   <trkpt lat="52.072520000000004" lon="4.32305">
    <ele>3.1100000000000003</ele>
   </trkpt>
   <trkpt lat="52.07211" lon="4.323530000000001">
    <ele>2.75</ele>
   </trkpt>
   <trkpt lat="52.07195" lon="4.3236300000000005">
    <ele>2.9200000000000004</ele>
   </trkpt>
   <trkpt lat="52.07184" lon="4.323670000000001">
    <ele>3.17</ele>
   </trkpt>
   <trkpt lat="52.07186" lon="4.32411">
    <ele>3.4200000000000004</ele>
   </trkpt>
   <trkpt lat="52.071830000000006" lon="4.32413">
    <ele>3.4000000000000004</ele>
   </trkpt>
   <trkpt lat="52.07213" lon="4.324450000000001">
    <ele>2.9400000000000004</ele>
   </trkpt>
   <trkpt lat="52.07236" lon="4.324380000000001">
    <ele>3.3800000000000003</ele>
   </trkpt>
   <trkpt lat="52.07253000000001" lon="4.32437">
    <ele>3.97</ele>
   </trkpt>
   <trkpt lat="52.07262000000001" lon="4.324400000000001">
    <ele>3.97</ele>
   </trkpt>
   <trkpt lat="52.072700000000005" lon="4.32449">
    <ele>4.140000000000001</ele>
   </trkpt>
   <trkpt lat="52.073220000000006" lon="4.32524">
    <ele>2.89</ele>
   </trkpt>
   <trkpt lat="52.07361" lon="4.32615">
    <ele>2.9899999999999998</ele>
   </trkpt>
   <trkpt lat="52.073690000000006" lon="4.32624">
    <ele>2.87</ele>
   </trkpt>
   <trkpt lat="52.074105004041336" lon="4.327209991124548">
    <ele>2.6400000000000006</ele>
   </trkpt>
   <trkpt lat="52.07452000000001" lon="4.328180000000001">
    <ele>2.66</ele>
   </trkpt>
   <trkpt lat="52.074690000000004" lon="4.32852">
    <ele>2.69</ele>
   </trkpt>
   <trkpt lat="52.07497000000001" lon="4.3291900000000005">
    <ele>2.7800000000000002</ele>
   </trkpt>
   <trkpt lat="52.074960000000004" lon="4.32951">
    <ele>2.7600000000000002</ele>
   </trkpt>
   <trkpt lat="52.07470000000001" lon="4.32965">
    <ele>2.7600000000000002</ele>
   </trkpt>
   <trkpt lat="52.07452000000001" lon="4.32971">
    <ele>2.8000000000000003</ele>
   </trkpt>
   <trkpt lat="52.074270000000006" lon="4.32976">
    <ele>2.7600000000000002</ele>
   </trkpt>
   <trkpt lat="52.074220000000004" lon="4.329820000000001">
    <ele>2.7600000000000002</ele>
   </trkpt>
   <trkpt lat="52.07415" lon="4.329940000000001">
    <ele>2.6400000000000006</ele>
   </trkpt>
   <trkpt lat="52.07379" lon="4.331180000000001">
    <ele>2.95</ele>
   </trkpt>
   <trkpt lat="52.073620000000005" lon="4.331670000000001">
    <ele>2.47</ele>
   </trkpt>
   <trkpt lat="52.073420000000006" lon="4.33211">
    <ele>1.9500000000000002</ele>
   </trkpt>
   <trkpt lat="52.073280000000004" lon="4.3323100000000005">
    <ele>1.9200000000000002</ele>
   </trkpt>
   <trkpt lat="52.073170000000005" lon="4.33237">
    <ele>1.76</ele>
   </trkpt>
   <trkpt lat="52.073040000000006" lon="4.3325000000000005">
    <ele>1.7200000000000002</ele>
   </trkpt>
   <trkpt lat="52.072970000000005" lon="4.3327800000000005">
    <ele>1.76</ele>
   </trkpt>
   <trkpt lat="52.072750000000006" lon="4.333080000000001">
    <ele>2.08</ele>
   </trkpt>
   <trkpt lat="52.072010000000006" lon="4.33385">
    <ele>2.7</ele>
   </trkpt>
   <trkpt lat="52.07168000000001" lon="4.33427">
    <ele>2.5700000000000003</ele>
   </trkpt>
   <trkpt lat="52.071095001360334" lon="4.334855007752269">
    <ele>2.6100000000000003</ele>
   </trkpt>
   <trkpt lat="52.070510000000006" lon="4.33544">
    <ele>2.48</ele>
   </trkpt>
   <trkpt lat="52.07009000049485" lon="4.3358200036794035">
    <ele>2.1100000000000003</ele>
   </trkpt>
   <trkpt lat="52.06967" lon="4.336200000000001">
    <ele>2.54</ele>
   </trkpt>
   <trkpt lat="52.06911000158903" lon="4.336810007634151">
    <ele>2.58</ele>
   </trkpt>
   <trkpt lat="52.06855" lon="4.337420000000001">
    <ele>2.62</ele>
   </trkpt>
   <trkpt lat="52.068090000000005" lon="4.33783">
    <ele>2.68</ele>
   </trkpt>
   <trkpt lat="52.067405002326" lon="4.33856501123143">
    <ele>2.7600000000000002</ele>
   </trkpt>
   <trkpt lat="52.066720000000004" lon="4.339300000000001">
    <ele>2.66</ele>
   </trkpt>
   <trkpt lat="52.06662000000001" lon="4.3393500000000005">
    <ele>2.66</ele>
   </trkpt>
   <trkpt lat="52.066140000000004" lon="4.340000000000001">
    <ele>2.52</ele>
   </trkpt>
   <trkpt lat="52.06568500188142" lon="4.340675006946086">
    <ele>2.54</ele>
   </trkpt>
   <trkpt lat="52.06523000000001" lon="4.34135">
    <ele>2.56</ele>
   </trkpt>
   <trkpt lat="52.06472000254656" lon="4.341900012575946">
    <ele>2.5300000000000002</ele>
   </trkpt>
   <trkpt lat="52.064210002533095" lon="4.3424500125902705">
    <ele>2.85</ele>
   </trkpt>
   <trkpt lat="52.063700000000004" lon="4.343">
    <ele>3.87</ele>
   </trkpt>
   <trkpt lat="52.06342000000001" lon="4.34339">
    <ele>4.34</ele>
   </trkpt>
   <trkpt lat="52.062850001488805" lon="4.343975007424079">
    <ele>4.15</ele>
   </trkpt>
   <trkpt lat="52.06228" lon="4.34456">
    <ele>3.5300000000000002</ele>
   </trkpt>
   <trkpt lat="52.06187000115794" lon="4.345080004755879">
    <ele>2.74</ele>
   </trkpt>
   <trkpt lat="52.061460000000004" lon="4.3456">
    <ele>2.6100000000000003</ele>
   </trkpt>
   <trkpt lat="52.06114" lon="4.345940000000001">
    <ele>2.5700000000000003</ele>
   </trkpt>
   <trkpt lat="52.0611" lon="4.3462000000000005">
    <ele>2.3800000000000003</ele>
   </trkpt>
   <trkpt lat="52.06116" lon="4.34633">
    <ele>2.39</ele>
   </trkpt>
   <trkpt lat="52.061220000000006" lon="4.34654">
    <ele>2.37</ele>
   </trkpt>
   <trkpt lat="52.06165000682981" lon="4.347436649455261">
    <ele>2.2</ele>
   </trkpt>
   <trkpt lat="52.06208000685551" lon="4.348333316175251">
    <ele>2.15</ele>
   </trkpt>
   <trkpt lat="52.06251" lon="4.34923">
    <ele>2.23</ele>
   </trkpt>
   <trkpt lat="52.06251" lon="4.3493200000000005">
    <ele>2.21</ele>
   </trkpt>
   <trkpt lat="52.06255" lon="4.34942">
    <ele>2.21</ele>
   </trkpt>
   <trkpt lat="52.06253" lon="4.349430000000001">
    <ele>2.21</ele>
   </trkpt>
   <trkpt lat="52.06185000000001" lon="4.350280000000001">
    <ele>2.2800000000000002</ele>
   </trkpt>
   <trkpt lat="52.061820000000004" lon="4.350350000000001">
    <ele>2.3000000000000003</ele>
   </trkpt>
   <trkpt lat="52.061800000000005" lon="4.3504700000000005">
    <ele>2.3000000000000003</ele>
   </trkpt>
   <trkpt lat="52.061820000000004" lon="4.350580000000001">
    <ele>2.12</ele>
   </trkpt>
   <trkpt lat="52.062200000000004" lon="4.35137">
    <ele>2.0700000000000003</ele>
   </trkpt>
   <trkpt lat="52.06222" lon="4.35146">
    <ele>2.0700000000000003</ele>
   </trkpt>
   <trkpt lat="52.06221000000001" lon="4.35158">
    <ele>1.9200000000000002</ele>
   </trkpt>
   <trkpt lat="52.062090000000005" lon="4.3519000000000005">
    <ele>1.7200000000000002</ele>
   </trkpt>
   <trkpt lat="52.06208" lon="4.351990000000001">
    <ele>1.7300000000000002</ele>
   </trkpt>
   <trkpt lat="52.0617300010233" lon="4.352475003761791">
    <ele>1.6600000000000001</ele>
   </trkpt>
   <trkpt lat="52.06138000000001" lon="4.35296">
    <ele>1.7200000000000002</ele>
   </trkpt>
   <trkpt lat="52.06132" lon="4.353090000000001">
    <ele>1.87</ele>
   </trkpt>
   <trkpt lat="52.061310000000006" lon="4.35317">
    <ele>1.87</ele>
   </trkpt>
   <trkpt lat="52.06147000000001" lon="4.35386">
    <ele>2.32</ele>
   </trkpt>
   <trkpt lat="52.061460000000004" lon="4.35397">
    <ele>2.5</ele>
   </trkpt>
   <trkpt lat="52.061420000000005" lon="4.3540600000000005">
    <ele>2.75</ele>
   </trkpt>
   <trkpt lat="52.06132" lon="4.35419">
    <ele>3.02</ele>
   </trkpt>
   <trkpt lat="52.06089000000001" lon="4.354640000000001">
    <ele>2.7700000000000005</ele>
   </trkpt>
   <trkpt lat="52.06118500227019" lon="4.355364995324807">
    <ele>1.17</ele>
   </trkpt>
   <trkpt lat="52.06148" lon="4.35609">
    <ele>0.71</ele>
   </trkpt>
   <trkpt lat="52.06186" lon="4.35723">
    <ele>1.16</ele>
   </trkpt>
   <trkpt lat="52.06230201888325" lon="4.358285958220482">
    <ele>1.11</ele>
   </trkpt>
   <trkpt lat="52.06274402832985" lon="4.359341937341548">
    <ele>0.9</ele>
   </trkpt>
   <trkpt lat="52.063186028339516" lon="4.360397937363498">
    <ele>0.76</ele>
   </trkpt>
   <trkpt lat="52.06362801891187" lon="4.36145395828663">
    <ele>0.7300000000000001</ele>
   </trkpt>
   <trkpt lat="52.06407" lon="4.36251">
    <ele>0.68</ele>
   </trkpt>
   <trkpt lat="52.064310000000006" lon="4.36299">
    <ele>0.9700000000000001</ele>
   </trkpt>
   <trkpt lat="52.064530000000005" lon="4.36331">
    <ele>1.26</ele>
   </trkpt>
   <trkpt lat="52.064780000000006" lon="4.36364">
    <ele>1.4600000000000002</ele>
   </trkpt>
   <trkpt lat="52.064710000000005" lon="4.36381">
    <ele>1.4600000000000002</ele>
   </trkpt>
   <trkpt lat="52.064730000000004" lon="4.36392">
    <ele>1.34</ele>
   </trkpt>
   <trkpt lat="52.064890000000005" lon="4.36409">
    <ele>1.3900000000000001</ele>
   </trkpt>
   <trkpt lat="52.065310000000004" lon="4.364610000000001">
    <ele>1.16</ele>
   </trkpt>
   <trkpt lat="52.06552000000001" lon="4.36496">
    <ele>1.28</ele>
   </trkpt>
   <trkpt lat="52.06579000000001" lon="4.36549">
    <ele>1.17</ele>
   </trkpt>
   <trkpt lat="52.066030000000005" lon="4.36601">
    <ele>1.6500000000000001</ele>
   </trkpt>
   <trkpt lat="52.06629" lon="4.366630000000001">
    <ele>1.59</ele>
   </trkpt>
   <trkpt lat="52.06631" lon="4.3667300000000004">
    <ele>1.59</ele>
   </trkpt>
   <trkpt lat="52.066390000000006" lon="4.36679">
    <ele>1.26</ele>
   </trkpt>
   <trkpt lat="52.06645" lon="4.36692">
    <ele>1.1300000000000001</ele>
   </trkpt>
   <trkpt lat="52.06654" lon="4.3672">
    <ele>0.9400000000000001</ele>
   </trkpt>
   <trkpt lat="52.06664000000001" lon="4.36774">
    <ele>1.01</ele>
   </trkpt>
   <trkpt lat="52.066700000000004" lon="4.36791">
    <ele>1.01</ele>
   </trkpt>
   <trkpt lat="52.067170000000004" lon="4.3687000000000005">
    <ele>0.9800000000000002</ele>
   </trkpt>
   <trkpt lat="52.06723" lon="4.3687700000000005">
    <ele>0.9800000000000002</ele>
   </trkpt>
   <trkpt lat="52.06772" lon="4.36911">
    <ele>0.88</ele>
   </trkpt>
   <trkpt lat="52.06781" lon="4.3692">
    <ele>0.7200000000000001</ele>
   </trkpt>
   <trkpt lat="52.067890000000006" lon="4.3693100000000005">
    <ele>0.6900000000000001</ele>
   </trkpt>
   <trkpt lat="52.06834500279707" lon="4.3701099920051725">
    <ele>0.76</ele>
   </trkpt>
   <trkpt lat="52.0688" lon="4.37091">
    <ele>0.77</ele>
   </trkpt>
   <trkpt lat="52.06920500168403" lon="4.371554994028482">
    <ele>1.03</ele>
   </trkpt>
   <trkpt lat="52.069610000000004" lon="4.3722">
    <ele>1.09</ele>
   </trkpt>
   <trkpt lat="52.06974" lon="4.37237">
    <ele>1.09</ele>
   </trkpt>
   <trkpt lat="52.07002000000001" lon="4.37281">
    <ele>1.12</ele>
   </trkpt>
   <trkpt lat="52.070600004097855" lon="4.373799987056466">
    <ele>1.07</ele>
   </trkpt>
   <trkpt lat="52.071180000000005" lon="4.37479">
    <ele>1.02</ele>
   </trkpt>
   <trkpt lat="52.071580001775196" lon="4.375409994676176">
    <ele>0.92</ele>
   </trkpt>
   <trkpt lat="52.07198" lon="4.37603">
    <ele>0.9500000000000001</ele>
   </trkpt>
   <trkpt lat="52.072280000000006" lon="4.37654">
    <ele>1.02</ele>
   </trkpt>
   <trkpt lat="52.07264000000001" lon="4.3771700000000004">
    <ele>1.28</ele>
   </trkpt>
   <trkpt lat="52.072680000000005" lon="4.37741">
    <ele>1.36</ele>
   </trkpt>
   <trkpt lat="52.072750000000006" lon="4.377630000000001">
    <ele>1.3</ele>
   </trkpt>
   <trkpt lat="52.07283" lon="4.377730000000001">
    <ele>1.3</ele>
   </trkpt>
   <trkpt lat="52.072970000000005" lon="4.377800000000001">
    <ele>1.3</ele>
   </trkpt>
   <trkpt lat="52.07302000000001" lon="4.37784">
    <ele>0.4900000000000001</ele>
   </trkpt>
   <trkpt lat="52.07357000372008" lon="4.378789988126894">
    <ele>0.32</ele>
   </trkpt>
   <trkpt lat="52.07412000000001" lon="4.37974">
    <ele>0.6900000000000001</ele>
   </trkpt>
   <trkpt lat="52.074540000000006" lon="4.380920000000001">
    <ele>0.63</ele>
   </trkpt>
   <trkpt lat="52.07470000000001" lon="4.3812500000000005">
    <ele>0.6600000000000001</ele>
   </trkpt>
   <trkpt lat="52.07490000000001" lon="4.38161">
    <ele>0.6600000000000001</ele>
   </trkpt>
   <trkpt lat="52.07516500250394" lon="4.382394995034402">
    <ele>0.63</ele>
   </trkpt>
   <trkpt lat="52.075430000000004" lon="4.38318">
    <ele>0.59</ele>
   </trkpt>
   <trkpt lat="52.075480000000006" lon="4.38337">
    <ele>0.55</ele>
   </trkpt>
   <trkpt lat="52.07576" lon="4.38419">
    <ele>0.7300000000000001</ele>
   </trkpt>
   <trkpt lat="52.07585" lon="4.38455">
    <ele>0.7300000000000001</ele>
   </trkpt>
   <trkpt lat="52.076040000000006" lon="4.38502">
    <ele>0.84</ele>
   </trkpt>
   <trkpt lat="52.07626500210804" lon="4.385719996580475">
    <ele>0.79</ele>
   </trkpt>
   <trkpt lat="52.07649000000001" lon="4.38642">
    <ele>0.8</ele>
   </trkpt>
   <trkpt lat="52.07671000210212" lon="4.3871199966424905">
    <ele>0.7300000000000001</ele>
   </trkpt>
   <trkpt lat="52.076930000000004" lon="4.3878200000000005">
    <ele>0.7300000000000001</ele>
   </trkpt>
   <trkpt lat="52.077000000000005" lon="4.38816">
    <ele>0.88</ele>
   </trkpt>
   <trkpt lat="52.076980000000006" lon="4.3883600000000005">
    <ele>0.79</ele>
   </trkpt>
   <trkpt lat="52.07699" lon="4.3885000000000005">
    <ele>0.79</ele>
   </trkpt>
   <trkpt lat="52.0771" lon="4.388940000000001">
    <ele>0.84</ele>
   </trkpt>
   <trkpt lat="52.07739000309326" lon="4.389794994446755">
    <ele>0.84</ele>
   </trkpt>
   <trkpt lat="52.07768" lon="4.39065">
    <ele>0.77</ele>
   </trkpt>
   <trkpt lat="52.07770000000001" lon="4.390630000000001">
    <ele>0.77</ele>
   </trkpt>
   <trkpt lat="52.07777" lon="4.39067">
    <ele>0.77</ele>
   </trkpt>
   <trkpt lat="52.07791" lon="4.391030000000001">
    <ele>0.7400000000000001</ele>
   </trkpt>
   <trkpt lat="52.07819000346415" lon="4.39192999447416">
    <ele>0.7200000000000001</ele>
   </trkpt>
   <trkpt lat="52.07847" lon="4.39283">
    <ele>0.56</ele>
   </trkpt>
   <trkpt lat="52.078570000000006" lon="4.393050000000001">
    <ele>0.5700000000000001</ele>
   </trkpt>
   <trkpt lat="52.07858" lon="4.393330000000001">
    <ele>0.45</ele>
   </trkpt>
   <trkpt lat="52.07851" lon="4.393420000000001">
    <ele>0.45</ele>
   </trkpt>
   <trkpt lat="52.07847" lon="4.393560000000001">
    <ele>0.4</ele>
   </trkpt>
   <trkpt lat="52.078480000000006" lon="4.39372">
    <ele>0.4</ele>
   </trkpt>
   <trkpt lat="52.078540000000004" lon="4.39386">
    <ele>0.29</ele>
   </trkpt>
   <trkpt lat="52.07862" lon="4.39391">
    <ele>0.29</ele>
   </trkpt>
   <trkpt lat="52.078680000000006" lon="4.39425">
    <ele>-0.38</ele>
   </trkpt>
   <trkpt lat="52.078700000000005" lon="4.3943">
    <ele>-0.38</ele>
   </trkpt>
   <trkpt lat="52.07866500366356" lon="4.395230000613769">
    <ele>-0.68</ele>
   </trkpt>
   <trkpt lat="52.078630000000004" lon="4.39616">
    <ele>-0.99</ele>
   </trkpt>
   <trkpt lat="52.078570000000006" lon="4.3974400000000005">
    <ele>-1.26</ele>
   </trkpt>
   <trkpt lat="52.07855000000001" lon="4.397620000000001">
    <ele>-1.26</ele>
   </trkpt>
   <trkpt lat="52.078520000000005" lon="4.39839">
    <ele>-1.24</ele>
   </trkpt>
   <trkpt lat="52.078500000000005" lon="4.39876">
    <ele>-1.25</ele>
   </trkpt>
   <trkpt lat="52.078500000000005" lon="4.3992700000000005">
    <ele>-1.41</ele>
   </trkpt>
   <trkpt lat="52.078460015356235" lon="4.4003700030012505">
    <ele>-1.24</ele>
   </trkpt>
   <trkpt lat="52.078420020473885" lon="4.401470004031594">
    <ele>-1.04</ele>
   </trkpt>
   <trkpt lat="52.078380015352984" lon="4.402570003090532">
    <ele>-0.79</ele>
   </trkpt>
   <trkpt lat="52.078340000000004" lon="4.40367">
    <ele>-1.2200000000000002</ele>
   </trkpt>
   <trkpt lat="52.07838" lon="4.40395">
    <ele>-1.58</ele>
   </trkpt>
   <trkpt lat="52.078430000000004" lon="4.40414">
    <ele>-1.5700000000000003</ele>
   </trkpt>
   <trkpt lat="52.078390000000006" lon="4.404190000000001">
    <ele>-1.5700000000000003</ele>
   </trkpt>
   <trkpt lat="52.07836" lon="4.4043600000000005">
    <ele>-1.62</ele>
   </trkpt>
   <trkpt lat="52.07838" lon="4.404520000000001">
    <ele>-1.78</ele>
   </trkpt>
   <trkpt lat="52.078210000000006" lon="4.40495">
    <ele>-2.16</ele>
   </trkpt>
   <trkpt lat="52.07781000000001" lon="4.4056500000000005">
    <ele>-1.85</ele>
   </trkpt>
   <trkpt lat="52.07772000000001" lon="4.40571">
    <ele>-1.67</ele>
   </trkpt>
   <trkpt lat="52.077670000000005" lon="4.40578">
    <ele>-1.7300000000000002</ele>
   </trkpt>
   <trkpt lat="52.07761000000001" lon="4.4061200000000005">
    <ele>-1.97</ele>
   </trkpt>
   <trkpt lat="52.078120000000006" lon="4.40634">
    <ele>-1.4800000000000002</ele>
   </trkpt>
   <trkpt lat="52.07818" lon="4.40653">
    <ele>-1.4800000000000002</ele>
   </trkpt>
   <trkpt lat="52.07812000776544" lon="4.407885001876603">
    <ele>-0.54</ele>
   </trkpt>
   <trkpt lat="52.07806000000001" lon="4.4092400000000005">
    <ele>-0.59</ele>
   </trkpt>
   <trkpt lat="52.078070000000004" lon="4.4095">
    <ele>-0.59</ele>
   </trkpt>
   <trkpt lat="52.078120000000006" lon="4.40979">
    <ele>-0.58</ele>
   </trkpt>
   <trkpt lat="52.078300000000006" lon="4.410710000000001">
    <ele>-0.64</ele>
   </trkpt>
   <trkpt lat="52.078500000000005" lon="4.41157">
    <ele>-0.71</ele>
   </trkpt>
   <trkpt lat="52.078630000000004" lon="4.41202">
    <ele>-0.71</ele>
   </trkpt>
   <trkpt lat="52.07882000000001" lon="4.41256">
    <ele>-0.67</ele>
   </trkpt>
   <trkpt lat="52.079155003141274" lon="4.413419993576999">
    <ele>-0.64</ele>
   </trkpt>
   <trkpt lat="52.07949000000001" lon="4.414280000000001">
    <ele>-0.67</ele>
   </trkpt>
   <trkpt lat="52.07985000000001" lon="4.41533">
    <ele>-0.67</ele>
   </trkpt>
   <trkpt lat="52.080095003489085" lon="4.416239994951604">
    <ele>-0.71</ele>
   </trkpt>
   <trkpt lat="52.08034000000001" lon="4.41715">
    <ele>-0.7200000000000001</ele>
   </trkpt>
   <trkpt lat="52.080690000000004" lon="4.41824">
    <ele>-0.67</ele>
   </trkpt>
   <trkpt lat="52.08094334008483" lon="4.419133323188821">
    <ele>-0.71</ele>
   </trkpt>
   <trkpt lat="52.081196673417146" lon="4.4200266565184325">
    <ele>-0.76</ele>
   </trkpt>
   <trkpt lat="52.081450000000004" lon="4.420920000000001">
    <ele>-0.84</ele>
   </trkpt>
   <trkpt lat="52.08177000496264" lon="4.421994992539766">
    <ele>-0.81</ele>
   </trkpt>
   <trkpt lat="52.08209" lon="4.42307">
    <ele>-0.76</ele>
   </trkpt>
   <trkpt lat="52.08245" lon="4.4243500000000004">
    <ele>-0.75</ele>
   </trkpt>
   <trkpt lat="52.08280251289436" lon="4.42535747616068">
    <ele>-0.84</ele>
   </trkpt>
   <trkpt lat="52.083155017200305" lon="4.4263649682361">
    <ele>-0.8</ele>
   </trkpt>
   <trkpt lat="52.0835075129176" lon="4.42737247622633">
    <ele>-0.8</ele>
   </trkpt>
   <trkpt lat="52.08386" lon="4.428380000000001">
    <ele>-0.71</ele>
   </trkpt>
   <trkpt lat="52.084215011644616" lon="4.42933747717438">
    <ele>-0.71</ele>
   </trkpt>
   <trkpt lat="52.0845700155322" lon="4.430294969581693">
    <ele>-0.79</ele>
   </trkpt>
   <trkpt lat="52.08492501166254" lon="4.431252477222042">
    <ele>-0.93</ele>
   </trkpt>
   <trkpt lat="52.085280000000004" lon="4.43221">
    <ele>-0.89</ele>
   </trkpt>
   <trkpt lat="52.085280000000004" lon="4.43222">
    <ele>-0.89</ele>
   </trkpt>
   <trkpt lat="52.085370000000005" lon="4.43247">
    <ele>-0.84</ele>
   </trkpt>
   <trkpt lat="52.08545" lon="4.43259">
    <ele>-0.81</ele>
   </trkpt>
   <trkpt lat="52.085510000000006" lon="4.43264">
    <ele>-0.81</ele>
   </trkpt>
   <trkpt lat="52.08581" lon="4.432740000000001">
    <ele>-0.88</ele>
   </trkpt>
   <trkpt lat="52.08601" lon="4.4327700000000005">
    <ele>-0.79</ele>
   </trkpt>
   <trkpt lat="52.08666000002134" lon="4.432836664722883">
    <ele>-0.77</ele>
   </trkpt>
   <trkpt lat="52.08731000000507" lon="4.432903331387847">
    <ele>-0.79</ele>
   </trkpt>
   <trkpt lat="52.08796" lon="4.43297">
    <ele>-0.68</ele>
   </trkpt>
   <trkpt lat="52.088150000000006" lon="4.43302">
    <ele>-0.67</ele>
   </trkpt>
   <trkpt lat="52.08829000000001" lon="4.4331000000000005">
    <ele>-0.77</ele>
   </trkpt>
   <trkpt lat="52.08840000000001" lon="4.4332">
    <ele>-0.77</ele>
   </trkpt>
   <trkpt lat="52.088530000000006" lon="4.43339">
    <ele>-0.79</ele>
   </trkpt>
   <trkpt lat="52.08876000000001" lon="4.4337800000000005">
    <ele>-0.84</ele>
   </trkpt>
   <trkpt lat="52.089130000000004" lon="4.43452">
    <ele>-0.84</ele>
   </trkpt>
   <trkpt lat="52.0895700027501" lon="4.4353249920778195">
    <ele>-0.84</ele>
   </trkpt>
   <trkpt lat="52.09001000000001" lon="4.43613">
    <ele>-0.84</ele>
   </trkpt>
   <trkpt lat="52.090515004614275" lon="4.437174988161453">
    <ele>-0.88</ele>
   </trkpt>
   <trkpt lat="52.09102000000001" lon="4.43822">
    <ele>-0.84</ele>
   </trkpt>
   <trkpt lat="52.09136" lon="4.43883">
    <ele>-0.88</ele>
   </trkpt>
   <trkpt lat="52.091570000000004" lon="4.43926">
    <ele>-0.88</ele>
   </trkpt>
   <trkpt lat="52.09198000000001" lon="4.44012">
    <ele>-0.88</ele>
   </trkpt>
   <trkpt lat="52.092490000000005" lon="4.441280000000001">
    <ele>-0.89</ele>
   </trkpt>
   <trkpt lat="52.092940000000006" lon="4.442270000000001">
    <ele>-0.92</ele>
   </trkpt>
   <trkpt lat="52.093210000000006" lon="4.44287">
    <ele>-0.92</ele>
   </trkpt>
   <trkpt lat="52.09342" lon="4.44346">
    <ele>-0.93</ele>
   </trkpt>
   <trkpt lat="52.09378" lon="4.44435">
    <ele>-0.89</ele>
   </trkpt>
   <trkpt lat="52.09393000000001" lon="4.4446900000000005">
    <ele>-0.89</ele>
   </trkpt>
   <trkpt lat="52.094370000000005" lon="4.44549">
    <ele>-0.84</ele>
   </trkpt>
   <trkpt lat="52.094500000000004" lon="4.445790000000001">
    <ele>-0.8500000000000001</ele>
   </trkpt>
   <trkpt lat="52.094730000000006" lon="4.446470000000001">
    <ele>-0.84</ele>
   </trkpt>
   <trkpt lat="52.095000000000006" lon="4.44716">
    <ele>-0.62</ele>
   </trkpt>
   <trkpt lat="52.09519" lon="4.4477400000000005">
    <ele>-0.67</ele>
   </trkpt>
   <trkpt lat="52.09534000000001" lon="4.44857">
    <ele>-0.75</ele>
   </trkpt>
   <trkpt lat="52.09514000000001" lon="4.448840000000001">
    <ele>-2.2900000000000005</ele>
   </trkpt>
   <trkpt lat="52.09489000000001" lon="4.4493">
    <ele>-4.109999999999999</ele>
   </trkpt>
   <trkpt lat="52.09474" lon="4.449450000000001">
    <ele>-5.3</ele>
   </trkpt>
   <trkpt lat="52.09456" lon="4.449540000000001">
    <ele>-5.66</ele>
   </trkpt>
   <trkpt lat="52.094390000000004" lon="4.449680000000001">
    <ele>-6.0200000000000005</ele>
   </trkpt>
   <trkpt lat="52.09422000000001" lon="4.449870000000001">
    <ele>-6.1000000000000005</ele>
   </trkpt>
   <trkpt lat="52.09363000467335" lon="4.450613352995748">
    <ele>-5.82</ele>
   </trkpt>
   <trkpt lat="52.093040004671764" lon="4.451356686330722">
    <ele>-5.68</ele>
   </trkpt>
   <trkpt lat="52.09245000000001" lon="4.452100000000001">
    <ele>-5.44</ele>
   </trkpt>
   <trkpt lat="52.092030000832374" lon="4.452505003678955">
    <ele>-5.55</ele>
   </trkpt>
   <trkpt lat="52.09161" lon="4.45291">
    <ele>-4.890000000000001</ele>
   </trkpt>
   <trkpt lat="52.091240000000006" lon="4.45397">
    <ele>-4.96</ele>
   </trkpt>
   <trkpt lat="52.091170000000005" lon="4.45408">
    <ele>-4.96</ele>
   </trkpt>
   <trkpt lat="52.09053500169996" lon="4.4547200091413295">
    <ele>-5.0</ele>
   </trkpt>
   <trkpt lat="52.08990000000001" lon="4.455360000000001">
    <ele>-5.0</ele>
   </trkpt>
   <trkpt lat="52.08929500152104" lon="4.455950007952415">
    <ele>-5.19</ele>
   </trkpt>
   <trkpt lat="52.08869000000001" lon="4.45654">
    <ele>-4.890000000000001</ele>
   </trkpt>
   <trkpt lat="52.0885" lon="4.45676">
    <ele>-5.4</ele>
   </trkpt>
   <trkpt lat="52.08797333573032" lon="4.457286679048637">
    <ele>-5.760000000000001</ele>
   </trkpt>
   <trkpt lat="52.0874466691137" lon="4.4578133456650635">
    <ele>-5.59</ele>
   </trkpt>
   <trkpt lat="52.086920000000006" lon="4.458340000000001">
    <ele>-3.2900000000000005</ele>
   </trkpt>
   <trkpt lat="52.086600000000004" lon="4.458760000000001">
    <ele>-2.02</ele>
   </trkpt>
   <trkpt lat="52.086895001379794" lon="4.459339996080593">
    <ele>-2.17</ele>
   </trkpt>
   <trkpt lat="52.08719000000001" lon="4.45992">
    <ele>-2.0700000000000003</ele>
   </trkpt>
   <trkpt lat="52.0875150016114" lon="4.460539995456228">
    <ele>-2.16</ele>
   </trkpt>
   <trkpt lat="52.08784000000001" lon="4.4611600000000005">
    <ele>-2.15</ele>
   </trkpt>
   <trkpt lat="52.08822000000001" lon="4.46199">
    <ele>-2.17</ele>
   </trkpt>
   <trkpt lat="52.08852000256366" lon="4.46275499508096">
    <ele>-2.14</ele>
   </trkpt>
   <trkpt lat="52.088820000000005" lon="4.46352">
    <ele>-2.23</ele>
   </trkpt>
   <trkpt lat="52.08909500151631" lon="4.464114996373344">
    <ele>-2.17</ele>
   </trkpt>
   <trkpt lat="52.08937" lon="4.46471">
    <ele>-2.16</ele>
   </trkpt>
   <trkpt lat="52.08959" lon="4.4652400000000005">
    <ele>-2.2600000000000002</ele>
   </trkpt>
   <trkpt lat="52.08977" lon="4.465870000000001">
    <ele>-2.14</ele>
   </trkpt>
   <trkpt lat="52.08991" lon="4.466430000000001">
    <ele>-2.14</ele>
   </trkpt>
   <trkpt lat="52.090180000000004" lon="4.467630000000001">
    <ele>-2.2800000000000002</ele>
   </trkpt>
   <trkpt lat="52.09024" lon="4.467840000000001">
    <ele>-2.2</ele>
   </trkpt>
   <trkpt lat="52.0904" lon="4.46821">
    <ele>-2.19</ele>
   </trkpt>
   <trkpt lat="52.090900000000005" lon="4.46928">
    <ele>-2.31</ele>
   </trkpt>
   <trkpt lat="52.09098" lon="4.46949">
    <ele>-2.32</ele>
   </trkpt>
   <trkpt lat="52.09120000000001" lon="4.4704500000000005">
    <ele>-2.4200000000000004</ele>
   </trkpt>
   <trkpt lat="52.09131000000001" lon="4.47114">
    <ele>-2.4899999999999998</ele>
   </trkpt>
   <trkpt lat="52.09140000000001" lon="4.47229">
    <ele>-2.24</ele>
   </trkpt>
   <trkpt lat="52.09140000000001" lon="4.472770000000001">
    <ele>-2.08</ele>
   </trkpt>
   <trkpt lat="52.09141" lon="4.47299">
    <ele>-2.08</ele>
   </trkpt>
   <trkpt lat="52.09143" lon="4.47304">
    <ele>-2.08</ele>
   </trkpt>
   <trkpt lat="52.091800000000006" lon="4.473310000000001">
    <ele>-2.15</ele>
   </trkpt>
   <trkpt lat="52.09192" lon="4.47334">
    <ele>-2.48</ele>
   </trkpt>
   <trkpt lat="52.092020000000005" lon="4.473330000000001">
    <ele>-2.48</ele>
   </trkpt>
   <trkpt lat="52.092130000000004" lon="4.47328">
    <ele>-2.48</ele>
   </trkpt>
   <trkpt lat="52.09219" lon="4.47322">
    <ele>-2.4899999999999998</ele>
   </trkpt>
   <trkpt lat="52.092240000000004" lon="4.4732">
    <ele>-2.45</ele>
   </trkpt>
   <trkpt lat="52.09234000000001" lon="4.47323">
    <ele>-2.3000000000000003</ele>
   </trkpt>
   <trkpt lat="52.092510000000004" lon="4.47341">
    <ele>-2.14</ele>
   </trkpt>
   <trkpt lat="52.09268" lon="4.47308">
    <ele>-3.3800000000000003</ele>
   </trkpt>
   <trkpt lat="52.092850000000006" lon="4.473000000000001">
    <ele>-3.8100000000000005</ele>
   </trkpt>
   <trkpt lat="52.09302" lon="4.4729600000000005">
    <ele>-4.17</ele>
   </trkpt>
   <trkpt lat="52.09304" lon="4.473000000000001">
    <ele>-4.28</ele>
   </trkpt>
   <trkpt lat="52.093030000000006" lon="4.4731000000000005">
    <ele>-4.6000000000000005</ele>
   </trkpt>
   <trkpt lat="52.09288" lon="4.47325">
    <ele>-4.85</ele>
   </trkpt>
   <trkpt lat="52.09273" lon="4.47332">
    <ele>-4.930000000000001</ele>
   </trkpt>
   <trkpt lat="52.09268" lon="4.473380000000001">
    <ele>-4.930000000000001</ele>
   </trkpt>
   <trkpt lat="52.092290000000006" lon="4.47444">
    <ele>-4.51</ele>
   </trkpt>
   <trkpt lat="52.0923" lon="4.47456">
    <ele>-4.109999999999999</ele>
   </trkpt>
   <trkpt lat="52.09239" lon="4.47485">
    <ele>-3.75</ele>
   </trkpt>
   <trkpt lat="52.09237" lon="4.4749300000000005">
    <ele>-3.45</ele>
   </trkpt>
   <trkpt lat="52.092330000000004" lon="4.47496">
    <ele>-3.58</ele>
   </trkpt>
   <trkpt lat="52.09234000000001" lon="4.47501">
    <ele>-3.58</ele>
   </trkpt>
   <trkpt lat="52.09252000000001" lon="4.475210000000001">
    <ele>-3.58</ele>
   </trkpt>
   <trkpt lat="52.09282" lon="4.47588">
    <ele>-3.5500000000000003</ele>
   </trkpt>
   <trkpt lat="52.092800000000004" lon="4.4759">
    <ele>-3.5500000000000003</ele>
   </trkpt>
   <trkpt lat="52.09295" lon="4.47625">
    <ele>-2.89</ele>
   </trkpt>
   <trkpt lat="52.092960000000005" lon="4.4764100000000004">
    <ele>-2.89</ele>
   </trkpt>
   <trkpt lat="52.092850000000006" lon="4.47663">
    <ele>-2.75</ele>
   </trkpt>
   <trkpt lat="52.092670000000005" lon="4.47682">
    <ele>-1.8800000000000001</ele>
   </trkpt>
   <trkpt lat="52.092780000000005" lon="4.47708">
    <ele>-2.14</ele>
   </trkpt>
   <trkpt lat="52.09282" lon="4.477250000000001">
    <ele>-2.4400000000000004</ele>
   </trkpt>
   <trkpt lat="52.092780000000005" lon="4.47797">
    <ele>-4.45</ele>
   </trkpt>
   <trkpt lat="52.092690000000005" lon="4.47803">
    <ele>-4.72</ele>
   </trkpt>
   <trkpt lat="52.09203000146027" lon="4.478635009030413">
    <ele>-5.5</ele>
   </trkpt>
   <trkpt lat="52.091370000000005" lon="4.479240000000001">
    <ele>-5.13</ele>
   </trkpt>
   <trkpt lat="52.09131000000001" lon="4.47933">
    <ele>-4.78</ele>
   </trkpt>
   <trkpt lat="52.09125" lon="4.479480000000001">
    <ele>-4.78</ele>
   </trkpt>
   <trkpt lat="52.09107667939355" lon="4.480706676225793">
    <ele>-4.81</ele>
   </trkpt>
   <trkpt lat="52.09090334605616" lon="4.48193334292109">
    <ele>-4.920000000000001</ele>
   </trkpt>
   <trkpt lat="52.09073000000001" lon="4.483160000000001">
    <ele>-4.62</ele>
   </trkpt>
   <trkpt lat="52.09065751789207" lon="4.484347505859688">
    <ele>-4.45</ele>
   </trkpt>
   <trkpt lat="52.09058502385314" lon="4.485535007860897">
    <ele>-4.36</ele>
   </trkpt>
   <trkpt lat="52.09051251788327" lon="4.486722506003014">
    <ele>-4.36</ele>
   </trkpt>
   <trkpt lat="52.09044" lon="4.48791">
    <ele>-4.4</ele>
   </trkpt>
   <trkpt lat="52.090446680170345" lon="4.489173333008508">
    <ele>-4.38</ele>
   </trkpt>
   <trkpt lat="52.09045334683729" lon="4.490436666394915">
    <ele>-4.32</ele>
   </trkpt>
   <trkpt lat="52.09046000000001" lon="4.491700000000001">
    <ele>-4.430000000000001</ele>
   </trkpt>
   <trkpt lat="52.09044500346179" lon="4.492605000482945">
    <ele>-4.45</ele>
   </trkpt>
   <trkpt lat="52.090430000000005" lon="4.493510000000001">
    <ele>-4.6000000000000005</ele>
   </trkpt>
   <trkpt lat="52.09046000000001" lon="4.49373">
    <ele>-4.61</ele>
   </trkpt>
   <trkpt lat="52.09076501927589" lon="4.494962474715065">
    <ele>-4.49</ele>
   </trkpt>
   <trkpt lat="52.09107002569986" lon="4.496194966280728">
    <ele>-4.44</ele>
   </trkpt>
   <trkpt lat="52.091375019271595" lon="4.4974274746966945">
    <ele>-4.57</ele>
   </trkpt>
   <trkpt lat="52.091680000000004" lon="4.49866">
    <ele>-4.34</ele>
   </trkpt>
   <trkpt lat="52.09204751091598" lon="4.4995874770773145">
    <ele>-3.94</ele>
   </trkpt>
   <trkpt lat="52.09241501455391" lon="4.500514969434121">
    <ele>-3.85</ele>
   </trkpt>
   <trkpt lat="52.092782510913594" lon="4.501442477070572">
    <ele>-3.87</ele>
   </trkpt>
   <trkpt lat="52.09315" lon="4.50237">
    <ele>-4.4</ele>
   </trkpt>
   <trkpt lat="52.09352500249089" lon="4.503144993382661">
    <ele>-4.81</ele>
   </trkpt>
   <trkpt lat="52.093900000000005" lon="4.503920000000001">
    <ele>-3.94</ele>
   </trkpt>
   <trkpt lat="52.093920000000004" lon="4.504020000000001">
    <ele>-3.94</ele>
   </trkpt>
   <trkpt lat="52.093300000000006" lon="4.5041400000000005">
    <ele>-2.08</ele>
   </trkpt>
   <trkpt lat="52.093120000000006" lon="4.50429">
    <ele>-1.4400000000000002</ele>
   </trkpt>
   <trkpt lat="52.092980000000004" lon="4.504440000000001">
    <ele>-0.79</ele>
   </trkpt>
   <trkpt lat="52.09292000000001" lon="4.504530000000001">
    <ele>-0.84</ele>
   </trkpt>
   <trkpt lat="52.092890000000004" lon="4.50448">
    <ele>-0.8500000000000001</ele>
   </trkpt>
   <trkpt lat="52.092780000000005" lon="4.50467">
    <ele>-0.99</ele>
   </trkpt>
   <trkpt lat="52.09254000000001" lon="4.50492">
    <ele>-1.26</ele>
   </trkpt>
   <trkpt lat="52.092470000000006" lon="4.50502">
    <ele>-1.4400000000000002</ele>
   </trkpt>
   <trkpt lat="52.092175001776425" lon="4.505640003783533">
    <ele>-1.76</ele>
   </trkpt>
   <trkpt lat="52.09188" lon="4.50626">
    <ele>-1.79</ele>
   </trkpt>
   <trkpt lat="52.09185" lon="4.5063">
    <ele>-1.79</ele>
   </trkpt>
   <trkpt lat="52.09165" lon="4.50637">
    <ele>-1.7300000000000002</ele>
   </trkpt>
   <trkpt lat="52.09161" lon="4.50647">
    <ele>-1.7400000000000002</ele>
   </trkpt>
   <trkpt lat="52.09154" lon="4.506830000000001">
    <ele>-2.08</ele>
   </trkpt>
   <trkpt lat="52.09145" lon="4.50699">
    <ele>-2.2800000000000002</ele>
   </trkpt>
   <trkpt lat="52.091100000000004" lon="4.50741">
    <ele>-2.41</ele>
   </trkpt>
   <trkpt lat="52.091" lon="4.50757">
    <ele>-2.36</ele>
   </trkpt>
   <trkpt lat="52.09072500157282" lon="4.508150003258986">
    <ele>-2.4400000000000004</ele>
   </trkpt>
   <trkpt lat="52.090450000000004" lon="4.508730000000001">
    <ele>-2.48</ele>
   </trkpt>
   <trkpt lat="52.089975003099944" lon="4.5095800089708655">
    <ele>-2.31</ele>
   </trkpt>
   <trkpt lat="52.0895" lon="4.51043">
    <ele>-2.23</ele>
   </trkpt>
   <trkpt lat="52.089215001485236" lon="4.511025003826304">
    <ele>-2.2</ele>
   </trkpt>
   <trkpt lat="52.088930000000005" lon="4.511620000000001">
    <ele>-2.08</ele>
   </trkpt>
   <trkpt lat="52.08836" lon="4.512630000000001">
    <ele>-1.76</ele>
   </trkpt>
   <trkpt lat="52.08829000000001" lon="4.51283">
    <ele>-1.7400000000000002</ele>
   </trkpt>
   <trkpt lat="52.088280000000005" lon="4.51295">
    <ele>-1.59</ele>
   </trkpt>
   <trkpt lat="52.088420000000006" lon="4.51349">
    <ele>-1.54</ele>
   </trkpt>
   <trkpt lat="52.088460000000005" lon="4.51375">
    <ele>-1.86</ele>
   </trkpt>
   <trkpt lat="52.088440000000006" lon="4.514010000000001">
    <ele>-1.93</ele>
   </trkpt>
   <trkpt lat="52.088390000000004" lon="4.514220000000001">
    <ele>-1.97</ele>
   </trkpt>
   <trkpt lat="52.08806500207892" lon="4.51493000528834">
    <ele>-2.12</ele>
   </trkpt>
   <trkpt lat="52.087740000000004" lon="4.51564">
    <ele>-2.2800000000000002</ele>
   </trkpt>
   <trkpt lat="52.08753" lon="4.51625">
    <ele>-2.19</ele>
   </trkpt>
   <trkpt lat="52.0870325125723" lon="4.517245033263866">
    <ele>-2.32</ele>
   </trkpt>
   <trkpt lat="52.086535016767634" lon="4.518240044341868">
    <ele>-2.2800000000000002</ele>
   </trkpt>
   <trkpt lat="52.086037512586365" lon="4.519235033234524">
    <ele>-2.4000000000000004</ele>
   </trkpt>
   <trkpt lat="52.08554" lon="4.520230000000001">
    <ele>-2.5700000000000003</ele>
   </trkpt>
   <trkpt lat="52.08518000237663" lon="4.521000006493039">
    <ele>-2.65</ele>
   </trkpt>
   <trkpt lat="52.08482000000001" lon="4.52177">
    <ele>-2.1100000000000003</ele>
   </trkpt>
   <trkpt lat="52.08478" lon="4.52188">
    <ele>-2.1100000000000003</ele>
   </trkpt>
   <trkpt lat="52.08478" lon="4.522010000000001">
    <ele>-2.31</ele>
   </trkpt>
   <trkpt lat="52.08475000000001" lon="4.52202">
    <ele>-2.31</ele>
   </trkpt>
   <trkpt lat="52.084720000000004" lon="4.522060000000001">
    <ele>-2.31</ele>
   </trkpt>
   <trkpt lat="52.08431" lon="4.52296">
    <ele>-2.41</ele>
   </trkpt>
   <trkpt lat="52.08374574580389" lon="4.524074370245506">
    <ele>-2.17</ele>
   </trkpt>
   <trkpt lat="52.08318148110071" lon="4.525188712313068">
    <ele>-2.19</ele>
   </trkpt>
   <trkpt lat="52.08261720589097" lon="4.526303026203447">
    <ele>-2.1100000000000003</ele>
   </trkpt>
   <trkpt lat="52.08205292017511" lon="4.527417311917403">
    <ele>-2.2600000000000002</ele>
   </trkpt>
   <trkpt lat="52.08148862395365" lon="4.528531569455695">
    <ele>-2.1</ele>
   </trkpt>
   <trkpt lat="52.08092431722706" lon="4.529645798819086">
    <ele>-2.6400000000000006</ele>
   </trkpt>
   <trkpt lat="52.080360000000006" lon="4.530760000000001">
    <ele>-2.31</ele>
   </trkpt>
   <trkpt lat="52.079846017075724" lon="4.53176404621273">
    <ele>-2.48</ele>
   </trkpt>
   <trkpt lat="52.07933202562151" lon="4.532768069302337">
    <ele>-2.2600000000000002</ele>
   </trkpt>
   <trkpt lat="52.07881802563772" lon="4.533772069269401">
    <ele>-2.19</ele>
   </trkpt>
   <trkpt lat="52.07830401712472" lon="4.534776046114496">
    <ele>-2.2700000000000005</ele>
   </trkpt>
   <trkpt lat="52.07779000000001" lon="4.535780000000001">
    <ele>-2.48</ele>
   </trkpt>
   <trkpt lat="52.077445001796804" lon="4.536430005006077">
    <ele>-2.67</ele>
   </trkpt>
   <trkpt lat="52.0771" lon="4.5370800000000004">
    <ele>-2.66</ele>
   </trkpt>
   <trkpt lat="52.077070000000006" lon="4.53714">
    <ele>-2.67</ele>
   </trkpt>
   <trkpt lat="52.07688" lon="4.5372900000000005">
    <ele>-2.5</ele>
   </trkpt>
   <trkpt lat="52.076710000000006" lon="4.53734">
    <ele>-2.5</ele>
   </trkpt>
   <trkpt lat="52.076920012191096" lon="4.538539988745413">
    <ele>-1.9100000000000001</ele>
   </trkpt>
   <trkpt lat="52.0771300121974" lon="4.539739988781263">
    <ele>-1.68</ele>
   </trkpt>
   <trkpt lat="52.07734000000001" lon="4.54094">
    <ele>-1.52</ele>
   </trkpt>
   <trkpt lat="52.077450000000006" lon="4.54126">
    <ele>-1.77</ele>
   </trkpt>
   <trkpt lat="52.07748" lon="4.541510000000001">
    <ele>-1.77</ele>
   </trkpt>
   <trkpt lat="52.07748" lon="4.541600000000001">
    <ele>-1.77</ele>
   </trkpt>
   <trkpt lat="52.07750000000001" lon="4.54173">
    <ele>-1.86</ele>
   </trkpt>
   <trkpt lat="52.07750000000001" lon="4.5418400000000005">
    <ele>-1.86</ele>
   </trkpt>
   <trkpt lat="52.07769001686284" lon="4.542992485308044">
    <ele>-2.23</ele>
   </trkpt>
   <trkpt lat="52.07788002248663" lon="4.544144980427427">
    <ele>-2.16</ele>
   </trkpt>
   <trkpt lat="52.078070016871145" lon="4.545297485357721">
    <ele>-2.06</ele>
   </trkpt>
   <trkpt lat="52.07826000000001" lon="4.54645">
    <ele>-2.0300000000000002</ele>
   </trkpt>
   <trkpt lat="52.078300000000006" lon="4.54675">
    <ele>-1.98</ele>
   </trkpt>
   <trkpt lat="52.07831" lon="4.547000000000001">
    <ele>-1.98</ele>
   </trkpt>
   <trkpt lat="52.07828000000001" lon="4.5473300000000005">
    <ele>-2.1300000000000003</ele>
   </trkpt>
   <trkpt lat="52.078140000000005" lon="4.5483400000000005">
    <ele>-2.0900000000000003</ele>
   </trkpt>
   <trkpt lat="52.07810202316677" lon="4.549510003969427">
    <ele>-2.1300000000000003</ele>
   </trkpt>
   <trkpt lat="52.07806403475037" lon="4.5506800059477674">
    <ele>-2.0900000000000003</ele>
   </trkpt>
   <trkpt lat="52.078026034750785" lon="4.551850005934419">
    <ele>-2.02</ele>
   </trkpt>
   <trkpt lat="52.077988023168075" lon="4.553020003928783">
    <ele>-2.14</ele>
   </trkpt>
   <trkpt lat="52.07795" lon="4.55419">
    <ele>-2.7</ele>
   </trkpt>
   <trkpt lat="52.078" lon="4.55442">
    <ele>-2.9600000000000004</ele>
   </trkpt>
   <trkpt lat="52.078100000000006" lon="4.55471">
    <ele>-3.62</ele>
   </trkpt>
   <trkpt lat="52.078140000000005" lon="4.55499">
    <ele>-4.0</ele>
   </trkpt>
   <trkpt lat="52.078190011063434" lon="4.55613333082437">
    <ele>-4.51</ele>
   </trkpt>
   <trkpt lat="52.07824001106572" lon="4.557276664210332">
    <ele>-4.0200000000000005</ele>
   </trkpt>
   <trkpt lat="52.07829" lon="4.558420000000001">
    <ele>-3.8200000000000003</ele>
   </trkpt>
   <trkpt lat="52.078230000000005" lon="4.55848">
    <ele>-3.8200000000000003</ele>
   </trkpt>
   <trkpt lat="52.078190000000006" lon="4.558660000000001">
    <ele>-3.91</ele>
   </trkpt>
   <trkpt lat="52.07808000000001" lon="4.558890000000001">
    <ele>-3.87</ele>
   </trkpt>
   <trkpt lat="52.078230000000005" lon="4.55912">
    <ele>-4.109999999999999</ele>
   </trkpt>
   <trkpt lat="52.078340000000004" lon="4.559340000000001">
    <ele>-4.17</ele>
   </trkpt>
   <trkpt lat="52.078410000000005" lon="4.55959">
    <ele>-4.3</ele>
   </trkpt>
   <trkpt lat="52.07844000000001" lon="4.559830000000001">
    <ele>-4.3</ele>
   </trkpt>
   <trkpt lat="52.0785050077048" lon="4.561179997912739">
    <ele>-4.260000000000001</ele>
   </trkpt>
   <trkpt lat="52.078570000000006" lon="4.562530000000001">
    <ele>-4.36</ele>
   </trkpt>
   <trkpt lat="52.078545002666736" lon="4.563325000675416">
    <ele>-4.62</ele>
   </trkpt>
   <trkpt lat="52.078520000000005" lon="4.56412">
    <ele>-4.55</ele>
   </trkpt>
   <trkpt lat="52.07855000000001" lon="4.56432">
    <ele>-4.51</ele>
   </trkpt>
   <trkpt lat="52.07853000000001" lon="4.56466">
    <ele>-4.6000000000000005</ele>
   </trkpt>
   <trkpt lat="52.078480000000006" lon="4.56491">
    <ele>-4.61</ele>
   </trkpt>
   <trkpt lat="52.0784334488759" lon="4.566306687089596">
    <ele>-4.4</ele>
   </trkpt>
   <trkpt lat="52.07838688124548" lon="4.567703371265597">
    <ele>-4.62</ele>
   </trkpt>
   <trkpt lat="52.07834029710876" lon="4.569100052526979">
    <ele>-4.64</ele>
   </trkpt>
   <trkpt lat="52.07829369646584" lon="4.570496730872724">
    <ele>-4.64</ele>
   </trkpt>
   <trkpt lat="52.078247079316775" lon="4.571893406301807">
    <ele>-4.44</ele>
   </trkpt>
   <trkpt lat="52.078200445661615" lon="4.573290078813207">
    <ele>-4.4</ele>
   </trkpt>
   <trkpt lat="52.07815379550045" lon="4.5746867484059015">
    <ele>-4.55</ele>
   </trkpt>
   <trkpt lat="52.0781071288333" lon="4.5760834150788705">
    <ele>-4.45</ele>
   </trkpt>
   <trkpt lat="52.07806044566026" lon="4.57748007883109">
    <ele>-4.53</ele>
   </trkpt>
   <trkpt lat="52.078013745981394" lon="4.578876739661539">
    <ele>-4.45</ele>
   </trkpt>
   <trkpt lat="52.07796702979673" lon="4.580273397569197">
    <ele>-4.62</ele>
   </trkpt>
   <trkpt lat="52.077920297106374" lon="4.58167005255304">
    <ele>-4.68</ele>
   </trkpt>
   <trkpt lat="52.077873547910386" lon="4.583066704612047">
    <ele>-4.78</ele>
   </trkpt>
   <trkpt lat="52.07782678220876" lon="4.584463353745197">
    <ele>-4.760000000000001</ele>
   </trkpt>
   <trkpt lat="52.077780000000004" lon="4.58586">
    <ele>-4.94</ele>
   </trkpt>
   <trkpt lat="52.07777" lon="4.58704">
    <ele>-5.13</ele>
   </trkpt>
   <trkpt lat="52.0778" lon="4.587260000000001">
    <ele>-5.1000000000000005</ele>
   </trkpt>
   <trkpt lat="52.07788000000001" lon="4.587630000000001">
    <ele>-4.62</ele>
   </trkpt>
   <trkpt lat="52.077920000000006" lon="4.58771">
    <ele>-4.62</ele>
   </trkpt>
   <trkpt lat="52.07802" lon="4.58778">
    <ele>-4.57</ele>
   </trkpt>
   <trkpt lat="52.078" lon="4.58804">
    <ele>-4.66</ele>
   </trkpt>
   <trkpt lat="52.07797000000001" lon="4.5880600000000005">
    <ele>-4.66</ele>
   </trkpt>
   <trkpt lat="52.07795" lon="4.58828">
    <ele>-4.64</ele>
   </trkpt>
   <trkpt lat="52.077890000000004" lon="4.58839">
    <ele>-4.64</ele>
   </trkpt>
   <trkpt lat="52.0778" lon="4.58877">
    <ele>-4.9799999999999995</ele>
   </trkpt>
   <trkpt lat="52.077690000000004" lon="4.58913">
    <ele>-5.16</ele>
   </trkpt>
   <trkpt lat="52.07766" lon="4.5894200000000005">
    <ele>-5.23</ele>
   </trkpt>
   <trkpt lat="52.07761751685745" lon="4.590572503331734">
    <ele>-5.140000000000001</ele>
   </trkpt>
   <trkpt lat="52.07757502247559" lon="4.591725004469521">
    <ele>-5.11</ele>
   </trkpt>
   <trkpt lat="52.077532516854454" lon="4.592877503412784">
    <ele>-4.96</ele>
   </trkpt>
   <trkpt lat="52.077490000000004" lon="4.59403">
    <ele>-4.930000000000001</ele>
   </trkpt>
   <trkpt lat="52.07744335087905" lon="4.595470003024877">
    <ele>-5.0</ele>
   </trkpt>
   <trkpt lat="52.07739668421189" lon="4.59691000303955">
    <ele>-4.930000000000001</ele>
   </trkpt>
   <trkpt lat="52.07735" lon="4.59835">
    <ele>-4.87</ele>
   </trkpt>
   <trkpt lat="52.077300006157785" lon="4.599555001000861">
    <ele>-4.95</ele>
   </trkpt>
   <trkpt lat="52.07725000000001" lon="4.60076">
    <ele>-5.0200000000000005</ele>
   </trkpt>
   <trkpt lat="52.0772150070924" lon="4.602055001120979">
    <ele>-5.3100000000000005</ele>
   </trkpt>
   <trkpt lat="52.077180000000006" lon="4.603350000000001">
    <ele>-5.29</ele>
   </trkpt>
   <trkpt lat="52.077160000000006" lon="4.6047400000000005">
    <ele>-5.3100000000000005</ele>
   </trkpt>
   <trkpt lat="52.077190003096746" lon="4.605594999536191">
    <ele>-5.0600000000000005</ele>
   </trkpt>
   <trkpt lat="52.077220000000004" lon="4.606450000000001">
    <ele>-5.0</ele>
   </trkpt>
   <trkpt lat="52.077220000000004" lon="4.60681">
    <ele>-4.96</ele>
   </trkpt>
   <trkpt lat="52.07717433536723" lon="4.608208580038608">
    <ele>-5.04</ele>
   </trkpt>
   <trkpt lat="52.077128654183156" lon="4.609607157215348">
    <ele>-5.21</ele>
   </trkpt>
   <trkpt lat="52.07708295644786" lon="4.611005731529199">
    <ele>-5.23</ele>
   </trkpt>
   <trkpt lat="52.07703724216138" lon="4.612404302979129">
    <ele>-5.1000000000000005</ele>
   </trkpt>
   <trkpt lat="52.07699151132382" lon="4.613802871564114">
    <ele>-5.29</ele>
   </trkpt>
   <trkpt lat="52.07694576393518" lon="4.615201437283127">
    <ele>-5.46</ele>
   </trkpt>
   <trkpt lat="52.0769" lon="4.6166">
    <ele>-5.59</ele>
   </trkpt>
   <trkpt lat="52.07685002095691" lon="4.617885004354686">
    <ele>-5.78</ele>
   </trkpt>
   <trkpt lat="52.07680002794155" lon="4.619170005831635">
    <ele>-5.95</ele>
   </trkpt>
   <trkpt lat="52.07675002095396" lon="4.620455004430052">
    <ele>-6.15</ele>
   </trkpt>
   <trkpt lat="52.0767" lon="4.62174">
    <ele>-6.15</ele>
   </trkpt>
   <trkpt lat="52.07666001259844" lon="4.622960002065624">
    <ele>-6.19</ele>
   </trkpt>
   <trkpt lat="52.07662001260236" lon="4.624180001945262">
    <ele>-6.140000000000001</ele>
   </trkpt>
   <trkpt lat="52.07658000000001" lon="4.6254">
    <ele>-6.21</ele>
   </trkpt>
   <trkpt lat="52.0765650027052" lon="4.626200000406377">
    <ele>-6.04</ele>
   </trkpt>
   <trkpt lat="52.076550000000005" lon="4.627000000000001">
    <ele>-5.7</ele>
   </trkpt>
   <trkpt lat="52.07668" lon="4.62732">
    <ele>-5.51</ele>
   </trkpt>
   <trkpt lat="52.076690000000006" lon="4.62758">
    <ele>-5.68</ele>
   </trkpt>
   <trkpt lat="52.07668" lon="4.627680000000001">
    <ele>-5.7</ele>
   </trkpt>
   <trkpt lat="52.07654" lon="4.627870000000001">
    <ele>-5.670000000000001</ele>
   </trkpt>
   <trkpt lat="52.07652" lon="4.628010000000001">
    <ele>-5.670000000000001</ele>
   </trkpt>
   <trkpt lat="52.07647001983063" lon="4.629260004241398">
    <ele>-6.08</ele>
   </trkpt>
   <trkpt lat="52.07642002643969" lon="4.630510005683434">
    <ele>-5.55</ele>
   </trkpt>
   <trkpt lat="52.07637001982722" lon="4.631760004325382">
    <ele>-5.83</ele>
   </trkpt>
   <trkpt lat="52.07632" lon="4.6330100000000005">
    <ele>-5.38</ele>
   </trkpt>
   <trkpt lat="52.07611000000001" lon="4.634320000000001">
    <ele>-2.74</ele>
   </trkpt>
   <trkpt lat="52.07614" lon="4.63433">
    <ele>-2.65</ele>
   </trkpt>
   <trkpt lat="52.07616" lon="4.63442">
    <ele>-2.65</ele>
   </trkpt>
   <trkpt lat="52.076130000000006" lon="4.63464">
    <ele>-2.58</ele>
   </trkpt>
   <trkpt lat="52.07609000000001" lon="4.63478">
    <ele>-2.58</ele>
   </trkpt>
   <trkpt lat="52.075950000000006" lon="4.635090000000001">
    <ele>-2.4600000000000004</ele>
   </trkpt>
   <trkpt lat="52.07591000000001" lon="4.635210000000001">
    <ele>-2.4600000000000004</ele>
   </trkpt>
   <trkpt lat="52.07583" lon="4.63583">
    <ele>-2.24</ele>
   </trkpt>
   <trkpt lat="52.075860000000006" lon="4.63626">
    <ele>-2.34</ele>
   </trkpt>
   <trkpt lat="52.07571" lon="4.63642">
    <ele>-2.36</ele>
   </trkpt>
   <trkpt lat="52.07578" lon="4.636640000000001">
    <ele>-2.36</ele>
   </trkpt>
   <trkpt lat="52.075790000000005" lon="4.63684">
    <ele>-2.4600000000000004</ele>
   </trkpt>
   <trkpt lat="52.0758" lon="4.637510000000001">
    <ele>-2.41</ele>
   </trkpt>
   <trkpt lat="52.075770002717434" lon="4.638310000280226">
    <ele>-2.32</ele>
   </trkpt>
   <trkpt lat="52.07574" lon="4.6391100000000005">
    <ele>-2.33</ele>
   </trkpt>
   <trkpt lat="52.07567500409206" lon="4.640095001629298">
    <ele>-2.39</ele>
   </trkpt>
   <trkpt lat="52.075610000000005" lon="4.6410800000000005">
    <ele>-2.32</ele>
   </trkpt>
   <trkpt lat="52.07551251999319" lon="4.642335008200293">
    <ele>-2.56</ele>
   </trkpt>
   <trkpt lat="52.07541502665866" lon="4.643590010919473">
    <ele>-2.52</ele>
   </trkpt>
   <trkpt lat="52.07531751999651" lon="4.644845008156838">
    <ele>-2.56</ele>
   </trkpt>
   <trkpt lat="52.07522" lon="4.646100000000001">
    <ele>-1.84</ele>
   </trkpt>
   <trkpt lat="52.07513" lon="4.6465700000000005">
    <ele>-1.84</ele>
   </trkpt>
   <trkpt lat="52.07509" lon="4.6470400000000005">
    <ele>-1.84</ele>
   </trkpt>
   <trkpt lat="52.075120000000005" lon="4.64721">
    <ele>-1.79</ele>
   </trkpt>
   <trkpt lat="52.07508000000001" lon="4.6477">
    <ele>-1.93</ele>
   </trkpt>
   <trkpt lat="52.07506000000001" lon="4.6477900000000005">
    <ele>-1.93</ele>
   </trkpt>
   <trkpt lat="52.074940000000005" lon="4.64792">
    <ele>-1.9400000000000002</ele>
   </trkpt>
   <trkpt lat="52.07493" lon="4.64801">
    <ele>-1.9400000000000002</ele>
   </trkpt>
   <trkpt lat="52.07493" lon="4.648090000000001">
    <ele>-1.9100000000000001</ele>
   </trkpt>
   <trkpt lat="52.075030000000005" lon="4.64829">
    <ele>-2.23</ele>
   </trkpt>
   <trkpt lat="52.07508000000001" lon="4.64831">
    <ele>-2.23</ele>
   </trkpt>
   <trkpt lat="52.074972523216275" lon="4.649662509797727">
    <ele>-2.5100000000000002</ele>
   </trkpt>
   <trkpt lat="52.07486503095347" lon="4.651015013082852">
    <ele>-2.1</ele>
   </trkpt>
   <trkpt lat="52.074757523211694" lon="4.652367509854493">
    <ele>-2.31</ele>
   </trkpt>
   <trkpt lat="52.074650000000005" lon="4.653720000000001">
    <ele>-2.14</ele>
   </trkpt>
   <trkpt lat="52.07459000000001" lon="4.6537500000000005">
    <ele>-2.14</ele>
   </trkpt>
   <trkpt lat="52.074560000000005" lon="4.653840000000001">
    <ele>-2.14</ele>
   </trkpt>
   <trkpt lat="52.07457" lon="4.65392">
    <ele>-2.14</ele>
   </trkpt>
   <trkpt lat="52.074600000000004" lon="4.653980000000001">
    <ele>-2.31</ele>
   </trkpt>
   <trkpt lat="52.074600000000004" lon="4.65413">
    <ele>-2.31</ele>
   </trkpt>
   <trkpt lat="52.074510000000004" lon="4.65526">
    <ele>-2.2</ele>
   </trkpt>
   <trkpt lat="52.07443667630048" lon="4.6563266700831845">
    <ele>-2.1</ele>
   </trkpt>
   <trkpt lat="52.074363342973164" lon="4.657393336662377">
    <ele>-1.84</ele>
   </trkpt>
   <trkpt lat="52.074290000000005" lon="4.658460000000001">
    <ele>-0.54</ele>
   </trkpt>
   <trkpt lat="52.07428" lon="4.659070000000001">
    <ele>0.75</ele>
   </trkpt>
   <trkpt lat="52.07424667490695" lon="4.660056668066042">
    <ele>1.6900000000000002</ele>
   </trkpt>
   <trkpt lat="52.07421334157612" lon="4.661043334658909">
    <ele>0.6900000000000001</ele>
   </trkpt>
   <trkpt lat="52.074180000000005" lon="4.662030000000001">
    <ele>-1.16</ele>
   </trkpt>
   <trkpt lat="52.07419" lon="4.662470000000001">
    <ele>-1.4900000000000002</ele>
   </trkpt>
   <trkpt lat="52.07428" lon="4.663600000000001">
    <ele>-1.97</ele>
   </trkpt>
   <trkpt lat="52.0743" lon="4.6642600000000005">
    <ele>-1.99</ele>
   </trkpt>
   <trkpt lat="52.074290000000005" lon="4.66465">
    <ele>-2.0100000000000002</ele>
   </trkpt>
   <trkpt lat="52.07424" lon="4.6653400000000005">
    <ele>-2.0300000000000002</ele>
   </trkpt>
   <trkpt lat="52.07403000000001" lon="4.66628">
    <ele>-1.84</ele>
   </trkpt>
   <trkpt lat="52.074000000000005" lon="4.667540000000001">
    <ele>-1.24</ele>
   </trkpt>
   <trkpt lat="52.07398500354537" lon="4.668455000119354">
    <ele>-1.9000000000000001</ele>
   </trkpt>
   <trkpt lat="52.07397" lon="4.669370000000001">
    <ele>-1.93</ele>
   </trkpt>
   <trkpt lat="52.07393334307836" lon="4.670443335199816">
    <ele>-1.93</ele>
   </trkpt>
   <trkpt lat="52.07389667640814" lon="4.671516668636836">
    <ele>-2.0</ele>
   </trkpt>
   <trkpt lat="52.07386" lon="4.6725900000000005">
    <ele>-1.9500000000000002</ele>
   </trkpt>
   <trkpt lat="52.073840022199825" lon="4.673912501791478">
    <ele>-2.0</ele>
   </trkpt>
   <trkpt lat="52.073820029599595" lon="4.675235002398943">
    <ele>-2.1100000000000003</ele>
   </trkpt>
   <trkpt lat="52.07380002219935" lon="4.676557501821521">
    <ele>-2.31</ele>
   </trkpt>
   <trkpt lat="52.073780000000006" lon="4.67788">
    <ele>-1.9000000000000001</ele>
   </trkpt>
   <trkpt lat="52.073730000000005" lon="4.678380000000001">
    <ele>-2.0100000000000002</ele>
   </trkpt>
   <trkpt lat="52.073570000000004" lon="4.6794">
    <ele>-2.12</ele>
   </trkpt>
   <trkpt lat="52.07338752514695" lon="4.680807517249917">
    <ele>-2.18</ele>
   </trkpt>
   <trkpt lat="52.073205033529966" lon="4.682215022993965">
    <ele>-2.18</ele>
   </trkpt>
   <trkpt lat="52.07302252514924" lon="4.683622517231257">
    <ele>-2.18</ele>
   </trkpt>
   <trkpt lat="52.07284000000001" lon="4.68503">
    <ele>-2.12</ele>
   </trkpt>
   <trkpt lat="52.07265" lon="4.68639">
    <ele>-1.97</ele>
   </trkpt>
   <trkpt lat="52.07346500034266" lon="4.686649995271862">
    <ele>-2.9600000000000004</ele>
   </trkpt>
   <trkpt lat="52.07428" lon="4.68691">
    <ele>-2.82</ele>
   </trkpt>
   <trkpt lat="52.074735000055625" lon="4.687064998404605">
    <ele>-2.73</ele>
   </trkpt>
   <trkpt lat="52.075190000000006" lon="4.68722">
    <ele>-2.6300000000000003</ele>
   </trkpt>
   <trkpt lat="52.075160000000004" lon="4.6873700000000005">
    <ele>-4.36</ele>
   </trkpt>
   <trkpt lat="52.074900036818484" lon="4.688574327790606">
    <ele>-5.55</ele>
   </trkpt>
   <trkpt lat="52.074640061363944" lon="4.689778641555257">
    <ele>-5.72</ele>
   </trkpt>
   <trkpt lat="52.074380073636654" lon="4.690982941293588">
    <ele>-5.47</ele>
   </trkpt>
   <trkpt lat="52.07412007363687" lon="4.692187227005228">
    <ele>-6.08</ele>
   </trkpt>
   <trkpt lat="52.07386006136484" lon="4.693391498689813">
    <ele>-6.29</ele>
   </trkpt>
   <trkpt lat="52.073600036820835" lon="4.694595756346973">
    <ele>-6.44</ele>
   </trkpt>
   <trkpt lat="52.07334" lon="4.6958">
    <ele>-5.55</ele>
   </trkpt>
   <trkpt lat="52.0733" lon="4.69617">
    <ele>-5.68</ele>
   </trkpt>
   <trkpt lat="52.073350000000005" lon="4.696300000000001">
    <ele>-5.61</ele>
   </trkpt>
   <trkpt lat="52.073420000000006" lon="4.69636">
    <ele>-5.47</ele>
   </trkpt>
   <trkpt lat="52.073600000000006" lon="4.69643">
    <ele>-4.81</ele>
   </trkpt>
   <trkpt lat="52.07372" lon="4.6965">
    <ele>-4.28</ele>
   </trkpt>
   <trkpt lat="52.07385000000001" lon="4.696630000000001">
    <ele>-4.23</ele>
   </trkpt>
   <trkpt lat="52.0739" lon="4.696770000000001">
    <ele>-4.23</ele>
   </trkpt>
   <trkpt lat="52.0742200080166" lon="4.6977433193801685">
    <ele>-4.53</ele>
   </trkpt>
   <trkpt lat="52.074540008016655" lon="4.69871665271346">
    <ele>-4.64</ele>
   </trkpt>
   <trkpt lat="52.07486" lon="4.69969">
    <ele>-5.19</ele>
   </trkpt>
   <trkpt lat="52.07531334601421" lon="4.70091330853534">
    <ele>-4.87</ele>
   </trkpt>
   <trkpt lat="52.075766679365145" lon="4.702136641915668">
    <ele>-4.0200000000000005</ele>
   </trkpt>
   <trkpt lat="52.076220000000006" lon="4.70336">
    <ele>-3.1400000000000006</ele>
   </trkpt>
   <trkpt lat="52.07636" lon="4.703880000000001">
    <ele>-3.19</ele>
   </trkpt>
   <trkpt lat="52.07672" lon="4.70486">
    <ele>-2.8100000000000005</ele>
   </trkpt>
   <trkpt lat="52.07674" lon="4.705010000000001">
    <ele>-2.8100000000000005</ele>
   </trkpt>
   <trkpt lat="52.07674" lon="4.70533">
    <ele>-2.56</ele>
   </trkpt>
   <trkpt lat="52.07717" lon="4.70554">
    <ele>-2.43</ele>
   </trkpt>
   <trkpt lat="52.07732000000001" lon="4.705710000000001">
    <ele>-2.4000000000000004</ele>
   </trkpt>
   <trkpt lat="52.077490000000004" lon="4.706110000000001">
    <ele>-2.41</ele>
   </trkpt>
   <trkpt lat="52.07793001529036" lon="4.707207467551999">
    <ele>-2.31</ele>
   </trkpt>
   <trkpt lat="52.078370020389" lon="4.708304956739862">
    <ele>-2.31</ele>
   </trkpt>
   <trkpt lat="52.07881001529558" lon="4.709402467563855">
    <ele>-2.19</ele>
   </trkpt>
   <trkpt lat="52.07925" lon="4.710500000000001">
    <ele>-2.32</ele>
   </trkpt>
   <trkpt lat="52.07965000398373" lon="4.711469991314757">
    <ele>-2.17</ele>
   </trkpt>
   <trkpt lat="52.08005000000001" lon="4.71244">
    <ele>-2.1300000000000003</ele>
   </trkpt>
   <trkpt lat="52.080515005007165" lon="4.71352998859916">
    <ele>-2.12</ele>
   </trkpt>
   <trkpt lat="52.080980000000004" lon="4.71462">
    <ele>-2.14</ele>
   </trkpt>
   <trkpt lat="52.081230000000005" lon="4.71508">
    <ele>-2.14</ele>
   </trkpt>
   <trkpt lat="52.08149" lon="4.715610000000001">
    <ele>-2.14</ele>
   </trkpt>
   <trkpt lat="52.08190334147288" lon="4.716589981880324">
    <ele>-2.19</ele>
   </trkpt>
   <trkpt lat="52.082316674819616" lon="4.717569981911808">
    <ele>-2.31</ele>
   </trkpt>
   <trkpt lat="52.082730000000005" lon="4.7185500000000005">
    <ele>-2.2900000000000005</ele>
   </trkpt>
   <trkpt lat="52.082800000000006" lon="4.718940000000001">
    <ele>-2.4400000000000004</ele>
   </trkpt>
   <trkpt lat="52.08259000523264" lon="4.720055005389709">
    <ele>-2.39</ele>
   </trkpt>
   <trkpt lat="52.08238000000001" lon="4.721170000000001">
    <ele>-2.35</ele>
   </trkpt>
   <trkpt lat="52.08222500476619" lon="4.72223000359495">
    <ele>-2.5700000000000003</ele>
   </trkpt>
   <trkpt lat="52.08207" lon="4.72329">
    <ele>-2.56</ele>
   </trkpt>
   <trkpt lat="52.081950000000006" lon="4.72461">
    <ele>-2.82</ele>
   </trkpt>
   <trkpt lat="52.081790000000005" lon="4.72574">
    <ele>-2.35</ele>
   </trkpt>
   <trkpt lat="52.0818" lon="4.725960000000001">
    <ele>-1.9500000000000002</ele>
   </trkpt>
   <trkpt lat="52.08185" lon="4.7261500000000005">
    <ele>-1.9500000000000002</ele>
   </trkpt>
   <trkpt lat="52.08202000000001" lon="4.726450000000001">
    <ele>-2.33</ele>
   </trkpt>
   <trkpt lat="52.08187" lon="4.72681">
    <ele>-2.33</ele>
   </trkpt>
   <trkpt lat="52.081700000000005" lon="4.7273000000000005">
    <ele>-2.2800000000000002</ele>
   </trkpt>
   <trkpt lat="52.08151" lon="4.7280500000000005">
    <ele>-2.1300000000000003</ele>
   </trkpt>
   <trkpt lat="52.0814" lon="4.72867">
    <ele>-2.17</ele>
   </trkpt>
   <trkpt lat="52.08126000862902" lon="4.729680006353892">
    <ele>-2.14</ele>
   </trkpt>
   <trkpt lat="52.081120008626485" lon="4.730690006371932">
    <ele>-1.2100000000000002</ele>
   </trkpt>
   <trkpt lat="52.080980000000004" lon="4.7317">
    <ele>-1.78</ele>
   </trkpt>
   <trkpt lat="52.08080001767278" lon="4.73288001427501">
    <ele>-1.84</ele>
   </trkpt>
   <trkpt lat="52.08062002356364" lon="4.734060019033243">
    <ele>-1.58</ele>
   </trkpt>
   <trkpt lat="52.08044001767279" lon="4.735240014274212">
    <ele>-1.5</ele>
   </trkpt>
   <trkpt lat="52.08026" lon="4.736420000000001">
    <ele>-1.4400000000000002</ele>
   </trkpt>
   <trkpt lat="52.08026" lon="4.7366">
    <ele>-1.53</ele>
   </trkpt>
   <trkpt lat="52.08041000000001" lon="4.737240000000001">
    <ele>-1.68</ele>
   </trkpt>
   <trkpt lat="52.080580000000005" lon="4.73761">
    <ele>-1.9100000000000001</ele>
   </trkpt>
   <trkpt lat="52.08093" lon="4.7378800000000005">
    <ele>-1.97</ele>
   </trkpt>
   <trkpt lat="52.081360000000004" lon="4.73815">
    <ele>-1.87</ele>
   </trkpt>
   <trkpt lat="52.081480000000006" lon="4.73831">
    <ele>-1.87</ele>
   </trkpt>
   <trkpt lat="52.08151" lon="4.738460000000001">
    <ele>-1.9100000000000001</ele>
   </trkpt>
   <trkpt lat="52.08155000000001" lon="4.739380000000001">
    <ele>-1.76</ele>
   </trkpt>
   <trkpt lat="52.08154500309173" lon="4.7402350002661695">
    <ele>-1.76</ele>
   </trkpt>
   <trkpt lat="52.081540000000004" lon="4.741090000000001">
    <ele>-1.79</ele>
   </trkpt>
   <trkpt lat="52.08164500220535" lon="4.74180999838957">
    <ele>-1.85</ele>
   </trkpt>
   <trkpt lat="52.08175000000001" lon="4.74253">
    <ele>-1.6</ele>
   </trkpt>
   <trkpt lat="52.081790000000005" lon="4.742970000000001">
    <ele>-1.24</ele>
   </trkpt>
   <trkpt lat="52.081770000000006" lon="4.74315">
    <ele>-0.8500000000000001</ele>
   </trkpt>
   <trkpt lat="52.082190000000004" lon="4.74347">
    <ele>-1.4900000000000002</ele>
   </trkpt>
   <trkpt lat="52.082260000000005" lon="4.74345">
    <ele>-1.4900000000000002</ele>
   </trkpt>
   <trkpt lat="52.08245" lon="4.74326">
    <ele>-1.7300000000000002</ele>
   </trkpt>
   <trkpt lat="52.082620000000006" lon="4.74317">
    <ele>-1.75</ele>
   </trkpt>
   <trkpt lat="52.08279" lon="4.74317">
    <ele>-1.8200000000000003</ele>
   </trkpt>
   <trkpt lat="52.082930000000005" lon="4.743200000000001">
    <ele>-1.77</ele>
   </trkpt>
   <trkpt lat="52.082980000000006" lon="4.74315">
    <ele>-1.77</ele>
   </trkpt>
   <trkpt lat="52.08315" lon="4.7427600000000005">
    <ele>-1.78</ele>
   </trkpt>
   <trkpt lat="52.08361000000001" lon="4.74225">
    <ele>-1.93</ele>
   </trkpt>
   <trkpt lat="52.083670000000005" lon="4.742120000000001">
    <ele>-1.93</ele>
   </trkpt>
   <trkpt lat="52.083975002098256" lon="4.741420004725903">
    <ele>-2.0900000000000003</ele>
   </trkpt>
   <trkpt lat="52.08428000000001" lon="4.7407200000000005">
    <ele>-2.1</ele>
   </trkpt>
   <trkpt lat="52.084430000000005" lon="4.74056">
    <ele>-2.1</ele>
   </trkpt>
   <trkpt lat="52.084520000000005" lon="4.740530000000001">
    <ele>-1.9000000000000001</ele>
   </trkpt>
   <trkpt lat="52.08464000000001" lon="4.7405800000000005">
    <ele>-1.9000000000000001</ele>
   </trkpt>
   <trkpt lat="52.08475000000001" lon="4.74071">
    <ele>-1.9000000000000001</ele>
   </trkpt>
   <trkpt lat="52.085140001396944" lon="4.741284994972425">
    <ele>-1.2200000000000002</ele>
   </trkpt>
   <trkpt lat="52.085530000000006" lon="4.74186">
    <ele>-0.79</ele>
   </trkpt>
   <trkpt lat="52.085570000000004" lon="4.74186">
    <ele>-0.79</ele>
   </trkpt>
   <trkpt lat="52.085640000000005" lon="4.741770000000001">
    <ele>-0.79</ele>
   </trkpt>
   <trkpt lat="52.08588" lon="4.74132">
    <ele>-0.31</ele>
   </trkpt>
   <trkpt lat="52.086240000000004" lon="4.74084">
    <ele>-0.16</ele>
   </trkpt>
   <trkpt lat="52.08639" lon="4.74068">
    <ele>0.2</ele>
   </trkpt>
   <trkpt lat="52.08654000000001" lon="4.74057">
    <ele>0.4900000000000001</ele>
   </trkpt>
   <trkpt lat="52.08664" lon="4.74059">
    <ele>0.55</ele>
   </trkpt>
   <trkpt lat="52.08670000000001" lon="4.74057">
    <ele>0.46</ele>
   </trkpt>
   <trkpt lat="52.087230000000005" lon="4.74021">
    <ele>-0.46</ele>
   </trkpt>
   <trkpt lat="52.08802000146241" lon="4.739620010452957">
    <ele>-0.2</ele>
   </trkpt>
   <trkpt lat="52.08881" lon="4.7390300000000005">
    <ele>1.4800000000000002</ele>
   </trkpt>
   <trkpt lat="52.08894000213586" lon="4.73972999829951">
    <ele>2.22</ele>
   </trkpt>
   <trkpt lat="52.08907000000001" lon="4.740430000000001">
    <ele>2.56</ele>
   </trkpt>
   <trkpt lat="52.089220000000005" lon="4.7415">
    <ele>0.8200000000000001</ele>
   </trkpt>
   <trkpt lat="52.0893" lon="4.7419400000000005">
    <ele>-0.4</ele>
   </trkpt>
   <trkpt lat="52.08937" lon="4.742170000000001">
    <ele>-0.84</ele>
   </trkpt>
   <trkpt lat="52.08963000000001" lon="4.74272">
    <ele>-0.54</ele>
   </trkpt>
   <trkpt lat="52.08975" lon="4.743060000000001">
    <ele>-0.5</ele>
   </trkpt>
   <trkpt lat="52.08982" lon="4.74321">
    <ele>-0.5</ele>
   </trkpt>
   <trkpt lat="52.08997" lon="4.743270000000001">
    <ele>-0.42</ele>
   </trkpt>
   <trkpt lat="52.090030000000006" lon="4.74336">
    <ele>-0.42</ele>
   </trkpt>
   <trkpt lat="52.09022" lon="4.74307">
    <ele>-0.36000000000000004</ele>
   </trkpt>
   <trkpt lat="52.090230000000005" lon="4.7430200000000005">
    <ele>-0.36000000000000004</ele>
   </trkpt>
   <trkpt lat="52.090210000000006" lon="4.7427600000000005">
    <ele>-0.42</ele>
   </trkpt>
   <trkpt lat="52.09033" lon="4.742450000000001">
    <ele>-0.44</ele>
   </trkpt>
   <trkpt lat="52.09033" lon="4.7422">
    <ele>-0.44</ele>
   </trkpt>
   <trkpt lat="52.09022" lon="4.74192">
    <ele>-0.58</ele>
   </trkpt>
   <trkpt lat="52.09011" lon="4.74176">
    <ele>-0.58</ele>
   </trkpt>
   <trkpt lat="52.08997" lon="4.741300000000001">
    <ele>-0.63</ele>
   </trkpt>
   <trkpt lat="52.08986" lon="4.74082">
    <ele>-0.71</ele>
   </trkpt>
   <trkpt lat="52.08972000000001" lon="4.740080000000001">
    <ele>-0.67</ele>
   </trkpt>
   <trkpt lat="52.089710000000004" lon="4.739990000000001">
    <ele>-0.71</ele>
   </trkpt>
   <trkpt lat="52.08975" lon="4.73986">
    <ele>-0.67</ele>
   </trkpt>
   <trkpt lat="52.089830000000006" lon="4.73979">
    <ele>-0.67</ele>
   </trkpt>
   <trkpt lat="52.09017000000001" lon="4.73962">
    <ele>-0.58</ele>
   </trkpt>
   <trkpt lat="52.09069500009713" lon="4.739470001764408">
    <ele>-0.38</ele>
   </trkpt>
   <trkpt lat="52.09122000000001" lon="4.73932">
    <ele>-0.38</ele>
   </trkpt>
   <trkpt lat="52.091910000000006" lon="4.7392">
    <ele>-0.25</ele>
   </trkpt>
   <trkpt lat="52.092710000000004" lon="4.73902">
    <ele>-0.29</ele>
   </trkpt>
   <trkpt lat="52.09357000000001" lon="4.73894">
    <ele>-0.4</ele>
   </trkpt>
   <trkpt lat="52.09411000000509" lon="4.7389100003630515">
    <ele>-0.36000000000000004</ele>
   </trkpt>
   <trkpt lat="52.09465" lon="4.73888">
    <ele>-0.42</ele>
   </trkpt>
   <trkpt lat="52.095420000084864" lon="4.738780001720509">
    <ele>-0.29</ele>
   </trkpt>
   <trkpt lat="52.09619000000001" lon="4.7386800000000004">
    <ele>-0.5</ele>
   </trkpt>
   <trkpt lat="52.09679999995748" lon="4.73863500061912">
    <ele>-0.5</ele>
   </trkpt>
   <trkpt lat="52.09741" lon="4.73859">
    <ele>-0.58</ele>
   </trkpt>
   <trkpt lat="52.09767" lon="4.738650000000001">
    <ele>-0.71</ele>
   </trkpt>
   <trkpt lat="52.0977" lon="4.73873">
    <ele>-0.84</ele>
   </trkpt>
   <trkpt lat="52.09774" lon="4.7387500000000005">
    <ele>-0.84</ele>
   </trkpt>
   <trkpt lat="52.09780000000001" lon="4.7387500000000005">
    <ele>-0.93</ele>
   </trkpt>
   <trkpt lat="52.097860000000004" lon="4.738600000000001">
    <ele>-0.9700000000000001</ele>
   </trkpt>
   <trkpt lat="52.09807000000001" lon="4.73843">
    <ele>-0.93</ele>
   </trkpt>
   <trkpt lat="52.09854000000001" lon="4.7382">
    <ele>-1.24</ele>
   </trkpt>
   <trkpt lat="52.09881000000001" lon="4.738040000000001">
    <ele>-1.16</ele>
   </trkpt>
   <trkpt lat="52.099030000000006" lon="4.7378800000000005">
    <ele>-1.01</ele>
   </trkpt>
   <trkpt lat="52.099230000000006" lon="4.73775">
    <ele>-0.63</ele>
   </trkpt>
   <trkpt lat="52.09957000000001" lon="4.73744">
    <ele>-0.62</ele>
   </trkpt>
   <trkpt lat="52.100040000636994" lon="4.737075003789072">
    <ele>-0.71</ele>
   </trkpt>
   <trkpt lat="52.10051000000001" lon="4.73671">
    <ele>-0.75</ele>
   </trkpt>
   <trkpt lat="52.10109000163259" lon="4.736130007332665">
    <ele>-0.75</ele>
   </trkpt>
   <trkpt lat="52.101670000000006" lon="4.735550000000001">
    <ele>-0.67</ele>
   </trkpt>
   <trkpt lat="52.10238000476017" lon="4.734800023877511">
    <ele>-0.8</ele>
   </trkpt>
   <trkpt lat="52.10309000476183" lon="4.734050023876253">
    <ele>-0.79</ele>
   </trkpt>
   <trkpt lat="52.10380000000001" lon="4.733300000000001">
    <ele>-0.79</ele>
   </trkpt>
   <trkpt lat="52.10441" lon="4.732830000000001">
    <ele>-0.9700000000000001</ele>
   </trkpt>
   <trkpt lat="52.10468" lon="4.73256">
    <ele>-1.04</ele>
   </trkpt>
   <trkpt lat="52.10515" lon="4.732">
    <ele>-1.0</ele>
   </trkpt>
   <trkpt lat="52.1054" lon="4.731820000000001">
    <ele>-1.07</ele>
   </trkpt>
   <trkpt lat="52.105875000030245" lon="4.731615002247249">
    <ele>-0.88</ele>
   </trkpt>
   <trkpt lat="52.106350000000006" lon="4.73141">
    <ele>-0.29</ele>
   </trkpt>
   <trkpt lat="52.10649" lon="4.7313">
    <ele>-0.29</ele>
   </trkpt>
   <trkpt lat="52.10658" lon="4.731330000000001">
    <ele>-0.29</ele>
   </trkpt>
   <trkpt lat="52.106930000000006" lon="4.73123">
    <ele>-0.11</ele>
   </trkpt>
   <trkpt lat="52.10712" lon="4.7311700000000005">
    <ele>-0.11</ele>
   </trkpt>
   <trkpt lat="52.107350000000004" lon="4.731000000000001">
    <ele>-0.25</ele>
   </trkpt>
   <trkpt lat="52.107400000000005" lon="4.730910000000001">
    <ele>-0.38</ele>
   </trkpt>
   <trkpt lat="52.10741" lon="4.730790000000001">
    <ele>-0.38</ele>
   </trkpt>
   <trkpt lat="52.10728" lon="4.729710000000001">
    <ele>-1.01</ele>
   </trkpt>
   <trkpt lat="52.10727000000001" lon="4.729480000000001">
    <ele>-1.01</ele>
   </trkpt>
   <trkpt lat="52.107290000000006" lon="4.72914">
    <ele>-1.08</ele>
   </trkpt>
   <trkpt lat="52.107330000000005" lon="4.728870000000001">
    <ele>-1.08</ele>
   </trkpt>
   <trkpt lat="52.107515002729805" lon="4.728075003055401">
    <ele>-1.24</ele>
   </trkpt>
   <trkpt lat="52.1077" lon="4.72728">
    <ele>-1.24</ele>
   </trkpt>
   <trkpt lat="52.107870000000005" lon="4.72635">
    <ele>-0.9400000000000001</ele>
   </trkpt>
   <trkpt lat="52.10813334229143" lon="4.725320012229942">
    <ele>-0.88</ele>
   </trkpt>
   <trkpt lat="52.108396675608375" lon="4.724290012294227">
    <ele>-0.92</ele>
   </trkpt>
   <trkpt lat="52.10866000000001" lon="4.723260000000001">
    <ele>-0.81</ele>
   </trkpt>
   <trkpt lat="52.108865005140856" lon="4.722155005207924">
    <ele>-0.8</ele>
   </trkpt>
   <trkpt lat="52.10907" lon="4.72105">
    <ele>-1.1300000000000001</ele>
   </trkpt>
   <trkpt lat="52.10932500564888" lon="4.719890006827519">
    <ele>-1.07</ele>
   </trkpt>
   <trkpt lat="52.10958" lon="4.718730000000001">
    <ele>-0.9700000000000001</ele>
   </trkpt>
   <trkpt lat="52.10976" lon="4.71809">
    <ele>-1.09</ele>
   </trkpt>
   <trkpt lat="52.11001" lon="4.716900000000001">
    <ele>-0.84</ele>
   </trkpt>
   <trkpt lat="52.110150000000004" lon="4.71642">
    <ele>-0.84</ele>
   </trkpt>
   <trkpt lat="52.110290000000006" lon="4.7160400000000005">
    <ele>-0.88</ele>
   </trkpt>
   <trkpt lat="52.11057000179797" lon="4.715390004056499">
    <ele>-0.84</ele>
   </trkpt>
   <trkpt lat="52.110850000000006" lon="4.714740000000001">
    <ele>-0.93</ele>
   </trkpt>
   <trkpt lat="52.11112000000001" lon="4.71424">
    <ele>-0.9600000000000001</ele>
   </trkpt>
   <trkpt lat="52.11135" lon="4.7137400000000005">
    <ele>-0.92</ele>
   </trkpt>
   <trkpt lat="52.11178" lon="4.71251">
    <ele>-0.84</ele>
   </trkpt>
   <trkpt lat="52.11191" lon="4.712210000000001">
    <ele>-0.84</ele>
   </trkpt>
   <trkpt lat="52.11215000168782" lon="4.7115750034649375">
    <ele>-0.71</ele>
   </trkpt>
   <trkpt lat="52.112390000000005" lon="4.710940000000001">
    <ele>-0.8</ele>
   </trkpt>
   <trkpt lat="52.11271000000001" lon="4.71007">
    <ele>-0.76</ele>
   </trkpt>
   <trkpt lat="52.11303000229" lon="4.709345005052313">
    <ele>-0.84</ele>
   </trkpt>
   <trkpt lat="52.113350000000004" lon="4.708620000000001">
    <ele>-0.8500000000000001</ele>
   </trkpt>
   <trkpt lat="52.113530000000004" lon="4.70819">
    <ele>-0.92</ele>
   </trkpt>
   <trkpt lat="52.113780000000006" lon="4.70772">
    <ele>-1.01</ele>
   </trkpt>
   <trkpt lat="52.114160000000005" lon="4.706650000000001">
    <ele>-1.09</ele>
   </trkpt>
   <trkpt lat="52.114270000000005" lon="4.70629">
    <ele>-1.07</ele>
   </trkpt>
   <trkpt lat="52.114540000000005" lon="4.70509">
    <ele>-0.75</ele>
   </trkpt>
   <trkpt lat="52.11469" lon="4.70432">
    <ele>-0.8600000000000001</ele>
   </trkpt>
   <trkpt lat="52.1148300022674" lon="4.703600001876146">
    <ele>-1.0</ele>
   </trkpt>
   <trkpt lat="52.11497000000001" lon="4.70288">
    <ele>-0.9700000000000001</ele>
   </trkpt>
   <trkpt lat="52.114990000000006" lon="4.702640000000001">
    <ele>-0.9700000000000001</ele>
   </trkpt>
   <trkpt lat="52.114990000000006" lon="4.70197">
    <ele>-0.7200000000000001</ele>
   </trkpt>
   <trkpt lat="52.11518" lon="4.700690000000001">
    <ele>-0.67</ele>
   </trkpt>
   <trkpt lat="52.11534000363652" lon="4.699765003217503">
    <ele>-0.62</ele>
   </trkpt>
   <trkpt lat="52.115500000000004" lon="4.698840000000001">
    <ele>-0.67</ele>
   </trkpt>
   <trkpt lat="52.11571000000001" lon="4.69791">
    <ele>-0.79</ele>
   </trkpt>
   <trkpt lat="52.11598000000001" lon="4.696940000000001">
    <ele>-0.7200000000000001</ele>
   </trkpt>
   <trkpt lat="52.11619" lon="4.696330000000001">
    <ele>-0.75</ele>
   </trkpt>
   <trkpt lat="52.116500002262505" lon="4.695585005384957">
    <ele>-0.81</ele>
   </trkpt>
   <trkpt lat="52.11681" lon="4.69484">
    <ele>-0.88</ele>
   </trkpt>
   <trkpt lat="52.11713500416735" lon="4.693840007481731">
    <ele>-0.8500000000000001</ele>
   </trkpt>
   <trkpt lat="52.11746" lon="4.69284">
    <ele>-0.75</ele>
   </trkpt>
   <trkpt lat="52.11775" lon="4.691750000000001">
    <ele>-0.92</ele>
   </trkpt>
   <trkpt lat="52.117900000000006" lon="4.691140000000001">
    <ele>-0.99</ele>
   </trkpt>
   <trkpt lat="52.118030000000005" lon="4.69034">
    <ele>-0.92</ele>
   </trkpt>
   <trkpt lat="52.11822" lon="4.689590000000001">
    <ele>-0.9700000000000001</ele>
   </trkpt>
   <trkpt lat="52.11829" lon="4.688680000000001">
    <ele>-1.06</ele>
   </trkpt>
   <trkpt lat="52.1183150023891" lon="4.68793000011741">
    <ele>-0.92</ele>
   </trkpt>
   <trkpt lat="52.11834" lon="4.687180000000001">
    <ele>-0.9700000000000001</ele>
   </trkpt>
   <trkpt lat="52.11834" lon="4.686520000000001">
    <ele>-0.8</ele>
   </trkpt>
   <trkpt lat="52.11831" lon="4.685840000000001">
    <ele>-0.84</ele>
   </trkpt>
   <trkpt lat="52.118315002510066" lon="4.685069999700688">
    <ele>-0.88</ele>
   </trkpt>
   <trkpt lat="52.118320000000004" lon="4.6843">
    <ele>-0.9600000000000001</ele>
   </trkpt>
   <trkpt lat="52.118280000000006" lon="4.6835">
    <ele>-0.84</ele>
   </trkpt>
   <trkpt lat="52.11838" lon="4.68236">
    <ele>-0.8500000000000001</ele>
   </trkpt>
   <trkpt lat="52.1184700025501" lon="4.681590001190916">
    <ele>-0.88</ele>
   </trkpt>
   <trkpt lat="52.11856" lon="4.680820000000001">
    <ele>-0.84</ele>
   </trkpt>
   <trkpt lat="52.118730006718216" lon="4.679560004777617">
    <ele>-0.71</ele>
   </trkpt>
   <trkpt lat="52.118900000000004" lon="4.6783">
    <ele>-0.84</ele>
   </trkpt>
   <trkpt lat="52.11902000279003" lon="4.677490002078151">
    <ele>-0.79</ele>
   </trkpt>
   <trkpt lat="52.11914" lon="4.67668">
    <ele>-0.16</ele>
   </trkpt>
   <trkpt lat="52.1193" lon="4.6757800000000005">
    <ele>0.36000000000000004</ele>
   </trkpt>
   <trkpt lat="52.119310000000006" lon="4.67584">
    <ele>0.41000000000000003</ele>
   </trkpt>
   <trkpt lat="52.119350000000004" lon="4.675890000000001">
    <ele>0.41000000000000003</ele>
   </trkpt>
   <trkpt lat="52.11966" lon="4.676080000000001">
    <ele>1.52</ele>
   </trkpt>
   <trkpt lat="52.1201" lon="4.676270000000001">
    <ele>4.15</ele>
   </trkpt>
   <trkpt lat="52.12012000000001" lon="4.67624">
    <ele>4.15</ele>
   </trkpt>
   <trkpt lat="52.12031" lon="4.676270000000001">
    <ele>4.87</ele>
   </trkpt>
   <trkpt lat="52.120360000000005" lon="4.67623">
    <ele>4.87</ele>
   </trkpt>
   <trkpt lat="52.12039000000001" lon="4.676150000000001">
    <ele>4.930000000000001</ele>
   </trkpt>
   <trkpt lat="52.12071500312771" lon="4.675285006405152">
    <ele>4.94</ele>
   </trkpt>
   <trkpt lat="52.12104000000001" lon="4.6744200000000005">
    <ele>4.2</ele>
   </trkpt>
   <trkpt lat="52.12084" lon="4.67382">
    <ele>2.82</ele>
   </trkpt>
   <trkpt lat="52.120810000000006" lon="4.67367">
    <ele>2.6100000000000003</ele>
   </trkpt>
   <trkpt lat="52.120810000000006" lon="4.673590000000001">
    <ele>2.6100000000000003</ele>
   </trkpt>
   <trkpt lat="52.120720000000006" lon="4.673380000000001">
    <ele>2.22</ele>
   </trkpt>
   <trkpt lat="52.120490000000004" lon="4.673050000000001">
    <ele>1.16</ele>
   </trkpt>
   <trkpt lat="52.12031" lon="4.672820000000001">
    <ele>0.6600000000000001</ele>
   </trkpt>
   <trkpt lat="52.12022" lon="4.6726600000000005">
    <ele>0.38</ele>
   </trkpt>
   <trkpt lat="52.12013" lon="4.67236">
    <ele>0.26</ele>
   </trkpt>
   <trkpt lat="52.12012000000001" lon="4.672000000000001">
    <ele>0.13</ele>
   </trkpt>
   <trkpt lat="52.120340000000006" lon="4.670920000000001">
    <ele>0.030000000000000002</ele>
   </trkpt>
   <trkpt lat="52.120400000000004" lon="4.67088">
    <ele>0.030000000000000002</ele>
   </trkpt>
   <trkpt lat="52.12050000000001" lon="4.670850000000001">
    <ele>0.030000000000000002</ele>
   </trkpt>
   <trkpt lat="52.12050000000001" lon="4.67075">
    <ele>0.030000000000000002</ele>
   </trkpt>
   <trkpt lat="52.1206" lon="4.670400000000001">
    <ele>0.030000000000000002</ele>
   </trkpt>
   <trkpt lat="52.12097000000001" lon="4.66915">
    <ele>0.02</ele>
   </trkpt>
   <trkpt lat="52.121320000000004" lon="4.668970000000001">
    <ele>0.0</ele>
   </trkpt>
   <trkpt lat="52.12136" lon="4.6689300000000005">
    <ele>0.0</ele>
   </trkpt>
   <trkpt lat="52.121500000000005" lon="4.66849">
    <ele>-0.05</ele>
   </trkpt>
   <trkpt lat="52.12144000000001" lon="4.66802">
    <ele>-0.01</ele>
   </trkpt>
   <trkpt lat="52.12144000000001" lon="4.667870000000001">
    <ele>0.0</ele>
   </trkpt>
   <trkpt lat="52.12149" lon="4.66765">
    <ele>0.0</ele>
   </trkpt>
   <trkpt lat="52.12171000000001" lon="4.6670300000000005">
    <ele>0.09000000000000001</ele>
   </trkpt>
   <trkpt lat="52.121900000000004" lon="4.66661">
    <ele>0.08</ele>
   </trkpt>
   <trkpt lat="52.12207" lon="4.66628">
    <ele>-0.15000000000000002</ele>
   </trkpt>
   <trkpt lat="52.12234" lon="4.66584">
    <ele>-0.22</ele>
   </trkpt>
   <trkpt lat="52.12277500166596" lon="4.665230005824536">
    <ele>-0.17</ele>
   </trkpt>
   <trkpt lat="52.12321000000001" lon="4.66462">
    <ele>-0.27</ele>
   </trkpt>
   <trkpt lat="52.123840001250116" lon="4.664100007263061">
    <ele>0.030000000000000002</ele>
   </trkpt>
   <trkpt lat="52.12447" lon="4.6635800000000005">
    <ele>-0.01</ele>
   </trkpt>
   <trkpt lat="52.12485" lon="4.663390000000001">
    <ele>0.01</ele>
   </trkpt>
   <trkpt lat="52.12498" lon="4.6633700000000005">
    <ele>0.01</ele>
   </trkpt>
   <trkpt lat="52.12516" lon="4.663390000000001">
    <ele>0.12000000000000001</ele>
   </trkpt>
   <trkpt lat="52.12539" lon="4.663480000000001">
    <ele>0.22</ele>
   </trkpt>
   <trkpt lat="52.12583000000001" lon="4.6634400000000005">
    <ele>0.43000000000000005</ele>
   </trkpt>
   <trkpt lat="52.126430000000006" lon="4.663340000000001">
    <ele>0.42</ele>
   </trkpt>
   <trkpt lat="52.12650000000001" lon="4.6633000000000004">
    <ele>0.42</ele>
   </trkpt>
   <trkpt lat="52.12702" lon="4.6631800000000005">
    <ele>0.4900000000000001</ele>
   </trkpt>
   <trkpt lat="52.12722" lon="4.66317">
    <ele>0.4900000000000001</ele>
   </trkpt>
   <trkpt lat="52.12758" lon="4.66319">
    <ele>0.58</ele>
   </trkpt>
   <trkpt lat="52.12818500000107" lon="4.663249999183933">
    <ele>0.64</ele>
   </trkpt>
   <trkpt lat="52.12879" lon="4.66331">
    <ele>1.42</ele>
   </trkpt>
   <trkpt lat="52.12904" lon="4.663410000000001">
    <ele>1.3900000000000001</ele>
   </trkpt>
   <trkpt lat="52.12939" lon="4.663460000000001">
    <ele>1.1900000000000002</ele>
   </trkpt>
   <trkpt lat="52.12999000000001" lon="4.663480000000001">
    <ele>1.1300000000000001</ele>
   </trkpt>
   <trkpt lat="52.130190000000006" lon="4.66356">
    <ele>1.3800000000000001</ele>
   </trkpt>
   <trkpt lat="52.130370000000006" lon="4.66366">
    <ele>1.3800000000000001</ele>
   </trkpt>
   <trkpt lat="52.13054" lon="4.66368">
    <ele>1.34</ele>
   </trkpt>
   <trkpt lat="52.13125" lon="4.6637200000000005">
    <ele>0.81</ele>
   </trkpt>
   <trkpt lat="52.1317" lon="4.6637200000000005">
    <ele>0.62</ele>
   </trkpt>
   <trkpt lat="52.132250000000006" lon="4.663760000000001">
    <ele>0.6900000000000001</ele>
   </trkpt>
   <trkpt lat="52.13275" lon="4.663760000000001">
    <ele>0.6900000000000001</ele>
   </trkpt>
   <trkpt lat="52.13293" lon="4.663740000000001">
    <ele>0.65</ele>
   </trkpt>
   <trkpt lat="52.13367" lon="4.663620000000001">
    <ele>0.39</ele>
   </trkpt>
   <trkpt lat="52.134240000000005" lon="4.663600000000001">
    <ele>0.26</ele>
   </trkpt>
   <trkpt lat="52.134420000000006" lon="4.66363">
    <ele>0.25</ele>
   </trkpt>
   <trkpt lat="52.13458000000001" lon="4.6637">
    <ele>0.21</ele>
   </trkpt>
   <trkpt lat="52.13492" lon="4.66375">
    <ele>0.24000000000000002</ele>
   </trkpt>
   <trkpt lat="52.135070000000006" lon="4.66375">
    <ele>0.22</ele>
   </trkpt>
   <trkpt lat="52.135310000000004" lon="4.66368">
    <ele>0.16</ele>
   </trkpt>
   <trkpt lat="52.135934999911846" lon="4.663655000354395">
    <ele>0.18000000000000002</ele>
   </trkpt>
   <trkpt lat="52.13656" lon="4.66363">
    <ele>0.15000000000000002</ele>
   </trkpt>
   <trkpt lat="52.136970000000005" lon="4.66363">
    <ele>0.11</ele>
   </trkpt>
   <trkpt lat="52.13739" lon="4.66368">
    <ele>0.030000000000000002</ele>
   </trkpt>
   <trkpt lat="52.13759" lon="4.66366">
    <ele>0.02</ele>
   </trkpt>
   <trkpt lat="52.138090000000005" lon="4.6635100000000005">
    <ele>-0.17</ele>
   </trkpt>
   <trkpt lat="52.138720000000006" lon="4.66335">
    <ele>-0.17</ele>
   </trkpt>
   <trkpt lat="52.138940000000005" lon="4.66331">
    <ele>-0.2</ele>
   </trkpt>
   <trkpt lat="52.139700000000005" lon="4.663480000000001">
    <ele>-0.17</ele>
   </trkpt>
   <trkpt lat="52.13975000000001" lon="4.66345">
    <ele>-0.17</ele>
   </trkpt>
   <trkpt lat="52.139810000000004" lon="4.6633700000000005">
    <ele>-0.16</ele>
   </trkpt>
   <trkpt lat="52.1403" lon="4.662540000000001">
    <ele>-0.38</ele>
   </trkpt>
   <trkpt lat="52.14081" lon="4.6618200000000005">
    <ele>-0.32</ele>
   </trkpt>
   <trkpt lat="52.141400000000004" lon="4.66092">
    <ele>-0.25</ele>
   </trkpt>
   <trkpt lat="52.14146" lon="4.66082">
    <ele>-0.25</ele>
   </trkpt>
   <trkpt lat="52.14161000000001" lon="4.66042">
    <ele>-0.21</ele>
   </trkpt>
   <trkpt lat="52.141850000000005" lon="4.65953">
    <ele>-0.17</ele>
   </trkpt>
   <trkpt lat="52.14193" lon="4.65909">
    <ele>-0.2</ele>
   </trkpt>
   <trkpt lat="52.1421250171486" lon="4.657927515235996">
    <ele>-0.36000000000000004</ele>
   </trkpt>
   <trkpt lat="52.14232002286874" lon="4.656765020291503">
    <ele>-0.44</ele>
   </trkpt>
   <trkpt lat="52.142515017160285" lon="4.655602515166955">
    <ele>-0.36000000000000004</ele>
   </trkpt>
   <trkpt lat="52.14271" lon="4.65444">
    <ele>-0.5</ele>
   </trkpt>
   <trkpt lat="52.14275000000001" lon="4.6541500000000005">
    <ele>-0.5</ele>
   </trkpt>
   <trkpt lat="52.14282000000001" lon="4.6536">
    <ele>-0.44</ele>
   </trkpt>
   <trkpt lat="52.142860000000006" lon="4.653020000000001">
    <ele>-0.29</ele>
   </trkpt>
   <trkpt lat="52.14286000301919" lon="4.652174999963738">
    <ele>-0.54</ele>
   </trkpt>
   <trkpt lat="52.142860000000006" lon="4.651330000000001">
    <ele>-0.71</ele>
   </trkpt>
   <trkpt lat="52.14287" lon="4.650810000000001">
    <ele>-0.5</ele>
   </trkpt>
   <trkpt lat="52.142830000000004" lon="4.65066">
    <ele>-0.62</ele>
   </trkpt>
   <trkpt lat="52.1428" lon="4.64972">
    <ele>-0.25</ele>
   </trkpt>
   <trkpt lat="52.142830000000004" lon="4.64944">
    <ele>0.2</ele>
   </trkpt>
   <trkpt lat="52.14300000000001" lon="4.6486">
    <ele>1.77</ele>
   </trkpt>
   <trkpt lat="52.14302000000001" lon="4.6481200000000005">
    <ele>2.69</ele>
   </trkpt>
   <trkpt lat="52.142990000000005" lon="4.64742">
    <ele>3.6400000000000006</ele>
   </trkpt>
   <trkpt lat="52.14293000000001" lon="4.646660000000001">
    <ele>3.3800000000000003</ele>
   </trkpt>
   <trkpt lat="52.142860000000006" lon="4.64611">
    <ele>2.89</ele>
   </trkpt>
   <trkpt lat="52.142770000000006" lon="4.64578">
    <ele>1.36</ele>
   </trkpt>
   <trkpt lat="52.14266000000001" lon="4.645510000000001">
    <ele>1.36</ele>
   </trkpt>
   <trkpt lat="52.14244000000001" lon="4.6451400000000005">
    <ele>0.060000000000000005</ele>
   </trkpt>
   <trkpt lat="52.14199000000001" lon="4.64444">
    <ele>-0.62</ele>
   </trkpt>
   <trkpt lat="52.141890000000004" lon="4.64421">
    <ele>-0.75</ele>
   </trkpt>
   <trkpt lat="52.14175" lon="4.643680000000001">
    <ele>-0.67</ele>
   </trkpt>
   <trkpt lat="52.141690000000004" lon="4.64372">
    <ele>-0.54</ele>
   </trkpt>
   <trkpt lat="52.14151500208317" lon="4.643014997155367">
    <ele>-0.88</ele>
   </trkpt>
   <trkpt lat="52.14134000000001" lon="4.64231">
    <ele>-0.93</ele>
   </trkpt>
   <trkpt lat="52.141090000000005" lon="4.641170000000001">
    <ele>-1.05</ele>
   </trkpt>
   <trkpt lat="52.14081" lon="4.6397900000000005">
    <ele>-0.9700000000000001</ele>
   </trkpt>
   <trkpt lat="52.14068" lon="4.63905">
    <ele>-0.9700000000000001</ele>
   </trkpt>
   <trkpt lat="52.14054000369257" lon="4.638114997033771">
    <ele>-0.88</ele>
   </trkpt>
   <trkpt lat="52.14040000000001" lon="4.637180000000001">
    <ele>-0.75</ele>
   </trkpt>
   <trkpt lat="52.14026751612379" lon="4.6360524899139195">
    <ele>-0.67</ele>
   </trkpt>
   <trkpt lat="52.14013502149647" lon="4.634924986535795">
    <ele>-0.54</ele>
   </trkpt>
   <trkpt lat="52.14000251611812" lon="4.633797489866097">
    <ele>-0.42</ele>
   </trkpt>
   <trkpt lat="52.13987" lon="4.63267">
    <ele>-0.44</ele>
   </trkpt>
   <trkpt lat="52.13975000000001" lon="4.63192">
    <ele>-0.4</ele>
   </trkpt>
   <trkpt lat="52.139540000000004" lon="4.63074">
    <ele>-0.29</ele>
   </trkpt>
   <trkpt lat="52.139390000000006" lon="4.63008">
    <ele>-0.27</ele>
   </trkpt>
   <trkpt lat="52.1392" lon="4.6294">
    <ele>-0.17</ele>
   </trkpt>
   <trkpt lat="52.138940000000005" lon="4.628640000000001">
    <ele>-0.29</ele>
   </trkpt>
   <trkpt lat="52.138740000000006" lon="4.628220000000001">
    <ele>0.030000000000000002</ele>
   </trkpt>
   <trkpt lat="52.13833" lon="4.627470000000001">
    <ele>-0.2</ele>
   </trkpt>
   <trkpt lat="52.137880002533606" lon="4.626684991943549">
    <ele>-0.23</ele>
   </trkpt>
   <trkpt lat="52.13743" lon="4.625900000000001">
    <ele>-0.31</ele>
   </trkpt>
   <trkpt lat="52.136770000000006" lon="4.625030000000001">
    <ele>-0.21</ele>
   </trkpt>
   <trkpt lat="52.13613" lon="4.62424">
    <ele>-0.2</ele>
   </trkpt>
   <trkpt lat="52.136120000000005" lon="4.624230000000001">
    <ele>-0.2</ele>
   </trkpt>
   <trkpt lat="52.13553500623555" lon="4.62352997244535">
    <ele>-0.16</ele>
   </trkpt>
   <trkpt lat="52.13495000832678" lon="4.622829963276332">
    <ele>-0.17</ele>
   </trkpt>
   <trkpt lat="52.13436500627389" lon="4.622129972492205">
    <ele>-0.22</ele>
   </trkpt>
   <trkpt lat="52.13378" lon="4.62143">
    <ele>-0.36000000000000004</ele>
   </trkpt>
   <trkpt lat="52.13334500150453" lon="4.620864994683977">
    <ele>-0.27</ele>
   </trkpt>
   <trkpt lat="52.13291" lon="4.6203">
    <ele>-0.32</ele>
   </trkpt>
   <trkpt lat="52.13264" lon="4.61993">
    <ele>-0.27</ele>
   </trkpt>
   <trkpt lat="52.13221000000001" lon="4.61925">
    <ele>-0.31</ele>
   </trkpt>
   <trkpt lat="52.13197" lon="4.61878">
    <ele>-0.31</ele>
   </trkpt>
   <trkpt lat="52.13147000554568" lon="4.6176399873200245">
    <ele>-0.27</ele>
   </trkpt>
   <trkpt lat="52.130970000000005" lon="4.6165">
    <ele>-0.31</ele>
   </trkpt>
   <trkpt lat="52.13077000201897" lon="4.615829997396541">
    <ele>-0.34</ele>
   </trkpt>
   <trkpt lat="52.130570000000006" lon="4.61516">
    <ele>-0.31</ele>
   </trkpt>
   <trkpt lat="52.13035000000001" lon="4.61448">
    <ele>-0.27</ele>
   </trkpt>
   <trkpt lat="52.13012000617028" lon="4.613274993935941">
    <ele>-0.31</ele>
   </trkpt>
   <trkpt lat="52.12989" lon="4.61207">
    <ele>-0.27</ele>
   </trkpt>
   <trkpt lat="52.129830000000005" lon="4.6115200000000005">
    <ele>-0.27</ele>
   </trkpt>
   <trkpt lat="52.129760000000005" lon="4.611210000000001">
    <ele>-0.31</ele>
   </trkpt>
   <trkpt lat="52.129780000000004" lon="4.610790000000001">
    <ele>-0.38</ele>
   </trkpt>
   <trkpt lat="52.12991" lon="4.60967">
    <ele>-0.4900000000000001</ele>
   </trkpt>
   <trkpt lat="52.129960000000004" lon="4.60883">
    <ele>-0.4</ele>
   </trkpt>
   <trkpt lat="52.130030000000005" lon="4.60857">
    <ele>-0.4</ele>
   </trkpt>
   <trkpt lat="52.130135002530224" lon="4.607805001399318">
    <ele>-0.36000000000000004</ele>
   </trkpt>
   <trkpt lat="52.13024000000001" lon="4.6070400000000005">
    <ele>-0.25</ele>
   </trkpt>
   <trkpt lat="52.130410004173186" lon="4.606045003875444">
    <ele>-0.17</ele>
   </trkpt>
   <trkpt lat="52.13058" lon="4.60505">
    <ele>-0.17</ele>
   </trkpt>
   <trkpt lat="52.13077334205817" lon="4.60403334224664">
    <ele>-0.19</ele>
   </trkpt>
   <trkpt lat="52.13096667537443" lon="4.6030166756699">
    <ele>-0.32</ele>
   </trkpt>
   <trkpt lat="52.13116" lon="4.602">
    <ele>-0.23</ele>
   </trkpt>
   <trkpt lat="52.131420000000006" lon="4.600750000000001">
    <ele>-0.27</ele>
   </trkpt>
   <trkpt lat="52.13167000000001" lon="4.59978">
    <ele>-0.25</ele>
   </trkpt>
   <trkpt lat="52.13186000655816" lon="4.598535005287208">
    <ele>-0.38</ele>
   </trkpt>
   <trkpt lat="52.13205000000001" lon="4.59729">
    <ele>-0.16</ele>
   </trkpt>
   <trkpt lat="52.132200000000005" lon="4.59623">
    <ele>0.14</ele>
   </trkpt>
   <trkpt lat="52.132250000000006" lon="4.5957300000000005">
    <ele>0.19</ele>
   </trkpt>
   <trkpt lat="52.132250000000006" lon="4.59558">
    <ele>0.030000000000000002</ele>
   </trkpt>
   <trkpt lat="52.132220000000004" lon="4.595230000000001">
    <ele>-0.4</ele>
   </trkpt>
   <trkpt lat="52.132290000000005" lon="4.59417">
    <ele>-0.16</ele>
   </trkpt>
   <trkpt lat="52.132450000000006" lon="4.5932200000000005">
    <ele>-0.4</ele>
   </trkpt>
   <trkpt lat="52.132470000000005" lon="4.5929">
    <ele>-0.4</ele>
   </trkpt>
   <trkpt lat="52.13246" lon="4.5925400000000005">
    <ele>-0.4</ele>
   </trkpt>
   <trkpt lat="52.13241000000001" lon="4.59225">
    <ele>-0.34</ele>
   </trkpt>
   <trkpt lat="52.13233" lon="4.591950000000001">
    <ele>-0.34</ele>
   </trkpt>
   <trkpt lat="52.13194501193355" lon="4.590979974845179">
    <ele>0.25</ele>
   </trkpt>
   <trkpt lat="52.13156001590907" lon="4.59000996645488">
    <ele>-0.31</ele>
   </trkpt>
   <trkpt lat="52.131175011926786" lon="4.589039974828929">
    <ele>-0.22</ele>
   </trkpt>
   <trkpt lat="52.130790000000005" lon="4.58807">
    <ele>-0.29</ele>
   </trkpt>
   <trkpt lat="52.1304600018957" lon="4.587409995218821">
    <ele>-0.31</ele>
   </trkpt>
   <trkpt lat="52.13013" lon="4.58675">
    <ele>-0.34</ele>
   </trkpt>
   <trkpt lat="52.12970000000001" lon="4.585730000000001">
    <ele>-0.32</ele>
   </trkpt>
   <trkpt lat="52.129580000000004" lon="4.585380000000001">
    <ele>-0.32</ele>
   </trkpt>
   <trkpt lat="52.129300004424415" lon="4.58435999367995">
    <ele>-0.42</ele>
   </trkpt>
   <trkpt lat="52.129020000000004" lon="4.583340000000001">
    <ele>-0.32</ele>
   </trkpt>
   <trkpt lat="52.12884000441633" lon="4.582314995707285">
    <ele>-0.42</ele>
   </trkpt>
   <trkpt lat="52.12866" lon="4.58129">
    <ele>-0.44</ele>
   </trkpt>
   <trkpt lat="52.12858000000001" lon="4.58044">
    <ele>-0.44</ele>
   </trkpt>
   <trkpt lat="52.128530000000005" lon="4.57958">
    <ele>-0.53</ele>
   </trkpt>
   <trkpt lat="52.128510000000006" lon="4.57856">
    <ele>-0.42</ele>
   </trkpt>
   <trkpt lat="52.12852" lon="4.577400000000001">
    <ele>-0.4</ele>
   </trkpt>
   <trkpt lat="52.12855000308499" lon="4.576545000760068">
    <ele>-0.42</ele>
   </trkpt>
   <trkpt lat="52.12858000000001" lon="4.575690000000001">
    <ele>-0.31</ele>
   </trkpt>
   <trkpt lat="52.128675004441064" lon="4.5746650022064905">
    <ele>-0.31</ele>
   </trkpt>
   <trkpt lat="52.12877" lon="4.57364">
    <ele>-0.34</ele>
   </trkpt>
   <trkpt lat="52.128870000000006" lon="4.57303">
    <ele>-0.38</ele>
   </trkpt>
   <trkpt lat="52.12906667698005" lon="4.571926676309442">
    <ele>-0.19</ele>
   </trkpt>
   <trkpt lat="52.129263343664086" lon="4.570823342878812">
    <ele>-0.08</ele>
   </trkpt>
   <trkpt lat="52.12946" lon="4.56972">
    <ele>-0.09000000000000001</ele>
   </trkpt>
   <trkpt lat="52.12946" lon="4.5696200000000005">
    <ele>-0.09000000000000001</ele>
   </trkpt>
   <trkpt lat="52.12937" lon="4.5696">
    <ele>-0.05</ele>
   </trkpt>
   <trkpt lat="52.12947000310828" lon="4.568745001774821">
    <ele>-0.04</ele>
   </trkpt>
   <trkpt lat="52.12957" lon="4.56789">
    <ele>-0.04</ele>
   </trkpt>
   <trkpt lat="52.129765003966725" lon="4.566920004306126">
    <ele>-0.23</ele>
   </trkpt>
   <trkpt lat="52.129960000000004" lon="4.56595">
    <ele>-0.38</ele>
   </trkpt>
   <trkpt lat="52.13013500244327" lon="4.5651900029821695">
    <ele>-0.27</ele>
   </trkpt>
   <trkpt lat="52.13031" lon="4.564430000000001">
    <ele>-0.2</ele>
   </trkpt>
   <trkpt lat="52.13067" lon="4.5634500000000005">
    <ele>0.04</ele>
   </trkpt>
   <trkpt lat="52.130955001974826" lon="4.562760004507031">
    <ele>0.16</ele>
   </trkpt>
   <trkpt lat="52.131240000000005" lon="4.56207">
    <ele>0.030000000000000002</ele>
   </trkpt>
   <trkpt lat="52.13148" lon="4.561450000000001">
    <ele>0.11</ele>
   </trkpt>
   <trkpt lat="52.13194000000001" lon="4.56045">
    <ele>-0.27</ele>
   </trkpt>
   <trkpt lat="52.13215" lon="4.56005">
    <ele>-0.29</ele>
   </trkpt>
   <trkpt lat="52.13259500229981" lon="4.559340006823646">
    <ele>-0.34</ele>
   </trkpt>
   <trkpt lat="52.13304" lon="4.55863">
    <ele>0.060000000000000005</ele>
   </trkpt>
   <trkpt lat="52.133430000000004" lon="4.55809">
    <ele>-0.25</ele>
   </trkpt>
   <trkpt lat="52.13402500222886" lon="4.5573600097801785">
    <ele>-0.16</ele>
   </trkpt>
   <trkpt lat="52.134620000000005" lon="4.55663">
    <ele>-0.04</ele>
   </trkpt>
   <trkpt lat="52.135040000000004" lon="4.55614">
    <ele>0.04</ele>
   </trkpt>
   <trkpt lat="52.1353" lon="4.55586">
    <ele>0.15000000000000002</ele>
   </trkpt>
   <trkpt lat="52.135850001985645" lon="4.555180008358337">
    <ele>-0.34</ele>
   </trkpt>
   <trkpt lat="52.1364" lon="4.5545">
    <ele>-0.16</ele>
   </trkpt>
   <trkpt lat="52.13677500149976" lon="4.553900005087199">
    <ele>-0.25</ele>
   </trkpt>
   <trkpt lat="52.137150000000005" lon="4.5533">
    <ele>-0.05</ele>
   </trkpt>
   <trkpt lat="52.13748500114179" lon="4.552750004361951">
    <ele>-0.21</ele>
   </trkpt>
   <trkpt lat="52.137820000000005" lon="4.5522">
    <ele>-0.38</ele>
   </trkpt>
   <trkpt lat="52.138380000000005" lon="4.55114">
    <ele>0.17</ele>
   </trkpt>
   <trkpt lat="52.138745002446086" lon="4.550385006113084">
    <ele>-0.04</ele>
   </trkpt>
   <trkpt lat="52.13911" lon="4.5496300000000005">
    <ele>0.0</ele>
   </trkpt>
   <trkpt lat="52.139340000000004" lon="4.549110000000001">
    <ele>-0.09000000000000001</ele>
   </trkpt>
   <trkpt lat="52.13977000483298" lon="4.548040010350625">
    <ele>-0.04</ele>
   </trkpt>
   <trkpt lat="52.14020000000001" lon="4.54697">
    <ele>-0.11</ele>
   </trkpt>
   <trkpt lat="52.14041" lon="4.546390000000001">
    <ele>-0.11</ele>
   </trkpt>
   <trkpt lat="52.14065" lon="4.5457">
    <ele>-0.15000000000000002</ele>
   </trkpt>
   <trkpt lat="52.14076000000001" lon="4.5453">
    <ele>-0.16</ele>
   </trkpt>
   <trkpt lat="52.14092500343703" lon="4.544395003496397">
    <ele>0.01</ele>
   </trkpt>
   <trkpt lat="52.141090000000005" lon="4.54349">
    <ele>-0.1</ele>
   </trkpt>
   <trkpt lat="52.14117" lon="4.5429">
    <ele>-0.11</ele>
   </trkpt>
   <trkpt lat="52.141220000000004" lon="4.54239">
    <ele>-0.08</ele>
   </trkpt>
   <trkpt lat="52.14125000000001" lon="4.54159">
    <ele>-0.02</ele>
   </trkpt>
   <trkpt lat="52.14123000000001" lon="4.5410900000000005">
    <ele>0.0</ele>
   </trkpt>
   <trkpt lat="52.14119" lon="4.539820000000001">
    <ele>0.22</ele>
   </trkpt>
   <trkpt lat="52.14112" lon="4.53857">
    <ele>0.27</ele>
   </trkpt>
   <trkpt lat="52.1411" lon="4.53739">
    <ele>-0.31</ele>
   </trkpt>
   <trkpt lat="52.14114000000001" lon="4.5361400000000005">
    <ele>-0.25</ele>
   </trkpt>
   <trkpt lat="52.14122500287025" lon="4.535315001649721">
    <ele>-0.25</ele>
   </trkpt>
   <trkpt lat="52.141310000000004" lon="4.534490000000001">
    <ele>0.21</ele>
   </trkpt>
   <trkpt lat="52.14148" lon="4.53324">
    <ele>0.1</ele>
   </trkpt>
   <trkpt lat="52.14159" lon="4.53258">
    <ele>-0.16</ele>
   </trkpt>
   <trkpt lat="52.14175" lon="4.53181">
    <ele>0.17</ele>
   </trkpt>
   <trkpt lat="52.142050000000005" lon="4.53207">
    <ele>0.38</ele>
   </trkpt>
   <trkpt lat="52.142210000000006" lon="4.53138">
    <ele>0.68</ele>
   </trkpt>
   <trkpt lat="52.14247" lon="4.530600000000001">
    <ele>0.36000000000000004</ele>
   </trkpt>
   <trkpt lat="52.14269" lon="4.53002">
    <ele>0.25</ele>
   </trkpt>
   <trkpt lat="52.14282000000001" lon="4.52974">
    <ele>0.25</ele>
   </trkpt>
   <trkpt lat="52.14300000000001" lon="4.529330000000001">
    <ele>0.27</ele>
   </trkpt>
   <trkpt lat="52.14352" lon="4.528390000000001">
    <ele>0.29</ele>
   </trkpt>
   <trkpt lat="52.143840000000004" lon="4.52791">
    <ele>0.39</ele>
   </trkpt>
   <trkpt lat="52.14420000091195" lon="4.527415004172198">
    <ele>0.37000000000000005</ele>
   </trkpt>
   <trkpt lat="52.144560000000006" lon="4.5269200000000005">
    <ele>0.29</ele>
   </trkpt>
   <trkpt lat="52.14481000000001" lon="4.52663">
    <ele>0.11</ele>
   </trkpt>
   <trkpt lat="52.144960000000005" lon="4.526490000000001">
    <ele>0.11</ele>
   </trkpt>
   <trkpt lat="52.145380000596795" lon="4.526115003534938">
    <ele>0.1</ele>
   </trkpt>
   <trkpt lat="52.1458" lon="4.525740000000001">
    <ele>0.13</ele>
   </trkpt>
   <trkpt lat="52.14656" lon="4.5251600000000005">
    <ele>0.12000000000000001</ele>
   </trkpt>
   <trkpt lat="52.14702000033339" lon="4.5249300023211685">
    <ele>0.23</ele>
   </trkpt>
   <trkpt lat="52.14748" lon="4.5247">
    <ele>0.52</ele>
   </trkpt>
   <trkpt lat="52.147760000000005" lon="4.5245500000000005">
    <ele>0.7300000000000001</ele>
   </trkpt>
   <trkpt lat="52.14857000000001" lon="4.5242">
    <ele>0.5700000000000001</ele>
   </trkpt>
   <trkpt lat="52.149100000000004" lon="4.52395">
    <ele>0.62</ele>
   </trkpt>
   <trkpt lat="52.14954" lon="4.52381">
    <ele>0.6600000000000001</ele>
   </trkpt>
   <trkpt lat="52.14960000000001" lon="4.523820000000001">
    <ele>0.6600000000000001</ele>
   </trkpt>
   <trkpt lat="52.14967000000001" lon="4.52385">
    <ele>0.6600000000000001</ele>
   </trkpt>
   <trkpt lat="52.149750000000004" lon="4.52376">
    <ele>0.7200000000000001</ele>
   </trkpt>
   <trkpt lat="52.149840000000005" lon="4.5237300000000005">
    <ele>0.7200000000000001</ele>
   </trkpt>
   <trkpt lat="52.150020000000005" lon="4.523630000000001">
    <ele>0.77</ele>
   </trkpt>
   <trkpt lat="52.150420000000004" lon="4.52339">
    <ele>0.8</ele>
   </trkpt>
   <trkpt lat="52.15113500041746" lon="4.523080004973664">
    <ele>0.93</ele>
   </trkpt>
   <trkpt lat="52.15185" lon="4.52277">
    <ele>0.6900000000000001</ele>
   </trkpt>
   <trkpt lat="52.15193000000001" lon="4.5227900000000005">
    <ele>0.6900000000000001</ele>
   </trkpt>
   <trkpt lat="52.15195000000001" lon="4.52275">
    <ele>0.6900000000000001</ele>
   </trkpt>
   <trkpt lat="52.151990000000005" lon="4.522740000000001">
    <ele>0.6900000000000001</ele>
   </trkpt>
   <trkpt lat="52.15203" lon="4.52277">
    <ele>0.63</ele>
   </trkpt>
   <trkpt lat="52.15207" lon="4.5225800000000005">
    <ele>0.63</ele>
   </trkpt>
   <trkpt lat="52.152390000000004" lon="4.52247">
    <ele>0.7000000000000001</ele>
   </trkpt>
   <trkpt lat="52.152460000000005" lon="4.522480000000001">
    <ele>0.7000000000000001</ele>
   </trkpt>
   <trkpt lat="52.15251000000001" lon="4.52245">
    <ele>0.7000000000000001</ele>
   </trkpt>
   <trkpt lat="52.15295500009939" lon="4.522300001497937">
    <ele>0.78</ele>
   </trkpt>
   <trkpt lat="52.153400000000005" lon="4.522150000000001">
    <ele>1.1</ele>
   </trkpt>
   <trkpt lat="52.153490000000005" lon="4.522150000000001">
    <ele>1.1</ele>
   </trkpt>
   <trkpt lat="52.15370000000001" lon="4.52205">
    <ele>1.1300000000000001</ele>
   </trkpt>
   <trkpt lat="52.15453000008734" lon="4.52189500289263">
    <ele>0.8500000000000001</ele>
   </trkpt>
   <trkpt lat="52.15536" lon="4.52174">
    <ele>0.79</ele>
   </trkpt>
   <trkpt lat="52.15565" lon="4.52165">
    <ele>0.79</ele>
   </trkpt>
   <trkpt lat="52.155640000000005" lon="4.521590000000001">
    <ele>0.76</ele>
   </trkpt>
   <trkpt lat="52.156110000000005" lon="4.521450000000001">
    <ele>0.68</ele>
   </trkpt>
   <trkpt lat="52.156530000000004" lon="4.52121">
    <ele>0.7000000000000001</ele>
   </trkpt>
   <trkpt lat="52.156690000000005" lon="4.52111">
    <ele>0.7000000000000001</ele>
   </trkpt>
   <trkpt lat="52.15692000000001" lon="4.520930000000001">
    <ele>0.67</ele>
   </trkpt>
   <trkpt lat="52.15729" lon="4.52059">
    <ele>0.9</ele>
   </trkpt>
   <trkpt lat="52.157340000000005" lon="4.52062">
    <ele>0.9</ele>
   </trkpt>
   <trkpt lat="52.15739000000001" lon="4.52074">
    <ele>0.9100000000000001</ele>
   </trkpt>
   <trkpt lat="52.158" lon="4.51984">
    <ele>0.79</ele>
   </trkpt>
   <trkpt lat="52.15845" lon="4.5191300000000005">
    <ele>0.81</ele>
   </trkpt>
   <trkpt lat="52.15901" lon="4.51822">
    <ele>0.75</ele>
   </trkpt>
   <trkpt lat="52.15959000695831" lon="4.517313356951907">
    <ele>0.9600000000000001</ele>
   </trkpt>
   <trkpt lat="52.16017000696595" lon="4.516406690273729">
    <ele>0.8</ele>
   </trkpt>
   <trkpt lat="52.16075000000001" lon="4.5155">
    <ele>0.9600000000000001</ele>
   </trkpt>
   <trkpt lat="52.160830000000004" lon="4.51543">
    <ele>1.2000000000000002</ele>
   </trkpt>
   <trkpt lat="52.16093000000001" lon="4.515370000000001">
    <ele>1.2000000000000002</ele>
   </trkpt>
   <trkpt lat="52.161170000000006" lon="4.51531">
    <ele>1.4900000000000002</ele>
   </trkpt>
   <trkpt lat="52.16118" lon="4.51506">
    <ele>1.84</ele>
   </trkpt>
   <trkpt lat="52.16123" lon="4.5145800000000005">
    <ele>2.02</ele>
   </trkpt>
   <trkpt lat="52.16131000000001" lon="4.51405">
    <ele>1.35</ele>
   </trkpt>
   <trkpt lat="52.161410000000004" lon="4.51362">
    <ele>0.8600000000000001</ele>
   </trkpt>
   <trkpt lat="52.16151000000001" lon="4.51301">
    <ele>0.68</ele>
   </trkpt>
   <trkpt lat="52.161530000000006" lon="4.512720000000001">
    <ele>0.7000000000000001</ele>
   </trkpt>
   <trkpt lat="52.161530000000006" lon="4.51192">
    <ele>0.9100000000000001</ele>
   </trkpt>
   <trkpt lat="52.16156000261638" lon="4.511135000236931">
    <ele>0.81</ele>
   </trkpt>
   <trkpt lat="52.161590000000004" lon="4.510350000000001">
    <ele>0.7000000000000001</ele>
   </trkpt>
   <trkpt lat="52.16164500299376" lon="4.5095100008748075">
    <ele>0.7000000000000001</ele>
   </trkpt>
   <trkpt lat="52.1617" lon="4.50867">
    <ele>0.7200000000000001</ele>
   </trkpt>
   <trkpt lat="52.16178000000001" lon="4.50783">
    <ele>0.7400000000000001</ele>
   </trkpt>
   <trkpt lat="52.161820000000006" lon="4.50689">
    <ele>0.76</ele>
   </trkpt>
   <trkpt lat="52.16180000000001" lon="4.50671">
    <ele>0.76</ele>
   </trkpt>
   <trkpt lat="52.16181" lon="4.506150000000001">
    <ele>0.81</ele>
   </trkpt>
   <trkpt lat="52.16180000000001" lon="4.50556">
    <ele>1.2000000000000002</ele>
   </trkpt>
   <trkpt lat="52.16178000000001" lon="4.50546">
    <ele>1.61</ele>
   </trkpt>
   <trkpt lat="52.16124000000001" lon="4.505540000000001">
    <ele>1.6</ele>
   </trkpt>
   <trkpt lat="52.16109" lon="4.50569">
    <ele>1.3200000000000003</ele>
   </trkpt>
   <trkpt lat="52.16087" lon="4.50603">
    <ele>1.26</ele>
   </trkpt>
   <trkpt lat="52.1608" lon="4.506080000000001">
    <ele>1.18</ele>
   </trkpt>
   <trkpt lat="52.16071" lon="4.5061">
    <ele>1.18</ele>
   </trkpt>
   <trkpt lat="52.16064" lon="4.506080000000001">
    <ele>1.18</ele>
   </trkpt>
   <trkpt lat="52.160540000000005" lon="4.50598">
    <ele>1.11</ele>
   </trkpt>
   <trkpt lat="52.160090000000004" lon="4.505260000000001">
    <ele>1.17</ele>
   </trkpt>
   <trkpt lat="52.15999000000001" lon="4.50511">
    <ele>1.17</ele>
   </trkpt>
   <trkpt lat="52.15995" lon="4.50508">
    <ele>1.16</ele>
   </trkpt>
   <trkpt lat="52.159650000000006" lon="4.505000000000001">
    <ele>1.2300000000000002</ele>
   </trkpt>
   <trkpt lat="52.15955" lon="4.50501">
    <ele>1.24</ele>
   </trkpt>
   <trkpt lat="52.15948" lon="4.50504">
    <ele>1.24</ele>
   </trkpt>
   <trkpt lat="52.159020000000005" lon="4.50556">
    <ele>1.36</ele>
   </trkpt>
   <trkpt lat="52.159020000000005" lon="4.50555">
    <ele>1.36</ele>
   </trkpt>
   <trkpt lat="52.15899" lon="4.505590000000001">
    <ele>1.36</ele>
   </trkpt>
   <trkpt lat="52.15889000000001" lon="4.50563">
    <ele>1.36</ele>
   </trkpt>
   <trkpt lat="52.15881" lon="4.505610000000001">
    <ele>1.58</ele>
   </trkpt>
   <trkpt lat="52.15872" lon="4.505520000000001">
    <ele>1.58</ele>
   </trkpt>
   <trkpt lat="52.15863" lon="4.505380000000001">
    <ele>1.62</ele>
   </trkpt>
   <trkpt lat="52.158300000000004" lon="4.50466">
    <ele>1.86</ele>
   </trkpt>
   <trkpt lat="52.15823" lon="4.504560000000001">
    <ele>1.86</ele>
   </trkpt>
   <trkpt lat="52.15787" lon="4.504440000000001">
    <ele>1.6600000000000001</ele>
   </trkpt>
   <trkpt lat="52.1578" lon="4.504440000000001">
    <ele>1.6600000000000001</ele>
   </trkpt>
   <trkpt lat="52.15771" lon="4.5045">
    <ele>1.6600000000000001</ele>
   </trkpt>
   <trkpt lat="52.15748000000001" lon="4.50473">
    <ele>1.62</ele>
   </trkpt>
   <trkpt lat="52.157340000000005" lon="4.504770000000001">
    <ele>1.62</ele>
   </trkpt>
   <trkpt lat="52.15719000000001" lon="4.50476">
    <ele>1.61</ele>
   </trkpt>
   <trkpt lat="52.15710000000001" lon="4.504720000000001">
    <ele>1.61</ele>
   </trkpt>
   <trkpt lat="52.15699000000001" lon="4.50464">
    <ele>1.61</ele>
   </trkpt>
   <trkpt lat="52.15682" lon="4.50441">
    <ele>1.6600000000000001</ele>
   </trkpt>
   <trkpt lat="52.15659" lon="4.50399">
    <ele>1.7100000000000002</ele>
   </trkpt>
   <trkpt lat="52.15648" lon="4.503900000000001">
    <ele>1.7100000000000002</ele>
   </trkpt>
   <trkpt lat="52.1561" lon="4.5038">
    <ele>1.9100000000000001</ele>
   </trkpt>
   <trkpt lat="52.15596000000001" lon="4.503780000000001">
    <ele>1.9100000000000001</ele>
   </trkpt>
   <trkpt lat="52.155800000000006" lon="4.503830000000001">
    <ele>2.04</ele>
   </trkpt>
   <trkpt lat="52.15542000000001" lon="4.50387">
    <ele>2.35</ele>
   </trkpt>
   <trkpt lat="52.15541" lon="4.503150000000001">
    <ele>2.4400000000000004</ele>
   </trkpt>
   <trkpt lat="52.15538" lon="4.5030600000000005">
    <ele>2.4400000000000004</ele>
   </trkpt>
   <trkpt lat="52.155390000000004" lon="4.502020000000001">
    <ele>2.5300000000000002</ele>
   </trkpt>
   <trkpt lat="52.15540000435569" lon="4.501005000230328">
    <ele>2.14</ele>
   </trkpt>
   <trkpt lat="52.15541" lon="4.49999">
    <ele>2.2900000000000005</ele>
   </trkpt>
   <trkpt lat="52.15540000000001" lon="4.4995400000000005">
    <ele>2.2900000000000005</ele>
   </trkpt>
   <trkpt lat="52.155510002488995" lon="4.498770002026925">
    <ele>2.5500000000000003</ele>
   </trkpt>
   <trkpt lat="52.155620000000006" lon="4.498">
    <ele>2.8800000000000003</ele>
   </trkpt>
   <trkpt lat="52.15572" lon="4.49709">
    <ele>2.72</ele>
   </trkpt>
   <trkpt lat="52.15586500503417" lon="4.496000003467833">
    <ele>2.65</ele>
   </trkpt>
   <trkpt lat="52.15601" lon="4.49491">
    <ele>2.8800000000000003</ele>
   </trkpt>
   <trkpt lat="52.15619" lon="4.4949">
    <ele>2.82</ele>
   </trkpt>
   <trkpt lat="52.156490000000005" lon="4.49502">
    <ele>2.85</ele>
   </trkpt>
   <trkpt lat="52.156580000000005" lon="4.49464">
    <ele>2.6300000000000003</ele>
   </trkpt>
   <trkpt lat="52.156690000000005" lon="4.4943">
    <ele>2.66</ele>
   </trkpt>
   <trkpt lat="52.15690000000001" lon="4.493790000000001">
    <ele>3.54</ele>
   </trkpt>
   <trkpt lat="52.15664" lon="4.4934400000000005">
    <ele>3.86</ele>
   </trkpt>
   <trkpt lat="52.1565" lon="4.49321">
    <ele>3.97</ele>
   </trkpt>
   <trkpt lat="52.15643000000001" lon="4.493130000000001">
    <ele>3.94</ele>
   </trkpt>
   <trkpt lat="52.15636000000001" lon="4.4930900000000005">
    <ele>3.8800000000000003</ele>
   </trkpt>
   <trkpt lat="52.156330000000004" lon="4.4930900000000005">
    <ele>3.8800000000000003</ele>
   </trkpt>
   <trkpt lat="52.156710000000004" lon="4.49233">
    <ele>4.08</ele>
   </trkpt>
   <trkpt lat="52.15693" lon="4.49197">
    <ele>4.33</ele>
   </trkpt>
   <trkpt lat="52.15713" lon="4.491680000000001">
    <ele>4.580000000000001</ele>
   </trkpt>
   <trkpt lat="52.157790005962596" lon="4.490840024915573">
    <ele>5.220000000000001</ele>
   </trkpt>
   <trkpt lat="52.15845000595904" lon="4.490000024920599">
    <ele>5.2700000000000005</ele>
   </trkpt>
   <trkpt lat="52.159110000000005" lon="4.48916">
    <ele>4.540000000000001</ele>
   </trkpt>
   <trkpt lat="52.15945000000001" lon="4.48857">
    <ele>4.16</ele>
   </trkpt>
   <trkpt lat="52.159670000000006" lon="4.488090000000001">
    <ele>3.62</ele>
   </trkpt>
   <trkpt lat="52.15982" lon="4.48766">
    <ele>3.1500000000000004</ele>
   </trkpt>
   <trkpt lat="52.15988" lon="4.4874">
    <ele>3.1500000000000004</ele>
   </trkpt>
   <trkpt lat="52.159940000000006" lon="4.48711">
    <ele>3.0100000000000002</ele>
   </trkpt>
   <trkpt lat="52.16004" lon="4.4865">
    <ele>2.7600000000000002</ele>
   </trkpt>
   <trkpt lat="52.16008000000001" lon="4.485930000000001">
    <ele>2.7600000000000002</ele>
   </trkpt>
   <trkpt lat="52.160140000000006" lon="4.48554">
    <ele>2.67</ele>
   </trkpt>
   <trkpt lat="52.160210000000006" lon="4.484990000000001">
    <ele>2.69</ele>
   </trkpt>
   <trkpt lat="52.16022" lon="4.48385">
    <ele>2.35</ele>
   </trkpt>
   <trkpt lat="52.16019000000001" lon="4.483420000000001">
    <ele>2.23</ele>
   </trkpt>
   <trkpt lat="52.160100005547" lon="4.4822749977394825">
    <ele>2.19</ele>
   </trkpt>
   <trkpt lat="52.16001000000001" lon="4.48113">
    <ele>2.5300000000000002</ele>
   </trkpt>
   <trkpt lat="52.15988000471654" lon="4.480074997007361">
    <ele>3.2600000000000002</ele>
   </trkpt>
   <trkpt lat="52.15975" lon="4.47902">
    <ele>2.39</ele>
   </trkpt>
   <trkpt lat="52.159470000000006" lon="4.477790000000001">
    <ele>2.35</ele>
   </trkpt>
   <trkpt lat="52.15917" lon="4.47672">
    <ele>1.75</ele>
   </trkpt>
   <trkpt lat="52.158880002498876" lon="4.475964995312266">
    <ele>1.59</ele>
   </trkpt>
   <trkpt lat="52.158590000000004" lon="4.475210000000001">
    <ele>1.52</ele>
   </trkpt>
   <trkpt lat="52.15854" lon="4.47498">
    <ele>1.59</ele>
   </trkpt>
   <trkpt lat="52.158170000000005" lon="4.474410000000001">
    <ele>1.75</ele>
   </trkpt>
   <trkpt lat="52.15784000000001" lon="4.474">
    <ele>1.7100000000000002</ele>
   </trkpt>
   <trkpt lat="52.157560000000004" lon="4.47376">
    <ele>1.8300000000000003</ele>
   </trkpt>
   <trkpt lat="52.15726" lon="4.47346">
    <ele>1.8200000000000003</ele>
   </trkpt>
   <trkpt lat="52.15652000161965" lon="4.472829989476895">
    <ele>1.93</ele>
   </trkpt>
   <trkpt lat="52.15578000000001" lon="4.4722">
    <ele>1.9500000000000002</ele>
   </trkpt>
   <trkpt lat="52.15536" lon="4.471990000000001">
    <ele>1.31</ele>
   </trkpt>
   <trkpt lat="52.15525" lon="4.471920000000001">
    <ele>1.24</ele>
   </trkpt>
   <trkpt lat="52.15520000000001" lon="4.47187">
    <ele>1.24</ele>
   </trkpt>
   <trkpt lat="52.15493000000001" lon="4.47234">
    <ele>0.9600000000000001</ele>
   </trkpt>
   <trkpt lat="52.15485" lon="4.472250000000001">
    <ele>0.9600000000000001</ele>
   </trkpt>
   <trkpt lat="52.1546" lon="4.4718800000000005">
    <ele>1.01</ele>
   </trkpt>
   <trkpt lat="52.15451" lon="4.4716700000000005">
    <ele>1.31</ele>
   </trkpt>
   <trkpt lat="52.15442" lon="4.4714100000000006">
    <ele>1.31</ele>
   </trkpt>
   <trkpt lat="52.15431" lon="4.470770000000001">
    <ele>1.42</ele>
   </trkpt>
   <trkpt lat="52.154250000000005" lon="4.47055">
    <ele>1.42</ele>
   </trkpt>
   <trkpt lat="52.154160000000005" lon="4.4703100000000004">
    <ele>1.42</ele>
   </trkpt>
   <trkpt lat="52.153760000000005" lon="4.469720000000001">
    <ele>1.31</ele>
   </trkpt>
   <trkpt lat="52.15364" lon="4.4695">
    <ele>1.31</ele>
   </trkpt>
   <trkpt lat="52.153310000000005" lon="4.46898">
    <ele>1.24</ele>
   </trkpt>
   <trkpt lat="52.15296500193087" lon="4.468309994871692">
    <ele>1.2200000000000002</ele>
   </trkpt>
   <trkpt lat="52.152620000000006" lon="4.46764">
    <ele>1.26</ele>
   </trkpt>
   <trkpt lat="52.152640000000005" lon="4.4676800000000005">
    <ele>1.26</ele>
   </trkpt>
   <trkpt lat="52.152300000000004" lon="4.467020000000001">
    <ele>1.25</ele>
   </trkpt>
   <trkpt lat="52.151970000000006" lon="4.466410000000001">
    <ele>1.43</ele>
   </trkpt>
   <trkpt lat="52.15182" lon="4.4661800000000005">
    <ele>1.56</ele>
   </trkpt>
   <trkpt lat="52.15144000178854" lon="4.465534994544907">
    <ele>2.04</ele>
   </trkpt>
   <trkpt lat="52.15106" lon="4.4648900000000005">
    <ele>2.5900000000000003</ele>
   </trkpt>
   <trkpt lat="52.150850000000005" lon="4.46457">
    <ele>2.71</ele>
   </trkpt>
   <trkpt lat="52.150470000000006" lon="4.46382">
    <ele>2.73</ele>
   </trkpt>
   <trkpt lat="52.15021" lon="4.46353">
    <ele>2.52</ele>
   </trkpt>
   <trkpt lat="52.149930000000005" lon="4.463290000000001">
    <ele>2.02</ele>
   </trkpt>
   <trkpt lat="52.150000000000006" lon="4.46305">
    <ele>2.2</ele>
   </trkpt>
   <trkpt lat="52.15008" lon="4.46286">
    <ele>2.22</ele>
   </trkpt>
   <trkpt lat="52.15048" lon="4.46204">
    <ele>1.8200000000000003</ele>
   </trkpt>
   <trkpt lat="52.150490000000005" lon="4.4619">
    <ele>1.75</ele>
   </trkpt>
   <trkpt lat="52.15048" lon="4.4618">
    <ele>1.56</ele>
   </trkpt>
   <trkpt lat="52.15044" lon="4.46171">
    <ele>1.56</ele>
   </trkpt>
   <trkpt lat="52.15014000000001" lon="4.46128">
    <ele>0.77</ele>
   </trkpt>
   <trkpt lat="52.15006" lon="4.461110000000001">
    <ele>0.58</ele>
   </trkpt>
   <trkpt lat="52.150000000000006" lon="4.4608300000000005">
    <ele>0.55</ele>
   </trkpt>
   <trkpt lat="52.149950000000004" lon="4.460430000000001">
    <ele>0.51</ele>
   </trkpt>
   <trkpt lat="52.149910000000006" lon="4.460430000000001">
    <ele>0.44</ele>
   </trkpt>
   <trkpt lat="52.149420000000006" lon="4.4598">
    <ele>0.41000000000000003</ele>
   </trkpt>
   <trkpt lat="52.14927" lon="4.4596">
    <ele>0.39</ele>
   </trkpt>
   <trkpt lat="52.14912" lon="4.45932">
    <ele>0.29</ele>
   </trkpt>
   <trkpt lat="52.14893000000001" lon="4.45905">
    <ele>0.38</ele>
   </trkpt>
   <trkpt lat="52.148720000000004" lon="4.4587900000000005">
    <ele>0.38</ele>
   </trkpt>
   <trkpt lat="52.14851" lon="4.45863">
    <ele>0.4</ele>
   </trkpt>
   <trkpt lat="52.14833" lon="4.4585300000000005">
    <ele>0.34</ele>
   </trkpt>
   <trkpt lat="52.14809" lon="4.45828">
    <ele>0.28</ele>
   </trkpt>
   <trkpt lat="52.148" lon="4.45823">
    <ele>0.28</ele>
   </trkpt>
   <trkpt lat="52.14782" lon="4.458200000000001">
    <ele>0.28</ele>
   </trkpt>
   <trkpt lat="52.14768" lon="4.4581">
    <ele>0.19</ele>
   </trkpt>
   <trkpt lat="52.147295000580094" lon="4.457689996315855">
    <ele>0.17</ele>
   </trkpt>
   <trkpt lat="52.146910000000005" lon="4.457280000000001">
    <ele>0.24000000000000002</ele>
   </trkpt>
   <trkpt lat="52.146840000000005" lon="4.4572">
    <ele>0.33000000000000007</ele>
   </trkpt>
   <trkpt lat="52.14683" lon="4.45709">
    <ele>0.33000000000000007</ele>
   </trkpt>
   <trkpt lat="52.1469" lon="4.456930000000001">
    <ele>0.41000000000000003</ele>
   </trkpt>
   <trkpt lat="52.146910000000005" lon="4.456770000000001">
    <ele>0.41000000000000003</ele>
   </trkpt>
   <trkpt lat="52.14688" lon="4.456770000000001">
    <ele>0.41000000000000003</ele>
   </trkpt>
   <trkpt lat="52.14669000000001" lon="4.45657">
    <ele>0.29</ele>
   </trkpt>
   <trkpt lat="52.146510000000006" lon="4.45643">
    <ele>0.29</ele>
   </trkpt>
   <trkpt lat="52.14636" lon="4.4562">
    <ele>0.060000000000000005</ele>
   </trkpt>
   <trkpt lat="52.146040000000006" lon="4.45596">
    <ele>0.030000000000000002</ele>
   </trkpt>
   <trkpt lat="52.14574" lon="4.45551">
    <ele>-0.04</ele>
   </trkpt>
   <trkpt lat="52.145430000000005" lon="4.45514">
    <ele>-0.04</ele>
   </trkpt>
   <trkpt lat="52.14531" lon="4.45505">
    <ele>-0.34</ele>
   </trkpt>
   <trkpt lat="52.14465500207595" lon="4.454344989602868">
    <ele>-0.14</ele>
   </trkpt>
   <trkpt lat="52.144000000000005" lon="4.45364">
    <ele>-0.11</ele>
   </trkpt>
   <trkpt lat="52.1437" lon="4.45345">
    <ele>-0.11</ele>
   </trkpt>
   <trkpt lat="52.14340000000001" lon="4.453110000000001">
    <ele>-0.16</ele>
   </trkpt>
   <trkpt lat="52.14293000000001" lon="4.45247">
    <ele>-0.25</ele>
   </trkpt>
   <trkpt lat="52.142500000000005" lon="4.452">
    <ele>-0.29</ele>
   </trkpt>
   <trkpt lat="52.14244000000001" lon="4.452">
    <ele>-0.29</ele>
   </trkpt>
   <trkpt lat="52.1424" lon="4.45197">
    <ele>-0.29</ele>
   </trkpt>
   <trkpt lat="52.142320000000005" lon="4.4518200000000006">
    <ele>-0.32</ele>
   </trkpt>
   <trkpt lat="52.142070000000004" lon="4.4514700000000005">
    <ele>-0.58</ele>
   </trkpt>
   <trkpt lat="52.141685000962795" lon="4.451049996605888">
    <ele>-0.59</ele>
   </trkpt>
   <trkpt lat="52.1413" lon="4.45063">
    <ele>-0.64</ele>
   </trkpt>
   <trkpt lat="52.141000000000005" lon="4.4503">
    <ele>-0.5</ele>
   </trkpt>
   <trkpt lat="52.14086" lon="4.45024">
    <ele>-0.5</ele>
   </trkpt>
   <trkpt lat="52.140550000000005" lon="4.44988">
    <ele>-0.31</ele>
   </trkpt>
   <trkpt lat="52.14047000000001" lon="4.44988">
    <ele>-0.29</ele>
   </trkpt>
   <trkpt lat="52.13990000222193" lon="4.450390013033663">
    <ele>-0.55</ele>
   </trkpt>
   <trkpt lat="52.1393300022441" lon="4.4509000130136025">
    <ele>-0.44</ele>
   </trkpt>
   <trkpt lat="52.138760000000005" lon="4.45141">
    <ele>0.2</ele>
   </trkpt>
   <trkpt lat="52.138720000000006" lon="4.45148">
    <ele>0.26</ele>
   </trkpt>
   <trkpt lat="52.138560000000005" lon="4.451630000000001">
    <ele>0.36000000000000004</ele>
   </trkpt>
   <trkpt lat="52.13834000000001" lon="4.4510000000000005">
    <ele>0.030000000000000002</ele>
   </trkpt>
   <trkpt lat="52.138270000000006" lon="4.45091">
    <ele>0.030000000000000002</ele>
   </trkpt>
   <trkpt lat="52.138220000000004" lon="4.4508">
    <ele>0.030000000000000002</ele>
   </trkpt>
   <trkpt lat="52.13797" lon="4.450060000000001">
    <ele>-0.29</ele>
   </trkpt>
   <trkpt lat="52.137800000000006" lon="4.44974">
    <ele>-0.29</ele>
   </trkpt>
   <trkpt lat="52.137405001115546" lon="4.4492449957100035">
    <ele>-0.21</ele>
   </trkpt>
   <trkpt lat="52.137010000000004" lon="4.44875">
    <ele>-0.29</ele>
   </trkpt>
   <trkpt lat="52.136770000000006" lon="4.4484900000000005">
    <ele>-0.31</ele>
   </trkpt>
   <trkpt lat="52.136100000000006" lon="4.44763">
    <ele>-0.17</ele>
   </trkpt>
   <trkpt lat="52.13599000000001" lon="4.447450000000001">
    <ele>-0.21</ele>
   </trkpt>
   <trkpt lat="52.13575" lon="4.44716">
    <ele>-0.16</ele>
   </trkpt>
   <trkpt lat="52.135540000000006" lon="4.44686">
    <ele>-0.09000000000000001</ele>
   </trkpt>
   <trkpt lat="52.13523000000001" lon="4.4465200000000005">
    <ele>-0.08</ele>
   </trkpt>
   <trkpt lat="52.13499" lon="4.44622">
    <ele>-0.1</ele>
   </trkpt>
   <trkpt lat="52.13444500203588" lon="4.445524991488897">
    <ele>-0.29</ele>
   </trkpt>
   <trkpt lat="52.133900000000004" lon="4.4448300000000005">
    <ele>0.07</ele>
   </trkpt>
   <trkpt lat="52.1338" lon="4.4446900000000005">
    <ele>0.09000000000000001</ele>
   </trkpt>
   <trkpt lat="52.133700000000005" lon="4.444520000000001">
    <ele>0.09000000000000001</ele>
   </trkpt>
   <trkpt lat="52.133410000000005" lon="4.44413">
    <ele>-0.04</ele>
   </trkpt>
   <trkpt lat="52.13288000000001" lon="4.443510000000001">
    <ele>0.14</ele>
   </trkpt>
   <trkpt lat="52.13261000000001" lon="4.44322">
    <ele>0.18000000000000002</ele>
   </trkpt>
   <trkpt lat="52.132380000000005" lon="4.44308">
    <ele>0.29</ele>
   </trkpt>
   <trkpt lat="52.132160000000006" lon="4.443040000000001">
    <ele>0.33000000000000007</ele>
   </trkpt>
   <trkpt lat="52.132110000000004" lon="4.44308">
    <ele>0.060000000000000005</ele>
   </trkpt>
   <trkpt lat="52.13206" lon="4.4432">
    <ele>0.060000000000000005</ele>
   </trkpt>
   <trkpt lat="52.13177" lon="4.44362">
    <ele>0.060000000000000005</ele>
   </trkpt>
   <trkpt lat="52.131730000000005" lon="4.443650000000001">
    <ele>0.07</ele>
   </trkpt>
   <trkpt lat="52.13167000000001" lon="4.44364">
    <ele>0.02</ele>
   </trkpt>
   <trkpt lat="52.131620000000005" lon="4.4436100000000005">
    <ele>0.02</ele>
   </trkpt>
   <trkpt lat="52.13156000000001" lon="4.4435400000000005">
    <ele>0.02</ele>
   </trkpt>
   <trkpt lat="52.13087" lon="4.44261">
    <ele>0.43000000000000005</ele>
   </trkpt>
   <trkpt lat="52.13083" lon="4.44259">
    <ele>0.43000000000000005</ele>
   </trkpt>
   <trkpt lat="52.13138000000001" lon="4.44148">
    <ele>0.36000000000000004</ele>
   </trkpt>
   <trkpt lat="52.131460000000004" lon="4.4412400000000005">
    <ele>0.36000000000000004</ele>
   </trkpt>
   <trkpt lat="52.13149000000001" lon="4.440440000000001">
    <ele>0.30000000000000004</ele>
   </trkpt>
   <trkpt lat="52.13149000000001" lon="4.44027">
    <ele>0.30000000000000004</ele>
   </trkpt>
   <trkpt lat="52.13143" lon="4.440130000000001">
    <ele>0.18000000000000002</ele>
   </trkpt>
   <trkpt lat="52.13089" lon="4.43966">
    <ele>0.27</ele>
   </trkpt>
   <trkpt lat="52.13062000000001" lon="4.4393400000000005">
    <ele>0.25</ele>
   </trkpt>
   <trkpt lat="52.130190000000006" lon="4.438770000000001">
    <ele>0.22</ele>
   </trkpt>
   <trkpt lat="52.129540000000006" lon="4.438070000000001">
    <ele>0.25</ele>
   </trkpt>
   <trkpt lat="52.129400000000004" lon="4.43787">
    <ele>0.25</ele>
   </trkpt>
   <trkpt lat="52.12901" lon="4.43743">
    <ele>0.46</ele>
   </trkpt>
   <trkpt lat="52.12834" lon="4.436730000000001">
    <ele>0.46</ele>
   </trkpt>
   <trkpt lat="52.12809000000001" lon="4.43665">
    <ele>0.36000000000000004</ele>
   </trkpt>
   <trkpt lat="52.12798" lon="4.43658">
    <ele>0.36000000000000004</ele>
   </trkpt>
   <trkpt lat="52.12744000000001" lon="4.43602">
    <ele>0.07</ele>
   </trkpt>
   <trkpt lat="52.12675" lon="4.43534">
    <ele>0.54</ele>
   </trkpt>
   <trkpt lat="52.126670000000004" lon="4.43524">
    <ele>0.56</ele>
   </trkpt>
   <trkpt lat="52.126630000000006" lon="4.43494">
    <ele>0.7300000000000001</ele>
   </trkpt>
   <trkpt lat="52.12662" lon="4.434640000000001">
    <ele>0.99</ele>
   </trkpt>
   <trkpt lat="52.12661000000001" lon="4.43456">
    <ele>1.04</ele>
   </trkpt>
   <trkpt lat="52.12657" lon="4.434500000000001">
    <ele>1.04</ele>
   </trkpt>
   <trkpt lat="52.126120001331465" lon="4.43393499427113">
    <ele>0.88</ele>
   </trkpt>
   <trkpt lat="52.12567000000001" lon="4.43337">
    <ele>0.43000000000000005</ele>
   </trkpt>
   <trkpt lat="52.125620000000005" lon="4.43336">
    <ele>0.43000000000000005</ele>
   </trkpt>
   <trkpt lat="52.125490000000006" lon="4.433400000000001">
    <ele>0.6600000000000001</ele>
   </trkpt>
   <trkpt lat="52.125420000000005" lon="4.43336">
    <ele>0.6600000000000001</ele>
   </trkpt>
   <trkpt lat="52.12474" lon="4.43257">
    <ele>0.46</ele>
   </trkpt>
   <trkpt lat="52.12431" lon="4.4319500000000005">
    <ele>0.5</ele>
   </trkpt>
   <trkpt lat="52.123850000000004" lon="4.4313400000000005">
    <ele>0.56</ele>
   </trkpt>
   <trkpt lat="52.123740000000005" lon="4.431170000000001">
    <ele>0.44</ele>
   </trkpt>
   <trkpt lat="52.12364" lon="4.430960000000001">
    <ele>0.44</ele>
   </trkpt>
   <trkpt lat="52.123176670564554" lon="4.430279985841384">
    <ele>0.41000000000000003</ele>
   </trkpt>
   <trkpt lat="52.12271333721793" lon="4.429599985822078">
    <ele>0.37000000000000005</ele>
   </trkpt>
   <trkpt lat="52.12225" lon="4.428920000000001">
    <ele>0.0</ele>
   </trkpt>
   <trkpt lat="52.12164500339793" lon="4.42801498761651">
    <ele>-0.17</ele>
   </trkpt>
   <trkpt lat="52.12104000000001" lon="4.427110000000001">
    <ele>0.02</ele>
   </trkpt>
   <trkpt lat="52.12089" lon="4.42685">
    <ele>0.26</ele>
   </trkpt>
   <trkpt lat="52.120850000000004" lon="4.4267">
    <ele>0.26</ele>
   </trkpt>
   <trkpt lat="52.1208" lon="4.4266000000000005">
    <ele>0.15000000000000002</ele>
   </trkpt>
   <trkpt lat="52.120460001029215" lon="4.426094996074395">
    <ele>0.01</ele>
   </trkpt>
   <trkpt lat="52.12012000000001" lon="4.425590000000001">
    <ele>0.2</ele>
   </trkpt>
   <trkpt lat="52.12006" lon="4.42551">
    <ele>0.2</ele>
   </trkpt>
   <trkpt lat="52.119930000000004" lon="4.425420000000001">
    <ele>-0.04</ele>
   </trkpt>
   <trkpt lat="52.11939" lon="4.42462">
    <ele>-0.08</ele>
   </trkpt>
   <trkpt lat="52.119130000000006" lon="4.424180000000001">
    <ele>-0.09000000000000001</ele>
   </trkpt>
   <trkpt lat="52.118930000000006" lon="4.42403">
    <ele>-0.09000000000000001</ele>
   </trkpt>
   <trkpt lat="52.11847000206416" lon="4.423344993049449">
    <ele>-0.02</ele>
   </trkpt>
   <trkpt lat="52.118010000000005" lon="4.4226600000000005">
    <ele>0.17</ele>
   </trkpt>
   <trkpt lat="52.11788000000001" lon="4.42239">
    <ele>0.15000000000000002</ele>
   </trkpt>
   <trkpt lat="52.117760000000004" lon="4.422280000000001">
    <ele>0.030000000000000002</ele>
   </trkpt>
   <trkpt lat="52.11729333733159" lon="4.421596652429964">
    <ele>-0.01</ele>
   </trkpt>
   <trkpt lat="52.11682667071334" lon="4.420913319167734">
    <ele>0.04</ele>
   </trkpt>
   <trkpt lat="52.11636000000001" lon="4.42023">
    <ele>0.29</ele>
   </trkpt>
   <trkpt lat="52.11616000000001" lon="4.41971">
    <ele>-0.5</ele>
   </trkpt>
   <trkpt lat="52.115500000000004" lon="4.41872">
    <ele>-0.54</ele>
   </trkpt>
   <trkpt lat="52.11542000000001" lon="4.41866">
    <ele>-0.4900000000000001</ele>
   </trkpt>
   <trkpt lat="52.115100000000005" lon="4.418500000000001">
    <ele>0.62</ele>
   </trkpt>
   <trkpt lat="52.115050000000004" lon="4.41851">
    <ele>0.62</ele>
   </trkpt>
   <trkpt lat="52.114810000000006" lon="4.419250000000001">
    <ele>0.75</ele>
   </trkpt>
   <trkpt lat="52.114760000000004" lon="4.41929">
    <ele>0.75</ele>
   </trkpt>
   <trkpt lat="52.114705003614425" lon="4.41836499878461">
    <ele>-1.07</ele>
   </trkpt>
   <trkpt lat="52.114650000000005" lon="4.41744">
    <ele>-3.33</ele>
   </trkpt>
   <trkpt lat="52.11458500237453" lon="4.4166899988541">
    <ele>-3.8100000000000005</ele>
   </trkpt>
   <trkpt lat="52.114520000000006" lon="4.41594">
    <ele>-3.58</ele>
   </trkpt>
   <trkpt lat="52.11446" lon="4.41568">
    <ele>-3.58</ele>
   </trkpt>
   <trkpt lat="52.114380000000004" lon="4.415500000000001">
    <ele>-3.58</ele>
   </trkpt>
   <trkpt lat="52.11400500143746" lon="4.414904994900056">
    <ele>-2.47</ele>
   </trkpt>
   <trkpt lat="52.11363000000001" lon="4.41431">
    <ele>-0.27</ele>
   </trkpt>
   <trkpt lat="52.113550000000004" lon="4.41415">
    <ele>0.07</ele>
   </trkpt>
   <trkpt lat="52.113510000000005" lon="4.41396">
    <ele>0.22</ele>
   </trkpt>
   <trkpt lat="52.11337" lon="4.41397">
    <ele>-0.67</ele>
   </trkpt>
   <trkpt lat="52.1133" lon="4.41392">
    <ele>-0.67</ele>
   </trkpt>
   <trkpt lat="52.11289000183506" lon="4.413274994187081">
    <ele>-1.16</ele>
   </trkpt>
   <trkpt lat="52.112480000000005" lon="4.41263">
    <ele>-0.99</ele>
   </trkpt>
   <trkpt lat="52.111905003797084" lon="4.411669987450584">
    <ele>-0.75</ele>
   </trkpt>
   <trkpt lat="52.11133" lon="4.410710000000001">
    <ele>-0.39</ele>
   </trkpt>
   <trkpt lat="52.11133" lon="4.4107">
    <ele>-0.39</ele>
   </trkpt>
   <trkpt lat="52.111290000000004" lon="4.41063">
    <ele>-0.39</ele>
   </trkpt>
   <trkpt lat="52.11081" lon="4.41009">
    <ele>-0.32</ele>
   </trkpt>
   <trkpt lat="52.110400000000006" lon="4.409420000000001">
    <ele>0.21</ele>
   </trkpt>
   <trkpt lat="52.11021" lon="4.40918">
    <ele>0.19</ele>
   </trkpt>
   <trkpt lat="52.10969000000001" lon="4.4087000000000005">
    <ele>0.21</ele>
   </trkpt>
   <trkpt lat="52.109390000000005" lon="4.40829">
    <ele>0.28</ele>
   </trkpt>
   <trkpt lat="52.109190000000005" lon="4.407970000000001">
    <ele>0.29</ele>
   </trkpt>
   <trkpt lat="52.109010000000005" lon="4.407590000000001">
    <ele>0.22</ele>
   </trkpt>
   <trkpt lat="52.10887" lon="4.407220000000001">
    <ele>0.2</ele>
   </trkpt>
   <trkpt lat="52.10866000000001" lon="4.40648">
    <ele>0.02</ele>
   </trkpt>
   <trkpt lat="52.10857000000001" lon="4.4062600000000005">
    <ele>-0.15000000000000002</ele>
   </trkpt>
   <trkpt lat="52.10846" lon="4.40611">
    <ele>-0.38</ele>
   </trkpt>
   <trkpt lat="52.108340000000005" lon="4.4061">
    <ele>-0.44</ele>
   </trkpt>
   <trkpt lat="52.10830000000001" lon="4.406140000000001">
    <ele>-0.44</ele>
   </trkpt>
   <trkpt lat="52.10785000230495" lon="4.406865007184877">
    <ele>-1.42</ele>
   </trkpt>
   <trkpt lat="52.107400000000005" lon="4.407590000000001">
    <ele>-0.02</ele>
   </trkpt>
   <trkpt lat="52.10691667122521" lon="4.406856650783556">
    <ele>0.23</ele>
   </trkpt>
   <trkpt lat="52.10643333790097" lon="4.406123317464274">
    <ele>0.38</ele>
   </trkpt>
   <trkpt lat="52.10595000000001" lon="4.405390000000001">
    <ele>0.44</ele>
   </trkpt>
   <trkpt lat="52.1056" lon="4.4047600000000005">
    <ele>0.4900000000000001</ele>
   </trkpt>
   <trkpt lat="52.10515251281446" lon="4.403754969740343">
    <ele>0.4</ele>
   </trkpt>
   <trkpt lat="52.10470501708416" lon="4.4027499596504445">
    <ele>0.41000000000000003</ele>
   </trkpt>
   <trkpt lat="52.10425751280939" lon="4.401744969729959">
    <ele>0.37000000000000005</ele>
   </trkpt>
   <trkpt lat="52.10381" lon="4.400740000000001">
    <ele>0.15000000000000002</ele>
   </trkpt>
   <trkpt lat="52.10371000000001" lon="4.4001600000000005">
    <ele>-0.05</ele>
   </trkpt>
   <trkpt lat="52.10331000000001" lon="4.3992700000000005">
    <ele>-0.25</ele>
   </trkpt>
   <trkpt lat="52.103120000000004" lon="4.398840000000001">
    <ele>-0.27</ele>
   </trkpt>
   <trkpt lat="52.103" lon="4.398750000000001">
    <ele>-0.27</ele>
   </trkpt>
   <trkpt lat="52.10278" lon="4.398280000000001">
    <ele>-0.38</ele>
   </trkpt>
   <trkpt lat="52.102410000000006" lon="4.39738">
    <ele>-0.4</ele>
   </trkpt>
   <trkpt lat="52.102000000000004" lon="4.396450000000001">
    <ele>-0.4</ele>
   </trkpt>
   <trkpt lat="52.10195" lon="4.39642">
    <ele>-0.4</ele>
   </trkpt>
   <trkpt lat="52.101890000000004" lon="4.39642">
    <ele>-0.4</ele>
   </trkpt>
   <trkpt lat="52.101850000000006" lon="4.3963600000000005">
    <ele>-0.36000000000000004</ele>
   </trkpt>
   <trkpt lat="52.101530000000004" lon="4.39559">
    <ele>-0.36000000000000004</ele>
   </trkpt>
   <trkpt lat="52.101510000000005" lon="4.39536">
    <ele>-0.46</ele>
   </trkpt>
   <trkpt lat="52.101020000000005" lon="4.39424">
    <ele>-0.42</ele>
   </trkpt>
   <trkpt lat="52.10101" lon="4.394150000000001">
    <ele>-0.42</ele>
   </trkpt>
   <trkpt lat="52.10103" lon="4.39395">
    <ele>-0.38</ele>
   </trkpt>
   <trkpt lat="52.1011" lon="4.39364">
    <ele>-0.4</ele>
   </trkpt>
   <trkpt lat="52.101090000000006" lon="4.39344">
    <ele>-0.4</ele>
   </trkpt>
   <trkpt lat="52.101020000000005" lon="4.393210000000001">
    <ele>-0.4</ele>
   </trkpt>
   <trkpt lat="52.100840000000005" lon="4.392860000000001">
    <ele>-0.4</ele>
   </trkpt>
   <trkpt lat="52.10060000000001" lon="4.39245">
    <ele>-0.44</ele>
   </trkpt>
   <trkpt lat="52.10047" lon="4.39217">
    <ele>-0.4</ele>
   </trkpt>
   <trkpt lat="52.10007000358475" lon="4.391244991624769">
    <ele>-0.38</ele>
   </trkpt>
   <trkpt lat="52.09967" lon="4.39032">
    <ele>-0.25</ele>
   </trkpt>
   <trkpt lat="52.099610000000006" lon="4.39022">
    <ele>-0.25</ele>
   </trkpt>
   <trkpt lat="52.099450000000004" lon="4.39003">
    <ele>-0.19</ele>
   </trkpt>
   <trkpt lat="52.09899000000001" lon="4.38912">
    <ele>-0.16</ele>
   </trkpt>
   <trkpt lat="52.09863000000001" lon="4.38867">
    <ele>-0.18000000000000002</ele>
   </trkpt>
   <trkpt lat="52.098420000000004" lon="4.3885000000000005">
    <ele>-0.16</ele>
   </trkpt>
   <trkpt lat="52.09837" lon="4.38842">
    <ele>-0.16</ele>
   </trkpt>
   <trkpt lat="52.09789669088518" lon="4.3873499432371394">
    <ele>-0.19</ele>
   </trkpt>
   <trkpt lat="52.09742337208348" lon="4.386279909182298">
    <ele>-0.15000000000000002</ele>
   </trkpt>
   <trkpt lat="52.096950043595314" lon="4.38520989783507">
    <ele>-0.29</ele>
   </trkpt>
   <trkpt lat="52.096476705421" lon="4.384139909195051">
    <ele>-0.25</ele>
   </trkpt>
   <trkpt lat="52.096003357560924" lon="4.383069943261837">
    <ele>-0.08</ele>
   </trkpt>
   <trkpt lat="52.095530000000004" lon="4.382000000000001">
    <ele>-0.15000000000000002</ele>
   </trkpt>
   <trkpt lat="52.095530000000004" lon="4.38199">
    <ele>-0.15000000000000002</ele>
   </trkpt>
   <trkpt lat="52.09504502567513" lon="4.380888273459129">
    <ele>-0.08</ele>
   </trkpt>
   <trkpt lat="52.09456004108124" lon="4.37978657087212">
    <ele>-0.04</ele>
   </trkpt>
   <trkpt lat="52.09407504621876" lon="4.378684892238541">
    <ele>-0.04</ele>
   </trkpt>
   <trkpt lat="52.0935900410881" lon="4.37758323755796">
    <ele>0.0</ele>
   </trkpt>
   <trkpt lat="52.09310502568966" lon="4.376481606829947">
    <ele>0.07</ele>
   </trkpt>
   <trkpt lat="52.092620000000004" lon="4.375380000000001">
    <ele>0.23</ele>
   </trkpt>
   <trkpt lat="52.092530000000004" lon="4.37516">
    <ele>1.18</ele>
   </trkpt>
   <trkpt lat="52.092490000000005" lon="4.37485">
    <ele>1.29</ele>
   </trkpt>
   <trkpt lat="52.09245000000001" lon="4.37467">
    <ele>1.41</ele>
   </trkpt>
   <trkpt lat="52.091930000000005" lon="4.3735800000000005">
    <ele>0.38</ele>
   </trkpt>
   <trkpt lat="52.091800000000006" lon="4.373480000000001">
    <ele>0.46</ele>
   </trkpt>
   <trkpt lat="52.09169000000001" lon="4.3733200000000005">
    <ele>0.46</ele>
   </trkpt>
   <trkpt lat="52.09147" lon="4.37291">
    <ele>0.48000000000000004</ele>
   </trkpt>
   <trkpt lat="52.09123" lon="4.37258">
    <ele>0.53</ele>
   </trkpt>
   <trkpt lat="52.091170000000005" lon="4.37248">
    <ele>0.53</ele>
   </trkpt>
   <trkpt lat="52.090990000000005" lon="4.37187">
    <ele>0.71</ele>
   </trkpt>
   <trkpt lat="52.09063500273209" lon="4.3710799939190625">
    <ele>0.8600000000000001</ele>
   </trkpt>
   <trkpt lat="52.09028000000001" lon="4.370290000000001">
    <ele>0.8</ele>
   </trkpt>
   <trkpt lat="52.090090000000004" lon="4.37004">
    <ele>0.8</ele>
   </trkpt>
   <trkpt lat="52.08993" lon="4.36993">
    <ele>0.8300000000000001</ele>
   </trkpt>
   <trkpt lat="52.08935" lon="4.36964">
    <ele>0.9</ele>
   </trkpt>
   <trkpt lat="52.089290000000005" lon="4.3695900000000005">
    <ele>0.9</ele>
   </trkpt>
   <trkpt lat="52.089180000000006" lon="4.369420000000001">
    <ele>1.0</ele>
   </trkpt>
   <trkpt lat="52.08907000000001" lon="4.369210000000001">
    <ele>1.0</ele>
   </trkpt>
   <trkpt lat="52.08916000000001" lon="4.3691">
    <ele>0.92</ele>
   </trkpt>
   <trkpt lat="52.089240000000004" lon="4.3689">
    <ele>0.8</ele>
   </trkpt>
   <trkpt lat="52.08995000300424" lon="4.36805001358791">
    <ele>0.27</ele>
   </trkpt>
   <trkpt lat="52.09066000000001" lon="4.3672">
    <ele>0.5</ele>
   </trkpt>
   <trkpt lat="52.090770000000006" lon="4.36711">
    <ele>0.54</ele>
   </trkpt>
   <trkpt lat="52.09093000000001" lon="4.366910000000001">
    <ele>0.65</ele>
   </trkpt>
   <trkpt lat="52.09095000000001" lon="4.36686">
    <ele>0.65</ele>
   </trkpt>
   <trkpt lat="52.09156" lon="4.3661">
    <ele>0.9</ele>
   </trkpt>
   <trkpt lat="52.09143" lon="4.36578">
    <ele>0.9500000000000001</ele>
   </trkpt>
   <trkpt lat="52.09143" lon="4.3655800000000005">
    <ele>1.2100000000000002</ele>
   </trkpt>
   <trkpt lat="52.09136" lon="4.365460000000001">
    <ele>1.2100000000000002</ele>
   </trkpt>
   <trkpt lat="52.09091401653347" lon="4.3644719605307305">
    <ele>0.92</ele>
   </trkpt>
   <trkpt lat="52.090468024807585" lon="4.363483940813467">
    <ele>0.8300000000000001</ele>
   </trkpt>
   <trkpt lat="52.090022024822666" lon="4.362495940847865">
    <ele>0.9500000000000001</ele>
   </trkpt>
   <trkpt lat="52.089576016578995" lon="4.36150796063358">
    <ele>1.0</ele>
   </trkpt>
   <trkpt lat="52.089130000000004" lon="4.36052">
    <ele>1.06</ele>
   </trkpt>
   <trkpt lat="52.08906" lon="4.360390000000001">
    <ele>1.06</ele>
   </trkpt>
   <trkpt lat="52.08898000000001" lon="4.36017">
    <ele>1.06</ele>
   </trkpt>
   <trkpt lat="52.08868000195305" lon="4.359499995616088">
    <ele>1.1</ele>
   </trkpt>
   <trkpt lat="52.08838" lon="4.35883">
    <ele>1.12</ele>
   </trkpt>
   <trkpt lat="52.08834" lon="4.35878">
    <ele>1.12</ele>
   </trkpt>
   <trkpt lat="52.08827" lon="4.358630000000001">
    <ele>1.1300000000000001</ele>
   </trkpt>
   <trkpt lat="52.088210000000004" lon="4.35846">
    <ele>1.1300000000000001</ele>
   </trkpt>
   <trkpt lat="52.08769" lon="4.35728">
    <ele>1.18</ele>
   </trkpt>
   <trkpt lat="52.08757000000001" lon="4.356920000000001">
    <ele>1.1400000000000001</ele>
   </trkpt>
   <trkpt lat="52.08744" lon="4.35663">
    <ele>1.16</ele>
   </trkpt>
   <trkpt lat="52.087390000000006" lon="4.3565000000000005">
    <ele>1.33</ele>
   </trkpt>
   <trkpt lat="52.087360000000004" lon="4.35648">
    <ele>1.33</ele>
   </trkpt>
   <trkpt lat="52.087230000000005" lon="4.35627">
    <ele>1.18</ele>
   </trkpt>
   <trkpt lat="52.0868733387827" lon="4.355469987288816">
    <ele>1.26</ele>
   </trkpt>
   <trkpt lat="52.08651667215027" lon="4.3546699873657895">
    <ele>1.25</ele>
   </trkpt>
   <trkpt lat="52.08616000000001" lon="4.353870000000001">
    <ele>1.17</ele>
   </trkpt>
   <trkpt lat="52.085840000000005" lon="4.3531">
    <ele>0.9500000000000001</ele>
   </trkpt>
   <trkpt lat="52.085560002932944" lon="4.352259994573185">
    <ele>1.33</ele>
   </trkpt>
   <trkpt lat="52.085280000000004" lon="4.35142">
    <ele>1.5</ele>
   </trkpt>
   <trkpt lat="52.08514" lon="4.35104">
    <ele>1.85</ele>
   </trkpt>
   <trkpt lat="52.08476" lon="4.350140000000001">
    <ele>2.12</ele>
   </trkpt>
   <trkpt lat="52.08464000000001" lon="4.349950000000001">
    <ele>1.84</ele>
   </trkpt>
   <trkpt lat="52.084480000000006" lon="4.34957">
    <ele>1.7100000000000002</ele>
   </trkpt>
   <trkpt lat="52.084430000000005" lon="4.349620000000001">
    <ele>1.75</ele>
   </trkpt>
   <trkpt lat="52.084250000000004" lon="4.349220000000001">
    <ele>1.76</ele>
   </trkpt>
   <trkpt lat="52.084070000000004" lon="4.348610000000001">
    <ele>1.75</ele>
   </trkpt>
   <trkpt lat="52.08411" lon="4.34855">
    <ele>1.6900000000000002</ele>
   </trkpt>
   <trkpt lat="52.084120000000006" lon="4.348210000000001">
    <ele>1.58</ele>
   </trkpt>
   <trkpt lat="52.08411" lon="4.34768">
    <ele>1.4800000000000002</ele>
   </trkpt>
   <trkpt lat="52.08418334320267" lon="4.346600003546272">
    <ele>1.55</ele>
   </trkpt>
   <trkpt lat="52.08425667653622" lon="4.345520003543046">
    <ele>1.62</ele>
   </trkpt>
   <trkpt lat="52.08433" lon="4.3444400000000005">
    <ele>1.76</ele>
   </trkpt>
   <trkpt lat="52.084390000000006" lon="4.34356">
    <ele>1.9600000000000004</ele>
   </trkpt>
   <trkpt lat="52.084430000000005" lon="4.343380000000001">
    <ele>1.8300000000000003</ele>
   </trkpt>
   <trkpt lat="52.084520000000005" lon="4.34219">
    <ele>2.12</ele>
   </trkpt>
   <trkpt lat="52.08446000000001" lon="4.3413900000000005">
    <ele>2.1300000000000003</ele>
   </trkpt>
   <trkpt lat="52.08431500324049" lon="4.340514997165755">
    <ele>2.15</ele>
   </trkpt>
   <trkpt lat="52.08417000000001" lon="4.33964">
    <ele>2.67</ele>
   </trkpt>
   <trkpt lat="52.084140000000005" lon="4.339110000000001">
    <ele>2.74</ele>
   </trkpt>
   <trkpt lat="52.08399000000001" lon="4.33828">
    <ele>3.0</ele>
   </trkpt>
   <trkpt lat="52.083715004159544" lon="4.337289993947009">
    <ele>2.9400000000000004</ele>
   </trkpt>
   <trkpt lat="52.08344" lon="4.3363000000000005">
    <ele>2.9899999999999998</ele>
   </trkpt>
   <trkpt lat="52.083230001955116" lon="4.335624996912387">
    <ele>3.1400000000000006</ele>
   </trkpt>
   <trkpt lat="52.083020000000005" lon="4.33495">
    <ele>3.23</ele>
   </trkpt>
   <trkpt lat="52.082615005753155" lon="4.333784989460649">
    <ele>3.2800000000000002</ele>
   </trkpt>
   <trkpt lat="52.08221" lon="4.33262">
    <ele>3.7800000000000002</ele>
   </trkpt>
   <trkpt lat="52.082190000000004" lon="4.332450000000001">
    <ele>3.7800000000000002</ele>
   </trkpt>
   <trkpt lat="52.08213000000001" lon="4.33223">
    <ele>3.67</ele>
   </trkpt>
   <trkpt lat="52.08175001005389" lon="4.331139981442276">
    <ele>3.49</ele>
   </trkpt>
   <trkpt lat="52.08137001005465" lon="4.3300499814447795">
    <ele>3.4400000000000004</ele>
   </trkpt>
   <trkpt lat="52.08099000000001" lon="4.32896">
    <ele>4.19</ele>
   </trkpt>
   <trkpt lat="52.08084" lon="4.328860000000001">
    <ele>4.19</ele>
   </trkpt>
   <trkpt lat="52.08081000000001" lon="4.32882">
    <ele>4.61</ele>
   </trkpt>
   <trkpt lat="52.080555002090335" lon="4.328109995825789">
    <ele>5.3</ele>
   </trkpt>
   <trkpt lat="52.0803" lon="4.3274">
    <ele>7.710000000000001</ele>
   </trkpt>
   <trkpt lat="52.08003" lon="4.3266100000000005">
    <ele>9.600000000000001</ele>
   </trkpt>
   <trkpt lat="52.07999" lon="4.32639">
    <ele>9.680000000000001</ele>
   </trkpt>
   <trkpt lat="52.079640000000005" lon="4.32524">
    <ele>9.63</ele>
   </trkpt>
   <trkpt lat="52.079390002273946" lon="4.324504995849265">
    <ele>9.600000000000001</ele>
   </trkpt>
   <trkpt lat="52.07914" lon="4.323770000000001">
    <ele>9.55</ele>
   </trkpt>
   <trkpt lat="52.07867" lon="4.32256">
    <ele>7.48</ele>
   </trkpt>
   <trkpt lat="52.078320000000005" lon="4.321770000000001">
    <ele>4.2</ele>
   </trkpt>
   <trkpt lat="52.07822" lon="4.3215">
    <ele>3.85</ele>
   </trkpt>
   <trkpt lat="52.078230000000005" lon="4.32129">
    <ele>3.97</ele>
   </trkpt>
   <trkpt lat="52.078190000000006" lon="4.321210000000001">
    <ele>3.97</ele>
   </trkpt>
   <trkpt lat="52.078190000000006" lon="4.32104">
    <ele>3.95</ele>
   </trkpt>
   <trkpt lat="52.077830000000006" lon="4.32028">
    <ele>4.12</ele>
   </trkpt>
   <trkpt lat="52.07768" lon="4.320010000000001">
    <ele>4.87</ele>
   </trkpt>
   <trkpt lat="52.07770000000001" lon="4.319990000000001">
    <ele>4.87</ele>
   </trkpt>
   <trkpt lat="52.077670000000005" lon="4.319920000000001">
    <ele>4.87</ele>
   </trkpt>
   <trkpt lat="52.07762" lon="4.31998">
    <ele>8.24</ele>
   </trkpt>
   <trkpt lat="52.077450000000006" lon="4.320010000000001">
    <ele>8.24</ele>
   </trkpt>
   <trkpt lat="52.07732000000001" lon="4.31979">
    <ele>5.2700000000000005</ele>
   </trkpt>
   <trkpt lat="52.07728" lon="4.319800000000001">
    <ele>5.2700000000000005</ele>
   </trkpt>
   <trkpt lat="52.0771" lon="4.31972">
    <ele>3.6300000000000003</ele>
   </trkpt>
   <trkpt lat="52.07708" lon="4.31961">
    <ele>3.6</ele>
   </trkpt>
   <trkpt lat="52.076570000000004" lon="4.3186">
    <ele>3.6100000000000003</ele>
   </trkpt>
   <trkpt lat="52.07645" lon="4.318440000000001">
    <ele>3.6500000000000004</ele>
   </trkpt>
  </trkseg>
 </trk>
</gpx>
