<?xml version="1.0" encoding="UTF-8"?>
<gpx creator="StravaGPX" version="1.1" xmlns="http://www.topografix.com/GPX/1/1" xmlns:xsi="http://www.w3.org/2001/XMLSchema-instance" xsi:schemaLocation="http://www.topografix.com/GPX/1/1 http://www.topografix.com/GPX/1/1/gpx.xsd">
 <metadata>
  <name>VDV 55km vlietland Delft</name>
  <author>
   <name>Andrew Goudie</name>
  </author>
  <copyright author="OpenStreetMap contributors">
   <year>2020</year>
   <license>https://www.openstreetmap.org/copyright</license>
  </copyright>
 </metadata>
 <trk>
  <name>VDV 55km vlietland Delft</name>
  <link href=""/>
  <type>cycling</type>
  <trkseg>
   <trkpt lat="52.106" lon="4.358560000000001">
    <ele>2.75</ele>
   </trkpt>
   <trkpt lat="52.10569" lon="4.35904">
    <ele>2.7600000000000002</ele>
   </trkpt>
   <trkpt lat="52.10562" lon="4.35913">
    <ele>2.7</ele>
   </trkpt>
   <trkpt lat="52.10553" lon="4.3591500000000005">
    <ele>2.7</ele>
   </trkpt>
   <trkpt lat="52.105500000000006" lon="4.35914">
    <ele>2.7</ele>
   </trkpt>
   <trkpt lat="52.105470000000004" lon="4.359170000000001">
    <ele>2.7</ele>
   </trkpt>
   <trkpt lat="52.10490000000001" lon="4.36003">
    <ele>2.0900000000000003</ele>
   </trkpt>
   <trkpt lat="52.10465000000001" lon="4.3604">
    <ele>1.86</ele>
   </trkpt>
   <trkpt lat="52.10443000000001" lon="4.360650000000001">
    <ele>1.86</ele>
   </trkpt>
   <trkpt lat="52.10428" lon="4.36085">
    <ele>1.6500000000000001</ele>
   </trkpt>
   <trkpt lat="52.104240000000004" lon="4.36097">
    <ele>1.6500000000000001</ele>
   </trkpt>
   <trkpt lat="52.10417" lon="4.36106">
    <ele>1.6500000000000001</ele>
   </trkpt>
   <trkpt lat="52.1041" lon="4.361140000000001">
    <ele>1.59</ele>
   </trkpt>
   <trkpt lat="52.10401" lon="4.361190000000001">
    <ele>1.59</ele>
   </trkpt>
   <trkpt lat="52.103570000000005" lon="4.361750000000001">
    <ele>1.52</ele>
   </trkpt>
   <trkpt lat="52.10324000000001" lon="4.362170000000001">
    <ele>1.2100000000000002</ele>
   </trkpt>
   <trkpt lat="52.103120000000004" lon="4.36235">
    <ele>1.2000000000000002</ele>
   </trkpt>
   <trkpt lat="52.10302" lon="4.36254">
    <ele>1.25</ele>
   </trkpt>
   <trkpt lat="52.10295000000001" lon="4.3627400000000005">
    <ele>1.25</ele>
   </trkpt>
   <trkpt lat="52.10271" lon="4.36373">
    <ele>1.99</ele>
   </trkpt>
   <trkpt lat="52.10255" lon="4.36402">
    <ele>2.1300000000000003</ele>
   </trkpt>
   <trkpt lat="52.102430000000005" lon="4.364120000000001">
    <ele>2.1300000000000003</ele>
   </trkpt>
   <trkpt lat="52.10230000000001" lon="4.36418">
    <ele>2.17</ele>
   </trkpt>
   <trkpt lat="52.1022" lon="4.3642">
    <ele>2.17</ele>
   </trkpt>
   <trkpt lat="52.102090000000004" lon="4.364190000000001">
    <ele>2.23</ele>
   </trkpt>
   <trkpt lat="52.10192000000001" lon="4.36411">
    <ele>2.2</ele>
   </trkpt>
   <trkpt lat="52.101710000000004" lon="4.364120000000001">
    <ele>2.1100000000000003</ele>
   </trkpt>
   <trkpt lat="52.101510000000005" lon="4.363860000000001">
    <ele>2.0500000000000003</ele>
   </trkpt>
   <trkpt lat="52.101440000000004" lon="4.3637500000000005">
    <ele>1.98</ele>
   </trkpt>
   <trkpt lat="52.10141" lon="4.363650000000001">
    <ele>1.98</ele>
   </trkpt>
   <trkpt lat="52.101400000000005" lon="4.36347">
    <ele>1.79</ele>
   </trkpt>
   <trkpt lat="52.101290000000006" lon="4.36327">
    <ele>1.6500000000000001</ele>
   </trkpt>
   <trkpt lat="52.10095500294008" lon="4.364100006169457">
    <ele>1.55</ele>
   </trkpt>
   <trkpt lat="52.100620000000006" lon="4.36493">
    <ele>3.0100000000000002</ele>
   </trkpt>
   <trkpt lat="52.100480000000005" lon="4.365200000000001">
    <ele>3.49</ele>
   </trkpt>
   <trkpt lat="52.10011" lon="4.365740000000001">
    <ele>3.8300000000000005</ele>
   </trkpt>
   <trkpt lat="52.09943001068105" lon="4.366534048401951">
    <ele>3.7900000000000005</ele>
   </trkpt>
   <trkpt lat="52.09875001602806" lon="4.367328072593842">
    <ele>3.73</ele>
   </trkpt>
   <trkpt lat="52.09807001604138" lon="4.368122072576816">
    <ele>3.6</ele>
   </trkpt>
   <trkpt lat="52.097390010721256" lon="4.368916048352014">
    <ele>3.89</ele>
   </trkpt>
   <trkpt lat="52.09671" lon="4.36971">
    <ele>3.85</ele>
   </trkpt>
   <trkpt lat="52.09653" lon="4.369940000000001">
    <ele>3.85</ele>
   </trkpt>
   <trkpt lat="52.09639000000001" lon="4.37018">
    <ele>3.7900000000000005</ele>
   </trkpt>
   <trkpt lat="52.0960900015838" lon="4.370775003830373">
    <ele>3.6500000000000004</ele>
   </trkpt>
   <trkpt lat="52.09579" lon="4.371370000000001">
    <ele>2.86</ele>
   </trkpt>
   <trkpt lat="52.09563000000001" lon="4.37161">
    <ele>1.8200000000000003</ele>
   </trkpt>
   <trkpt lat="52.09525000000001" lon="4.37211">
    <ele>1.4400000000000002</ele>
   </trkpt>
   <trkpt lat="52.09505000000001" lon="4.372330000000001">
    <ele>1.41</ele>
   </trkpt>
   <trkpt lat="52.09479" lon="4.3725700000000005">
    <ele>1.4500000000000002</ele>
   </trkpt>
   <trkpt lat="52.09409333602873" lon="4.37313335091856">
    <ele>1.27</ele>
   </trkpt>
   <trkpt lat="52.09339666937248" lon="4.373696684243117">
    <ele>-0.36000000000000004</ele>
   </trkpt>
   <trkpt lat="52.09270000000001" lon="4.3742600000000005">
    <ele>-2.24</ele>
   </trkpt>
   <trkpt lat="52.092560000000006" lon="4.37431">
    <ele>-1.93</ele>
   </trkpt>
   <trkpt lat="52.092510000000004" lon="4.374300000000001">
    <ele>-1.93</ele>
   </trkpt>
   <trkpt lat="52.09243000000001" lon="4.37425">
    <ele>-1.67</ele>
   </trkpt>
   <trkpt lat="52.09235" lon="4.3741200000000005">
    <ele>-0.68</ele>
   </trkpt>
   <trkpt lat="52.092110000000005" lon="4.373620000000001">
    <ele>0.0</ele>
   </trkpt>
   <trkpt lat="52.092060000000004" lon="4.373600000000001">
    <ele>0.34</ele>
   </trkpt>
   <trkpt lat="52.09197" lon="4.3736500000000005">
    <ele>0.38</ele>
   </trkpt>
   <trkpt lat="52.09245000000001" lon="4.37467">
    <ele>1.41</ele>
   </trkpt>
   <trkpt lat="52.092490000000005" lon="4.37485">
    <ele>1.29</ele>
   </trkpt>
   <trkpt lat="52.092530000000004" lon="4.37516">
    <ele>0.23</ele>
   </trkpt>
   <trkpt lat="52.092620000000004" lon="4.375380000000001">
    <ele>0.23</ele>
   </trkpt>
   <trkpt lat="52.09245000000001" lon="4.37607">
    <ele>0.33000000000000007</ele>
   </trkpt>
   <trkpt lat="52.092270000000006" lon="4.375990000000001">
    <ele>0.13</ele>
   </trkpt>
   <trkpt lat="52.09216000000001" lon="4.375990000000001">
    <ele>0.13</ele>
   </trkpt>
   <trkpt lat="52.09187000000001" lon="4.376110000000001">
    <ele>0.16</ele>
   </trkpt>
   <trkpt lat="52.09183" lon="4.3761600000000005">
    <ele>0.1</ele>
   </trkpt>
   <trkpt lat="52.09120000000001" lon="4.37654">
    <ele>0.15000000000000002</ele>
   </trkpt>
   <trkpt lat="52.091190000000005" lon="4.37648">
    <ele>0.15000000000000002</ele>
   </trkpt>
   <trkpt lat="52.090600000400336" lon="4.3768350047741285">
    <ele>0.16</ele>
   </trkpt>
   <trkpt lat="52.09001000000001" lon="4.377190000000001">
    <ele>0.14</ele>
   </trkpt>
   <trkpt lat="52.08963000000001" lon="4.3774500000000005">
    <ele>0.30000000000000004</ele>
   </trkpt>
   <trkpt lat="52.0893" lon="4.37776">
    <ele>0.76</ele>
   </trkpt>
   <trkpt lat="52.089130000000004" lon="4.377960000000001">
    <ele>0.78</ele>
   </trkpt>
   <trkpt lat="52.089040000000004" lon="4.37805">
    <ele>1.07</ele>
   </trkpt>
   <trkpt lat="52.08887000000001" lon="4.37821">
    <ele>0.8500000000000001</ele>
   </trkpt>
   <trkpt lat="52.08876000000001" lon="4.37826">
    <ele>0.64</ele>
   </trkpt>
   <trkpt lat="52.088710000000006" lon="4.37831">
    <ele>0.6100000000000001</ele>
   </trkpt>
   <trkpt lat="52.0885" lon="4.377820000000001">
    <ele>0.41000000000000003</ele>
   </trkpt>
   <trkpt lat="52.08843" lon="4.377730000000001">
    <ele>0.2</ele>
   </trkpt>
   <trkpt lat="52.088370000000005" lon="4.377730000000001">
    <ele>0.11</ele>
   </trkpt>
   <trkpt lat="52.08805" lon="4.37783">
    <ele>0.0</ele>
   </trkpt>
   <trkpt lat="52.08734666884539" lon="4.378343349552068">
    <ele>0.29</ele>
   </trkpt>
   <trkpt lat="52.08664333546116" lon="4.3788566829222315">
    <ele>0.060000000000000005</ele>
   </trkpt>
   <trkpt lat="52.08594" lon="4.379370000000001">
    <ele>0.17</ele>
   </trkpt>
   <trkpt lat="52.085820000000005" lon="4.3794200000000005">
    <ele>0.17</ele>
   </trkpt>
   <trkpt lat="52.085570000000004" lon="4.37936">
    <ele>0.37000000000000005</ele>
   </trkpt>
   <trkpt lat="52.08545" lon="4.37938">
    <ele>0.44</ele>
   </trkpt>
   <trkpt lat="52.08522000000001" lon="4.37962">
    <ele>0.52</ele>
   </trkpt>
   <trkpt lat="52.08511000000001" lon="4.379930000000001">
    <ele>0.48000000000000004</ele>
   </trkpt>
   <trkpt lat="52.08514" lon="4.3801000000000005">
    <ele>-0.08</ele>
   </trkpt>
   <trkpt lat="52.08511000000001" lon="4.380170000000001">
    <ele>-0.08</ele>
   </trkpt>
   <trkpt lat="52.084480000000006" lon="4.38086">
    <ele>-0.23</ele>
   </trkpt>
   <trkpt lat="52.08418" lon="4.381150000000001">
    <ele>0.01</ele>
   </trkpt>
   <trkpt lat="52.084120000000006" lon="4.38119">
    <ele>0.04</ele>
   </trkpt>
   <trkpt lat="52.084120000000006" lon="4.381220000000001">
    <ele>0.04</ele>
   </trkpt>
   <trkpt lat="52.08372000000001" lon="4.38159">
    <ele>0.38</ele>
   </trkpt>
   <trkpt lat="52.083090000000006" lon="4.38248">
    <ele>0.92</ele>
   </trkpt>
   <trkpt lat="52.083040000000004" lon="4.3826">
    <ele>0.99</ele>
   </trkpt>
   <trkpt lat="52.08301" lon="4.38278">
    <ele>1.27</ele>
   </trkpt>
   <trkpt lat="52.083000000000006" lon="4.383">
    <ele>1.27</ele>
   </trkpt>
   <trkpt lat="52.08294000000001" lon="4.38299">
    <ele>1.27</ele>
   </trkpt>
   <trkpt lat="52.082890000000006" lon="4.3829400000000005">
    <ele>1.27</ele>
   </trkpt>
   <trkpt lat="52.082440000000005" lon="4.38225">
    <ele>1.3</ele>
   </trkpt>
   <trkpt lat="52.08240000000001" lon="4.38222">
    <ele>1.2200000000000002</ele>
   </trkpt>
   <trkpt lat="52.082350000000005" lon="4.382280000000001">
    <ele>1.2200000000000002</ele>
   </trkpt>
   <trkpt lat="52.08177000929298" lon="4.383135033310184">
    <ele>0.89</ele>
   </trkpt>
   <trkpt lat="52.08119001240017" lon="4.383990044398717">
    <ele>0.48000000000000004</ele>
   </trkpt>
   <trkpt lat="52.08061000932184" lon="4.384845033266407">
    <ele>0.56</ele>
   </trkpt>
   <trkpt lat="52.08003" lon="4.3857">
    <ele>0.88</ele>
   </trkpt>
   <trkpt lat="52.07994000000001" lon="4.385730000000001">
    <ele>1.01</ele>
   </trkpt>
   <trkpt lat="52.07985000000001" lon="4.385660000000001">
    <ele>1.1900000000000002</ele>
   </trkpt>
   <trkpt lat="52.07979" lon="4.38555">
    <ele>1.1900000000000002</ele>
   </trkpt>
   <trkpt lat="52.079600000000006" lon="4.38581">
    <ele>1.35</ele>
   </trkpt>
   <trkpt lat="52.07965" lon="4.3859900000000005">
    <ele>1.35</ele>
   </trkpt>
   <trkpt lat="52.07963" lon="4.38607">
    <ele>1.3800000000000001</ele>
   </trkpt>
   <trkpt lat="52.07956" lon="4.3861300000000005">
    <ele>1.3800000000000001</ele>
   </trkpt>
   <trkpt lat="52.0795" lon="4.38612">
    <ele>1.4800000000000002</ele>
   </trkpt>
   <trkpt lat="52.079460000000005" lon="4.3860600000000005">
    <ele>1.4800000000000002</ele>
   </trkpt>
   <trkpt lat="52.07895000227646" lon="4.38680000851332">
    <ele>1.35</ele>
   </trkpt>
   <trkpt lat="52.07844000000001" lon="4.38754">
    <ele>1.36</ele>
   </trkpt>
   <trkpt lat="52.07804" lon="4.38823">
    <ele>1.41</ele>
   </trkpt>
   <trkpt lat="52.077940000000005" lon="4.388240000000001">
    <ele>1.41</ele>
   </trkpt>
   <trkpt lat="52.07775" lon="4.38853">
    <ele>1.85</ele>
   </trkpt>
   <trkpt lat="52.077740000000006" lon="4.388610000000001">
    <ele>1.85</ele>
   </trkpt>
   <trkpt lat="52.077760000000005" lon="4.38869">
    <ele>1.8900000000000001</ele>
   </trkpt>
   <trkpt lat="52.07744" lon="4.38923">
    <ele>1.58</ele>
   </trkpt>
   <trkpt lat="52.07743000000001" lon="4.389220000000001">
    <ele>1.5700000000000003</ele>
   </trkpt>
   <trkpt lat="52.07764" lon="4.38984">
    <ele>0.63</ele>
   </trkpt>
   <trkpt lat="52.07788000000001" lon="4.3904700000000005">
    <ele>0.7200000000000001</ele>
   </trkpt>
   <trkpt lat="52.078250000000004" lon="4.3916200000000005">
    <ele>0.51</ele>
   </trkpt>
   <trkpt lat="52.078550004211095" lon="4.392624993037554">
    <ele>0.35000000000000003</ele>
   </trkpt>
   <trkpt lat="52.07885" lon="4.39363">
    <ele>0.26</ele>
   </trkpt>
   <trkpt lat="52.079130000000006" lon="4.39442">
    <ele>0.23</ele>
   </trkpt>
   <trkpt lat="52.07931500216311" lon="4.395129997173919">
    <ele>0.27</ele>
   </trkpt>
   <trkpt lat="52.0795" lon="4.395840000000001">
    <ele>0.17</ele>
   </trkpt>
   <trkpt lat="52.079640000000005" lon="4.39651">
    <ele>-0.15000000000000002</ele>
   </trkpt>
   <trkpt lat="52.079800000000006" lon="4.397810000000001">
    <ele>0.38</ele>
   </trkpt>
   <trkpt lat="52.07985000000001" lon="4.39796">
    <ele>0.18000000000000002</ele>
   </trkpt>
   <trkpt lat="52.080110000000005" lon="4.39851">
    <ele>0.30000000000000004</ele>
   </trkpt>
   <trkpt lat="52.08016000000001" lon="4.39878">
    <ele>0.16</ele>
   </trkpt>
   <trkpt lat="52.08049000340313" lon="4.399689992995394">
    <ele>-0.16</ele>
   </trkpt>
   <trkpt lat="52.08082" lon="4.400600000000001">
    <ele>-0.16</ele>
   </trkpt>
   <trkpt lat="52.0812400014255" lon="4.401184994464039">
    <ele>-0.21</ele>
   </trkpt>
   <trkpt lat="52.08166000000001" lon="4.40177">
    <ele>0.17</ele>
   </trkpt>
   <trkpt lat="52.08176" lon="4.401870000000001">
    <ele>0.26</ele>
   </trkpt>
   <trkpt lat="52.081950000000006" lon="4.4019900000000005">
    <ele>0.27</ele>
   </trkpt>
   <trkpt lat="52.08202000000001" lon="4.40202">
    <ele>0.26</ele>
   </trkpt>
   <trkpt lat="52.08245" lon="4.4023200000000005">
    <ele>-0.38</ele>
   </trkpt>
   <trkpt lat="52.083180003151185" lon="4.402929980047315">
    <ele>-0.38</ele>
   </trkpt>
   <trkpt lat="52.083910003154045" lon="4.40353998004928">
    <ele>-0.62</ele>
   </trkpt>
   <trkpt lat="52.08464000000001" lon="4.4041500000000005">
    <ele>-0.8</ele>
   </trkpt>
   <trkpt lat="52.084720000000004" lon="4.40428">
    <ele>-0.89</ele>
   </trkpt>
   <trkpt lat="52.08484000000001" lon="4.4042900000000005">
    <ele>-0.77</ele>
   </trkpt>
   <trkpt lat="52.085240000000006" lon="4.404540000000001">
    <ele>-0.75</ele>
   </trkpt>
   <trkpt lat="52.08534" lon="4.40463">
    <ele>-0.75</ele>
   </trkpt>
   <trkpt lat="52.08558000000001" lon="4.40491">
    <ele>-0.5</ele>
   </trkpt>
   <trkpt lat="52.08597" lon="4.4055100000000005">
    <ele>-0.44</ele>
   </trkpt>
   <trkpt lat="52.08633000151885" lon="4.406094995396203">
    <ele>-0.5</ele>
   </trkpt>
   <trkpt lat="52.086690000000004" lon="4.406680000000001">
    <ele>-0.54</ele>
   </trkpt>
   <trkpt lat="52.08702" lon="4.40702">
    <ele>-0.58</ele>
   </trkpt>
   <trkpt lat="52.08755666838271" lon="4.407476655641194">
    <ele>-0.79</ele>
   </trkpt>
   <trkpt lat="52.088093335000984" lon="4.40793332226651">
    <ele>-0.54</ele>
   </trkpt>
   <trkpt lat="52.08863" lon="4.408390000000001">
    <ele>-0.54</ele>
   </trkpt>
   <trkpt lat="52.089150000000004" lon="4.40875">
    <ele>-0.67</ele>
   </trkpt>
   <trkpt lat="52.089550000450586" lon="4.409124996503016">
    <ele>-0.7200000000000001</ele>
   </trkpt>
   <trkpt lat="52.08995" lon="4.4095">
    <ele>-0.58</ele>
   </trkpt>
   <trkpt lat="52.09064000000001" lon="4.41007">
    <ele>-0.42</ele>
   </trkpt>
   <trkpt lat="52.09122000000001" lon="4.41065">
    <ele>-0.46</ele>
   </trkpt>
   <trkpt lat="52.09185500138034" lon="4.411214991985336">
    <ele>-0.54</ele>
   </trkpt>
   <trkpt lat="52.092490000000005" lon="4.41178">
    <ele>-0.54</ele>
   </trkpt>
   <trkpt lat="52.093070000000004" lon="4.41235">
    <ele>-0.62</ele>
   </trkpt>
   <trkpt lat="52.093630000000005" lon="4.41295">
    <ele>-0.55</ele>
   </trkpt>
   <trkpt lat="52.09398" lon="4.4134400000000005">
    <ele>-0.54</ele>
   </trkpt>
   <trkpt lat="52.094080000000005" lon="4.41361">
    <ele>-0.54</ele>
   </trkpt>
   <trkpt lat="52.09445" lon="4.41444">
    <ele>-0.63</ele>
   </trkpt>
   <trkpt lat="52.094730000000006" lon="4.4149400000000005">
    <ele>-0.62</ele>
   </trkpt>
   <trkpt lat="52.09512" lon="4.41549">
    <ele>-0.71</ele>
   </trkpt>
   <trkpt lat="52.095530000000004" lon="4.41615">
    <ele>-0.62</ele>
   </trkpt>
   <trkpt lat="52.096050004118595" lon="4.417139988407831">
    <ele>-0.54</ele>
   </trkpt>
   <trkpt lat="52.09657000000001" lon="4.418130000000001">
    <ele>-0.64</ele>
   </trkpt>
   <trkpt lat="52.09689" lon="4.41875">
    <ele>-0.67</ele>
   </trkpt>
   <trkpt lat="52.09724000236052" lon="4.419504993966684">
    <ele>-0.58</ele>
   </trkpt>
   <trkpt lat="52.097590000000004" lon="4.420260000000001">
    <ele>-0.59</ele>
   </trkpt>
   <trkpt lat="52.098110000000005" lon="4.4213000000000005">
    <ele>-0.62</ele>
   </trkpt>
   <trkpt lat="52.09857" lon="4.4223300000000005">
    <ele>-0.62</ele>
   </trkpt>
   <trkpt lat="52.099000000000004" lon="4.42321">
    <ele>-0.77</ele>
   </trkpt>
   <trkpt lat="52.0993750028344" lon="4.424024993201812">
    <ele>-0.67</ele>
   </trkpt>
   <trkpt lat="52.09975000000001" lon="4.4248400000000006">
    <ele>-0.5</ele>
   </trkpt>
   <trkpt lat="52.100030000000004" lon="4.42527">
    <ele>-0.5</ele>
   </trkpt>
   <trkpt lat="52.10025" lon="4.4256400000000005">
    <ele>-0.44</ele>
   </trkpt>
   <trkpt lat="52.100480000000005" lon="4.42612">
    <ele>-0.36000000000000004</ele>
   </trkpt>
   <trkpt lat="52.10082500272925" lon="4.426919993863108">
    <ele>-0.34</ele>
   </trkpt>
   <trkpt lat="52.10117" lon="4.427720000000001">
    <ele>-0.5</ele>
   </trkpt>
   <trkpt lat="52.101610003621545" lon="4.428639991010371">
    <ele>-0.75</ele>
   </trkpt>
   <trkpt lat="52.102050000000006" lon="4.42956">
    <ele>-0.75</ele>
   </trkpt>
   <trkpt lat="52.10226" lon="4.43003">
    <ele>-0.67</ele>
   </trkpt>
   <trkpt lat="52.10266000000001" lon="4.431220000000001">
    <ele>-0.68</ele>
   </trkpt>
   <trkpt lat="52.1030350035996" lon="4.432134992448491">
    <ele>-0.62</ele>
   </trkpt>
   <trkpt lat="52.103410000000004" lon="4.433050000000001">
    <ele>-0.62</ele>
   </trkpt>
   <trkpt lat="52.1039" lon="4.433800000000001">
    <ele>-0.68</ele>
   </trkpt>
   <trkpt lat="52.104150000000004" lon="4.434060000000001">
    <ele>-0.64</ele>
   </trkpt>
   <trkpt lat="52.10486" lon="4.43465">
    <ele>-0.7200000000000001</ele>
   </trkpt>
   <trkpt lat="52.105630000000005" lon="4.435160000000001">
    <ele>-0.71</ele>
   </trkpt>
   <trkpt lat="52.105880000000006" lon="4.43529">
    <ele>-0.64</ele>
   </trkpt>
   <trkpt lat="52.10614" lon="4.43541">
    <ele>-0.44</ele>
   </trkpt>
   <trkpt lat="52.106570000000005" lon="4.43559">
    <ele>-0.27</ele>
   </trkpt>
   <trkpt lat="52.10667" lon="4.4356800000000005">
    <ele>0.13</ele>
   </trkpt>
   <trkpt lat="52.10680000000001" lon="4.435860000000001">
    <ele>0.31</ele>
   </trkpt>
   <trkpt lat="52.10685" lon="4.4359">
    <ele>0.31</ele>
   </trkpt>
   <trkpt lat="52.10696" lon="4.43594">
    <ele>-0.36000000000000004</ele>
   </trkpt>
   <trkpt lat="52.10716000000001" lon="4.43594">
    <ele>-0.58</ele>
   </trkpt>
   <trkpt lat="52.10728" lon="4.43599">
    <ele>-0.71</ele>
   </trkpt>
   <trkpt lat="52.107330000000005" lon="4.436030000000001">
    <ele>-0.71</ele>
   </trkpt>
   <trkpt lat="52.10768" lon="4.4366900000000005">
    <ele>-0.71</ele>
   </trkpt>
   <trkpt lat="52.10783000000001" lon="4.436920000000001">
    <ele>-0.71</ele>
   </trkpt>
   <trkpt lat="52.108200000000004" lon="4.43728">
    <ele>-0.62</ele>
   </trkpt>
   <trkpt lat="52.108610000000006" lon="4.43761">
    <ele>-0.75</ele>
   </trkpt>
   <trkpt lat="52.10884" lon="4.43783">
    <ele>-0.71</ele>
   </trkpt>
   <trkpt lat="52.109320000000004" lon="4.43851">
    <ele>-0.63</ele>
   </trkpt>
   <trkpt lat="52.109590000000004" lon="4.438820000000001">
    <ele>-0.64</ele>
   </trkpt>
   <trkpt lat="52.109700000000004" lon="4.43897">
    <ele>-0.58</ele>
   </trkpt>
   <trkpt lat="52.10981" lon="4.439170000000001">
    <ele>-0.4</ele>
   </trkpt>
   <trkpt lat="52.11007000000001" lon="4.4398">
    <ele>-0.44</ele>
   </trkpt>
   <trkpt lat="52.110510000000005" lon="4.441000000000001">
    <ele>-0.55</ele>
   </trkpt>
   <trkpt lat="52.110760000000006" lon="4.4415700000000005">
    <ele>-0.54</ele>
   </trkpt>
   <trkpt lat="52.11121000000001" lon="4.4428">
    <ele>-0.75</ele>
   </trkpt>
   <trkpt lat="52.111720000000005" lon="4.444">
    <ele>-0.79</ele>
   </trkpt>
   <trkpt lat="52.112170002249414" lon="4.444744992318075">
    <ele>-0.88</ele>
   </trkpt>
   <trkpt lat="52.11262000000001" lon="4.44549">
    <ele>-0.93</ele>
   </trkpt>
   <trkpt lat="52.11300000000001" lon="4.44618">
    <ele>-0.42</ele>
   </trkpt>
   <trkpt lat="52.11312" lon="4.44646">
    <ele>-0.46</ele>
   </trkpt>
   <trkpt lat="52.113420000000005" lon="4.447030000000001">
    <ele>-0.8</ele>
   </trkpt>
   <trkpt lat="52.11372000000001" lon="4.44746">
    <ele>-0.84</ele>
   </trkpt>
   <trkpt lat="52.1139" lon="4.4476700000000005">
    <ele>-0.7200000000000001</ele>
   </trkpt>
   <trkpt lat="52.11432000059253" lon="4.448059996278593">
    <ele>-0.62</ele>
   </trkpt>
   <trkpt lat="52.114740000000005" lon="4.44845">
    <ele>-0.62</ele>
   </trkpt>
   <trkpt lat="52.11524000000001" lon="4.4489600000000005">
    <ele>-0.63</ele>
   </trkpt>
   <trkpt lat="52.11549" lon="4.449260000000001">
    <ele>-0.58</ele>
   </trkpt>
   <trkpt lat="52.11560000000001" lon="4.44956">
    <ele>-0.31</ele>
   </trkpt>
   <trkpt lat="52.11574" lon="4.45031">
    <ele>0.08</ele>
   </trkpt>
   <trkpt lat="52.115790000000004" lon="4.450410000000001">
    <ele>0.15000000000000002</ele>
   </trkpt>
   <trkpt lat="52.116200000000006" lon="4.45082">
    <ele>0.02</ele>
   </trkpt>
   <trkpt lat="52.116290000000006" lon="4.45087">
    <ele>-0.02</ele>
   </trkpt>
   <trkpt lat="52.11639" lon="4.45089">
    <ele>-0.02</ele>
   </trkpt>
   <trkpt lat="52.11684" lon="4.450830000000001">
    <ele>-0.42</ele>
   </trkpt>
   <trkpt lat="52.11693" lon="4.45085">
    <ele>-0.42</ele>
   </trkpt>
   <trkpt lat="52.117020000000004" lon="4.450900000000001">
    <ele>-0.55</ele>
   </trkpt>
   <trkpt lat="52.117495000984114" lon="4.451389994746179">
    <ele>-0.54</ele>
   </trkpt>
   <trkpt lat="52.11797000000001" lon="4.45188">
    <ele>-0.5</ele>
   </trkpt>
   <trkpt lat="52.11838" lon="4.452330000000001">
    <ele>-0.5</ele>
   </trkpt>
   <trkpt lat="52.11876" lon="4.45281">
    <ele>-0.68</ele>
   </trkpt>
   <trkpt lat="52.119230002015065" lon="4.45347999310126">
    <ele>-0.55</ele>
   </trkpt>
   <trkpt lat="52.1197" lon="4.45415">
    <ele>-0.19</ele>
   </trkpt>
   <trkpt lat="52.12028000327024" lon="4.4550249886622835">
    <ele>-0.5</ele>
   </trkpt>
   <trkpt lat="52.12086000000001" lon="4.455900000000001">
    <ele>-0.62</ele>
   </trkpt>
   <trkpt lat="52.12115000000001" lon="4.4562800000000005">
    <ele>-0.7200000000000001</ele>
   </trkpt>
   <trkpt lat="52.1215950013052" lon="4.456824994618455">
    <ele>-0.58</ele>
   </trkpt>
   <trkpt lat="52.122040000000005" lon="4.45737">
    <ele>-0.36000000000000004</ele>
   </trkpt>
   <trkpt lat="52.12239" lon="4.45784">
    <ele>-0.32</ele>
   </trkpt>
   <trkpt lat="52.122440000000005" lon="4.45796">
    <ele>-0.29</ele>
   </trkpt>
   <trkpt lat="52.12252" lon="4.458360000000001">
    <ele>-0.1</ele>
   </trkpt>
   <trkpt lat="52.12272501700484" lon="4.459517484062039">
    <ele>-0.08</ele>
   </trkpt>
   <trkpt lat="52.122930022677416" lon="4.460674978773129">
    <ele>-0.1</ele>
   </trkpt>
   <trkpt lat="52.12313501701751" lon="4.461832484132858">
    <ele>-0.1</ele>
   </trkpt>
   <trkpt lat="52.123340000000006" lon="4.4629900000000005">
    <ele>0.17</ele>
   </trkpt>
   <trkpt lat="52.123490000000004" lon="4.46342">
    <ele>0.30000000000000004</ele>
   </trkpt>
   <trkpt lat="52.12409667311144" lon="4.464293309546541">
    <ele>0.30000000000000004</ele>
   </trkpt>
   <trkpt lat="52.12470333977189" lon="4.465166642870462">
    <ele>0.13</ele>
   </trkpt>
   <trkpt lat="52.125310000000006" lon="4.4660400000000005">
    <ele>0.59</ele>
   </trkpt>
   <trkpt lat="52.125400000000006" lon="4.4661100000000005">
    <ele>0.59</ele>
   </trkpt>
   <trkpt lat="52.125400000000006" lon="4.46612">
    <ele>0.58</ele>
   </trkpt>
   <trkpt lat="52.12511000000001" lon="4.4666500000000005">
    <ele>0.32</ele>
   </trkpt>
   <trkpt lat="52.12518000000001" lon="4.466760000000001">
    <ele>0.28</ele>
   </trkpt>
   <trkpt lat="52.12523" lon="4.46689">
    <ele>0.28</ele>
   </trkpt>
   <trkpt lat="52.125170000000004" lon="4.46732">
    <ele>0.22</ele>
   </trkpt>
   <trkpt lat="52.124990000000004" lon="4.4684">
    <ele>-0.34</ele>
   </trkpt>
   <trkpt lat="52.12496" lon="4.46847">
    <ele>-0.34</ele>
   </trkpt>
   <trkpt lat="52.12480000000001" lon="4.468710000000001">
    <ele>-0.27</ele>
   </trkpt>
   <trkpt lat="52.12474" lon="4.46902">
    <ele>-0.11</ele>
   </trkpt>
   <trkpt lat="52.12469" lon="4.46922">
    <ele>-0.27</ele>
   </trkpt>
   <trkpt lat="52.124570000000006" lon="4.4694">
    <ele>-0.31</ele>
   </trkpt>
   <trkpt lat="52.12454" lon="4.469480000000001">
    <ele>-0.32</ele>
   </trkpt>
   <trkpt lat="52.124500000000005" lon="4.46987">
    <ele>-0.25</ele>
   </trkpt>
   <trkpt lat="52.12447" lon="4.469930000000001">
    <ele>-0.25</ele>
   </trkpt>
   <trkpt lat="52.12442000000001" lon="4.46996">
    <ele>-0.25</ele>
   </trkpt>
   <trkpt lat="52.12422" lon="4.470020000000001">
    <ele>-0.29</ele>
   </trkpt>
   <trkpt lat="52.12413" lon="4.47008">
    <ele>-0.29</ele>
   </trkpt>
   <trkpt lat="52.12350000000001" lon="4.470680000000001">
    <ele>-0.11</ele>
   </trkpt>
   <trkpt lat="52.123450000000005" lon="4.47079">
    <ele>0.01</ele>
   </trkpt>
   <trkpt lat="52.12341000000001" lon="4.47118">
    <ele>0.01</ele>
   </trkpt>
   <trkpt lat="52.12335" lon="4.471290000000001">
    <ele>-0.04</ele>
   </trkpt>
   <trkpt lat="52.123180000000005" lon="4.47137">
    <ele>-0.31</ele>
   </trkpt>
   <trkpt lat="52.12299" lon="4.471430000000001">
    <ele>-0.44</ele>
   </trkpt>
   <trkpt lat="52.122150000000005" lon="4.47142">
    <ele>-0.55</ele>
   </trkpt>
   <trkpt lat="52.121610000000004" lon="4.471220000000001">
    <ele>-0.76</ele>
   </trkpt>
   <trkpt lat="52.12153000000001" lon="4.47121">
    <ele>-0.76</ele>
   </trkpt>
   <trkpt lat="52.12145" lon="4.471220000000001">
    <ele>-1.1500000000000001</ele>
   </trkpt>
   <trkpt lat="52.12104000000001" lon="4.47135">
    <ele>-1.24</ele>
   </trkpt>
   <trkpt lat="52.12088000000001" lon="4.47137">
    <ele>-1.07</ele>
   </trkpt>
   <trkpt lat="52.120760000000004" lon="4.471360000000001">
    <ele>-1.07</ele>
   </trkpt>
   <trkpt lat="52.12066" lon="4.471310000000001">
    <ele>-1.07</ele>
   </trkpt>
   <trkpt lat="52.11992500219376" lon="4.4705899881282445">
    <ele>-0.79</ele>
   </trkpt>
   <trkpt lat="52.11919" lon="4.46987">
    <ele>-0.62</ele>
   </trkpt>
   <trkpt lat="52.119040000000005" lon="4.46969">
    <ele>-0.46</ele>
   </trkpt>
   <trkpt lat="52.118745003067" lon="4.4688399944070865">
    <ele>-0.11</ele>
   </trkpt>
   <trkpt lat="52.11845" lon="4.46799">
    <ele>-0.36000000000000004</ele>
   </trkpt>
   <trkpt lat="52.118210000000005" lon="4.46736">
    <ele>-0.62</ele>
   </trkpt>
   <trkpt lat="52.11809" lon="4.46718">
    <ele>-0.62</ele>
   </trkpt>
   <trkpt lat="52.118" lon="4.467110000000001">
    <ele>-0.62</ele>
   </trkpt>
   <trkpt lat="52.11787" lon="4.46706">
    <ele>-0.84</ele>
   </trkpt>
   <trkpt lat="52.11768000000001" lon="4.46703">
    <ele>-0.88</ele>
   </trkpt>
   <trkpt lat="52.11750000000001" lon="4.467040000000001">
    <ele>-0.92</ele>
   </trkpt>
   <trkpt lat="52.11721000000001" lon="4.467160000000001">
    <ele>-0.84</ele>
   </trkpt>
   <trkpt lat="52.11713" lon="4.467160000000001">
    <ele>-0.84</ele>
   </trkpt>
   <trkpt lat="52.11706" lon="4.46712">
    <ele>-0.75</ele>
   </trkpt>
   <trkpt lat="52.11697" lon="4.467020000000001">
    <ele>-0.54</ele>
   </trkpt>
   <trkpt lat="52.116820000000004" lon="4.4667900000000005">
    <ele>-0.42</ele>
   </trkpt>
   <trkpt lat="52.116800000000005" lon="4.46673">
    <ele>-0.42</ele>
   </trkpt>
   <trkpt lat="52.11679" lon="4.46664">
    <ele>-0.42</ele>
   </trkpt>
   <trkpt lat="52.11686" lon="4.46628">
    <ele>-0.62</ele>
   </trkpt>
   <trkpt lat="52.11685000000001" lon="4.46623">
    <ele>-0.62</ele>
   </trkpt>
   <trkpt lat="52.116800000000005" lon="4.46612">
    <ele>-0.62</ele>
   </trkpt>
   <trkpt lat="52.116350000000004" lon="4.46572">
    <ele>-0.67</ele>
   </trkpt>
   <trkpt lat="52.11607000000001" lon="4.46539">
    <ele>-0.36000000000000004</ele>
   </trkpt>
   <trkpt lat="52.11596" lon="4.46522">
    <ele>-0.23</ele>
   </trkpt>
   <trkpt lat="52.11574" lon="4.46478">
    <ele>-0.27</ele>
   </trkpt>
   <trkpt lat="52.115680000000005" lon="4.464700000000001">
    <ele>-0.27</ele>
   </trkpt>
   <trkpt lat="52.11529" lon="4.464320000000001">
    <ele>-0.62</ele>
   </trkpt>
   <trkpt lat="52.11489" lon="4.463990000000001">
    <ele>-0.59</ele>
   </trkpt>
   <trkpt lat="52.114375001780815" lon="4.463364992936078">
    <ele>-0.67</ele>
   </trkpt>
   <trkpt lat="52.11386" lon="4.46274">
    <ele>-0.9700000000000001</ele>
   </trkpt>
   <trkpt lat="52.113800000000005" lon="4.46272">
    <ele>-0.9700000000000001</ele>
   </trkpt>
   <trkpt lat="52.11356000000001" lon="4.4627300000000005">
    <ele>-0.81</ele>
   </trkpt>
   <trkpt lat="52.11345000000001" lon="4.46272">
    <ele>-0.79</ele>
   </trkpt>
   <trkpt lat="52.113260000000004" lon="4.46262">
    <ele>-0.62</ele>
   </trkpt>
   <trkpt lat="52.11318000000001" lon="4.46253">
    <ele>-0.29</ele>
   </trkpt>
   <trkpt lat="52.11291000000001" lon="4.46194">
    <ele>-0.04</ele>
   </trkpt>
   <trkpt lat="52.11281" lon="4.4618">
    <ele>0.09000000000000001</ele>
   </trkpt>
   <trkpt lat="52.11280000000001" lon="4.46166">
    <ele>0.16</ele>
   </trkpt>
   <trkpt lat="52.11301" lon="4.461270000000001">
    <ele>0.030000000000000002</ele>
   </trkpt>
   <trkpt lat="52.113020000000006" lon="4.46114">
    <ele>0.030000000000000002</ele>
   </trkpt>
   <trkpt lat="52.11294" lon="4.4609000000000005">
    <ele>-0.31</ele>
   </trkpt>
   <trkpt lat="52.11269000000001" lon="4.460430000000001">
    <ele>-0.6100000000000001</ele>
   </trkpt>
   <trkpt lat="52.11231" lon="4.46107">
    <ele>0.4</ele>
   </trkpt>
   <trkpt lat="52.11191500139288" lon="4.460499994977021">
    <ele>0.34</ele>
   </trkpt>
   <trkpt lat="52.111520000000006" lon="4.45993">
    <ele>0.21</ele>
   </trkpt>
   <trkpt lat="52.11109500584016" lon="4.458759988985706">
    <ele>-0.17</ele>
   </trkpt>
   <trkpt lat="52.110670000000006" lon="4.457590000000001">
    <ele>-0.36000000000000004</ele>
   </trkpt>
   <trkpt lat="52.11063000000001" lon="4.45753">
    <ele>-0.4</ele>
   </trkpt>
   <trkpt lat="52.110580000000006" lon="4.45749">
    <ele>-0.4</ele>
   </trkpt>
   <trkpt lat="52.10990000021155" lon="4.457244996248288">
    <ele>-0.54</ele>
   </trkpt>
   <trkpt lat="52.10922000000001" lon="4.457000000000001">
    <ele>-1.09</ele>
   </trkpt>
   <trkpt lat="52.10906000000001" lon="4.45688">
    <ele>-1.09</ele>
   </trkpt>
   <trkpt lat="52.10895000000001" lon="4.456770000000001">
    <ele>-0.9700000000000001</ele>
   </trkpt>
   <trkpt lat="52.108295002975915" lon="4.455939987886511">
    <ele>-1.16</ele>
   </trkpt>
   <trkpt lat="52.10764" lon="4.45511">
    <ele>-0.84</ele>
   </trkpt>
   <trkpt lat="52.107530000000004" lon="4.45488">
    <ele>-0.67</ele>
   </trkpt>
   <trkpt lat="52.107310000000005" lon="4.4542600000000006">
    <ele>-0.42</ele>
   </trkpt>
   <trkpt lat="52.107220000000005" lon="4.454090000000001">
    <ele>-0.54</ele>
   </trkpt>
   <trkpt lat="52.107150000000004" lon="4.45403">
    <ele>-0.58</ele>
   </trkpt>
   <trkpt lat="52.106820000000006" lon="4.45392">
    <ele>-0.75</ele>
   </trkpt>
   <trkpt lat="52.106750000000005" lon="4.45385">
    <ele>-0.75</ele>
   </trkpt>
   <trkpt lat="52.10645" lon="4.45331">
    <ele>-0.71</ele>
   </trkpt>
   <trkpt lat="52.106050002884594" lon="4.452469992255458">
    <ele>-0.84</ele>
   </trkpt>
   <trkpt lat="52.105650000000004" lon="4.451630000000001">
    <ele>-0.75</ele>
   </trkpt>
   <trkpt lat="52.105380007302756" lon="4.450699988690487">
    <ele>-0.75</ele>
   </trkpt>
   <trkpt lat="52.105110007288694" lon="4.449769988642266">
    <ele>-0.88</ele>
   </trkpt>
   <trkpt lat="52.10484" lon="4.448840000000001">
    <ele>-0.63</ele>
   </trkpt>
   <trkpt lat="52.104580000000006" lon="4.447850000000001">
    <ele>-0.58</ele>
   </trkpt>
   <trkpt lat="52.10452" lon="4.44775">
    <ele>-0.58</ele>
   </trkpt>
   <trkpt lat="52.10446" lon="4.447710000000001">
    <ele>-0.71</ele>
   </trkpt>
   <trkpt lat="52.10393999995178" lon="4.447494997392336">
    <ele>-0.8</ele>
   </trkpt>
   <trkpt lat="52.10342000000001" lon="4.44728">
    <ele>-0.89</ele>
   </trkpt>
   <trkpt lat="52.10329" lon="4.44709">
    <ele>-0.89</ele>
   </trkpt>
   <trkpt lat="52.10305" lon="4.446470000000001">
    <ele>-1.05</ele>
   </trkpt>
   <trkpt lat="52.102850000000004" lon="4.44601">
    <ele>-1.07</ele>
   </trkpt>
   <trkpt lat="52.10244" lon="4.44482">
    <ele>-1.07</ele>
   </trkpt>
   <trkpt lat="52.102070000000005" lon="4.44411">
    <ele>-0.71</ele>
   </trkpt>
   <trkpt lat="52.10170000836362" lon="4.443116650228978">
    <ele>-0.76</ele>
   </trkpt>
   <trkpt lat="52.10133000837965" lon="4.44212331693892">
    <ele>-1.17</ele>
   </trkpt>
   <trkpt lat="52.10096000000001" lon="4.44113">
    <ele>-2.2</ele>
   </trkpt>
   <trkpt lat="52.10094" lon="4.44111">
    <ele>-2.2</ele>
   </trkpt>
   <trkpt lat="52.100950000000005" lon="4.441140000000001">
    <ele>-2.14</ele>
   </trkpt>
   <trkpt lat="52.10089000000001" lon="4.441210000000001">
    <ele>-2.12</ele>
   </trkpt>
   <trkpt lat="52.100820000000006" lon="4.44141">
    <ele>-2.02</ele>
   </trkpt>
   <trkpt lat="52.10024000000001" lon="4.441890000000001">
    <ele>-0.88</ele>
   </trkpt>
   <trkpt lat="52.099920000000004" lon="4.442200000000001">
    <ele>0.9400000000000001</ele>
   </trkpt>
   <trkpt lat="52.099900000000005" lon="4.44224">
    <ele>0.9400000000000001</ele>
   </trkpt>
   <trkpt lat="52.09951500033991" lon="4.44262000354734">
    <ele>2.04</ele>
   </trkpt>
   <trkpt lat="52.09913" lon="4.4430000000000005">
    <ele>0.9600000000000001</ele>
   </trkpt>
   <trkpt lat="52.099090000000004" lon="4.443020000000001">
    <ele>0.6600000000000001</ele>
   </trkpt>
   <trkpt lat="52.09873" lon="4.44339">
    <ele>-0.4</ele>
   </trkpt>
   <trkpt lat="52.098310000000005" lon="4.4439">
    <ele>-1.77</ele>
   </trkpt>
   <trkpt lat="52.097910000000006" lon="4.444310000000001">
    <ele>-2.2</ele>
   </trkpt>
   <trkpt lat="52.09730500148563" lon="4.444890007806299">
    <ele>-2.3000000000000003</ele>
   </trkpt>
   <trkpt lat="52.096700000000006" lon="4.44547">
    <ele>-2.0700000000000003</ele>
   </trkpt>
   <trkpt lat="52.09624500080937" lon="4.445890004225534">
    <ele>-1.93</ele>
   </trkpt>
   <trkpt lat="52.09579" lon="4.44631">
    <ele>-1.75</ele>
   </trkpt>
   <trkpt lat="52.095580000000005" lon="4.44658">
    <ele>-1.41</ele>
   </trkpt>
   <trkpt lat="52.095180000000006" lon="4.44695">
    <ele>-0.84</ele>
   </trkpt>
   <trkpt lat="52.0951" lon="4.4470600000000005">
    <ele>-0.84</ele>
   </trkpt>
   <trkpt lat="52.095000000000006" lon="4.44716">
    <ele>-0.62</ele>
   </trkpt>
   <trkpt lat="52.09519" lon="4.4477400000000005">
    <ele>-0.67</ele>
   </trkpt>
   <trkpt lat="52.09534000000001" lon="4.44857">
    <ele>-0.75</ele>
   </trkpt>
   <trkpt lat="52.09514000000001" lon="4.448840000000001">
    <ele>-2.3000000000000003</ele>
   </trkpt>
   <trkpt lat="52.09489000000001" lon="4.4493">
    <ele>-4.109999999999999</ele>
   </trkpt>
   <trkpt lat="52.09474" lon="4.449450000000001">
    <ele>-4.47</ele>
   </trkpt>
   <trkpt lat="52.09456" lon="4.449540000000001">
    <ele>-5.66</ele>
   </trkpt>
   <trkpt lat="52.094390000000004" lon="4.449680000000001">
    <ele>-6.0200000000000005</ele>
   </trkpt>
   <trkpt lat="52.09422000000001" lon="4.449870000000001">
    <ele>-6.1000000000000005</ele>
   </trkpt>
   <trkpt lat="52.09363000467335" lon="4.450613352995748">
    <ele>-5.82</ele>
   </trkpt>
   <trkpt lat="52.093040004671764" lon="4.451356686330722">
    <ele>-5.68</ele>
   </trkpt>
   <trkpt lat="52.09245000000001" lon="4.452100000000001">
    <ele>-5.44</ele>
   </trkpt>
   <trkpt lat="52.092030000832374" lon="4.452505003678955">
    <ele>-5.55</ele>
   </trkpt>
   <trkpt lat="52.09161" lon="4.45291">
    <ele>-4.890000000000001</ele>
   </trkpt>
   <trkpt lat="52.091240000000006" lon="4.45397">
    <ele>-5.0600000000000005</ele>
   </trkpt>
   <trkpt lat="52.091170000000005" lon="4.45408">
    <ele>-4.96</ele>
   </trkpt>
   <trkpt lat="52.09053500169996" lon="4.4547200091413295">
    <ele>-5.0</ele>
   </trkpt>
   <trkpt lat="52.08990000000001" lon="4.455360000000001">
    <ele>-5.0</ele>
   </trkpt>
   <trkpt lat="52.08929500152104" lon="4.455950007952415">
    <ele>-5.19</ele>
   </trkpt>
   <trkpt lat="52.08869000000001" lon="4.45654">
    <ele>-4.890000000000001</ele>
   </trkpt>
   <trkpt lat="52.0885" lon="4.45676">
    <ele>-5.4</ele>
   </trkpt>
   <trkpt lat="52.08797333573032" lon="4.457286679048637">
    <ele>-5.760000000000001</ele>
   </trkpt>
   <trkpt lat="52.0874466691137" lon="4.4578133456650635">
    <ele>-5.670000000000001</ele>
   </trkpt>
   <trkpt lat="52.086920000000006" lon="4.458340000000001">
    <ele>-3.3000000000000003</ele>
   </trkpt>
   <trkpt lat="52.086600000000004" lon="4.458760000000001">
    <ele>-2.1100000000000003</ele>
   </trkpt>
   <trkpt lat="52.08662" lon="4.458740000000001">
    <ele>-2.1100000000000003</ele>
   </trkpt>
   <trkpt lat="52.08659" lon="4.458740000000001">
    <ele>-2.0500000000000003</ele>
   </trkpt>
   <trkpt lat="52.08689000158357" lon="4.459329996251764">
    <ele>-2.17</ele>
   </trkpt>
   <trkpt lat="52.08719000000001" lon="4.45992">
    <ele>-2.08</ele>
   </trkpt>
   <trkpt lat="52.0875150016114" lon="4.460539995456228">
    <ele>-2.16</ele>
   </trkpt>
   <trkpt lat="52.08784000000001" lon="4.4611600000000005">
    <ele>-2.15</ele>
   </trkpt>
   <trkpt lat="52.08822000000001" lon="4.46199">
    <ele>-2.16</ele>
   </trkpt>
   <trkpt lat="52.08852000256366" lon="4.46275499508096">
    <ele>-2.14</ele>
   </trkpt>
   <trkpt lat="52.088820000000005" lon="4.46352">
    <ele>-2.24</ele>
   </trkpt>
   <trkpt lat="52.08909500151631" lon="4.464114996373344">
    <ele>-2.17</ele>
   </trkpt>
   <trkpt lat="52.08937" lon="4.46471">
    <ele>-2.16</ele>
   </trkpt>
   <trkpt lat="52.08959" lon="4.4652400000000005">
    <ele>-2.2700000000000005</ele>
   </trkpt>
   <trkpt lat="52.08977" lon="4.465870000000001">
    <ele>-2.2700000000000005</ele>
   </trkpt>
   <trkpt lat="52.08991" lon="4.466430000000001">
    <ele>-2.14</ele>
   </trkpt>
   <trkpt lat="52.090180000000004" lon="4.467630000000001">
    <ele>-2.2900000000000005</ele>
   </trkpt>
   <trkpt lat="52.09024" lon="4.467840000000001">
    <ele>-2.2</ele>
   </trkpt>
   <trkpt lat="52.0904" lon="4.46821">
    <ele>-2.2</ele>
   </trkpt>
   <trkpt lat="52.090900000000005" lon="4.46928">
    <ele>-2.2</ele>
   </trkpt>
   <trkpt lat="52.09098" lon="4.46949">
    <ele>-2.31</ele>
   </trkpt>
   <trkpt lat="52.09120000000001" lon="4.4704500000000005">
    <ele>-2.43</ele>
   </trkpt>
   <trkpt lat="52.09131000000001" lon="4.47114">
    <ele>-2.4899999999999998</ele>
   </trkpt>
   <trkpt lat="52.09140000000001" lon="4.47229">
    <ele>-2.25</ele>
   </trkpt>
   <trkpt lat="52.09140000000001" lon="4.472770000000001">
    <ele>-2.0900000000000003</ele>
   </trkpt>
   <trkpt lat="52.09141" lon="4.47299">
    <ele>-2.0900000000000003</ele>
   </trkpt>
   <trkpt lat="52.09143" lon="4.47304">
    <ele>-2.0900000000000003</ele>
   </trkpt>
   <trkpt lat="52.091800000000006" lon="4.473310000000001">
    <ele>-2.15</ele>
   </trkpt>
   <trkpt lat="52.09192" lon="4.47334">
    <ele>-2.15</ele>
   </trkpt>
   <trkpt lat="52.092020000000005" lon="4.473330000000001">
    <ele>-2.48</ele>
   </trkpt>
   <trkpt lat="52.092130000000004" lon="4.47328">
    <ele>-2.48</ele>
   </trkpt>
   <trkpt lat="52.09219" lon="4.47322">
    <ele>-2.4899999999999998</ele>
   </trkpt>
   <trkpt lat="52.092240000000004" lon="4.4732">
    <ele>-2.4899999999999998</ele>
   </trkpt>
   <trkpt lat="52.09234000000001" lon="4.47323">
    <ele>-2.4600000000000004</ele>
   </trkpt>
   <trkpt lat="52.09246" lon="4.4733600000000004">
    <ele>-2.14</ele>
   </trkpt>
   <trkpt lat="52.09254000000001" lon="4.47323">
    <ele>-2.14</ele>
   </trkpt>
   <trkpt lat="52.09268" lon="4.47308">
    <ele>-3.3800000000000003</ele>
   </trkpt>
   <trkpt lat="52.092850000000006" lon="4.473000000000001">
    <ele>-3.8200000000000003</ele>
   </trkpt>
   <trkpt lat="52.09302" lon="4.4729600000000005">
    <ele>-4.0600000000000005</ele>
   </trkpt>
   <trkpt lat="52.09315" lon="4.47285">
    <ele>-4.19</ele>
   </trkpt>
   <trkpt lat="52.09302" lon="4.4729600000000005">
    <ele>-4.0600000000000005</ele>
   </trkpt>
   <trkpt lat="52.092850000000006" lon="4.473000000000001">
    <ele>-3.8200000000000003</ele>
   </trkpt>
   <trkpt lat="52.09268" lon="4.47308">
    <ele>-3.3800000000000003</ele>
   </trkpt>
   <trkpt lat="52.09254000000001" lon="4.47323">
    <ele>-2.14</ele>
   </trkpt>
   <trkpt lat="52.09246" lon="4.4733600000000004">
    <ele>-2.14</ele>
   </trkpt>
   <trkpt lat="52.09239" lon="4.4736">
    <ele>-3.1500000000000004</ele>
   </trkpt>
   <trkpt lat="52.09241" lon="4.47384">
    <ele>-1.78</ele>
   </trkpt>
   <trkpt lat="52.09239" lon="4.47391">
    <ele>-1.79</ele>
   </trkpt>
   <trkpt lat="52.092290000000006" lon="4.473990000000001">
    <ele>-1.79</ele>
   </trkpt>
   <trkpt lat="52.092220000000005" lon="4.47426">
    <ele>-2.0300000000000002</ele>
   </trkpt>
   <trkpt lat="52.09208" lon="4.47445">
    <ele>-2.08</ele>
   </trkpt>
   <trkpt lat="52.09221" lon="4.47484">
    <ele>-2.9600000000000004</ele>
   </trkpt>
   <trkpt lat="52.091950000000004" lon="4.475090000000001">
    <ele>-2.34</ele>
   </trkpt>
   <trkpt lat="52.091620000000006" lon="4.474410000000001">
    <ele>-2.25</ele>
   </trkpt>
   <trkpt lat="52.091390000000004" lon="4.47463">
    <ele>-2.65</ele>
   </trkpt>
   <trkpt lat="52.091330000000006" lon="4.4747200000000005">
    <ele>-2.65</ele>
   </trkpt>
   <trkpt lat="52.091300000000004" lon="4.4748">
    <ele>-2.65</ele>
   </trkpt>
   <trkpt lat="52.09125" lon="4.4751900000000004">
    <ele>-2.65</ele>
   </trkpt>
   <trkpt lat="52.09117000411318" lon="4.476175001657771">
    <ele>-2.4899999999999998</ele>
   </trkpt>
   <trkpt lat="52.09109" lon="4.4771600000000005">
    <ele>-2.4200000000000004</ele>
   </trkpt>
   <trkpt lat="52.090990000000005" lon="4.477810000000001">
    <ele>-2.24</ele>
   </trkpt>
   <trkpt lat="52.0908" lon="4.47886">
    <ele>-1.16</ele>
   </trkpt>
   <trkpt lat="52.090626675988396" lon="4.479910008195669">
    <ele>-0.89</ele>
   </trkpt>
   <trkpt lat="52.09045334264879" lon="4.480960008233493">
    <ele>-0.84</ele>
   </trkpt>
   <trkpt lat="52.09028000000001" lon="4.482010000000001">
    <ele>-0.84</ele>
   </trkpt>
   <trkpt lat="52.09020001693355" lon="4.483165006165557">
    <ele>-0.88</ele>
   </trkpt>
   <trkpt lat="52.09012002258017" lon="4.484320008189975">
    <ele>-0.8500000000000001</ele>
   </trkpt>
   <trkpt lat="52.090040016939945" lon="4.485475006072701">
    <ele>-0.7200000000000001</ele>
   </trkpt>
   <trkpt lat="52.089960000000005" lon="4.486630000000001">
    <ele>-0.88</ele>
   </trkpt>
   <trkpt lat="52.08991" lon="4.48721">
    <ele>-0.84</ele>
   </trkpt>
   <trkpt lat="52.089890000000004" lon="4.48789">
    <ele>-0.84</ele>
   </trkpt>
   <trkpt lat="52.08994000634646" lon="4.489114998584365">
    <ele>-0.84</ele>
   </trkpt>
   <trkpt lat="52.08999000000001" lon="4.490340000000001">
    <ele>-0.77</ele>
   </trkpt>
   <trkpt lat="52.08997" lon="4.491440000000001">
    <ele>-0.89</ele>
   </trkpt>
   <trkpt lat="52.08988" lon="4.49234">
    <ele>-0.84</ele>
   </trkpt>
   <trkpt lat="52.089800000000004" lon="4.49272">
    <ele>-0.84</ele>
   </trkpt>
   <trkpt lat="52.08975" lon="4.49288">
    <ele>-0.84</ele>
   </trkpt>
   <trkpt lat="52.08964" lon="4.49314">
    <ele>-0.68</ele>
   </trkpt>
   <trkpt lat="52.089510000000004" lon="4.49338">
    <ele>-0.7200000000000001</ele>
   </trkpt>
   <trkpt lat="52.08908001345267" lon="4.494410029805023">
    <ele>-0.76</ele>
   </trkpt>
   <trkpt lat="52.0886500179289" lon="4.495440039758476">
    <ele>-1.24</ele>
   </trkpt>
   <trkpt lat="52.08822001342902" lon="4.496470029860634">
    <ele>-1.59</ele>
   </trkpt>
   <trkpt lat="52.087790000000005" lon="4.4975000000000005">
    <ele>-1.78</ele>
   </trkpt>
   <trkpt lat="52.08769" lon="4.4977100000000005">
    <ele>-2.0300000000000002</ele>
   </trkpt>
   <trkpt lat="52.087120000000006" lon="4.49856">
    <ele>-1.4500000000000002</ele>
   </trkpt>
   <trkpt lat="52.08713" lon="4.49866">
    <ele>-1.54</ele>
   </trkpt>
   <trkpt lat="52.08715" lon="4.49873">
    <ele>-1.54</ele>
   </trkpt>
   <trkpt lat="52.087340000000005" lon="4.4987900000000005">
    <ele>-1.93</ele>
   </trkpt>
   <trkpt lat="52.08744" lon="4.49892">
    <ele>-2.65</ele>
   </trkpt>
   <trkpt lat="52.08758" lon="4.49924">
    <ele>-3.56</ele>
   </trkpt>
   <trkpt lat="52.0876" lon="4.49936">
    <ele>-3.56</ele>
   </trkpt>
   <trkpt lat="52.087540000000004" lon="4.4994700000000005">
    <ele>-3.73</ele>
   </trkpt>
   <trkpt lat="52.087320000000005" lon="4.500050000000001">
    <ele>-3.74</ele>
   </trkpt>
   <trkpt lat="52.08719000000001" lon="4.500050000000001">
    <ele>-3.6400000000000006</ele>
   </trkpt>
   <trkpt lat="52.08682" lon="4.500030000000001">
    <ele>-3.72</ele>
   </trkpt>
   <trkpt lat="52.08664" lon="4.50007">
    <ele>-3.67</ele>
   </trkpt>
   <trkpt lat="52.086270000000006" lon="4.50077">
    <ele>-3.58</ele>
   </trkpt>
   <trkpt lat="52.086130000000004" lon="4.501">
    <ele>-3.8100000000000005</ele>
   </trkpt>
   <trkpt lat="52.08599" lon="4.5011600000000005">
    <ele>-3.96</ele>
   </trkpt>
   <trkpt lat="52.085350000000005" lon="4.50176">
    <ele>-3.85</ele>
   </trkpt>
   <trkpt lat="52.08505" lon="4.5017000000000005">
    <ele>-3.8000000000000003</ele>
   </trkpt>
   <trkpt lat="52.084970000000006" lon="4.50171">
    <ele>-3.8000000000000003</ele>
   </trkpt>
   <trkpt lat="52.08462" lon="4.50192">
    <ele>-3.86</ele>
   </trkpt>
   <trkpt lat="52.084540000000004" lon="4.50192">
    <ele>-3.8400000000000003</ele>
   </trkpt>
   <trkpt lat="52.084480000000006" lon="4.50189">
    <ele>-3.8400000000000003</ele>
   </trkpt>
   <trkpt lat="52.084500000000006" lon="4.5019">
    <ele>-3.85</ele>
   </trkpt>
   <trkpt lat="52.08413" lon="4.501720000000001">
    <ele>-3.75</ele>
   </trkpt>
   <trkpt lat="52.08357500053778" lon="4.501369995659842">
    <ele>-3.85</ele>
   </trkpt>
   <trkpt lat="52.083020000000005" lon="4.5010200000000005">
    <ele>-4.0</ele>
   </trkpt>
   <trkpt lat="52.082750000000004" lon="4.500710000000001">
    <ele>-3.89</ele>
   </trkpt>
   <trkpt lat="52.08256" lon="4.50058">
    <ele>-3.72</ele>
   </trkpt>
   <trkpt lat="52.08177750290785" lon="4.500099974744094">
    <ele>-3.6500000000000004</ele>
   </trkpt>
   <trkpt lat="52.08099500386607" lon="4.4996199663194">
    <ele>-3.6600000000000006</ele>
   </trkpt>
   <trkpt lat="52.08021250287476" lon="4.499139974724896">
    <ele>-3.6400000000000006</ele>
   </trkpt>
   <trkpt lat="52.07943" lon="4.49866">
    <ele>-3.67</ele>
   </trkpt>
   <trkpt lat="52.07909" lon="4.49852">
    <ele>-3.5</ele>
   </trkpt>
   <trkpt lat="52.07909" lon="4.49833">
    <ele>-3.5300000000000002</ele>
   </trkpt>
   <trkpt lat="52.07893000000001" lon="4.497750000000001">
    <ele>-3.68</ele>
   </trkpt>
   <trkpt lat="52.07876" lon="4.49755">
    <ele>-3.68</ele>
   </trkpt>
   <trkpt lat="52.078570000000006" lon="4.496720000000001">
    <ele>-2.87</ele>
   </trkpt>
   <trkpt lat="52.07802" lon="4.496390000000001">
    <ele>-2.5</ele>
   </trkpt>
   <trkpt lat="52.077670000000005" lon="4.4961400000000005">
    <ele>-2.48</ele>
   </trkpt>
   <trkpt lat="52.07752000000001" lon="4.49582">
    <ele>-2.5</ele>
   </trkpt>
   <trkpt lat="52.076875003233184" lon="4.494939987226192">
    <ele>-2.2900000000000005</ele>
   </trkpt>
   <trkpt lat="52.07623" lon="4.49406">
    <ele>-2.16</ele>
   </trkpt>
   <trkpt lat="52.07594" lon="4.493580000000001">
    <ele>-2.19</ele>
   </trkpt>
   <trkpt lat="52.075415002543465" lon="4.492809990996092">
    <ele>-2.1100000000000003</ele>
   </trkpt>
   <trkpt lat="52.07489" lon="4.49204">
    <ele>-2.0</ele>
   </trkpt>
   <trkpt lat="52.07462" lon="4.49103">
    <ele>-2.1300000000000003</ele>
   </trkpt>
   <trkpt lat="52.07436000541473" lon="4.489899993472285">
    <ele>-2.14</ele>
   </trkpt>
   <trkpt lat="52.0741" lon="4.488770000000001">
    <ele>-2.36</ele>
   </trkpt>
   <trkpt lat="52.07381334372074" lon="4.487663319213996">
    <ele>-2.71</ele>
   </trkpt>
   <trkpt lat="52.07352667707788" lon="4.486556652639494">
    <ele>-2.5100000000000002</ele>
   </trkpt>
   <trkpt lat="52.073240000000006" lon="4.48545">
    <ele>-2.6400000000000006</ele>
   </trkpt>
   <trkpt lat="52.07287002212392" lon="4.484129967209111">
    <ele>-2.5</ele>
   </trkpt>
   <trkpt lat="52.072500029503104" lon="4.482809956295936">
    <ele>-2.5</ele>
   </trkpt>
   <trkpt lat="52.072130022138005" lon="4.481489967260693">
    <ele>-2.7900000000000005</ele>
   </trkpt>
   <trkpt lat="52.071760000000005" lon="4.48017">
    <ele>-2.2800000000000002</ele>
   </trkpt>
   <trkpt lat="52.071720000000006" lon="4.480110000000001">
    <ele>-2.18</ele>
   </trkpt>
   <trkpt lat="52.07162" lon="4.480090000000001">
    <ele>-2.18</ele>
   </trkpt>
   <trkpt lat="52.07161000000001" lon="4.479990000000001">
    <ele>-2.08</ele>
   </trkpt>
   <trkpt lat="52.07157" lon="4.47993">
    <ele>-2.08</ele>
   </trkpt>
   <trkpt lat="52.071580000000004" lon="4.4799500000000005">
    <ele>-2.08</ele>
   </trkpt>
   <trkpt lat="52.07153" lon="4.479710000000001">
    <ele>-1.8900000000000001</ele>
   </trkpt>
   <trkpt lat="52.071580000000004" lon="4.47961">
    <ele>-1.97</ele>
   </trkpt>
   <trkpt lat="52.07155" lon="4.47947">
    <ele>-2.14</ele>
   </trkpt>
   <trkpt lat="52.07150000000001" lon="4.47902">
    <ele>-2.1100000000000003</ele>
   </trkpt>
   <trkpt lat="52.071350002500914" lon="4.478249997373692">
    <ele>-2.31</ele>
   </trkpt>
   <trkpt lat="52.071200000000005" lon="4.477480000000001">
    <ele>-2.34</ele>
   </trkpt>
   <trkpt lat="52.071020000000004" lon="4.4764">
    <ele>-2.48</ele>
   </trkpt>
   <trkpt lat="52.070930000000004" lon="4.475980000000001">
    <ele>-2.48</ele>
   </trkpt>
   <trkpt lat="52.07077500811385" lon="4.47459499517115">
    <ele>-2.62</ele>
   </trkpt>
   <trkpt lat="52.070620000000005" lon="4.473210000000001">
    <ele>-2.31</ele>
   </trkpt>
   <trkpt lat="52.07052500489321" lon="4.472134997754038">
    <ele>-2.52</ele>
   </trkpt>
   <trkpt lat="52.07043" lon="4.4710600000000005">
    <ele>-3.17</ele>
   </trkpt>
   <trkpt lat="52.070310000000006" lon="4.47083">
    <ele>-3.41</ele>
   </trkpt>
   <trkpt lat="52.070280000000004" lon="4.4703">
    <ele>-3.35</ele>
   </trkpt>
   <trkpt lat="52.070310000000006" lon="4.469670000000001">
    <ele>-3.34</ele>
   </trkpt>
   <trkpt lat="52.07045" lon="4.46868">
    <ele>-3.2900000000000005</ele>
   </trkpt>
   <trkpt lat="52.0705" lon="4.46814">
    <ele>-3.5</ele>
   </trkpt>
   <trkpt lat="52.070570000000004" lon="4.467700000000001">
    <ele>-3.5100000000000002</ele>
   </trkpt>
   <trkpt lat="52.070710000000005" lon="4.4671">
    <ele>-3.5500000000000003</ele>
   </trkpt>
   <trkpt lat="52.07040000000001" lon="4.4668600000000005">
    <ele>-3.96</ele>
   </trkpt>
   <trkpt lat="52.070310000000006" lon="4.466760000000001">
    <ele>-3.96</ele>
   </trkpt>
   <trkpt lat="52.07016" lon="4.46652">
    <ele>-4.109999999999999</ele>
   </trkpt>
   <trkpt lat="52.07007" lon="4.46644">
    <ele>-4.109999999999999</ele>
   </trkpt>
   <trkpt lat="52.069990000000004" lon="4.4664">
    <ele>-4.15</ele>
   </trkpt>
   <trkpt lat="52.069590000000005" lon="4.4664600000000005">
    <ele>-4.13</ele>
   </trkpt>
   <trkpt lat="52.06944000000001" lon="4.46644">
    <ele>-4.0200000000000005</ele>
   </trkpt>
   <trkpt lat="52.069300000000005" lon="4.4663900000000005">
    <ele>-4.0</ele>
   </trkpt>
   <trkpt lat="52.06931" lon="4.46572">
    <ele>-4.15</ele>
   </trkpt>
   <trkpt lat="52.0694" lon="4.46536">
    <ele>-4.15</ele>
   </trkpt>
   <trkpt lat="52.0696" lon="4.4650300000000005">
    <ele>-4.21</ele>
   </trkpt>
   <trkpt lat="52.06967" lon="4.4648200000000005">
    <ele>-4.2700000000000005</ele>
   </trkpt>
   <trkpt lat="52.06991000437609" lon="4.463800005592752">
    <ele>-4.62</ele>
   </trkpt>
   <trkpt lat="52.070150000000005" lon="4.46278">
    <ele>-4.49</ele>
   </trkpt>
   <trkpt lat="52.07058000000001" lon="4.46305">
    <ele>-4.7</ele>
   </trkpt>
   <trkpt lat="52.07079" lon="4.462230000000001">
    <ele>-4.64</ele>
   </trkpt>
   <trkpt lat="52.071130000000004" lon="4.4619800000000005">
    <ele>-4.72</ele>
   </trkpt>
   <trkpt lat="52.07119" lon="4.46189">
    <ele>-4.72</ele>
   </trkpt>
   <trkpt lat="52.07124" lon="4.46173">
    <ele>-4.64</ele>
   </trkpt>
   <trkpt lat="52.071250000000006" lon="4.46145">
    <ele>-4.47</ele>
   </trkpt>
   <trkpt lat="52.071360000000006" lon="4.460940000000001">
    <ele>-4.45</ele>
   </trkpt>
   <trkpt lat="52.07204" lon="4.461340000000001">
    <ele>-5.33</ele>
   </trkpt>
   <trkpt lat="52.072120000000005" lon="4.46135">
    <ele>-5.33</ele>
   </trkpt>
   <trkpt lat="52.0722" lon="4.46131">
    <ele>-5.33</ele>
   </trkpt>
   <trkpt lat="52.07229" lon="4.46117">
    <ele>-5.19</ele>
   </trkpt>
   <trkpt lat="52.07271" lon="4.46027">
    <ele>-4.96</ele>
   </trkpt>
   <trkpt lat="52.072810000000004" lon="4.46006">
    <ele>-4.96</ele>
   </trkpt>
   <trkpt lat="52.07311000000001" lon="4.459230000000001">
    <ele>-4.96</ele>
   </trkpt>
   <trkpt lat="52.073150000000005" lon="4.45906">
    <ele>-4.96</ele>
   </trkpt>
   <trkpt lat="52.07327" lon="4.45889">
    <ele>-4.96</ele>
   </trkpt>
   <trkpt lat="52.07340000000001" lon="4.45831">
    <ele>-5.0600000000000005</ele>
   </trkpt>
   <trkpt lat="52.073440000000005" lon="4.45817">
    <ele>-5.17</ele>
   </trkpt>
   <trkpt lat="52.073510000000006" lon="4.45803">
    <ele>-5.17</ele>
   </trkpt>
   <trkpt lat="52.073600000000006" lon="4.4579200000000005">
    <ele>-5.17</ele>
   </trkpt>
   <trkpt lat="52.073690000000006" lon="4.45784">
    <ele>-5.17</ele>
   </trkpt>
   <trkpt lat="52.074090000000005" lon="4.45765">
    <ele>-5.25</ele>
   </trkpt>
   <trkpt lat="52.074250000000006" lon="4.45755">
    <ele>-5.32</ele>
   </trkpt>
   <trkpt lat="52.07442" lon="4.45736">
    <ele>-5.33</ele>
   </trkpt>
   <trkpt lat="52.07461000000001" lon="4.45709">
    <ele>-5.38</ele>
   </trkpt>
   <trkpt lat="52.074780000000004" lon="4.456770000000001">
    <ele>-5.38</ele>
   </trkpt>
   <trkpt lat="52.07490000000001" lon="4.456580000000001">
    <ele>-5.38</ele>
   </trkpt>
   <trkpt lat="52.075010000000006" lon="4.45648">
    <ele>-5.38</ele>
   </trkpt>
   <trkpt lat="52.07517000000001" lon="4.456390000000001">
    <ele>-5.36</ele>
   </trkpt>
   <trkpt lat="52.07553000000001" lon="4.45633">
    <ele>-5.64</ele>
   </trkpt>
   <trkpt lat="52.075720000000004" lon="4.45626">
    <ele>-5.65</ele>
   </trkpt>
   <trkpt lat="52.07629000000001" lon="4.45591">
    <ele>-5.51</ele>
   </trkpt>
   <trkpt lat="52.077000000000005" lon="4.45539">
    <ele>-5.0600000000000005</ele>
   </trkpt>
   <trkpt lat="52.07688" lon="4.45505">
    <ele>-5.12</ele>
   </trkpt>
   <trkpt lat="52.076690000000006" lon="4.454020000000001">
    <ele>-4.79</ele>
   </trkpt>
   <trkpt lat="52.07632" lon="4.45277">
    <ele>-5.38</ele>
   </trkpt>
   <trkpt lat="52.07623" lon="4.45261">
    <ele>-5.38</ele>
   </trkpt>
   <trkpt lat="52.076220000000006" lon="4.4526">
    <ele>-5.4</ele>
   </trkpt>
   <trkpt lat="52.076040000000006" lon="4.452400000000001">
    <ele>-5.55</ele>
   </trkpt>
   <trkpt lat="52.07583" lon="4.452260000000001">
    <ele>-5.66</ele>
   </trkpt>
   <trkpt lat="52.07567" lon="4.4522">
    <ele>-5.55</ele>
   </trkpt>
   <trkpt lat="52.075610000000005" lon="4.4522">
    <ele>-5.55</ele>
   </trkpt>
   <trkpt lat="52.07538" lon="4.452260000000001">
    <ele>-5.5</ele>
   </trkpt>
   <trkpt lat="52.07526000000001" lon="4.452260000000001">
    <ele>-5.48</ele>
   </trkpt>
   <trkpt lat="52.075120000000005" lon="4.4522200000000005">
    <ele>-5.48</ele>
   </trkpt>
   <trkpt lat="52.07477" lon="4.452030000000001">
    <ele>-5.23</ele>
   </trkpt>
   <trkpt lat="52.07419" lon="4.45166">
    <ele>-5.04</ele>
   </trkpt>
   <trkpt lat="52.0741" lon="4.45159">
    <ele>-5.0200000000000005</ele>
   </trkpt>
   <trkpt lat="52.07392" lon="4.45139">
    <ele>-4.87</ele>
   </trkpt>
   <trkpt lat="52.07386" lon="4.451300000000001">
    <ele>-4.87</ele>
   </trkpt>
   <trkpt lat="52.073750000000004" lon="4.451040000000001">
    <ele>-4.81</ele>
   </trkpt>
   <trkpt lat="52.073660000000004" lon="4.45089">
    <ele>-4.85</ele>
   </trkpt>
   <trkpt lat="52.07354" lon="4.45075">
    <ele>-4.85</ele>
   </trkpt>
   <trkpt lat="52.073040000000006" lon="4.45026">
    <ele>-5.04</ele>
   </trkpt>
   <trkpt lat="52.07274" lon="4.450060000000001">
    <ele>-5.0</ele>
   </trkpt>
   <trkpt lat="52.07197750200636" lon="4.449662479635234">
    <ele>-5.04</ele>
   </trkpt>
   <trkpt lat="52.07121500267559" lon="4.449264972847771">
    <ele>-5.13</ele>
   </trkpt>
   <trkpt lat="52.070452502007726" lon="4.448867479636796">
    <ele>-5.19</ele>
   </trkpt>
   <trkpt lat="52.06969" lon="4.44847">
    <ele>-5.36</ele>
   </trkpt>
   <trkpt lat="52.069" lon="4.4480900000000005">
    <ele>-5.61</ele>
   </trkpt>
   <trkpt lat="52.06889" lon="4.448060000000001">
    <ele>-5.55</ele>
   </trkpt>
   <trkpt lat="52.068830000000005" lon="4.44807">
    <ele>-5.61</ele>
   </trkpt>
   <trkpt lat="52.068780000000004" lon="4.4480900000000005">
    <ele>-5.61</ele>
   </trkpt>
   <trkpt lat="52.068220000000004" lon="4.44909">
    <ele>-5.0600000000000005</ele>
   </trkpt>
   <trkpt lat="52.06817" lon="4.449070000000001">
    <ele>-5.0200000000000005</ele>
   </trkpt>
   <trkpt lat="52.067710000000005" lon="4.448720000000001">
    <ele>-5.46</ele>
   </trkpt>
   <trkpt lat="52.06765000000001" lon="4.44869">
    <ele>-5.36</ele>
   </trkpt>
   <trkpt lat="52.06758000000001" lon="4.4487000000000005">
    <ele>-5.12</ele>
   </trkpt>
   <trkpt lat="52.067220000000006" lon="4.44887">
    <ele>-2.8800000000000003</ele>
   </trkpt>
   <trkpt lat="52.06716" lon="4.448860000000001">
    <ele>-2.8800000000000003</ele>
   </trkpt>
   <trkpt lat="52.067040000000006" lon="4.44873">
    <ele>-2.82</ele>
   </trkpt>
   <trkpt lat="52.0665600117612" lon="4.449692531033227">
    <ele>-2.1100000000000003</ele>
   </trkpt>
   <trkpt lat="52.06608001568233" lon="4.45065504137543">
    <ele>-1.98</ele>
   </trkpt>
   <trkpt lat="52.06560001176373" lon="4.4516175310270745">
    <ele>-2.12</ele>
   </trkpt>
   <trkpt lat="52.06512000000001" lon="4.45258">
    <ele>-1.75</ele>
   </trkpt>
   <trkpt lat="52.06492" lon="4.452990000000001">
    <ele>-2.25</ele>
   </trkpt>
   <trkpt lat="52.06467000000001" lon="4.45274">
    <ele>-2.89</ele>
   </trkpt>
   <trkpt lat="52.06413500161382" lon="4.45210999237592">
    <ele>-3.5</ele>
   </trkpt>
   <trkpt lat="52.0636" lon="4.45148">
    <ele>-4.45</ele>
   </trkpt>
   <trkpt lat="52.06317000000001" lon="4.45218">
    <ele>-5.0600000000000005</ele>
   </trkpt>
   <trkpt lat="52.062760000000004" lon="4.452940000000001">
    <ele>-4.21</ele>
   </trkpt>
   <trkpt lat="52.06244" lon="4.45321">
    <ele>-3.85</ele>
   </trkpt>
   <trkpt lat="52.062380000000005" lon="4.45324">
    <ele>-3.85</ele>
   </trkpt>
   <trkpt lat="52.062290000000004" lon="4.45322">
    <ele>-3.85</ele>
   </trkpt>
   <trkpt lat="52.062270000000005" lon="4.45329">
    <ele>-3.85</ele>
   </trkpt>
   <trkpt lat="52.061980000000005" lon="4.452870000000001">
    <ele>-3.8000000000000003</ele>
   </trkpt>
   <trkpt lat="52.061800000000005" lon="4.452640000000001">
    <ele>-3.52</ele>
   </trkpt>
   <trkpt lat="52.06163" lon="4.45247">
    <ele>-3.47</ele>
   </trkpt>
   <trkpt lat="52.06159" lon="4.45253">
    <ele>-3.35</ele>
   </trkpt>
   <trkpt lat="52.06145000000001" lon="4.45234">
    <ele>-3.54</ele>
   </trkpt>
   <trkpt lat="52.06129000000001" lon="4.45183">
    <ele>-3.5</ele>
   </trkpt>
   <trkpt lat="52.06123" lon="4.45171">
    <ele>-3.3200000000000003</ele>
   </trkpt>
   <trkpt lat="52.06109000000001" lon="4.451510000000001">
    <ele>-2.82</ele>
   </trkpt>
   <trkpt lat="52.060930000000006" lon="4.45141">
    <ele>-1.59</ele>
   </trkpt>
   <trkpt lat="52.060770000000005" lon="4.45134">
    <ele>-1.16</ele>
   </trkpt>
   <trkpt lat="52.060680000000005" lon="4.4513300000000005">
    <ele>-1.16</ele>
   </trkpt>
   <trkpt lat="52.060550000000006" lon="4.45136">
    <ele>-1.6</ele>
   </trkpt>
   <trkpt lat="52.060480000000005" lon="4.4514000000000005">
    <ele>-1.6</ele>
   </trkpt>
   <trkpt lat="52.06031" lon="4.45155">
    <ele>-2.45</ele>
   </trkpt>
   <trkpt lat="52.06007" lon="4.451790000000001">
    <ele>-2.32</ele>
   </trkpt>
   <trkpt lat="52.05997000000001" lon="4.45192">
    <ele>-2.32</ele>
   </trkpt>
   <trkpt lat="52.059740000000005" lon="4.45249">
    <ele>-3.16</ele>
   </trkpt>
   <trkpt lat="52.059650000000005" lon="4.45289">
    <ele>-3.7</ele>
   </trkpt>
   <trkpt lat="52.05959000000001" lon="4.453010000000001">
    <ele>-3.73</ele>
   </trkpt>
   <trkpt lat="52.059050000000006" lon="4.45406">
    <ele>-3.8800000000000003</ele>
   </trkpt>
   <trkpt lat="52.05899" lon="4.45396">
    <ele>-3.8800000000000003</ele>
   </trkpt>
   <trkpt lat="52.058433338646594" lon="4.453166646875316">
    <ele>-3.9000000000000004</ele>
   </trkpt>
   <trkpt lat="52.05787667196657" lon="4.452373313523288">
    <ele>-3.58</ele>
   </trkpt>
   <trkpt lat="52.057320000000004" lon="4.451580000000001">
    <ele>-3.54</ele>
   </trkpt>
   <trkpt lat="52.057230000000004" lon="4.4506000000000006">
    <ele>-3.71</ele>
   </trkpt>
   <trkpt lat="52.056720000000006" lon="4.44986">
    <ele>-3.6400000000000006</ele>
   </trkpt>
   <trkpt lat="52.056670000000004" lon="4.44934">
    <ele>-3.56</ele>
   </trkpt>
   <trkpt lat="52.05610250837778" lon="4.448527469032114">
    <ele>-3.71</ele>
   </trkpt>
   <trkpt lat="52.0555350111682" lon="4.447714958707108">
    <ele>-3.52</ele>
   </trkpt>
   <trkpt lat="52.05496750837152" lon="4.446902469024239">
    <ele>-3.3100000000000005</ele>
   </trkpt>
   <trkpt lat="52.0544" lon="4.446090000000001">
    <ele>-3.3100000000000005</ele>
   </trkpt>
   <trkpt lat="52.054210000000005" lon="4.44636">
    <ele>-3.18</ele>
   </trkpt>
   <trkpt lat="52.05395000000001" lon="4.4465200000000005">
    <ele>-3.18</ele>
   </trkpt>
   <trkpt lat="52.05386000000001" lon="4.447080000000001">
    <ele>-3.45</ele>
   </trkpt>
   <trkpt lat="52.05386000000001" lon="4.4474">
    <ele>-3.4600000000000004</ele>
   </trkpt>
   <trkpt lat="52.05395000000001" lon="4.447710000000001">
    <ele>-3.35</ele>
   </trkpt>
   <trkpt lat="52.054030000000004" lon="4.447900000000001">
    <ele>-3.35</ele>
   </trkpt>
   <trkpt lat="52.054500000000004" lon="4.44862">
    <ele>-3.33</ele>
   </trkpt>
   <trkpt lat="52.05465" lon="4.448980000000001">
    <ele>-3.33</ele>
   </trkpt>
   <trkpt lat="52.05474" lon="4.449280000000001">
    <ele>-3.35</ele>
   </trkpt>
   <trkpt lat="52.054770000000005" lon="4.44946">
    <ele>-3.35</ele>
   </trkpt>
   <trkpt lat="52.054790000000004" lon="4.449800000000001">
    <ele>-3.4600000000000004</ele>
   </trkpt>
   <trkpt lat="52.054750000000006" lon="4.45026">
    <ele>-3.36</ele>
   </trkpt>
   <trkpt lat="52.054660000000005" lon="4.45061">
    <ele>-3.34</ele>
   </trkpt>
   <trkpt lat="52.054570000000005" lon="4.45077">
    <ele>-3.34</ele>
   </trkpt>
   <trkpt lat="52.05435000000001" lon="4.4510700000000005">
    <ele>-3.34</ele>
   </trkpt>
   <trkpt lat="52.05424000000001" lon="4.45115">
    <ele>-3.24</ele>
   </trkpt>
   <trkpt lat="52.05395000000001" lon="4.451300000000001">
    <ele>-3.33</ele>
   </trkpt>
   <trkpt lat="52.053650000000005" lon="4.45153">
    <ele>-3.2900000000000005</ele>
   </trkpt>
   <trkpt lat="52.05346" lon="4.451770000000001">
    <ele>-3.1500000000000004</ele>
   </trkpt>
   <trkpt lat="52.05326" lon="4.45216">
    <ele>-3.1500000000000004</ele>
   </trkpt>
   <trkpt lat="52.053140000000006" lon="4.452590000000001">
    <ele>-3.33</ele>
   </trkpt>
   <trkpt lat="52.05308" lon="4.453010000000001">
    <ele>-3.33</ele>
   </trkpt>
   <trkpt lat="52.05308" lon="4.45326">
    <ele>-3.21</ele>
   </trkpt>
   <trkpt lat="52.053020000000004" lon="4.45326">
    <ele>-3.24</ele>
   </trkpt>
   <trkpt lat="52.05284" lon="4.45302">
    <ele>-3.16</ele>
   </trkpt>
   <trkpt lat="52.05254000000001" lon="4.452570000000001">
    <ele>-1.41</ele>
   </trkpt>
   <trkpt lat="52.05246" lon="4.452520000000001">
    <ele>-1.06</ele>
   </trkpt>
   <trkpt lat="52.05239" lon="4.452520000000001">
    <ele>-1.06</ele>
   </trkpt>
   <trkpt lat="52.052310000000006" lon="4.45258">
    <ele>-0.88</ele>
   </trkpt>
   <trkpt lat="52.052200000000006" lon="4.45272">
    <ele>-0.77</ele>
   </trkpt>
   <trkpt lat="52.05205" lon="4.45298">
    <ele>-0.76</ele>
   </trkpt>
   <trkpt lat="52.052020000000006" lon="4.45312">
    <ele>-0.76</ele>
   </trkpt>
   <trkpt lat="52.051950000000005" lon="4.45324">
    <ele>-0.76</ele>
   </trkpt>
   <trkpt lat="52.05181" lon="4.45333">
    <ele>-0.88</ele>
   </trkpt>
   <trkpt lat="52.05144000000001" lon="4.45368">
    <ele>-0.99</ele>
   </trkpt>
   <trkpt lat="52.051350000000006" lon="4.45369">
    <ele>-0.9700000000000001</ele>
   </trkpt>
   <trkpt lat="52.051140000000004" lon="4.453670000000001">
    <ele>-0.9700000000000001</ele>
   </trkpt>
   <trkpt lat="52.05109" lon="4.45369">
    <ele>-0.84</ele>
   </trkpt>
   <trkpt lat="52.05096" lon="4.453790000000001">
    <ele>-0.84</ele>
   </trkpt>
   <trkpt lat="52.05084" lon="4.45394">
    <ele>-0.88</ele>
   </trkpt>
   <trkpt lat="52.05078" lon="4.453930000000001">
    <ele>0.44</ele>
   </trkpt>
   <trkpt lat="52.050720000000005" lon="4.45389">
    <ele>0.44</ele>
   </trkpt>
   <trkpt lat="52.050670000000004" lon="4.453810000000001">
    <ele>0.44</ele>
   </trkpt>
   <trkpt lat="52.05059000000001" lon="4.45356">
    <ele>0.39</ele>
   </trkpt>
   <trkpt lat="52.050520000000006" lon="4.453460000000001">
    <ele>0.39</ele>
   </trkpt>
   <trkpt lat="52.050470000000004" lon="4.453790000000001">
    <ele>-0.02</ele>
   </trkpt>
   <trkpt lat="52.05046" lon="4.4541900000000005">
    <ele>-1.33</ele>
   </trkpt>
   <trkpt lat="52.05039000000001" lon="4.454700000000001">
    <ele>-2.56</ele>
   </trkpt>
   <trkpt lat="52.05039000000001" lon="4.454770000000001">
    <ele>-2.56</ele>
   </trkpt>
   <trkpt lat="52.050320000000006" lon="4.454940000000001">
    <ele>-2.7</ele>
   </trkpt>
   <trkpt lat="52.050250000000005" lon="4.4553400000000005">
    <ele>-2.9000000000000004</ele>
   </trkpt>
   <trkpt lat="52.05021000000001" lon="4.45542">
    <ele>-3.2800000000000002</ele>
   </trkpt>
   <trkpt lat="52.05012000000001" lon="4.45554">
    <ele>-3.2800000000000002</ele>
   </trkpt>
   <trkpt lat="52.04994000000001" lon="4.45572">
    <ele>-3.94</ele>
   </trkpt>
   <trkpt lat="52.04984" lon="4.455620000000001">
    <ele>-4.0600000000000005</ele>
   </trkpt>
   <trkpt lat="52.049910000000004" lon="4.4556700000000005">
    <ele>-3.94</ele>
   </trkpt>
   <trkpt lat="52.04994000000001" lon="4.45572">
    <ele>-3.94</ele>
   </trkpt>
   <trkpt lat="52.05001500640729" lon="4.456949998016019">
    <ele>-3.33</ele>
   </trkpt>
   <trkpt lat="52.050090000000004" lon="4.4581800000000005">
    <ele>-0.79</ele>
   </trkpt>
   <trkpt lat="52.05004" lon="4.45821">
    <ele>-0.79</ele>
   </trkpt>
   <trkpt lat="52.050000000000004" lon="4.45833">
    <ele>-0.54</ele>
   </trkpt>
   <trkpt lat="52.0499250042844" lon="4.4593350015512705">
    <ele>1.36</ele>
   </trkpt>
   <trkpt lat="52.049850000000006" lon="4.46034">
    <ele>4.07</ele>
   </trkpt>
   <trkpt lat="52.04983000000001" lon="4.46042">
    <ele>4.07</ele>
   </trkpt>
   <trkpt lat="52.0497" lon="4.46041">
    <ele>4.21</ele>
   </trkpt>
   <trkpt lat="52.049005000088194" lon="4.460274997902475">
    <ele>5.0</ele>
   </trkpt>
   <trkpt lat="52.04831" lon="4.46014">
    <ele>4.48</ele>
   </trkpt>
   <trkpt lat="52.04829" lon="4.46009">
    <ele>4.48</ele>
   </trkpt>
   <trkpt lat="52.04833500350454" lon="4.459180000914715">
    <ele>3.62</ele>
   </trkpt>
   <trkpt lat="52.04838" lon="4.458270000000001">
    <ele>2.2700000000000005</ele>
   </trkpt>
   <trkpt lat="52.048350000000006" lon="4.45823">
    <ele>2.2700000000000005</ele>
   </trkpt>
   <trkpt lat="52.04831" lon="4.45824">
    <ele>2.18</ele>
   </trkpt>
   <trkpt lat="52.04829" lon="4.458270000000001">
    <ele>2.0500000000000003</ele>
   </trkpt>
   <trkpt lat="52.04809" lon="4.4596100000000005">
    <ele>-0.8</ele>
   </trkpt>
   <trkpt lat="52.04802500363682" lon="4.460535001119578">
    <ele>-1.6600000000000001</ele>
   </trkpt>
   <trkpt lat="52.04796" lon="4.461460000000001">
    <ele>-3.18</ele>
   </trkpt>
   <trkpt lat="52.047940000000004" lon="4.46156">
    <ele>-3.17</ele>
   </trkpt>
   <trkpt lat="52.04791" lon="4.4615800000000005">
    <ele>-3.17</ele>
   </trkpt>
   <trkpt lat="52.04789" lon="4.46157">
    <ele>-3.18</ele>
   </trkpt>
   <trkpt lat="52.047850000000004" lon="4.46145">
    <ele>-3.3000000000000003</ele>
   </trkpt>
   <trkpt lat="52.04778" lon="4.46068">
    <ele>-4.21</ele>
   </trkpt>
   <trkpt lat="52.04786000000001" lon="4.459370000000001">
    <ele>-4.51</ele>
   </trkpt>
   <trkpt lat="52.047340000000005" lon="4.45889">
    <ele>-4.68</ele>
   </trkpt>
   <trkpt lat="52.047250000000005" lon="4.45878">
    <ele>-4.68</ele>
   </trkpt>
   <trkpt lat="52.046710000000004" lon="4.45828">
    <ele>-4.68</ele>
   </trkpt>
   <trkpt lat="52.04608500474308" lon="4.457669974425652">
    <ele>-4.62</ele>
   </trkpt>
   <trkpt lat="52.04546000633652" lon="4.457059965913602">
    <ele>-4.55</ele>
   </trkpt>
   <trkpt lat="52.04483500478046" lon="4.456449974463072">
    <ele>-4.45</ele>
   </trkpt>
   <trkpt lat="52.04421000000001" lon="4.45584">
    <ele>-4.21</ele>
   </trkpt>
   <trkpt lat="52.04419000000001" lon="4.4558">
    <ele>-4.21</ele>
   </trkpt>
   <trkpt lat="52.043920002970246" lon="4.4549649950160175">
    <ele>-4.32</ele>
   </trkpt>
   <trkpt lat="52.04365000000001" lon="4.45413">
    <ele>-4.13</ele>
   </trkpt>
   <trkpt lat="52.04326628909406" lon="4.452981180956701">
    <ele>-3.85</ele>
   </trkpt>
   <trkpt lat="52.04288256701735" lon="4.451832381639083">
    <ele>-4.109999999999999</ele>
   </trkpt>
   <trkpt lat="52.04249883377021" lon="4.450683602047108">
    <ele>-4.64</ele>
   </trkpt>
   <trkpt lat="52.04211508935297" lon="4.44953484218074">
    <ele>-4.95</ele>
   </trkpt>
   <trkpt lat="52.041731333766" lon="4.448386102039943">
    <ele>-4.83</ele>
   </trkpt>
   <trkpt lat="52.04134756700966" lon="4.447237381624679">
    <ele>-4.9799999999999995</ele>
   </trkpt>
   <trkpt lat="52.04096378908427" lon="4.446088680934912">
    <ele>-4.85</ele>
   </trkpt>
   <trkpt lat="52.040580000000006" lon="4.444940000000001">
    <ele>-4.96</ele>
   </trkpt>
   <trkpt lat="52.04057" lon="4.44484">
    <ele>-4.930000000000001</ele>
   </trkpt>
   <trkpt lat="52.040580000000006" lon="4.44474">
    <ele>-4.930000000000001</ele>
   </trkpt>
   <trkpt lat="52.040620000000004" lon="4.444660000000001">
    <ele>-4.930000000000001</ele>
   </trkpt>
   <trkpt lat="52.040670000000006" lon="4.444590000000001">
    <ele>-4.9799999999999995</ele>
   </trkpt>
   <trkpt lat="52.04135000208344" lon="4.444182518613254">
    <ele>-5.12</ele>
   </trkpt>
   <trkpt lat="52.042030002761386" lon="4.443775024828043">
    <ele>-4.83</ele>
   </trkpt>
   <trkpt lat="52.04271000203377" lon="4.443367518643714">
    <ele>-4.79</ele>
   </trkpt>
   <trkpt lat="52.04339" lon="4.44296">
    <ele>-4.55</ele>
   </trkpt>
   <trkpt lat="52.04354000000001" lon="4.4423">
    <ele>-4.45</ele>
   </trkpt>
   <trkpt lat="52.043780000000005" lon="4.44142">
    <ele>-3.9000000000000004</ele>
   </trkpt>
   <trkpt lat="52.04379" lon="4.44123">
    <ele>-3.9000000000000004</ele>
   </trkpt>
   <trkpt lat="52.04377" lon="4.4411000000000005">
    <ele>-3.9000000000000004</ele>
   </trkpt>
   <trkpt lat="52.04341667234116" lon="4.440283320488712">
    <ele>-3.73</ele>
   </trkpt>
   <trkpt lat="52.04306333903705" lon="4.439466653889775">
    <ele>-3.72</ele>
   </trkpt>
   <trkpt lat="52.04271000000001" lon="4.43865">
    <ele>-3.4800000000000004</ele>
   </trkpt>
   <trkpt lat="52.0427" lon="4.4385">
    <ele>-3.4800000000000004</ele>
   </trkpt>
   <trkpt lat="52.04224751459982" lon="4.43742746741595">
    <ele>-3.8100000000000005</ele>
   </trkpt>
   <trkpt lat="52.04179501946314" lon="4.436354956547561">
    <ele>-3.8100000000000005</ele>
   </trkpt>
   <trkpt lat="52.04134251459028" lon="4.435282467394508">
    <ele>-3.8100000000000005</ele>
   </trkpt>
   <trkpt lat="52.040890000000005" lon="4.43421">
    <ele>-3.67</ele>
   </trkpt>
   <trkpt lat="52.04046335463334" lon="4.433206618775015">
    <ele>-3.72</ele>
   </trkpt>
   <trkpt lat="52.040036700745055" lon="4.432203256704186">
    <ele>-3.69</ele>
   </trkpt>
   <trkpt lat="52.039610038335454" lon="4.431199913787237">
    <ele>-3.8000000000000003</ele>
   </trkpt>
   <trkpt lat="52.039183367404824" lon="4.430196590023891">
    <ele>-3.85</ele>
   </trkpt>
   <trkpt lat="52.03875668795347" lon="4.429193285413868">
    <ele>-3.8200000000000003</ele>
   </trkpt>
   <trkpt lat="52.03833" lon="4.428190000000001">
    <ele>-3.7900000000000005</ele>
   </trkpt>
   <trkpt lat="52.03821000000001" lon="4.42788">
    <ele>-3.8100000000000005</ele>
   </trkpt>
   <trkpt lat="52.038120000000006" lon="4.42731">
    <ele>-3.9000000000000004</ele>
   </trkpt>
   <trkpt lat="52.038140000000006" lon="4.42713">
    <ele>-4.13</ele>
   </trkpt>
   <trkpt lat="52.038180000000004" lon="4.42705">
    <ele>-4.13</ele>
   </trkpt>
   <trkpt lat="52.038380000000004" lon="4.4267900000000004">
    <ele>-4.3</ele>
   </trkpt>
   <trkpt lat="52.0384" lon="4.42673">
    <ele>-4.3</ele>
   </trkpt>
   <trkpt lat="52.03839000000001" lon="4.42665">
    <ele>-4.3</ele>
   </trkpt>
   <trkpt lat="52.03801000000001" lon="4.425730000000001">
    <ele>-4.45</ele>
   </trkpt>
   <trkpt lat="52.037940000000006" lon="4.42569">
    <ele>-3.58</ele>
   </trkpt>
   <trkpt lat="52.03775" lon="4.4258500000000005">
    <ele>-3.58</ele>
   </trkpt>
   <trkpt lat="52.03772000000001" lon="4.42584">
    <ele>-3.45</ele>
   </trkpt>
   <trkpt lat="52.03768" lon="4.42569">
    <ele>-3.45</ele>
   </trkpt>
   <trkpt lat="52.03768" lon="4.4257100000000005">
    <ele>-3.4400000000000004</ele>
   </trkpt>
   <trkpt lat="52.03827000169634" lon="4.4252633451181005">
    <ele>-3.94</ele>
   </trkpt>
   <trkpt lat="52.03886000170396" lon="4.42481667844587">
    <ele>-4.0600000000000005</ele>
   </trkpt>
   <trkpt lat="52.03945" lon="4.424370000000001">
    <ele>-3.67</ele>
   </trkpt>
   <trkpt lat="52.040163335990535" lon="4.4238166842764">
    <ele>-3.67</ele>
   </trkpt>
   <trkpt lat="52.04087666938953" lon="4.423263350892488">
    <ele>-3.72</ele>
   </trkpt>
   <trkpt lat="52.04159000000001" lon="4.42271">
    <ele>-3.8400000000000003</ele>
   </trkpt>
   <trkpt lat="52.04231000780202" lon="4.422155767859012">
    <ele>-3.9000000000000004</ele>
   </trkpt>
   <trkpt lat="52.04303001300394" lon="4.421601517861628">
    <ele>-3.68</ele>
   </trkpt>
   <trkpt lat="52.04375001560563" lon="4.421047250006874">
    <ele>-3.1400000000000006</ele>
   </trkpt>
   <trkpt lat="52.04447001560691" lon="4.420492964293777">
    <ele>-3.19</ele>
   </trkpt>
   <trkpt lat="52.04519001300766" lon="4.419938660721361">
    <ele>-3.45</ele>
   </trkpt>
   <trkpt lat="52.0459100078077" lon="4.419384339288656">
    <ele>-3.56</ele>
   </trkpt>
   <trkpt lat="52.04663000000001" lon="4.418830000000001">
    <ele>-3.94</ele>
   </trkpt>
   <trkpt lat="52.04720666843894" lon="4.4183700118867755">
    <ele>-3.87</ele>
   </trkpt>
   <trkpt lat="52.04778333508695" lon="4.417910011901849">
    <ele>-3.89</ele>
   </trkpt>
   <trkpt lat="52.04836" lon="4.4174500000000005">
    <ele>-3.36</ele>
   </trkpt>
   <trkpt lat="52.048350000000006" lon="4.41744">
    <ele>-3.36</ele>
   </trkpt>
   <trkpt lat="52.047870020257136" lon="4.416345952989672">
    <ele>-3.3800000000000003</ele>
   </trkpt>
   <trkpt lat="52.047390030383724" lon="4.415251929481321">
    <ele>-2.84</ele>
   </trkpt>
   <trkpt lat="52.046910030380175" lon="4.414157929474533">
    <ele>-3.12</ele>
   </trkpt>
   <trkpt lat="52.04643002024688" lon="4.413063952968892">
    <ele>-3.36</ele>
   </trkpt>
   <trkpt lat="52.045950000000005" lon="4.41197">
    <ele>-3.3800000000000003</ele>
   </trkpt>
   <trkpt lat="52.04578000000001" lon="4.4121500000000005">
    <ele>-3.8200000000000003</ele>
   </trkpt>
   <trkpt lat="52.04558" lon="4.412520000000001">
    <ele>-3.85</ele>
   </trkpt>
   <trkpt lat="52.045350000000006" lon="4.413130000000001">
    <ele>-4.17</ele>
   </trkpt>
   <trkpt lat="52.045120000000004" lon="4.41366">
    <ele>-4.3</ele>
   </trkpt>
   <trkpt lat="52.044990000000006" lon="4.41382">
    <ele>-4.3</ele>
   </trkpt>
   <trkpt lat="52.044500000000006" lon="4.41427">
    <ele>-4.4</ele>
   </trkpt>
   <trkpt lat="52.04424" lon="4.41455">
    <ele>-4.38</ele>
   </trkpt>
   <trkpt lat="52.04415" lon="4.4147300000000005">
    <ele>-4.32</ele>
   </trkpt>
   <trkpt lat="52.04408" lon="4.41481">
    <ele>-4.32</ele>
   </trkpt>
   <trkpt lat="52.04388" lon="4.41499">
    <ele>-4.32</ele>
   </trkpt>
   <trkpt lat="52.04337" lon="4.415500000000001">
    <ele>-4.04</ele>
   </trkpt>
   <trkpt lat="52.04286602215625" lon="4.4143559484019494">
    <ele>-3.96</ele>
   </trkpt>
   <trkpt lat="52.04236203323424" lon="4.413211922604172">
    <ele>-3.73</ele>
   </trkpt>
   <trkpt lat="52.04185803323446" lon="4.4120679226061865">
    <ele>-3.67</ele>
   </trkpt>
   <trkpt lat="52.04135402215734" lon="4.4109239484075085">
    <ele>-3.5</ele>
   </trkpt>
   <trkpt lat="52.040850000000006" lon="4.4097800000000005">
    <ele>-3.1300000000000003</ele>
   </trkpt>
   <trkpt lat="52.04041000274153" lon="4.408989992403486">
    <ele>-3.6400000000000006</ele>
   </trkpt>
   <trkpt lat="52.039970000000004" lon="4.408200000000001">
    <ele>-3.7</ele>
   </trkpt>
   <trkpt lat="52.0397" lon="4.407660000000001">
    <ele>-3.69</ele>
   </trkpt>
   <trkpt lat="52.039570000000005" lon="4.4074800000000005">
    <ele>-3.69</ele>
   </trkpt>
   <trkpt lat="52.03942000000001" lon="4.40719">
    <ele>-3.71</ele>
   </trkpt>
   <trkpt lat="52.03913000000001" lon="4.4065">
    <ele>-3.71</ele>
   </trkpt>
   <trkpt lat="52.038970000000006" lon="4.4059800000000005">
    <ele>-3.6300000000000003</ele>
   </trkpt>
   <trkpt lat="52.03873" lon="4.40507">
    <ele>-3.5300000000000002</ele>
   </trkpt>
   <trkpt lat="52.03868000000001" lon="4.4049700000000005">
    <ele>-3.5300000000000002</ele>
   </trkpt>
   <trkpt lat="52.03858" lon="4.40486">
    <ele>-3.71</ele>
   </trkpt>
   <trkpt lat="52.038250000000005" lon="4.40416">
    <ele>-3.8000000000000003</ele>
   </trkpt>
   <trkpt lat="52.03795" lon="4.4036">
    <ele>-3.35</ele>
   </trkpt>
   <trkpt lat="52.03784" lon="4.403440000000001">
    <ele>-3.23</ele>
   </trkpt>
   <trkpt lat="52.03764" lon="4.403250000000001">
    <ele>-2.67</ele>
   </trkpt>
   <trkpt lat="52.03761" lon="4.403250000000001">
    <ele>-2.67</ele>
   </trkpt>
   <trkpt lat="52.03764" lon="4.403250000000001">
    <ele>-2.7</ele>
   </trkpt>
   <trkpt lat="52.037380000000006" lon="4.40329">
    <ele>-2.36</ele>
   </trkpt>
   <trkpt lat="52.03732" lon="4.403560000000001">
    <ele>-2.32</ele>
   </trkpt>
   <trkpt lat="52.03716000000001" lon="4.403840000000001">
    <ele>-2.56</ele>
   </trkpt>
   <trkpt lat="52.03705000000001" lon="4.40408">
    <ele>-2.6400000000000006</ele>
   </trkpt>
   <trkpt lat="52.03681" lon="4.40502">
    <ele>-2.69</ele>
   </trkpt>
   <trkpt lat="52.036530004505586" lon="4.406050006394191">
    <ele>-2.7</ele>
   </trkpt>
   <trkpt lat="52.03625" lon="4.4070800000000006">
    <ele>-2.86</ele>
   </trkpt>
   <trkpt lat="52.035990000000005" lon="4.40777">
    <ele>-3.22</ele>
   </trkpt>
   <trkpt lat="52.03577500245985" lon="4.408530003601141">
    <ele>-3.21</ele>
   </trkpt>
   <trkpt lat="52.035560000000004" lon="4.40929">
    <ele>-3.23</ele>
   </trkpt>
   <trkpt lat="52.03526000540239" lon="4.410415007377488">
    <ele>-3.3100000000000005</ele>
   </trkpt>
   <trkpt lat="52.034960000000005" lon="4.4115400000000005">
    <ele>-3.3100000000000005</ele>
   </trkpt>
   <trkpt lat="52.03473500238831" lon="4.412290003749277">
    <ele>-3.19</ele>
   </trkpt>
   <trkpt lat="52.034510000000004" lon="4.4130400000000005">
    <ele>-3.21</ele>
   </trkpt>
   <trkpt lat="52.034240000000004" lon="4.413860000000001">
    <ele>-3.33</ele>
   </trkpt>
   <trkpt lat="52.034060000000004" lon="4.4142600000000005">
    <ele>-3.3100000000000005</ele>
   </trkpt>
   <trkpt lat="52.03388" lon="4.414560000000001">
    <ele>-3.5</ele>
   </trkpt>
   <trkpt lat="52.03372" lon="4.414770000000001">
    <ele>-3.5300000000000002</ele>
   </trkpt>
   <trkpt lat="52.03323500084842" lon="4.415205004676027">
    <ele>-4.109999999999999</ele>
   </trkpt>
   <trkpt lat="52.03275000000001" lon="4.415640000000001">
    <ele>-4.109999999999999</ele>
   </trkpt>
   <trkpt lat="52.03233" lon="4.4161">
    <ele>-4.34</ele>
   </trkpt>
   <trkpt lat="52.03164" lon="4.4169">
    <ele>-4.28</ele>
   </trkpt>
   <trkpt lat="52.031490000000005" lon="4.417140000000001">
    <ele>-4.28</ele>
   </trkpt>
   <trkpt lat="52.0310350036062" lon="4.418070009574898">
    <ele>-4.28</ele>
   </trkpt>
   <trkpt lat="52.03058000000001" lon="4.4190000000000005">
    <ele>-3.7</ele>
   </trkpt>
   <trkpt lat="52.03043" lon="4.4192">
    <ele>-3.7</ele>
   </trkpt>
   <trkpt lat="52.030330000000006" lon="4.4192800000000005">
    <ele>-3.5</ele>
   </trkpt>
   <trkpt lat="52.02980000054384" lon="4.419610003859696">
    <ele>-3.45</ele>
   </trkpt>
   <trkpt lat="52.029270000000004" lon="4.41994">
    <ele>-3.3000000000000003</ele>
   </trkpt>
   <trkpt lat="52.0285450025094" lon="4.420385021646799">
    <ele>-3.0700000000000003</ele>
   </trkpt>
   <trkpt lat="52.02782000334231" lon="4.420830028863985">
    <ele>-3.1500000000000004</ele>
   </trkpt>
   <trkpt lat="52.027095002498896" lon="4.421275021652369">
    <ele>-3.04</ele>
   </trkpt>
   <trkpt lat="52.02637000000001" lon="4.4217200000000005">
    <ele>-3.2900000000000005</ele>
   </trkpt>
   <trkpt lat="52.02590000000001" lon="4.42213">
    <ele>-2.6300000000000003</ele>
   </trkpt>
   <trkpt lat="52.025890000000004" lon="4.42217">
    <ele>-2.6300000000000003</ele>
   </trkpt>
   <trkpt lat="52.02575" lon="4.42213">
    <ele>-2.69</ele>
   </trkpt>
   <trkpt lat="52.02575" lon="4.42192">
    <ele>-3.08</ele>
   </trkpt>
   <trkpt lat="52.02577" lon="4.42184">
    <ele>-3.08</ele>
   </trkpt>
   <trkpt lat="52.02544334111519" lon="4.420879985917208">
    <ele>-3.91</ele>
   </trkpt>
   <trkpt lat="52.02511667442842" lon="4.419919985858328">
    <ele>-4.45</ele>
   </trkpt>
   <trkpt lat="52.02479" lon="4.41896">
    <ele>-4.47</ele>
   </trkpt>
   <trkpt lat="52.02436000655776" lon="4.417714988020935">
    <ele>-4.21</ele>
   </trkpt>
   <trkpt lat="52.02393000000001" lon="4.41647">
    <ele>-4.49</ele>
   </trkpt>
   <trkpt lat="52.023860000000006" lon="4.41633">
    <ele>-4.28</ele>
   </trkpt>
   <trkpt lat="52.023630000000004" lon="4.416">
    <ele>-3.8300000000000005</ele>
   </trkpt>
   <trkpt lat="52.023540000000004" lon="4.41574">
    <ele>-3.5</ele>
   </trkpt>
   <trkpt lat="52.02347" lon="4.41539">
    <ele>-3.2900000000000005</ele>
   </trkpt>
   <trkpt lat="52.023390000000006" lon="4.41513">
    <ele>-2.8000000000000003</ele>
   </trkpt>
   <trkpt lat="52.023320000000005" lon="4.41499">
    <ele>-2.4600000000000004</ele>
   </trkpt>
   <trkpt lat="52.02337000000001" lon="4.4149">
    <ele>-2.4600000000000004</ele>
   </trkpt>
   <trkpt lat="52.023730000980684" lon="4.414430003723418">
    <ele>-2.15</ele>
   </trkpt>
   <trkpt lat="52.02409" lon="4.41396">
    <ele>-2.14</ele>
   </trkpt>
   <trkpt lat="52.024480000000004" lon="4.413410000000001">
    <ele>-2.19</ele>
   </trkpt>
   <trkpt lat="52.025000000000006" lon="4.41274">
    <ele>-2.31</ele>
   </trkpt>
   <trkpt lat="52.02517" lon="4.41246">
    <ele>-2.58</ele>
   </trkpt>
   <trkpt lat="52.025645002018614" lon="4.411790006948832">
    <ele>-2.56</ele>
   </trkpt>
   <trkpt lat="52.026120000000006" lon="4.41112">
    <ele>-2.56</ele>
   </trkpt>
   <trkpt lat="52.0264" lon="4.41061">
    <ele>-2.52</ele>
   </trkpt>
   <trkpt lat="52.026800004853385" lon="4.409853346856651">
    <ele>-2.48</ele>
   </trkpt>
   <trkpt lat="52.02720000486001" lon="4.409096680177635">
    <ele>-2.6300000000000003</ele>
   </trkpt>
   <trkpt lat="52.02760000000001" lon="4.40834">
    <ele>-2.5100000000000002</ele>
   </trkpt>
   <trkpt lat="52.02712754099389" lon="4.407163663004501">
    <ele>-3.35</ele>
   </trkpt>
   <trkpt lat="52.02665507027383" lon="4.405987350864249">
    <ele>-3.02</ele>
   </trkpt>
   <trkpt lat="52.02618258784028" lon="4.404811063578914">
    <ele>-3.06</ele>
   </trkpt>
   <trkpt lat="52.025710093693675" lon="4.403634801148164">
    <ele>-2.9899999999999998</ele>
   </trkpt>
   <trkpt lat="52.025237587834454" lon="4.402458563571666">
    <ele>-2.91</ele>
   </trkpt>
   <trkpt lat="52.02476507026311" lon="4.4012823508490895">
    <ele>-3.1400000000000006</ele>
   </trkpt>
   <trkpt lat="52.02429254098003" lon="4.400106162980103">
    <ele>-2.86</ele>
   </trkpt>
   <trkpt lat="52.02382000000001" lon="4.39893">
    <ele>-3.06</ele>
   </trkpt>
   <trkpt lat="52.023335019048055" lon="4.397704960129931">
    <ele>-3.0500000000000003</ele>
   </trkpt>
   <trkpt lat="52.0228500253917" lon="4.396479946826588">
    <ele>-3.1400000000000006</ele>
   </trkpt>
   <trkpt lat="52.02236501903146" lon="4.395254960089626">
    <ele>-2.89</ele>
   </trkpt>
   <trkpt lat="52.02188" lon="4.394030000000001">
    <ele>-2.82</ele>
   </trkpt>
   <trkpt lat="52.021392518582815" lon="4.392819960413787">
    <ele>-2.56</ele>
   </trkpt>
   <trkpt lat="52.02090502477023" lon="4.391609947202437">
    <ele>-2.84</ele>
   </trkpt>
   <trkpt lat="52.02041751856276" lon="4.390399960365585">
    <ele>-3.0700000000000003</ele>
   </trkpt>
   <trkpt lat="52.01993" lon="4.38919">
    <ele>-1.52</ele>
   </trkpt>
   <trkpt lat="52.019920000000006" lon="4.38898">
    <ele>-1.52</ele>
   </trkpt>
   <trkpt lat="52.020050000000005" lon="4.38895">
    <ele>-1.5</ele>
   </trkpt>
   <trkpt lat="52.02013" lon="4.38891">
    <ele>-1.58</ele>
   </trkpt>
   <trkpt lat="52.02062" lon="4.388540000000001">
    <ele>-1.58</ele>
   </trkpt>
   <trkpt lat="52.02136" lon="4.38807">
    <ele>-1.54</ele>
   </trkpt>
   <trkpt lat="52.02094667552955" lon="4.387046647747759">
    <ele>-1.59</ele>
   </trkpt>
   <trkpt lat="52.02053334219339" lon="4.386023314407705">
    <ele>-1.33</ele>
   </trkpt>
   <trkpt lat="52.020120000000006" lon="4.385000000000001">
    <ele>-1.36</ele>
   </trkpt>
   <trkpt lat="52.01968" lon="4.38441">
    <ele>-1.5</ele>
   </trkpt>
   <trkpt lat="52.01962" lon="4.38431">
    <ele>-1.5</ele>
   </trkpt>
   <trkpt lat="52.01929667234895" lon="4.383489988120022">
    <ele>-1.41</ele>
   </trkpt>
   <trkpt lat="52.0189733390053" lon="4.3826699880939834">
    <ele>-1.1500000000000001</ele>
   </trkpt>
   <trkpt lat="52.01865" lon="4.38185">
    <ele>-0.81</ele>
   </trkpt>
   <trkpt lat="52.01815500605298" lon="4.380654986796692">
    <ele>-0.54</ele>
   </trkpt>
   <trkpt lat="52.01766000000001" lon="4.379460000000001">
    <ele>-0.27</ele>
   </trkpt>
   <trkpt lat="52.01726401647464" lon="4.378473965120764">
    <ele>-0.08</ele>
   </trkpt>
   <trkpt lat="52.01686802471807" lon="4.377487947697231">
    <ele>0.0</ele>
   </trkpt>
   <trkpt lat="52.016472024730575" lon="4.376501947729206">
    <ele>0.08</ele>
   </trkpt>
   <trkpt lat="52.016076016512415" lon="4.375515965216495">
    <ele>0.12000000000000001</ele>
   </trkpt>
   <trkpt lat="52.01568" lon="4.37453">
    <ele>0.16</ele>
   </trkpt>
   <trkpt lat="52.01561" lon="4.37429">
    <ele>0.33000000000000007</ele>
   </trkpt>
   <trkpt lat="52.01558000000001" lon="4.37406">
    <ele>0.33000000000000007</ele>
   </trkpt>
   <trkpt lat="52.015530000000005" lon="4.37396">
    <ele>0.33000000000000007</ele>
   </trkpt>
   <trkpt lat="52.015550000000005" lon="4.3737900000000005">
    <ele>0.38</ele>
   </trkpt>
   <trkpt lat="52.015620000000006" lon="4.37377">
    <ele>0.38</ele>
   </trkpt>
   <trkpt lat="52.015690000000006" lon="4.3737">
    <ele>0.27</ele>
   </trkpt>
   <trkpt lat="52.015690000000006" lon="4.373620000000001">
    <ele>0.27</ele>
   </trkpt>
   <trkpt lat="52.015660000000004" lon="4.37354">
    <ele>0.14</ele>
   </trkpt>
   <trkpt lat="52.01568" lon="4.37343">
    <ele>0.14</ele>
   </trkpt>
   <trkpt lat="52.01561" lon="4.37335">
    <ele>-0.04</ele>
   </trkpt>
   <trkpt lat="52.01541" lon="4.37289">
    <ele>-0.16</ele>
   </trkpt>
   <trkpt lat="52.01520000000001" lon="4.372050000000001">
    <ele>0.34</ele>
   </trkpt>
   <trkpt lat="52.01492500168179" lon="4.37140999594491">
    <ele>0.47000000000000003</ele>
   </trkpt>
   <trkpt lat="52.01465" lon="4.37077">
    <ele>0.9600000000000001</ele>
   </trkpt>
   <trkpt lat="52.014590000000005" lon="4.37066">
    <ele>0.9600000000000001</ele>
   </trkpt>
   <trkpt lat="52.01512" lon="4.3695900000000005">
    <ele>0.2</ele>
   </trkpt>
   <trkpt lat="52.01523" lon="4.369330000000001">
    <ele>0.24000000000000002</ele>
   </trkpt>
   <trkpt lat="52.014920000000004" lon="4.36826">
    <ele>0.2</ele>
   </trkpt>
   <trkpt lat="52.014880000000005" lon="4.3680200000000005">
    <ele>0.12000000000000001</ele>
   </trkpt>
   <trkpt lat="52.01474" lon="4.36753">
    <ele>0.31</ele>
   </trkpt>
   <trkpt lat="52.01464000000001" lon="4.3670800000000005">
    <ele>0.67</ele>
   </trkpt>
   <trkpt lat="52.0146" lon="4.36679">
    <ele>0.76</ele>
   </trkpt>
   <trkpt lat="52.014410000000005" lon="4.3662">
    <ele>0.84</ele>
   </trkpt>
   <trkpt lat="52.014320000000005" lon="4.366090000000001">
    <ele>1.2000000000000002</ele>
   </trkpt>
   <trkpt lat="52.01404" lon="4.36547">
    <ele>2.5900000000000003</ele>
   </trkpt>
   <trkpt lat="52.013920000000006" lon="4.365150000000001">
    <ele>3.0300000000000002</ele>
   </trkpt>
   <trkpt lat="52.013870000000004" lon="4.3651100000000005">
    <ele>3.0100000000000002</ele>
   </trkpt>
   <trkpt lat="52.013670000000005" lon="4.364660000000001">
    <ele>2.3800000000000003</ele>
   </trkpt>
   <trkpt lat="52.01368" lon="4.364680000000001">
    <ele>2.4200000000000004</ele>
   </trkpt>
   <trkpt lat="52.014230000000005" lon="4.363840000000001">
    <ele>2.0</ele>
   </trkpt>
   <trkpt lat="52.0148075077539" lon="4.36305753033094">
    <ele>1.84</ele>
   </trkpt>
   <trkpt lat="52.01538501032406" lon="4.362275040461574">
    <ele>1.6300000000000001</ele>
   </trkpt>
   <trkpt lat="52.01596250771028" lon="4.361492530391146">
    <ele>1.93</ele>
   </trkpt>
   <trkpt lat="52.016540000000006" lon="4.36071">
    <ele>2.45</ele>
   </trkpt>
   <trkpt lat="52.01719000000001" lon="4.35991">
    <ele>2.36</ele>
   </trkpt>
   <trkpt lat="52.01776" lon="4.35911">
    <ele>2.6300000000000003</ele>
   </trkpt>
   <trkpt lat="52.017990000000005" lon="4.358750000000001">
    <ele>2.7900000000000005</ele>
   </trkpt>
   <trkpt lat="52.01821" lon="4.35913">
    <ele>2.71</ele>
   </trkpt>
   <trkpt lat="52.018240000000006" lon="4.3592900000000006">
    <ele>2.48</ele>
   </trkpt>
   <trkpt lat="52.01847000000001" lon="4.359">
    <ele>2.14</ele>
   </trkpt>
   <trkpt lat="52.018935001962184" lon="4.358335006783503">
    <ele>1.18</ele>
   </trkpt>
   <trkpt lat="52.019400000000005" lon="4.357670000000001">
    <ele>1.5700000000000003</ele>
   </trkpt>
   <trkpt lat="52.019560000000006" lon="4.35738">
    <ele>1.5700000000000003</ele>
   </trkpt>
   <trkpt lat="52.019670000000005" lon="4.3571">
    <ele>1.54</ele>
   </trkpt>
   <trkpt lat="52.01982" lon="4.356330000000001">
    <ele>1.5</ele>
   </trkpt>
   <trkpt lat="52.01988000000001" lon="4.3558900000000005">
    <ele>1.5</ele>
   </trkpt>
   <trkpt lat="52.019870005403796" lon="4.35475999960066">
    <ele>1.4900000000000002</ele>
   </trkpt>
   <trkpt lat="52.01986" lon="4.353630000000001">
    <ele>1.3800000000000001</ele>
   </trkpt>
   <trkpt lat="52.019800000000004" lon="4.35233">
    <ele>1.04</ele>
   </trkpt>
   <trkpt lat="52.019850000000005" lon="4.3517">
    <ele>1.42</ele>
   </trkpt>
   <trkpt lat="52.01993" lon="4.35106">
    <ele>1.7100000000000002</ele>
   </trkpt>
   <trkpt lat="52.020030000000006" lon="4.35067">
    <ele>1.76</ele>
   </trkpt>
   <trkpt lat="52.02032500155148" lon="4.3500600040717154">
    <ele>1.78</ele>
   </trkpt>
   <trkpt lat="52.02062" lon="4.34945">
    <ele>1.37</ele>
   </trkpt>
   <trkpt lat="52.020810000000004" lon="4.349200000000001">
    <ele>1.26</ele>
   </trkpt>
   <trkpt lat="52.02134" lon="4.348870000000001">
    <ele>1.12</ele>
   </trkpt>
   <trkpt lat="52.02199000039308" lon="4.348535004910452">
    <ele>1.1</ele>
   </trkpt>
   <trkpt lat="52.02264" lon="4.3482">
    <ele>1.28</ele>
   </trkpt>
   <trkpt lat="52.023375000380035" lon="4.347875005370421">
    <ele>1.03</ele>
   </trkpt>
   <trkpt lat="52.02411000000001" lon="4.34755">
    <ele>1.06</ele>
   </trkpt>
   <trkpt lat="52.02445" lon="4.34747">
    <ele>1.18</ele>
   </trkpt>
   <trkpt lat="52.02506333342867" lon="4.347390002188835">
    <ele>1.12</ele>
   </trkpt>
   <trkpt lat="52.02567666680318" lon="4.3473100021835025">
    <ele>0.9700000000000001</ele>
   </trkpt>
   <trkpt lat="52.02629" lon="4.347230000000001">
    <ele>1.17</ele>
   </trkpt>
   <trkpt lat="52.02638" lon="4.34733">
    <ele>1.16</ele>
   </trkpt>
   <trkpt lat="52.02648000000001" lon="4.34713">
    <ele>1.2100000000000002</ele>
   </trkpt>
   <trkpt lat="52.02653" lon="4.3471">
    <ele>1.2300000000000002</ele>
   </trkpt>
   <trkpt lat="52.02740500020798" lon="4.346955002817365">
    <ele>1.2000000000000002</ele>
   </trkpt>
   <trkpt lat="52.02828" lon="4.3468100000000005">
    <ele>1.27</ele>
   </trkpt>
   <trkpt lat="52.0287600000597" lon="4.3467550005849915">
    <ele>1.26</ele>
   </trkpt>
   <trkpt lat="52.02924" lon="4.3467">
    <ele>1.27</ele>
   </trkpt>
   <trkpt lat="52.029700000000005" lon="4.34663">
    <ele>1.25</ele>
   </trkpt>
   <trkpt lat="52.030240000000006" lon="4.34649">
    <ele>1.2200000000000002</ele>
   </trkpt>
   <trkpt lat="52.030550000000005" lon="4.34647">
    <ele>1.25</ele>
   </trkpt>
   <trkpt lat="52.03119" lon="4.346310000000001">
    <ele>1.1900000000000002</ele>
   </trkpt>
   <trkpt lat="52.031650000000006" lon="4.346240000000001">
    <ele>1.18</ele>
   </trkpt>
   <trkpt lat="52.03239000000001" lon="4.346170000000001">
    <ele>1.1400000000000001</ele>
   </trkpt>
   <trkpt lat="52.03246000000001" lon="4.34612">
    <ele>1.2000000000000002</ele>
   </trkpt>
   <trkpt lat="52.03264000000001" lon="4.34609">
    <ele>1.2200000000000002</ele>
   </trkpt>
   <trkpt lat="52.032680000000006" lon="4.34611">
    <ele>1.2200000000000002</ele>
   </trkpt>
   <trkpt lat="52.032920000000004" lon="4.3460600000000005">
    <ele>1.2200000000000002</ele>
   </trkpt>
   <trkpt lat="52.033080000000005" lon="4.34605">
    <ele>1.2200000000000002</ele>
   </trkpt>
   <trkpt lat="52.03356" lon="4.34593">
    <ele>1.18</ele>
   </trkpt>
   <trkpt lat="52.03388" lon="4.34581">
    <ele>1.18</ele>
   </trkpt>
   <trkpt lat="52.03428" lon="4.345750000000001">
    <ele>1.09</ele>
   </trkpt>
   <trkpt lat="52.034940000000006" lon="4.345700000000001">
    <ele>1.09</ele>
   </trkpt>
   <trkpt lat="52.03524" lon="4.3456600000000005">
    <ele>1.1500000000000001</ele>
   </trkpt>
   <trkpt lat="52.03594000017104" lon="4.3454900026499725">
    <ele>1.1400000000000001</ele>
   </trkpt>
   <trkpt lat="52.036640000000006" lon="4.34532">
    <ele>1.1400000000000001</ele>
   </trkpt>
   <trkpt lat="52.037513333507384" lon="4.345170005863618">
    <ele>1.01</ele>
   </trkpt>
   <trkpt lat="52.03838666682431" lon="4.3450200058665756">
    <ele>0.9600000000000001</ele>
   </trkpt>
   <trkpt lat="52.039260000000006" lon="4.34487">
    <ele>1.07</ele>
   </trkpt>
   <trkpt lat="52.03982500000593" lon="4.344785001078086">
    <ele>1.04</ele>
   </trkpt>
   <trkpt lat="52.04039" lon="4.3447000000000005">
    <ele>1.12</ele>
   </trkpt>
   <trkpt lat="52.04073" lon="4.34463">
    <ele>1.25</ele>
   </trkpt>
   <trkpt lat="52.04077" lon="4.3447000000000005">
    <ele>1.25</ele>
   </trkpt>
   <trkpt lat="52.04077" lon="4.344740000000001">
    <ele>1.25</ele>
   </trkpt>
   <trkpt lat="52.04143000002378" lon="4.344615001853753">
    <ele>1.2300000000000002</ele>
   </trkpt>
   <trkpt lat="52.04209" lon="4.34449">
    <ele>1.3200000000000003</ele>
   </trkpt>
   <trkpt lat="52.04296" lon="4.344340000000001">
    <ele>1.29</ele>
   </trkpt>
   <trkpt lat="52.04348" lon="4.34433">
    <ele>1.29</ele>
   </trkpt>
   <trkpt lat="52.04415" lon="4.344250000000001">
    <ele>1.25</ele>
   </trkpt>
   <trkpt lat="52.04489" lon="4.34408">
    <ele>1.31</ele>
   </trkpt>
   <trkpt lat="52.04522000000001" lon="4.344">
    <ele>1.34</ele>
   </trkpt>
   <trkpt lat="52.04533000000001" lon="4.344">
    <ele>1.7000000000000002</ele>
   </trkpt>
   <trkpt lat="52.04603" lon="4.34388">
    <ele>1.93</ele>
   </trkpt>
   <trkpt lat="52.046240000000004" lon="4.343800000000001">
    <ele>1.6400000000000001</ele>
   </trkpt>
   <trkpt lat="52.04686999992664" lon="4.3437000014281075">
    <ele>1.3</ele>
   </trkpt>
   <trkpt lat="52.04750000000001" lon="4.3436">
    <ele>1.1300000000000001</ele>
   </trkpt>
   <trkpt lat="52.047700000000006" lon="4.343590000000001">
    <ele>1.12</ele>
   </trkpt>
   <trkpt lat="52.0478" lon="4.34363">
    <ele>1.12</ele>
   </trkpt>
   <trkpt lat="52.04818" lon="4.3436200000000005">
    <ele>1.08</ele>
   </trkpt>
   <trkpt lat="52.04847" lon="4.343590000000001">
    <ele>1.1500000000000001</ele>
   </trkpt>
   <trkpt lat="52.049080000000004" lon="4.34347">
    <ele>1.16</ele>
   </trkpt>
   <trkpt lat="52.0499" lon="4.34333">
    <ele>1.1500000000000001</ele>
   </trkpt>
   <trkpt lat="52.05066000000001" lon="4.3432900000000005">
    <ele>1.29</ele>
   </trkpt>
   <trkpt lat="52.050850000000004" lon="4.34332">
    <ele>1.27</ele>
   </trkpt>
   <trkpt lat="52.05086000000001" lon="4.343260000000001">
    <ele>1.1900000000000002</ele>
   </trkpt>
   <trkpt lat="52.050920000000005" lon="4.343240000000001">
    <ele>1.1900000000000002</ele>
   </trkpt>
   <trkpt lat="52.05129" lon="4.34332">
    <ele>0.62</ele>
   </trkpt>
   <trkpt lat="52.05185" lon="4.343520000000001">
    <ele>0.79</ele>
   </trkpt>
   <trkpt lat="52.05194" lon="4.343520000000001">
    <ele>0.9600000000000001</ele>
   </trkpt>
   <trkpt lat="52.05207000000001" lon="4.34351">
    <ele>1.08</ele>
   </trkpt>
   <trkpt lat="52.05228" lon="4.34354">
    <ele>1.2200000000000002</ele>
   </trkpt>
   <trkpt lat="52.05274000000001" lon="4.34368">
    <ele>1.3</ele>
   </trkpt>
   <trkpt lat="52.05293" lon="4.34377">
    <ele>1.28</ele>
   </trkpt>
   <trkpt lat="52.05315" lon="4.34401">
    <ele>1.2200000000000002</ele>
   </trkpt>
   <trkpt lat="52.053830000000005" lon="4.344790000000001">
    <ele>1.4400000000000002</ele>
   </trkpt>
   <trkpt lat="52.054400004879824" lon="4.345549980595844">
    <ele>1.28</ele>
   </trkpt>
   <trkpt lat="52.05497000487129" lon="4.346309980584126">
    <ele>1.27</ele>
   </trkpt>
   <trkpt lat="52.05554000000001" lon="4.34707">
    <ele>1.17</ele>
   </trkpt>
   <trkpt lat="52.0559200007324" lon="4.3475049962216525">
    <ele>1.18</ele>
   </trkpt>
   <trkpt lat="52.05630000000001" lon="4.34794">
    <ele>1.33</ele>
   </trkpt>
   <trkpt lat="52.05653" lon="4.34832">
    <ele>1.4900000000000002</ele>
   </trkpt>
   <trkpt lat="52.056540000000005" lon="4.34832">
    <ele>1.51</ele>
   </trkpt>
   <trkpt lat="52.05673" lon="4.3480300000000005">
    <ele>2.34</ele>
   </trkpt>
   <trkpt lat="52.057030000000005" lon="4.347440000000001">
    <ele>1.54</ele>
   </trkpt>
   <trkpt lat="52.05731" lon="4.34712">
    <ele>1.78</ele>
   </trkpt>
   <trkpt lat="52.0574" lon="4.34708">
    <ele>1.97</ele>
   </trkpt>
   <trkpt lat="52.057460000000006" lon="4.347">
    <ele>1.97</ele>
   </trkpt>
   <trkpt lat="52.05799666973427" lon="4.346396681177973">
    <ele>1.6400000000000001</ele>
   </trkpt>
   <trkpt lat="52.05853333638793" lon="4.345793347859489">
    <ele>1.55</ele>
   </trkpt>
   <trkpt lat="52.059070000000006" lon="4.3451900000000006">
    <ele>1.6400000000000001</ele>
   </trkpt>
   <trkpt lat="52.05955" lon="4.344670000000001">
    <ele>3.4600000000000004</ele>
   </trkpt>
   <trkpt lat="52.05962" lon="4.3445100000000005">
    <ele>3.8000000000000003</ele>
   </trkpt>
   <trkpt lat="52.05939000000001" lon="4.34415">
    <ele>3.85</ele>
   </trkpt>
   <trkpt lat="52.05937" lon="4.34384">
    <ele>3.6</ele>
   </trkpt>
   <trkpt lat="52.05933" lon="4.3437600000000005">
    <ele>3.36</ele>
   </trkpt>
   <trkpt lat="52.05990500249492" lon="4.34299500982299">
    <ele>2.17</ele>
   </trkpt>
   <trkpt lat="52.060480000000005" lon="4.342230000000001">
    <ele>2.19</ele>
   </trkpt>
   <trkpt lat="52.060930000000006" lon="4.34159">
    <ele>2.14</ele>
   </trkpt>
   <trkpt lat="52.06136000000001" lon="4.34091">
    <ele>2.0900000000000003</ele>
   </trkpt>
   <trkpt lat="52.06175" lon="4.34023">
    <ele>2.15</ele>
   </trkpt>
   <trkpt lat="52.06192000000001" lon="4.3399600000000005">
    <ele>2.15</ele>
   </trkpt>
   <trkpt lat="52.06260601176116" lon="4.339126051252657">
    <ele>2.0100000000000002</ele>
   </trkpt>
   <trkpt lat="52.06329201763652" lon="4.338292076886933">
    <ele>2.0500000000000003</ele>
   </trkpt>
   <trkpt lat="52.063978017625736" lon="4.337458076901629">
    <ele>1.97</ele>
   </trkpt>
   <trkpt lat="52.064664011728524" lon="4.336624051295544">
    <ele>1.98</ele>
   </trkpt>
   <trkpt lat="52.06535" lon="4.33579">
    <ele>2.02</ele>
   </trkpt>
   <trkpt lat="52.066025002865985" lon="4.334955012724994">
    <ele>1.99</ele>
   </trkpt>
   <trkpt lat="52.066700000000004" lon="4.33412">
    <ele>2.02</ele>
   </trkpt>
   <trkpt lat="52.06678" lon="4.334020000000001">
    <ele>2.04</ele>
   </trkpt>
   <trkpt lat="52.066900000000004" lon="4.333690000000001">
    <ele>2.04</ele>
   </trkpt>
   <trkpt lat="52.067220000000006" lon="4.33337">
    <ele>2.2600000000000002</ele>
   </trkpt>
   <trkpt lat="52.067460000000004" lon="4.3331100000000005">
    <ele>2.5100000000000002</ele>
   </trkpt>
   <trkpt lat="52.06749000000001" lon="4.33303">
    <ele>2.5100000000000002</ele>
   </trkpt>
   <trkpt lat="52.06761" lon="4.33222">
    <ele>2.5900000000000003</ele>
   </trkpt>
   <trkpt lat="52.06785000000001" lon="4.3319600000000005">
    <ele>2.7</ele>
   </trkpt>
   <trkpt lat="52.06759" lon="4.33143">
    <ele>2.25</ele>
   </trkpt>
   <trkpt lat="52.06719500433102" lon="4.3304199911039305">
    <ele>2.47</ele>
   </trkpt>
   <trkpt lat="52.06680000000001" lon="4.32941">
    <ele>2.45</ele>
   </trkpt>
   <trkpt lat="52.06665" lon="4.329070000000001">
    <ele>2.74</ele>
   </trkpt>
   <trkpt lat="52.066790000000005" lon="4.32897">
    <ele>3.37</ele>
   </trkpt>
   <trkpt lat="52.066790000000005" lon="4.328880000000001">
    <ele>3.37</ele>
   </trkpt>
   <trkpt lat="52.067400000000006" lon="4.32831">
    <ele>4.760000000000001</ele>
   </trkpt>
   <trkpt lat="52.0678050007764" lon="4.327890003778047">
    <ele>4.07</ele>
   </trkpt>
   <trkpt lat="52.06821000000001" lon="4.32747">
    <ele>3.25</ele>
   </trkpt>
   <trkpt lat="52.06881500102708" lon="4.326985006545636">
    <ele>3.08</ele>
   </trkpt>
   <trkpt lat="52.06942" lon="4.3265">
    <ele>3.16</ele>
   </trkpt>
   <trkpt lat="52.06967" lon="4.32627">
    <ele>3.0700000000000003</ele>
   </trkpt>
   <trkpt lat="52.06969" lon="4.32631">
    <ele>3.0700000000000003</ele>
   </trkpt>
   <trkpt lat="52.07011000000001" lon="4.32594">
    <ele>3.08</ele>
   </trkpt>
   <trkpt lat="52.07014" lon="4.3261400000000005">
    <ele>2.5900000000000003</ele>
   </trkpt>
   <trkpt lat="52.07020000000001" lon="4.32608">
    <ele>2.41</ele>
   </trkpt>
   <trkpt lat="52.07023" lon="4.32613">
    <ele>2.45</ele>
   </trkpt>
   <trkpt lat="52.07054" lon="4.32585">
    <ele>2.33</ele>
   </trkpt>
   <trkpt lat="52.070730000000005" lon="4.32565">
    <ele>2.0700000000000003</ele>
   </trkpt>
   <trkpt lat="52.070800000000006" lon="4.325550000000001">
    <ele>2.0100000000000002</ele>
   </trkpt>
   <trkpt lat="52.071250000000006" lon="4.32512">
    <ele>2.06</ele>
   </trkpt>
   <trkpt lat="52.07151" lon="4.32497">
    <ele>2.4000000000000004</ele>
   </trkpt>
   <trkpt lat="52.07202" lon="4.3245000000000005">
    <ele>2.7700000000000005</ele>
   </trkpt>
   <trkpt lat="52.07213" lon="4.324450000000001">
    <ele>2.9400000000000004</ele>
   </trkpt>
   <trkpt lat="52.071830000000006" lon="4.32413">
    <ele>3.4000000000000004</ele>
   </trkpt>
   <trkpt lat="52.07182" lon="4.32383">
    <ele>3.2700000000000005</ele>
   </trkpt>
   <trkpt lat="52.07143000000001" lon="4.32373">
    <ele>3.12</ele>
   </trkpt>
   <trkpt lat="52.0713" lon="4.32366">
    <ele>2.97</ele>
   </trkpt>
   <trkpt lat="52.07115" lon="4.3235">
    <ele>3.0100000000000002</ele>
   </trkpt>
   <trkpt lat="52.071180000000005" lon="4.32343">
    <ele>3.0100000000000002</ele>
   </trkpt>
   <trkpt lat="52.071360000000006" lon="4.323580000000001">
    <ele>3.0500000000000003</ele>
   </trkpt>
   <trkpt lat="52.07144" lon="4.32362">
    <ele>3.0500000000000003</ele>
   </trkpt>
   <trkpt lat="52.07157" lon="4.32366">
    <ele>3.1100000000000003</ele>
   </trkpt>
   <trkpt lat="52.07184" lon="4.323670000000001">
    <ele>3.17</ele>
   </trkpt>
   <trkpt lat="52.07195" lon="4.3236300000000005">
    <ele>2.9200000000000004</ele>
   </trkpt>
   <trkpt lat="52.07211" lon="4.323530000000001">
    <ele>2.71</ele>
   </trkpt>
   <trkpt lat="52.07247" lon="4.3230900000000005">
    <ele>3.1100000000000003</ele>
   </trkpt>
   <trkpt lat="52.07267" lon="4.32366">
    <ele>3.8300000000000005</ele>
   </trkpt>
   <trkpt lat="52.0728" lon="4.32383">
    <ele>4.07</ele>
   </trkpt>
   <trkpt lat="52.073130000000006" lon="4.32416">
    <ele>4.38</ele>
   </trkpt>
   <trkpt lat="52.073190000000004" lon="4.324070000000001">
    <ele>3.94</ele>
   </trkpt>
   <trkpt lat="52.073240000000006" lon="4.32394">
    <ele>3.69</ele>
   </trkpt>
   <trkpt lat="52.0735" lon="4.32348">
    <ele>3.2</ele>
   </trkpt>
   <trkpt lat="52.073820000000005" lon="4.32294">
    <ele>3.22</ele>
   </trkpt>
   <trkpt lat="52.07417000197939" lon="4.322260005286272">
    <ele>3.19</ele>
   </trkpt>
   <trkpt lat="52.07452000000001" lon="4.32158">
    <ele>3.33</ele>
   </trkpt>
   <trkpt lat="52.07475" lon="4.32117">
    <ele>3.9000000000000004</ele>
   </trkpt>
   <trkpt lat="52.07509" lon="4.32071">
    <ele>4.6000000000000005</ele>
   </trkpt>
   <trkpt lat="52.07513" lon="4.32063">
    <ele>4.62</ele>
   </trkpt>
   <trkpt lat="52.075140000000005" lon="4.320530000000001">
    <ele>4.62</ele>
   </trkpt>
   <trkpt lat="52.07504" lon="4.3197">
    <ele>4.410000000000001</ele>
   </trkpt>
   <trkpt lat="52.07509" lon="4.31956">
    <ele>4.3</ele>
   </trkpt>
   <trkpt lat="52.075475002203696" lon="4.3188500059923065">
    <ele>3.73</ele>
   </trkpt>
   <trkpt lat="52.075860000000006" lon="4.3181400000000005">
    <ele>3.89</ele>
   </trkpt>
   <trkpt lat="52.076100000000004" lon="4.31763">
    <ele>3.98</ele>
   </trkpt>
   <trkpt lat="52.07639500139588" lon="4.317065003646925">
    <ele>4.16</ele>
   </trkpt>
   <trkpt lat="52.076690000000006" lon="4.3165000000000004">
    <ele>4.410000000000001</ele>
   </trkpt>
   <trkpt lat="52.07709000243955" lon="4.315765006303112">
    <ele>4.3100000000000005</ele>
   </trkpt>
   <trkpt lat="52.077490000000004" lon="4.31503">
    <ele>4.73</ele>
   </trkpt>
   <trkpt lat="52.07753" lon="4.31515">
    <ele>4.73</ele>
   </trkpt>
  </trkseg>
 </trk>
</gpx>
