<?xml version="1.0" encoding="UTF-8"?>
<gpx creator="StravaGPX" version="1.1" xmlns="http://www.topografix.com/GPX/1/1" xmlns:xsi="http://www.w3.org/2001/XMLSchema-instance" xsi:schemaLocation="http://www.topografix.com/GPX/1/1 http://www.topografix.com/GPX/1/1/gpx.xsd">
 <metadata>
  <name>127km Country above BG and back through Delft</name>
  <author>
   <name>Andrew Goudie</name>
  </author>
  <copyright author="OpenStreetMap contributors">
   <year>2020</year>
   <license>https://www.openstreetmap.org/copyright</license>
  </copyright>
 </metadata>
 <trk>
  <name>127km Country above BG and back through Delft</name>
  <link href=""/>
  <type>cycling</type>
  <trkseg>
   <trkpt lat="52.106" lon="4.358560000000001">
    <ele>2.75</ele>
   </trkpt>
   <trkpt lat="52.10569" lon="4.35904">
    <ele>2.7600000000000002</ele>
   </trkpt>
   <trkpt lat="52.10562" lon="4.35913">
    <ele>2.7</ele>
   </trkpt>
   <trkpt lat="52.10553" lon="4.3591500000000005">
    <ele>2.7</ele>
   </trkpt>
   <trkpt lat="52.105500000000006" lon="4.35914">
    <ele>2.7</ele>
   </trkpt>
   <trkpt lat="52.105470000000004" lon="4.359170000000001">
    <ele>2.7</ele>
   </trkpt>
   <trkpt lat="52.10490000000001" lon="4.36003">
    <ele>2.0900000000000003</ele>
   </trkpt>
   <trkpt lat="52.10465000000001" lon="4.3604">
    <ele>1.86</ele>
   </trkpt>
   <trkpt lat="52.10443000000001" lon="4.360650000000001">
    <ele>1.86</ele>
   </trkpt>
   <trkpt lat="52.10428" lon="4.36085">
    <ele>1.6500000000000001</ele>
   </trkpt>
   <trkpt lat="52.104240000000004" lon="4.36097">
    <ele>1.6500000000000001</ele>
   </trkpt>
   <trkpt lat="52.10417" lon="4.36106">
    <ele>1.6500000000000001</ele>
   </trkpt>
   <trkpt lat="52.1041" lon="4.361140000000001">
    <ele>1.59</ele>
   </trkpt>
   <trkpt lat="52.10401" lon="4.361190000000001">
    <ele>1.59</ele>
   </trkpt>
   <trkpt lat="52.103570000000005" lon="4.361750000000001">
    <ele>1.52</ele>
   </trkpt>
   <trkpt lat="52.10324000000001" lon="4.362170000000001">
    <ele>1.2100000000000002</ele>
   </trkpt>
   <trkpt lat="52.103120000000004" lon="4.36235">
    <ele>1.2000000000000002</ele>
   </trkpt>
   <trkpt lat="52.10302" lon="4.36254">
    <ele>1.25</ele>
   </trkpt>
   <trkpt lat="52.10295000000001" lon="4.3627400000000005">
    <ele>1.25</ele>
   </trkpt>
   <trkpt lat="52.10271" lon="4.36373">
    <ele>1.99</ele>
   </trkpt>
   <trkpt lat="52.10255" lon="4.36402">
    <ele>2.1300000000000003</ele>
   </trkpt>
   <trkpt lat="52.102430000000005" lon="4.364120000000001">
    <ele>2.1300000000000003</ele>
   </trkpt>
   <trkpt lat="52.10230000000001" lon="4.36418">
    <ele>2.17</ele>
   </trkpt>
   <trkpt lat="52.1022" lon="4.3642">
    <ele>2.17</ele>
   </trkpt>
   <trkpt lat="52.102090000000004" lon="4.364190000000001">
    <ele>2.23</ele>
   </trkpt>
   <trkpt lat="52.10192000000001" lon="4.36411">
    <ele>2.2</ele>
   </trkpt>
   <trkpt lat="52.101710000000004" lon="4.364120000000001">
    <ele>2.1100000000000003</ele>
   </trkpt>
   <trkpt lat="52.101510000000005" lon="4.363860000000001">
    <ele>2.0500000000000003</ele>
   </trkpt>
   <trkpt lat="52.101440000000004" lon="4.3637500000000005">
    <ele>1.98</ele>
   </trkpt>
   <trkpt lat="52.10141" lon="4.363650000000001">
    <ele>1.98</ele>
   </trkpt>
   <trkpt lat="52.101400000000005" lon="4.36347">
    <ele>1.79</ele>
   </trkpt>
   <trkpt lat="52.101290000000006" lon="4.36327">
    <ele>1.6500000000000001</ele>
   </trkpt>
   <trkpt lat="52.10095500294008" lon="4.364100006169457">
    <ele>1.55</ele>
   </trkpt>
   <trkpt lat="52.100620000000006" lon="4.36493">
    <ele>3.0100000000000002</ele>
   </trkpt>
   <trkpt lat="52.100480000000005" lon="4.365200000000001">
    <ele>3.49</ele>
   </trkpt>
   <trkpt lat="52.10011" lon="4.365740000000001">
    <ele>3.8300000000000005</ele>
   </trkpt>
   <trkpt lat="52.09943001068105" lon="4.366534048401951">
    <ele>3.7900000000000005</ele>
   </trkpt>
   <trkpt lat="52.09875001602806" lon="4.367328072593842">
    <ele>3.73</ele>
   </trkpt>
   <trkpt lat="52.09807001604138" lon="4.368122072576816">
    <ele>3.6</ele>
   </trkpt>
   <trkpt lat="52.097390010721256" lon="4.368916048352014">
    <ele>3.89</ele>
   </trkpt>
   <trkpt lat="52.09671" lon="4.36971">
    <ele>3.85</ele>
   </trkpt>
   <trkpt lat="52.09653" lon="4.369940000000001">
    <ele>3.85</ele>
   </trkpt>
   <trkpt lat="52.09639000000001" lon="4.37018">
    <ele>3.7900000000000005</ele>
   </trkpt>
   <trkpt lat="52.0960900015838" lon="4.370775003830373">
    <ele>3.6500000000000004</ele>
   </trkpt>
   <trkpt lat="52.09579" lon="4.371370000000001">
    <ele>2.86</ele>
   </trkpt>
   <trkpt lat="52.09563000000001" lon="4.37161">
    <ele>1.8200000000000003</ele>
   </trkpt>
   <trkpt lat="52.09525000000001" lon="4.37211">
    <ele>1.4400000000000002</ele>
   </trkpt>
   <trkpt lat="52.09505000000001" lon="4.372330000000001">
    <ele>1.41</ele>
   </trkpt>
   <trkpt lat="52.09479" lon="4.3725700000000005">
    <ele>1.4500000000000002</ele>
   </trkpt>
   <trkpt lat="52.09409333602873" lon="4.37313335091856">
    <ele>1.27</ele>
   </trkpt>
   <trkpt lat="52.09339666937248" lon="4.373696684243117">
    <ele>-0.36000000000000004</ele>
   </trkpt>
   <trkpt lat="52.09270000000001" lon="4.3742600000000005">
    <ele>-2.25</ele>
   </trkpt>
   <trkpt lat="52.092560000000006" lon="4.37431">
    <ele>-1.93</ele>
   </trkpt>
   <trkpt lat="52.092510000000004" lon="4.374300000000001">
    <ele>-1.93</ele>
   </trkpt>
   <trkpt lat="52.09243000000001" lon="4.37425">
    <ele>-1.67</ele>
   </trkpt>
   <trkpt lat="52.09235" lon="4.3741200000000005">
    <ele>-0.68</ele>
   </trkpt>
   <trkpt lat="52.092110000000005" lon="4.373620000000001">
    <ele>0.0</ele>
   </trkpt>
   <trkpt lat="52.092060000000004" lon="4.373600000000001">
    <ele>0.34</ele>
   </trkpt>
   <trkpt lat="52.09197" lon="4.3736500000000005">
    <ele>0.38</ele>
   </trkpt>
   <trkpt lat="52.09245000000001" lon="4.37467">
    <ele>1.41</ele>
   </trkpt>
   <trkpt lat="52.092490000000005" lon="4.37485">
    <ele>1.29</ele>
   </trkpt>
   <trkpt lat="52.092530000000004" lon="4.37516">
    <ele>0.23</ele>
   </trkpt>
   <trkpt lat="52.092620000000004" lon="4.375380000000001">
    <ele>0.23</ele>
   </trkpt>
   <trkpt lat="52.093142786717216" lon="4.376565315647262">
    <ele>0.07</ele>
   </trkpt>
   <trkpt lat="52.09366556154733" lon="4.377750659073234">
    <ele>0.0</ele>
   </trkpt>
   <trkpt lat="52.094188324489885" lon="4.378936030278458">
    <ele>-0.04</ele>
   </trkpt>
   <trkpt lat="52.09471107554433" lon="4.380121429263477">
    <ele>-0.08</ele>
   </trkpt>
   <trkpt lat="52.0952338147102" lon="4.381306856028834">
    <ele>-0.08</ele>
   </trkpt>
   <trkpt lat="52.09575654198699" lon="4.38249231057507">
    <ele>-0.08</ele>
   </trkpt>
   <trkpt lat="52.09627925737417" lon="4.383677792902726">
    <ele>-0.11</ele>
   </trkpt>
   <trkpt lat="52.09680196087127" lon="4.384863303012346">
    <ele>-0.29</ele>
   </trkpt>
   <trkpt lat="52.09732465247775" lon="4.386048840904471">
    <ele>-0.16</ele>
   </trkpt>
   <trkpt lat="52.097847332193155" lon="4.387234406579643">
    <ele>-0.19</ele>
   </trkpt>
   <trkpt lat="52.09837" lon="4.38842">
    <ele>-0.16</ele>
   </trkpt>
   <trkpt lat="52.098420000000004" lon="4.3885000000000005">
    <ele>-0.16</ele>
   </trkpt>
   <trkpt lat="52.09863000000001" lon="4.38867">
    <ele>-0.18000000000000002</ele>
   </trkpt>
   <trkpt lat="52.09899000000001" lon="4.38912">
    <ele>-0.16</ele>
   </trkpt>
   <trkpt lat="52.099450000000004" lon="4.39003">
    <ele>-0.19</ele>
   </trkpt>
   <trkpt lat="52.099610000000006" lon="4.39022">
    <ele>-0.25</ele>
   </trkpt>
   <trkpt lat="52.09967" lon="4.39032">
    <ele>-0.25</ele>
   </trkpt>
   <trkpt lat="52.10007000365385" lon="4.39124499178458">
    <ele>-0.38</ele>
   </trkpt>
   <trkpt lat="52.10047" lon="4.39217">
    <ele>-0.44</ele>
   </trkpt>
   <trkpt lat="52.10060000000001" lon="4.39245">
    <ele>-0.44</ele>
   </trkpt>
   <trkpt lat="52.100840000000005" lon="4.392860000000001">
    <ele>-0.4</ele>
   </trkpt>
   <trkpt lat="52.101020000000005" lon="4.393210000000001">
    <ele>-0.4</ele>
   </trkpt>
   <trkpt lat="52.101090000000006" lon="4.39344">
    <ele>-0.4</ele>
   </trkpt>
   <trkpt lat="52.1011" lon="4.39364">
    <ele>-0.38</ele>
   </trkpt>
   <trkpt lat="52.10103" lon="4.39395">
    <ele>-0.42</ele>
   </trkpt>
   <trkpt lat="52.10101" lon="4.394150000000001">
    <ele>-0.42</ele>
   </trkpt>
   <trkpt lat="52.101020000000005" lon="4.39424">
    <ele>-0.4</ele>
   </trkpt>
   <trkpt lat="52.101510000000005" lon="4.39536">
    <ele>-0.46</ele>
   </trkpt>
   <trkpt lat="52.101530000000004" lon="4.39559">
    <ele>-0.36000000000000004</ele>
   </trkpt>
   <trkpt lat="52.101850000000006" lon="4.3963600000000005">
    <ele>-0.4</ele>
   </trkpt>
   <trkpt lat="52.101890000000004" lon="4.39642">
    <ele>-0.4</ele>
   </trkpt>
   <trkpt lat="52.10195" lon="4.39642">
    <ele>-0.4</ele>
   </trkpt>
   <trkpt lat="52.102000000000004" lon="4.396450000000001">
    <ele>-0.4</ele>
   </trkpt>
   <trkpt lat="52.102410000000006" lon="4.39738">
    <ele>-0.4</ele>
   </trkpt>
   <trkpt lat="52.10278" lon="4.398280000000001">
    <ele>-0.38</ele>
   </trkpt>
   <trkpt lat="52.103" lon="4.398750000000001">
    <ele>-0.27</ele>
   </trkpt>
   <trkpt lat="52.103120000000004" lon="4.398840000000001">
    <ele>-0.27</ele>
   </trkpt>
   <trkpt lat="52.10331000000001" lon="4.3992700000000005">
    <ele>-0.25</ele>
   </trkpt>
   <trkpt lat="52.10371000000001" lon="4.4001600000000005">
    <ele>-0.05</ele>
   </trkpt>
   <trkpt lat="52.10381" lon="4.400740000000001">
    <ele>0.27</ele>
   </trkpt>
   <trkpt lat="52.10425751281894" lon="4.401744969751417">
    <ele>0.37000000000000005</ele>
   </trkpt>
   <trkpt lat="52.10470501709372" lon="4.402749959671903">
    <ele>0.43000000000000005</ele>
   </trkpt>
   <trkpt lat="52.10515251282403" lon="4.403754969761802">
    <ele>0.4</ele>
   </trkpt>
   <trkpt lat="52.1056" lon="4.4047600000000005">
    <ele>0.4900000000000001</ele>
   </trkpt>
   <trkpt lat="52.10595000000001" lon="4.405390000000001">
    <ele>0.44</ele>
   </trkpt>
   <trkpt lat="52.10643333787349" lon="4.406123317422592">
    <ele>0.38</ele>
   </trkpt>
   <trkpt lat="52.10691667119772" lon="4.406856650741873">
    <ele>0.23</ele>
   </trkpt>
   <trkpt lat="52.107400000000005" lon="4.407590000000001">
    <ele>-0.36000000000000004</ele>
   </trkpt>
   <trkpt lat="52.10785000214155" lon="4.40686500744814">
    <ele>-1.42</ele>
   </trkpt>
   <trkpt lat="52.10830000000001" lon="4.406140000000001">
    <ele>-0.38</ele>
   </trkpt>
   <trkpt lat="52.108340000000005" lon="4.4061">
    <ele>-0.38</ele>
   </trkpt>
   <trkpt lat="52.10846" lon="4.40611">
    <ele>-0.16</ele>
   </trkpt>
   <trkpt lat="52.10857000000001" lon="4.4062600000000005">
    <ele>-0.16</ele>
   </trkpt>
   <trkpt lat="52.10866000000001" lon="4.40648">
    <ele>0.02</ele>
   </trkpt>
   <trkpt lat="52.10887" lon="4.407220000000001">
    <ele>0.2</ele>
   </trkpt>
   <trkpt lat="52.109010000000005" lon="4.407590000000001">
    <ele>0.22</ele>
   </trkpt>
   <trkpt lat="52.109190000000005" lon="4.407970000000001">
    <ele>0.29</ele>
   </trkpt>
   <trkpt lat="52.109390000000005" lon="4.40829">
    <ele>0.28</ele>
   </trkpt>
   <trkpt lat="52.10969000000001" lon="4.4087000000000005">
    <ele>0.21</ele>
   </trkpt>
   <trkpt lat="52.11021" lon="4.40918">
    <ele>0.22</ele>
   </trkpt>
   <trkpt lat="52.110400000000006" lon="4.409420000000001">
    <ele>0.21</ele>
   </trkpt>
   <trkpt lat="52.11081" lon="4.41009">
    <ele>-0.34</ele>
   </trkpt>
   <trkpt lat="52.111290000000004" lon="4.41063">
    <ele>-0.44</ele>
   </trkpt>
   <trkpt lat="52.111885004207195" lon="4.411629986616948">
    <ele>-0.62</ele>
   </trkpt>
   <trkpt lat="52.112480000000005" lon="4.41263">
    <ele>-0.99</ele>
   </trkpt>
   <trkpt lat="52.11289000168412" lon="4.413274993949614">
    <ele>-1.16</ele>
   </trkpt>
   <trkpt lat="52.1133" lon="4.41392">
    <ele>-0.67</ele>
   </trkpt>
   <trkpt lat="52.11337" lon="4.41397">
    <ele>0.22</ele>
   </trkpt>
   <trkpt lat="52.113510000000005" lon="4.41396">
    <ele>0.07</ele>
   </trkpt>
   <trkpt lat="52.113550000000004" lon="4.41415">
    <ele>-0.27</ele>
   </trkpt>
   <trkpt lat="52.11363000000001" lon="4.41431">
    <ele>-0.55</ele>
   </trkpt>
   <trkpt lat="52.11400500155723" lon="4.41490499509009">
    <ele>-2.48</ele>
   </trkpt>
   <trkpt lat="52.114380000000004" lon="4.415500000000001">
    <ele>-3.58</ele>
   </trkpt>
   <trkpt lat="52.11446" lon="4.41568">
    <ele>-3.58</ele>
   </trkpt>
   <trkpt lat="52.114520000000006" lon="4.41594">
    <ele>-3.8100000000000005</ele>
   </trkpt>
   <trkpt lat="52.11458500238361" lon="4.4166899989588275">
    <ele>-3.8100000000000005</ele>
   </trkpt>
   <trkpt lat="52.114650000000005" lon="4.41744">
    <ele>-3.33</ele>
   </trkpt>
   <trkpt lat="52.11470500362324" lon="4.418364998932972">
    <ele>-1.07</ele>
   </trkpt>
   <trkpt lat="52.114760000000004" lon="4.41929">
    <ele>0.75</ele>
   </trkpt>
   <trkpt lat="52.114720000000005" lon="4.41957">
    <ele>0.9400000000000001</ele>
   </trkpt>
   <trkpt lat="52.114670000000004" lon="4.41976">
    <ele>0.9400000000000001</ele>
   </trkpt>
   <trkpt lat="52.114302517974515" lon="4.420950029408752">
    <ele>0.81</ele>
   </trkpt>
   <trkpt lat="52.11393502396991" lon="4.422140039198291">
    <ele>0.78</ele>
   </trkpt>
   <trkpt lat="52.113567517986596" lon="4.423330029368561">
    <ele>0.93</ele>
   </trkpt>
   <trkpt lat="52.113200000000006" lon="4.42452">
    <ele>0.7400000000000001</ele>
   </trkpt>
   <trkpt lat="52.11297000173955" lon="4.425170003487369">
    <ele>0.8200000000000001</ele>
   </trkpt>
   <trkpt lat="52.11274" lon="4.425820000000001">
    <ele>0.84</ele>
   </trkpt>
   <trkpt lat="52.11236000374116" lon="4.426770008287128">
    <ele>0.7400000000000001</ele>
   </trkpt>
   <trkpt lat="52.11198" lon="4.427720000000001">
    <ele>0.9500000000000001</ele>
   </trkpt>
   <trkpt lat="52.111620001856984" lon="4.428400005677218">
    <ele>0.7300000000000001</ele>
   </trkpt>
   <trkpt lat="52.11126" lon="4.429080000000001">
    <ele>0.59</ele>
   </trkpt>
   <trkpt lat="52.111160000000005" lon="4.42931">
    <ele>0.51</ele>
   </trkpt>
   <trkpt lat="52.111050000000006" lon="4.4292300000000004">
    <ele>0.25</ele>
   </trkpt>
   <trkpt lat="52.110610000709734" lon="4.428794995617643">
    <ele>-0.27</ele>
   </trkpt>
   <trkpt lat="52.110170000000004" lon="4.4283600000000005">
    <ele>-1.07</ele>
   </trkpt>
   <trkpt lat="52.10976" lon="4.42915">
    <ele>-0.27</ele>
   </trkpt>
   <trkpt lat="52.10976" lon="4.42928">
    <ele>-0.25</ele>
   </trkpt>
   <trkpt lat="52.109266014764074" lon="4.430214041382038">
    <ele>0.05</ele>
   </trkpt>
   <trkpt lat="52.1087720221481" lon="4.431148062068189">
    <ele>-0.1</ele>
   </trkpt>
   <trkpt lat="52.10827802215242" lon="4.4320820620589725">
    <ele>-0.54</ele>
   </trkpt>
   <trkpt lat="52.10778401477729" lon="4.433016041354905">
    <ele>-0.88</ele>
   </trkpt>
   <trkpt lat="52.107290000000006" lon="4.43395">
    <ele>-0.88</ele>
   </trkpt>
   <trkpt lat="52.107350000000004" lon="4.43405">
    <ele>-0.9700000000000001</ele>
   </trkpt>
   <trkpt lat="52.10737" lon="4.434130000000001">
    <ele>-0.9700000000000001</ele>
   </trkpt>
   <trkpt lat="52.107020000000006" lon="4.434830000000001">
    <ele>-1.07</ele>
   </trkpt>
   <trkpt lat="52.10685" lon="4.4359">
    <ele>0.31</ele>
   </trkpt>
   <trkpt lat="52.106770000000004" lon="4.43613">
    <ele>-0.34</ele>
   </trkpt>
   <trkpt lat="52.10667" lon="4.4363">
    <ele>-0.34</ele>
   </trkpt>
   <trkpt lat="52.10643" lon="4.43644">
    <ele>-0.58</ele>
   </trkpt>
   <trkpt lat="52.10638" lon="4.436450000000001">
    <ele>-0.58</ele>
   </trkpt>
   <trkpt lat="52.106300000000005" lon="4.43637">
    <ele>-0.71</ele>
   </trkpt>
   <trkpt lat="52.1062" lon="4.4361500000000005">
    <ele>-0.71</ele>
   </trkpt>
   <trkpt lat="52.10615000000001" lon="4.43609">
    <ele>-0.75</ele>
   </trkpt>
   <trkpt lat="52.106100000000005" lon="4.4360800000000005">
    <ele>-0.75</ele>
   </trkpt>
   <trkpt lat="52.10604000000001" lon="4.43611">
    <ele>-0.75</ele>
   </trkpt>
   <trkpt lat="52.10573" lon="4.43644">
    <ele>-0.99</ele>
   </trkpt>
   <trkpt lat="52.10566000000001" lon="4.43646">
    <ele>-0.99</ele>
   </trkpt>
   <trkpt lat="52.10533" lon="4.4367600000000005">
    <ele>-1.5</ele>
   </trkpt>
   <trkpt lat="52.10522" lon="4.43679">
    <ele>-1.58</ele>
   </trkpt>
   <trkpt lat="52.10519000000001" lon="4.43679">
    <ele>-1.58</ele>
   </trkpt>
   <trkpt lat="52.105140000000006" lon="4.4367">
    <ele>-1.58</ele>
   </trkpt>
   <trkpt lat="52.105070000000005" lon="4.436640000000001">
    <ele>-1.97</ele>
   </trkpt>
   <trkpt lat="52.105000000000004" lon="4.43667">
    <ele>-1.97</ele>
   </trkpt>
   <trkpt lat="52.10468" lon="4.43717">
    <ele>-2.4200000000000004</ele>
   </trkpt>
   <trkpt lat="52.10448" lon="4.43743">
    <ele>-2.56</ele>
   </trkpt>
   <trkpt lat="52.10392" lon="4.438000000000001">
    <ele>-2.41</ele>
   </trkpt>
   <trkpt lat="52.103190000000005" lon="4.43881">
    <ele>-2.2900000000000005</ele>
   </trkpt>
   <trkpt lat="52.10311" lon="4.43888">
    <ele>-2.2900000000000005</ele>
   </trkpt>
   <trkpt lat="52.102970000000006" lon="4.43895">
    <ele>-2.2700000000000005</ele>
   </trkpt>
   <trkpt lat="52.102810000000005" lon="4.43909">
    <ele>-2.3000000000000003</ele>
   </trkpt>
   <trkpt lat="52.10267" lon="4.43925">
    <ele>-2.31</ele>
   </trkpt>
   <trkpt lat="52.10248000000001" lon="4.43956">
    <ele>-2.31</ele>
   </trkpt>
   <trkpt lat="52.10221000000001" lon="4.43986">
    <ele>-2.31</ele>
   </trkpt>
   <trkpt lat="52.101550001960675" lon="4.440535009954388">
    <ele>-2.48</ele>
   </trkpt>
   <trkpt lat="52.10089000000001" lon="4.441210000000001">
    <ele>-2.1300000000000003</ele>
   </trkpt>
   <trkpt lat="52.100820000000006" lon="4.44141">
    <ele>-2.02</ele>
   </trkpt>
   <trkpt lat="52.10024000000001" lon="4.441890000000001">
    <ele>-0.88</ele>
   </trkpt>
   <trkpt lat="52.099920000000004" lon="4.442200000000001">
    <ele>0.9400000000000001</ele>
   </trkpt>
   <trkpt lat="52.099900000000005" lon="4.44224">
    <ele>0.9400000000000001</ele>
   </trkpt>
   <trkpt lat="52.09951500033991" lon="4.44262000354734">
    <ele>2.04</ele>
   </trkpt>
   <trkpt lat="52.09913" lon="4.4430000000000005">
    <ele>0.9600000000000001</ele>
   </trkpt>
   <trkpt lat="52.099090000000004" lon="4.443020000000001">
    <ele>0.6600000000000001</ele>
   </trkpt>
   <trkpt lat="52.09873" lon="4.44339">
    <ele>-0.4</ele>
   </trkpt>
   <trkpt lat="52.098310000000005" lon="4.4439">
    <ele>-2.0900000000000003</ele>
   </trkpt>
   <trkpt lat="52.097910000000006" lon="4.444310000000001">
    <ele>-2.2</ele>
   </trkpt>
   <trkpt lat="52.09730500148563" lon="4.444890007806299">
    <ele>-2.31</ele>
   </trkpt>
   <trkpt lat="52.096700000000006" lon="4.44547">
    <ele>-2.08</ele>
   </trkpt>
   <trkpt lat="52.09624500080937" lon="4.445890004225534">
    <ele>-1.93</ele>
   </trkpt>
   <trkpt lat="52.09579" lon="4.44631">
    <ele>-1.75</ele>
   </trkpt>
   <trkpt lat="52.095580000000005" lon="4.44658">
    <ele>-1.41</ele>
   </trkpt>
   <trkpt lat="52.095180000000006" lon="4.44695">
    <ele>-0.84</ele>
   </trkpt>
   <trkpt lat="52.0951" lon="4.4470600000000005">
    <ele>-0.84</ele>
   </trkpt>
   <trkpt lat="52.095000000000006" lon="4.44716">
    <ele>-0.62</ele>
   </trkpt>
   <trkpt lat="52.09519" lon="4.4477400000000005">
    <ele>-0.67</ele>
   </trkpt>
   <trkpt lat="52.09534000000001" lon="4.44857">
    <ele>-0.75</ele>
   </trkpt>
   <trkpt lat="52.09514000000001" lon="4.448840000000001">
    <ele>-2.31</ele>
   </trkpt>
   <trkpt lat="52.09489000000001" lon="4.4493">
    <ele>-4.109999999999999</ele>
   </trkpt>
   <trkpt lat="52.09474" lon="4.449450000000001">
    <ele>-4.47</ele>
   </trkpt>
   <trkpt lat="52.09456" lon="4.449540000000001">
    <ele>-5.66</ele>
   </trkpt>
   <trkpt lat="52.094390000000004" lon="4.449680000000001">
    <ele>-6.0200000000000005</ele>
   </trkpt>
   <trkpt lat="52.09422000000001" lon="4.449870000000001">
    <ele>-6.1000000000000005</ele>
   </trkpt>
   <trkpt lat="52.09363000467335" lon="4.450613352995748">
    <ele>-5.82</ele>
   </trkpt>
   <trkpt lat="52.093040004671764" lon="4.451356686330722">
    <ele>-5.68</ele>
   </trkpt>
   <trkpt lat="52.09245000000001" lon="4.452100000000001">
    <ele>-5.44</ele>
   </trkpt>
   <trkpt lat="52.092030000832374" lon="4.452505003678955">
    <ele>-5.55</ele>
   </trkpt>
   <trkpt lat="52.09161" lon="4.45291">
    <ele>-4.890000000000001</ele>
   </trkpt>
   <trkpt lat="52.091240000000006" lon="4.45397">
    <ele>-4.96</ele>
   </trkpt>
   <trkpt lat="52.091170000000005" lon="4.45408">
    <ele>-4.96</ele>
   </trkpt>
   <trkpt lat="52.09053500169996" lon="4.4547200091413295">
    <ele>-5.0</ele>
   </trkpt>
   <trkpt lat="52.08990000000001" lon="4.455360000000001">
    <ele>-5.0</ele>
   </trkpt>
   <trkpt lat="52.08929500152104" lon="4.455950007952415">
    <ele>-5.19</ele>
   </trkpt>
   <trkpt lat="52.08869000000001" lon="4.45654">
    <ele>-4.890000000000001</ele>
   </trkpt>
   <trkpt lat="52.0885" lon="4.45676">
    <ele>-5.4</ele>
   </trkpt>
   <trkpt lat="52.08797333573032" lon="4.457286679048637">
    <ele>-5.760000000000001</ele>
   </trkpt>
   <trkpt lat="52.0874466691137" lon="4.4578133456650635">
    <ele>-5.59</ele>
   </trkpt>
   <trkpt lat="52.086920000000006" lon="4.458340000000001">
    <ele>-3.3100000000000005</ele>
   </trkpt>
   <trkpt lat="52.086600000000004" lon="4.458760000000001">
    <ele>-2.12</ele>
   </trkpt>
   <trkpt lat="52.08662" lon="4.458740000000001">
    <ele>-2.12</ele>
   </trkpt>
   <trkpt lat="52.086600000000004" lon="4.45875">
    <ele>-2.0300000000000002</ele>
   </trkpt>
   <trkpt lat="52.086895001548584" lon="4.459334996332622">
    <ele>-2.17</ele>
   </trkpt>
   <trkpt lat="52.08719000000001" lon="4.45992">
    <ele>-2.0900000000000003</ele>
   </trkpt>
   <trkpt lat="52.0875150016114" lon="4.460539995456228">
    <ele>-2.16</ele>
   </trkpt>
   <trkpt lat="52.08784000000001" lon="4.4611600000000005">
    <ele>-2.15</ele>
   </trkpt>
   <trkpt lat="52.08822000000001" lon="4.46199">
    <ele>-2.16</ele>
   </trkpt>
   <trkpt lat="52.08852000256366" lon="4.46275499508096">
    <ele>-2.14</ele>
   </trkpt>
   <trkpt lat="52.088820000000005" lon="4.46352">
    <ele>-2.25</ele>
   </trkpt>
   <trkpt lat="52.08909500151631" lon="4.464114996373344">
    <ele>-2.17</ele>
   </trkpt>
   <trkpt lat="52.08937" lon="4.46471">
    <ele>-2.16</ele>
   </trkpt>
   <trkpt lat="52.08959" lon="4.4652400000000005">
    <ele>-2.2800000000000002</ele>
   </trkpt>
   <trkpt lat="52.08977" lon="4.465870000000001">
    <ele>-2.2800000000000002</ele>
   </trkpt>
   <trkpt lat="52.08991" lon="4.466430000000001">
    <ele>-2.14</ele>
   </trkpt>
   <trkpt lat="52.090180000000004" lon="4.467630000000001">
    <ele>-2.3000000000000003</ele>
   </trkpt>
   <trkpt lat="52.09024" lon="4.467840000000001">
    <ele>-2.2</ele>
   </trkpt>
   <trkpt lat="52.0904" lon="4.46821">
    <ele>-2.2</ele>
   </trkpt>
   <trkpt lat="52.090900000000005" lon="4.46928">
    <ele>-2.2</ele>
   </trkpt>
   <trkpt lat="52.09098" lon="4.46949">
    <ele>-2.31</ele>
   </trkpt>
   <trkpt lat="52.09120000000001" lon="4.4704500000000005">
    <ele>-2.4400000000000004</ele>
   </trkpt>
   <trkpt lat="52.09131000000001" lon="4.47114">
    <ele>-2.4899999999999998</ele>
   </trkpt>
   <trkpt lat="52.09140000000001" lon="4.47229">
    <ele>-2.2600000000000002</ele>
   </trkpt>
   <trkpt lat="52.09140000000001" lon="4.472770000000001">
    <ele>-2.1</ele>
   </trkpt>
   <trkpt lat="52.09141" lon="4.47299">
    <ele>-2.1</ele>
   </trkpt>
   <trkpt lat="52.09143" lon="4.47304">
    <ele>-2.1</ele>
   </trkpt>
   <trkpt lat="52.091800000000006" lon="4.473310000000001">
    <ele>-2.15</ele>
   </trkpt>
   <trkpt lat="52.09192" lon="4.47334">
    <ele>-2.15</ele>
   </trkpt>
   <trkpt lat="52.092020000000005" lon="4.473330000000001">
    <ele>-2.48</ele>
   </trkpt>
   <trkpt lat="52.092130000000004" lon="4.47328">
    <ele>-2.48</ele>
   </trkpt>
   <trkpt lat="52.09219" lon="4.47322">
    <ele>-2.4899999999999998</ele>
   </trkpt>
   <trkpt lat="52.092240000000004" lon="4.4732">
    <ele>-2.4899999999999998</ele>
   </trkpt>
   <trkpt lat="52.09234000000001" lon="4.47323">
    <ele>-2.47</ele>
   </trkpt>
   <trkpt lat="52.09246" lon="4.4733600000000004">
    <ele>-2.14</ele>
   </trkpt>
   <trkpt lat="52.09254000000001" lon="4.47323">
    <ele>-2.14</ele>
   </trkpt>
   <trkpt lat="52.09268" lon="4.47308">
    <ele>-3.3800000000000003</ele>
   </trkpt>
   <trkpt lat="52.092850000000006" lon="4.473000000000001">
    <ele>-3.8300000000000005</ele>
   </trkpt>
   <trkpt lat="52.09302" lon="4.4729600000000005">
    <ele>-4.0600000000000005</ele>
   </trkpt>
   <trkpt lat="52.09315" lon="4.47285">
    <ele>-4.19</ele>
   </trkpt>
   <trkpt lat="52.09302" lon="4.4729600000000005">
    <ele>-4.0600000000000005</ele>
   </trkpt>
   <trkpt lat="52.092850000000006" lon="4.473000000000001">
    <ele>-3.8300000000000005</ele>
   </trkpt>
   <trkpt lat="52.09268" lon="4.47308">
    <ele>-3.3800000000000003</ele>
   </trkpt>
   <trkpt lat="52.09254000000001" lon="4.47323">
    <ele>-2.14</ele>
   </trkpt>
   <trkpt lat="52.09246" lon="4.4733600000000004">
    <ele>-2.14</ele>
   </trkpt>
   <trkpt lat="52.09239" lon="4.4736">
    <ele>-1.86</ele>
   </trkpt>
   <trkpt lat="52.092420000000004" lon="4.47383">
    <ele>-1.78</ele>
   </trkpt>
   <trkpt lat="52.09239" lon="4.47391">
    <ele>-1.79</ele>
   </trkpt>
   <trkpt lat="52.0923" lon="4.473990000000001">
    <ele>-3.37</ele>
   </trkpt>
   <trkpt lat="52.092290000000006" lon="4.47395">
    <ele>-3.3100000000000005</ele>
   </trkpt>
   <trkpt lat="52.09208" lon="4.47445">
    <ele>-3.54</ele>
   </trkpt>
   <trkpt lat="52.092090000000006" lon="4.474430000000001">
    <ele>-3.54</ele>
   </trkpt>
   <trkpt lat="52.09181" lon="4.47475">
    <ele>-2.25</ele>
   </trkpt>
   <trkpt lat="52.091800000000006" lon="4.47477">
    <ele>-2.25</ele>
   </trkpt>
   <trkpt lat="52.091950000000004" lon="4.475090000000001">
    <ele>-2.34</ele>
   </trkpt>
   <trkpt lat="52.092365004114356" lon="4.476084990568077">
    <ele>-2.48</ele>
   </trkpt>
   <trkpt lat="52.092780000000005" lon="4.47708">
    <ele>-1.9200000000000002</ele>
   </trkpt>
   <trkpt lat="52.09282" lon="4.477250000000001">
    <ele>-2.14</ele>
   </trkpt>
   <trkpt lat="52.092780000000005" lon="4.47797">
    <ele>-4.109999999999999</ele>
   </trkpt>
   <trkpt lat="52.09319333906125" lon="4.478793318063186">
    <ele>-4.85</ele>
   </trkpt>
   <trkpt lat="52.09360667238738" lon="4.4796166513819715">
    <ele>-4.96</ele>
   </trkpt>
   <trkpt lat="52.09402000000001" lon="4.480440000000001">
    <ele>-4.78</ele>
   </trkpt>
   <trkpt lat="52.094280000000005" lon="4.48106">
    <ele>-4.57</ele>
   </trkpt>
   <trkpt lat="52.094370000000005" lon="4.48134">
    <ele>-4.57</ele>
   </trkpt>
   <trkpt lat="52.09468001614451" lon="4.48246747653779">
    <ele>-4.4</ele>
   </trkpt>
   <trkpt lat="52.09499002153397" lon="4.483594968745427">
    <ele>-4.49</ele>
   </trkpt>
   <trkpt lat="52.0953000161681" lon="4.484722476622757">
    <ele>-4.53</ele>
   </trkpt>
   <trkpt lat="52.09561000000001" lon="4.48585">
    <ele>-4.45</ele>
   </trkpt>
   <trkpt lat="52.09599402260836" lon="4.487005960187617">
    <ele>-4.3</ele>
   </trkpt>
   <trkpt lat="52.09637803391147" lon="4.4881619402771555">
    <ele>-4.47</ele>
   </trkpt>
   <trkpt lat="52.09676203390899" lon="4.489317940268644">
    <ele>-4.4</ele>
   </trkpt>
   <trkpt lat="52.09714602260061" lon="4.490473960162117">
    <ele>-3.85</ele>
   </trkpt>
   <trkpt lat="52.097530000000006" lon="4.491630000000001">
    <ele>-3.58</ele>
   </trkpt>
   <trkpt lat="52.09761" lon="4.49192">
    <ele>-3.58</ele>
   </trkpt>
   <trkpt lat="52.09772" lon="4.49256">
    <ele>-3.58</ele>
   </trkpt>
   <trkpt lat="52.097820000000006" lon="4.49291">
    <ele>-3.6500000000000004</ele>
   </trkpt>
   <trkpt lat="52.09803" lon="4.49354">
    <ele>-3.67</ele>
   </trkpt>
   <trkpt lat="52.09852000000001" lon="4.49439">
    <ele>-3.98</ele>
   </trkpt>
   <trkpt lat="52.09859" lon="4.494560000000001">
    <ele>-4.17</ele>
   </trkpt>
   <trkpt lat="52.098780000000005" lon="4.495290000000001">
    <ele>-4.21</ele>
   </trkpt>
   <trkpt lat="52.09903751359" lon="4.496324982059423">
    <ele>-4.28</ele>
   </trkpt>
   <trkpt lat="52.09929501811753" lon="4.497359976068997">
    <ele>-4.34</ele>
   </trkpt>
   <trkpt lat="52.09955251358246" lon="4.498394982028549">
    <ele>-4.53</ele>
   </trkpt>
   <trkpt lat="52.099810000000005" lon="4.49943">
    <ele>-3.89</ele>
   </trkpt>
   <trkpt lat="52.09989" lon="4.499510000000001">
    <ele>-3.8100000000000005</ele>
   </trkpt>
   <trkpt lat="52.10029" lon="4.500170000000001">
    <ele>-2.0300000000000002</ele>
   </trkpt>
   <trkpt lat="52.100370000000005" lon="4.500240000000001">
    <ele>-1.5</ele>
   </trkpt>
   <trkpt lat="52.10103666892526" lon="4.500756651221539">
    <ele>-1.62</ele>
   </trkpt>
   <trkpt lat="52.10170333559224" lon="4.501273317888159">
    <ele>-0.92</ele>
   </trkpt>
   <trkpt lat="52.10237000000001" lon="4.501790000000001">
    <ele>-1.06</ele>
   </trkpt>
   <trkpt lat="52.102985001050726" lon="4.502284993185633">
    <ele>-0.9700000000000001</ele>
   </trkpt>
   <trkpt lat="52.10360000000001" lon="4.5027800000000004">
    <ele>-0.77</ele>
   </trkpt>
   <trkpt lat="52.10403" lon="4.5030600000000005">
    <ele>-0.8</ele>
   </trkpt>
   <trkpt lat="52.10425000000001" lon="4.50316">
    <ele>-0.75</ele>
   </trkpt>
   <trkpt lat="52.10417" lon="4.5035300000000005">
    <ele>-1.16</ele>
   </trkpt>
   <trkpt lat="52.104020000000006" lon="4.50464">
    <ele>-2.31</ele>
   </trkpt>
   <trkpt lat="52.10386602789517" lon="4.5059240177293685">
    <ele>-2.74</ele>
   </trkpt>
   <trkpt lat="52.10371204184288" lon="4.507208026592235">
    <ele>-3.0700000000000003</ele>
   </trkpt>
   <trkpt lat="52.10355804184331" lon="4.508492026587908">
    <ele>-3.16</ele>
   </trkpt>
   <trkpt lat="52.10340402789663" lon="4.509776017715694">
    <ele>-3.6400000000000006</ele>
   </trkpt>
   <trkpt lat="52.10325" lon="4.5110600000000005">
    <ele>-3.5</ele>
   </trkpt>
   <trkpt lat="52.103170002700104" lon="4.511860001505353">
    <ele>-3.33</ele>
   </trkpt>
   <trkpt lat="52.10309" lon="4.51266">
    <ele>-1.84</ele>
   </trkpt>
   <trkpt lat="52.10302" lon="4.512720000000001">
    <ele>-1.84</ele>
   </trkpt>
   <trkpt lat="52.103120000000004" lon="4.51314">
    <ele>-2.14</ele>
   </trkpt>
   <trkpt lat="52.103350000000006" lon="4.51437">
    <ele>-1.75</ele>
   </trkpt>
   <trkpt lat="52.103640000000006" lon="4.515610000000001">
    <ele>-2.14</ele>
   </trkpt>
   <trkpt lat="52.1037" lon="4.515750000000001">
    <ele>-2.1100000000000003</ele>
   </trkpt>
   <trkpt lat="52.104040000000005" lon="4.5161500000000006">
    <ele>-2.47</ele>
   </trkpt>
   <trkpt lat="52.104260000000004" lon="4.516380000000001">
    <ele>-2.47</ele>
   </trkpt>
   <trkpt lat="52.10486" lon="4.51691">
    <ele>-1.85</ele>
   </trkpt>
   <trkpt lat="52.10558000200929" lon="4.517574989391446">
    <ele>-1.58</ele>
   </trkpt>
   <trkpt lat="52.106300000000005" lon="4.5182400000000005">
    <ele>-1.16</ele>
   </trkpt>
   <trkpt lat="52.106480000000005" lon="4.51837">
    <ele>-1.16</ele>
   </trkpt>
   <trkpt lat="52.107240000000004" lon="4.518820000000001">
    <ele>-1.36</ele>
   </trkpt>
   <trkpt lat="52.10764" lon="4.519080000000001">
    <ele>-1.41</ele>
   </trkpt>
   <trkpt lat="52.10821000000001" lon="4.51958">
    <ele>-1.28</ele>
   </trkpt>
   <trkpt lat="52.10895000000001" lon="4.520160000000001">
    <ele>-1.28</ele>
   </trkpt>
   <trkpt lat="52.109700000000004" lon="4.5205400000000004">
    <ele>-1.9200000000000002</ele>
   </trkpt>
   <trkpt lat="52.11013500050214" lon="4.520839997156937">
    <ele>-1.93</ele>
   </trkpt>
   <trkpt lat="52.11057" lon="4.52114">
    <ele>-1.51</ele>
   </trkpt>
   <trkpt lat="52.111240001129126" lon="4.521654992266574">
    <ele>-2.02</ele>
   </trkpt>
   <trkpt lat="52.11191" lon="4.52217">
    <ele>-1.7000000000000002</ele>
   </trkpt>
   <trkpt lat="52.11253000000001" lon="4.52256">
    <ele>-1.29</ele>
   </trkpt>
   <trkpt lat="52.113200000000006" lon="4.52289">
    <ele>-1.2300000000000002</ele>
   </trkpt>
   <trkpt lat="52.11386" lon="4.52315">
    <ele>-0.9700000000000001</ele>
   </trkpt>
   <trkpt lat="52.11451" lon="4.5235">
    <ele>-0.99</ele>
   </trkpt>
   <trkpt lat="52.115156667954984" lon="4.523896655132374">
    <ele>-1.16</ele>
   </trkpt>
   <trkpt lat="52.11580333457905" lon="4.524293321772696">
    <ele>-1.01</ele>
   </trkpt>
   <trkpt lat="52.11645000000001" lon="4.5246900000000005">
    <ele>-0.79</ele>
   </trkpt>
   <trkpt lat="52.117050000000006" lon="4.5250200000000005">
    <ele>-0.7200000000000001</ele>
   </trkpt>
   <trkpt lat="52.11777000028944" lon="4.5252149968850865">
    <ele>-0.4</ele>
   </trkpt>
   <trkpt lat="52.11849" lon="4.52541">
    <ele>-0.34</ele>
   </trkpt>
   <trkpt lat="52.11900000000001" lon="4.5256300000000005">
    <ele>-0.34</ele>
   </trkpt>
   <trkpt lat="52.11968" lon="4.525980000000001">
    <ele>-0.64</ele>
   </trkpt>
   <trkpt lat="52.11984" lon="4.525790000000001">
    <ele>-0.84</ele>
   </trkpt>
   <trkpt lat="52.119960000000006" lon="4.52582">
    <ele>-0.9700000000000001</ele>
   </trkpt>
   <trkpt lat="52.11997" lon="4.526000000000001">
    <ele>-0.92</ele>
   </trkpt>
   <trkpt lat="52.12001000000001" lon="4.526070000000001">
    <ele>-0.92</ele>
   </trkpt>
   <trkpt lat="52.12044000018123" lon="4.526294997812095">
    <ele>-0.9700000000000001</ele>
   </trkpt>
   <trkpt lat="52.120870000000004" lon="4.5265200000000005">
    <ele>-0.67</ele>
   </trkpt>
   <trkpt lat="52.121" lon="4.52655">
    <ele>-0.54</ele>
   </trkpt>
   <trkpt lat="52.12116" lon="4.52653">
    <ele>-0.22</ele>
   </trkpt>
   <trkpt lat="52.121170000000006" lon="4.52698">
    <ele>-0.16</ele>
   </trkpt>
   <trkpt lat="52.121140000000004" lon="4.527220000000001">
    <ele>-0.19</ele>
   </trkpt>
   <trkpt lat="52.121100000000006" lon="4.5273200000000005">
    <ele>-0.36000000000000004</ele>
   </trkpt>
   <trkpt lat="52.12104000000001" lon="4.5273900000000005">
    <ele>-0.36000000000000004</ele>
   </trkpt>
   <trkpt lat="52.12078" lon="4.527830000000001">
    <ele>-1.01</ele>
   </trkpt>
   <trkpt lat="52.12064" lon="4.528250000000001">
    <ele>-1.5</ele>
   </trkpt>
   <trkpt lat="52.12034336252744" lon="4.5294250391090936">
    <ele>-2.4400000000000004</ele>
   </trkpt>
   <trkpt lat="52.12004671337626" lon="4.530600062577249">
    <ele>-2.5100000000000002</ele>
   </trkpt>
   <trkpt lat="52.11975005254674" lon="4.53177507040423">
    <ele>-2.9899999999999998</ele>
   </trkpt>
   <trkpt lat="52.119453380039175" lon="4.5329500625897925">
    <ele>-3.2</ele>
   </trkpt>
   <trkpt lat="52.11915669585383" lon="4.534125039133699">
    <ele>-3.2</ele>
   </trkpt>
   <trkpt lat="52.118860000000005" lon="4.5353">
    <ele>-1.84</ele>
   </trkpt>
   <trkpt lat="52.11881" lon="4.53545">
    <ele>-1.75</ele>
   </trkpt>
   <trkpt lat="52.11882000000001" lon="4.535550000000001">
    <ele>-1.75</ele>
   </trkpt>
   <trkpt lat="52.11882000000001" lon="4.5357400000000005">
    <ele>-2.14</ele>
   </trkpt>
   <trkpt lat="52.11889000000001" lon="4.53596">
    <ele>-2.14</ele>
   </trkpt>
   <trkpt lat="52.118950000000005" lon="4.53603">
    <ele>-2.2700000000000005</ele>
   </trkpt>
   <trkpt lat="52.11901" lon="4.5360700000000005">
    <ele>-2.2700000000000005</ele>
   </trkpt>
   <trkpt lat="52.11909000000001" lon="4.536090000000001">
    <ele>-2.3000000000000003</ele>
   </trkpt>
   <trkpt lat="52.11961" lon="4.5360700000000005">
    <ele>-1.84</ele>
   </trkpt>
   <trkpt lat="52.11968" lon="4.536110000000001">
    <ele>-1.84</ele>
   </trkpt>
   <trkpt lat="52.11975" lon="4.536180000000001">
    <ele>-1.78</ele>
   </trkpt>
   <trkpt lat="52.11983000000001" lon="4.53634">
    <ele>-1.78</ele>
   </trkpt>
   <trkpt lat="52.11983000000001" lon="4.53662">
    <ele>-1.93</ele>
   </trkpt>
   <trkpt lat="52.11952500678681" lon="4.537890008834375">
    <ele>-1.84</ele>
   </trkpt>
   <trkpt lat="52.119220000000006" lon="4.539160000000001">
    <ele>-1.93</ele>
   </trkpt>
   <trkpt lat="52.11903000243254" lon="4.539910002985589">
    <ele>-1.93</ele>
   </trkpt>
   <trkpt lat="52.118840000000006" lon="4.540660000000001">
    <ele>-1.77</ele>
   </trkpt>
   <trkpt lat="52.118480000000005" lon="4.54192">
    <ele>-1.84</ele>
   </trkpt>
   <trkpt lat="52.118305004020876" lon="4.542900004076941">
    <ele>-1.85</ele>
   </trkpt>
   <trkpt lat="52.11813" lon="4.543880000000001">
    <ele>-1.85</ele>
   </trkpt>
   <trkpt lat="52.118120000000005" lon="4.5441400000000005">
    <ele>-1.85</ele>
   </trkpt>
   <trkpt lat="52.118140000000004" lon="4.54439">
    <ele>-1.85</ele>
   </trkpt>
   <trkpt lat="52.11816" lon="4.54452">
    <ele>-2.2700000000000005</ele>
   </trkpt>
   <trkpt lat="52.11826000000001" lon="4.54473">
    <ele>-2.2700000000000005</ele>
   </trkpt>
   <trkpt lat="52.1184" lon="4.5449">
    <ele>-2.2700000000000005</ele>
   </trkpt>
   <trkpt lat="52.11923" lon="4.54537">
    <ele>-2.31</ele>
   </trkpt>
   <trkpt lat="52.11983000071675" lon="4.545659992194942">
    <ele>-2.48</ele>
   </trkpt>
   <trkpt lat="52.12043000072215" lon="4.545949992197426">
    <ele>-2.48</ele>
   </trkpt>
   <trkpt lat="52.121030000000005" lon="4.54624">
    <ele>-1.9200000000000002</ele>
   </trkpt>
   <trkpt lat="52.121080000000006" lon="4.5463000000000005">
    <ele>-1.9200000000000002</ele>
   </trkpt>
   <trkpt lat="52.121120000000005" lon="4.5464">
    <ele>-1.9200000000000002</ele>
   </trkpt>
   <trkpt lat="52.12115000000001" lon="4.54675">
    <ele>-1.9400000000000002</ele>
   </trkpt>
   <trkpt lat="52.12118" lon="4.54682">
    <ele>-1.9400000000000002</ele>
   </trkpt>
   <trkpt lat="52.12126000000001" lon="4.546880000000001">
    <ele>-1.9400000000000002</ele>
   </trkpt>
   <trkpt lat="52.121520000000004" lon="4.546860000000001">
    <ele>-2.4600000000000004</ele>
   </trkpt>
   <trkpt lat="52.12233500305318" lon="4.547239965254496">
    <ele>-2.85</ele>
   </trkpt>
   <trkpt lat="52.12315000488514" lon="4.5476199444059775">
    <ele>-2.82</ele>
   </trkpt>
   <trkpt lat="52.12396500549581" lon="4.547999937455342">
    <ele>-2.82</ele>
   </trkpt>
   <trkpt lat="52.12478000488512" lon="4.548379944403483">
    <ele>-2.82</ele>
   </trkpt>
   <trkpt lat="52.12559500305298" lon="4.548759965251296">
    <ele>-2.65</ele>
   </trkpt>
   <trkpt lat="52.12641000000001" lon="4.54914">
    <ele>-1.93</ele>
   </trkpt>
   <trkpt lat="52.126560000000005" lon="4.549270000000001">
    <ele>-1.84</ele>
   </trkpt>
   <trkpt lat="52.1266" lon="4.549370000000001">
    <ele>-1.84</ele>
   </trkpt>
   <trkpt lat="52.12666" lon="4.55022">
    <ele>-2.47</ele>
   </trkpt>
   <trkpt lat="52.12666" lon="4.5502400000000005">
    <ele>-2.47</ele>
   </trkpt>
   <trkpt lat="52.12666" lon="4.55044">
    <ele>-2.48</ele>
   </trkpt>
   <trkpt lat="52.12641000461778" lon="4.551485005864433">
    <ele>-2.2800000000000002</ele>
   </trkpt>
   <trkpt lat="52.126160000000006" lon="4.55253">
    <ele>-2.48</ele>
   </trkpt>
   <trkpt lat="52.12594000431688" lon="4.553535004754041">
    <ele>-2.16</ele>
   </trkpt>
   <trkpt lat="52.12572" lon="4.55454">
    <ele>-1.93</ele>
   </trkpt>
   <trkpt lat="52.12550667605133" lon="4.555593343417136">
    <ele>-1.93</ele>
   </trkpt>
   <trkpt lat="52.1252933427182" lon="4.556646676749254">
    <ele>-1.9400000000000002</ele>
   </trkpt>
   <trkpt lat="52.125080000000004" lon="4.5577000000000005">
    <ele>-1.78</ele>
   </trkpt>
   <trkpt lat="52.12484002078339" lon="4.5589800206989395">
    <ele>-2.14</ele>
   </trkpt>
   <trkpt lat="52.124600027708645" lon="4.560260027611509">
    <ele>-2.19</ele>
   </trkpt>
   <trkpt lat="52.12436002077605" lon="4.561540020737182">
    <ele>-2.1</ele>
   </trkpt>
   <trkpt lat="52.124120000000005" lon="4.56282">
    <ele>-1.76</ele>
   </trkpt>
   <trkpt lat="52.12406000000001" lon="4.5629800000000005">
    <ele>-1.75</ele>
   </trkpt>
   <trkpt lat="52.12397000000001" lon="4.563090000000001">
    <ele>-1.76</ele>
   </trkpt>
   <trkpt lat="52.12391" lon="4.5631200000000005">
    <ele>-1.76</ele>
   </trkpt>
   <trkpt lat="52.123850000000004" lon="4.5631200000000005">
    <ele>-1.76</ele>
   </trkpt>
   <trkpt lat="52.12302666716873" lon="4.562964985681555">
    <ele>-2.14</ele>
   </trkpt>
   <trkpt lat="52.122203334134205" lon="4.562809977090542">
    <ele>-2.4899999999999998</ele>
   </trkpt>
   <trkpt lat="52.12138000089645" lon="4.562654974226581">
    <ele>-2.82</ele>
   </trkpt>
   <trkpt lat="52.120556667455475" lon="4.562499977089294">
    <ele>-2.7</ele>
   </trkpt>
   <trkpt lat="52.11973333381131" lon="4.562344985678298">
    <ele>-2.5100000000000002</ele>
   </trkpt>
   <trkpt lat="52.11891000000001" lon="4.56219">
    <ele>-2.1300000000000003</ele>
   </trkpt>
   <trkpt lat="52.11882000000001" lon="4.562130000000001">
    <ele>-1.93</ele>
   </trkpt>
   <trkpt lat="52.118730000000006" lon="4.562">
    <ele>-1.93</ele>
   </trkpt>
   <trkpt lat="52.118640000000006" lon="4.5621100000000006">
    <ele>-1.93</ele>
   </trkpt>
   <trkpt lat="52.11853000000001" lon="4.56214">
    <ele>-2.2600000000000002</ele>
   </trkpt>
   <trkpt lat="52.117863333541294" lon="4.562029996727089">
    <ele>-2.2800000000000002</ele>
   </trkpt>
   <trkpt lat="52.117196666980206" lon="4.561919996744571">
    <ele>-2.14</ele>
   </trkpt>
   <trkpt lat="52.116530000000004" lon="4.56181">
    <ele>-2.02</ele>
   </trkpt>
   <trkpt lat="52.116440000000004" lon="4.5618300000000005">
    <ele>-2.1100000000000003</ele>
   </trkpt>
   <trkpt lat="52.116310000000006" lon="4.5619000000000005">
    <ele>-2.1100000000000003</ele>
   </trkpt>
   <trkpt lat="52.11621" lon="4.562">
    <ele>-2.08</ele>
   </trkpt>
   <trkpt lat="52.11603" lon="4.56228">
    <ele>-2.08</ele>
   </trkpt>
   <trkpt lat="52.11598000000001" lon="4.56243">
    <ele>-2.08</ele>
   </trkpt>
   <trkpt lat="52.115930000000006" lon="4.562690000000001">
    <ele>-2.0900000000000003</ele>
   </trkpt>
   <trkpt lat="52.11583" lon="4.56388">
    <ele>-1.93</ele>
   </trkpt>
   <trkpt lat="52.1159" lon="4.56507">
    <ele>-2.1</ele>
   </trkpt>
   <trkpt lat="52.11591000000001" lon="4.565530000000001">
    <ele>-2.1100000000000003</ele>
   </trkpt>
   <trkpt lat="52.11588668469711" lon="4.5669900015521305">
    <ele>-1.97</ele>
   </trkpt>
   <trkpt lat="52.11586335136339" lon="4.568450001576443">
    <ele>-1.85</ele>
   </trkpt>
   <trkpt lat="52.115840000000006" lon="4.56991">
    <ele>-1.76</ele>
   </trkpt>
   <trkpt lat="52.11581000623795" lon="4.5711250010447335">
    <ele>-1.77</ele>
   </trkpt>
   <trkpt lat="52.11578" lon="4.5723400000000005">
    <ele>-1.84</ele>
   </trkpt>
   <trkpt lat="52.11576" lon="4.572500000000001">
    <ele>-1.93</ele>
   </trkpt>
   <trkpt lat="52.115640000000006" lon="4.57279">
    <ele>-2.02</ele>
   </trkpt>
   <trkpt lat="52.115550000000006" lon="4.572900000000001">
    <ele>-2.02</ele>
   </trkpt>
   <trkpt lat="52.11544000000001" lon="4.57296">
    <ele>-2.02</ele>
   </trkpt>
   <trkpt lat="52.11498" lon="4.573130000000001">
    <ele>-2.1300000000000003</ele>
   </trkpt>
   <trkpt lat="52.114850000000004" lon="4.57324">
    <ele>-2.1300000000000003</ele>
   </trkpt>
   <trkpt lat="52.11475" lon="4.57354">
    <ele>-2.14</ele>
   </trkpt>
   <trkpt lat="52.114740000000005" lon="4.573650000000001">
    <ele>-2.14</ele>
   </trkpt>
   <trkpt lat="52.11477000000001" lon="4.5738900000000005">
    <ele>-2.1</ele>
   </trkpt>
   <trkpt lat="52.11484" lon="4.574070000000001">
    <ele>-2.1</ele>
   </trkpt>
   <trkpt lat="52.11491" lon="4.57416">
    <ele>-1.99</ele>
   </trkpt>
   <trkpt lat="52.115" lon="4.5742">
    <ele>-1.99</ele>
   </trkpt>
   <trkpt lat="52.11531" lon="4.5742400000000005">
    <ele>-1.99</ele>
   </trkpt>
   <trkpt lat="52.11543" lon="4.5743">
    <ele>-1.99</ele>
   </trkpt>
   <trkpt lat="52.11558" lon="4.57451">
    <ele>-1.93</ele>
   </trkpt>
   <trkpt lat="52.115660000000005" lon="4.57477">
    <ele>-1.93</ele>
   </trkpt>
   <trkpt lat="52.11569" lon="4.57538">
    <ele>-1.9500000000000002</ele>
   </trkpt>
   <trkpt lat="52.115730000000006" lon="4.57631">
    <ele>-2.2800000000000002</ele>
   </trkpt>
   <trkpt lat="52.115710004272685" lon="4.57731500040799">
    <ele>-2.48</ele>
   </trkpt>
   <trkpt lat="52.11569" lon="4.578320000000001">
    <ele>-2.34</ele>
   </trkpt>
   <trkpt lat="52.11566000992838" lon="4.579403334755593">
    <ele>-2.2600000000000002</ele>
   </trkpt>
   <trkpt lat="52.11563000992936" lon="4.580486668053322">
    <ele>-2.0100000000000002</ele>
   </trkpt>
   <trkpt lat="52.11560000000001" lon="4.58157">
    <ele>-2.14</ele>
   </trkpt>
   <trkpt lat="52.115635007313536" lon="4.582884998964816">
    <ele>-2.14</ele>
   </trkpt>
   <trkpt lat="52.11567" lon="4.5842">
    <ele>-2.14</ele>
   </trkpt>
   <trkpt lat="52.11563" lon="4.584650000000001">
    <ele>-2.1300000000000003</ele>
   </trkpt>
   <trkpt lat="52.11551000000001" lon="4.584980000000001">
    <ele>-2.2800000000000002</ele>
   </trkpt>
   <trkpt lat="52.11536" lon="4.58521">
    <ele>-2.3000000000000003</ele>
   </trkpt>
   <trkpt lat="52.11527" lon="4.5853">
    <ele>-2.3000000000000003</ele>
   </trkpt>
   <trkpt lat="52.11516" lon="4.58537">
    <ele>-2.2800000000000002</ele>
   </trkpt>
   <trkpt lat="52.114920000000005" lon="4.58546">
    <ele>-1.97</ele>
   </trkpt>
   <trkpt lat="52.114830000000005" lon="4.58553">
    <ele>-1.97</ele>
   </trkpt>
   <trkpt lat="52.11477000000001" lon="4.585640000000001">
    <ele>-1.97</ele>
   </trkpt>
   <trkpt lat="52.11471" lon="4.585990000000001">
    <ele>-1.84</ele>
   </trkpt>
   <trkpt lat="52.11469" lon="4.58636">
    <ele>-1.76</ele>
   </trkpt>
   <trkpt lat="52.11473" lon="4.58685">
    <ele>-1.36</ele>
   </trkpt>
   <trkpt lat="52.11478" lon="4.58708">
    <ele>-1.5</ele>
   </trkpt>
   <trkpt lat="52.114760000000004" lon="4.58718">
    <ele>-1.5</ele>
   </trkpt>
   <trkpt lat="52.114830000000005" lon="4.58783">
    <ele>-1.9200000000000002</ele>
   </trkpt>
   <trkpt lat="52.114850000000004" lon="4.58847">
    <ele>-2.1100000000000003</ele>
   </trkpt>
   <trkpt lat="52.114810000000006" lon="4.589390000000001">
    <ele>-2.15</ele>
   </trkpt>
   <trkpt lat="52.11481500453048" lon="4.590424999837962">
    <ele>-2.34</ele>
   </trkpt>
   <trkpt lat="52.11482" lon="4.5914600000000005">
    <ele>-2.48</ele>
   </trkpt>
   <trkpt lat="52.11495000000001" lon="4.59219">
    <ele>-2.52</ele>
   </trkpt>
   <trkpt lat="52.11498" lon="4.5924700000000005">
    <ele>-2.4400000000000004</ele>
   </trkpt>
   <trkpt lat="52.115010000000005" lon="4.592890000000001">
    <ele>-2.4600000000000004</ele>
   </trkpt>
   <trkpt lat="52.115055002935236" lon="4.593724998903874">
    <ele>-2.65</ele>
   </trkpt>
   <trkpt lat="52.115100000000005" lon="4.59456">
    <ele>-2.36</ele>
   </trkpt>
   <trkpt lat="52.115260000000006" lon="4.595940000000001">
    <ele>-2.18</ele>
   </trkpt>
   <trkpt lat="52.11525" lon="4.5962000000000005">
    <ele>-2.18</ele>
   </trkpt>
   <trkpt lat="52.11516" lon="4.5972">
    <ele>-2.35</ele>
   </trkpt>
   <trkpt lat="52.11498" lon="4.59797">
    <ele>-2.2</ele>
   </trkpt>
   <trkpt lat="52.11496" lon="4.598190000000001">
    <ele>-2.2</ele>
   </trkpt>
   <trkpt lat="52.115030000000004" lon="4.5990400000000005">
    <ele>-2.15</ele>
   </trkpt>
   <trkpt lat="52.115050000000004" lon="4.599410000000001">
    <ele>-2.15</ele>
   </trkpt>
   <trkpt lat="52.11496" lon="4.600280000000001">
    <ele>-2.31</ele>
   </trkpt>
   <trkpt lat="52.114900000000006" lon="4.60053">
    <ele>-2.2700000000000005</ele>
   </trkpt>
   <trkpt lat="52.114630000000005" lon="4.60153">
    <ele>-1.85</ele>
   </trkpt>
   <trkpt lat="52.11459000000001" lon="4.60172">
    <ele>-1.42</ele>
   </trkpt>
   <trkpt lat="52.114520000000006" lon="4.6028">
    <ele>-1.58</ele>
   </trkpt>
   <trkpt lat="52.11453" lon="4.60324">
    <ele>-1.93</ele>
   </trkpt>
   <trkpt lat="52.11459000000001" lon="4.60364">
    <ele>-1.9200000000000002</ele>
   </trkpt>
   <trkpt lat="52.114540000000005" lon="4.6037300000000005">
    <ele>-1.9200000000000002</ele>
   </trkpt>
   <trkpt lat="52.11451" lon="4.60404">
    <ele>-2.2600000000000002</ele>
   </trkpt>
   <trkpt lat="52.11394000000001" lon="4.60393">
    <ele>-2.9800000000000004</ele>
   </trkpt>
   <trkpt lat="52.11334500016225" lon="4.603834998751925">
    <ele>-2.9000000000000004</ele>
   </trkpt>
   <trkpt lat="52.112750000000005" lon="4.60374">
    <ele>-2.9899999999999998</ele>
   </trkpt>
   <trkpt lat="52.11265" lon="4.60369">
    <ele>-2.97</ele>
   </trkpt>
   <trkpt lat="52.112610000000004" lon="4.60365">
    <ele>-2.97</ele>
   </trkpt>
   <trkpt lat="52.11254" lon="4.60353">
    <ele>-2.9899999999999998</ele>
   </trkpt>
   <trkpt lat="52.112500000000004" lon="4.60329">
    <ele>-3.1400000000000006</ele>
   </trkpt>
   <trkpt lat="52.112550000000006" lon="4.60247">
    <ele>-3.0</ele>
   </trkpt>
   <trkpt lat="52.11253000000001" lon="4.6022300000000005">
    <ele>-2.89</ele>
   </trkpt>
   <trkpt lat="52.11249" lon="4.602110000000001">
    <ele>-2.67</ele>
   </trkpt>
   <trkpt lat="52.112410000000004" lon="4.602">
    <ele>-2.5700000000000003</ele>
   </trkpt>
   <trkpt lat="52.112320000000004" lon="4.60196">
    <ele>-2.56</ele>
   </trkpt>
   <trkpt lat="52.11205" lon="4.60191">
    <ele>-2.75</ele>
   </trkpt>
   <trkpt lat="52.111830000000005" lon="4.60202">
    <ele>-3.5</ele>
   </trkpt>
   <trkpt lat="52.11169" lon="4.60202">
    <ele>-3.67</ele>
   </trkpt>
   <trkpt lat="52.110993333523055" lon="4.601866661872915">
    <ele>-3.6600000000000006</ele>
   </trkpt>
   <trkpt lat="52.110296666847226" lon="4.601713328537653">
    <ele>-3.68</ele>
   </trkpt>
   <trkpt lat="52.10960000000001" lon="4.60156">
    <ele>-3.67</ele>
   </trkpt>
   <trkpt lat="52.10896333338855" lon="4.601443329990707">
    <ele>-3.71</ele>
   </trkpt>
   <trkpt lat="52.10832666666194" lon="4.601326663313116">
    <ele>-3.6600000000000006</ele>
   </trkpt>
   <trkpt lat="52.107690000000005" lon="4.60121">
    <ele>-3.6400000000000006</ele>
   </trkpt>
   <trkpt lat="52.10701999998542" lon="4.601069997876127">
    <ele>-3.41</ele>
   </trkpt>
   <trkpt lat="52.106350000000006" lon="4.60093">
    <ele>-2.65</ele>
   </trkpt>
   <trkpt lat="52.10620000461474" lon="4.601975003544878">
    <ele>-2.83</ele>
   </trkpt>
   <trkpt lat="52.10605" lon="4.603020000000001">
    <ele>-2.87</ele>
   </trkpt>
   <trkpt lat="52.10596" lon="4.603470000000001">
    <ele>-2.8800000000000003</ele>
   </trkpt>
   <trkpt lat="52.10593" lon="4.60357">
    <ele>-2.8800000000000003</ele>
   </trkpt>
   <trkpt lat="52.105700000000006" lon="4.604">
    <ele>-2.69</ele>
   </trkpt>
   <trkpt lat="52.10559000000001" lon="4.60426">
    <ele>-2.69</ele>
   </trkpt>
   <trkpt lat="52.105290000000004" lon="4.6052100000000005">
    <ele>-2.82</ele>
   </trkpt>
   <trkpt lat="52.105230000000006" lon="4.605600000000001">
    <ele>-2.82</ele>
   </trkpt>
   <trkpt lat="52.10521000000001" lon="4.606120000000001">
    <ele>-2.84</ele>
   </trkpt>
   <trkpt lat="52.10515" lon="4.606310000000001">
    <ele>-2.8000000000000003</ele>
   </trkpt>
   <trkpt lat="52.105090000000004" lon="4.6063600000000005">
    <ele>-2.82</ele>
   </trkpt>
   <trkpt lat="52.105030000000006" lon="4.60637">
    <ele>-2.82</ele>
   </trkpt>
   <trkpt lat="52.10426500001191" lon="4.606334999399926">
    <ele>-3.16</ele>
   </trkpt>
   <trkpt lat="52.103500000000004" lon="4.6063">
    <ele>-3.16</ele>
   </trkpt>
   <trkpt lat="52.102740000000004" lon="4.60623">
    <ele>-2.66</ele>
   </trkpt>
   <trkpt lat="52.10268000000001" lon="4.606260000000001">
    <ele>-2.66</ele>
   </trkpt>
   <trkpt lat="52.10264" lon="4.60632">
    <ele>-2.66</ele>
   </trkpt>
   <trkpt lat="52.102610000000006" lon="4.60648">
    <ele>-2.6400000000000006</ele>
   </trkpt>
   <trkpt lat="52.102605002845934" lon="4.607299999806489">
    <ele>-2.31</ele>
   </trkpt>
   <trkpt lat="52.1026" lon="4.60812">
    <ele>-2.5300000000000002</ele>
   </trkpt>
   <trkpt lat="52.10259001663663" lon="4.60926500075994">
    <ele>-2.6400000000000006</ele>
   </trkpt>
   <trkpt lat="52.10258002218223" lon="4.610410001006989">
    <ele>-2.5300000000000002</ele>
   </trkpt>
   <trkpt lat="52.10257001663679" lon="4.611555000740578">
    <ele>-2.48</ele>
   </trkpt>
   <trkpt lat="52.102560000000004" lon="4.6127">
    <ele>-2.35</ele>
   </trkpt>
   <trkpt lat="52.10257000000001" lon="4.6129500000000005">
    <ele>-2.5300000000000002</ele>
   </trkpt>
   <trkpt lat="52.102610000000006" lon="4.613090000000001">
    <ele>-2.5300000000000002</ele>
   </trkpt>
   <trkpt lat="52.10266000000001" lon="4.61319">
    <ele>-2.5300000000000002</ele>
   </trkpt>
   <trkpt lat="52.102720000000005" lon="4.613250000000001">
    <ele>-2.5300000000000002</ele>
   </trkpt>
   <trkpt lat="52.102790000000006" lon="4.6132800000000005">
    <ele>-2.48</ele>
   </trkpt>
   <trkpt lat="52.10293000000001" lon="4.61329">
    <ele>-2.48</ele>
   </trkpt>
   <trkpt lat="52.10380999983997" lon="4.613205001695637">
    <ele>-2.65</ele>
   </trkpt>
   <trkpt lat="52.104690000000005" lon="4.61312">
    <ele>-2.31</ele>
   </trkpt>
   <trkpt lat="52.10486" lon="4.6131400000000005">
    <ele>-1.87</ele>
   </trkpt>
   <trkpt lat="52.104960000000005" lon="4.61324">
    <ele>-1.86</ele>
   </trkpt>
   <trkpt lat="52.105030000000006" lon="4.6134200000000005">
    <ele>-1.87</ele>
   </trkpt>
   <trkpt lat="52.105050000000006" lon="4.61354">
    <ele>-2.1100000000000003</ele>
   </trkpt>
   <trkpt lat="52.10506" lon="4.614050000000001">
    <ele>-2.14</ele>
   </trkpt>
   <trkpt lat="52.10506001177919" lon="4.615230000030212">
    <ele>-2.48</ele>
   </trkpt>
   <trkpt lat="52.10506001177918" lon="4.6164100000607355">
    <ele>-2.6300000000000003</ele>
   </trkpt>
   <trkpt lat="52.10506" lon="4.617590000000001">
    <ele>-2.6400000000000006</ele>
   </trkpt>
   <trkpt lat="52.105078030471084" lon="4.618931997843748">
    <ele>-2.4899999999999998</ele>
   </trkpt>
   <trkpt lat="52.10509604570674" lon="4.620273996772211">
    <ele>-2.35</ele>
   </trkpt>
   <trkpt lat="52.10511404570691" lon="4.621615996784472">
    <ele>-2.4400000000000004</ele>
   </trkpt>
   <trkpt lat="52.105132030471594" lon="4.6229579978796185">
    <ele>-2.32</ele>
   </trkpt>
   <trkpt lat="52.10515" lon="4.624300000000001">
    <ele>-2.47</ele>
   </trkpt>
   <trkpt lat="52.1043366673673" lon="4.624583343660431">
    <ele>-2.5700000000000003</ele>
   </trkpt>
   <trkpt lat="52.10352333405544" lon="4.624866676986054">
    <ele>-2.4600000000000004</ele>
   </trkpt>
   <trkpt lat="52.10271" lon="4.6251500000000005">
    <ele>-2.4200000000000004</ele>
   </trkpt>
   <trkpt lat="52.10213" lon="4.6253">
    <ele>-2.33</ele>
   </trkpt>
   <trkpt lat="52.10190000000001" lon="4.625380000000001">
    <ele>-2.33</ele>
   </trkpt>
   <trkpt lat="52.101490000000005" lon="4.6255500000000005">
    <ele>-2.36</ele>
   </trkpt>
   <trkpt lat="52.101290000000006" lon="4.6257">
    <ele>-2.31</ele>
   </trkpt>
   <trkpt lat="52.101130000000005" lon="4.625900000000001">
    <ele>-2.31</ele>
   </trkpt>
   <trkpt lat="52.10098000000001" lon="4.626130000000001">
    <ele>-2.32</ele>
   </trkpt>
   <trkpt lat="52.1007" lon="4.6264">
    <ele>-2.3000000000000003</ele>
   </trkpt>
   <trkpt lat="52.09999000108568" lon="4.626654016174675">
    <ele>-2.43</ele>
   </trkpt>
   <trkpt lat="52.09928000162549" lon="4.626908024262624">
    <ele>-2.65</ele>
   </trkpt>
   <trkpt lat="52.098570001619485" lon="4.627162024264305">
    <ele>-2.65</ele>
   </trkpt>
   <trkpt lat="52.09786000106769" lon="4.627416016180175">
    <ele>-2.65</ele>
   </trkpt>
   <trkpt lat="52.097150000000006" lon="4.62767">
    <ele>-2.25</ele>
   </trkpt>
   <trkpt lat="52.09705" lon="4.6277800000000004">
    <ele>-2.2600000000000002</ele>
   </trkpt>
   <trkpt lat="52.097060000000006" lon="4.62776">
    <ele>-2.25</ele>
   </trkpt>
   <trkpt lat="52.097175003992184" lon="4.628734997239933">
    <ele>-2.4200000000000004</ele>
   </trkpt>
   <trkpt lat="52.09729" lon="4.62971">
    <ele>-2.16</ele>
   </trkpt>
   <trkpt lat="52.097395002646465" lon="4.630499998189035">
    <ele>-2.2900000000000005</ele>
   </trkpt>
   <trkpt lat="52.097500000000004" lon="4.631290000000001">
    <ele>-2.33</ele>
   </trkpt>
   <trkpt lat="52.0976333436288" lon="4.6323933267087325">
    <ele>-2.4600000000000004</ele>
   </trkpt>
   <trkpt lat="52.097766676958706" lon="4.633496660013525">
    <ele>-2.4400000000000004</ele>
   </trkpt>
   <trkpt lat="52.0979" lon="4.634600000000001">
    <ele>-2.5100000000000002</ele>
   </trkpt>
   <trkpt lat="52.098090004149654" lon="4.635594995561621">
    <ele>-2.31</ele>
   </trkpt>
   <trkpt lat="52.09828" lon="4.63659">
    <ele>-2.2700000000000005</ele>
   </trkpt>
   <trkpt lat="52.09849000846001" lon="4.637589990583724">
    <ele>-2.02</ele>
   </trkpt>
   <trkpt lat="52.09870000845996" lon="4.638589990583372">
    <ele>-2.02</ele>
   </trkpt>
   <trkpt lat="52.098910000000004" lon="4.63959">
    <ele>-2.2900000000000005</ele>
   </trkpt>
   <trkpt lat="52.099030000000006" lon="4.64022">
    <ele>-2.33</ele>
   </trkpt>
   <trkpt lat="52.09902" lon="4.6403300000000005">
    <ele>-2.33</ele>
   </trkpt>
   <trkpt lat="52.099120000000006" lon="4.64039">
    <ele>-2.33</ele>
   </trkpt>
   <trkpt lat="52.09987" lon="4.63998">
    <ele>-3.1300000000000003</ele>
   </trkpt>
   <trkpt lat="52.100710002472326" lon="4.639537525007625">
    <ele>-3.04</ele>
   </trkpt>
   <trkpt lat="52.101550003288246" lon="4.639095033348583">
    <ele>-2.86</ele>
   </trkpt>
   <trkpt lat="52.102390002447656" lon="4.638652525021774">
    <ele>-2.8000000000000003</ele>
   </trkpt>
   <trkpt lat="52.10323" lon="4.63821">
    <ele>-2.56</ele>
   </trkpt>
   <trkpt lat="52.103410000000004" lon="4.638170000000001">
    <ele>-2.56</ele>
   </trkpt>
   <trkpt lat="52.10376" lon="4.63802">
    <ele>-2.48</ele>
   </trkpt>
   <trkpt lat="52.103820000000006" lon="4.63801">
    <ele>-2.48</ele>
   </trkpt>
   <trkpt lat="52.104025006030156" lon="4.63920499444764">
    <ele>-3.16</ele>
   </trkpt>
   <trkpt lat="52.10423" lon="4.6404000000000005">
    <ele>-2.9899999999999998</ele>
   </trkpt>
   <trkpt lat="52.104330000000004" lon="4.641170000000001">
    <ele>-2.56</ele>
   </trkpt>
   <trkpt lat="52.104380000000006" lon="4.64125">
    <ele>-2.6300000000000003</ele>
   </trkpt>
   <trkpt lat="52.10446" lon="4.6412700000000005">
    <ele>-2.6300000000000003</ele>
   </trkpt>
   <trkpt lat="52.10502" lon="4.64092">
    <ele>-2.73</ele>
   </trkpt>
   <trkpt lat="52.10508" lon="4.6409">
    <ele>-2.73</ele>
   </trkpt>
   <trkpt lat="52.10515" lon="4.6409400000000005">
    <ele>-2.71</ele>
   </trkpt>
   <trkpt lat="52.10519000000001" lon="4.64104">
    <ele>-2.73</ele>
   </trkpt>
   <trkpt lat="52.105416701953764" lon="4.642331633853659">
    <ele>-3.16</ele>
   </trkpt>
   <trkpt lat="52.10564338979409" lon="4.643623280839251">
    <ele>-3.24</ele>
   </trkpt>
   <trkpt lat="52.1058700635207" lon="4.644914940956201">
    <ele>-2.82</ele>
   </trkpt>
   <trkpt lat="52.106096723133334" lon="4.64620661420393">
    <ele>-2.65</ele>
   </trkpt>
   <trkpt lat="52.10632336863175" lon="4.647498300581861">
    <ele>-2.65</ele>
   </trkpt>
   <trkpt lat="52.106550000000006" lon="4.64879">
    <ele>-2.48</ele>
   </trkpt>
   <trkpt lat="52.10680000347884" lon="4.64969999481156">
    <ele>-2.48</ele>
   </trkpt>
   <trkpt lat="52.10705" lon="4.65061">
    <ele>-2.5</ele>
   </trkpt>
   <trkpt lat="52.10741500662938" lon="4.651864989615414">
    <ele>-2.5100000000000002</ele>
   </trkpt>
   <trkpt lat="52.107780000000005" lon="4.65312">
    <ele>-2.31</ele>
   </trkpt>
   <trkpt lat="52.107850000000006" lon="4.65331">
    <ele>-2.32</ele>
   </trkpt>
   <trkpt lat="52.108050000000006" lon="4.653560000000001">
    <ele>-2.31</ele>
   </trkpt>
   <trkpt lat="52.108725002575476" lon="4.654344988080605">
    <ele>-2.35</ele>
   </trkpt>
   <trkpt lat="52.1094" lon="4.655130000000001">
    <ele>-1.93</ele>
   </trkpt>
   <trkpt lat="52.10943" lon="4.6550400000000005">
    <ele>-1.93</ele>
   </trkpt>
   <trkpt lat="52.109480000000005" lon="4.65502">
    <ele>-1.93</ele>
   </trkpt>
   <trkpt lat="52.10958" lon="4.6551">
    <ele>-2.19</ele>
   </trkpt>
   <trkpt lat="52.109680000000004" lon="4.655130000000001">
    <ele>-2.19</ele>
   </trkpt>
   <trkpt lat="52.11016000000001" lon="4.65568">
    <ele>-2.14</ele>
   </trkpt>
   <trkpt lat="52.110240000000005" lon="4.65575">
    <ele>-2.14</ele>
   </trkpt>
   <trkpt lat="52.1103" lon="4.65578">
    <ele>-2.1100000000000003</ele>
   </trkpt>
   <trkpt lat="52.11036000000001" lon="4.655900000000001">
    <ele>-2.1100000000000003</ele>
   </trkpt>
   <trkpt lat="52.11072000000001" lon="4.65643">
    <ele>-2.0900000000000003</ele>
   </trkpt>
   <trkpt lat="52.1109" lon="4.65676">
    <ele>-2.14</ele>
   </trkpt>
   <trkpt lat="52.110980000000005" lon="4.65693">
    <ele>-2.1300000000000003</ele>
   </trkpt>
   <trkpt lat="52.111290000000004" lon="4.657310000000001">
    <ele>-1.98</ele>
   </trkpt>
   <trkpt lat="52.112020011946385" lon="4.658149944995057">
    <ele>-2.31</ele>
   </trkpt>
   <trkpt lat="52.112750017924625" lon="4.658989917496574">
    <ele>-2.14</ele>
   </trkpt>
   <trkpt lat="52.113480017934336" lon="4.659829917505951">
    <ele>-2.8100000000000005</ele>
   </trkpt>
   <trkpt lat="52.11421001197517" lon="4.660669945024588">
    <ele>-2.8800000000000003</ele>
   </trkpt>
   <trkpt lat="52.114940000000004" lon="4.661510000000001">
    <ele>-1.41</ele>
   </trkpt>
   <trkpt lat="52.11487" lon="4.6616800000000005">
    <ele>-0.75</ele>
   </trkpt>
   <trkpt lat="52.11488000000001" lon="4.66183">
    <ele>-0.75</ele>
   </trkpt>
   <trkpt lat="52.11478" lon="4.6620800000000004">
    <ele>-0.55</ele>
   </trkpt>
   <trkpt lat="52.114790000000006" lon="4.66216">
    <ele>-0.55</ele>
   </trkpt>
   <trkpt lat="52.115430002361244" lon="4.6628949895356255">
    <ele>0.55</ele>
   </trkpt>
   <trkpt lat="52.11607000000001" lon="4.66363">
    <ele>2.3000000000000003</ele>
   </trkpt>
   <trkpt lat="52.116530000000004" lon="4.66422">
    <ele>4.45</ele>
   </trkpt>
   <trkpt lat="52.11675" lon="4.664560000000001">
    <ele>5.32</ele>
   </trkpt>
   <trkpt lat="52.117070000000005" lon="4.665170000000001">
    <ele>5.760000000000001</ele>
   </trkpt>
   <trkpt lat="52.117290000000004" lon="4.665660000000001">
    <ele>5.17</ele>
   </trkpt>
   <trkpt lat="52.11748000000001" lon="4.666200000000001">
    <ele>4.0600000000000005</ele>
   </trkpt>
   <trkpt lat="52.11762000232005" lon="4.666944997514631">
    <ele>2.12</ele>
   </trkpt>
   <trkpt lat="52.117760000000004" lon="4.66769">
    <ele>1.3800000000000001</ele>
   </trkpt>
   <trkpt lat="52.11784" lon="4.66854">
    <ele>0.2</ele>
   </trkpt>
   <trkpt lat="52.117810000000006" lon="4.66877">
    <ele>-0.23</ele>
   </trkpt>
   <trkpt lat="52.117760000000004" lon="4.66901">
    <ele>-0.71</ele>
   </trkpt>
   <trkpt lat="52.11771" lon="4.67041">
    <ele>-0.54</ele>
   </trkpt>
   <trkpt lat="52.1178" lon="4.67082">
    <ele>0.43000000000000005</ele>
   </trkpt>
   <trkpt lat="52.11771" lon="4.670870000000001">
    <ele>0.24000000000000002</ele>
   </trkpt>
   <trkpt lat="52.11768000000001" lon="4.67093">
    <ele>0.24000000000000002</ele>
   </trkpt>
   <trkpt lat="52.11764" lon="4.671150000000001">
    <ele>-0.29</ele>
   </trkpt>
   <trkpt lat="52.11769" lon="4.67089">
    <ele>0.24000000000000002</ele>
   </trkpt>
   <trkpt lat="52.11771" lon="4.670870000000001">
    <ele>0.24000000000000002</ele>
   </trkpt>
   <trkpt lat="52.1178" lon="4.67082">
    <ele>0.43000000000000005</ele>
   </trkpt>
   <trkpt lat="52.11778" lon="4.671390000000001">
    <ele>1.61</ele>
   </trkpt>
   <trkpt lat="52.11764500388829" lon="4.672350002974742">
    <ele>3.35</ele>
   </trkpt>
   <trkpt lat="52.11751" lon="4.673310000000001">
    <ele>3.97</ele>
   </trkpt>
   <trkpt lat="52.1174" lon="4.673920000000001">
    <ele>4.03</ele>
   </trkpt>
   <trkpt lat="52.11726" lon="4.67457">
    <ele>3.91</ele>
   </trkpt>
   <trkpt lat="52.117200000000004" lon="4.6748">
    <ele>3.91</ele>
   </trkpt>
   <trkpt lat="52.11710000000001" lon="4.67495">
    <ele>3.91</ele>
   </trkpt>
   <trkpt lat="52.117050000000006" lon="4.674980000000001">
    <ele>3.25</ele>
   </trkpt>
   <trkpt lat="52.11693" lon="4.67495">
    <ele>3.25</ele>
   </trkpt>
   <trkpt lat="52.11684" lon="4.674860000000001">
    <ele>3.25</ele>
   </trkpt>
   <trkpt lat="52.11663000000001" lon="4.6744900000000005">
    <ele>3.04</ele>
   </trkpt>
   <trkpt lat="52.11674000000001" lon="4.67433">
    <ele>2.5</ele>
   </trkpt>
   <trkpt lat="52.11679" lon="4.67429">
    <ele>2.17</ele>
   </trkpt>
   <trkpt lat="52.116910000000004" lon="4.67431">
    <ele>1.7300000000000002</ele>
   </trkpt>
   <trkpt lat="52.116960000000006" lon="4.674390000000001">
    <ele>1.3200000000000003</ele>
   </trkpt>
   <trkpt lat="52.11699" lon="4.67448">
    <ele>1.3200000000000003</ele>
   </trkpt>
   <trkpt lat="52.11695" lon="4.6748400000000006">
    <ele>0.9400000000000001</ele>
   </trkpt>
   <trkpt lat="52.11684" lon="4.67544">
    <ele>0.65</ele>
   </trkpt>
   <trkpt lat="52.11688" lon="4.67555">
    <ele>0.65</ele>
   </trkpt>
   <trkpt lat="52.11719" lon="4.67623">
    <ele>0.4900000000000001</ele>
   </trkpt>
   <trkpt lat="52.117290000000004" lon="4.67607">
    <ele>0.6000000000000001</ele>
   </trkpt>
   <trkpt lat="52.11726" lon="4.67597">
    <ele>0.8200000000000001</ele>
   </trkpt>
   <trkpt lat="52.117270000000005" lon="4.675890000000001">
    <ele>0.8200000000000001</ele>
   </trkpt>
   <trkpt lat="52.11739000000001" lon="4.6757800000000005">
    <ele>1.02</ele>
   </trkpt>
   <trkpt lat="52.11757000000001" lon="4.675680000000001">
    <ele>1.67</ele>
   </trkpt>
   <trkpt lat="52.11784" lon="4.675660000000001">
    <ele>2.62</ele>
   </trkpt>
   <trkpt lat="52.117920000000005" lon="4.67565">
    <ele>2.93</ele>
   </trkpt>
   <trkpt lat="52.11806000000001" lon="4.67567">
    <ele>3.36</ele>
   </trkpt>
   <trkpt lat="52.11845" lon="4.675890000000001">
    <ele>3.8400000000000003</ele>
   </trkpt>
   <trkpt lat="52.119150000000005" lon="4.676220000000001">
    <ele>4.24</ele>
   </trkpt>
   <trkpt lat="52.119260000000004" lon="4.67623">
    <ele>4.2700000000000005</ele>
   </trkpt>
   <trkpt lat="52.119350000000004" lon="4.67621">
    <ele>4.2700000000000005</ele>
   </trkpt>
   <trkpt lat="52.11957" lon="4.67637">
    <ele>4.29</ele>
   </trkpt>
   <trkpt lat="52.12015" lon="4.67665">
    <ele>4.220000000000001</ele>
   </trkpt>
   <trkpt lat="52.12008" lon="4.677180000000001">
    <ele>3.8200000000000003</ele>
   </trkpt>
   <trkpt lat="52.119930000000004" lon="4.67712">
    <ele>3.18</ele>
   </trkpt>
   <trkpt lat="52.119490000000006" lon="4.67684">
    <ele>0.8200000000000001</ele>
   </trkpt>
   <trkpt lat="52.11916" lon="4.6766700000000005">
    <ele>-0.16</ele>
   </trkpt>
   <trkpt lat="52.11914" lon="4.67668">
    <ele>-0.16</ele>
   </trkpt>
   <trkpt lat="52.11902000275964" lon="4.677490002283233">
    <ele>-0.79</ele>
   </trkpt>
   <trkpt lat="52.118900000000004" lon="4.6783">
    <ele>-0.84</ele>
   </trkpt>
   <trkpt lat="52.118760004245814" lon="4.679305003342455">
    <ele>-0.71</ele>
   </trkpt>
   <trkpt lat="52.11862000000001" lon="4.68031">
    <ele>-0.84</ele>
   </trkpt>
   <trkpt lat="52.11850000443693" lon="4.681335002814968">
    <ele>-0.88</ele>
   </trkpt>
   <trkpt lat="52.11838" lon="4.68236">
    <ele>-0.8500000000000001</ele>
   </trkpt>
   <trkpt lat="52.118280000000006" lon="4.6835">
    <ele>-0.84</ele>
   </trkpt>
   <trkpt lat="52.118320000000004" lon="4.6843">
    <ele>-0.9700000000000001</ele>
   </trkpt>
   <trkpt lat="52.118315002505064" lon="4.685070000472059">
    <ele>-0.77</ele>
   </trkpt>
   <trkpt lat="52.11831" lon="4.685840000000001">
    <ele>-0.84</ele>
   </trkpt>
   <trkpt lat="52.11834" lon="4.686520000000001">
    <ele>-0.8</ele>
   </trkpt>
   <trkpt lat="52.11834" lon="4.687180000000001">
    <ele>-0.9700000000000001</ele>
   </trkpt>
   <trkpt lat="52.11831500236889" lon="4.687930000723886">
    <ele>-0.92</ele>
   </trkpt>
   <trkpt lat="52.11829" lon="4.688680000000001">
    <ele>-1.07</ele>
   </trkpt>
   <trkpt lat="52.11822" lon="4.689590000000001">
    <ele>-0.9700000000000001</ele>
   </trkpt>
   <trkpt lat="52.118030000000005" lon="4.69034">
    <ele>-0.92</ele>
   </trkpt>
   <trkpt lat="52.117900000000006" lon="4.691140000000001">
    <ele>-0.99</ele>
   </trkpt>
   <trkpt lat="52.11775" lon="4.691750000000001">
    <ele>-0.92</ele>
   </trkpt>
   <trkpt lat="52.11746" lon="4.69284">
    <ele>-0.75</ele>
   </trkpt>
   <trkpt lat="52.11713500429138" lon="4.693840007100098">
    <ele>-0.8500000000000001</ele>
   </trkpt>
   <trkpt lat="52.11681" lon="4.69484">
    <ele>-0.88</ele>
   </trkpt>
   <trkpt lat="52.116500002432325" lon="4.695585004976876">
    <ele>-0.75</ele>
   </trkpt>
   <trkpt lat="52.11619" lon="4.696330000000001">
    <ele>-0.75</ele>
   </trkpt>
   <trkpt lat="52.11598000000001" lon="4.696940000000001">
    <ele>-0.7200000000000001</ele>
   </trkpt>
   <trkpt lat="52.11571000000001" lon="4.69791">
    <ele>-0.71</ele>
   </trkpt>
   <trkpt lat="52.115500000000004" lon="4.698840000000001">
    <ele>-0.62</ele>
   </trkpt>
   <trkpt lat="52.11534000360108" lon="4.699765003422407">
    <ele>-0.62</ele>
   </trkpt>
   <trkpt lat="52.11518" lon="4.700690000000001">
    <ele>-0.67</ele>
   </trkpt>
   <trkpt lat="52.11506000000001" lon="4.701420000000001">
    <ele>-0.67</ele>
   </trkpt>
   <trkpt lat="52.114990000000006" lon="4.70197">
    <ele>-0.7200000000000001</ele>
   </trkpt>
   <trkpt lat="52.114990000000006" lon="4.702640000000001">
    <ele>-0.9700000000000001</ele>
   </trkpt>
   <trkpt lat="52.11497000000001" lon="4.70288">
    <ele>-0.9700000000000001</ele>
   </trkpt>
   <trkpt lat="52.11475500518179" lon="4.703985005239081">
    <ele>-0.88</ele>
   </trkpt>
   <trkpt lat="52.114540000000005" lon="4.70509">
    <ele>-0.75</ele>
   </trkpt>
   <trkpt lat="52.114270000000005" lon="4.70629">
    <ele>-1.07</ele>
   </trkpt>
   <trkpt lat="52.114160000000005" lon="4.706650000000001">
    <ele>-1.09</ele>
   </trkpt>
   <trkpt lat="52.113780000000006" lon="4.70772">
    <ele>-1.01</ele>
   </trkpt>
   <trkpt lat="52.113530000000004" lon="4.70819">
    <ele>-0.92</ele>
   </trkpt>
   <trkpt lat="52.113350000000004" lon="4.708620000000001">
    <ele>-0.8500000000000001</ele>
   </trkpt>
   <trkpt lat="52.11303000215628" lon="4.70934500535533">
    <ele>-0.84</ele>
   </trkpt>
   <trkpt lat="52.11271000000001" lon="4.71007">
    <ele>-0.76</ele>
   </trkpt>
   <trkpt lat="52.112390000000005" lon="4.710940000000001">
    <ele>-0.8</ele>
   </trkpt>
   <trkpt lat="52.11215000172311" lon="4.711575003371592">
    <ele>-0.71</ele>
   </trkpt>
   <trkpt lat="52.11191" lon="4.712210000000001">
    <ele>-0.84</ele>
   </trkpt>
   <trkpt lat="52.11178" lon="4.71251">
    <ele>-0.84</ele>
   </trkpt>
   <trkpt lat="52.11135" lon="4.7137400000000005">
    <ele>-0.9700000000000001</ele>
   </trkpt>
   <trkpt lat="52.11112000000001" lon="4.71424">
    <ele>-0.9700000000000001</ele>
   </trkpt>
   <trkpt lat="52.110850000000006" lon="4.714740000000001">
    <ele>-0.93</ele>
   </trkpt>
   <trkpt lat="52.11057000177605" lon="4.7153900041073955">
    <ele>-0.89</ele>
   </trkpt>
   <trkpt lat="52.110290000000006" lon="4.7160400000000005">
    <ele>-0.88</ele>
   </trkpt>
   <trkpt lat="52.110150000000004" lon="4.71642">
    <ele>-0.84</ele>
   </trkpt>
   <trkpt lat="52.11001" lon="4.716900000000001">
    <ele>-0.9700000000000001</ele>
   </trkpt>
   <trkpt lat="52.10976" lon="4.71809">
    <ele>-1.09</ele>
   </trkpt>
   <trkpt lat="52.10958" lon="4.718730000000001">
    <ele>-0.9700000000000001</ele>
   </trkpt>
   <trkpt lat="52.109325005733986" lon="4.719890006440454">
    <ele>-1.07</ele>
   </trkpt>
   <trkpt lat="52.10907" lon="4.72105">
    <ele>-1.1500000000000001</ele>
   </trkpt>
   <trkpt lat="52.108865005188235" lon="4.722155004952583">
    <ele>-0.8</ele>
   </trkpt>
   <trkpt lat="52.10866000000001" lon="4.723260000000001">
    <ele>-0.81</ele>
   </trkpt>
   <trkpt lat="52.108400008850786" lon="4.72428334529868">
    <ele>-0.92</ele>
   </trkpt>
   <trkpt lat="52.108140008842724" lon="4.725306678663592">
    <ele>-0.88</ele>
   </trkpt>
   <trkpt lat="52.10788" lon="4.726330000000001">
    <ele>-0.9700000000000001</ele>
   </trkpt>
   <trkpt lat="52.10784" lon="4.72658">
    <ele>-0.9700000000000001</ele>
   </trkpt>
   <trkpt lat="52.1077" lon="4.72728">
    <ele>-1.24</ele>
   </trkpt>
   <trkpt lat="52.107515002616786" lon="4.728075003541153">
    <ele>-1.25</ele>
   </trkpt>
   <trkpt lat="52.107330000000005" lon="4.728870000000001">
    <ele>-1.08</ele>
   </trkpt>
   <trkpt lat="52.107290000000006" lon="4.72914">
    <ele>-1.08</ele>
   </trkpt>
   <trkpt lat="52.10727000000001" lon="4.729480000000001">
    <ele>-1.01</ele>
   </trkpt>
   <trkpt lat="52.10728" lon="4.729710000000001">
    <ele>-1.01</ele>
   </trkpt>
   <trkpt lat="52.10741" lon="4.730790000000001">
    <ele>-0.38</ele>
   </trkpt>
   <trkpt lat="52.107400000000005" lon="4.730910000000001">
    <ele>-0.25</ele>
   </trkpt>
   <trkpt lat="52.107350000000004" lon="4.731000000000001">
    <ele>-0.25</ele>
   </trkpt>
   <trkpt lat="52.107440000000004" lon="4.731210000000001">
    <ele>-0.55</ele>
   </trkpt>
   <trkpt lat="52.10744000373739" lon="4.732150000181857">
    <ele>-1.33</ele>
   </trkpt>
   <trkpt lat="52.107440000000004" lon="4.733090000000001">
    <ele>-1.36</ele>
   </trkpt>
   <trkpt lat="52.107510000000005" lon="4.7341500000000005">
    <ele>-1.24</ele>
   </trkpt>
   <trkpt lat="52.10761" lon="4.73512">
    <ele>-0.93</ele>
   </trkpt>
   <trkpt lat="52.10763000000001" lon="4.7361">
    <ele>-0.88</ele>
   </trkpt>
   <trkpt lat="52.107580000000006" lon="4.73657">
    <ele>-0.92</ele>
   </trkpt>
   <trkpt lat="52.107470000000006" lon="4.737220000000001">
    <ele>-0.75</ele>
   </trkpt>
   <trkpt lat="52.107220000000005" lon="4.73813">
    <ele>-0.84</ele>
   </trkpt>
   <trkpt lat="52.10694" lon="4.73869">
    <ele>-0.89</ele>
   </trkpt>
   <trkpt lat="52.106880000000004" lon="4.739000000000001">
    <ele>-0.99</ele>
   </trkpt>
   <trkpt lat="52.10689000000001" lon="4.73925">
    <ele>-0.99</ele>
   </trkpt>
   <trkpt lat="52.10694" lon="4.73944">
    <ele>-1.07</ele>
   </trkpt>
   <trkpt lat="52.107040000000005" lon="4.73963">
    <ele>-1.07</ele>
   </trkpt>
   <trkpt lat="52.10717" lon="4.7397800000000005">
    <ele>-0.9700000000000001</ele>
   </trkpt>
   <trkpt lat="52.107860001808206" lon="4.740429989961828">
    <ele>-1.07</ele>
   </trkpt>
   <trkpt lat="52.10855" lon="4.74108">
    <ele>-1.17</ele>
   </trkpt>
   <trkpt lat="52.10930333813496" lon="4.741829974700236">
    <ele>-1.28</ele>
   </trkpt>
   <trkpt lat="52.11005667151173" lon="4.742579974742923">
    <ele>-1.2300000000000002</ele>
   </trkpt>
   <trkpt lat="52.11081" lon="4.74333">
    <ele>-1.28</ele>
   </trkpt>
   <trkpt lat="52.111410001518266" lon="4.7439499915452465">
    <ele>-1.28</ele>
   </trkpt>
   <trkpt lat="52.112010000000005" lon="4.74457">
    <ele>-1.35</ele>
   </trkpt>
   <trkpt lat="52.11272000257698" lon="4.7453549874661665">
    <ele>-1.24</ele>
   </trkpt>
   <trkpt lat="52.11343" lon="4.7461400000000005">
    <ele>-1.34</ele>
   </trkpt>
   <trkpt lat="52.11406600709023" lon="4.7467879630079715">
    <ele>-1.75</ele>
   </trkpt>
   <trkpt lat="52.11470201062883" lon="4.747435944504276">
    <ele>-1.78</ele>
   </trkpt>
   <trkpt lat="52.115338010615595" lon="4.748083944489759">
    <ele>-2.0900000000000003</ele>
   </trkpt>
   <trkpt lat="52.11597400705036" lon="4.748731962965268">
    <ele>-2.02</ele>
   </trkpt>
   <trkpt lat="52.11661" lon="4.74938">
    <ele>-2.1100000000000003</ele>
   </trkpt>
   <trkpt lat="52.11727000202595" lon="4.750069989796609">
    <ele>-2.08</ele>
   </trkpt>
   <trkpt lat="52.11793" lon="4.7507600000000005">
    <ele>-1.9500000000000002</ele>
   </trkpt>
   <trkpt lat="52.11835000063251" lon="4.751154996252372">
    <ele>-2.0</ele>
   </trkpt>
   <trkpt lat="52.118770000000005" lon="4.751550000000001">
    <ele>-1.93</ele>
   </trkpt>
   <trkpt lat="52.119020000000006" lon="4.75182">
    <ele>-1.97</ele>
   </trkpt>
   <trkpt lat="52.11912" lon="4.75196">
    <ele>-1.97</ele>
   </trkpt>
   <trkpt lat="52.119350000000004" lon="4.752420000000001">
    <ele>-1.9400000000000002</ele>
   </trkpt>
   <trkpt lat="52.11956000000001" lon="4.75265">
    <ele>-1.84</ele>
   </trkpt>
   <trkpt lat="52.11998000081885" lon="4.753054996304334">
    <ele>-1.97</ele>
   </trkpt>
   <trkpt lat="52.120400000000004" lon="4.7534600000000005">
    <ele>-2.4400000000000004</ele>
   </trkpt>
   <trkpt lat="52.12104750348538" lon="4.753982477245003">
    <ele>-2.4200000000000004</ele>
   </trkpt>
   <trkpt lat="52.12169500466169" lon="4.75450496967116">
    <ele>-2.5</ele>
   </trkpt>
   <trkpt lat="52.12234250352883" lon="4.755027477279211">
    <ele>-2.4600000000000004</ele>
   </trkpt>
   <trkpt lat="52.12299" lon="4.75555">
    <ele>-2.4200000000000004</ele>
   </trkpt>
   <trkpt lat="52.123610000000006" lon="4.755940000000001">
    <ele>-2.4600000000000004</ele>
   </trkpt>
   <trkpt lat="52.12422000031601" lon="4.756274995327423">
    <ele>-2.33</ele>
   </trkpt>
   <trkpt lat="52.12483" lon="4.75661">
    <ele>-2.1300000000000003</ele>
   </trkpt>
   <trkpt lat="52.124990000000004" lon="4.75664">
    <ele>-2.1300000000000003</ele>
   </trkpt>
   <trkpt lat="52.12539" lon="4.7568600000000005">
    <ele>-2.1</ele>
   </trkpt>
   <trkpt lat="52.12607333468651" lon="4.7572599877322626">
    <ele>-2.14</ele>
   </trkpt>
   <trkpt lat="52.126756668019766" lon="4.757659987731987">
    <ele>-2.0100000000000002</ele>
   </trkpt>
   <trkpt lat="52.12744000000001" lon="4.75806">
    <ele>-1.97</ele>
   </trkpt>
   <trkpt lat="52.12803" lon="4.758360000000001">
    <ele>-1.84</ele>
   </trkpt>
   <trkpt lat="52.128420000000006" lon="4.758590000000001">
    <ele>-1.75</ele>
   </trkpt>
   <trkpt lat="52.12885500031941" lon="4.758874997201843">
    <ele>-1.93</ele>
   </trkpt>
   <trkpt lat="52.129290000000005" lon="4.7591600000000005">
    <ele>-1.9500000000000002</ele>
   </trkpt>
   <trkpt lat="52.129850000000005" lon="4.75947">
    <ele>-1.93</ele>
   </trkpt>
   <trkpt lat="52.130680000000005" lon="4.759880000000001">
    <ele>-2.14</ele>
   </trkpt>
   <trkpt lat="52.13092" lon="4.75996">
    <ele>-2.14</ele>
   </trkpt>
   <trkpt lat="52.131370000000004" lon="4.75996">
    <ele>-1.7000000000000002</ele>
   </trkpt>
   <trkpt lat="52.131743339798525" lon="4.760836651892515">
    <ele>-1.75</ele>
   </trkpt>
   <trkpt lat="52.13211667309707" lon="4.761713318477283">
    <ele>-1.84</ele>
   </trkpt>
   <trkpt lat="52.132490000000004" lon="4.76259">
    <ele>-1.75</ele>
   </trkpt>
   <trkpt lat="52.132720000000006" lon="4.7629600000000005">
    <ele>-1.75</ele>
   </trkpt>
   <trkpt lat="52.13299000000001" lon="4.763520000000001">
    <ele>-1.6</ele>
   </trkpt>
   <trkpt lat="52.13353000000001" lon="4.764430000000001">
    <ele>-1.76</ele>
   </trkpt>
   <trkpt lat="52.13387" lon="4.76482">
    <ele>-1.93</ele>
   </trkpt>
   <trkpt lat="52.134310000000006" lon="4.76522">
    <ele>-1.9200000000000002</ele>
   </trkpt>
   <trkpt lat="52.1349" lon="4.76572">
    <ele>-1.86</ele>
   </trkpt>
   <trkpt lat="52.13572250219296" lon="4.766134977016298">
    <ele>-1.84</ele>
   </trkpt>
   <trkpt lat="52.13654500292949" lon="4.766549969357158">
    <ele>-1.9200000000000002</ele>
   </trkpt>
   <trkpt lat="52.13736750220944" lon="4.76696497702357">
    <ele>-1.85</ele>
   </trkpt>
   <trkpt lat="52.13819" lon="4.76738">
    <ele>-1.93</ele>
   </trkpt>
   <trkpt lat="52.138635000269105" lon="4.767609997725618">
    <ele>-1.9200000000000002</ele>
   </trkpt>
   <trkpt lat="52.13908000000001" lon="4.7678400000000005">
    <ele>-1.9500000000000002</ele>
   </trkpt>
   <trkpt lat="52.13984000000001" lon="4.76829">
    <ele>-1.9400000000000002</ele>
   </trkpt>
   <trkpt lat="52.140080000000005" lon="4.76846">
    <ele>-1.9400000000000002</ele>
   </trkpt>
   <trkpt lat="52.14074" lon="4.769150000000001">
    <ele>-1.93</ele>
   </trkpt>
   <trkpt lat="52.14132750516944" lon="4.769787474786945">
    <ele>-1.93</ele>
   </trkpt>
   <trkpt lat="52.1419150069021" lon="4.770424966392347">
    <ele>-1.97</ele>
   </trkpt>
   <trkpt lat="52.14250250519785" lon="4.7710624748169055">
    <ele>-2.1</ele>
   </trkpt>
   <trkpt lat="52.14309" lon="4.7717">
    <ele>-1.99</ele>
   </trkpt>
   <trkpt lat="52.14382000232655" lon="4.772444987767054">
    <ele>-2.0300000000000002</ele>
   </trkpt>
   <trkpt lat="52.14455" lon="4.7731900000000005">
    <ele>-2.0100000000000002</ele>
   </trkpt>
   <trkpt lat="52.145020001164255" lon="4.773699994687231">
    <ele>-1.9400000000000002</ele>
   </trkpt>
   <trkpt lat="52.14549" lon="4.77421">
    <ele>-1.93</ele>
   </trkpt>
   <trkpt lat="52.14616" lon="4.77487">
    <ele>-1.9400000000000002</ele>
   </trkpt>
   <trkpt lat="52.14621" lon="4.7748800000000005">
    <ele>-1.9400000000000002</ele>
   </trkpt>
   <trkpt lat="52.14629000000001" lon="4.77484">
    <ele>-1.9400000000000002</ele>
   </trkpt>
   <trkpt lat="52.14634" lon="4.775040000000001">
    <ele>-1.9400000000000002</ele>
   </trkpt>
   <trkpt lat="52.14641" lon="4.77514">
    <ele>-1.93</ele>
   </trkpt>
   <trkpt lat="52.14714250782812" lon="4.775924961271564">
    <ele>-1.93</ele>
   </trkpt>
   <trkpt lat="52.14787501044548" lon="4.776709948369537">
    <ele>-1.77</ele>
   </trkpt>
   <trkpt lat="52.14860750785179" lon="4.777494961295268">
    <ele>-1.79</ele>
   </trkpt>
   <trkpt lat="52.14934" lon="4.7782800000000005">
    <ele>-1.67</ele>
   </trkpt>
   <trkpt lat="52.149910000000006" lon="4.778860000000001">
    <ele>-1.5</ele>
   </trkpt>
   <trkpt lat="52.150600000000004" lon="4.779750000000001">
    <ele>-1.5</ele>
   </trkpt>
   <trkpt lat="52.15086" lon="4.780130000000001">
    <ele>-1.75</ele>
   </trkpt>
   <trkpt lat="52.1512" lon="4.78077">
    <ele>-1.75</ele>
   </trkpt>
   <trkpt lat="52.15173667593668" lon="4.781816641445038">
    <ele>-1.68</ele>
   </trkpt>
   <trkpt lat="52.15227334260979" lon="4.782863308123799">
    <ele>-1.93</ele>
   </trkpt>
   <trkpt lat="52.15281" lon="4.7839100000000006">
    <ele>-1.97</ele>
   </trkpt>
   <trkpt lat="52.1529" lon="4.784020000000001">
    <ele>-1.97</ele>
   </trkpt>
   <trkpt lat="52.153000000000006" lon="4.78409">
    <ele>-2.52</ele>
   </trkpt>
   <trkpt lat="52.153200000000005" lon="4.78415">
    <ele>-2.35</ele>
   </trkpt>
   <trkpt lat="52.153200000000005" lon="4.784280000000001">
    <ele>-2.35</ele>
   </trkpt>
   <trkpt lat="52.1533" lon="4.78451">
    <ele>-2.2</ele>
   </trkpt>
   <trkpt lat="52.15368667167193" lon="4.785283319795824">
    <ele>-2.19</ele>
   </trkpt>
   <trkpt lat="52.154073338286906" lon="4.786056653025567">
    <ele>-2.15</ele>
   </trkpt>
   <trkpt lat="52.15446000000001" lon="4.78683">
    <ele>-1.84</ele>
   </trkpt>
   <trkpt lat="52.15478" lon="4.78774">
    <ele>-1.87</ele>
   </trkpt>
   <trkpt lat="52.15485" lon="4.78782">
    <ele>-1.97</ele>
   </trkpt>
   <trkpt lat="52.15516000787694" lon="4.7887866531263406">
    <ele>-1.98</ele>
   </trkpt>
   <trkpt lat="52.15547000785242" lon="4.789753319716375">
    <ele>-2.18</ele>
   </trkpt>
   <trkpt lat="52.15578000000001" lon="4.79072">
    <ele>-2.2600000000000002</ele>
   </trkpt>
   <trkpt lat="52.1561250060528" lon="4.79191499079099">
    <ele>-2.2</ele>
   </trkpt>
   <trkpt lat="52.156470000000006" lon="4.79311">
    <ele>-2.0</ele>
   </trkpt>
   <trkpt lat="52.15680751788325" lon="4.794297472979632">
    <ele>-2.15</ele>
   </trkpt>
   <trkpt lat="52.15714502384292" lon="4.795484963967255">
    <ele>-2.25</ele>
   </trkpt>
   <trkpt lat="52.157482517878734" lon="4.796672472962727">
    <ele>-2.0</ele>
   </trkpt>
   <trkpt lat="52.15782" lon="4.79786">
    <ele>-2.2</ele>
   </trkpt>
   <trkpt lat="52.15807" lon="4.7986">
    <ele>-2.3000000000000003</ele>
   </trkpt>
   <trkpt lat="52.158190000000005" lon="4.79919">
    <ele>-2.31</ele>
   </trkpt>
   <trkpt lat="52.158440003414384" lon="4.800094994742031">
    <ele>-2.18</ele>
   </trkpt>
   <trkpt lat="52.15869000000001" lon="4.801">
    <ele>-2.0</ele>
   </trkpt>
   <trkpt lat="52.158965003606546" lon="4.801919994409927">
    <ele>-2.2900000000000005</ele>
   </trkpt>
   <trkpt lat="52.159240000000004" lon="4.802840000000001">
    <ele>-2.0900000000000003</ele>
   </trkpt>
   <trkpt lat="52.15949667370836" lon="4.803753322757712">
    <ele>-2.02</ele>
   </trkpt>
   <trkpt lat="52.15975334036337" lon="4.804666656049424">
    <ele>-1.99</ele>
   </trkpt>
   <trkpt lat="52.16001000000001" lon="4.80558">
    <ele>-2.1</ele>
   </trkpt>
   <trkpt lat="52.160245002683446" lon="4.806379995699975">
    <ele>-1.99</ele>
   </trkpt>
   <trkpt lat="52.16048000000001" lon="4.807180000000001">
    <ele>-1.84</ele>
   </trkpt>
   <trkpt lat="52.16053" lon="4.80721">
    <ele>-1.84</ele>
   </trkpt>
   <trkpt lat="52.16082" lon="4.80748">
    <ele>-1.84</ele>
   </trkpt>
   <trkpt lat="52.161170000000006" lon="4.80785">
    <ele>-1.84</ele>
   </trkpt>
   <trkpt lat="52.16127" lon="4.80808">
    <ele>-1.85</ele>
   </trkpt>
   <trkpt lat="52.161390000000004" lon="4.80853">
    <ele>-1.85</ele>
   </trkpt>
   <trkpt lat="52.16161000490377" lon="4.809609994526638">
    <ele>-1.76</ele>
   </trkpt>
   <trkpt lat="52.16183" lon="4.81069">
    <ele>-1.84</ele>
   </trkpt>
   <trkpt lat="52.161950000000004" lon="4.81111">
    <ele>-1.84</ele>
   </trkpt>
   <trkpt lat="52.162290000000006" lon="4.8119700000000005">
    <ele>-1.76</ele>
   </trkpt>
   <trkpt lat="52.16239" lon="4.812270000000001">
    <ele>-1.85</ele>
   </trkpt>
   <trkpt lat="52.16252000000001" lon="4.812880000000001">
    <ele>-1.84</ele>
   </trkpt>
   <trkpt lat="52.162655002948235" lon="4.81371499747078">
    <ele>-1.87</ele>
   </trkpt>
   <trkpt lat="52.16279" lon="4.8145500000000006">
    <ele>-1.84</ele>
   </trkpt>
   <trkpt lat="52.16299000000001" lon="4.815250000000001">
    <ele>-1.84</ele>
   </trkpt>
   <trkpt lat="52.16333" lon="4.81623">
    <ele>-1.84</ele>
   </trkpt>
   <trkpt lat="52.16349" lon="4.81677">
    <ele>-1.75</ele>
   </trkpt>
   <trkpt lat="52.16375001826572" lon="4.817969978978541">
    <ele>-1.75</ele>
   </trkpt>
   <trkpt lat="52.1640100243562" lon="4.819169971979652">
    <ele>-1.75</ele>
   </trkpt>
   <trkpt lat="52.16427001827119" lon="4.820369979002972">
    <ele>-1.75</ele>
   </trkpt>
   <trkpt lat="52.164530000000006" lon="4.82157">
    <ele>-1.84</ele>
   </trkpt>
   <trkpt lat="52.16454500274159" lon="4.822374999836063">
    <ele>-1.9500000000000002</ele>
   </trkpt>
   <trkpt lat="52.16456" lon="4.823180000000001">
    <ele>-1.9500000000000002</ele>
   </trkpt>
   <trkpt lat="52.16460500421535" lon="4.824179998717102">
    <ele>-1.84</ele>
   </trkpt>
   <trkpt lat="52.16465" lon="4.8251800000000005">
    <ele>-1.7000000000000002</ele>
   </trkpt>
   <trkpt lat="52.164770000000004" lon="4.82561">
    <ele>-1.67</ele>
   </trkpt>
   <trkpt lat="52.16487000000001" lon="4.82619">
    <ele>-1.93</ele>
   </trkpt>
   <trkpt lat="52.16502001237496" lon="4.827399991808807">
    <ele>-2.0</ele>
   </trkpt>
   <trkpt lat="52.16517001237083" lon="4.828609991775371">
    <ele>-1.97</ele>
   </trkpt>
   <trkpt lat="52.16532" lon="4.829820000000001">
    <ele>-1.79</ele>
   </trkpt>
   <trkpt lat="52.16615400110159" lon="4.829564019194739">
    <ele>-2.18</ele>
   </trkpt>
   <trkpt lat="52.1669880016491" lon="4.829308028793761">
    <ele>-2.31</ele>
   </trkpt>
   <trkpt lat="52.16782200164256" lon="4.829052028796425">
    <ele>-2.48</ele>
   </trkpt>
   <trkpt lat="52.16865600108189" lon="4.828796019202089">
    <ele>-2.31</ele>
   </trkpt>
   <trkpt lat="52.16949" lon="4.82854">
    <ele>-2.2900000000000005</ele>
   </trkpt>
   <trkpt lat="52.16955" lon="4.82842">
    <ele>-2.2900000000000005</ele>
   </trkpt>
   <trkpt lat="52.169560000000004" lon="4.82836">
    <ele>-2.2900000000000005</ele>
   </trkpt>
   <trkpt lat="52.169610000000006" lon="4.82838">
    <ele>-2.23</ele>
   </trkpt>
   <trkpt lat="52.16958" lon="4.82931">
    <ele>-2.3000000000000003</ele>
   </trkpt>
   <trkpt lat="52.169494028839885" lon="4.830616010124619">
    <ele>-2.48</ele>
   </trkpt>
   <trkpt lat="52.169408043258805" lon="4.831922015201666">
    <ele>-2.48</ele>
   </trkpt>
   <trkpt lat="52.16932204325687" lon="4.833228015230327">
    <ele>-2.48</ele>
   </trkpt>
   <trkpt lat="52.169236028834185" lon="4.834534010209795">
    <ele>-2.48</ele>
   </trkpt>
   <trkpt lat="52.16915" lon="4.83584">
    <ele>-2.48</ele>
   </trkpt>
   <trkpt lat="52.16905000433884" lon="4.8368550024471855">
    <ele>-2.0300000000000002</ele>
   </trkpt>
   <trkpt lat="52.16895" lon="4.837870000000001">
    <ele>-1.76</ele>
   </trkpt>
   <trkpt lat="52.16887001092683" lon="4.839006670710321">
    <ele>-1.84</ele>
   </trkpt>
   <trkpt lat="52.168790010929904" lon="4.840143337333384">
    <ele>-1.75</ele>
   </trkpt>
   <trkpt lat="52.168710000000004" lon="4.84128">
    <ele>-1.87</ele>
   </trkpt>
   <trkpt lat="52.168670000000006" lon="4.84166">
    <ele>-2.1</ele>
   </trkpt>
   <trkpt lat="52.168420016702825" lon="4.842807519327727">
    <ele>-2.25</ele>
   </trkpt>
   <trkpt lat="52.16817002227239" lon="4.843955025760819">
    <ele>-2.25</ele>
   </trkpt>
   <trkpt lat="52.16792001670895" lon="4.845102519298961">
    <ele>-2.18</ele>
   </trkpt>
   <trkpt lat="52.16767" lon="4.84625">
    <ele>-2.0900000000000003</ele>
   </trkpt>
   <trkpt lat="52.167392520207905" lon="4.847512523652007">
    <ele>-2.14</ele>
   </trkpt>
   <trkpt lat="52.16711502693907" lon="4.848775031557171">
    <ele>-2.1</ele>
   </trkpt>
   <trkpt lat="52.16683752019383" lon="4.850037523715081">
    <ele>-2.5700000000000003</ele>
   </trkpt>
   <trkpt lat="52.166560000000004" lon="4.8513">
    <ele>-2.31</ele>
   </trkpt>
   <trkpt lat="52.1666" lon="4.85146">
    <ele>-2.31</ele>
   </trkpt>
   <trkpt lat="52.1666" lon="4.851710000000001">
    <ele>-2.31</ele>
   </trkpt>
   <trkpt lat="52.166520000000006" lon="4.85177">
    <ele>-2.14</ele>
   </trkpt>
   <trkpt lat="52.16648000000001" lon="4.85177">
    <ele>-2.0100000000000002</ele>
   </trkpt>
   <trkpt lat="52.166450000000005" lon="4.85181">
    <ele>-2.0100000000000002</ele>
   </trkpt>
   <trkpt lat="52.166430000000005" lon="4.85177">
    <ele>-2.0100000000000002</ele>
   </trkpt>
   <trkpt lat="52.16619000000001" lon="4.85224">
    <ele>-2.06</ele>
   </trkpt>
   <trkpt lat="52.166180000000004" lon="4.8522300000000005">
    <ele>-2.06</ele>
   </trkpt>
   <trkpt lat="52.166050000000006" lon="4.852530000000001">
    <ele>-2.31</ele>
   </trkpt>
   <trkpt lat="52.16563000000001" lon="4.85334">
    <ele>-2.2</ele>
   </trkpt>
   <trkpt lat="52.16548" lon="4.85355">
    <ele>-2.2</ele>
   </trkpt>
   <trkpt lat="52.165290000000006" lon="4.8537300000000005">
    <ele>-2.2</ele>
   </trkpt>
   <trkpt lat="52.16507000000001" lon="4.85385">
    <ele>-2.15</ele>
   </trkpt>
   <trkpt lat="52.16420333385268" lon="4.854096676273117">
    <ele>-1.97</ele>
   </trkpt>
   <trkpt lat="52.163336667190876" lon="4.854343342938172">
    <ele>-2.1300000000000003</ele>
   </trkpt>
   <trkpt lat="52.162470000000006" lon="4.85459">
    <ele>-1.97</ele>
   </trkpt>
   <trkpt lat="52.16162428738329" lon="4.854847172177766">
    <ele>-2.17</ele>
   </trkpt>
   <trkpt lat="52.16077857420738" lon="4.855104334581736">
    <ele>-2.0</ele>
   </trkpt>
   <trkpt lat="52.159932860472324" lon="4.855361487212575">
    <ele>-1.9400000000000002</ele>
   </trkpt>
   <trkpt lat="52.159087146178116" lon="4.855618630070946">
    <ele>-2.0300000000000002</ele>
   </trkpt>
   <trkpt lat="52.15824143132486" lon="4.855875763157511">
    <ele>-2.14</ele>
   </trkpt>
   <trkpt lat="52.15739571591254" lon="4.856132886472932">
    <ele>-2.08</ele>
   </trkpt>
   <trkpt lat="52.15655" lon="4.85639">
    <ele>-2.0300000000000002</ele>
   </trkpt>
   <trkpt lat="52.15587000000001" lon="4.85663">
    <ele>-1.68</ele>
   </trkpt>
   <trkpt lat="52.15585" lon="4.856520000000001">
    <ele>-1.68</ele>
   </trkpt>
   <trkpt lat="52.155820000000006" lon="4.85651">
    <ele>-1.75</ele>
   </trkpt>
   <trkpt lat="52.155530000000006" lon="4.85662">
    <ele>-1.58</ele>
   </trkpt>
   <trkpt lat="52.15538" lon="4.856730000000001">
    <ele>-1.75</ele>
   </trkpt>
   <trkpt lat="52.155260000000006" lon="4.856870000000001">
    <ele>-1.78</ele>
   </trkpt>
   <trkpt lat="52.154810000000005" lon="4.8571">
    <ele>-1.08</ele>
   </trkpt>
   <trkpt lat="52.15444" lon="4.85724">
    <ele>-1.79</ele>
   </trkpt>
   <trkpt lat="52.15431" lon="4.85726">
    <ele>-1.84</ele>
   </trkpt>
   <trkpt lat="52.15422" lon="4.8573200000000005">
    <ele>-2.0900000000000003</ele>
   </trkpt>
   <trkpt lat="52.15399000000001" lon="4.857410000000001">
    <ele>-2.2</ele>
   </trkpt>
   <trkpt lat="52.15348" lon="4.8575800000000005">
    <ele>-2.31</ele>
   </trkpt>
   <trkpt lat="52.152696667640996" lon="4.857795018915688">
    <ele>-2.97</ele>
   </trkpt>
   <trkpt lat="52.151913334891034" lon="4.858010030264787">
    <ele>-3.4000000000000004</ele>
   </trkpt>
   <trkpt lat="52.15113000175018" lon="4.858225034047777">
    <ele>-3.4800000000000004</ele>
   </trkpt>
   <trkpt lat="52.150346668218425" lon="4.858440030265131">
    <ele>-2.56</ele>
   </trkpt>
   <trkpt lat="52.14956333429583" lon="4.858655018917326">
    <ele>-2.8100000000000005</ele>
   </trkpt>
   <trkpt lat="52.14878" lon="4.8588700000000005">
    <ele>-2.7</ele>
   </trkpt>
   <trkpt lat="52.148189999980495" lon="4.8590500024328565">
    <ele>-2.8000000000000003</ele>
   </trkpt>
   <trkpt lat="52.147600000000004" lon="4.85923">
    <ele>-2.65</ele>
   </trkpt>
   <trkpt lat="52.147360000000006" lon="4.859260000000001">
    <ele>-2.65</ele>
   </trkpt>
   <trkpt lat="52.14649000000001" lon="4.85958">
    <ele>-2.6300000000000003</ele>
   </trkpt>
   <trkpt lat="52.146" lon="4.859730000000001">
    <ele>-2.45</ele>
   </trkpt>
   <trkpt lat="52.14511333371036" lon="4.859943341830617">
    <ele>-2.71</ele>
   </trkpt>
   <trkpt lat="52.14422666703584" lon="4.860156675165637">
    <ele>-2.72</ele>
   </trkpt>
   <trkpt lat="52.14334" lon="4.8603700000000005">
    <ele>-2.7</ele>
   </trkpt>
   <trkpt lat="52.14257857237224" lon="4.860561448204977">
    <ele>-2.65</ele>
   </trkpt>
   <trkpt lat="52.141817144434526" lon="4.860752889863604">
    <ele>-2.65</ele>
   </trkpt>
   <trkpt lat="52.141055716186884" lon="4.860944324976284">
    <ele>-2.65</ele>
   </trkpt>
   <trkpt lat="52.14029428762931" lon="4.861135753543416">
    <ele>-2.73</ele>
   </trkpt>
   <trkpt lat="52.13953285876186" lon="4.8613271755654015">
    <ele>-2.82</ele>
   </trkpt>
   <trkpt lat="52.13877142958452" lon="4.861518591042641">
    <ele>-2.82</ele>
   </trkpt>
   <trkpt lat="52.13801" lon="4.86171">
    <ele>-2.74</ele>
   </trkpt>
   <trkpt lat="52.138000000000005" lon="4.86172">
    <ele>-2.74</ele>
   </trkpt>
   <trkpt lat="52.13745" lon="4.861770000000001">
    <ele>-2.65</ele>
   </trkpt>
   <trkpt lat="52.136900000000004" lon="4.86174">
    <ele>-2.56</ele>
   </trkpt>
   <trkpt lat="52.13693000000001" lon="4.86144">
    <ele>-2.9800000000000004</ele>
   </trkpt>
   <trkpt lat="52.137100000000004" lon="4.8608">
    <ele>-3.0</ele>
   </trkpt>
   <trkpt lat="52.13714" lon="4.86052">
    <ele>-2.9899999999999998</ele>
   </trkpt>
   <trkpt lat="52.137080000000005" lon="4.85935">
    <ele>-3.02</ele>
   </trkpt>
   <trkpt lat="52.13712" lon="4.85799">
    <ele>-2.33</ele>
   </trkpt>
   <trkpt lat="52.13714" lon="4.85782">
    <ele>-2.33</ele>
   </trkpt>
   <trkpt lat="52.137130000000006" lon="4.85674">
    <ele>-2.1300000000000003</ele>
   </trkpt>
   <trkpt lat="52.137060002217325" lon="4.8560099984762015">
    <ele>-2.3000000000000003</ele>
   </trkpt>
   <trkpt lat="52.136990000000004" lon="4.8552800000000005">
    <ele>-2.1100000000000003</ele>
   </trkpt>
   <trkpt lat="52.13702000000001" lon="4.85491">
    <ele>-2.1</ele>
   </trkpt>
   <trkpt lat="52.13712" lon="4.85451">
    <ele>-2.3000000000000003</ele>
   </trkpt>
   <trkpt lat="52.13735500198736" lon="4.8538300034947515">
    <ele>-2.34</ele>
   </trkpt>
   <trkpt lat="52.13759" lon="4.85315">
    <ele>-2.58</ele>
   </trkpt>
   <trkpt lat="52.1377" lon="4.852930000000001">
    <ele>-2.5700000000000003</ele>
   </trkpt>
   <trkpt lat="52.137980000000006" lon="4.852460000000001">
    <ele>-2.56</ele>
   </trkpt>
   <trkpt lat="52.13828" lon="4.8521600000000005">
    <ele>-2.34</ele>
   </trkpt>
   <trkpt lat="52.138490000000004" lon="4.852010000000001">
    <ele>-2.2800000000000002</ele>
   </trkpt>
   <trkpt lat="52.13879000000001" lon="4.8518300000000005">
    <ele>-2.08</ele>
   </trkpt>
   <trkpt lat="52.13895" lon="4.851710000000001">
    <ele>-2.1</ele>
   </trkpt>
   <trkpt lat="52.13908000000001" lon="4.85156">
    <ele>-2.25</ele>
   </trkpt>
   <trkpt lat="52.139190000000006" lon="4.851380000000001">
    <ele>-2.25</ele>
   </trkpt>
   <trkpt lat="52.13931" lon="4.85102">
    <ele>-2.15</ele>
   </trkpt>
   <trkpt lat="52.13937000000001" lon="4.85069">
    <ele>-2.17</ele>
   </trkpt>
   <trkpt lat="52.1394" lon="4.85022">
    <ele>-2.41</ele>
   </trkpt>
   <trkpt lat="52.13936" lon="4.84982">
    <ele>-2.41</ele>
   </trkpt>
   <trkpt lat="52.13897000000001" lon="4.848680000000001">
    <ele>-2.4400000000000004</ele>
   </trkpt>
   <trkpt lat="52.13884" lon="4.848350000000001">
    <ele>-2.0100000000000002</ele>
   </trkpt>
   <trkpt lat="52.138760000000005" lon="4.84785">
    <ele>-2.0100000000000002</ele>
   </trkpt>
   <trkpt lat="52.138760000000005" lon="4.8474">
    <ele>-1.84</ele>
   </trkpt>
   <trkpt lat="52.13882" lon="4.84705">
    <ele>-1.85</ele>
   </trkpt>
   <trkpt lat="52.13909" lon="4.84633">
    <ele>-2.0300000000000002</ele>
   </trkpt>
   <trkpt lat="52.13918" lon="4.84595">
    <ele>-2.0300000000000002</ele>
   </trkpt>
   <trkpt lat="52.139230000000005" lon="4.8455">
    <ele>-2.1</ele>
   </trkpt>
   <trkpt lat="52.139160000000004" lon="4.844720000000001">
    <ele>-2.36</ele>
   </trkpt>
   <trkpt lat="52.13913" lon="4.84415">
    <ele>-2.33</ele>
   </trkpt>
   <trkpt lat="52.139140000000005" lon="4.84367">
    <ele>-2.1</ele>
   </trkpt>
   <trkpt lat="52.13924" lon="4.84281">
    <ele>-1.93</ele>
   </trkpt>
   <trkpt lat="52.139320000000005" lon="4.84245">
    <ele>-1.93</ele>
   </trkpt>
   <trkpt lat="52.13938" lon="4.842300000000001">
    <ele>-1.93</ele>
   </trkpt>
   <trkpt lat="52.13951" lon="4.8420700000000005">
    <ele>-1.93</ele>
   </trkpt>
   <trkpt lat="52.139660000000006" lon="4.84189">
    <ele>-2.08</ele>
   </trkpt>
   <trkpt lat="52.139810000000004" lon="4.8417900000000005">
    <ele>-2.08</ele>
   </trkpt>
   <trkpt lat="52.140245000225086" lon="4.84158500197985">
    <ele>-1.93</ele>
   </trkpt>
   <trkpt lat="52.14068" lon="4.84138">
    <ele>-1.67</ele>
   </trkpt>
   <trkpt lat="52.140800000000006" lon="4.841290000000001">
    <ele>-1.67</ele>
   </trkpt>
   <trkpt lat="52.14092" lon="4.84117">
    <ele>-1.67</ele>
   </trkpt>
   <trkpt lat="52.14106" lon="4.84095">
    <ele>-1.7000000000000002</ele>
   </trkpt>
   <trkpt lat="52.14119" lon="4.84062">
    <ele>-1.75</ele>
   </trkpt>
   <trkpt lat="52.14126" lon="4.840280000000001">
    <ele>-1.87</ele>
   </trkpt>
   <trkpt lat="52.14126" lon="4.83978">
    <ele>-1.9400000000000002</ele>
   </trkpt>
   <trkpt lat="52.14121" lon="4.83948">
    <ele>-1.9400000000000002</ele>
   </trkpt>
   <trkpt lat="52.141110000000005" lon="4.8392100000000005">
    <ele>-2.14</ele>
   </trkpt>
   <trkpt lat="52.14072" lon="4.83856">
    <ele>-2.36</ele>
   </trkpt>
   <trkpt lat="52.14059" lon="4.8383">
    <ele>-2.48</ele>
   </trkpt>
   <trkpt lat="52.1405" lon="4.83805">
    <ele>-2.52</ele>
   </trkpt>
   <trkpt lat="52.14038000000001" lon="4.83751">
    <ele>-2.68</ele>
   </trkpt>
   <trkpt lat="52.1401600064298" lon="4.836274993789668">
    <ele>-2.68</ele>
   </trkpt>
   <trkpt lat="52.13994" lon="4.83504">
    <ele>-2.74</ele>
   </trkpt>
   <trkpt lat="52.139950000000006" lon="4.83457">
    <ele>-2.83</ele>
   </trkpt>
   <trkpt lat="52.14003" lon="4.83419">
    <ele>-2.82</ele>
   </trkpt>
   <trkpt lat="52.14014" lon="4.8340000000000005">
    <ele>-2.82</ele>
   </trkpt>
   <trkpt lat="52.140350000000005" lon="4.83382">
    <ele>-2.74</ele>
   </trkpt>
   <trkpt lat="52.141023333756586" lon="4.833583340507064">
    <ele>-2.72</ele>
   </trkpt>
   <trkpt lat="52.141696667039504" lon="4.833346673858252">
    <ele>-2.65</ele>
   </trkpt>
   <trkpt lat="52.14237000000001" lon="4.8331100000000005">
    <ele>-2.6300000000000003</ele>
   </trkpt>
   <trkpt lat="52.143115000245935" lon="4.832845004451236">
    <ele>-3.3200000000000003</ele>
   </trkpt>
   <trkpt lat="52.143860000000004" lon="4.83258">
    <ele>-3.3000000000000003</ele>
   </trkpt>
   <trkpt lat="52.14394000000001" lon="4.83251">
    <ele>-3.16</ele>
   </trkpt>
   <trkpt lat="52.144020000000005" lon="4.832400000000001">
    <ele>-2.8100000000000005</ele>
   </trkpt>
   <trkpt lat="52.144180000000006" lon="4.83201">
    <ele>-1.9400000000000002</ele>
   </trkpt>
   <trkpt lat="52.144040000000004" lon="4.831840000000001">
    <ele>-1.9500000000000002</ele>
   </trkpt>
   <trkpt lat="52.143950000000004" lon="4.831670000000001">
    <ele>-2.02</ele>
   </trkpt>
   <trkpt lat="52.1437" lon="4.83101">
    <ele>-1.99</ele>
   </trkpt>
   <trkpt lat="52.1435" lon="4.830690000000001">
    <ele>-2.12</ele>
   </trkpt>
   <trkpt lat="52.143330000000006" lon="4.83047">
    <ele>-2.12</ele>
   </trkpt>
   <trkpt lat="52.14322000000001" lon="4.8302700000000005">
    <ele>-2.14</ele>
   </trkpt>
   <trkpt lat="52.14314" lon="4.83004">
    <ele>-2.02</ele>
   </trkpt>
   <trkpt lat="52.143080000000005" lon="4.8298000000000005">
    <ele>-2.02</ele>
   </trkpt>
   <trkpt lat="52.143010000000004" lon="4.828950000000001">
    <ele>-1.9500000000000002</ele>
   </trkpt>
   <trkpt lat="52.14293000000001" lon="4.82856">
    <ele>-1.86</ele>
   </trkpt>
   <trkpt lat="52.142810000000004" lon="4.82828">
    <ele>-1.93</ele>
   </trkpt>
   <trkpt lat="52.14262" lon="4.82798">
    <ele>-2.02</ele>
   </trkpt>
   <trkpt lat="52.142450000000004" lon="4.827660000000001">
    <ele>-2.0100000000000002</ele>
   </trkpt>
   <trkpt lat="52.14229" lon="4.82721">
    <ele>-1.93</ele>
   </trkpt>
   <trkpt lat="52.142100000000006" lon="4.826420000000001">
    <ele>-2.0</ele>
   </trkpt>
   <trkpt lat="52.14206" lon="4.82598">
    <ele>-1.84</ele>
   </trkpt>
   <trkpt lat="52.14209000817262" lon="4.824590000803047">
    <ele>-1.84</ele>
   </trkpt>
   <trkpt lat="52.142120000000006" lon="4.823200000000001">
    <ele>-1.85</ele>
   </trkpt>
   <trkpt lat="52.14208000000001" lon="4.8230200000000005">
    <ele>-1.85</ele>
   </trkpt>
   <trkpt lat="52.14181000000001" lon="4.82235">
    <ele>-2.33</ele>
   </trkpt>
   <trkpt lat="52.14177" lon="4.822">
    <ele>-2.34</ele>
   </trkpt>
   <trkpt lat="52.14179000000001" lon="4.82183">
    <ele>-2.2800000000000002</ele>
   </trkpt>
   <trkpt lat="52.142100000000006" lon="4.820860000000001">
    <ele>-1.76</ele>
   </trkpt>
   <trkpt lat="52.142120000000006" lon="4.82063">
    <ele>-1.75</ele>
   </trkpt>
   <trkpt lat="52.14208000000001" lon="4.820410000000001">
    <ele>-1.77</ele>
   </trkpt>
   <trkpt lat="52.142" lon="4.820250000000001">
    <ele>-1.76</ele>
   </trkpt>
   <trkpt lat="52.14152000000001" lon="4.819640000000001">
    <ele>-1.86</ele>
   </trkpt>
   <trkpt lat="52.141110002403586" lon="4.818879992931795">
    <ele>-1.79</ele>
   </trkpt>
   <trkpt lat="52.1407" lon="4.81812">
    <ele>-1.84</ele>
   </trkpt>
   <trkpt lat="52.1405" lon="4.81784">
    <ele>-2.1100000000000003</ele>
   </trkpt>
   <trkpt lat="52.14041" lon="4.81777">
    <ele>-2.1100000000000003</ele>
   </trkpt>
   <trkpt lat="52.139920000000004" lon="4.817550000000001">
    <ele>-2.17</ele>
   </trkpt>
   <trkpt lat="52.13956" lon="4.8173200000000005">
    <ele>-2.08</ele>
   </trkpt>
   <trkpt lat="52.139450000000004" lon="4.817220000000001">
    <ele>-2.0900000000000003</ele>
   </trkpt>
   <trkpt lat="52.139300000000006" lon="4.816940000000001">
    <ele>-2.02</ele>
   </trkpt>
   <trkpt lat="52.13924" lon="4.8167">
    <ele>-2.02</ele>
   </trkpt>
   <trkpt lat="52.139230000000005" lon="4.81651">
    <ele>-2.02</ele>
   </trkpt>
   <trkpt lat="52.139300000000006" lon="4.81613">
    <ele>-2.0900000000000003</ele>
   </trkpt>
   <trkpt lat="52.139520000000005" lon="4.815460000000001">
    <ele>-1.77</ele>
   </trkpt>
   <trkpt lat="52.13994" lon="4.81461">
    <ele>-1.34</ele>
   </trkpt>
   <trkpt lat="52.14003" lon="4.814360000000001">
    <ele>-1.34</ele>
   </trkpt>
   <trkpt lat="52.140080000000005" lon="4.81412">
    <ele>-1.26</ele>
   </trkpt>
   <trkpt lat="52.14011000000001" lon="4.813770000000001">
    <ele>-1.25</ele>
   </trkpt>
   <trkpt lat="52.140040000000006" lon="4.81329">
    <ele>-1.42</ele>
   </trkpt>
   <trkpt lat="52.140040000000006" lon="4.813300000000001">
    <ele>-1.41</ele>
   </trkpt>
   <trkpt lat="52.139880000000005" lon="4.812950000000001">
    <ele>-1.75</ele>
   </trkpt>
   <trkpt lat="52.139230000000005" lon="4.812150000000001">
    <ele>-1.93</ele>
   </trkpt>
   <trkpt lat="52.139140000000005" lon="4.812010000000001">
    <ele>-1.93</ele>
   </trkpt>
   <trkpt lat="52.138980000000004" lon="4.8116900000000005">
    <ele>-1.84</ele>
   </trkpt>
   <trkpt lat="52.13877" lon="4.81107">
    <ele>-1.5</ele>
   </trkpt>
   <trkpt lat="52.13861000000001" lon="4.81088">
    <ele>-1.67</ele>
   </trkpt>
   <trkpt lat="52.13850000000001" lon="4.81083">
    <ele>-1.67</ele>
   </trkpt>
   <trkpt lat="52.138400000000004" lon="4.81083">
    <ele>-1.75</ele>
   </trkpt>
   <trkpt lat="52.13832000000001" lon="4.81085">
    <ele>-1.75</ele>
   </trkpt>
   <trkpt lat="52.137980000000006" lon="4.81114">
    <ele>-1.86</ele>
   </trkpt>
   <trkpt lat="52.137800000000006" lon="4.81121">
    <ele>-1.93</ele>
   </trkpt>
   <trkpt lat="52.13767000000001" lon="4.81118">
    <ele>-1.93</ele>
   </trkpt>
   <trkpt lat="52.137510000000006" lon="4.811000000000001">
    <ele>-2.0100000000000002</ele>
   </trkpt>
   <trkpt lat="52.13741" lon="4.8106800000000005">
    <ele>-2.0</ele>
   </trkpt>
   <trkpt lat="52.13739" lon="4.810510000000001">
    <ele>-1.9500000000000002</ele>
   </trkpt>
   <trkpt lat="52.13738000000001" lon="4.8102">
    <ele>-1.9500000000000002</ele>
   </trkpt>
   <trkpt lat="52.13743" lon="4.80959">
    <ele>-1.67</ele>
   </trkpt>
   <trkpt lat="52.137420000000006" lon="4.80944">
    <ele>-1.67</ele>
   </trkpt>
   <trkpt lat="52.137370000000004" lon="4.80923">
    <ele>-1.51</ele>
   </trkpt>
   <trkpt lat="52.1373" lon="4.80904">
    <ele>-1.5</ele>
   </trkpt>
   <trkpt lat="52.137190000000004" lon="4.80893">
    <ele>-1.5</ele>
   </trkpt>
   <trkpt lat="52.13703" lon="4.80888">
    <ele>-1.53</ele>
   </trkpt>
   <trkpt lat="52.136340000000004" lon="4.80909">
    <ele>-2.0100000000000002</ele>
   </trkpt>
   <trkpt lat="52.136160000000004" lon="4.80912">
    <ele>-2.0100000000000002</ele>
   </trkpt>
   <trkpt lat="52.13597000000001" lon="4.809100000000001">
    <ele>-1.99</ele>
   </trkpt>
   <trkpt lat="52.135830000000006" lon="4.80904">
    <ele>-1.99</ele>
   </trkpt>
   <trkpt lat="52.135690000000004" lon="4.808940000000001">
    <ele>-1.78</ele>
   </trkpt>
   <trkpt lat="52.13562" lon="4.80883">
    <ele>-1.78</ele>
   </trkpt>
   <trkpt lat="52.13552000000001" lon="4.8086400000000005">
    <ele>-1.78</ele>
   </trkpt>
   <trkpt lat="52.13534000000001" lon="4.80818">
    <ele>-1.78</ele>
   </trkpt>
   <trkpt lat="52.13526" lon="4.8080300000000005">
    <ele>-1.78</ele>
   </trkpt>
   <trkpt lat="52.13512000000001" lon="4.8079">
    <ele>-1.58</ele>
   </trkpt>
   <trkpt lat="52.13503000000001" lon="4.807840000000001">
    <ele>-1.58</ele>
   </trkpt>
   <trkpt lat="52.13492" lon="4.8078">
    <ele>-1.58</ele>
   </trkpt>
   <trkpt lat="52.13481" lon="4.8078">
    <ele>-1.58</ele>
   </trkpt>
   <trkpt lat="52.134710000000005" lon="4.80782">
    <ele>-1.58</ele>
   </trkpt>
   <trkpt lat="52.134350000000005" lon="4.808050000000001">
    <ele>-1.58</ele>
   </trkpt>
   <trkpt lat="52.13423" lon="4.80811">
    <ele>-1.58</ele>
   </trkpt>
   <trkpt lat="52.1334" lon="4.808350000000001">
    <ele>-1.4500000000000002</ele>
   </trkpt>
   <trkpt lat="52.13327" lon="4.80843">
    <ele>-1.36</ele>
   </trkpt>
   <trkpt lat="52.13306000000001" lon="4.80867">
    <ele>-1.33</ele>
   </trkpt>
   <trkpt lat="52.132870000000004" lon="4.809130000000001">
    <ele>-1.36</ele>
   </trkpt>
   <trkpt lat="52.132650000000005" lon="4.81006">
    <ele>-1.5</ele>
   </trkpt>
   <trkpt lat="52.13243000000001" lon="4.810580000000001">
    <ele>-1.5</ele>
   </trkpt>
   <trkpt lat="52.132270000000005" lon="4.81069">
    <ele>-1.5</ele>
   </trkpt>
   <trkpt lat="52.132110000000004" lon="4.810720000000001">
    <ele>-1.5</ele>
   </trkpt>
   <trkpt lat="52.131980000000006" lon="4.81066">
    <ele>-1.54</ele>
   </trkpt>
   <trkpt lat="52.13181" lon="4.81048">
    <ele>-1.54</ele>
   </trkpt>
   <trkpt lat="52.13167000000001" lon="4.81019">
    <ele>-1.53</ele>
   </trkpt>
   <trkpt lat="52.131620000000005" lon="4.80999">
    <ele>-1.58</ele>
   </trkpt>
   <trkpt lat="52.13159" lon="4.809740000000001">
    <ele>-1.58</ele>
   </trkpt>
   <trkpt lat="52.13161" lon="4.809080000000001">
    <ele>-1.5</ele>
   </trkpt>
   <trkpt lat="52.13157" lon="4.8089">
    <ele>-1.5</ele>
   </trkpt>
   <trkpt lat="52.131510000000006" lon="4.808730000000001">
    <ele>-1.4500000000000002</ele>
   </trkpt>
   <trkpt lat="52.13139" lon="4.8086">
    <ele>-1.4500000000000002</ele>
   </trkpt>
   <trkpt lat="52.131220000000006" lon="4.808560000000001">
    <ele>-1.5</ele>
   </trkpt>
   <trkpt lat="52.130810000000004" lon="4.808520000000001">
    <ele>-1.41</ele>
   </trkpt>
   <trkpt lat="52.130660000000006" lon="4.80846">
    <ele>-1.41</ele>
   </trkpt>
   <trkpt lat="52.13008000000001" lon="4.80804">
    <ele>-1.29</ele>
   </trkpt>
   <trkpt lat="52.129940000000005" lon="4.80799">
    <ele>-1.41</ele>
   </trkpt>
   <trkpt lat="52.129850000000005" lon="4.807980000000001">
    <ele>-1.41</ele>
   </trkpt>
   <trkpt lat="52.129670000000004" lon="4.808000000000001">
    <ele>-1.61</ele>
   </trkpt>
   <trkpt lat="52.12955" lon="4.80806">
    <ele>-1.61</ele>
   </trkpt>
   <trkpt lat="52.129070000000006" lon="4.80837">
    <ele>-1.67</ele>
   </trkpt>
   <trkpt lat="52.12899" lon="4.8083800000000005">
    <ele>-1.41</ele>
   </trkpt>
   <trkpt lat="52.12885000000001" lon="4.80836">
    <ele>-1.41</ele>
   </trkpt>
   <trkpt lat="52.12879" lon="4.808330000000001">
    <ele>-1.41</ele>
   </trkpt>
   <trkpt lat="52.12872" lon="4.80825">
    <ele>-1.41</ele>
   </trkpt>
   <trkpt lat="52.128490000000006" lon="4.80792">
    <ele>-1.4400000000000002</ele>
   </trkpt>
   <trkpt lat="52.12805" lon="4.80724">
    <ele>-1.59</ele>
   </trkpt>
   <trkpt lat="52.12766500063047" lon="4.806839996495946">
    <ele>-1.67</ele>
   </trkpt>
   <trkpt lat="52.127280000000006" lon="4.80644">
    <ele>-1.75</ele>
   </trkpt>
   <trkpt lat="52.12716" lon="4.80628">
    <ele>-1.75</ele>
   </trkpt>
   <trkpt lat="52.12697000000001" lon="4.80597">
    <ele>-1.75</ele>
   </trkpt>
   <trkpt lat="52.12691" lon="4.805820000000001">
    <ele>-1.75</ele>
   </trkpt>
   <trkpt lat="52.12682" lon="4.805470000000001">
    <ele>-1.43</ele>
   </trkpt>
   <trkpt lat="52.12657" lon="4.8043000000000005">
    <ele>-1.35</ele>
   </trkpt>
   <trkpt lat="52.126360000000005" lon="4.80393">
    <ele>-1.51</ele>
   </trkpt>
   <trkpt lat="52.12579" lon="4.803400000000001">
    <ele>-1.77</ele>
   </trkpt>
   <trkpt lat="52.12541" lon="4.80321">
    <ele>-1.75</ele>
   </trkpt>
   <trkpt lat="52.125040000000006" lon="4.8029">
    <ele>-1.61</ele>
   </trkpt>
   <trkpt lat="52.124860000000005" lon="4.802700000000001">
    <ele>-1.67</ele>
   </trkpt>
   <trkpt lat="52.12471000000001" lon="4.80246">
    <ele>-1.67</ele>
   </trkpt>
   <trkpt lat="52.12458" lon="4.8021">
    <ele>-1.67</ele>
   </trkpt>
   <trkpt lat="52.124550000000006" lon="4.801830000000001">
    <ele>-1.67</ele>
   </trkpt>
   <trkpt lat="52.12458" lon="4.80147">
    <ele>-1.67</ele>
   </trkpt>
   <trkpt lat="52.124840000000006" lon="4.8002">
    <ele>-1.42</ele>
   </trkpt>
   <trkpt lat="52.12496" lon="4.799580000000001">
    <ele>-1.42</ele>
   </trkpt>
   <trkpt lat="52.12500000000001" lon="4.7993500000000004">
    <ele>-1.5</ele>
   </trkpt>
   <trkpt lat="52.12507" lon="4.798570000000001">
    <ele>-1.33</ele>
   </trkpt>
   <trkpt lat="52.12503" lon="4.79837">
    <ele>-1.33</ele>
   </trkpt>
   <trkpt lat="52.12465" lon="4.79762">
    <ele>-1.5</ele>
   </trkpt>
   <trkpt lat="52.124460000000006" lon="4.79711">
    <ele>-1.53</ele>
   </trkpt>
   <trkpt lat="52.1242" lon="4.79623">
    <ele>-1.28</ele>
   </trkpt>
   <trkpt lat="52.12411" lon="4.795780000000001">
    <ele>-1.24</ele>
   </trkpt>
   <trkpt lat="52.123900000000006" lon="4.79452">
    <ele>-1.2300000000000002</ele>
   </trkpt>
   <trkpt lat="52.123760000000004" lon="4.79377">
    <ele>-1.33</ele>
   </trkpt>
   <trkpt lat="52.123630000000006" lon="4.793430000000001">
    <ele>-1.41</ele>
   </trkpt>
   <trkpt lat="52.12350000000001" lon="4.793200000000001">
    <ele>-1.41</ele>
   </trkpt>
   <trkpt lat="52.12328" lon="4.7929200000000005">
    <ele>-1.33</ele>
   </trkpt>
   <trkpt lat="52.12304" lon="4.792660000000001">
    <ele>-1.33</ele>
   </trkpt>
   <trkpt lat="52.122820000000004" lon="4.7925">
    <ele>-1.41</ele>
   </trkpt>
   <trkpt lat="52.122640000000004" lon="4.79241">
    <ele>-1.41</ele>
   </trkpt>
   <trkpt lat="52.122350000000004" lon="4.79241">
    <ele>-1.5</ele>
   </trkpt>
   <trkpt lat="52.12221" lon="4.792470000000001">
    <ele>-1.5</ele>
   </trkpt>
   <trkpt lat="52.121545000031084" lon="4.792399998956643">
    <ele>-1.77</ele>
   </trkpt>
   <trkpt lat="52.12088000000001" lon="4.792330000000001">
    <ele>-1.59</ele>
   </trkpt>
   <trkpt lat="52.12068000000001" lon="4.79225">
    <ele>-1.75</ele>
   </trkpt>
   <trkpt lat="52.120490000000004" lon="4.7921000000000005">
    <ele>-1.7000000000000002</ele>
   </trkpt>
   <trkpt lat="52.120360000000005" lon="4.79196">
    <ele>-1.7000000000000002</ele>
   </trkpt>
   <trkpt lat="52.12017" lon="4.79155">
    <ele>-1.84</ele>
   </trkpt>
   <trkpt lat="52.12005500292012" lon="4.790714997637767">
    <ele>-1.53</ele>
   </trkpt>
   <trkpt lat="52.11994000000001" lon="4.78988">
    <ele>-1.59</ele>
   </trkpt>
   <trkpt lat="52.119910000000004" lon="4.789680000000001">
    <ele>-1.77</ele>
   </trkpt>
   <trkpt lat="52.119780000000006" lon="4.78922">
    <ele>-1.84</ele>
   </trkpt>
   <trkpt lat="52.119780000000006" lon="4.7879000000000005">
    <ele>-1.67</ele>
   </trkpt>
   <trkpt lat="52.119800000000005" lon="4.787610000000001">
    <ele>-1.62</ele>
   </trkpt>
   <trkpt lat="52.119870000000006" lon="4.787190000000001">
    <ele>-1.61</ele>
   </trkpt>
   <trkpt lat="52.119960000000006" lon="4.7868200000000005">
    <ele>-1.5</ele>
   </trkpt>
   <trkpt lat="52.120180000000005" lon="4.78612">
    <ele>-1.5</ele>
   </trkpt>
   <trkpt lat="52.12041000000001" lon="4.785270000000001">
    <ele>-1.4500000000000002</ele>
   </trkpt>
   <trkpt lat="52.120520000000006" lon="4.784630000000001">
    <ele>-1.43</ele>
   </trkpt>
   <trkpt lat="52.12050000000001" lon="4.78416">
    <ele>-1.28</ele>
   </trkpt>
   <trkpt lat="52.12039000000001" lon="4.78369">
    <ele>-1.28</ele>
   </trkpt>
   <trkpt lat="52.12026" lon="4.783440000000001">
    <ele>-1.33</ele>
   </trkpt>
   <trkpt lat="52.120050000000006" lon="4.78322">
    <ele>-1.33</ele>
   </trkpt>
   <trkpt lat="52.119870000000006" lon="4.78312">
    <ele>-1.24</ele>
   </trkpt>
   <trkpt lat="52.119800000000005" lon="4.78312">
    <ele>-1.24</ele>
   </trkpt>
   <trkpt lat="52.11954000000001" lon="4.783200000000001">
    <ele>-1.41</ele>
   </trkpt>
   <trkpt lat="52.11937" lon="4.78328">
    <ele>-1.41</ele>
   </trkpt>
   <trkpt lat="52.119170000000004" lon="4.78343">
    <ele>-1.37</ele>
   </trkpt>
   <trkpt lat="52.11869500104173" lon="4.783915005120546">
    <ele>-1.75</ele>
   </trkpt>
   <trkpt lat="52.11822" lon="4.784400000000001">
    <ele>-1.76</ele>
   </trkpt>
   <trkpt lat="52.117940000000004" lon="4.784560000000001">
    <ele>-1.86</ele>
   </trkpt>
   <trkpt lat="52.11777000000001" lon="4.784540000000001">
    <ele>-1.84</ele>
   </trkpt>
   <trkpt lat="52.11759000000001" lon="4.78443">
    <ele>-1.7000000000000002</ele>
   </trkpt>
   <trkpt lat="52.11741000000001" lon="4.784210000000001">
    <ele>-1.7000000000000002</ele>
   </trkpt>
   <trkpt lat="52.11731" lon="4.78397">
    <ele>-1.34</ele>
   </trkpt>
   <trkpt lat="52.117250000000006" lon="4.78371">
    <ele>-1.34</ele>
   </trkpt>
   <trkpt lat="52.117230000000006" lon="4.783060000000001">
    <ele>-1.5</ele>
   </trkpt>
   <trkpt lat="52.11731" lon="4.782310000000001">
    <ele>-1.5</ele>
   </trkpt>
   <trkpt lat="52.11752000357015" lon="4.781380004770286">
    <ele>-1.18</ele>
   </trkpt>
   <trkpt lat="52.11773" lon="4.78045">
    <ele>-1.34</ele>
   </trkpt>
   <trkpt lat="52.117740000000005" lon="4.78014">
    <ele>-1.34</ele>
   </trkpt>
   <trkpt lat="52.117700000000006" lon="4.77981">
    <ele>-1.41</ele>
   </trkpt>
   <trkpt lat="52.117650000000005" lon="4.779660000000001">
    <ele>-1.4400000000000002</ele>
   </trkpt>
   <trkpt lat="52.1176" lon="4.7795700000000005">
    <ele>-1.4400000000000002</ele>
   </trkpt>
   <trkpt lat="52.11746" lon="4.77944">
    <ele>-1.43</ele>
   </trkpt>
   <trkpt lat="52.117360000000005" lon="4.779400000000001">
    <ele>-1.43</ele>
   </trkpt>
   <trkpt lat="52.11692000000001" lon="4.779310000000001">
    <ele>-1.5</ele>
   </trkpt>
   <trkpt lat="52.116510000000005" lon="4.779310000000001">
    <ele>-1.5</ele>
   </trkpt>
   <trkpt lat="52.116310000000006" lon="4.77927">
    <ele>-1.33</ele>
   </trkpt>
   <trkpt lat="52.115880000000004" lon="4.77909">
    <ele>-1.53</ele>
   </trkpt>
   <trkpt lat="52.11580000000001" lon="4.77902">
    <ele>-1.58</ele>
   </trkpt>
   <trkpt lat="52.115750000000006" lon="4.77894">
    <ele>-1.58</ele>
   </trkpt>
   <trkpt lat="52.11567" lon="4.77874">
    <ele>-1.58</ele>
   </trkpt>
   <trkpt lat="52.115610000000004" lon="4.778390000000001">
    <ele>-1.5</ele>
   </trkpt>
   <trkpt lat="52.11563" lon="4.778110000000001">
    <ele>-1.75</ele>
   </trkpt>
   <trkpt lat="52.11576" lon="4.777340000000001">
    <ele>-1.51</ele>
   </trkpt>
   <trkpt lat="52.115770000000005" lon="4.776800000000001">
    <ele>-1.37</ele>
   </trkpt>
   <trkpt lat="52.11574" lon="4.7766">
    <ele>-1.33</ele>
   </trkpt>
   <trkpt lat="52.115550000000006" lon="4.77622">
    <ele>-1.33</ele>
   </trkpt>
   <trkpt lat="52.11549" lon="4.77616">
    <ele>-1.33</ele>
   </trkpt>
   <trkpt lat="52.11486000000001" lon="4.77569">
    <ele>-1.67</ele>
   </trkpt>
   <trkpt lat="52.11471" lon="4.77548">
    <ele>-1.58</ele>
   </trkpt>
   <trkpt lat="52.114630000000005" lon="4.775250000000001">
    <ele>-1.58</ele>
   </trkpt>
   <trkpt lat="52.114580000000004" lon="4.7749500000000005">
    <ele>-1.58</ele>
   </trkpt>
   <trkpt lat="52.114560000000004" lon="4.77418">
    <ele>-1.42</ele>
   </trkpt>
   <trkpt lat="52.11464" lon="4.77348">
    <ele>-1.42</ele>
   </trkpt>
   <trkpt lat="52.11482" lon="4.77219">
    <ele>-1.58</ele>
   </trkpt>
   <trkpt lat="52.114990000000006" lon="4.77135">
    <ele>-1.28</ele>
   </trkpt>
   <trkpt lat="52.11502" lon="4.7708900000000005">
    <ele>-0.88</ele>
   </trkpt>
   <trkpt lat="52.11502" lon="4.77066">
    <ele>-0.88</ele>
   </trkpt>
   <trkpt lat="52.114990000000006" lon="4.7705">
    <ele>-0.9700000000000001</ele>
   </trkpt>
   <trkpt lat="52.11488000000001" lon="4.77031">
    <ele>-1.2300000000000002</ele>
   </trkpt>
   <trkpt lat="52.114700000000006" lon="4.77013">
    <ele>-1.33</ele>
   </trkpt>
   <trkpt lat="52.114540000000005" lon="4.77001">
    <ele>-1.29</ele>
   </trkpt>
   <trkpt lat="52.114380000000004" lon="4.76996">
    <ele>-1.16</ele>
   </trkpt>
   <trkpt lat="52.11374000000001" lon="4.769850000000001">
    <ele>-1.17</ele>
   </trkpt>
   <trkpt lat="52.11361" lon="4.7698100000000005">
    <ele>-1.28</ele>
   </trkpt>
   <trkpt lat="52.11337" lon="4.76965">
    <ele>-1.28</ele>
   </trkpt>
   <trkpt lat="52.113130000000005" lon="4.769360000000001">
    <ele>-1.41</ele>
   </trkpt>
   <trkpt lat="52.11305" lon="4.769030000000001">
    <ele>-1.41</ele>
   </trkpt>
   <trkpt lat="52.113020000000006" lon="4.7685900000000006">
    <ele>-1.41</ele>
   </trkpt>
   <trkpt lat="52.11301" lon="4.76769">
    <ele>-1.59</ele>
   </trkpt>
   <trkpt lat="52.11298000280752" lon="4.766874999401449">
    <ele>-1.58</ele>
   </trkpt>
   <trkpt lat="52.112950000000005" lon="4.76606">
    <ele>-1.5</ele>
   </trkpt>
   <trkpt lat="52.11303" lon="4.765040000000001">
    <ele>-1.34</ele>
   </trkpt>
   <trkpt lat="52.11323500254462" lon="4.76426500354749">
    <ele>-1.37</ele>
   </trkpt>
   <trkpt lat="52.113440000000004" lon="4.76349">
    <ele>-1.37</ele>
   </trkpt>
   <trkpt lat="52.11354000000001" lon="4.76304">
    <ele>-1.41</ele>
   </trkpt>
   <trkpt lat="52.11357" lon="4.762770000000001">
    <ele>-1.41</ele>
   </trkpt>
   <trkpt lat="52.113550000000004" lon="4.76254">
    <ele>-1.41</ele>
   </trkpt>
   <trkpt lat="52.113490000000006" lon="4.762320000000001">
    <ele>-1.29</ele>
   </trkpt>
   <trkpt lat="52.113330000000005" lon="4.76208">
    <ele>-1.28</ele>
   </trkpt>
   <trkpt lat="52.11292" lon="4.76161">
    <ele>-1.42</ele>
   </trkpt>
   <trkpt lat="52.112590000000004" lon="4.76128">
    <ele>-1.43</ele>
   </trkpt>
   <trkpt lat="52.112010000000005" lon="4.7607800000000005">
    <ele>-1.08</ele>
   </trkpt>
   <trkpt lat="52.111610000000006" lon="4.76046">
    <ele>-1.07</ele>
   </trkpt>
   <trkpt lat="52.111110000000004" lon="4.76016">
    <ele>-1.07</ele>
   </trkpt>
   <trkpt lat="52.11066" lon="4.75992">
    <ele>-1.5</ele>
   </trkpt>
   <trkpt lat="52.1103" lon="4.75961">
    <ele>-1.41</ele>
   </trkpt>
   <trkpt lat="52.110040000000005" lon="4.7593000000000005">
    <ele>-1.4500000000000002</ele>
   </trkpt>
   <trkpt lat="52.10994" lon="4.759110000000001">
    <ele>-1.4500000000000002</ele>
   </trkpt>
   <trkpt lat="52.10971000000001" lon="4.75809">
    <ele>-1.34</ele>
   </trkpt>
   <trkpt lat="52.10951000000001" lon="4.75739">
    <ele>-1.35</ele>
   </trkpt>
   <trkpt lat="52.109390000000005" lon="4.75706">
    <ele>-1.36</ele>
   </trkpt>
   <trkpt lat="52.109190000000005" lon="4.75654">
    <ele>-1.41</ele>
   </trkpt>
   <trkpt lat="52.108990000000006" lon="4.75591">
    <ele>-1.24</ele>
   </trkpt>
   <trkpt lat="52.108920000000005" lon="4.75565">
    <ele>-1.24</ele>
   </trkpt>
   <trkpt lat="52.10884" lon="4.755070000000001">
    <ele>-1.16</ele>
   </trkpt>
   <trkpt lat="52.108700000000006" lon="4.75455">
    <ele>-1.2300000000000002</ele>
   </trkpt>
   <trkpt lat="52.10866000000001" lon="4.754460000000001">
    <ele>-1.2300000000000002</ele>
   </trkpt>
   <trkpt lat="52.108560000000004" lon="4.754320000000001">
    <ele>-1.35</ele>
   </trkpt>
   <trkpt lat="52.10849" lon="4.754250000000001">
    <ele>-1.35</ele>
   </trkpt>
   <trkpt lat="52.108430000000006" lon="4.7542100000000005">
    <ele>-1.35</ele>
   </trkpt>
   <trkpt lat="52.10839000000001" lon="4.7542">
    <ele>-1.35</ele>
   </trkpt>
   <trkpt lat="52.10828000000001" lon="4.754230000000001">
    <ele>-1.43</ele>
   </trkpt>
   <trkpt lat="52.10821000000001" lon="4.75427">
    <ele>-1.43</ele>
   </trkpt>
   <trkpt lat="52.108050000000006" lon="4.754460000000001">
    <ele>-1.43</ele>
   </trkpt>
   <trkpt lat="52.107780000000005" lon="4.754860000000001">
    <ele>-1.5</ele>
   </trkpt>
   <trkpt lat="52.107620000000004" lon="4.75497">
    <ele>-1.34</ele>
   </trkpt>
   <trkpt lat="52.10752" lon="4.755000000000001">
    <ele>-1.34</ele>
   </trkpt>
   <trkpt lat="52.10732" lon="4.75499">
    <ele>-1.33</ele>
   </trkpt>
   <trkpt lat="52.10712" lon="4.754910000000001">
    <ele>-1.35</ele>
   </trkpt>
   <trkpt lat="52.1069" lon="4.754720000000001">
    <ele>-1.51</ele>
   </trkpt>
   <trkpt lat="52.10667" lon="4.75457">
    <ele>-1.5</ele>
   </trkpt>
   <trkpt lat="52.106500000000004" lon="4.75448">
    <ele>-1.41</ele>
   </trkpt>
   <trkpt lat="52.10622000000001" lon="4.75448">
    <ele>-1.41</ele>
   </trkpt>
   <trkpt lat="52.10607" lon="4.75455">
    <ele>-1.24</ele>
   </trkpt>
   <trkpt lat="52.10569" lon="4.7548">
    <ele>-1.37</ele>
   </trkpt>
   <trkpt lat="52.10526" lon="4.754980000000001">
    <ele>-1.41</ele>
   </trkpt>
   <trkpt lat="52.105000000000004" lon="4.754980000000001">
    <ele>-1.41</ele>
   </trkpt>
   <trkpt lat="52.104380000000006" lon="4.75464">
    <ele>-1.24</ele>
   </trkpt>
   <trkpt lat="52.104000000000006" lon="4.75419">
    <ele>-1.41</ele>
   </trkpt>
   <trkpt lat="52.10380000000001" lon="4.754020000000001">
    <ele>-1.42</ele>
   </trkpt>
   <trkpt lat="52.10361" lon="4.7538800000000005">
    <ele>-1.58</ele>
   </trkpt>
   <trkpt lat="52.10338" lon="4.75382">
    <ele>-1.58</ele>
   </trkpt>
   <trkpt lat="52.102990000000005" lon="4.7538">
    <ele>-1.5</ele>
   </trkpt>
   <trkpt lat="52.10239000000001" lon="4.7538">
    <ele>-1.53</ele>
   </trkpt>
   <trkpt lat="52.10228000000001" lon="4.75377">
    <ele>-1.53</ele>
   </trkpt>
   <trkpt lat="52.10217" lon="4.75372">
    <ele>-1.62</ele>
   </trkpt>
   <trkpt lat="52.10208" lon="4.75361">
    <ele>-1.62</ele>
   </trkpt>
   <trkpt lat="52.101940000000006" lon="4.75337">
    <ele>-1.62</ele>
   </trkpt>
   <trkpt lat="52.10154000000001" lon="4.75248">
    <ele>-1.67</ele>
   </trkpt>
   <trkpt lat="52.10124000162173" lon="4.751899996483083">
    <ele>-1.5</ele>
   </trkpt>
   <trkpt lat="52.10094" lon="4.751320000000001">
    <ele>-1.58</ele>
   </trkpt>
   <trkpt lat="52.1007" lon="4.75098">
    <ele>-1.67</ele>
   </trkpt>
   <trkpt lat="52.10065" lon="4.75088">
    <ele>-1.67</ele>
   </trkpt>
   <trkpt lat="52.10060000000001" lon="4.75046">
    <ele>-1.43</ele>
   </trkpt>
   <trkpt lat="52.100550000000005" lon="4.750310000000001">
    <ele>-1.5</ele>
   </trkpt>
   <trkpt lat="52.100530000000006" lon="4.750120000000001">
    <ele>-1.5</ele>
   </trkpt>
   <trkpt lat="52.100640000000006" lon="4.7495">
    <ele>-1.43</ele>
   </trkpt>
   <trkpt lat="52.10079" lon="4.74901">
    <ele>-1.5</ele>
   </trkpt>
   <trkpt lat="52.100930000000005" lon="4.7487">
    <ele>-1.5</ele>
   </trkpt>
   <trkpt lat="52.100970000000004" lon="4.74852">
    <ele>-1.5</ele>
   </trkpt>
   <trkpt lat="52.100950000000005" lon="4.748290000000001">
    <ele>-1.5</ele>
   </trkpt>
   <trkpt lat="52.100680000000004" lon="4.74751">
    <ele>-1.58</ele>
   </trkpt>
   <trkpt lat="52.10027146617053" lon="4.746292790246674">
    <ele>-2.1100000000000003</ele>
   </trkpt>
   <trkpt lat="52.09986291980699" lon="4.745075602791094">
    <ele>-2.16</ele>
   </trkpt>
   <trkpt lat="52.09945436090976" lon="4.743858437633209">
    <ele>-2.0900000000000003</ele>
   </trkpt>
   <trkpt lat="52.09904578947928" lon="4.742641294772965">
    <ele>-2.41</ele>
   </trkpt>
   <trkpt lat="52.09863720551597" lon="4.7414241742103105">
    <ele>-2.16</ele>
   </trkpt>
   <trkpt lat="52.09822860902023" lon="4.740207075945193">
    <ele>-1.5</ele>
   </trkpt>
   <trkpt lat="52.097820000000006" lon="4.73899">
    <ele>-0.93</ele>
   </trkpt>
   <trkpt lat="52.09780000000001" lon="4.7387500000000005">
    <ele>-0.9700000000000001</ele>
   </trkpt>
   <trkpt lat="52.097860000000004" lon="4.738600000000001">
    <ele>-0.92</ele>
   </trkpt>
   <trkpt lat="52.097840000000005" lon="4.7385">
    <ele>-0.92</ele>
   </trkpt>
   <trkpt lat="52.097820000000006" lon="4.7384900000000005">
    <ele>-0.92</ele>
   </trkpt>
   <trkpt lat="52.09780000000001" lon="4.738460000000001">
    <ele>-0.92</ele>
   </trkpt>
   <trkpt lat="52.097750000000005" lon="4.73845">
    <ele>-0.92</ele>
   </trkpt>
   <trkpt lat="52.09772" lon="4.738460000000001">
    <ele>-0.79</ele>
   </trkpt>
   <trkpt lat="52.09767" lon="4.73855">
    <ele>-0.7200000000000001</ele>
   </trkpt>
   <trkpt lat="52.09741" lon="4.73859">
    <ele>-0.58</ele>
   </trkpt>
   <trkpt lat="52.09680000005966" lon="4.738635000611582">
    <ele>-0.5</ele>
   </trkpt>
   <trkpt lat="52.09619000000001" lon="4.7386800000000004">
    <ele>-0.5</ele>
   </trkpt>
   <trkpt lat="52.09541999999974" lon="4.738780001731562">
    <ele>-0.29</ele>
   </trkpt>
   <trkpt lat="52.09465" lon="4.73888">
    <ele>-0.42</ele>
   </trkpt>
   <trkpt lat="52.09411000000253" lon="4.7389100003631945">
    <ele>-0.36000000000000004</ele>
   </trkpt>
   <trkpt lat="52.09357000000001" lon="4.73894">
    <ele>-0.4</ele>
   </trkpt>
   <trkpt lat="52.092710000000004" lon="4.73902">
    <ele>-0.29</ele>
   </trkpt>
   <trkpt lat="52.091910000000006" lon="4.7392">
    <ele>-0.25</ele>
   </trkpt>
   <trkpt lat="52.09122000000001" lon="4.73932">
    <ele>-0.38</ele>
   </trkpt>
   <trkpt lat="52.09069500009325" lon="4.73947000176552">
    <ele>-0.38</ele>
   </trkpt>
   <trkpt lat="52.09017000000001" lon="4.73962">
    <ele>-0.5</ele>
   </trkpt>
   <trkpt lat="52.089960000000005" lon="4.7397100000000005">
    <ele>-0.58</ele>
   </trkpt>
   <trkpt lat="52.089830000000006" lon="4.73979">
    <ele>-0.67</ele>
   </trkpt>
   <trkpt lat="52.08975" lon="4.73986">
    <ele>-0.71</ele>
   </trkpt>
   <trkpt lat="52.089710000000004" lon="4.739990000000001">
    <ele>-0.71</ele>
   </trkpt>
   <trkpt lat="52.08957" lon="4.739940000000001">
    <ele>-0.8</ele>
   </trkpt>
   <trkpt lat="52.08898000000001" lon="4.74021">
    <ele>-1.24</ele>
   </trkpt>
   <trkpt lat="52.088710000000006" lon="4.740360000000001">
    <ele>-1.01</ele>
   </trkpt>
   <trkpt lat="52.08813000000001" lon="4.740760000000001">
    <ele>-0.67</ele>
   </trkpt>
   <trkpt lat="52.087590000000006" lon="4.74124">
    <ele>-0.38</ele>
   </trkpt>
   <trkpt lat="52.08717500077425" lon="4.741645003688042">
    <ele>-0.34</ele>
   </trkpt>
   <trkpt lat="52.086760000000005" lon="4.742050000000001">
    <ele>-0.22</ele>
   </trkpt>
   <trkpt lat="52.086400000000005" lon="4.74267">
    <ele>-0.27</ele>
   </trkpt>
   <trkpt lat="52.086110000000005" lon="4.7433000000000005">
    <ele>-0.25</ele>
   </trkpt>
   <trkpt lat="52.08596000000001" lon="4.74368">
    <ele>-0.16</ele>
   </trkpt>
   <trkpt lat="52.08585000000001" lon="4.744090000000001">
    <ele>0.11</ele>
   </trkpt>
   <trkpt lat="52.08572" lon="4.744870000000001">
    <ele>0.36000000000000004</ele>
   </trkpt>
   <trkpt lat="52.08574" lon="4.744960000000001">
    <ele>0.46</ele>
   </trkpt>
   <trkpt lat="52.08578000000001" lon="4.74504">
    <ele>0.46</ele>
   </trkpt>
   <trkpt lat="52.08547" lon="4.745830000000001">
    <ele>0.55</ele>
   </trkpt>
   <trkpt lat="52.085350000000005" lon="4.74624">
    <ele>0.65</ele>
   </trkpt>
   <trkpt lat="52.085150000000006" lon="4.74728">
    <ele>0.8500000000000001</ele>
   </trkpt>
   <trkpt lat="52.084830000000004" lon="4.74713">
    <ele>0.9500000000000001</ele>
   </trkpt>
   <trkpt lat="52.08437000000001" lon="4.74687">
    <ele>0.2</ele>
   </trkpt>
   <trkpt lat="52.08419000000001" lon="4.7468200000000005">
    <ele>-0.04</ele>
   </trkpt>
   <trkpt lat="52.083470001093" lon="4.746469988734669">
    <ele>-0.77</ele>
   </trkpt>
   <trkpt lat="52.08275000114945" lon="4.746119988762334">
    <ele>-1.28</ele>
   </trkpt>
   <trkpt lat="52.08203" lon="4.74577">
    <ele>-1.43</ele>
   </trkpt>
   <trkpt lat="52.082210003569934" lon="4.744850003766116">
    <ele>-2.5</ele>
   </trkpt>
   <trkpt lat="52.082390000000004" lon="4.743930000000001">
    <ele>-1.79</ele>
   </trkpt>
   <trkpt lat="52.082370000000004" lon="4.74375">
    <ele>-1.25</ele>
   </trkpt>
   <trkpt lat="52.082260000000005" lon="4.74345">
    <ele>-1.07</ele>
   </trkpt>
   <trkpt lat="52.082190000000004" lon="4.74347">
    <ele>-0.92</ele>
   </trkpt>
   <trkpt lat="52.081770000000006" lon="4.74315">
    <ele>-1.4400000000000002</ele>
   </trkpt>
   <trkpt lat="52.081790000000005" lon="4.742970000000001">
    <ele>-1.6</ele>
   </trkpt>
   <trkpt lat="52.08175000000001" lon="4.74253">
    <ele>-1.76</ele>
   </trkpt>
   <trkpt lat="52.08164500218103" lon="4.741809998222804">
    <ele>-1.9200000000000002</ele>
   </trkpt>
   <trkpt lat="52.081540000000004" lon="4.741090000000001">
    <ele>-1.79</ele>
   </trkpt>
   <trkpt lat="52.08154500309375" lon="4.740234999925393">
    <ele>-1.84</ele>
   </trkpt>
   <trkpt lat="52.08155000000001" lon="4.739380000000001">
    <ele>-1.93</ele>
   </trkpt>
   <trkpt lat="52.08151" lon="4.738460000000001">
    <ele>-1.87</ele>
   </trkpt>
   <trkpt lat="52.081480000000006" lon="4.73831">
    <ele>-1.87</ele>
   </trkpt>
   <trkpt lat="52.081360000000004" lon="4.73815">
    <ele>-1.97</ele>
   </trkpt>
   <trkpt lat="52.08093" lon="4.7378800000000005">
    <ele>-1.93</ele>
   </trkpt>
   <trkpt lat="52.080580000000005" lon="4.73761">
    <ele>-1.68</ele>
   </trkpt>
   <trkpt lat="52.08041000000001" lon="4.737240000000001">
    <ele>-1.53</ele>
   </trkpt>
   <trkpt lat="52.08026" lon="4.7366">
    <ele>-1.41</ele>
   </trkpt>
   <trkpt lat="52.08026" lon="4.736420000000001">
    <ele>-1.41</ele>
   </trkpt>
   <trkpt lat="52.08021" lon="4.7363800000000005">
    <ele>-1.41</ele>
   </trkpt>
   <trkpt lat="52.080000000000005" lon="4.73606">
    <ele>-1.4400000000000002</ele>
   </trkpt>
   <trkpt lat="52.07963" lon="4.73566">
    <ele>-1.84</ele>
   </trkpt>
   <trkpt lat="52.0795" lon="4.73543">
    <ele>-1.84</ele>
   </trkpt>
   <trkpt lat="52.07922000000001" lon="4.734850000000001">
    <ele>-1.52</ele>
   </trkpt>
   <trkpt lat="52.07912" lon="4.73475">
    <ele>-1.5</ele>
   </trkpt>
   <trkpt lat="52.07907" lon="4.73472">
    <ele>-1.5</ele>
   </trkpt>
   <trkpt lat="52.07896" lon="4.7346900000000005">
    <ele>-1.52</ele>
   </trkpt>
   <trkpt lat="52.078860000000006" lon="4.734730000000001">
    <ele>-1.52</ele>
   </trkpt>
   <trkpt lat="52.078570000000006" lon="4.73491">
    <ele>-1.67</ele>
   </trkpt>
   <trkpt lat="52.078430000000004" lon="4.734990000000001">
    <ele>-1.67</ele>
   </trkpt>
   <trkpt lat="52.0782" lon="4.7350200000000005">
    <ele>-1.67</ele>
   </trkpt>
   <trkpt lat="52.078030000000005" lon="4.734990000000001">
    <ele>-1.67</ele>
   </trkpt>
   <trkpt lat="52.0773" lon="4.73475">
    <ele>-1.78</ele>
   </trkpt>
   <trkpt lat="52.07719" lon="4.73468">
    <ele>-1.78</ele>
   </trkpt>
   <trkpt lat="52.077090000000005" lon="4.734590000000001">
    <ele>-1.78</ele>
   </trkpt>
   <trkpt lat="52.07685000000001" lon="4.7342900000000006">
    <ele>-1.75</ele>
   </trkpt>
   <trkpt lat="52.07659" lon="4.7339">
    <ele>-1.75</ele>
   </trkpt>
   <trkpt lat="52.076530000000005" lon="4.73385">
    <ele>-1.84</ele>
   </trkpt>
   <trkpt lat="52.076420000000006" lon="4.733820000000001">
    <ele>-1.84</ele>
   </trkpt>
   <trkpt lat="52.07634" lon="4.733820000000001">
    <ele>-1.84</ele>
   </trkpt>
   <trkpt lat="52.076220000000006" lon="4.73388">
    <ele>-1.84</ele>
   </trkpt>
   <trkpt lat="52.07607" lon="4.734">
    <ele>-1.84</ele>
   </trkpt>
   <trkpt lat="52.07589" lon="4.734190000000001">
    <ele>-1.9500000000000002</ele>
   </trkpt>
   <trkpt lat="52.07576" lon="4.734260000000001">
    <ele>-1.9500000000000002</ele>
   </trkpt>
   <trkpt lat="52.07564000000001" lon="4.7342900000000006">
    <ele>-1.9500000000000002</ele>
   </trkpt>
   <trkpt lat="52.07546000000001" lon="4.73428">
    <ele>-1.9500000000000002</ele>
   </trkpt>
   <trkpt lat="52.07484" lon="4.734100000000001">
    <ele>-2.14</ele>
   </trkpt>
   <trkpt lat="52.0743" lon="4.73407">
    <ele>-2.14</ele>
   </trkpt>
   <trkpt lat="52.07405000000001" lon="4.73413">
    <ele>-2.14</ele>
   </trkpt>
   <trkpt lat="52.07374" lon="4.73428">
    <ele>-2.14</ele>
   </trkpt>
   <trkpt lat="52.073570000000004" lon="4.73427">
    <ele>-2.14</ele>
   </trkpt>
   <trkpt lat="52.073420000000006" lon="4.734120000000001">
    <ele>-2.0</ele>
   </trkpt>
   <trkpt lat="52.073240000000006" lon="4.733890000000001">
    <ele>-2.0</ele>
   </trkpt>
   <trkpt lat="52.07303" lon="4.73339">
    <ele>-1.97</ele>
   </trkpt>
   <trkpt lat="52.072970000000005" lon="4.73331">
    <ele>-1.97</ele>
   </trkpt>
   <trkpt lat="52.072860000000006" lon="4.73324">
    <ele>-1.97</ele>
   </trkpt>
   <trkpt lat="52.072790000000005" lon="4.73324">
    <ele>-1.97</ele>
   </trkpt>
   <trkpt lat="52.0728" lon="4.73324">
    <ele>-1.97</ele>
   </trkpt>
   <trkpt lat="52.07273000000001" lon="4.73327">
    <ele>-1.9400000000000002</ele>
   </trkpt>
   <trkpt lat="52.072630000000004" lon="4.733440000000001">
    <ele>-2.0</ele>
   </trkpt>
   <trkpt lat="52.072480000000006" lon="4.73413">
    <ele>-1.93</ele>
   </trkpt>
   <trkpt lat="52.07195" lon="4.73498">
    <ele>-2.14</ele>
   </trkpt>
   <trkpt lat="52.07173" lon="4.735460000000001">
    <ele>-2.14</ele>
   </trkpt>
   <trkpt lat="52.071630000000006" lon="4.73561">
    <ele>-2.14</ele>
   </trkpt>
   <trkpt lat="52.071470000000005" lon="4.73576">
    <ele>-1.9400000000000002</ele>
   </trkpt>
   <trkpt lat="52.071200000000005" lon="4.73587">
    <ele>-1.9400000000000002</ele>
   </trkpt>
   <trkpt lat="52.07099" lon="4.73592">
    <ele>-1.9400000000000002</ele>
   </trkpt>
   <trkpt lat="52.070780000000006" lon="4.73587">
    <ele>-1.9400000000000002</ele>
   </trkpt>
   <trkpt lat="52.0703" lon="4.73545">
    <ele>-1.93</ele>
   </trkpt>
   <trkpt lat="52.07021" lon="4.735410000000001">
    <ele>-1.9400000000000002</ele>
   </trkpt>
   <trkpt lat="52.07011000000001" lon="4.735480000000001">
    <ele>-2.12</ele>
   </trkpt>
   <trkpt lat="52.07001" lon="4.73569">
    <ele>-2.14</ele>
   </trkpt>
   <trkpt lat="52.069900000000004" lon="4.736210000000001">
    <ele>-2.02</ele>
   </trkpt>
   <trkpt lat="52.069810000000004" lon="4.73651">
    <ele>-2.12</ele>
   </trkpt>
   <trkpt lat="52.069770000000005" lon="4.73658">
    <ele>-2.12</ele>
   </trkpt>
   <trkpt lat="52.06949" lon="4.73697">
    <ele>-2.14</ele>
   </trkpt>
   <trkpt lat="52.069340000000004" lon="4.7371300000000005">
    <ele>-2.14</ele>
   </trkpt>
   <trkpt lat="52.069010000000006" lon="4.73739">
    <ele>-2.31</ele>
   </trkpt>
   <trkpt lat="52.068900000000006" lon="4.737550000000001">
    <ele>-2.31</ele>
   </trkpt>
   <trkpt lat="52.06884" lon="4.7377">
    <ele>-2.32</ele>
   </trkpt>
   <trkpt lat="52.06873" lon="4.73833">
    <ele>-2.31</ele>
   </trkpt>
   <trkpt lat="52.06862" lon="4.73878">
    <ele>-2.17</ele>
   </trkpt>
   <trkpt lat="52.06853" lon="4.73937">
    <ele>-1.79</ele>
   </trkpt>
   <trkpt lat="52.068940000000005" lon="4.73967">
    <ele>-2.4600000000000004</ele>
   </trkpt>
   <trkpt lat="52.06962000000001" lon="4.740290000000001">
    <ele>-2.1</ele>
   </trkpt>
   <trkpt lat="52.0698" lon="4.74044">
    <ele>-1.93</ele>
   </trkpt>
   <trkpt lat="52.06976" lon="4.740550000000001">
    <ele>-1.93</ele>
   </trkpt>
   <trkpt lat="52.069660000000006" lon="4.740690000000001">
    <ele>-1.93</ele>
   </trkpt>
   <trkpt lat="52.06964000000001" lon="4.7408">
    <ele>-1.93</ele>
   </trkpt>
   <trkpt lat="52.06967" lon="4.741210000000001">
    <ele>-2.97</ele>
   </trkpt>
   <trkpt lat="52.06964000000001" lon="4.74141">
    <ele>-3.08</ele>
   </trkpt>
   <trkpt lat="52.06911" lon="4.742450000000001">
    <ele>-2.97</ele>
   </trkpt>
   <trkpt lat="52.068870000000004" lon="4.74298">
    <ele>-2.74</ele>
   </trkpt>
   <trkpt lat="52.068490000000004" lon="4.743650000000001">
    <ele>-2.65</ele>
   </trkpt>
   <trkpt lat="52.068360000000006" lon="4.74383">
    <ele>-1.99</ele>
   </trkpt>
   <trkpt lat="52.06830000000001" lon="4.743860000000001">
    <ele>-1.99</ele>
   </trkpt>
   <trkpt lat="52.068220000000004" lon="4.743860000000001">
    <ele>-1.99</ele>
   </trkpt>
   <trkpt lat="52.067980000000006" lon="4.74375">
    <ele>-1.36</ele>
   </trkpt>
   <trkpt lat="52.067890000000006" lon="4.74418">
    <ele>-1.5</ele>
   </trkpt>
   <trkpt lat="52.06767000000001" lon="4.7448500000000005">
    <ele>-1.54</ele>
   </trkpt>
   <trkpt lat="52.06747000000001" lon="4.7452700000000005">
    <ele>-1.4400000000000002</ele>
   </trkpt>
   <trkpt lat="52.06715000157661" lon="4.745855003956977">
    <ele>-1.93</ele>
   </trkpt>
   <trkpt lat="52.06683" lon="4.746440000000001">
    <ele>-2.5</ele>
   </trkpt>
   <trkpt lat="52.06663" lon="4.7468900000000005">
    <ele>-3.4800000000000004</ele>
   </trkpt>
   <trkpt lat="52.066460000000006" lon="4.74735">
    <ele>-3.33</ele>
   </trkpt>
   <trkpt lat="52.06631" lon="4.74784">
    <ele>-3.0100000000000002</ele>
   </trkpt>
   <trkpt lat="52.06616" lon="4.74852">
    <ele>-2.74</ele>
   </trkpt>
   <trkpt lat="52.066050000000004" lon="4.749280000000001">
    <ele>-1.84</ele>
   </trkpt>
   <trkpt lat="52.06602" lon="4.7499">
    <ele>-1.52</ele>
   </trkpt>
   <trkpt lat="52.06602" lon="4.75061">
    <ele>-1.33</ele>
   </trkpt>
   <trkpt lat="52.06611000818811" lon="4.751593329427972">
    <ele>-0.79</ele>
   </trkpt>
   <trkpt lat="52.066200008193455" lon="4.75257666281957">
    <ele>-1.07</ele>
   </trkpt>
   <trkpt lat="52.06629" lon="4.75356">
    <ele>-1.68</ele>
   </trkpt>
   <trkpt lat="52.06591" lon="4.75368">
    <ele>-1.93</ele>
   </trkpt>
   <trkpt lat="52.065760000000004" lon="4.75363">
    <ele>-1.93</ele>
   </trkpt>
   <trkpt lat="52.0656" lon="4.753500000000001">
    <ele>-1.93</ele>
   </trkpt>
   <trkpt lat="52.065360000000005" lon="4.75335">
    <ele>-2.12</ele>
   </trkpt>
   <trkpt lat="52.06508" lon="4.75325">
    <ele>-2.1100000000000003</ele>
   </trkpt>
   <trkpt lat="52.06495" lon="4.75318">
    <ele>-1.9400000000000002</ele>
   </trkpt>
   <trkpt lat="52.06485000000001" lon="4.753100000000001">
    <ele>-1.9400000000000002</ele>
   </trkpt>
   <trkpt lat="52.064780000000006" lon="4.75297">
    <ele>-1.93</ele>
   </trkpt>
   <trkpt lat="52.064710000000005" lon="4.75267">
    <ele>-2.0</ele>
   </trkpt>
   <trkpt lat="52.06456000473265" lon="4.751609996286611">
    <ele>-2.48</ele>
   </trkpt>
   <trkpt lat="52.06441" lon="4.7505500000000005">
    <ele>-2.2</ele>
   </trkpt>
   <trkpt lat="52.06434" lon="4.7503400000000005">
    <ele>-2.15</ele>
   </trkpt>
   <trkpt lat="52.06427000000001" lon="4.75021">
    <ele>-2.15</ele>
   </trkpt>
   <trkpt lat="52.06414" lon="4.7500800000000005">
    <ele>-2.35</ele>
   </trkpt>
   <trkpt lat="52.06400000000001" lon="4.74999">
    <ele>-2.31</ele>
   </trkpt>
   <trkpt lat="52.06316500052472" lon="4.749609992856374">
    <ele>-2.65</ele>
   </trkpt>
   <trkpt lat="52.06233" lon="4.749230000000001">
    <ele>-2.31</ele>
   </trkpt>
   <trkpt lat="52.06226" lon="4.74918">
    <ele>-2.31</ele>
   </trkpt>
   <trkpt lat="52.06219" lon="4.749090000000001">
    <ele>-2.41</ele>
   </trkpt>
   <trkpt lat="52.06215" lon="4.748970000000001">
    <ele>-2.41</ele>
   </trkpt>
   <trkpt lat="52.06196500240719" lon="4.748204996545484">
    <ele>-2.36</ele>
   </trkpt>
   <trkpt lat="52.061780000000006" lon="4.74744">
    <ele>-2.4200000000000004</ele>
   </trkpt>
   <trkpt lat="52.06165000000001" lon="4.747240000000001">
    <ele>-2.43</ele>
   </trkpt>
   <trkpt lat="52.06159" lon="4.7472">
    <ele>-2.43</ele>
   </trkpt>
   <trkpt lat="52.06093500035613" lon="4.746894995509932">
    <ele>-2.36</ele>
   </trkpt>
   <trkpt lat="52.060280000000006" lon="4.74659">
    <ele>-2.4600000000000004</ele>
   </trkpt>
   <trkpt lat="52.060190000000006" lon="4.74657">
    <ele>-2.4600000000000004</ele>
   </trkpt>
   <trkpt lat="52.060010000000005" lon="4.74657">
    <ele>-2.4600000000000004</ele>
   </trkpt>
   <trkpt lat="52.05970000000001" lon="4.746530000000001">
    <ele>-2.31</ele>
   </trkpt>
   <trkpt lat="52.05939000000001" lon="4.74664">
    <ele>-2.31</ele>
   </trkpt>
   <trkpt lat="52.05931" lon="4.74662">
    <ele>-2.31</ele>
   </trkpt>
   <trkpt lat="52.05881" lon="4.7464">
    <ele>-2.1300000000000003</ele>
   </trkpt>
   <trkpt lat="52.05864001066043" lon="4.747523342008774">
    <ele>-2.48</ele>
   </trkpt>
   <trkpt lat="52.05847001064141" lon="4.7486466754676755">
    <ele>-2.19</ele>
   </trkpt>
   <trkpt lat="52.0583" lon="4.749770000000001">
    <ele>-2.17</ele>
   </trkpt>
   <trkpt lat="52.05812" lon="4.750900000000001">
    <ele>-2.65</ele>
   </trkpt>
   <trkpt lat="52.058040000000005" lon="4.75121">
    <ele>-2.7</ele>
   </trkpt>
   <trkpt lat="52.057590027083464" lon="4.752242919574908">
    <ele>-2.65</ele>
   </trkpt>
   <trkpt lat="52.05714004513756" lon="4.753275818340856">
    <ele>-2.66</ele>
   </trkpt>
   <trkpt lat="52.05669005416263" lon="4.75430869629818">
    <ele>-2.19</ele>
   </trkpt>
   <trkpt lat="52.05624005415897" lon="4.755341553447221">
    <ele>-2.41</ele>
   </trkpt>
   <trkpt lat="52.055790045126955" lon="4.756374389788318">
    <ele>-2.31</ele>
   </trkpt>
   <trkpt lat="52.05534002706687" lon="4.757407205321807">
    <ele>-2.31</ele>
   </trkpt>
   <trkpt lat="52.05489000000001" lon="4.75844">
    <ele>-2.48</ele>
   </trkpt>
   <trkpt lat="52.05451000000001" lon="4.759740000000001">
    <ele>-2.47</ele>
   </trkpt>
   <trkpt lat="52.05424667431227" lon="4.7606900111723816">
    <ele>-2.52</ele>
   </trkpt>
   <trkpt lat="52.05398334098621" lon="4.7616400111459765">
    <ele>-2.45</ele>
   </trkpt>
   <trkpt lat="52.053720000000006" lon="4.76259">
    <ele>-2.48</ele>
   </trkpt>
   <trkpt lat="52.05366" lon="4.76288">
    <ele>-2.48</ele>
   </trkpt>
   <trkpt lat="52.053540004213" lon="4.763880002841881">
    <ele>-2.47</ele>
   </trkpt>
   <trkpt lat="52.05342" lon="4.764880000000001">
    <ele>-2.2900000000000005</ele>
   </trkpt>
   <trkpt lat="52.05335" lon="4.76498">
    <ele>-2.31</ele>
   </trkpt>
   <trkpt lat="52.05330000000001" lon="4.764950000000001">
    <ele>-2.31</ele>
   </trkpt>
   <trkpt lat="52.053290000000004" lon="4.764950000000001">
    <ele>-2.31</ele>
   </trkpt>
   <trkpt lat="52.05264500021243" lon="4.764649995590826">
    <ele>-2.65</ele>
   </trkpt>
   <trkpt lat="52.05200000000001" lon="4.76435">
    <ele>-2.47</ele>
   </trkpt>
   <trkpt lat="52.05189000000001" lon="4.76435">
    <ele>-2.47</ele>
   </trkpt>
   <trkpt lat="52.05180000000001" lon="4.76442">
    <ele>-2.47</ele>
   </trkpt>
   <trkpt lat="52.05094200272806" lon="4.764017969119693">
    <ele>-2.4899999999999998</ele>
   </trkpt>
   <trkpt lat="52.05008400408819" lon="4.763615953678803">
    <ele>-2.7</ele>
   </trkpt>
   <trkpt lat="52.04922600408048" lon="4.763213953676288">
    <ele>-2.5300000000000002</ele>
   </trkpt>
   <trkpt lat="52.04836800270506" lon="4.7628119691111">
    <ele>-2.75</ele>
   </trkpt>
   <trkpt lat="52.04751" lon="4.76241">
    <ele>-2.5700000000000003</ele>
   </trkpt>
   <trkpt lat="52.04721000000001" lon="4.7622">
    <ele>-2.69</ele>
   </trkpt>
   <trkpt lat="52.047050000000006" lon="4.76206">
    <ele>-2.72</ele>
   </trkpt>
   <trkpt lat="52.046402501216136" lon="4.761749986523593">
    <ele>-2.82</ele>
   </trkpt>
   <trkpt lat="52.04575500161882" lon="4.76143998203049">
    <ele>-2.85</ele>
   </trkpt>
   <trkpt lat="52.04510750120813" lon="4.761129986520237">
    <ele>-2.8000000000000003</ele>
   </trkpt>
   <trkpt lat="52.04446" lon="4.760820000000001">
    <ele>-2.72</ele>
   </trkpt>
   <trkpt lat="52.04372750144762" lon="4.760482483406666">
    <ele>-2.82</ele>
   </trkpt>
   <trkpt lat="52.04299500193104" lon="4.760144977876407">
    <ele>-2.8800000000000003</ele>
   </trkpt>
   <trkpt lat="52.042262501450345" lon="4.7598074834085855">
    <ele>-2.82</ele>
   </trkpt>
   <trkpt lat="52.04153" lon="4.75947">
    <ele>-2.73</ele>
   </trkpt>
   <trkpt lat="52.041230000000006" lon="4.75931">
    <ele>-2.65</ele>
   </trkpt>
   <trkpt lat="52.04090000000001" lon="4.75907">
    <ele>-1.99</ele>
   </trkpt>
   <trkpt lat="52.04039" lon="4.758830000000001">
    <ele>-2.48</ele>
   </trkpt>
   <trkpt lat="52.04028" lon="4.75881">
    <ele>-2.48</ele>
   </trkpt>
   <trkpt lat="52.04008" lon="4.75889">
    <ele>-2.6400000000000006</ele>
   </trkpt>
   <trkpt lat="52.03998000000001" lon="4.75889">
    <ele>-2.6400000000000006</ele>
   </trkpt>
   <trkpt lat="52.039860000000004" lon="4.75886">
    <ele>-2.6400000000000006</ele>
   </trkpt>
   <trkpt lat="52.03960000000001" lon="4.75875">
    <ele>-2.58</ele>
   </trkpt>
   <trkpt lat="52.03933000000001" lon="4.7586200000000005">
    <ele>-2.58</ele>
   </trkpt>
   <trkpt lat="52.039190000000005" lon="4.75854">
    <ele>-2.66</ele>
   </trkpt>
   <trkpt lat="52.03909" lon="4.758430000000001">
    <ele>-2.66</ele>
   </trkpt>
   <trkpt lat="52.03904000000001" lon="4.7583400000000005">
    <ele>-2.66</ele>
   </trkpt>
   <trkpt lat="52.03898" lon="4.758170000000001">
    <ele>-2.66</ele>
   </trkpt>
   <trkpt lat="52.03882" lon="4.75753">
    <ele>-2.66</ele>
   </trkpt>
   <trkpt lat="52.038360000000004" lon="4.75647">
    <ele>-2.66</ele>
   </trkpt>
   <trkpt lat="52.038270000000004" lon="4.75638">
    <ele>-2.66</ele>
   </trkpt>
   <trkpt lat="52.037580000507944" lon="4.756059995095406">
    <ele>-2.72</ele>
   </trkpt>
   <trkpt lat="52.03689000000001" lon="4.75574">
    <ele>-2.65</ele>
   </trkpt>
   <trkpt lat="52.03663" lon="4.75567">
    <ele>-2.74</ele>
   </trkpt>
   <trkpt lat="52.03591" lon="4.75539">
    <ele>-2.9899999999999998</ele>
   </trkpt>
   <trkpt lat="52.03549" lon="4.7552900000000005">
    <ele>-2.8100000000000005</ele>
   </trkpt>
   <trkpt lat="52.03539000000001" lon="4.75525">
    <ele>-2.65</ele>
   </trkpt>
   <trkpt lat="52.03531" lon="4.75516">
    <ele>-2.31</ele>
   </trkpt>
   <trkpt lat="52.035210000000006" lon="4.755400000000001">
    <ele>-2.2700000000000005</ele>
   </trkpt>
   <trkpt lat="52.035090000000004" lon="4.755170000000001">
    <ele>-2.48</ele>
   </trkpt>
   <trkpt lat="52.03482" lon="4.7548">
    <ele>-2.56</ele>
   </trkpt>
   <trkpt lat="52.03472000000001" lon="4.754700000000001">
    <ele>-2.56</ele>
   </trkpt>
   <trkpt lat="52.03455" lon="4.754630000000001">
    <ele>-2.48</ele>
   </trkpt>
   <trkpt lat="52.03437" lon="4.7546100000000004">
    <ele>-2.48</ele>
   </trkpt>
   <trkpt lat="52.034180000000006" lon="4.7546100000000004">
    <ele>-2.5100000000000002</ele>
   </trkpt>
   <trkpt lat="52.034000000000006" lon="4.754650000000001">
    <ele>-2.48</ele>
   </trkpt>
   <trkpt lat="52.033820000000006" lon="4.75474">
    <ele>-2.48</ele>
   </trkpt>
   <trkpt lat="52.03327000048825" lon="4.755130004907773">
    <ele>-2.56</ele>
   </trkpt>
   <trkpt lat="52.032720000000005" lon="4.755520000000001">
    <ele>-2.48</ele>
   </trkpt>
   <trkpt lat="52.03195" lon="4.75596">
    <ele>-2.45</ele>
   </trkpt>
   <trkpt lat="52.0313" lon="4.756290000000001">
    <ele>-2.43</ele>
   </trkpt>
   <trkpt lat="52.031240000000004" lon="4.7563">
    <ele>-2.43</ele>
   </trkpt>
   <trkpt lat="52.03119" lon="4.756270000000001">
    <ele>-2.43</ele>
   </trkpt>
   <trkpt lat="52.031150000000004" lon="4.75621">
    <ele>-2.43</ele>
   </trkpt>
   <trkpt lat="52.031130000000005" lon="4.75612">
    <ele>-2.43</ele>
   </trkpt>
   <trkpt lat="52.0313157583412" lon="4.7548028899779675">
    <ele>-2.48</ele>
   </trkpt>
   <trkpt lat="52.031501501997155" lon="4.753485769012797">
    <ele>-2.4899999999999998</ele>
   </trkpt>
   <trkpt lat="52.03168723096768" lon="4.752168637105189">
    <ele>-2.65</ele>
   </trkpt>
   <trkpt lat="52.03187294525254" lon="4.750851494255846">
    <ele>-2.4899999999999998</ele>
   </trkpt>
   <trkpt lat="52.03205864485152" lon="4.749534340465467">
    <ele>-2.48</ele>
   </trkpt>
   <trkpt lat="52.03224432976438" lon="4.748217175734756">
    <ele>-2.45</ele>
   </trkpt>
   <trkpt lat="52.032430000000005" lon="4.7469">
    <ele>-2.1100000000000003</ele>
   </trkpt>
   <trkpt lat="52.032612518904166" lon="4.745680014904038">
    <ele>-2.1100000000000003</ele>
   </trkpt>
   <trkpt lat="52.03279502520918" lon="4.7444600198481455">
    <ele>-2.08</ele>
   </trkpt>
   <trkpt lat="52.0329775189149" lon="4.743240014832863">
    <ele>-2.1100000000000003</ele>
   </trkpt>
   <trkpt lat="52.03316" lon="4.74202">
    <ele>-2.14</ele>
   </trkpt>
   <trkpt lat="52.0332" lon="4.74139">
    <ele>-2.0900000000000003</ele>
   </trkpt>
   <trkpt lat="52.033240000000006" lon="4.7411">
    <ele>-2.14</ele>
   </trkpt>
   <trkpt lat="52.03348000529124" lon="4.739980006095976">
    <ele>-2.25</ele>
   </trkpt>
   <trkpt lat="52.03372" lon="4.738860000000001">
    <ele>-2.18</ele>
   </trkpt>
   <trkpt lat="52.033730000000006" lon="4.738700000000001">
    <ele>-2.18</ele>
   </trkpt>
   <trkpt lat="52.03372" lon="4.73861">
    <ele>-2.18</ele>
   </trkpt>
   <trkpt lat="52.03367" lon="4.73857">
    <ele>-2.18</ele>
   </trkpt>
   <trkpt lat="52.033080000000005" lon="4.73857">
    <ele>-2.2700000000000005</ele>
   </trkpt>
   <trkpt lat="52.032379999886196" lon="4.738585000237294">
    <ele>-2.1100000000000003</ele>
   </trkpt>
   <trkpt lat="52.03168" lon="4.738600000000001">
    <ele>-2.1300000000000003</ele>
   </trkpt>
   <trkpt lat="52.030834999986936" lon="4.738602500141771">
    <ele>-2.12</ele>
   </trkpt>
   <trkpt lat="52.02998999997383" lon="4.7386050001890485">
    <ele>-2.17</ele>
   </trkpt>
   <trkpt lat="52.02914499996065" lon="4.738607500141841">
    <ele>-2.56</ele>
   </trkpt>
   <trkpt lat="52.0283" lon="4.73861">
    <ele>-2.3000000000000003</ele>
   </trkpt>
   <trkpt lat="52.02742749999901" lon="4.738622500731669">
    <ele>-2.52</ele>
   </trkpt>
   <trkpt lat="52.026554999996705" lon="4.738635000975564">
    <ele>-2.48</ele>
   </trkpt>
   <trkpt lat="52.02568249999307" lon="4.73864750073172">
    <ele>-2.33</ele>
   </trkpt>
   <trkpt lat="52.02481" lon="4.73866">
    <ele>-2.18</ele>
   </trkpt>
   <trkpt lat="52.024150000000006" lon="4.73869">
    <ele>-2.3000000000000003</ele>
   </trkpt>
   <trkpt lat="52.02407" lon="4.7386800000000004">
    <ele>-1.93</ele>
   </trkpt>
   <trkpt lat="52.023950000000006" lon="4.73859">
    <ele>-1.93</ele>
   </trkpt>
   <trkpt lat="52.023790000000005" lon="4.738510000000001">
    <ele>-1.9500000000000002</ele>
   </trkpt>
   <trkpt lat="52.023700000000005" lon="4.7385">
    <ele>-1.9500000000000002</ele>
   </trkpt>
   <trkpt lat="52.023340000000005" lon="4.73869">
    <ele>-1.93</ele>
   </trkpt>
   <trkpt lat="52.023250000000004" lon="4.73869">
    <ele>-1.93</ele>
   </trkpt>
   <trkpt lat="52.02322" lon="4.738580000000001">
    <ele>-1.97</ele>
   </trkpt>
   <trkpt lat="52.023075004350076" lon="4.737564996634416">
    <ele>-1.93</ele>
   </trkpt>
   <trkpt lat="52.02293" lon="4.73655">
    <ele>-1.84</ele>
   </trkpt>
   <trkpt lat="52.02221000044139" lon="4.736776673961963">
    <ele>-1.67</ele>
   </trkpt>
   <trkpt lat="52.0214900004478" lon="4.737003340626469">
    <ele>-1.54</ele>
   </trkpt>
   <trkpt lat="52.020770000000006" lon="4.73723">
    <ele>-1.53</ele>
   </trkpt>
   <trkpt lat="52.02066667599454" lon="4.736179995089728">
    <ele>-1.61</ele>
   </trkpt>
   <trkpt lat="52.02056334265536" lon="4.735129995030459">
    <ele>-1.58</ele>
   </trkpt>
   <trkpt lat="52.02046000000001" lon="4.7340800000000005">
    <ele>-1.67</ele>
   </trkpt>
   <trkpt lat="52.02049" lon="4.73402">
    <ele>-1.67</ele>
   </trkpt>
   <trkpt lat="52.02109" lon="4.7338700000000005">
    <ele>-1.7000000000000002</ele>
   </trkpt>
   <trkpt lat="52.02112" lon="4.73383">
    <ele>-1.7000000000000002</ele>
   </trkpt>
   <trkpt lat="52.02114" lon="4.73374">
    <ele>-1.67</ele>
   </trkpt>
   <trkpt lat="52.021040000000006" lon="4.73256">
    <ele>-1.67</ele>
   </trkpt>
   <trkpt lat="52.02098" lon="4.7323900000000005">
    <ele>-1.67</ele>
   </trkpt>
   <trkpt lat="52.020880000000005" lon="4.73151">
    <ele>-1.77</ele>
   </trkpt>
   <trkpt lat="52.020180000300776" lon="4.73169000277471">
    <ele>-1.75</ele>
   </trkpt>
   <trkpt lat="52.01948" lon="4.731870000000001">
    <ele>-1.5</ele>
   </trkpt>
   <trkpt lat="52.019310000000004" lon="4.73176">
    <ele>-1.4500000000000002</ele>
   </trkpt>
   <trkpt lat="52.01926" lon="4.73176">
    <ele>-1.4500000000000002</ele>
   </trkpt>
   <trkpt lat="52.01879999981822" lon="4.731895001464189">
    <ele>-1.37</ele>
   </trkpt>
   <trkpt lat="52.01834" lon="4.73203">
    <ele>-1.6</ele>
   </trkpt>
   <trkpt lat="52.01820000000001" lon="4.73216">
    <ele>-1.62</ele>
   </trkpt>
   <trkpt lat="52.01816" lon="4.7323">
    <ele>-1.62</ele>
   </trkpt>
   <trkpt lat="52.01814" lon="4.73277">
    <ele>-1.59</ele>
   </trkpt>
   <trkpt lat="52.018060000000006" lon="4.733210000000001">
    <ele>-1.61</ele>
   </trkpt>
   <trkpt lat="52.018040000000006" lon="4.7336">
    <ele>-1.36</ele>
   </trkpt>
   <trkpt lat="52.01798" lon="4.73366">
    <ele>-1.36</ele>
   </trkpt>
   <trkpt lat="52.0178" lon="4.733630000000001">
    <ele>-1.24</ele>
   </trkpt>
   <trkpt lat="52.017480000000006" lon="4.73352">
    <ele>-1.5</ele>
   </trkpt>
   <trkpt lat="52.017700000000005" lon="4.7323">
    <ele>-1.4500000000000002</ele>
   </trkpt>
   <trkpt lat="52.01775000000001" lon="4.731590000000001">
    <ele>-1.4500000000000002</ele>
   </trkpt>
   <trkpt lat="52.01779000714935" lon="4.730290001309071">
    <ele>-1.41</ele>
   </trkpt>
   <trkpt lat="52.017830000000004" lon="4.7289900000000005">
    <ele>-1.07</ele>
   </trkpt>
   <trkpt lat="52.017830000000004" lon="4.72858">
    <ele>-1.07</ele>
   </trkpt>
   <trkpt lat="52.017860000000006" lon="4.7281">
    <ele>-1.06</ele>
   </trkpt>
   <trkpt lat="52.017920000000004" lon="4.727600000000001">
    <ele>-0.84</ele>
   </trkpt>
   <trkpt lat="52.018040000000006" lon="4.726400000000001">
    <ele>-1.07</ele>
   </trkpt>
   <trkpt lat="52.01825" lon="4.7254000000000005">
    <ele>-1.1500000000000001</ele>
   </trkpt>
   <trkpt lat="52.01834" lon="4.7248600000000005">
    <ele>-1.09</ele>
   </trkpt>
   <trkpt lat="52.01838000000001" lon="4.72447">
    <ele>-1.08</ele>
   </trkpt>
   <trkpt lat="52.018390000000004" lon="4.723990000000001">
    <ele>-1.16</ele>
   </trkpt>
   <trkpt lat="52.01849000000001" lon="4.723820000000001">
    <ele>-1.24</ele>
   </trkpt>
   <trkpt lat="52.01845" lon="4.723730000000001">
    <ele>-1.24</ele>
   </trkpt>
   <trkpt lat="52.018440000000005" lon="4.723590000000001">
    <ele>-1.26</ele>
   </trkpt>
   <trkpt lat="52.018480000000004" lon="4.72261">
    <ele>-1.07</ele>
   </trkpt>
   <trkpt lat="52.018440000000005" lon="4.72243">
    <ele>-0.79</ele>
   </trkpt>
   <trkpt lat="52.01847000000001" lon="4.72234">
    <ele>-0.79</ele>
   </trkpt>
   <trkpt lat="52.01849000000001" lon="4.72168">
    <ele>0.44</ele>
   </trkpt>
   <trkpt lat="52.0185" lon="4.72114">
    <ele>0.16</ele>
   </trkpt>
   <trkpt lat="52.018190000000004" lon="4.72119">
    <ele>0.22</ele>
   </trkpt>
   <trkpt lat="52.01739500011372" lon="4.721385003476889">
    <ele>0.12000000000000001</ele>
   </trkpt>
   <trkpt lat="52.016600000000004" lon="4.72158">
    <ele>-0.1</ele>
   </trkpt>
   <trkpt lat="52.01652000000001" lon="4.72182">
    <ele>-0.36000000000000004</ele>
   </trkpt>
   <trkpt lat="52.016470000000005" lon="4.7218800000000005">
    <ele>-0.36000000000000004</ele>
   </trkpt>
   <trkpt lat="52.016180000000006" lon="4.72194">
    <ele>-0.08</ele>
   </trkpt>
   <trkpt lat="52.0161" lon="4.72194">
    <ele>-0.08</ele>
   </trkpt>
   <trkpt lat="52.01606" lon="4.721900000000001">
    <ele>-0.04</ele>
   </trkpt>
   <trkpt lat="52.016020000000005" lon="4.72182">
    <ele>-0.04</ele>
   </trkpt>
   <trkpt lat="52.016000000000005" lon="4.721780000000001">
    <ele>0.01</ele>
   </trkpt>
   <trkpt lat="52.01605000000001" lon="4.72173">
    <ele>0.01</ele>
   </trkpt>
   <trkpt lat="52.016070000000006" lon="4.72168">
    <ele>0.01</ele>
   </trkpt>
   <trkpt lat="52.01616003086104" lon="4.72033001083789">
    <ele>-0.62</ele>
   </trkpt>
   <trkpt lat="52.016250046292534" lon="4.718980016242836">
    <ele>-0.42</ele>
   </trkpt>
   <trkpt lat="52.016340046294395" lon="4.717630016215726">
    <ele>-0.63</ele>
   </trkpt>
   <trkpt lat="52.016430030866495" lon="4.716280010757454">
    <ele>-0.5</ele>
   </trkpt>
   <trkpt lat="52.01652000000001" lon="4.714930000000001">
    <ele>-0.62</ele>
   </trkpt>
   <trkpt lat="52.01656000251317" lon="4.714160000623763">
    <ele>-0.68</ele>
   </trkpt>
   <trkpt lat="52.016600000000004" lon="4.71339">
    <ele>-0.75</ele>
   </trkpt>
   <trkpt lat="52.016630000000006" lon="4.7125200000000005">
    <ele>-0.71</ele>
   </trkpt>
   <trkpt lat="52.01670500543369" lon="4.711385002197859">
    <ele>-0.79</ele>
   </trkpt>
   <trkpt lat="52.016780000000004" lon="4.71025">
    <ele>0.42</ele>
   </trkpt>
   <trkpt lat="52.016740000000006" lon="4.7102900000000005">
    <ele>0.43000000000000005</ele>
   </trkpt>
   <trkpt lat="52.016690000000004" lon="4.709510000000001">
    <ele>-1.2300000000000002</ele>
   </trkpt>
   <trkpt lat="52.017160000072224" lon="4.709440000727748">
    <ele>-2.6400000000000006</ele>
   </trkpt>
   <trkpt lat="52.017630000000004" lon="4.709370000000001">
    <ele>-1.34</ele>
   </trkpt>
   <trkpt lat="52.01807" lon="4.70939">
    <ele>-0.88</ele>
   </trkpt>
   <trkpt lat="52.01825" lon="4.709510000000001">
    <ele>-0.75</ele>
   </trkpt>
   <trkpt lat="52.01852" lon="4.70948">
    <ele>-0.71</ele>
   </trkpt>
   <trkpt lat="52.018550000000005" lon="4.709420000000001">
    <ele>-0.71</ele>
   </trkpt>
   <trkpt lat="52.018640000000005" lon="4.70934">
    <ele>-0.71</ele>
   </trkpt>
   <trkpt lat="52.018930000000005" lon="4.709210000000001">
    <ele>1.97</ele>
   </trkpt>
   <trkpt lat="52.01903" lon="4.709110000000001">
    <ele>1.97</ele>
   </trkpt>
   <trkpt lat="52.019700000203315" lon="4.70893000267824">
    <ele>1.17</ele>
   </trkpt>
   <trkpt lat="52.02037000000001" lon="4.70875">
    <ele>0.29</ele>
   </trkpt>
   <trkpt lat="52.02106666694116" lon="4.7085766720609294">
    <ele>-0.92</ele>
   </trkpt>
   <trkpt lat="52.02176333362795" lon="4.708403338722687">
    <ele>-0.92</ele>
   </trkpt>
   <trkpt lat="52.02246" lon="4.70823">
    <ele>-0.92</ele>
   </trkpt>
   <trkpt lat="52.02299000000001" lon="4.70805">
    <ele>-0.99</ele>
   </trkpt>
   <trkpt lat="52.02317000000001" lon="4.70793">
    <ele>-0.99</ele>
   </trkpt>
   <trkpt lat="52.02331" lon="4.7077800000000005">
    <ele>-1.01</ele>
   </trkpt>
   <trkpt lat="52.02347" lon="4.7075700000000005">
    <ele>-1.01</ele>
   </trkpt>
   <trkpt lat="52.023935001662" lon="4.706935006663073">
    <ele>-1.16</ele>
   </trkpt>
   <trkpt lat="52.02440000000001" lon="4.706300000000001">
    <ele>-1.24</ele>
   </trkpt>
   <trkpt lat="52.024640000000005" lon="4.70594">
    <ele>-1.33</ele>
   </trkpt>
   <trkpt lat="52.02511667042215" lon="4.705276680763775">
    <ele>-1.4400000000000002</ele>
   </trkpt>
   <trkpt lat="52.02559333711942" lon="4.704613347388058">
    <ele>-1.37</ele>
   </trkpt>
   <trkpt lat="52.026070000000004" lon="4.703950000000001">
    <ele>-1.33</ele>
   </trkpt>
   <trkpt lat="52.02673113846686" lon="4.703051217423363">
    <ele>-1.54</ele>
   </trkpt>
   <trkpt lat="52.02739227009503" lon="4.702152408272142">
    <ele>-1.67</ele>
   </trkpt>
   <trkpt lat="52.02805339488415" lon="4.701253572545195">
    <ele>-1.51</ele>
   </trkpt>
   <trkpt lat="52.02871451283387" lon="4.7003547102413785">
    <ele>-1.53</ele>
   </trkpt>
   <trkpt lat="52.029375623943814" lon="4.699455821359548">
    <ele>-1.58</ele>
   </trkpt>
   <trkpt lat="52.03003672821361" lon="4.6985569058985615">
    <ele>-1.67</ele>
   </trkpt>
   <trkpt lat="52.03069782564289" lon="4.697657963857277">
    <ele>-1.41</ele>
   </trkpt>
   <trkpt lat="52.031358916231326" lon="4.696758995234549">
    <ele>-1.26</ele>
   </trkpt>
   <trkpt lat="52.03202" lon="4.695860000000001">
    <ele>-1.2300000000000002</ele>
   </trkpt>
   <trkpt lat="52.032610000000005" lon="4.69502">
    <ele>-1.24</ele>
   </trkpt>
   <trkpt lat="52.03311000000001" lon="4.694260000000001">
    <ele>-1.33</ele>
   </trkpt>
   <trkpt lat="52.033100000000005" lon="4.6942">
    <ele>-1.33</ele>
   </trkpt>
   <trkpt lat="52.03314" lon="4.6942">
    <ele>-1.33</ele>
   </trkpt>
   <trkpt lat="52.033190000000005" lon="4.69414">
    <ele>-1.33</ele>
   </trkpt>
   <trkpt lat="52.03372" lon="4.6932100000000005">
    <ele>-1.41</ele>
   </trkpt>
   <trkpt lat="52.03424500206002" lon="4.692515008140363">
    <ele>-1.5</ele>
   </trkpt>
   <trkpt lat="52.03477" lon="4.691820000000001">
    <ele>-1.84</ele>
   </trkpt>
   <trkpt lat="52.03492000000001" lon="4.69148">
    <ele>-1.93</ele>
   </trkpt>
   <trkpt lat="52.03546500274044" lon="4.690675009816627">
    <ele>-2.0900000000000003</ele>
   </trkpt>
   <trkpt lat="52.036010000000005" lon="4.68987">
    <ele>-1.93</ele>
   </trkpt>
   <trkpt lat="52.03647" lon="4.689240000000001">
    <ele>-1.76</ele>
   </trkpt>
   <trkpt lat="52.03658" lon="4.68911">
    <ele>-1.58</ele>
   </trkpt>
   <trkpt lat="52.0367" lon="4.689030000000001">
    <ele>-1.58</ele>
   </trkpt>
   <trkpt lat="52.03731333406456" lon="4.688723341780572">
    <ele>-1.67</ele>
   </trkpt>
   <trkpt lat="52.03792666733307" lon="4.688416675146455">
    <ele>-1.75</ele>
   </trkpt>
   <trkpt lat="52.038540000000005" lon="4.68811">
    <ele>-1.84</ele>
   </trkpt>
   <trkpt lat="52.03869" lon="4.6880500000000005">
    <ele>-1.87</ele>
   </trkpt>
   <trkpt lat="52.039552000286676" lon="4.6879200100276135">
    <ele>-2.14</ele>
   </trkpt>
   <trkpt lat="52.0404140004303" lon="4.687790015041725">
    <ele>-2.02</ele>
   </trkpt>
   <trkpt lat="52.04127600043089" lon="4.687660015041985">
    <ele>-2.2600000000000002</ele>
   </trkpt>
   <trkpt lat="52.042138000288446" lon="4.687530010028047">
    <ele>-2.4400000000000004</ele>
   </trkpt>
   <trkpt lat="52.043000000000006" lon="4.6874">
    <ele>-1.67</ele>
   </trkpt>
   <trkpt lat="52.043110000000006" lon="4.68736">
    <ele>-1.79</ele>
   </trkpt>
   <trkpt lat="52.043150000000004" lon="4.68724">
    <ele>-1.79</ele>
   </trkpt>
   <trkpt lat="52.04336000000001" lon="4.6868300000000005">
    <ele>-1.9500000000000002</ele>
   </trkpt>
   <trkpt lat="52.04365000000001" lon="4.68627">
    <ele>-1.99</ele>
   </trkpt>
   <trkpt lat="52.04386" lon="4.68576">
    <ele>-2.12</ele>
   </trkpt>
   <trkpt lat="52.04388" lon="4.68545">
    <ele>-2.14</ele>
   </trkpt>
   <trkpt lat="52.04390751650146" lon="4.684310002046215">
    <ele>-2.14</ele>
   </trkpt>
   <trkpt lat="52.04393502200291" lon="4.683170002688987">
    <ele>-2.1</ele>
   </trkpt>
   <trkpt lat="52.043962516504315" lon="4.682030001928877">
    <ele>-2.0100000000000002</ele>
   </trkpt>
   <trkpt lat="52.04399" lon="4.680890000000001">
    <ele>-2.0100000000000002</ele>
   </trkpt>
   <trkpt lat="52.04397" lon="4.6802600000000005">
    <ele>-2.2600000000000002</ele>
   </trkpt>
   <trkpt lat="52.0439" lon="4.6798">
    <ele>-2.25</ele>
   </trkpt>
   <trkpt lat="52.043890000000005" lon="4.6795100000000005">
    <ele>-2.25</ele>
   </trkpt>
   <trkpt lat="52.043910002806754" lon="4.678695000541062">
    <ele>-2.15</ele>
   </trkpt>
   <trkpt lat="52.04393" lon="4.67788">
    <ele>-1.93</ele>
   </trkpt>
   <trkpt lat="52.04397" lon="4.6778200000000005">
    <ele>-1.93</ele>
   </trkpt>
   <trkpt lat="52.04402" lon="4.677090000000001">
    <ele>-1.98</ele>
   </trkpt>
   <trkpt lat="52.04404000915341" lon="4.6760500010048744">
    <ele>-2.1</ele>
   </trkpt>
   <trkpt lat="52.044060009152005" lon="4.675010001078752">
    <ele>-2.14</ele>
   </trkpt>
   <trkpt lat="52.04408" lon="4.673970000000001">
    <ele>-1.77</ele>
   </trkpt>
   <trkpt lat="52.04412001350937" lon="4.672706668913409">
    <ele>-1.9400000000000002</ele>
   </trkpt>
   <trkpt lat="52.04416001350984" lon="4.671443335565102">
    <ele>-1.93</ele>
   </trkpt>
   <trkpt lat="52.044200000000004" lon="4.67018">
    <ele>-2.0</ele>
   </trkpt>
   <trkpt lat="52.04422" lon="4.668880000000001">
    <ele>-1.93</ele>
   </trkpt>
   <trkpt lat="52.04421000000001" lon="4.66814">
    <ele>-1.93</ele>
   </trkpt>
   <trkpt lat="52.044200000000004" lon="4.667890000000001">
    <ele>-1.93</ele>
   </trkpt>
   <trkpt lat="52.04411" lon="4.6671700000000005">
    <ele>-1.79</ele>
   </trkpt>
   <trkpt lat="52.044070000000005" lon="4.6665600000000005">
    <ele>-1.84</ele>
   </trkpt>
   <trkpt lat="52.04403334413898" lon="4.665429998076445">
    <ele>-1.87</ele>
   </trkpt>
   <trkpt lat="52.043996677470055" lon="4.664299998006729">
    <ele>-1.93</ele>
   </trkpt>
   <trkpt lat="52.043960000000006" lon="4.66317">
    <ele>-1.93</ele>
   </trkpt>
   <trkpt lat="52.0439" lon="4.6621500000000005">
    <ele>-1.5</ele>
   </trkpt>
   <trkpt lat="52.04387000397898" lon="4.661179999252269">
    <ele>0.6000000000000001</ele>
   </trkpt>
   <trkpt lat="52.04384" lon="4.66021">
    <ele>2.33</ele>
   </trkpt>
   <trkpt lat="52.04393" lon="4.6593100000000005">
    <ele>1.68</ele>
   </trkpt>
   <trkpt lat="52.04401000000001" lon="4.65876">
    <ele>1.0</ele>
   </trkpt>
   <trkpt lat="52.04417" lon="4.658040000000001">
    <ele>-1.54</ele>
   </trkpt>
   <trkpt lat="52.044290000000004" lon="4.65733">
    <ele>-1.85</ele>
   </trkpt>
   <trkpt lat="52.044380000000004" lon="4.656490000000001">
    <ele>-1.87</ele>
   </trkpt>
   <trkpt lat="52.04451500365057" lon="4.6555600028763715">
    <ele>-1.84</ele>
   </trkpt>
   <trkpt lat="52.044650000000004" lon="4.65463">
    <ele>-1.76</ele>
   </trkpt>
   <trkpt lat="52.04469" lon="4.6545000000000005">
    <ele>-1.76</ele>
   </trkpt>
   <trkpt lat="52.044650000000004" lon="4.65446">
    <ele>-1.75</ele>
   </trkpt>
   <trkpt lat="52.04469" lon="4.65434">
    <ele>-1.7000000000000002</ele>
   </trkpt>
   <trkpt lat="52.04468000000001" lon="4.6542200000000005">
    <ele>-1.7000000000000002</ele>
   </trkpt>
   <trkpt lat="52.044720000000005" lon="4.65413">
    <ele>-1.67</ele>
   </trkpt>
   <trkpt lat="52.04477000000001" lon="4.654120000000001">
    <ele>-1.67</ele>
   </trkpt>
   <trkpt lat="52.044810000000005" lon="4.6541500000000005">
    <ele>-1.67</ele>
   </trkpt>
   <trkpt lat="52.04484000000001" lon="4.65423">
    <ele>-1.67</ele>
   </trkpt>
   <trkpt lat="52.04496" lon="4.6542900000000005">
    <ele>-2.1300000000000003</ele>
   </trkpt>
   <trkpt lat="52.045230000000004" lon="4.654380000000001">
    <ele>-2.33</ele>
   </trkpt>
   <trkpt lat="52.04556" lon="4.6544300000000005">
    <ele>-2.86</ele>
   </trkpt>
   <trkpt lat="52.04589000000001" lon="4.65442">
    <ele>-4.0200000000000005</ele>
   </trkpt>
   <trkpt lat="52.04635500016345" lon="4.654335000860144">
    <ele>-4.45</ele>
   </trkpt>
   <trkpt lat="52.046820000000004" lon="4.65425">
    <ele>-4.7</ele>
   </trkpt>
   <trkpt lat="52.046820000000004" lon="4.654240000000001">
    <ele>-4.72</ele>
   </trkpt>
   <trkpt lat="52.046756674678505" lon="4.653266663804314">
    <ele>-4.83</ele>
   </trkpt>
   <trkpt lat="52.04669334133843" lon="4.652293330367271">
    <ele>-4.72</ele>
   </trkpt>
   <trkpt lat="52.04663000000001" lon="4.65132">
    <ele>-4.68</ele>
   </trkpt>
   <trkpt lat="52.046530000000004" lon="4.65123">
    <ele>-4.68</ele>
   </trkpt>
   <trkpt lat="52.04590500075214" lon="4.65080999413004">
    <ele>-2.86</ele>
   </trkpt>
   <trkpt lat="52.045280000000005" lon="4.650390000000001">
    <ele>-1.37</ele>
   </trkpt>
   <trkpt lat="52.045350000000006" lon="4.65024">
    <ele>-1.37</ele>
   </trkpt>
   <trkpt lat="52.045440000000006" lon="4.64972">
    <ele>-1.24</ele>
   </trkpt>
   <trkpt lat="52.04547" lon="4.6492700000000005">
    <ele>-1.7000000000000002</ele>
   </trkpt>
   <trkpt lat="52.04567" lon="4.64794">
    <ele>-1.93</ele>
   </trkpt>
   <trkpt lat="52.04574" lon="4.647690000000001">
    <ele>-1.84</ele>
   </trkpt>
   <trkpt lat="52.045750000000005" lon="4.64743">
    <ele>-1.93</ele>
   </trkpt>
   <trkpt lat="52.0459" lon="4.6464300000000005">
    <ele>-1.93</ele>
   </trkpt>
   <trkpt lat="52.04601" lon="4.645910000000001">
    <ele>-1.6900000000000002</ele>
   </trkpt>
   <trkpt lat="52.04608" lon="4.64585">
    <ele>-1.59</ele>
   </trkpt>
   <trkpt lat="52.046110000000006" lon="4.64574">
    <ele>-1.67</ele>
   </trkpt>
   <trkpt lat="52.04609000000001" lon="4.64564">
    <ele>-1.84</ele>
   </trkpt>
   <trkpt lat="52.046040000000005" lon="4.64559">
    <ele>-1.84</ele>
   </trkpt>
   <trkpt lat="52.046130000000005" lon="4.6452">
    <ele>-1.86</ele>
   </trkpt>
   <trkpt lat="52.04621" lon="4.64468">
    <ele>-1.77</ele>
   </trkpt>
   <trkpt lat="52.04632" lon="4.64369">
    <ele>-1.84</ele>
   </trkpt>
   <trkpt lat="52.04646" lon="4.64283">
    <ele>-1.5</ele>
   </trkpt>
   <trkpt lat="52.04663000000001" lon="4.64151">
    <ele>-1.58</ele>
   </trkpt>
   <trkpt lat="52.04604499994081" lon="4.641454999273276">
    <ele>-1.7000000000000002</ele>
   </trkpt>
   <trkpt lat="52.045460000000006" lon="4.6414">
    <ele>-2.36</ele>
   </trkpt>
   <trkpt lat="52.04531000000001" lon="4.64137">
    <ele>-2.97</ele>
   </trkpt>
   <trkpt lat="52.045120000000004" lon="4.64113">
    <ele>-3.98</ele>
   </trkpt>
   <trkpt lat="52.04454377528548" lon="4.640206166636955">
    <ele>-5.42</ele>
   </trkpt>
   <trkpt lat="52.04396754334727" lon="4.6392823570958015">
    <ele>-5.760000000000001</ele>
   </trkpt>
   <trkpt lat="52.043391304185725" lon="4.638358571375731">
    <ele>-5.53</ele>
   </trkpt>
   <trkpt lat="52.04281505780114" lon="4.637434809475933">
    <ele>-5.46</ele>
   </trkpt>
   <trkpt lat="52.0422388041939" lon="4.636511071395598">
    <ele>-5.38</ele>
   </trkpt>
   <trkpt lat="52.041662543364325" lon="4.635587357133917">
    <ele>-5.44</ele>
   </trkpt>
   <trkpt lat="52.04108627531273" lon="4.634663666690081">
    <ele>-5.3100000000000005</ele>
   </trkpt>
   <trkpt lat="52.040510000000005" lon="4.63374">
    <ele>-5.13</ele>
   </trkpt>
   <trkpt lat="52.039940020699206" lon="4.632837073779104">
    <ele>-5.0600000000000005</ele>
   </trkpt>
   <trkpt lat="52.0393700344977" lon="4.631934170584824">
    <ele>-5.5</ele>
   </trkpt>
   <trkpt lat="52.038800041395824" lon="4.631031290416376">
    <ele>-5.78</ele>
   </trkpt>
   <trkpt lat="52.03823004139387" lon="4.630128433272982">
    <ele>-5.57</ele>
   </trkpt>
   <trkpt lat="52.037660034492156" lon="4.62922559915386">
    <ele>-5.55</ele>
   </trkpt>
   <trkpt lat="52.037090020691004" lon="4.628322788058229">
    <ele>-5.49</ele>
   </trkpt>
   <trkpt lat="52.03652" lon="4.627420000000001">
    <ele>-5.53</ele>
   </trkpt>
   <trkpt lat="52.036015002933006" lon="4.626589990652832">
    <ele>-5.55</ele>
   </trkpt>
   <trkpt lat="52.03551" lon="4.6257600000000005">
    <ele>-5.44</ele>
   </trkpt>
   <trkpt lat="52.03514000145876" lon="4.625184995333647">
    <ele>-5.3</ele>
   </trkpt>
   <trkpt lat="52.03477" lon="4.6246100000000006">
    <ele>-5.29</ele>
   </trkpt>
   <trkpt lat="52.03532501069008" lon="4.623692534167125">
    <ele>-6.16</ele>
   </trkpt>
   <trkpt lat="52.03588001425477" lon="4.622775045554793">
    <ele>-6.29</ele>
   </trkpt>
   <trkpt lat="52.03643501069377" lon="4.621857534162275">
    <ele>-5.95</ele>
   </trkpt>
   <trkpt lat="52.03699" lon="4.62094">
    <ele>-6.0600000000000005</ele>
   </trkpt>
   <trkpt lat="52.037020000000005" lon="4.620850000000001">
    <ele>-6.0600000000000005</ele>
   </trkpt>
   <trkpt lat="52.03708" lon="4.6202700000000005">
    <ele>-6.0200000000000005</ele>
   </trkpt>
   <trkpt lat="52.03712" lon="4.620240000000001">
    <ele>-6.0200000000000005</ele>
   </trkpt>
   <trkpt lat="52.03734000000001" lon="4.6202700000000005">
    <ele>-6.23</ele>
   </trkpt>
   <trkpt lat="52.037440000000004" lon="4.62021">
    <ele>-6.23</ele>
   </trkpt>
   <trkpt lat="52.03804627977884" lon="4.619207595161673">
    <ele>-6.1000000000000005</ele>
   </trkpt>
   <trkpt lat="52.038652551052046" lon="4.618205163133225">
    <ele>-5.930000000000001</ele>
   </trkpt>
   <trkpt lat="52.03925881381925" lon="4.617202703913707">
    <ele>-5.85</ele>
   </trkpt>
   <trkpt lat="52.03986506808" lon="4.616200217502169">
    <ele>-5.91</ele>
   </trkpt>
   <trkpt lat="52.04047131383391" lon="4.615197703897664">
    <ele>-5.91</ele>
   </trkpt>
   <trkpt lat="52.04107755108052" lon="4.6141951630992395">
    <ele>-5.74</ele>
   </trkpt>
   <trkpt lat="52.04168377981946" lon="4.613192595105947">
    <ele>-5.68</ele>
   </trkpt>
   <trkpt lat="52.04229" lon="4.61219">
    <ele>-5.36</ele>
   </trkpt>
   <trkpt lat="52.04287835352348" lon="4.611213397604352">
    <ele>-5.670000000000001</ele>
   </trkpt>
   <trkpt lat="52.04346669897393" lon="4.610236769497262">
    <ele>-5.890000000000001</ele>
   </trkpt>
   <trkpt lat="52.044055036350976" lon="4.609260115677859">
    <ele>-5.83</ele>
   </trkpt>
   <trkpt lat="52.04464336565424" lon="4.608283436145275">
    <ele>-5.82</ele>
   </trkpt>
   <trkpt lat="52.045231686883334" lon="4.6073067308986415">
    <ele>-5.78</ele>
   </trkpt>
   <trkpt lat="52.045820000000006" lon="4.606330000000001">
    <ele>-4.96</ele>
   </trkpt>
   <trkpt lat="52.04589000000001" lon="4.60629">
    <ele>-4.96</ele>
   </trkpt>
   <trkpt lat="52.045790000000004" lon="4.60512">
    <ele>-4.96</ele>
   </trkpt>
   <trkpt lat="52.04581" lon="4.60496">
    <ele>-4.79</ele>
   </trkpt>
   <trkpt lat="52.045930000000006" lon="4.604480000000001">
    <ele>-4.79</ele>
   </trkpt>
   <trkpt lat="52.045950000000005" lon="4.604290000000001">
    <ele>-4.83</ele>
   </trkpt>
   <trkpt lat="52.04592" lon="4.60388">
    <ele>-4.83</ele>
   </trkpt>
   <trkpt lat="52.04581334606631" lon="4.6026533274437575">
    <ele>-4.79</ele>
   </trkpt>
   <trkpt lat="52.045706679396666" lon="4.601426660742743">
    <ele>-4.79</ele>
   </trkpt>
   <trkpt lat="52.04560000000001" lon="4.6002">
    <ele>-5.0</ele>
   </trkpt>
   <trkpt lat="52.04547802808231" lon="4.5989119859292735">
    <ele>-4.96</ele>
   </trkpt>
   <trkpt lat="52.04535604212297" lon="4.597623978889472">
    <ele>-5.0200000000000005</ele>
   </trkpt>
   <trkpt lat="52.04523404212213" lon="4.596335978881336">
    <ele>-4.79</ele>
   </trkpt>
   <trkpt lat="52.04511202807991" lon="4.595047985905605">
    <ele>-4.87</ele>
   </trkpt>
   <trkpt lat="52.044990000000006" lon="4.5937600000000005">
    <ele>-4.79</ele>
   </trkpt>
   <trkpt lat="52.04488000632564" lon="4.592539997292795">
    <ele>-4.68</ele>
   </trkpt>
   <trkpt lat="52.04477000000001" lon="4.5913200000000005">
    <ele>-4.66</ele>
   </trkpt>
   <trkpt lat="52.04487" lon="4.5913200000000005">
    <ele>-3.96</ele>
   </trkpt>
   <trkpt lat="52.044920000000005" lon="4.59137">
    <ele>-3.5</ele>
   </trkpt>
   <trkpt lat="52.044940000000004" lon="4.591290000000001">
    <ele>-3.5</ele>
   </trkpt>
   <trkpt lat="52.045030000000004" lon="4.5912500000000005">
    <ele>-3.5</ele>
   </trkpt>
   <trkpt lat="52.0448986110154" lon="4.5900014065569295">
    <ele>-3.4800000000000004</ele>
   </trkpt>
   <trkpt lat="52.044767208835424" lon="4.5887528204556105">
    <ele>-3.33</ele>
   </trkpt>
   <trkpt lat="52.04463579346028" lon="4.587504241696703">
    <ele>-3.16</ele>
   </trkpt>
   <trkpt lat="52.04450436489004" lon="4.586255670280866">
    <ele>-3.1300000000000003</ele>
   </trkpt>
   <trkpt lat="52.04437292312489" lon="4.585007106208757">
    <ele>-3.67</ele>
   </trkpt>
   <trkpt lat="52.04424146816495" lon="4.583758549481039">
    <ele>-3.8300000000000005</ele>
   </trkpt>
   <trkpt lat="52.04411" lon="4.58251">
    <ele>-3.67</ele>
   </trkpt>
   <trkpt lat="52.04403000000001" lon="4.58211">
    <ele>-3.69</ele>
   </trkpt>
   <trkpt lat="52.04401000000001" lon="4.58147">
    <ele>-3.22</ele>
   </trkpt>
   <trkpt lat="52.0439150028268" lon="4.580649998094275">
    <ele>-2.9600000000000004</ele>
   </trkpt>
   <trkpt lat="52.043820000000004" lon="4.57983">
    <ele>-2.65</ele>
   </trkpt>
   <trkpt lat="52.043820000000004" lon="4.57939">
    <ele>-2.5100000000000002</ele>
   </trkpt>
   <trkpt lat="52.043890000000005" lon="4.579160000000001">
    <ele>-2.5100000000000002</ele>
   </trkpt>
   <trkpt lat="52.04402" lon="4.57889">
    <ele>-2.48</ele>
   </trkpt>
   <trkpt lat="52.043925004833845" lon="4.577819997596358">
    <ele>-2.1</ele>
   </trkpt>
   <trkpt lat="52.04383000000001" lon="4.5767500000000005">
    <ele>-1.93</ele>
   </trkpt>
   <trkpt lat="52.04380500240566" lon="4.575994999374108">
    <ele>-1.93</ele>
   </trkpt>
   <trkpt lat="52.043780000000005" lon="4.57524">
    <ele>-2.18</ele>
   </trkpt>
   <trkpt lat="52.043760000000006" lon="4.5751">
    <ele>-2.14</ele>
   </trkpt>
   <trkpt lat="52.04364" lon="4.57495">
    <ele>-2.14</ele>
   </trkpt>
   <trkpt lat="52.043510000000005" lon="4.574890000000001">
    <ele>-2.17</ele>
   </trkpt>
   <trkpt lat="52.04346" lon="4.5747800000000005">
    <ele>-2.74</ele>
   </trkpt>
   <trkpt lat="52.04339" lon="4.57409">
    <ele>-3.08</ele>
   </trkpt>
   <trkpt lat="52.04339" lon="4.57399">
    <ele>-3.23</ele>
   </trkpt>
   <trkpt lat="52.04343" lon="4.57395">
    <ele>-3.74</ele>
   </trkpt>
   <trkpt lat="52.043940000000006" lon="4.57383">
    <ele>-4.78</ele>
   </trkpt>
   <trkpt lat="52.04388" lon="4.57317">
    <ele>-5.0</ele>
   </trkpt>
   <trkpt lat="52.043870000000005" lon="4.57225">
    <ele>-4.79</ele>
   </trkpt>
   <trkpt lat="52.04374000000001" lon="4.57148">
    <ele>-4.79</ele>
   </trkpt>
   <trkpt lat="52.04368" lon="4.57097">
    <ele>-4.79</ele>
   </trkpt>
   <trkpt lat="52.0437" lon="4.56982">
    <ele>-4.62</ele>
   </trkpt>
   <trkpt lat="52.04381000000001" lon="4.5698300000000005">
    <ele>-4.7</ele>
   </trkpt>
   <trkpt lat="52.04373500243247" lon="4.569069998603102">
    <ele>-5.13</ele>
   </trkpt>
   <trkpt lat="52.04366" lon="4.56831">
    <ele>-4.62</ele>
   </trkpt>
   <trkpt lat="52.04308" lon="4.56822">
    <ele>-4.4</ele>
   </trkpt>
   <trkpt lat="52.04278000000001" lon="4.56824">
    <ele>-4.38</ele>
   </trkpt>
   <trkpt lat="52.042750000000005" lon="4.56796">
    <ele>-4.38</ele>
   </trkpt>
   <trkpt lat="52.042910000000006" lon="4.567550000000001">
    <ele>-5.17</ele>
   </trkpt>
   <trkpt lat="52.04294" lon="4.567340000000001">
    <ele>-5.47</ele>
   </trkpt>
   <trkpt lat="52.04283001029816" lon="4.566236661178047">
    <ele>-5.55</ele>
   </trkpt>
   <trkpt lat="52.04272001029237" lon="4.565133327786684">
    <ele>-5.36</ele>
   </trkpt>
   <trkpt lat="52.04261" lon="4.564030000000001">
    <ele>-5.12</ele>
   </trkpt>
   <trkpt lat="52.04262000000001" lon="4.5635900000000005">
    <ele>-4.96</ele>
   </trkpt>
   <trkpt lat="52.04256" lon="4.563090000000001">
    <ele>-4.3</ele>
   </trkpt>
   <trkpt lat="52.042530000000006" lon="4.56287">
    <ele>-3.8300000000000005</ele>
   </trkpt>
   <trkpt lat="52.042460000000005" lon="4.5626500000000005">
    <ele>-3.3200000000000003</ele>
   </trkpt>
   <trkpt lat="52.0424500028818" lon="4.561824999922625">
    <ele>-0.59</ele>
   </trkpt>
   <trkpt lat="52.042440000000006" lon="4.561">
    <ele>-1.16</ele>
   </trkpt>
   <trkpt lat="52.04242000000001" lon="4.560930000000001">
    <ele>-1.43</ele>
   </trkpt>
   <trkpt lat="52.042280000000005" lon="4.5609">
    <ele>-1.67</ele>
   </trkpt>
   <trkpt lat="52.04215000000001" lon="4.56092">
    <ele>-1.84</ele>
   </trkpt>
   <trkpt lat="52.042010000000005" lon="4.56097">
    <ele>-1.84</ele>
   </trkpt>
   <trkpt lat="52.04169" lon="4.56118">
    <ele>-1.67</ele>
   </trkpt>
   <trkpt lat="52.041650000000004" lon="4.56118">
    <ele>-1.93</ele>
   </trkpt>
   <trkpt lat="52.0416" lon="4.56106">
    <ele>-2.14</ele>
   </trkpt>
   <trkpt lat="52.04175000000001" lon="4.5602100000000005">
    <ele>-2.35</ele>
   </trkpt>
   <trkpt lat="52.04198290630449" lon="4.558818614925029">
    <ele>-2.41</ele>
   </trkpt>
   <trkpt lat="52.04221579622228" lon="4.557427215350019">
    <ele>-2.45</ele>
   </trkpt>
   <trkpt lat="52.042448669753036" lon="4.556035801275718">
    <ele>-2.35</ele>
   </trkpt>
   <trkpt lat="52.0426815268965" lon="4.5546443727028745">
    <ele>-2.31</ele>
   </trkpt>
   <trkpt lat="52.04291436765235" lon="4.553252929632236">
    <ele>-2.5</ele>
   </trkpt>
   <trkpt lat="52.04314719202024" lon="4.551861472064549">
    <ele>-2.73</ele>
   </trkpt>
   <trkpt lat="52.043380000000006" lon="4.550470000000001">
    <ele>-2.65</ele>
   </trkpt>
   <trkpt lat="52.043595005331056" lon="4.54935000527151">
    <ele>-2.65</ele>
   </trkpt>
   <trkpt lat="52.04381000000001" lon="4.54823">
    <ele>-2.56</ele>
   </trkpt>
   <trkpt lat="52.04401000000001" lon="4.5470500000000005">
    <ele>-2.32</ele>
   </trkpt>
   <trkpt lat="52.04410000000001" lon="4.54685">
    <ele>-2.32</ele>
   </trkpt>
   <trkpt lat="52.04410000000001" lon="4.54659">
    <ele>-2.48</ele>
   </trkpt>
   <trkpt lat="52.044250000000005" lon="4.54586">
    <ele>-2.0100000000000002</ele>
   </trkpt>
   <trkpt lat="52.04424" lon="4.54548">
    <ele>-2.43</ele>
   </trkpt>
   <trkpt lat="52.0444" lon="4.5446800000000005">
    <ele>-2.85</ele>
   </trkpt>
   <trkpt lat="52.044520000000006" lon="4.54452">
    <ele>-3.3100000000000005</ele>
   </trkpt>
   <trkpt lat="52.044610000000006" lon="4.5444700000000005">
    <ele>-3.3100000000000005</ele>
   </trkpt>
   <trkpt lat="52.044720000000005" lon="4.54448">
    <ele>-3.3100000000000005</ele>
   </trkpt>
   <trkpt lat="52.045460000000006" lon="4.544840000000001">
    <ele>-5.19</ele>
   </trkpt>
   <trkpt lat="52.04552" lon="4.5448200000000005">
    <ele>-5.19</ele>
   </trkpt>
   <trkpt lat="52.04558" lon="4.54474">
    <ele>-5.25</ele>
   </trkpt>
   <trkpt lat="52.045700000000004" lon="4.5441">
    <ele>-4.83</ele>
   </trkpt>
   <trkpt lat="52.045660000000005" lon="4.54384">
    <ele>-4.83</ele>
   </trkpt>
   <trkpt lat="52.04554" lon="4.54375">
    <ele>-4.81</ele>
   </trkpt>
   <trkpt lat="52.045390000000005" lon="4.54368">
    <ele>-4.47</ele>
   </trkpt>
   <trkpt lat="52.04479333363022" lon="4.543466660938865">
    <ele>-3.0700000000000003</ele>
   </trkpt>
   <trkpt lat="52.04419666687523" lon="4.5432533275740425">
    <ele>-3.0700000000000003</ele>
   </trkpt>
   <trkpt lat="52.043600000000005" lon="4.54304">
    <ele>-4.890000000000001</ele>
   </trkpt>
   <trkpt lat="52.043240000000004" lon="4.542870000000001">
    <ele>-4.49</ele>
   </trkpt>
   <trkpt lat="52.04316000000001" lon="4.542820000000001">
    <ele>-4.49</ele>
   </trkpt>
   <trkpt lat="52.04308" lon="4.54274">
    <ele>-4.57</ele>
   </trkpt>
   <trkpt lat="52.04292" lon="4.542520000000001">
    <ele>-4.53</ele>
   </trkpt>
   <trkpt lat="52.042820000000006" lon="4.54222">
    <ele>-4.53</ele>
   </trkpt>
   <trkpt lat="52.04269000000001" lon="4.5414900000000005">
    <ele>-4.45</ele>
   </trkpt>
   <trkpt lat="52.04262000000001" lon="4.54128">
    <ele>-4.45</ele>
   </trkpt>
   <trkpt lat="52.04254" lon="4.540660000000001">
    <ele>-4.45</ele>
   </trkpt>
   <trkpt lat="52.04245" lon="4.540170000000001">
    <ele>-4.49</ele>
   </trkpt>
   <trkpt lat="52.042410000000004" lon="4.54006">
    <ele>-4.45</ele>
   </trkpt>
   <trkpt lat="52.042280000000005" lon="4.53986">
    <ele>-4.45</ele>
   </trkpt>
   <trkpt lat="52.04153" lon="4.53945">
    <ele>-4.890000000000001</ele>
   </trkpt>
   <trkpt lat="52.04144" lon="4.539420000000001">
    <ele>-4.96</ele>
   </trkpt>
   <trkpt lat="52.04124" lon="4.53943">
    <ele>-4.890000000000001</ele>
   </trkpt>
   <trkpt lat="52.04115" lon="4.539470000000001">
    <ele>-4.890000000000001</ele>
   </trkpt>
   <trkpt lat="52.04104" lon="4.53958">
    <ele>-4.7</ele>
   </trkpt>
   <trkpt lat="52.04092000000001" lon="4.539840000000001">
    <ele>-4.17</ele>
   </trkpt>
   <trkpt lat="52.040710000000004" lon="4.54002">
    <ele>-4.13</ele>
   </trkpt>
   <trkpt lat="52.040670000000006" lon="4.540050000000001">
    <ele>-4.13</ele>
   </trkpt>
   <trkpt lat="52.04055" lon="4.54002">
    <ele>-4.28</ele>
   </trkpt>
   <trkpt lat="52.040490000000005" lon="4.54004">
    <ele>-4.28</ele>
   </trkpt>
   <trkpt lat="52.039880000913634" lon="4.540520006598677">
    <ele>-4.49</ele>
   </trkpt>
   <trkpt lat="52.03927" lon="4.541">
    <ele>-4.51</ele>
   </trkpt>
   <trkpt lat="52.03915000000001" lon="4.54107">
    <ele>-4.51</ele>
   </trkpt>
   <trkpt lat="52.03907" lon="4.541060000000001">
    <ele>-4.47</ele>
   </trkpt>
   <trkpt lat="52.03860000017707" lon="4.5409099984490195">
    <ele>-3.8200000000000003</ele>
   </trkpt>
   <trkpt lat="52.03813" lon="4.540760000000001">
    <ele>-2.7</ele>
   </trkpt>
   <trkpt lat="52.03797" lon="4.540690000000001">
    <ele>-3.21</ele>
   </trkpt>
   <trkpt lat="52.037890000000004" lon="4.54063">
    <ele>-3.21</ele>
   </trkpt>
   <trkpt lat="52.03779" lon="4.540520000000001">
    <ele>-4.28</ele>
   </trkpt>
   <trkpt lat="52.037420000000004" lon="4.5400100000000005">
    <ele>-4.83</ele>
   </trkpt>
   <trkpt lat="52.03735" lon="4.54">
    <ele>-4.83</ele>
   </trkpt>
   <trkpt lat="52.03716000000001" lon="4.54013">
    <ele>-4.81</ele>
   </trkpt>
   <trkpt lat="52.03708" lon="4.540150000000001">
    <ele>-5.0600000000000005</ele>
   </trkpt>
   <trkpt lat="52.0369" lon="4.54012">
    <ele>-5.0600000000000005</ele>
   </trkpt>
   <trkpt lat="52.036155000187506" lon="4.539919996672015">
    <ele>-5.19</ele>
   </trkpt>
   <trkpt lat="52.035410000000006" lon="4.53972">
    <ele>-5.04</ele>
   </trkpt>
   <trkpt lat="52.034620000000004" lon="4.53955">
    <ele>-5.12</ele>
   </trkpt>
   <trkpt lat="52.0339" lon="4.53945">
    <ele>-5.13</ele>
   </trkpt>
   <trkpt lat="52.033030000000004" lon="4.53938">
    <ele>-5.21</ele>
   </trkpt>
   <trkpt lat="52.03282" lon="4.53932">
    <ele>-5.23</ele>
   </trkpt>
   <trkpt lat="52.032360000000004" lon="4.539160000000001">
    <ele>-5.800000000000001</ele>
   </trkpt>
   <trkpt lat="52.031790000081685" lon="4.539034998409923">
    <ele>-5.670000000000001</ele>
   </trkpt>
   <trkpt lat="52.031220000000005" lon="4.5389100000000004">
    <ele>-4.72</ele>
   </trkpt>
   <trkpt lat="52.03112" lon="4.538930000000001">
    <ele>-4.72</ele>
   </trkpt>
   <trkpt lat="52.03037250147151" lon="4.538589982950614">
    <ele>-4.66</ele>
   </trkpt>
   <trkpt lat="52.02962500196434" lon="4.538249977269021">
    <ele>-4.66</ele>
   </trkpt>
   <trkpt lat="52.02887750147862" lon="4.53790998295455">
    <ele>-4.7700000000000005</ele>
   </trkpt>
   <trkpt lat="52.028130000000004" lon="4.5375700000000005">
    <ele>-4.81</ele>
   </trkpt>
   <trkpt lat="52.028040000000004" lon="4.5375000000000005">
    <ele>-4.85</ele>
   </trkpt>
   <trkpt lat="52.02779" lon="4.5372200000000005">
    <ele>-4.96</ele>
   </trkpt>
   <trkpt lat="52.02763" lon="4.53707">
    <ele>-4.96</ele>
   </trkpt>
   <trkpt lat="52.026860000000006" lon="4.53664">
    <ele>-4.32</ele>
   </trkpt>
   <trkpt lat="52.0268" lon="4.53659">
    <ele>-3.8400000000000003</ele>
   </trkpt>
   <trkpt lat="52.02675000000001" lon="4.536580000000001">
    <ele>-3.8400000000000003</ele>
   </trkpt>
   <trkpt lat="52.026700000000005" lon="4.5366">
    <ele>-3.8400000000000003</ele>
   </trkpt>
   <trkpt lat="52.026590000000006" lon="4.53669">
    <ele>-3.5</ele>
   </trkpt>
   <trkpt lat="52.02662" lon="4.53678">
    <ele>-3.47</ele>
   </trkpt>
   <trkpt lat="52.02646000000001" lon="4.53699">
    <ele>-3.16</ele>
   </trkpt>
   <trkpt lat="52.026390000000006" lon="4.53702">
    <ele>-2.9899999999999998</ele>
   </trkpt>
   <trkpt lat="52.025690000000004" lon="4.53687">
    <ele>-2.52</ele>
   </trkpt>
   <trkpt lat="52.025490000000005" lon="4.536790000000001">
    <ele>-2.48</ele>
   </trkpt>
   <trkpt lat="52.02475000031352" lon="4.5364399941120315">
    <ele>-2.7</ele>
   </trkpt>
   <trkpt lat="52.024010000000004" lon="4.536090000000001">
    <ele>-2.69</ele>
   </trkpt>
   <trkpt lat="52.02391" lon="4.53598">
    <ele>-2.9899999999999998</ele>
   </trkpt>
   <trkpt lat="52.023880000000005" lon="4.53592">
    <ele>-2.9899999999999998</ele>
   </trkpt>
   <trkpt lat="52.02385" lon="4.535780000000001">
    <ele>-2.9899999999999998</ele>
   </trkpt>
   <trkpt lat="52.023860000000006" lon="4.53552">
    <ele>-3.23</ele>
   </trkpt>
   <trkpt lat="52.023700000000005" lon="4.53551">
    <ele>-3.5500000000000003</ele>
   </trkpt>
   <trkpt lat="52.023360000000004" lon="4.5355300000000005">
    <ele>-4.53</ele>
   </trkpt>
   <trkpt lat="52.023030000000006" lon="4.53549">
    <ele>-4.96</ele>
   </trkpt>
   <trkpt lat="52.02233666751763" lon="4.535179990406153">
    <ele>-4.96</ele>
   </trkpt>
   <trkpt lat="52.02164333422168" lon="4.534869990423044">
    <ele>-4.62</ele>
   </trkpt>
   <trkpt lat="52.020950000000006" lon="4.534560000000001">
    <ele>-4.53</ele>
   </trkpt>
   <trkpt lat="52.02055000000001" lon="4.5343">
    <ele>-4.34</ele>
   </trkpt>
   <trkpt lat="52.020230000000005" lon="4.53399">
    <ele>-4.13</ele>
   </trkpt>
   <trkpt lat="52.020210000000006" lon="4.53404">
    <ele>-4.13</ele>
   </trkpt>
   <trkpt lat="52.02018" lon="4.534050000000001">
    <ele>-3.72</ele>
   </trkpt>
   <trkpt lat="52.01997" lon="4.533930000000001">
    <ele>-3.35</ele>
   </trkpt>
   <trkpt lat="52.01959" lon="4.53383">
    <ele>-2.1</ele>
   </trkpt>
   <trkpt lat="52.019310000000004" lon="4.5337000000000005">
    <ele>-2.65</ele>
   </trkpt>
   <trkpt lat="52.01932000000001" lon="4.5337000000000005">
    <ele>-2.67</ele>
   </trkpt>
   <trkpt lat="52.01941000000001" lon="4.53324">
    <ele>-4.36</ele>
   </trkpt>
   <trkpt lat="52.01952000000001" lon="4.53308">
    <ele>-4.36</ele>
   </trkpt>
   <trkpt lat="52.019580000000005" lon="4.53293">
    <ele>-4.7</ele>
   </trkpt>
   <trkpt lat="52.019795001820114" lon="4.532270003245179">
    <ele>-5.12</ele>
   </trkpt>
   <trkpt lat="52.020010000000006" lon="4.531610000000001">
    <ele>-5.140000000000001</ele>
   </trkpt>
   <trkpt lat="52.02044000000001" lon="4.530670000000001">
    <ele>-5.32</ele>
   </trkpt>
   <trkpt lat="52.02053" lon="4.5303700000000005">
    <ele>-5.23</ele>
   </trkpt>
   <trkpt lat="52.020745005685505" lon="4.529205005922279">
    <ele>-5.29</ele>
   </trkpt>
   <trkpt lat="52.02096" lon="4.528040000000001">
    <ele>-5.140000000000001</ele>
   </trkpt>
   <trkpt lat="52.02118129611285" lon="4.5267925431894644">
    <ele>-5.04</ele>
   </trkpt>
   <trkpt lat="52.02140257905144" lon="4.525545074036036">
    <ele>-5.0200000000000005</ele>
   </trkpt>
   <trkpt lat="52.0216238488155" lon="4.5242975925402265">
    <ele>-5.12</ele>
   </trkpt>
   <trkpt lat="52.02184510540483" lon="4.523050098702552">
    <ele>-4.96</ele>
   </trkpt>
   <trkpt lat="52.02206634881918" lon="4.521802592523526">
    <ele>-4.9799999999999995</ele>
   </trkpt>
   <trkpt lat="52.022287579058336" lon="4.5205550740036635">
    <ele>-4.9799999999999995</ele>
   </trkpt>
   <trkpt lat="52.022508796122025" lon="4.519307543143479">
    <ele>-5.0</ele>
   </trkpt>
   <trkpt lat="52.02273" lon="4.51806">
    <ele>-4.96</ele>
   </trkpt>
   <trkpt lat="52.02287000270992" lon="4.517260002499051">
    <ele>-4.9799999999999995</ele>
   </trkpt>
   <trkpt lat="52.023010000000006" lon="4.51646">
    <ele>-5.04</ele>
   </trkpt>
   <trkpt lat="52.02302" lon="4.5163400000000005">
    <ele>-5.04</ele>
   </trkpt>
   <trkpt lat="52.023" lon="4.5161500000000006">
    <ele>-4.96</ele>
   </trkpt>
   <trkpt lat="52.02302" lon="4.51602">
    <ele>-4.96</ele>
   </trkpt>
   <trkpt lat="52.02310000000001" lon="4.515890000000001">
    <ele>-4.96</ele>
   </trkpt>
   <trkpt lat="52.02313" lon="4.51578">
    <ele>-5.0200000000000005</ele>
   </trkpt>
   <trkpt lat="52.023265002243825" lon="4.515050002267472">
    <ele>-4.9799999999999995</ele>
   </trkpt>
   <trkpt lat="52.0234" lon="4.5143200000000006">
    <ele>-5.0</ele>
   </trkpt>
   <trkpt lat="52.023635052805126" lon="4.512985049107599">
    <ele>-5.15</ele>
   </trkpt>
   <trkpt lat="52.02387009052346" lon="4.511650084184284">
    <ele>-5.12</ele>
   </trkpt>
   <trkpt lat="52.02410511315469" lon="4.510315105230693">
    <ele>-5.16</ele>
   </trkpt>
   <trkpt lat="52.02434012069856" lon="4.508980112247457">
    <ele>-5.15</ele>
   </trkpt>
   <trkpt lat="52.02457511315477" lon="4.507645105235213">
    <ele>-5.12</ele>
   </trkpt>
   <trkpt lat="52.02481009052304" lon="4.5063100841945944">
    <ele>-5.12</ele>
   </trkpt>
   <trkpt lat="52.025045052803065" lon="4.504975049126237">
    <ele>-5.47</ele>
   </trkpt>
   <trkpt lat="52.02528" lon="4.503640000000001">
    <ele>-4.7</ele>
   </trkpt>
   <trkpt lat="52.025420000000004" lon="4.50365">
    <ele>-4.72</ele>
   </trkpt>
   <trkpt lat="52.025800000000004" lon="4.50358">
    <ele>-5.34</ele>
   </trkpt>
   <trkpt lat="52.02656000000634" lon="4.5035974991078636">
    <ele>-5.4</ele>
   </trkpt>
   <trkpt lat="52.02732000001008" lon="4.503614998810499">
    <ele>-4.96</ele>
   </trkpt>
   <trkpt lat="52.02808000001124" lon="4.50363249910794">
    <ele>-4.85</ele>
   </trkpt>
   <trkpt lat="52.02884" lon="4.50365">
    <ele>-4.79</ele>
   </trkpt>
   <trkpt lat="52.02937000000001" lon="4.503690000000001">
    <ele>-4.83</ele>
   </trkpt>
   <trkpt lat="52.03016" lon="4.50382">
    <ele>-4.79</ele>
   </trkpt>
   <trkpt lat="52.031020000000005" lon="4.5040000000000004">
    <ele>-4.78</ele>
   </trkpt>
   <trkpt lat="52.03114000000001" lon="4.50326">
    <ele>-5.25</ele>
   </trkpt>
   <trkpt lat="52.0311" lon="4.503010000000001">
    <ele>-5.25</ele>
   </trkpt>
   <trkpt lat="52.03109602503401" lon="4.501793999557118">
    <ele>-6.0600000000000005</ele>
   </trkpt>
   <trkpt lat="52.031092037551005" lon="4.5005779993307735">
    <ele>-5.87</ele>
   </trkpt>
   <trkpt lat="52.031088037550965" lon="4.499361999321647">
    <ele>-5.55</ele>
   </trkpt>
   <trkpt lat="52.03108402503392" lon="4.498145999530419">
    <ele>-5.51</ele>
   </trkpt>
   <trkpt lat="52.03108" lon="4.496930000000001">
    <ele>-5.5</ele>
   </trkpt>
   <trkpt lat="52.03107009267203" lon="4.4955191632041505">
    <ele>-5.930000000000001</ele>
   </trkpt>
   <trkpt lat="52.03106016849454" lon="4.494108327034028">
    <ele>-5.930000000000001</ele>
   </trkpt>
   <trkpt lat="52.03105022746756" lon="4.492697491490696">
    <ele>-5.970000000000001</ele>
   </trkpt>
   <trkpt lat="52.03104026959112" lon="4.491286656575217">
    <ele>-5.91</ele>
   </trkpt>
   <trkpt lat="52.03103029486519" lon="4.489875822288654">
    <ele>-5.64</ele>
   </trkpt>
   <trkpt lat="52.03102030328981" lon="4.48846498863207">
    <ele>-5.42</ele>
   </trkpt>
   <trkpt lat="52.031010294865006" lon="4.487054155606527">
    <ele>-5.5</ele>
   </trkpt>
   <trkpt lat="52.031000269590756" lon="4.48564332321309">
    <ele>-5.7</ele>
   </trkpt>
   <trkpt lat="52.03099022746713" lon="4.4842324914528175">
    <ele>-5.800000000000001</ele>
   </trkpt>
   <trkpt lat="52.03098016849409" lon="4.482821660326777">
    <ele>-5.95</ele>
   </trkpt>
   <trkpt lat="52.03097009267167" lon="4.481410829836029">
    <ele>-5.95</ele>
   </trkpt>
   <trkpt lat="52.03096000000001" lon="4.48">
    <ele>-5.51</ele>
   </trkpt>
   <trkpt lat="52.0309" lon="4.479480000000001">
    <ele>-4.78</ele>
   </trkpt>
   <trkpt lat="52.03069500202888" lon="4.478789996882909">
    <ele>-4.0200000000000005</ele>
   </trkpt>
   <trkpt lat="52.03049000000001" lon="4.4781">
    <ele>-3.36</ele>
   </trkpt>
   <trkpt lat="52.03047" lon="4.47789">
    <ele>-3.3000000000000003</ele>
   </trkpt>
   <trkpt lat="52.03052" lon="4.47785">
    <ele>-3.33</ele>
   </trkpt>
   <trkpt lat="52.03058000000001" lon="4.477740000000001">
    <ele>-3.33</ele>
   </trkpt>
   <trkpt lat="52.030840000000005" lon="4.47756">
    <ele>-3.5700000000000003</ele>
   </trkpt>
   <trkpt lat="52.03096000000001" lon="4.47754">
    <ele>-3.5700000000000003</ele>
   </trkpt>
   <trkpt lat="52.03152499993935" lon="4.477510000382502">
    <ele>-4.72</ele>
   </trkpt>
   <trkpt lat="52.032090000000004" lon="4.477480000000001">
    <ele>-4.79</ele>
   </trkpt>
   <trkpt lat="52.03219000000001" lon="4.4775">
    <ele>-4.79</ele>
   </trkpt>
   <trkpt lat="52.032360000000004" lon="4.47762">
    <ele>-4.66</ele>
   </trkpt>
   <trkpt lat="52.032410000000006" lon="4.47745">
    <ele>-4.79</ele>
   </trkpt>
   <trkpt lat="52.032250000000005" lon="4.47729">
    <ele>-4.890000000000001</ele>
   </trkpt>
   <trkpt lat="52.032180000000004" lon="4.47705">
    <ele>-4.81</ele>
   </trkpt>
   <trkpt lat="52.03200000271468" lon="4.476249996805484">
    <ele>-4.79</ele>
   </trkpt>
   <trkpt lat="52.03182" lon="4.47545">
    <ele>-4.96</ele>
   </trkpt>
   <trkpt lat="52.031690000000005" lon="4.47501">
    <ele>-4.96</ele>
   </trkpt>
   <trkpt lat="52.031510000000004" lon="4.47451">
    <ele>-5.04</ele>
   </trkpt>
   <trkpt lat="52.0311" lon="4.47367">
    <ele>-5.0</ele>
   </trkpt>
   <trkpt lat="52.030950000000004" lon="4.473400000000001">
    <ele>-4.83</ele>
   </trkpt>
   <trkpt lat="52.03103" lon="4.4733">
    <ele>-4.78</ele>
   </trkpt>
   <trkpt lat="52.031270000000006" lon="4.4731000000000005">
    <ele>-4.57</ele>
   </trkpt>
   <trkpt lat="52.031310000000005" lon="4.47309">
    <ele>-4.57</ele>
   </trkpt>
   <trkpt lat="52.03136000000001" lon="4.4731000000000005">
    <ele>-4.45</ele>
   </trkpt>
   <trkpt lat="52.03146" lon="4.4732">
    <ele>-4.45</ele>
   </trkpt>
   <trkpt lat="52.03154000000001" lon="4.47318">
    <ele>-4.45</ele>
   </trkpt>
   <trkpt lat="52.03206000100351" lon="4.472685005788701">
    <ele>-4.49</ele>
   </trkpt>
   <trkpt lat="52.03258" lon="4.47219">
    <ele>-4.38</ele>
   </trkpt>
   <trkpt lat="52.03312500140101" lon="4.471625006835281">
    <ele>-4.28</ele>
   </trkpt>
   <trkpt lat="52.03367" lon="4.4710600000000005">
    <ele>-4.34</ele>
   </trkpt>
   <trkpt lat="52.03409500109602" lon="4.4705450049276445">
    <ele>-4.21</ele>
   </trkpt>
   <trkpt lat="52.03452000000001" lon="4.47003">
    <ele>-4.15</ele>
   </trkpt>
   <trkpt lat="52.035210000000006" lon="4.46914">
    <ele>-4.28</ele>
   </trkpt>
   <trkpt lat="52.03566000000001" lon="4.468850000000001">
    <ele>-5.0600000000000005</ele>
   </trkpt>
   <trkpt lat="52.03587" lon="4.468730000000001">
    <ele>-5.0600000000000005</ele>
   </trkpt>
   <trkpt lat="52.03593000000001" lon="4.46872">
    <ele>-5.0600000000000005</ele>
   </trkpt>
   <trkpt lat="52.03604000000001" lon="4.46875">
    <ele>-5.0600000000000005</ele>
   </trkpt>
   <trkpt lat="52.036280000000005" lon="4.46898">
    <ele>-5.12</ele>
   </trkpt>
   <trkpt lat="52.03638" lon="4.468990000000001">
    <ele>-5.12</ele>
   </trkpt>
   <trkpt lat="52.037060000000004" lon="4.468640000000001">
    <ele>-4.109999999999999</ele>
   </trkpt>
   <trkpt lat="52.03746" lon="4.46842">
    <ele>-2.9000000000000004</ele>
   </trkpt>
   <trkpt lat="52.03766" lon="4.46834">
    <ele>-2.36</ele>
   </trkpt>
   <trkpt lat="52.037537523223314" lon="4.466987488850813">
    <ele>-2.7</ele>
   </trkpt>
   <trkpt lat="52.03741503096244" lon="4.465634985113105">
    <ele>-2.9600000000000004</ele>
   </trkpt>
   <trkpt lat="52.03729252321753" lon="4.464282488787743">
    <ele>-3.0700000000000003</ele>
   </trkpt>
   <trkpt lat="52.03717" lon="4.46293">
    <ele>-2.9600000000000004</ele>
   </trkpt>
   <trkpt lat="52.03698000000001" lon="4.46178">
    <ele>-2.9899999999999998</ele>
   </trkpt>
   <trkpt lat="52.03673575138035" lon="4.460571388958707">
    <ele>-2.91</ele>
   </trkpt>
   <trkpt lat="52.03649149039607" lon="4.459362791124252">
    <ele>-2.87</ele>
   </trkpt>
   <trkpt lat="52.0362472170474" lon="4.458154206497044">
    <ele>-3.0700000000000003</ele>
   </trkpt>
   <trkpt lat="52.03600293133461" lon="4.45694563507749">
    <ele>-3.4600000000000004</ele>
   </trkpt>
   <trkpt lat="52.03575863325794" lon="4.455737076866001">
    <ele>-3.67</ele>
   </trkpt>
   <trkpt lat="52.03551432281765" lon="4.454528531862981">
    <ele>-4.28</ele>
   </trkpt>
   <trkpt lat="52.035270000000004" lon="4.453320000000001">
    <ele>-2.86</ele>
   </trkpt>
   <trkpt lat="52.03531" lon="4.4533000000000005">
    <ele>-2.86</ele>
   </trkpt>
   <trkpt lat="52.03517000217621" lon="4.452594998157868">
    <ele>-3.21</ele>
   </trkpt>
   <trkpt lat="52.035030000000006" lon="4.451890000000001">
    <ele>-3.2</ele>
   </trkpt>
   <trkpt lat="52.03497" lon="4.45143">
    <ele>-3.35</ele>
   </trkpt>
   <trkpt lat="52.034850000000006" lon="4.4510000000000005">
    <ele>-3.5</ele>
   </trkpt>
   <trkpt lat="52.03459500706538" lon="4.4497099927546">
    <ele>-3.6300000000000003</ele>
   </trkpt>
   <trkpt lat="52.03434000000001" lon="4.4484200000000005">
    <ele>-3.2900000000000005</ele>
   </trkpt>
   <trkpt lat="52.03421" lon="4.447850000000001">
    <ele>-3.06</ele>
   </trkpt>
   <trkpt lat="52.03405000000001" lon="4.44753">
    <ele>-3.08</ele>
   </trkpt>
   <trkpt lat="52.03385" lon="4.44733">
    <ele>-3.08</ele>
   </trkpt>
   <trkpt lat="52.03336" lon="4.4469">
    <ele>-2.71</ele>
   </trkpt>
   <trkpt lat="52.033240000000006" lon="4.44669">
    <ele>-2.71</ele>
   </trkpt>
   <trkpt lat="52.032822782458155" lon="4.445548075264929">
    <ele>-2.9899999999999998</ele>
   </trkpt>
   <trkpt lat="52.03240555387822" lon="4.4444061718412655">
    <ele>-3.16</ele>
   </trkpt>
   <trkpt lat="52.031988314260566" lon="4.443264289728857">
    <ele>-3.16</ele>
   </trkpt>
   <trkpt lat="52.031571063605554" lon="4.442122428927549">
    <ele>-2.7</ele>
   </trkpt>
   <trkpt lat="52.031153801913554" lon="4.440980589437188">
    <ele>-2.65</ele>
   </trkpt>
   <trkpt lat="52.030736529184956" lon="4.439838771257619">
    <ele>-2.6300000000000003</ele>
   </trkpt>
   <trkpt lat="52.030319245420145" lon="4.438696974388689">
    <ele>-2.72</ele>
   </trkpt>
   <trkpt lat="52.02990195061945" lon="4.437555198830242">
    <ele>-2.84</ele>
   </trkpt>
   <trkpt lat="52.029484644783274" lon="4.436413444582127">
    <ele>-2.82</ele>
   </trkpt>
   <trkpt lat="52.02906732791199" lon="4.435271711644186">
    <ele>-2.71</ele>
   </trkpt>
   <trkpt lat="52.028650000000006" lon="4.434130000000001">
    <ele>-2.45</ele>
   </trkpt>
   <trkpt lat="52.028830000000006" lon="4.43395">
    <ele>-2.48</ele>
   </trkpt>
   <trkpt lat="52.02899000000001" lon="4.433730000000001">
    <ele>-2.48</ele>
   </trkpt>
   <trkpt lat="52.02947000302064" lon="4.432885009073146">
    <ele>-2.65</ele>
   </trkpt>
   <trkpt lat="52.02995000000001" lon="4.432040000000001">
    <ele>-2.82</ele>
   </trkpt>
   <trkpt lat="52.03014" lon="4.4318">
    <ele>-2.83</ele>
   </trkpt>
   <trkpt lat="52.030550000000005" lon="4.43142">
    <ele>-2.83</ele>
   </trkpt>
   <trkpt lat="52.031020000000005" lon="4.43102">
    <ele>-2.87</ele>
   </trkpt>
   <trkpt lat="52.03145000000001" lon="4.43064">
    <ele>-2.87</ele>
   </trkpt>
   <trkpt lat="52.03193" lon="4.43034">
    <ele>-3.0300000000000002</ele>
   </trkpt>
   <trkpt lat="52.03270000523463" lon="4.429697533200301">
    <ele>-2.91</ele>
   </trkpt>
   <trkpt lat="52.0334700069751" lon="4.429055044271724">
    <ele>-2.89</ele>
   </trkpt>
   <trkpt lat="52.034240005221164" lon="4.428412533212997">
    <ele>-2.68</ele>
   </trkpt>
   <trkpt lat="52.03501000000001" lon="4.427770000000001">
    <ele>-2.52</ele>
   </trkpt>
   <trkpt lat="52.03562" lon="4.42736">
    <ele>-3.5</ele>
   </trkpt>
   <trkpt lat="52.03604000000001" lon="4.427040000000001">
    <ele>-3.5500000000000003</ele>
   </trkpt>
   <trkpt lat="52.03665500112347" lon="4.426515007259058">
    <ele>-3.8100000000000005</ele>
   </trkpt>
   <trkpt lat="52.03727000000001" lon="4.4259900000000005">
    <ele>-3.41</ele>
   </trkpt>
   <trkpt lat="52.03748" lon="4.42583">
    <ele>-3.4000000000000004</ele>
   </trkpt>
   <trkpt lat="52.03768" lon="4.4257100000000005">
    <ele>-3.45</ele>
   </trkpt>
   <trkpt lat="52.03768" lon="4.42569">
    <ele>-3.4600000000000004</ele>
   </trkpt>
   <trkpt lat="52.037670000000006" lon="4.42565">
    <ele>-3.4600000000000004</ele>
   </trkpt>
   <trkpt lat="52.03764" lon="4.42562">
    <ele>-3.4600000000000004</ele>
   </trkpt>
   <trkpt lat="52.037470000000006" lon="4.42569">
    <ele>-3.5</ele>
   </trkpt>
   <trkpt lat="52.03736000000001" lon="4.4257100000000005">
    <ele>-3.5</ele>
   </trkpt>
   <trkpt lat="52.03732" lon="4.42569">
    <ele>-3.5</ele>
   </trkpt>
   <trkpt lat="52.037220000000005" lon="4.42553">
    <ele>-3.5</ele>
   </trkpt>
   <trkpt lat="52.03678000474692" lon="4.4244699895465756">
    <ele>-4.21</ele>
   </trkpt>
   <trkpt lat="52.03634" lon="4.4234100000000005">
    <ele>-4.28</ele>
   </trkpt>
   <trkpt lat="52.03609" lon="4.42295">
    <ele>-5.0600000000000005</ele>
   </trkpt>
   <trkpt lat="52.035630000000005" lon="4.42177">
    <ele>-5.0</ele>
   </trkpt>
   <trkpt lat="52.03557000000001" lon="4.421480000000001">
    <ele>-4.79</ele>
   </trkpt>
   <trkpt lat="52.03558" lon="4.42062">
    <ele>-4.13</ele>
   </trkpt>
   <trkpt lat="52.035520000000005" lon="4.420380000000001">
    <ele>-4.04</ele>
   </trkpt>
   <trkpt lat="52.035145003476934" lon="4.419479992567787">
    <ele>-4.15</ele>
   </trkpt>
   <trkpt lat="52.03477" lon="4.41858">
    <ele>-3.91</ele>
   </trkpt>
   <trkpt lat="52.0347" lon="4.41849">
    <ele>-3.91</ele>
   </trkpt>
   <trkpt lat="52.03436000000001" lon="4.4183200000000005">
    <ele>-4.0200000000000005</ele>
   </trkpt>
   <trkpt lat="52.03425000000001" lon="4.41821">
    <ele>-4.0200000000000005</ele>
   </trkpt>
   <trkpt lat="52.03393500258463" lon="4.417424994410684">
    <ele>-4.04</ele>
   </trkpt>
   <trkpt lat="52.033620000000006" lon="4.41664">
    <ele>-4.94</ele>
   </trkpt>
   <trkpt lat="52.033365002008175" lon="4.4159749965631345">
    <ele>-5.23</ele>
   </trkpt>
   <trkpt lat="52.03311000000001" lon="4.415310000000001">
    <ele>-4.109999999999999</ele>
   </trkpt>
   <trkpt lat="52.03372" lon="4.414770000000001">
    <ele>-3.5300000000000002</ele>
   </trkpt>
   <trkpt lat="52.034060000000004" lon="4.4142600000000005">
    <ele>-3.3200000000000003</ele>
   </trkpt>
   <trkpt lat="52.034240000000004" lon="4.413860000000001">
    <ele>-3.33</ele>
   </trkpt>
   <trkpt lat="52.034510000000004" lon="4.4130400000000005">
    <ele>-3.21</ele>
   </trkpt>
   <trkpt lat="52.034735002373196" lon="4.41229000379963">
    <ele>-3.19</ele>
   </trkpt>
   <trkpt lat="52.034960000000005" lon="4.4115400000000005">
    <ele>-3.3200000000000003</ele>
   </trkpt>
   <trkpt lat="52.0352600053109" lon="4.410415007720612">
    <ele>-3.3200000000000003</ele>
   </trkpt>
   <trkpt lat="52.035560000000004" lon="4.40929">
    <ele>-3.23</ele>
   </trkpt>
   <trkpt lat="52.03591" lon="4.40805">
    <ele>-3.3000000000000003</ele>
   </trkpt>
   <trkpt lat="52.035990000000005" lon="4.40777">
    <ele>-3.22</ele>
   </trkpt>
   <trkpt lat="52.03625" lon="4.4070800000000006">
    <ele>-2.86</ele>
   </trkpt>
   <trkpt lat="52.03650000368209" lon="4.406155004947865">
    <ele>-2.7</ele>
   </trkpt>
   <trkpt lat="52.036750000000005" lon="4.40523">
    <ele>-2.82</ele>
   </trkpt>
   <trkpt lat="52.03667" lon="4.405150000000001">
    <ele>-3.0100000000000002</ele>
   </trkpt>
   <trkpt lat="52.03663" lon="4.40491">
    <ele>-3.33</ele>
   </trkpt>
   <trkpt lat="52.03660000000001" lon="4.40484">
    <ele>-3.6300000000000003</ele>
   </trkpt>
   <trkpt lat="52.03645" lon="4.40463">
    <ele>-3.98</ele>
   </trkpt>
   <trkpt lat="52.036410000000004" lon="4.40451">
    <ele>-4.13</ele>
   </trkpt>
   <trkpt lat="52.03636" lon="4.40399">
    <ele>-4.21</ele>
   </trkpt>
   <trkpt lat="52.03629" lon="4.403840000000001">
    <ele>-4.109999999999999</ele>
   </trkpt>
   <trkpt lat="52.0362" lon="4.40371">
    <ele>-4.109999999999999</ele>
   </trkpt>
   <trkpt lat="52.03596" lon="4.40355">
    <ele>-4.15</ele>
   </trkpt>
   <trkpt lat="52.035920000000004" lon="4.4035">
    <ele>-4.15</ele>
   </trkpt>
   <trkpt lat="52.03589" lon="4.403420000000001">
    <ele>-4.15</ele>
   </trkpt>
   <trkpt lat="52.035880000000006" lon="4.40305">
    <ele>-4.3</ele>
   </trkpt>
   <trkpt lat="52.03554000281312" lon="4.402234993806305">
    <ele>-4.28</ele>
   </trkpt>
   <trkpt lat="52.0352" lon="4.401420000000001">
    <ele>-4.21</ele>
   </trkpt>
   <trkpt lat="52.03489500186792" lon="4.4007499953589075">
    <ele>-3.39</ele>
   </trkpt>
   <trkpt lat="52.03459" lon="4.40008">
    <ele>-3.2900000000000005</ele>
   </trkpt>
   <trkpt lat="52.03452000000001" lon="4.399990000000001">
    <ele>-3.2900000000000005</ele>
   </trkpt>
   <trkpt lat="52.03428" lon="4.39979">
    <ele>-3.41</ele>
   </trkpt>
   <trkpt lat="52.034220000000005" lon="4.39972">
    <ele>-3.41</ele>
   </trkpt>
   <trkpt lat="52.03385000305889" lon="4.398894993569874">
    <ele>-3.35</ele>
   </trkpt>
   <trkpt lat="52.033480000000004" lon="4.398070000000001">
    <ele>-3.35</ele>
   </trkpt>
   <trkpt lat="52.03343" lon="4.39792">
    <ele>-3.35</ele>
   </trkpt>
   <trkpt lat="52.03322000000001" lon="4.39662">
    <ele>-3.4000000000000004</ele>
   </trkpt>
   <trkpt lat="52.03293000000001" lon="4.395860000000001">
    <ele>-2.84</ele>
   </trkpt>
   <trkpt lat="52.03287" lon="4.395770000000001">
    <ele>-2.34</ele>
   </trkpt>
   <trkpt lat="52.03276" lon="4.3956800000000005">
    <ele>-2.34</ele>
   </trkpt>
   <trkpt lat="52.03262" lon="4.39553">
    <ele>-2.1100000000000003</ele>
   </trkpt>
   <trkpt lat="52.03275000000001" lon="4.39501">
    <ele>-2.2</ele>
   </trkpt>
   <trkpt lat="52.032790000000006" lon="4.39466">
    <ele>-2.2</ele>
   </trkpt>
   <trkpt lat="52.03276" lon="4.39435">
    <ele>-2.2</ele>
   </trkpt>
   <trkpt lat="52.032680000000006" lon="4.39402">
    <ele>-2.18</ele>
   </trkpt>
   <trkpt lat="52.032880000000006" lon="4.39377">
    <ele>-2.2900000000000005</ele>
   </trkpt>
   <trkpt lat="52.03249000356355" lon="4.392849991930865">
    <ele>-2.9899999999999998</ele>
   </trkpt>
   <trkpt lat="52.03210000000001" lon="4.39193">
    <ele>-2.9800000000000004</ele>
   </trkpt>
   <trkpt lat="52.03160251557835" lon="4.390822463041189">
    <ele>-3.5100000000000002</ele>
   </trkpt>
   <trkpt lat="52.031105020773296" lon="4.389714950727375">
    <ele>-3.5</ele>
   </trkpt>
   <trkpt lat="52.03060751558531" lon="4.388607463058082">
    <ele>-3.3100000000000005</ele>
   </trkpt>
   <trkpt lat="52.03011000000001" lon="4.3875">
    <ele>-2.48</ele>
   </trkpt>
   <trkpt lat="52.030010000000004" lon="4.38734">
    <ele>-1.93</ele>
   </trkpt>
   <trkpt lat="52.029770000000006" lon="4.38759">
    <ele>-2.16</ele>
   </trkpt>
   <trkpt lat="52.02942000283665" lon="4.386769993559914">
    <ele>-3.16</ele>
   </trkpt>
   <trkpt lat="52.029070000000004" lon="4.38595">
    <ele>-3.2</ele>
   </trkpt>
   <trkpt lat="52.02895" lon="4.38591">
    <ele>-3.2</ele>
   </trkpt>
   <trkpt lat="52.028400000000005" lon="4.385960000000001">
    <ele>-3.6300000000000003</ele>
   </trkpt>
   <trkpt lat="52.028330000000004" lon="4.38593">
    <ele>-3.6300000000000003</ele>
   </trkpt>
   <trkpt lat="52.027870010775494" lon="4.3847999766693935">
    <ele>-3.5</ele>
   </trkpt>
   <trkpt lat="52.02741001074131" lon="4.383669976585882">
    <ele>-3.6300000000000003</ele>
   </trkpt>
   <trkpt lat="52.02695000000001" lon="4.3825400000000005">
    <ele>-3.5700000000000003</ele>
   </trkpt>
   <trkpt lat="52.026360000000004" lon="4.38194">
    <ele>-3.39</ele>
   </trkpt>
   <trkpt lat="52.02631" lon="4.381830000000001">
    <ele>-3.2900000000000005</ele>
   </trkpt>
   <trkpt lat="52.026140000000005" lon="4.38123">
    <ele>-2.17</ele>
   </trkpt>
   <trkpt lat="52.026390000000006" lon="4.380850000000001">
    <ele>-1.86</ele>
   </trkpt>
   <trkpt lat="52.026410000000006" lon="4.38077">
    <ele>-1.86</ele>
   </trkpt>
   <trkpt lat="52.02648000000001" lon="4.38079">
    <ele>-1.84</ele>
   </trkpt>
   <trkpt lat="52.02653" lon="4.38077">
    <ele>-1.76</ele>
   </trkpt>
   <trkpt lat="52.026720000000005" lon="4.38058">
    <ele>-1.28</ele>
   </trkpt>
   <trkpt lat="52.026810000000005" lon="4.38055">
    <ele>-1.28</ele>
   </trkpt>
   <trkpt lat="52.026860000000006" lon="4.38058">
    <ele>-1.17</ele>
   </trkpt>
   <trkpt lat="52.02704000000001" lon="4.380380000000001">
    <ele>-0.9700000000000001</ele>
   </trkpt>
   <trkpt lat="52.02725" lon="4.3808300000000004">
    <ele>-1.35</ele>
   </trkpt>
   <trkpt lat="52.027300000000004" lon="4.38084">
    <ele>-1.35</ele>
   </trkpt>
   <trkpt lat="52.027640000000005" lon="4.38051">
    <ele>-1.5</ele>
   </trkpt>
   <trkpt lat="52.02760000000001" lon="4.38028">
    <ele>-1.5</ele>
   </trkpt>
   <trkpt lat="52.027550000000005" lon="4.38011">
    <ele>-1.86</ele>
   </trkpt>
   <trkpt lat="52.02732" lon="4.379630000000001">
    <ele>-1.77</ele>
   </trkpt>
   <trkpt lat="52.027210000000004" lon="4.379460000000001">
    <ele>-1.78</ele>
   </trkpt>
   <trkpt lat="52.02713000000001" lon="4.379230000000001">
    <ele>-1.85</ele>
   </trkpt>
   <trkpt lat="52.02722000000001" lon="4.3791400000000005">
    <ele>-2.18</ele>
   </trkpt>
   <trkpt lat="52.027170000000005" lon="4.37908">
    <ele>-2.18</ele>
   </trkpt>
   <trkpt lat="52.026645017610086" lon="4.377902458539489">
    <ele>-1.85</ele>
   </trkpt>
   <trkpt lat="52.02612002348221" lon="4.3767249447251215">
    <ele>-2.1100000000000003</ele>
   </trkpt>
   <trkpt lat="52.02559501761686" lon="4.375547458556346">
    <ele>-2.1100000000000003</ele>
   </trkpt>
   <trkpt lat="52.02507000000001" lon="4.374370000000001">
    <ele>-1.34</ele>
   </trkpt>
   <trkpt lat="52.024950000000004" lon="4.3745">
    <ele>-0.77</ele>
   </trkpt>
   <trkpt lat="52.024820000000005" lon="4.37438">
    <ele>-0.77</ele>
   </trkpt>
   <trkpt lat="52.024680000000004" lon="4.37422">
    <ele>-0.71</ele>
   </trkpt>
   <trkpt lat="52.02456" lon="4.37387">
    <ele>-0.62</ele>
   </trkpt>
   <trkpt lat="52.024530000000006" lon="4.37385">
    <ele>-0.62</ele>
   </trkpt>
   <trkpt lat="52.0245" lon="4.3738600000000005">
    <ele>-0.34</ele>
   </trkpt>
   <trkpt lat="52.02441" lon="4.37396">
    <ele>-0.34</ele>
   </trkpt>
   <trkpt lat="52.024370000000005" lon="4.374070000000001">
    <ele>-0.36000000000000004</ele>
   </trkpt>
   <trkpt lat="52.02434" lon="4.374090000000001">
    <ele>-0.58</ele>
   </trkpt>
   <trkpt lat="52.02431000000001" lon="4.37406">
    <ele>-0.75</ele>
   </trkpt>
   <trkpt lat="52.024240000000006" lon="4.374070000000001">
    <ele>-0.75</ele>
   </trkpt>
   <trkpt lat="52.0238966727217" lon="4.3732266538030045">
    <ele>-1.09</ele>
   </trkpt>
   <trkpt lat="52.02355333942242" lon="4.372383320553499">
    <ele>-1.07</ele>
   </trkpt>
   <trkpt lat="52.023210000000006" lon="4.37154">
    <ele>-0.9700000000000001</ele>
   </trkpt>
   <trkpt lat="52.02282501063824" lon="4.370624976387626">
    <ele>-1.07</ele>
   </trkpt>
   <trkpt lat="52.02244001418848" lon="4.369709968527244">
    <ele>-0.9700000000000001</ele>
   </trkpt>
   <trkpt lat="52.02205501065098" lon="4.368794976418654">
    <ele>-0.9700000000000001</ele>
   </trkpt>
   <trkpt lat="52.02167000000001" lon="4.36788">
    <ele>-0.79</ele>
   </trkpt>
   <trkpt lat="52.02169000000001" lon="4.36782">
    <ele>-0.88</ele>
   </trkpt>
   <trkpt lat="52.02167000000001" lon="4.36774">
    <ele>-0.88</ele>
   </trkpt>
   <trkpt lat="52.02140000000001" lon="4.36699">
    <ele>0.36000000000000004</ele>
   </trkpt>
   <trkpt lat="52.02103" lon="4.36625">
    <ele>-0.79</ele>
   </trkpt>
   <trkpt lat="52.02074" lon="4.36559">
    <ele>-0.05</ele>
   </trkpt>
   <trkpt lat="52.020540000000004" lon="4.36517">
    <ele>0.5700000000000001</ele>
   </trkpt>
   <trkpt lat="52.020500000000006" lon="4.36503">
    <ele>0.64</ele>
   </trkpt>
   <trkpt lat="52.020500000000006" lon="4.36484">
    <ele>0.52</ele>
   </trkpt>
   <trkpt lat="52.020063342214534" lon="4.363816646723858">
    <ele>0.4900000000000001</ele>
   </trkpt>
   <trkpt lat="52.01962667556323" lon="4.362793313426911">
    <ele>0.5700000000000001</ele>
   </trkpt>
   <trkpt lat="52.01919" lon="4.36177">
    <ele>1.6600000000000001</ele>
   </trkpt>
   <trkpt lat="52.018930000000005" lon="4.36207">
    <ele>1.42</ele>
   </trkpt>
   <trkpt lat="52.01881" lon="4.361490000000001">
    <ele>1.1400000000000001</ele>
   </trkpt>
   <trkpt lat="52.01844000293139" lon="4.360659993169311">
    <ele>1.18</ele>
   </trkpt>
   <trkpt lat="52.01807" lon="4.3598300000000005">
    <ele>2.0500000000000003</ele>
   </trkpt>
   <trkpt lat="52.01802000000001" lon="4.35974">
    <ele>2.0500000000000003</ele>
   </trkpt>
   <trkpt lat="52.01796" lon="4.35968">
    <ele>2.2</ele>
   </trkpt>
   <trkpt lat="52.01800000000001" lon="4.35956">
    <ele>2.36</ele>
   </trkpt>
   <trkpt lat="52.018100000000004" lon="4.359430000000001">
    <ele>2.36</ele>
   </trkpt>
   <trkpt lat="52.018240000000006" lon="4.3592900000000006">
    <ele>2.71</ele>
   </trkpt>
   <trkpt lat="52.01821" lon="4.35913">
    <ele>2.89</ele>
   </trkpt>
   <trkpt lat="52.017990000000005" lon="4.358750000000001">
    <ele>2.7900000000000005</ele>
   </trkpt>
   <trkpt lat="52.01821" lon="4.35913">
    <ele>2.8000000000000003</ele>
   </trkpt>
   <trkpt lat="52.018240000000006" lon="4.3592900000000006">
    <ele>2.48</ele>
   </trkpt>
   <trkpt lat="52.01847000000001" lon="4.359">
    <ele>2.14</ele>
   </trkpt>
   <trkpt lat="52.018935001962184" lon="4.358335006783503">
    <ele>1.18</ele>
   </trkpt>
   <trkpt lat="52.019400000000005" lon="4.357670000000001">
    <ele>1.5700000000000003</ele>
   </trkpt>
   <trkpt lat="52.019560000000006" lon="4.35738">
    <ele>1.5700000000000003</ele>
   </trkpt>
   <trkpt lat="52.019670000000005" lon="4.3571">
    <ele>1.54</ele>
   </trkpt>
   <trkpt lat="52.01982" lon="4.356330000000001">
    <ele>1.5</ele>
   </trkpt>
   <trkpt lat="52.01988000000001" lon="4.3558900000000005">
    <ele>1.5</ele>
   </trkpt>
   <trkpt lat="52.019870005403796" lon="4.35475999960066">
    <ele>1.4900000000000002</ele>
   </trkpt>
   <trkpt lat="52.01986" lon="4.353630000000001">
    <ele>1.3800000000000001</ele>
   </trkpt>
   <trkpt lat="52.019800000000004" lon="4.35233">
    <ele>1.04</ele>
   </trkpt>
   <trkpt lat="52.019850000000005" lon="4.3517">
    <ele>1.42</ele>
   </trkpt>
   <trkpt lat="52.01993" lon="4.35106">
    <ele>1.42</ele>
   </trkpt>
   <trkpt lat="52.020030000000006" lon="4.35067">
    <ele>1.76</ele>
   </trkpt>
   <trkpt lat="52.02032500155148" lon="4.3500600040717154">
    <ele>1.78</ele>
   </trkpt>
   <trkpt lat="52.02062" lon="4.34945">
    <ele>1.37</ele>
   </trkpt>
   <trkpt lat="52.020810000000004" lon="4.349200000000001">
    <ele>1.26</ele>
   </trkpt>
   <trkpt lat="52.02134" lon="4.348870000000001">
    <ele>1.12</ele>
   </trkpt>
   <trkpt lat="52.02199000039308" lon="4.348535004910452">
    <ele>1.1</ele>
   </trkpt>
   <trkpt lat="52.02264" lon="4.3482">
    <ele>1.28</ele>
   </trkpt>
   <trkpt lat="52.023375000380035" lon="4.347875005370421">
    <ele>1.03</ele>
   </trkpt>
   <trkpt lat="52.02411000000001" lon="4.34755">
    <ele>1.06</ele>
   </trkpt>
   <trkpt lat="52.02445" lon="4.34747">
    <ele>1.18</ele>
   </trkpt>
   <trkpt lat="52.02506333342867" lon="4.347390002188835">
    <ele>1.12</ele>
   </trkpt>
   <trkpt lat="52.02567666680318" lon="4.3473100021835025">
    <ele>0.9700000000000001</ele>
   </trkpt>
   <trkpt lat="52.02629" lon="4.347230000000001">
    <ele>1.17</ele>
   </trkpt>
   <trkpt lat="52.02638" lon="4.34733">
    <ele>1.16</ele>
   </trkpt>
   <trkpt lat="52.02648000000001" lon="4.34713">
    <ele>1.2100000000000002</ele>
   </trkpt>
   <trkpt lat="52.02653" lon="4.3471">
    <ele>1.2300000000000002</ele>
   </trkpt>
   <trkpt lat="52.02740500020798" lon="4.346955002817365">
    <ele>1.2000000000000002</ele>
   </trkpt>
   <trkpt lat="52.02828" lon="4.3468100000000005">
    <ele>1.27</ele>
   </trkpt>
   <trkpt lat="52.0287600000597" lon="4.3467550005849915">
    <ele>1.26</ele>
   </trkpt>
   <trkpt lat="52.02924" lon="4.3467">
    <ele>1.27</ele>
   </trkpt>
   <trkpt lat="52.029700000000005" lon="4.34663">
    <ele>1.25</ele>
   </trkpt>
   <trkpt lat="52.030240000000006" lon="4.34649">
    <ele>1.2200000000000002</ele>
   </trkpt>
   <trkpt lat="52.030550000000005" lon="4.34647">
    <ele>1.25</ele>
   </trkpt>
   <trkpt lat="52.03119" lon="4.346310000000001">
    <ele>1.1900000000000002</ele>
   </trkpt>
   <trkpt lat="52.031650000000006" lon="4.346240000000001">
    <ele>1.18</ele>
   </trkpt>
   <trkpt lat="52.03239000000001" lon="4.346170000000001">
    <ele>1.1400000000000001</ele>
   </trkpt>
   <trkpt lat="52.03246000000001" lon="4.34612">
    <ele>1.2000000000000002</ele>
   </trkpt>
   <trkpt lat="52.03264000000001" lon="4.34609">
    <ele>1.2200000000000002</ele>
   </trkpt>
   <trkpt lat="52.032680000000006" lon="4.34611">
    <ele>1.2200000000000002</ele>
   </trkpt>
   <trkpt lat="52.032920000000004" lon="4.3460600000000005">
    <ele>1.2200000000000002</ele>
   </trkpt>
   <trkpt lat="52.033080000000005" lon="4.34605">
    <ele>1.2200000000000002</ele>
   </trkpt>
   <trkpt lat="52.03356" lon="4.34593">
    <ele>1.18</ele>
   </trkpt>
   <trkpt lat="52.03388" lon="4.34581">
    <ele>1.18</ele>
   </trkpt>
   <trkpt lat="52.03428" lon="4.345750000000001">
    <ele>1.1</ele>
   </trkpt>
   <trkpt lat="52.034940000000006" lon="4.345700000000001">
    <ele>1.09</ele>
   </trkpt>
   <trkpt lat="52.03524" lon="4.3456600000000005">
    <ele>1.1500000000000001</ele>
   </trkpt>
   <trkpt lat="52.03594000017104" lon="4.3454900026499725">
    <ele>1.1400000000000001</ele>
   </trkpt>
   <trkpt lat="52.036640000000006" lon="4.34532">
    <ele>1.1400000000000001</ele>
   </trkpt>
   <trkpt lat="52.037513333507384" lon="4.345170005863618">
    <ele>1.01</ele>
   </trkpt>
   <trkpt lat="52.03838666682431" lon="4.3450200058665756">
    <ele>0.9500000000000001</ele>
   </trkpt>
   <trkpt lat="52.039260000000006" lon="4.34487">
    <ele>1.07</ele>
   </trkpt>
   <trkpt lat="52.03982500000593" lon="4.344785001078086">
    <ele>1.04</ele>
   </trkpt>
   <trkpt lat="52.04039" lon="4.3447000000000005">
    <ele>1.12</ele>
   </trkpt>
   <trkpt lat="52.04073" lon="4.34463">
    <ele>1.3</ele>
   </trkpt>
   <trkpt lat="52.04077" lon="4.3447000000000005">
    <ele>1.3</ele>
   </trkpt>
   <trkpt lat="52.04077" lon="4.344740000000001">
    <ele>1.3</ele>
   </trkpt>
   <trkpt lat="52.04143000002378" lon="4.344615001853753">
    <ele>1.2300000000000002</ele>
   </trkpt>
   <trkpt lat="52.04209" lon="4.34449">
    <ele>1.3200000000000003</ele>
   </trkpt>
   <trkpt lat="52.04296" lon="4.344340000000001">
    <ele>1.29</ele>
   </trkpt>
   <trkpt lat="52.04348" lon="4.34433">
    <ele>1.29</ele>
   </trkpt>
   <trkpt lat="52.04415" lon="4.344250000000001">
    <ele>1.25</ele>
   </trkpt>
   <trkpt lat="52.04489" lon="4.34408">
    <ele>1.31</ele>
   </trkpt>
   <trkpt lat="52.04522000000001" lon="4.344">
    <ele>1.34</ele>
   </trkpt>
   <trkpt lat="52.04533000000001" lon="4.344">
    <ele>1.7000000000000002</ele>
   </trkpt>
   <trkpt lat="52.04603" lon="4.34388">
    <ele>1.93</ele>
   </trkpt>
   <trkpt lat="52.046240000000004" lon="4.343800000000001">
    <ele>1.6400000000000001</ele>
   </trkpt>
   <trkpt lat="52.04686999992664" lon="4.3437000014281075">
    <ele>1.3</ele>
   </trkpt>
   <trkpt lat="52.04750000000001" lon="4.3436">
    <ele>1.1300000000000001</ele>
   </trkpt>
   <trkpt lat="52.047700000000006" lon="4.343590000000001">
    <ele>1.12</ele>
   </trkpt>
   <trkpt lat="52.0478" lon="4.34363">
    <ele>1.12</ele>
   </trkpt>
   <trkpt lat="52.04818" lon="4.3436200000000005">
    <ele>1.08</ele>
   </trkpt>
   <trkpt lat="52.04847" lon="4.343590000000001">
    <ele>1.1500000000000001</ele>
   </trkpt>
   <trkpt lat="52.049080000000004" lon="4.34347">
    <ele>1.16</ele>
   </trkpt>
   <trkpt lat="52.0499" lon="4.34333">
    <ele>1.1500000000000001</ele>
   </trkpt>
   <trkpt lat="52.05066000000001" lon="4.3432900000000005">
    <ele>1.29</ele>
   </trkpt>
   <trkpt lat="52.050850000000004" lon="4.34332">
    <ele>1.27</ele>
   </trkpt>
   <trkpt lat="52.05086000000001" lon="4.343260000000001">
    <ele>1.1900000000000002</ele>
   </trkpt>
   <trkpt lat="52.050920000000005" lon="4.343240000000001">
    <ele>1.1900000000000002</ele>
   </trkpt>
   <trkpt lat="52.05129" lon="4.34332">
    <ele>0.62</ele>
   </trkpt>
   <trkpt lat="52.05185" lon="4.343520000000001">
    <ele>0.79</ele>
   </trkpt>
   <trkpt lat="52.05194" lon="4.343520000000001">
    <ele>0.79</ele>
   </trkpt>
   <trkpt lat="52.05207000000001" lon="4.34351">
    <ele>0.9600000000000001</ele>
   </trkpt>
   <trkpt lat="52.05228" lon="4.34354">
    <ele>1.08</ele>
   </trkpt>
   <trkpt lat="52.05274000000001" lon="4.34368">
    <ele>1.3</ele>
   </trkpt>
   <trkpt lat="52.05293" lon="4.34377">
    <ele>1.3</ele>
   </trkpt>
   <trkpt lat="52.05315" lon="4.34401">
    <ele>1.2200000000000002</ele>
   </trkpt>
   <trkpt lat="52.053830000000005" lon="4.344790000000001">
    <ele>1.4400000000000002</ele>
   </trkpt>
   <trkpt lat="52.054400004879824" lon="4.345549980595844">
    <ele>1.28</ele>
   </trkpt>
   <trkpt lat="52.05497000487129" lon="4.346309980584126">
    <ele>1.27</ele>
   </trkpt>
   <trkpt lat="52.05554000000001" lon="4.34707">
    <ele>1.17</ele>
   </trkpt>
   <trkpt lat="52.0559200007324" lon="4.3475049962216525">
    <ele>1.18</ele>
   </trkpt>
   <trkpt lat="52.05630000000001" lon="4.34794">
    <ele>1.33</ele>
   </trkpt>
   <trkpt lat="52.056540000000005" lon="4.34832">
    <ele>2.0700000000000003</ele>
   </trkpt>
   <trkpt lat="52.05673" lon="4.3480300000000005">
    <ele>2.04</ele>
   </trkpt>
   <trkpt lat="52.057030000000005" lon="4.347440000000001">
    <ele>1.54</ele>
   </trkpt>
   <trkpt lat="52.05731" lon="4.34712">
    <ele>1.78</ele>
   </trkpt>
   <trkpt lat="52.0574" lon="4.34708">
    <ele>1.97</ele>
   </trkpt>
   <trkpt lat="52.057460000000006" lon="4.347">
    <ele>1.97</ele>
   </trkpt>
   <trkpt lat="52.05799666973427" lon="4.346396681177973">
    <ele>1.6400000000000001</ele>
   </trkpt>
   <trkpt lat="52.05853333638793" lon="4.345793347859489">
    <ele>1.55</ele>
   </trkpt>
   <trkpt lat="52.059070000000006" lon="4.3451900000000006">
    <ele>1.6400000000000001</ele>
   </trkpt>
   <trkpt lat="52.05955" lon="4.344670000000001">
    <ele>3.4600000000000004</ele>
   </trkpt>
   <trkpt lat="52.05962" lon="4.3445100000000005">
    <ele>3.8800000000000003</ele>
   </trkpt>
   <trkpt lat="52.05928" lon="4.34396">
    <ele>3.45</ele>
   </trkpt>
   <trkpt lat="52.05933" lon="4.3437600000000005">
    <ele>3.36</ele>
   </trkpt>
   <trkpt lat="52.05990500249492" lon="4.34299500982299">
    <ele>2.1300000000000003</ele>
   </trkpt>
   <trkpt lat="52.060480000000005" lon="4.342230000000001">
    <ele>2.19</ele>
   </trkpt>
   <trkpt lat="52.060930000000006" lon="4.34159">
    <ele>2.14</ele>
   </trkpt>
   <trkpt lat="52.06136000000001" lon="4.34091">
    <ele>2.0900000000000003</ele>
   </trkpt>
   <trkpt lat="52.06175" lon="4.34023">
    <ele>2.15</ele>
   </trkpt>
   <trkpt lat="52.06192000000001" lon="4.3399600000000005">
    <ele>1.98</ele>
   </trkpt>
   <trkpt lat="52.06260601176116" lon="4.339126051252657">
    <ele>2.0100000000000002</ele>
   </trkpt>
   <trkpt lat="52.06329201763652" lon="4.338292076886933">
    <ele>2.0500000000000003</ele>
   </trkpt>
   <trkpt lat="52.063978017625736" lon="4.337458076901629">
    <ele>1.97</ele>
   </trkpt>
   <trkpt lat="52.064664011728524" lon="4.336624051295544">
    <ele>1.98</ele>
   </trkpt>
   <trkpt lat="52.06535" lon="4.33579">
    <ele>2.02</ele>
   </trkpt>
   <trkpt lat="52.066025002865985" lon="4.334955012724994">
    <ele>1.99</ele>
   </trkpt>
   <trkpt lat="52.066700000000004" lon="4.33412">
    <ele>2.02</ele>
   </trkpt>
   <trkpt lat="52.06678" lon="4.334020000000001">
    <ele>2.04</ele>
   </trkpt>
   <trkpt lat="52.066900000000004" lon="4.333690000000001">
    <ele>2.04</ele>
   </trkpt>
   <trkpt lat="52.067220000000006" lon="4.33337">
    <ele>2.2600000000000002</ele>
   </trkpt>
   <trkpt lat="52.067460000000004" lon="4.3331100000000005">
    <ele>2.5100000000000002</ele>
   </trkpt>
   <trkpt lat="52.06749000000001" lon="4.33303">
    <ele>2.5100000000000002</ele>
   </trkpt>
   <trkpt lat="52.06761" lon="4.33222">
    <ele>2.7</ele>
   </trkpt>
   <trkpt lat="52.06785000000001" lon="4.3319600000000005">
    <ele>2.5300000000000002</ele>
   </trkpt>
   <trkpt lat="52.06759" lon="4.33143">
    <ele>2.25</ele>
   </trkpt>
   <trkpt lat="52.06719500433102" lon="4.3304199911039305">
    <ele>2.47</ele>
   </trkpt>
   <trkpt lat="52.06680000000001" lon="4.32941">
    <ele>2.5</ele>
   </trkpt>
   <trkpt lat="52.06665" lon="4.329070000000001">
    <ele>3.17</ele>
   </trkpt>
   <trkpt lat="52.066790000000005" lon="4.32897">
    <ele>3.37</ele>
   </trkpt>
   <trkpt lat="52.066790000000005" lon="4.328880000000001">
    <ele>3.37</ele>
   </trkpt>
   <trkpt lat="52.067400000000006" lon="4.32831">
    <ele>4.73</ele>
   </trkpt>
   <trkpt lat="52.0678050007764" lon="4.327890003778047">
    <ele>4.07</ele>
   </trkpt>
   <trkpt lat="52.06821000000001" lon="4.32747">
    <ele>3.18</ele>
   </trkpt>
   <trkpt lat="52.06881500102708" lon="4.326985006545636">
    <ele>3.08</ele>
   </trkpt>
   <trkpt lat="52.06942" lon="4.3265">
    <ele>3.16</ele>
   </trkpt>
   <trkpt lat="52.06967" lon="4.32627">
    <ele>3.17</ele>
   </trkpt>
   <trkpt lat="52.06993000000001" lon="4.325950000000001">
    <ele>3.23</ele>
   </trkpt>
   <trkpt lat="52.07007" lon="4.32582">
    <ele>3.08</ele>
   </trkpt>
   <trkpt lat="52.07014" lon="4.3261400000000005">
    <ele>2.41</ele>
   </trkpt>
   <trkpt lat="52.07020000000001" lon="4.32608">
    <ele>2.45</ele>
   </trkpt>
   <trkpt lat="52.07023" lon="4.32613">
    <ele>2.45</ele>
   </trkpt>
   <trkpt lat="52.07054" lon="4.32585">
    <ele>2.33</ele>
   </trkpt>
   <trkpt lat="52.070730000000005" lon="4.32565">
    <ele>2.0700000000000003</ele>
   </trkpt>
   <trkpt lat="52.070800000000006" lon="4.325550000000001">
    <ele>2.0100000000000002</ele>
   </trkpt>
   <trkpt lat="52.071250000000006" lon="4.32512">
    <ele>2.06</ele>
   </trkpt>
   <trkpt lat="52.07151" lon="4.32497">
    <ele>2.5</ele>
   </trkpt>
   <trkpt lat="52.07202" lon="4.3245000000000005">
    <ele>2.9400000000000004</ele>
   </trkpt>
   <trkpt lat="52.07213" lon="4.324450000000001">
    <ele>3.02</ele>
   </trkpt>
   <trkpt lat="52.071830000000006" lon="4.32413">
    <ele>3.2700000000000005</ele>
   </trkpt>
   <trkpt lat="52.07182" lon="4.32383">
    <ele>3.2700000000000005</ele>
   </trkpt>
   <trkpt lat="52.07143000000001" lon="4.32373">
    <ele>2.97</ele>
   </trkpt>
   <trkpt lat="52.0713" lon="4.32366">
    <ele>2.97</ele>
   </trkpt>
   <trkpt lat="52.07115" lon="4.3235">
    <ele>3.0100000000000002</ele>
   </trkpt>
   <trkpt lat="52.071180000000005" lon="4.32343">
    <ele>3.0100000000000002</ele>
   </trkpt>
   <trkpt lat="52.071360000000006" lon="4.323580000000001">
    <ele>3.0500000000000003</ele>
   </trkpt>
   <trkpt lat="52.07144" lon="4.32362">
    <ele>3.1100000000000003</ele>
   </trkpt>
   <trkpt lat="52.07157" lon="4.32366">
    <ele>3.1100000000000003</ele>
   </trkpt>
   <trkpt lat="52.07184" lon="4.323670000000001">
    <ele>2.9200000000000004</ele>
   </trkpt>
   <trkpt lat="52.07195" lon="4.3236300000000005">
    <ele>2.7900000000000005</ele>
   </trkpt>
   <trkpt lat="52.07211" lon="4.323530000000001">
    <ele>2.71</ele>
   </trkpt>
   <trkpt lat="52.07247" lon="4.3230900000000005">
    <ele>3.1100000000000003</ele>
   </trkpt>
   <trkpt lat="52.07267" lon="4.32366">
    <ele>4.07</ele>
   </trkpt>
   <trkpt lat="52.0728" lon="4.32383">
    <ele>4.220000000000001</ele>
   </trkpt>
   <trkpt lat="52.073130000000006" lon="4.32416">
    <ele>3.94</ele>
   </trkpt>
   <trkpt lat="52.073190000000004" lon="4.324070000000001">
    <ele>3.94</ele>
   </trkpt>
   <trkpt lat="52.073240000000006" lon="4.32394">
    <ele>3.69</ele>
   </trkpt>
   <trkpt lat="52.0735" lon="4.32348">
    <ele>3.2</ele>
   </trkpt>
   <trkpt lat="52.073820000000005" lon="4.32294">
    <ele>3.22</ele>
   </trkpt>
   <trkpt lat="52.07417000197939" lon="4.322260005286272">
    <ele>3.22</ele>
   </trkpt>
   <trkpt lat="52.07452000000001" lon="4.32158">
    <ele>3.45</ele>
   </trkpt>
   <trkpt lat="52.07475" lon="4.32117">
    <ele>3.9000000000000004</ele>
   </trkpt>
   <trkpt lat="52.07509" lon="4.32071">
    <ele>4.62</ele>
   </trkpt>
   <trkpt lat="52.07513" lon="4.32063">
    <ele>4.62</ele>
   </trkpt>
   <trkpt lat="52.075140000000005" lon="4.320530000000001">
    <ele>4.670000000000001</ele>
   </trkpt>
   <trkpt lat="52.07504" lon="4.3197">
    <ele>4.410000000000001</ele>
   </trkpt>
   <trkpt lat="52.07509" lon="4.31956">
    <ele>4.3</ele>
   </trkpt>
   <trkpt lat="52.075475002203696" lon="4.3188500059923065">
    <ele>3.73</ele>
   </trkpt>
   <trkpt lat="52.075860000000006" lon="4.3181400000000005">
    <ele>3.8000000000000003</ele>
   </trkpt>
   <trkpt lat="52.076100000000004" lon="4.31763">
    <ele>3.98</ele>
   </trkpt>
   <trkpt lat="52.07639500139588" lon="4.317065003646925">
    <ele>4.16</ele>
   </trkpt>
   <trkpt lat="52.076690000000006" lon="4.3165000000000004">
    <ele>4.410000000000001</ele>
   </trkpt>
   <trkpt lat="52.07709000243955" lon="4.315765006303112">
    <ele>4.3100000000000005</ele>
   </trkpt>
   <trkpt lat="52.077490000000004" lon="4.31503">
    <ele>4.73</ele>
   </trkpt>
   <trkpt lat="52.07753" lon="4.3151600000000006">
    <ele>4.73</ele>
   </trkpt>
  </trkseg>
 </trk>
</gpx>
