<?xml version="1.0" encoding="UTF-8"?>
<gpx creator="StravaGPX" version="1.1" xmlns="http://www.topografix.com/GPX/1/1" xmlns:xsi="http://www.w3.org/2001/XMLSchema-instance" xsi:schemaLocation="http://www.topografix.com/GPX/1/1 http://www.topografix.com/GPX/1/1/gpx.xsd">
 <metadata>
  <name>VDV 100km</name>
  <author>
   <name>Andrew Goudie</name>
  </author>
  <copyright author="OpenStreetMap contributors">
   <year>2020</year>
   <license>https://www.openstreetmap.org/copyright</license>
  </copyright>
 </metadata>
 <trk>
  <name>VDV 100km</name>
  <link href=""/>
  <type>cycling</type>
  <trkseg>
   <trkpt lat="52.106" lon="4.358560000000001">
    <ele>2.75</ele>
   </trkpt>
   <trkpt lat="52.10569" lon="4.35904">
    <ele>2.7600000000000002</ele>
   </trkpt>
   <trkpt lat="52.10562" lon="4.35913">
    <ele>2.7</ele>
   </trkpt>
   <trkpt lat="52.10553" lon="4.3591500000000005">
    <ele>2.7</ele>
   </trkpt>
   <trkpt lat="52.105500000000006" lon="4.35914">
    <ele>2.7</ele>
   </trkpt>
   <trkpt lat="52.105470000000004" lon="4.359170000000001">
    <ele>2.7</ele>
   </trkpt>
   <trkpt lat="52.10490000000001" lon="4.36003">
    <ele>2.0900000000000003</ele>
   </trkpt>
   <trkpt lat="52.10465000000001" lon="4.3604">
    <ele>1.86</ele>
   </trkpt>
   <trkpt lat="52.10443000000001" lon="4.360650000000001">
    <ele>1.86</ele>
   </trkpt>
   <trkpt lat="52.10428" lon="4.36085">
    <ele>1.6500000000000001</ele>
   </trkpt>
   <trkpt lat="52.104240000000004" lon="4.36097">
    <ele>1.6500000000000001</ele>
   </trkpt>
   <trkpt lat="52.10417" lon="4.36106">
    <ele>1.6500000000000001</ele>
   </trkpt>
   <trkpt lat="52.1041" lon="4.361140000000001">
    <ele>1.59</ele>
   </trkpt>
   <trkpt lat="52.10401" lon="4.361190000000001">
    <ele>1.59</ele>
   </trkpt>
   <trkpt lat="52.103570000000005" lon="4.361750000000001">
    <ele>1.52</ele>
   </trkpt>
   <trkpt lat="52.10324000000001" lon="4.362170000000001">
    <ele>1.2100000000000002</ele>
   </trkpt>
   <trkpt lat="52.103120000000004" lon="4.36235">
    <ele>1.2000000000000002</ele>
   </trkpt>
   <trkpt lat="52.10302" lon="4.36254">
    <ele>1.25</ele>
   </trkpt>
   <trkpt lat="52.10295000000001" lon="4.3627400000000005">
    <ele>1.25</ele>
   </trkpt>
   <trkpt lat="52.10271" lon="4.36373">
    <ele>1.99</ele>
   </trkpt>
   <trkpt lat="52.10255" lon="4.36402">
    <ele>2.1300000000000003</ele>
   </trkpt>
   <trkpt lat="52.102430000000005" lon="4.364120000000001">
    <ele>2.1300000000000003</ele>
   </trkpt>
   <trkpt lat="52.10230000000001" lon="4.36418">
    <ele>2.17</ele>
   </trkpt>
   <trkpt lat="52.1022" lon="4.3642">
    <ele>2.17</ele>
   </trkpt>
   <trkpt lat="52.102090000000004" lon="4.364190000000001">
    <ele>2.23</ele>
   </trkpt>
   <trkpt lat="52.10192000000001" lon="4.36411">
    <ele>2.2</ele>
   </trkpt>
   <trkpt lat="52.101710000000004" lon="4.364120000000001">
    <ele>2.1100000000000003</ele>
   </trkpt>
   <trkpt lat="52.101510000000005" lon="4.363860000000001">
    <ele>2.0500000000000003</ele>
   </trkpt>
   <trkpt lat="52.101440000000004" lon="4.3637500000000005">
    <ele>1.98</ele>
   </trkpt>
   <trkpt lat="52.10141" lon="4.363650000000001">
    <ele>1.98</ele>
   </trkpt>
   <trkpt lat="52.101400000000005" lon="4.36347">
    <ele>1.79</ele>
   </trkpt>
   <trkpt lat="52.101290000000006" lon="4.36327">
    <ele>1.6500000000000001</ele>
   </trkpt>
   <trkpt lat="52.10095500294008" lon="4.364100006169457">
    <ele>1.55</ele>
   </trkpt>
   <trkpt lat="52.100620000000006" lon="4.36493">
    <ele>3.0100000000000002</ele>
   </trkpt>
   <trkpt lat="52.100480000000005" lon="4.365200000000001">
    <ele>3.49</ele>
   </trkpt>
   <trkpt lat="52.10011" lon="4.365740000000001">
    <ele>3.8300000000000005</ele>
   </trkpt>
   <trkpt lat="52.09943001068105" lon="4.366534048401951">
    <ele>3.7900000000000005</ele>
   </trkpt>
   <trkpt lat="52.09875001602806" lon="4.367328072593842">
    <ele>3.73</ele>
   </trkpt>
   <trkpt lat="52.09807001604138" lon="4.368122072576816">
    <ele>3.6</ele>
   </trkpt>
   <trkpt lat="52.097390010721256" lon="4.368916048352014">
    <ele>3.89</ele>
   </trkpt>
   <trkpt lat="52.09671" lon="4.36971">
    <ele>3.85</ele>
   </trkpt>
   <trkpt lat="52.09653" lon="4.369940000000001">
    <ele>3.85</ele>
   </trkpt>
   <trkpt lat="52.09639000000001" lon="4.37018">
    <ele>3.7900000000000005</ele>
   </trkpt>
   <trkpt lat="52.0960900015838" lon="4.370775003830373">
    <ele>3.6500000000000004</ele>
   </trkpt>
   <trkpt lat="52.09579" lon="4.371370000000001">
    <ele>2.86</ele>
   </trkpt>
   <trkpt lat="52.09563000000001" lon="4.37161">
    <ele>1.8200000000000003</ele>
   </trkpt>
   <trkpt lat="52.09525000000001" lon="4.37211">
    <ele>1.4400000000000002</ele>
   </trkpt>
   <trkpt lat="52.09505000000001" lon="4.372330000000001">
    <ele>1.41</ele>
   </trkpt>
   <trkpt lat="52.09479" lon="4.3725700000000005">
    <ele>1.4500000000000002</ele>
   </trkpt>
   <trkpt lat="52.09409333602873" lon="4.37313335091856">
    <ele>1.27</ele>
   </trkpt>
   <trkpt lat="52.09339666937248" lon="4.373696684243117">
    <ele>-0.36000000000000004</ele>
   </trkpt>
   <trkpt lat="52.09270000000001" lon="4.3742600000000005">
    <ele>-2.25</ele>
   </trkpt>
   <trkpt lat="52.092560000000006" lon="4.37431">
    <ele>-1.93</ele>
   </trkpt>
   <trkpt lat="52.092510000000004" lon="4.374300000000001">
    <ele>-1.93</ele>
   </trkpt>
   <trkpt lat="52.09243000000001" lon="4.37425">
    <ele>-1.67</ele>
   </trkpt>
   <trkpt lat="52.09235" lon="4.3741200000000005">
    <ele>-0.68</ele>
   </trkpt>
   <trkpt lat="52.092110000000005" lon="4.373620000000001">
    <ele>0.0</ele>
   </trkpt>
   <trkpt lat="52.092060000000004" lon="4.373600000000001">
    <ele>0.34</ele>
   </trkpt>
   <trkpt lat="52.09197" lon="4.3736500000000005">
    <ele>0.38</ele>
   </trkpt>
   <trkpt lat="52.09245000000001" lon="4.37467">
    <ele>1.41</ele>
   </trkpt>
   <trkpt lat="52.092490000000005" lon="4.37485">
    <ele>1.29</ele>
   </trkpt>
   <trkpt lat="52.092530000000004" lon="4.37516">
    <ele>0.23</ele>
   </trkpt>
   <trkpt lat="52.092620000000004" lon="4.375380000000001">
    <ele>0.23</ele>
   </trkpt>
   <trkpt lat="52.09245000000001" lon="4.37607">
    <ele>0.33000000000000007</ele>
   </trkpt>
   <trkpt lat="52.092270000000006" lon="4.375990000000001">
    <ele>0.13</ele>
   </trkpt>
   <trkpt lat="52.09216000000001" lon="4.375990000000001">
    <ele>0.13</ele>
   </trkpt>
   <trkpt lat="52.09187000000001" lon="4.376110000000001">
    <ele>0.16</ele>
   </trkpt>
   <trkpt lat="52.09183" lon="4.3761600000000005">
    <ele>0.1</ele>
   </trkpt>
   <trkpt lat="52.09120000000001" lon="4.37654">
    <ele>0.15000000000000002</ele>
   </trkpt>
   <trkpt lat="52.091190000000005" lon="4.37648">
    <ele>0.15000000000000002</ele>
   </trkpt>
   <trkpt lat="52.090600000400336" lon="4.3768350047741285">
    <ele>0.16</ele>
   </trkpt>
   <trkpt lat="52.09001000000001" lon="4.377190000000001">
    <ele>0.14</ele>
   </trkpt>
   <trkpt lat="52.08963000000001" lon="4.3774500000000005">
    <ele>0.30000000000000004</ele>
   </trkpt>
   <trkpt lat="52.0893" lon="4.37776">
    <ele>0.76</ele>
   </trkpt>
   <trkpt lat="52.089130000000004" lon="4.377960000000001">
    <ele>0.78</ele>
   </trkpt>
   <trkpt lat="52.089040000000004" lon="4.37805">
    <ele>1.07</ele>
   </trkpt>
   <trkpt lat="52.08887000000001" lon="4.37821">
    <ele>0.8500000000000001</ele>
   </trkpt>
   <trkpt lat="52.08876000000001" lon="4.37826">
    <ele>0.64</ele>
   </trkpt>
   <trkpt lat="52.088710000000006" lon="4.37831">
    <ele>0.6100000000000001</ele>
   </trkpt>
   <trkpt lat="52.0885" lon="4.377820000000001">
    <ele>0.41000000000000003</ele>
   </trkpt>
   <trkpt lat="52.08843" lon="4.377730000000001">
    <ele>0.2</ele>
   </trkpt>
   <trkpt lat="52.088370000000005" lon="4.377730000000001">
    <ele>0.11</ele>
   </trkpt>
   <trkpt lat="52.08805" lon="4.37783">
    <ele>0.0</ele>
   </trkpt>
   <trkpt lat="52.08734666884539" lon="4.378343349552068">
    <ele>0.29</ele>
   </trkpt>
   <trkpt lat="52.08664333546116" lon="4.3788566829222315">
    <ele>0.060000000000000005</ele>
   </trkpt>
   <trkpt lat="52.08594" lon="4.379370000000001">
    <ele>0.17</ele>
   </trkpt>
   <trkpt lat="52.085820000000005" lon="4.3794200000000005">
    <ele>0.17</ele>
   </trkpt>
   <trkpt lat="52.085570000000004" lon="4.37936">
    <ele>0.37000000000000005</ele>
   </trkpt>
   <trkpt lat="52.08545" lon="4.37938">
    <ele>0.44</ele>
   </trkpt>
   <trkpt lat="52.08522000000001" lon="4.37962">
    <ele>0.52</ele>
   </trkpt>
   <trkpt lat="52.08511000000001" lon="4.379930000000001">
    <ele>0.48000000000000004</ele>
   </trkpt>
   <trkpt lat="52.08514" lon="4.3801000000000005">
    <ele>-0.08</ele>
   </trkpt>
   <trkpt lat="52.08511000000001" lon="4.380170000000001">
    <ele>-0.08</ele>
   </trkpt>
   <trkpt lat="52.084480000000006" lon="4.38086">
    <ele>-0.23</ele>
   </trkpt>
   <trkpt lat="52.08418" lon="4.381150000000001">
    <ele>0.01</ele>
   </trkpt>
   <trkpt lat="52.084120000000006" lon="4.38119">
    <ele>0.04</ele>
   </trkpt>
   <trkpt lat="52.084120000000006" lon="4.381220000000001">
    <ele>0.04</ele>
   </trkpt>
   <trkpt lat="52.08372000000001" lon="4.38159">
    <ele>0.38</ele>
   </trkpt>
   <trkpt lat="52.083090000000006" lon="4.38248">
    <ele>0.92</ele>
   </trkpt>
   <trkpt lat="52.083040000000004" lon="4.3826">
    <ele>0.99</ele>
   </trkpt>
   <trkpt lat="52.08301" lon="4.38278">
    <ele>1.27</ele>
   </trkpt>
   <trkpt lat="52.083000000000006" lon="4.383">
    <ele>1.27</ele>
   </trkpt>
   <trkpt lat="52.08294000000001" lon="4.38299">
    <ele>1.27</ele>
   </trkpt>
   <trkpt lat="52.082890000000006" lon="4.3829400000000005">
    <ele>1.27</ele>
   </trkpt>
   <trkpt lat="52.082440000000005" lon="4.38225">
    <ele>1.3</ele>
   </trkpt>
   <trkpt lat="52.08240000000001" lon="4.38222">
    <ele>1.2200000000000002</ele>
   </trkpt>
   <trkpt lat="52.082350000000005" lon="4.382280000000001">
    <ele>1.2200000000000002</ele>
   </trkpt>
   <trkpt lat="52.08177000929298" lon="4.383135033310184">
    <ele>0.89</ele>
   </trkpt>
   <trkpt lat="52.08119001240017" lon="4.383990044398717">
    <ele>0.48000000000000004</ele>
   </trkpt>
   <trkpt lat="52.08061000932184" lon="4.384845033266407">
    <ele>0.56</ele>
   </trkpt>
   <trkpt lat="52.08003" lon="4.3857">
    <ele>0.88</ele>
   </trkpt>
   <trkpt lat="52.07994000000001" lon="4.385730000000001">
    <ele>1.01</ele>
   </trkpt>
   <trkpt lat="52.07985000000001" lon="4.385660000000001">
    <ele>1.1900000000000002</ele>
   </trkpt>
   <trkpt lat="52.07979" lon="4.38555">
    <ele>1.1900000000000002</ele>
   </trkpt>
   <trkpt lat="52.079600000000006" lon="4.38581">
    <ele>1.35</ele>
   </trkpt>
   <trkpt lat="52.07965" lon="4.3859900000000005">
    <ele>1.35</ele>
   </trkpt>
   <trkpt lat="52.07963" lon="4.38607">
    <ele>1.3800000000000001</ele>
   </trkpt>
   <trkpt lat="52.07956" lon="4.3861300000000005">
    <ele>1.3800000000000001</ele>
   </trkpt>
   <trkpt lat="52.0795" lon="4.38612">
    <ele>1.4800000000000002</ele>
   </trkpt>
   <trkpt lat="52.079460000000005" lon="4.3860600000000005">
    <ele>1.4800000000000002</ele>
   </trkpt>
   <trkpt lat="52.07895000227646" lon="4.38680000851332">
    <ele>1.35</ele>
   </trkpt>
   <trkpt lat="52.07844000000001" lon="4.38754">
    <ele>1.36</ele>
   </trkpt>
   <trkpt lat="52.07804" lon="4.38823">
    <ele>1.41</ele>
   </trkpt>
   <trkpt lat="52.077940000000005" lon="4.388240000000001">
    <ele>1.41</ele>
   </trkpt>
   <trkpt lat="52.07775" lon="4.38853">
    <ele>1.85</ele>
   </trkpt>
   <trkpt lat="52.077740000000006" lon="4.388610000000001">
    <ele>1.85</ele>
   </trkpt>
   <trkpt lat="52.077760000000005" lon="4.38869">
    <ele>1.8900000000000001</ele>
   </trkpt>
   <trkpt lat="52.07744" lon="4.38923">
    <ele>1.58</ele>
   </trkpt>
   <trkpt lat="52.07743000000001" lon="4.389220000000001">
    <ele>1.5700000000000003</ele>
   </trkpt>
   <trkpt lat="52.07764" lon="4.38984">
    <ele>0.63</ele>
   </trkpt>
   <trkpt lat="52.07788000000001" lon="4.3904700000000005">
    <ele>0.7200000000000001</ele>
   </trkpt>
   <trkpt lat="52.078250000000004" lon="4.3916200000000005">
    <ele>0.51</ele>
   </trkpt>
   <trkpt lat="52.078550004211095" lon="4.392624993037554">
    <ele>0.35000000000000003</ele>
   </trkpt>
   <trkpt lat="52.07885" lon="4.39363">
    <ele>0.26</ele>
   </trkpt>
   <trkpt lat="52.079130000000006" lon="4.39442">
    <ele>0.23</ele>
   </trkpt>
   <trkpt lat="52.07931500216311" lon="4.395129997173919">
    <ele>0.27</ele>
   </trkpt>
   <trkpt lat="52.0795" lon="4.395840000000001">
    <ele>0.17</ele>
   </trkpt>
   <trkpt lat="52.079640000000005" lon="4.39651">
    <ele>-0.16</ele>
   </trkpt>
   <trkpt lat="52.079800000000006" lon="4.397810000000001">
    <ele>0.38</ele>
   </trkpt>
   <trkpt lat="52.07985000000001" lon="4.39796">
    <ele>0.18000000000000002</ele>
   </trkpt>
   <trkpt lat="52.080110000000005" lon="4.39851">
    <ele>0.30000000000000004</ele>
   </trkpt>
   <trkpt lat="52.08016000000001" lon="4.39878">
    <ele>0.16</ele>
   </trkpt>
   <trkpt lat="52.08049000340313" lon="4.399689992995394">
    <ele>-0.16</ele>
   </trkpt>
   <trkpt lat="52.08082" lon="4.400600000000001">
    <ele>-0.16</ele>
   </trkpt>
   <trkpt lat="52.0812400014255" lon="4.401184994464039">
    <ele>-0.21</ele>
   </trkpt>
   <trkpt lat="52.08166000000001" lon="4.40177">
    <ele>0.17</ele>
   </trkpt>
   <trkpt lat="52.08176" lon="4.401870000000001">
    <ele>0.26</ele>
   </trkpt>
   <trkpt lat="52.081950000000006" lon="4.4019900000000005">
    <ele>0.27</ele>
   </trkpt>
   <trkpt lat="52.08202000000001" lon="4.40202">
    <ele>0.26</ele>
   </trkpt>
   <trkpt lat="52.08245" lon="4.4023200000000005">
    <ele>-0.38</ele>
   </trkpt>
   <trkpt lat="52.083180003151185" lon="4.402929980047315">
    <ele>-0.38</ele>
   </trkpt>
   <trkpt lat="52.083910003154045" lon="4.40353998004928">
    <ele>-0.62</ele>
   </trkpt>
   <trkpt lat="52.08464000000001" lon="4.4041500000000005">
    <ele>-0.8</ele>
   </trkpt>
   <trkpt lat="52.084720000000004" lon="4.40428">
    <ele>-0.89</ele>
   </trkpt>
   <trkpt lat="52.08484000000001" lon="4.4042900000000005">
    <ele>-0.77</ele>
   </trkpt>
   <trkpt lat="52.085240000000006" lon="4.404540000000001">
    <ele>-0.75</ele>
   </trkpt>
   <trkpt lat="52.08534" lon="4.40463">
    <ele>-0.75</ele>
   </trkpt>
   <trkpt lat="52.08558000000001" lon="4.40491">
    <ele>-0.5</ele>
   </trkpt>
   <trkpt lat="52.08597" lon="4.4055100000000005">
    <ele>-0.44</ele>
   </trkpt>
   <trkpt lat="52.08633000151885" lon="4.406094995396203">
    <ele>-0.5</ele>
   </trkpt>
   <trkpt lat="52.086690000000004" lon="4.406680000000001">
    <ele>-0.54</ele>
   </trkpt>
   <trkpt lat="52.08702" lon="4.40702">
    <ele>-0.62</ele>
   </trkpt>
   <trkpt lat="52.08755666838271" lon="4.407476655641194">
    <ele>-0.79</ele>
   </trkpt>
   <trkpt lat="52.088093335000984" lon="4.40793332226651">
    <ele>-0.54</ele>
   </trkpt>
   <trkpt lat="52.08863" lon="4.408390000000001">
    <ele>-0.54</ele>
   </trkpt>
   <trkpt lat="52.089150000000004" lon="4.40875">
    <ele>-0.67</ele>
   </trkpt>
   <trkpt lat="52.089550000450586" lon="4.409124996503016">
    <ele>-0.7200000000000001</ele>
   </trkpt>
   <trkpt lat="52.08995" lon="4.4095">
    <ele>-0.58</ele>
   </trkpt>
   <trkpt lat="52.09064000000001" lon="4.41007">
    <ele>-0.42</ele>
   </trkpt>
   <trkpt lat="52.09122000000001" lon="4.41065">
    <ele>-0.46</ele>
   </trkpt>
   <trkpt lat="52.09185500138034" lon="4.411214991985336">
    <ele>-0.54</ele>
   </trkpt>
   <trkpt lat="52.092490000000005" lon="4.41178">
    <ele>-0.54</ele>
   </trkpt>
   <trkpt lat="52.093070000000004" lon="4.41235">
    <ele>-0.62</ele>
   </trkpt>
   <trkpt lat="52.093630000000005" lon="4.41295">
    <ele>-0.55</ele>
   </trkpt>
   <trkpt lat="52.09398" lon="4.4134400000000005">
    <ele>-0.54</ele>
   </trkpt>
   <trkpt lat="52.094080000000005" lon="4.41361">
    <ele>-0.54</ele>
   </trkpt>
   <trkpt lat="52.09445" lon="4.41444">
    <ele>-0.63</ele>
   </trkpt>
   <trkpt lat="52.094730000000006" lon="4.4149400000000005">
    <ele>-0.62</ele>
   </trkpt>
   <trkpt lat="52.09512" lon="4.41549">
    <ele>-0.71</ele>
   </trkpt>
   <trkpt lat="52.095530000000004" lon="4.41615">
    <ele>-0.62</ele>
   </trkpt>
   <trkpt lat="52.095983339659846" lon="4.417016648998525">
    <ele>-0.54</ele>
   </trkpt>
   <trkpt lat="52.096436672965176" lon="4.41788331561138">
    <ele>-0.67</ele>
   </trkpt>
   <trkpt lat="52.09689" lon="4.41875">
    <ele>-0.67</ele>
   </trkpt>
   <trkpt lat="52.09724000236052" lon="4.419504993966684">
    <ele>-0.58</ele>
   </trkpt>
   <trkpt lat="52.097590000000004" lon="4.420260000000001">
    <ele>-0.59</ele>
   </trkpt>
   <trkpt lat="52.098110000000005" lon="4.4213000000000005">
    <ele>-0.62</ele>
   </trkpt>
   <trkpt lat="52.09857" lon="4.4223300000000005">
    <ele>-0.62</ele>
   </trkpt>
   <trkpt lat="52.099000000000004" lon="4.42321">
    <ele>-0.77</ele>
   </trkpt>
   <trkpt lat="52.0993750028344" lon="4.424024993201812">
    <ele>-0.67</ele>
   </trkpt>
   <trkpt lat="52.09975000000001" lon="4.4248400000000006">
    <ele>-0.5</ele>
   </trkpt>
   <trkpt lat="52.100030000000004" lon="4.42527">
    <ele>-0.5</ele>
   </trkpt>
   <trkpt lat="52.10025" lon="4.4256400000000005">
    <ele>-0.44</ele>
   </trkpt>
   <trkpt lat="52.100480000000005" lon="4.42612">
    <ele>-0.36000000000000004</ele>
   </trkpt>
   <trkpt lat="52.10082500272925" lon="4.426919993863108">
    <ele>-0.34</ele>
   </trkpt>
   <trkpt lat="52.10117" lon="4.427720000000001">
    <ele>-0.5</ele>
   </trkpt>
   <trkpt lat="52.101610003621545" lon="4.428639991010371">
    <ele>-0.75</ele>
   </trkpt>
   <trkpt lat="52.102050000000006" lon="4.42956">
    <ele>-0.75</ele>
   </trkpt>
   <trkpt lat="52.10226" lon="4.43003">
    <ele>-0.67</ele>
   </trkpt>
   <trkpt lat="52.10266000000001" lon="4.431220000000001">
    <ele>-0.68</ele>
   </trkpt>
   <trkpt lat="52.1030350035996" lon="4.432134992448491">
    <ele>-0.62</ele>
   </trkpt>
   <trkpt lat="52.103410000000004" lon="4.433050000000001">
    <ele>-0.62</ele>
   </trkpt>
   <trkpt lat="52.10361" lon="4.4333800000000005">
    <ele>-0.67</ele>
   </trkpt>
   <trkpt lat="52.1039" lon="4.433800000000001">
    <ele>-0.68</ele>
   </trkpt>
   <trkpt lat="52.104150000000004" lon="4.434060000000001">
    <ele>-0.64</ele>
   </trkpt>
   <trkpt lat="52.10486" lon="4.43465">
    <ele>-0.7200000000000001</ele>
   </trkpt>
   <trkpt lat="52.105630000000005" lon="4.435160000000001">
    <ele>-0.71</ele>
   </trkpt>
   <trkpt lat="52.105880000000006" lon="4.43529">
    <ele>-0.64</ele>
   </trkpt>
   <trkpt lat="52.10614" lon="4.43541">
    <ele>-0.44</ele>
   </trkpt>
   <trkpt lat="52.106570000000005" lon="4.43559">
    <ele>-0.27</ele>
   </trkpt>
   <trkpt lat="52.10667" lon="4.4356800000000005">
    <ele>0.13</ele>
   </trkpt>
   <trkpt lat="52.10680000000001" lon="4.435860000000001">
    <ele>0.31</ele>
   </trkpt>
   <trkpt lat="52.10685" lon="4.4359">
    <ele>0.31</ele>
   </trkpt>
   <trkpt lat="52.10696" lon="4.43594">
    <ele>-0.36000000000000004</ele>
   </trkpt>
   <trkpt lat="52.10716000000001" lon="4.43594">
    <ele>-0.58</ele>
   </trkpt>
   <trkpt lat="52.10728" lon="4.43599">
    <ele>-0.71</ele>
   </trkpt>
   <trkpt lat="52.107330000000005" lon="4.436030000000001">
    <ele>-0.71</ele>
   </trkpt>
   <trkpt lat="52.10768" lon="4.4366900000000005">
    <ele>-0.71</ele>
   </trkpt>
   <trkpt lat="52.10783000000001" lon="4.436920000000001">
    <ele>-0.71</ele>
   </trkpt>
   <trkpt lat="52.108200000000004" lon="4.43728">
    <ele>-0.62</ele>
   </trkpt>
   <trkpt lat="52.108610000000006" lon="4.43761">
    <ele>-0.75</ele>
   </trkpt>
   <trkpt lat="52.10884" lon="4.43783">
    <ele>-0.71</ele>
   </trkpt>
   <trkpt lat="52.109320000000004" lon="4.43851">
    <ele>-0.63</ele>
   </trkpt>
   <trkpt lat="52.109590000000004" lon="4.438820000000001">
    <ele>-0.64</ele>
   </trkpt>
   <trkpt lat="52.109700000000004" lon="4.43897">
    <ele>-0.58</ele>
   </trkpt>
   <trkpt lat="52.10981" lon="4.439170000000001">
    <ele>-0.4</ele>
   </trkpt>
   <trkpt lat="52.11007000000001" lon="4.4398">
    <ele>-0.44</ele>
   </trkpt>
   <trkpt lat="52.110510000000005" lon="4.441000000000001">
    <ele>-0.55</ele>
   </trkpt>
   <trkpt lat="52.110760000000006" lon="4.4415700000000005">
    <ele>-0.54</ele>
   </trkpt>
   <trkpt lat="52.11121000000001" lon="4.4428">
    <ele>-0.75</ele>
   </trkpt>
   <trkpt lat="52.111720000000005" lon="4.444">
    <ele>-0.79</ele>
   </trkpt>
   <trkpt lat="52.112170002249414" lon="4.444744992318075">
    <ele>-0.88</ele>
   </trkpt>
   <trkpt lat="52.11262000000001" lon="4.44549">
    <ele>-0.93</ele>
   </trkpt>
   <trkpt lat="52.11300000000001" lon="4.44618">
    <ele>-0.42</ele>
   </trkpt>
   <trkpt lat="52.11312" lon="4.44646">
    <ele>-0.46</ele>
   </trkpt>
   <trkpt lat="52.113420000000005" lon="4.447030000000001">
    <ele>-0.8</ele>
   </trkpt>
   <trkpt lat="52.11372000000001" lon="4.44746">
    <ele>-0.84</ele>
   </trkpt>
   <trkpt lat="52.1139" lon="4.4476700000000005">
    <ele>-0.7200000000000001</ele>
   </trkpt>
   <trkpt lat="52.11432000059253" lon="4.448059996278593">
    <ele>-0.62</ele>
   </trkpt>
   <trkpt lat="52.114740000000005" lon="4.44845">
    <ele>-0.62</ele>
   </trkpt>
   <trkpt lat="52.11524000000001" lon="4.4489600000000005">
    <ele>-0.63</ele>
   </trkpt>
   <trkpt lat="52.11549" lon="4.449260000000001">
    <ele>-0.58</ele>
   </trkpt>
   <trkpt lat="52.11560000000001" lon="4.44956">
    <ele>-0.31</ele>
   </trkpt>
   <trkpt lat="52.11574" lon="4.45031">
    <ele>0.08</ele>
   </trkpt>
   <trkpt lat="52.115790000000004" lon="4.450410000000001">
    <ele>0.15000000000000002</ele>
   </trkpt>
   <trkpt lat="52.116200000000006" lon="4.45082">
    <ele>0.02</ele>
   </trkpt>
   <trkpt lat="52.116290000000006" lon="4.45087">
    <ele>-0.02</ele>
   </trkpt>
   <trkpt lat="52.11639" lon="4.45089">
    <ele>-0.02</ele>
   </trkpt>
   <trkpt lat="52.11684" lon="4.450830000000001">
    <ele>-0.42</ele>
   </trkpt>
   <trkpt lat="52.11693" lon="4.45085">
    <ele>-0.42</ele>
   </trkpt>
   <trkpt lat="52.117020000000004" lon="4.450900000000001">
    <ele>-0.55</ele>
   </trkpt>
   <trkpt lat="52.117495000984114" lon="4.451389994746179">
    <ele>-0.54</ele>
   </trkpt>
   <trkpt lat="52.11797000000001" lon="4.45188">
    <ele>-0.5</ele>
   </trkpt>
   <trkpt lat="52.11838" lon="4.452330000000001">
    <ele>-0.5</ele>
   </trkpt>
   <trkpt lat="52.11876" lon="4.45281">
    <ele>-0.68</ele>
   </trkpt>
   <trkpt lat="52.119230002015065" lon="4.45347999310126">
    <ele>-0.55</ele>
   </trkpt>
   <trkpt lat="52.1197" lon="4.45415">
    <ele>-0.19</ele>
   </trkpt>
   <trkpt lat="52.12028000327024" lon="4.4550249886622835">
    <ele>-0.5</ele>
   </trkpt>
   <trkpt lat="52.12086000000001" lon="4.455900000000001">
    <ele>-0.62</ele>
   </trkpt>
   <trkpt lat="52.12115000000001" lon="4.4562800000000005">
    <ele>-0.7200000000000001</ele>
   </trkpt>
   <trkpt lat="52.1215950013052" lon="4.456824994618455">
    <ele>-0.58</ele>
   </trkpt>
   <trkpt lat="52.122040000000005" lon="4.45737">
    <ele>-0.36000000000000004</ele>
   </trkpt>
   <trkpt lat="52.12239" lon="4.45784">
    <ele>-0.32</ele>
   </trkpt>
   <trkpt lat="52.122440000000005" lon="4.45796">
    <ele>-0.29</ele>
   </trkpt>
   <trkpt lat="52.12252" lon="4.458360000000001">
    <ele>-0.1</ele>
   </trkpt>
   <trkpt lat="52.12272501700484" lon="4.459517484062039">
    <ele>-0.08</ele>
   </trkpt>
   <trkpt lat="52.122930022677416" lon="4.460674978773129">
    <ele>-0.1</ele>
   </trkpt>
   <trkpt lat="52.12313501701751" lon="4.461832484132858">
    <ele>-0.1</ele>
   </trkpt>
   <trkpt lat="52.123340000000006" lon="4.4629900000000005">
    <ele>0.17</ele>
   </trkpt>
   <trkpt lat="52.123490000000004" lon="4.46342">
    <ele>0.30000000000000004</ele>
   </trkpt>
   <trkpt lat="52.12409667311144" lon="4.464293309546541">
    <ele>0.30000000000000004</ele>
   </trkpt>
   <trkpt lat="52.12470333977189" lon="4.465166642870462">
    <ele>0.13</ele>
   </trkpt>
   <trkpt lat="52.125310000000006" lon="4.4660400000000005">
    <ele>0.6000000000000001</ele>
   </trkpt>
   <trkpt lat="52.125400000000006" lon="4.4661100000000005">
    <ele>0.58</ele>
   </trkpt>
   <trkpt lat="52.12511000000001" lon="4.4666500000000005">
    <ele>0.28</ele>
   </trkpt>
   <trkpt lat="52.12518000000001" lon="4.466760000000001">
    <ele>0.28</ele>
   </trkpt>
   <trkpt lat="52.12523" lon="4.46689">
    <ele>0.28</ele>
   </trkpt>
   <trkpt lat="52.125170000000004" lon="4.46732">
    <ele>0.22</ele>
   </trkpt>
   <trkpt lat="52.124990000000004" lon="4.46839">
    <ele>-0.32</ele>
   </trkpt>
   <trkpt lat="52.124970000000005" lon="4.46842">
    <ele>-0.32</ele>
   </trkpt>
   <trkpt lat="52.12480000000001" lon="4.468710000000001">
    <ele>-0.27</ele>
   </trkpt>
   <trkpt lat="52.12474" lon="4.46902">
    <ele>-0.11</ele>
   </trkpt>
   <trkpt lat="52.12469" lon="4.46922">
    <ele>-0.27</ele>
   </trkpt>
   <trkpt lat="52.124570000000006" lon="4.4694">
    <ele>-0.31</ele>
   </trkpt>
   <trkpt lat="52.12454" lon="4.469480000000001">
    <ele>-0.32</ele>
   </trkpt>
   <trkpt lat="52.124520000000004" lon="4.46973">
    <ele>-0.25</ele>
   </trkpt>
   <trkpt lat="52.124500000000005" lon="4.46987">
    <ele>-0.25</ele>
   </trkpt>
   <trkpt lat="52.12447" lon="4.469930000000001">
    <ele>-0.25</ele>
   </trkpt>
   <trkpt lat="52.12442000000001" lon="4.46996">
    <ele>-0.25</ele>
   </trkpt>
   <trkpt lat="52.12422" lon="4.470020000000001">
    <ele>-0.29</ele>
   </trkpt>
   <trkpt lat="52.12413" lon="4.47008">
    <ele>-0.29</ele>
   </trkpt>
   <trkpt lat="52.12350000000001" lon="4.470680000000001">
    <ele>-0.11</ele>
   </trkpt>
   <trkpt lat="52.123450000000005" lon="4.47079">
    <ele>-0.11</ele>
   </trkpt>
   <trkpt lat="52.12341000000001" lon="4.47118">
    <ele>0.01</ele>
   </trkpt>
   <trkpt lat="52.12335" lon="4.471290000000001">
    <ele>-0.04</ele>
   </trkpt>
   <trkpt lat="52.123180000000005" lon="4.47137">
    <ele>-0.31</ele>
   </trkpt>
   <trkpt lat="52.12299" lon="4.471430000000001">
    <ele>-0.44</ele>
   </trkpt>
   <trkpt lat="52.122150000000005" lon="4.47142">
    <ele>-0.55</ele>
   </trkpt>
   <trkpt lat="52.121610000000004" lon="4.471220000000001">
    <ele>-0.76</ele>
   </trkpt>
   <trkpt lat="52.12153000000001" lon="4.47121">
    <ele>-0.76</ele>
   </trkpt>
   <trkpt lat="52.12145" lon="4.471220000000001">
    <ele>-1.16</ele>
   </trkpt>
   <trkpt lat="52.12104000000001" lon="4.47135">
    <ele>-1.24</ele>
   </trkpt>
   <trkpt lat="52.12088000000001" lon="4.47137">
    <ele>-1.24</ele>
   </trkpt>
   <trkpt lat="52.120760000000004" lon="4.471360000000001">
    <ele>-1.07</ele>
   </trkpt>
   <trkpt lat="52.12066" lon="4.471310000000001">
    <ele>-1.07</ele>
   </trkpt>
   <trkpt lat="52.11992500219376" lon="4.4705899881282445">
    <ele>-0.79</ele>
   </trkpt>
   <trkpt lat="52.11919" lon="4.46987">
    <ele>-0.62</ele>
   </trkpt>
   <trkpt lat="52.119040000000005" lon="4.46969">
    <ele>-0.46</ele>
   </trkpt>
   <trkpt lat="52.118745003067" lon="4.4688399944070865">
    <ele>-0.11</ele>
   </trkpt>
   <trkpt lat="52.11845" lon="4.46799">
    <ele>-0.36000000000000004</ele>
   </trkpt>
   <trkpt lat="52.118210000000005" lon="4.46736">
    <ele>-0.62</ele>
   </trkpt>
   <trkpt lat="52.11809" lon="4.46718">
    <ele>-0.62</ele>
   </trkpt>
   <trkpt lat="52.118" lon="4.467110000000001">
    <ele>-0.62</ele>
   </trkpt>
   <trkpt lat="52.11787" lon="4.46706">
    <ele>-0.84</ele>
   </trkpt>
   <trkpt lat="52.11768000000001" lon="4.46703">
    <ele>-0.88</ele>
   </trkpt>
   <trkpt lat="52.11750000000001" lon="4.467040000000001">
    <ele>-0.92</ele>
   </trkpt>
   <trkpt lat="52.11721000000001" lon="4.467160000000001">
    <ele>-0.84</ele>
   </trkpt>
   <trkpt lat="52.11713" lon="4.467160000000001">
    <ele>-0.84</ele>
   </trkpt>
   <trkpt lat="52.11706" lon="4.46712">
    <ele>-0.75</ele>
   </trkpt>
   <trkpt lat="52.11697" lon="4.467020000000001">
    <ele>-0.75</ele>
   </trkpt>
   <trkpt lat="52.116820000000004" lon="4.4667900000000005">
    <ele>-0.54</ele>
   </trkpt>
   <trkpt lat="52.116800000000005" lon="4.46673">
    <ele>-0.42</ele>
   </trkpt>
   <trkpt lat="52.11679" lon="4.46664">
    <ele>-0.42</ele>
   </trkpt>
   <trkpt lat="52.11686" lon="4.46628">
    <ele>-0.44</ele>
   </trkpt>
   <trkpt lat="52.11685000000001" lon="4.46623">
    <ele>-0.62</ele>
   </trkpt>
   <trkpt lat="52.116800000000005" lon="4.46612">
    <ele>-0.62</ele>
   </trkpt>
   <trkpt lat="52.116350000000004" lon="4.46572">
    <ele>-0.67</ele>
   </trkpt>
   <trkpt lat="52.11607000000001" lon="4.46539">
    <ele>-0.36000000000000004</ele>
   </trkpt>
   <trkpt lat="52.11596" lon="4.46522">
    <ele>-0.23</ele>
   </trkpt>
   <trkpt lat="52.11574" lon="4.46478">
    <ele>-0.27</ele>
   </trkpt>
   <trkpt lat="52.115680000000005" lon="4.464700000000001">
    <ele>-0.27</ele>
   </trkpt>
   <trkpt lat="52.11529" lon="4.464320000000001">
    <ele>-0.62</ele>
   </trkpt>
   <trkpt lat="52.11489" lon="4.463990000000001">
    <ele>-0.54</ele>
   </trkpt>
   <trkpt lat="52.114375001780815" lon="4.463364992936078">
    <ele>-0.67</ele>
   </trkpt>
   <trkpt lat="52.11386" lon="4.46274">
    <ele>-0.9700000000000001</ele>
   </trkpt>
   <trkpt lat="52.113800000000005" lon="4.46272">
    <ele>-0.9700000000000001</ele>
   </trkpt>
   <trkpt lat="52.11356000000001" lon="4.4627300000000005">
    <ele>-0.81</ele>
   </trkpt>
   <trkpt lat="52.11345000000001" lon="4.46272">
    <ele>-0.79</ele>
   </trkpt>
   <trkpt lat="52.113260000000004" lon="4.46262">
    <ele>-0.62</ele>
   </trkpt>
   <trkpt lat="52.11318000000001" lon="4.46253">
    <ele>-0.62</ele>
   </trkpt>
   <trkpt lat="52.11291000000001" lon="4.46194">
    <ele>-0.1</ele>
   </trkpt>
   <trkpt lat="52.11281" lon="4.4618">
    <ele>0.09000000000000001</ele>
   </trkpt>
   <trkpt lat="52.11280000000001" lon="4.46166">
    <ele>0.16</ele>
   </trkpt>
   <trkpt lat="52.11301" lon="4.461270000000001">
    <ele>0.030000000000000002</ele>
   </trkpt>
   <trkpt lat="52.113020000000006" lon="4.46114">
    <ele>0.030000000000000002</ele>
   </trkpt>
   <trkpt lat="52.11294" lon="4.4609000000000005">
    <ele>-0.21</ele>
   </trkpt>
   <trkpt lat="52.11269000000001" lon="4.460430000000001">
    <ele>-0.62</ele>
   </trkpt>
   <trkpt lat="52.11231" lon="4.46107">
    <ele>0.4</ele>
   </trkpt>
   <trkpt lat="52.11191500139288" lon="4.460499994977021">
    <ele>0.34</ele>
   </trkpt>
   <trkpt lat="52.111520000000006" lon="4.45993">
    <ele>0.21</ele>
   </trkpt>
   <trkpt lat="52.11109500584016" lon="4.458759988985706">
    <ele>-0.1</ele>
   </trkpt>
   <trkpt lat="52.110670000000006" lon="4.457590000000001">
    <ele>-0.36000000000000004</ele>
   </trkpt>
   <trkpt lat="52.11063000000001" lon="4.45753">
    <ele>-0.4</ele>
   </trkpt>
   <trkpt lat="52.110580000000006" lon="4.45749">
    <ele>-0.4</ele>
   </trkpt>
   <trkpt lat="52.10990000021155" lon="4.457244996248288">
    <ele>-0.54</ele>
   </trkpt>
   <trkpt lat="52.10922000000001" lon="4.457000000000001">
    <ele>-1.09</ele>
   </trkpt>
   <trkpt lat="52.10906000000001" lon="4.45688">
    <ele>-1.09</ele>
   </trkpt>
   <trkpt lat="52.10895000000001" lon="4.456770000000001">
    <ele>-0.9700000000000001</ele>
   </trkpt>
   <trkpt lat="52.108295002975915" lon="4.455939987886511">
    <ele>-1.16</ele>
   </trkpt>
   <trkpt lat="52.10764" lon="4.45511">
    <ele>-0.84</ele>
   </trkpt>
   <trkpt lat="52.107530000000004" lon="4.45488">
    <ele>-0.67</ele>
   </trkpt>
   <trkpt lat="52.107310000000005" lon="4.4542600000000006">
    <ele>-0.36000000000000004</ele>
   </trkpt>
   <trkpt lat="52.107220000000005" lon="4.454090000000001">
    <ele>-0.54</ele>
   </trkpt>
   <trkpt lat="52.107150000000004" lon="4.45403">
    <ele>-0.58</ele>
   </trkpt>
   <trkpt lat="52.106820000000006" lon="4.45392">
    <ele>-0.75</ele>
   </trkpt>
   <trkpt lat="52.106750000000005" lon="4.45385">
    <ele>-0.75</ele>
   </trkpt>
   <trkpt lat="52.10645" lon="4.45331">
    <ele>-0.71</ele>
   </trkpt>
   <trkpt lat="52.106050002884594" lon="4.452469992255458">
    <ele>-0.84</ele>
   </trkpt>
   <trkpt lat="52.105650000000004" lon="4.451630000000001">
    <ele>-0.75</ele>
   </trkpt>
   <trkpt lat="52.105380007302756" lon="4.450699988690487">
    <ele>-0.71</ele>
   </trkpt>
   <trkpt lat="52.105110007288694" lon="4.449769988642266">
    <ele>-0.88</ele>
   </trkpt>
   <trkpt lat="52.10484" lon="4.448840000000001">
    <ele>-0.63</ele>
   </trkpt>
   <trkpt lat="52.104580000000006" lon="4.447850000000001">
    <ele>-0.58</ele>
   </trkpt>
   <trkpt lat="52.10452" lon="4.44775">
    <ele>-0.58</ele>
   </trkpt>
   <trkpt lat="52.10446" lon="4.447710000000001">
    <ele>-0.71</ele>
   </trkpt>
   <trkpt lat="52.10393999995178" lon="4.447494997392336">
    <ele>-0.8</ele>
   </trkpt>
   <trkpt lat="52.10342000000001" lon="4.44728">
    <ele>-0.89</ele>
   </trkpt>
   <trkpt lat="52.10329" lon="4.44709">
    <ele>-0.89</ele>
   </trkpt>
   <trkpt lat="52.10305" lon="4.446470000000001">
    <ele>-1.06</ele>
   </trkpt>
   <trkpt lat="52.102850000000004" lon="4.44601">
    <ele>-1.07</ele>
   </trkpt>
   <trkpt lat="52.10244" lon="4.44482">
    <ele>-1.07</ele>
   </trkpt>
   <trkpt lat="52.102070000000005" lon="4.44411">
    <ele>-0.71</ele>
   </trkpt>
   <trkpt lat="52.10170000836362" lon="4.443116650228978">
    <ele>-0.76</ele>
   </trkpt>
   <trkpt lat="52.10133000837965" lon="4.44212331693892">
    <ele>-1.17</ele>
   </trkpt>
   <trkpt lat="52.10096000000001" lon="4.44113">
    <ele>-2.2</ele>
   </trkpt>
   <trkpt lat="52.10094" lon="4.44111">
    <ele>-2.2</ele>
   </trkpt>
   <trkpt lat="52.100950000000005" lon="4.441140000000001">
    <ele>-2.14</ele>
   </trkpt>
   <trkpt lat="52.10089000000001" lon="4.441210000000001">
    <ele>-2.1300000000000003</ele>
   </trkpt>
   <trkpt lat="52.100820000000006" lon="4.44141">
    <ele>-2.02</ele>
   </trkpt>
   <trkpt lat="52.10024000000001" lon="4.441890000000001">
    <ele>-0.88</ele>
   </trkpt>
   <trkpt lat="52.099920000000004" lon="4.442200000000001">
    <ele>0.9400000000000001</ele>
   </trkpt>
   <trkpt lat="52.099900000000005" lon="4.44224">
    <ele>0.9400000000000001</ele>
   </trkpt>
   <trkpt lat="52.09951500033991" lon="4.44262000354734">
    <ele>2.04</ele>
   </trkpt>
   <trkpt lat="52.09913" lon="4.4430000000000005">
    <ele>0.9600000000000001</ele>
   </trkpt>
   <trkpt lat="52.099090000000004" lon="4.443020000000001">
    <ele>0.6600000000000001</ele>
   </trkpt>
   <trkpt lat="52.09873" lon="4.44339">
    <ele>-0.4</ele>
   </trkpt>
   <trkpt lat="52.098310000000005" lon="4.4439">
    <ele>-1.77</ele>
   </trkpt>
   <trkpt lat="52.097910000000006" lon="4.444310000000001">
    <ele>-2.2</ele>
   </trkpt>
   <trkpt lat="52.09730500148563" lon="4.444890007806299">
    <ele>-2.31</ele>
   </trkpt>
   <trkpt lat="52.096700000000006" lon="4.44547">
    <ele>-2.08</ele>
   </trkpt>
   <trkpt lat="52.09624500080937" lon="4.445890004225534">
    <ele>-1.93</ele>
   </trkpt>
   <trkpt lat="52.09579" lon="4.44631">
    <ele>-1.75</ele>
   </trkpt>
   <trkpt lat="52.095580000000005" lon="4.44658">
    <ele>-1.41</ele>
   </trkpt>
   <trkpt lat="52.095180000000006" lon="4.44695">
    <ele>-0.84</ele>
   </trkpt>
   <trkpt lat="52.0951" lon="4.4470600000000005">
    <ele>-0.84</ele>
   </trkpt>
   <trkpt lat="52.095000000000006" lon="4.44716">
    <ele>-0.62</ele>
   </trkpt>
   <trkpt lat="52.09519" lon="4.4477400000000005">
    <ele>-0.67</ele>
   </trkpt>
   <trkpt lat="52.09534000000001" lon="4.44857">
    <ele>-0.75</ele>
   </trkpt>
   <trkpt lat="52.09514000000001" lon="4.448840000000001">
    <ele>-2.31</ele>
   </trkpt>
   <trkpt lat="52.09489000000001" lon="4.4493">
    <ele>-4.109999999999999</ele>
   </trkpt>
   <trkpt lat="52.09474" lon="4.449450000000001">
    <ele>-4.47</ele>
   </trkpt>
   <trkpt lat="52.09456" lon="4.449540000000001">
    <ele>-5.66</ele>
   </trkpt>
   <trkpt lat="52.094390000000004" lon="4.449680000000001">
    <ele>-6.0200000000000005</ele>
   </trkpt>
   <trkpt lat="52.09422000000001" lon="4.449870000000001">
    <ele>-6.1000000000000005</ele>
   </trkpt>
   <trkpt lat="52.09363000467335" lon="4.450613352995748">
    <ele>-5.82</ele>
   </trkpt>
   <trkpt lat="52.093040004671764" lon="4.451356686330722">
    <ele>-5.68</ele>
   </trkpt>
   <trkpt lat="52.09245000000001" lon="4.452100000000001">
    <ele>-5.44</ele>
   </trkpt>
   <trkpt lat="52.092030000832374" lon="4.452505003678955">
    <ele>-5.55</ele>
   </trkpt>
   <trkpt lat="52.09161" lon="4.45291">
    <ele>-4.890000000000001</ele>
   </trkpt>
   <trkpt lat="52.091240000000006" lon="4.45397">
    <ele>-5.0600000000000005</ele>
   </trkpt>
   <trkpt lat="52.091170000000005" lon="4.45408">
    <ele>-4.96</ele>
   </trkpt>
   <trkpt lat="52.09053500169996" lon="4.4547200091413295">
    <ele>-5.0</ele>
   </trkpt>
   <trkpt lat="52.08990000000001" lon="4.455360000000001">
    <ele>-5.0</ele>
   </trkpt>
   <trkpt lat="52.08929500152104" lon="4.455950007952415">
    <ele>-5.19</ele>
   </trkpt>
   <trkpt lat="52.08869000000001" lon="4.45654">
    <ele>-4.890000000000001</ele>
   </trkpt>
   <trkpt lat="52.0885" lon="4.45676">
    <ele>-5.4</ele>
   </trkpt>
   <trkpt lat="52.08797333573032" lon="4.457286679048637">
    <ele>-5.760000000000001</ele>
   </trkpt>
   <trkpt lat="52.0874466691137" lon="4.4578133456650635">
    <ele>-5.670000000000001</ele>
   </trkpt>
   <trkpt lat="52.086920000000006" lon="4.458340000000001">
    <ele>-3.3100000000000005</ele>
   </trkpt>
   <trkpt lat="52.086600000000004" lon="4.458760000000001">
    <ele>-2.02</ele>
   </trkpt>
   <trkpt lat="52.08603" lon="4.45767">
    <ele>-2.48</ele>
   </trkpt>
   <trkpt lat="52.085460000000005" lon="4.4570300000000005">
    <ele>-2.33</ele>
   </trkpt>
   <trkpt lat="52.08493000000001" lon="4.45661">
    <ele>-2.19</ele>
   </trkpt>
   <trkpt lat="52.084300000000006" lon="4.456">
    <ele>-2.31</ele>
   </trkpt>
   <trkpt lat="52.08371" lon="4.4557">
    <ele>-2.31</ele>
   </trkpt>
   <trkpt lat="52.083275000312575" lon="4.455499998116562">
    <ele>-2.3000000000000003</ele>
   </trkpt>
   <trkpt lat="52.082840000000004" lon="4.4553">
    <ele>-2.25</ele>
   </trkpt>
   <trkpt lat="52.0827" lon="4.45526">
    <ele>-2.25</ele>
   </trkpt>
   <trkpt lat="52.08234" lon="4.45521">
    <ele>-2.2800000000000002</ele>
   </trkpt>
   <trkpt lat="52.08211000000001" lon="4.4552000000000005">
    <ele>-2.2700000000000005</ele>
   </trkpt>
   <trkpt lat="52.0814749999669" lon="4.455290001289981">
    <ele>-2.2800000000000002</ele>
   </trkpt>
   <trkpt lat="52.08084" lon="4.455380000000001">
    <ele>-2.17</ele>
   </trkpt>
   <trkpt lat="52.08077" lon="4.4554">
    <ele>-2.14</ele>
   </trkpt>
   <trkpt lat="52.08059" lon="4.455500000000001">
    <ele>-2.14</ele>
   </trkpt>
   <trkpt lat="52.08053" lon="4.455500000000001">
    <ele>-2.14</ele>
   </trkpt>
   <trkpt lat="52.080420000000004" lon="4.4554800000000006">
    <ele>-2.2800000000000002</ele>
   </trkpt>
   <trkpt lat="52.08024" lon="4.455360000000001">
    <ele>-2.2800000000000002</ele>
   </trkpt>
   <trkpt lat="52.08016000000001" lon="4.4553400000000005">
    <ele>-2.3000000000000003</ele>
   </trkpt>
   <trkpt lat="52.08006" lon="4.45535">
    <ele>-2.3000000000000003</ele>
   </trkpt>
   <trkpt lat="52.079370000000004" lon="4.45556">
    <ele>-2.1300000000000003</ele>
   </trkpt>
   <trkpt lat="52.079190000000004" lon="4.45559">
    <ele>-2.14</ele>
   </trkpt>
   <trkpt lat="52.079130000000006" lon="4.45554">
    <ele>-2.14</ele>
   </trkpt>
   <trkpt lat="52.07909" lon="4.45546">
    <ele>-2.14</ele>
   </trkpt>
   <trkpt lat="52.07865" lon="4.4544500000000005">
    <ele>-3.1500000000000004</ele>
   </trkpt>
   <trkpt lat="52.07829" lon="4.4548700000000006">
    <ele>-3.89</ele>
   </trkpt>
   <trkpt lat="52.078230000000005" lon="4.45519">
    <ele>-4.4</ele>
   </trkpt>
   <trkpt lat="52.078210000000006" lon="4.455220000000001">
    <ele>-4.4</ele>
   </trkpt>
   <trkpt lat="52.077400000000004" lon="4.45573">
    <ele>-5.0</ele>
   </trkpt>
   <trkpt lat="52.077270000000006" lon="4.45575">
    <ele>-4.96</ele>
   </trkpt>
   <trkpt lat="52.077200000000005" lon="4.4556700000000005">
    <ele>-5.0</ele>
   </trkpt>
   <trkpt lat="52.077000000000005" lon="4.45539">
    <ele>-5.0600000000000005</ele>
   </trkpt>
   <trkpt lat="52.07629000000001" lon="4.45591">
    <ele>-5.51</ele>
   </trkpt>
   <trkpt lat="52.075720000000004" lon="4.45626">
    <ele>-5.64</ele>
   </trkpt>
   <trkpt lat="52.07553000000001" lon="4.45633">
    <ele>-5.64</ele>
   </trkpt>
   <trkpt lat="52.07517000000001" lon="4.456390000000001">
    <ele>-5.36</ele>
   </trkpt>
   <trkpt lat="52.075010000000006" lon="4.45648">
    <ele>-5.38</ele>
   </trkpt>
   <trkpt lat="52.07490000000001" lon="4.456580000000001">
    <ele>-5.38</ele>
   </trkpt>
   <trkpt lat="52.074780000000004" lon="4.456770000000001">
    <ele>-5.38</ele>
   </trkpt>
   <trkpt lat="52.07461000000001" lon="4.45709">
    <ele>-5.38</ele>
   </trkpt>
   <trkpt lat="52.07442" lon="4.45736">
    <ele>-5.32</ele>
   </trkpt>
   <trkpt lat="52.074250000000006" lon="4.45755">
    <ele>-5.32</ele>
   </trkpt>
   <trkpt lat="52.074090000000005" lon="4.45765">
    <ele>-5.25</ele>
   </trkpt>
   <trkpt lat="52.073690000000006" lon="4.45784">
    <ele>-5.17</ele>
   </trkpt>
   <trkpt lat="52.073600000000006" lon="4.4579200000000005">
    <ele>-5.17</ele>
   </trkpt>
   <trkpt lat="52.073510000000006" lon="4.45803">
    <ele>-5.17</ele>
   </trkpt>
   <trkpt lat="52.073440000000005" lon="4.45817">
    <ele>-5.0600000000000005</ele>
   </trkpt>
   <trkpt lat="52.07340000000001" lon="4.45831">
    <ele>-5.0600000000000005</ele>
   </trkpt>
   <trkpt lat="52.07327" lon="4.45889">
    <ele>-4.96</ele>
   </trkpt>
   <trkpt lat="52.073150000000005" lon="4.45906">
    <ele>-4.96</ele>
   </trkpt>
   <trkpt lat="52.07311000000001" lon="4.459230000000001">
    <ele>-4.96</ele>
   </trkpt>
   <trkpt lat="52.072810000000004" lon="4.46006">
    <ele>-4.96</ele>
   </trkpt>
   <trkpt lat="52.07271" lon="4.46027">
    <ele>-4.96</ele>
   </trkpt>
   <trkpt lat="52.07229" lon="4.46117">
    <ele>-5.33</ele>
   </trkpt>
   <trkpt lat="52.0722" lon="4.46131">
    <ele>-5.33</ele>
   </trkpt>
   <trkpt lat="52.072120000000005" lon="4.46135">
    <ele>-5.33</ele>
   </trkpt>
   <trkpt lat="52.07204" lon="4.461340000000001">
    <ele>-5.33</ele>
   </trkpt>
   <trkpt lat="52.071360000000006" lon="4.460940000000001">
    <ele>-4.45</ele>
   </trkpt>
   <trkpt lat="52.071250000000006" lon="4.46145">
    <ele>-4.47</ele>
   </trkpt>
   <trkpt lat="52.07124" lon="4.46173">
    <ele>-4.64</ele>
   </trkpt>
   <trkpt lat="52.07119" lon="4.46189">
    <ele>-4.72</ele>
   </trkpt>
   <trkpt lat="52.071130000000004" lon="4.4619800000000005">
    <ele>-4.72</ele>
   </trkpt>
   <trkpt lat="52.07079" lon="4.462230000000001">
    <ele>-4.64</ele>
   </trkpt>
   <trkpt lat="52.07058000000001" lon="4.46305">
    <ele>-4.7</ele>
   </trkpt>
   <trkpt lat="52.070150000000005" lon="4.46278">
    <ele>-4.49</ele>
   </trkpt>
   <trkpt lat="52.069910004428024" lon="4.46380000537207">
    <ele>-4.62</ele>
   </trkpt>
   <trkpt lat="52.06967" lon="4.4648200000000005">
    <ele>-4.28</ele>
   </trkpt>
   <trkpt lat="52.0696" lon="4.4650300000000005">
    <ele>-4.21</ele>
   </trkpt>
   <trkpt lat="52.0694" lon="4.46536">
    <ele>-4.15</ele>
   </trkpt>
   <trkpt lat="52.06933" lon="4.46556">
    <ele>-4.15</ele>
   </trkpt>
   <trkpt lat="52.06931" lon="4.46572">
    <ele>-4.15</ele>
   </trkpt>
   <trkpt lat="52.069300000000005" lon="4.4663900000000005">
    <ele>-4.0</ele>
   </trkpt>
   <trkpt lat="52.06944000000001" lon="4.46644">
    <ele>-4.0200000000000005</ele>
   </trkpt>
   <trkpt lat="52.069590000000005" lon="4.4664600000000005">
    <ele>-4.13</ele>
   </trkpt>
   <trkpt lat="52.069990000000004" lon="4.4664">
    <ele>-4.109999999999999</ele>
   </trkpt>
   <trkpt lat="52.07007" lon="4.46644">
    <ele>-4.109999999999999</ele>
   </trkpt>
   <trkpt lat="52.07016" lon="4.46652">
    <ele>-4.109999999999999</ele>
   </trkpt>
   <trkpt lat="52.070310000000006" lon="4.466760000000001">
    <ele>-3.96</ele>
   </trkpt>
   <trkpt lat="52.07040000000001" lon="4.4668600000000005">
    <ele>-3.96</ele>
   </trkpt>
   <trkpt lat="52.070710000000005" lon="4.4671">
    <ele>-3.5500000000000003</ele>
   </trkpt>
   <trkpt lat="52.070570000000004" lon="4.467700000000001">
    <ele>-3.54</ele>
   </trkpt>
   <trkpt lat="52.0705" lon="4.46814">
    <ele>-3.5</ele>
   </trkpt>
   <trkpt lat="52.07045" lon="4.46868">
    <ele>-3.3000000000000003</ele>
   </trkpt>
   <trkpt lat="52.070310000000006" lon="4.469670000000001">
    <ele>-3.34</ele>
   </trkpt>
   <trkpt lat="52.070280000000004" lon="4.4703">
    <ele>-3.35</ele>
   </trkpt>
   <trkpt lat="52.07032" lon="4.471080000000001">
    <ele>-3.67</ele>
   </trkpt>
   <trkpt lat="52.07048" lon="4.472300000000001">
    <ele>-2.8000000000000003</ele>
   </trkpt>
   <trkpt lat="52.07057500292087" lon="4.473129998287068">
    <ele>-2.45</ele>
   </trkpt>
   <trkpt lat="52.07067000000001" lon="4.47396">
    <ele>-2.31</ele>
   </trkpt>
   <trkpt lat="52.0707" lon="4.474220000000001">
    <ele>-2.35</ele>
   </trkpt>
   <trkpt lat="52.07067000000001" lon="4.474550000000001">
    <ele>-2.86</ele>
   </trkpt>
   <trkpt lat="52.07077" lon="4.4752">
    <ele>-2.82</ele>
   </trkpt>
   <trkpt lat="52.07081" lon="4.47567">
    <ele>-2.82</ele>
   </trkpt>
   <trkpt lat="52.07083" lon="4.4756800000000005">
    <ele>-2.82</ele>
   </trkpt>
   <trkpt lat="52.070890000000006" lon="4.476">
    <ele>-2.67</ele>
   </trkpt>
   <trkpt lat="52.070930000000004" lon="4.475980000000001">
    <ele>-2.48</ele>
   </trkpt>
   <trkpt lat="52.071020000000004" lon="4.4764">
    <ele>-2.48</ele>
   </trkpt>
   <trkpt lat="52.071200000000005" lon="4.477480000000001">
    <ele>-2.34</ele>
   </trkpt>
   <trkpt lat="52.071350002516304" lon="4.4782499974526875">
    <ele>-2.31</ele>
   </trkpt>
   <trkpt lat="52.07150000000001" lon="4.47902">
    <ele>-2.12</ele>
   </trkpt>
   <trkpt lat="52.07155" lon="4.47947">
    <ele>-2.14</ele>
   </trkpt>
   <trkpt lat="52.071580000000004" lon="4.47961">
    <ele>-1.97</ele>
   </trkpt>
   <trkpt lat="52.07164" lon="4.4797">
    <ele>-1.97</ele>
   </trkpt>
   <trkpt lat="52.071630000000006" lon="4.4798100000000005">
    <ele>-1.98</ele>
   </trkpt>
   <trkpt lat="52.07157" lon="4.47993">
    <ele>-2.0900000000000003</ele>
   </trkpt>
   <trkpt lat="52.07161000000001" lon="4.479990000000001">
    <ele>-2.18</ele>
   </trkpt>
   <trkpt lat="52.07162" lon="4.480090000000001">
    <ele>-2.18</ele>
   </trkpt>
   <trkpt lat="52.071720000000006" lon="4.480110000000001">
    <ele>-2.2900000000000005</ele>
   </trkpt>
   <trkpt lat="52.071760000000005" lon="4.48017">
    <ele>-2.2900000000000005</ele>
   </trkpt>
   <trkpt lat="52.072130022108965" lon="4.481489967157092">
    <ele>-2.8000000000000003</ele>
   </trkpt>
   <trkpt lat="52.072500029474064" lon="4.482809956192334">
    <ele>-2.43</ele>
   </trkpt>
   <trkpt lat="52.07287002209488" lon="4.484129967105507">
    <ele>-2.5</ele>
   </trkpt>
   <trkpt lat="52.073240000000006" lon="4.48545">
    <ele>-2.65</ele>
   </trkpt>
   <trkpt lat="52.07352667700621" lon="4.486556652362809">
    <ele>-2.5100000000000002</ele>
   </trkpt>
   <trkpt lat="52.073813343649064" lon="4.487663318937308">
    <ele>-2.71</ele>
   </trkpt>
   <trkpt lat="52.0741" lon="4.488770000000001">
    <ele>-2.36</ele>
   </trkpt>
   <trkpt lat="52.07436000539029" lon="4.489899993366032">
    <ele>-2.14</ele>
   </trkpt>
   <trkpt lat="52.07462" lon="4.49103">
    <ele>-2.14</ele>
   </trkpt>
   <trkpt lat="52.07489" lon="4.49204">
    <ele>-2.0</ele>
   </trkpt>
   <trkpt lat="52.07541500247358" lon="4.492809990893583">
    <ele>-2.12</ele>
   </trkpt>
   <trkpt lat="52.07594" lon="4.493580000000001">
    <ele>-2.19</ele>
   </trkpt>
   <trkpt lat="52.07623" lon="4.49406">
    <ele>-2.16</ele>
   </trkpt>
   <trkpt lat="52.07687500331959" lon="4.4949399873440985">
    <ele>-2.3000000000000003</ele>
   </trkpt>
   <trkpt lat="52.07752000000001" lon="4.49582">
    <ele>-2.5</ele>
   </trkpt>
   <trkpt lat="52.077670000000005" lon="4.4961400000000005">
    <ele>-2.48</ele>
   </trkpt>
   <trkpt lat="52.07802" lon="4.496390000000001">
    <ele>-2.5</ele>
   </trkpt>
   <trkpt lat="52.078570000000006" lon="4.496720000000001">
    <ele>-2.87</ele>
   </trkpt>
   <trkpt lat="52.07876" lon="4.49755">
    <ele>-3.68</ele>
   </trkpt>
   <trkpt lat="52.07893000000001" lon="4.497750000000001">
    <ele>-3.68</ele>
   </trkpt>
   <trkpt lat="52.07909" lon="4.49833">
    <ele>-3.5300000000000002</ele>
   </trkpt>
   <trkpt lat="52.07909" lon="4.49852">
    <ele>-3.5</ele>
   </trkpt>
   <trkpt lat="52.07943" lon="4.49866">
    <ele>-3.71</ele>
   </trkpt>
   <trkpt lat="52.08021250294069" lon="4.499139974765337">
    <ele>-3.5300000000000002</ele>
   </trkpt>
   <trkpt lat="52.08099500393199" lon="4.499619966359842">
    <ele>-3.67</ele>
   </trkpt>
   <trkpt lat="52.08177750297378" lon="4.500099974784537">
    <ele>-3.6600000000000006</ele>
   </trkpt>
   <trkpt lat="52.08256" lon="4.50058">
    <ele>-3.72</ele>
   </trkpt>
   <trkpt lat="52.082750000000004" lon="4.500710000000001">
    <ele>-3.89</ele>
   </trkpt>
   <trkpt lat="52.083020000000005" lon="4.5010200000000005">
    <ele>-4.0</ele>
   </trkpt>
   <trkpt lat="52.08357500049876" lon="4.501369995635238">
    <ele>-3.85</ele>
   </trkpt>
   <trkpt lat="52.08413" lon="4.501720000000001">
    <ele>-3.75</ele>
   </trkpt>
   <trkpt lat="52.084540000000004" lon="4.50192">
    <ele>-3.86</ele>
   </trkpt>
   <trkpt lat="52.08462" lon="4.50192">
    <ele>-3.86</ele>
   </trkpt>
   <trkpt lat="52.084970000000006" lon="4.50171">
    <ele>-3.8100000000000005</ele>
   </trkpt>
   <trkpt lat="52.08505" lon="4.5017000000000005">
    <ele>-3.8100000000000005</ele>
   </trkpt>
   <trkpt lat="52.085350000000005" lon="4.50176">
    <ele>-4.0</ele>
   </trkpt>
   <trkpt lat="52.08599" lon="4.5011600000000005">
    <ele>-3.8200000000000003</ele>
   </trkpt>
   <trkpt lat="52.086130000000004" lon="4.501">
    <ele>-3.8200000000000003</ele>
   </trkpt>
   <trkpt lat="52.086270000000006" lon="4.50077">
    <ele>-3.5300000000000002</ele>
   </trkpt>
   <trkpt lat="52.08664" lon="4.50007">
    <ele>-3.67</ele>
   </trkpt>
   <trkpt lat="52.08682" lon="4.500030000000001">
    <ele>-3.72</ele>
   </trkpt>
   <trkpt lat="52.08719000000001" lon="4.500050000000001">
    <ele>-3.67</ele>
   </trkpt>
   <trkpt lat="52.087320000000005" lon="4.500050000000001">
    <ele>-3.8300000000000005</ele>
   </trkpt>
   <trkpt lat="52.087540000000004" lon="4.4994700000000005">
    <ele>-3.56</ele>
   </trkpt>
   <trkpt lat="52.0876" lon="4.49936">
    <ele>-3.56</ele>
   </trkpt>
   <trkpt lat="52.08769" lon="4.49936">
    <ele>-3.5</ele>
   </trkpt>
   <trkpt lat="52.08816" lon="4.49953">
    <ele>-2.9899999999999998</ele>
   </trkpt>
   <trkpt lat="52.08851000000001" lon="4.49969">
    <ele>-2.4899999999999998</ele>
   </trkpt>
   <trkpt lat="52.088680000000004" lon="4.49972">
    <ele>-2.2900000000000005</ele>
   </trkpt>
   <trkpt lat="52.08878000000001" lon="4.499700000000001">
    <ele>-2.2900000000000005</ele>
   </trkpt>
   <trkpt lat="52.08903" lon="4.49952">
    <ele>-2.14</ele>
   </trkpt>
   <trkpt lat="52.08925000000001" lon="4.499280000000001">
    <ele>-2.0300000000000002</ele>
   </trkpt>
   <trkpt lat="52.08934000000001" lon="4.499230000000001">
    <ele>-2.0300000000000002</ele>
   </trkpt>
   <trkpt lat="52.08946" lon="4.499210000000001">
    <ele>-2.2700000000000005</ele>
   </trkpt>
   <trkpt lat="52.089800000000004" lon="4.49936">
    <ele>-2.36</ele>
   </trkpt>
   <trkpt lat="52.09004" lon="4.49934">
    <ele>-2.36</ele>
   </trkpt>
   <trkpt lat="52.09035" lon="4.49945">
    <ele>-2.36</ele>
   </trkpt>
   <trkpt lat="52.09058" lon="4.499580000000001">
    <ele>-2.6400000000000006</ele>
   </trkpt>
   <trkpt lat="52.09084000000001" lon="4.4998700000000005">
    <ele>-2.4600000000000004</ele>
   </trkpt>
   <trkpt lat="52.09094" lon="4.4999400000000005">
    <ele>-2.4600000000000004</ele>
   </trkpt>
   <trkpt lat="52.091100000000004" lon="4.5000100000000005">
    <ele>-2.4600000000000004</ele>
   </trkpt>
   <trkpt lat="52.091440000000006" lon="4.5000800000000005">
    <ele>-1.86</ele>
   </trkpt>
   <trkpt lat="52.09147" lon="4.50011">
    <ele>-1.86</ele>
   </trkpt>
   <trkpt lat="52.09172" lon="4.5006">
    <ele>-1.9200000000000002</ele>
   </trkpt>
   <trkpt lat="52.09181" lon="4.50082">
    <ele>-1.93</ele>
   </trkpt>
   <trkpt lat="52.09192" lon="4.50135">
    <ele>-2.4400000000000004</ele>
   </trkpt>
   <trkpt lat="52.092240000000004" lon="4.502210000000001">
    <ele>-2.48</ele>
   </trkpt>
   <trkpt lat="52.092560000000006" lon="4.503220000000001">
    <ele>-2.2600000000000002</ele>
   </trkpt>
   <trkpt lat="52.09254000000001" lon="4.503240000000001">
    <ele>-2.2900000000000005</ele>
   </trkpt>
   <trkpt lat="52.09254000000001" lon="4.50326">
    <ele>-2.2900000000000005</ele>
   </trkpt>
   <trkpt lat="52.0923" lon="4.503970000000001">
    <ele>-2.48</ele>
   </trkpt>
   <trkpt lat="52.09228" lon="4.50535">
    <ele>-1.84</ele>
   </trkpt>
   <trkpt lat="52.09219" lon="4.50534">
    <ele>-2.0300000000000002</ele>
   </trkpt>
   <trkpt lat="52.09216000000001" lon="4.50537">
    <ele>-2.14</ele>
   </trkpt>
   <trkpt lat="52.091730000000005" lon="4.50534">
    <ele>-3.16</ele>
   </trkpt>
   <trkpt lat="52.09127999985404" lon="4.505375000364756">
    <ele>-3.33</ele>
   </trkpt>
   <trkpt lat="52.090830000000004" lon="4.50541">
    <ele>-3.16</ele>
   </trkpt>
   <trkpt lat="52.090650000000004" lon="4.50548">
    <ele>-3.0700000000000003</ele>
   </trkpt>
   <trkpt lat="52.09055000000001" lon="4.50555">
    <ele>-3.0700000000000003</ele>
   </trkpt>
   <trkpt lat="52.09046000000001" lon="4.50565">
    <ele>-2.9800000000000004</ele>
   </trkpt>
   <trkpt lat="52.090320000000006" lon="4.50591">
    <ele>-2.56</ele>
   </trkpt>
   <trkpt lat="52.090180000000004" lon="4.506340000000001">
    <ele>-2.52</ele>
   </trkpt>
   <trkpt lat="52.09008000000001" lon="4.5068600000000005">
    <ele>-2.4400000000000004</ele>
   </trkpt>
   <trkpt lat="52.090030000000006" lon="4.507000000000001">
    <ele>-2.4400000000000004</ele>
   </trkpt>
   <trkpt lat="52.08982" lon="4.5072600000000005">
    <ele>-2.7</ele>
   </trkpt>
   <trkpt lat="52.08946" lon="4.50753">
    <ele>-3.35</ele>
   </trkpt>
   <trkpt lat="52.089310000000005" lon="4.50772">
    <ele>-3.35</ele>
   </trkpt>
   <trkpt lat="52.089220000000005" lon="4.50795">
    <ele>-3.35</ele>
   </trkpt>
   <trkpt lat="52.08903" lon="4.50858">
    <ele>-3.37</ele>
   </trkpt>
   <trkpt lat="52.0889" lon="4.50888">
    <ele>-3.37</ele>
   </trkpt>
   <trkpt lat="52.08879" lon="4.5090200000000005">
    <ele>-3.4000000000000004</ele>
   </trkpt>
   <trkpt lat="52.088280000000005" lon="4.5096300000000005">
    <ele>-3.67</ele>
   </trkpt>
   <trkpt lat="52.088190000000004" lon="4.5098">
    <ele>-3.67</ele>
   </trkpt>
   <trkpt lat="52.08811000000001" lon="4.51006">
    <ele>-3.6600000000000006</ele>
   </trkpt>
   <trkpt lat="52.088080000000005" lon="4.5102400000000005">
    <ele>-3.7</ele>
   </trkpt>
   <trkpt lat="52.088" lon="4.51105">
    <ele>-3.72</ele>
   </trkpt>
   <trkpt lat="52.08807" lon="4.5113900000000005">
    <ele>-3.71</ele>
   </trkpt>
   <trkpt lat="52.08796" lon="4.512020000000001">
    <ele>-3.8000000000000003</ele>
   </trkpt>
   <trkpt lat="52.087790000000005" lon="4.512490000000001">
    <ele>-3.8100000000000005</ele>
   </trkpt>
   <trkpt lat="52.087390000000006" lon="4.51332">
    <ele>-3.8400000000000003</ele>
   </trkpt>
   <trkpt lat="52.087450000000004" lon="4.5134300000000005">
    <ele>-3.8400000000000003</ele>
   </trkpt>
   <trkpt lat="52.08724" lon="4.51379">
    <ele>-3.8400000000000003</ele>
   </trkpt>
   <trkpt lat="52.08697" lon="4.51419">
    <ele>-3.89</ele>
   </trkpt>
   <trkpt lat="52.08660000069917" lon="4.514660004195855">
    <ele>-4.13</ele>
   </trkpt>
   <trkpt lat="52.08623000000001" lon="4.51513">
    <ele>-4.15</ele>
   </trkpt>
   <trkpt lat="52.085770001164505" lon="4.515650005336803">
    <ele>-4.28</ele>
   </trkpt>
   <trkpt lat="52.08531000000001" lon="4.516170000000001">
    <ele>-4.34</ele>
   </trkpt>
   <trkpt lat="52.08475000000001" lon="4.5167">
    <ele>-4.17</ele>
   </trkpt>
   <trkpt lat="52.08424" lon="4.517060000000001">
    <ele>-4.3</ele>
   </trkpt>
   <trkpt lat="52.083920000000006" lon="4.51724">
    <ele>-4.3</ele>
   </trkpt>
   <trkpt lat="52.083600000000004" lon="4.51738">
    <ele>-4.28</ele>
   </trkpt>
   <trkpt lat="52.08323000000001" lon="4.5175">
    <ele>-4.28</ele>
   </trkpt>
   <trkpt lat="52.08321" lon="4.51736">
    <ele>-4.04</ele>
   </trkpt>
   <trkpt lat="52.08278000000001" lon="4.51745">
    <ele>-4.19</ele>
   </trkpt>
   <trkpt lat="52.08198" lon="4.5175600000000005">
    <ele>-3.52</ele>
   </trkpt>
   <trkpt lat="52.081990000000005" lon="4.5178400000000005">
    <ele>-3.5</ele>
   </trkpt>
   <trkpt lat="52.081920000000004" lon="4.5179">
    <ele>-3.56</ele>
   </trkpt>
   <trkpt lat="52.08191000000001" lon="4.51794">
    <ele>-3.56</ele>
   </trkpt>
   <trkpt lat="52.08191000000001" lon="4.518190000000001">
    <ele>-3.5500000000000003</ele>
   </trkpt>
   <trkpt lat="52.081810000000004" lon="4.518680000000001">
    <ele>-3.16</ele>
   </trkpt>
   <trkpt lat="52.082060000000006" lon="4.51884">
    <ele>-3.47</ele>
   </trkpt>
   <trkpt lat="52.082300000000004" lon="4.51907">
    <ele>-3.6600000000000006</ele>
   </trkpt>
   <trkpt lat="52.082480000000004" lon="4.51933">
    <ele>-3.8300000000000005</ele>
   </trkpt>
   <trkpt lat="52.08261" lon="4.519620000000001">
    <ele>-3.8300000000000005</ele>
   </trkpt>
   <trkpt lat="52.08278000000001" lon="4.520160000000001">
    <ele>-3.8000000000000003</ele>
   </trkpt>
   <trkpt lat="52.082840000000004" lon="4.52055">
    <ele>-3.8000000000000003</ele>
   </trkpt>
   <trkpt lat="52.08285000000001" lon="4.521000000000001">
    <ele>-3.87</ele>
   </trkpt>
   <trkpt lat="52.082800000000006" lon="4.52151">
    <ele>-3.91</ele>
   </trkpt>
   <trkpt lat="52.08267000000001" lon="4.52202">
    <ele>-3.85</ele>
   </trkpt>
   <trkpt lat="52.082550000000005" lon="4.5223">
    <ele>-3.85</ele>
   </trkpt>
   <trkpt lat="52.08198251495497" lon="4.52338504136131">
    <ele>-3.8300000000000005</ele>
   </trkpt>
   <trkpt lat="52.081415019948516" lon="4.524470055130957">
    <ele>-3.67</ele>
   </trkpt>
   <trkpt lat="52.08084751498108" lon="4.525555041309722">
    <ele>-3.68</ele>
   </trkpt>
   <trkpt lat="52.08028" lon="4.52664">
    <ele>-3.67</ele>
   </trkpt>
   <trkpt lat="52.080220000000004" lon="4.526800000000001">
    <ele>-3.67</ele>
   </trkpt>
   <trkpt lat="52.08021" lon="4.52693">
    <ele>-3.67</ele>
   </trkpt>
   <trkpt lat="52.08025000000001" lon="4.528320000000001">
    <ele>-3.89</ele>
   </trkpt>
   <trkpt lat="52.080180000000006" lon="4.52892">
    <ele>-4.0200000000000005</ele>
   </trkpt>
   <trkpt lat="52.08012" lon="4.529100000000001">
    <ele>-4.0200000000000005</ele>
   </trkpt>
   <trkpt lat="52.07960835276412" lon="4.5300583882548064">
    <ele>-4.13</ele>
   </trkpt>
   <trkpt lat="52.079096697756455" lon="4.531016754538494">
    <ele>-4.32</ele>
   </trkpt>
   <trkpt lat="52.07858503497728" lon="4.531975098851637">
    <ele>-4.34</ele>
   </trkpt>
   <trkpt lat="52.07807336442698" lon="4.532933421194809">
    <ele>-4.34</ele>
   </trkpt>
   <trkpt lat="52.0775616861058" lon="4.533891721568586">
    <ele>-4.38</ele>
   </trkpt>
   <trkpt lat="52.07705000000001" lon="4.5348500000000005">
    <ele>-4.49</ele>
   </trkpt>
   <trkpt lat="52.076950000000004" lon="4.534940000000001">
    <ele>-4.49</ele>
   </trkpt>
   <trkpt lat="52.07687000000001" lon="4.53497">
    <ele>-4.64</ele>
   </trkpt>
   <trkpt lat="52.076750000000004" lon="4.53495">
    <ele>-4.64</ele>
   </trkpt>
   <trkpt lat="52.076640000000005" lon="4.5349">
    <ele>-4.79</ele>
   </trkpt>
   <trkpt lat="52.076205001538675" lon="4.534299994174892">
    <ele>-4.78</ele>
   </trkpt>
   <trkpt lat="52.075770000000006" lon="4.5337000000000005">
    <ele>-4.23</ele>
   </trkpt>
   <trkpt lat="52.07558" lon="4.5335">
    <ele>-3.86</ele>
   </trkpt>
   <trkpt lat="52.07555000000001" lon="4.53362">
    <ele>-3.96</ele>
   </trkpt>
   <trkpt lat="52.075390000000006" lon="4.5340300000000004">
    <ele>-4.3</ele>
   </trkpt>
   <trkpt lat="52.07531" lon="4.53413">
    <ele>-4.7</ele>
   </trkpt>
   <trkpt lat="52.075070000000004" lon="4.53432">
    <ele>-5.12</ele>
   </trkpt>
   <trkpt lat="52.07495" lon="4.5345">
    <ele>-5.04</ele>
   </trkpt>
   <trkpt lat="52.07470000000001" lon="4.53519">
    <ele>-4.04</ele>
   </trkpt>
   <trkpt lat="52.07468" lon="4.53545">
    <ele>-4.04</ele>
   </trkpt>
   <trkpt lat="52.074580000000005" lon="4.5356700000000005">
    <ele>-4.28</ele>
   </trkpt>
   <trkpt lat="52.074510000000004" lon="4.53559">
    <ele>-4.109999999999999</ele>
   </trkpt>
   <trkpt lat="52.07452000000001" lon="4.53556">
    <ele>-4.109999999999999</ele>
   </trkpt>
   <trkpt lat="52.074360000000006" lon="4.53535">
    <ele>-4.28</ele>
   </trkpt>
   <trkpt lat="52.0743" lon="4.53528">
    <ele>-4.49</ele>
   </trkpt>
   <trkpt lat="52.07426" lon="4.535270000000001">
    <ele>-4.49</ele>
   </trkpt>
   <trkpt lat="52.074090000000005" lon="4.53537">
    <ele>-4.81</ele>
   </trkpt>
   <trkpt lat="52.07349000000001" lon="4.53542">
    <ele>-4.7700000000000005</ele>
   </trkpt>
   <trkpt lat="52.07332" lon="4.53544">
    <ele>-4.7700000000000005</ele>
   </trkpt>
   <trkpt lat="52.072865000061604" lon="4.535475000352347">
    <ele>-4.78</ele>
   </trkpt>
   <trkpt lat="52.072410000000005" lon="4.53551">
    <ele>-4.21</ele>
   </trkpt>
   <trkpt lat="52.072140000000005" lon="4.535500000000001">
    <ele>-4.17</ele>
   </trkpt>
   <trkpt lat="52.07164" lon="4.536250000000001">
    <ele>-4.19</ele>
   </trkpt>
   <trkpt lat="52.07135" lon="4.53681">
    <ele>-4.19</ele>
   </trkpt>
   <trkpt lat="52.07121000000001" lon="4.537120000000001">
    <ele>-4.0600000000000005</ele>
   </trkpt>
   <trkpt lat="52.07094000000001" lon="4.53789">
    <ele>-4.0600000000000005</ele>
   </trkpt>
   <trkpt lat="52.07067000000001" lon="4.5383700000000005">
    <ele>-4.13</ele>
   </trkpt>
   <trkpt lat="52.070220000000006" lon="4.5394000000000005">
    <ele>-3.8800000000000003</ele>
   </trkpt>
   <trkpt lat="52.07005" lon="4.539890000000001">
    <ele>-3.87</ele>
   </trkpt>
   <trkpt lat="52.069700000000005" lon="4.540590000000001">
    <ele>-3.96</ele>
   </trkpt>
   <trkpt lat="52.06917000000001" lon="4.541740000000001">
    <ele>-4.109999999999999</ele>
   </trkpt>
   <trkpt lat="52.06906000000001" lon="4.54204">
    <ele>-4.109999999999999</ele>
   </trkpt>
   <trkpt lat="52.068745002102574" lon="4.542740004872897">
    <ele>-4.0600000000000005</ele>
   </trkpt>
   <trkpt lat="52.068430000000006" lon="4.54344">
    <ele>-3.8000000000000003</ele>
   </trkpt>
   <trkpt lat="52.068012510127005" lon="4.544332524999435">
    <ele>-3.86</ele>
   </trkpt>
   <trkpt lat="52.06759501351297" lon="4.545225033310025">
    <ele>-4.0</ele>
   </trkpt>
   <trkpt lat="52.067177510158146" lon="4.546117524932066">
    <ele>-4.109999999999999</ele>
   </trkpt>
   <trkpt lat="52.06676" lon="4.54701">
    <ele>-4.0600000000000005</ele>
   </trkpt>
   <trkpt lat="52.06642" lon="4.54772">
    <ele>-4.04</ele>
   </trkpt>
   <trkpt lat="52.066120000000005" lon="4.548170000000001">
    <ele>-4.109999999999999</ele>
   </trkpt>
   <trkpt lat="52.06577000000001" lon="4.54884">
    <ele>-4.28</ele>
   </trkpt>
   <trkpt lat="52.065336673819175" lon="4.54976001787548">
    <ele>-4.15</ele>
   </trkpt>
   <trkpt lat="52.06490334047547" lon="4.5506800178972195">
    <ele>-4.19</ele>
   </trkpt>
   <trkpt lat="52.06447000000001" lon="4.5516000000000005">
    <ele>-4.19</ele>
   </trkpt>
   <trkpt lat="52.06419000133931" lon="4.552185003894861">
    <ele>-4.21</ele>
   </trkpt>
   <trkpt lat="52.06391000000001" lon="4.552770000000001">
    <ele>-4.15</ele>
   </trkpt>
   <trkpt lat="52.063810000000004" lon="4.55283">
    <ele>-4.17</ele>
   </trkpt>
   <trkpt lat="52.06376" lon="4.55283">
    <ele>-4.17</ele>
   </trkpt>
   <trkpt lat="52.063370000000006" lon="4.55248">
    <ele>-4.28</ele>
   </trkpt>
   <trkpt lat="52.063250000000004" lon="4.552510000000001">
    <ele>-4.28</ele>
   </trkpt>
   <trkpt lat="52.06275" lon="4.55355">
    <ele>-4.34</ele>
   </trkpt>
   <trkpt lat="52.06228334184022" lon="4.554553354326473">
    <ele>-4.17</ele>
   </trkpt>
   <trkpt lat="52.06181667516095" lon="4.555556687686564">
    <ele>-4.32</ele>
   </trkpt>
   <trkpt lat="52.061350000000004" lon="4.55656">
    <ele>-4.0</ele>
   </trkpt>
   <trkpt lat="52.061350000000004" lon="4.55675">
    <ele>-4.0</ele>
   </trkpt>
   <trkpt lat="52.06138000000001" lon="4.556850000000001">
    <ele>-4.0</ele>
   </trkpt>
   <trkpt lat="52.061780000000006" lon="4.5574900000000005">
    <ele>-2.1</ele>
   </trkpt>
   <trkpt lat="52.06183000000001" lon="4.55759">
    <ele>-2.1</ele>
   </trkpt>
   <trkpt lat="52.06188" lon="4.55782">
    <ele>-1.33</ele>
   </trkpt>
   <trkpt lat="52.06188" lon="4.5579600000000005">
    <ele>-1.33</ele>
   </trkpt>
   <trkpt lat="52.06185000000001" lon="4.55811">
    <ele>-1.33</ele>
   </trkpt>
   <trkpt lat="52.06152" lon="4.5591">
    <ele>-0.25</ele>
   </trkpt>
   <trkpt lat="52.0615" lon="4.559290000000001">
    <ele>-0.99</ele>
   </trkpt>
   <trkpt lat="52.061510000000006" lon="4.5600700000000005">
    <ele>-1.67</ele>
   </trkpt>
   <trkpt lat="52.0615" lon="4.56026">
    <ele>-1.67</ele>
   </trkpt>
   <trkpt lat="52.061440000000005" lon="4.56039">
    <ele>-1.97</ele>
   </trkpt>
   <trkpt lat="52.061400000000006" lon="4.560440000000001">
    <ele>-1.97</ele>
   </trkpt>
   <trkpt lat="52.06058" lon="4.560860000000001">
    <ele>-4.81</ele>
   </trkpt>
   <trkpt lat="52.06051" lon="4.56094">
    <ele>-4.85</ele>
   </trkpt>
   <trkpt lat="52.060020009501976" lon="4.562000023271412">
    <ele>-5.33</ele>
   </trkpt>
   <trkpt lat="52.05953000949473" lon="4.563060023286662">
    <ele>-5.61</ele>
   </trkpt>
   <trkpt lat="52.05904" lon="4.56412">
    <ele>-5.47</ele>
   </trkpt>
   <trkpt lat="52.059050000000006" lon="4.564100000000001">
    <ele>-5.47</ele>
   </trkpt>
   <trkpt lat="52.059020000000004" lon="4.5643">
    <ele>-5.48</ele>
   </trkpt>
   <trkpt lat="52.05919" lon="4.56522">
    <ele>-5.5</ele>
   </trkpt>
   <trkpt lat="52.05937503038403" lon="4.56641830853062">
    <ele>-5.49</ele>
   </trkpt>
   <trkpt lat="52.05956004861553" lon="4.567616626988391">
    <ele>-5.57</ele>
   </trkpt>
   <trkpt lat="52.059745054694304" lon="4.568814955372812">
    <ele>-5.64</ele>
   </trkpt>
   <trkpt lat="52.059930048620174" lon="4.570013293683377">
    <ele>-5.74</ele>
   </trkpt>
   <trkpt lat="52.060115030392964" lon="4.571211641919582">
    <ele>-5.87</ele>
   </trkpt>
   <trkpt lat="52.060300000000005" lon="4.5724100000000005">
    <ele>-5.87</ele>
   </trkpt>
   <trkpt lat="52.0604" lon="4.57298">
    <ele>-5.800000000000001</ele>
   </trkpt>
   <trkpt lat="52.060500000000005" lon="4.57334">
    <ele>-5.59</ele>
   </trkpt>
   <trkpt lat="52.060650002960145" lon="4.574174997250763">
    <ele>-4.21</ele>
   </trkpt>
   <trkpt lat="52.06080000000001" lon="4.575010000000001">
    <ele>-4.109999999999999</ele>
   </trkpt>
   <trkpt lat="52.060970000000005" lon="4.575620000000001">
    <ele>-4.51</ele>
   </trkpt>
   <trkpt lat="52.061020000000006" lon="4.576180000000001">
    <ele>-5.38</ele>
   </trkpt>
   <trkpt lat="52.06100000000001" lon="4.57641">
    <ele>-5.44</ele>
   </trkpt>
   <trkpt lat="52.06092" lon="4.576910000000001">
    <ele>-5.4</ele>
   </trkpt>
   <trkpt lat="52.06091000000001" lon="4.577240000000001">
    <ele>-5.16</ele>
   </trkpt>
   <trkpt lat="52.061110008283684" lon="4.578639993661514">
    <ele>-4.64</ele>
   </trkpt>
   <trkpt lat="52.061310000000006" lon="4.58004">
    <ele>-4.19</ele>
   </trkpt>
   <trkpt lat="52.06148001049182" lon="4.581153324871524">
    <ele>-4.45</ele>
   </trkpt>
   <trkpt lat="52.06165001049387" lon="4.582266658218137">
    <ele>-4.66</ele>
   </trkpt>
   <trkpt lat="52.061820000000004" lon="4.58338">
    <ele>-5.0600000000000005</ele>
   </trkpt>
   <trkpt lat="52.06201" lon="4.58417">
    <ele>-5.140000000000001</ele>
   </trkpt>
   <trkpt lat="52.06208" lon="4.58453">
    <ele>-5.140000000000001</ele>
   </trkpt>
   <trkpt lat="52.06212000000001" lon="4.5848700000000004">
    <ele>-5.140000000000001</ele>
   </trkpt>
   <trkpt lat="52.06215" lon="4.58549">
    <ele>-5.19</ele>
   </trkpt>
   <trkpt lat="52.062200000000004" lon="4.58589">
    <ele>-5.36</ele>
   </trkpt>
   <trkpt lat="52.062360009753114" lon="4.586963325667309">
    <ele>-5.42</ele>
   </trkpt>
   <trkpt lat="52.06252000975674" lon="4.588036659024832">
    <ele>-5.57</ele>
   </trkpt>
   <trkpt lat="52.06268000000001" lon="4.589110000000001">
    <ele>-5.3100000000000005</ele>
   </trkpt>
   <trkpt lat="52.0628" lon="4.59018">
    <ele>-4.36</ele>
   </trkpt>
   <trkpt lat="52.063010000000006" lon="4.59137">
    <ele>-5.44</ele>
   </trkpt>
   <trkpt lat="52.063222286998624" lon="4.592753280746298">
    <ele>-5.670000000000001</ele>
   </trkpt>
   <trkpt lat="52.06343455780393" lon="4.594136574641961">
    <ele>-5.33</ele>
   </trkpt>
   <trkpt lat="52.0636468124156" lon="4.595519881686212">
    <ele>-5.12</ele>
   </trkpt>
   <trkpt lat="52.0638590508334" lon="4.596903201878274">
    <ele>-5.13</ele>
   </trkpt>
   <trkpt lat="52.06407127305704" lon="4.598286535217369">
    <ele>-4.96</ele>
   </trkpt>
   <trkpt lat="52.06428347908623" lon="4.5996698817027175">
    <ele>-4.87</ele>
   </trkpt>
   <trkpt lat="52.0644956689207" lon="4.6010532413335445">
    <ele>-4.64</ele>
   </trkpt>
   <trkpt lat="52.064707842560175" lon="4.6024366141090685">
    <ele>-4.23</ele>
   </trkpt>
   <trkpt lat="52.06492" lon="4.603820000000001">
    <ele>-4.38</ele>
   </trkpt>
   <trkpt lat="52.06509001098516" lon="4.604959991234994">
    <ele>-4.79</ele>
   </trkpt>
   <trkpt lat="52.0652600109724" lon="4.606099991149208">
    <ele>-5.04</ele>
   </trkpt>
   <trkpt lat="52.065430000000006" lon="4.60724">
    <ele>-5.04</ele>
   </trkpt>
   <trkpt lat="52.06548" lon="4.60735">
    <ele>-5.12</ele>
   </trkpt>
   <trkpt lat="52.065470000000005" lon="4.607430000000001">
    <ele>-5.04</ele>
   </trkpt>
   <trkpt lat="52.06550000000001" lon="4.607690000000001">
    <ele>-5.11</ele>
   </trkpt>
   <trkpt lat="52.065470000000005" lon="4.607830000000001">
    <ele>-5.19</ele>
   </trkpt>
   <trkpt lat="52.065450000000006" lon="4.60787">
    <ele>-5.21</ele>
   </trkpt>
   <trkpt lat="52.06544" lon="4.60791">
    <ele>-5.21</ele>
   </trkpt>
   <trkpt lat="52.06533" lon="4.608020000000001">
    <ele>-5.49</ele>
   </trkpt>
   <trkpt lat="52.065110000000004" lon="4.60808">
    <ele>-5.57</ele>
   </trkpt>
   <trkpt lat="52.06436000000001" lon="4.608210000000001">
    <ele>-5.5</ele>
   </trkpt>
   <trkpt lat="52.063770000000005" lon="4.608280000000001">
    <ele>-5.04</ele>
   </trkpt>
   <trkpt lat="52.06316" lon="4.60834">
    <ele>-5.12</ele>
   </trkpt>
   <trkpt lat="52.06298" lon="4.6083300000000005">
    <ele>-5.0200000000000005</ele>
   </trkpt>
   <trkpt lat="52.062110000000004" lon="4.60817">
    <ele>-5.0</ele>
   </trkpt>
   <trkpt lat="52.06136400016623" lon="4.60807399358786">
    <ele>-4.79</ele>
   </trkpt>
   <trkpt lat="52.06061800025444" lon="4.607977990382642">
    <ele>-4.95</ele>
   </trkpt>
   <trkpt lat="52.059872000264676" lon="4.607881990384151">
    <ele>-4.87</ele>
   </trkpt>
   <trkpt lat="52.059126000196905" lon="4.607785993592195">
    <ele>-4.890000000000001</ele>
   </trkpt>
   <trkpt lat="52.05838000000001" lon="4.607690000000001">
    <ele>-4.87</ele>
   </trkpt>
   <trkpt lat="52.057500000000005" lon="4.607550000000001">
    <ele>-4.79</ele>
   </trkpt>
   <trkpt lat="52.056900000000006" lon="4.6074">
    <ele>-4.81</ele>
   </trkpt>
   <trkpt lat="52.05609750125592" lon="4.60708498302321">
    <ele>-4.68</ele>
   </trkpt>
   <trkpt lat="52.055295001672" lon="4.606769977363774">
    <ele>-4.7</ele>
   </trkpt>
   <trkpt lat="52.054492501248326" lon="4.6064549830209724">
    <ele>-5.0600000000000005</ele>
   </trkpt>
   <trkpt lat="52.05369" lon="4.606140000000001">
    <ele>-5.23</ele>
   </trkpt>
   <trkpt lat="52.053053333556875" lon="4.605986662302659">
    <ele>-5.42</ele>
   </trkpt>
   <trkpt lat="52.05241666691478" lon="4.605833328975317">
    <ele>-5.64</ele>
   </trkpt>
   <trkpt lat="52.05178" lon="4.60568">
    <ele>-5.85</ele>
   </trkpt>
   <trkpt lat="52.05113999993124" lon="4.605559998256872">
    <ele>-5.87</ele>
   </trkpt>
   <trkpt lat="52.05050000000001" lon="4.605440000000001">
    <ele>-5.72</ele>
   </trkpt>
   <trkpt lat="52.05042" lon="4.605460000000001">
    <ele>-5.72</ele>
   </trkpt>
   <trkpt lat="52.050340000000006" lon="4.605580000000001">
    <ele>-5.760000000000001</ele>
   </trkpt>
   <trkpt lat="52.049775004566044" lon="4.606620013170576">
    <ele>-6.0600000000000005</ele>
   </trkpt>
   <trkpt lat="52.04921" lon="4.60766">
    <ele>-6.44</ele>
   </trkpt>
   <trkpt lat="52.04907000000001" lon="4.60805">
    <ele>-6.72</ele>
   </trkpt>
   <trkpt lat="52.04900000000001" lon="4.60867">
    <ele>-6.68</ele>
   </trkpt>
   <trkpt lat="52.04901" lon="4.60874">
    <ele>-6.68</ele>
   </trkpt>
   <trkpt lat="52.04907000000001" lon="4.6088700000000005">
    <ele>-6.68</ele>
   </trkpt>
   <trkpt lat="52.049020000000006" lon="4.609570000000001">
    <ele>-6.44</ele>
   </trkpt>
   <trkpt lat="52.04891000000001" lon="4.6101">
    <ele>-5.12</ele>
   </trkpt>
   <trkpt lat="52.04880000000001" lon="4.6111200000000006">
    <ele>-3.5</ele>
   </trkpt>
   <trkpt lat="52.04876" lon="4.61117">
    <ele>-2.9899999999999998</ele>
   </trkpt>
   <trkpt lat="52.04871000000001" lon="4.611160000000001">
    <ele>-3.0300000000000002</ele>
   </trkpt>
   <trkpt lat="52.04838" lon="4.611000000000001">
    <ele>-4.13</ele>
   </trkpt>
   <trkpt lat="52.048210000000005" lon="4.61103">
    <ele>-4.32</ele>
   </trkpt>
   <trkpt lat="52.04818" lon="4.61094">
    <ele>-4.38</ele>
   </trkpt>
   <trkpt lat="52.048120000000004" lon="4.61087">
    <ele>-4.38</ele>
   </trkpt>
   <trkpt lat="52.047370000204864" lon="4.610629995959633">
    <ele>-4.68</ele>
   </trkpt>
   <trkpt lat="52.046620000000004" lon="4.610390000000001">
    <ele>-4.7700000000000005</ele>
   </trkpt>
   <trkpt lat="52.0465" lon="4.610320000000001">
    <ele>-4.85</ele>
   </trkpt>
   <trkpt lat="52.04641" lon="4.61021">
    <ele>-4.85</ele>
   </trkpt>
   <trkpt lat="52.04632" lon="4.610060000000001">
    <ele>-4.85</ele>
   </trkpt>
   <trkpt lat="52.04625000000001" lon="4.609850000000001">
    <ele>-4.81</ele>
   </trkpt>
   <trkpt lat="52.046130012194595" lon="4.608649993619596">
    <ele>-4.96</ele>
   </trkpt>
   <trkpt lat="52.046010012200966" lon="4.6074499936832565">
    <ele>-5.0</ele>
   </trkpt>
   <trkpt lat="52.04589000000001" lon="4.60625">
    <ele>-4.9799999999999995</ele>
   </trkpt>
   <trkpt lat="52.04589000000001" lon="4.60629">
    <ele>-4.96</ele>
   </trkpt>
   <trkpt lat="52.045820000000006" lon="4.606330000000001">
    <ele>-4.96</ele>
   </trkpt>
   <trkpt lat="52.045231686845455" lon="4.607306730961549">
    <ele>-5.74</ele>
   </trkpt>
   <trkpt lat="52.04464336561636" lon="4.608283436208181">
    <ele>-5.82</ele>
   </trkpt>
   <trkpt lat="52.04405503631309" lon="4.609260115740762">
    <ele>-5.83</ele>
   </trkpt>
   <trkpt lat="52.04346669893602" lon="4.610236769560164">
    <ele>-5.890000000000001</ele>
   </trkpt>
   <trkpt lat="52.04287835348557" lon="4.611213397667253">
    <ele>-5.72</ele>
   </trkpt>
   <trkpt lat="52.04229" lon="4.61219">
    <ele>-5.36</ele>
   </trkpt>
   <trkpt lat="52.041683779769166" lon="4.613192595189107">
    <ele>-5.68</ele>
   </trkpt>
   <trkpt lat="52.04107755103023" lon="4.614195163182396">
    <ele>-5.74</ele>
   </trkpt>
   <trkpt lat="52.04047131378361" lon="4.615197703980818">
    <ele>-5.91</ele>
   </trkpt>
   <trkpt lat="52.03986506802971" lon="4.616200217585321">
    <ele>-5.91</ele>
   </trkpt>
   <trkpt lat="52.03925881376896" lon="4.617202703996857">
    <ele>-5.87</ele>
   </trkpt>
   <trkpt lat="52.03865255100175" lon="4.6182051632163725">
    <ele>-5.930000000000001</ele>
   </trkpt>
   <trkpt lat="52.03804627972854" lon="4.619207595244818">
    <ele>-6.1000000000000005</ele>
   </trkpt>
   <trkpt lat="52.037440000000004" lon="4.62021">
    <ele>-6.23</ele>
   </trkpt>
   <trkpt lat="52.03734000000001" lon="4.6202700000000005">
    <ele>-6.19</ele>
   </trkpt>
   <trkpt lat="52.03712" lon="4.620240000000001">
    <ele>-6.0200000000000005</ele>
   </trkpt>
   <trkpt lat="52.03708" lon="4.6202700000000005">
    <ele>-6.0200000000000005</ele>
   </trkpt>
   <trkpt lat="52.037020000000005" lon="4.620850000000001">
    <ele>-6.0600000000000005</ele>
   </trkpt>
   <trkpt lat="52.03699" lon="4.62094">
    <ele>-6.0600000000000005</ele>
   </trkpt>
   <trkpt lat="52.03643501068702" lon="4.621857534173431">
    <ele>-6.12</ele>
   </trkpt>
   <trkpt lat="52.035880014248036" lon="4.622775045565948">
    <ele>-6.29</ele>
   </trkpt>
   <trkpt lat="52.03532501068334" lon="4.62369253417828">
    <ele>-6.04</ele>
   </trkpt>
   <trkpt lat="52.03477" lon="4.6246100000000006">
    <ele>-5.29</ele>
   </trkpt>
   <trkpt lat="52.035120000000006" lon="4.625170000000001">
    <ele>-5.3</ele>
   </trkpt>
   <trkpt lat="52.035030000000006" lon="4.62533">
    <ele>-5.61</ele>
   </trkpt>
   <trkpt lat="52.03504" lon="4.62539">
    <ele>-5.61</ele>
   </trkpt>
   <trkpt lat="52.034563338639096" lon="4.626183350286109">
    <ele>-6.21</ele>
   </trkpt>
   <trkpt lat="52.03408667195047" lon="4.626976683655723">
    <ele>-6.2700000000000005</ele>
   </trkpt>
   <trkpt lat="52.03361" lon="4.62777">
    <ele>-6.23</ele>
   </trkpt>
   <trkpt lat="52.03307" lon="4.628640000000001">
    <ele>-6.29</ele>
   </trkpt>
   <trkpt lat="52.032790000000006" lon="4.62905">
    <ele>-6.38</ele>
   </trkpt>
   <trkpt lat="52.03239000000001" lon="4.62971">
    <ele>-6.36</ele>
   </trkpt>
   <trkpt lat="52.031800000000004" lon="4.630800000000001">
    <ele>-6.34</ele>
   </trkpt>
   <trkpt lat="52.03128500268182" lon="4.63159500914612">
    <ele>-6.42</ele>
   </trkpt>
   <trkpt lat="52.030770000000004" lon="4.63239">
    <ele>-6.38</ele>
   </trkpt>
   <trkpt lat="52.03065" lon="4.632630000000001">
    <ele>-6.38</ele>
   </trkpt>
   <trkpt lat="52.03034" lon="4.63314">
    <ele>-6.0600000000000005</ele>
   </trkpt>
   <trkpt lat="52.030620000000006" lon="4.63358">
    <ele>-5.9799999999999995</ele>
   </trkpt>
   <trkpt lat="52.03072" lon="4.63368">
    <ele>-5.99</ele>
   </trkpt>
   <trkpt lat="52.03094" lon="4.6337">
    <ele>-5.95</ele>
   </trkpt>
   <trkpt lat="52.031000000000006" lon="4.633730000000001">
    <ele>-5.95</ele>
   </trkpt>
   <trkpt lat="52.031060000000004" lon="4.63379">
    <ele>-5.930000000000001</ele>
   </trkpt>
   <trkpt lat="52.031470000000006" lon="4.634440000000001">
    <ele>-5.760000000000001</ele>
   </trkpt>
   <trkpt lat="52.03128" lon="4.634740000000001">
    <ele>-5.64</ele>
   </trkpt>
   <trkpt lat="52.031270000000006" lon="4.63483">
    <ele>-5.64</ele>
   </trkpt>
   <trkpt lat="52.03128" lon="4.635050000000001">
    <ele>-5.55</ele>
   </trkpt>
   <trkpt lat="52.03125000000001" lon="4.63516">
    <ele>-5.51</ele>
   </trkpt>
   <trkpt lat="52.031130000000005" lon="4.635330000000001">
    <ele>-5.47</ele>
   </trkpt>
   <trkpt lat="52.03097" lon="4.63532">
    <ele>-5.53</ele>
   </trkpt>
   <trkpt lat="52.030840000000005" lon="4.63553">
    <ele>-5.64</ele>
   </trkpt>
   <trkpt lat="52.030910000000006" lon="4.63562">
    <ele>-5.5</ele>
   </trkpt>
   <trkpt lat="52.03099" lon="4.635630000000001">
    <ele>-5.5</ele>
   </trkpt>
   <trkpt lat="52.03117" lon="4.63555">
    <ele>-5.46</ele>
   </trkpt>
   <trkpt lat="52.031220000000005" lon="4.63557">
    <ele>-5.46</ele>
   </trkpt>
   <trkpt lat="52.031828016069404" lon="4.636543947036136">
    <ele>-5.48</ele>
   </trkpt>
   <trkpt lat="52.032436024108854" lon="4.637517920560221">
    <ele>-5.34</ele>
   </trkpt>
   <trkpt lat="52.03304402411795" lon="4.638491920573203">
    <ele>-5.23</ele>
   </trkpt>
   <trkpt lat="52.03365201609629" lon="4.639465947076032">
    <ele>-5.38</ele>
   </trkpt>
   <trkpt lat="52.03426" lon="4.640440000000001">
    <ele>-5.4</ele>
   </trkpt>
   <trkpt lat="52.03428" lon="4.64045">
    <ele>-5.4</ele>
   </trkpt>
   <trkpt lat="52.034330000000004" lon="4.64057">
    <ele>-5.42</ele>
   </trkpt>
   <trkpt lat="52.03435" lon="4.640700000000001">
    <ele>-5.4</ele>
   </trkpt>
   <trkpt lat="52.034380000000006" lon="4.64079">
    <ele>-5.4</ele>
   </trkpt>
   <trkpt lat="52.034310000000005" lon="4.64092">
    <ele>-5.4</ele>
   </trkpt>
   <trkpt lat="52.034180000000006" lon="4.641190000000001">
    <ele>-5.59</ele>
   </trkpt>
   <trkpt lat="52.03367000318271" lon="4.642040009487865">
    <ele>-5.83</ele>
   </trkpt>
   <trkpt lat="52.03316" lon="4.64289">
    <ele>-5.95</ele>
   </trkpt>
   <trkpt lat="52.033100000000005" lon="4.64296">
    <ele>-6.0200000000000005</ele>
   </trkpt>
   <trkpt lat="52.033010000000004" lon="4.64301">
    <ele>-6.0200000000000005</ele>
   </trkpt>
   <trkpt lat="52.03286000000001" lon="4.64301">
    <ele>-6.04</ele>
   </trkpt>
   <trkpt lat="52.03233" lon="4.64289">
    <ele>-6.0200000000000005</ele>
   </trkpt>
   <trkpt lat="52.03233" lon="4.64276">
    <ele>-6.0200000000000005</ele>
   </trkpt>
   <trkpt lat="52.031620000000004" lon="4.64254">
    <ele>-6.04</ele>
   </trkpt>
   <trkpt lat="52.031400000000005" lon="4.642510000000001">
    <ele>-6.12</ele>
   </trkpt>
   <trkpt lat="52.031130000000005" lon="4.642510000000001">
    <ele>-6.1000000000000005</ele>
   </trkpt>
   <trkpt lat="52.030910000000006" lon="4.64255">
    <ele>-6.1000000000000005</ele>
   </trkpt>
   <trkpt lat="52.030660000000005" lon="4.6426300000000005">
    <ele>-6.15</ele>
   </trkpt>
   <trkpt lat="52.030370000000005" lon="4.64278">
    <ele>-6.0600000000000005</ele>
   </trkpt>
   <trkpt lat="52.02995000000001" lon="4.6431000000000004">
    <ele>-6.08</ele>
   </trkpt>
   <trkpt lat="52.02984000000001" lon="4.64316">
    <ele>-6.08</ele>
   </trkpt>
   <trkpt lat="52.029680000000006" lon="4.643210000000001">
    <ele>-6.0600000000000005</ele>
   </trkpt>
   <trkpt lat="52.029590000000006" lon="4.643210000000001">
    <ele>-6.0600000000000005</ele>
   </trkpt>
   <trkpt lat="52.0294" lon="4.64313">
    <ele>-6.1000000000000005</ele>
   </trkpt>
   <trkpt lat="52.02928000000001" lon="4.643120000000001">
    <ele>-6.1000000000000005</ele>
   </trkpt>
   <trkpt lat="52.029120000000006" lon="4.64322">
    <ele>-6.1000000000000005</ele>
   </trkpt>
   <trkpt lat="52.02899000000001" lon="4.64339">
    <ele>-6.140000000000001</ele>
   </trkpt>
   <trkpt lat="52.02870000000001" lon="4.64397">
    <ele>-6.15</ele>
   </trkpt>
   <trkpt lat="52.02845000000001" lon="4.6444">
    <ele>-6.12</ele>
   </trkpt>
   <trkpt lat="52.02816000000001" lon="4.64472">
    <ele>-6.08</ele>
   </trkpt>
   <trkpt lat="52.0279" lon="4.6452">
    <ele>-6.08</ele>
   </trkpt>
   <trkpt lat="52.027620000000006" lon="4.6455400000000004">
    <ele>-6.08</ele>
   </trkpt>
   <trkpt lat="52.02730500117507" lon="4.646070003756567">
    <ele>-6.0200000000000005</ele>
   </trkpt>
   <trkpt lat="52.026990000000005" lon="4.6466">
    <ele>-6.1000000000000005</ele>
   </trkpt>
   <trkpt lat="52.02682" lon="4.64677">
    <ele>-6.1000000000000005</ele>
   </trkpt>
   <trkpt lat="52.0268" lon="4.6468300000000005">
    <ele>-6.1000000000000005</ele>
   </trkpt>
   <trkpt lat="52.02682" lon="4.64689">
    <ele>-6.140000000000001</ele>
   </trkpt>
   <trkpt lat="52.027330000000006" lon="4.64771">
    <ele>-6.23</ele>
   </trkpt>
   <trkpt lat="52.02731000619869" lon="4.648920000445656">
    <ele>-7.78</ele>
   </trkpt>
   <trkpt lat="52.02729000000001" lon="4.650130000000001">
    <ele>-6.08</ele>
   </trkpt>
   <trkpt lat="52.02702000000001" lon="4.650130000000001">
    <ele>-5.95</ele>
   </trkpt>
   <trkpt lat="52.02702000000001" lon="4.64968">
    <ele>-6.08</ele>
   </trkpt>
   <trkpt lat="52.026990000000005" lon="4.649590000000001">
    <ele>-6.08</ele>
   </trkpt>
   <trkpt lat="52.02695000000001" lon="4.64954">
    <ele>-6.0600000000000005</ele>
   </trkpt>
   <trkpt lat="52.02625000002334" lon="4.649516665936857">
    <ele>-5.970000000000001</ele>
   </trkpt>
   <trkpt lat="52.025550000042074" lon="4.649493332604161">
    <ele>-5.970000000000001</ele>
   </trkpt>
   <trkpt lat="52.02485" lon="4.64947">
    <ele>-5.95</ele>
   </trkpt>
   <trkpt lat="52.0240333334008" lon="4.649416664721832">
    <ele>-6.04</ele>
   </trkpt>
   <trkpt lat="52.023216666777536" lon="4.649363331391375">
    <ele>-6.19</ele>
   </trkpt>
   <trkpt lat="52.022400000000005" lon="4.649310000000001">
    <ele>-6.04</ele>
   </trkpt>
   <trkpt lat="52.02232000000001" lon="4.64933">
    <ele>-5.78</ele>
   </trkpt>
   <trkpt lat="52.02221" lon="4.6494100000000005">
    <ele>-5.29</ele>
   </trkpt>
   <trkpt lat="52.02203" lon="4.64942">
    <ele>-5.3</ele>
   </trkpt>
   <trkpt lat="52.02207000000001" lon="4.6488700000000005">
    <ele>-5.32</ele>
   </trkpt>
   <trkpt lat="52.02206" lon="4.648280000000001">
    <ele>-5.38</ele>
   </trkpt>
   <trkpt lat="52.02181" lon="4.648370000000001">
    <ele>-5.38</ele>
   </trkpt>
   <trkpt lat="52.021550000000005" lon="4.64857">
    <ele>-5.59</ele>
   </trkpt>
   <trkpt lat="52.02147" lon="4.648610000000001">
    <ele>-5.59</ele>
   </trkpt>
   <trkpt lat="52.021350000000005" lon="4.64864">
    <ele>-5.59</ele>
   </trkpt>
   <trkpt lat="52.02067" lon="4.648610000000001">
    <ele>-5.53</ele>
   </trkpt>
   <trkpt lat="52.02042" lon="4.64855">
    <ele>-5.2700000000000005</ele>
   </trkpt>
   <trkpt lat="52.020010000000006" lon="4.648540000000001">
    <ele>-5.32</ele>
   </trkpt>
   <trkpt lat="52.01986" lon="4.648560000000001">
    <ele>-5.47</ele>
   </trkpt>
   <trkpt lat="52.019670000000005" lon="4.648630000000001">
    <ele>-5.47</ele>
   </trkpt>
   <trkpt lat="52.01939" lon="4.64862">
    <ele>-5.61</ele>
   </trkpt>
   <trkpt lat="52.01916000000001" lon="4.6486">
    <ele>-5.72</ele>
   </trkpt>
   <trkpt lat="52.01901" lon="4.6485">
    <ele>-5.72</ele>
   </trkpt>
   <trkpt lat="52.01903" lon="4.64852">
    <ele>-5.72</ele>
   </trkpt>
   <trkpt lat="52.0189" lon="4.64841">
    <ele>-5.81</ele>
   </trkpt>
   <trkpt lat="52.0184100026506" lon="4.647634991682075">
    <ele>-5.81</ele>
   </trkpt>
   <trkpt lat="52.017920000000004" lon="4.64686">
    <ele>-5.83</ele>
   </trkpt>
   <trkpt lat="52.01775000000001" lon="4.646610000000001">
    <ele>-5.74</ele>
   </trkpt>
   <trkpt lat="52.01769" lon="4.6466">
    <ele>-5.74</ele>
   </trkpt>
   <trkpt lat="52.01765" lon="4.646520000000001">
    <ele>-5.74</ele>
   </trkpt>
   <trkpt lat="52.017630000000004" lon="4.646400000000001">
    <ele>-6.0600000000000005</ele>
   </trkpt>
   <trkpt lat="52.01735000000001" lon="4.64595">
    <ele>-6.36</ele>
   </trkpt>
   <trkpt lat="52.016836672371234" lon="4.645129981200972">
    <ele>-6.29</ele>
   </trkpt>
   <trkpt lat="52.016323339049656" lon="4.644309981220074">
    <ele>-6.890000000000001</ele>
   </trkpt>
   <trkpt lat="52.01581" lon="4.643490000000001">
    <ele>-5.48</ele>
   </trkpt>
   <trkpt lat="52.015730000000005" lon="4.643470000000001">
    <ele>-5.48</ele>
   </trkpt>
   <trkpt lat="52.01567000000001" lon="4.643420000000001">
    <ele>-5.46</ele>
   </trkpt>
   <trkpt lat="52.01568" lon="4.64334">
    <ele>-5.46</ele>
   </trkpt>
   <trkpt lat="52.01565" lon="4.6432400000000005">
    <ele>-5.670000000000001</ele>
   </trkpt>
   <trkpt lat="52.01515750776304" lon="4.642457474138063">
    <ele>-5.91</ele>
   </trkpt>
   <trkpt lat="52.01466501034189" lon="4.641674965503932">
    <ele>-5.44</ele>
   </trkpt>
   <trkpt lat="52.01417250773674" lon="4.640892474097101">
    <ele>-5.95</ele>
   </trkpt>
   <trkpt lat="52.01368" lon="4.64011">
    <ele>-5.87</ele>
   </trkpt>
   <trkpt lat="52.01362" lon="4.64004">
    <ele>-5.87</ele>
   </trkpt>
   <trkpt lat="52.01353" lon="4.64003">
    <ele>-5.66</ele>
   </trkpt>
   <trkpt lat="52.01352000000001" lon="4.6399300000000006">
    <ele>-5.61</ele>
   </trkpt>
   <trkpt lat="52.013470000000005" lon="4.63994">
    <ele>-5.61</ele>
   </trkpt>
   <trkpt lat="52.013380000000005" lon="4.640090000000001">
    <ele>-5.61</ele>
   </trkpt>
   <trkpt lat="52.01334000000001" lon="4.6401">
    <ele>-5.61</ele>
   </trkpt>
   <trkpt lat="52.0133" lon="4.64008">
    <ele>-6.0600000000000005</ele>
   </trkpt>
   <trkpt lat="52.01326" lon="4.64003">
    <ele>-6.0600000000000005</ele>
   </trkpt>
   <trkpt lat="52.012686013957925" lon="4.639121953402379">
    <ele>-6.65</ele>
   </trkpt>
   <trkpt lat="52.012112020935" lon="4.6382139301018785">
    <ele>-6.48</ele>
   </trkpt>
   <trkpt lat="52.01153802093154" lon="4.637305930097707">
    <ele>-6.55</ele>
   </trkpt>
   <trkpt lat="52.01096401394787" lon="4.636397953389066">
    <ele>-6.48</ele>
   </trkpt>
   <trkpt lat="52.01039" lon="4.635490000000001">
    <ele>-6.16</ele>
   </trkpt>
   <trkpt lat="52.01034000000001" lon="4.63534">
    <ele>-6.16</ele>
   </trkpt>
   <trkpt lat="52.01034000000001" lon="4.63522">
    <ele>-5.9799999999999995</ele>
   </trkpt>
   <trkpt lat="52.010400000000004" lon="4.6349800000000005">
    <ele>-5.95</ele>
   </trkpt>
   <trkpt lat="52.01039" lon="4.63492">
    <ele>-5.95</ele>
   </trkpt>
   <trkpt lat="52.010310000000004" lon="4.63492">
    <ele>-5.970000000000001</ele>
   </trkpt>
   <trkpt lat="52.0103" lon="4.634790000000001">
    <ele>-6.17</ele>
   </trkpt>
   <trkpt lat="52.010250000000006" lon="4.634670000000001">
    <ele>-6.17</ele>
   </trkpt>
   <trkpt lat="52.0098550015912" lon="4.6340549945558145">
    <ele>-6.15</ele>
   </trkpt>
   <trkpt lat="52.009460000000004" lon="4.63344">
    <ele>-5.930000000000001</ele>
   </trkpt>
   <trkpt lat="52.008986671630346" lon="4.63266998361942">
    <ele>-6.23</ele>
   </trkpt>
   <trkpt lat="52.00851333824065" lon="4.631899983527979">
    <ele>-6.25</ele>
   </trkpt>
   <trkpt lat="52.00804" lon="4.631130000000001">
    <ele>-6.08</ele>
   </trkpt>
   <trkpt lat="52.0075300026967" lon="4.630329990863222">
    <ele>-5.9799999999999995</ele>
   </trkpt>
   <trkpt lat="52.007020000000004" lon="4.629530000000001">
    <ele>-5.970000000000001</ele>
   </trkpt>
   <trkpt lat="52.00640888742814" lon="4.628558611343541">
    <ele>-5.99</ele>
   </trkpt>
   <trkpt lat="52.0057977668671" lon="4.627587249215345">
    <ele>-5.85</ele>
   </trkpt>
   <trkpt lat="52.00518663831728" lon="4.626615913614451">
    <ele>-5.78</ele>
   </trkpt>
   <trkpt lat="52.004575501779065" lon="4.625644604539898">
    <ele>-5.87</ele>
   </trkpt>
   <trkpt lat="52.00396435725288" lon="4.624673321990725">
    <ele>-5.91</ele>
   </trkpt>
   <trkpt lat="52.00335320473914" lon="4.623702065965973">
    <ele>-5.95</ele>
   </trkpt>
   <trkpt lat="52.00274204423815" lon="4.622730836464679">
    <ele>-5.970000000000001</ele>
   </trkpt>
   <trkpt lat="52.00213087575039" lon="4.6217596334858815">
    <ele>-5.82</ele>
   </trkpt>
   <trkpt lat="52.001519699276216" lon="4.620788457028621">
    <ele>-5.81</ele>
   </trkpt>
   <trkpt lat="52.00090851481602" lon="4.619817307091939">
    <ele>-5.9799999999999995</ele>
   </trkpt>
   <trkpt lat="52.00029732237021" lon="4.618846183674871">
    <ele>-6.29</ele>
   </trkpt>
   <trkpt lat="51.99968612193915" lon="4.617875086776458">
    <ele>-6.15</ele>
   </trkpt>
   <trkpt lat="51.999074913523266" lon="4.616904016395737">
    <ele>-5.95</ele>
   </trkpt>
   <trkpt lat="51.998463697122936" lon="4.615932972531751">
    <ele>-6.1000000000000005</ele>
   </trkpt>
   <trkpt lat="51.997852472738565" lon="4.614961955183535">
    <ele>-6.04</ele>
   </trkpt>
   <trkpt lat="51.997241240370535" lon="4.613990964350133">
    <ele>-6.1000000000000005</ele>
   </trkpt>
   <trkpt lat="51.99663" lon="4.613020000000001">
    <ele>-6.08</ele>
   </trkpt>
   <trkpt lat="51.99645" lon="4.612710000000001">
    <ele>-6.08</ele>
   </trkpt>
   <trkpt lat="51.99590500944603" lon="4.611847468497794">
    <ele>-6.12</ele>
   </trkpt>
   <trkpt lat="51.99536001259254" lon="4.610984957994399">
    <ele>-6.16</ele>
   </trkpt>
   <trkpt lat="51.99481500943986" lon="4.610122468489134">
    <ele>-6.1000000000000005</ele>
   </trkpt>
   <trkpt lat="51.99427000000001" lon="4.609260000000001">
    <ele>-6.0200000000000005</ele>
   </trkpt>
   <trkpt lat="51.99394" lon="4.60871">
    <ele>-5.85</ele>
   </trkpt>
   <trkpt lat="51.99332127853958" lon="4.607728655084736">
    <ele>-5.800000000000001</ele>
   </trkpt>
   <trkpt lat="51.99270254892445" lon="4.606747337290547">
    <ele>-6.29</ele>
   </trkpt>
   <trkpt lat="51.99208381115502" lon="4.605766046616437">
    <ele>-6.3100000000000005</ele>
   </trkpt>
   <trkpt lat="51.99146506523171" lon="4.604784783061411">
    <ele>-5.87</ele>
   </trkpt>
   <trkpt lat="51.99084631115491" lon="4.603803546624473">
    <ele>-5.65</ele>
   </trkpt>
   <trkpt lat="51.99022754892505" lon="4.6028223373046275">
    <ele>-5.65</ele>
   </trkpt>
   <trkpt lat="51.989608778542504" lon="4.601841155100877">
    <ele>-5.72</ele>
   </trkpt>
   <trkpt lat="51.98899" lon="4.60086">
    <ele>-5.55</ele>
   </trkpt>
   <trkpt lat="51.989070000000005" lon="4.60069">
    <ele>-5.44</ele>
   </trkpt>
   <trkpt lat="51.98912000000001" lon="4.60052">
    <ele>-5.44</ele>
   </trkpt>
   <trkpt lat="51.989020000000004" lon="4.60045">
    <ele>-5.19</ele>
   </trkpt>
   <trkpt lat="51.988820000000004" lon="4.6001">
    <ele>-5.140000000000001</ele>
   </trkpt>
   <trkpt lat="51.98866" lon="4.6001">
    <ele>-5.19</ele>
   </trkpt>
   <trkpt lat="51.98846" lon="4.5998">
    <ele>-5.0200000000000005</ele>
   </trkpt>
   <trkpt lat="51.98838000000001" lon="4.59966">
    <ele>-4.64</ele>
   </trkpt>
   <trkpt lat="51.98825" lon="4.59933">
    <ele>-3.85</ele>
   </trkpt>
   <trkpt lat="51.98821" lon="4.59905">
    <ele>-3.3000000000000003</ele>
   </trkpt>
   <trkpt lat="51.988170000000004" lon="4.598380000000001">
    <ele>-2.68</ele>
   </trkpt>
   <trkpt lat="51.98852" lon="4.59839">
    <ele>-2.9600000000000004</ele>
   </trkpt>
   <trkpt lat="51.98865000000001" lon="4.59834">
    <ele>-2.9600000000000004</ele>
   </trkpt>
   <trkpt lat="51.98914000060805" lon="4.597990003765842">
    <ele>-3.06</ele>
   </trkpt>
   <trkpt lat="51.989630000000005" lon="4.59764">
    <ele>-2.67</ele>
   </trkpt>
   <trkpt lat="51.99031200441221" lon="4.59713003106417">
    <ele>-2.71</ele>
   </trkpt>
   <trkpt lat="51.99099400662205" lon="4.596620046594352">
    <ele>-2.6400000000000006</ele>
   </trkpt>
   <trkpt lat="51.991676006629426" lon="4.59611004658974">
    <ele>-2.65</ele>
   </trkpt>
   <trkpt lat="51.99235800443418" lon="4.595600031049532">
    <ele>-2.8000000000000003</ele>
   </trkpt>
   <trkpt lat="51.99304000000001" lon="4.595090000000001">
    <ele>-2.69</ele>
   </trkpt>
   <trkpt lat="51.9935700006639" lon="4.594705004530883">
    <ele>-2.74</ele>
   </trkpt>
   <trkpt lat="51.9941" lon="4.594320000000001">
    <ele>-2.9899999999999998</ele>
   </trkpt>
   <trkpt lat="51.994550000000004" lon="4.5939700000000006">
    <ele>-2.9000000000000004</ele>
   </trkpt>
   <trkpt lat="51.99513000084994" lon="4.593500006157741">
    <ele>-2.9600000000000004</ele>
   </trkpt>
   <trkpt lat="51.99571" lon="4.593030000000001">
    <ele>-2.71</ele>
   </trkpt>
   <trkpt lat="51.99604" lon="4.5928">
    <ele>-3.5</ele>
   </trkpt>
   <trkpt lat="51.99571502775985" lon="4.591654958462567">
    <ele>-5.890000000000001</ele>
   </trkpt>
   <trkpt lat="51.9953900444176" lon="4.590509933547864">
    <ele>-5.44</ele>
   </trkpt>
   <trkpt lat="51.99506504997359" lon="4.589364925256024">
    <ele>-5.21</ele>
   </trkpt>
   <trkpt lat="51.99474004442807" lon="4.588219933587177">
    <ele>-5.19</ele>
   </trkpt>
   <trkpt lat="51.994415027781386" lon="4.587074958541458">
    <ele>-5.12</ele>
   </trkpt>
   <trkpt lat="51.99409000000001" lon="4.58593">
    <ele>-4.9799999999999995</ele>
   </trkpt>
   <trkpt lat="51.993734026207136" lon="4.584685960429646">
    <ele>-5.12</ele>
   </trkpt>
   <trkpt lat="51.993378039309306" lon="4.5834419406406655">
    <ele>-5.19</ele>
   </trkpt>
   <trkpt lat="51.99302203930683" lon="4.582197940633215">
    <ele>-5.0600000000000005</ele>
   </trkpt>
   <trkpt lat="51.992666026200126" lon="4.580953960407457">
    <ele>-5.04</ele>
   </trkpt>
   <trkpt lat="51.99231" lon="4.57971">
    <ele>-5.0</ele>
   </trkpt>
   <trkpt lat="51.992270000000005" lon="4.5796600000000005">
    <ele>-5.0</ele>
   </trkpt>
   <trkpt lat="51.99222" lon="4.57965">
    <ele>-5.0</ele>
   </trkpt>
   <trkpt lat="51.9916600013813" lon="4.580066677154581">
    <ele>-5.12</ele>
   </trkpt>
   <trkpt lat="51.99110000129242" lon="4.58048334388721">
    <ele>-5.0200000000000005</ele>
   </trkpt>
   <trkpt lat="51.99054" lon="4.580900000000001">
    <ele>-5.34</ele>
   </trkpt>
   <trkpt lat="51.99018142744944" lon="4.579639858727164">
    <ele>-5.59</ele>
   </trkpt>
   <trkpt lat="51.98982284145205" lon="4.578379737635439">
    <ele>-5.970000000000001</ele>
   </trkpt>
   <trkpt lat="51.989464242008204" lon="4.577119636724998">
    <ele>-6.25</ele>
   </trkpt>
   <trkpt lat="51.98910562911831" lon="4.575859555996015">
    <ele>-6.140000000000001</ele>
   </trkpt>
   <trkpt lat="51.98874700278274" lon="4.574599495448663">
    <ele>-5.72</ele>
   </trkpt>
   <trkpt lat="51.98838836300191" lon="4.573339455083113">
    <ele>-6.04</ele>
   </trkpt>
   <trkpt lat="51.98802970977616" lon="4.572079434899542">
    <ele>-6.04</ele>
   </trkpt>
   <trkpt lat="51.98767104310591" lon="4.570819434898119">
    <ele>-6.08</ele>
   </trkpt>
   <trkpt lat="51.98731236299157" lon="4.569559455079017">
    <ele>-6.48</ele>
   </trkpt>
   <trkpt lat="51.98695366943348" lon="4.568299495442412">
    <ele>-6.760000000000001</ele>
   </trkpt>
   <trkpt lat="51.986594962432065" lon="4.567039555988476">
    <ele>-6.78</ele>
   </trkpt>
   <trkpt lat="51.98623624198771" lon="4.56577963671738">
    <ele>-6.2700000000000005</ele>
   </trkpt>
   <trkpt lat="51.98587750810078" lon="4.564519737629297">
    <ele>-5.72</ele>
   </trkpt>
   <trkpt lat="51.9855187607717" lon="4.5632598587243995">
    <ele>-6.16</ele>
   </trkpt>
   <trkpt lat="51.98516000000001" lon="4.562">
    <ele>-5.7</ele>
   </trkpt>
   <trkpt lat="51.98478755009195" lon="4.560699924315568">
    <ele>-5.83</ele>
   </trkpt>
   <trkpt lat="51.98441508587062" lon="4.559399870253397">
    <ele>-6.08</ele>
   </trkpt>
   <trkpt lat="51.984042607336455" lon="4.558099837813668">
    <ele>-6.32</ele>
   </trkpt>
   <trkpt lat="51.98367011448986" lon="4.5567998269965635">
    <ele>-6.2700000000000005</ele>
   </trkpt>
   <trkpt lat="51.9832976073313" lon="4.555499837802266">
    <ele>-6.65</ele>
   </trkpt>
   <trkpt lat="51.98292508586118" lon="4.5541998702309545">
    <ele>-6.65</ele>
   </trkpt>
   <trkpt lat="51.98255255007992" lon="4.552899924282811">
    <ele>-5.78</ele>
   </trkpt>
   <trkpt lat="51.98218000000001" lon="4.5516000000000005">
    <ele>-2.58</ele>
   </trkpt>
   <trkpt lat="51.982110000000006" lon="4.551500000000001">
    <ele>-1.58</ele>
   </trkpt>
   <trkpt lat="51.98203" lon="4.55144">
    <ele>-1.58</ele>
   </trkpt>
   <trkpt lat="51.98196" lon="4.55142">
    <ele>-1.58</ele>
   </trkpt>
   <trkpt lat="51.98143" lon="4.55172">
    <ele>-1.5</ele>
   </trkpt>
   <trkpt lat="51.98133000000001" lon="4.551830000000001">
    <ele>-1.67</ele>
   </trkpt>
   <trkpt lat="51.981260000000006" lon="4.55182">
    <ele>-1.67</ele>
   </trkpt>
   <trkpt lat="51.98091" lon="4.55196">
    <ele>-1.84</ele>
   </trkpt>
   <trkpt lat="51.98021000000001" lon="4.552320000000001">
    <ele>-1.67</ele>
   </trkpt>
   <trkpt lat="51.980000000000004" lon="4.55238">
    <ele>-1.68</ele>
   </trkpt>
   <trkpt lat="51.97988" lon="4.55239">
    <ele>-1.76</ele>
   </trkpt>
   <trkpt lat="51.9791" lon="4.552300000000001">
    <ele>-1.61</ele>
   </trkpt>
   <trkpt lat="51.97898000000001" lon="4.552320000000001">
    <ele>-1.61</ele>
   </trkpt>
   <trkpt lat="51.978910000000006" lon="4.552350000000001">
    <ele>-1.61</ele>
   </trkpt>
   <trkpt lat="51.978750000000005" lon="4.55253">
    <ele>-1.61</ele>
   </trkpt>
   <trkpt lat="51.978500000000004" lon="4.552930000000001">
    <ele>-1.67</ele>
   </trkpt>
   <trkpt lat="51.97822000000001" lon="4.55327">
    <ele>-1.67</ele>
   </trkpt>
   <trkpt lat="51.978100000000005" lon="4.5535000000000005">
    <ele>-1.67</ele>
   </trkpt>
   <trkpt lat="51.97782" lon="4.554180000000001">
    <ele>-1.52</ele>
   </trkpt>
   <trkpt lat="51.977740000000004" lon="4.55429">
    <ele>-1.52</ele>
   </trkpt>
   <trkpt lat="51.97762" lon="4.55433">
    <ele>-1.52</ele>
   </trkpt>
   <trkpt lat="51.97728000000001" lon="4.5542300000000004">
    <ele>-1.41</ele>
   </trkpt>
   <trkpt lat="51.977120000000006" lon="4.55422">
    <ele>-1.37</ele>
   </trkpt>
   <trkpt lat="51.97692000000001" lon="4.55409">
    <ele>-1.37</ele>
   </trkpt>
   <trkpt lat="51.97654000000001" lon="4.5536900000000005">
    <ele>-1.37</ele>
   </trkpt>
   <trkpt lat="51.97616000000001" lon="4.553400000000001">
    <ele>-1.37</ele>
   </trkpt>
   <trkpt lat="51.97534" lon="4.55287">
    <ele>-1.5</ele>
   </trkpt>
   <trkpt lat="51.9748" lon="4.55241">
    <ele>-1.75</ele>
   </trkpt>
   <trkpt lat="51.97466000000001" lon="4.552250000000001">
    <ele>-1.75</ele>
   </trkpt>
   <trkpt lat="51.974450000000004" lon="4.55196">
    <ele>-1.52</ele>
   </trkpt>
   <trkpt lat="51.9742" lon="4.5515300000000005">
    <ele>-1.43</ele>
   </trkpt>
   <trkpt lat="51.97372000000001" lon="4.550610000000001">
    <ele>-1.53</ele>
   </trkpt>
   <trkpt lat="51.97355" lon="4.55034">
    <ele>-1.58</ele>
   </trkpt>
   <trkpt lat="51.97307000000001" lon="4.54969">
    <ele>-1.41</ele>
   </trkpt>
   <trkpt lat="51.972970000000004" lon="4.54947">
    <ele>-1.41</ele>
   </trkpt>
   <trkpt lat="51.97285" lon="4.54912">
    <ele>-1.43</ele>
   </trkpt>
   <trkpt lat="51.972620000000006" lon="4.54812">
    <ele>-1.37</ele>
   </trkpt>
   <trkpt lat="51.97261" lon="4.5479">
    <ele>-1.37</ele>
   </trkpt>
   <trkpt lat="51.972620000000006" lon="4.54753">
    <ele>-1.33</ele>
   </trkpt>
   <trkpt lat="51.972530000000006" lon="4.5471200000000005">
    <ele>-0.75</ele>
   </trkpt>
   <trkpt lat="51.972860000000004" lon="4.54689">
    <ele>-1.84</ele>
   </trkpt>
   <trkpt lat="51.97299" lon="4.546830000000001">
    <ele>-1.84</ele>
   </trkpt>
   <trkpt lat="51.972950000000004" lon="4.546670000000001">
    <ele>-1.84</ele>
   </trkpt>
   <trkpt lat="51.97287000000001" lon="4.5464400000000005">
    <ele>-1.67</ele>
   </trkpt>
   <trkpt lat="51.972770000000004" lon="4.546270000000001">
    <ele>-1.67</ele>
   </trkpt>
   <trkpt lat="51.972680000000004" lon="4.54605">
    <ele>-1.52</ele>
   </trkpt>
   <trkpt lat="51.972305004267476" lon="4.545044991563283">
    <ele>-1.5</ele>
   </trkpt>
   <trkpt lat="51.97193000000001" lon="4.544040000000001">
    <ele>-1.51</ele>
   </trkpt>
   <trkpt lat="51.971410000000006" lon="4.543080000000001">
    <ele>-1.41</ele>
   </trkpt>
   <trkpt lat="51.97130000000001" lon="4.54281">
    <ele>-1.41</ele>
   </trkpt>
   <trkpt lat="51.971030000000006" lon="4.541860000000001">
    <ele>-1.42</ele>
   </trkpt>
   <trkpt lat="51.97082" lon="4.54135">
    <ele>-1.41</ele>
   </trkpt>
   <trkpt lat="51.9703" lon="4.5404">
    <ele>-1.2100000000000002</ele>
   </trkpt>
   <trkpt lat="51.970310000000005" lon="4.540430000000001">
    <ele>-1.2200000000000002</ele>
   </trkpt>
   <trkpt lat="51.970270000000006" lon="4.54026">
    <ele>-1.16</ele>
   </trkpt>
   <trkpt lat="51.97032" lon="4.539700000000001">
    <ele>-1.25</ele>
   </trkpt>
   <trkpt lat="51.97034000000001" lon="4.53901">
    <ele>-1.43</ele>
   </trkpt>
   <trkpt lat="51.970310000000005" lon="4.538080000000001">
    <ele>-1.53</ele>
   </trkpt>
   <trkpt lat="51.97043000000001" lon="4.5373600000000005">
    <ele>-1.5</ele>
   </trkpt>
   <trkpt lat="51.97082" lon="4.53748">
    <ele>-3.0300000000000002</ele>
   </trkpt>
   <trkpt lat="51.97088" lon="4.53737">
    <ele>-3.33</ele>
   </trkpt>
   <trkpt lat="51.97097" lon="4.5373600000000005">
    <ele>-3.94</ele>
   </trkpt>
   <trkpt lat="51.97119000000001" lon="4.5375000000000005">
    <ele>-4.62</ele>
   </trkpt>
   <trkpt lat="51.97126" lon="4.53734">
    <ele>-4.79</ele>
   </trkpt>
   <trkpt lat="51.97169" lon="4.53655">
    <ele>-5.12</ele>
   </trkpt>
   <trkpt lat="51.97173" lon="4.536440000000001">
    <ele>-5.12</ele>
   </trkpt>
   <trkpt lat="51.97176" lon="4.5362">
    <ele>-5.12</ele>
   </trkpt>
   <trkpt lat="51.97177000000001" lon="4.53594">
    <ele>-5.19</ele>
   </trkpt>
   <trkpt lat="51.971810000000005" lon="4.53594">
    <ele>-5.23</ele>
   </trkpt>
   <trkpt lat="51.97196" lon="4.53587">
    <ele>-5.57</ele>
   </trkpt>
   <trkpt lat="51.97204000000001" lon="4.535780000000001">
    <ele>-5.64</ele>
   </trkpt>
   <trkpt lat="51.972524015481206" lon="4.534824041304478">
    <ele>-5.55</ele>
   </trkpt>
   <trkpt lat="51.97300802322235" lon="4.53386806195668">
    <ele>-5.61</ele>
   </trkpt>
   <trkpt lat="51.973492023223166" lon="4.5329120619561305">
    <ele>-5.800000000000001</ele>
   </trkpt>
   <trkpt lat="51.97397601548335" lon="4.531956041302356">
    <ele>-5.68</ele>
   </trkpt>
   <trkpt lat="51.97446000000001" lon="4.531000000000001">
    <ele>-5.81</ele>
   </trkpt>
   <trkpt lat="51.97476500169134" lon="4.530375004178335">
    <ele>-5.760000000000001</ele>
   </trkpt>
   <trkpt lat="51.97507" lon="4.52975">
    <ele>-5.49</ele>
   </trkpt>
   <trkpt lat="51.97536" lon="4.5292200000000005">
    <ele>-5.42</ele>
   </trkpt>
   <trkpt lat="51.975820007165126" lon="4.528300018897856">
    <ele>-5.21</ele>
   </trkpt>
   <trkpt lat="51.97628000716205" lon="4.527380018904304">
    <ele>-5.0</ele>
   </trkpt>
   <trkpt lat="51.97674000000001" lon="4.52646">
    <ele>-4.81</ele>
   </trkpt>
   <trkpt lat="51.97605500351294" lon="4.525554986222347">
    <ele>-5.0200000000000005</ele>
   </trkpt>
   <trkpt lat="51.975370000000005" lon="4.52465">
    <ele>-4.85</ele>
   </trkpt>
   <trkpt lat="51.974920000000004" lon="4.52402">
    <ele>-4.79</ele>
   </trkpt>
   <trkpt lat="51.97482" lon="4.523820000000001">
    <ele>-4.7</ele>
   </trkpt>
   <trkpt lat="51.97478" lon="4.52325">
    <ele>-4.85</ele>
   </trkpt>
   <trkpt lat="51.974720000000005" lon="4.52303">
    <ele>-4.85</ele>
   </trkpt>
   <trkpt lat="51.974590000000006" lon="4.52271">
    <ele>-5.140000000000001</ele>
   </trkpt>
   <trkpt lat="51.974520000000005" lon="4.5225800000000005">
    <ele>-5.19</ele>
   </trkpt>
   <trkpt lat="51.974270000000004" lon="4.52221">
    <ele>-5.0</ele>
   </trkpt>
   <trkpt lat="51.97369500225632" lon="4.521474990527725">
    <ele>-5.12</ele>
   </trkpt>
   <trkpt lat="51.97312" lon="4.52074">
    <ele>-4.96</ele>
   </trkpt>
   <trkpt lat="51.97308" lon="4.52071">
    <ele>-4.96</ele>
   </trkpt>
   <trkpt lat="51.97296000000001" lon="4.520770000000001">
    <ele>-4.96</ele>
   </trkpt>
   <trkpt lat="51.97289000000001" lon="4.52078">
    <ele>-4.890000000000001</ele>
   </trkpt>
   <trkpt lat="51.972640000000006" lon="4.520440000000001">
    <ele>-4.890000000000001</ele>
   </trkpt>
   <trkpt lat="51.97261" lon="4.52038">
    <ele>-4.890000000000001</ele>
   </trkpt>
   <trkpt lat="51.97256" lon="4.52003">
    <ele>-5.23</ele>
   </trkpt>
   <trkpt lat="51.97243" lon="4.5197400000000005">
    <ele>-5.23</ele>
   </trkpt>
   <trkpt lat="51.97249000000001" lon="4.519640000000001">
    <ele>-5.2700000000000005</ele>
   </trkpt>
   <trkpt lat="51.97267" lon="4.5194600000000005">
    <ele>-5.34</ele>
   </trkpt>
   <trkpt lat="51.97278000000001" lon="4.51933">
    <ele>-5.61</ele>
   </trkpt>
   <trkpt lat="51.97292" lon="4.519220000000001">
    <ele>-5.61</ele>
   </trkpt>
   <trkpt lat="51.97308" lon="4.51883">
    <ele>-5.78</ele>
   </trkpt>
   <trkpt lat="51.973530000000004" lon="4.51803">
    <ele>-5.74</ele>
   </trkpt>
   <trkpt lat="51.973710000000004" lon="4.51768">
    <ele>-5.55</ele>
   </trkpt>
   <trkpt lat="51.97379" lon="4.517440000000001">
    <ele>-5.48</ele>
   </trkpt>
   <trkpt lat="51.97382" lon="4.51724">
    <ele>-5.47</ele>
   </trkpt>
   <trkpt lat="51.973850000000006" lon="4.51694">
    <ele>-5.53</ele>
   </trkpt>
   <trkpt lat="51.97386" lon="4.5165500000000005">
    <ele>-5.68</ele>
   </trkpt>
   <trkpt lat="51.974000000000004" lon="4.515770000000001">
    <ele>-5.760000000000001</ele>
   </trkpt>
   <trkpt lat="51.97399000000001" lon="4.515510000000001">
    <ele>-5.760000000000001</ele>
   </trkpt>
   <trkpt lat="51.97395" lon="4.51525">
    <ele>-5.55</ele>
   </trkpt>
   <trkpt lat="51.973620000000004" lon="4.51393">
    <ele>-5.29</ele>
   </trkpt>
   <trkpt lat="51.973580000000005" lon="4.513660000000001">
    <ele>-5.29</ele>
   </trkpt>
   <trkpt lat="51.973620000000004" lon="4.51351">
    <ele>-5.17</ele>
   </trkpt>
   <trkpt lat="51.97368" lon="4.51337">
    <ele>-5.12</ele>
   </trkpt>
   <trkpt lat="51.973710000000004" lon="4.5132">
    <ele>-5.12</ele>
   </trkpt>
   <trkpt lat="51.973690000000005" lon="4.51301">
    <ele>-5.12</ele>
   </trkpt>
   <trkpt lat="51.97357" lon="4.512560000000001">
    <ele>-5.11</ele>
   </trkpt>
   <trkpt lat="51.97346" lon="4.5122800000000005">
    <ele>-5.13</ele>
   </trkpt>
   <trkpt lat="51.97336000000001" lon="4.5121">
    <ele>-5.32</ele>
   </trkpt>
   <trkpt lat="51.972860000000004" lon="4.51133">
    <ele>-5.5</ele>
   </trkpt>
   <trkpt lat="51.97272" lon="4.51109">
    <ele>-5.5</ele>
   </trkpt>
   <trkpt lat="51.972590000000004" lon="4.510820000000001">
    <ele>-5.57</ele>
   </trkpt>
   <trkpt lat="51.972460000000005" lon="4.51048">
    <ele>-5.74</ele>
   </trkpt>
   <trkpt lat="51.9722" lon="4.50921">
    <ele>-5.72</ele>
   </trkpt>
   <trkpt lat="51.972080000000005" lon="4.50868">
    <ele>-5.74</ele>
   </trkpt>
   <trkpt lat="51.972030000000004" lon="4.508360000000001">
    <ele>-5.72</ele>
   </trkpt>
   <trkpt lat="51.972010000000004" lon="4.50804">
    <ele>-5.64</ele>
   </trkpt>
   <trkpt lat="51.97191" lon="4.50806">
    <ele>-5.3</ele>
   </trkpt>
   <trkpt lat="51.971900000000005" lon="4.50752">
    <ele>-5.0200000000000005</ele>
   </trkpt>
   <trkpt lat="51.971990000000005" lon="4.50637">
    <ele>-4.96</ele>
   </trkpt>
   <trkpt lat="51.97211000000001" lon="4.505190000000001">
    <ele>-5.15</ele>
   </trkpt>
   <trkpt lat="51.972120000000004" lon="4.50438">
    <ele>-5.0200000000000005</ele>
   </trkpt>
   <trkpt lat="51.971990000000005" lon="4.50321">
    <ele>-5.29</ele>
   </trkpt>
   <trkpt lat="51.971920000000004" lon="4.50236">
    <ele>-5.19</ele>
   </trkpt>
   <trkpt lat="51.97180000310138" lon="4.501499997477367">
    <ele>-5.36</ele>
   </trkpt>
   <trkpt lat="51.971680000000006" lon="4.500640000000001">
    <ele>-5.29</ele>
   </trkpt>
   <trkpt lat="51.97164" lon="4.500430000000001">
    <ele>-5.12</ele>
   </trkpt>
   <trkpt lat="51.97158" lon="4.500240000000001">
    <ele>-4.72</ele>
   </trkpt>
   <trkpt lat="51.97144" lon="4.499960000000001">
    <ele>-4.51</ele>
   </trkpt>
   <trkpt lat="51.97129" lon="4.49976">
    <ele>-2.9400000000000004</ele>
   </trkpt>
   <trkpt lat="51.971320000000006" lon="4.49957">
    <ele>-3.0</ele>
   </trkpt>
   <trkpt lat="51.971070000000005" lon="4.49882">
    <ele>-3.4000000000000004</ele>
   </trkpt>
   <trkpt lat="51.971030000000006" lon="4.49849">
    <ele>-3.7</ele>
   </trkpt>
   <trkpt lat="51.97068" lon="4.4979000000000005">
    <ele>-4.62</ele>
   </trkpt>
   <trkpt lat="51.970600000000005" lon="4.49769">
    <ele>-4.890000000000001</ele>
   </trkpt>
   <trkpt lat="51.970580000000005" lon="4.49749">
    <ele>-4.87</ele>
   </trkpt>
   <trkpt lat="51.97064" lon="4.497240000000001">
    <ele>-4.79</ele>
   </trkpt>
   <trkpt lat="51.970890000000004" lon="4.496700000000001">
    <ele>-3.6600000000000006</ele>
   </trkpt>
   <trkpt lat="51.97095" lon="4.4965">
    <ele>-3.6600000000000006</ele>
   </trkpt>
   <trkpt lat="51.970980000000004" lon="4.49627">
    <ele>-2.65</ele>
   </trkpt>
   <trkpt lat="51.971000000000004" lon="4.49587">
    <ele>-2.14</ele>
   </trkpt>
   <trkpt lat="51.970310000000005" lon="4.49573">
    <ele>-2.0300000000000002</ele>
   </trkpt>
   <trkpt lat="51.969834999967254" lon="4.495659999250145">
    <ele>-2.0300000000000002</ele>
   </trkpt>
   <trkpt lat="51.96936" lon="4.49559">
    <ele>-1.99</ele>
   </trkpt>
   <trkpt lat="51.96918" lon="4.49563">
    <ele>-2.0100000000000002</ele>
   </trkpt>
   <trkpt lat="51.96904000000001" lon="4.49559">
    <ele>-1.99</ele>
   </trkpt>
   <trkpt lat="51.96822999990479" lon="4.495559999454111">
    <ele>-1.99</ele>
   </trkpt>
   <trkpt lat="51.967420000000004" lon="4.4955300000000005">
    <ele>-1.75</ele>
   </trkpt>
   <trkpt lat="51.96743000000001" lon="4.4951300000000005">
    <ele>-2.82</ele>
   </trkpt>
   <trkpt lat="51.96748" lon="4.494870000000001">
    <ele>-3.89</ele>
   </trkpt>
   <trkpt lat="51.96795500402137" lon="4.49391000993545">
    <ele>-5.36</ele>
   </trkpt>
   <trkpt lat="51.968430000000005" lon="4.49295">
    <ele>-5.65</ele>
   </trkpt>
   <trkpt lat="51.968855002945354" lon="4.492120007816737">
    <ele>-5.64</ele>
   </trkpt>
   <trkpt lat="51.969280000000005" lon="4.49129">
    <ele>-5.29</ele>
   </trkpt>
   <trkpt lat="51.96982751502422" lon="4.490202539860852">
    <ele>-5.44</ele>
   </trkpt>
   <trkpt lat="51.970375020032265" lon="4.489115053148929">
    <ele>-5.670000000000001</ele>
   </trkpt>
   <trkpt lat="51.970922515023645" lon="4.488027539863544">
    <ele>-5.36</ele>
   </trkpt>
   <trkpt lat="51.971470000000004" lon="4.486940000000001">
    <ele>-5.670000000000001</ele>
   </trkpt>
   <trkpt lat="51.971790000000006" lon="4.486210000000001">
    <ele>-5.04</ele>
   </trkpt>
   <trkpt lat="51.97218" lon="4.485410000000001">
    <ele>-7.04</ele>
   </trkpt>
   <trkpt lat="51.972240000000006" lon="4.48533">
    <ele>-7.04</ele>
   </trkpt>
   <trkpt lat="51.9722" lon="4.485110000000001">
    <ele>-6.99</ele>
   </trkpt>
   <trkpt lat="51.97254000184488" lon="4.484445005100341">
    <ele>-6.21</ele>
   </trkpt>
   <trkpt lat="51.97288" lon="4.48378">
    <ele>-5.64</ele>
   </trkpt>
   <trkpt lat="51.972910000000006" lon="4.483630000000001">
    <ele>-5.64</ele>
   </trkpt>
   <trkpt lat="51.97258000000001" lon="4.4827200000000005">
    <ele>-6.1000000000000005</ele>
   </trkpt>
   <trkpt lat="51.97298000000001" lon="4.48226">
    <ele>-6.51</ele>
   </trkpt>
   <trkpt lat="51.97308" lon="4.48221">
    <ele>-6.42</ele>
   </trkpt>
   <trkpt lat="51.97314" lon="4.482530000000001">
    <ele>-6.12</ele>
   </trkpt>
   <trkpt lat="51.97323" lon="4.48285">
    <ele>-6.04</ele>
   </trkpt>
   <trkpt lat="51.973400000000005" lon="4.48308">
    <ele>2.69</ele>
   </trkpt>
   <trkpt lat="51.97379333890144" lon="4.4822666810176015">
    <ele>0.26</ele>
   </trkpt>
   <trkpt lat="51.97418667220037" lon="4.481453347755582">
    <ele>-2.31</ele>
   </trkpt>
   <trkpt lat="51.97458" lon="4.48064">
    <ele>-4.96</ele>
   </trkpt>
   <trkpt lat="51.974650000000004" lon="4.48043">
    <ele>-6.0200000000000005</ele>
   </trkpt>
   <trkpt lat="51.974610000000006" lon="4.480440000000001">
    <ele>-6.1000000000000005</ele>
   </trkpt>
   <trkpt lat="51.97464" lon="4.480580000000001">
    <ele>-5.87</ele>
   </trkpt>
   <trkpt lat="51.974880000000006" lon="4.480090000000001">
    <ele>-5.36</ele>
   </trkpt>
   <trkpt lat="51.97493000000001" lon="4.48013">
    <ele>-5.36</ele>
   </trkpt>
   <trkpt lat="51.97504000000001" lon="4.47979">
    <ele>-5.36</ele>
   </trkpt>
   <trkpt lat="51.97554668854073" lon="4.478773390839583">
    <ele>-5.23</ele>
   </trkpt>
   <trkpt lat="51.97605336832836" lon="4.477756758685312">
    <ele>-5.0600000000000005</ele>
   </trkpt>
   <trkpt lat="51.97656003936254" lon="4.4767401035366445">
    <ele>-5.0600000000000005</ele>
   </trkpt>
   <trkpt lat="51.9770667016429" lon="4.475723425393039">
    <ele>-5.0</ele>
   </trkpt>
   <trkpt lat="51.97757335516911" lon="4.474706724253953">
    <ele>-4.890000000000001</ele>
   </trkpt>
   <trkpt lat="51.978080000000006" lon="4.47369">
    <ele>-4.9799999999999995</ele>
   </trkpt>
   <trkpt lat="51.97857751215025" lon="4.472712532542373">
    <ele>-5.12</ele>
   </trkpt>
   <trkpt lat="51.979075016208654" lon="4.471735043374229">
    <ele>-5.760000000000001</ele>
   </trkpt>
   <trkpt lat="51.97957251217491" lon="4.4707575324950515">
    <ele>-5.04</ele>
   </trkpt>
   <trkpt lat="51.980070000000005" lon="4.46978">
    <ele>-4.66</ele>
   </trkpt>
   <trkpt lat="51.98006" lon="4.4697700000000005">
    <ele>-4.68</ele>
   </trkpt>
   <trkpt lat="51.979566670212165" lon="4.469126652549849">
    <ele>-4.890000000000001</ele>
   </trkpt>
   <trkpt lat="51.97907333691916" lon="4.46848331926931">
    <ele>-5.42</ele>
   </trkpt>
   <trkpt lat="51.97858" lon="4.467840000000001">
    <ele>-5.42</ele>
   </trkpt>
   <trkpt lat="51.978410000000004" lon="4.467510000000001">
    <ele>-5.47</ele>
   </trkpt>
   <trkpt lat="51.97833000000001" lon="4.467230000000001">
    <ele>-5.46</ele>
   </trkpt>
   <trkpt lat="51.978300000000004" lon="4.46696">
    <ele>-5.46</ele>
   </trkpt>
   <trkpt lat="51.97831000000001" lon="4.46657">
    <ele>-4.96</ele>
   </trkpt>
   <trkpt lat="51.97840000000001" lon="4.46516">
    <ele>-5.4</ele>
   </trkpt>
   <trkpt lat="51.97840000000001" lon="4.46497">
    <ele>-5.4</ele>
   </trkpt>
   <trkpt lat="51.978350000000006" lon="4.46473">
    <ele>-5.4</ele>
   </trkpt>
   <trkpt lat="51.97823" lon="4.4643500000000005">
    <ele>-5.29</ele>
   </trkpt>
   <trkpt lat="51.97815000000001" lon="4.4642100000000005">
    <ele>-5.33</ele>
   </trkpt>
   <trkpt lat="51.977720000805604" lon="4.463754995557657">
    <ele>-5.21</ele>
   </trkpt>
   <trkpt lat="51.97729" lon="4.4633">
    <ele>-4.79</ele>
   </trkpt>
   <trkpt lat="51.977450000000005" lon="4.463010000000001">
    <ele>-5.04</ele>
   </trkpt>
   <trkpt lat="51.97757000000001" lon="4.462230000000001">
    <ele>-4.81</ele>
   </trkpt>
   <trkpt lat="51.977610000000006" lon="4.46218">
    <ele>-4.7</ele>
   </trkpt>
   <trkpt lat="51.97768000000001" lon="4.46217">
    <ele>-4.7</ele>
   </trkpt>
   <trkpt lat="51.97813000000001" lon="4.46145">
    <ele>-2.8100000000000005</ele>
   </trkpt>
   <trkpt lat="51.978010000000005" lon="4.46122">
    <ele>-2.8100000000000005</ele>
   </trkpt>
   <trkpt lat="51.97787" lon="4.461060000000001">
    <ele>-2.8100000000000005</ele>
   </trkpt>
   <trkpt lat="51.97786000000001" lon="4.460940000000001">
    <ele>-2.56</ele>
   </trkpt>
   <trkpt lat="51.9776" lon="4.4605500000000005">
    <ele>-2.56</ele>
   </trkpt>
   <trkpt lat="51.97766000000001" lon="4.4603600000000005">
    <ele>-2.2600000000000002</ele>
   </trkpt>
   <trkpt lat="51.97755" lon="4.46014">
    <ele>-2.19</ele>
   </trkpt>
   <trkpt lat="51.977380000000004" lon="4.46004">
    <ele>-2.4200000000000004</ele>
   </trkpt>
   <trkpt lat="51.977045001493515" lon="4.459449995622558">
    <ele>-2.48</ele>
   </trkpt>
   <trkpt lat="51.976710000000004" lon="4.4588600000000005">
    <ele>-2.19</ele>
   </trkpt>
   <trkpt lat="51.976580000000006" lon="4.458760000000001">
    <ele>-2.19</ele>
   </trkpt>
   <trkpt lat="51.976580000000006" lon="4.458600000000001">
    <ele>-2.35</ele>
   </trkpt>
   <trkpt lat="51.9765" lon="4.45849">
    <ele>-2.5</ele>
   </trkpt>
   <trkpt lat="51.97611000220194" lon="4.457759993543157">
    <ele>-3.16</ele>
   </trkpt>
   <trkpt lat="51.97572" lon="4.4570300000000005">
    <ele>-3.1500000000000004</ele>
   </trkpt>
   <trkpt lat="51.97520835118862" lon="4.456111614228091">
    <ele>-2.87</ele>
   </trkpt>
   <trkpt lat="51.97469669523415" lon="4.455193249431349">
    <ele>-2.6300000000000003</ele>
   </trkpt>
   <trkpt lat="51.97418503213691" lon="4.454274905609201">
    <ele>-2.65</ele>
   </trkpt>
   <trkpt lat="51.973673361897184" lon="4.453356582761074">
    <ele>-2.9000000000000004</ele>
   </trkpt>
   <trkpt lat="51.97316168451525" lon="4.452438280886398">
    <ele>-3.06</ele>
   </trkpt>
   <trkpt lat="51.97265" lon="4.45152">
    <ele>-2.45</ele>
   </trkpt>
   <trkpt lat="51.97258000000001" lon="4.45132">
    <ele>-2.48</ele>
   </trkpt>
   <trkpt lat="51.972440000000006" lon="4.45068">
    <ele>-2.65</ele>
   </trkpt>
   <trkpt lat="51.972370000000005" lon="4.45031">
    <ele>-2.68</ele>
   </trkpt>
   <trkpt lat="51.97219602706075" lon="4.449045980347328">
    <ele>-2.68</ele>
   </trkpt>
   <trkpt lat="51.972022040589515" lon="4.447781970510189">
    <ele>-2.5300000000000002</ele>
   </trkpt>
   <trkpt lat="51.97184804058652" lon="4.446517970489209">
    <ele>-2.6300000000000003</ele>
   </trkpt>
   <trkpt lat="51.97167402705196" lon="4.445253980285014">
    <ele>-2.65</ele>
   </trkpt>
   <trkpt lat="51.971500000000006" lon="4.44399">
    <ele>-2.5</ele>
   </trkpt>
   <trkpt lat="51.97138500376227" lon="4.443044997414755">
    <ele>-2.5300000000000002</ele>
   </trkpt>
   <trkpt lat="51.971270000000004" lon="4.4421">
    <ele>-2.52</ele>
   </trkpt>
   <trkpt lat="51.9711350041374" lon="4.441114997241995">
    <ele>-2.6300000000000003</ele>
   </trkpt>
   <trkpt lat="51.971000000000004" lon="4.440130000000001">
    <ele>-2.65</ele>
   </trkpt>
   <trkpt lat="51.97084001120218" lon="4.4389799917960255">
    <ele>-2.82</ele>
   </trkpt>
   <trkpt lat="51.970680011203264" lon="4.437829991803999">
    <ele>-2.67</ele>
   </trkpt>
   <trkpt lat="51.97052000000001" lon="4.43668">
    <ele>-2.4600000000000004</ele>
   </trkpt>
   <trkpt lat="51.970420000000004" lon="4.43616">
    <ele>-2.4600000000000004</ele>
   </trkpt>
   <trkpt lat="51.97106500319209" lon="4.4352950124190915">
    <ele>-2.8000000000000003</ele>
   </trkpt>
   <trkpt lat="51.97171" lon="4.434430000000001">
    <ele>-2.52</ele>
   </trkpt>
   <trkpt lat="51.97193000000001" lon="4.434130000000001">
    <ele>-2.65</ele>
   </trkpt>
   <trkpt lat="51.97195000000001" lon="4.434030000000001">
    <ele>-2.65</ele>
   </trkpt>
   <trkpt lat="51.972030000000004" lon="4.43402">
    <ele>-2.65</ele>
   </trkpt>
   <trkpt lat="51.972120000000004" lon="4.433940000000001">
    <ele>-2.56</ele>
   </trkpt>
   <trkpt lat="51.97241" lon="4.43355">
    <ele>-2.43</ele>
   </trkpt>
   <trkpt lat="51.97286500169877" lon="4.432925006285252">
    <ele>-2.31</ele>
   </trkpt>
   <trkpt lat="51.97332" lon="4.432300000000001">
    <ele>-2.35</ele>
   </trkpt>
   <trkpt lat="51.973720001253255" lon="4.431740005103885">
    <ele>-2.36</ele>
   </trkpt>
   <trkpt lat="51.974120000000006" lon="4.43118">
    <ele>-2.41</ele>
   </trkpt>
   <trkpt lat="51.97469667146369" lon="4.430426686070578">
    <ele>-2.48</ele>
   </trkpt>
   <trkpt lat="51.97527333812108" lon="4.429673352749697">
    <ele>-2.48</ele>
   </trkpt>
   <trkpt lat="51.97585" lon="4.428920000000001">
    <ele>-2.48</ele>
   </trkpt>
   <trkpt lat="51.975950000000005" lon="4.428780000000001">
    <ele>-2.2900000000000005</ele>
   </trkpt>
   <trkpt lat="51.976150000000004" lon="4.42835">
    <ele>-1.93</ele>
   </trkpt>
   <trkpt lat="51.97672000000001" lon="4.427770000000001">
    <ele>-0.58</ele>
   </trkpt>
   <trkpt lat="51.976710000000004" lon="4.42776">
    <ele>-0.58</ele>
   </trkpt>
   <trkpt lat="51.976670000000006" lon="4.42766">
    <ele>-0.58</ele>
   </trkpt>
   <trkpt lat="51.976560000000006" lon="4.427580000000001">
    <ele>-1.06</ele>
   </trkpt>
   <trkpt lat="51.97626" lon="4.42726">
    <ele>-1.33</ele>
   </trkpt>
   <trkpt lat="51.97605" lon="4.42689">
    <ele>-1.33</ele>
   </trkpt>
   <trkpt lat="51.975840000000005" lon="4.4264">
    <ele>-1.17</ele>
   </trkpt>
   <trkpt lat="51.97560000000001" lon="4.42562">
    <ele>-0.92</ele>
   </trkpt>
   <trkpt lat="51.975390000000004" lon="4.42525">
    <ele>-0.79</ele>
   </trkpt>
   <trkpt lat="51.97505" lon="4.4245">
    <ele>-0.75</ele>
   </trkpt>
   <trkpt lat="51.97489" lon="4.42396">
    <ele>-0.5</ele>
   </trkpt>
   <trkpt lat="51.9748" lon="4.42373">
    <ele>-0.5</ele>
   </trkpt>
   <trkpt lat="51.974590000000006" lon="4.42337">
    <ele>-0.62</ele>
   </trkpt>
   <trkpt lat="51.97417" lon="4.42238">
    <ele>-0.71</ele>
   </trkpt>
   <trkpt lat="51.973980000000005" lon="4.42182">
    <ele>-0.75</ele>
   </trkpt>
   <trkpt lat="51.97379" lon="4.42136">
    <ele>-0.7200000000000001</ele>
   </trkpt>
   <trkpt lat="51.973580000000005" lon="4.4209700000000005">
    <ele>-0.64</ele>
   </trkpt>
   <trkpt lat="51.97341" lon="4.42046">
    <ele>-0.62</ele>
   </trkpt>
   <trkpt lat="51.97327000000001" lon="4.420120000000001">
    <ele>-0.63</ele>
   </trkpt>
   <trkpt lat="51.97292000424649" lon="4.419119992222518">
    <ele>-0.5</ele>
   </trkpt>
   <trkpt lat="51.972570000000005" lon="4.41812">
    <ele>-0.62</ele>
   </trkpt>
   <trkpt lat="51.97211000000001" lon="4.41697">
    <ele>-0.5</ele>
   </trkpt>
   <trkpt lat="51.97191" lon="4.41641">
    <ele>-0.54</ele>
   </trkpt>
   <trkpt lat="51.971410000000006" lon="4.41533">
    <ele>-0.36000000000000004</ele>
   </trkpt>
   <trkpt lat="51.97107000307873" lon="4.414469993339948">
    <ele>-0.46</ele>
   </trkpt>
   <trkpt lat="51.97073" lon="4.41361">
    <ele>-0.42</ele>
   </trkpt>
   <trkpt lat="51.970290000000006" lon="4.41265">
    <ele>-0.4</ele>
   </trkpt>
   <trkpt lat="51.97002500187924" lon="4.4119799959828985">
    <ele>-0.38</ele>
   </trkpt>
   <trkpt lat="51.96976" lon="4.41131">
    <ele>-0.64</ele>
   </trkpt>
   <trkpt lat="51.96931500488375" lon="4.4102399894597">
    <ele>-0.92</ele>
   </trkpt>
   <trkpt lat="51.96887" lon="4.4091700000000005">
    <ele>-0.2</ele>
   </trkpt>
   <trkpt lat="51.968790000000006" lon="4.40902">
    <ele>-0.58</ele>
   </trkpt>
   <trkpt lat="51.96839000000001" lon="4.40812">
    <ele>-1.24</ele>
   </trkpt>
   <trkpt lat="51.96829" lon="4.4078">
    <ele>-1.24</ele>
   </trkpt>
   <trkpt lat="51.96801000000001" lon="4.40719">
    <ele>-1.51</ele>
   </trkpt>
   <trkpt lat="51.967705002184395" lon="4.406474995179534">
    <ele>-1.84</ele>
   </trkpt>
   <trkpt lat="51.967400000000005" lon="4.405760000000001">
    <ele>-1.67</ele>
   </trkpt>
   <trkpt lat="51.967240000000004" lon="4.405340000000001">
    <ele>-1.62</ele>
   </trkpt>
   <trkpt lat="51.967090000000006" lon="4.40455">
    <ele>-1.58</ele>
   </trkpt>
   <trkpt lat="51.966800000000006" lon="4.40388">
    <ele>-0.8500000000000001</ele>
   </trkpt>
   <trkpt lat="51.966800000000006" lon="4.4038200000000005">
    <ele>-0.9700000000000001</ele>
   </trkpt>
   <trkpt lat="51.966840000000005" lon="4.40374">
    <ele>-1.34</ele>
   </trkpt>
   <trkpt lat="51.96697" lon="4.403630000000001">
    <ele>-1.78</ele>
   </trkpt>
   <trkpt lat="51.96672" lon="4.4029300000000005">
    <ele>-1.76</ele>
   </trkpt>
   <trkpt lat="51.96672" lon="4.402810000000001">
    <ele>-1.78</ele>
   </trkpt>
   <trkpt lat="51.966750000000005" lon="4.402760000000001">
    <ele>-1.78</ele>
   </trkpt>
   <trkpt lat="51.96712" lon="4.40245">
    <ele>-2.35</ele>
   </trkpt>
   <trkpt lat="51.966730000000005" lon="4.40143">
    <ele>-3.3200000000000003</ele>
   </trkpt>
   <trkpt lat="51.96623251867244" lon="4.400217459608655">
    <ele>-3.16</ele>
   </trkpt>
   <trkpt lat="51.965735024892254" lon="4.399004946135362">
    <ele>-2.9800000000000004</ele>
   </trkpt>
   <trkpt lat="51.965237518659904" lon="4.397792459579716">
    <ele>-3.06</ele>
   </trkpt>
   <trkpt lat="51.964740000000006" lon="4.39658">
    <ele>-3.19</ele>
   </trkpt>
   <trkpt lat="51.96445000000001" lon="4.39599">
    <ele>-2.73</ele>
   </trkpt>
   <trkpt lat="51.96432" lon="4.39567">
    <ele>-2.66</ele>
   </trkpt>
   <trkpt lat="51.96445000000001" lon="4.39559">
    <ele>-2.8000000000000003</ele>
   </trkpt>
   <trkpt lat="51.96457" lon="4.39548">
    <ele>-2.67</ele>
   </trkpt>
   <trkpt lat="51.964670000000005" lon="4.395300000000001">
    <ele>-2.34</ele>
   </trkpt>
   <trkpt lat="51.964710000000004" lon="4.39512">
    <ele>-2.34</ele>
   </trkpt>
   <trkpt lat="51.96468" lon="4.39489">
    <ele>-2.34</ele>
   </trkpt>
   <trkpt lat="51.96432500321967" lon="4.394019993144131">
    <ele>0.4900000000000001</ele>
   </trkpt>
   <trkpt lat="51.96397" lon="4.39315">
    <ele>2.5100000000000002</ele>
   </trkpt>
   <trkpt lat="51.96374" lon="4.39236">
    <ele>2.9899999999999998</ele>
   </trkpt>
   <trkpt lat="51.96378000000001" lon="4.39226">
    <ele>2.83</ele>
   </trkpt>
   <trkpt lat="51.964220000360235" lon="4.391960002959249">
    <ele>0.62</ele>
   </trkpt>
   <trkpt lat="51.96466" lon="4.391660000000001">
    <ele>0.33000000000000007</ele>
   </trkpt>
   <trkpt lat="51.964690000000004" lon="4.39158">
    <ele>0.33000000000000007</ele>
   </trkpt>
   <trkpt lat="51.96466" lon="4.391450000000001">
    <ele>0.15000000000000002</ele>
   </trkpt>
   <trkpt lat="51.96441" lon="4.3916">
    <ele>0.030000000000000002</ele>
   </trkpt>
   <trkpt lat="51.963950000000004" lon="4.39193">
    <ele>-0.16</ele>
   </trkpt>
   <trkpt lat="51.963820000000005" lon="4.391970000000001">
    <ele>-0.08</ele>
   </trkpt>
   <trkpt lat="51.96360000000001" lon="4.39214">
    <ele>-0.09000000000000001</ele>
   </trkpt>
   <trkpt lat="51.963390000000004" lon="4.3923700000000006">
    <ele>-0.25</ele>
   </trkpt>
   <trkpt lat="51.963060000000006" lon="4.392600000000001">
    <ele>-0.19</ele>
   </trkpt>
   <trkpt lat="51.962300000000006" lon="4.39311">
    <ele>-0.31</ele>
   </trkpt>
   <trkpt lat="51.961960000000005" lon="4.3933800000000005">
    <ele>-0.5</ele>
   </trkpt>
   <trkpt lat="51.961240000000004" lon="4.39409">
    <ele>-0.23</ele>
   </trkpt>
   <trkpt lat="51.96108" lon="4.39421">
    <ele>-0.19</ele>
   </trkpt>
   <trkpt lat="51.96097" lon="4.394270000000001">
    <ele>-0.18000000000000002</ele>
   </trkpt>
   <trkpt lat="51.96052" lon="4.3944600000000005">
    <ele>-0.44</ele>
   </trkpt>
   <trkpt lat="51.960070000482695" lon="4.394760002943778">
    <ele>-0.54</ele>
   </trkpt>
   <trkpt lat="51.95962" lon="4.39506">
    <ele>-0.29</ele>
   </trkpt>
   <trkpt lat="51.95949" lon="4.395180000000001">
    <ele>-0.27</ele>
   </trkpt>
   <trkpt lat="51.95918" lon="4.395560000000001">
    <ele>-0.16</ele>
   </trkpt>
   <trkpt lat="51.95897" lon="4.39578">
    <ele>-0.2</ele>
   </trkpt>
   <trkpt lat="51.95875" lon="4.39597">
    <ele>-0.38</ele>
   </trkpt>
   <trkpt lat="51.95835" lon="4.396450000000001">
    <ele>-0.75</ele>
   </trkpt>
   <trkpt lat="51.95806000228806" lon="4.39571499524573">
    <ele>-2.72</ele>
   </trkpt>
   <trkpt lat="51.957770000000004" lon="4.39498">
    <ele>-2.8800000000000003</ele>
   </trkpt>
   <trkpt lat="51.9573812880253" lon="4.3938474312623566">
    <ele>-3.52</ele>
   </trkpt>
   <trkpt lat="51.95699256518552" lon="4.3927148821640385">
    <ele>-3.36</ele>
   </trkpt>
   <trkpt lat="51.95660383148096" lon="4.391582352704981">
    <ele>-3.4800000000000004</ele>
   </trkpt>
   <trkpt lat="51.95621508691198" lon="4.390449842885117">
    <ele>-3.16</ele>
   </trkpt>
   <trkpt lat="51.95582633147893" lon="4.38931735270438">
    <ele>-2.9899999999999998</ele>
   </trkpt>
   <trkpt lat="51.95543756518214" lon="4.388184882162704">
    <ele>-3.16</ele>
   </trkpt>
   <trkpt lat="51.955048788021976" lon="4.387052431260023">
    <ele>-3.0</ele>
   </trkpt>
   <trkpt lat="51.954660000000004" lon="4.3859200000000005">
    <ele>-3.33</ele>
   </trkpt>
   <trkpt lat="51.954455004816786" lon="4.384849994939268">
    <ele>-3.33</ele>
   </trkpt>
   <trkpt lat="51.95425" lon="4.383780000000001">
    <ele>-3.21</ele>
   </trkpt>
   <trkpt lat="51.95420000000001" lon="4.38288">
    <ele>-2.9899999999999998</ele>
   </trkpt>
   <trkpt lat="51.95416" lon="4.38267">
    <ele>-2.9899999999999998</ele>
   </trkpt>
   <trkpt lat="51.953825003466314" lon="4.381759993089742">
    <ele>-2.9899999999999998</ele>
   </trkpt>
   <trkpt lat="51.95349" lon="4.380850000000001">
    <ele>-2.47</ele>
   </trkpt>
   <trkpt lat="51.95317000000001" lon="4.381130000000001">
    <ele>-2.25</ele>
   </trkpt>
   <trkpt lat="51.952870000000004" lon="4.381460000000001">
    <ele>-2.4600000000000004</ele>
   </trkpt>
   <trkpt lat="51.95232000000001" lon="4.3822600000000005">
    <ele>-2.15</ele>
   </trkpt>
   <trkpt lat="51.951690000000006" lon="4.38309">
    <ele>-2.14</ele>
   </trkpt>
   <trkpt lat="51.951010000000004" lon="4.3837600000000005">
    <ele>-2.2600000000000002</ele>
   </trkpt>
   <trkpt lat="51.95073000000001" lon="4.384130000000001">
    <ele>-2.2600000000000002</ele>
   </trkpt>
   <trkpt lat="51.95064000000001" lon="4.38422">
    <ele>-2.2600000000000002</ele>
   </trkpt>
   <trkpt lat="51.950100000000006" lon="4.38457">
    <ele>-2.9899999999999998</ele>
   </trkpt>
   <trkpt lat="51.94953500110712" lon="4.385080006420447">
    <ele>-2.9899999999999998</ele>
   </trkpt>
   <trkpt lat="51.94897" lon="4.3855900000000005">
    <ele>-2.82</ele>
   </trkpt>
   <trkpt lat="51.94868" lon="4.3859200000000005">
    <ele>-2.66</ele>
   </trkpt>
   <trkpt lat="51.94838000000001" lon="4.3852400000000005">
    <ele>-1.75</ele>
   </trkpt>
   <trkpt lat="51.94820000000001" lon="4.384790000000001">
    <ele>-1.35</ele>
   </trkpt>
   <trkpt lat="51.94820000000001" lon="4.38476">
    <ele>-1.35</ele>
   </trkpt>
   <trkpt lat="51.94820000000001" lon="4.384790000000001">
    <ele>-1.34</ele>
   </trkpt>
   <trkpt lat="51.94821" lon="4.38469">
    <ele>-1.34</ele>
   </trkpt>
   <trkpt lat="51.948310000000006" lon="4.38455">
    <ele>-1.6</ele>
   </trkpt>
   <trkpt lat="51.94838000000001" lon="4.384390000000001">
    <ele>-1.67</ele>
   </trkpt>
   <trkpt lat="51.948460000000004" lon="4.38367">
    <ele>-1.67</ele>
   </trkpt>
   <trkpt lat="51.948660000000004" lon="4.38288">
    <ele>-1.84</ele>
   </trkpt>
   <trkpt lat="51.94865000244714" lon="4.38211999987977">
    <ele>-1.9500000000000002</ele>
   </trkpt>
   <trkpt lat="51.948640000000005" lon="4.38136">
    <ele>-1.76</ele>
   </trkpt>
   <trkpt lat="51.948660000000004" lon="4.3811800000000005">
    <ele>-1.75</ele>
   </trkpt>
   <trkpt lat="51.94881" lon="4.380780000000001">
    <ele>-1.97</ele>
   </trkpt>
   <trkpt lat="51.948800000000006" lon="4.38058">
    <ele>-1.97</ele>
   </trkpt>
   <trkpt lat="51.94866000239102" lon="4.379829997704185">
    <ele>-2.14</ele>
   </trkpt>
   <trkpt lat="51.94852" lon="4.37908">
    <ele>-2.41</ele>
   </trkpt>
   <trkpt lat="51.948750000000004" lon="4.37893">
    <ele>-1.28</ele>
   </trkpt>
   <trkpt lat="51.948370000000004" lon="4.378080000000001">
    <ele>-1.28</ele>
   </trkpt>
   <trkpt lat="51.94832" lon="4.377940000000001">
    <ele>-1.17</ele>
   </trkpt>
   <trkpt lat="51.94812002009293" lon="4.376682483172879">
    <ele>-1.33</ele>
   </trkpt>
   <trkpt lat="51.94792002679001" lon="4.375424977560774">
    <ele>-1.41</ele>
   </trkpt>
   <trkpt lat="51.94772002009145" lon="4.374167483164257">
    <ele>-1.93</ele>
   </trkpt>
   <trkpt lat="51.947520000000004" lon="4.37291">
    <ele>-2.73</ele>
   </trkpt>
   <trkpt lat="51.94749" lon="4.3726400000000005">
    <ele>-2.82</ele>
   </trkpt>
   <trkpt lat="51.947520000000004" lon="4.372610000000001">
    <ele>-2.82</ele>
   </trkpt>
   <trkpt lat="51.947680000000005" lon="4.37253">
    <ele>-2.83</ele>
   </trkpt>
   <trkpt lat="51.947720000000004" lon="4.372470000000001">
    <ele>-2.83</ele>
   </trkpt>
   <trkpt lat="51.947750000000006" lon="4.372400000000001">
    <ele>-2.83</ele>
   </trkpt>
   <trkpt lat="51.947770000000006" lon="4.3723">
    <ele>-2.83</ele>
   </trkpt>
   <trkpt lat="51.94776" lon="4.3722">
    <ele>-2.9899999999999998</ele>
   </trkpt>
   <trkpt lat="51.94746003230146" lon="4.370964958692949">
    <ele>-2.85</ele>
   </trkpt>
   <trkpt lat="51.947160051681585" lon="4.369729933907008">
    <ele>-2.9899999999999998</ele>
   </trkpt>
   <trkpt lat="51.946860058140715" lon="4.3684949256424925">
    <ele>-2.48</ele>
   </trkpt>
   <trkpt lat="51.946560051679185" lon="4.367259933899714">
    <ele>-2.8100000000000005</ele>
   </trkpt>
   <trkpt lat="51.946260032297275" lon="4.366024958678983">
    <ele>-2.82</ele>
   </trkpt>
   <trkpt lat="51.94596000000001" lon="4.36479">
    <ele>-2.58</ele>
   </trkpt>
   <trkpt lat="51.94581" lon="4.36399">
    <ele>-2.14</ele>
   </trkpt>
   <trkpt lat="51.94633500058648" lon="4.36365500385042">
    <ele>-1.24</ele>
   </trkpt>
   <trkpt lat="51.94686" lon="4.363320000000001">
    <ele>-1.16</ele>
   </trkpt>
   <trkpt lat="51.947440000644555" lon="4.362915005272626">
    <ele>-1.5</ele>
   </trkpt>
   <trkpt lat="51.94802000000001" lon="4.36251">
    <ele>-1.67</ele>
   </trkpt>
   <trkpt lat="51.94803" lon="4.36238">
    <ele>-1.87</ele>
   </trkpt>
   <trkpt lat="51.9478200021757" lon="4.361649996298619">
    <ele>-2.08</ele>
   </trkpt>
   <trkpt lat="51.947610000000005" lon="4.36092">
    <ele>-1.58</ele>
   </trkpt>
   <trkpt lat="51.94758" lon="4.36066">
    <ele>-1.33</ele>
   </trkpt>
   <trkpt lat="51.94762000000001" lon="4.3597">
    <ele>-1.62</ele>
   </trkpt>
   <trkpt lat="51.94765" lon="4.35954">
    <ele>-1.84</ele>
   </trkpt>
   <trkpt lat="51.94773000000001" lon="4.35947">
    <ele>-2.48</ele>
   </trkpt>
   <trkpt lat="51.94793000000001" lon="4.359360000000001">
    <ele>-2.8800000000000003</ele>
   </trkpt>
   <trkpt lat="51.948420000000006" lon="4.359030000000001">
    <ele>-2.9899999999999998</ele>
   </trkpt>
   <trkpt lat="51.94827" lon="4.35839">
    <ele>-2.91</ele>
   </trkpt>
   <trkpt lat="51.94809000000001" lon="4.35778">
    <ele>-2.97</ele>
   </trkpt>
   <trkpt lat="51.94794" lon="4.357220000000001">
    <ele>-2.9899999999999998</ele>
   </trkpt>
   <trkpt lat="51.947750000000006" lon="4.35658">
    <ele>-2.82</ele>
   </trkpt>
   <trkpt lat="51.947500003452966" lon="4.355684995226233">
    <ele>-2.34</ele>
   </trkpt>
   <trkpt lat="51.947250000000004" lon="4.35479">
    <ele>-2.3000000000000003</ele>
   </trkpt>
   <trkpt lat="51.947190000000006" lon="4.35451">
    <ele>-2.45</ele>
   </trkpt>
   <trkpt lat="51.94715000000001" lon="4.354170000000001">
    <ele>-2.48</ele>
   </trkpt>
   <trkpt lat="51.94704" lon="4.353490000000001">
    <ele>-2.4899999999999998</ele>
   </trkpt>
   <trkpt lat="51.94698" lon="4.3529">
    <ele>-2.65</ele>
   </trkpt>
   <trkpt lat="51.946920000000006" lon="4.3525100000000005">
    <ele>-2.48</ele>
   </trkpt>
   <trkpt lat="51.946850000000005" lon="4.351360000000001">
    <ele>-3.1300000000000003</ele>
   </trkpt>
   <trkpt lat="51.94682" lon="4.351190000000001">
    <ele>-3.1500000000000004</ele>
   </trkpt>
   <trkpt lat="51.946760000000005" lon="4.35104">
    <ele>-3.1500000000000004</ele>
   </trkpt>
   <trkpt lat="51.946290000000005" lon="4.350370000000001">
    <ele>-2.83</ele>
   </trkpt>
   <trkpt lat="51.945890000000006" lon="4.349830000000001">
    <ele>-2.9600000000000004</ele>
   </trkpt>
   <trkpt lat="51.94558000000001" lon="4.34914">
    <ele>-2.9899999999999998</ele>
   </trkpt>
   <trkpt lat="51.94548" lon="4.34903">
    <ele>-3.1300000000000003</ele>
   </trkpt>
   <trkpt lat="51.94532" lon="4.34896">
    <ele>-3.1300000000000003</ele>
   </trkpt>
   <trkpt lat="51.944860000000006" lon="4.348870000000001">
    <ele>-2.97</ele>
   </trkpt>
   <trkpt lat="51.94464000000001" lon="4.34879">
    <ele>-2.97</ele>
   </trkpt>
   <trkpt lat="51.944370000000006" lon="4.348610000000001">
    <ele>-2.9899999999999998</ele>
   </trkpt>
   <trkpt lat="51.944030000000005" lon="4.34834">
    <ele>-3.0500000000000003</ele>
   </trkpt>
   <trkpt lat="51.94339" lon="4.34785">
    <ele>-3.35</ele>
   </trkpt>
   <trkpt lat="51.943070000000006" lon="4.34767">
    <ele>-3.33</ele>
   </trkpt>
   <trkpt lat="51.942840000000004" lon="4.34747">
    <ele>-3.34</ele>
   </trkpt>
   <trkpt lat="51.942550000000004" lon="4.34707">
    <ele>-3.33</ele>
   </trkpt>
   <trkpt lat="51.94249000000001" lon="4.346900000000001">
    <ele>-3.3000000000000003</ele>
   </trkpt>
   <trkpt lat="51.94249000000001" lon="4.34679">
    <ele>-3.3000000000000003</ele>
   </trkpt>
   <trkpt lat="51.94239" lon="4.346710000000001">
    <ele>-3.23</ele>
   </trkpt>
   <trkpt lat="51.942240000000005" lon="4.34647">
    <ele>-3.24</ele>
   </trkpt>
   <trkpt lat="51.94220000000001" lon="4.34633">
    <ele>-3.34</ele>
   </trkpt>
   <trkpt lat="51.94216" lon="4.346">
    <ele>-3.36</ele>
   </trkpt>
   <trkpt lat="51.94205" lon="4.34543">
    <ele>-3.33</ele>
   </trkpt>
   <trkpt lat="51.94181251837494" lon="4.344227480898491">
    <ele>-3.3000000000000003</ele>
   </trkpt>
   <trkpt lat="51.94157502449948" lon="4.343024974529652">
    <ele>-3.06</ele>
   </trkpt>
   <trkpt lat="51.94133751837389" lon="4.341822480893899">
    <ele>-2.83</ele>
   </trkpt>
   <trkpt lat="51.941100000000006" lon="4.34062">
    <ele>-2.68</ele>
   </trkpt>
   <trkpt lat="51.941190000000006" lon="4.34056">
    <ele>-3.33</ele>
   </trkpt>
   <trkpt lat="51.941210000000005" lon="4.34048">
    <ele>-3.33</ele>
   </trkpt>
   <trkpt lat="51.941030000000005" lon="4.33961">
    <ele>-3.67</ele>
   </trkpt>
   <trkpt lat="51.941100000000006" lon="4.33936">
    <ele>-3.5300000000000002</ele>
   </trkpt>
   <trkpt lat="51.94111" lon="4.33924">
    <ele>-3.4800000000000004</ele>
   </trkpt>
   <trkpt lat="51.94108000000001" lon="4.339110000000001">
    <ele>-3.4800000000000004</ele>
   </trkpt>
   <trkpt lat="51.94089" lon="4.3388800000000005">
    <ele>-3.5</ele>
   </trkpt>
   <trkpt lat="51.940810002785696" lon="4.3380649982626425">
    <ele>-3.08</ele>
   </trkpt>
   <trkpt lat="51.94073" lon="4.33725">
    <ele>-2.9000000000000004</ele>
   </trkpt>
   <trkpt lat="51.94073" lon="4.33685">
    <ele>-2.91</ele>
   </trkpt>
   <trkpt lat="51.940780000000004" lon="4.33645">
    <ele>-3.16</ele>
   </trkpt>
   <trkpt lat="51.940760000000004" lon="4.336110000000001">
    <ele>-3.16</ele>
   </trkpt>
   <trkpt lat="51.940580000000004" lon="4.334910000000001">
    <ele>-3.19</ele>
   </trkpt>
   <trkpt lat="51.940540000000006" lon="4.334770000000001">
    <ele>-3.19</ele>
   </trkpt>
   <trkpt lat="51.94046" lon="4.33466">
    <ele>-3.19</ele>
   </trkpt>
   <trkpt lat="51.94001" lon="4.334280000000001">
    <ele>-3.4000000000000004</ele>
   </trkpt>
   <trkpt lat="51.93994000000001" lon="4.3341">
    <ele>-3.41</ele>
   </trkpt>
   <trkpt lat="51.939840000000004" lon="4.333760000000001">
    <ele>-3.36</ele>
   </trkpt>
   <trkpt lat="51.939820000000005" lon="4.33377">
    <ele>-3.36</ele>
   </trkpt>
   <trkpt lat="51.940070000000006" lon="4.33361">
    <ele>-3.5</ele>
   </trkpt>
   <trkpt lat="51.94023000000001" lon="4.3334600000000005">
    <ele>-3.5</ele>
   </trkpt>
   <trkpt lat="51.940430000000006" lon="4.3331800000000005">
    <ele>-3.52</ele>
   </trkpt>
   <trkpt lat="51.94052000000001" lon="4.33295">
    <ele>-3.52</ele>
   </trkpt>
   <trkpt lat="51.94091001131611" lon="4.331793353498425">
    <ele>-3.87</ele>
   </trkpt>
   <trkpt lat="51.94130001129826" lon="4.330636686885102">
    <ele>-3.72</ele>
   </trkpt>
   <trkpt lat="51.94169" lon="4.32948">
    <ele>-2.74</ele>
   </trkpt>
   <trkpt lat="51.942010003999464" lon="4.3285100068773215">
    <ele>-3.5</ele>
   </trkpt>
   <trkpt lat="51.942330000000005" lon="4.32754">
    <ele>-3.5500000000000003</ele>
   </trkpt>
   <trkpt lat="51.942370000000004" lon="4.3273600000000005">
    <ele>-3.5500000000000003</ele>
   </trkpt>
   <trkpt lat="51.94239" lon="4.32709">
    <ele>-3.36</ele>
   </trkpt>
   <trkpt lat="51.94238000000001" lon="4.32692">
    <ele>-3.36</ele>
   </trkpt>
   <trkpt lat="51.94221" lon="4.32606">
    <ele>-3.2</ele>
   </trkpt>
   <trkpt lat="51.94241" lon="4.3254">
    <ele>-3.4800000000000004</ele>
   </trkpt>
   <trkpt lat="51.94243" lon="4.3246400000000005">
    <ele>-3.33</ele>
   </trkpt>
   <trkpt lat="51.942460000000004" lon="4.324520000000001">
    <ele>-3.33</ele>
   </trkpt>
   <trkpt lat="51.942510000000006" lon="4.32448">
    <ele>-3.33</ele>
   </trkpt>
   <trkpt lat="51.943260000848845" lon="4.324050007152065">
    <ele>-3.8100000000000005</ele>
   </trkpt>
   <trkpt lat="51.944010000000006" lon="4.32362">
    <ele>-2.8800000000000003</ele>
   </trkpt>
   <trkpt lat="51.94413" lon="4.323530000000001">
    <ele>-3.06</ele>
   </trkpt>
   <trkpt lat="51.9444" lon="4.323370000000001">
    <ele>-3.21</ele>
   </trkpt>
   <trkpt lat="51.944860000000006" lon="4.322620000000001">
    <ele>-2.5</ele>
   </trkpt>
   <trkpt lat="51.944970000000005" lon="4.3224800000000005">
    <ele>-2.5</ele>
   </trkpt>
   <trkpt lat="51.945190000000004" lon="4.3223400000000005">
    <ele>-2.31</ele>
   </trkpt>
   <trkpt lat="51.945350000000005" lon="4.32218">
    <ele>-2.31</ele>
   </trkpt>
   <trkpt lat="51.94549000000001" lon="4.321960000000001">
    <ele>-2.16</ele>
   </trkpt>
   <trkpt lat="51.94556000000001" lon="4.321890000000001">
    <ele>-1.79</ele>
   </trkpt>
   <trkpt lat="51.94602000037103" lon="4.321630002618715">
    <ele>-1.67</ele>
   </trkpt>
   <trkpt lat="51.94648" lon="4.32137">
    <ele>-1.51</ele>
   </trkpt>
   <trkpt lat="51.94704" lon="4.32115">
    <ele>-1.18</ele>
   </trkpt>
   <trkpt lat="51.94713" lon="4.32104">
    <ele>-0.9700000000000001</ele>
   </trkpt>
   <trkpt lat="51.947500000000005" lon="4.320860000000001">
    <ele>-0.64</ele>
   </trkpt>
   <trkpt lat="51.94769" lon="4.32064">
    <ele>-0.71</ele>
   </trkpt>
   <trkpt lat="51.94794" lon="4.3204400000000005">
    <ele>-0.93</ele>
   </trkpt>
   <trkpt lat="51.948370000000004" lon="4.32022">
    <ele>-1.33</ele>
   </trkpt>
   <trkpt lat="51.948570000000004" lon="4.320270000000001">
    <ele>-1.93</ele>
   </trkpt>
   <trkpt lat="51.94915" lon="4.319920000000001">
    <ele>-2.2600000000000002</ele>
   </trkpt>
   <trkpt lat="51.94935" lon="4.31968">
    <ele>-1.67</ele>
   </trkpt>
   <trkpt lat="51.949720000000006" lon="4.319570000000001">
    <ele>-2.6400000000000006</ele>
   </trkpt>
   <trkpt lat="51.950450000000004" lon="4.31913">
    <ele>-2.87</ele>
   </trkpt>
   <trkpt lat="51.95082000000001" lon="4.318980000000001">
    <ele>-2.73</ele>
   </trkpt>
   <trkpt lat="51.95163" lon="4.318580000000001">
    <ele>-2.9800000000000004</ele>
   </trkpt>
   <trkpt lat="51.952040000000004" lon="4.3183300000000004">
    <ele>-2.1100000000000003</ele>
   </trkpt>
   <trkpt lat="51.95219" lon="4.318090000000001">
    <ele>-1.16</ele>
   </trkpt>
   <trkpt lat="51.95244" lon="4.31791">
    <ele>-0.8500000000000001</ele>
   </trkpt>
   <trkpt lat="51.953100000000006" lon="4.31751">
    <ele>-0.9700000000000001</ele>
   </trkpt>
   <trkpt lat="51.95336" lon="4.31737">
    <ele>-0.7200000000000001</ele>
   </trkpt>
   <trkpt lat="51.953250000000004" lon="4.316820000000001">
    <ele>-2.47</ele>
   </trkpt>
   <trkpt lat="51.95336" lon="4.31737">
    <ele>-0.67</ele>
   </trkpt>
   <trkpt lat="51.953700000000005" lon="4.31723">
    <ele>-0.59</ele>
   </trkpt>
   <trkpt lat="51.9543" lon="4.316890000000001">
    <ele>-0.44</ele>
   </trkpt>
   <trkpt lat="51.954530000000005" lon="4.316890000000001">
    <ele>-0.44</ele>
   </trkpt>
   <trkpt lat="51.95487000000001" lon="4.31674">
    <ele>-0.58</ele>
   </trkpt>
   <trkpt lat="51.955560000000006" lon="4.31635">
    <ele>-0.58</ele>
   </trkpt>
   <trkpt lat="51.955850000000005" lon="4.31616">
    <ele>-0.54</ele>
   </trkpt>
   <trkpt lat="51.956230000000005" lon="4.315860000000001">
    <ele>-0.5</ele>
   </trkpt>
   <trkpt lat="51.95666500040351" lon="4.315540003126978">
    <ele>-0.5</ele>
   </trkpt>
   <trkpt lat="51.957100000000004" lon="4.31522">
    <ele>-0.5</ele>
   </trkpt>
   <trkpt lat="51.9576350003832" lon="4.314945003249314">
    <ele>-0.38</ele>
   </trkpt>
   <trkpt lat="51.95817" lon="4.3146700000000004">
    <ele>-0.54</ele>
   </trkpt>
   <trkpt lat="51.958740000000006" lon="4.3144">
    <ele>-0.71</ele>
   </trkpt>
   <trkpt lat="51.95937000000001" lon="4.3140600000000004">
    <ele>-0.67</ele>
   </trkpt>
   <trkpt lat="51.959740000000004" lon="4.31381">
    <ele>-0.71</ele>
   </trkpt>
   <trkpt lat="51.9602400002211" lon="4.313535003121801">
    <ele>-0.76</ele>
   </trkpt>
   <trkpt lat="51.96074" lon="4.3132600000000005">
    <ele>-0.71</ele>
   </trkpt>
   <trkpt lat="51.960930000000005" lon="4.31313">
    <ele>-0.75</ele>
   </trkpt>
   <trkpt lat="51.96144" lon="4.31271">
    <ele>-0.62</ele>
   </trkpt>
   <trkpt lat="51.961780000000005" lon="4.31273">
    <ele>-0.84</ele>
   </trkpt>
   <trkpt lat="51.961960000000005" lon="4.31271">
    <ele>-0.88</ele>
   </trkpt>
   <trkpt lat="51.96238" lon="4.31261">
    <ele>-0.7200000000000001</ele>
   </trkpt>
   <trkpt lat="51.96284000000001" lon="4.31264">
    <ele>-1.09</ele>
   </trkpt>
   <trkpt lat="51.963150000000006" lon="4.3128">
    <ele>-2.48</ele>
   </trkpt>
   <trkpt lat="51.963240000000006" lon="4.31283">
    <ele>-2.6300000000000003</ele>
   </trkpt>
   <trkpt lat="51.963640000000005" lon="4.3128">
    <ele>-2.97</ele>
   </trkpt>
   <trkpt lat="51.9639" lon="4.31275">
    <ele>-2.82</ele>
   </trkpt>
   <trkpt lat="51.964180000000006" lon="4.31266">
    <ele>-2.56</ele>
   </trkpt>
   <trkpt lat="51.96464" lon="4.31264">
    <ele>-2.56</ele>
   </trkpt>
   <trkpt lat="51.96491" lon="4.3126500000000005">
    <ele>-2.41</ele>
   </trkpt>
   <trkpt lat="51.96551999999295" lon="4.312580000955893">
    <ele>-2.2800000000000002</ele>
   </trkpt>
   <trkpt lat="51.96613000000001" lon="4.3125100000000005">
    <ele>-2.65</ele>
   </trkpt>
   <trkpt lat="51.96642000000001" lon="4.31252">
    <ele>-2.65</ele>
   </trkpt>
   <trkpt lat="51.96678000000001" lon="4.31256">
    <ele>-2.67</ele>
   </trkpt>
   <trkpt lat="51.967310000000005" lon="4.312480000000001">
    <ele>-2.4400000000000004</ele>
   </trkpt>
   <trkpt lat="51.967650000000006" lon="4.312340000000001">
    <ele>-2.14</ele>
   </trkpt>
   <trkpt lat="51.967890000000004" lon="4.312200000000001">
    <ele>-1.43</ele>
   </trkpt>
   <trkpt lat="51.96799000000001" lon="4.31205">
    <ele>-1.07</ele>
   </trkpt>
   <trkpt lat="51.96815" lon="4.311920000000001">
    <ele>-0.92</ele>
   </trkpt>
   <trkpt lat="51.96829" lon="4.311870000000001">
    <ele>-0.92</ele>
   </trkpt>
   <trkpt lat="51.96864000000001" lon="4.31186">
    <ele>-0.88</ele>
   </trkpt>
   <trkpt lat="51.96894" lon="4.3118300000000005">
    <ele>-1.01</ele>
   </trkpt>
   <trkpt lat="51.969010000000004" lon="4.311850000000001">
    <ele>-1.43</ele>
   </trkpt>
   <trkpt lat="51.96954" lon="4.311660000000001">
    <ele>-2.15</ele>
   </trkpt>
   <trkpt lat="51.96958000000001" lon="4.3116900000000005">
    <ele>-2.15</ele>
   </trkpt>
   <trkpt lat="51.969680000000004" lon="4.31236">
    <ele>-2.9899999999999998</ele>
   </trkpt>
   <trkpt lat="51.969710000000006" lon="4.31245">
    <ele>-3.04</ele>
   </trkpt>
   <trkpt lat="51.969750000000005" lon="4.31247">
    <ele>-3.04</ele>
   </trkpt>
   <trkpt lat="51.96979" lon="4.31245">
    <ele>-3.04</ele>
   </trkpt>
   <trkpt lat="51.969995005675" lon="4.313604994860873">
    <ele>-3.6300000000000003</ele>
   </trkpt>
   <trkpt lat="51.970200000000006" lon="4.314760000000001">
    <ele>-3.33</ele>
   </trkpt>
   <trkpt lat="51.97023" lon="4.31486">
    <ele>-3.33</ele>
   </trkpt>
   <trkpt lat="51.970600000000005" lon="4.315440000000001">
    <ele>-3.0700000000000003</ele>
   </trkpt>
   <trkpt lat="51.970870000000005" lon="4.31531">
    <ele>-3.17</ele>
   </trkpt>
   <trkpt lat="51.97126" lon="4.3151600000000006">
    <ele>-3.16</ele>
   </trkpt>
   <trkpt lat="51.97139000000001" lon="4.31491">
    <ele>-2.85</ele>
   </trkpt>
   <trkpt lat="51.9714" lon="4.31475">
    <ele>-2.85</ele>
   </trkpt>
   <trkpt lat="51.9722" lon="4.3144">
    <ele>-2.9800000000000004</ele>
   </trkpt>
   <trkpt lat="51.972280000000005" lon="4.31472">
    <ele>-2.9899999999999998</ele>
   </trkpt>
   <trkpt lat="51.97238" lon="4.3153500000000005">
    <ele>-2.69</ele>
   </trkpt>
   <trkpt lat="51.97242000000001" lon="4.315460000000001">
    <ele>-2.58</ele>
   </trkpt>
   <trkpt lat="51.97247" lon="4.3154900000000005">
    <ele>-2.58</ele>
   </trkpt>
   <trkpt lat="51.97258000000001" lon="4.3154900000000005">
    <ele>-2.58</ele>
   </trkpt>
   <trkpt lat="51.972550000000005" lon="4.3152">
    <ele>-2.58</ele>
   </trkpt>
   <trkpt lat="51.97258000000001" lon="4.31514">
    <ele>-2.36</ele>
   </trkpt>
   <trkpt lat="51.97321333449984" lon="4.314773343682572">
    <ele>-2.45</ele>
   </trkpt>
   <trkpt lat="51.97384666786103" lon="4.314406676999957">
    <ele>-2.48</ele>
   </trkpt>
   <trkpt lat="51.97448000000001" lon="4.31404">
    <ele>-2.2600000000000002</ele>
   </trkpt>
   <trkpt lat="51.97494000038712" lon="4.313760002841144">
    <ele>-2.02</ele>
   </trkpt>
   <trkpt lat="51.97540000000001" lon="4.31348">
    <ele>-1.58</ele>
   </trkpt>
   <trkpt lat="51.97552" lon="4.314640000000001">
    <ele>-2.2700000000000005</ele>
   </trkpt>
   <trkpt lat="51.97576000349316" lon="4.315549995074125">
    <ele>-2.56</ele>
   </trkpt>
   <trkpt lat="51.976000000000006" lon="4.31646">
    <ele>-2.56</ele>
   </trkpt>
   <trkpt lat="51.97592" lon="4.31651">
    <ele>-2.31</ele>
   </trkpt>
   <trkpt lat="51.97607000000001" lon="4.317200000000001">
    <ele>-2.31</ele>
   </trkpt>
   <trkpt lat="51.97673" lon="4.316800000000001">
    <ele>-1.67</ele>
   </trkpt>
   <trkpt lat="51.97688" lon="4.31663">
    <ele>-1.58</ele>
   </trkpt>
   <trkpt lat="51.97706" lon="4.31627">
    <ele>-0.88</ele>
   </trkpt>
   <trkpt lat="51.977140000000006" lon="4.316140000000001">
    <ele>-0.75</ele>
   </trkpt>
   <trkpt lat="51.97724" lon="4.316050000000001">
    <ele>-0.75</ele>
   </trkpt>
   <trkpt lat="51.97699000000001" lon="4.31545">
    <ele>-0.84</ele>
   </trkpt>
   <trkpt lat="51.976620000000004" lon="4.314920000000001">
    <ele>-0.76</ele>
   </trkpt>
   <trkpt lat="51.97654000000001" lon="4.31473">
    <ele>-0.76</ele>
   </trkpt>
   <trkpt lat="51.97645000000001" lon="4.31444">
    <ele>-0.76</ele>
   </trkpt>
   <trkpt lat="51.976130000000005" lon="4.31313">
    <ele>-1.07</ele>
   </trkpt>
   <trkpt lat="51.97598000000001" lon="4.31235">
    <ele>-1.07</ele>
   </trkpt>
   <trkpt lat="51.97594" lon="4.312060000000001">
    <ele>-0.75</ele>
   </trkpt>
   <trkpt lat="51.97581" lon="4.31148">
    <ele>-0.75</ele>
   </trkpt>
   <trkpt lat="51.97592" lon="4.31118">
    <ele>-0.75</ele>
   </trkpt>
   <trkpt lat="51.97547" lon="4.31073">
    <ele>-0.77</ele>
   </trkpt>
   <trkpt lat="51.975500000000004" lon="4.310440000000001">
    <ele>-1.09</ele>
   </trkpt>
   <trkpt lat="51.97556" lon="4.31027">
    <ele>-2.2700000000000005</ele>
   </trkpt>
   <trkpt lat="51.975930000000005" lon="4.309430000000001">
    <ele>-3.16</ele>
   </trkpt>
   <trkpt lat="51.97594" lon="4.30931">
    <ele>-3.16</ele>
   </trkpt>
   <trkpt lat="51.97580000000001" lon="4.30855">
    <ele>-3.16</ele>
   </trkpt>
   <trkpt lat="51.97583" lon="4.30832">
    <ele>-3.16</ele>
   </trkpt>
   <trkpt lat="51.97589000000001" lon="4.308190000000001">
    <ele>-3.16</ele>
   </trkpt>
   <trkpt lat="51.976527508709935" lon="4.3073625353098635">
    <ele>-3.0500000000000003</ele>
   </trkpt>
   <trkpt lat="51.97716501162087" lon="4.306535047070826">
    <ele>-3.0700000000000003</ele>
   </trkpt>
   <trkpt lat="51.97780250873255" lon="4.305707535281891">
    <ele>-2.83</ele>
   </trkpt>
   <trkpt lat="51.978440000000006" lon="4.304880000000001">
    <ele>-2.65</ele>
   </trkpt>
   <trkpt lat="51.97881000146445" lon="4.304320004418532">
    <ele>-2.65</ele>
   </trkpt>
   <trkpt lat="51.97918000000001" lon="4.3037600000000005">
    <ele>-2.25</ele>
   </trkpt>
   <trkpt lat="51.97961000146008" lon="4.303195005280981">
    <ele>-2.1100000000000003</ele>
   </trkpt>
   <trkpt lat="51.98004" lon="4.302630000000001">
    <ele>-1.79</ele>
   </trkpt>
   <trkpt lat="51.98021000000001" lon="4.302490000000001">
    <ele>-1.7000000000000002</ele>
   </trkpt>
   <trkpt lat="51.980380000000004" lon="4.30231">
    <ele>-1.68</ele>
   </trkpt>
   <trkpt lat="51.980850000000004" lon="4.302110000000001">
    <ele>-2.0100000000000002</ele>
   </trkpt>
   <trkpt lat="51.98113000000001" lon="4.301900000000001">
    <ele>-1.9200000000000002</ele>
   </trkpt>
   <trkpt lat="51.981170000000006" lon="4.3017900000000004">
    <ele>-1.9400000000000002</ele>
   </trkpt>
   <trkpt lat="51.981170000000006" lon="4.30165">
    <ele>-1.9400000000000002</ele>
   </trkpt>
   <trkpt lat="51.98103500293897" lon="4.3008099971645795">
    <ele>-2.18</ele>
   </trkpt>
   <trkpt lat="51.980900000000005" lon="4.29997">
    <ele>-1.93</ele>
   </trkpt>
   <trkpt lat="51.980920000000005" lon="4.29982">
    <ele>-1.93</ele>
   </trkpt>
   <trkpt lat="51.981100000000005" lon="4.29921">
    <ele>-1.84</ele>
   </trkpt>
   <trkpt lat="51.98118" lon="4.29914">
    <ele>-1.84</ele>
   </trkpt>
   <trkpt lat="51.982040000000005" lon="4.2988">
    <ele>-1.87</ele>
   </trkpt>
   <trkpt lat="51.98208" lon="4.29873">
    <ele>-1.93</ele>
   </trkpt>
   <trkpt lat="51.9821" lon="4.29863">
    <ele>-1.93</ele>
   </trkpt>
   <trkpt lat="51.98196500438222" lon="4.297609996750434">
    <ele>-2.31</ele>
   </trkpt>
   <trkpt lat="51.98183" lon="4.29659">
    <ele>-1.93</ele>
   </trkpt>
   <trkpt lat="51.98167" lon="4.29614">
    <ele>-1.75</ele>
   </trkpt>
   <trkpt lat="51.98159000963431" lon="4.29507332950616">
    <ele>-1.86</ele>
   </trkpt>
   <trkpt lat="51.98151000963302" lon="4.29400666282213">
    <ele>-1.84</ele>
   </trkpt>
   <trkpt lat="51.98143" lon="4.292940000000001">
    <ele>-1.68</ele>
   </trkpt>
   <trkpt lat="51.98145" lon="4.292820000000001">
    <ele>-1.67</ele>
   </trkpt>
   <trkpt lat="51.98149" lon="4.29272">
    <ele>-1.67</ele>
   </trkpt>
   <trkpt lat="51.98156" lon="4.292660000000001">
    <ele>-1.77</ele>
   </trkpt>
   <trkpt lat="51.982300000668495" lon="4.292383342467127">
    <ele>-2.65</ele>
   </trkpt>
   <trkpt lat="51.98304000068874" lon="4.2921066757930655">
    <ele>-2.82</ele>
   </trkpt>
   <trkpt lat="51.98378" lon="4.29183">
    <ele>-2.4899999999999998</ele>
   </trkpt>
   <trkpt lat="51.98449400125408" lon="4.29155601747853">
    <ele>-2.9600000000000004</ele>
   </trkpt>
   <trkpt lat="51.98520800187243" lon="4.291282026221639">
    <ele>-3.02</ele>
   </trkpt>
   <trkpt lat="51.985922001855016" lon="4.291008026228831">
    <ele>-2.87</ele>
   </trkpt>
   <trkpt lat="51.98663600120179" lon="4.290734017499613">
    <ele>-3.16</ele>
   </trkpt>
   <trkpt lat="51.987350000000006" lon="4.29046">
    <ele>-3.16</ele>
   </trkpt>
   <trkpt lat="51.98767" lon="4.29025">
    <ele>-2.69</ele>
   </trkpt>
   <trkpt lat="51.98807000000001" lon="4.28986">
    <ele>-2.65</ele>
   </trkpt>
   <trkpt lat="51.98819" lon="4.28972">
    <ele>-2.5</ele>
   </trkpt>
   <trkpt lat="51.988290000000006" lon="4.28952">
    <ele>-2.5</ele>
   </trkpt>
   <trkpt lat="51.98847000000001" lon="4.289280000000001">
    <ele>-2.34</ele>
   </trkpt>
   <trkpt lat="51.98868" lon="4.28915">
    <ele>-2.34</ele>
   </trkpt>
   <trkpt lat="51.98879" lon="4.28904">
    <ele>-2.31</ele>
   </trkpt>
   <trkpt lat="51.989070000000005" lon="4.288620000000001">
    <ele>-2.25</ele>
   </trkpt>
   <trkpt lat="51.98939000000001" lon="4.2877600000000005">
    <ele>-1.93</ele>
   </trkpt>
   <trkpt lat="51.989430000000006" lon="4.28767">
    <ele>-2.2700000000000005</ele>
   </trkpt>
   <trkpt lat="51.98948000000001" lon="4.28777">
    <ele>-2.2700000000000005</ele>
   </trkpt>
   <trkpt lat="51.989580000000004" lon="4.28786">
    <ele>-2.2</ele>
   </trkpt>
   <trkpt lat="51.98964" lon="4.28788">
    <ele>-2.2</ele>
   </trkpt>
   <trkpt lat="51.99" lon="4.2881800000000005">
    <ele>-2.8000000000000003</ele>
   </trkpt>
   <trkpt lat="51.990590000000005" lon="4.28857">
    <ele>-2.14</ele>
   </trkpt>
   <trkpt lat="51.990660000000005" lon="4.28873">
    <ele>-1.93</ele>
   </trkpt>
   <trkpt lat="51.990660000000005" lon="4.28884">
    <ele>-1.93</ele>
   </trkpt>
   <trkpt lat="51.990640000000006" lon="4.28901">
    <ele>-1.6</ele>
   </trkpt>
   <trkpt lat="51.990610000000004" lon="4.28908">
    <ele>-1.6</ele>
   </trkpt>
   <trkpt lat="51.99069" lon="4.28924">
    <ele>-1.7000000000000002</ele>
   </trkpt>
   <trkpt lat="51.990750000000006" lon="4.2896600000000005">
    <ele>-1.85</ele>
   </trkpt>
   <trkpt lat="51.990950000000005" lon="4.2900100000000005">
    <ele>-1.86</ele>
   </trkpt>
   <trkpt lat="51.99096" lon="4.29006">
    <ele>-1.86</ele>
   </trkpt>
   <trkpt lat="51.99105" lon="4.2902000000000005">
    <ele>-1.9200000000000002</ele>
   </trkpt>
   <trkpt lat="51.991350000000004" lon="4.29087">
    <ele>-2.1300000000000003</ele>
   </trkpt>
   <trkpt lat="51.991580000000006" lon="4.2916300000000005">
    <ele>-2.1100000000000003</ele>
   </trkpt>
   <trkpt lat="51.99183667996418" lon="4.292883318943446">
    <ele>-2.33</ele>
   </trkpt>
   <trkpt lat="51.992093346626554" lon="4.294136652255504">
    <ele>-2.48</ele>
   </trkpt>
   <trkpt lat="51.99235" lon="4.29539">
    <ele>-1.77</ele>
   </trkpt>
   <trkpt lat="51.99312666890111" lon="4.294873351274716">
    <ele>-1.84</ele>
   </trkpt>
   <trkpt lat="51.99390333554181" lon="4.294356684625705">
    <ele>-2.02</ele>
   </trkpt>
   <trkpt lat="51.99468" lon="4.29384">
    <ele>-1.84</ele>
   </trkpt>
   <trkpt lat="51.99486" lon="4.29413">
    <ele>-1.84</ele>
   </trkpt>
   <trkpt lat="51.995120003752575" lon="4.29507999423284">
    <ele>-1.98</ele>
   </trkpt>
   <trkpt lat="51.995380000000004" lon="4.29603">
    <ele>-2.02</ele>
   </trkpt>
   <trkpt lat="51.99544" lon="4.29614">
    <ele>-1.98</ele>
   </trkpt>
   <trkpt lat="51.99550000000001" lon="4.296200000000001">
    <ele>-1.98</ele>
   </trkpt>
   <trkpt lat="51.99559000000001" lon="4.29624">
    <ele>-1.87</ele>
   </trkpt>
   <trkpt lat="51.99568000000001" lon="4.29624">
    <ele>-1.87</ele>
   </trkpt>
   <trkpt lat="51.99577000000001" lon="4.29621">
    <ele>-1.87</ele>
   </trkpt>
   <trkpt lat="51.99633000000001" lon="4.2956900000000005">
    <ele>-1.86</ele>
   </trkpt>
   <trkpt lat="51.99687000079345" lon="4.295215005871691">
    <ele>-1.9500000000000002</ele>
   </trkpt>
   <trkpt lat="51.99741" lon="4.29474">
    <ele>-2.2</ele>
   </trkpt>
   <trkpt lat="51.997890000000005" lon="4.2942800000000005">
    <ele>-2.41</ele>
   </trkpt>
   <trkpt lat="51.9983050004673" lon="4.2939400031700075">
    <ele>-2.45</ele>
   </trkpt>
   <trkpt lat="51.998720000000006" lon="4.2936000000000005">
    <ele>-2.41</ele>
   </trkpt>
   <trkpt lat="51.999300000000005" lon="4.293200000000001">
    <ele>-2.5</ele>
   </trkpt>
   <trkpt lat="52.0000200014168" lon="4.292630009135353">
    <ele>-2.7</ele>
   </trkpt>
   <trkpt lat="52.00074000000001" lon="4.29206">
    <ele>-2.82</ele>
   </trkpt>
   <trkpt lat="52.000800000000005" lon="4.29204">
    <ele>-2.82</ele>
   </trkpt>
   <trkpt lat="52.00088" lon="4.292050000000001">
    <ele>-2.82</ele>
   </trkpt>
   <trkpt lat="52.00133500033162" lon="4.292284997661789">
    <ele>-3.2</ele>
   </trkpt>
   <trkpt lat="52.00179000000001" lon="4.292520000000001">
    <ele>-3.16</ele>
   </trkpt>
   <trkpt lat="52.00188000000001" lon="4.29263">
    <ele>-3.04</ele>
   </trkpt>
   <trkpt lat="52.002030000000005" lon="4.2929200000000005">
    <ele>-2.48</ele>
   </trkpt>
   <trkpt lat="52.002100000000006" lon="4.29293">
    <ele>-2.48</ele>
   </trkpt>
   <trkpt lat="52.00222" lon="4.29283">
    <ele>-2.45</ele>
   </trkpt>
   <trkpt lat="52.00238" lon="4.29324">
    <ele>-2.9899999999999998</ele>
   </trkpt>
   <trkpt lat="52.002460000000006" lon="4.29359">
    <ele>-3.16</ele>
   </trkpt>
   <trkpt lat="52.002500000000005" lon="4.29427">
    <ele>-3.18</ele>
   </trkpt>
   <trkpt lat="52.00254" lon="4.2944700000000005">
    <ele>-3.18</ele>
   </trkpt>
   <trkpt lat="52.00264000000001" lon="4.29473">
    <ele>-3.19</ele>
   </trkpt>
   <trkpt lat="52.00294" lon="4.2952">
    <ele>-3.3000000000000003</ele>
   </trkpt>
   <trkpt lat="52.00301" lon="4.295380000000001">
    <ele>-3.3000000000000003</ele>
   </trkpt>
   <trkpt lat="52.003040000000006" lon="4.2955000000000005">
    <ele>-3.3200000000000003</ele>
   </trkpt>
   <trkpt lat="52.00302000000001" lon="4.29591">
    <ele>-3.16</ele>
   </trkpt>
   <trkpt lat="52.003040000000006" lon="4.296010000000001">
    <ele>-3.16</ele>
   </trkpt>
   <trkpt lat="52.003220000000006" lon="4.29636">
    <ele>-3.18</ele>
   </trkpt>
   <trkpt lat="52.00336000000001" lon="4.29694">
    <ele>-3.0500000000000003</ele>
   </trkpt>
   <trkpt lat="52.003600003072386" lon="4.297794995335347">
    <ele>-3.16</ele>
   </trkpt>
   <trkpt lat="52.003840000000004" lon="4.29865">
    <ele>-3.22</ele>
   </trkpt>
   <trkpt lat="52.003890000000006" lon="4.298970000000001">
    <ele>-3.33</ele>
   </trkpt>
   <trkpt lat="52.0039" lon="4.299180000000001">
    <ele>-3.33</ele>
   </trkpt>
   <trkpt lat="52.00383000000001" lon="4.2998400000000006">
    <ele>-3.08</ele>
   </trkpt>
   <trkpt lat="52.00386" lon="4.30011">
    <ele>-3.02</ele>
   </trkpt>
   <trkpt lat="52.00394000000001" lon="4.30022">
    <ele>-3.0300000000000002</ele>
   </trkpt>
   <trkpt lat="52.004180000000005" lon="4.30037">
    <ele>-3.16</ele>
   </trkpt>
   <trkpt lat="52.00423000000001" lon="4.30048">
    <ele>-3.16</ele>
   </trkpt>
   <trkpt lat="52.004290000000005" lon="4.3007">
    <ele>-3.16</ele>
   </trkpt>
   <trkpt lat="52.00435" lon="4.300800000000001">
    <ele>-3.06</ele>
   </trkpt>
   <trkpt lat="52.00455" lon="4.300940000000001">
    <ele>-3.06</ele>
   </trkpt>
   <trkpt lat="52.0046" lon="4.301">
    <ele>-3.06</ele>
   </trkpt>
   <trkpt lat="52.00473" lon="4.30142">
    <ele>-3.0</ele>
   </trkpt>
   <trkpt lat="52.004830000000005" lon="4.3016000000000005">
    <ele>-3.0</ele>
   </trkpt>
   <trkpt lat="52.004920000000006" lon="4.30185">
    <ele>-2.9000000000000004</ele>
   </trkpt>
   <trkpt lat="52.00495" lon="4.3020000000000005">
    <ele>-2.9000000000000004</ele>
   </trkpt>
   <trkpt lat="52.00495" lon="4.302090000000001">
    <ele>-2.9000000000000004</ele>
   </trkpt>
   <trkpt lat="52.004920000000006" lon="4.30215">
    <ele>-3.0</ele>
   </trkpt>
   <trkpt lat="52.004830000000005" lon="4.30226">
    <ele>-3.0</ele>
   </trkpt>
   <trkpt lat="52.004760000000005" lon="4.30243">
    <ele>-3.0300000000000002</ele>
   </trkpt>
   <trkpt lat="52.00470000000001" lon="4.30266">
    <ele>-3.0300000000000002</ele>
   </trkpt>
   <trkpt lat="52.004650000000005" lon="4.3030100000000004">
    <ele>-2.9899999999999998</ele>
   </trkpt>
   <trkpt lat="52.00464" lon="4.30327">
    <ele>-2.9899999999999998</ele>
   </trkpt>
   <trkpt lat="52.00466" lon="4.30339">
    <ele>-2.9899999999999998</ele>
   </trkpt>
   <trkpt lat="52.004780000000004" lon="4.30382">
    <ele>-2.9899999999999998</ele>
   </trkpt>
   <trkpt lat="52.00484" lon="4.304180000000001">
    <ele>-3.0300000000000002</ele>
   </trkpt>
   <trkpt lat="52.00512000457423" lon="4.305219993475973">
    <ele>-3.1400000000000006</ele>
   </trkpt>
   <trkpt lat="52.0054" lon="4.30626">
    <ele>-3.4000000000000004</ele>
   </trkpt>
   <trkpt lat="52.00544000000001" lon="4.306500000000001">
    <ele>-3.4000000000000004</ele>
   </trkpt>
   <trkpt lat="52.00547" lon="4.306900000000001">
    <ele>-3.35</ele>
   </trkpt>
   <trkpt lat="52.005520000000004" lon="4.307040000000001">
    <ele>-3.35</ele>
   </trkpt>
   <trkpt lat="52.00592000142241" lon="4.307619994813671">
    <ele>-3.33</ele>
   </trkpt>
   <trkpt lat="52.00632" lon="4.3082">
    <ele>-3.33</ele>
   </trkpt>
   <trkpt lat="52.00647000000001" lon="4.3083">
    <ele>-3.21</ele>
   </trkpt>
   <trkpt lat="52.00658000000001" lon="4.30843">
    <ele>-3.21</ele>
   </trkpt>
   <trkpt lat="52.006660000000004" lon="4.30874">
    <ele>-3.16</ele>
   </trkpt>
   <trkpt lat="52.006710000000005" lon="4.3088500000000005">
    <ele>-3.17</ele>
   </trkpt>
   <trkpt lat="52.006780000000006" lon="4.30893">
    <ele>-3.16</ele>
   </trkpt>
   <trkpt lat="52.00723000000001" lon="4.30909">
    <ele>-3.3200000000000003</ele>
   </trkpt>
   <trkpt lat="52.007340000000006" lon="4.30916">
    <ele>-3.16</ele>
   </trkpt>
   <trkpt lat="52.007400000000004" lon="4.309290000000001">
    <ele>-3.0100000000000002</ele>
   </trkpt>
   <trkpt lat="52.00746" lon="4.30978">
    <ele>-2.1</ele>
   </trkpt>
   <trkpt lat="52.00811" lon="4.30984">
    <ele>-2.6300000000000003</ele>
   </trkpt>
   <trkpt lat="52.008705000026005" lon="4.309924998869188">
    <ele>-1.9500000000000002</ele>
   </trkpt>
   <trkpt lat="52.0093" lon="4.31001">
    <ele>-1.42</ele>
   </trkpt>
   <trkpt lat="52.009917504582596" lon="4.309412524688446">
    <ele>-1.18</ele>
   </trkpt>
   <trkpt lat="52.01053500614269" lon="4.308815032887009">
    <ele>-1.33</ele>
   </trkpt>
   <trkpt lat="52.01115250468014" lon="4.308217524594949">
    <ele>-1.1500000000000001</ele>
   </trkpt>
   <trkpt lat="52.011770000000006" lon="4.30762">
    <ele>-1.24</ele>
   </trkpt>
   <trkpt lat="52.01198" lon="4.307600000000001">
    <ele>-1.2300000000000002</ele>
   </trkpt>
   <trkpt lat="52.012130000000006" lon="4.3075">
    <ele>-1.07</ele>
   </trkpt>
   <trkpt lat="52.01243" lon="4.30707">
    <ele>-1.16</ele>
   </trkpt>
   <trkpt lat="52.01285000068382" lon="4.306680003623749">
    <ele>-1.07</ele>
   </trkpt>
   <trkpt lat="52.013270000000006" lon="4.306290000000001">
    <ele>-0.67</ele>
   </trkpt>
   <trkpt lat="52.01343000000001" lon="4.3062000000000005">
    <ele>-0.5</ele>
   </trkpt>
   <trkpt lat="52.01362" lon="4.306220000000001">
    <ele>-0.42</ele>
   </trkpt>
   <trkpt lat="52.01370000000001" lon="4.30628">
    <ele>-0.42</ele>
   </trkpt>
   <trkpt lat="52.01382" lon="4.3064100000000005">
    <ele>-0.58</ele>
   </trkpt>
   <trkpt lat="52.013940000000005" lon="4.30666">
    <ele>-0.62</ele>
   </trkpt>
   <trkpt lat="52.01433000308878" lon="4.307504992777718">
    <ele>-2.32</ele>
   </trkpt>
   <trkpt lat="52.014720000000004" lon="4.308350000000001">
    <ele>-0.93</ele>
   </trkpt>
   <trkpt lat="52.014985001528224" lon="4.308949996455838">
    <ele>-0.88</ele>
   </trkpt>
   <trkpt lat="52.01525" lon="4.309550000000001">
    <ele>-1.16</ele>
   </trkpt>
   <trkpt lat="52.015280000000004" lon="4.309670000000001">
    <ele>-1.16</ele>
   </trkpt>
   <trkpt lat="52.015260000000005" lon="4.3098600000000005">
    <ele>-1.16</ele>
   </trkpt>
   <trkpt lat="52.01471" lon="4.31059">
    <ele>-2.31</ele>
   </trkpt>
   <trkpt lat="52.01469" lon="4.31069">
    <ele>-2.52</ele>
   </trkpt>
   <trkpt lat="52.014700000000005" lon="4.31078">
    <ele>-2.52</ele>
   </trkpt>
   <trkpt lat="52.01503667266296" lon="4.311619987414185">
    <ele>-2.75</ele>
   </trkpt>
   <trkpt lat="52.01537333935218" lon="4.312459987470275">
    <ele>-2.65</ele>
   </trkpt>
   <trkpt lat="52.015710000000006" lon="4.3133">
    <ele>-2.5100000000000002</ele>
   </trkpt>
   <trkpt lat="52.01572" lon="4.313490000000001">
    <ele>-2.5100000000000002</ele>
   </trkpt>
   <trkpt lat="52.01567000000001" lon="4.31397">
    <ele>-2.31</ele>
   </trkpt>
   <trkpt lat="52.015710000000006" lon="4.314150000000001">
    <ele>-2.31</ele>
   </trkpt>
   <trkpt lat="52.01621000054709" lon="4.3145149959084055">
    <ele>-2.4400000000000004</ele>
   </trkpt>
   <trkpt lat="52.01671" lon="4.3148800000000005">
    <ele>-2.0100000000000002</ele>
   </trkpt>
   <trkpt lat="52.01727" lon="4.31533">
    <ele>-0.92</ele>
   </trkpt>
   <trkpt lat="52.01742" lon="4.3154">
    <ele>-0.92</ele>
   </trkpt>
   <trkpt lat="52.017520000000005" lon="4.31536">
    <ele>-0.92</ele>
   </trkpt>
   <trkpt lat="52.01773000000001" lon="4.31515">
    <ele>-0.16</ele>
   </trkpt>
   <trkpt lat="52.017790000000005" lon="4.31514">
    <ele>-0.16</ele>
   </trkpt>
   <trkpt lat="52.01782000000001" lon="4.31517">
    <ele>-0.16</ele>
   </trkpt>
   <trkpt lat="52.017860000000006" lon="4.31515">
    <ele>0.01</ele>
   </trkpt>
   <trkpt lat="52.017920000000004" lon="4.31522">
    <ele>0.01</ele>
   </trkpt>
   <trkpt lat="52.01803" lon="4.31547">
    <ele>1.34</ele>
   </trkpt>
   <trkpt lat="52.018550000000005" lon="4.31487">
    <ele>-0.21</ele>
   </trkpt>
   <trkpt lat="52.01872" lon="4.31529">
    <ele>-0.2</ele>
   </trkpt>
   <trkpt lat="52.01859" lon="4.3154200000000005">
    <ele>-0.29</ele>
   </trkpt>
   <trkpt lat="52.018600000000006" lon="4.31554">
    <ele>-0.32</ele>
   </trkpt>
   <trkpt lat="52.018710000000006" lon="4.315860000000001">
    <ele>-0.25</ele>
   </trkpt>
   <trkpt lat="52.018710000000006" lon="4.3159">
    <ele>-0.25</ele>
   </trkpt>
   <trkpt lat="52.01859" lon="4.31604">
    <ele>-0.31</ele>
   </trkpt>
   <trkpt lat="52.018550000000005" lon="4.31611">
    <ele>-0.31</ele>
   </trkpt>
   <trkpt lat="52.01926000261786" lon="4.316659982585024">
    <ele>-1.52</ele>
   </trkpt>
   <trkpt lat="52.01997000267484" lon="4.317209982628811">
    <ele>-0.9700000000000001</ele>
   </trkpt>
   <trkpt lat="52.020680000000006" lon="4.317760000000001">
    <ele>-0.46</ele>
   </trkpt>
   <trkpt lat="52.02078" lon="4.31782">
    <ele>-0.38</ele>
   </trkpt>
   <trkpt lat="52.02085" lon="4.31782">
    <ele>-0.38</ele>
   </trkpt>
   <trkpt lat="52.020920000000004" lon="4.31778">
    <ele>-0.38</ele>
   </trkpt>
   <trkpt lat="52.02103" lon="4.31764">
    <ele>-0.42</ele>
   </trkpt>
   <trkpt lat="52.021100000000004" lon="4.31764">
    <ele>-0.42</ele>
   </trkpt>
   <trkpt lat="52.02180666841301" lon="4.3180966522247175">
    <ele>-0.93</ele>
   </trkpt>
   <trkpt lat="52.02251333506058" lon="4.318553318878756">
    <ele>-1.01</ele>
   </trkpt>
   <trkpt lat="52.02322" lon="4.3190100000000005">
    <ele>-0.99</ele>
   </trkpt>
   <trkpt lat="52.02371" lon="4.31937">
    <ele>0.32</ele>
   </trkpt>
   <trkpt lat="52.02384000000001" lon="4.31954">
    <ele>0.64</ele>
   </trkpt>
   <trkpt lat="52.02393000000001" lon="4.3196">
    <ele>0.63</ele>
   </trkpt>
   <trkpt lat="52.02418" lon="4.3197">
    <ele>0.2</ele>
   </trkpt>
   <trkpt lat="52.024730000601345" lon="4.320069995464642">
    <ele>0.09000000000000001</ele>
   </trkpt>
   <trkpt lat="52.02528" lon="4.3204400000000005">
    <ele>-0.27</ele>
   </trkpt>
   <trkpt lat="52.025450000000006" lon="4.3205">
    <ele>-0.11</ele>
   </trkpt>
   <trkpt lat="52.02557" lon="4.32052">
    <ele>-0.11</ele>
   </trkpt>
   <trkpt lat="52.02561000000001" lon="4.32057">
    <ele>-0.16</ele>
   </trkpt>
   <trkpt lat="52.02581000000001" lon="4.32063">
    <ele>-0.16</ele>
   </trkpt>
   <trkpt lat="52.0266" lon="4.32094">
    <ele>1.6500000000000001</ele>
   </trkpt>
   <trkpt lat="52.02691" lon="4.3211200000000005">
    <ele>2.0700000000000003</ele>
   </trkpt>
   <trkpt lat="52.02716" lon="4.32129">
    <ele>3.08</ele>
   </trkpt>
   <trkpt lat="52.027350000000006" lon="4.3215">
    <ele>4.050000000000001</ele>
   </trkpt>
   <trkpt lat="52.027765001591305" lon="4.322099994529609">
    <ele>5.91</ele>
   </trkpt>
   <trkpt lat="52.028180000000006" lon="4.3227">
    <ele>4.38</ele>
   </trkpt>
   <trkpt lat="52.028330000000004" lon="4.3232800000000005">
    <ele>3.25</ele>
   </trkpt>
   <trkpt lat="52.028510000000004" lon="4.32374">
    <ele>2.1</ele>
   </trkpt>
   <trkpt lat="52.02872000000001" lon="4.324140000000001">
    <ele>1.16</ele>
   </trkpt>
   <trkpt lat="52.028940000000006" lon="4.32469">
    <ele>-0.23</ele>
   </trkpt>
   <trkpt lat="52.029050000000005" lon="4.32491">
    <ele>-0.32</ele>
   </trkpt>
   <trkpt lat="52.02931" lon="4.32523">
    <ele>-0.34</ele>
   </trkpt>
   <trkpt lat="52.029900000000005" lon="4.32558">
    <ele>0.15000000000000002</ele>
   </trkpt>
   <trkpt lat="52.02996" lon="4.32557">
    <ele>0.16</ele>
   </trkpt>
   <trkpt lat="52.03009" lon="4.325670000000001">
    <ele>0.060000000000000005</ele>
   </trkpt>
   <trkpt lat="52.0307" lon="4.32547">
    <ele>0.44</ele>
   </trkpt>
   <trkpt lat="52.030770000000004" lon="4.32549">
    <ele>0.45</ele>
   </trkpt>
   <trkpt lat="52.030820000000006" lon="4.3256000000000006">
    <ele>0.39</ele>
   </trkpt>
   <trkpt lat="52.03096000000001" lon="4.32608">
    <ele>0.12000000000000001</ele>
   </trkpt>
   <trkpt lat="52.031090000000006" lon="4.3264000000000005">
    <ele>0.04</ele>
   </trkpt>
   <trkpt lat="52.031470000000006" lon="4.327120000000001">
    <ele>0.15000000000000002</ele>
   </trkpt>
   <trkpt lat="52.03204" lon="4.3280400000000006">
    <ele>0.25</ele>
   </trkpt>
   <trkpt lat="52.03208000000001" lon="4.32796">
    <ele>-0.05</ele>
   </trkpt>
   <trkpt lat="52.032120000000006" lon="4.3280400000000006">
    <ele>-0.46</ele>
   </trkpt>
   <trkpt lat="52.032140000000005" lon="4.32812">
    <ele>-0.46</ele>
   </trkpt>
   <trkpt lat="52.032120000000006" lon="4.32821">
    <ele>-0.46</ele>
   </trkpt>
   <trkpt lat="52.03195" lon="4.32862">
    <ele>-2.56</ele>
   </trkpt>
   <trkpt lat="52.031940000000006" lon="4.328740000000001">
    <ele>-2.9800000000000004</ele>
   </trkpt>
   <trkpt lat="52.031960000000005" lon="4.3288400000000005">
    <ele>-3.1500000000000004</ele>
   </trkpt>
   <trkpt lat="52.03231" lon="4.3293">
    <ele>-2.9899999999999998</ele>
   </trkpt>
   <trkpt lat="52.032900000000005" lon="4.3301300000000005">
    <ele>-0.18000000000000002</ele>
   </trkpt>
   <trkpt lat="52.03316" lon="4.33033">
    <ele>0.7300000000000001</ele>
   </trkpt>
   <trkpt lat="52.033300000000004" lon="4.33049">
    <ele>1.7200000000000002</ele>
   </trkpt>
   <trkpt lat="52.03331000000001" lon="4.330500000000001">
    <ele>1.76</ele>
   </trkpt>
   <trkpt lat="52.03352" lon="4.3302700000000005">
    <ele>1.5</ele>
   </trkpt>
   <trkpt lat="52.03369000000001" lon="4.33002">
    <ele>1.61</ele>
   </trkpt>
   <trkpt lat="52.034246682187735" lon="4.329163386678856">
    <ele>1.5700000000000003</ele>
   </trkpt>
   <trkpt lat="52.03480335816388" lon="4.328306752025898">
    <ele>1.4500000000000002</ele>
   </trkpt>
   <trkpt lat="52.03536002792815" lon="4.327450096040405">
    <ele>1.51</ele>
   </trkpt>
   <trkpt lat="52.0359166914803" lon="4.3265934187216555">
    <ele>1.54</ele>
   </trkpt>
   <trkpt lat="52.036473348820024" lon="4.32573672006893">
    <ele>1.7200000000000002</ele>
   </trkpt>
   <trkpt lat="52.03703" lon="4.32488">
    <ele>1.75</ele>
   </trkpt>
   <trkpt lat="52.037440000000004" lon="4.3241700000000005">
    <ele>1.81</ele>
   </trkpt>
   <trkpt lat="52.03752000000001" lon="4.3243">
    <ele>1.7200000000000002</ele>
   </trkpt>
   <trkpt lat="52.037885001050846" lon="4.324784996113484">
    <ele>1.53</ele>
   </trkpt>
   <trkpt lat="52.038250000000005" lon="4.325270000000001">
    <ele>1.51</ele>
   </trkpt>
   <trkpt lat="52.03884000000001" lon="4.326110000000001">
    <ele>1.6400000000000001</ele>
   </trkpt>
   <trkpt lat="52.039100000000005" lon="4.3264700000000005">
    <ele>1.7300000000000002</ele>
   </trkpt>
   <trkpt lat="52.03947" lon="4.325810000000001">
    <ele>1.6600000000000001</ele>
   </trkpt>
   <trkpt lat="52.039500000000004" lon="4.325690000000001">
    <ele>1.7100000000000002</ele>
   </trkpt>
   <trkpt lat="52.039500000000004" lon="4.325480000000001">
    <ele>1.78</ele>
   </trkpt>
   <trkpt lat="52.039660000000005" lon="4.32544">
    <ele>1.86</ele>
   </trkpt>
   <trkpt lat="52.03985" lon="4.32509">
    <ele>1.9100000000000001</ele>
   </trkpt>
   <trkpt lat="52.03987000000001" lon="4.3251">
    <ele>1.9100000000000001</ele>
   </trkpt>
   <trkpt lat="52.0399" lon="4.32503">
    <ele>1.9500000000000002</ele>
   </trkpt>
   <trkpt lat="52.03994" lon="4.325">
    <ele>1.9500000000000002</ele>
   </trkpt>
   <trkpt lat="52.04039000276937" lon="4.324185008280466">
    <ele>2.0</ele>
   </trkpt>
   <trkpt lat="52.04084" lon="4.323370000000001">
    <ele>1.9200000000000002</ele>
   </trkpt>
   <trkpt lat="52.04095" lon="4.3232">
    <ele>1.9500000000000002</ele>
   </trkpt>
   <trkpt lat="52.041450000000005" lon="4.322150000000001">
    <ele>2.0900000000000003</ele>
   </trkpt>
   <trkpt lat="52.041900000000005" lon="4.32137">
    <ele>2.06</ele>
   </trkpt>
   <trkpt lat="52.04196" lon="4.32118">
    <ele>2.06</ele>
   </trkpt>
   <trkpt lat="52.04214" lon="4.32085">
    <ele>2.17</ele>
   </trkpt>
   <trkpt lat="52.04240000000001" lon="4.320460000000001">
    <ele>2.08</ele>
   </trkpt>
   <trkpt lat="52.04245" lon="4.32056">
    <ele>2.08</ele>
   </trkpt>
   <trkpt lat="52.04292" lon="4.31995">
    <ele>2.19</ele>
   </trkpt>
   <trkpt lat="52.04323" lon="4.319590000000001">
    <ele>2.0300000000000002</ele>
   </trkpt>
   <trkpt lat="52.04357" lon="4.319260000000001">
    <ele>2.06</ele>
   </trkpt>
   <trkpt lat="52.04381000000001" lon="4.31906">
    <ele>1.98</ele>
   </trkpt>
   <trkpt lat="52.044285000956876" lon="4.318605004758432">
    <ele>2.12</ele>
   </trkpt>
   <trkpt lat="52.044760000000004" lon="4.31815">
    <ele>2.2700000000000005</ele>
   </trkpt>
   <trkpt lat="52.044830000000005" lon="4.31813">
    <ele>3.4200000000000004</ele>
   </trkpt>
   <trkpt lat="52.04487" lon="4.31808">
    <ele>3.4200000000000004</ele>
   </trkpt>
   <trkpt lat="52.04505" lon="4.317880000000001">
    <ele>2.12</ele>
   </trkpt>
   <trkpt lat="52.045080000000006" lon="4.317880000000001">
    <ele>2.12</ele>
   </trkpt>
   <trkpt lat="52.04516" lon="4.317810000000001">
    <ele>2.0900000000000003</ele>
   </trkpt>
   <trkpt lat="52.04518" lon="4.31775">
    <ele>2.0900000000000003</ele>
   </trkpt>
   <trkpt lat="52.045950000000005" lon="4.31703">
    <ele>2.4200000000000004</ele>
   </trkpt>
   <trkpt lat="52.04607000000001" lon="4.316870000000001">
    <ele>2.4200000000000004</ele>
   </trkpt>
   <trkpt lat="52.04645000000001" lon="4.316520000000001">
    <ele>2.47</ele>
   </trkpt>
   <trkpt lat="52.04684" lon="4.317430000000001">
    <ele>2.4400000000000004</ele>
   </trkpt>
   <trkpt lat="52.04712500161424" lon="4.318049996018713">
    <ele>2.2600000000000002</ele>
   </trkpt>
   <trkpt lat="52.047410000000006" lon="4.31867">
    <ele>2.33</ele>
   </trkpt>
   <trkpt lat="52.04772000125897" lon="4.319244995751116">
    <ele>2.3800000000000003</ele>
   </trkpt>
   <trkpt lat="52.048030000000004" lon="4.31982">
    <ele>2.35</ele>
   </trkpt>
   <trkpt lat="52.04839500149482" lon="4.3204149951344935">
    <ele>2.5700000000000003</ele>
   </trkpt>
   <trkpt lat="52.04876" lon="4.32101">
    <ele>2.7600000000000002</ele>
   </trkpt>
   <trkpt lat="52.04932000530378" lon="4.32213498579642">
    <ele>2.19</ele>
   </trkpt>
   <trkpt lat="52.04988" lon="4.32326">
    <ele>2.14</ele>
   </trkpt>
   <trkpt lat="52.050412512927096" lon="4.32426996384609">
    <ele>2.0700000000000003</ele>
   </trkpt>
   <trkpt lat="52.0509450172208" lon="4.325279951764778">
    <ele>2.5</ele>
   </trkpt>
   <trkpt lat="52.051477512880695" lon="4.326289963756709">
    <ele>2.31</ele>
   </trkpt>
   <trkpt lat="52.05201" lon="4.3273">
    <ele>2.19</ele>
   </trkpt>
   <trkpt lat="52.05205" lon="4.32741">
    <ele>2.3800000000000003</ele>
   </trkpt>
   <trkpt lat="52.05216000000001" lon="4.327640000000001">
    <ele>2.1</ele>
   </trkpt>
   <trkpt lat="52.05252" lon="4.32817">
    <ele>2.18</ele>
   </trkpt>
   <trkpt lat="52.05292000212573" lon="4.328859994014101">
    <ele>2.23</ele>
   </trkpt>
   <trkpt lat="52.05332000000001" lon="4.32955">
    <ele>2.3800000000000003</ele>
   </trkpt>
   <trkpt lat="52.053470000000004" lon="4.32986">
    <ele>2.43</ele>
   </trkpt>
   <trkpt lat="52.053630000000005" lon="4.33032">
    <ele>2.45</ele>
   </trkpt>
   <trkpt lat="52.0542" lon="4.331160000000001">
    <ele>2.31</ele>
   </trkpt>
   <trkpt lat="52.054520000000004" lon="4.33173">
    <ele>2.4400000000000004</ele>
   </trkpt>
   <trkpt lat="52.05462000000001" lon="4.3319600000000005">
    <ele>2.5500000000000003</ele>
   </trkpt>
   <trkpt lat="52.054660000000005" lon="4.332140000000001">
    <ele>2.8800000000000003</ele>
   </trkpt>
   <trkpt lat="52.054660000000005" lon="4.3323100000000005">
    <ele>2.8800000000000003</ele>
   </trkpt>
   <trkpt lat="52.05489000000001" lon="4.33237">
    <ele>3.0700000000000003</ele>
   </trkpt>
   <trkpt lat="52.055130000000005" lon="4.332380000000001">
    <ele>3.24</ele>
   </trkpt>
   <trkpt lat="52.05529000000001" lon="4.332820000000001">
    <ele>3.7</ele>
   </trkpt>
   <trkpt lat="52.055350000000004" lon="4.33302">
    <ele>3.87</ele>
   </trkpt>
   <trkpt lat="52.055460000000004" lon="4.3337900000000005">
    <ele>4.46</ele>
   </trkpt>
   <trkpt lat="52.05543" lon="4.33422">
    <ele>4.49</ele>
   </trkpt>
   <trkpt lat="52.055460000000004" lon="4.33452">
    <ele>4.19</ele>
   </trkpt>
   <trkpt lat="52.055670000000006" lon="4.33486">
    <ele>3.97</ele>
   </trkpt>
   <trkpt lat="52.055980000000005" lon="4.33551">
    <ele>3.3000000000000003</ele>
   </trkpt>
   <trkpt lat="52.0562900030319" lon="4.336354994164724">
    <ele>2.5700000000000003</ele>
   </trkpt>
   <trkpt lat="52.0566" lon="4.3372">
    <ele>2.23</ele>
   </trkpt>
   <trkpt lat="52.056610000000006" lon="4.33739">
    <ele>2.2700000000000005</ele>
   </trkpt>
   <trkpt lat="52.05697000000001" lon="4.33846">
    <ele>2.0900000000000003</ele>
   </trkpt>
   <trkpt lat="52.05713" lon="4.3388100000000005">
    <ele>1.9600000000000004</ele>
   </trkpt>
   <trkpt lat="52.057230000000004" lon="4.3389500000000005">
    <ele>1.9600000000000004</ele>
   </trkpt>
   <trkpt lat="52.05761001206059" lon="4.339924975099732">
    <ele>1.99</ele>
   </trkpt>
   <trkpt lat="52.05799001607615" lon="4.3408999667872274">
    <ele>1.93</ele>
   </trkpt>
   <trkpt lat="52.05837001204644" lon="4.341874975062645">
    <ele>1.9000000000000001</ele>
   </trkpt>
   <trkpt lat="52.05875" lon="4.34285">
    <ele>2.04</ele>
   </trkpt>
   <trkpt lat="52.058800000000005" lon="4.342960000000001">
    <ele>2.04</ele>
   </trkpt>
   <trkpt lat="52.058870000000006" lon="4.342890000000001">
    <ele>2.17</ele>
   </trkpt>
   <trkpt lat="52.05894000000001" lon="4.34299">
    <ele>2.17</ele>
   </trkpt>
   <trkpt lat="52.059020000000004" lon="4.34302">
    <ele>2.39</ele>
   </trkpt>
   <trkpt lat="52.05904" lon="4.34316">
    <ele>2.39</ele>
   </trkpt>
   <trkpt lat="52.05937" lon="4.34384">
    <ele>3.69</ele>
   </trkpt>
   <trkpt lat="52.059380000000004" lon="4.3439700000000006">
    <ele>3.69</ele>
   </trkpt>
   <trkpt lat="52.05937" lon="4.34384">
    <ele>3.6</ele>
   </trkpt>
   <trkpt lat="52.05933" lon="4.3437600000000005">
    <ele>3.36</ele>
   </trkpt>
   <trkpt lat="52.05990500249492" lon="4.34299500982299">
    <ele>2.17</ele>
   </trkpt>
   <trkpt lat="52.060480000000005" lon="4.342230000000001">
    <ele>2.19</ele>
   </trkpt>
   <trkpt lat="52.060930000000006" lon="4.34159">
    <ele>2.14</ele>
   </trkpt>
   <trkpt lat="52.06136000000001" lon="4.34091">
    <ele>2.0900000000000003</ele>
   </trkpt>
   <trkpt lat="52.06175" lon="4.34023">
    <ele>2.15</ele>
   </trkpt>
   <trkpt lat="52.06192000000001" lon="4.3399600000000005">
    <ele>2.15</ele>
   </trkpt>
   <trkpt lat="52.06260601176116" lon="4.339126051252657">
    <ele>2.0100000000000002</ele>
   </trkpt>
   <trkpt lat="52.06329201763652" lon="4.338292076886933">
    <ele>2.0500000000000003</ele>
   </trkpt>
   <trkpt lat="52.063978017625736" lon="4.337458076901629">
    <ele>1.97</ele>
   </trkpt>
   <trkpt lat="52.064664011728524" lon="4.336624051295544">
    <ele>1.98</ele>
   </trkpt>
   <trkpt lat="52.06535" lon="4.33579">
    <ele>2.02</ele>
   </trkpt>
   <trkpt lat="52.066025002865985" lon="4.334955012724994">
    <ele>2.0500000000000003</ele>
   </trkpt>
   <trkpt lat="52.066700000000004" lon="4.33412">
    <ele>2.02</ele>
   </trkpt>
   <trkpt lat="52.06678" lon="4.334020000000001">
    <ele>2.04</ele>
   </trkpt>
   <trkpt lat="52.066900000000004" lon="4.333690000000001">
    <ele>2.04</ele>
   </trkpt>
   <trkpt lat="52.067220000000006" lon="4.33337">
    <ele>2.2600000000000002</ele>
   </trkpt>
   <trkpt lat="52.067460000000004" lon="4.3331100000000005">
    <ele>2.5100000000000002</ele>
   </trkpt>
   <trkpt lat="52.06749000000001" lon="4.33303">
    <ele>2.5100000000000002</ele>
   </trkpt>
   <trkpt lat="52.06761" lon="4.33222">
    <ele>2.5900000000000003</ele>
   </trkpt>
   <trkpt lat="52.06785000000001" lon="4.3319600000000005">
    <ele>2.7</ele>
   </trkpt>
   <trkpt lat="52.06759" lon="4.33143">
    <ele>2.25</ele>
   </trkpt>
   <trkpt lat="52.06719500433102" lon="4.3304199911039305">
    <ele>2.47</ele>
   </trkpt>
   <trkpt lat="52.06680000000001" lon="4.32941">
    <ele>2.45</ele>
   </trkpt>
   <trkpt lat="52.06665" lon="4.329070000000001">
    <ele>2.74</ele>
   </trkpt>
   <trkpt lat="52.066790000000005" lon="4.32897">
    <ele>3.37</ele>
   </trkpt>
   <trkpt lat="52.066790000000005" lon="4.328880000000001">
    <ele>3.37</ele>
   </trkpt>
   <trkpt lat="52.067400000000006" lon="4.32831">
    <ele>4.760000000000001</ele>
   </trkpt>
   <trkpt lat="52.0678050007764" lon="4.327890003778047">
    <ele>4.07</ele>
   </trkpt>
   <trkpt lat="52.06821000000001" lon="4.32747">
    <ele>3.25</ele>
   </trkpt>
   <trkpt lat="52.06881500102708" lon="4.326985006545636">
    <ele>3.08</ele>
   </trkpt>
   <trkpt lat="52.06942" lon="4.3265">
    <ele>3.16</ele>
   </trkpt>
   <trkpt lat="52.06967" lon="4.32627">
    <ele>3.0700000000000003</ele>
   </trkpt>
   <trkpt lat="52.06969" lon="4.32631">
    <ele>3.0700000000000003</ele>
   </trkpt>
   <trkpt lat="52.07011000000001" lon="4.32594">
    <ele>3.08</ele>
   </trkpt>
   <trkpt lat="52.07014" lon="4.3261400000000005">
    <ele>2.5900000000000003</ele>
   </trkpt>
   <trkpt lat="52.07020000000001" lon="4.32608">
    <ele>2.41</ele>
   </trkpt>
   <trkpt lat="52.07023" lon="4.32613">
    <ele>2.45</ele>
   </trkpt>
   <trkpt lat="52.07054" lon="4.32585">
    <ele>2.33</ele>
   </trkpt>
   <trkpt lat="52.070730000000005" lon="4.32565">
    <ele>2.0700000000000003</ele>
   </trkpt>
   <trkpt lat="52.070800000000006" lon="4.325550000000001">
    <ele>2.0100000000000002</ele>
   </trkpt>
   <trkpt lat="52.071250000000006" lon="4.32512">
    <ele>1.9600000000000004</ele>
   </trkpt>
   <trkpt lat="52.07151" lon="4.32497">
    <ele>2.4000000000000004</ele>
   </trkpt>
   <trkpt lat="52.07202" lon="4.3245000000000005">
    <ele>2.7700000000000005</ele>
   </trkpt>
   <trkpt lat="52.07213" lon="4.324450000000001">
    <ele>2.9400000000000004</ele>
   </trkpt>
   <trkpt lat="52.071830000000006" lon="4.32413">
    <ele>3.4000000000000004</ele>
   </trkpt>
   <trkpt lat="52.07182" lon="4.32383">
    <ele>3.2700000000000005</ele>
   </trkpt>
   <trkpt lat="52.07143000000001" lon="4.32373">
    <ele>3.12</ele>
   </trkpt>
   <trkpt lat="52.0713" lon="4.32366">
    <ele>2.97</ele>
   </trkpt>
   <trkpt lat="52.07115" lon="4.3235">
    <ele>3.0100000000000002</ele>
   </trkpt>
   <trkpt lat="52.071180000000005" lon="4.32343">
    <ele>3.0100000000000002</ele>
   </trkpt>
   <trkpt lat="52.071360000000006" lon="4.323580000000001">
    <ele>3.0500000000000003</ele>
   </trkpt>
   <trkpt lat="52.07144" lon="4.32362">
    <ele>3.0500000000000003</ele>
   </trkpt>
   <trkpt lat="52.07157" lon="4.32366">
    <ele>3.1100000000000003</ele>
   </trkpt>
   <trkpt lat="52.07184" lon="4.323670000000001">
    <ele>3.17</ele>
   </trkpt>
   <trkpt lat="52.07195" lon="4.3236300000000005">
    <ele>2.9200000000000004</ele>
   </trkpt>
   <trkpt lat="52.07211" lon="4.323530000000001">
    <ele>2.71</ele>
   </trkpt>
   <trkpt lat="52.07247" lon="4.3230900000000005">
    <ele>3.1100000000000003</ele>
   </trkpt>
   <trkpt lat="52.07267" lon="4.32366">
    <ele>3.8300000000000005</ele>
   </trkpt>
   <trkpt lat="52.0728" lon="4.32383">
    <ele>4.07</ele>
   </trkpt>
   <trkpt lat="52.073130000000006" lon="4.32416">
    <ele>4.38</ele>
   </trkpt>
   <trkpt lat="52.07318000000001" lon="4.3241000000000005">
    <ele>4.12</ele>
   </trkpt>
   <trkpt lat="52.073240000000006" lon="4.32394">
    <ele>3.69</ele>
   </trkpt>
   <trkpt lat="52.0735" lon="4.32348">
    <ele>3.2</ele>
   </trkpt>
   <trkpt lat="52.073820000000005" lon="4.32294">
    <ele>3.22</ele>
   </trkpt>
   <trkpt lat="52.07417000197939" lon="4.322260005286272">
    <ele>3.19</ele>
   </trkpt>
   <trkpt lat="52.07452000000001" lon="4.32158">
    <ele>3.33</ele>
   </trkpt>
   <trkpt lat="52.07475" lon="4.32117">
    <ele>3.9000000000000004</ele>
   </trkpt>
   <trkpt lat="52.07509" lon="4.32071">
    <ele>4.6000000000000005</ele>
   </trkpt>
   <trkpt lat="52.07513" lon="4.32063">
    <ele>4.6000000000000005</ele>
   </trkpt>
   <trkpt lat="52.075140000000005" lon="4.320530000000001">
    <ele>4.62</ele>
   </trkpt>
   <trkpt lat="52.07504" lon="4.3197">
    <ele>4.57</ele>
   </trkpt>
   <trkpt lat="52.07509" lon="4.31956">
    <ele>4.3</ele>
   </trkpt>
   <trkpt lat="52.075475002203696" lon="4.3188500059923065">
    <ele>3.73</ele>
   </trkpt>
   <trkpt lat="52.075860000000006" lon="4.3181400000000005">
    <ele>3.89</ele>
   </trkpt>
   <trkpt lat="52.076100000000004" lon="4.31763">
    <ele>3.98</ele>
   </trkpt>
   <trkpt lat="52.07639500139588" lon="4.317065003646925">
    <ele>4.16</ele>
   </trkpt>
   <trkpt lat="52.076690000000006" lon="4.3165000000000004">
    <ele>4.410000000000001</ele>
   </trkpt>
   <trkpt lat="52.07709000243955" lon="4.315765006303112">
    <ele>4.3100000000000005</ele>
   </trkpt>
   <trkpt lat="52.077490000000004" lon="4.31503">
    <ele>4.710000000000001</ele>
   </trkpt>
   <trkpt lat="52.077560000000005" lon="4.31524">
    <ele>4.710000000000001</ele>
   </trkpt>
   <trkpt lat="52.077760000000005" lon="4.314920000000001">
    <ele>4.83</ele>
   </trkpt>
   <trkpt lat="52.078080001335216" lon="4.314360003999689">
    <ele>5.280000000000001</ele>
   </trkpt>
   <trkpt lat="52.0784" lon="4.3138000000000005">
    <ele>5.53</ele>
   </trkpt>
   <trkpt lat="52.07849" lon="4.31327">
    <ele>5.53</ele>
   </trkpt>
   <trkpt lat="52.078500000000005" lon="4.312600000000001">
    <ele>5.61</ele>
   </trkpt>
   <trkpt lat="52.07855000000001" lon="4.31233">
    <ele>5.72</ele>
   </trkpt>
   <trkpt lat="52.078660000000006" lon="4.31216">
    <ele>5.880000000000001</ele>
   </trkpt>
   <trkpt lat="52.07900000000001" lon="4.311710000000001">
    <ele>6.03</ele>
   </trkpt>
   <trkpt lat="52.079080000000005" lon="4.31154">
    <ele>6.03</ele>
   </trkpt>
  </trkseg>
 </trk>
</gpx>
