<?xml version="1.0" encoding="UTF-8"?>
<gpx creator="StravaGPX" version="1.1" xmlns="http://www.topografix.com/GPX/1/1" xmlns:xsi="http://www.w3.org/2001/XMLSchema-instance" xsi:schemaLocation="http://www.topografix.com/GPX/1/1 http://www.topografix.com/GPX/1/1/gpx.xsd">
 <metadata>
  <name>VDV Large zmeer loop</name>
  <author>
   <name>Andrew Goudie</name>
  </author>
  <copyright author="OpenStreetMap contributors">
   <year>2020</year>
   <license>https://www.openstreetmap.org/copyright</license>
  </copyright>
 </metadata>
 <trk>
  <name>VDV Large zmeer loop</name>
  <link href=""/>
  <type>cycling</type>
  <trkseg>
   <trkpt lat="52.106" lon="4.358560000000001">
    <ele>2.75</ele>
   </trkpt>
   <trkpt lat="52.10569" lon="4.35904">
    <ele>2.7600000000000002</ele>
   </trkpt>
   <trkpt lat="52.10562" lon="4.35913">
    <ele>2.7</ele>
   </trkpt>
   <trkpt lat="52.10553" lon="4.3591500000000005">
    <ele>2.7</ele>
   </trkpt>
   <trkpt lat="52.105500000000006" lon="4.35914">
    <ele>2.7</ele>
   </trkpt>
   <trkpt lat="52.105470000000004" lon="4.359170000000001">
    <ele>2.7</ele>
   </trkpt>
   <trkpt lat="52.10490000000001" lon="4.36003">
    <ele>2.0900000000000003</ele>
   </trkpt>
   <trkpt lat="52.10465000000001" lon="4.3604">
    <ele>1.86</ele>
   </trkpt>
   <trkpt lat="52.10443000000001" lon="4.360650000000001">
    <ele>1.86</ele>
   </trkpt>
   <trkpt lat="52.10428" lon="4.36085">
    <ele>1.6500000000000001</ele>
   </trkpt>
   <trkpt lat="52.104240000000004" lon="4.36097">
    <ele>1.6500000000000001</ele>
   </trkpt>
   <trkpt lat="52.10417" lon="4.36106">
    <ele>1.6500000000000001</ele>
   </trkpt>
   <trkpt lat="52.1041" lon="4.361140000000001">
    <ele>1.59</ele>
   </trkpt>
   <trkpt lat="52.10401" lon="4.361190000000001">
    <ele>1.59</ele>
   </trkpt>
   <trkpt lat="52.103570000000005" lon="4.361750000000001">
    <ele>1.52</ele>
   </trkpt>
   <trkpt lat="52.10324000000001" lon="4.362170000000001">
    <ele>1.2100000000000002</ele>
   </trkpt>
   <trkpt lat="52.103120000000004" lon="4.36235">
    <ele>1.2000000000000002</ele>
   </trkpt>
   <trkpt lat="52.10302" lon="4.36254">
    <ele>1.25</ele>
   </trkpt>
   <trkpt lat="52.10295000000001" lon="4.3627400000000005">
    <ele>1.25</ele>
   </trkpt>
   <trkpt lat="52.10271" lon="4.36373">
    <ele>1.99</ele>
   </trkpt>
   <trkpt lat="52.10255" lon="4.36402">
    <ele>2.1300000000000003</ele>
   </trkpt>
   <trkpt lat="52.102430000000005" lon="4.364120000000001">
    <ele>2.1300000000000003</ele>
   </trkpt>
   <trkpt lat="52.10230000000001" lon="4.36418">
    <ele>2.17</ele>
   </trkpt>
   <trkpt lat="52.1022" lon="4.3642">
    <ele>2.17</ele>
   </trkpt>
   <trkpt lat="52.102090000000004" lon="4.364190000000001">
    <ele>2.23</ele>
   </trkpt>
   <trkpt lat="52.10192000000001" lon="4.36411">
    <ele>2.2</ele>
   </trkpt>
   <trkpt lat="52.101710000000004" lon="4.364120000000001">
    <ele>2.1100000000000003</ele>
   </trkpt>
   <trkpt lat="52.101510000000005" lon="4.363860000000001">
    <ele>2.0500000000000003</ele>
   </trkpt>
   <trkpt lat="52.101440000000004" lon="4.3637500000000005">
    <ele>1.98</ele>
   </trkpt>
   <trkpt lat="52.10141" lon="4.363650000000001">
    <ele>1.98</ele>
   </trkpt>
   <trkpt lat="52.101400000000005" lon="4.36347">
    <ele>1.79</ele>
   </trkpt>
   <trkpt lat="52.101290000000006" lon="4.36327">
    <ele>1.6500000000000001</ele>
   </trkpt>
   <trkpt lat="52.10095500294008" lon="4.364100006169457">
    <ele>1.55</ele>
   </trkpt>
   <trkpt lat="52.100620000000006" lon="4.36493">
    <ele>3.0100000000000002</ele>
   </trkpt>
   <trkpt lat="52.100480000000005" lon="4.365200000000001">
    <ele>3.49</ele>
   </trkpt>
   <trkpt lat="52.10011" lon="4.365740000000001">
    <ele>3.8300000000000005</ele>
   </trkpt>
   <trkpt lat="52.09943001068105" lon="4.366534048401951">
    <ele>3.7900000000000005</ele>
   </trkpt>
   <trkpt lat="52.09875001602806" lon="4.367328072593842">
    <ele>3.73</ele>
   </trkpt>
   <trkpt lat="52.09807001604138" lon="4.368122072576816">
    <ele>3.6</ele>
   </trkpt>
   <trkpt lat="52.097390010721256" lon="4.368916048352014">
    <ele>3.89</ele>
   </trkpt>
   <trkpt lat="52.09671" lon="4.36971">
    <ele>3.85</ele>
   </trkpt>
   <trkpt lat="52.09653" lon="4.369940000000001">
    <ele>3.85</ele>
   </trkpt>
   <trkpt lat="52.09639000000001" lon="4.37018">
    <ele>3.7900000000000005</ele>
   </trkpt>
   <trkpt lat="52.0960900015838" lon="4.370775003830373">
    <ele>3.6500000000000004</ele>
   </trkpt>
   <trkpt lat="52.09579" lon="4.371370000000001">
    <ele>2.86</ele>
   </trkpt>
   <trkpt lat="52.09563000000001" lon="4.37161">
    <ele>1.8200000000000003</ele>
   </trkpt>
   <trkpt lat="52.09525000000001" lon="4.37211">
    <ele>1.4400000000000002</ele>
   </trkpt>
   <trkpt lat="52.09505000000001" lon="4.372330000000001">
    <ele>1.41</ele>
   </trkpt>
   <trkpt lat="52.09479" lon="4.3725700000000005">
    <ele>1.4500000000000002</ele>
   </trkpt>
   <trkpt lat="52.09409333602873" lon="4.37313335091856">
    <ele>1.27</ele>
   </trkpt>
   <trkpt lat="52.09339666937248" lon="4.373696684243117">
    <ele>-0.36000000000000004</ele>
   </trkpt>
   <trkpt lat="52.09270000000001" lon="4.3742600000000005">
    <ele>-2.25</ele>
   </trkpt>
   <trkpt lat="52.092560000000006" lon="4.37431">
    <ele>-1.93</ele>
   </trkpt>
   <trkpt lat="52.092510000000004" lon="4.374300000000001">
    <ele>-1.93</ele>
   </trkpt>
   <trkpt lat="52.09243000000001" lon="4.37425">
    <ele>-1.67</ele>
   </trkpt>
   <trkpt lat="52.09235" lon="4.3741200000000005">
    <ele>-0.68</ele>
   </trkpt>
   <trkpt lat="52.092110000000005" lon="4.373620000000001">
    <ele>0.0</ele>
   </trkpt>
   <trkpt lat="52.092060000000004" lon="4.373600000000001">
    <ele>0.34</ele>
   </trkpt>
   <trkpt lat="52.09197" lon="4.3736500000000005">
    <ele>0.38</ele>
   </trkpt>
   <trkpt lat="52.09245000000001" lon="4.37467">
    <ele>1.41</ele>
   </trkpt>
   <trkpt lat="52.092490000000005" lon="4.37485">
    <ele>1.29</ele>
   </trkpt>
   <trkpt lat="52.092530000000004" lon="4.37516">
    <ele>0.23</ele>
   </trkpt>
   <trkpt lat="52.092620000000004" lon="4.375380000000001">
    <ele>0.23</ele>
   </trkpt>
   <trkpt lat="52.09245000000001" lon="4.37607">
    <ele>0.33000000000000007</ele>
   </trkpt>
   <trkpt lat="52.092270000000006" lon="4.375990000000001">
    <ele>0.13</ele>
   </trkpt>
   <trkpt lat="52.09216000000001" lon="4.375990000000001">
    <ele>0.13</ele>
   </trkpt>
   <trkpt lat="52.09187000000001" lon="4.376110000000001">
    <ele>0.16</ele>
   </trkpt>
   <trkpt lat="52.09183" lon="4.3761600000000005">
    <ele>0.1</ele>
   </trkpt>
   <trkpt lat="52.09120000000001" lon="4.37654">
    <ele>0.15000000000000002</ele>
   </trkpt>
   <trkpt lat="52.091190000000005" lon="4.37648">
    <ele>0.15000000000000002</ele>
   </trkpt>
   <trkpt lat="52.090600000400336" lon="4.3768350047741285">
    <ele>0.16</ele>
   </trkpt>
   <trkpt lat="52.09001000000001" lon="4.377190000000001">
    <ele>0.14</ele>
   </trkpt>
   <trkpt lat="52.08963000000001" lon="4.3774500000000005">
    <ele>0.30000000000000004</ele>
   </trkpt>
   <trkpt lat="52.0893" lon="4.37776">
    <ele>0.76</ele>
   </trkpt>
   <trkpt lat="52.089130000000004" lon="4.377960000000001">
    <ele>0.78</ele>
   </trkpt>
   <trkpt lat="52.089040000000004" lon="4.37805">
    <ele>1.07</ele>
   </trkpt>
   <trkpt lat="52.08887000000001" lon="4.37821">
    <ele>0.8500000000000001</ele>
   </trkpt>
   <trkpt lat="52.08876000000001" lon="4.37826">
    <ele>0.64</ele>
   </trkpt>
   <trkpt lat="52.088710000000006" lon="4.37831">
    <ele>0.6100000000000001</ele>
   </trkpt>
   <trkpt lat="52.0885" lon="4.377820000000001">
    <ele>0.41000000000000003</ele>
   </trkpt>
   <trkpt lat="52.08843" lon="4.377730000000001">
    <ele>0.2</ele>
   </trkpt>
   <trkpt lat="52.088370000000005" lon="4.377730000000001">
    <ele>0.11</ele>
   </trkpt>
   <trkpt lat="52.08805" lon="4.37783">
    <ele>0.0</ele>
   </trkpt>
   <trkpt lat="52.08734666884539" lon="4.378343349552068">
    <ele>0.29</ele>
   </trkpt>
   <trkpt lat="52.08664333546116" lon="4.3788566829222315">
    <ele>0.060000000000000005</ele>
   </trkpt>
   <trkpt lat="52.08594" lon="4.379370000000001">
    <ele>0.17</ele>
   </trkpt>
   <trkpt lat="52.085820000000005" lon="4.3794200000000005">
    <ele>0.17</ele>
   </trkpt>
   <trkpt lat="52.085570000000004" lon="4.37936">
    <ele>0.37000000000000005</ele>
   </trkpt>
   <trkpt lat="52.08545" lon="4.37938">
    <ele>0.44</ele>
   </trkpt>
   <trkpt lat="52.08522000000001" lon="4.37962">
    <ele>0.52</ele>
   </trkpt>
   <trkpt lat="52.08511000000001" lon="4.379930000000001">
    <ele>0.48000000000000004</ele>
   </trkpt>
   <trkpt lat="52.08514" lon="4.3801000000000005">
    <ele>-0.08</ele>
   </trkpt>
   <trkpt lat="52.08511000000001" lon="4.380170000000001">
    <ele>-0.08</ele>
   </trkpt>
   <trkpt lat="52.084480000000006" lon="4.38086">
    <ele>-0.23</ele>
   </trkpt>
   <trkpt lat="52.08418" lon="4.381150000000001">
    <ele>0.01</ele>
   </trkpt>
   <trkpt lat="52.084120000000006" lon="4.38119">
    <ele>0.04</ele>
   </trkpt>
   <trkpt lat="52.084120000000006" lon="4.381220000000001">
    <ele>0.04</ele>
   </trkpt>
   <trkpt lat="52.08372000000001" lon="4.38159">
    <ele>0.38</ele>
   </trkpt>
   <trkpt lat="52.083090000000006" lon="4.38248">
    <ele>0.92</ele>
   </trkpt>
   <trkpt lat="52.083040000000004" lon="4.3826">
    <ele>0.99</ele>
   </trkpt>
   <trkpt lat="52.08301" lon="4.38278">
    <ele>1.27</ele>
   </trkpt>
   <trkpt lat="52.083000000000006" lon="4.383">
    <ele>1.27</ele>
   </trkpt>
   <trkpt lat="52.08294000000001" lon="4.38299">
    <ele>1.27</ele>
   </trkpt>
   <trkpt lat="52.082890000000006" lon="4.3829400000000005">
    <ele>1.27</ele>
   </trkpt>
   <trkpt lat="52.082440000000005" lon="4.38225">
    <ele>1.3</ele>
   </trkpt>
   <trkpt lat="52.08240000000001" lon="4.38222">
    <ele>1.2200000000000002</ele>
   </trkpt>
   <trkpt lat="52.082350000000005" lon="4.382280000000001">
    <ele>1.2200000000000002</ele>
   </trkpt>
   <trkpt lat="52.08177000929298" lon="4.383135033310184">
    <ele>0.89</ele>
   </trkpt>
   <trkpt lat="52.08119001240017" lon="4.383990044398717">
    <ele>0.48000000000000004</ele>
   </trkpt>
   <trkpt lat="52.08061000932184" lon="4.384845033266407">
    <ele>0.56</ele>
   </trkpt>
   <trkpt lat="52.08003" lon="4.3857">
    <ele>0.88</ele>
   </trkpt>
   <trkpt lat="52.07994000000001" lon="4.385730000000001">
    <ele>1.01</ele>
   </trkpt>
   <trkpt lat="52.07985000000001" lon="4.385660000000001">
    <ele>1.1900000000000002</ele>
   </trkpt>
   <trkpt lat="52.07979" lon="4.38555">
    <ele>1.1900000000000002</ele>
   </trkpt>
   <trkpt lat="52.079600000000006" lon="4.38581">
    <ele>1.35</ele>
   </trkpt>
   <trkpt lat="52.07965" lon="4.3859900000000005">
    <ele>1.35</ele>
   </trkpt>
   <trkpt lat="52.07963" lon="4.38607">
    <ele>1.3800000000000001</ele>
   </trkpt>
   <trkpt lat="52.07956" lon="4.3861300000000005">
    <ele>1.3800000000000001</ele>
   </trkpt>
   <trkpt lat="52.0795" lon="4.38612">
    <ele>1.4800000000000002</ele>
   </trkpt>
   <trkpt lat="52.079460000000005" lon="4.3860600000000005">
    <ele>1.4800000000000002</ele>
   </trkpt>
   <trkpt lat="52.07895000227646" lon="4.38680000851332">
    <ele>1.35</ele>
   </trkpt>
   <trkpt lat="52.07844000000001" lon="4.38754">
    <ele>1.36</ele>
   </trkpt>
   <trkpt lat="52.07804" lon="4.38823">
    <ele>1.41</ele>
   </trkpt>
   <trkpt lat="52.077940000000005" lon="4.388240000000001">
    <ele>1.41</ele>
   </trkpt>
   <trkpt lat="52.07775" lon="4.38853">
    <ele>1.85</ele>
   </trkpt>
   <trkpt lat="52.077740000000006" lon="4.388610000000001">
    <ele>1.85</ele>
   </trkpt>
   <trkpt lat="52.077760000000005" lon="4.38869">
    <ele>1.8900000000000001</ele>
   </trkpt>
   <trkpt lat="52.07744" lon="4.38923">
    <ele>1.58</ele>
   </trkpt>
   <trkpt lat="52.07743000000001" lon="4.389220000000001">
    <ele>1.5700000000000003</ele>
   </trkpt>
   <trkpt lat="52.07764" lon="4.38984">
    <ele>0.63</ele>
   </trkpt>
   <trkpt lat="52.07788000000001" lon="4.3904700000000005">
    <ele>0.7200000000000001</ele>
   </trkpt>
   <trkpt lat="52.078250000000004" lon="4.3916200000000005">
    <ele>0.51</ele>
   </trkpt>
   <trkpt lat="52.078550004211095" lon="4.392624993037554">
    <ele>0.35000000000000003</ele>
   </trkpt>
   <trkpt lat="52.07885" lon="4.39363">
    <ele>0.26</ele>
   </trkpt>
   <trkpt lat="52.079130000000006" lon="4.39442">
    <ele>0.23</ele>
   </trkpt>
   <trkpt lat="52.07931500216311" lon="4.395129997173919">
    <ele>0.27</ele>
   </trkpt>
   <trkpt lat="52.0795" lon="4.395840000000001">
    <ele>0.17</ele>
   </trkpt>
   <trkpt lat="52.079640000000005" lon="4.39651">
    <ele>-0.16</ele>
   </trkpt>
   <trkpt lat="52.079800000000006" lon="4.397810000000001">
    <ele>0.38</ele>
   </trkpt>
   <trkpt lat="52.07985000000001" lon="4.39796">
    <ele>0.18000000000000002</ele>
   </trkpt>
   <trkpt lat="52.080110000000005" lon="4.39851">
    <ele>0.30000000000000004</ele>
   </trkpt>
   <trkpt lat="52.08016000000001" lon="4.39878">
    <ele>0.16</ele>
   </trkpt>
   <trkpt lat="52.08049000340313" lon="4.399689992995394">
    <ele>-0.16</ele>
   </trkpt>
   <trkpt lat="52.08082" lon="4.400600000000001">
    <ele>-0.16</ele>
   </trkpt>
   <trkpt lat="52.0812400014255" lon="4.401184994464039">
    <ele>-0.21</ele>
   </trkpt>
   <trkpt lat="52.08166000000001" lon="4.40177">
    <ele>0.17</ele>
   </trkpt>
   <trkpt lat="52.08176" lon="4.401870000000001">
    <ele>0.26</ele>
   </trkpt>
   <trkpt lat="52.081950000000006" lon="4.4019900000000005">
    <ele>0.27</ele>
   </trkpt>
   <trkpt lat="52.08202000000001" lon="4.40202">
    <ele>0.26</ele>
   </trkpt>
   <trkpt lat="52.08245" lon="4.4023200000000005">
    <ele>-0.38</ele>
   </trkpt>
   <trkpt lat="52.083180003151185" lon="4.402929980047315">
    <ele>-0.38</ele>
   </trkpt>
   <trkpt lat="52.083910003154045" lon="4.40353998004928">
    <ele>-0.62</ele>
   </trkpt>
   <trkpt lat="52.08464000000001" lon="4.4041500000000005">
    <ele>-0.8</ele>
   </trkpt>
   <trkpt lat="52.084720000000004" lon="4.40428">
    <ele>-0.89</ele>
   </trkpt>
   <trkpt lat="52.08484000000001" lon="4.4042900000000005">
    <ele>-0.77</ele>
   </trkpt>
   <trkpt lat="52.085240000000006" lon="4.404540000000001">
    <ele>-0.75</ele>
   </trkpt>
   <trkpt lat="52.08534" lon="4.40463">
    <ele>-0.75</ele>
   </trkpt>
   <trkpt lat="52.08558000000001" lon="4.40491">
    <ele>-0.5</ele>
   </trkpt>
   <trkpt lat="52.08597" lon="4.4055100000000005">
    <ele>-0.44</ele>
   </trkpt>
   <trkpt lat="52.08633000151885" lon="4.406094995396203">
    <ele>-0.5</ele>
   </trkpt>
   <trkpt lat="52.086690000000004" lon="4.406680000000001">
    <ele>-0.54</ele>
   </trkpt>
   <trkpt lat="52.08702" lon="4.40702">
    <ele>-0.62</ele>
   </trkpt>
   <trkpt lat="52.08755666838271" lon="4.407476655641194">
    <ele>-0.79</ele>
   </trkpt>
   <trkpt lat="52.088093335000984" lon="4.40793332226651">
    <ele>-0.54</ele>
   </trkpt>
   <trkpt lat="52.08863" lon="4.408390000000001">
    <ele>-0.54</ele>
   </trkpt>
   <trkpt lat="52.089150000000004" lon="4.40875">
    <ele>-0.67</ele>
   </trkpt>
   <trkpt lat="52.089550000450586" lon="4.409124996503016">
    <ele>-0.7200000000000001</ele>
   </trkpt>
   <trkpt lat="52.08995" lon="4.4095">
    <ele>-0.58</ele>
   </trkpt>
   <trkpt lat="52.09064000000001" lon="4.41007">
    <ele>-0.42</ele>
   </trkpt>
   <trkpt lat="52.09122000000001" lon="4.41065">
    <ele>-0.46</ele>
   </trkpt>
   <trkpt lat="52.09185500138034" lon="4.411214991985336">
    <ele>-0.54</ele>
   </trkpt>
   <trkpt lat="52.092490000000005" lon="4.41178">
    <ele>-0.54</ele>
   </trkpt>
   <trkpt lat="52.093070000000004" lon="4.41235">
    <ele>-0.62</ele>
   </trkpt>
   <trkpt lat="52.093630000000005" lon="4.41295">
    <ele>-0.55</ele>
   </trkpt>
   <trkpt lat="52.09398" lon="4.4134400000000005">
    <ele>-0.54</ele>
   </trkpt>
   <trkpt lat="52.094080000000005" lon="4.41361">
    <ele>-0.54</ele>
   </trkpt>
   <trkpt lat="52.09445" lon="4.41444">
    <ele>-0.63</ele>
   </trkpt>
   <trkpt lat="52.094730000000006" lon="4.4149400000000005">
    <ele>-0.62</ele>
   </trkpt>
   <trkpt lat="52.09512" lon="4.41549">
    <ele>-0.71</ele>
   </trkpt>
   <trkpt lat="52.095530000000004" lon="4.41615">
    <ele>-0.62</ele>
   </trkpt>
   <trkpt lat="52.095983339659846" lon="4.417016648998525">
    <ele>-0.54</ele>
   </trkpt>
   <trkpt lat="52.096436672965176" lon="4.41788331561138">
    <ele>-0.67</ele>
   </trkpt>
   <trkpt lat="52.09689" lon="4.41875">
    <ele>-0.67</ele>
   </trkpt>
   <trkpt lat="52.09724000236052" lon="4.419504993966684">
    <ele>-0.58</ele>
   </trkpt>
   <trkpt lat="52.097590000000004" lon="4.420260000000001">
    <ele>-0.59</ele>
   </trkpt>
   <trkpt lat="52.098110000000005" lon="4.4213000000000005">
    <ele>-0.62</ele>
   </trkpt>
   <trkpt lat="52.09857" lon="4.4223300000000005">
    <ele>-0.62</ele>
   </trkpt>
   <trkpt lat="52.099000000000004" lon="4.42321">
    <ele>-0.77</ele>
   </trkpt>
   <trkpt lat="52.0993750028344" lon="4.424024993201812">
    <ele>-0.67</ele>
   </trkpt>
   <trkpt lat="52.09975000000001" lon="4.4248400000000006">
    <ele>-0.5</ele>
   </trkpt>
   <trkpt lat="52.100030000000004" lon="4.42527">
    <ele>-0.5</ele>
   </trkpt>
   <trkpt lat="52.10025" lon="4.4256400000000005">
    <ele>-0.44</ele>
   </trkpt>
   <trkpt lat="52.100480000000005" lon="4.42612">
    <ele>-0.36000000000000004</ele>
   </trkpt>
   <trkpt lat="52.10082500272925" lon="4.426919993863108">
    <ele>-0.34</ele>
   </trkpt>
   <trkpt lat="52.10117" lon="4.427720000000001">
    <ele>-0.5</ele>
   </trkpt>
   <trkpt lat="52.101610003621545" lon="4.428639991010371">
    <ele>-0.75</ele>
   </trkpt>
   <trkpt lat="52.102050000000006" lon="4.42956">
    <ele>-0.75</ele>
   </trkpt>
   <trkpt lat="52.10226" lon="4.43003">
    <ele>-0.67</ele>
   </trkpt>
   <trkpt lat="52.10266000000001" lon="4.431220000000001">
    <ele>-0.68</ele>
   </trkpt>
   <trkpt lat="52.1030350035996" lon="4.432134992448491">
    <ele>-0.62</ele>
   </trkpt>
   <trkpt lat="52.103410000000004" lon="4.433050000000001">
    <ele>-0.62</ele>
   </trkpt>
   <trkpt lat="52.10361" lon="4.4333800000000005">
    <ele>-0.67</ele>
   </trkpt>
   <trkpt lat="52.1039" lon="4.433800000000001">
    <ele>-0.68</ele>
   </trkpt>
   <trkpt lat="52.104150000000004" lon="4.434060000000001">
    <ele>-0.64</ele>
   </trkpt>
   <trkpt lat="52.10486" lon="4.43465">
    <ele>-0.7200000000000001</ele>
   </trkpt>
   <trkpt lat="52.105630000000005" lon="4.435160000000001">
    <ele>-0.71</ele>
   </trkpt>
   <trkpt lat="52.105880000000006" lon="4.43529">
    <ele>-0.64</ele>
   </trkpt>
   <trkpt lat="52.10614" lon="4.43541">
    <ele>-0.44</ele>
   </trkpt>
   <trkpt lat="52.106570000000005" lon="4.43559">
    <ele>-0.27</ele>
   </trkpt>
   <trkpt lat="52.10667" lon="4.4356800000000005">
    <ele>0.13</ele>
   </trkpt>
   <trkpt lat="52.10680000000001" lon="4.435860000000001">
    <ele>0.31</ele>
   </trkpt>
   <trkpt lat="52.10685" lon="4.4359">
    <ele>0.31</ele>
   </trkpt>
   <trkpt lat="52.10696" lon="4.43594">
    <ele>-0.36000000000000004</ele>
   </trkpt>
   <trkpt lat="52.10716000000001" lon="4.43594">
    <ele>-0.58</ele>
   </trkpt>
   <trkpt lat="52.10728" lon="4.43599">
    <ele>-0.71</ele>
   </trkpt>
   <trkpt lat="52.107330000000005" lon="4.436030000000001">
    <ele>-0.71</ele>
   </trkpt>
   <trkpt lat="52.10768" lon="4.4366900000000005">
    <ele>-0.71</ele>
   </trkpt>
   <trkpt lat="52.10783000000001" lon="4.436920000000001">
    <ele>-0.71</ele>
   </trkpt>
   <trkpt lat="52.108200000000004" lon="4.43728">
    <ele>-0.62</ele>
   </trkpt>
   <trkpt lat="52.108610000000006" lon="4.43761">
    <ele>-0.75</ele>
   </trkpt>
   <trkpt lat="52.10884" lon="4.43783">
    <ele>-0.71</ele>
   </trkpt>
   <trkpt lat="52.109320000000004" lon="4.43851">
    <ele>-0.63</ele>
   </trkpt>
   <trkpt lat="52.109590000000004" lon="4.438820000000001">
    <ele>-0.64</ele>
   </trkpt>
   <trkpt lat="52.109700000000004" lon="4.43897">
    <ele>-0.58</ele>
   </trkpt>
   <trkpt lat="52.10981" lon="4.439170000000001">
    <ele>-0.4</ele>
   </trkpt>
   <trkpt lat="52.11007000000001" lon="4.4398">
    <ele>-0.44</ele>
   </trkpt>
   <trkpt lat="52.110510000000005" lon="4.441000000000001">
    <ele>-0.55</ele>
   </trkpt>
   <trkpt lat="52.110760000000006" lon="4.4415700000000005">
    <ele>-0.54</ele>
   </trkpt>
   <trkpt lat="52.11121000000001" lon="4.4428">
    <ele>-0.75</ele>
   </trkpt>
   <trkpt lat="52.111720000000005" lon="4.444">
    <ele>-0.79</ele>
   </trkpt>
   <trkpt lat="52.112170002249414" lon="4.444744992318075">
    <ele>-0.88</ele>
   </trkpt>
   <trkpt lat="52.11262000000001" lon="4.44549">
    <ele>-0.93</ele>
   </trkpt>
   <trkpt lat="52.11300000000001" lon="4.44618">
    <ele>-0.42</ele>
   </trkpt>
   <trkpt lat="52.11312" lon="4.44646">
    <ele>-0.46</ele>
   </trkpt>
   <trkpt lat="52.113420000000005" lon="4.447030000000001">
    <ele>-0.8</ele>
   </trkpt>
   <trkpt lat="52.11372000000001" lon="4.44746">
    <ele>-0.84</ele>
   </trkpt>
   <trkpt lat="52.1139" lon="4.4476700000000005">
    <ele>-0.7200000000000001</ele>
   </trkpt>
   <trkpt lat="52.11432000059253" lon="4.448059996278593">
    <ele>-0.62</ele>
   </trkpt>
   <trkpt lat="52.114740000000005" lon="4.44845">
    <ele>-0.62</ele>
   </trkpt>
   <trkpt lat="52.11524000000001" lon="4.4489600000000005">
    <ele>-0.63</ele>
   </trkpt>
   <trkpt lat="52.11549" lon="4.449260000000001">
    <ele>-0.58</ele>
   </trkpt>
   <trkpt lat="52.11560000000001" lon="4.44956">
    <ele>-0.31</ele>
   </trkpt>
   <trkpt lat="52.11574" lon="4.45031">
    <ele>0.08</ele>
   </trkpt>
   <trkpt lat="52.115790000000004" lon="4.450410000000001">
    <ele>0.15000000000000002</ele>
   </trkpt>
   <trkpt lat="52.116200000000006" lon="4.45082">
    <ele>0.02</ele>
   </trkpt>
   <trkpt lat="52.116290000000006" lon="4.45087">
    <ele>-0.02</ele>
   </trkpt>
   <trkpt lat="52.11639" lon="4.45089">
    <ele>-0.02</ele>
   </trkpt>
   <trkpt lat="52.11684" lon="4.450830000000001">
    <ele>-0.42</ele>
   </trkpt>
   <trkpt lat="52.11693" lon="4.45085">
    <ele>-0.42</ele>
   </trkpt>
   <trkpt lat="52.117020000000004" lon="4.450900000000001">
    <ele>-0.55</ele>
   </trkpt>
   <trkpt lat="52.117495000984114" lon="4.451389994746179">
    <ele>-0.54</ele>
   </trkpt>
   <trkpt lat="52.11797000000001" lon="4.45188">
    <ele>-0.5</ele>
   </trkpt>
   <trkpt lat="52.11838" lon="4.452330000000001">
    <ele>-0.5</ele>
   </trkpt>
   <trkpt lat="52.11876" lon="4.45281">
    <ele>-0.68</ele>
   </trkpt>
   <trkpt lat="52.119230002015065" lon="4.45347999310126">
    <ele>-0.55</ele>
   </trkpt>
   <trkpt lat="52.1197" lon="4.45415">
    <ele>-0.19</ele>
   </trkpt>
   <trkpt lat="52.12028000327024" lon="4.4550249886622835">
    <ele>-0.5</ele>
   </trkpt>
   <trkpt lat="52.12086000000001" lon="4.455900000000001">
    <ele>-0.62</ele>
   </trkpt>
   <trkpt lat="52.12115000000001" lon="4.4562800000000005">
    <ele>-0.7200000000000001</ele>
   </trkpt>
   <trkpt lat="52.1215950013052" lon="4.456824994618455">
    <ele>-0.58</ele>
   </trkpt>
   <trkpt lat="52.122040000000005" lon="4.45737">
    <ele>-0.36000000000000004</ele>
   </trkpt>
   <trkpt lat="52.12239" lon="4.45784">
    <ele>-0.32</ele>
   </trkpt>
   <trkpt lat="52.122440000000005" lon="4.45796">
    <ele>-0.29</ele>
   </trkpt>
   <trkpt lat="52.12252" lon="4.458360000000001">
    <ele>-0.1</ele>
   </trkpt>
   <trkpt lat="52.12272501700484" lon="4.459517484062039">
    <ele>-0.08</ele>
   </trkpt>
   <trkpt lat="52.122930022677416" lon="4.460674978773129">
    <ele>-0.1</ele>
   </trkpt>
   <trkpt lat="52.12313501701751" lon="4.461832484132858">
    <ele>-0.1</ele>
   </trkpt>
   <trkpt lat="52.123340000000006" lon="4.4629900000000005">
    <ele>0.17</ele>
   </trkpt>
   <trkpt lat="52.123490000000004" lon="4.46342">
    <ele>0.30000000000000004</ele>
   </trkpt>
   <trkpt lat="52.12409667311144" lon="4.464293309546541">
    <ele>0.30000000000000004</ele>
   </trkpt>
   <trkpt lat="52.12470333977189" lon="4.465166642870462">
    <ele>0.13</ele>
   </trkpt>
   <trkpt lat="52.125310000000006" lon="4.4660400000000005">
    <ele>0.6000000000000001</ele>
   </trkpt>
   <trkpt lat="52.125400000000006" lon="4.4661100000000005">
    <ele>0.58</ele>
   </trkpt>
   <trkpt lat="52.12511000000001" lon="4.4666500000000005">
    <ele>0.28</ele>
   </trkpt>
   <trkpt lat="52.12518000000001" lon="4.466760000000001">
    <ele>0.28</ele>
   </trkpt>
   <trkpt lat="52.12523" lon="4.46689">
    <ele>0.28</ele>
   </trkpt>
   <trkpt lat="52.125170000000004" lon="4.46732">
    <ele>0.22</ele>
   </trkpt>
   <trkpt lat="52.124990000000004" lon="4.46839">
    <ele>-0.32</ele>
   </trkpt>
   <trkpt lat="52.124970000000005" lon="4.46842">
    <ele>-0.32</ele>
   </trkpt>
   <trkpt lat="52.12480000000001" lon="4.468710000000001">
    <ele>-0.27</ele>
   </trkpt>
   <trkpt lat="52.12474" lon="4.46902">
    <ele>-0.11</ele>
   </trkpt>
   <trkpt lat="52.12469" lon="4.46922">
    <ele>-0.27</ele>
   </trkpt>
   <trkpt lat="52.124570000000006" lon="4.4694">
    <ele>-0.31</ele>
   </trkpt>
   <trkpt lat="52.12454" lon="4.469480000000001">
    <ele>-0.32</ele>
   </trkpt>
   <trkpt lat="52.124520000000004" lon="4.46973">
    <ele>-0.25</ele>
   </trkpt>
   <trkpt lat="52.124500000000005" lon="4.46987">
    <ele>-0.25</ele>
   </trkpt>
   <trkpt lat="52.12447" lon="4.469930000000001">
    <ele>-0.25</ele>
   </trkpt>
   <trkpt lat="52.12442000000001" lon="4.46996">
    <ele>-0.25</ele>
   </trkpt>
   <trkpt lat="52.12422" lon="4.470020000000001">
    <ele>-0.29</ele>
   </trkpt>
   <trkpt lat="52.12413" lon="4.47008">
    <ele>-0.29</ele>
   </trkpt>
   <trkpt lat="52.12350000000001" lon="4.470680000000001">
    <ele>-0.11</ele>
   </trkpt>
   <trkpt lat="52.123450000000005" lon="4.47079">
    <ele>-0.11</ele>
   </trkpt>
   <trkpt lat="52.12341000000001" lon="4.47118">
    <ele>0.01</ele>
   </trkpt>
   <trkpt lat="52.12335" lon="4.471290000000001">
    <ele>-0.04</ele>
   </trkpt>
   <trkpt lat="52.123180000000005" lon="4.47137">
    <ele>-0.31</ele>
   </trkpt>
   <trkpt lat="52.12299" lon="4.471430000000001">
    <ele>-0.44</ele>
   </trkpt>
   <trkpt lat="52.122150000000005" lon="4.47142">
    <ele>-0.55</ele>
   </trkpt>
   <trkpt lat="52.121610000000004" lon="4.471220000000001">
    <ele>-0.76</ele>
   </trkpt>
   <trkpt lat="52.12153000000001" lon="4.47121">
    <ele>-0.76</ele>
   </trkpt>
   <trkpt lat="52.12145" lon="4.471220000000001">
    <ele>-1.16</ele>
   </trkpt>
   <trkpt lat="52.12104000000001" lon="4.47135">
    <ele>-1.24</ele>
   </trkpt>
   <trkpt lat="52.12088000000001" lon="4.47137">
    <ele>-1.24</ele>
   </trkpt>
   <trkpt lat="52.120760000000004" lon="4.471360000000001">
    <ele>-1.07</ele>
   </trkpt>
   <trkpt lat="52.12066" lon="4.471310000000001">
    <ele>-1.07</ele>
   </trkpt>
   <trkpt lat="52.11992500219376" lon="4.4705899881282445">
    <ele>-0.79</ele>
   </trkpt>
   <trkpt lat="52.11919" lon="4.46987">
    <ele>-0.62</ele>
   </trkpt>
   <trkpt lat="52.119040000000005" lon="4.46969">
    <ele>-0.46</ele>
   </trkpt>
   <trkpt lat="52.118745003067" lon="4.4688399944070865">
    <ele>-0.11</ele>
   </trkpt>
   <trkpt lat="52.11845" lon="4.46799">
    <ele>-0.36000000000000004</ele>
   </trkpt>
   <trkpt lat="52.118210000000005" lon="4.46736">
    <ele>-0.62</ele>
   </trkpt>
   <trkpt lat="52.11809" lon="4.46718">
    <ele>-0.62</ele>
   </trkpt>
   <trkpt lat="52.118" lon="4.467110000000001">
    <ele>-0.62</ele>
   </trkpt>
   <trkpt lat="52.11787" lon="4.46706">
    <ele>-0.84</ele>
   </trkpt>
   <trkpt lat="52.11768000000001" lon="4.46703">
    <ele>-0.88</ele>
   </trkpt>
   <trkpt lat="52.11750000000001" lon="4.467040000000001">
    <ele>-0.92</ele>
   </trkpt>
   <trkpt lat="52.11721000000001" lon="4.467160000000001">
    <ele>-0.84</ele>
   </trkpt>
   <trkpt lat="52.11713" lon="4.467160000000001">
    <ele>-0.84</ele>
   </trkpt>
   <trkpt lat="52.11706" lon="4.46712">
    <ele>-0.75</ele>
   </trkpt>
   <trkpt lat="52.11697" lon="4.467020000000001">
    <ele>-0.75</ele>
   </trkpt>
   <trkpt lat="52.116820000000004" lon="4.4667900000000005">
    <ele>-0.54</ele>
   </trkpt>
   <trkpt lat="52.116800000000005" lon="4.46673">
    <ele>-0.42</ele>
   </trkpt>
   <trkpt lat="52.11679" lon="4.46664">
    <ele>-0.42</ele>
   </trkpt>
   <trkpt lat="52.11686" lon="4.46628">
    <ele>-0.44</ele>
   </trkpt>
   <trkpt lat="52.11685000000001" lon="4.46623">
    <ele>-0.62</ele>
   </trkpt>
   <trkpt lat="52.116800000000005" lon="4.46612">
    <ele>-0.62</ele>
   </trkpt>
   <trkpt lat="52.116350000000004" lon="4.46572">
    <ele>-0.67</ele>
   </trkpt>
   <trkpt lat="52.11607000000001" lon="4.46539">
    <ele>-0.36000000000000004</ele>
   </trkpt>
   <trkpt lat="52.11596" lon="4.46522">
    <ele>-0.23</ele>
   </trkpt>
   <trkpt lat="52.11574" lon="4.46478">
    <ele>-0.27</ele>
   </trkpt>
   <trkpt lat="52.115680000000005" lon="4.464700000000001">
    <ele>-0.27</ele>
   </trkpt>
   <trkpt lat="52.11529" lon="4.464320000000001">
    <ele>-0.62</ele>
   </trkpt>
   <trkpt lat="52.11489" lon="4.463990000000001">
    <ele>-0.54</ele>
   </trkpt>
   <trkpt lat="52.114375001780815" lon="4.463364992936078">
    <ele>-0.67</ele>
   </trkpt>
   <trkpt lat="52.11386" lon="4.46274">
    <ele>-0.9700000000000001</ele>
   </trkpt>
   <trkpt lat="52.113800000000005" lon="4.46272">
    <ele>-0.9700000000000001</ele>
   </trkpt>
   <trkpt lat="52.11356000000001" lon="4.4627300000000005">
    <ele>-0.81</ele>
   </trkpt>
   <trkpt lat="52.11345000000001" lon="4.46272">
    <ele>-0.79</ele>
   </trkpt>
   <trkpt lat="52.113260000000004" lon="4.46262">
    <ele>-0.62</ele>
   </trkpt>
   <trkpt lat="52.11318000000001" lon="4.46253">
    <ele>-0.62</ele>
   </trkpt>
   <trkpt lat="52.11291000000001" lon="4.46194">
    <ele>-0.1</ele>
   </trkpt>
   <trkpt lat="52.11281" lon="4.4618">
    <ele>0.09000000000000001</ele>
   </trkpt>
   <trkpt lat="52.11280000000001" lon="4.46166">
    <ele>0.16</ele>
   </trkpt>
   <trkpt lat="52.11301" lon="4.461270000000001">
    <ele>0.030000000000000002</ele>
   </trkpt>
   <trkpt lat="52.113020000000006" lon="4.46114">
    <ele>0.030000000000000002</ele>
   </trkpt>
   <trkpt lat="52.11294" lon="4.4609000000000005">
    <ele>-0.21</ele>
   </trkpt>
   <trkpt lat="52.11269000000001" lon="4.460430000000001">
    <ele>-0.62</ele>
   </trkpt>
   <trkpt lat="52.11231" lon="4.46107">
    <ele>0.4</ele>
   </trkpt>
   <trkpt lat="52.11191500139288" lon="4.460499994977021">
    <ele>0.34</ele>
   </trkpt>
   <trkpt lat="52.111520000000006" lon="4.45993">
    <ele>0.21</ele>
   </trkpt>
   <trkpt lat="52.11109500584016" lon="4.458759988985706">
    <ele>-0.1</ele>
   </trkpt>
   <trkpt lat="52.110670000000006" lon="4.457590000000001">
    <ele>-0.36000000000000004</ele>
   </trkpt>
   <trkpt lat="52.11063000000001" lon="4.45753">
    <ele>-0.4</ele>
   </trkpt>
   <trkpt lat="52.110580000000006" lon="4.45749">
    <ele>-0.4</ele>
   </trkpt>
   <trkpt lat="52.10990000021155" lon="4.457244996248288">
    <ele>-0.54</ele>
   </trkpt>
   <trkpt lat="52.10922000000001" lon="4.457000000000001">
    <ele>-1.09</ele>
   </trkpt>
   <trkpt lat="52.10906000000001" lon="4.45688">
    <ele>-1.09</ele>
   </trkpt>
   <trkpt lat="52.10895000000001" lon="4.456770000000001">
    <ele>-0.9700000000000001</ele>
   </trkpt>
   <trkpt lat="52.108295002975915" lon="4.455939987886511">
    <ele>-1.16</ele>
   </trkpt>
   <trkpt lat="52.10764" lon="4.45511">
    <ele>-0.84</ele>
   </trkpt>
   <trkpt lat="52.107530000000004" lon="4.45488">
    <ele>-0.67</ele>
   </trkpt>
   <trkpt lat="52.107310000000005" lon="4.4542600000000006">
    <ele>-0.36000000000000004</ele>
   </trkpt>
   <trkpt lat="52.107220000000005" lon="4.454090000000001">
    <ele>-0.54</ele>
   </trkpt>
   <trkpt lat="52.107150000000004" lon="4.45403">
    <ele>-0.58</ele>
   </trkpt>
   <trkpt lat="52.106820000000006" lon="4.45392">
    <ele>-0.75</ele>
   </trkpt>
   <trkpt lat="52.106750000000005" lon="4.45385">
    <ele>-0.75</ele>
   </trkpt>
   <trkpt lat="52.10645" lon="4.45331">
    <ele>-0.71</ele>
   </trkpt>
   <trkpt lat="52.106050002884594" lon="4.452469992255458">
    <ele>-0.84</ele>
   </trkpt>
   <trkpt lat="52.105650000000004" lon="4.451630000000001">
    <ele>-0.75</ele>
   </trkpt>
   <trkpt lat="52.105380007302756" lon="4.450699988690487">
    <ele>-0.71</ele>
   </trkpt>
   <trkpt lat="52.105110007288694" lon="4.449769988642266">
    <ele>-0.88</ele>
   </trkpt>
   <trkpt lat="52.10484" lon="4.448840000000001">
    <ele>-0.63</ele>
   </trkpt>
   <trkpt lat="52.104580000000006" lon="4.447850000000001">
    <ele>-0.58</ele>
   </trkpt>
   <trkpt lat="52.10452" lon="4.44775">
    <ele>-0.58</ele>
   </trkpt>
   <trkpt lat="52.10446" lon="4.447710000000001">
    <ele>-0.71</ele>
   </trkpt>
   <trkpt lat="52.10393999995178" lon="4.447494997392336">
    <ele>-0.8</ele>
   </trkpt>
   <trkpt lat="52.10342000000001" lon="4.44728">
    <ele>-0.89</ele>
   </trkpt>
   <trkpt lat="52.10329" lon="4.44709">
    <ele>-0.89</ele>
   </trkpt>
   <trkpt lat="52.10305" lon="4.446470000000001">
    <ele>-1.06</ele>
   </trkpt>
   <trkpt lat="52.102850000000004" lon="4.44601">
    <ele>-1.07</ele>
   </trkpt>
   <trkpt lat="52.10244" lon="4.44482">
    <ele>-1.07</ele>
   </trkpt>
   <trkpt lat="52.102070000000005" lon="4.44411">
    <ele>-0.71</ele>
   </trkpt>
   <trkpt lat="52.10170000836362" lon="4.443116650228978">
    <ele>-0.76</ele>
   </trkpt>
   <trkpt lat="52.10133000837965" lon="4.44212331693892">
    <ele>-1.17</ele>
   </trkpt>
   <trkpt lat="52.10096000000001" lon="4.44113">
    <ele>-2.2</ele>
   </trkpt>
   <trkpt lat="52.10094" lon="4.44111">
    <ele>-2.2</ele>
   </trkpt>
   <trkpt lat="52.100950000000005" lon="4.441140000000001">
    <ele>-2.14</ele>
   </trkpt>
   <trkpt lat="52.10089000000001" lon="4.441210000000001">
    <ele>-2.1300000000000003</ele>
   </trkpt>
   <trkpt lat="52.100820000000006" lon="4.44141">
    <ele>-2.02</ele>
   </trkpt>
   <trkpt lat="52.10024000000001" lon="4.441890000000001">
    <ele>-0.88</ele>
   </trkpt>
   <trkpt lat="52.099920000000004" lon="4.442200000000001">
    <ele>0.9400000000000001</ele>
   </trkpt>
   <trkpt lat="52.099900000000005" lon="4.44224">
    <ele>0.9400000000000001</ele>
   </trkpt>
   <trkpt lat="52.09951500033991" lon="4.44262000354734">
    <ele>2.04</ele>
   </trkpt>
   <trkpt lat="52.09913" lon="4.4430000000000005">
    <ele>0.9600000000000001</ele>
   </trkpt>
   <trkpt lat="52.099090000000004" lon="4.443020000000001">
    <ele>0.6600000000000001</ele>
   </trkpt>
   <trkpt lat="52.09873" lon="4.44339">
    <ele>-0.4</ele>
   </trkpt>
   <trkpt lat="52.098310000000005" lon="4.4439">
    <ele>-1.77</ele>
   </trkpt>
   <trkpt lat="52.097910000000006" lon="4.444310000000001">
    <ele>-2.2</ele>
   </trkpt>
   <trkpt lat="52.09730500148563" lon="4.444890007806299">
    <ele>-2.31</ele>
   </trkpt>
   <trkpt lat="52.096700000000006" lon="4.44547">
    <ele>-2.08</ele>
   </trkpt>
   <trkpt lat="52.09624500080937" lon="4.445890004225534">
    <ele>-1.93</ele>
   </trkpt>
   <trkpt lat="52.09579" lon="4.44631">
    <ele>-1.75</ele>
   </trkpt>
   <trkpt lat="52.095580000000005" lon="4.44658">
    <ele>-1.41</ele>
   </trkpt>
   <trkpt lat="52.095180000000006" lon="4.44695">
    <ele>-0.84</ele>
   </trkpt>
   <trkpt lat="52.0951" lon="4.4470600000000005">
    <ele>-0.84</ele>
   </trkpt>
   <trkpt lat="52.095000000000006" lon="4.44716">
    <ele>-0.62</ele>
   </trkpt>
   <trkpt lat="52.09519" lon="4.4477400000000005">
    <ele>-0.67</ele>
   </trkpt>
   <trkpt lat="52.09534000000001" lon="4.44857">
    <ele>-0.75</ele>
   </trkpt>
   <trkpt lat="52.09514000000001" lon="4.448840000000001">
    <ele>-2.31</ele>
   </trkpt>
   <trkpt lat="52.09489000000001" lon="4.4493">
    <ele>-4.109999999999999</ele>
   </trkpt>
   <trkpt lat="52.09474" lon="4.449450000000001">
    <ele>-4.47</ele>
   </trkpt>
   <trkpt lat="52.09456" lon="4.449540000000001">
    <ele>-5.66</ele>
   </trkpt>
   <trkpt lat="52.094390000000004" lon="4.449680000000001">
    <ele>-6.0200000000000005</ele>
   </trkpt>
   <trkpt lat="52.09422000000001" lon="4.449870000000001">
    <ele>-6.1000000000000005</ele>
   </trkpt>
   <trkpt lat="52.09363000467335" lon="4.450613352995748">
    <ele>-5.82</ele>
   </trkpt>
   <trkpt lat="52.093040004671764" lon="4.451356686330722">
    <ele>-5.68</ele>
   </trkpt>
   <trkpt lat="52.09245000000001" lon="4.452100000000001">
    <ele>-5.44</ele>
   </trkpt>
   <trkpt lat="52.092030000832374" lon="4.452505003678955">
    <ele>-5.55</ele>
   </trkpt>
   <trkpt lat="52.09161" lon="4.45291">
    <ele>-4.890000000000001</ele>
   </trkpt>
   <trkpt lat="52.091240000000006" lon="4.45397">
    <ele>-5.0600000000000005</ele>
   </trkpt>
   <trkpt lat="52.091170000000005" lon="4.45408">
    <ele>-4.96</ele>
   </trkpt>
   <trkpt lat="52.09053500169996" lon="4.4547200091413295">
    <ele>-5.0</ele>
   </trkpt>
   <trkpt lat="52.08990000000001" lon="4.455360000000001">
    <ele>-5.0</ele>
   </trkpt>
   <trkpt lat="52.08929500152104" lon="4.455950007952415">
    <ele>-5.19</ele>
   </trkpt>
   <trkpt lat="52.08869000000001" lon="4.45654">
    <ele>-4.890000000000001</ele>
   </trkpt>
   <trkpt lat="52.0885" lon="4.45676">
    <ele>-5.4</ele>
   </trkpt>
   <trkpt lat="52.08797333573032" lon="4.457286679048637">
    <ele>-5.760000000000001</ele>
   </trkpt>
   <trkpt lat="52.0874466691137" lon="4.4578133456650635">
    <ele>-5.670000000000001</ele>
   </trkpt>
   <trkpt lat="52.086920000000006" lon="4.458340000000001">
    <ele>-3.3100000000000005</ele>
   </trkpt>
   <trkpt lat="52.086600000000004" lon="4.458760000000001">
    <ele>-2.02</ele>
   </trkpt>
   <trkpt lat="52.08603" lon="4.45767">
    <ele>-2.48</ele>
   </trkpt>
   <trkpt lat="52.085460000000005" lon="4.4570300000000005">
    <ele>-2.33</ele>
   </trkpt>
   <trkpt lat="52.08493000000001" lon="4.45661">
    <ele>-2.19</ele>
   </trkpt>
   <trkpt lat="52.084300000000006" lon="4.456">
    <ele>-2.31</ele>
   </trkpt>
   <trkpt lat="52.08371" lon="4.4557">
    <ele>-2.31</ele>
   </trkpt>
   <trkpt lat="52.083275000312575" lon="4.455499998116562">
    <ele>-2.3000000000000003</ele>
   </trkpt>
   <trkpt lat="52.082840000000004" lon="4.4553">
    <ele>-2.25</ele>
   </trkpt>
   <trkpt lat="52.0827" lon="4.45526">
    <ele>-2.25</ele>
   </trkpt>
   <trkpt lat="52.08234" lon="4.45521">
    <ele>-2.2800000000000002</ele>
   </trkpt>
   <trkpt lat="52.08211000000001" lon="4.4552000000000005">
    <ele>-2.2700000000000005</ele>
   </trkpt>
   <trkpt lat="52.0814749999669" lon="4.455290001289981">
    <ele>-2.2800000000000002</ele>
   </trkpt>
   <trkpt lat="52.08084" lon="4.455380000000001">
    <ele>-2.17</ele>
   </trkpt>
   <trkpt lat="52.08077" lon="4.4554">
    <ele>-2.14</ele>
   </trkpt>
   <trkpt lat="52.08059" lon="4.455500000000001">
    <ele>-2.14</ele>
   </trkpt>
   <trkpt lat="52.08053" lon="4.455500000000001">
    <ele>-2.14</ele>
   </trkpt>
   <trkpt lat="52.080420000000004" lon="4.4554800000000006">
    <ele>-2.2800000000000002</ele>
   </trkpt>
   <trkpt lat="52.08024" lon="4.455360000000001">
    <ele>-2.2800000000000002</ele>
   </trkpt>
   <trkpt lat="52.08016000000001" lon="4.4553400000000005">
    <ele>-2.3000000000000003</ele>
   </trkpt>
   <trkpt lat="52.08006" lon="4.45535">
    <ele>-2.3000000000000003</ele>
   </trkpt>
   <trkpt lat="52.079370000000004" lon="4.45556">
    <ele>-2.1300000000000003</ele>
   </trkpt>
   <trkpt lat="52.079190000000004" lon="4.45559">
    <ele>-2.14</ele>
   </trkpt>
   <trkpt lat="52.079130000000006" lon="4.45554">
    <ele>-2.14</ele>
   </trkpt>
   <trkpt lat="52.07909" lon="4.45546">
    <ele>-2.14</ele>
   </trkpt>
   <trkpt lat="52.07865" lon="4.4544500000000005">
    <ele>-3.1500000000000004</ele>
   </trkpt>
   <trkpt lat="52.07829" lon="4.4548700000000006">
    <ele>-3.89</ele>
   </trkpt>
   <trkpt lat="52.078230000000005" lon="4.45519">
    <ele>-4.4</ele>
   </trkpt>
   <trkpt lat="52.078210000000006" lon="4.455220000000001">
    <ele>-4.4</ele>
   </trkpt>
   <trkpt lat="52.077400000000004" lon="4.45573">
    <ele>-5.0</ele>
   </trkpt>
   <trkpt lat="52.077270000000006" lon="4.45575">
    <ele>-4.96</ele>
   </trkpt>
   <trkpt lat="52.077200000000005" lon="4.4556700000000005">
    <ele>-5.0</ele>
   </trkpt>
   <trkpt lat="52.077000000000005" lon="4.45539">
    <ele>-5.0600000000000005</ele>
   </trkpt>
   <trkpt lat="52.07629000000001" lon="4.45591">
    <ele>-5.51</ele>
   </trkpt>
   <trkpt lat="52.075720000000004" lon="4.45626">
    <ele>-5.64</ele>
   </trkpt>
   <trkpt lat="52.07553000000001" lon="4.45633">
    <ele>-5.64</ele>
   </trkpt>
   <trkpt lat="52.07517000000001" lon="4.456390000000001">
    <ele>-5.36</ele>
   </trkpt>
   <trkpt lat="52.075010000000006" lon="4.45648">
    <ele>-5.38</ele>
   </trkpt>
   <trkpt lat="52.07490000000001" lon="4.456580000000001">
    <ele>-5.38</ele>
   </trkpt>
   <trkpt lat="52.074780000000004" lon="4.456770000000001">
    <ele>-5.38</ele>
   </trkpt>
   <trkpt lat="52.07461000000001" lon="4.45709">
    <ele>-5.38</ele>
   </trkpt>
   <trkpt lat="52.07442" lon="4.45736">
    <ele>-5.32</ele>
   </trkpt>
   <trkpt lat="52.074250000000006" lon="4.45755">
    <ele>-5.32</ele>
   </trkpt>
   <trkpt lat="52.074090000000005" lon="4.45765">
    <ele>-5.25</ele>
   </trkpt>
   <trkpt lat="52.073690000000006" lon="4.45784">
    <ele>-5.17</ele>
   </trkpt>
   <trkpt lat="52.073600000000006" lon="4.4579200000000005">
    <ele>-5.17</ele>
   </trkpt>
   <trkpt lat="52.073510000000006" lon="4.45803">
    <ele>-5.17</ele>
   </trkpt>
   <trkpt lat="52.073440000000005" lon="4.45817">
    <ele>-5.0600000000000005</ele>
   </trkpt>
   <trkpt lat="52.07340000000001" lon="4.45831">
    <ele>-5.0600000000000005</ele>
   </trkpt>
   <trkpt lat="52.07327" lon="4.45889">
    <ele>-4.96</ele>
   </trkpt>
   <trkpt lat="52.073150000000005" lon="4.45906">
    <ele>-4.96</ele>
   </trkpt>
   <trkpt lat="52.07311000000001" lon="4.459230000000001">
    <ele>-4.96</ele>
   </trkpt>
   <trkpt lat="52.072810000000004" lon="4.46006">
    <ele>-4.96</ele>
   </trkpt>
   <trkpt lat="52.07271" lon="4.46027">
    <ele>-4.96</ele>
   </trkpt>
   <trkpt lat="52.07229" lon="4.46117">
    <ele>-5.33</ele>
   </trkpt>
   <trkpt lat="52.0722" lon="4.46131">
    <ele>-5.33</ele>
   </trkpt>
   <trkpt lat="52.072120000000005" lon="4.46135">
    <ele>-5.33</ele>
   </trkpt>
   <trkpt lat="52.07204" lon="4.461340000000001">
    <ele>-5.33</ele>
   </trkpt>
   <trkpt lat="52.071360000000006" lon="4.460940000000001">
    <ele>-4.45</ele>
   </trkpt>
   <trkpt lat="52.071250000000006" lon="4.46145">
    <ele>-4.47</ele>
   </trkpt>
   <trkpt lat="52.07124" lon="4.46173">
    <ele>-4.64</ele>
   </trkpt>
   <trkpt lat="52.07119" lon="4.46189">
    <ele>-4.72</ele>
   </trkpt>
   <trkpt lat="52.071130000000004" lon="4.4619800000000005">
    <ele>-4.72</ele>
   </trkpt>
   <trkpt lat="52.07079" lon="4.462230000000001">
    <ele>-4.64</ele>
   </trkpt>
   <trkpt lat="52.07058000000001" lon="4.46305">
    <ele>-4.7</ele>
   </trkpt>
   <trkpt lat="52.070150000000005" lon="4.46278">
    <ele>-4.49</ele>
   </trkpt>
   <trkpt lat="52.069910004428024" lon="4.46380000537207">
    <ele>-4.62</ele>
   </trkpt>
   <trkpt lat="52.06967" lon="4.4648200000000005">
    <ele>-4.28</ele>
   </trkpt>
   <trkpt lat="52.0696" lon="4.4650300000000005">
    <ele>-4.21</ele>
   </trkpt>
   <trkpt lat="52.0694" lon="4.46536">
    <ele>-4.15</ele>
   </trkpt>
   <trkpt lat="52.06933" lon="4.46556">
    <ele>-4.15</ele>
   </trkpt>
   <trkpt lat="52.06931" lon="4.46572">
    <ele>-4.15</ele>
   </trkpt>
   <trkpt lat="52.069300000000005" lon="4.4663900000000005">
    <ele>-4.0</ele>
   </trkpt>
   <trkpt lat="52.06944000000001" lon="4.46644">
    <ele>-4.0200000000000005</ele>
   </trkpt>
   <trkpt lat="52.069590000000005" lon="4.4664600000000005">
    <ele>-4.13</ele>
   </trkpt>
   <trkpt lat="52.069990000000004" lon="4.4664">
    <ele>-4.109999999999999</ele>
   </trkpt>
   <trkpt lat="52.07007" lon="4.46644">
    <ele>-4.109999999999999</ele>
   </trkpt>
   <trkpt lat="52.07016" lon="4.46652">
    <ele>-4.109999999999999</ele>
   </trkpt>
   <trkpt lat="52.070310000000006" lon="4.466760000000001">
    <ele>-3.96</ele>
   </trkpt>
   <trkpt lat="52.07040000000001" lon="4.4668600000000005">
    <ele>-3.96</ele>
   </trkpt>
   <trkpt lat="52.070710000000005" lon="4.4671">
    <ele>-3.5500000000000003</ele>
   </trkpt>
   <trkpt lat="52.070570000000004" lon="4.467700000000001">
    <ele>-3.54</ele>
   </trkpt>
   <trkpt lat="52.0705" lon="4.46814">
    <ele>-3.5</ele>
   </trkpt>
   <trkpt lat="52.07045" lon="4.46868">
    <ele>-3.3000000000000003</ele>
   </trkpt>
   <trkpt lat="52.070310000000006" lon="4.469670000000001">
    <ele>-3.34</ele>
   </trkpt>
   <trkpt lat="52.070280000000004" lon="4.4703">
    <ele>-3.35</ele>
   </trkpt>
   <trkpt lat="52.07032" lon="4.471080000000001">
    <ele>-3.67</ele>
   </trkpt>
   <trkpt lat="52.07048" lon="4.472300000000001">
    <ele>-2.8000000000000003</ele>
   </trkpt>
   <trkpt lat="52.07057500292087" lon="4.473129998287068">
    <ele>-2.45</ele>
   </trkpt>
   <trkpt lat="52.07067000000001" lon="4.47396">
    <ele>-2.31</ele>
   </trkpt>
   <trkpt lat="52.0707" lon="4.474220000000001">
    <ele>-2.35</ele>
   </trkpt>
   <trkpt lat="52.07067000000001" lon="4.474550000000001">
    <ele>-2.86</ele>
   </trkpt>
   <trkpt lat="52.07077" lon="4.4752">
    <ele>-2.82</ele>
   </trkpt>
   <trkpt lat="52.07081" lon="4.47567">
    <ele>-2.82</ele>
   </trkpt>
   <trkpt lat="52.07083" lon="4.4756800000000005">
    <ele>-2.82</ele>
   </trkpt>
   <trkpt lat="52.070890000000006" lon="4.476">
    <ele>-2.67</ele>
   </trkpt>
   <trkpt lat="52.070930000000004" lon="4.475980000000001">
    <ele>-2.48</ele>
   </trkpt>
   <trkpt lat="52.071020000000004" lon="4.4764">
    <ele>-2.48</ele>
   </trkpt>
   <trkpt lat="52.071200000000005" lon="4.477480000000001">
    <ele>-2.34</ele>
   </trkpt>
   <trkpt lat="52.071350002516304" lon="4.4782499974526875">
    <ele>-2.31</ele>
   </trkpt>
   <trkpt lat="52.07150000000001" lon="4.47902">
    <ele>-2.12</ele>
   </trkpt>
   <trkpt lat="52.07155" lon="4.47947">
    <ele>-2.14</ele>
   </trkpt>
   <trkpt lat="52.071580000000004" lon="4.47961">
    <ele>-1.97</ele>
   </trkpt>
   <trkpt lat="52.07164" lon="4.4797">
    <ele>-1.97</ele>
   </trkpt>
   <trkpt lat="52.071630000000006" lon="4.4798100000000005">
    <ele>-1.98</ele>
   </trkpt>
   <trkpt lat="52.07157" lon="4.47993">
    <ele>-2.0900000000000003</ele>
   </trkpt>
   <trkpt lat="52.07161000000001" lon="4.479990000000001">
    <ele>-2.18</ele>
   </trkpt>
   <trkpt lat="52.07162" lon="4.480090000000001">
    <ele>-2.18</ele>
   </trkpt>
   <trkpt lat="52.071720000000006" lon="4.480110000000001">
    <ele>-2.2900000000000005</ele>
   </trkpt>
   <trkpt lat="52.071760000000005" lon="4.48017">
    <ele>-2.2900000000000005</ele>
   </trkpt>
   <trkpt lat="52.072130022108965" lon="4.481489967157092">
    <ele>-2.8000000000000003</ele>
   </trkpt>
   <trkpt lat="52.072500029474064" lon="4.482809956192334">
    <ele>-2.43</ele>
   </trkpt>
   <trkpt lat="52.07287002209488" lon="4.484129967105507">
    <ele>-2.5</ele>
   </trkpt>
   <trkpt lat="52.073240000000006" lon="4.48545">
    <ele>-2.65</ele>
   </trkpt>
   <trkpt lat="52.07352667700621" lon="4.486556652362809">
    <ele>-2.5100000000000002</ele>
   </trkpt>
   <trkpt lat="52.073813343649064" lon="4.487663318937308">
    <ele>-2.71</ele>
   </trkpt>
   <trkpt lat="52.0741" lon="4.488770000000001">
    <ele>-2.36</ele>
   </trkpt>
   <trkpt lat="52.07436000539029" lon="4.489899993366032">
    <ele>-2.14</ele>
   </trkpt>
   <trkpt lat="52.07462" lon="4.49103">
    <ele>-2.14</ele>
   </trkpt>
   <trkpt lat="52.07489" lon="4.49204">
    <ele>-2.0</ele>
   </trkpt>
   <trkpt lat="52.07541500247358" lon="4.492809990893583">
    <ele>-2.12</ele>
   </trkpt>
   <trkpt lat="52.07594" lon="4.493580000000001">
    <ele>-2.19</ele>
   </trkpt>
   <trkpt lat="52.07623" lon="4.49406">
    <ele>-2.16</ele>
   </trkpt>
   <trkpt lat="52.07687500331959" lon="4.4949399873440985">
    <ele>-2.3000000000000003</ele>
   </trkpt>
   <trkpt lat="52.07752000000001" lon="4.49582">
    <ele>-2.5</ele>
   </trkpt>
   <trkpt lat="52.077670000000005" lon="4.4961400000000005">
    <ele>-2.48</ele>
   </trkpt>
   <trkpt lat="52.07802" lon="4.496390000000001">
    <ele>-2.5</ele>
   </trkpt>
   <trkpt lat="52.078570000000006" lon="4.496720000000001">
    <ele>-2.87</ele>
   </trkpt>
   <trkpt lat="52.07876" lon="4.49755">
    <ele>-3.68</ele>
   </trkpt>
   <trkpt lat="52.07893000000001" lon="4.497750000000001">
    <ele>-3.68</ele>
   </trkpt>
   <trkpt lat="52.07909" lon="4.49833">
    <ele>-3.5300000000000002</ele>
   </trkpt>
   <trkpt lat="52.07909" lon="4.49852">
    <ele>-3.5</ele>
   </trkpt>
   <trkpt lat="52.07943" lon="4.49866">
    <ele>-3.71</ele>
   </trkpt>
   <trkpt lat="52.08021250294069" lon="4.499139974765337">
    <ele>-3.5300000000000002</ele>
   </trkpt>
   <trkpt lat="52.08099500393199" lon="4.499619966359842">
    <ele>-3.67</ele>
   </trkpt>
   <trkpt lat="52.08177750297378" lon="4.500099974784537">
    <ele>-3.6600000000000006</ele>
   </trkpt>
   <trkpt lat="52.08256" lon="4.50058">
    <ele>-3.72</ele>
   </trkpt>
   <trkpt lat="52.082750000000004" lon="4.500710000000001">
    <ele>-3.89</ele>
   </trkpt>
   <trkpt lat="52.083020000000005" lon="4.5010200000000005">
    <ele>-4.0</ele>
   </trkpt>
   <trkpt lat="52.08357500049876" lon="4.501369995635238">
    <ele>-3.85</ele>
   </trkpt>
   <trkpt lat="52.08413" lon="4.501720000000001">
    <ele>-3.75</ele>
   </trkpt>
   <trkpt lat="52.084540000000004" lon="4.50192">
    <ele>-3.86</ele>
   </trkpt>
   <trkpt lat="52.08462" lon="4.50192">
    <ele>-3.86</ele>
   </trkpt>
   <trkpt lat="52.084970000000006" lon="4.50171">
    <ele>-3.8100000000000005</ele>
   </trkpt>
   <trkpt lat="52.08505" lon="4.5017000000000005">
    <ele>-3.8100000000000005</ele>
   </trkpt>
   <trkpt lat="52.085350000000005" lon="4.50176">
    <ele>-4.0</ele>
   </trkpt>
   <trkpt lat="52.08599" lon="4.5011600000000005">
    <ele>-3.8200000000000003</ele>
   </trkpt>
   <trkpt lat="52.086130000000004" lon="4.501">
    <ele>-3.8200000000000003</ele>
   </trkpt>
   <trkpt lat="52.086270000000006" lon="4.50077">
    <ele>-3.5300000000000002</ele>
   </trkpt>
   <trkpt lat="52.08664" lon="4.50007">
    <ele>-3.67</ele>
   </trkpt>
   <trkpt lat="52.08682" lon="4.500030000000001">
    <ele>-3.72</ele>
   </trkpt>
   <trkpt lat="52.08719000000001" lon="4.500050000000001">
    <ele>-3.67</ele>
   </trkpt>
   <trkpt lat="52.087320000000005" lon="4.500050000000001">
    <ele>-3.8300000000000005</ele>
   </trkpt>
   <trkpt lat="52.087540000000004" lon="4.4994700000000005">
    <ele>-3.56</ele>
   </trkpt>
   <trkpt lat="52.0876" lon="4.49936">
    <ele>-3.56</ele>
   </trkpt>
   <trkpt lat="52.08769" lon="4.49936">
    <ele>-3.5</ele>
   </trkpt>
   <trkpt lat="52.08816" lon="4.49953">
    <ele>-2.9899999999999998</ele>
   </trkpt>
   <trkpt lat="52.08851000000001" lon="4.49969">
    <ele>-2.4899999999999998</ele>
   </trkpt>
   <trkpt lat="52.088680000000004" lon="4.49972">
    <ele>-2.2900000000000005</ele>
   </trkpt>
   <trkpt lat="52.08878000000001" lon="4.499700000000001">
    <ele>-2.2900000000000005</ele>
   </trkpt>
   <trkpt lat="52.08903" lon="4.49952">
    <ele>-2.14</ele>
   </trkpt>
   <trkpt lat="52.08925000000001" lon="4.499280000000001">
    <ele>-2.0300000000000002</ele>
   </trkpt>
   <trkpt lat="52.08934000000001" lon="4.499230000000001">
    <ele>-2.0300000000000002</ele>
   </trkpt>
   <trkpt lat="52.08946" lon="4.499210000000001">
    <ele>-2.2700000000000005</ele>
   </trkpt>
   <trkpt lat="52.089800000000004" lon="4.49936">
    <ele>-2.36</ele>
   </trkpt>
   <trkpt lat="52.09004" lon="4.49934">
    <ele>-2.36</ele>
   </trkpt>
   <trkpt lat="52.09035" lon="4.49945">
    <ele>-2.36</ele>
   </trkpt>
   <trkpt lat="52.09058" lon="4.499580000000001">
    <ele>-2.6400000000000006</ele>
   </trkpt>
   <trkpt lat="52.09084000000001" lon="4.4998700000000005">
    <ele>-2.4600000000000004</ele>
   </trkpt>
   <trkpt lat="52.09094" lon="4.4999400000000005">
    <ele>-2.4600000000000004</ele>
   </trkpt>
   <trkpt lat="52.091100000000004" lon="4.5000100000000005">
    <ele>-2.4600000000000004</ele>
   </trkpt>
   <trkpt lat="52.091440000000006" lon="4.5000800000000005">
    <ele>-1.86</ele>
   </trkpt>
   <trkpt lat="52.09147" lon="4.50011">
    <ele>-1.86</ele>
   </trkpt>
   <trkpt lat="52.09172" lon="4.5006">
    <ele>-1.9200000000000002</ele>
   </trkpt>
   <trkpt lat="52.09181" lon="4.50082">
    <ele>-1.93</ele>
   </trkpt>
   <trkpt lat="52.09192" lon="4.50135">
    <ele>-2.4400000000000004</ele>
   </trkpt>
   <trkpt lat="52.092240000000004" lon="4.502210000000001">
    <ele>-2.48</ele>
   </trkpt>
   <trkpt lat="52.09257" lon="4.50325">
    <ele>-2.2700000000000005</ele>
   </trkpt>
   <trkpt lat="52.09254000000001" lon="4.50326">
    <ele>-2.2700000000000005</ele>
   </trkpt>
   <trkpt lat="52.0923" lon="4.503970000000001">
    <ele>-2.48</ele>
   </trkpt>
   <trkpt lat="52.092290000000006" lon="4.505380000000001">
    <ele>-1.7000000000000002</ele>
   </trkpt>
   <trkpt lat="52.09225000000001" lon="4.505380000000001">
    <ele>-1.8300000000000003</ele>
   </trkpt>
   <trkpt lat="52.091730000000005" lon="4.50534">
    <ele>-3.16</ele>
   </trkpt>
   <trkpt lat="52.09127999985404" lon="4.505375000364756">
    <ele>-3.33</ele>
   </trkpt>
   <trkpt lat="52.090830000000004" lon="4.50541">
    <ele>-3.16</ele>
   </trkpt>
   <trkpt lat="52.090650000000004" lon="4.50548">
    <ele>-3.0700000000000003</ele>
   </trkpt>
   <trkpt lat="52.09055000000001" lon="4.50555">
    <ele>-3.0700000000000003</ele>
   </trkpt>
   <trkpt lat="52.09046000000001" lon="4.50565">
    <ele>-2.9800000000000004</ele>
   </trkpt>
   <trkpt lat="52.090320000000006" lon="4.50591">
    <ele>-2.56</ele>
   </trkpt>
   <trkpt lat="52.090180000000004" lon="4.506340000000001">
    <ele>-2.52</ele>
   </trkpt>
   <trkpt lat="52.09008000000001" lon="4.5068600000000005">
    <ele>-2.4400000000000004</ele>
   </trkpt>
   <trkpt lat="52.090030000000006" lon="4.507000000000001">
    <ele>-2.4400000000000004</ele>
   </trkpt>
   <trkpt lat="52.08982" lon="4.5072600000000005">
    <ele>-2.7</ele>
   </trkpt>
   <trkpt lat="52.08946" lon="4.50753">
    <ele>-3.35</ele>
   </trkpt>
   <trkpt lat="52.089310000000005" lon="4.50772">
    <ele>-3.35</ele>
   </trkpt>
   <trkpt lat="52.089220000000005" lon="4.50795">
    <ele>-3.35</ele>
   </trkpt>
   <trkpt lat="52.08903" lon="4.50858">
    <ele>-3.37</ele>
   </trkpt>
   <trkpt lat="52.0889" lon="4.50888">
    <ele>-3.37</ele>
   </trkpt>
   <trkpt lat="52.08879" lon="4.5090200000000005">
    <ele>-3.4000000000000004</ele>
   </trkpt>
   <trkpt lat="52.088280000000005" lon="4.5096300000000005">
    <ele>-3.67</ele>
   </trkpt>
   <trkpt lat="52.088190000000004" lon="4.5098">
    <ele>-3.67</ele>
   </trkpt>
   <trkpt lat="52.08811000000001" lon="4.51006">
    <ele>-3.6600000000000006</ele>
   </trkpt>
   <trkpt lat="52.088080000000005" lon="4.5102400000000005">
    <ele>-3.6600000000000006</ele>
   </trkpt>
   <trkpt lat="52.088" lon="4.51105">
    <ele>-3.72</ele>
   </trkpt>
   <trkpt lat="52.08807" lon="4.5113900000000005">
    <ele>-3.71</ele>
   </trkpt>
   <trkpt lat="52.08796" lon="4.512020000000001">
    <ele>-3.8000000000000003</ele>
   </trkpt>
   <trkpt lat="52.087790000000005" lon="4.512490000000001">
    <ele>-3.8100000000000005</ele>
   </trkpt>
   <trkpt lat="52.087390000000006" lon="4.51332">
    <ele>-3.8400000000000003</ele>
   </trkpt>
   <trkpt lat="52.087450000000004" lon="4.5134300000000005">
    <ele>-3.8400000000000003</ele>
   </trkpt>
   <trkpt lat="52.08724" lon="4.51379">
    <ele>-3.8400000000000003</ele>
   </trkpt>
   <trkpt lat="52.08697" lon="4.51419">
    <ele>-3.89</ele>
   </trkpt>
   <trkpt lat="52.08660000069917" lon="4.514660004195855">
    <ele>-4.13</ele>
   </trkpt>
   <trkpt lat="52.08623000000001" lon="4.51513">
    <ele>-4.15</ele>
   </trkpt>
   <trkpt lat="52.085770001164505" lon="4.515650005336803">
    <ele>-4.28</ele>
   </trkpt>
   <trkpt lat="52.08531000000001" lon="4.516170000000001">
    <ele>-4.34</ele>
   </trkpt>
   <trkpt lat="52.08475000000001" lon="4.5167">
    <ele>-4.17</ele>
   </trkpt>
   <trkpt lat="52.08424" lon="4.517060000000001">
    <ele>-4.3</ele>
   </trkpt>
   <trkpt lat="52.083920000000006" lon="4.51724">
    <ele>-4.3</ele>
   </trkpt>
   <trkpt lat="52.083600000000004" lon="4.51738">
    <ele>-4.28</ele>
   </trkpt>
   <trkpt lat="52.08323000000001" lon="4.5175">
    <ele>-4.28</ele>
   </trkpt>
   <trkpt lat="52.08321" lon="4.51736">
    <ele>-4.04</ele>
   </trkpt>
   <trkpt lat="52.08278000000001" lon="4.51745">
    <ele>-4.19</ele>
   </trkpt>
   <trkpt lat="52.08198" lon="4.5175600000000005">
    <ele>-3.52</ele>
   </trkpt>
   <trkpt lat="52.081990000000005" lon="4.5178400000000005">
    <ele>-3.5</ele>
   </trkpt>
   <trkpt lat="52.081920000000004" lon="4.5179">
    <ele>-3.56</ele>
   </trkpt>
   <trkpt lat="52.08191000000001" lon="4.51794">
    <ele>-3.56</ele>
   </trkpt>
   <trkpt lat="52.08191000000001" lon="4.518190000000001">
    <ele>-3.5500000000000003</ele>
   </trkpt>
   <trkpt lat="52.081810000000004" lon="4.518680000000001">
    <ele>-3.16</ele>
   </trkpt>
   <trkpt lat="52.082060000000006" lon="4.51884">
    <ele>-3.47</ele>
   </trkpt>
   <trkpt lat="52.082300000000004" lon="4.51907">
    <ele>-3.6600000000000006</ele>
   </trkpt>
   <trkpt lat="52.082480000000004" lon="4.51933">
    <ele>-3.8300000000000005</ele>
   </trkpt>
   <trkpt lat="52.08261" lon="4.519620000000001">
    <ele>-3.8300000000000005</ele>
   </trkpt>
   <trkpt lat="52.08278000000001" lon="4.520160000000001">
    <ele>-3.8000000000000003</ele>
   </trkpt>
   <trkpt lat="52.082840000000004" lon="4.52055">
    <ele>-3.8000000000000003</ele>
   </trkpt>
   <trkpt lat="52.08285000000001" lon="4.521000000000001">
    <ele>-3.87</ele>
   </trkpt>
   <trkpt lat="52.082800000000006" lon="4.52151">
    <ele>-3.91</ele>
   </trkpt>
   <trkpt lat="52.08267000000001" lon="4.52202">
    <ele>-3.85</ele>
   </trkpt>
   <trkpt lat="52.082550000000005" lon="4.5223">
    <ele>-3.85</ele>
   </trkpt>
   <trkpt lat="52.08198251495497" lon="4.52338504136131">
    <ele>-3.8300000000000005</ele>
   </trkpt>
   <trkpt lat="52.081415019948516" lon="4.524470055130957">
    <ele>-3.67</ele>
   </trkpt>
   <trkpt lat="52.08084751498108" lon="4.525555041309722">
    <ele>-3.68</ele>
   </trkpt>
   <trkpt lat="52.08028" lon="4.52664">
    <ele>-3.67</ele>
   </trkpt>
   <trkpt lat="52.080220000000004" lon="4.526800000000001">
    <ele>-3.67</ele>
   </trkpt>
   <trkpt lat="52.08021" lon="4.52693">
    <ele>-3.67</ele>
   </trkpt>
   <trkpt lat="52.08025000000001" lon="4.528320000000001">
    <ele>-3.89</ele>
   </trkpt>
   <trkpt lat="52.080180000000006" lon="4.52892">
    <ele>-4.0200000000000005</ele>
   </trkpt>
   <trkpt lat="52.08012" lon="4.529100000000001">
    <ele>-4.0200000000000005</ele>
   </trkpt>
   <trkpt lat="52.07960835276412" lon="4.5300583882548064">
    <ele>-4.13</ele>
   </trkpt>
   <trkpt lat="52.079096697756455" lon="4.531016754538494">
    <ele>-4.32</ele>
   </trkpt>
   <trkpt lat="52.07858503497728" lon="4.531975098851637">
    <ele>-4.34</ele>
   </trkpt>
   <trkpt lat="52.07807336442698" lon="4.532933421194809">
    <ele>-4.34</ele>
   </trkpt>
   <trkpt lat="52.0775616861058" lon="4.533891721568586">
    <ele>-4.38</ele>
   </trkpt>
   <trkpt lat="52.07705000000001" lon="4.5348500000000005">
    <ele>-4.49</ele>
   </trkpt>
   <trkpt lat="52.076950000000004" lon="4.534940000000001">
    <ele>-4.49</ele>
   </trkpt>
   <trkpt lat="52.07687000000001" lon="4.53497">
    <ele>-4.64</ele>
   </trkpt>
   <trkpt lat="52.076750000000004" lon="4.53495">
    <ele>-4.64</ele>
   </trkpt>
   <trkpt lat="52.076640000000005" lon="4.5349">
    <ele>-4.79</ele>
   </trkpt>
   <trkpt lat="52.076205001538675" lon="4.534299994174892">
    <ele>-4.78</ele>
   </trkpt>
   <trkpt lat="52.075770000000006" lon="4.5337000000000005">
    <ele>-4.23</ele>
   </trkpt>
   <trkpt lat="52.07558" lon="4.5335">
    <ele>-3.86</ele>
   </trkpt>
   <trkpt lat="52.07555000000001" lon="4.53362">
    <ele>-3.96</ele>
   </trkpt>
   <trkpt lat="52.075390000000006" lon="4.5340300000000004">
    <ele>-4.3</ele>
   </trkpt>
   <trkpt lat="52.07531" lon="4.53413">
    <ele>-4.7</ele>
   </trkpt>
   <trkpt lat="52.075070000000004" lon="4.53432">
    <ele>-5.12</ele>
   </trkpt>
   <trkpt lat="52.07495" lon="4.5345">
    <ele>-5.11</ele>
   </trkpt>
   <trkpt lat="52.07470000000001" lon="4.53519">
    <ele>-4.04</ele>
   </trkpt>
   <trkpt lat="52.07468" lon="4.53545">
    <ele>-4.04</ele>
   </trkpt>
   <trkpt lat="52.074580000000005" lon="4.5356700000000005">
    <ele>-4.28</ele>
   </trkpt>
   <trkpt lat="52.074510000000004" lon="4.53559">
    <ele>-4.109999999999999</ele>
   </trkpt>
   <trkpt lat="52.07452000000001" lon="4.53556">
    <ele>-4.109999999999999</ele>
   </trkpt>
   <trkpt lat="52.074360000000006" lon="4.53535">
    <ele>-4.28</ele>
   </trkpt>
   <trkpt lat="52.0743" lon="4.53528">
    <ele>-4.49</ele>
   </trkpt>
   <trkpt lat="52.07426" lon="4.535270000000001">
    <ele>-4.49</ele>
   </trkpt>
   <trkpt lat="52.074090000000005" lon="4.53537">
    <ele>-4.81</ele>
   </trkpt>
   <trkpt lat="52.07349000000001" lon="4.53542">
    <ele>-4.7700000000000005</ele>
   </trkpt>
   <trkpt lat="52.07332" lon="4.53544">
    <ele>-4.7700000000000005</ele>
   </trkpt>
   <trkpt lat="52.072865000061604" lon="4.535475000352347">
    <ele>-4.78</ele>
   </trkpt>
   <trkpt lat="52.072410000000005" lon="4.53551">
    <ele>-4.21</ele>
   </trkpt>
   <trkpt lat="52.072140000000005" lon="4.535500000000001">
    <ele>-4.17</ele>
   </trkpt>
   <trkpt lat="52.07164" lon="4.536250000000001">
    <ele>-4.19</ele>
   </trkpt>
   <trkpt lat="52.07135" lon="4.53681">
    <ele>-4.19</ele>
   </trkpt>
   <trkpt lat="52.07121000000001" lon="4.537120000000001">
    <ele>-4.0600000000000005</ele>
   </trkpt>
   <trkpt lat="52.07094000000001" lon="4.53789">
    <ele>-4.0600000000000005</ele>
   </trkpt>
   <trkpt lat="52.07067000000001" lon="4.5383700000000005">
    <ele>-4.13</ele>
   </trkpt>
   <trkpt lat="52.070220000000006" lon="4.5394000000000005">
    <ele>-3.8800000000000003</ele>
   </trkpt>
   <trkpt lat="52.07005" lon="4.539890000000001">
    <ele>-3.87</ele>
   </trkpt>
   <trkpt lat="52.069700000000005" lon="4.540590000000001">
    <ele>-3.96</ele>
   </trkpt>
   <trkpt lat="52.06917000000001" lon="4.541740000000001">
    <ele>-4.109999999999999</ele>
   </trkpt>
   <trkpt lat="52.06906000000001" lon="4.54204">
    <ele>-4.109999999999999</ele>
   </trkpt>
   <trkpt lat="52.068745002102574" lon="4.542740004872897">
    <ele>-4.0600000000000005</ele>
   </trkpt>
   <trkpt lat="52.068430000000006" lon="4.54344">
    <ele>-3.8000000000000003</ele>
   </trkpt>
   <trkpt lat="52.068012510127005" lon="4.544332524999435">
    <ele>-3.86</ele>
   </trkpt>
   <trkpt lat="52.06759501351297" lon="4.545225033310025">
    <ele>-4.0</ele>
   </trkpt>
   <trkpt lat="52.067177510158146" lon="4.546117524932066">
    <ele>-4.109999999999999</ele>
   </trkpt>
   <trkpt lat="52.06676" lon="4.54701">
    <ele>-4.0600000000000005</ele>
   </trkpt>
   <trkpt lat="52.06642" lon="4.54772">
    <ele>-4.04</ele>
   </trkpt>
   <trkpt lat="52.066120000000005" lon="4.548170000000001">
    <ele>-4.109999999999999</ele>
   </trkpt>
   <trkpt lat="52.06577000000001" lon="4.54884">
    <ele>-4.28</ele>
   </trkpt>
   <trkpt lat="52.065336673819175" lon="4.54976001787548">
    <ele>-4.15</ele>
   </trkpt>
   <trkpt lat="52.06490334047547" lon="4.5506800178972195">
    <ele>-4.19</ele>
   </trkpt>
   <trkpt lat="52.06447000000001" lon="4.5516000000000005">
    <ele>-4.19</ele>
   </trkpt>
   <trkpt lat="52.06419000133931" lon="4.552185003894861">
    <ele>-4.21</ele>
   </trkpt>
   <trkpt lat="52.06391000000001" lon="4.552770000000001">
    <ele>-4.15</ele>
   </trkpt>
   <trkpt lat="52.063810000000004" lon="4.55283">
    <ele>-4.17</ele>
   </trkpt>
   <trkpt lat="52.06376" lon="4.55283">
    <ele>-4.17</ele>
   </trkpt>
   <trkpt lat="52.063370000000006" lon="4.55248">
    <ele>-4.28</ele>
   </trkpt>
   <trkpt lat="52.063250000000004" lon="4.552510000000001">
    <ele>-4.28</ele>
   </trkpt>
   <trkpt lat="52.06275" lon="4.55355">
    <ele>-4.34</ele>
   </trkpt>
   <trkpt lat="52.06228334184022" lon="4.554553354326473">
    <ele>-4.17</ele>
   </trkpt>
   <trkpt lat="52.06181667516095" lon="4.555556687686564">
    <ele>-4.32</ele>
   </trkpt>
   <trkpt lat="52.061350000000004" lon="4.55656">
    <ele>-4.0</ele>
   </trkpt>
   <trkpt lat="52.061350000000004" lon="4.55675">
    <ele>-4.0</ele>
   </trkpt>
   <trkpt lat="52.06138000000001" lon="4.556850000000001">
    <ele>-4.0</ele>
   </trkpt>
   <trkpt lat="52.061780000000006" lon="4.5574900000000005">
    <ele>-2.1</ele>
   </trkpt>
   <trkpt lat="52.06183000000001" lon="4.55759">
    <ele>-2.1</ele>
   </trkpt>
   <trkpt lat="52.06188" lon="4.55782">
    <ele>-1.33</ele>
   </trkpt>
   <trkpt lat="52.06188" lon="4.5579600000000005">
    <ele>-1.33</ele>
   </trkpt>
   <trkpt lat="52.06185000000001" lon="4.55811">
    <ele>-1.33</ele>
   </trkpt>
   <trkpt lat="52.06152" lon="4.5591">
    <ele>-0.25</ele>
   </trkpt>
   <trkpt lat="52.0615" lon="4.559290000000001">
    <ele>-0.25</ele>
   </trkpt>
   <trkpt lat="52.061510000000006" lon="4.5600700000000005">
    <ele>-1.67</ele>
   </trkpt>
   <trkpt lat="52.0615" lon="4.56026">
    <ele>-1.67</ele>
   </trkpt>
   <trkpt lat="52.061440000000005" lon="4.56039">
    <ele>-1.97</ele>
   </trkpt>
   <trkpt lat="52.061400000000006" lon="4.560440000000001">
    <ele>-1.97</ele>
   </trkpt>
   <trkpt lat="52.06058" lon="4.560860000000001">
    <ele>-4.81</ele>
   </trkpt>
   <trkpt lat="52.06051" lon="4.56094">
    <ele>-4.85</ele>
   </trkpt>
   <trkpt lat="52.060020009501976" lon="4.562000023271412">
    <ele>-5.33</ele>
   </trkpt>
   <trkpt lat="52.05953000949473" lon="4.563060023286662">
    <ele>-5.61</ele>
   </trkpt>
   <trkpt lat="52.05904" lon="4.56412">
    <ele>-5.47</ele>
   </trkpt>
   <trkpt lat="52.059050000000006" lon="4.564100000000001">
    <ele>-5.47</ele>
   </trkpt>
   <trkpt lat="52.059020000000004" lon="4.5643">
    <ele>-5.48</ele>
   </trkpt>
   <trkpt lat="52.05919" lon="4.56522">
    <ele>-5.5</ele>
   </trkpt>
   <trkpt lat="52.05937503038403" lon="4.56641830853062">
    <ele>-5.49</ele>
   </trkpt>
   <trkpt lat="52.05956004861553" lon="4.567616626988391">
    <ele>-5.57</ele>
   </trkpt>
   <trkpt lat="52.059745054694304" lon="4.568814955372812">
    <ele>-5.64</ele>
   </trkpt>
   <trkpt lat="52.059930048620174" lon="4.570013293683377">
    <ele>-5.74</ele>
   </trkpt>
   <trkpt lat="52.060115030392964" lon="4.571211641919582">
    <ele>-5.87</ele>
   </trkpt>
   <trkpt lat="52.060300000000005" lon="4.5724100000000005">
    <ele>-5.87</ele>
   </trkpt>
   <trkpt lat="52.0604" lon="4.57298">
    <ele>-5.800000000000001</ele>
   </trkpt>
   <trkpt lat="52.060500000000005" lon="4.57334">
    <ele>-5.59</ele>
   </trkpt>
   <trkpt lat="52.060650002960145" lon="4.574174997250763">
    <ele>-4.21</ele>
   </trkpt>
   <trkpt lat="52.06080000000001" lon="4.575010000000001">
    <ele>-4.109999999999999</ele>
   </trkpt>
   <trkpt lat="52.060970000000005" lon="4.575620000000001">
    <ele>-4.51</ele>
   </trkpt>
   <trkpt lat="52.061020000000006" lon="4.576180000000001">
    <ele>-5.38</ele>
   </trkpt>
   <trkpt lat="52.06100000000001" lon="4.57641">
    <ele>-5.44</ele>
   </trkpt>
   <trkpt lat="52.06092" lon="4.576910000000001">
    <ele>-5.4</ele>
   </trkpt>
   <trkpt lat="52.06091000000001" lon="4.577240000000001">
    <ele>-5.16</ele>
   </trkpt>
   <trkpt lat="52.061110008283684" lon="4.578639993661514">
    <ele>-4.64</ele>
   </trkpt>
   <trkpt lat="52.061310000000006" lon="4.58004">
    <ele>-4.19</ele>
   </trkpt>
   <trkpt lat="52.06148001049182" lon="4.581153324871524">
    <ele>-4.45</ele>
   </trkpt>
   <trkpt lat="52.06165001049387" lon="4.582266658218137">
    <ele>-4.66</ele>
   </trkpt>
   <trkpt lat="52.061820000000004" lon="4.58338">
    <ele>-5.0600000000000005</ele>
   </trkpt>
   <trkpt lat="52.06201" lon="4.58417">
    <ele>-5.140000000000001</ele>
   </trkpt>
   <trkpt lat="52.06208" lon="4.58453">
    <ele>-5.140000000000001</ele>
   </trkpt>
   <trkpt lat="52.06212000000001" lon="4.5848700000000004">
    <ele>-5.140000000000001</ele>
   </trkpt>
   <trkpt lat="52.06215" lon="4.58549">
    <ele>-5.19</ele>
   </trkpt>
   <trkpt lat="52.062200000000004" lon="4.58589">
    <ele>-5.36</ele>
   </trkpt>
   <trkpt lat="52.062360009753114" lon="4.586963325667309">
    <ele>-5.42</ele>
   </trkpt>
   <trkpt lat="52.06252000975674" lon="4.588036659024832">
    <ele>-5.57</ele>
   </trkpt>
   <trkpt lat="52.06268000000001" lon="4.589110000000001">
    <ele>-5.3100000000000005</ele>
   </trkpt>
   <trkpt lat="52.0628" lon="4.59018">
    <ele>-4.36</ele>
   </trkpt>
   <trkpt lat="52.063010000000006" lon="4.59137">
    <ele>-5.44</ele>
   </trkpt>
   <trkpt lat="52.063222286998624" lon="4.592753280746298">
    <ele>-5.670000000000001</ele>
   </trkpt>
   <trkpt lat="52.06343455780393" lon="4.594136574641961">
    <ele>-5.33</ele>
   </trkpt>
   <trkpt lat="52.0636468124156" lon="4.595519881686212">
    <ele>-5.12</ele>
   </trkpt>
   <trkpt lat="52.0638590508334" lon="4.596903201878274">
    <ele>-5.13</ele>
   </trkpt>
   <trkpt lat="52.06407127305704" lon="4.598286535217369">
    <ele>-4.96</ele>
   </trkpt>
   <trkpt lat="52.06428347908623" lon="4.5996698817027175">
    <ele>-4.87</ele>
   </trkpt>
   <trkpt lat="52.0644956689207" lon="4.6010532413335445">
    <ele>-4.64</ele>
   </trkpt>
   <trkpt lat="52.064707842560175" lon="4.6024366141090685">
    <ele>-4.23</ele>
   </trkpt>
   <trkpt lat="52.06492" lon="4.603820000000001">
    <ele>-4.38</ele>
   </trkpt>
   <trkpt lat="52.06509001098516" lon="4.604959991234994">
    <ele>-4.79</ele>
   </trkpt>
   <trkpt lat="52.0652600109724" lon="4.606099991149208">
    <ele>-5.04</ele>
   </trkpt>
   <trkpt lat="52.065430000000006" lon="4.60724">
    <ele>-5.04</ele>
   </trkpt>
   <trkpt lat="52.06548" lon="4.60735">
    <ele>-5.12</ele>
   </trkpt>
   <trkpt lat="52.065470000000005" lon="4.607430000000001">
    <ele>-5.04</ele>
   </trkpt>
   <trkpt lat="52.06550000000001" lon="4.607690000000001">
    <ele>-5.11</ele>
   </trkpt>
   <trkpt lat="52.065470000000005" lon="4.607830000000001">
    <ele>-5.19</ele>
   </trkpt>
   <trkpt lat="52.065450000000006" lon="4.60787">
    <ele>-5.21</ele>
   </trkpt>
   <trkpt lat="52.06544" lon="4.60791">
    <ele>-5.21</ele>
   </trkpt>
   <trkpt lat="52.06533" lon="4.608020000000001">
    <ele>-5.49</ele>
   </trkpt>
   <trkpt lat="52.065110000000004" lon="4.60808">
    <ele>-5.57</ele>
   </trkpt>
   <trkpt lat="52.06436000000001" lon="4.608210000000001">
    <ele>-5.5</ele>
   </trkpt>
   <trkpt lat="52.063770000000005" lon="4.608280000000001">
    <ele>-5.04</ele>
   </trkpt>
   <trkpt lat="52.06316" lon="4.60834">
    <ele>-5.12</ele>
   </trkpt>
   <trkpt lat="52.06298" lon="4.6083300000000005">
    <ele>-5.0200000000000005</ele>
   </trkpt>
   <trkpt lat="52.062110000000004" lon="4.60817">
    <ele>-5.0</ele>
   </trkpt>
   <trkpt lat="52.06136400016623" lon="4.60807399358786">
    <ele>-4.79</ele>
   </trkpt>
   <trkpt lat="52.06061800025444" lon="4.607977990382642">
    <ele>-4.95</ele>
   </trkpt>
   <trkpt lat="52.059872000264676" lon="4.607881990384151">
    <ele>-4.87</ele>
   </trkpt>
   <trkpt lat="52.059126000196905" lon="4.607785993592195">
    <ele>-4.890000000000001</ele>
   </trkpt>
   <trkpt lat="52.05838000000001" lon="4.607690000000001">
    <ele>-4.87</ele>
   </trkpt>
   <trkpt lat="52.057500000000005" lon="4.607550000000001">
    <ele>-4.79</ele>
   </trkpt>
   <trkpt lat="52.056900000000006" lon="4.6074">
    <ele>-4.81</ele>
   </trkpt>
   <trkpt lat="52.05609750125592" lon="4.60708498302321">
    <ele>-4.68</ele>
   </trkpt>
   <trkpt lat="52.055295001672" lon="4.606769977363774">
    <ele>-4.7</ele>
   </trkpt>
   <trkpt lat="52.054492501248326" lon="4.6064549830209724">
    <ele>-5.0600000000000005</ele>
   </trkpt>
   <trkpt lat="52.05369" lon="4.606140000000001">
    <ele>-5.23</ele>
   </trkpt>
   <trkpt lat="52.053053333556875" lon="4.605986662302659">
    <ele>-5.42</ele>
   </trkpt>
   <trkpt lat="52.05241666691478" lon="4.605833328975317">
    <ele>-5.64</ele>
   </trkpt>
   <trkpt lat="52.05178" lon="4.60568">
    <ele>-5.85</ele>
   </trkpt>
   <trkpt lat="52.05113999993124" lon="4.605559998256872">
    <ele>-5.87</ele>
   </trkpt>
   <trkpt lat="52.05050000000001" lon="4.605440000000001">
    <ele>-5.72</ele>
   </trkpt>
   <trkpt lat="52.05042" lon="4.605460000000001">
    <ele>-5.72</ele>
   </trkpt>
   <trkpt lat="52.050340000000006" lon="4.605580000000001">
    <ele>-5.760000000000001</ele>
   </trkpt>
   <trkpt lat="52.049775004566044" lon="4.606620013170576">
    <ele>-6.0600000000000005</ele>
   </trkpt>
   <trkpt lat="52.04921" lon="4.60766">
    <ele>-6.44</ele>
   </trkpt>
   <trkpt lat="52.04907000000001" lon="4.60805">
    <ele>-6.72</ele>
   </trkpt>
   <trkpt lat="52.04900000000001" lon="4.60867">
    <ele>-6.68</ele>
   </trkpt>
   <trkpt lat="52.04901" lon="4.60874">
    <ele>-6.68</ele>
   </trkpt>
   <trkpt lat="52.04907000000001" lon="4.6088700000000005">
    <ele>-6.68</ele>
   </trkpt>
   <trkpt lat="52.049020000000006" lon="4.609570000000001">
    <ele>-6.44</ele>
   </trkpt>
   <trkpt lat="52.04891000000001" lon="4.6101">
    <ele>-5.12</ele>
   </trkpt>
   <trkpt lat="52.04880000000001" lon="4.6111200000000006">
    <ele>-3.5</ele>
   </trkpt>
   <trkpt lat="52.04878" lon="4.611160000000001">
    <ele>-2.9899999999999998</ele>
   </trkpt>
   <trkpt lat="52.04876" lon="4.61117">
    <ele>-2.9899999999999998</ele>
   </trkpt>
   <trkpt lat="52.04871000000001" lon="4.611160000000001">
    <ele>-3.0300000000000002</ele>
   </trkpt>
   <trkpt lat="52.04838" lon="4.611000000000001">
    <ele>-4.13</ele>
   </trkpt>
   <trkpt lat="52.048210000000005" lon="4.61103">
    <ele>-4.32</ele>
   </trkpt>
   <trkpt lat="52.04818" lon="4.61094">
    <ele>-4.38</ele>
   </trkpt>
   <trkpt lat="52.048120000000004" lon="4.61087">
    <ele>-4.38</ele>
   </trkpt>
   <trkpt lat="52.047370000204864" lon="4.610629995959633">
    <ele>-4.68</ele>
   </trkpt>
   <trkpt lat="52.046620000000004" lon="4.610390000000001">
    <ele>-4.7700000000000005</ele>
   </trkpt>
   <trkpt lat="52.04648" lon="4.61029">
    <ele>-4.81</ele>
   </trkpt>
   <trkpt lat="52.0465" lon="4.610320000000001">
    <ele>-4.81</ele>
   </trkpt>
   <trkpt lat="52.04641" lon="4.61021">
    <ele>-4.85</ele>
   </trkpt>
   <trkpt lat="52.04632" lon="4.610060000000001">
    <ele>-4.85</ele>
   </trkpt>
   <trkpt lat="52.04625000000001" lon="4.609850000000001">
    <ele>-4.81</ele>
   </trkpt>
   <trkpt lat="52.04613501775633" lon="4.608667490905692">
    <ele>-4.96</ele>
   </trkpt>
   <trkpt lat="52.04602002367723" lon="4.6074849878965844">
    <ele>-5.0</ele>
   </trkpt>
   <trkpt lat="52.045905017762855" lon="4.606302490973249">
    <ele>-4.96</ele>
   </trkpt>
   <trkpt lat="52.045790000000004" lon="4.60512">
    <ele>-4.96</ele>
   </trkpt>
   <trkpt lat="52.04581" lon="4.60496">
    <ele>-4.79</ele>
   </trkpt>
   <trkpt lat="52.045930000000006" lon="4.604480000000001">
    <ele>-4.79</ele>
   </trkpt>
   <trkpt lat="52.045950000000005" lon="4.604290000000001">
    <ele>-4.79</ele>
   </trkpt>
   <trkpt lat="52.04592" lon="4.60388">
    <ele>-4.83</ele>
   </trkpt>
   <trkpt lat="52.04581334606631" lon="4.6026533274437575">
    <ele>-4.79</ele>
   </trkpt>
   <trkpt lat="52.045706679396666" lon="4.601426660742743">
    <ele>-4.79</ele>
   </trkpt>
   <trkpt lat="52.04560000000001" lon="4.6002">
    <ele>-5.0</ele>
   </trkpt>
   <trkpt lat="52.04547802808231" lon="4.5989119859292735">
    <ele>-4.96</ele>
   </trkpt>
   <trkpt lat="52.04535604212297" lon="4.597623978889472">
    <ele>-5.0200000000000005</ele>
   </trkpt>
   <trkpt lat="52.04523404212213" lon="4.596335978881336">
    <ele>-4.79</ele>
   </trkpt>
   <trkpt lat="52.04511202807991" lon="4.595047985905605">
    <ele>-4.85</ele>
   </trkpt>
   <trkpt lat="52.044990000000006" lon="4.5937600000000005">
    <ele>-4.79</ele>
   </trkpt>
   <trkpt lat="52.04488000632564" lon="4.592539997292795">
    <ele>-4.68</ele>
   </trkpt>
   <trkpt lat="52.04477000000001" lon="4.5913200000000005">
    <ele>-4.66</ele>
   </trkpt>
   <trkpt lat="52.04487" lon="4.5913200000000005">
    <ele>-3.96</ele>
   </trkpt>
   <trkpt lat="52.044920000000005" lon="4.59137">
    <ele>-3.96</ele>
   </trkpt>
   <trkpt lat="52.044940000000004" lon="4.591290000000001">
    <ele>-3.5</ele>
   </trkpt>
   <trkpt lat="52.045030000000004" lon="4.5912500000000005">
    <ele>-3.5</ele>
   </trkpt>
   <trkpt lat="52.0448986110154" lon="4.5900014065569295">
    <ele>-3.4800000000000004</ele>
   </trkpt>
   <trkpt lat="52.044767208835424" lon="4.5887528204556105">
    <ele>-3.33</ele>
   </trkpt>
   <trkpt lat="52.04463579346028" lon="4.587504241696703">
    <ele>-3.16</ele>
   </trkpt>
   <trkpt lat="52.04450436489004" lon="4.586255670280866">
    <ele>-3.1300000000000003</ele>
   </trkpt>
   <trkpt lat="52.04437292312489" lon="4.585007106208757">
    <ele>-3.67</ele>
   </trkpt>
   <trkpt lat="52.04424146816495" lon="4.583758549481039">
    <ele>-3.8300000000000005</ele>
   </trkpt>
   <trkpt lat="52.04411" lon="4.58251">
    <ele>-3.67</ele>
   </trkpt>
   <trkpt lat="52.04403000000001" lon="4.58211">
    <ele>-3.69</ele>
   </trkpt>
   <trkpt lat="52.04401000000001" lon="4.58147">
    <ele>-3.22</ele>
   </trkpt>
   <trkpt lat="52.0439150028268" lon="4.580649998094275">
    <ele>-2.9600000000000004</ele>
   </trkpt>
   <trkpt lat="52.043820000000004" lon="4.57983">
    <ele>-2.65</ele>
   </trkpt>
   <trkpt lat="52.043820000000004" lon="4.57939">
    <ele>-2.5100000000000002</ele>
   </trkpt>
   <trkpt lat="52.043890000000005" lon="4.579160000000001">
    <ele>-2.5100000000000002</ele>
   </trkpt>
   <trkpt lat="52.04402" lon="4.57889">
    <ele>-2.5</ele>
   </trkpt>
   <trkpt lat="52.043925004833845" lon="4.577819997596358">
    <ele>-2.31</ele>
   </trkpt>
   <trkpt lat="52.04383000000001" lon="4.5767500000000005">
    <ele>-1.93</ele>
   </trkpt>
   <trkpt lat="52.04379" lon="4.57585">
    <ele>-1.93</ele>
   </trkpt>
   <trkpt lat="52.043800000000005" lon="4.57585">
    <ele>-1.93</ele>
   </trkpt>
   <trkpt lat="52.04333999994622" lon="4.575905000574024">
    <ele>-2.31</ele>
   </trkpt>
   <trkpt lat="52.042880000000004" lon="4.57596">
    <ele>-1.75</ele>
   </trkpt>
   <trkpt lat="52.043000000000006" lon="4.57692">
    <ele>-2.48</ele>
   </trkpt>
   <trkpt lat="52.043040000000005" lon="4.57742">
    <ele>-3.33</ele>
   </trkpt>
   <trkpt lat="52.043020000000006" lon="4.577640000000001">
    <ele>-3.6400000000000006</ele>
   </trkpt>
   <trkpt lat="52.04298000000001" lon="4.57781">
    <ele>-3.94</ele>
   </trkpt>
   <trkpt lat="52.042910000000006" lon="4.57798">
    <ele>-4.0200000000000005</ele>
   </trkpt>
   <trkpt lat="52.04274" lon="4.57828">
    <ele>-4.17</ele>
   </trkpt>
   <trkpt lat="52.04238" lon="4.577640000000001">
    <ele>-4.9799999999999995</ele>
   </trkpt>
   <trkpt lat="52.042280000000005" lon="4.57758">
    <ele>-4.96</ele>
   </trkpt>
   <trkpt lat="52.04155750000389" lon="4.577615001697798">
    <ele>-4.96</ele>
   </trkpt>
   <trkpt lat="52.040834999997394" lon="4.577650002264064">
    <ele>-4.9799999999999995</ele>
   </trkpt>
   <trkpt lat="52.04011249998055" lon="4.577685001698863">
    <ele>-4.85</ele>
   </trkpt>
   <trkpt lat="52.039390000000004" lon="4.57772">
    <ele>-4.96</ele>
   </trkpt>
   <trkpt lat="52.03854400141596" lon="4.577913032872724">
    <ele>-5.04</ele>
   </trkpt>
   <trkpt lat="52.0376980025165" lon="4.57810605843923">
    <ele>-4.96</ele>
   </trkpt>
   <trkpt lat="52.03685200330168" lon="4.578299076700015">
    <ele>-4.96</ele>
   </trkpt>
   <trkpt lat="52.03600600377151" lon="4.578492087655574">
    <ele>-4.83</ele>
   </trkpt>
   <trkpt lat="52.03516000392602" lon="4.578685091306404">
    <ele>-4.79</ele>
   </trkpt>
   <trkpt lat="52.03431400376522" lon="4.578878087653002">
    <ele>-4.890000000000001</ele>
   </trkpt>
   <trkpt lat="52.033468003289144" lon="4.579071076695861">
    <ele>-4.96</ele>
   </trkpt>
   <trkpt lat="52.032622002497796" lon="4.579264058435481">
    <ele>-4.81</ele>
   </trkpt>
   <trkpt lat="52.0317760013912" lon="4.579457032872356">
    <ele>-4.87</ele>
   </trkpt>
   <trkpt lat="52.030930000000005" lon="4.57965">
    <ele>-4.79</ele>
   </trkpt>
   <trkpt lat="52.03008666699998" lon="4.57984667408345">
    <ele>-4.890000000000001</ele>
   </trkpt>
   <trkpt lat="52.02924333367253" lon="4.580043340748575">
    <ele>-4.96</ele>
   </trkpt>
   <trkpt lat="52.028400000000005" lon="4.580240000000001">
    <ele>-4.79</ele>
   </trkpt>
   <trkpt lat="52.02776000000001" lon="4.580380000000001">
    <ele>-5.2700000000000005</ele>
   </trkpt>
   <trkpt lat="52.02729000000001" lon="4.58042">
    <ele>-4.55</ele>
   </trkpt>
   <trkpt lat="52.02723" lon="4.58042">
    <ele>-4.47</ele>
   </trkpt>
   <trkpt lat="52.027190000000004" lon="4.580380000000001">
    <ele>-4.47</ele>
   </trkpt>
   <trkpt lat="52.02723" lon="4.58035">
    <ele>-4.19</ele>
   </trkpt>
   <trkpt lat="52.02725" lon="4.5802700000000005">
    <ele>-4.19</ele>
   </trkpt>
   <trkpt lat="52.02731000000001" lon="4.57985">
    <ele>-3.49</ele>
   </trkpt>
   <trkpt lat="52.02725" lon="4.57974">
    <ele>-3.3800000000000003</ele>
   </trkpt>
   <trkpt lat="52.027010000000004" lon="4.57969">
    <ele>-3.54</ele>
   </trkpt>
   <trkpt lat="52.026610000000005" lon="4.57969">
    <ele>-4.0600000000000005</ele>
   </trkpt>
   <trkpt lat="52.02653" lon="4.57972">
    <ele>-4.0200000000000005</ele>
   </trkpt>
   <trkpt lat="52.02611" lon="4.58">
    <ele>-2.25</ele>
   </trkpt>
   <trkpt lat="52.02606" lon="4.580010000000001">
    <ele>-2.25</ele>
   </trkpt>
   <trkpt lat="52.026" lon="4.57998">
    <ele>-1.77</ele>
   </trkpt>
   <trkpt lat="52.025960000000005" lon="4.57992">
    <ele>-1.77</ele>
   </trkpt>
   <trkpt lat="52.02593" lon="4.579750000000001">
    <ele>-1.58</ele>
   </trkpt>
   <trkpt lat="52.02593" lon="4.57948">
    <ele>-1.51</ele>
   </trkpt>
   <trkpt lat="52.025960000000005" lon="4.5792600000000006">
    <ele>-1.53</ele>
   </trkpt>
   <trkpt lat="52.026070000000004" lon="4.5788400000000005">
    <ele>-2.14</ele>
   </trkpt>
   <trkpt lat="52.02611" lon="4.57876">
    <ele>-2.14</ele>
   </trkpt>
   <trkpt lat="52.026160000000004" lon="4.578720000000001">
    <ele>-2.69</ele>
   </trkpt>
   <trkpt lat="52.026210000000006" lon="4.57871">
    <ele>-2.69</ele>
   </trkpt>
   <trkpt lat="52.026270000000004" lon="4.57875">
    <ele>-2.69</ele>
   </trkpt>
   <trkpt lat="52.02631" lon="4.5788">
    <ele>-3.21</ele>
   </trkpt>
   <trkpt lat="52.02633" lon="4.578930000000001">
    <ele>-3.21</ele>
   </trkpt>
   <trkpt lat="52.026320000000005" lon="4.579020000000001">
    <ele>-3.96</ele>
   </trkpt>
   <trkpt lat="52.02629" lon="4.579090000000001">
    <ele>-3.96</ele>
   </trkpt>
   <trkpt lat="52.026250000000005" lon="4.57913">
    <ele>-3.96</ele>
   </trkpt>
   <trkpt lat="52.02619000000001" lon="4.57915">
    <ele>-4.3</ele>
   </trkpt>
   <trkpt lat="52.025960000000005" lon="4.57906">
    <ele>-4.79</ele>
   </trkpt>
   <trkpt lat="52.025760000000005" lon="4.57904">
    <ele>-4.83</ele>
   </trkpt>
   <trkpt lat="52.025650000000006" lon="4.57904">
    <ele>-4.7700000000000005</ele>
   </trkpt>
   <trkpt lat="52.0255" lon="4.57908">
    <ele>-4.45</ele>
   </trkpt>
   <trkpt lat="52.025380000000006" lon="4.579070000000001">
    <ele>-4.45</ele>
   </trkpt>
   <trkpt lat="52.025220000000004" lon="4.57918">
    <ele>-3.16</ele>
   </trkpt>
   <trkpt lat="52.025150000000004" lon="4.579280000000001">
    <ele>-3.16</ele>
   </trkpt>
   <trkpt lat="52.02497" lon="4.5793800000000005">
    <ele>-2.5300000000000002</ele>
   </trkpt>
   <trkpt lat="52.024680000000004" lon="4.579490000000001">
    <ele>-2.1100000000000003</ele>
   </trkpt>
   <trkpt lat="52.02441" lon="4.5795200000000005">
    <ele>-1.97</ele>
   </trkpt>
   <trkpt lat="52.02429000000001" lon="4.5795900000000005">
    <ele>-1.97</ele>
   </trkpt>
   <trkpt lat="52.02423" lon="4.579540000000001">
    <ele>-2.1300000000000003</ele>
   </trkpt>
   <trkpt lat="52.02349000005118" lon="4.579577501859609">
    <ele>-2.43</ele>
   </trkpt>
   <trkpt lat="52.022750000090454" lon="4.579615002478304">
    <ele>-2.2</ele>
   </trkpt>
   <trkpt lat="52.02201000011782" lon="4.579652501856159">
    <ele>-2.14</ele>
   </trkpt>
   <trkpt lat="52.02127" lon="4.57969">
    <ele>-2.16</ele>
   </trkpt>
   <trkpt lat="52.02041333335626" lon="4.579721669698846">
    <ele>-2.31</ele>
   </trkpt>
   <trkpt lat="52.01955666670403" lon="4.579753338184685">
    <ele>-2.19</ele>
   </trkpt>
   <trkpt lat="52.0187000000433" lon="4.579785005457597">
    <ele>-2.08</ele>
   </trkpt>
   <trkpt lat="52.017843333374095" lon="4.579816671517668">
    <ele>-2.1300000000000003</ele>
   </trkpt>
   <trkpt lat="52.01698666669639" lon="4.579848336364982">
    <ele>-2.2</ele>
   </trkpt>
   <trkpt lat="52.016130000000004" lon="4.57988">
    <ele>-2.2600000000000002</ele>
   </trkpt>
   <trkpt lat="52.01556999985431" lon="4.579915000447524">
    <ele>-2.56</ele>
   </trkpt>
   <trkpt lat="52.015010000000004" lon="4.57995">
    <ele>-2.14</ele>
   </trkpt>
   <trkpt lat="52.01485" lon="4.57995">
    <ele>-1.9200000000000002</ele>
   </trkpt>
   <trkpt lat="52.01487" lon="4.57995">
    <ele>-1.9400000000000002</ele>
   </trkpt>
   <trkpt lat="52.014920000000004" lon="4.57955">
    <ele>-2.43</ele>
   </trkpt>
   <trkpt lat="52.01491000000001" lon="4.57936">
    <ele>-2.43</ele>
   </trkpt>
   <trkpt lat="52.01489" lon="4.57918">
    <ele>-2.5100000000000002</ele>
   </trkpt>
   <trkpt lat="52.01485" lon="4.57906">
    <ele>-2.5100000000000002</ele>
   </trkpt>
   <trkpt lat="52.01446000000001" lon="4.5783700000000005">
    <ele>-2.58</ele>
   </trkpt>
   <trkpt lat="52.01436" lon="4.57815">
    <ele>-2.58</ele>
   </trkpt>
   <trkpt lat="52.014070000000004" lon="4.57721">
    <ele>-2.67</ele>
   </trkpt>
   <trkpt lat="52.01397000000001" lon="4.577030000000001">
    <ele>-2.67</ele>
   </trkpt>
   <trkpt lat="52.013690000000004" lon="4.576720000000001">
    <ele>-3.0700000000000003</ele>
   </trkpt>
   <trkpt lat="52.01312000000001" lon="4.5760000000000005">
    <ele>-2.8800000000000003</ele>
   </trkpt>
   <trkpt lat="52.0125" lon="4.57517">
    <ele>-2.9899999999999998</ele>
   </trkpt>
   <trkpt lat="52.01214000080778" lon="4.574714996252537">
    <ele>-2.8100000000000005</ele>
   </trkpt>
   <trkpt lat="52.01178" lon="4.574260000000001">
    <ele>-2.97</ele>
   </trkpt>
   <trkpt lat="52.01158" lon="4.573910000000001">
    <ele>-3.4000000000000004</ele>
   </trkpt>
   <trkpt lat="52.01126000000001" lon="4.573130000000001">
    <ele>-3.35</ele>
   </trkpt>
   <trkpt lat="52.01088751224968" lon="4.572147475437576">
    <ele>-3.52</ele>
   </trkpt>
   <trkpt lat="52.010515016326195" lon="4.571164967232923">
    <ele>-3.7</ele>
   </trkpt>
   <trkpt lat="52.01014251222978" lon="4.570182475385912">
    <ele>-3.8000000000000003</ele>
   </trkpt>
   <trkpt lat="52.00977" lon="4.5692">
    <ele>-3.8300000000000005</ele>
   </trkpt>
   <trkpt lat="52.00943500287535" lon="4.568364993558959">
    <ele>-3.72</ele>
   </trkpt>
   <trkpt lat="52.009100000000004" lon="4.5675300000000005">
    <ele>-3.4800000000000004</ele>
   </trkpt>
   <trkpt lat="52.008750000000006" lon="4.56649">
    <ele>-4.04</ele>
   </trkpt>
   <trkpt lat="52.00836" lon="4.56548">
    <ele>-4.17</ele>
   </trkpt>
   <trkpt lat="52.00791667765116" lon="4.564339977364111">
    <ele>-4.0</ele>
   </trkpt>
   <trkpt lat="52.00747334429859" lon="4.563199977315058">
    <ele>-4.13</ele>
   </trkpt>
   <trkpt lat="52.00703000000001" lon="4.562060000000001">
    <ele>-3.21</ele>
   </trkpt>
   <trkpt lat="52.0069" lon="4.561800000000001">
    <ele>-2.52</ele>
   </trkpt>
   <trkpt lat="52.00645" lon="4.562250000000001">
    <ele>-2.9600000000000004</ele>
   </trkpt>
   <trkpt lat="52.006420000000006" lon="4.5622300000000005">
    <ele>-2.97</ele>
   </trkpt>
   <trkpt lat="52.006150000000005" lon="4.56142">
    <ele>-3.39</ele>
   </trkpt>
   <trkpt lat="52.00607" lon="4.561240000000001">
    <ele>-3.39</ele>
   </trkpt>
   <trkpt lat="52.00598" lon="4.56111">
    <ele>-3.39</ele>
   </trkpt>
   <trkpt lat="52.00562500404516" lon="4.560129992169477">
    <ele>-3.33</ele>
   </trkpt>
   <trkpt lat="52.00527" lon="4.559150000000001">
    <ele>-3.33</ele>
   </trkpt>
   <trkpt lat="52.00518" lon="4.55895">
    <ele>-3.33</ele>
   </trkpt>
   <trkpt lat="52.0047066716565" lon="4.558183317138465">
    <ele>-3.23</ele>
   </trkpt>
   <trkpt lat="52.004233338336135" lon="4.557416650493053">
    <ele>-3.16</ele>
   </trkpt>
   <trkpt lat="52.00376000000001" lon="4.55665">
    <ele>-3.2900000000000005</ele>
   </trkpt>
   <trkpt lat="52.00309500367362" lon="4.555714986069843">
    <ele>-3.5</ele>
   </trkpt>
   <trkpt lat="52.002430000000004" lon="4.55478">
    <ele>-3.16</ele>
   </trkpt>
   <trkpt lat="52.002320000000005" lon="4.55468">
    <ele>-3.16</ele>
   </trkpt>
   <trkpt lat="52.00216" lon="4.55463">
    <ele>-2.91</ele>
   </trkpt>
   <trkpt lat="52.00202" lon="4.554670000000001">
    <ele>-2.91</ele>
   </trkpt>
   <trkpt lat="52.001900000000006" lon="4.55475">
    <ele>-2.85</ele>
   </trkpt>
   <trkpt lat="52.001870000000004" lon="4.554790000000001">
    <ele>-2.85</ele>
   </trkpt>
   <trkpt lat="52.001830000000005" lon="4.554790000000001">
    <ele>-2.85</ele>
   </trkpt>
   <trkpt lat="52.001425001654724" lon="4.555430005916071">
    <ele>-2.84</ele>
   </trkpt>
   <trkpt lat="52.001020000000004" lon="4.55607">
    <ele>-2.97</ele>
   </trkpt>
   <trkpt lat="52.000930000000004" lon="4.556150000000001">
    <ele>-2.97</ele>
   </trkpt>
   <trkpt lat="52.000750000000004" lon="4.55626">
    <ele>-2.8000000000000003</ele>
   </trkpt>
   <trkpt lat="52.00032" lon="4.55646">
    <ele>-1.84</ele>
   </trkpt>
   <trkpt lat="52.00005" lon="4.55686">
    <ele>-1.84</ele>
   </trkpt>
   <trkpt lat="51.999900000000004" lon="4.55705">
    <ele>-1.84</ele>
   </trkpt>
   <trkpt lat="51.999900000000004" lon="4.5571">
    <ele>-1.84</ele>
   </trkpt>
   <trkpt lat="51.99918" lon="4.557460000000001">
    <ele>-1.93</ele>
   </trkpt>
   <trkpt lat="51.99850000000001" lon="4.55769">
    <ele>-1.99</ele>
   </trkpt>
   <trkpt lat="51.99841000000001" lon="4.5577000000000005">
    <ele>-1.99</ele>
   </trkpt>
   <trkpt lat="51.99821000000001" lon="4.55769">
    <ele>-1.97</ele>
   </trkpt>
   <trkpt lat="51.99813" lon="4.55766">
    <ele>-1.97</ele>
   </trkpt>
   <trkpt lat="51.997960000000006" lon="4.5575600000000005">
    <ele>-1.97</ele>
   </trkpt>
   <trkpt lat="51.99761" lon="4.5571600000000005">
    <ele>-1.84</ele>
   </trkpt>
   <trkpt lat="51.997330000000005" lon="4.556920000000001">
    <ele>-1.6900000000000002</ele>
   </trkpt>
   <trkpt lat="51.99719" lon="4.5568800000000005">
    <ele>-1.68</ele>
   </trkpt>
   <trkpt lat="51.99700000000001" lon="4.55691">
    <ele>-1.7000000000000002</ele>
   </trkpt>
   <trkpt lat="51.99691000000001" lon="4.556900000000001">
    <ele>-1.7000000000000002</ele>
   </trkpt>
   <trkpt lat="51.99683" lon="4.55686">
    <ele>-1.7000000000000002</ele>
   </trkpt>
   <trkpt lat="51.996680000000005" lon="4.55675">
    <ele>-1.67</ele>
   </trkpt>
   <trkpt lat="51.996500000000005" lon="4.556520000000001">
    <ele>-1.67</ele>
   </trkpt>
   <trkpt lat="51.99607500211851" lon="4.555839993802115">
    <ele>-1.77</ele>
   </trkpt>
   <trkpt lat="51.995650000000005" lon="4.555160000000001">
    <ele>-1.75</ele>
   </trkpt>
   <trkpt lat="51.99514000952704" lon="4.554292470300992">
    <ele>-1.84</ele>
   </trkpt>
   <trkpt lat="51.994630012681306" lon="4.5534249603655725">
    <ele>-1.84</ele>
   </trkpt>
   <trkpt lat="51.99412000946305" lon="4.5525574701931735">
    <ele>-1.76</ele>
   </trkpt>
   <trkpt lat="51.993610000000004" lon="4.551690000000001">
    <ele>-1.67</ele>
   </trkpt>
   <trkpt lat="51.99313500296237" lon="4.550859991274586">
    <ele>-1.84</ele>
   </trkpt>
   <trkpt lat="51.99266" lon="4.5500300000000005">
    <ele>-1.77</ele>
   </trkpt>
   <trkpt lat="51.99227000245803" lon="4.549269993404789">
    <ele>-1.86</ele>
   </trkpt>
   <trkpt lat="51.99188" lon="4.54851">
    <ele>-1.93</ele>
   </trkpt>
   <trkpt lat="51.99159500155773" lon="4.547884995811078">
    <ele>-1.93</ele>
   </trkpt>
   <trkpt lat="51.991310000000006" lon="4.5472600000000005">
    <ele>-1.54</ele>
   </trkpt>
   <trkpt lat="51.991220000000006" lon="4.5471200000000005">
    <ele>-1.54</ele>
   </trkpt>
   <trkpt lat="51.991110000000006" lon="4.5470500000000005">
    <ele>-1.54</ele>
   </trkpt>
   <trkpt lat="51.99098000000001" lon="4.5470500000000005">
    <ele>-1.37</ele>
   </trkpt>
   <trkpt lat="51.99087" lon="4.547090000000001">
    <ele>-1.16</ele>
   </trkpt>
   <trkpt lat="51.990730000000006" lon="4.54621">
    <ele>-1.08</ele>
   </trkpt>
   <trkpt lat="51.99060000000001" lon="4.546270000000001">
    <ele>-1.33</ele>
   </trkpt>
   <trkpt lat="51.989920000000005" lon="4.54649">
    <ele>-1.58</ele>
   </trkpt>
   <trkpt lat="51.98944" lon="4.54678">
    <ele>-1.35</ele>
   </trkpt>
   <trkpt lat="51.989340000000006" lon="4.54682">
    <ele>-1.34</ele>
   </trkpt>
   <trkpt lat="51.98921000000001" lon="4.546830000000001">
    <ele>-1.41</ele>
   </trkpt>
   <trkpt lat="51.989020000000004" lon="4.546740000000001">
    <ele>-1.59</ele>
   </trkpt>
   <trkpt lat="51.98884" lon="4.54675">
    <ele>-1.75</ele>
   </trkpt>
   <trkpt lat="51.988640000000004" lon="4.54678">
    <ele>-2.08</ele>
   </trkpt>
   <trkpt lat="51.98805" lon="4.54692">
    <ele>-2.65</ele>
   </trkpt>
   <trkpt lat="51.988040000000005" lon="4.546480000000001">
    <ele>-3.68</ele>
   </trkpt>
   <trkpt lat="51.9881" lon="4.54616">
    <ele>-5.17</ele>
   </trkpt>
   <trkpt lat="51.988130000000005" lon="4.54588">
    <ele>-5.72</ele>
   </trkpt>
   <trkpt lat="51.988240000000005" lon="4.545470000000001">
    <ele>-6.0600000000000005</ele>
   </trkpt>
   <trkpt lat="51.988290000000006" lon="4.5452200000000005">
    <ele>-5.9799999999999995</ele>
   </trkpt>
   <trkpt lat="51.988330000000005" lon="4.544650000000001">
    <ele>-5.72</ele>
   </trkpt>
   <trkpt lat="51.988310000000006" lon="4.5442100000000005">
    <ele>-5.64</ele>
   </trkpt>
   <trkpt lat="51.98825" lon="4.54392">
    <ele>-5.64</ele>
   </trkpt>
   <trkpt lat="51.98792" lon="4.54272">
    <ele>-5.68</ele>
   </trkpt>
   <trkpt lat="51.987770000000005" lon="4.54241">
    <ele>-5.59</ele>
   </trkpt>
   <trkpt lat="51.987770000000005" lon="4.5423100000000005">
    <ele>-5.59</ele>
   </trkpt>
   <trkpt lat="51.987860000000005" lon="4.5422">
    <ele>-5.59</ele>
   </trkpt>
   <trkpt lat="51.98807000000001" lon="4.5420300000000005">
    <ele>-5.48</ele>
   </trkpt>
   <trkpt lat="51.98809000000001" lon="4.541910000000001">
    <ele>-5.48</ele>
   </trkpt>
   <trkpt lat="51.98807000000001" lon="4.54183">
    <ele>-5.48</ele>
   </trkpt>
   <trkpt lat="51.98796" lon="4.54166">
    <ele>-5.64</ele>
   </trkpt>
   <trkpt lat="51.98791000000001" lon="4.54154">
    <ele>-5.64</ele>
   </trkpt>
   <trkpt lat="51.987735001880324" lon="4.54086499717388">
    <ele>-5.64</ele>
   </trkpt>
   <trkpt lat="51.98756" lon="4.54019">
    <ele>-5.55</ele>
   </trkpt>
   <trkpt lat="51.987480000000005" lon="4.53997">
    <ele>-5.55</ele>
   </trkpt>
   <trkpt lat="51.987300000000005" lon="4.53962">
    <ele>-5.48</ele>
   </trkpt>
   <trkpt lat="51.987280000000005" lon="4.53936">
    <ele>-5.38</ele>
   </trkpt>
   <trkpt lat="51.98725" lon="4.53929">
    <ele>-5.38</ele>
   </trkpt>
   <trkpt lat="51.987030000000004" lon="4.539000000000001">
    <ele>-5.59</ele>
   </trkpt>
   <trkpt lat="51.98704000000001" lon="4.53901">
    <ele>-5.59</ele>
   </trkpt>
   <trkpt lat="51.987080000000006" lon="4.5389100000000004">
    <ele>-5.59</ele>
   </trkpt>
   <trkpt lat="51.987190000000005" lon="4.53875">
    <ele>-6.08</ele>
   </trkpt>
   <trkpt lat="51.98768251288541" lon="4.537742533255929">
    <ele>-6.53</ele>
   </trkpt>
   <trkpt lat="51.98817501717535" lon="4.536735044352641">
    <ele>-6.48</ele>
   </trkpt>
   <trkpt lat="51.98866751286952" lon="4.535727533289643">
    <ele>-6.17</ele>
   </trkpt>
   <trkpt lat="51.989160000000005" lon="4.53472">
    <ele>-5.800000000000001</ele>
   </trkpt>
   <trkpt lat="51.98964" lon="4.5336300000000005">
    <ele>-5.64</ele>
   </trkpt>
   <trkpt lat="51.98968000000001" lon="4.53322">
    <ele>-5.760000000000001</ele>
   </trkpt>
   <trkpt lat="51.989720000000005" lon="4.5331">
    <ele>-5.760000000000001</ele>
   </trkpt>
   <trkpt lat="51.990203341389275" lon="4.532123354460299">
    <ele>-6.08</ele>
   </trkpt>
   <trkpt lat="51.990686674701124" lon="4.531146687837399">
    <ele>-6.42</ele>
   </trkpt>
   <trkpt lat="51.991170000000004" lon="4.53017">
    <ele>-5.87</ele>
   </trkpt>
   <trkpt lat="51.991350000000004" lon="4.52993">
    <ele>-5.81</ele>
   </trkpt>
   <trkpt lat="51.991350000000004" lon="4.52981">
    <ele>-5.81</ele>
   </trkpt>
   <trkpt lat="51.991330000000005" lon="4.52975">
    <ele>-5.81</ele>
   </trkpt>
   <trkpt lat="51.99107000000001" lon="4.52934">
    <ele>-5.83</ele>
   </trkpt>
   <trkpt lat="51.99105" lon="4.52925">
    <ele>-5.83</ele>
   </trkpt>
   <trkpt lat="51.991040000000005" lon="4.52892">
    <ele>-5.85</ele>
   </trkpt>
   <trkpt lat="51.99109000000001" lon="4.528980000000001">
    <ele>-5.930000000000001</ele>
   </trkpt>
   <trkpt lat="51.991150000000005" lon="4.52901">
    <ele>-5.930000000000001</ele>
   </trkpt>
   <trkpt lat="51.99139" lon="4.529050000000001">
    <ele>-6.3100000000000005</ele>
   </trkpt>
   <trkpt lat="51.991440000000004" lon="4.52904">
    <ele>-6.3100000000000005</ele>
   </trkpt>
   <trkpt lat="51.99148" lon="4.52899">
    <ele>-6.3100000000000005</ele>
   </trkpt>
   <trkpt lat="51.991988016922576" lon="4.52799004540648">
    <ele>-6.760000000000001</ele>
   </trkpt>
   <trkpt lat="51.99249602537769" lon="4.526990068123085">
    <ele>-6.65</ele>
   </trkpt>
   <trkpt lat="51.99300402536502" lon="4.525990068149262">
    <ele>-6.44</ele>
   </trkpt>
   <trkpt lat="51.99351201688422" lon="4.5249900454844605">
    <ele>-6.12</ele>
   </trkpt>
   <trkpt lat="51.994020000000006" lon="4.52399">
    <ele>-5.95</ele>
   </trkpt>
   <trkpt lat="51.99414" lon="4.52386">
    <ele>-5.7</ele>
   </trkpt>
   <trkpt lat="51.99418000000001" lon="4.52379">
    <ele>-5.7</ele>
   </trkpt>
   <trkpt lat="51.99421" lon="4.52369">
    <ele>-5.46</ele>
   </trkpt>
   <trkpt lat="51.994200000000006" lon="4.52358">
    <ele>-5.46</ele>
   </trkpt>
   <trkpt lat="51.994150000000005" lon="4.52345">
    <ele>-5.15</ele>
   </trkpt>
   <trkpt lat="51.993990000000004" lon="4.52327">
    <ele>-4.28</ele>
   </trkpt>
   <trkpt lat="51.993970000000004" lon="4.523210000000001">
    <ele>-4.28</ele>
   </trkpt>
   <trkpt lat="51.993970000000004" lon="4.522950000000001">
    <ele>-3.67</ele>
   </trkpt>
   <trkpt lat="51.994170000000004" lon="4.52301">
    <ele>-3.7</ele>
   </trkpt>
   <trkpt lat="51.994460000000004" lon="4.52294">
    <ele>-2.9899999999999998</ele>
   </trkpt>
   <trkpt lat="51.994600000000005" lon="4.52294">
    <ele>-2.82</ele>
   </trkpt>
   <trkpt lat="51.994670000000006" lon="4.52297">
    <ele>-2.69</ele>
   </trkpt>
   <trkpt lat="51.995070000000005" lon="4.523230000000001">
    <ele>-2.4899999999999998</ele>
   </trkpt>
   <trkpt lat="51.995610000000006" lon="4.52348">
    <ele>-2.65</ele>
   </trkpt>
   <trkpt lat="51.99578" lon="4.523540000000001">
    <ele>-2.82</ele>
   </trkpt>
   <trkpt lat="51.99593" lon="4.52365">
    <ele>-3.0300000000000002</ele>
   </trkpt>
   <trkpt lat="51.996390000000005" lon="4.52423">
    <ele>-4.72</ele>
   </trkpt>
   <trkpt lat="51.9966" lon="4.52442">
    <ele>-5.0</ele>
   </trkpt>
   <trkpt lat="51.99687" lon="4.52458">
    <ele>-5.12</ele>
   </trkpt>
   <trkpt lat="51.99762833577509" lon="4.524919971200735">
    <ele>-5.0</ele>
   </trkpt>
   <trkpt lat="51.998386670571456" lon="4.525259953919314">
    <ele>-4.83</ele>
   </trkpt>
   <trkpt lat="51.999145004389035" lon="4.525599948156429">
    <ele>-4.38</ele>
   </trkpt>
   <trkpt lat="51.999903337227785" lon="4.525939953912766">
    <ele>-4.23</ele>
   </trkpt>
   <trkpt lat="52.00066166908761" lon="4.526279971189017">
    <ele>-4.15</ele>
   </trkpt>
   <trkpt lat="52.00142" lon="4.52662">
    <ele>-4.109999999999999</ele>
   </trkpt>
   <trkpt lat="52.00153" lon="4.52664">
    <ele>-3.94</ele>
   </trkpt>
   <trkpt lat="52.001630000000006" lon="4.52662">
    <ele>-3.8000000000000003</ele>
   </trkpt>
   <trkpt lat="52.00179000000001" lon="4.52653">
    <ele>-3.04</ele>
   </trkpt>
   <trkpt lat="52.00193" lon="4.52648">
    <ele>-3.04</ele>
   </trkpt>
   <trkpt lat="52.00216" lon="4.52648">
    <ele>-2.83</ele>
   </trkpt>
   <trkpt lat="52.00283" lon="4.52679">
    <ele>-2.8000000000000003</ele>
   </trkpt>
   <trkpt lat="52.00289" lon="4.52686">
    <ele>-2.8000000000000003</ele>
   </trkpt>
   <trkpt lat="52.00296" lon="4.52702">
    <ele>-2.82</ele>
   </trkpt>
   <trkpt lat="52.003080000000004" lon="4.52693">
    <ele>-2.43</ele>
   </trkpt>
   <trkpt lat="52.003190000000004" lon="4.5269200000000005">
    <ele>-2.43</ele>
   </trkpt>
   <trkpt lat="52.00332" lon="4.52688">
    <ele>-2.2700000000000005</ele>
   </trkpt>
   <trkpt lat="52.003510000000006" lon="4.52686">
    <ele>-2.19</ele>
   </trkpt>
   <trkpt lat="52.003620000000005" lon="4.52681">
    <ele>-2.19</ele>
   </trkpt>
   <trkpt lat="52.00368" lon="4.526800000000001">
    <ele>-2.47</ele>
   </trkpt>
   <trkpt lat="52.003820000000005" lon="4.526820000000001">
    <ele>-2.47</ele>
   </trkpt>
   <trkpt lat="52.004160000000006" lon="4.52691">
    <ele>-2.52</ele>
   </trkpt>
   <trkpt lat="52.00421000000001" lon="4.526890000000001">
    <ele>-2.47</ele>
   </trkpt>
   <trkpt lat="52.00430000000001" lon="4.526890000000001">
    <ele>-2.47</ele>
   </trkpt>
   <trkpt lat="52.004560000000005" lon="4.527010000000001">
    <ele>-2.5700000000000003</ele>
   </trkpt>
   <trkpt lat="52.00462" lon="4.52665">
    <ele>-3.4600000000000004</ele>
   </trkpt>
   <trkpt lat="52.00470000000001" lon="4.5264500000000005">
    <ele>-3.5700000000000003</ele>
   </trkpt>
   <trkpt lat="52.00470000000001" lon="4.52629">
    <ele>-3.91</ele>
   </trkpt>
   <trkpt lat="52.00461000000001" lon="4.52575">
    <ele>-4.38</ele>
   </trkpt>
   <trkpt lat="52.00442" lon="4.52585">
    <ele>-4.45</ele>
   </trkpt>
   <trkpt lat="52.0041" lon="4.52609">
    <ele>-4.109999999999999</ele>
   </trkpt>
   <trkpt lat="52.00397" lon="4.52616">
    <ele>-4.109999999999999</ele>
   </trkpt>
   <trkpt lat="52.00368" lon="4.526260000000001">
    <ele>-3.71</ele>
   </trkpt>
   <trkpt lat="52.003150000000005" lon="4.526280000000001">
    <ele>-3.3800000000000003</ele>
   </trkpt>
   <trkpt lat="52.00294" lon="4.5262400000000005">
    <ele>-3.16</ele>
   </trkpt>
   <trkpt lat="52.00274" lon="4.5261700000000005">
    <ele>-3.16</ele>
   </trkpt>
   <trkpt lat="52.002680000000005" lon="4.5261000000000005">
    <ele>-3.17</ele>
   </trkpt>
   <trkpt lat="52.00265" lon="4.52601">
    <ele>-3.17</ele>
   </trkpt>
   <trkpt lat="52.002610000000004" lon="4.52531">
    <ele>-5.17</ele>
   </trkpt>
   <trkpt lat="52.00277500347458" lon="4.524405003296907">
    <ele>-5.17</ele>
   </trkpt>
   <trkpt lat="52.00294" lon="4.5235">
    <ele>-5.19</ele>
   </trkpt>
   <trkpt lat="52.00300000000001" lon="4.52332">
    <ele>-5.19</ele>
   </trkpt>
   <trkpt lat="52.003240000000005" lon="4.52287">
    <ele>-5.19</ele>
   </trkpt>
   <trkpt lat="52.0033" lon="4.5225800000000005">
    <ele>-5.19</ele>
   </trkpt>
   <trkpt lat="52.00349667718053" lon="4.521466676344496">
    <ele>-5.38</ele>
   </trkpt>
   <trkpt lat="52.003693343865976" lon="4.520353342904959">
    <ele>-5.2700000000000005</ele>
   </trkpt>
   <trkpt lat="52.003890000000006" lon="4.519240000000001">
    <ele>-5.21</ele>
   </trkpt>
   <trkpt lat="52.00399" lon="4.518890000000001">
    <ele>-5.21</ele>
   </trkpt>
   <trkpt lat="52.00419" lon="4.51778">
    <ele>-5.33</ele>
   </trkpt>
   <trkpt lat="52.00440879593482" lon="4.516535042590863">
    <ele>-5.44</ele>
   </trkpt>
   <trkpt lat="52.00462757874615" lon="4.515290073010081">
    <ele>-5.49</ele>
   </trkpt>
   <trkpt lat="52.00484634843384" lon="4.51404509125817">
    <ele>-5.46</ele>
   </trkpt>
   <trkpt lat="52.00506510499759" lon="4.512800097335645">
    <ele>-5.57</ele>
   </trkpt>
   <trkpt lat="52.005283848437195" lon="4.511555091243023">
    <ele>-5.670000000000001</ele>
   </trkpt>
   <trkpt lat="52.00550257875242" lon="4.510310072980817">
    <ele>-5.72</ele>
   </trkpt>
   <trkpt lat="52.005721295943054" lon="4.509065042549545">
    <ele>-5.7</ele>
   </trkpt>
   <trkpt lat="52.00594" lon="4.507820000000001">
    <ele>-5.670000000000001</ele>
   </trkpt>
   <trkpt lat="52.006142021404806" lon="4.506696020231589">
    <ele>-5.800000000000001</ele>
   </trkpt>
   <trkpt lat="52.00634403211294" lon="4.505572030316127">
    <ele>-5.85</ele>
   </trkpt>
   <trkpt lat="52.00654603212422" lon="4.504448030253986">
    <ele>-5.82</ele>
   </trkpt>
   <trkpt lat="52.006748021438455" lon="4.503324020045539">
    <ele>-5.800000000000001</ele>
   </trkpt>
   <trkpt lat="52.00695" lon="4.5022">
    <ele>-5.38</ele>
   </trkpt>
   <trkpt lat="52.00701" lon="4.50225">
    <ele>-5.53</ele>
   </trkpt>
   <trkpt lat="52.00706" lon="4.50227">
    <ele>-5.53</ele>
   </trkpt>
   <trkpt lat="52.00739" lon="4.50222">
    <ele>-5.91</ele>
   </trkpt>
   <trkpt lat="52.00811" lon="4.502260000000001">
    <ele>-6.33</ele>
   </trkpt>
   <trkpt lat="52.00880000009511" lon="4.50232999892822">
    <ele>-6.46</ele>
   </trkpt>
   <trkpt lat="52.00949000000001" lon="4.502400000000001">
    <ele>-6.65</ele>
   </trkpt>
   <trkpt lat="52.00988" lon="4.50236">
    <ele>-6.65</ele>
   </trkpt>
   <trkpt lat="52.0101" lon="4.502400000000001">
    <ele>-6.65</ele>
   </trkpt>
   <trkpt lat="52.01064500020089" lon="4.50257499789146">
    <ele>-6.48</ele>
   </trkpt>
   <trkpt lat="52.011190000000006" lon="4.502750000000001">
    <ele>-6.38</ele>
   </trkpt>
   <trkpt lat="52.0114" lon="4.5028500000000005">
    <ele>-6.17</ele>
   </trkpt>
   <trkpt lat="52.01158" lon="4.50305">
    <ele>-6.12</ele>
   </trkpt>
   <trkpt lat="52.011630000000004" lon="4.5031300000000005">
    <ele>-6.12</ele>
   </trkpt>
   <trkpt lat="52.011720000000004" lon="4.50316">
    <ele>-6.0200000000000005</ele>
   </trkpt>
   <trkpt lat="52.01220500026666" lon="4.503244999120037">
    <ele>-5.970000000000001</ele>
   </trkpt>
   <trkpt lat="52.012690000000006" lon="4.50333">
    <ele>-5.44</ele>
   </trkpt>
   <trkpt lat="52.01351250022579" lon="4.503462492693188">
    <ele>-5.0600000000000005</ele>
   </trkpt>
   <trkpt lat="52.01433500030294" lon="4.503594990257673">
    <ele>-4.96</ele>
   </trkpt>
   <trkpt lat="52.015157500231446" lon="4.503727492693776">
    <ele>-4.66</ele>
   </trkpt>
   <trkpt lat="52.015980000000006" lon="4.50386">
    <ele>-4.85</ele>
   </trkpt>
   <trkpt lat="52.0163" lon="4.50382">
    <ele>-4.83</ele>
   </trkpt>
   <trkpt lat="52.01657" lon="4.50372">
    <ele>-4.72</ele>
   </trkpt>
   <trkpt lat="52.01699000000001" lon="4.50344">
    <ele>-4.66</ele>
   </trkpt>
   <trkpt lat="52.01717000000001" lon="4.50335">
    <ele>-4.66</ele>
   </trkpt>
   <trkpt lat="52.017360000000004" lon="4.5033">
    <ele>-4.68</ele>
   </trkpt>
   <trkpt lat="52.01786499992132" lon="4.503240000688472">
    <ele>-4.79</ele>
   </trkpt>
   <trkpt lat="52.018370000000004" lon="4.50318">
    <ele>-4.7</ele>
   </trkpt>
   <trkpt lat="52.01899" lon="4.50314">
    <ele>-4.81</ele>
   </trkpt>
   <trkpt lat="52.019644999928666" lon="4.50314">
    <ele>-4.83</ele>
   </trkpt>
   <trkpt lat="52.020300000000006" lon="4.50314">
    <ele>-4.72</ele>
   </trkpt>
   <trkpt lat="52.02112333334108" lon="4.50316999723856">
    <ele>-4.66</ele>
   </trkpt>
   <trkpt lat="52.021946666674566" lon="4.503199995581432">
    <ele>-4.64</ele>
   </trkpt>
   <trkpt lat="52.02277000000042" lon="4.503229995028693">
    <ele>-4.57</ele>
   </trkpt>
   <trkpt lat="52.02359333331864" lon="4.5032599955804145">
    <ele>-4.62</ele>
   </trkpt>
   <trkpt lat="52.02441666662926" lon="4.503289997236669">
    <ele>-5.12</ele>
   </trkpt>
   <trkpt lat="52.025240000000004" lon="4.50332">
    <ele>-4.72</ele>
   </trkpt>
   <trkpt lat="52.02528" lon="4.50335">
    <ele>-4.66</ele>
   </trkpt>
   <trkpt lat="52.02528" lon="4.503640000000001">
    <ele>-4.72</ele>
   </trkpt>
   <trkpt lat="52.025420000000004" lon="4.50365">
    <ele>-4.72</ele>
   </trkpt>
   <trkpt lat="52.025800000000004" lon="4.50358">
    <ele>-5.3</ele>
   </trkpt>
   <trkpt lat="52.0264633332873" lon="4.503593332936846">
    <ele>-5.4</ele>
   </trkpt>
   <trkpt lat="52.02712666657311" lon="4.503606666269216">
    <ele>-5.19</ele>
   </trkpt>
   <trkpt lat="52.02779" lon="4.503620000000001">
    <ele>-4.78</ele>
   </trkpt>
   <trkpt lat="52.02831500009151" lon="4.503634999826487">
    <ele>-4.85</ele>
   </trkpt>
   <trkpt lat="52.02884" lon="4.50365">
    <ele>-4.79</ele>
   </trkpt>
   <trkpt lat="52.02937000000001" lon="4.503690000000001">
    <ele>-4.83</ele>
   </trkpt>
   <trkpt lat="52.03016" lon="4.50382">
    <ele>-4.79</ele>
   </trkpt>
   <trkpt lat="52.031020000000005" lon="4.5040000000000004">
    <ele>-4.78</ele>
   </trkpt>
   <trkpt lat="52.03126" lon="4.50408">
    <ele>-4.79</ele>
   </trkpt>
   <trkpt lat="52.031470000000006" lon="4.504250000000001">
    <ele>-4.7</ele>
   </trkpt>
   <trkpt lat="52.031620000000004" lon="4.504440000000001">
    <ele>-4.7</ele>
   </trkpt>
   <trkpt lat="52.03190000000001" lon="4.50497">
    <ele>-4.57</ele>
   </trkpt>
   <trkpt lat="52.032000000000004" lon="4.5047500000000005">
    <ele>-5.53</ele>
   </trkpt>
   <trkpt lat="52.032000000000004" lon="4.504250000000001">
    <ele>-6.0600000000000005</ele>
   </trkpt>
   <trkpt lat="52.03210000000001" lon="4.503970000000001">
    <ele>-6.0600000000000005</ele>
   </trkpt>
   <trkpt lat="52.03209202834842" lon="4.502675999076101">
    <ele>-6.42</ele>
   </trkpt>
   <trkpt lat="52.03208404252263" lon="4.501381998614016">
    <ele>-6.29</ele>
   </trkpt>
   <trkpt lat="52.032076042522625" lon="4.500087998614565">
    <ele>-6.140000000000001</ele>
   </trkpt>
   <trkpt lat="52.03206802834844" lon="4.498793999078569">
    <ele>-5.970000000000001</ele>
   </trkpt>
   <trkpt lat="52.03206" lon="4.4975000000000005">
    <ele>-5.12</ele>
   </trkpt>
   <trkpt lat="52.03259717232556" lon="4.496422934774916">
    <ele>-5.2700000000000005</ele>
   </trkpt>
   <trkpt lat="52.033134334830855" lon="4.495345843669861">
    <ele>-5.61</ele>
   </trkpt>
   <trkpt lat="52.03367148751548" lon="4.494268726684186">
    <ele>-5.44</ele>
   </trkpt>
   <trkpt lat="52.034208630379005" lon="4.493191583817242">
    <ele>-4.72</ele>
   </trkpt>
   <trkpt lat="52.03474576342101" lon="4.492114415068381">
    <ele>-4.83</ele>
   </trkpt>
   <trkpt lat="52.035282886641056" lon="4.491037220436954">
    <ele>-4.7700000000000005</ele>
   </trkpt>
   <trkpt lat="52.03582" lon="4.48996">
    <ele>-4.79</ele>
   </trkpt>
   <trkpt lat="52.03620500258864" lon="4.489170006911638">
    <ele>-4.81</ele>
   </trkpt>
   <trkpt lat="52.036590000000004" lon="4.48838">
    <ele>-4.72</ele>
   </trkpt>
   <trkpt lat="52.03707000000001" lon="4.48744">
    <ele>-4.64</ele>
   </trkpt>
   <trkpt lat="52.03760500456008" lon="4.486405012335625">
    <ele>-4.55</ele>
   </trkpt>
   <trkpt lat="52.038140000000006" lon="4.4853700000000005">
    <ele>-4.49</ele>
   </trkpt>
   <trkpt lat="52.038655004558656" lon="4.484335011873819">
    <ele>-4.62</ele>
   </trkpt>
   <trkpt lat="52.039170000000006" lon="4.483300000000001">
    <ele>-4.55</ele>
   </trkpt>
   <trkpt lat="52.03923" lon="4.48325">
    <ele>-4.55</ele>
   </trkpt>
   <trkpt lat="52.039300000000004" lon="4.48325">
    <ele>-4.55</ele>
   </trkpt>
   <trkpt lat="52.03934" lon="4.48329">
    <ele>-4.55</ele>
   </trkpt>
   <trkpt lat="52.03985000876037" lon="4.482273356509587">
    <ele>-4.7</ele>
   </trkpt>
   <trkpt lat="52.04036000877196" lon="4.481256689820253">
    <ele>-4.72</ele>
   </trkpt>
   <trkpt lat="52.040870000000005" lon="4.48024">
    <ele>-3.0</ele>
   </trkpt>
   <trkpt lat="52.040870000000005" lon="4.48022">
    <ele>-2.9899999999999998</ele>
   </trkpt>
   <trkpt lat="52.04052001295257" lon="4.479209976276569">
    <ele>-2.65</ele>
   </trkpt>
   <trkpt lat="52.04017001727028" lon="4.478199968369851">
    <ele>-2.7</ele>
   </trkpt>
   <trkpt lat="52.039820012953406" lon="4.477189976279789">
    <ele>-2.2600000000000002</ele>
   </trkpt>
   <trkpt lat="52.03947" lon="4.47618">
    <ele>-2.14</ele>
   </trkpt>
   <trkpt lat="52.039190003432694" lon="4.47528999468054">
    <ele>-2.15</ele>
   </trkpt>
   <trkpt lat="52.03891" lon="4.4744">
    <ele>-2.25</ele>
   </trkpt>
   <trkpt lat="52.03872000192154" lon="4.4737249971068245">
    <ele>-2.16</ele>
   </trkpt>
   <trkpt lat="52.03853" lon="4.473050000000001">
    <ele>-2.1100000000000003</ele>
   </trkpt>
   <trkpt lat="52.03844" lon="4.47285">
    <ele>-2.0900000000000003</ele>
   </trkpt>
   <trkpt lat="52.03831" lon="4.47273">
    <ele>-2.2900000000000005</ele>
   </trkpt>
   <trkpt lat="52.038360000000004" lon="4.47254">
    <ele>-2.2900000000000005</ele>
   </trkpt>
   <trkpt lat="52.03831" lon="4.4722800000000005">
    <ele>-2.31</ele>
   </trkpt>
   <trkpt lat="52.037980000000005" lon="4.471170000000001">
    <ele>-2.6300000000000003</ele>
   </trkpt>
   <trkpt lat="52.037910000000004" lon="4.47085">
    <ele>-2.52</ele>
   </trkpt>
   <trkpt lat="52.03783000000001" lon="4.47025">
    <ele>-2.56</ele>
   </trkpt>
   <trkpt lat="52.03772003149609" lon="4.469029984979215">
    <ele>-2.31</ele>
   </trkpt>
   <trkpt lat="52.037610050393184" lon="4.467809975961098">
    <ele>-2.56</ele>
   </trkpt>
   <trkpt lat="52.03750005669134" lon="4.466589972946281">
    <ele>-2.65</ele>
   </trkpt>
   <trkpt lat="52.037390050390705" lon="4.4653699759354">
    <ele>-3.02</ele>
   </trkpt>
   <trkpt lat="52.03728003149139" lon="4.464149984929089">
    <ele>-3.0700000000000003</ele>
   </trkpt>
   <trkpt lat="52.03717" lon="4.46293">
    <ele>-2.9600000000000004</ele>
   </trkpt>
   <trkpt lat="52.03698000000001" lon="4.46178">
    <ele>-2.84</ele>
   </trkpt>
   <trkpt lat="52.03673575138035" lon="4.460571388958707">
    <ele>-2.91</ele>
   </trkpt>
   <trkpt lat="52.03649149039607" lon="4.459362791124252">
    <ele>-2.87</ele>
   </trkpt>
   <trkpt lat="52.0362472170474" lon="4.458154206497044">
    <ele>-3.0700000000000003</ele>
   </trkpt>
   <trkpt lat="52.03600293133461" lon="4.45694563507749">
    <ele>-3.4600000000000004</ele>
   </trkpt>
   <trkpt lat="52.03575863325794" lon="4.455737076866001">
    <ele>-3.67</ele>
   </trkpt>
   <trkpt lat="52.03551432281765" lon="4.454528531862981">
    <ele>-4.28</ele>
   </trkpt>
   <trkpt lat="52.035270000000004" lon="4.453320000000001">
    <ele>-2.86</ele>
   </trkpt>
   <trkpt lat="52.03531" lon="4.4533000000000005">
    <ele>-2.86</ele>
   </trkpt>
   <trkpt lat="52.03517000217621" lon="4.452594998157868">
    <ele>-3.21</ele>
   </trkpt>
   <trkpt lat="52.035030000000006" lon="4.451890000000001">
    <ele>-3.2</ele>
   </trkpt>
   <trkpt lat="52.03497" lon="4.45143">
    <ele>-3.35</ele>
   </trkpt>
   <trkpt lat="52.034850000000006" lon="4.4510000000000005">
    <ele>-3.5</ele>
   </trkpt>
   <trkpt lat="52.03459500706538" lon="4.4497099927546">
    <ele>-3.6300000000000003</ele>
   </trkpt>
   <trkpt lat="52.03434000000001" lon="4.4484200000000005">
    <ele>-3.2900000000000005</ele>
   </trkpt>
   <trkpt lat="52.03510125640448" lon="4.447955055425496">
    <ele>-5.55</ele>
   </trkpt>
   <trkpt lat="52.03586251097903" lon="4.447490095017194">
    <ele>-5.29</ele>
   </trkpt>
   <trkpt lat="52.03662376372352" lon="4.447025118774162">
    <ele>-5.17</ele>
   </trkpt>
   <trkpt lat="52.03738501463785" lon="4.446560126695463">
    <ele>-4.96</ele>
   </trkpt>
   <trkpt lat="52.03814626372192" lon="4.446095118780163">
    <ele>-5.34</ele>
   </trkpt>
   <trkpt lat="52.03890751097559" lon="4.445630095027328">
    <ele>-5.4</ele>
   </trkpt>
   <trkpt lat="52.039668756398754" lon="4.4451650554360205">
    <ele>-5.12</ele>
   </trkpt>
   <trkpt lat="52.04043000000001" lon="4.4447">
    <ele>-4.83</ele>
   </trkpt>
   <trkpt lat="52.040510000000005" lon="4.4447">
    <ele>-4.94</ele>
   </trkpt>
   <trkpt lat="52.040580000000006" lon="4.44474">
    <ele>-4.94</ele>
   </trkpt>
   <trkpt lat="52.040620000000004" lon="4.444660000000001">
    <ele>-4.94</ele>
   </trkpt>
   <trkpt lat="52.040670000000006" lon="4.444590000000001">
    <ele>-4.9799999999999995</ele>
   </trkpt>
   <trkpt lat="52.04135000208344" lon="4.444182518613254">
    <ele>-5.12</ele>
   </trkpt>
   <trkpt lat="52.042030002761386" lon="4.443775024828043">
    <ele>-4.83</ele>
   </trkpt>
   <trkpt lat="52.04271000203377" lon="4.443367518643714">
    <ele>-4.79</ele>
   </trkpt>
   <trkpt lat="52.04339" lon="4.44296">
    <ele>-4.55</ele>
   </trkpt>
   <trkpt lat="52.04354000000001" lon="4.4423">
    <ele>-4.45</ele>
   </trkpt>
   <trkpt lat="52.043780000000005" lon="4.44142">
    <ele>-3.9000000000000004</ele>
   </trkpt>
   <trkpt lat="52.04379" lon="4.44123">
    <ele>-3.9000000000000004</ele>
   </trkpt>
   <trkpt lat="52.04375" lon="4.441070000000001">
    <ele>-3.86</ele>
   </trkpt>
   <trkpt lat="52.04377" lon="4.4411000000000005">
    <ele>-3.87</ele>
   </trkpt>
   <trkpt lat="52.04341667234116" lon="4.440283320488712">
    <ele>-3.73</ele>
   </trkpt>
   <trkpt lat="52.04306333903705" lon="4.439466653889775">
    <ele>-3.72</ele>
   </trkpt>
   <trkpt lat="52.04271000000001" lon="4.43865">
    <ele>-3.49</ele>
   </trkpt>
   <trkpt lat="52.0427" lon="4.4385">
    <ele>-3.49</ele>
   </trkpt>
   <trkpt lat="52.04224751459982" lon="4.43742746741595">
    <ele>-3.8400000000000003</ele>
   </trkpt>
   <trkpt lat="52.04179501946314" lon="4.436354956547561">
    <ele>-3.8200000000000003</ele>
   </trkpt>
   <trkpt lat="52.04134251459028" lon="4.435282467394508">
    <ele>-3.8200000000000003</ele>
   </trkpt>
   <trkpt lat="52.040890000000005" lon="4.43421">
    <ele>-3.67</ele>
   </trkpt>
   <trkpt lat="52.04046335463334" lon="4.433206618775015">
    <ele>-3.72</ele>
   </trkpt>
   <trkpt lat="52.040036700745055" lon="4.432203256704186">
    <ele>-3.69</ele>
   </trkpt>
   <trkpt lat="52.039610038335454" lon="4.431199913787237">
    <ele>-3.8100000000000005</ele>
   </trkpt>
   <trkpt lat="52.039183367404824" lon="4.430196590023891">
    <ele>-3.85</ele>
   </trkpt>
   <trkpt lat="52.03875668795347" lon="4.429193285413868">
    <ele>-3.8300000000000005</ele>
   </trkpt>
   <trkpt lat="52.03833" lon="4.428190000000001">
    <ele>-3.8000000000000003</ele>
   </trkpt>
   <trkpt lat="52.03821000000001" lon="4.42788">
    <ele>-3.8200000000000003</ele>
   </trkpt>
   <trkpt lat="52.038120000000006" lon="4.42731">
    <ele>-3.9000000000000004</ele>
   </trkpt>
   <trkpt lat="52.038140000000006" lon="4.42713">
    <ele>-4.13</ele>
   </trkpt>
   <trkpt lat="52.038180000000004" lon="4.42705">
    <ele>-4.13</ele>
   </trkpt>
   <trkpt lat="52.038380000000004" lon="4.4267900000000004">
    <ele>-4.3</ele>
   </trkpt>
   <trkpt lat="52.0384" lon="4.42673">
    <ele>-4.3</ele>
   </trkpt>
   <trkpt lat="52.03839000000001" lon="4.42665">
    <ele>-4.3</ele>
   </trkpt>
   <trkpt lat="52.03801000000001" lon="4.425730000000001">
    <ele>-4.45</ele>
   </trkpt>
   <trkpt lat="52.037940000000006" lon="4.42569">
    <ele>-3.58</ele>
   </trkpt>
   <trkpt lat="52.03775" lon="4.4258500000000005">
    <ele>-3.58</ele>
   </trkpt>
   <trkpt lat="52.03772000000001" lon="4.42584">
    <ele>-3.58</ele>
   </trkpt>
   <trkpt lat="52.037670000000006" lon="4.42565">
    <ele>-3.4600000000000004</ele>
   </trkpt>
   <trkpt lat="52.03764" lon="4.42562">
    <ele>-3.4600000000000004</ele>
   </trkpt>
   <trkpt lat="52.037470000000006" lon="4.42569">
    <ele>-3.5</ele>
   </trkpt>
   <trkpt lat="52.03736000000001" lon="4.4257100000000005">
    <ele>-3.5</ele>
   </trkpt>
   <trkpt lat="52.03732" lon="4.42569">
    <ele>-3.5</ele>
   </trkpt>
   <trkpt lat="52.037220000000005" lon="4.42553">
    <ele>-3.5</ele>
   </trkpt>
   <trkpt lat="52.03678000474692" lon="4.4244699895465756">
    <ele>-4.21</ele>
   </trkpt>
   <trkpt lat="52.03634" lon="4.4234100000000005">
    <ele>-4.62</ele>
   </trkpt>
   <trkpt lat="52.03609" lon="4.42295">
    <ele>-5.0600000000000005</ele>
   </trkpt>
   <trkpt lat="52.035630000000005" lon="4.42177">
    <ele>-5.0</ele>
   </trkpt>
   <trkpt lat="52.03557000000001" lon="4.421480000000001">
    <ele>-4.79</ele>
   </trkpt>
   <trkpt lat="52.03558" lon="4.42062">
    <ele>-4.13</ele>
   </trkpt>
   <trkpt lat="52.035520000000005" lon="4.420380000000001">
    <ele>-4.04</ele>
   </trkpt>
   <trkpt lat="52.035145003476934" lon="4.419479992567787">
    <ele>-4.15</ele>
   </trkpt>
   <trkpt lat="52.03477" lon="4.41858">
    <ele>-3.91</ele>
   </trkpt>
   <trkpt lat="52.0347" lon="4.41849">
    <ele>-3.91</ele>
   </trkpt>
   <trkpt lat="52.03436000000001" lon="4.4183200000000005">
    <ele>-4.0200000000000005</ele>
   </trkpt>
   <trkpt lat="52.03425000000001" lon="4.41821">
    <ele>-4.0200000000000005</ele>
   </trkpt>
   <trkpt lat="52.03393500258463" lon="4.417424994410684">
    <ele>-4.04</ele>
   </trkpt>
   <trkpt lat="52.033620000000006" lon="4.41664">
    <ele>-4.94</ele>
   </trkpt>
   <trkpt lat="52.03333500244478" lon="4.4158949955011195">
    <ele>-5.23</ele>
   </trkpt>
   <trkpt lat="52.03305" lon="4.415150000000001">
    <ele>-3.98</ele>
   </trkpt>
   <trkpt lat="52.03259128593536" lon="4.4140486709165">
    <ele>-3.75</ele>
   </trkpt>
   <trkpt lat="52.0321325616035" lon="4.412947364430812">
    <ele>-3.67</ele>
   </trkpt>
   <trkpt lat="52.03167382700479" lon="4.411846080542603">
    <ele>-4.109999999999999</ele>
   </trkpt>
   <trkpt lat="52.03121508213959" lon="4.410744819251543">
    <ele>-3.94</ele>
   </trkpt>
   <trkpt lat="52.03075632700832" lon="4.409643580557301">
    <ele>-4.109999999999999</ele>
   </trkpt>
   <trkpt lat="52.030297561611334" lon="4.408542364459546">
    <ele>-4.21</ele>
   </trkpt>
   <trkpt lat="52.02983878594901" lon="4.407441170957947">
    <ele>-4.19</ele>
   </trkpt>
   <trkpt lat="52.02938" lon="4.40634">
    <ele>-3.8000000000000003</ele>
   </trkpt>
   <trkpt lat="52.02915" lon="4.40589">
    <ele>-2.73</ele>
   </trkpt>
   <trkpt lat="52.02910000000001" lon="4.4058600000000006">
    <ele>-2.73</ele>
   </trkpt>
   <trkpt lat="52.02897" lon="4.4057">
    <ele>-2.36</ele>
   </trkpt>
   <trkpt lat="52.02893" lon="4.4057200000000005">
    <ele>-2.82</ele>
   </trkpt>
   <trkpt lat="52.028486673136555" lon="4.406593350623404">
    <ele>-3.35</ele>
   </trkpt>
   <trkpt lat="52.02804333981637" lon="4.407466683930544">
    <ele>-3.3100000000000005</ele>
   </trkpt>
   <trkpt lat="52.02760000000001" lon="4.40834">
    <ele>-2.5300000000000002</ele>
   </trkpt>
   <trkpt lat="52.02712754099389" lon="4.407163663004501">
    <ele>-3.35</ele>
   </trkpt>
   <trkpt lat="52.02665507027383" lon="4.405987350864249">
    <ele>-3.02</ele>
   </trkpt>
   <trkpt lat="52.02618258784028" lon="4.404811063578914">
    <ele>-3.06</ele>
   </trkpt>
   <trkpt lat="52.025710093693675" lon="4.403634801148164">
    <ele>-2.9899999999999998</ele>
   </trkpt>
   <trkpt lat="52.025237587834454" lon="4.402458563571666">
    <ele>-2.91</ele>
   </trkpt>
   <trkpt lat="52.02476507026311" lon="4.4012823508490895">
    <ele>-3.1500000000000004</ele>
   </trkpt>
   <trkpt lat="52.02429254098003" lon="4.400106162980103">
    <ele>-2.86</ele>
   </trkpt>
   <trkpt lat="52.02382000000001" lon="4.39893">
    <ele>-3.06</ele>
   </trkpt>
   <trkpt lat="52.023335019048055" lon="4.397704960129931">
    <ele>-3.0500000000000003</ele>
   </trkpt>
   <trkpt lat="52.0228500253917" lon="4.396479946826588">
    <ele>-3.1500000000000004</ele>
   </trkpt>
   <trkpt lat="52.02236501903146" lon="4.395254960089626">
    <ele>-2.89</ele>
   </trkpt>
   <trkpt lat="52.02188" lon="4.394030000000001">
    <ele>-2.82</ele>
   </trkpt>
   <trkpt lat="52.021392518582815" lon="4.392819960413787">
    <ele>-2.56</ele>
   </trkpt>
   <trkpt lat="52.02090502477023" lon="4.391609947202437">
    <ele>-2.84</ele>
   </trkpt>
   <trkpt lat="52.02041751856276" lon="4.390399960365585">
    <ele>-3.0700000000000003</ele>
   </trkpt>
   <trkpt lat="52.01993" lon="4.38919">
    <ele>-1.52</ele>
   </trkpt>
   <trkpt lat="52.019920000000006" lon="4.38898">
    <ele>-1.52</ele>
   </trkpt>
   <trkpt lat="52.020050000000005" lon="4.38895">
    <ele>-1.5</ele>
   </trkpt>
   <trkpt lat="52.02013" lon="4.38891">
    <ele>-1.58</ele>
   </trkpt>
   <trkpt lat="52.02062" lon="4.388540000000001">
    <ele>-1.58</ele>
   </trkpt>
   <trkpt lat="52.02136" lon="4.38807">
    <ele>-1.37</ele>
   </trkpt>
   <trkpt lat="52.02094667552955" lon="4.387046647747759">
    <ele>-1.59</ele>
   </trkpt>
   <trkpt lat="52.02053334219339" lon="4.386023314407705">
    <ele>-1.33</ele>
   </trkpt>
   <trkpt lat="52.020120000000006" lon="4.385000000000001">
    <ele>-1.36</ele>
   </trkpt>
   <trkpt lat="52.01968" lon="4.38441">
    <ele>-1.5</ele>
   </trkpt>
   <trkpt lat="52.01962" lon="4.38431">
    <ele>-1.5</ele>
   </trkpt>
   <trkpt lat="52.01929667234895" lon="4.383489988120022">
    <ele>-1.25</ele>
   </trkpt>
   <trkpt lat="52.0189733390053" lon="4.3826699880939834">
    <ele>-1.16</ele>
   </trkpt>
   <trkpt lat="52.01865" lon="4.38185">
    <ele>-0.81</ele>
   </trkpt>
   <trkpt lat="52.01815500605298" lon="4.380654986796692">
    <ele>-0.54</ele>
   </trkpt>
   <trkpt lat="52.01766000000001" lon="4.379460000000001">
    <ele>-0.27</ele>
   </trkpt>
   <trkpt lat="52.01726401647464" lon="4.378473965120764">
    <ele>-0.08</ele>
   </trkpt>
   <trkpt lat="52.01686802471807" lon="4.377487947697231">
    <ele>0.0</ele>
   </trkpt>
   <trkpt lat="52.016472024730575" lon="4.376501947729206">
    <ele>0.08</ele>
   </trkpt>
   <trkpt lat="52.016076016512415" lon="4.375515965216495">
    <ele>0.12000000000000001</ele>
   </trkpt>
   <trkpt lat="52.01568" lon="4.37453">
    <ele>0.16</ele>
   </trkpt>
   <trkpt lat="52.01561" lon="4.37429">
    <ele>0.33000000000000007</ele>
   </trkpt>
   <trkpt lat="52.01558000000001" lon="4.37406">
    <ele>0.33000000000000007</ele>
   </trkpt>
   <trkpt lat="52.015530000000005" lon="4.37396">
    <ele>0.33000000000000007</ele>
   </trkpt>
   <trkpt lat="52.015550000000005" lon="4.3737900000000005">
    <ele>0.38</ele>
   </trkpt>
   <trkpt lat="52.015620000000006" lon="4.37377">
    <ele>0.34</ele>
   </trkpt>
   <trkpt lat="52.015690000000006" lon="4.3737">
    <ele>0.27</ele>
   </trkpt>
   <trkpt lat="52.015690000000006" lon="4.373620000000001">
    <ele>0.14</ele>
   </trkpt>
   <trkpt lat="52.015660000000004" lon="4.37354">
    <ele>0.14</ele>
   </trkpt>
   <trkpt lat="52.01568" lon="4.37343">
    <ele>-0.04</ele>
   </trkpt>
   <trkpt lat="52.01561" lon="4.37335">
    <ele>-0.16</ele>
   </trkpt>
   <trkpt lat="52.01541" lon="4.37289">
    <ele>-0.16</ele>
   </trkpt>
   <trkpt lat="52.01520000000001" lon="4.372050000000001">
    <ele>0.34</ele>
   </trkpt>
   <trkpt lat="52.01492500168179" lon="4.37140999594491">
    <ele>0.47000000000000003</ele>
   </trkpt>
   <trkpt lat="52.01465" lon="4.37077">
    <ele>0.9600000000000001</ele>
   </trkpt>
   <trkpt lat="52.014590000000005" lon="4.37066">
    <ele>0.9600000000000001</ele>
   </trkpt>
   <trkpt lat="52.01512" lon="4.3695900000000005">
    <ele>0.2</ele>
   </trkpt>
   <trkpt lat="52.01523" lon="4.369330000000001">
    <ele>0.17</ele>
   </trkpt>
   <trkpt lat="52.014920000000004" lon="4.36826">
    <ele>0.2</ele>
   </trkpt>
   <trkpt lat="52.014880000000005" lon="4.3680200000000005">
    <ele>0.15000000000000002</ele>
   </trkpt>
   <trkpt lat="52.01474" lon="4.36753">
    <ele>0.31</ele>
   </trkpt>
   <trkpt lat="52.01464000000001" lon="4.3670800000000005">
    <ele>0.63</ele>
   </trkpt>
   <trkpt lat="52.0146" lon="4.36679">
    <ele>0.76</ele>
   </trkpt>
   <trkpt lat="52.014410000000005" lon="4.3662">
    <ele>1.2000000000000002</ele>
   </trkpt>
   <trkpt lat="52.014320000000005" lon="4.366090000000001">
    <ele>1.2000000000000002</ele>
   </trkpt>
   <trkpt lat="52.01404" lon="4.36547">
    <ele>2.5900000000000003</ele>
   </trkpt>
   <trkpt lat="52.013920000000006" lon="4.365150000000001">
    <ele>3.0100000000000002</ele>
   </trkpt>
   <trkpt lat="52.013870000000004" lon="4.3651100000000005">
    <ele>3.0100000000000002</ele>
   </trkpt>
   <trkpt lat="52.013670000000005" lon="4.364660000000001">
    <ele>2.3800000000000003</ele>
   </trkpt>
   <trkpt lat="52.01368" lon="4.364680000000001">
    <ele>2.4200000000000004</ele>
   </trkpt>
   <trkpt lat="52.014230000000005" lon="4.363840000000001">
    <ele>2.0</ele>
   </trkpt>
   <trkpt lat="52.0148075077539" lon="4.36305753033094">
    <ele>1.84</ele>
   </trkpt>
   <trkpt lat="52.01538501032406" lon="4.362275040461574">
    <ele>1.6300000000000001</ele>
   </trkpt>
   <trkpt lat="52.01596250771028" lon="4.361492530391146">
    <ele>1.93</ele>
   </trkpt>
   <trkpt lat="52.016540000000006" lon="4.36071">
    <ele>2.45</ele>
   </trkpt>
   <trkpt lat="52.01719000000001" lon="4.35991">
    <ele>2.36</ele>
   </trkpt>
   <trkpt lat="52.01776" lon="4.35911">
    <ele>2.6300000000000003</ele>
   </trkpt>
   <trkpt lat="52.017990000000005" lon="4.358750000000001">
    <ele>2.7900000000000005</ele>
   </trkpt>
   <trkpt lat="52.01821" lon="4.35913">
    <ele>2.71</ele>
   </trkpt>
   <trkpt lat="52.018240000000006" lon="4.3592900000000006">
    <ele>2.48</ele>
   </trkpt>
   <trkpt lat="52.01847000000001" lon="4.359">
    <ele>2.14</ele>
   </trkpt>
   <trkpt lat="52.018935001962184" lon="4.358335006783503">
    <ele>1.18</ele>
   </trkpt>
   <trkpt lat="52.019400000000005" lon="4.357670000000001">
    <ele>1.5700000000000003</ele>
   </trkpt>
   <trkpt lat="52.019560000000006" lon="4.35738">
    <ele>1.5700000000000003</ele>
   </trkpt>
   <trkpt lat="52.019670000000005" lon="4.3571">
    <ele>1.54</ele>
   </trkpt>
   <trkpt lat="52.01982" lon="4.356330000000001">
    <ele>1.5</ele>
   </trkpt>
   <trkpt lat="52.01988000000001" lon="4.3558900000000005">
    <ele>1.5</ele>
   </trkpt>
   <trkpt lat="52.019870005403796" lon="4.35475999960066">
    <ele>1.4900000000000002</ele>
   </trkpt>
   <trkpt lat="52.01986" lon="4.353630000000001">
    <ele>1.3800000000000001</ele>
   </trkpt>
   <trkpt lat="52.019800000000004" lon="4.35233">
    <ele>1.04</ele>
   </trkpt>
   <trkpt lat="52.019850000000005" lon="4.3517">
    <ele>1.42</ele>
   </trkpt>
   <trkpt lat="52.01993" lon="4.35106">
    <ele>1.7100000000000002</ele>
   </trkpt>
   <trkpt lat="52.020030000000006" lon="4.35067">
    <ele>1.76</ele>
   </trkpt>
   <trkpt lat="52.02032500155148" lon="4.3500600040717154">
    <ele>1.78</ele>
   </trkpt>
   <trkpt lat="52.02062" lon="4.34945">
    <ele>1.37</ele>
   </trkpt>
   <trkpt lat="52.020810000000004" lon="4.349200000000001">
    <ele>1.26</ele>
   </trkpt>
   <trkpt lat="52.02134" lon="4.348870000000001">
    <ele>1.12</ele>
   </trkpt>
   <trkpt lat="52.02199000039308" lon="4.348535004910452">
    <ele>1.1</ele>
   </trkpt>
   <trkpt lat="52.02264" lon="4.3482">
    <ele>1.28</ele>
   </trkpt>
   <trkpt lat="52.023375000380035" lon="4.347875005370421">
    <ele>1.03</ele>
   </trkpt>
   <trkpt lat="52.02411000000001" lon="4.34755">
    <ele>1.06</ele>
   </trkpt>
   <trkpt lat="52.02445" lon="4.34747">
    <ele>1.18</ele>
   </trkpt>
   <trkpt lat="52.02506333342867" lon="4.347390002188835">
    <ele>1.12</ele>
   </trkpt>
   <trkpt lat="52.02567666680318" lon="4.3473100021835025">
    <ele>0.9700000000000001</ele>
   </trkpt>
   <trkpt lat="52.02629" lon="4.347230000000001">
    <ele>1.17</ele>
   </trkpt>
   <trkpt lat="52.02638" lon="4.34733">
    <ele>1.16</ele>
   </trkpt>
   <trkpt lat="52.02648000000001" lon="4.34713">
    <ele>1.2100000000000002</ele>
   </trkpt>
   <trkpt lat="52.02653" lon="4.3471">
    <ele>1.2300000000000002</ele>
   </trkpt>
   <trkpt lat="52.02740500020798" lon="4.346955002817365">
    <ele>1.2000000000000002</ele>
   </trkpt>
   <trkpt lat="52.02828" lon="4.3468100000000005">
    <ele>1.27</ele>
   </trkpt>
   <trkpt lat="52.0287600000597" lon="4.3467550005849915">
    <ele>1.26</ele>
   </trkpt>
   <trkpt lat="52.02924" lon="4.3467">
    <ele>1.27</ele>
   </trkpt>
   <trkpt lat="52.029700000000005" lon="4.34663">
    <ele>1.25</ele>
   </trkpt>
   <trkpt lat="52.030240000000006" lon="4.34649">
    <ele>1.2200000000000002</ele>
   </trkpt>
   <trkpt lat="52.030550000000005" lon="4.34647">
    <ele>1.25</ele>
   </trkpt>
   <trkpt lat="52.03119" lon="4.346310000000001">
    <ele>1.1900000000000002</ele>
   </trkpt>
   <trkpt lat="52.031650000000006" lon="4.346240000000001">
    <ele>1.18</ele>
   </trkpt>
   <trkpt lat="52.03239000000001" lon="4.346170000000001">
    <ele>1.1400000000000001</ele>
   </trkpt>
   <trkpt lat="52.03246000000001" lon="4.34612">
    <ele>1.2000000000000002</ele>
   </trkpt>
   <trkpt lat="52.03264000000001" lon="4.34609">
    <ele>1.2200000000000002</ele>
   </trkpt>
   <trkpt lat="52.032680000000006" lon="4.34611">
    <ele>1.2200000000000002</ele>
   </trkpt>
   <trkpt lat="52.032920000000004" lon="4.3460600000000005">
    <ele>1.2200000000000002</ele>
   </trkpt>
   <trkpt lat="52.033080000000005" lon="4.34605">
    <ele>1.2200000000000002</ele>
   </trkpt>
   <trkpt lat="52.03356" lon="4.34593">
    <ele>1.18</ele>
   </trkpt>
   <trkpt lat="52.03388" lon="4.34581">
    <ele>1.18</ele>
   </trkpt>
   <trkpt lat="52.03428" lon="4.345750000000001">
    <ele>1.09</ele>
   </trkpt>
   <trkpt lat="52.034940000000006" lon="4.345700000000001">
    <ele>1.09</ele>
   </trkpt>
   <trkpt lat="52.03524" lon="4.3456600000000005">
    <ele>1.1500000000000001</ele>
   </trkpt>
   <trkpt lat="52.03594000017104" lon="4.3454900026499725">
    <ele>1.1400000000000001</ele>
   </trkpt>
   <trkpt lat="52.036640000000006" lon="4.34532">
    <ele>1.1400000000000001</ele>
   </trkpt>
   <trkpt lat="52.037513333507384" lon="4.345170005863618">
    <ele>1.01</ele>
   </trkpt>
   <trkpt lat="52.03838666682431" lon="4.3450200058665756">
    <ele>0.9600000000000001</ele>
   </trkpt>
   <trkpt lat="52.039260000000006" lon="4.34487">
    <ele>1.07</ele>
   </trkpt>
   <trkpt lat="52.03982500000593" lon="4.344785001078086">
    <ele>1.04</ele>
   </trkpt>
   <trkpt lat="52.04039" lon="4.3447000000000005">
    <ele>1.12</ele>
   </trkpt>
   <trkpt lat="52.04073" lon="4.34463">
    <ele>1.25</ele>
   </trkpt>
   <trkpt lat="52.04077" lon="4.3447000000000005">
    <ele>1.25</ele>
   </trkpt>
   <trkpt lat="52.04077" lon="4.344740000000001">
    <ele>1.25</ele>
   </trkpt>
   <trkpt lat="52.04143000002378" lon="4.344615001853753">
    <ele>1.2300000000000002</ele>
   </trkpt>
   <trkpt lat="52.04209" lon="4.34449">
    <ele>1.3200000000000003</ele>
   </trkpt>
   <trkpt lat="52.04296" lon="4.344340000000001">
    <ele>1.29</ele>
   </trkpt>
   <trkpt lat="52.04348" lon="4.34433">
    <ele>1.29</ele>
   </trkpt>
   <trkpt lat="52.04415" lon="4.344250000000001">
    <ele>1.25</ele>
   </trkpt>
   <trkpt lat="52.04489" lon="4.34408">
    <ele>1.31</ele>
   </trkpt>
   <trkpt lat="52.04522000000001" lon="4.344">
    <ele>1.34</ele>
   </trkpt>
   <trkpt lat="52.04533000000001" lon="4.344">
    <ele>1.7000000000000002</ele>
   </trkpt>
   <trkpt lat="52.04603" lon="4.34388">
    <ele>1.93</ele>
   </trkpt>
   <trkpt lat="52.046240000000004" lon="4.343800000000001">
    <ele>1.6400000000000001</ele>
   </trkpt>
   <trkpt lat="52.04686999992664" lon="4.3437000014281075">
    <ele>1.3</ele>
   </trkpt>
   <trkpt lat="52.04750000000001" lon="4.3436">
    <ele>1.1300000000000001</ele>
   </trkpt>
   <trkpt lat="52.047700000000006" lon="4.343590000000001">
    <ele>1.12</ele>
   </trkpt>
   <trkpt lat="52.0478" lon="4.34363">
    <ele>1.12</ele>
   </trkpt>
   <trkpt lat="52.04818" lon="4.3436200000000005">
    <ele>1.08</ele>
   </trkpt>
   <trkpt lat="52.04847" lon="4.343590000000001">
    <ele>1.1500000000000001</ele>
   </trkpt>
   <trkpt lat="52.049080000000004" lon="4.34347">
    <ele>1.16</ele>
   </trkpt>
   <trkpt lat="52.0499" lon="4.34333">
    <ele>1.1500000000000001</ele>
   </trkpt>
   <trkpt lat="52.05066000000001" lon="4.3432900000000005">
    <ele>1.29</ele>
   </trkpt>
   <trkpt lat="52.050850000000004" lon="4.34332">
    <ele>1.27</ele>
   </trkpt>
   <trkpt lat="52.05086000000001" lon="4.343260000000001">
    <ele>1.1900000000000002</ele>
   </trkpt>
   <trkpt lat="52.050920000000005" lon="4.343240000000001">
    <ele>1.1900000000000002</ele>
   </trkpt>
   <trkpt lat="52.05129" lon="4.34332">
    <ele>0.62</ele>
   </trkpt>
   <trkpt lat="52.05185" lon="4.343520000000001">
    <ele>0.79</ele>
   </trkpt>
   <trkpt lat="52.05194" lon="4.343520000000001">
    <ele>0.9600000000000001</ele>
   </trkpt>
   <trkpt lat="52.05207000000001" lon="4.34351">
    <ele>1.08</ele>
   </trkpt>
   <trkpt lat="52.05228" lon="4.34354">
    <ele>1.2200000000000002</ele>
   </trkpt>
   <trkpt lat="52.05274000000001" lon="4.34368">
    <ele>1.3</ele>
   </trkpt>
   <trkpt lat="52.05293" lon="4.34377">
    <ele>1.28</ele>
   </trkpt>
   <trkpt lat="52.05315" lon="4.34401">
    <ele>1.2200000000000002</ele>
   </trkpt>
   <trkpt lat="52.053830000000005" lon="4.344790000000001">
    <ele>1.4400000000000002</ele>
   </trkpt>
   <trkpt lat="52.054400004879824" lon="4.345549980595844">
    <ele>1.28</ele>
   </trkpt>
   <trkpt lat="52.05497000487129" lon="4.346309980584126">
    <ele>1.27</ele>
   </trkpt>
   <trkpt lat="52.05554000000001" lon="4.34707">
    <ele>1.17</ele>
   </trkpt>
   <trkpt lat="52.0559200007324" lon="4.3475049962216525">
    <ele>1.18</ele>
   </trkpt>
   <trkpt lat="52.05630000000001" lon="4.34794">
    <ele>1.33</ele>
   </trkpt>
   <trkpt lat="52.05653" lon="4.34832">
    <ele>1.4900000000000002</ele>
   </trkpt>
   <trkpt lat="52.056540000000005" lon="4.34832">
    <ele>1.51</ele>
   </trkpt>
   <trkpt lat="52.05673" lon="4.3480300000000005">
    <ele>2.34</ele>
   </trkpt>
   <trkpt lat="52.057030000000005" lon="4.347440000000001">
    <ele>1.54</ele>
   </trkpt>
   <trkpt lat="52.05731" lon="4.34712">
    <ele>1.78</ele>
   </trkpt>
   <trkpt lat="52.0574" lon="4.34708">
    <ele>1.97</ele>
   </trkpt>
   <trkpt lat="52.057460000000006" lon="4.347">
    <ele>1.97</ele>
   </trkpt>
   <trkpt lat="52.05799666973427" lon="4.346396681177973">
    <ele>1.6400000000000001</ele>
   </trkpt>
   <trkpt lat="52.05853333638793" lon="4.345793347859489">
    <ele>1.55</ele>
   </trkpt>
   <trkpt lat="52.059070000000006" lon="4.3451900000000006">
    <ele>1.6400000000000001</ele>
   </trkpt>
   <trkpt lat="52.05955" lon="4.344670000000001">
    <ele>3.4600000000000004</ele>
   </trkpt>
   <trkpt lat="52.05962" lon="4.3445100000000005">
    <ele>3.8000000000000003</ele>
   </trkpt>
   <trkpt lat="52.05939000000001" lon="4.34415">
    <ele>3.85</ele>
   </trkpt>
   <trkpt lat="52.05937" lon="4.34384">
    <ele>3.6</ele>
   </trkpt>
   <trkpt lat="52.05933" lon="4.3437600000000005">
    <ele>3.36</ele>
   </trkpt>
   <trkpt lat="52.05990500249492" lon="4.34299500982299">
    <ele>2.17</ele>
   </trkpt>
   <trkpt lat="52.060480000000005" lon="4.342230000000001">
    <ele>2.19</ele>
   </trkpt>
   <trkpt lat="52.060930000000006" lon="4.34159">
    <ele>2.14</ele>
   </trkpt>
   <trkpt lat="52.06136000000001" lon="4.34091">
    <ele>2.0900000000000003</ele>
   </trkpt>
   <trkpt lat="52.06175" lon="4.34023">
    <ele>2.15</ele>
   </trkpt>
   <trkpt lat="52.06192000000001" lon="4.3399600000000005">
    <ele>2.15</ele>
   </trkpt>
   <trkpt lat="52.06260601176116" lon="4.339126051252657">
    <ele>2.0100000000000002</ele>
   </trkpt>
   <trkpt lat="52.06329201763652" lon="4.338292076886933">
    <ele>2.0500000000000003</ele>
   </trkpt>
   <trkpt lat="52.063978017625736" lon="4.337458076901629">
    <ele>1.97</ele>
   </trkpt>
   <trkpt lat="52.064664011728524" lon="4.336624051295544">
    <ele>1.98</ele>
   </trkpt>
   <trkpt lat="52.06535" lon="4.33579">
    <ele>2.02</ele>
   </trkpt>
   <trkpt lat="52.066025002865985" lon="4.334955012724994">
    <ele>1.99</ele>
   </trkpt>
   <trkpt lat="52.066700000000004" lon="4.33412">
    <ele>2.02</ele>
   </trkpt>
   <trkpt lat="52.06678" lon="4.334020000000001">
    <ele>2.04</ele>
   </trkpt>
   <trkpt lat="52.066900000000004" lon="4.333690000000001">
    <ele>2.04</ele>
   </trkpt>
   <trkpt lat="52.067220000000006" lon="4.33337">
    <ele>2.2600000000000002</ele>
   </trkpt>
   <trkpt lat="52.067460000000004" lon="4.3331100000000005">
    <ele>2.5100000000000002</ele>
   </trkpt>
   <trkpt lat="52.06749000000001" lon="4.33303">
    <ele>2.5100000000000002</ele>
   </trkpt>
   <trkpt lat="52.06761" lon="4.33222">
    <ele>2.5900000000000003</ele>
   </trkpt>
   <trkpt lat="52.06785000000001" lon="4.3319600000000005">
    <ele>2.7</ele>
   </trkpt>
   <trkpt lat="52.06759" lon="4.33143">
    <ele>2.25</ele>
   </trkpt>
   <trkpt lat="52.06719500433102" lon="4.3304199911039305">
    <ele>2.47</ele>
   </trkpt>
   <trkpt lat="52.06680000000001" lon="4.32941">
    <ele>2.45</ele>
   </trkpt>
   <trkpt lat="52.06665" lon="4.329070000000001">
    <ele>2.74</ele>
   </trkpt>
   <trkpt lat="52.066790000000005" lon="4.32897">
    <ele>3.37</ele>
   </trkpt>
   <trkpt lat="52.066790000000005" lon="4.328880000000001">
    <ele>3.37</ele>
   </trkpt>
   <trkpt lat="52.067400000000006" lon="4.32831">
    <ele>4.760000000000001</ele>
   </trkpt>
   <trkpt lat="52.0678050007764" lon="4.327890003778047">
    <ele>4.07</ele>
   </trkpt>
   <trkpt lat="52.06821000000001" lon="4.32747">
    <ele>3.25</ele>
   </trkpt>
   <trkpt lat="52.06881500102708" lon="4.326985006545636">
    <ele>3.08</ele>
   </trkpt>
   <trkpt lat="52.06942" lon="4.3265">
    <ele>3.16</ele>
   </trkpt>
   <trkpt lat="52.06967" lon="4.32627">
    <ele>3.0700000000000003</ele>
   </trkpt>
   <trkpt lat="52.06969" lon="4.32631">
    <ele>3.0700000000000003</ele>
   </trkpt>
   <trkpt lat="52.07011000000001" lon="4.32594">
    <ele>3.08</ele>
   </trkpt>
   <trkpt lat="52.07014" lon="4.3261400000000005">
    <ele>2.5900000000000003</ele>
   </trkpt>
   <trkpt lat="52.07020000000001" lon="4.32608">
    <ele>2.41</ele>
   </trkpt>
   <trkpt lat="52.07023" lon="4.32613">
    <ele>2.45</ele>
   </trkpt>
   <trkpt lat="52.07054" lon="4.32585">
    <ele>2.33</ele>
   </trkpt>
   <trkpt lat="52.070730000000005" lon="4.32565">
    <ele>2.0700000000000003</ele>
   </trkpt>
   <trkpt lat="52.070800000000006" lon="4.325550000000001">
    <ele>2.0100000000000002</ele>
   </trkpt>
   <trkpt lat="52.071250000000006" lon="4.32512">
    <ele>2.06</ele>
   </trkpt>
   <trkpt lat="52.07151" lon="4.32497">
    <ele>2.4000000000000004</ele>
   </trkpt>
   <trkpt lat="52.07202" lon="4.3245000000000005">
    <ele>2.7700000000000005</ele>
   </trkpt>
   <trkpt lat="52.07213" lon="4.324450000000001">
    <ele>2.9400000000000004</ele>
   </trkpt>
   <trkpt lat="52.071830000000006" lon="4.32413">
    <ele>3.4000000000000004</ele>
   </trkpt>
   <trkpt lat="52.07182" lon="4.32383">
    <ele>3.2700000000000005</ele>
   </trkpt>
   <trkpt lat="52.07143000000001" lon="4.32373">
    <ele>3.12</ele>
   </trkpt>
   <trkpt lat="52.0713" lon="4.32366">
    <ele>2.97</ele>
   </trkpt>
   <trkpt lat="52.07115" lon="4.3235">
    <ele>3.0100000000000002</ele>
   </trkpt>
   <trkpt lat="52.071180000000005" lon="4.32343">
    <ele>3.0100000000000002</ele>
   </trkpt>
   <trkpt lat="52.071360000000006" lon="4.323580000000001">
    <ele>3.0500000000000003</ele>
   </trkpt>
   <trkpt lat="52.07144" lon="4.32362">
    <ele>3.0500000000000003</ele>
   </trkpt>
   <trkpt lat="52.07157" lon="4.32366">
    <ele>3.1100000000000003</ele>
   </trkpt>
   <trkpt lat="52.07184" lon="4.323670000000001">
    <ele>3.17</ele>
   </trkpt>
   <trkpt lat="52.07195" lon="4.3236300000000005">
    <ele>2.9200000000000004</ele>
   </trkpt>
   <trkpt lat="52.07211" lon="4.323530000000001">
    <ele>2.71</ele>
   </trkpt>
   <trkpt lat="52.07247" lon="4.3230900000000005">
    <ele>3.1100000000000003</ele>
   </trkpt>
   <trkpt lat="52.07267" lon="4.32366">
    <ele>3.8300000000000005</ele>
   </trkpt>
   <trkpt lat="52.0728" lon="4.32383">
    <ele>4.07</ele>
   </trkpt>
   <trkpt lat="52.073130000000006" lon="4.32416">
    <ele>4.38</ele>
   </trkpt>
   <trkpt lat="52.073190000000004" lon="4.324070000000001">
    <ele>3.94</ele>
   </trkpt>
   <trkpt lat="52.073240000000006" lon="4.32394">
    <ele>3.69</ele>
   </trkpt>
   <trkpt lat="52.0735" lon="4.32348">
    <ele>3.2</ele>
   </trkpt>
   <trkpt lat="52.073820000000005" lon="4.32294">
    <ele>3.22</ele>
   </trkpt>
   <trkpt lat="52.07417000197939" lon="4.322260005286272">
    <ele>3.19</ele>
   </trkpt>
   <trkpt lat="52.07452000000001" lon="4.32158">
    <ele>3.33</ele>
   </trkpt>
   <trkpt lat="52.07475" lon="4.32117">
    <ele>3.9000000000000004</ele>
   </trkpt>
   <trkpt lat="52.07509" lon="4.32071">
    <ele>4.6000000000000005</ele>
   </trkpt>
   <trkpt lat="52.07513" lon="4.32063">
    <ele>4.62</ele>
   </trkpt>
   <trkpt lat="52.075140000000005" lon="4.320530000000001">
    <ele>4.62</ele>
   </trkpt>
   <trkpt lat="52.07504" lon="4.3197">
    <ele>4.410000000000001</ele>
   </trkpt>
   <trkpt lat="52.07509" lon="4.31956">
    <ele>4.3</ele>
   </trkpt>
   <trkpt lat="52.075475002203696" lon="4.3188500059923065">
    <ele>3.73</ele>
   </trkpt>
   <trkpt lat="52.075860000000006" lon="4.3181400000000005">
    <ele>3.89</ele>
   </trkpt>
   <trkpt lat="52.076100000000004" lon="4.31763">
    <ele>3.98</ele>
   </trkpt>
   <trkpt lat="52.07639500139588" lon="4.317065003646925">
    <ele>4.16</ele>
   </trkpt>
   <trkpt lat="52.076690000000006" lon="4.3165000000000004">
    <ele>4.410000000000001</ele>
   </trkpt>
   <trkpt lat="52.07709000243955" lon="4.315765006303112">
    <ele>4.3100000000000005</ele>
   </trkpt>
   <trkpt lat="52.077490000000004" lon="4.31503">
    <ele>4.73</ele>
   </trkpt>
   <trkpt lat="52.07753" lon="4.31515">
    <ele>4.73</ele>
   </trkpt>
  </trkseg>
 </trk>
</gpx>
